name,pubchem_cid,UMAP1,UMAP2,pubchem_cid_clean,name_clean,has_metal,metal_count,metal_symbols,metal_category,valid_smiles
be-2254,86308637.0,-3.300276,5.2703123,86308637,be-2254,False,0.0,,No metal,True
tasimelteon,10220503.0,-0.015905099,10.043601,10220503,tasimelteon,False,0.0,,No metal,True
esaxerenone,25052023.0,0.15769745,0.8099398,25052023,esaxerenone,False,0.0,,No metal,True
ixazomib-citrate,69040311.0,0.11083701,7.01108,69040311,ixazomib-citrate,False,0.0,,No metal,True
alendronate,44400013.0,2.149121,9.023217,44400013,alendronate,False,0.0,,No metal,True
dazmegrel,53555.0,-0.65329427,-0.48489133,53555,dazmegrel,False,0.0,,No metal,True
nobiletin,72344.0,-0.14589211,1.1144856,72344,nobiletin,False,0.0,,No metal,True
azd7986,118253852.0,-0.7036499,1.0732418,118253852,azd7986,False,0.0,,No metal,True
bebt-908,59474330.0,0.20159993,2.0228527,59474330,bebt-908,False,0.0,,No metal,True
nitromide,4511.0,-0.7322613,9.20026,4511,nitromide,False,0.0,,No metal,True
saroglitazar,60151560.0,0.73738253,0.9904721,60151560,saroglitazar,False,0.0,,No metal,True
l-368899,9872389.0,0.18123081,6.9700785,9872389,l-368899,False,0.0,,No metal,True
betamethasone-valerate,16533.0,1.1645255,7.4166017,16533,betamethasone-valerate,False,0.0,,No metal,True
2-methylimidazole,12749.0,-0.9272117,10.76582,12749,2-methylimidazole,False,0.0,,No metal,True
pnu-282987,9795278.0,-0.13270222,10.243255,9795278,pnu-282987,False,0.0,,No metal,True
kx2-391,23635314.0,0.07289195,0.6553226,23635314,kx2-391,False,0.0,,No metal,True
asivatrep,56649347.0,-1.643016,4.6673965,56649347,asivatrep,False,0.0,,No metal,True
diclofenac,3033.0,-3.8761578,4.8624134,3033,diclofenac,False,0.0,,No metal,True
emeramide,21133161.0,-0.708204,8.955778,21133161,emeramide,False,0.0,,No metal,True
hemado,10981286.0,-1.591014,6.152146,10981286,hemado,False,0.0,,No metal,True
proadifen,4910.0,-2.462529,4.1769423,4910,proadifen,False,0.0,,No metal,True
simvastatin,54454.0,1.7647945,7.464286,54454,simvastatin,False,0.0,,No metal,True
gabexate,3447.0,-0.013233839,8.392869,3447,gabexate,False,0.0,,No metal,True
cis-aconitic-acid,643757.0,2.5573575,9.1475,643757,cis-aconitic-acid,False,0.0,,No metal,True
thioperamide,6604452.0,2.914914,7.864267,6604452,thioperamide,False,0.0,,No metal,True
methicillin,6087.0,-0.23407619,8.373215,6087,methicillin,False,0.0,,No metal,True
capadenoson,9936489.0,2.3542602,1.7554185,9936489,capadenoson,False,0.0,,No metal,True
fluvoxamine,5324346.0,0.41312152,8.992327,5324346,fluvoxamine,False,0.0,,No metal,True
cp-316819,10273347.0,-0.46855012,0.93987536,10273347,cp-316819,False,0.0,,No metal,True
bay-11-7085,5353432.0,0.007868892,10.117116,5353432,bay-11-7085,False,0.0,,No metal,True
capsazepine,2733484.0,-2.8354461,4.995981,2733484,capsazepine,False,0.0,,No metal,True
montelukast,5281040.0,1.5527092,1.8015904,5281040,montelukast,False,0.0,,No metal,True
cgp-52411,1697.0,-0.32575023,0.26891714,1697,cgp-52411,False,0.0,,No metal,True
sym-2206,92209239.0,-2.4352024,5.2157207,92209239,sym-2206,False,0.0,,No metal,True
pac-1,9675990.0,-1.9939941,5.036384,9675990,pac-1,False,0.0,,No metal,True
tenofovir-disoproxil,5481350.0,-0.12259545,5.8795595,5481350,tenofovir-disoproxil,False,0.0,,No metal,True
relebactam,44129647.0,1.9056022,8.607127,44129647,relebactam,False,0.0,,No metal,True
cerulenin,5282054.0,2.7917926,8.540608,5282054,cerulenin,False,0.0,,No metal,True
gr-135531,4284525.0,-2.9758172,5.774575,4284525,gr-135531,False,0.0,,No metal,True
pipotiazine-palmitate,37767.0,1.2865082,6.189056,37767,pipotiazine-palmitate,False,0.0,,No metal,True
erlotinib,176870.0,-0.12664141,1.16434,176870,erlotinib,False,0.0,,No metal,True
farnesyl-thiosalicylic-acid-amide,25187973.0,1.6258749,6.7465835,25187973,farnesyl-thiosalicylic-acid-amide,False,0.0,,No metal,True
losmapimod,11552706.0,-2.5611475,4.9004154,11552706,losmapimod,False,0.0,,No metal,True
ru-42173,3086576.0,-3.4218745,5.9308915,3086576,ru-42173,False,0.0,,No metal,True
(r)-baclofen,6918881.0,-0.8401204,9.842445,6918881,(r)-baclofen,False,0.0,,No metal,True
raloxifene,5035.0,2.5902917,1.3292755,5035,raloxifene,False,0.0,,No metal,True
butaprost,5311035.0,1.4059168,7.0530615,5311035,butaprost,False,0.0,,No metal,True
aee788,10297043.0,2.8661702,1.3061895,10297043,aee788,False,0.0,,No metal,True
thiamet-g,24808478.0,2.13547,9.06104,24808478,thiamet-g,False,0.0,,No metal,True
mek1-2-inhibitor,54483521.0,-2.883912,5.013413,54483521,mek1-2-inhibitor,False,0.0,,No metal,True
abamectin,6858005.0,0.786092,5.7164373,6858005,abamectin,False,0.0,,No metal,True
gsk356278,10252640.0,2.6624339,1.8614452,10252640,gsk356278,False,0.0,,No metal,True
salinomycin,3085092.0,0.77481234,6.0362115,3085092,salinomycin,False,0.0,,No metal,True
riodoxol,152256.0,0.16809556,9.818859,152256,riodoxol,False,0.0,,No metal,True
umeclidinium,11519070.0,15.301702,3.9629164,11519070,umeclidinium,False,0.0,,No metal,True
a922500,24768273.0,0.42150483,0.72519135,24768273,a922500,False,0.0,,No metal,True
dextran,5460037.0,0.46389893,6.1533737,5460037,dextran,False,0.0,,No metal,True
pf-4191834,24986635.0,-0.032580353,0.20307246,24986635,pf-4191834,False,0.0,,No metal,True
ursodeoxycholyltaurine,9848818.0,0.99924034,7.3394756,9848818,ursodeoxycholyltaurine,False,0.0,,No metal,True
ethynodiol-diacetate,9270.0,2.341349,7.4201536,9270,ethynodiol-diacetate,False,0.0,,No metal,True
oxyclozanide,16779.0,-3.019553,4.214378,16779,oxyclozanide,False,0.0,,No metal,True
cb-5083,73051434.0,3.1758273,1.6779186,73051434,cb-5083,False,0.0,,No metal,True
pindolol-(-),688095.0,-3.3984172,5.3851295,688095,pindolol-(-),False,0.0,,No metal,True
ambrisentan,6918493.0,-0.14343892,0.5226611,6918493,ambrisentan,False,0.0,,No metal,True
sevoflurane,5206.0,3.442453,8.082492,5206,sevoflurane,False,0.0,,No metal,True
sulfacarbamide,11033.0,-1.2689307,8.919618,11033,sulfacarbamide,False,0.0,,No metal,True
r306465,10309899.0,-0.773217,1.1502466,10309899,r306465,False,0.0,,No metal,True
dimethyl-fumarate,637568.0,3.3101249,8.761007,637568,dimethyl-fumarate,False,0.0,,No metal,True
relugolix,10348973.0,2.016886,2.3275075,10348973,relugolix,False,0.0,,No metal,True
mirabegron,9865528.0,-0.48598638,1.130984,9865528,mirabegron,False,0.0,,No metal,True
sasapyrine,5161.0,-3.2968464,5.766788,5161,sasapyrine,False,0.0,,No metal,True
gdc-0927,87055263.0,0.45824245,0.9977359,87055263,gdc-0927,False,0.0,,No metal,True
gnf-2,5311510.0,-0.27167955,0.6430216,5311510,gnf-2,False,0.0,,No metal,True
mln0128,45375953.0,3.2768965,1.8583885,45375953,mln0128,False,0.0,,No metal,True
atropine-oxide,,-0.05011137,9.239068,,atropine-oxide,False,0.0,,No metal,True
buclizine,3246096.0,0.80470467,-0.0203114,3246096,buclizine,False,0.0,,No metal,True
bremelanotide,,0.7894534,5.0016103,,bremelanotide,False,0.0,,No metal,True
decamethoxine,,16.287558,3.8196073,,decamethoxine,False,0.0,,No metal,True
mofegiline,6437850.0,-0.17280751,10.536403,6437850,mofegiline,False,0.0,,No metal,True
cefditoren-pivoxil,6437877.0,-0.08458802,5.9559464,6437877,cefditoren-pivoxil,False,0.0,,No metal,True
bix-02189,,0.18520907,0.6491132,,bix-02189,False,0.0,,No metal,True
ly344864,5311097.0,-0.13756013,-0.36172318,5311097,ly344864,False,0.0,,No metal,True
fenebrutinib,86567195.0,1.9866481,2.0230026,86567195,fenebrutinib,False,0.0,,No metal,True
shikimic-acid,11332752.0,2.424371,9.270362,11332752,shikimic-acid,False,0.0,,No metal,True
tegaserod,135409453.0,-2.499266,5.4317956,135409453,tegaserod,False,0.0,,No metal,True
apramycin,3081545.0,0.46886432,6.140128,3081545,apramycin,False,0.0,,No metal,True
alizarin,6293.0,-3.5228193,5.9096737,6293,alizarin,False,0.0,,No metal,True
azd3965,10369242.0,-0.3986844,1.4450091,10369242,azd3965,False,0.0,,No metal,True
cid-5458317,,-3.5640664,5.069969,,cid-5458317,False,0.0,,No metal,True
roflumilast,449193.0,-2.3846958,4.230016,449193,roflumilast,False,0.0,,No metal,True
ssr128129e,11347895.0,-0.8641588,0.11750976,11347895,ssr128129e,False,0.0,,No metal,True
ombrabulin,6918405.0,-1.4525493,5.4637294,6918405,ombrabulin,False,0.0,,No metal,True
deferiprone,2972.0,-1.0858139,10.55948,2972,deferiprone,False,0.0,,No metal,True
cevimeline,18642481.0,3.235284,8.190571,18642481,cevimeline,False,0.0,,No metal,True
tc-f-2,25198728.0,2.7803783,2.717609,25198728,tc-f-2,False,0.0,,No metal,True
gsk269962,16095342.0,2.003541,2.3506088,16095342,gsk269962,False,0.0,,No metal,True
cgp-54626,197584.0,0.3820261,8.57963,197584,cgp-54626,False,0.0,,No metal,True
ticlopidine,5472.0,-4.0177913,4.3127403,5472,ticlopidine,False,0.0,,No metal,True
dofequidar,9960287.0,2.9113517,1.4526036,9960287,dofequidar,False,0.0,,No metal,True
tgx-221,51601993.0,-0.47867408,0.201997,51601993,tgx-221,False,0.0,,No metal,True
rs-100329,3567002.0,-2.12251,5.1513667,3567002,rs-100329,False,0.0,,No metal,True
sa-47,9840648.0,-0.122518025,8.685529,9840648,sa-47,False,0.0,,No metal,True
olopatadine,5281071.0,-2.9994936,4.6375594,5281071,olopatadine,False,0.0,,No metal,True
khellin,3828.0,-0.7602457,-0.6408253,3828,khellin,False,0.0,,No metal,True
osi-930,9868037.0,2.8744478,1.2322626,9868037,osi-930,False,0.0,,No metal,True
ammonium-lactate,10313098.0,2.8439846,9.271005,10313098,ammonium-lactate,False,0.0,,No metal,True
azd4573,124155204.0,-2.2842393,4.904917,124155204,azd4573,False,0.0,,No metal,True
cefoselis,9830520.0,-0.19545244,6.161176,9830520,cefoselis,False,0.0,,No metal,True
isoflurane,4369440.0,3.472941,8.145906,4369440,isoflurane,False,0.0,,No metal,True
cp-775146,10410059.0,-2.3334644,4.2077866,10410059,cp-775146,False,0.0,,No metal,True
n-methylpyrrolidone,13387.0,3.4959557,8.716881,13387,n-methylpyrrolidone,False,0.0,,No metal,True
clomifene,1548955.0,0.8015016,0.093064055,1548955,clomifene,False,0.0,,No metal,True
minerval,11066464.0,1.5732633,6.6896076,11066464,minerval,False,0.0,,No metal,True
pifithrin-alpha,4817.0,-3.760601,5.0085216,4817,pifithrin-alpha,False,0.0,,No metal,True
way-161503,6604916.0,-0.4926746,9.987499,6604916,way-161503,False,0.0,,No metal,True
palonosetron,6337614.0,0.23095167,10.075059,6337614,palonosetron,False,0.0,,No metal,True
quinethazone,6604207.0,-0.838938,9.010128,6604207,quinethazone,False,0.0,,No metal,True
xe-991,656732.0,3.4974103,1.1804701,656732,xe-991,False,0.0,,No metal,True
megestrol,19090.0,2.5720758,7.4986315,19090,megestrol,False,0.0,,No metal,True
ac-7954-(+/-),10937426.0,-3.410695,4.188469,10937426,ac-7954-(+/-),False,0.0,,No metal,True
edonerpic-maleate,9901946.0,-3.291017,4.7075787,9901946,edonerpic-maleate,False,0.0,,No metal,True
norcyclobenzaprine,9918.0,-3.8455298,4.2757344,9918,norcyclobenzaprine,False,0.0,,No metal,True
tucatinib,51039094.0,2.4328158,2.5661266,51039094,tucatinib,False,0.0,,No metal,True
ldn-209929,46871867.0,-0.15200016,-0.20474516,46871867,ldn-209929,False,0.0,,No metal,True
fosfructose,84951.0,1.5531365,8.771774,84951,fosfructose,False,0.0,,No metal,True
liothyronine,7048703.0,-1.419598,4.4291697,7048703,liothyronine,False,0.0,,No metal,True
deoxycorticosterone-acetate,5952.0,2.3106742,7.4257703,5952,deoxycorticosterone-acetate,False,0.0,,No metal,True
ganetespib,135564985.0,3.3410723,1.7482547,135564985,ganetespib,False,0.0,,No metal,True
epirizole,3242.0,-3.58306,5.8200464,3242,epirizole,False,0.0,,No metal,True
opc-21268,114904.0,-2.1159475,4.8105354,114904,opc-21268,False,0.0,,No metal,True
acrivastine,5284514.0,-2.795845,4.34994,5284514,acrivastine,False,0.0,,No metal,True
gsk1070916,46885626.0,2.4582791,2.6286943,46885626,gsk1070916,False,0.0,,No metal,True
zolmitriptan,60857.0,-3.3011103,5.410817,60857,zolmitriptan,False,0.0,,No metal,True
"2,4-dinitrochlorobenzene",6.0,-0.62007654,10.052166,6,"2,4-dinitrochlorobenzene",False,0.0,,No metal,True
astragaloside-a,13943299.0,0.87683254,5.467735,13943299,astragaloside-a,False,0.0,,No metal,True
chir-98014,53396311.0,2.3371983,1.8902191,53396311,chir-98014,False,0.0,,No metal,True
dizocilpine-(+),180081.0,-4.4004755,5.0818434,180081,dizocilpine-(+),False,0.0,,No metal,True
amineptine,38988248.0,-2.78759,4.463933,38988248,amineptine,False,0.0,,No metal,True
lb42708,10099206.0,2.6019955,2.7171588,10099206,lb42708,False,0.0,,No metal,True
p-dimethylinamyl-benzoate,26890.0,0.32316145,9.723491,26890,p-dimethylinamyl-benzoate,False,0.0,,No metal,True
tc2559,9823180.0,-0.12793307,9.89619,9823180,tc2559,False,0.0,,No metal,True
anisindione,2197.0,-4.0630107,5.0812273,2197,anisindione,False,0.0,,No metal,True
dmh1,50997747.0,2.817964,2.7042358,50997747,dmh1,False,0.0,,No metal,True
butabindide,9817923.0,-0.08874297,9.115507,9817923,butabindide,False,0.0,,No metal,True
way-100635,5684.0,-2.0982187,4.5721684,5684,way-100635,False,0.0,,No metal,True
pivmecillinam,,1.3297125,7.709174,,pivmecillinam,False,0.0,,No metal,True
lercanidipine,9809926.0,0.9013735,1.93048,9809926,lercanidipine,False,0.0,,No metal,True
asp-9521,25210792.0,-3.076349,5.2093525,25210792,asp-9521,False,0.0,,No metal,True
sb-452533,9842609.0,-2.7722094,4.495124,9842609,sb-452533,False,0.0,,No metal,True
resibufogenin,6917974.0,0.40733108,9.472199,6917974,resibufogenin,False,0.0,,No metal,True
vinburnine,71203.0,-4.047459,4.4335723,71203,vinburnine,False,0.0,,No metal,True
kl-001,1367681.0,3.301676,1.5891876,1367681,kl-001,False,0.0,,No metal,True
fenspiride,3344.0,-0.274043,10.018453,3344,fenspiride,False,0.0,,No metal,True
rimcazole,53389.0,-0.17000578,-0.5828204,53389,rimcazole,False,0.0,,No metal,True
cgp-78608,6604872.0,-2.4441535,6.028838,6604872,cgp-78608,False,0.0,,No metal,True
mn-64,2802462.0,-0.30046842,-0.78160113,2802462,mn-64,False,0.0,,No metal,True
liraglutide,16153050.0,1.0944667,4.731649,16153050,liraglutide,False,0.0,,No metal,True
inarigivir,,-0.07979733,5.9856663,,inarigivir,False,0.0,,No metal,True
bexagliflozin,25195624.0,-1.2720475,5.538881,25195624,bexagliflozin,False,0.0,,No metal,True
cinobufotalin,259776.0,0.75699085,7.7982492,259776,cinobufotalin,False,0.0,,No metal,True
alisertib,24771867.0,2.378956,1.6326834,24771867,alisertib,False,0.0,,No metal,True
butibufen,71314316.0,0.25891054,10.06839,71314316,butibufen,False,0.0,,No metal,True
miridesap,125516.0,1.9604014,8.437276,125516,miridesap,False,0.0,,No metal,True
efaroxan,11957548.0,-0.4030771,10.232519,11957548,efaroxan,False,0.0,,No metal,True
am-580,2126.0,-3.0379734,4.2013297,2126,am-580,False,0.0,,No metal,True
l-152804,969478.0,0.43546048,9.59515,969478,l-152804,False,0.0,,No metal,True
a61603,6604803.0,-0.5135946,8.878683,6604803,a61603,False,0.0,,No metal,True
tangeritin,68077.0,-0.21308607,0.8450323,68077,tangeritin,False,0.0,,No metal,True
kaempferol,5280863.0,-1.1730003,0.35015178,5280863,kaempferol,False,0.0,,No metal,True
nialamide,4472.0,-2.6476603,5.7831945,4472,nialamide,False,0.0,,No metal,True
efatutazone,76962475.0,2.4103286,1.6747644,76962475,efatutazone,False,0.0,,No metal,True
doxercalciferol,46931009.0,2.0474973,7.039718,46931009,doxercalciferol,False,0.0,,No metal,True
pf-06273340,66571548.0,2.637202,1.92304,66571548,pf-06273340,False,0.0,,No metal,True
cintirorgon,124126348.0,0.8318363,1.5588975,124126348,cintirorgon,False,0.0,,No metal,True
neridronic-acid,71237.0,1.9724241,8.911512,71237,neridronic-acid,False,0.0,,No metal,True
tyrphostin-ag-99,5328768.0,-1.2110157,9.103087,5328768,tyrphostin-ag-99,False,0.0,,No metal,True
nampt-in-1,92044379.0,-1.782574,5.556617,92044379,nampt-in-1,False,0.0,,No metal,True
vanillylacetone,31211.0,-0.46100193,10.232312,31211,vanillylacetone,False,0.0,,No metal,True
nsc-663284,379077.0,-0.28556857,9.07305,379077,nsc-663284,False,0.0,,No metal,True
sitaxentan,216235.0,-0.16537178,1.2339375,216235,sitaxentan,False,0.0,,No metal,True
osemozotan,198747.0,-2.2877321,4.8394265,198747,osemozotan,False,0.0,,No metal,True
drofenine,38988270.0,0.5619681,9.306516,38988270,drofenine,False,0.0,,No metal,True
semapimod,492132.0,0.52939415,5.342743,492132,semapimod,False,0.0,,No metal,True
erteberel,10286159.0,-3.6583002,4.990945,10286159,erteberel,False,0.0,,No metal,True
inc-280,25145656.0,2.9424043,2.6194155,25145656,inc-280,False,0.0,,No metal,True
acoziborole,44178354.0,-3.1851537,5.1655273,44178354,acoziborole,False,0.0,,No metal,True
merimepodib,153241.0,-0.09370111,1.5381318,153241,merimepodib,False,0.0,,No metal,True
bqu57,,-3.2196333,5.064159,,bqu57,False,0.0,,No metal,True
cnx-2006,56968072.0,0.32157862,1.8546989,56968072,cnx-2006,False,0.0,,No metal,True
s63845,122197581.0,1.8247668,2.658579,122197581,s63845,False,0.0,,No metal,True
estrone,5870.0,0.35780427,10.070025,5870,estrone,False,0.0,,No metal,True
fk-3311,164009.0,-2.841989,4.867742,164009,fk-3311,False,0.0,,No metal,True
tubocurarine,6000.0,15.319859,3.9448104,6000,tubocurarine,False,0.0,,No metal,True
clinofibrate,,-1.7070698,4.407301,,clinofibrate,False,0.0,,No metal,True
indirubin,,-3.6624537,5.6198263,,indirubin,False,0.0,,No metal,True
droxidopa,92974.0,-1.2570614,8.651926,92974,droxidopa,False,0.0,,No metal,True
amphotericin-b,91827561.0,0.89307195,5.4014397,91827561,amphotericin-b,False,0.0,,No metal,True
s18986,637863.0,-0.6821622,10.216973,637863,s18986,False,0.0,,No metal,True
luzindole,122162.0,-0.414605,-0.41421226,122162,luzindole,False,0.0,,No metal,True
posaconazole,468595.0,1.9402674,2.4793158,468595,posaconazole,False,0.0,,No metal,True
diphemanil,6127.0,15.228395,4.029846,6127,diphemanil,False,0.0,,No metal,True
methoxyamine,4113.0,3.4150295,9.021067,4113,methoxyamine,False,0.0,,No metal,True
perphenazine,4748.0,-2.4969687,4.3208556,4748,perphenazine,False,0.0,,No metal,True
ap-18,9584673.0,0.120000504,10.352035,9584673,ap-18,False,0.0,,No metal,True
isoleucine,76551.0,3.1165247,8.8844795,76551,isoleucine,False,0.0,,No metal,True
vlx600,6806409.0,3.3690596,1.8019313,6806409,vlx600,False,0.0,,No metal,True
lamivudine,60825.0,-1.050517,9.036563,60825,lamivudine,False,0.0,,No metal,True
hemomex-s,11468733.0,1.9469578,7.0910673,11468733,hemomex-s,False,0.0,,No metal,True
baloxavir-marboxil,124081896.0,-0.046801437,1.6471859,124081896,baloxavir-marboxil,False,0.0,,No metal,True
allylestrenol,235905.0,2.6736271,7.428576,235905,allylestrenol,False,0.0,,No metal,True
fulvestrant,57300161.0,1.4077315,6.324591,57300161,fulvestrant,False,0.0,,No metal,True
rwj-21757,135410906.0,-1.606453,6.563658,135410906,rwj-21757,False,0.0,,No metal,True
ttp-22,1536915.0,-0.21390496,-0.08557737,1536915,ttp-22,False,0.0,,No metal,True
jnj-26990990,11687376.0,-3.6355262,5.946967,11687376,jnj-26990990,False,0.0,,No metal,True
taurocholate,6675.0,0.8353514,7.3322816,6675,taurocholate,False,0.0,,No metal,True
acy-1215,53340666.0,0.17328218,1.4453105,53340666,acy-1215,False,0.0,,No metal,True
aniracetam,2196.0,-0.4651548,10.383731,2196,aniracetam,False,0.0,,No metal,True
nocodazole,4122.0,-0.8799927,0.035877425,4122,nocodazole,False,0.0,,No metal,True
tenofovir,464205.0,-2.3679848,6.2617154,464205,tenofovir,False,0.0,,No metal,True
opicapone,135565903.0,-0.5035197,1.265618,135565903,opicapone,False,0.0,,No metal,True
trans-2-undecenoic-acid,5282728.0,2.9661875,8.283543,5282728,trans-2-undecenoic-acid,False,0.0,,No metal,True
brefeldin-a,5287620.0,2.4101796,7.9709816,5287620,brefeldin-a,False,0.0,,No metal,True
xibenolol,12179892.0,-0.11547924,9.644918,12179892,xibenolol,False,0.0,,No metal,True
plx647,11545419.0,3.4372687,1.1965158,11545419,plx647,False,0.0,,No metal,True
ak-7,1328033.0,-2.6877704,4.36212,1328033,ak-7,False,0.0,,No metal,True
bi-2536,11364421.0,-1.2051586,5.1301737,11364421,bi-2536,False,0.0,,No metal,True
d-delta-tocopherol,92094.0,1.533441,6.4497886,92094,d-delta-tocopherol,False,0.0,,No metal,True
yk-4-279,93948843.0,-2.739281,5.1096177,93948843,yk-4-279,False,0.0,,No metal,True
ha-130,46911532.0,-0.04788937,1.2174728,46911532,ha-130,False,0.0,,No metal,True
pd-407824,4369491.0,3.410726,1.6683012,4369491,pd-407824,False,0.0,,No metal,True
bx-912,11754511.0,-0.21308672,1.3242104,11754511,bx-912,False,0.0,,No metal,True
itopride,3792.0,-2.1853707,4.733546,3792,itopride,False,0.0,,No metal,True
azm-475271,5330175.0,0.2189987,1.1585184,5330175,azm-475271,False,0.0,,No metal,True
cilazapril,56330.0,0.09609733,8.166243,56330,cilazapril,False,0.0,,No metal,True
methylprednisolone-sodium-succinate,16923.0,0.8210229,7.359818,16923,methylprednisolone-sodium-succinate,False,0.0,,No metal,True
benfluralin,2319.0,0.36612767,9.012233,2319,benfluralin,False,0.0,,No metal,True
"cp-105,696",9867257.0,0.56657445,0.46294048,9867257,"cp-105,696",False,0.0,,No metal,True
nedocromil,50294.0,-0.6949022,0.82117796,50294,nedocromil,False,0.0,,No metal,True
l-ergothioneine,3037043.0,14.977409,4.2624273,3037043,l-ergothioneine,False,0.0,,No metal,True
ikk-2-inhibitor,2807869.0,-3.682732,5.891431,2807869,ikk-2-inhibitor,False,0.0,,No metal,True
modaline,17860.0,-0.4197169,10.586796,17860,modaline,False,0.0,,No metal,True
ite,4668801.0,-0.8081665,-0.31094888,4668801,ite,False,0.0,,No metal,True
istaroxime,9841834.0,1.9256947,7.657707,9841834,istaroxime,False,0.0,,No metal,True
antimonyl,,-0.09451454,7.217558,,antimonyl,False,0.0,,No metal,True
ro-90-7501,824226.0,3.2551653,1.927428,824226,ro-90-7501,False,0.0,,No metal,True
edelfosine,6610230.0,15.429219,3.8725796,6610230,edelfosine,False,0.0,,No metal,True
t-5601640,9438169.0,-0.0029752369,0.43333063,9438169,t-5601640,False,0.0,,No metal,True
3-mppi,4013695.0,3.1499345,1.7630349,4013695,3-mppi,False,0.0,,No metal,True
asunaprevir,16076883.0,0.2813115,5.4981394,16076883,asunaprevir,False,0.0,,No metal,True
geniposide,107848.0,1.3418119,8.5251665,107848,geniposide,False,0.0,,No metal,True
jnj-38877605,46911863.0,2.9718678,2.6291022,46911863,jnj-38877605,False,0.0,,No metal,True
treprostinil,6918140.0,0.4185163,7.991309,6918140,treprostinil,False,0.0,,No metal,True
morphothiadin,129387808.0,-1.6696796,5.154927,129387808,morphothiadin,False,0.0,,No metal,True
shp099,118238298.0,-2.813903,5.2140703,118238298,shp099,False,0.0,,No metal,True
fimasartan,9870652.0,2.5630734,1.6130382,9870652,fimasartan,False,0.0,,No metal,True
amfenac,2136.0,-3.3458405,5.693086,2136,amfenac,False,0.0,,No metal,True
bismuth(iii)-trifluoromethanesulfonate,,1.3567836,7.728771,,bismuth(iii)-trifluoromethanesulfonate,True,1.0,Bi,Contains metal,True
mirin,137319711.0,-0.8080439,9.696631,137319711,mirin,False,0.0,,No metal,True
urb597,1383884.0,-2.7795873,4.98369,1383884,urb597,False,0.0,,No metal,True
atiprimod,129869.0,1.8685249,6.8166385,129869,atiprimod,False,0.0,,No metal,True
cyacetacide,8820.0,3.0772874,9.25787,8820,cyacetacide,False,0.0,,No metal,True
(r)-(-)-apomorphine,6005.0,-3.7280211,5.5801206,6005,(r)-(-)-apomorphine,False,0.0,,No metal,True
a12b4c3,,-0.9480048,4.882441,,a12b4c3,False,0.0,,No metal,True
sodium-nitrite,129009887.0,3.3085003,9.185508,129009887,sodium-nitrite,False,0.0,,No metal,True
iododexetimide,14479849.0,-2.5348344,4.4407854,14479849,iododexetimide,False,0.0,,No metal,True
ly404187,66857735.0,-2.8340065,4.6192822,66857735,ly404187,False,0.0,,No metal,True
fgin-1-27,132496.0,0.961687,0.6872235,132496,fgin-1-27,False,0.0,,No metal,True
apy0201,56927660.0,3.124002,1.7117018,56927660,apy0201,False,0.0,,No metal,True
ethoxzolamide,3295.0,-3.334927,6.0420084,3295,ethoxzolamide,False,0.0,,No metal,True
methyl-aminolevulinate,157922.0,2.8554928,9.029867,157922,methyl-aminolevulinate,False,0.0,,No metal,True
inx-08189,49862762.0,0.6522873,2.3456519,49862762,inx-08189,False,0.0,,No metal,True
nhi-2,51355147.0,-0.10711186,-0.4704371,51355147,nhi-2,False,0.0,,No metal,True
letrozole,3902.0,-0.77243006,-0.49665424,3902,letrozole,False,0.0,,No metal,True
dorsomorphin,11524144.0,3.2579563,1.3643737,11524144,dorsomorphin,False,0.0,,No metal,True
nadifloxacin,9850038.0,-2.7912295,5.5585256,9850038,nadifloxacin,False,0.0,,No metal,True
skf-81297,11957706.0,-3.5576193,5.6315804,11957706,skf-81297,False,0.0,,No metal,True
tolonium,91311512.0,15.120519,4.1347613,91311512,tolonium,False,0.0,,No metal,True
corticosterone,5753.0,2.038788,7.760051,5753,corticosterone,False,0.0,,No metal,True
kpt-276,71496742.0,-2.911798,4.3314695,71496742,kpt-276,False,0.0,,No metal,True
mozavaptan,11441742.0,0.5774334,0.3415012,11441742,mozavaptan,False,0.0,,No metal,True
ac-186,71245042.0,-3.7295616,4.190703,71245042,ac-186,False,0.0,,No metal,True
dspc,5313335.0,15.416982,3.8717222,5313335,dspc,False,0.0,,No metal,True
kifunensine,130611.0,1.9231008,9.238071,130611,kifunensine,False,0.0,,No metal,True
gdc-0941,17755052.0,2.7311904,1.9712327,17755052,gdc-0941,False,0.0,,No metal,True
oxyphenbutazone,448033.0,-3.0697393,4.78285,448033,oxyphenbutazone,False,0.0,,No metal,True
ec-144,11517212.0,-0.5526791,0.88364094,11517212,ec-144,False,0.0,,No metal,True
phenacaine,7588.0,-3.1391277,4.2214727,7588,phenacaine,False,0.0,,No metal,True
ravuconazole,467825.0,3.0187902,1.5467465,467825,ravuconazole,False,0.0,,No metal,True
bms-ccr2-22,24801690.0,-0.9170061,5.0339503,24801690,bms-ccr2-22,False,0.0,,No metal,True
act-132577,25099191.0,-0.16477196,1.6603315,25099191,act-132577,False,0.0,,No metal,True
kme-4,6438990.0,0.41186044,9.901894,6438990,kme-4,False,0.0,,No metal,True
ostarine,11326715.0,-2.1476943,5.321779,11326715,ostarine,False,0.0,,No metal,True
incb-3284,,-1.2382127,5.154414,,incb-3284,False,0.0,,No metal,True
cu-t12-9,91826088.0,-0.044811033,-0.08957161,91826088,cu-t12-9,False,0.0,,No metal,True
sulbutiamine,3002120.0,0.20091681,5.5831056,3002120,sulbutiamine,False,0.0,,No metal,True
ilaprazole,76968095.0,3.433268,1.5747204,76968095,ilaprazole,False,0.0,,No metal,True
tacedinaline,2746.0,-3.0806367,5.778966,2746,tacedinaline,False,0.0,,No metal,True
nbi-98782,14580381.0,0.25019,9.469413,14580381,nbi-98782,False,0.0,,No metal,True
clenbuterol,688428.0,-0.23923804,9.741199,688428,clenbuterol,False,0.0,,No metal,True
galidesivir,10445549.0,-1.7542884,6.6122026,10445549,galidesivir,False,0.0,,No metal,True
tg-003,1893668.0,0.13961741,10.073654,1893668,tg-003,False,0.0,,No metal,True
valrocemide,6918293.0,2.8747163,8.59166,6918293,valrocemide,False,0.0,,No metal,True
bosutinib,5328940.0,0.40847638,1.6140264,5328940,bosutinib,False,0.0,,No metal,True
parachlorophenol,4684.0,-0.5774049,10.854618,4684,parachlorophenol,False,0.0,,No metal,True
pyridoxamine,11205997.0,-1.323507,9.314016,11205997,pyridoxamine,False,0.0,,No metal,True
plurisin-1,225362.0,-3.7825534,5.823901,225362,plurisin-1,False,0.0,,No metal,True
fenbufen,3335.0,-3.6464946,4.9379,3335,fenbufen,False,0.0,,No metal,True
propranolol-(s),91536.0,-3.492067,5.29467,91536,propranolol-(s),False,0.0,,No metal,True
itx3,1362865.0,2.9895122,2.5881958,1362865,itx3,False,0.0,,No metal,True
sodium-danshensu,179536.0,-1.3504682,8.919535,179536,sodium-danshensu,False,0.0,,No metal,True
lupanine,91471.0,3.1248772,7.9429655,91471,lupanine,False,0.0,,No metal,True
isodibut,145949.0,-3.5607176,5.312725,145949,isodibut,False,0.0,,No metal,True
eliprodil,9798372.0,-3.2321844,4.274192,9798372,eliprodil,False,0.0,,No metal,True
gw-542573x,24885053.0,0.31329465,9.069061,24885053,gw-542573x,False,0.0,,No metal,True
ttnpb,5289501.0,-3.3001354,4.0380282,5289501,ttnpb,False,0.0,,No metal,True
riociguat,11304743.0,2.8064086,1.9501774,11304743,riociguat,False,0.0,,No metal,True
scopine,,3.3948374,8.809395,,scopine,False,0.0,,No metal,True
ko143,10322450.0,-1.6302651,5.0663867,10322450,ko143,False,0.0,,No metal,True
indium(iii)-isopropoxide,,3.1315293,8.786232,,indium(iii)-isopropoxide,True,1.0,In,Contains metal,True
pf-04620110,,-1.9654065,5.4532757,,pf-04620110,False,0.0,,No metal,True
e7449,135565981.0,-0.9287796,0.073264614,135565981,e7449,False,0.0,,No metal,True
benzoylpas,10718.0,-3.1124961,5.793992,10718,benzoylpas,False,0.0,,No metal,True
sj-733,89508529.0,0.29408342,0.5393061,89508529,sj-733,False,0.0,,No metal,True
fosfluconazole,214356.0,-0.78452855,1.0740739,214356,fosfluconazole,False,0.0,,No metal,True
istradefylline,5311037.0,-0.57225126,0.41431552,5311037,istradefylline,False,0.0,,No metal,True
amcasertib,122412734.0,2.2101247,1.6939112,122412734,amcasertib,False,0.0,,No metal,True
moxidectin,9832912.0,0.81704503,6.8967514,9832912,moxidectin,False,0.0,,No metal,True
ono-ae3-208,92978378.0,0.2667702,0.6599848,92978378,ono-ae3-208,False,0.0,,No metal,True
sb-415286,4210951.0,-2.1725698,5.654545,4210951,sb-415286,False,0.0,,No metal,True
tboa-(dl),90479771.0,-0.29669014,6.0782747,90479771,tboa-(dl),False,0.0,,No metal,True
cc-115,58298318.0,-2.133646,5.9427323,58298318,cc-115,False,0.0,,No metal,True
azd5069,56645576.0,-1.0755255,5.528989,56645576,azd5069,False,0.0,,No metal,True
blonanserin,125564.0,-3.2695286,4.102337,125564,blonanserin,False,0.0,,No metal,True
bp-554,134117.0,-2.6686554,4.5698495,134117,bp-554,False,0.0,,No metal,True
jhw-007,,-3.092648,3.9895778,,jhw-007,False,0.0,,No metal,True
diethylcarbamazine,3052.0,3.3193438,8.566047,3052,diethylcarbamazine,False,0.0,,No metal,True
glesatinib,25181472.0,2.0486407,2.482017,25181472,glesatinib,False,0.0,,No metal,True
ursolic-acid,64945.0,2.1064672,7.1642146,64945,ursolic-acid,False,0.0,,No metal,True
vesamicol,659840.0,0.21985243,10.206243,659840,vesamicol,False,0.0,,No metal,True
alovudine,33039.0,-1.0846362,9.275654,33039,alovudine,False,0.0,,No metal,True
pilocarpine,5910.0,-0.49985287,10.337368,5910,pilocarpine,False,0.0,,No metal,True
purvalanol-a,456214.0,-0.25212812,1.03751,456214,purvalanol-a,False,0.0,,No metal,True
benzethonium,2335.0,15.330762,3.9418604,2335,benzethonium,False,0.0,,No metal,True
mefloquine,40692.0,-3.067521,4.20511,40692,mefloquine,False,0.0,,No metal,True
deoxyarbutin,11521237.0,-0.30419838,10.264332,11521237,deoxyarbutin,False,0.0,,No metal,True
ly3214996,121408882.0,-0.33537534,1.409013,121408882,ly3214996,False,0.0,,No metal,True
ns-11021,24825677.0,0.4786691,0.70598876,24825677,ns-11021,False,0.0,,No metal,True
monocrotaline,9415.0,2.0780377,8.644876,9415,monocrotaline,False,0.0,,No metal,True
masoprocol,688035.0,-2.638046,5.4144564,688035,masoprocol,False,0.0,,No metal,True
squalamine,72495.0,0.7789388,6.1959558,72495,squalamine,False,0.0,,No metal,True
mc1568,71311876.0,-3.133387,5.3738394,71311876,mc1568,False,0.0,,No metal,True
targinine,46906075.0,2.2764251,9.08499,46906075,targinine,False,0.0,,No metal,True
xanthone,7020.0,-0.6708626,-0.8294133,7020,xanthone,False,0.0,,No metal,True
alantolactone,72724.0,3.143496,7.8760533,72724,alantolactone,False,0.0,,No metal,True
mibampator,9889366.0,-1.7533605,4.934874,9889366,mibampator,False,0.0,,No metal,True
karenitecin,148202.0,-0.030844642,0.50276864,148202,karenitecin,False,0.0,,No metal,True
sbe-13,4719406.0,0.5005232,1.1224834,4719406,sbe-13,False,0.0,,No metal,True
ozolinone,76959758.0,2.7618968,8.4949045,76959758,ozolinone,False,0.0,,No metal,True
kw-3902,,-2.878617,4.9417233,,kw-3902,False,0.0,,No metal,True
abt-491,154087.0,2.6986005,2.7160554,154087,abt-491,False,0.0,,No metal,True
nonivamide,2998.0,0.4132957,8.934701,2998,nonivamide,False,0.0,,No metal,True
chiniofon,1550821.0,-3.295065,5.9816666,1550821,chiniofon,False,0.0,,No metal,True
carbendazim,25429.0,-3.9462862,5.9644074,25429,carbendazim,False,0.0,,No metal,True
mercaptopurine,667490.0,-4.0563283,6.073401,667490,mercaptopurine,False,0.0,,No metal,True
6-aminopenicillanic-acid,7057887.0,2.6527033,9.104152,7057887,6-aminopenicillanic-acid,False,0.0,,No metal,True
acriflavine,452192.0,15.250915,3.996662,452192,acriflavine,False,0.0,,No metal,True
linezolid,441401.0,-0.16735859,9.09044,441401,linezolid,False,0.0,,No metal,True
trichlormethiazide,12444480.0,-0.5665116,8.655126,12444480,trichlormethiazide,False,0.0,,No metal,True
2-thiouracil,1269845.0,-1.3810935,10.17342,1269845,2-thiouracil,False,0.0,,No metal,True
methantheline,4097.0,15.264909,3.9932528,4097,methantheline,False,0.0,,No metal,True
3-indolebutyric-acid,8617.0,-3.9776635,5.4501233,8617,3-indolebutyric-acid,False,0.0,,No metal,True
dehydrocorydaline,34781.0,15.25682,3.998157,34781,dehydrocorydaline,False,0.0,,No metal,True
nu-2058,4564.0,-3.195489,6.078699,4564,nu-2058,False,0.0,,No metal,True
tmn-355,44249042.0,-0.048117757,-0.3359323,44249042,tmn-355,False,0.0,,No metal,True
dixyrazine,9932302.0,-1.9752419,4.584271,9932302,dixyrazine,False,0.0,,No metal,True
isosorbide-mononitrate,27661.0,2.4113984,8.963177,27661,isosorbide-mononitrate,False,0.0,,No metal,True
alosetron,2099.0,-0.67128885,-0.63320637,2099,alosetron,False,0.0,,No metal,True
editol,7014872.0,1.9897133,8.738071,7014872,editol,False,0.0,,No metal,True
s-38093,70941112.0,0.04150291,9.450321,70941112,s-38093,False,0.0,,No metal,True
gsk2816126,68210102.0,2.4597614,1.6393061,68210102,gsk2816126,False,0.0,,No metal,True
thiorphan,4369380.0,-0.6683972,9.185091,4369380,thiorphan,False,0.0,,No metal,True
antalarmin,177990.0,0.7505573,-0.082604095,177990,antalarmin,False,0.0,,No metal,True
hydroxychloroquine,12947.0,-2.2518113,4.6813107,12947,hydroxychloroquine,False,0.0,,No metal,True
hematoxylin,442514.0,-2.5665193,6.057323,442514,hematoxylin,False,0.0,,No metal,True
tetramisole,26879.0,-0.3048294,10.537348,26879,tetramisole,False,0.0,,No metal,True
slv-319-(+/-),9826744.0,0.44549182,0.4717172,9826744,slv-319-(+/-),False,0.0,,No metal,True
sapacitabine,153970.0,0.7725395,6.328667,153970,sapacitabine,False,0.0,,No metal,True
ataluren,11219835.0,-0.6978857,-0.4404039,11219835,ataluren,False,0.0,,No metal,True
l-glutamine,6992086.0,2.5808196,9.239697,6992086,l-glutamine,False,0.0,,No metal,True
prima1,322968.0,2.7446625,9.116726,322968,prima1,False,0.0,,No metal,True
filanesib,44224257.0,-2.1271703,4.6772704,44224257,filanesib,False,0.0,,No metal,True
ml133,781301.0,-0.06673458,-0.56668514,781301,ml133,False,0.0,,No metal,True
ouabain,11527152.0,0.06868705,6.36498,11527152,ouabain,False,0.0,,No metal,True
retapamulin,,1.4765382,7.4095583,,retapamulin,False,0.0,,No metal,True
tazobactam,123630.0,-0.852787,8.983374,123630,tazobactam,False,0.0,,No metal,True
tradipitant,9916461.0,2.3135145,2.4800963,9916461,tradipitant,False,0.0,,No metal,True
dpi-201106,10389826.0,2.836459,1.4321539,10389826,dpi-201106,False,0.0,,No metal,True
m-chlorophenylbiguanide,1354.0,-1.1434457,9.59615,1354,m-chlorophenylbiguanide,False,0.0,,No metal,True
metacresol,342.0,-0.7099766,10.865051,342,metacresol,False,0.0,,No metal,True
lobenzarit,3946.0,-2.974392,5.399829,3946,lobenzarit,False,0.0,,No metal,True
butalbital,2481.0,2.803317,8.63735,2481,butalbital,False,0.0,,No metal,True
cgp-74514,2794188.0,-0.44107744,0.882125,2794188,cgp-74514,False,0.0,,No metal,True
lanifibranor,68677842.0,3.1061687,1.3590223,68677842,lanifibranor,False,0.0,,No metal,True
ginkgolide-a,,0.14589116,7.4388695,,ginkgolide-a,False,0.0,,No metal,True
cs-110266,123692.0,-3.8077486,4.08176,123692,cs-110266,False,0.0,,No metal,True
vu0155069,25105713.0,3.173554,1.3742684,25105713,vu0155069,False,0.0,,No metal,True
lapatinib,208908.0,2.0547583,2.470744,208908,lapatinib,False,0.0,,No metal,True
fidaxomicin,10034073.0,0.811959,5.5437336,10034073,fidaxomicin,False,0.0,,No metal,True
beta-glycerophosphoric-acid,2526.0,2.347897,9.179787,2526,beta-glycerophosphoric-acid,False,0.0,,No metal,True
l-arginine,6322.0,2.2509327,9.086742,6322,l-arginine,False,0.0,,No metal,True
dipivefrine,969492.0,0.16007678,8.728102,969492,dipivefrine,False,0.0,,No metal,True
phthalylsulfacetamide,8574.0,-2.245261,5.803361,8574,phthalylsulfacetamide,False,0.0,,No metal,True
flumethasone,16490.0,1.6391875,7.8608756,16490,flumethasone,False,0.0,,No metal,True
n-salicoylaminophenol,4602.0,-3.5482645,5.8358297,4602,n-salicoylaminophenol,False,0.0,,No metal,True
ch5132799,49784945.0,-1.7973826,5.8615155,49784945,ch5132799,False,0.0,,No metal,True
ckd-712,9861304.0,-0.5862242,-0.26445022,9861304,ckd-712,False,0.0,,No metal,True
md-920,6466.0,1.751535,7.9742713,6466,md-920,False,0.0,,No metal,True
ns-3623,9954236.0,-0.16033457,0.5413124,9954236,ns-3623,False,0.0,,No metal,True
clobenpropit,2790.0,-2.6985261,5.2075953,2790,clobenpropit,False,0.0,,No metal,True
omtriptolide,6918522.0,0.8688477,7.474317,6918522,omtriptolide,False,0.0,,No metal,True
bms-649,127019.0,-2.9794533,4.1484427,127019,bms-649,False,0.0,,No metal,True
norfloxacin,6919051.0,-3.022014,5.8423924,6919051,norfloxacin,False,0.0,,No metal,True
carsalam,16258.0,-4.0710588,6.055822,16258,carsalam,False,0.0,,No metal,True
pf-04691502,,-0.539521,1.409473,,pf-04691502,False,0.0,,No metal,True
ncs-382,6604757.0,-0.5757341,9.986944,6604757,ncs-382,False,0.0,,No metal,True
ggti-298,9811606.0,0.14283866,1.5115914,9811606,ggti-298,False,0.0,,No metal,True
siponimod,44599207.0,0.91382015,1.0840989,44599207,siponimod,False,0.0,,No metal,True
bms-817378,44137813.0,2.1586528,1.8600354,44137813,bms-817378,False,0.0,,No metal,True
diftalone,30717.0,-4.284731,5.1798015,30717,diftalone,False,0.0,,No metal,True
doconexent-ethyl-ester,9831416.0,1.7054139,6.5402446,9831416,doconexent-ethyl-ester,False,0.0,,No metal,True
hycanthone,3634.0,-0.25283343,0.25902346,3634,hycanthone,False,0.0,,No metal,True
molindone,6604347.0,-0.123850636,9.862917,6604347,molindone,False,0.0,,No metal,True
cedrol-(+),65575.0,3.1926632,7.868188,65575,cedrol-(+),False,0.0,,No metal,True
dexchlorpheniramine,33036.0,-3.7397828,4.1853085,33036,dexchlorpheniramine,False,0.0,,No metal,True
cb-03-01,11750009.0,1.771113,7.562525,11750009,cb-03-01,False,0.0,,No metal,True
bilobalide,73581.0,1.9919544,8.6705065,73581,bilobalide,False,0.0,,No metal,True
latrepirdine,197033.0,-0.21038137,-0.69302887,197033,latrepirdine,False,0.0,,No metal,True
timolol,33624.0,-0.18554641,8.505574,33624,timolol,False,0.0,,No metal,True
eupatilin,5273755.0,-0.65924644,0.8226505,5273755,eupatilin,False,0.0,,No metal,True
yoda-1,2746822.0,-0.1989777,0.007881859,2746822,yoda-1,False,0.0,,No metal,True
ceramide,5497136.0,1.5051004,6.7834644,5497136,ceramide,False,0.0,,No metal,True
"n-methyl-(-)ephedrine-[1r,2s]",64782.0,-0.4653659,10.621872,64782,"n-methyl-(-)ephedrine-[1r,2s]",False,0.0,,No metal,True
palmatine-chloride,19009.0,15.250942,3.9877377,19009,palmatine-chloride,False,0.0,,No metal,True
nifedipine,4485.0,0.101914525,8.428846,4485,nifedipine,False,0.0,,No metal,True
nifekalant,4486.0,-1.4920104,5.485876,4486,nifekalant,False,0.0,,No metal,True
mephentermine,3677.0,-0.35133892,10.654242,3677,mephentermine,False,0.0,,No metal,True
cefotiam,43708.0,-0.22846505,6.18563,43708,cefotiam,False,0.0,,No metal,True
tetrahydrozoline,716128.0,-0.25744447,10.520779,716128,tetrahydrozoline,False,0.0,,No metal,True
misonidazole,73050801.0,-0.74818856,9.27832,73050801,misonidazole,False,0.0,,No metal,True
clavulanate,5280980.0,2.6239355,9.10295,5280980,clavulanate,False,0.0,,No metal,True
levopropoxyphene,133687039.0,-2.799312,4.1927924,133687039,levopropoxyphene,False,0.0,,No metal,True
dr-2313,135522417.0,-0.94114566,10.413574,135522417,dr-2313,False,0.0,,No metal,True
drospirenone,68873.0,2.4643073,7.436505,68873,drospirenone,False,0.0,,No metal,True
ave-0991,9851724.0,2.0777373,1.898752,9851724,ave-0991,False,0.0,,No metal,True
cts21166,445649.0,0.725438,5.215883,445649,cts21166,False,0.0,,No metal,True
lidamidine,47510.0,-1.0440689,9.697119,47510,lidamidine,False,0.0,,No metal,True
salidroside,159278.0,-0.73523,8.064311,159278,salidroside,False,0.0,,No metal,True
ornidazole,688540.0,-0.679483,9.492606,688540,ornidazole,False,0.0,,No metal,True
rad140,44200882.0,-0.34703383,1.1004828,44200882,rad140,False,0.0,,No metal,True
flubendazole,35802.0,-0.8308759,-0.03136689,35802,flubendazole,False,0.0,,No metal,True
cantharidin,5944.0,3.313501,8.629398,5944,cantharidin,False,0.0,,No metal,True
metirosine,6918925.0,-1.1984247,9.400333,6918925,metirosine,False,0.0,,No metal,True
glycopyrrolate,9933193.0,15.17551,4.0827565,9933193,glycopyrrolate,False,0.0,,No metal,True
nafamostat,4413.0,-0.74014276,0.81668764,4413,nafamostat,False,0.0,,No metal,True
aim-100,11501591.0,3.255445,1.2448455,11501591,aim-100,False,0.0,,No metal,True
n-acetylmannosamine,11869379.0,1.9498979,9.206937,11869379,n-acetylmannosamine,False,0.0,,No metal,True
bms-182874,122272.0,-0.497068,0.14288324,122272,bms-182874,False,0.0,,No metal,True
stetaderm,92730.0,2.6258433,7.533968,92730,stetaderm,False,0.0,,No metal,True
cefuroxime,5479529.0,-0.20423521,7.182843,5479529,cefuroxime,False,0.0,,No metal,True
aminothiazole,2155.0,-1.082798,10.602378,2155,aminothiazole,False,0.0,,No metal,True
doxylamine,43833352.0,-3.519461,4.413076,43833352,doxylamine,False,0.0,,No metal,True
icariin,5318997.0,0.17093496,5.7470264,5318997,icariin,False,0.0,,No metal,True
pi-828,25181195.0,-0.79408556,-0.08084182,25181195,pi-828,False,0.0,,No metal,True
nxy-059,6913176.0,-0.5689557,8.702102,6913176,nxy-059,False,0.0,,No metal,True
f-11440,208928.0,-2.1048038,5.672196,208928,f-11440,False,0.0,,No metal,True
azd1283,23649325.0,-1.3396765,5.3437457,23649325,azd1283,False,0.0,,No metal,True
ly2109761,11655119.0,3.0778444,1.568931,11655119,ly2109761,False,0.0,,No metal,True
ym-201636,9956222.0,2.5562823,2.467131,9956222,ym-201636,False,0.0,,No metal,True
tinoridine,5480.0,-3.0564258,4.9752264,5480,tinoridine,False,0.0,,No metal,True
aloxistatin,65663.0,1.8832569,8.478291,65663,aloxistatin,False,0.0,,No metal,True
anagrelide,135409400.0,-0.47087273,10.219924,135409400,anagrelide,False,0.0,,No metal,True
dibenzothiophene,3023.0,-0.50458795,-0.8504919,3023,dibenzothiophene,False,0.0,,No metal,True
bu-224,2457.0,-4.24725,5.6845074,2457,bu-224,False,0.0,,No metal,True
brivanib,11234052.0,3.3292654,1.696571,11234052,brivanib,False,0.0,,No metal,True
talmapimod,9871074.0,0.34223992,0.47316405,9871074,talmapimod,False,0.0,,No metal,True
pf-06412562,74223726.0,3.5212915,1.5492322,74223726,pf-06412562,False,0.0,,No metal,True
kynurenic-acid,3845.0,-3.9911377,5.9659142,3845,kynurenic-acid,False,0.0,,No metal,True
denopamine,5311064.0,-2.232228,5.3543773,5311064,denopamine,False,0.0,,No metal,True
pifithrin-cyclic,443278.0,-0.372806,-0.8312838,443278,pifithrin-cyclic,False,0.0,,No metal,True
fusidic-acid,3000226.0,1.7099956,7.1466293,3000226,fusidic-acid,False,0.0,,No metal,True
scriptaid,5186.0,-2.639399,5.355435,5186,scriptaid,False,0.0,,No metal,True
gpi-688,24901657.0,-0.66426665,0.9662171,24901657,gpi-688,False,0.0,,No metal,True
mrs-3777,11771279.0,-0.62595016,0.01239344,11771279,mrs-3777,False,0.0,,No metal,True
kd-023,115175.0,1.5261893,6.554881,115175,kd-023,False,0.0,,No metal,True
dolutegravir,54726191.0,-2.2111921,5.681813,54726191,dolutegravir,False,0.0,,No metal,True
purmorphamine,5284329.0,2.3403187,2.5678403,5284329,purmorphamine,False,0.0,,No metal,True
pha-568487,9932000.0,-0.25942105,9.588041,9932000,pha-568487,False,0.0,,No metal,True
ripretinib,71584930.0,2.7101002,1.410208,71584930,ripretinib,False,0.0,,No metal,True
nitrofurantoin,6604200.0,-0.7172441,9.134019,6604200,nitrofurantoin,False,0.0,,No metal,True
skf-77434,6603997.0,-3.452163,5.2310424,6603997,skf-77434,False,0.0,,No metal,True
2-chloropyrazine,73277.0,-0.8751816,10.713617,73277,2-chloropyrazine,False,0.0,,No metal,True
oxytetracycline,,-0.21233681,6.6609607,,oxytetracycline,False,0.0,,No metal,True
azd7687,,-2.4961376,5.144678,,azd7687,False,0.0,,No metal,True
l-701324,54682505.0,3.5017889,1.1887234,54682505,l-701324,False,0.0,,No metal,True
nqdi-1,5522952.0,-0.71733546,-0.41091087,5522952,nqdi-1,False,0.0,,No metal,True
pf-4981517,71315139.0,3.092827,1.6097678,71315139,pf-4981517,False,0.0,,No metal,True
lithocholic-acid,9903.0,2.104675,7.1413593,9903,lithocholic-acid,False,0.0,,No metal,True
betahistine,2366.0,-0.81788623,10.666223,2366,betahistine,False,0.0,,No metal,True
ehop-016,51031035.0,2.825592,1.4081094,51031035,ehop-016,False,0.0,,No metal,True
gka-50,11340230.0,0.321571,1.4765319,11340230,gka-50,False,0.0,,No metal,True
oac2,2814138.0,-0.5372084,-0.74758315,2814138,oac2,False,0.0,,No metal,True
iwp-l6,71601111.0,2.8673825,1.4412047,71601111,iwp-l6,False,0.0,,No metal,True
treosulfan,9882105.0,2.023358,8.781206,9882105,treosulfan,False,0.0,,No metal,True
temsirolimus,134812825.0,0.794155,5.6280217,134812825,temsirolimus,False,0.0,,No metal,True
phenylpiracetam,781884.0,-0.8945443,9.946496,781884,phenylpiracetam,False,0.0,,No metal,True
gilteritinib,49803313.0,-0.6121142,5.627019,49803313,gilteritinib,False,0.0,,No metal,True
moexipril,91270.0,-0.9923707,5.34343,91270,moexipril,False,0.0,,No metal,True
velneperit,,0.24584994,9.018307,,velneperit,False,0.0,,No metal,True
voglibose,444020.0,1.6546807,8.9837265,444020,voglibose,False,0.0,,No metal,True
esculin,5281417.0,-1.599766,6.5504913,5281417,esculin,False,0.0,,No metal,True
st-2825,24808138.0,-1.1582335,5.07666,24808138,st-2825,False,0.0,,No metal,True
st-1535,9860294.0,-1.0403572,0.1350138,9860294,st-1535,False,0.0,,No metal,True
gsk1838705a,25182616.0,2.2557893,1.8927343,25182616,gsk1838705a,False,0.0,,No metal,True
bafilomycin-a1,90656913.0,0.6950873,6.7926273,90656913,bafilomycin-a1,False,0.0,,No metal,True
rivaroxaban,9875401.0,-2.080992,5.2422657,9875401,rivaroxaban,False,0.0,,No metal,True
mizoribine,11949547.0,1.8654706,9.162513,11949547,mizoribine,False,0.0,,No metal,True
oxotremorine-sesquifumarate,4630.0,3.3386781,8.544424,4630,oxotremorine-sesquifumarate,False,0.0,,No metal,True
scabertopin,93959111.0,1.8687296,7.7149277,93959111,scabertopin,False,0.0,,No metal,True
sodium-gluconate,10690.0,1.7864684,9.153401,10690,sodium-gluconate,False,0.0,,No metal,True
ly2140023,9834591.0,2.190424,9.0701275,9834591,ly2140023,False,0.0,,No metal,True
lu-aa-47070,,-1.6493958,5.315961,,lu-aa-47070,False,0.0,,No metal,True
sulconazole,6604421.0,0.78609514,-0.10593245,6604421,sulconazole,False,0.0,,No metal,True
vanitiolide,72146.0,-0.43996996,9.990133,72146,vanitiolide,False,0.0,,No metal,True
ve-821,51000408.0,-0.75492764,0.8659777,51000408,ve-821,False,0.0,,No metal,True
cp-471474,9907286.0,-2.2186744,5.6114,9907286,cp-471474,False,0.0,,No metal,True
artesunate,6917864.0,1.3968755,7.72543,6917864,artesunate,False,0.0,,No metal,True
bms-779788,59251511.0,2.7633054,1.2556658,59251511,bms-779788,False,0.0,,No metal,True
ampiroxicam,25273583.0,-1.6037008,5.4075446,25273583,ampiroxicam,False,0.0,,No metal,True
bq-788,5311032.0,-0.34355855,5.1178718,5311032,bq-788,False,0.0,,No metal,True
romidepsin,56840936.0,0.7394319,7.226935,56840936,romidepsin,False,0.0,,No metal,True
rv1729,52913198.0,1.8705232,2.5960536,52913198,rv1729,False,0.0,,No metal,True
cariprazine,,0.5453597,9.32609,,cariprazine,False,0.0,,No metal,True
ethimizol,6168.0,-1.1681587,9.531738,6168,ethimizol,False,0.0,,No metal,True
jnj-7706621,5330790.0,-0.7919317,1.1463673,5330790,jnj-7706621,False,0.0,,No metal,True
lurasidone,213046.0,-1.8412737,4.5918016,213046,lurasidone,False,0.0,,No metal,True
pi4kiii-beta-inhibitor-1,71549093.0,0.022958064,1.5283047,71549093,pi4kiii-beta-inhibitor-1,False,0.0,,No metal,True
phenyl-salicylate,8361.0,-4.099683,5.246466,8361,phenyl-salicylate,False,0.0,,No metal,True
alafosfalin,71957.0,2.3701055,9.142689,71957,alafosfalin,False,0.0,,No metal,True
cobimetinib,16222096.0,-1.8724868,4.711981,16222096,cobimetinib,False,0.0,,No metal,True
bhq,2374.0,0.17947377,10.267238,2374,bhq,False,0.0,,No metal,True
cyanocobalamin,,0.9564551,4.9036694,,cyanocobalamin,True,1.0,Co,Contains metal,True
arbidol,28446253.0,0.5321201,0.72503746,28446253,arbidol,False,0.0,,No metal,True
o-1918,40469923.0,0.57651347,9.701501,40469923,o-1918,False,0.0,,No metal,True
mira-1,227681.0,3.023828,8.741439,227681,mira-1,False,0.0,,No metal,True
oxymatrine,24864132.0,3.0643787,7.9241076,24864132,oxymatrine,False,0.0,,No metal,True
nu-6027,398148.0,-0.5495982,8.994893,398148,nu-6027,False,0.0,,No metal,True
doxapram,28248394.0,-2.9574354,4.310717,28248394,doxapram,False,0.0,,No metal,True
rasagiline,3052776.0,-0.4472241,10.710402,3052776,rasagiline,False,0.0,,No metal,True
titanocene-dichloride,11075829.0,3.1423397,7.8127522,11075829,titanocene-dichloride,True,1.0,Ti,Contains metal,True
cipemastat,9824350.0,1.2416031,7.617629,9824350,cipemastat,False,0.0,,No metal,True
motapizone,,-3.5241668,5.890961,,motapizone,False,0.0,,No metal,True
mrs-1845,92220886.0,0.27108687,8.404735,92220886,mrs-1845,False,0.0,,No metal,True
hyaluronic-acid,6852395.0,0.28223038,6.488538,6852395,hyaluronic-acid,False,0.0,,No metal,True
alectinib,49806720.0,0.31541052,0.59048086,49806720,alectinib,False,0.0,,No metal,True
sertindole,60149.0,0.39269558,0.20421267,60149,sertindole,False,0.0,,No metal,True
ceftaroline-fosamil,10033059.0,14.722301,4.002929,10033059,ceftaroline-fosamil,False,0.0,,No metal,True
rolitetracycline,,-0.14958645,6.5482497,,rolitetracycline,False,0.0,,No metal,True
benzoic-acid,243.0,-0.70012003,10.854782,243,benzoic-acid,False,0.0,,No metal,True
olsalazine,,-2.4038014,5.7514434,,olsalazine,False,0.0,,No metal,True
cabozantinib,25102847.0,2.351288,1.6035312,25102847,cabozantinib,False,0.0,,No metal,True
stigmasterol,5280794.0,2.0815103,6.9393044,5280794,stigmasterol,False,0.0,,No metal,True
thz2,78357763.0,2.1734946,2.4558082,78357763,thz2,False,0.0,,No metal,True
ym-58483,2455.0,-0.04266077,0.30679816,2455,ym-58483,False,0.0,,No metal,True
pd-161570,5328135.0,0.5912695,1.4908166,5328135,pd-161570,False,0.0,,No metal,True
olda,5282106.0,1.4043134,6.4435015,5282106,olda,False,0.0,,No metal,True
gw-842166,10253143.0,-2.0080266,4.687797,10253143,gw-842166,False,0.0,,No metal,True
alpha-methylserotonin,14083218.0,-3.9042687,5.9743376,14083218,alpha-methylserotonin,False,0.0,,No metal,True
simurosertib,136443810.0,-0.87157685,0.0349321,136443810,simurosertib,False,0.0,,No metal,True
tak-632,46209401.0,2.1977556,1.6675963,46209401,tak-632,False,0.0,,No metal,True
droxicam,65679.0,-0.95532537,0.35348612,65679,droxicam,False,0.0,,No metal,True
eticlopride,57267.0,0.12725943,9.0313635,57267,eticlopride,False,0.0,,No metal,True
delapril,5362116.0,-1.5707706,5.0270114,5362116,delapril,False,0.0,,No metal,True
ly255283,122023.0,-1.7819307,5.0757637,122023,ly255283,False,0.0,,No metal,True
varespladib,155815.0,-0.4887645,0.91331774,155815,varespladib,False,0.0,,No metal,True
mg-132,462382.0,0.45390564,7.608447,462382,mg-132,False,0.0,,No metal,True
tromaril,31635.0,-3.5957785,5.2621937,31635,tromaril,False,0.0,,No metal,True
tubastatin-a,49850262.0,-0.74539274,-0.158994,49850262,tubastatin-a,False,0.0,,No metal,True
tak-875,24857286.0,0.63943374,1.4253683,24857286,tak-875,False,0.0,,No metal,True
daidzein,5281708.0,-0.9264177,-0.3319005,5281708,daidzein,False,0.0,,No metal,True
selegiline,26757.0,-0.25870422,10.645333,26757,selegiline,False,0.0,,No metal,True
terlipressin,133566182.0,0.9984687,4.848106,133566182,terlipressin,False,0.0,,No metal,True
leucylleucine-methyl-ester,7016877.0,2.4370165,8.570802,7016877,leucylleucine-methyl-ester,False,0.0,,No metal,True
camkii-in-1,50898538.0,2.201042,1.6947397,50898538,camkii-in-1,False,0.0,,No metal,True
procaine,4914.0,-0.14629205,9.462098,4914,procaine,False,0.0,,No metal,True
etacrynic-acid,3278.0,0.22112794,9.548557,3278,etacrynic-acid,False,0.0,,No metal,True
efloxate,8395.0,-0.3567891,0.060696952,8395,efloxate,False,0.0,,No metal,True
way-213613,11531745.0,-2.2434156,5.3187447,11531745,way-213613,False,0.0,,No metal,True
equol,91469.0,-3.7611573,5.632887,91469,equol,False,0.0,,No metal,True
hydrocortisone-hemisuccinate,16623.0,0.90450454,7.3947473,16623,hydrocortisone-hemisuccinate,False,0.0,,No metal,True
febuxostat,134018.0,-2.7549057,4.949156,134018,febuxostat,False,0.0,,No metal,True
ethisterone,5284557.0,2.7878451,7.4782753,5284557,ethisterone,False,0.0,,No metal,True
isoflurophate,5936.0,3.1665654,8.238586,5936,isoflurophate,False,0.0,,No metal,True
tartaric-acid,444305.0,2.3465092,9.24541,444305,tartaric-acid,False,0.0,,No metal,True
asp3026,25134326.0,0.42020643,2.0057487,25134326,asp3026,False,0.0,,No metal,True
bvd-523,11719003.0,-0.08975331,0.8944799,11719003,bvd-523,False,0.0,,No metal,True
biperiden,12147323.0,0.5370582,9.710209,12147323,biperiden,False,0.0,,No metal,True
dicloralurea,7059662.0,2.2246876,8.295836,7059662,dicloralurea,False,0.0,,No metal,True
grazoprevir,44603531.0,0.38273805,5.5185757,44603531,grazoprevir,False,0.0,,No metal,True
pnu-120596,311434.0,-2.7301726,5.366184,311434,pnu-120596,False,0.0,,No metal,True
exalamide,3316.0,0.16178466,9.857706,3316,exalamide,False,0.0,,No metal,True
skf-83566,6604885.0,-3.9116645,4.6125193,6604885,skf-83566,False,0.0,,No metal,True
dimethindene-(s)-(+),6604866.0,-3.6914499,4.0844393,6604866,dimethindene-(s)-(+),False,0.0,,No metal,True
papaverine,4680.0,-0.028675543,0.04894781,4680,papaverine,False,0.0,,No metal,True
itacitinib,53380437.0,2.647113,1.7637451,53380437,itacitinib,False,0.0,,No metal,True
vuf10460,25129523.0,-3.4972928,5.7942324,25129523,vuf10460,False,0.0,,No metal,True
flecainide,46864232.0,0.27911502,8.867873,46864232,flecainide,False,0.0,,No metal,True
cycloheximide,6197.0,2.476762,8.4533205,6197,cycloheximide,False,0.0,,No metal,True
psb-1115,5311479.0,-0.83369046,0.87497276,5311479,psb-1115,False,0.0,,No metal,True
ibmx,3758.0,-3.7156765,6.1416335,3758,ibmx,False,0.0,,No metal,True
sb-328437,10474776.0,-0.30958366,0.5350651,10474776,sb-328437,False,0.0,,No metal,True
8-bromo-camp,32014.0,-1.6716248,6.3184,32014,8-bromo-camp,False,0.0,,No metal,True
rs-16566,6604794.0,-3.301721,4.927589,6604794,rs-16566,False,0.0,,No metal,True
7-methoxytacrine,119053.0,-4.1021447,5.262889,119053,7-methoxytacrine,False,0.0,,No metal,True
gsk2330672,53492727.0,-0.5226092,5.3695464,53492727,gsk2330672,False,0.0,,No metal,True
mesna,598.0,3.2235255,9.07584,598,mesna,False,0.0,,No metal,True
pralidoxime-chloride,54072659.0,14.97386,4.2923207,54072659,pralidoxime-chloride,False,0.0,,No metal,True
basic-fuchsin,12448.0,-2.9940794,5.147888,12448,basic-fuchsin,False,0.0,,No metal,True
bay-87-2243,67377767.0,2.5220232,1.6958438,67377767,bay-87-2243,False,0.0,,No metal,True
vardenafil,135400189.0,-0.3026845,1.4529271,135400189,vardenafil,False,0.0,,No metal,True
bacitracin-zinc,,1.0239421,4.8106747,,bacitracin-zinc,True,1.0,Zn,Contains metal,True
mk-8745,11676373.0,0.008144556,0.622676,11676373,mk-8745,False,0.0,,No metal,True
hexestrol,192197.0,-3.877127,4.822471,192197,hexestrol,False,0.0,,No metal,True
erythritol,222285.0,2.3927357,9.254672,222285,erythritol,False,0.0,,No metal,True
deoxyepinephrine,4382.0,-1.2590951,9.553829,4382,deoxyepinephrine,False,0.0,,No metal,True
arc-239,609483.0,-2.3501577,4.682928,609483,arc-239,False,0.0,,No metal,True
fexofenadine,6603853.0,0.5833864,1.2840112,6603853,fexofenadine,False,0.0,,No metal,True
ar-a014418,448014.0,-2.568401,5.64715,448014,ar-a014418,False,0.0,,No metal,True
cf102,3035850.0,-0.5639873,1.521909,3035850,cf102,False,0.0,,No metal,True
calcium-gluceptate,25588.0,1.6703919,9.032815,25588,calcium-gluceptate,False,0.0,,No metal,True
parthenolide,6473881.0,2.993344,7.854292,6473881,parthenolide,False,0.0,,No metal,True
epz005687,60160561.0,2.4815342,1.5450531,60160561,epz005687,False,0.0,,No metal,True
chlortetracycline,,-0.16635275,7.05815,,chlortetracycline,False,0.0,,No metal,True
buthionine-sulfoximine,1548918.0,2.389463,8.803823,1548918,buthionine-sulfoximine,False,0.0,,No metal,True
tiotidine,50287.0,-0.61420923,8.259115,50287,tiotidine,False,0.0,,No metal,True
tofisopam,129009868.0,-2.1433926,4.6415033,129009868,tofisopam,False,0.0,,No metal,True
az7550,71496459.0,2.3434737,1.7512989,71496459,az7550,False,0.0,,No metal,True
benzyldimethyloctylammonium,13741.0,15.292419,3.9776323,13741,benzyldimethyloctylammonium,False,0.0,,No metal,True
oltipraz,47318.0,-4.0685244,5.1100936,47318,oltipraz,False,0.0,,No metal,True
lrrk2-in-1,46843906.0,0.2002667,1.8205684,46843906,lrrk2-in-1,False,0.0,,No metal,True
t-1095,6918410.0,0.16730309,2.1257887,6918410,t-1095,False,0.0,,No metal,True
gr-144053,173614.0,-0.368541,8.458782,173614,gr-144053,False,0.0,,No metal,True
ro-15-4513,5081.0,-2.8205075,5.259841,5081,ro-15-4513,False,0.0,,No metal,True
ta-01,91691129.0,3.5724316,1.1624632,91691129,ta-01,False,0.0,,No metal,True
edaravone,70335.0,-4.381086,5.550992,70335,edaravone,False,0.0,,No metal,True
mk-0557,,-0.26765823,0.44908175,,mk-0557,False,0.0,,No metal,True
zk-200775,208953.0,-2.243212,5.85321,208953,zk-200775,False,0.0,,No metal,True
pexidartinib,25151352.0,3.2959607,1.2218363,25151352,pexidartinib,False,0.0,,No metal,True
ledipasvir,67505836.0,1.7850492,2.709802,67505836,ledipasvir,False,0.0,,No metal,True
brd9876,613000.0,-4.171646,4.68535,613000,brd9876,False,0.0,,No metal,True
drotaverine,13492.0,-1.9777448,4.3621926,13492,drotaverine,False,0.0,,No metal,True
skf-91488,5227.0,2.9745228,8.707798,5227,skf-91488,False,0.0,,No metal,True
cl316243,5486546.0,-1.5621246,5.6001534,5486546,cl316243,False,0.0,,No metal,True
caffeine,2519.0,-3.728079,6.390166,2519,caffeine,False,0.0,,No metal,True
pd-98059,4713.0,-0.78130114,-0.49174902,4713,pd-98059,False,0.0,,No metal,True
reparixin,9838712.0,-0.05570444,9.603666,9838712,reparixin,False,0.0,,No metal,True
4-galactosyllactose,67743883.0,0.4649905,6.159984,67743883,4-galactosyllactose,False,0.0,,No metal,True
cfm-2,4377504.0,-2.868597,5.913218,4377504,cfm-2,False,0.0,,No metal,True
bw-180c,6917707.0,-0.18575352,6.0017,6917707,bw-180c,False,0.0,,No metal,True
polydatin,5281718.0,-1.4338537,6.171275,5281718,polydatin,False,0.0,,No metal,True
menatetrenone,5282367.0,1.5252811,6.412038,5282367,menatetrenone,False,0.0,,No metal,True
isamoltane,6604790.0,-3.3980412,5.3460693,6604790,isamoltane,False,0.0,,No metal,True
pha-680632,11249084.0,0.25748307,1.3592055,11249084,pha-680632,False,0.0,,No metal,True
9-aminocamptothecin,72402.0,-0.8290659,0.7131245,72402,9-aminocamptothecin,False,0.0,,No metal,True
histamine,774.0,-1.3624533,10.199284,774,histamine,False,0.0,,No metal,True
4-hydroxy-phenazone,98889.0,-4.2890654,5.660053,98889,4-hydroxy-phenazone,False,0.0,,No metal,True
tolnaftate,5510.0,-0.12366846,-0.7233518,5510,tolnaftate,False,0.0,,No metal,True
ex-527,707029.0,-3.923075,5.492511,707029,ex-527,False,0.0,,No metal,True
cafestol,108052.0,0.27992067,9.831212,108052,cafestol,False,0.0,,No metal,True
indacaterol,6918554.0,-0.5229577,0.8579243,6918554,indacaterol,False,0.0,,No metal,True
tak-960,53357478.0,-1.1856041,5.097129,53357478,tak-960,False,0.0,,No metal,True
rufinamide,129228.0,-3.6902184,5.9449787,129228,rufinamide,False,0.0,,No metal,True
trichloroethylene,6575.0,3.5085902,8.129089,6575,trichloroethylene,False,0.0,,No metal,True
remodelin,44442376.0,-3.139695,4.957082,44442376,remodelin,False,0.0,,No metal,True
prucalopride,3052762.0,0.051096573,8.738757,3052762,prucalopride,False,0.0,,No metal,True
bio-5192,10350459.0,0.2518421,5.127191,10350459,bio-5192,False,0.0,,No metal,True
oxacillin,6196.0,-2.014757,5.5865273,6196,oxacillin,False,0.0,,No metal,True
pleconaril,1684.0,0.049519185,0.49073216,1684,pleconaril,False,0.0,,No metal,True
dexpanthenol,131204.0,2.3259764,9.038113,131204,dexpanthenol,False,0.0,,No metal,True
ritodrine,688570.0,-2.55567,5.6041703,688570,ritodrine,False,0.0,,No metal,True
tolmetin,5509.0,-3.7819617,5.3215594,5509,tolmetin,False,0.0,,No metal,True
oxyphenonium,5748.0,15.222596,4.0362716,5748,oxyphenonium,False,0.0,,No metal,True
metrifonate,6604183.0,2.9289157,8.355603,6604183,metrifonate,False,0.0,,No metal,True
pi-103,9884685.0,3.3057182,1.8076313,9884685,pi-103,False,0.0,,No metal,True
guadecitabine,135564655.0,0.13060117,5.8247523,135564655,guadecitabine,False,0.0,,No metal,True
ono-8130,9827317.0,0.4428969,1.3360931,9827317,ono-8130,False,0.0,,No metal,True
amlexanox,2161.0,-0.9672371,0.054283764,2161,amlexanox,False,0.0,,No metal,True
saccharin,5143.0,-1.0751052,10.339135,5143,saccharin,False,0.0,,No metal,True
jak3-inhibitor-v,3799.0,-4.4117956,5.072534,3799,jak3-inhibitor-v,False,0.0,,No metal,True
mk-3207,25019940.0,0.24529383,1.5478854,25019940,mk-3207,False,0.0,,No metal,True
nexturastat-a,71462653.0,-2.5174205,5.024644,71462653,nexturastat-a,False,0.0,,No metal,True
fumagillin,12015870.0,1.2256632,7.2947745,12015870,fumagillin,False,0.0,,No metal,True
wh-4-023,11844351.0,2.1638763,1.809141,11844351,wh-4-023,False,0.0,,No metal,True
ajmaline,98054312.0,-0.22146869,9.299338,98054312,ajmaline,False,0.0,,No metal,True
teijin-compound-1,44453327.0,-2.2807367,4.8414865,44453327,teijin-compound-1,False,0.0,,No metal,True
mpi-0479605,46909588.0,-0.30752358,1.0635608,46909588,mpi-0479605,False,0.0,,No metal,True
phenothrin,187827.0,-2.994185,4.054565,187827,phenothrin,False,0.0,,No metal,True
meclinertant,119192.0,2.1400647,1.7881829,119192,meclinertant,False,0.0,,No metal,True
oxfendazole,12940581.0,-0.85513854,-0.03924839,12940581,oxfendazole,False,0.0,,No metal,True
pd-168077,3645619.0,-3.0579967,5.1260357,3645619,pd-168077,False,0.0,,No metal,True
su014813,10138259.0,-1.6634967,5.5763726,10138259,su014813,False,0.0,,No metal,True
cgs-15943,2690.0,3.4739623,1.693863,2690,cgs-15943,False,0.0,,No metal,True
latanoprost,5311221.0,0.45252764,7.7300096,5311221,latanoprost,False,0.0,,No metal,True
bamaquimast,184838.0,-3.089139,5.277969,184838,bamaquimast,False,0.0,,No metal,True
bvt-2733,6918651.0,-2.1367137,5.242374,6918651,bvt-2733,False,0.0,,No metal,True
rutin,5280805.0,0.20818493,5.763896,5280805,rutin,False,0.0,,No metal,True
aminophylline,2153.0,-3.7487507,6.4182787,2153,aminophylline,False,0.0,,No metal,True
pentostatin,439693.0,-1.0547888,8.446439,439693,pentostatin,False,0.0,,No metal,True
l-glutamic-acid,88747398.0,2.6171563,9.219168,88747398,l-glutamic-acid,False,0.0,,No metal,True
norethindrone-acetate,5832.0,2.5888176,7.4946346,5832,norethindrone-acetate,False,0.0,,No metal,True
org-27569,44828492.0,0.6393905,0.13834175,44828492,org-27569,False,0.0,,No metal,True
melperone,15387.0,0.40493995,9.800372,15387,melperone,False,0.0,,No metal,True
lirimilast,6433118.0,-0.39141193,1.1306199,6433118,lirimilast,False,0.0,,No metal,True
omeprazole-magnesium,9601083.0,1.9274156,2.538535,9601083,omeprazole-magnesium,True,1.0,Mg,Contains metal,True
sc-10,5175.0,-3.0082366,4.292621,5175,sc-10,False,0.0,,No metal,True
moprolol,3034006.0,-0.13738224,9.302161,3034006,moprolol,False,0.0,,No metal,True
naratriptan,4440.0,-3.1764858,5.4477005,4440,naratriptan,False,0.0,,No metal,True
napirimus,3047779.0,-0.6659394,-0.6391635,3047779,napirimus,False,0.0,,No metal,True
ibandronate,60852.0,1.9477643,8.736781,60852,ibandronate,False,0.0,,No metal,True
ac-264613,25108278.0,-2.653425,5.1426806,25108278,ac-264613,False,0.0,,No metal,True
sulfanilate-zinc,64741.0,-1.78135,5.8894367,64741,sulfanilate-zinc,True,1.0,Zn,Contains metal,True
ml167,44968231.0,3.3140552,1.6332127,44968231,ml167,False,0.0,,No metal,True
srt1720,24180125.0,2.6609585,2.568569,24180125,srt1720,False,0.0,,No metal,True
suritozole,25431.0,-4.4411907,5.154218,25431,suritozole,False,0.0,,No metal,True
estetrol,27125.0,-0.5260572,9.168219,27125,estetrol,False,0.0,,No metal,True
gw-5074,5034.0,-2.9738154,4.2154627,5034,gw-5074,False,0.0,,No metal,True
op-0595,73386748.0,1.7271317,8.696762,73386748,op-0595,False,0.0,,No metal,True
tyrphostin-ag-879,135419190.0,0.2866811,9.780922,135419190,tyrphostin-ag-879,False,0.0,,No metal,True
azaguanine-8,135403646.0,-3.759013,6.416658,135403646,azaguanine-8,False,0.0,,No metal,True
milademetan,73297272.0,-1.0994047,4.9962835,73297272,milademetan,False,0.0,,No metal,True
propoxur,4944.0,-0.37825608,10.197061,4944,propoxur,False,0.0,,No metal,True
am-630,4302963.0,0.36418754,0.35020423,4302963,am-630,False,0.0,,No metal,True
enisamium-iodide,2132298.0,15.11789,4.1410813,2132298,enisamium-iodide,False,0.0,,No metal,True
cefetamet-pivoxil,5486182.0,-0.1810567,6.439138,5486182,cefetamet-pivoxil,False,0.0,,No metal,True
teicoplanin,,1.053905,4.7677207,,teicoplanin,False,0.0,,No metal,True
pf-4708671,51371303.0,-0.3984687,0.23011258,51371303,pf-4708671,False,0.0,,No metal,True
gdc-0349,59239165.0,-1.7662071,5.3419876,59239165,gdc-0349,False,0.0,,No metal,True
ombitasvir,54767916.0,1.6568639,2.9066668,54767916,ombitasvir,False,0.0,,No metal,True
setmelanotide,,0.8841633,4.9526715,,setmelanotide,False,0.0,,No metal,True
carbidopa,34359.0,-1.241808,8.6561775,34359,carbidopa,False,0.0,,No metal,True
ly2874455,46944259.0,2.866686,1.3960788,46944259,ly2874455,False,0.0,,No metal,True
clofedanol,688422.0,-3.6220071,4.524052,688422,clofedanol,False,0.0,,No metal,True
unc669,46931242.0,0.16196758,9.941246,46931242,unc669,False,0.0,,No metal,True
oxatomide,4615.0,3.2193177,1.1709752,4615,oxatomide,False,0.0,,No metal,True
tolcapone,4659569.0,-2.9439719,5.802244,4659569,tolcapone,False,0.0,,No metal,True
gamithromycin,,0.91322523,5.5554957,,gamithromycin,False,0.0,,No metal,True
methyllycaconitine,5288811.0,0.29304874,6.3270097,5288811,methyllycaconitine,False,0.0,,No metal,True
pf-05212384,44516953.0,0.3663203,2.0334108,44516953,pf-05212384,False,0.0,,No metal,True
valdecoxib,119607.0,-0.7307314,-0.39548704,119607,valdecoxib,False,0.0,,No metal,True
fotemustine,,2.0332482,8.528791,,fotemustine,False,0.0,,No metal,True
2-aminobenzenesulfonamide,72894.0,-1.2911286,9.914801,72894,2-aminobenzenesulfonamide,False,0.0,,No metal,True
balaglitazone,76968728.0,-0.6170563,0.6905852,76968728,balaglitazone,False,0.0,,No metal,True
relcovaptan,60943.0,0.22536696,1.8081585,60943,relcovaptan,False,0.0,,No metal,True
nanchangmycin,86278938.0,0.8068115,5.721939,86278938,nanchangmycin,False,0.0,,No metal,True
fluoromethylcholine,404592.0,14.942478,4.3221755,404592,fluoromethylcholine,False,0.0,,No metal,True
l-745870,5311200.0,-0.39196837,-0.5707942,5311200,l-745870,False,0.0,,No metal,True
camobucol,9875498.0,1.032304,1.0323625,9875498,camobucol,False,0.0,,No metal,True
brl-44408,6604824.0,-0.45173585,10.2364235,6604824,brl-44408,False,0.0,,No metal,True
harmane,5281404.0,-0.61314535,-0.8647528,5281404,harmane,False,0.0,,No metal,True
uridine-5'-triphosphate,6133.0,0.08104713,6.322253,6133,uridine-5'-triphosphate,False,0.0,,No metal,True
jnj-17203212,11339118.0,-2.6237535,4.6245575,11339118,jnj-17203212,False,0.0,,No metal,True
osimertinib,71496458.0,2.3827777,1.6535451,71496458,osimertinib,False,0.0,,No metal,True
rolziracetam,71893.0,3.4446266,8.747595,71893,rolziracetam,False,0.0,,No metal,True
butenafine,2484.0,0.42831254,-0.37698078,2484,butenafine,False,0.0,,No metal,True
r-428,46215462.0,2.6747456,1.6208584,46215462,r-428,False,0.0,,No metal,True
ml786,50992247.0,0.46944562,1.4016904,50992247,ml786,False,0.0,,No metal,True
dacomitinib,11511120.0,0.33805203,1.2311193,11511120,dacomitinib,False,0.0,,No metal,True
pipemidic-acid,6921791.0,-2.613818,6.26239,6921791,pipemidic-acid,False,0.0,,No metal,True
gimeracil,54679224.0,-1.3793826,10.139257,54679224,gimeracil,False,0.0,,No metal,True
bw-a4c,6438354.0,-3.4784126,4.777526,6438354,bw-a4c,False,0.0,,No metal,True
ds2-(806622),979718.0,3.600137,1.2642787,979718,ds2-(806622),False,0.0,,No metal,True
"ici-185,282",5311390.0,0.35195726,8.892925,5311390,"ici-185,282",False,0.0,,No metal,True
mk-0354,11159621.0,-3.8919864,6.2597413,11159621,mk-0354,False,0.0,,No metal,True
plx4720,24180719.0,-0.0076793768,0.6231684,24180719,plx4720,False,0.0,,No metal,True
batefenterol,10372836.0,1.786244,2.6600153,10372836,batefenterol,False,0.0,,No metal,True
acefylline,69550.0,-3.5771465,6.412098,69550,acefylline,False,0.0,,No metal,True
fg-7142,4375.0,-0.8585444,-0.5779702,4375,fg-7142,False,0.0,,No metal,True
dronedarone,208898.0,1.2970679,1.8484678,208898,dronedarone,False,0.0,,No metal,True
pki-166,6918403.0,3.375174,1.460176,6918403,pki-166,False,0.0,,No metal,True
crisdesalazine,16042343.0,-2.7692616,5.0551004,16042343,crisdesalazine,False,0.0,,No metal,True
azd3988,,0.19248542,1.3699117,,azd3988,False,0.0,,No metal,True
halobetasol-propionate,6918178.0,1.6688948,7.5204334,6918178,halobetasol-propionate,False,0.0,,No metal,True
azd5363,25227436.0,-0.59415406,1.1840272,25227436,azd5363,False,0.0,,No metal,True
pk-44,46208486.0,-0.73684716,0.8699034,46208486,pk-44,False,0.0,,No metal,True
clofilium,2798.0,15.359283,3.9208267,2798,clofilium,False,0.0,,No metal,True
unc0224,44251522.0,-1.3234512,5.1735063,44251522,unc0224,False,0.0,,No metal,True
pyrintegrin,46223724.0,-0.14989609,1.4363785,46223724,pyrintegrin,False,0.0,,No metal,True
ro-1138452,9839644.0,-3.0490565,5.068306,9839644,ro-1138452,False,0.0,,No metal,True
sulfamethoxypyridazine,5330.0,-2.6013112,6.226518,5330,sulfamethoxypyridazine,False,0.0,,No metal,True
bay-k-8644-(+/-),6604881.0,0.32564718,9.060804,6604881,bay-k-8644-(+/-),False,0.0,,No metal,True
10058-f4,1271002.0,-0.055376433,10.2692995,1271002,10058-f4,False,0.0,,No metal,True
sucrose-octaacetate,31340.0,0.7942637,5.635504,31340,sucrose-octaacetate,False,0.0,,No metal,True
avibactam,9835049.0,2.206357,8.94707,9835049,avibactam,False,0.0,,No metal,True
azd2461,44199317.0,-0.47419786,0.28448668,44199317,azd2461,False,0.0,,No metal,True
chlormidazole,71821.0,-0.42173886,-0.8373103,71821,chlormidazole,False,0.0,,No metal,True
cvt-10216,23661666.0,2.7589018,1.7154366,23661666,cvt-10216,False,0.0,,No metal,True
pg-9,,0.41646898,9.754518,,pg-9,False,0.0,,No metal,True
epigallocatechin-gallate-(-),65064.0,-0.49355093,6.164744,65064,epigallocatechin-gallate-(-),False,0.0,,No metal,True
cinchophen,8593.0,-0.54200125,-0.7178948,8593,cinchophen,False,0.0,,No metal,True
ioxilan,73416261.0,-0.024418624,6.271958,73416261,ioxilan,False,0.0,,No metal,True
mln2480,25161177.0,-0.100777574,1.622003,25161177,mln2480,False,0.0,,No metal,True
bms-626531,59749702.0,0.051630583,0.69158155,59749702,bms-626531,False,0.0,,No metal,True
napamezole,55718.0,-0.16724822,10.419326,55718,napamezole,False,0.0,,No metal,True
propyl-benzoate,16846.0,-0.34508735,10.641653,16846,propyl-benzoate,False,0.0,,No metal,True
deferasirox,214348.0,3.2668698,1.7757508,214348,deferasirox,False,0.0,,No metal,True
perospirone,115368.0,-2.139605,4.6548476,115368,perospirone,False,0.0,,No metal,True
fomepizole,3406.0,-0.92492473,10.762155,3406,fomepizole,False,0.0,,No metal,True
chlorzoxazone,2733.0,-4.3902493,5.564482,2733,chlorzoxazone,False,0.0,,No metal,True
mirogabalin-besylate,59509752.0,2.9215922,8.57298,59509752,mirogabalin-besylate,False,0.0,,No metal,True
cefmenoxime,9570757.0,-0.23508972,6.170615,9570757,cefmenoxime,False,0.0,,No metal,True
l-733060,132846.0,-3.064094,4.0592017,132846,l-733060,False,0.0,,No metal,True
tenatoprazole,11552393.0,-0.72326577,0.45182943,11552393,tenatoprazole,False,0.0,,No metal,True
mrx-2843,,0.31236532,1.3552088,,mrx-2843,False,0.0,,No metal,True
calcium-levofolinate,135398559.0,-0.24553616,6.1024756,135398559,calcium-levofolinate,False,0.0,,No metal,True
s-14506,131906.0,0.087392524,0.17876281,131906,s-14506,False,0.0,,No metal,True
bml-190,2415.0,0.109405026,0.26985747,2415,bml-190,False,0.0,,No metal,True
arctigenin,64981.0,-2.1331313,4.8421335,64981,arctigenin,False,0.0,,No metal,True
cefathiamidine,44537522.0,0.5137372,7.4298487,44537522,cefathiamidine,False,0.0,,No metal,True
jph203,24853505.0,2.5473132,1.705133,24853505,jph203,False,0.0,,No metal,True
nvp-231,4096211.0,0.43810925,0.51325786,4096211,nvp-231,False,0.0,,No metal,True
bms-309403,16122583.0,2.5735195,2.674834,16122583,bms-309403,False,0.0,,No metal,True
butylidenephthalide,642376.0,-0.08683813,10.480203,642376,butylidenephthalide,False,0.0,,No metal,True
gr-127935,107780.0,2.604218,1.5528396,107780,gr-127935,False,0.0,,No metal,True
nvp-tae226,9934347.0,-0.078969516,1.6228683,9934347,nvp-tae226,False,0.0,,No metal,True
bay1217389,78320750.0,2.129412,1.7250437,78320750,bay1217389,False,0.0,,No metal,True
acriflavinium,2016.0,15.167453,4.0687766,2016,acriflavinium,False,0.0,,No metal,True
ly411575,10435235.0,-0.051278703,0.93288803,10435235,ly411575,False,0.0,,No metal,True
levodopa,6971033.0,-1.3554754,8.90469,6971033,levodopa,False,0.0,,No metal,True
7-hydroxy-pipat,10317104.0,0.5477246,9.72418,10317104,7-hydroxy-pipat,False,0.0,,No metal,True
dibenzepine,9419.0,-3.8005762,4.5662503,9419,dibenzepine,False,0.0,,No metal,True
levomepromazine,72287.0,-3.3833828,4.0924754,72287,levomepromazine,False,0.0,,No metal,True
meclofenamic-acid,4037.0,-3.8863063,4.8034377,4037,meclofenamic-acid,False,0.0,,No metal,True
chenodeoxycholic-acid,10133.0,2.0427263,7.1893396,10133,chenodeoxycholic-acid,False,0.0,,No metal,True
selenomethionine,53262363.0,3.0469658,8.878208,53262363,selenomethionine,False,0.0,,No metal,True
int-747,447715.0,2.0179918,7.144282,447715,int-747,False,0.0,,No metal,True
azd4547,51039095.0,0.014784309,1.4487075,51039095,azd4547,False,0.0,,No metal,True
agmatine,199.0,2.6056452,9.25494,199,agmatine,False,0.0,,No metal,True
meprednisone,5284587.0,1.7433355,7.887882,5284587,meprednisone,False,0.0,,No metal,True
st-91,20864.0,-0.43934926,9.996996,20864,st-91,False,0.0,,No metal,True
4-phenolsulfonic-acid,4765.0,-1.2937579,9.916348,4765,4-phenolsulfonic-acid,False,0.0,,No metal,True
benidipine,656667.0,-1.2940532,4.9618573,656667,benidipine,False,0.0,,No metal,True
cefepime,5464263.0,14.760847,4.0210714,5464263,cefepime,False,0.0,,No metal,True
gemcitabine-elaidate,9828310.0,0.904313,6.2271533,9828310,gemcitabine-elaidate,False,0.0,,No metal,True
chloropyramine,25295.0,-3.5074732,4.3354735,25295,chloropyramine,False,0.0,,No metal,True
"1,2,3,4,5,6-hexabromocyclohexane",74603.0,2.7834458,7.5878053,74603,"1,2,3,4,5,6-hexabromocyclohexane",False,0.0,,No metal,True
donepezil,1150567.0,-2.766046,4.246701,1150567,donepezil,False,0.0,,No metal,True
verinurad,54767229.0,-0.060813654,-0.15192278,54767229,verinurad,False,0.0,,No metal,True
bismuth-subcitrate-potassium,129856537.0,0.05897107,6.406155,129856537,bismuth-subcitrate-potassium,True,1.0,Bi,Contains metal,True
cysteamine,6058.0,3.3613205,9.080932,6058,cysteamine,False,0.0,,No metal,True
tofacitinib,9926791.0,-2.9084842,5.7838206,9926791,tofacitinib,False,0.0,,No metal,True
dicloxacillin,18381.0,-1.904081,5.3093357,18381,dicloxacillin,False,0.0,,No metal,True
etc-206,71766360.0,3.4253318,1.49224,71766360,etc-206,False,0.0,,No metal,True
a-438079,11673921.0,-0.64600354,-0.63430774,11673921,a-438079,False,0.0,,No metal,True
embelin,,1.639308,7.125302,,embelin,False,0.0,,No metal,True
dopamine,681.0,-1.2962747,9.506613,681,dopamine,False,0.0,,No metal,True
linoleic-acid,5280450.0,1.7773367,6.5802236,5280450,linoleic-acid,False,0.0,,No metal,True
furamidine,126437.0,-0.762614,0.27960843,126437,furamidine,False,0.0,,No metal,True
piboserod,177336.0,-2.7244127,4.3654823,177336,piboserod,False,0.0,,No metal,True
gr-159897,9953599.0,0.23693131,0.13597266,9953599,gr-159897,False,0.0,,No metal,True
norethindrone,6230.0,2.7869127,7.5062966,6230,norethindrone,False,0.0,,No metal,True
bilastine,40467029.0,0.61259305,1.1053544,40467029,bilastine,False,0.0,,No metal,True
azd2014,25262792.0,-0.45329747,1.3743126,25262792,azd2014,False,0.0,,No metal,True
sb-297006,9840971.0,-2.2860181,5.09965,9840971,sb-297006,False,0.0,,No metal,True
lgd-6972,44625560.0,2.0059361,2.4197497,44625560,lgd-6972,False,0.0,,No metal,True
droxinostat,568416.0,-0.24958661,9.655197,568416,droxinostat,False,0.0,,No metal,True
pronethalol,25271722.0,-3.8949437,5.300813,25271722,pronethalol,False,0.0,,No metal,True
mexeneone,71645.0,-3.8960044,5.0819063,71645,mexeneone,False,0.0,,No metal,True
aminohydroxybutyric-acid,6971281.0,2.7046707,9.264421,6971281,aminohydroxybutyric-acid,False,0.0,,No metal,True
sc-9,124172.0,0.70781887,0.08668438,124172,sc-9,False,0.0,,No metal,True
beta-funaltrexamine,5311018.0,-0.06942103,7.8007183,5311018,beta-funaltrexamine,False,0.0,,No metal,True
flibanserin,6918248.0,-0.09318817,0.043497242,6918248,flibanserin,False,0.0,,No metal,True
4-iodo-l-phenylalanine,7047041.0,-0.89358956,9.797247,7047041,4-iodo-l-phenylalanine,False,0.0,,No metal,True
betaxolol,6093355.0,0.32471067,8.872005,6093355,betaxolol,False,0.0,,No metal,True
cicloprofen,14694110.0,-4.2180653,4.940771,14694110,cicloprofen,False,0.0,,No metal,True
ikk-16,9549298.0,2.7836218,1.3332907,9549298,ikk-16,False,0.0,,No metal,True
dmp-543,9887884.0,3.4154537,1.1289427,9887884,dmp-543,False,0.0,,No metal,True
zaprinast,135399235.0,-1.0385499,0.12310275,135399235,zaprinast,False,0.0,,No metal,True
zm-447439,9914412.0,2.2717752,1.7881129,9914412,zm-447439,False,0.0,,No metal,True
cefcapene-pivoxil,5282438.0,-0.08525471,6.2383747,5282438,cefcapene-pivoxil,False,0.0,,No metal,True
adrenosterone,223997.0,2.7431836,7.6471443,223997,adrenosterone,False,0.0,,No metal,True
sodium-stibogluconate,,0.44707966,6.160479,,sodium-stibogluconate,False,0.0,,No metal,True
betrixaban,10275777.0,-0.04732267,1.1212763,10275777,betrixaban,False,0.0,,No metal,True
czc-54252,44252734.0,-0.0043328125,1.7592375,44252734,czc-54252,False,0.0,,No metal,True
mkt-077,6912334.0,15.215389,4.0270896,6912334,mkt-077,False,0.0,,No metal,True
piclamilast,154575.0,-2.707074,4.2123375,154575,piclamilast,False,0.0,,No metal,True
peruvoside,,0.5957376,7.0548444,,peruvoside,False,0.0,,No metal,True
skf-89976a,6604015.0,-3.0371244,4.3125434,6604015,skf-89976a,False,0.0,,No metal,True
landiolol,114905.0,-0.5726426,5.7335105,114905,landiolol,False,0.0,,No metal,True
plerixafor,65015.0,-0.198467,7.0531626,65015,plerixafor,False,0.0,,No metal,True
cct128930,17751819.0,-0.7456688,-0.033281203,17751819,cct128930,False,0.0,,No metal,True
fagomine,72259.0,2.43178,9.268564,72259,fagomine,False,0.0,,No metal,True
tecovirimat,16124688.0,0.029507346,9.322205,16124688,tecovirimat,False,0.0,,No metal,True
tavilermide,9808372.0,0.03672273,6.1761065,9808372,tavilermide,False,0.0,,No metal,True
letosteine,76956360.0,2.2377505,8.652018,76956360,letosteine,False,0.0,,No metal,True
thk5351,91936858.0,-0.61402553,0.16813353,91936858,thk5351,False,0.0,,No metal,True
choline,305.0,14.942844,4.330921,305,choline,False,0.0,,No metal,True
alpha-tochopheryl-acetate,9804881.0,1.4766918,6.3682485,9804881,alpha-tochopheryl-acetate,False,0.0,,No metal,True
naloxone-benzoylhydrazone,9601084.0,-1.8212416,5.3770905,9601084,naloxone-benzoylhydrazone,False,0.0,,No metal,True
guaiacol,460.0,-0.72512305,10.787259,460,guaiacol,False,0.0,,No metal,True
paracetamol,1983.0,-1.366142,10.111925,1983,paracetamol,False,0.0,,No metal,True
gemfibrozil,3463.0,0.28604916,9.83008,3463,gemfibrozil,False,0.0,,No metal,True
l-670596,86295146.0,0.20823008,0.2626745,86295146,l-670596,False,0.0,,No metal,True
st-1859,14187.0,3.6590176,1.2734178,14187,st-1859,False,0.0,,No metal,True
tracazolate,5522.0,-2.5845304,4.8549986,5522,tracazolate,False,0.0,,No metal,True
lithium-citrate,,2.1928742,9.038291,,lithium-citrate,True,3.0,Li,Contains metal,True
gw-9662,644213.0,-3.654271,5.0962443,644213,gw-9662,False,0.0,,No metal,True
ravoxertinib,71727581.0,2.9855828,1.8309851,71727581,ravoxertinib,False,0.0,,No metal,True
ly2886721,49837968.0,-2.1956408,5.457909,49837968,ly2886721,False,0.0,,No metal,True
isoxepac,41448.0,-3.797717,5.2354765,41448,isoxepac,False,0.0,,No metal,True
grapiprant,11677589.0,2.8328109,1.5605805,11677589,grapiprant,False,0.0,,No metal,True
pitavastatin,5282452.0,0.06886324,0.90413046,5282452,pitavastatin,False,0.0,,No metal,True
l-701252,54687453.0,-3.616889,5.7323294,54687453,l-701252,False,0.0,,No metal,True
oncrasin-1,872445.0,-0.27570435,-0.7986264,872445,oncrasin-1,False,0.0,,No metal,True
cpccoet,10106002.0,-0.43466678,9.582497,10106002,cpccoet,False,0.0,,No metal,True
chlorazanil,10374.0,-3.3735662,6.0262556,10374,chlorazanil,False,0.0,,No metal,True
dosulepin,5284550.0,-3.8164644,4.0659657,5284550,dosulepin,False,0.0,,No metal,True
rimexolone,5311412.0,2.402032,7.424452,5311412,rimexolone,False,0.0,,No metal,True
ferulic-acid,445858.0,-0.8926533,9.825684,445858,ferulic-acid,False,0.0,,No metal,True
lumefantrine,73416445.0,1.1609974,0.99109185,73416445,lumefantrine,False,0.0,,No metal,True
ergosterol,444679.0,2.0851822,6.968344,444679,ergosterol,False,0.0,,No metal,True
bms-690514,11349170.0,-0.8184002,1.0574409,11349170,bms-690514,False,0.0,,No metal,True
gsk1904529a,25124816.0,1.8068191,2.6767762,25124816,gsk1904529a,False,0.0,,No metal,True
gabapentin-enacarbil,66864580.0,1.66504,8.044746,66864580,gabapentin-enacarbil,False,0.0,,No metal,True
orantinib,5329099.0,-3.084192,5.295365,5329099,orantinib,False,0.0,,No metal,True
ins316,10368038.0,0.080475576,6.32558,10368038,ins316,False,0.0,,No metal,True
esmolol,28125476.0,0.14193107,8.788071,28125476,esmolol,False,0.0,,No metal,True
imipenem,104838.0,2.0142896,8.737231,104838,imipenem,False,0.0,,No metal,True
sirolimus,134812764.0,0.7817665,5.7398877,134812764,sirolimus,False,0.0,,No metal,True
pha-543613,9930121.0,-3.62324,5.697642,9930121,pha-543613,False,0.0,,No metal,True
ve-822,59472121.0,2.673445,1.8704561,59472121,ve-822,False,0.0,,No metal,True
levo-phencynonate,,0.3342747,9.247692,,levo-phencynonate,False,0.0,,No metal,True
dmh4,5329447.0,3.2441337,1.4838566,5329447,dmh4,False,0.0,,No metal,True
physostigmine,5983.0,-0.28499392,9.757665,5983,physostigmine,False,0.0,,No metal,True
carnitine-(d/l),160907.0,14.94123,4.320374,160907,carnitine-(d/l),False,0.0,,No metal,True
trametinib,11707110.0,2.690864,1.6470412,11707110,trametinib,False,0.0,,No metal,True
fidarestat,449156.0,-1.0374159,8.772313,449156,fidarestat,False,0.0,,No metal,True
as-1949490,44473434.0,0.5966825,-0.020929355,44473434,as-1949490,False,0.0,,No metal,True
bms-191095,9822753.0,-0.04077415,0.62330854,9822753,bms-191095,False,0.0,,No metal,True
jnj-37822681,16058752.0,-2.8917747,4.681794,16058752,jnj-37822681,False,0.0,,No metal,True
vilazodone,6918314.0,2.9185603,1.5360605,6918314,vilazodone,False,0.0,,No metal,True
sparteine-(+),7014.0,3.1380386,7.954639,7014,sparteine-(+),False,0.0,,No metal,True
maytansinol-isobutyrate,131857169.0,0.53022575,6.648695,131857169,maytansinol-isobutyrate,False,0.0,,No metal,True
msx-122,11687907.0,-0.78836304,0.3937701,11687907,msx-122,False,0.0,,No metal,True
isosorbide-dinitrate,6883.0,2.1956072,8.768477,6883,isosorbide-dinitrate,False,0.0,,No metal,True
as-604850,5287855.0,-0.25235415,9.518222,5287855,as-604850,False,0.0,,No metal,True
ipragliflozin-l-proline,10453870.0,-0.67274356,1.0140854,10453870,ipragliflozin-l-proline,False,0.0,,No metal,True
axitinib,6450551.0,3.3367755,1.3447261,6450551,axitinib,False,0.0,,No metal,True
kr-33494,25009726.0,0.15393221,0.78106284,25009726,kr-33494,False,0.0,,No metal,True
fantofarone,119349.0,2.250795,1.601311,119349,fantofarone,False,0.0,,No metal,True
gdc-0152,46940575.0,-1.2108696,5.269846,46940575,gdc-0152,False,0.0,,No metal,True
vinpocetine,443955.0,-3.2043626,4.152181,443955,vinpocetine,False,0.0,,No metal,True
hypoxanthine,790.0,-3.907303,6.340455,790,hypoxanthine,False,0.0,,No metal,True
talaporfin,,0.19621345,5.141166,,talaporfin,False,0.0,,No metal,True
orotic-acid,967.0,-1.3220843,9.028854,967,orotic-acid,False,0.0,,No metal,True
gallic-acid,370.0,-1.411033,9.00595,370,gallic-acid,False,0.0,,No metal,True
orlistat,3034010.0,1.2763563,6.340368,3034010,orlistat,False,0.0,,No metal,True
budipine,68778.0,-3.825948,4.095033,68778,budipine,False,0.0,,No metal,True
allantoin,439714.0,2.4273152,9.266613,439714,allantoin,False,0.0,,No metal,True
als-8176,89658382.0,0.15911858,8.060002,89658382,als-8176,False,0.0,,No metal,True
methscopolamine,,15.106476,4.131324,,methscopolamine,False,0.0,,No metal,True
bina,86311024.0,0.9387659,0.6976862,86311024,bina,False,0.0,,No metal,True
miglustat,51634.0,2.2793841,9.029289,51634,miglustat,False,0.0,,No metal,True
levomenthol,16666.0,3.487104,8.159686,16666,levomenthol,False,0.0,,No metal,True
cc4,91654624.0,-2.9108114,5.334944,91654624,cc4,False,0.0,,No metal,True
4-p-pdot,24750357.0,-3.946941,4.588459,24750357,4-p-pdot,False,0.0,,No metal,True
1-ethyl-2-pyrrolidone,17595.0,3.4960086,8.624542,17595,1-ethyl-2-pyrrolidone,False,0.0,,No metal,True
iu1,675434.0,-3.772256,4.156027,675434,iu1,False,0.0,,No metal,True
agn-195183,9867758.0,-2.7109156,4.2317386,9867758,agn-195183,False,0.0,,No metal,True
crizotinib,11626560.0,0.24008164,0.7732202,11626560,crizotinib,False,0.0,,No metal,True
alx-40-4c,25077385.0,1.0729012,4.7545,25077385,alx-40-4c,False,0.0,,No metal,True
amrubicin,3035016.0,-0.37987632,6.381346,3035016,amrubicin,False,0.0,,No metal,True
bp-897,3038495.0,0.2896551,0.3276885,3038495,bp-897,False,0.0,,No metal,True
icilin,161930.0,-2.8622456,5.5079026,161930,icilin,False,0.0,,No metal,True
l-phenylisopropyladenosine,93205.0,-0.68418235,1.4299426,93205,l-phenylisopropyladenosine,False,0.0,,No metal,True
ciglitazone,6604850.0,0.38240144,9.244613,6604850,ciglitazone,False,0.0,,No metal,True
mk-6096,25128145.0,0.11629286,0.39162138,25128145,mk-6096,False,0.0,,No metal,True
sdz-220-040,6604839.0,-1.885556,5.538318,6604839,sdz-220-040,False,0.0,,No metal,True
carbarsone,8480.0,-1.2774892,8.918642,8480,carbarsone,False,0.0,,No metal,True
colfosceril-palmitate,160339.0,15.446312,3.8567083,160339,colfosceril-palmitate,False,0.0,,No metal,True
dapivirine,214347.0,-0.12877141,-0.020366564,214347,dapivirine,False,0.0,,No metal,True
sinomenine,5459308.0,-0.11128529,9.311651,5459308,sinomenine,False,0.0,,No metal,True
tetrahydrouridine,9543506.0,1.9633304,9.18872,9543506,tetrahydrouridine,False,0.0,,No metal,True
rta-408,71811910.0,1.9281352,7.122793,71811910,rta-408,False,0.0,,No metal,True
andarine,9824562.0,-1.5222956,5.348752,9824562,andarine,False,0.0,,No metal,True
fingolimod,107970.0,0.3532999,8.646428,107970,fingolimod,False,0.0,,No metal,True
pomalidomide,9965330.0,-0.95754033,8.969874,9965330,pomalidomide,False,0.0,,No metal,True
macozinone,57331386.0,-1.8819804,4.7107244,57331386,macozinone,False,0.0,,No metal,True
encorafenib,50922675.0,0.23884556,1.8945545,50922675,encorafenib,False,0.0,,No metal,True
2-iodomelatonin,115348.0,-3.3832364,5.3212886,115348,2-iodomelatonin,False,0.0,,No metal,True
terbutaline,11354816.0,-0.9941513,9.065743,11354816,terbutaline,False,0.0,,No metal,True
ym-022,122130.0,2.6575735,1.367514,122130,ym-022,False,0.0,,No metal,True
dibekacin,470999.0,0.33176395,6.2964897,470999,dibekacin,False,0.0,,No metal,True
agn-194310,9867046.0,0.83464766,0.32177705,9867046,agn-194310,False,0.0,,No metal,True
amikacin,37768.0,0.4992659,6.1371627,37768,amikacin,False,0.0,,No metal,True
2-[1-(4-piperonyl)piperazinyl]benzothiazole,127902.0,-0.37846696,0.11187428,127902,2-[1-(4-piperonyl)piperazinyl]benzothiazole,False,0.0,,No metal,True
mecarbinate,616236.0,-4.0339713,5.328819,616236,mecarbinate,False,0.0,,No metal,True
chlorothymol,6982.0,-0.109627396,10.604503,6982,chlorothymol,False,0.0,,No metal,True
noretynodrel,6231.0,2.7998397,7.4989347,6231,noretynodrel,False,0.0,,No metal,True
fostemsavir,11319217.0,0.57157403,2.0849888,11319217,fostemsavir,False,0.0,,No metal,True
metipranolol,57185490.0,0.074208386,8.902987,57185490,metipranolol,False,0.0,,No metal,True
undecylenic-acid,5634.0,2.8892257,8.320747,5634,undecylenic-acid,False,0.0,,No metal,True
d-4476,6419753.0,3.2215447,1.7048737,6419753,d-4476,False,0.0,,No metal,True
verubecestat,51352361.0,-2.124213,5.722245,51352361,verubecestat,False,0.0,,No metal,True
arecaidine-propargyl-ester,2229.0,3.3332658,8.610052,2229,arecaidine-propargyl-ester,False,0.0,,No metal,True
inimur,72165119.0,-0.35714212,9.008655,72165119,inimur,False,0.0,,No metal,True
ceruletide,16129675.0,1.0385612,4.7842712,16129675,ceruletide,False,0.0,,No metal,True
losartan,3961.0,2.8988945,1.4242681,3961,losartan,False,0.0,,No metal,True
sb-612111,10047612.0,-3.0561547,4.0335226,10047612,sb-612111,False,0.0,,No metal,True
oxaprozin,4614.0,-0.3444672,-0.3139028,4614,oxaprozin,False,0.0,,No metal,True
luf-5834,135543624.0,-0.65094,1.088695,135543624,luf-5834,False,0.0,,No metal,True
trebenzomine,76963054.0,-0.36514547,10.641485,76963054,trebenzomine,False,0.0,,No metal,True
emd-53998,446286.0,-2.0898042,4.8598175,446286,emd-53998,False,0.0,,No metal,True
mk-2894,24952929.0,0.74118334,0.69865364,24952929,mk-2894,False,0.0,,No metal,True
cnx-774,59174579.0,2.1948335,1.8637613,59174579,cnx-774,False,0.0,,No metal,True
moxalactam,157009.0,-0.20415616,6.1437383,157009,moxalactam,False,0.0,,No metal,True
urmc-099,54764565.0,2.788568,2.7031693,54764565,urmc-099,False,0.0,,No metal,True
eltanolone,31402.0,2.7279413,7.45578,31402,eltanolone,False,0.0,,No metal,True
way-255348,11543746.0,-3.8677828,5.173264,11543746,way-255348,False,0.0,,No metal,True
mbx-2982,25025505.0,2.7059498,1.8345878,25025505,mbx-2982,False,0.0,,No metal,True
proxyfan,6421522.0,-3.771824,5.168553,6421522,proxyfan,False,0.0,,No metal,True
cefminox,71141.0,-0.14817537,6.3033657,71141,cefminox,False,0.0,,No metal,True
ver-155008,25195348.0,0.7256416,2.1873958,25195348,ver-155008,False,0.0,,No metal,True
visomitin,16679092.0,15.381212,3.9004843,16679092,visomitin,False,0.0,,No metal,True
epigallocatechin-(-),72277.0,-1.9945282,6.0958657,72277,epigallocatechin-(-),False,0.0,,No metal,True
delamanid,6480466.0,0.3728175,1.6692324,6480466,delamanid,False,0.0,,No metal,True
agm-1470,14942882.0,1.446758,7.7514772,14942882,agm-1470,False,0.0,,No metal,True
1-acetyl-4-methylpiperazine,550758.0,3.4338934,8.720887,550758,1-acetyl-4-methylpiperazine,False,0.0,,No metal,True
l-asparagine-n-hydroxy,97663.0,2.388511,9.255256,97663,l-asparagine-n-hydroxy,False,0.0,,No metal,True
z160,4988454.0,3.2756279,1.0270513,4988454,z160,False,0.0,,No metal,True
rs-67506,133076.0,0.14205582,8.188441,133076,rs-67506,False,0.0,,No metal,True
oxacyclohexadecan-2-one,235414.0,2.9526856,7.635699,235414,oxacyclohexadecan-2-one,False,0.0,,No metal,True
sjg-136,393111.0,-1.2677532,4.839066,393111,sjg-136,False,0.0,,No metal,True
az5104,71496460.0,2.2801437,1.761206,71496460,az5104,False,0.0,,No metal,True
theobromine,5429.0,-3.749854,6.422933,5429,theobromine,False,0.0,,No metal,True
docosanol,12620.0,1.6630967,6.4941235,12620,docosanol,False,0.0,,No metal,True
oxprenolol,94423.0,0.05648218,9.0791235,94423,oxprenolol,False,0.0,,No metal,True
dapagliflozin,9887712.0,-1.7803617,5.6808457,9887712,dapagliflozin,False,0.0,,No metal,True
secalciferol,5283748.0,2.0212178,7.082036,5283748,secalciferol,False,0.0,,No metal,True
sotalol,67108155.0,-0.55649376,8.937724,67108155,sotalol,False,0.0,,No metal,True
xl019,57990869.0,-0.24436599,1.3346325,57990869,xl019,False,0.0,,No metal,True
iopanic-acid,12304727.0,-1.4725871,4.365733,12304727,iopanic-acid,False,0.0,,No metal,True
sant-2,1367095.0,2.5876756,1.3239703,1367095,sant-2,False,0.0,,No metal,True
cgp-39551,6438792.0,2.3930461,8.866738,6438792,cgp-39551,False,0.0,,No metal,True
ici-192605,6604763.0,-2.161446,4.339228,6604763,ici-192605,False,0.0,,No metal,True
chlorphenamine,33036.0,-3.75095,4.1832366,33036,chlorphenamine,False,0.0,,No metal,True
lopinavir,92727.0,-0.08190595,4.9588666,92727,lopinavir,False,0.0,,No metal,True
sb-706375,21023902.0,-1.7538701,4.5910378,21023902,sb-706375,False,0.0,,No metal,True
sb-772077b,16095343.0,-0.89037013,0.9829763,16095343,sb-772077b,False,0.0,,No metal,True
triacetin,5541.0,2.3271604,8.786401,5541,triacetin,False,0.0,,No metal,True
bambuterol,57515921.0,0.032437198,8.572765,57515921,bambuterol,False,0.0,,No metal,True
gsk-3-inhibitor-ix,,-3.2246625,5.452528,,gsk-3-inhibitor-ix,False,0.0,,No metal,True
securinine,442872.0,3.1822395,8.129538,442872,securinine,False,0.0,,No metal,True
lorediplon,12004146.0,3.402465,1.5952225,12004146,lorediplon,False,0.0,,No metal,True
vu0240551,7211972.0,-0.41905814,0.17783488,7211972,vu0240551,False,0.0,,No metal,True
atomoxetine,54841.0,-3.61397,4.4212084,54841,atomoxetine,False,0.0,,No metal,True
ezatiostat,5310939.0,-0.5771563,5.54166,5310939,ezatiostat,False,0.0,,No metal,True
alacepril,71992.0,0.090097055,8.242371,71992,alacepril,False,0.0,,No metal,True
n6-cyclopentyladenosine,657378.0,-1.7253963,6.2746005,657378,n6-cyclopentyladenosine,False,0.0,,No metal,True
cinchonidine,101744.0,-3.6662145,4.897818,101744,cinchonidine,False,0.0,,No metal,True
laurocapram,42981.0,1.8250378,6.6562686,42981,laurocapram,False,0.0,,No metal,True
methsuximide,25271978.0,-0.44269055,10.563029,25271978,methsuximide,False,0.0,,No metal,True
bicifadine,11715257.0,-0.43248495,10.78455,11715257,bicifadine,False,0.0,,No metal,True
pf-06751979,118435360.0,-1.6503813,5.3932323,118435360,pf-06751979,False,0.0,,No metal,True
bumetanide,2471.0,-2.003821,5.3675017,2471,bumetanide,False,0.0,,No metal,True
kd025,11950170.0,2.538814,2.616023,11950170,kd025,False,0.0,,No metal,True
chlorcyclizine,688437.0,-3.8280718,4.144349,688437,chlorcyclizine,False,0.0,,No metal,True
alclofenac,30951.0,-0.052743696,10.008243,30951,alclofenac,False,0.0,,No metal,True
hm-30181,11399764.0,1.9018975,2.5538108,11399764,hm-30181,False,0.0,,No metal,True
d-phenylalanine,71567.0,-1.1540654,9.869976,71567,d-phenylalanine,False,0.0,,No metal,True
sha-68,52951680.0,0.27441683,0.31673062,52951680,sha-68,False,0.0,,No metal,True
ivermectin,6321424.0,0.7807881,5.7419653,6321424,ivermectin,False,0.0,,No metal,True
gsk923295,46898058.0,2.094707,1.8517106,46898058,gsk923295,False,0.0,,No metal,True
medetomidine,60612.0,-4.3973007,5.0940676,60612,medetomidine,False,0.0,,No metal,True
sesamin,72307.0,-2.8499405,4.981107,72307,sesamin,False,0.0,,No metal,True
refametinib,44182295.0,-1.2239544,5.163522,44182295,refametinib,False,0.0,,No metal,True
ixazomib,25183872.0,-0.18394502,8.466567,25183872,ixazomib,False,0.0,,No metal,True
bretazenil,107926.0,-2.9874578,4.4149947,107926,bretazenil,False,0.0,,No metal,True
proxyphylline,158962.0,-3.56919,6.3983335,158962,proxyphylline,False,0.0,,No metal,True
dexmedetomidine,5311068.0,-4.4084454,5.113619,5311068,dexmedetomidine,False,0.0,,No metal,True
4-ppbp,3035672.0,-3.5817158,4.019507,3035672,4-ppbp,False,0.0,,No metal,True
emedastine,3219.0,-3.3877819,4.701003,3219,emedastine,False,0.0,,No metal,True
anr-94,11805896.0,-3.4061275,6.1384997,11805896,anr-94,False,0.0,,No metal,True
naphthoquine-phosphate,9851775.0,0.45242688,0.39860505,9851775,naphthoquine-phosphate,False,0.0,,No metal,True
isopentyl-4-methoxycinnamate,1549789.0,0.33541945,9.716916,1549789,isopentyl-4-methoxycinnamate,False,0.0,,No metal,True
u-0124,75645652.0,2.4457552,8.60914,75645652,u-0124,False,0.0,,No metal,True
vancomycin,14969.0,1.0440272,4.779203,14969,vancomycin,False,0.0,,No metal,True
5-methylhydantoin-(l),6419931.0,3.2714283,9.224285,6419931,5-methylhydantoin-(l),False,0.0,,No metal,True
sar405838,,-1.7417972,4.690916,,sar405838,False,0.0,,No metal,True
asc-j9,74891315.0,-1.9500103,4.540334,74891315,asc-j9,False,0.0,,No metal,True
carbimazole,31072.0,-0.48919097,10.579485,31072,carbimazole,False,0.0,,No metal,True
cefradine,40467109.0,1.8559872,8.294597,40467109,cefradine,False,0.0,,No metal,True
bi-409306,135908617.0,-0.9303176,0.20233582,135908617,bi-409306,False,0.0,,No metal,True
gln-1062,44240142.0,-2.6833189,4.542993,44240142,gln-1062,False,0.0,,No metal,True
somatostatin,,1.0515336,4.7754126,,somatostatin,False,0.0,,No metal,True
doxofylline,50942.0,-3.4754887,6.336426,50942,doxofylline,False,0.0,,No metal,True
tirasemtiv,23729157.0,-3.7935052,5.759831,23729157,tirasemtiv,False,0.0,,No metal,True
sobrepin,854498.0,3.3019452,8.752608,854498,sobrepin,False,0.0,,No metal,True
veliparib,11960529.0,-3.3578644,5.969075,11960529,veliparib,False,0.0,,No metal,True
5-carboxamidotryptamine,1809.0,-3.8109357,6.011068,1809,5-carboxamidotryptamine,False,0.0,,No metal,True
chuanxiongzine,14296.0,-0.5296227,10.713942,14296,chuanxiongzine,False,0.0,,No metal,True
etoxybamide,522232.0,2.652363,9.184482,522232,etoxybamide,False,0.0,,No metal,True
rgx-104,10218693.0,1.5699201,1.7415385,10218693,rgx-104,False,0.0,,No metal,True
ribavirin,37542.0,-1.0574983,8.257724,37542,ribavirin,False,0.0,,No metal,True
oleanolic-acid,10494.0,2.076756,7.1291013,10494,oleanolic-acid,False,0.0,,No metal,True
n-cyclohexyl-2-benzothiazolesulfenamide,7232.0,-3.7615917,4.5988827,7232,n-cyclohexyl-2-benzothiazolesulfenamide,False,0.0,,No metal,True
pbi-4050,24749700.0,0.09050726,10.101491,24749700,pbi-4050,False,0.0,,No metal,True
selumetinib,10127622.0,-0.3824306,0.9518241,10127622,selumetinib,False,0.0,,No metal,True
mifepristone,55245.0,0.66593236,9.324776,55245,mifepristone,False,0.0,,No metal,True
scopolamine,,-0.22595805,9.145531,,scopolamine,False,0.0,,No metal,True
octamethyltrisiloxane,24705.0,3.1863117,8.069418,24705,octamethyltrisiloxane,False,0.0,,No metal,True
scp-1,667575.0,-2.7921855,5.90824,667575,scp-1,False,0.0,,No metal,True
diphencyprone,65057.0,-0.5351524,-0.8466722,65057,diphencyprone,False,0.0,,No metal,True
benzoyl-peroxide,7187.0,-4.0720987,5.1834545,7187,benzoyl-peroxide,False,0.0,,No metal,True
acetyl-farnesyl-cysteine,6438381.0,1.5823152,6.9801054,6438381,acetyl-farnesyl-cysteine,False,0.0,,No metal,True
nonoxynol-9,72385.0,0.9044592,6.171557,72385,nonoxynol-9,False,0.0,,No metal,True
cefozopran,5491955.0,14.71755,3.9940922,5491955,cefozopran,False,0.0,,No metal,True
nerbacadol,65865.0,-0.43097642,10.449093,65865,nerbacadol,False,0.0,,No metal,True
wp1066,11210478.0,-3.0474699,4.767967,11210478,wp1066,False,0.0,,No metal,True
acpc,6971063.0,3.2847595,9.160626,6971063,acpc,False,0.0,,No metal,True
etidronic-acid,3305.0,2.3379962,9.133486,3305,etidronic-acid,False,0.0,,No metal,True
lifitegrast,11965427.0,2.2009683,1.7702621,11965427,lifitegrast,False,0.0,,No metal,True
rg7112,57406853.0,1.005669,1.8202357,57406853,rg7112,False,0.0,,No metal,True
thiethylperazine,5440.0,-2.8392513,4.153835,5440,thiethylperazine,False,0.0,,No metal,True
ethanolamine-oleate,5282489.0,1.5286026,6.7155023,5282489,ethanolamine-oleate,False,0.0,,No metal,True
sirtinol,,3.347027,1.1553979,,sirtinol,False,0.0,,No metal,True
4-damp,1734.0,15.240787,4.014799,1734,4-damp,False,0.0,,No metal,True
para-toluenesulfonamide,6269.0,-1.0775243,10.467641,6269,para-toluenesulfonamide,False,0.0,,No metal,True
volinanserin,5311271.0,-2.4694822,4.41966,5311271,volinanserin,False,0.0,,No metal,True
zoledronic-acid,68740.0,-1.1135477,8.529132,68740,zoledronic-acid,False,0.0,,No metal,True
nsp-805,,-0.16732101,9.284551,,nsp-805,False,0.0,,No metal,True
oxymetazoline,4636.0,-0.27545696,9.940225,4636,oxymetazoline,False,0.0,,No metal,True
gsk2110183,46843057.0,-0.0065302746,0.63191146,46843057,gsk2110183,False,0.0,,No metal,True
cresol,2879.0,-0.69800365,10.865581,2879,cresol,False,0.0,,No metal,True
mavatrep,17751090.0,3.3930738,1.0463583,17751090,mavatrep,False,0.0,,No metal,True
fosbretabulin,5351387.0,-1.8431462,5.1814113,5351387,fosbretabulin,False,0.0,,No metal,True
lorlatinib,78162481.0,-0.7537613,0.68211323,78162481,lorlatinib,False,0.0,,No metal,True
ppy-a,16750094.0,3.4439068,1.4712577,16750094,ppy-a,False,0.0,,No metal,True
nesbuvir,11561383.0,-0.24149676,0.96619743,11561383,nesbuvir,False,0.0,,No metal,True
tc-h-106,16070100.0,-2.4464555,4.9465685,16070100,tc-h-106,False,0.0,,No metal,True
s-methylcysteine,7058174.0,3.0872734,9.052217,7058174,s-methylcysteine,False,0.0,,No metal,True
methimazole,1349907.0,-0.78047675,10.851932,1349907,methimazole,False,0.0,,No metal,True
funapide,49836093.0,0.05743214,0.26362184,49836093,funapide,False,0.0,,No metal,True
coumophos,2871.0,-2.4593499,4.578844,2871,coumophos,False,0.0,,No metal,True
pregnenolone,8955.0,2.7319276,7.446671,8955,pregnenolone,False,0.0,,No metal,True
epothilone-a,45489244.0,0.7919485,7.7358847,45489244,epothilone-a,False,0.0,,No metal,True
fh1,94990.0,-3.47744,5.2524915,94990,fh1,False,0.0,,No metal,True
upadacitinib,58557659.0,-0.6820309,0.09391983,58557659,upadacitinib,False,0.0,,No metal,True
tripelennamine,5587.0,-3.5554585,4.438464,5587,tripelennamine,False,0.0,,No metal,True
silodosin,5312125.0,-1.0522903,5.294261,5312125,silodosin,False,0.0,,No metal,True
litronesib,25167017.0,0.20339574,7.4654117,25167017,litronesib,False,0.0,,No metal,True
pt-2385,91754484.0,-2.6975307,5.0430927,91754484,pt-2385,False,0.0,,No metal,True
a-317491,9829395.0,2.1151042,1.8370419,9829395,a-317491,False,0.0,,No metal,True
amitifadine,11658655.0,-0.1477878,10.545079,11658655,amitifadine,False,0.0,,No metal,True
baloxavir,124081876.0,-0.50001377,0.7074935,124081876,baloxavir,False,0.0,,No metal,True
cot-inhibitor-2,44143370.0,2.2493458,1.6528938,44143370,cot-inhibitor-2,False,0.0,,No metal,True
bms-935177,70647728.0,2.4971044,2.630896,70647728,bms-935177,False,0.0,,No metal,True
indibulin,2929.0,3.4742126,1.2456381,2929,indibulin,False,0.0,,No metal,True
iox2,54685215.0,-0.82513475,0.7017671,54685215,iox2,False,0.0,,No metal,True
propoxycaine,6843.0,0.3521635,8.882942,6843,propoxycaine,False,0.0,,No metal,True
abiraterone-acetate,9821849.0,0.675418,9.469659,9821849,abiraterone-acetate,False,0.0,,No metal,True
gsk9027,24882669.0,2.528372,2.666318,24882669,gsk9027,False,0.0,,No metal,True
dbpr108,44201003.0,2.3283217,8.386876,44201003,dbpr108,False,0.0,,No metal,True
elacestrant,23642301.0,0.7953917,0.9722548,23642301,elacestrant,False,0.0,,No metal,True
tak-243,71715374.0,-0.17167781,1.8880812,71715374,tak-243,False,0.0,,No metal,True
rolapitant,10311306.0,-2.2687578,4.2061367,10311306,rolapitant,False,0.0,,No metal,True
txa127,46878481.0,0.79869884,5.0936766,46878481,txa127,False,0.0,,No metal,True
btb1,291461.0,-3.3855724,5.0426397,291461,btb1,False,0.0,,No metal,True
alfacalcidol,5282181.0,2.0451896,7.0204287,5282181,alfacalcidol,False,0.0,,No metal,True
apalutamide,24872560.0,-2.1900947,4.8039236,24872560,apalutamide,False,0.0,,No metal,True
bibn4096,6918509.0,0.2542796,5.1851816,6918509,bibn4096,False,0.0,,No metal,True
sitafloxacin,461399.0,-2.5200062,5.3089213,461399,sitafloxacin,False,0.0,,No metal,True
mifobate,76958126.0,0.34158972,8.864667,76958126,mifobate,False,0.0,,No metal,True
prolylleucylglycinamide,51387302.0,2.1052384,8.938891,51387302,prolylleucylglycinamide,False,0.0,,No metal,True
sulfaquinoxaline,5338.0,-1.0015073,0.1009746,5338,sulfaquinoxaline,False,0.0,,No metal,True
apocynin,2214.0,-0.7538811,10.363762,2214,apocynin,False,0.0,,No metal,True
win-64338,132928.0,15.396974,3.8909898,132928,win-64338,False,0.0,,No metal,True
zolimidine,14652.0,-0.6809831,-0.71714073,14652,zolimidine,False,0.0,,No metal,True
purvalanol-b,448991.0,-0.24037436,1.3700362,448991,purvalanol-b,False,0.0,,No metal,True
adenosine-triphosphate,5957.0,0.09303027,6.0223384,5957,adenosine-triphosphate,False,0.0,,No metal,True
i-bza,129424.0,0.08238646,9.839243,129424,i-bza,False,0.0,,No metal,True
tg-02,16739650.0,-0.114950866,-0.011640537,16739650,tg-02,False,0.0,,No metal,True
proflavine-hemisulfate,7099.0,-0.8804856,-0.5512238,7099,proflavine-hemisulfate,False,0.0,,No metal,True
clofarabine,119182.0,-2.2549798,6.4204593,119182,clofarabine,False,0.0,,No metal,True
l-798106,15551229.0,2.7317164,1.2812438,15551229,l-798106,False,0.0,,No metal,True
veledimex,57751161.0,-2.3020775,4.171439,57751161,veledimex,False,0.0,,No metal,True
domperidone,3151.0,3.2491252,1.5283529,3151,domperidone,False,0.0,,No metal,True
plumbagin,10205.0,-0.59351724,10.262509,10205,plumbagin,False,0.0,,No metal,True
pergolide,47811.0,-3.5829628,4.387845,47811,pergolide,False,0.0,,No metal,True
pifithrin-mu,327653.0,-1.0959048,10.439941,327653,pifithrin-mu,False,0.0,,No metal,True
stattic,2779853.0,-0.64674234,10.035282,2779853,stattic,False,0.0,,No metal,True
"5,7-dichlorokynurenic-acid",1779.0,-3.8306482,5.634784,1779,"5,7-dichlorokynurenic-acid",False,0.0,,No metal,True
tioconazole,28125518.0,0.77977204,-0.124966435,28125518,tioconazole,False,0.0,,No metal,True
terguride,443951.0,-3.322369,5.1381116,443951,terguride,False,0.0,,No metal,True
iclaprim,10247560.0,-2.0261352,5.547821,10247560,iclaprim,False,0.0,,No metal,True
tetrazol-5-yl-glycine-(rs),15024268.0,-1.2657899,8.830989,15024268,tetrazol-5-yl-glycine-(rs),False,0.0,,No metal,True
s-07662,2732040.0,-0.4709497,-0.32617745,2732040,s-07662,False,0.0,,No metal,True
pramiracetam,51712.0,2.7788427,8.51825,51712,pramiracetam,False,0.0,,No metal,True
gsk503,67469117.0,2.6536582,1.4909207,67469117,gsk503,False,0.0,,No metal,True
xd-14,52670832.0,-1.6214658,5.317635,52670832,xd-14,False,0.0,,No metal,True
nebracetam,25136943.0,-0.55627936,10.349523,25136943,nebracetam,False,0.0,,No metal,True
adenosine-phosphate,6083.0,-1.5822337,6.5614853,6083,adenosine-phosphate,False,0.0,,No metal,True
medorinone,5362132.0,-4.313303,5.6736193,5362132,medorinone,False,0.0,,No metal,True
ormeloxifene,35805.0,0.87288874,0.6373851,35805,ormeloxifene,False,0.0,,No metal,True
benzofenac,91676.0,-3.6224003,4.7655344,91676,benzofenac,False,0.0,,No metal,True
u-104,310360.0,-2.8818939,5.8015175,310360,u-104,False,0.0,,No metal,True
olprinone,4593.0,-0.8753666,-0.54652745,4593,olprinone,False,0.0,,No metal,True
tcs-ox2-29,10408514.0,-2.2200358,4.7873964,10408514,tcs-ox2-29,False,0.0,,No metal,True
epirubicin,41867.0,-0.19148856,6.174911,41867,epirubicin,False,0.0,,No metal,True
gly-gln,7018836.0,2.1802943,9.037108,7018836,gly-gln,False,0.0,,No metal,True
fps-zm1,24752728.0,-3.6308236,4.027001,24752728,fps-zm1,False,0.0,,No metal,True
sphingosylphosphorylcholine,5280613.0,15.394623,3.8920345,5280613,sphingosylphosphorylcholine,False,0.0,,No metal,True
brl-54443,2438.0,-3.9266872,5.5156384,2438,brl-54443,False,0.0,,No metal,True
fenipentol,6999795.0,-0.21794055,10.575048,6999795,fenipentol,False,0.0,,No metal,True
propiverine,4942.0,-2.553655,4.2977085,4942,propiverine,False,0.0,,No metal,True
cephalomannine,6436208.0,0.37722352,5.4906754,6436208,cephalomannine,False,0.0,,No metal,True
phosphatidylcholine,446962.0,15.448844,3.8568215,446962,phosphatidylcholine,False,0.0,,No metal,True
jw-55,2946601.0,0.11609379,1.0433793,2946601,jw-55,False,0.0,,No metal,True
tetrindole,54792409.0,-3.802833,4.2364774,54792409,tetrindole,False,0.0,,No metal,True
cimetidine,2756.0,-0.7539585,8.967982,2756,cimetidine,False,0.0,,No metal,True
pancuronium,441289.0,16.291393,3.8178265,441289,pancuronium,False,0.0,,No metal,True
ro-20-1724,6998998.0,-0.036847632,9.239366,6998998,ro-20-1724,False,0.0,,No metal,True
lithium-acetoacetate,96.0,3.3759923,8.923775,96,lithium-acetoacetate,False,0.0,,No metal,True
tofogliflozin,46908929.0,-1.8650923,5.816514,46908929,tofogliflozin,False,0.0,,No metal,True
tipifarnib,159324.0,2.693063,2.7379987,159324,tipifarnib,False,0.0,,No metal,True
tiquizium,72160.0,15.25898,3.9962392,72160,tiquizium,False,0.0,,No metal,True
topotecan,60700.0,-0.75839853,1.0813361,60700,topotecan,False,0.0,,No metal,True
"4-phenyl-1,2,3,4-tetrahydroisoquinoline",11820407.0,-4.450873,5.1147532,11820407,"4-phenyl-1,2,3,4-tetrahydroisoquinoline",False,0.0,,No metal,True
palmitoleic-acid,445638.0,1.8070338,6.6054983,445638,palmitoleic-acid,False,0.0,,No metal,True
naltriben,5486827.0,-0.17737103,0.41365364,5486827,naltriben,False,0.0,,No metal,True
l-838417,9908880.0,3.316513,1.7283927,9908880,l-838417,False,0.0,,No metal,True
amg-548,11167112.0,2.635271,2.6740167,11167112,amg-548,False,0.0,,No metal,True
zm-323881,16759369.0,3.3031483,1.3029855,16759369,zm-323881,False,0.0,,No metal,True
ftorafur,288216.0,-1.0060407,10.255961,288216,ftorafur,False,0.0,,No metal,True
liarozole,76956376.0,3.6524224,1.3202245,76956376,liarozole,False,0.0,,No metal,True
licochalcone-a,5318998.0,-2.6478665,4.85244,5318998,licochalcone-a,False,0.0,,No metal,True
aspartame,6992066.0,-0.52245307,8.485126,6992066,aspartame,False,0.0,,No metal,True
jnj-10397049,9869934.0,-2.626754,4.216022,9869934,jnj-10397049,False,0.0,,No metal,True
meprylcaine,4065.0,0.13694876,9.77391,4065,meprylcaine,False,0.0,,No metal,True
rbc8,,2.9171963,1.5225886,,rbc8,False,0.0,,No metal,True
lifirafenib,89670174.0,2.8369243,1.3961159,89670174,lifirafenib,False,0.0,,No metal,True
y-320,22227931.0,0.2378649,1.2483414,22227931,y-320,False,0.0,,No metal,True
isbufylline,65681.0,-3.764748,6.0255055,65681,isbufylline,False,0.0,,No metal,True
dovitinib,135398510.0,3.3131218,1.7899758,135398510,dovitinib,False,0.0,,No metal,True
isosorbide,12597.0,2.8768523,9.225856,12597,isosorbide,False,0.0,,No metal,True
sb-228357,443390.0,0.6300735,0.31564,443390,sb-228357,False,0.0,,No metal,True
lovastatin,53232.0,1.7775633,7.5080023,53232,lovastatin,False,0.0,,No metal,True
furazolidone,5323714.0,-0.6752175,9.302223,5323714,furazolidone,False,0.0,,No metal,True
ym-976,6604918.0,-0.36267817,-0.66922283,6604918,ym-976,False,0.0,,No metal,True
tryptanthrin,73549.0,-0.7732358,-0.7119359,73549,tryptanthrin,False,0.0,,No metal,True
alpha-d-glucopyranose,79025.0,2.0487552,9.245862,79025,alpha-d-glucopyranose,False,0.0,,No metal,True
vu0238429,42633508.0,-3.0468557,4.537884,42633508,vu0238429,False,0.0,,No metal,True
prednisolone-hemisuccinate,656804.0,0.8534679,7.386633,656804,prednisolone-hemisuccinate,False,0.0,,No metal,True
sobuzoxane,5233.0,-0.07889822,6.51372,5233,sobuzoxane,False,0.0,,No metal,True
almotriptan,123606.0,-3.2116585,5.305886,123606,almotriptan,False,0.0,,No metal,True
paramethadione,51380897.0,3.363005,8.70441,51380897,paramethadione,False,0.0,,No metal,True
crenigacestat,71236992.0,-1.4563038,5.296644,71236992,crenigacestat,False,0.0,,No metal,True
fevipiprant,23582412.0,-0.19517611,0.3789734,23582412,fevipiprant,False,0.0,,No metal,True
picrotin,,2.0686326,8.735773,,picrotin,False,0.0,,No metal,True
dizocilpine-(-),6337640.0,-4.4097304,5.0668874,6337640,dizocilpine-(-),False,0.0,,No metal,True
se-methylselenocysteine,45266674.0,3.1149156,8.982585,45266674,se-methylselenocysteine,False,0.0,,No metal,True
4-tert-butylphenol,7393.0,-0.35289264,10.848445,7393,4-tert-butylphenol,False,0.0,,No metal,True
mrk-016,6918583.0,3.1600275,1.8543537,6918583,mrk-016,False,0.0,,No metal,True
tc-s-7005,24971422.0,3.271475,1.3682412,24971422,tc-s-7005,False,0.0,,No metal,True
danazol,28417.0,0.43800732,9.86057,28417,danazol,False,0.0,,No metal,True
falecalcitriol,5282190.0,1.9620689,7.0552115,5282190,falecalcitriol,False,0.0,,No metal,True
gw-405833,9911463.0,0.45662424,0.26131183,9911463,gw-405833,False,0.0,,No metal,True
dicyclohexylamine,7582.0,3.3179133,8.011873,7582,dicyclohexylamine,False,0.0,,No metal,True
telithromycin,,0.38170934,5.4791455,,telithromycin,False,0.0,,No metal,True
methylcobalamin,,0.95595616,4.903272,,methylcobalamin,True,1.0,Co,Contains metal,True
gw-438014a,6918627.0,3.576857,1.1897854,6918627,gw-438014a,False,0.0,,No metal,True
dihydroartemisinin,3000518.0,2.7746024,7.841904,3000518,dihydroartemisinin,False,0.0,,No metal,True
bx-795,10077147.0,0.24127024,1.8038116,10077147,bx-795,False,0.0,,No metal,True
bay-w-9798,2167221.0,0.33519152,9.232809,2167221,bay-w-9798,False,0.0,,No metal,True
azd1390,126689157.0,2.8348258,1.3117576,126689157,azd1390,False,0.0,,No metal,True
nadide,5893.0,14.717935,3.9931507,5893,nadide,False,0.0,,No metal,True
zset1446,10220323.0,-0.34894016,10.501952,10220323,zset1446,False,0.0,,No metal,True
sophocarpine,115269.0,3.1431603,7.949105,115269,sophocarpine,False,0.0,,No metal,True
thiophanate,3032791.0,-0.42775008,8.800769,3032791,thiophanate,False,0.0,,No metal,True
verapamil,2520.0,-1.6455251,4.4193687,2520,verapamil,False,0.0,,No metal,True
tc-fpr-43,24776341.0,0.036841657,-0.15419495,24776341,tc-fpr-43,False,0.0,,No metal,True
dalfampridine,1727.0,-1.0794277,10.6361885,1727,dalfampridine,False,0.0,,No metal,True
dideoxyadenosine,20039.0,-2.747685,6.333704,20039,dideoxyadenosine,False,0.0,,No metal,True
uc-112,3426979.0,0.021139925,-0.025265433,3426979,uc-112,False,0.0,,No metal,True
5-hmf,237332.0,-1.0441543,10.527651,237332,5-hmf,False,0.0,,No metal,True
as-77,11302540.0,3.2173867,1.325866,11302540,as-77,False,0.0,,No metal,True
tpca-1,9903786.0,-2.997801,5.8611007,9903786,tpca-1,False,0.0,,No metal,True
medrysone,247839.0,2.5692296,7.5074024,247839,medrysone,False,0.0,,No metal,True
colistimethate,,1.0835614,4.74636,,colistimethate,False,0.0,,No metal,True
caffeic-acid,689043.0,-1.2165517,9.541192,689043,caffeic-acid,False,0.0,,No metal,True
parcetasal,76961763.0,-3.0277562,5.128067,76961763,parcetasal,False,0.0,,No metal,True
dyclonine,3180.0,0.5362433,9.30241,3180,dyclonine,False,0.0,,No metal,True
tak-285,11620908.0,2.1599216,1.7725183,11620908,tak-285,False,0.0,,No metal,True
ilomastat,132519.0,-1.7378318,5.56557,132519,ilomastat,False,0.0,,No metal,True
vicriviroc,3009355.0,-1.7395684,4.53358,3009355,vicriviroc,False,0.0,,No metal,True
aminopentamide,176163.0,-3.5045211,5.0336013,176163,aminopentamide,False,0.0,,No metal,True
ax-024,56949412.0,-3.3142414,4.1267657,56949412,ax-024,False,0.0,,No metal,True
seratrodast,73346713.0,0.49826705,9.096014,73346713,seratrodast,False,0.0,,No metal,True
ccmq,3337816.0,-3.532009,5.9339123,3337816,ccmq,False,0.0,,No metal,True
thz1,73602827.0,2.166466,2.4650955,73602827,thz1,False,0.0,,No metal,True
trequinsin,,0.043277938,0.233049,,trequinsin,False,0.0,,No metal,True
conivaptan,151171.0,2.582359,2.7074134,151171,conivaptan,False,0.0,,No metal,True
urapidil,5639.0,-2.1586463,5.3819447,5639,urapidil,False,0.0,,No metal,True
tropesin,12606305.0,2.5560675,1.4120533,12606305,tropesin,False,0.0,,No metal,True
ns-8,10176749.0,-3.8591456,5.6825805,10176749,ns-8,False,0.0,,No metal,True
7-keto-dhea,9798229.0,2.4940603,7.5491405,9798229,7-keto-dhea,False,0.0,,No metal,True
pozanicline,178052.0,-0.46296042,10.292027,178052,pozanicline,False,0.0,,No metal,True
citarinostat,53340426.0,0.25217003,1.516106,53340426,citarinostat,False,0.0,,No metal,True
meldonium,123869.0,14.940355,4.3116255,123869,meldonium,False,0.0,,No metal,True
eltrombopag,,-0.06997696,1.2815802,,eltrombopag,False,0.0,,No metal,True
fipi,16739265.0,3.241745,1.5578043,16739265,fipi,False,0.0,,No metal,True
bromocriptine,31101.0,-1.1162387,5.02965,31101,bromocriptine,False,0.0,,No metal,True
otx015,9936746.0,2.6985378,1.4691317,9936746,otx015,False,0.0,,No metal,True
3-bromo-7-nitroindazole,1649.0,-4.085743,5.7441792,1649,3-bromo-7-nitroindazole,False,0.0,,No metal,True
u-18666a,9954083.0,2.205555,7.3545465,9954083,u-18666a,False,0.0,,No metal,True
isoflupredone-acetate,224246.0,1.3701108,7.69433,224246,isoflupredone-acetate,False,0.0,,No metal,True
rociletinib,57335384.0,0.34147266,1.8566225,57335384,rociletinib,False,0.0,,No metal,True
pf-06447475,72706840.0,-0.91540325,-0.039794203,72706840,pf-06447475,False,0.0,,No metal,True
tafamidis-meglumine,11001318.0,-0.19038533,-0.5286083,11001318,tafamidis-meglumine,False,0.0,,No metal,True
sildenafil,135398744.0,-0.5309051,1.3300467,135398744,sildenafil,False,0.0,,No metal,True
tedizolid,11234049.0,-0.83507746,0.9629816,11234049,tedizolid,False,0.0,,No metal,True
zaltoprofen,13306545.0,-3.6842551,4.9157786,13306545,zaltoprofen,False,0.0,,No metal,True
cl-225385,64799.0,-0.47446364,10.705138,64799,cl-225385,False,0.0,,No metal,True
gabapentin,6919078.0,3.0832796,8.747432,6919078,gabapentin,False,0.0,,No metal,True
aut-1,53230344.0,-2.6027803,5.022423,53230344,aut-1,False,0.0,,No metal,True
norelgestromin,9568628.0,2.48476,7.499898,9568628,norelgestromin,False,0.0,,No metal,True
narlaprevir,11857239.0,0.700312,6.268999,11857239,narlaprevir,False,0.0,,No metal,True
sulfathiazole,5340.0,-3.1753843,6.1276774,5340,sulfathiazole,False,0.0,,No metal,True
ethenzamide,3282.0,-0.5743964,10.469436,3282,ethenzamide,False,0.0,,No metal,True
roxithromycin,,0.90156543,5.536099,,roxithromycin,False,0.0,,No metal,True
colistin,,0.97594196,4.8812904,,colistin,False,0.0,,No metal,True
procyclidine,3044369.0,-3.357392,5.330499,3044369,procyclidine,False,0.0,,No metal,True
suramin,5361.0,0.7924004,4.9824057,5361,suramin,False,0.0,,No metal,True
miw-815,,0.11644112,5.812528,,miw-815,False,0.0,,No metal,True
rosmarinic-acid,5281792.0,-1.7310289,5.8296337,5281792,rosmarinic-acid,False,0.0,,No metal,True
troglitazone,9824580.0,-1.8712288,4.9177437,9824580,troglitazone,False,0.0,,No metal,True
"benzenemethanol,-2,5-dimethyl-[[(1-methylethyl)amino]methyl]",92279095.0,-0.40055007,10.052239,92279095,"benzenemethanol,-2,5-dimethyl-[[(1-methylethyl)amino]methyl]",False,0.0,,No metal,True
azosemide,2273.0,-0.7614067,1.0748745,2273,azosemide,False,0.0,,No metal,True
trabodenoson,11610599.0,-1.4095721,6.223452,11610599,trabodenoson,False,0.0,,No metal,True
verteporfin,,0.37523523,5.4125423,,verteporfin,False,0.0,,No metal,True
ricinoleic-acid,643684.0,1.5718694,6.6783414,643684,ricinoleic-acid,False,0.0,,No metal,True
padsevonil,52911611.0,-2.274704,4.62959,52911611,padsevonil,False,0.0,,No metal,True
palmitoylethanolamide,4671.0,1.5623608,6.694335,4671,palmitoylethanolamide,False,0.0,,No metal,True
tram-39,9861261.0,0.15384752,-0.5721796,9861261,tram-39,False,0.0,,No metal,True
sclareolide,929262.0,3.0146515,7.6837654,929262,sclareolide,False,0.0,,No metal,True
probucol,4912.0,1.0232722,0.86759216,4912,probucol,False,0.0,,No metal,True
alvimopan,5488548.0,-1.7356783,5.0731153,5488548,alvimopan,False,0.0,,No metal,True
lidocaine,3676.0,0.08012645,9.98411,3676,lidocaine,False,0.0,,No metal,True
6-diazo-5-oxo-l-norleucine,73707377.0,14.935119,4.3070345,73707377,6-diazo-5-oxo-l-norleucine,False,0.0,,No metal,True
gsk37647,743974.0,-3.4951375,4.886985,743974,gsk37647,False,0.0,,No metal,True
valbenazine,24795069.0,0.31201145,8.589328,24795069,valbenazine,False,0.0,,No metal,True
azd9496,86287635.0,0.64972866,0.4446297,86287635,azd9496,False,0.0,,No metal,True
mln1117,70798655.0,3.316811,1.8735611,70798655,mln1117,False,0.0,,No metal,True
gsk2334470,46215815.0,-0.14848341,1.5102887,46215815,gsk2334470,False,0.0,,No metal,True
tetradecylthioacetic-acid,114924.0,1.7357099,6.594496,114924,tetradecylthioacetic-acid,False,0.0,,No metal,True
florfenicol,114811.0,-0.15518719,8.819432,114811,florfenicol,False,0.0,,No metal,True
hydralazine,9351.0,-4.0298133,6.0954823,9351,hydralazine,False,0.0,,No metal,True
av-608,9917079.0,1.8931394,1.5319014,9917079,av-608,False,0.0,,No metal,True
l-741742,133008.0,0.6903354,-0.11680592,133008,l-741742,False,0.0,,No metal,True
rhodamine-123,,15.238026,4.0069513,,rhodamine-123,False,0.0,,No metal,True
sib-1757,132466061.0,-0.6465769,9.903486,132466061,sib-1757,False,0.0,,No metal,True
olanzapine,135398745.0,-3.4800966,4.8350143,135398745,olanzapine,False,0.0,,No metal,True
tak-593,24767976.0,2.848059,1.8247579,24767976,tak-593,False,0.0,,No metal,True
clopamide,12492.0,-0.22163327,9.075505,12492,clopamide,False,0.0,,No metal,True
isaxonine,71169.0,-0.8469096,10.496624,71169,isaxonine,False,0.0,,No metal,True
ebpc,6919079.0,-0.493073,9.44398,6919079,ebpc,False,0.0,,No metal,True
cefpirome,6917675.0,14.73385,4.0025926,6917675,cefpirome,False,0.0,,No metal,True
kt-433,3874929.0,-0.25817195,-0.021380022,3874929,kt-433,False,0.0,,No metal,True
l-proline,6971047.0,3.3204668,9.102991,6971047,l-proline,False,0.0,,No metal,True
benethamine,65055.0,-4.0368047,4.8552,65055,benethamine,False,0.0,,No metal,True
napabucasin,10331844.0,-4.0520353,5.317577,10331844,napabucasin,False,0.0,,No metal,True
erdafitinib,67462786.0,2.6218402,1.6010821,67462786,erdafitinib,False,0.0,,No metal,True
a77636,,0.009336355,9.541353,,a77636,False,0.0,,No metal,True
sulmetozine,65790.0,-0.13051152,9.410786,65790,sulmetozine,False,0.0,,No metal,True
ro-5126766,16719221.0,2.7200663,1.9702232,16719221,ro-5126766,False,0.0,,No metal,True
lasmiditan,11610526.0,-2.7408938,4.817196,11610526,lasmiditan,False,0.0,,No metal,True
rg1530,,-2.9119728,4.9436626,,rg1530,False,0.0,,No metal,True
malathion,12358970.0,0.38843703,8.635246,12358970,malathion,False,0.0,,No metal,True
mavoglurant,9926832.0,0.2237718,9.940811,9926832,mavoglurant,False,0.0,,No metal,True
traxoprodil,219101.0,-2.7326016,5.5127096,219101,traxoprodil,False,0.0,,No metal,True
sorafenib,216239.0,0.4416366,0.81222194,216239,sorafenib,False,0.0,,No metal,True
tannic-acid,16129778.0,1.0771569,4.744321,16129778,tannic-acid,False,0.0,,No metal,True
bunazosin,2472.0,-1.9557216,5.498574,2472,bunazosin,False,0.0,,No metal,True
caroxazone,29083.0,-0.8549375,9.95077,29083,caroxazone,False,0.0,,No metal,True
1-phenylbiguanide,4780.0,-1.2643447,9.439296,4780,1-phenylbiguanide,False,0.0,,No metal,True
cw-008,59528098.0,2.887527,2.614288,59528098,cw-008,False,0.0,,No metal,True
chf5074,9996409.0,-3.6576684,4.2102666,9996409,chf5074,False,0.0,,No metal,True
betamethasone-butyrate-propionate,71470.0,1.0472586,7.3346777,71470,betamethasone-butyrate-propionate,False,0.0,,No metal,True
suprofen,688581.0,-3.7043378,5.014803,688581,suprofen,False,0.0,,No metal,True
bromebric-acid,5284375.0,-0.16180073,9.763235,5284375,bromebric-acid,False,0.0,,No metal,True
propagermanium,83030.0,2.1128361,8.642045,83030,propagermanium,False,0.0,,No metal,True
cardionogen-1,663145.0,-0.675588,-0.61197954,663145,cardionogen-1,False,0.0,,No metal,True
flurizan,92337.0,-4.070941,4.66961,92337,flurizan,False,0.0,,No metal,True
benznidazole,31593.0,-3.202476,5.9727445,31593,benznidazole,False,0.0,,No metal,True
torin-1,49836027.0,2.4325795,2.6578903,49836027,torin-1,False,0.0,,No metal,True
pyridoxal-isonicotinoyl-hydrazone,135409539.0,-2.5014484,6.221129,135409539,pyridoxal-isonicotinoyl-hydrazone,False,0.0,,No metal,True
pf-3845,25154867.0,0.6021183,0.5371958,25154867,pf-3845,False,0.0,,No metal,True
methyl-nicotinate,7151.0,-0.9460946,10.548273,7151,methyl-nicotinate,False,0.0,,No metal,True
gw-583340,5329480.0,2.0286925,2.4830275,5329480,gw-583340,False,0.0,,No metal,True
unc0631,53315868.0,0.7289091,2.032367,53315868,unc0631,False,0.0,,No metal,True
hydroquinidine,91503.0,-3.0485554,4.8290405,91503,hydroquinidine,False,0.0,,No metal,True
etp-45658,25229608.0,-0.9575969,0.16748492,25229608,etp-45658,False,0.0,,No metal,True
sincalide,9833444.0,0.9772537,4.8358016,9833444,sincalide,False,0.0,,No metal,True
ci-923,76971447.0,-3.3595881,5.1325393,76971447,ci-923,False,0.0,,No metal,True
valganciclovir,135483663.0,-1.5124544,6.4848437,135483663,valganciclovir,False,0.0,,No metal,True
promestriene,9883915.0,0.6268778,9.635782,9883915,promestriene,False,0.0,,No metal,True
mephenytoin,107921.0,-0.47415826,10.247448,107921,mephenytoin,False,0.0,,No metal,True
iohexol,6604427.0,0.012130433,6.217525,6604427,iohexol,False,0.0,,No metal,True
elafibranor,9864881.0,-2.3180146,4.236693,9864881,elafibranor,False,0.0,,No metal,True
bms-983970,73388374.0,-1.2326589,4.966909,73388374,bms-983970,False,0.0,,No metal,True
ginsenoside-re,441921.0,0.87968796,5.3540487,441921,ginsenoside-re,False,0.0,,No metal,True
stf-118804,20916937.0,2.8552551,1.5625424,20916937,stf-118804,False,0.0,,No metal,True
resiquimod,159603.0,-0.83149236,0.3348981,159603,resiquimod,False,0.0,,No metal,True
nan-190,4431.0,-2.237094,4.623687,4431,nan-190,False,0.0,,No metal,True
halofantrine,36688213.0,1.028739,0.81008196,36688213,halofantrine,False,0.0,,No metal,True
flurofamide,51173.0,-1.2128713,9.429934,51173,flurofamide,False,0.0,,No metal,True
pimavanserin,10071196.0,-2.3525958,4.249575,10071196,pimavanserin,False,0.0,,No metal,True
phenazone,2206.0,-4.429101,5.3655343,2206,phenazone,False,0.0,,No metal,True
indeloxazine,67212739.0,-0.30551085,10.08023,67212739,indeloxazine,False,0.0,,No metal,True
kpt-9274,117779453.0,2.1889074,2.5015812,117779453,kpt-9274,False,0.0,,No metal,True
clindamycin-phosphate,443385.0,0.5751881,7.2816095,443385,clindamycin-phosphate,False,0.0,,No metal,True
leniolisib,57495353.0,-1.8281318,5.2467074,57495353,leniolisib,False,0.0,,No metal,True
darolutamide,121489720.0,-0.60428756,0.9398509,121489720,darolutamide,False,0.0,,No metal,True
alfadolone-acetate,24733.0,1.8716316,7.5891476,24733,alfadolone-acetate,False,0.0,,No metal,True
idronoxil,219100.0,-3.7361274,5.639398,219100,idronoxil,False,0.0,,No metal,True
pd-118057,9864959.0,0.6316501,0.1328927,9864959,pd-118057,False,0.0,,No metal,True
cep-33779,57336812.0,2.9772081,1.7380489,57336812,cep-33779,False,0.0,,No metal,True
mrk-409,22609888.0,3.2555637,1.6980336,22609888,mrk-409,False,0.0,,No metal,True
ubp-302,6420161.0,-2.1291816,6.239018,6420161,ubp-302,False,0.0,,No metal,True
clindamycin-palmitate,16052039.0,0.8841119,6.1753335,16052039,clindamycin-palmitate,False,0.0,,No metal,True
td139,73774610.0,-0.07845422,5.932309,73774610,td139,False,0.0,,No metal,True
succinic-acid,21952380.0,3.1571949,9.011376,21952380,succinic-acid,False,0.0,,No metal,True
bms-986142,86582336.0,2.493571,2.5087333,86582336,bms-986142,False,0.0,,No metal,True
difenpiramide,100472.0,-0.36709905,-0.5795874,100472,difenpiramide,False,0.0,,No metal,True
brincidofovir,483477.0,0.8852593,6.191349,483477,brincidofovir,False,0.0,,No metal,True
hexetidine,,1.7270983,6.8852177,,hexetidine,False,0.0,,No metal,True
riboflavin-5-phosphate-sodium,643976.0,-0.12688866,6.4769907,643976,riboflavin-5-phosphate-sodium,False,0.0,,No metal,True
sacubitril,9811834.0,-1.8289272,4.831564,9811834,sacubitril,False,0.0,,No metal,True
benztropine-mesylate,,-3.6965525,4.037196,,benztropine-mesylate,False,0.0,,No metal,True
dihomo-gamma-linolenic-acid,5280581.0,1.7456468,6.5390544,5280581,dihomo-gamma-linolenic-acid,False,0.0,,No metal,True
pyrazoloacridine,,-0.31007823,0.8813179,,pyrazoloacridine,False,0.0,,No metal,True
gnf-5,44129660.0,-0.36340502,1.1453278,44129660,gnf-5,False,0.0,,No metal,True
ritanserin,5074.0,3.2327657,1.1000199,5074,ritanserin,False,0.0,,No metal,True
alda-1,831629.0,-3.605209,4.7735476,831629,alda-1,False,0.0,,No metal,True
freselestat,46936829.0,-0.3947541,1.6388345,46936829,freselestat,False,0.0,,No metal,True
cgp-57380,11644425.0,-1.1260461,0.10879103,11644425,cgp-57380,False,0.0,,No metal,True
erythromycin-estolate,,0.8780296,5.5726733,,erythromycin-estolate,False,0.0,,No metal,True
verucerfont,11596613.0,2.9055812,1.5940932,11596613,verucerfont,False,0.0,,No metal,True
toltrazuril,68591.0,-0.46019942,0.558102,68591,toltrazuril,False,0.0,,No metal,True
20-hete,5283157.0,1.5615617,6.7031684,5283157,20-hete,False,0.0,,No metal,True
nbqx,3272524.0,-0.9823802,0.9125564,3272524,nbqx,False,0.0,,No metal,True
tirofiban,60947.0,0.4278854,7.7149796,60947,tirofiban,False,0.0,,No metal,True
amg-337,44181686.0,2.7169116,2.3958075,44181686,amg-337,False,0.0,,No metal,True
florifenine,216222.0,0.48018628,0.59630483,216222,florifenine,False,0.0,,No metal,True
sdz-nkt-343,9851211.0,2.1194468,1.7549789,9851211,sdz-nkt-343,False,0.0,,No metal,True
bax-channel-blocker,981054.0,0.036201935,0.017856995,981054,bax-channel-blocker,False,0.0,,No metal,True
cb-839,71577426.0,2.0123782,2.0555248,71577426,cb-839,False,0.0,,No metal,True
zk-93426,115210.0,-0.3668239,-0.27932984,115210,zk-93426,False,0.0,,No metal,True
phytonadione,5284607.0,1.4848711,6.3560567,5284607,phytonadione,False,0.0,,No metal,True
xl041,49787490.0,2.1723778,1.6770228,49787490,xl041,False,0.0,,No metal,True
parbendazole,26596.0,-3.4810078,5.4049606,26596,parbendazole,False,0.0,,No metal,True
cinaciguat,9808022.0,1.5414281,1.8090557,9808022,cinaciguat,False,0.0,,No metal,True
u-50488-(-),6604724.0,0.58758825,9.61462,6604724,u-50488-(-),False,0.0,,No metal,True
emd-386088,10131112.0,-4.049139,5.2803583,10131112,emd-386088,False,0.0,,No metal,True
cortodoxone,440707.0,2.0739784,7.714082,440707,cortodoxone,False,0.0,,No metal,True
sotrastaurin,10296883.0,3.1584086,1.814636,10296883,sotrastaurin,False,0.0,,No metal,True
bay-60-6583,11717831.0,-1.7216665,5.59082,11717831,bay-60-6583,False,0.0,,No metal,True
sq-22536,22879197.0,-3.6262352,6.077219,22879197,sq-22536,False,0.0,,No metal,True
phensuximide,6604215.0,-0.4622054,10.596771,6604215,phensuximide,False,0.0,,No metal,True
anandamide,5281969.0,1.5573567,6.656645,5281969,anandamide,False,0.0,,No metal,True
pralidoxime,4884.0,14.977975,4.287624,4884,pralidoxime,False,0.0,,No metal,True
tafenoquine,76969188.0,0.4688245,1.2592756,76969188,tafenoquine,False,0.0,,No metal,True
zaltidine,56051.0,-3.0495818,6.0319,56051,zaltidine,False,0.0,,No metal,True
ots514,67448836.0,3.401374,1.5874475,67448836,ots514,False,0.0,,No metal,True
cefoxitin,441199.0,-0.13354813,7.5114393,441199,cefoxitin,False,0.0,,No metal,True
gyki-52466,3538.0,-3.3230395,5.1276784,3538,gyki-52466,False,0.0,,No metal,True
gw-2580,11617559.0,-0.4724391,1.1545417,11617559,gw-2580,False,0.0,,No metal,True
formestane,,2.724612,7.6269727,,formestane,False,0.0,,No metal,True
l-methionine,6992087.0,3.0411763,8.909222,6992087,l-methionine,False,0.0,,No metal,True
nornicotine,93047.0,-0.6237935,10.771722,93047,nornicotine,False,0.0,,No metal,True
idoxuridine,5905.0,-1.0678936,8.669491,5905,idoxuridine,False,0.0,,No metal,True
quinapril,54892.0,-1.6621366,5.1040215,54892,quinapril,False,0.0,,No metal,True
l-leucine,7045798.0,3.1112285,8.87167,7045798,l-leucine,False,0.0,,No metal,True
sal003,2252542.0,-2.6611712,4.195206,2252542,sal003,False,0.0,,No metal,True
vorinostat,5311.0,-0.046327807,9.030637,5311,vorinostat,False,0.0,,No metal,True
calhex-231,11849514.0,0.67608035,0.19306788,11849514,calhex-231,False,0.0,,No metal,True
eprobemide,65659.0,-0.06934793,9.751495,65659,eprobemide,False,0.0,,No metal,True
tba-354,49836057.0,-0.18320024,1.1150846,49836057,tba-354,False,0.0,,No metal,True
pyrotinib,51039030.0,2.004787,1.9748517,51039030,pyrotinib,False,0.0,,No metal,True
cct-031374,2853753.0,0.07034173,-0.2823791,2853753,cct-031374,False,0.0,,No metal,True
balofloxacin,40490624.0,-2.1922178,5.376643,40490624,balofloxacin,False,0.0,,No metal,True
mm-206,102514675.0,2.8128097,1.2007853,102514675,mm-206,False,0.0,,No metal,True
bosentan,104865.0,1.9842564,2.1476123,104865,bosentan,False,0.0,,No metal,True
potassium-p-aminobenzoate,978.0,-1.38557,10.148051,978,potassium-p-aminobenzoate,False,0.0,,No metal,True
bendroflumethiazide,9845085.0,-2.2284806,5.762532,9845085,bendroflumethiazide,False,0.0,,No metal,True
le-135,10410894.0,0.8231619,0.39530504,10410894,le-135,False,0.0,,No metal,True
nortriptyline,4543.0,-3.9360027,4.4788365,4543,nortriptyline,False,0.0,,No metal,True
gw-843682x,9826308.0,2.7888763,1.4680755,9826308,gw-843682x,False,0.0,,No metal,True
avex-73,76968108.0,-3.8181744,4.2016034,76968108,avex-73,False,0.0,,No metal,True
bifemelane,2377.0,-3.4490008,4.2738085,2377,bifemelane,False,0.0,,No metal,True
dipyrocetyl,68093.0,-0.69672215,9.386502,68093,dipyrocetyl,False,0.0,,No metal,True
glpg0492-r-enantiomer,59317173.0,-2.6695352,5.0459375,59317173,glpg0492-r-enantiomer,False,0.0,,No metal,True
ly2811376,44251605.0,-3.178328,5.0878706,44251605,ly2811376,False,0.0,,No metal,True
unc0642,53315878.0,-1.351426,4.5751133,53315878,unc0642,False,0.0,,No metal,True
k-858,686905.0,-0.30041313,9.644751,686905,k-858,False,0.0,,No metal,True
caccinh-a01,747218.0,-2.8213384,5.0028567,747218,caccinh-a01,False,0.0,,No metal,True
gsk3117391,53630042.0,0.27522948,8.040559,53630042,gsk3117391,False,0.0,,No metal,True
crt0044876,81409.0,-3.7190914,5.9557586,81409,crt0044876,False,0.0,,No metal,True
homoquinolinic-acid,3080554.0,-1.1451046,9.591712,3080554,homoquinolinic-acid,False,0.0,,No metal,True
dimesna,65626.0,2.1744728,8.682638,65626,dimesna,False,0.0,,No metal,True
pk-11195,24839733.0,0.35213292,-0.36584207,24839733,pk-11195,False,0.0,,No metal,True
amibegron,3035442.0,-1.9616175,4.805304,3035442,amibegron,False,0.0,,No metal,True
coenzyme-a,87642.0,0.47139412,5.5663605,87642,coenzyme-a,False,0.0,,No metal,True
atenolol-(+),180559.0,-0.526055,8.776186,180559,atenolol-(+),False,0.0,,No metal,True
8-m-pdot,92211535.0,-0.22696485,10.221375,92211535,8-m-pdot,False,0.0,,No metal,True
ic261,5288600.0,-3.0648308,4.9034686,5288600,ic261,False,0.0,,No metal,True
kainic-acid,44338126.0,2.5957286,8.94961,44338126,kainic-acid,False,0.0,,No metal,True
acetriazoic-acid,6806.0,-1.421449,4.4195127,6806,acetriazoic-acid,False,0.0,,No metal,True
piroctone-olamine,38988592.0,0.12268073,10.261033,38988592,piroctone-olamine,False,0.0,,No metal,True
diphenyleneiodonium,,-4.4016666,4.9719834,,diphenyleneiodonium,False,0.0,,No metal,True
sofosbuvir,45375808.0,-0.67777807,5.6606274,45375808,sofosbuvir,False,0.0,,No metal,True
snap-5089,10326374.0,0.7176984,1.8561139,10326374,snap-5089,False,0.0,,No metal,True
arry-334543,42642648.0,2.4402459,1.7184716,42642648,arry-334543,False,0.0,,No metal,True
epalrestat,1549120.0,0.17534167,9.437421,1549120,epalrestat,False,0.0,,No metal,True
nsc-4644,72326.0,2.080759,7.0958986,72326,nsc-4644,False,0.0,,No metal,True
piperacetazine,19675.0,-2.2998958,4.2537193,19675,piperacetazine,False,0.0,,No metal,True
ml10302,5311299.0,0.15584299,9.094177,5311299,ml10302,False,0.0,,No metal,True
cinchocaine,3025.0,-2.2674942,4.5467544,3025,cinchocaine,False,0.0,,No metal,True
telatinib,9808844.0,2.9227214,1.7882413,9808844,telatinib,False,0.0,,No metal,True
dmp-777,177992.0,-1.224415,4.8612733,177992,dmp-777,False,0.0,,No metal,True
avadomide,24967954.0,-2.8034372,6.284835,24967954,avadomide,False,0.0,,No metal,True
sr-11302,9976842.0,1.908821,6.8745055,9976842,sr-11302,False,0.0,,No metal,True
estropipate,3001028.0,0.1745233,9.248891,3001028,estropipate,False,0.0,,No metal,True
mm77,3994476.0,0.24379346,8.851344,3994476,mm77,False,0.0,,No metal,True
ganoderic-acid-a,471002.0,1.1281377,7.230149,471002,ganoderic-acid-a,False,0.0,,No metal,True
wehi-345-analog,56602558.0,2.9402719,1.8290551,56602558,wehi-345-analog,False,0.0,,No metal,True
pf-05190457,58438464.0,2.7980773,1.4027878,58438464,pf-05190457,False,0.0,,No metal,True
alcaftadine,19371515.0,-3.8191783,4.9266534,19371515,alcaftadine,False,0.0,,No metal,True
f-16915,14671646.0,1.4644214,6.3779078,14671646,f-16915,False,0.0,,No metal,True
dmeob,6891506.0,-3.447097,4.497812,6891506,dmeob,False,0.0,,No metal,True
hypericin,,2.4452734,2.6084573,,hypericin,False,0.0,,No metal,True
cariporide,151172.0,-0.86172104,9.156794,151172,cariporide,False,0.0,,No metal,True
sisomicin-sulfate,36119.0,0.23547082,6.405033,36119,sisomicin-sulfate,False,0.0,,No metal,True
linopirdine,3932.0,3.3964972,1.1164079,3932,linopirdine,False,0.0,,No metal,True
zeatin,449093.0,-2.9881089,6.1462913,449093,zeatin,False,0.0,,No metal,True
vecabrutinib,72547837.0,-1.3304015,5.270588,72547837,vecabrutinib,False,0.0,,No metal,True
tmc647055,44556044.0,0.2766764,1.525736,44556044,tmc647055,False,0.0,,No metal,True
ci-976,122327.0,1.418707,6.4735394,122327,ci-976,False,0.0,,No metal,True
2-pmdq,,-3.0418613,5.188215,,2-pmdq,False,0.0,,No metal,True
4-mu-8c,12934390.0,-3.9943929,5.842025,12934390,4-mu-8c,False,0.0,,No metal,True
etafenone,3275.0,-2.6196077,4.197498,3275,etafenone,False,0.0,,No metal,True
jw-67,644733.0,-2.4944966,5.83474,644733,jw-67,False,0.0,,No metal,True
2'-c-methylguanosine,135433495.0,-1.6990426,6.587062,135433495,2'-c-methylguanosine,False,0.0,,No metal,True
2-fluoro-2-deoxy-d-galactose,445913.0,2.2040944,9.243284,445913,2-fluoro-2-deoxy-d-galactose,False,0.0,,No metal,True
naproxen,156391.0,-4.046144,5.092671,156391,naproxen,False,0.0,,No metal,True
azd5438,16747683.0,-0.41501233,0.5969179,16747683,azd5438,False,0.0,,No metal,True
loperamide,3955.0,0.77765065,0.5992425,3955,loperamide,False,0.0,,No metal,True
lumateperone,21302490.0,-2.822401,4.2854376,21302490,lumateperone,False,0.0,,No metal,True
ronidazole,5094.0,-0.80351526,9.245354,5094,ronidazole,False,0.0,,No metal,True
tenylidone,1550999.0,-3.7998486,4.093996,1550999,tenylidone,False,0.0,,No metal,True
carboxyamidotriazole,108144.0,-0.6282508,0.91244847,108144,carboxyamidotriazole,False,0.0,,No metal,True
ki-8751,11317348.0,2.6945329,1.2844406,11317348,ki-8751,False,0.0,,No metal,True
fudosteine,36689154.0,2.4871998,9.05438,36689154,fudosteine,False,0.0,,No metal,True
palifosfamide,100427.0,2.9320784,8.683306,100427,palifosfamide,False,0.0,,No metal,True
nolatrexed,135400184.0,-1.0462184,0.01577335,135400184,nolatrexed,False,0.0,,No metal,True
gsk-j5,78243729.0,-0.114214204,1.132905,78243729,gsk-j5,False,0.0,,No metal,True
lx1031,23633604.0,2.1761427,1.8467242,23633604,lx1031,False,0.0,,No metal,True
pd1-pdl-inhibitor-1,91663303.0,0.6881568,1.0990697,91663303,pd1-pdl-inhibitor-1,False,0.0,,No metal,True
isovaleramide,10930.0,3.5056355,8.716112,10930,isovaleramide,False,0.0,,No metal,True
sonepiprazole,133079.0,-2.2452502,5.2258224,133079,sonepiprazole,False,0.0,,No metal,True
trigonelline,5571.0,14.963193,4.3023357,5571,trigonelline,False,0.0,,No metal,True
camphor-(1r),5284500.0,3.502324,8.12377,5284500,camphor-(1r),False,0.0,,No metal,True
doxifluridine,18343.0,-1.1213274,8.6468935,18343,doxifluridine,False,0.0,,No metal,True
trv130,66553195.0,-2.387617,4.2711463,66553195,trv130,False,0.0,,No metal,True
troxipide,40467000.0,-0.26900178,8.993839,40467000,troxipide,False,0.0,,No metal,True
lanabecestat,,-2.4958673,4.643362,,lanabecestat,False,0.0,,No metal,True
sucralose,71485.0,1.4263965,8.581996,71485,sucralose,False,0.0,,No metal,True
wb-4101,13305910.0,-2.192279,4.8633256,13305910,wb-4101,False,0.0,,No metal,True
sp-420,135511704.0,0.08224803,8.300133,135511704,sp-420,False,0.0,,No metal,True
blebbistatin-(-),5287792.0,-3.4748604,5.067985,5287792,blebbistatin-(-),False,0.0,,No metal,True
tc-ot-39,135413563.0,0.31053084,1.5945038,135413563,tc-ot-39,False,0.0,,No metal,True
rosiptor,76965484.0,2.1458204,7.6574426,76965484,rosiptor,False,0.0,,No metal,True
rebamipide,969464.0,-0.6502419,0.4964463,969464,rebamipide,False,0.0,,No metal,True
diflunisal,3059.0,-3.8500597,5.4565043,3059,diflunisal,False,0.0,,No metal,True
zm-306416,5329006.0,-0.24650507,-0.17134418,5329006,zm-306416,False,0.0,,No metal,True
capreomycin,,0.4890187,6.1203065,,capreomycin,False,0.0,,No metal,True
etanidazole,3276.0,-1.0221584,8.900517,3276,etanidazole,False,0.0,,No metal,True
itd-1,71512660.0,-2.6468,4.138269,71512660,itd-1,False,0.0,,No metal,True
s-isopropylisothiourea,445319.0,3.3262656,9.013478,445319,s-isopropylisothiourea,False,0.0,,No metal,True
lomeguatrib,3025944.0,-0.9854044,0.14145315,3025944,lomeguatrib,False,0.0,,No metal,True
aceglutamide,182230.0,2.456787,9.137225,182230,aceglutamide,False,0.0,,No metal,True
cabaletta,7427.0,0.28579995,6.4768457,7427,cabaletta,False,0.0,,No metal,True
protionamide,666418.0,-0.50606805,10.583816,666418,protionamide,False,0.0,,No metal,True
lomefloxacin,6603903.0,-2.8486102,5.659606,6603903,lomefloxacin,False,0.0,,No metal,True
sb-742457,11256720.0,-0.70049375,0.17638394,11256720,sb-742457,False,0.0,,No metal,True
ethacridine-lactate-monohydrate,2017.0,-0.9533671,-0.25334698,2017,ethacridine-lactate-monohydrate,False,0.0,,No metal,True
levodropropizine,65859.0,-1.0039387,9.657892,65859,levodropropizine,False,0.0,,No metal,True
ldn-57444,51537051.0,-3.111803,4.2553606,51537051,ldn-57444,False,0.0,,No metal,True
cyclocreatine,2896.0,2.780005,9.172498,2896,cyclocreatine,False,0.0,,No metal,True
tulobuterol,688591.0,-0.2945984,10.059274,688591,tulobuterol,False,0.0,,No metal,True
miltefosine,3600.0,15.401191,3.886076,3600,miltefosine,False,0.0,,No metal,True
gr-113808,119376.0,-2.2145529,5.2074966,119376,gr-113808,False,0.0,,No metal,True
orphenadrine,736041.0,-3.6006138,4.1807113,736041,orphenadrine,False,0.0,,No metal,True
rg108,702558.0,-0.8408302,0.041016877,702558,rg108,False,0.0,,No metal,True
streptozotocin,124202159.0,1.7328565,9.087925,124202159,streptozotocin,False,0.0,,No metal,True
ldn-212854,60182388.0,2.902477,2.666173,60182388,ldn-212854,False,0.0,,No metal,True
e3330,6439397.0,1.4229175,7.0643616,6439397,e3330,False,0.0,,No metal,True
mequinol,9015.0,-0.7391266,10.786034,9015,mequinol,False,0.0,,No metal,True
pht-427,44240850.0,-1.7501304,4.3583164,44240850,pht-427,False,0.0,,No metal,True
sancycline,,-0.17853984,7.345295,,sancycline,False,0.0,,No metal,True
atracurium,73416109.0,16.28015,3.810321,73416109,atracurium,False,0.0,,No metal,True
cyproheptadine,2913.0,-3.976666,4.2022734,2913,cyproheptadine,False,0.0,,No metal,True
bgt226,11978790.0,2.5703244,2.6322186,11978790,bgt226,False,0.0,,No metal,True
az-10606120,10310632.0,-1.5636966,5.0751214,10310632,az-10606120,False,0.0,,No metal,True
enilconazole,6992070.0,-3.6046116,4.1390204,6992070,enilconazole,False,0.0,,No metal,True
kakonein,25790885.0,-0.700099,6.209608,25790885,kakonein,False,0.0,,No metal,True
sb-743921,9936388.0,2.5042198,1.3745253,9936388,sb-743921,False,0.0,,No metal,True
sr-3677,93600633.0,-0.50618744,1.051129,93600633,sr-3677,False,0.0,,No metal,True
enzalutamide,15951529.0,-2.372143,4.614688,15951529,enzalutamide,False,0.0,,No metal,True
glpg1837,117857370.0,-2.4940495,5.7733936,117857370,glpg1837,False,0.0,,No metal,True
ntncb,,-1.547254,4.796704,,ntncb,False,0.0,,No metal,True
glpg0492,59317190.0,-2.6562371,5.038874,59317190,glpg0492,False,0.0,,No metal,True
"3,4-dcpg-(s)",16062593.0,-1.2203134,8.620191,16062593,"3,4-dcpg-(s)",False,0.0,,No metal,True
rgfp966,56650312.0,0.05750071,0.12836039,56650312,rgfp966,False,0.0,,No metal,True
raclopride,3033769.0,0.11425373,9.1444845,3033769,raclopride,False,0.0,,No metal,True
ac-710,54760053.0,0.6564633,1.6822208,54760053,ac-710,False,0.0,,No metal,True
ammonium-glycyrrhizinate,14982.0,0.8764259,5.4934764,14982,ammonium-glycyrrhizinate,False,0.0,,No metal,True
aminoguanidine,2146.0,3.1172016,9.29699,2146,aminoguanidine,False,0.0,,No metal,True
crenolanib,10366136.0,3.0648506,1.5941021,10366136,crenolanib,False,0.0,,No metal,True
meisoindigo,,-4.0733266,5.330957,,meisoindigo,False,0.0,,No metal,True
2-hydroxyflutamide,91649.0,-0.26254576,9.235001,91649,2-hydroxyflutamide,False,0.0,,No metal,True
amg458,24764449.0,2.303864,2.529352,24764449,amg458,False,0.0,,No metal,True
erythromycin-ethylsuccinate,132274075.0,0.9173481,5.551438,132274075,erythromycin-ethylsuccinate,False,0.0,,No metal,True
maprotiline,,-3.811814,4.317171,,maprotiline,False,0.0,,No metal,True
guanfacine,3519.0,-1.0478476,9.70888,3519,guanfacine,False,0.0,,No metal,True
rs-56812,6604789.0,-3.495997,5.511772,6604789,rs-56812,False,0.0,,No metal,True
2-deoxy-2-([methyl(nitroso)carbamoyl]amino)hexose,,1.6859564,9.059767,,2-deoxy-2-([methyl(nitroso)carbamoyl]amino)hexose,False,0.0,,No metal,True
lindane,,3.1870255,7.8540244,,lindane,False,0.0,,No metal,True
4-methylgenistein,5280373.0,-0.97693235,-0.037740834,5280373,4-methylgenistein,False,0.0,,No metal,True
zd-7155,4673492.0,3.0574327,1.4495339,4673492,zd-7155,False,0.0,,No metal,True
noscapine,275196.0,-1.9157033,5.2623167,275196,noscapine,False,0.0,,No metal,True
dexniguldipine,6918097.0,0.7939138,1.9270853,6918097,dexniguldipine,False,0.0,,No metal,True
protoporphyrin-ix,,0.785303,1.5895338,,protoporphyrin-ix,False,0.0,,No metal,True
estradiol-benzoate,222757.0,-3.0899158,4.0909424,222757,estradiol-benzoate,False,0.0,,No metal,True
efletirizine,66003.0,-2.3497624,4.529106,66003,efletirizine,False,0.0,,No metal,True
etretinate,5282375.0,0.6553499,9.358063,5282375,etretinate,False,0.0,,No metal,True
moclobemide,4235.0,-0.2728143,10.014785,4235,moclobemide,False,0.0,,No metal,True
cyproterone-acetate,9880.0,2.3041625,7.412521,9880,cyproterone-acetate,False,0.0,,No metal,True
homosalate,41097438.0,0.2807256,10.030034,41097438,homosalate,False,0.0,,No metal,True
bergenin,66065.0,-0.7951324,7.9730234,66065,bergenin,False,0.0,,No metal,True
proxodolol,940099.0,-1.9755509,5.2187886,940099,proxodolol,False,0.0,,No metal,True
whi-p154,3795.0,-0.5615809,0.37336642,3795,whi-p154,False,0.0,,No metal,True
arofylline,166553.0,-0.78096294,-0.4818441,166553,arofylline,False,0.0,,No metal,True
apck-110,24786010.0,3.543134,1.3522197,24786010,apck-110,False,0.0,,No metal,True
gant-61,421610.0,0.43430063,0.3632057,421610,gant-61,False,0.0,,No metal,True
gedunin,12004512.0,0.69870734,7.9335213,12004512,gedunin,False,0.0,,No metal,True
vadadustat,23634441.0,-2.707865,5.855209,23634441,vadadustat,False,0.0,,No metal,True
gs-9620,46241268.0,-1.5779015,5.2060714,46241268,gs-9620,False,0.0,,No metal,True
mk-8998,24765479.0,-2.6333487,4.29431,24765479,mk-8998,False,0.0,,No metal,True
rmc-4550,134183206.0,-2.1296272,5.0916758,134183206,rmc-4550,False,0.0,,No metal,True
1e-1-(2-hydroxy-5-methylphenyl)-1-dodecanone-oxime,,1.5573418,6.6597476,,1e-1-(2-hydroxy-5-methylphenyl)-1-dodecanone-oxime,False,0.0,,No metal,True
a-412997,10425450.0,-3.3192632,4.858445,10425450,a-412997,False,0.0,,No metal,True
sis3,10138988.0,3.2170389,1.1983886,10138988,sis3,False,0.0,,No metal,True
amprenavir,65016.0,-0.9194204,5.459543,65016,amprenavir,False,0.0,,No metal,True
acebutolol,657184.0,0.13654391,8.394271,657184,acebutolol,False,0.0,,No metal,True
edo-s101,46836227.0,-1.8537785,4.756372,46836227,edo-s101,False,0.0,,No metal,True
cephapirin,30699.0,-0.026028275,7.825662,30699,cephapirin,False,0.0,,No metal,True
omeprazole-sulfide,155794.0,-0.30401853,-0.07567277,155794,omeprazole-sulfide,False,0.0,,No metal,True
clopidol,18087.0,-0.36599278,10.824488,18087,clopidol,False,0.0,,No metal,True
melevodopa,23497.0,-1.0294005,9.033204,23497,melevodopa,False,0.0,,No metal,True
ys-035,5714.0,-2.214765,4.4625483,5714,ys-035,False,0.0,,No metal,True
ginkgolide-b,,-0.07985686,7.250747,,ginkgolide-b,False,0.0,,No metal,True
rg4733,49867930.0,-2.0720265,4.873349,49867930,rg4733,False,0.0,,No metal,True
levobetaxolol,60657.0,0.28501984,8.861572,60657,levobetaxolol,False,0.0,,No metal,True
vericiguat,54674461.0,2.8038538,1.9340563,54674461,vericiguat,False,0.0,,No metal,True
elbasvir,71661251.0,1.8057855,2.694747,71661251,elbasvir,False,0.0,,No metal,True
l-694247,132059.0,2.8838384,1.8801583,132059,l-694247,False,0.0,,No metal,True
wz811,11565518.0,-0.48375544,-0.12758407,11565518,wz811,False,0.0,,No metal,True
2-octyldodecan-1-ol,73415990.0,1.7320119,6.5333366,73415990,2-octyldodecan-1-ol,False,0.0,,No metal,True
eprodisate,428573.0,2.5602539,9.1041155,428573,eprodisate,False,0.0,,No metal,True
paeoniflorin,442534.0,-0.14749955,6.718585,442534,paeoniflorin,False,0.0,,No metal,True
vitamin-b12,,0.9684105,4.890393,,vitamin-b12,True,1.0,Co,Contains metal,True
hematoporphyrin,,0.411028,2.212489,,hematoporphyrin,False,0.0,,No metal,True
marimastat,119031.0,1.8591747,8.755916,119031,marimastat,False,0.0,,No metal,True
gw-4064,9893571.0,1.7384366,1.5789834,9893571,gw-4064,False,0.0,,No metal,True
lumacaftor,16678941.0,0.20687868,0.94222385,16678941,lumacaftor,False,0.0,,No metal,True
flavin-adenine-dinucleotide,643975.0,0.42861417,5.558169,643975,flavin-adenine-dinucleotide,False,0.0,,No metal,True
astemizole,2247.0,3.0055938,1.2016577,2247,astemizole,False,0.0,,No metal,True
s4,53342705.0,-2.6057296,5.706675,53342705,s4,False,0.0,,No metal,True
trolox,688071.0,-0.4809366,9.947373,688071,trolox,False,0.0,,No metal,True
nemorubicin,65907.0,-0.014432628,5.9605637,65907,nemorubicin,False,0.0,,No metal,True
zstk-474,11647372.0,-0.68886656,1.2210664,11647372,zstk-474,False,0.0,,No metal,True
cimaterol,10911051.0,-0.9224406,9.145258,10911051,cimaterol,False,0.0,,No metal,True
bms-911543,50922691.0,3.1854064,1.5448339,50922691,bms-911543,False,0.0,,No metal,True
vecuronium,39765.0,15.23872,4.0220976,39765,vecuronium,False,0.0,,No metal,True
rrx-001,15950826.0,2.3804655,8.813968,15950826,rrx-001,False,0.0,,No metal,True
as-252424,11630874.0,-3.127888,5.4750466,11630874,as-252424,False,0.0,,No metal,True
cp-99994,5311057.0,-3.3361747,5.193282,5311057,cp-99994,False,0.0,,No metal,True
topiramate,5284627.0,2.000575,8.571877,5284627,topiramate,False,0.0,,No metal,True
gadodiamide,24847884.0,-0.07298471,7.222885,24847884,gadodiamide,True,1.0,Gd,Contains metal,True
risedronate,5245.0,-1.2048169,8.587639,5245,risedronate,False,0.0,,No metal,True
laropiprant,9867642.0,0.18058927,0.24982572,9867642,laropiprant,False,0.0,,No metal,True
diclofenamide,3038.0,-0.8630798,8.991867,3038,diclofenamide,False,0.0,,No metal,True
hydrocortisone-valerate,5282494.0,1.2360436,7.453195,5282494,hydrocortisone-valerate,False,0.0,,No metal,True
barasertib,11497983.0,0.82506275,2.3788135,11497983,barasertib,False,0.0,,No metal,True
pafuramidine,6529858.0,-0.58837074,0.87276804,6529858,pafuramidine,False,0.0,,No metal,True
natamycin,5284447.0,0.26742542,6.0852337,5284447,natamycin,False,0.0,,No metal,True
odq,1456.0,-0.9035933,-0.5349148,1456,odq,False,0.0,,No metal,True
pf-06463922,78162481.0,-0.7441558,0.7143518,78162481,pf-06463922,False,0.0,,No metal,True
mepyramine,4992.0,-3.4353786,4.492808,4992,mepyramine,False,0.0,,No metal,True
bitoscanate,19958.0,-0.076681815,10.380459,19958,bitoscanate,False,0.0,,No metal,True
mk-5108,,0.4037106,1.1202515,,mk-5108,False,0.0,,No metal,True
gsk650394,25022668.0,3.4137106,1.1187419,25022668,gsk650394,False,0.0,,No metal,True
ozenoxacin,9863827.0,-0.24556962,0.35673112,9863827,ozenoxacin,False,0.0,,No metal,True
ramatroban,123879.0,-0.120256454,0.6184873,123879,ramatroban,False,0.0,,No metal,True
teneligliptin,11949652.0,-2.35179,5.2697725,11949652,teneligliptin,False,0.0,,No metal,True
sograzepide,9870520.0,0.13356934,1.5401173,9870520,sograzepide,False,0.0,,No metal,True
id-1101,6918732.0,2.7281082,9.221654,6918732,id-1101,False,0.0,,No metal,True
gsk429286a,92472001.0,-0.0818142,0.506136,92472001,gsk429286a,False,0.0,,No metal,True
hc-030031,1150897.0,-0.71475106,0.27387893,1150897,hc-030031,False,0.0,,No metal,True
eprosartan,5281037.0,0.2816993,0.9779166,5281037,eprosartan,False,0.0,,No metal,True
3-bromocamphor,3006542.0,3.424362,8.05751,3006542,3-bromocamphor,False,0.0,,No metal,True
fk-866,6914657.0,-2.3926458,4.4240046,6914657,fk-866,False,0.0,,No metal,True
cdk9-in-6,,-1.1371784,5.074489,,cdk9-in-6,False,0.0,,No metal,True
zilpaterol,25218684.0,-3.4587953,5.9603605,25218684,zilpaterol,False,0.0,,No metal,True
cpp,6603754.0,2.2209945,9.015225,6603754,cpp,False,0.0,,No metal,True
nvp-tnks656,136237316.0,-1.2564696,5.251833,136237316,nvp-tnks656,False,0.0,,No metal,True
cgs-20625,163844.0,-0.6682371,-0.58920264,163844,cgs-20625,False,0.0,,No metal,True
pizotifen,27400.0,-3.9740248,4.229657,27400,pizotifen,False,0.0,,No metal,True
nms-1286937,49792852.0,-0.0056508956,1.9057322,49792852,nms-1286937,False,0.0,,No metal,True
ag-14361,9840076.0,-0.70991117,-0.48102927,9840076,ag-14361,False,0.0,,No metal,True
pf-03049423,24963293.0,-0.19275938,1.5778077,24963293,pf-03049423,False,0.0,,No metal,True
aqw-051,50914822.0,-3.699643,4.272761,50914822,aqw-051,False,0.0,,No metal,True
gnf-7,11478363.0,2.2746089,1.6634176,11478363,gnf-7,False,0.0,,No metal,True
propofol,4943.0,0.029798074,10.44988,4943,propofol,False,0.0,,No metal,True
luteolin,5280445.0,-1.1714542,0.3290902,5280445,luteolin,False,0.0,,No metal,True
bethanechol,6603779.0,14.933565,4.317817,6603779,bethanechol,False,0.0,,No metal,True
f351,11217901.0,-4.3296156,5.505068,11217901,f351,False,0.0,,No metal,True
isoquercitrin,5280804.0,-0.4522729,6.197082,5280804,isoquercitrin,False,0.0,,No metal,True
cfi-402257,,2.3632941,1.7942173,,cfi-402257,False,0.0,,No metal,True
sulfapyridine,5336.0,-3.2956333,6.0691996,5336,sulfapyridine,False,0.0,,No metal,True
pfi-3,78243717.0,-2.9969838,5.0520253,78243717,pfi-3,False,0.0,,No metal,True
pd-318088,17753852.0,-1.4958863,5.068655,17753852,pd-318088,False,0.0,,No metal,True
tecastemizole,123618.0,-0.50395066,-0.31819353,123618,tecastemizole,False,0.0,,No metal,True
paopa,44281634.0,2.2288299,9.018322,44281634,paopa,False,0.0,,No metal,True
vl285,71667162.0,0.17681764,1.5652375,71667162,vl285,False,0.0,,No metal,True
btb06584,2799764.0,-0.0660679,0.68934166,2799764,btb06584,False,0.0,,No metal,True
vorapaxar,10077130.0,-1.8873928,4.42495,10077130,vorapaxar,False,0.0,,No metal,True
voriconazole,71616.0,-0.6858773,0.26999286,71616,voriconazole,False,0.0,,No metal,True
cytidine,6175.0,-1.0615917,8.266641,6175,cytidine,False,0.0,,No metal,True
bemotrizinol,136218979.0,1.6584721,2.114388,136218979,bemotrizinol,False,0.0,,No metal,True
gadopentetic-acid,6857474.0,-0.07719783,7.2061186,6857474,gadopentetic-acid,True,1.0,Gd,Contains metal,True
avagacestat,46883536.0,0.26409078,1.5370171,46883536,avagacestat,False,0.0,,No metal,True
oxybenzone,4632.0,-3.9890478,5.190778,4632,oxybenzone,False,0.0,,No metal,True
trandolapril,5484727.0,0.26036647,8.056404,5484727,trandolapril,False,0.0,,No metal,True
omecamtiv-mecarbil,11689883.0,-2.2355359,5.273177,11689883,omecamtiv-mecarbil,False,0.0,,No metal,True
cefprozil,5281006.0,-0.3254478,8.188175,5281006,cefprozil,False,0.0,,No metal,True
ethacizin,107841.0,-2.1574452,4.2926416,107841,ethacizin,False,0.0,,No metal,True
lomitapide,9853053.0,1.6258245,1.8188225,9853053,lomitapide,False,0.0,,No metal,True
carbazochrome,,2.0514672,8.822792,,carbazochrome,False,0.0,,No metal,True
ganaxolone,6918305.0,2.6745253,7.435547,6918305,ganaxolone,False,0.0,,No metal,True
proscillaridin-a,5284613.0,0.5506746,7.1716127,5284613,proscillaridin-a,False,0.0,,No metal,True
hydrocortisone-butyrate,26133.0,1.2629379,7.591586,26133,hydrocortisone-butyrate,False,0.0,,No metal,True
camostat-mesilate,2536.0,-1.6756686,5.6637025,2536,camostat-mesilate,False,0.0,,No metal,True
stf-62247,704473.0,-0.293202,-0.54159516,704473,stf-62247,False,0.0,,No metal,True
ropinirole,5095.0,0.2235762,9.817999,5095,ropinirole,False,0.0,,No metal,True
lodoxamide,44564.0,-0.8217549,8.499858,44564,lodoxamide,False,0.0,,No metal,True
oxonic-acid,4604.0,-1.3235111,8.880504,4604,oxonic-acid,False,0.0,,No metal,True
emodin,3220.0,-3.034251,5.998451,3220,emodin,False,0.0,,No metal,True
paeonol,11092.0,-0.7603897,10.3773155,11092,paeonol,False,0.0,,No metal,True
polymyxin-b-sulfate,,1.0108304,4.82928,,polymyxin-b-sulfate,False,0.0,,No metal,True
radiprodil,10200813.0,-0.54377234,0.47968248,10200813,radiprodil,False,0.0,,No metal,True
medroxyprogesterone-acetate,6279.0,2.333197,7.402274,6279,medroxyprogesterone-acetate,False,0.0,,No metal,True
cpi-203,71291068.0,-0.24776465,0.27491492,71291068,cpi-203,False,0.0,,No metal,True
gemigliptin,11953153.0,0.21293882,8.560189,11953153,gemigliptin,False,0.0,,No metal,True
dimethyl-isosorbide,59968542.0,3.3356612,8.696452,59968542,dimethyl-isosorbide,False,0.0,,No metal,True
kn-93,5312122.0,0.6374051,1.2200265,5312122,kn-93,False,0.0,,No metal,True
icatibant-acetate,6918173.0,1.0263672,4.8028755,6918173,icatibant-acetate,False,0.0,,No metal,True
nps-2143,6918446.0,0.27246475,0.57219887,6918446,nps-2143,False,0.0,,No metal,True
spp86,66549796.0,-0.85531026,-0.4486532,66549796,spp86,False,0.0,,No metal,True
octreotide,,0.78122586,5.038606,,octreotide,False,0.0,,No metal,True
"3,5-dhpg-(s)",71668376.0,-1.4139417,8.9914255,71668376,"3,5-dhpg-(s)",False,0.0,,No metal,True
perfluamine,67645.0,2.1037993,6.9518476,67645,perfluamine,False,0.0,,No metal,True
pf-02545920,11581936.0,2.7976284,2.7461395,11581936,pf-02545920,False,0.0,,No metal,True
tocainide,3080825.0,-1.0897567,9.963863,3080825,tocainide,False,0.0,,No metal,True
pf-06873600,134247638.0,-1.6871612,5.458472,134247638,pf-06873600,False,0.0,,No metal,True
zanamivir,60855.0,1.5966277,8.872149,60855,zanamivir,False,0.0,,No metal,True
ml204,230710.0,-4.2208138,4.648289,230710,ml204,False,0.0,,No metal,True
dimethisoquin,6857.0,-3.449677,4.2716436,6857,dimethisoquin,False,0.0,,No metal,True
ac1ndss5,4581100.0,15.404898,3.8834033,4581100,ac1ndss5,False,0.0,,No metal,True
azd3514,46893585.0,-1.8097054,4.922327,46893585,azd3514,False,0.0,,No metal,True
jx-401,1126109.0,-3.2394714,4.091125,1126109,jx-401,False,0.0,,No metal,True
etilefrine,164652.0,-1.1496813,9.6223,164652,etilefrine,False,0.0,,No metal,True
saxagliptin,,1.9857854,8.092185,,saxagliptin,False,0.0,,No metal,True
al-8697,25060093.0,0.05925759,0.094743766,25060093,al-8697,False,0.0,,No metal,True
candesartan,2541.0,2.707154,2.616327,2541,candesartan,False,0.0,,No metal,True
aurothioglucose,6916934.0,2.1241572,8.943902,6916934,aurothioglucose,True,1.0,Au,Contains metal,True
srt3190,59149652.0,-1.0168499,5.6233463,59149652,srt3190,False,0.0,,No metal,True
jzl-195,46232606.0,0.15138131,0.8645607,46232606,jzl-195,False,0.0,,No metal,True
travoprost,5282226.0,0.49842092,7.5513277,5282226,travoprost,False,0.0,,No metal,True
a0001,2734086.0,1.4710385,6.3833365,2734086,a0001,False,0.0,,No metal,True
ethylenediaminetetraacetic-acid,6049.0,1.7926819,8.770624,6049,ethylenediaminetetraacetic-acid,False,0.0,,No metal,True
pempidine,6603.0,3.4976795,8.1156,6603,pempidine,False,0.0,,No metal,True
ah6809,119461.0,-0.6588882,-0.42682758,119461,ah6809,False,0.0,,No metal,True
aphidicolin,457964.0,1.7855964,7.944992,457964,aphidicolin,False,0.0,,No metal,True
diosgenin,99474.0,2.345706,7.363207,99474,diosgenin,False,0.0,,No metal,True
fluorescein,16850.0,-0.780441,-0.062577456,16850,fluorescein,False,0.0,,No metal,True
atn-161,9960285.0,0.25517124,6.0856137,9960285,atn-161,False,0.0,,No metal,True
voreloxin,9952884.0,-0.7903739,1.1846488,9952884,voreloxin,False,0.0,,No metal,True
glafenine,969495.0,-0.5653037,0.96803045,969495,glafenine,False,0.0,,No metal,True
bisoprolol,6604464.0,0.34949493,8.7441025,6604464,bisoprolol,False,0.0,,No metal,True
hexamethonium,3604.0,16.301983,3.814314,3604,hexamethonium,False,0.0,,No metal,True
l-778123,216454.0,0.023631446,0.14118637,216454,l-778123,False,0.0,,No metal,True
boronophenylalanine,150315.0,-1.2243848,8.774087,150315,boronophenylalanine,False,0.0,,No metal,True
praziquantel,1917817.0,0.16320753,10.045244,1917817,praziquantel,False,0.0,,No metal,True
balicatib,10201696.0,0.18235905,8.291325,10201696,balicatib,False,0.0,,No metal,True
of-1,35397514.0,-0.40217844,0.2947544,35397514,of-1,False,0.0,,No metal,True
ferroquine,92043331.0,-2.5392494,4.144757,92043331,ferroquine,True,1.0,Fe,Contains metal,True
fluralaner,71300892.0,-1.7249227,4.4558544,71300892,fluralaner,False,0.0,,No metal,True
cytochlor,92132144.0,-1.077063,8.687119,92132144,cytochlor,False,0.0,,No metal,True
nitrendipine,157702.0,0.21905449,8.365804,157702,nitrendipine,False,0.0,,No metal,True
delpazolid,44205191.0,-0.26598877,9.169089,44205191,delpazolid,False,0.0,,No metal,True
mk-7246,45268455.0,-0.29876137,0.29273665,45268455,mk-7246,False,0.0,,No metal,True
acipimox,5310993.0,-1.2113742,10.226254,5310993,acipimox,False,0.0,,No metal,True
fluconazole,3365.0,-0.9612239,0.26236054,3365,fluconazole,False,0.0,,No metal,True
chpg,6604802.0,-1.2005627,9.484811,6604802,chpg,False,0.0,,No metal,True
copanlisib,,-0.5428816,6.042244,,copanlisib,False,0.0,,No metal,True
corosolic-acid,6918774.0,2.0650039,7.1429415,6918774,corosolic-acid,False,0.0,,No metal,True
meloxicam,54677470.0,-2.742627,5.954034,54677470,meloxicam,False,0.0,,No metal,True
hqk-1001,11684.0,3.4910035,8.409371,11684,hqk-1001,False,0.0,,No metal,True
sb-939,49855250.0,-2.088408,4.8250914,49855250,sb-939,False,0.0,,No metal,True
ornithine,74765349.0,2.6571052,9.186902,74765349,ornithine,False,0.0,,No metal,True
alpha-asarone,636822.0,0.07125995,10.20421,636822,alpha-asarone,False,0.0,,No metal,True
pf-04457845,24771824.0,0.4161197,0.55432224,24771824,pf-04457845,False,0.0,,No metal,True
mcn-5652-(+/-),6336338.0,-3.8770607,4.1119785,6336338,mcn-5652-(+/-),False,0.0,,No metal,True
chlorotrianisene,11289.0,0.7596998,-0.10487753,11289,chlorotrianisene,False,0.0,,No metal,True
chlorobutanol,5977.0,3.522937,8.213954,5977,chlorobutanol,False,0.0,,No metal,True
deforolimus,,0.7757679,5.689366,,deforolimus,False,0.0,,No metal,True
ici-199441,3082718.0,-3.257161,3.965133,3082718,ici-199441,False,0.0,,No metal,True
ripasudil,9863672.0,-3.3755383,5.6343427,9863672,ripasudil,False,0.0,,No metal,True
avoralstat,86566678.0,0.29918352,2.110529,86566678,avoralstat,False,0.0,,No metal,True
uk-5099,6438504.0,-0.49723014,-0.617339,6438504,uk-5099,False,0.0,,No metal,True
gsk690693,16725726.0,-0.56805164,1.5074936,16725726,gsk690693,False,0.0,,No metal,True
e-2012,11560787.0,0.47688296,0.215119,11560787,e-2012,False,0.0,,No metal,True
psi-7976,45375809.0,-0.671957,5.6748676,45375809,psi-7976,False,0.0,,No metal,True
n-acetylglycyl-d-glutamic-acid,6604718.0,2.130425,8.984121,6604718,n-acetylglycyl-d-glutamic-acid,False,0.0,,No metal,True
amidopyrine,6009.0,-4.326054,5.293928,6009,amidopyrine,False,0.0,,No metal,True
pamidronate,4674.0,2.163285,9.040317,4674,pamidronate,False,0.0,,No metal,True
ms-424,,-0.809844,10.328623,,ms-424,False,0.0,,No metal,True
estriol,5756.0,-0.42610097,9.8840065,5756,estriol,False,0.0,,No metal,True
g-caryophyllene,5281515.0,3.1267257,7.791074,5281515,g-caryophyllene,False,0.0,,No metal,True
unc2327,71583615.0,-2.8637087,5.8900084,71583615,unc2327,False,0.0,,No metal,True
sulfametopyrazine,9047.0,-2.6158397,6.2264876,9047,sulfametopyrazine,False,0.0,,No metal,True
sar-245409,49867926.0,2.0121806,2.477386,49867926,sar-245409,False,0.0,,No metal,True
ski-ii,753704.0,-0.3298079,-0.4101434,753704,ski-ii,False,0.0,,No metal,True
nms-p715,44556162.0,1.9233097,2.1168723,44556162,nms-p715,False,0.0,,No metal,True
gp2a,16094766.0,0.7947087,0.28419992,16094766,gp2a,False,0.0,,No metal,True
dilazep,3074.0,-0.3115421,5.49999,3074,dilazep,False,0.0,,No metal,True
penbutolol,37464.0,0.16689521,9.556869,37464,penbutolol,False,0.0,,No metal,True
amorolfine,25790581.0,0.5935308,9.590351,25790581,amorolfine,False,0.0,,No metal,True
l-(+)-rhamnose-monohydrate,439710.0,2.2017224,9.256284,439710,l-(+)-rhamnose-monohydrate,False,0.0,,No metal,True
cdba,,0.9696664,4.939796,,cdba,False,0.0,,No metal,True
trospium,,15.268166,3.987515,,trospium,False,0.0,,No metal,True
dactinomycin,457193.0,0.80177915,5.336193,457193,dactinomycin,False,0.0,,No metal,True
exo-iwr-1,1163034.0,-0.14222576,0.31013066,1163034,exo-iwr-1,False,0.0,,No metal,True
tipranavir,,0.94949806,1.779988,,tipranavir,False,0.0,,No metal,True
ixabepilone,,0.80886394,7.6834702,,ixabepilone,False,0.0,,No metal,True
epetraborole,46836890.0,-1.033955,8.767252,46836890,epetraborole,False,0.0,,No metal,True
benazepril,5362124.0,-1.6912291,5.0524354,5362124,benazepril,False,0.0,,No metal,True
verdiperstat,11528958.0,-3.5532331,5.7319098,11528958,verdiperstat,False,0.0,,No metal,True
dehydroacetic-acid,54678494.0,-0.88194585,10.177533,54678494,dehydroacetic-acid,False,0.0,,No metal,True
mmpx,155806.0,-3.2432098,6.06085,155806,mmpx,False,0.0,,No metal,True
fenticonazole,36688220.0,3.2189727,0.9558741,36688220,fenticonazole,False,0.0,,No metal,True
aklomide,2075.0,-0.72818583,10.010111,2075,aklomide,False,0.0,,No metal,True
etoricoxib,123619.0,-0.09170839,-0.3079546,123619,etoricoxib,False,0.0,,No metal,True
protirelin,638678.0,-0.6070476,8.096372,638678,protirelin,False,0.0,,No metal,True
propranolol-(r),21138.0,-3.4879801,5.2838297,21138,propranolol-(r),False,0.0,,No metal,True
az-10417808,135665263.0,-0.33866683,1.3031847,135665263,az-10417808,False,0.0,,No metal,True
tolperisone,688589.0,0.27091956,10.020485,688589,tolperisone,False,0.0,,No metal,True
talampanel,164509.0,-3.0890594,5.1992536,164509,talampanel,False,0.0,,No metal,True
atb-346,76963724.0,-0.029831108,-7.222381e-05,76963724,atb-346,False,0.0,,No metal,True
4-ibp,132995.0,-3.1939108,4.3283386,132995,4-ibp,False,0.0,,No metal,True
chloroxoquinoline,66593.0,-4.450838,5.3218803,66593,chloroxoquinoline,False,0.0,,No metal,True
balsalazide,,-1.8358927,5.5797396,,balsalazide,False,0.0,,No metal,True
zapa,6604703.0,2.808858,9.19802,6604703,zapa,False,0.0,,No metal,True
ofloxacin,6956357.0,-2.9343634,5.605393,6956357,ofloxacin,False,0.0,,No metal,True
famotidine,5702160.0,-0.608358,8.100686,5702160,famotidine,False,0.0,,No metal,True
04/01/46,76965201.0,2.9757676,8.792032,76965201,04/01/46,False,0.0,,No metal,True
nateglinide,,0.15452269,9.455533,,nateglinide,False,0.0,,No metal,True
5-hydroxytryptophan,6971044.0,-3.196647,5.962985,6971044,5-hydroxytryptophan,False,0.0,,No metal,True
fosinoprilat,62956.0,0.46416968,8.173428,62956,fosinoprilat,False,0.0,,No metal,True
k145,71714682.0,0.3833091,8.854905,71714682,k145,False,0.0,,No metal,True
minodronic-acid,130956.0,-2.230716,6.31077,130956,minodronic-acid,False,0.0,,No metal,True
viloxazine,12226596.0,-0.24608636,9.674015,12226596,viloxazine,False,0.0,,No metal,True
fostamatinib,11671467.0,0.36928657,2.3193252,11671467,fostamatinib,False,0.0,,No metal,True
anabasine,641266.0,-0.4639717,10.737836,641266,anabasine,False,0.0,,No metal,True
cpi-444,44537963.0,2.7779756,1.9735757,44537963,cpi-444,False,0.0,,No metal,True
fosaprepitant-dimeglumine,135413538.0,0.31739107,1.8365937,135413538,fosaprepitant-dimeglumine,False,0.0,,No metal,True
gallamine-triethiodide,3450.0,16.296394,3.8166292,3450,gallamine-triethiodide,False,0.0,,No metal,True
stat3-inhibitor-vi,252682.0,-1.9551928,5.72237,252682,stat3-inhibitor-vi,False,0.0,,No metal,True
meclizine,6604289.0,0.7595936,-0.14289974,6604289,meclizine,False,0.0,,No metal,True
simeprevir,24873435.0,0.39608437,5.282204,24873435,simeprevir,False,0.0,,No metal,True
tuftsin,156080.0,0.21325631,6.2218328,156080,tuftsin,False,0.0,,No metal,True
4-hqn,135408753.0,-4.31797,5.6957235,135408753,4-hqn,False,0.0,,No metal,True
bms-345541,9813758.0,-0.9604845,-0.25606212,9813758,bms-345541,False,0.0,,No metal,True
isoguvacine,7059534.0,3.3127913,9.065886,7059534,isoguvacine,False,0.0,,No metal,True
ampyrone,2151.0,-4.243476,5.7040863,2151,ampyrone,False,0.0,,No metal,True
p22077,46931953.0,-3.28264,4.3506827,46931953,p22077,False,0.0,,No metal,True
oxybutynin,6098167.0,0.35590604,9.034235,6098167,oxybutynin,False,0.0,,No metal,True
ispinesib,6851740.0,2.5646715,1.3825828,6851740,ispinesib,False,0.0,,No metal,True
hjc-0350,22200891.0,-4.075885,4.5806856,22200891,hjc-0350,False,0.0,,No metal,True
glutathione-monoisopropyl-ester,40466869.0,1.5810647,8.662708,40466869,glutathione-monoisopropyl-ester,False,0.0,,No metal,True
pit,124334.0,-4.212402,5.32898,124334,pit,False,0.0,,No metal,True
ltb4,5280492.0,1.5144694,6.9117966,5280492,ltb4,False,0.0,,No metal,True
plicamycin,457831.0,0.8416373,5.289022,457831,plicamycin,False,0.0,,No metal,True
rivastigmine,77991.0,0.17646715,10.028049,77991,rivastigmine,False,0.0,,No metal,True
bupivacaine,92253.0,0.4343578,9.829916,92253,bupivacaine,False,0.0,,No metal,True
cephalosporin-c-zn,,-0.085452236,7.2267337,,cephalosporin-c-zn,True,1.0,Zn,Contains metal,True
cefixime,5362065.0,-0.20479156,6.7914495,5362065,cefixime,False,0.0,,No metal,True
azd6738,54761305.0,-0.54272425,1.0883684,54761305,azd6738,False,0.0,,No metal,True
dmps,1549058.0,2.8130465,9.168031,1549058,dmps,False,0.0,,No metal,True
daltroban,54343.0,-2.8491337,5.2408686,54343,daltroban,False,0.0,,No metal,True
oxelaidin,4619.0,0.51642,9.030837,4619,oxelaidin,False,0.0,,No metal,True
pf-562271,11713159.0,-0.055601407,1.7476492,11713159,pf-562271,False,0.0,,No metal,True
nalmefene,5284594.0,-0.08442378,9.310326,5284594,nalmefene,False,0.0,,No metal,True
avacopan,49841217.0,1.0219277,0.981574,49841217,avacopan,False,0.0,,No metal,True
ar-c155858,10226546.0,-0.6682586,1.3295777,10226546,ar-c155858,False,0.0,,No metal,True
clomethiazole,10783.0,-0.37923795,10.703326,10783,clomethiazole,False,0.0,,No metal,True
cefuroxime-axetil,9806360.0,-0.166036,6.370461,9806360,cefuroxime-axetil,False,0.0,,No metal,True
gsk239512,9976892.0,-2.8550265,4.3554916,9976892,gsk239512,False,0.0,,No metal,True
bruceantin,124605168.0,0.32992217,6.865976,124605168,bruceantin,False,0.0,,No metal,True
glimepiride,,0.36403024,7.5863295,,glimepiride,False,0.0,,No metal,True
metaxalone,25271694.0,-0.39043278,10.113353,25271694,metaxalone,False,0.0,,No metal,True
l-cysteinesulfinic-acid,28167170.0,2.6341398,9.26142,28167170,l-cysteinesulfinic-acid,False,0.0,,No metal,True
apratastat,11452716.0,-0.221553,7.9772243,11452716,apratastat,False,0.0,,No metal,True
ng-nitro-arginine,440005.0,2.1344652,8.989451,440005,ng-nitro-arginine,False,0.0,,No metal,True
sitosterol,222284.0,2.053903,6.8887424,222284,sitosterol,False,0.0,,No metal,True
limonin,179651.0,0.71558464,7.8544936,179651,limonin,False,0.0,,No metal,True
reversine,210332.0,-0.4080725,1.0653428,210332,reversine,False,0.0,,No metal,True
tc-s-7003,11785878.0,2.5095937,2.652349,11785878,tc-s-7003,False,0.0,,No metal,True
oxolamine,13738.0,-3.4837072,4.559274,13738,oxolamine,False,0.0,,No metal,True
alimemazine,6604496.0,-3.7250657,4.0380116,6604496,alimemazine,False,0.0,,No metal,True
adx-10059,10331863.0,-4.2533727,5.139732,10331863,adx-10059,False,0.0,,No metal,True
rn-1,45376076.0,-2.4178202,4.529821,45376076,rn-1,False,0.0,,No metal,True
fn-1501,72195175.0,2.7316346,1.8666792,72195175,fn-1501,False,0.0,,No metal,True
n-acetyltryptamine,70547.0,-3.9671967,5.643759,70547,n-acetyltryptamine,False,0.0,,No metal,True
krca-0008,72547474.0,0.45528978,2.0356643,72547474,krca-0008,False,0.0,,No metal,True
ginsenoside-rd,,0.88882625,5.331816,,ginsenoside-rd,False,0.0,,No metal,True
vuf11207,97018453.0,-1.799023,4.4331007,97018453,vuf11207,False,0.0,,No metal,True
bay-61-3606,10200390.0,2.88234,1.926327,10200390,bay-61-3606,False,0.0,,No metal,True
hymecromone,5280567.0,-4.272704,5.7056246,5280567,hymecromone,False,0.0,,No metal,True
bepridil,50088.0,-2.4776106,4.171107,50088,bepridil,False,0.0,,No metal,True
pnu-22394,27559.0,-4.4605117,5.268569,27559,pnu-22394,False,0.0,,No metal,True
succinylsulfathiazole,5315.0,-2.0080473,5.6494884,5315,succinylsulfathiazole,False,0.0,,No metal,True
levamisole,26879.0,-0.31521454,10.53683,26879,levamisole,False,0.0,,No metal,True
amylene-hydrate,6405.0,3.5271902,8.534775,6405,amylene-hydrate,False,0.0,,No metal,True
at7867,11175137.0,-0.13681374,-0.41966674,11175137,at7867,False,0.0,,No metal,True
zln005,899323.0,-0.38644323,-0.7618011,899323,zln005,False,0.0,,No metal,True
stiripentol,25271730.0,-0.013450186,10.238471,25271730,stiripentol,False,0.0,,No metal,True
nvp-aew541,,2.9604955,1.2940546,,nvp-aew541,False,0.0,,No metal,True
petcm,736879.0,-0.16891861,10.454214,736879,petcm,False,0.0,,No metal,True
valrubicin,454216.0,0.24975258,5.6078777,454216,valrubicin,False,0.0,,No metal,True
ampa-(rs),7059442.0,-1.2853931,8.94072,7059442,ampa-(rs),False,0.0,,No metal,True
cetirizine,28145930.0,-2.3549767,4.4972377,28145930,cetirizine,False,0.0,,No metal,True
dexfosfoserine,68841.0,2.2778385,9.098873,68841,dexfosfoserine,False,0.0,,No metal,True
fanetizole,54339.0,-0.10666168,-0.552613,54339,fanetizole,False,0.0,,No metal,True
oleoylethanolamide,5283454.0,1.5470722,6.673891,5283454,oleoylethanolamide,False,0.0,,No metal,True
altanserin,3033677.0,0.07672384,0.17761222,3033677,altanserin,False,0.0,,No metal,True
pci-34051,24753719.0,-0.721296,-0.2379148,24753719,pci-34051,False,0.0,,No metal,True
cloxacillin,6098.0,-2.0043173,5.463782,6098,cloxacillin,False,0.0,,No metal,True
5-fp,101498.0,-1.1308213,10.557508,101498,5-fp,False,0.0,,No metal,True
bedaquiline,5388906.0,2.4677153,2.5631852,5388906,bedaquiline,False,0.0,,No metal,True
clodronic-acid,25419.0,2.5367467,9.079022,25419,clodronic-acid,False,0.0,,No metal,True
czc24832,42623951.0,-0.85442704,0.8454309,42623951,czc24832,False,0.0,,No metal,True
px-12,86308851.0,-0.18764414,10.293638,86308851,px-12,False,0.0,,No metal,True
galantamine,9651.0,-0.1953143,9.706323,9651,galantamine,False,0.0,,No metal,True
tetrabenazine,11634155.0,0.34618235,9.532753,11634155,tetrabenazine,False,0.0,,No metal,True
zami-633,75743.0,3.3702915,9.101275,75743,zami-633,False,0.0,,No metal,True
ciclopirox,2749.0,-0.1696309,10.440112,2749,ciclopirox,False,0.0,,No metal,True
buserelin,50225.0,0.9855374,4.833183,50225,buserelin,False,0.0,,No metal,True
methocarbamol,688484.0,-0.68077374,9.052403,688484,methocarbamol,False,0.0,,No metal,True
aloperine,162147.0,3.1778932,7.946393,162147,aloperine,False,0.0,,No metal,True
isoliquiritigenin,638278.0,-3.1382298,5.783518,638278,isoliquiritigenin,False,0.0,,No metal,True
rotundine,72301.0,-2.8017206,4.5157,72301,rotundine,False,0.0,,No metal,True
bonaphthone,23384.0,-0.32831267,10.534127,23384,bonaphthone,False,0.0,,No metal,True
taminadenant,53466958.0,-1.0424546,0.07455568,53466958,taminadenant,False,0.0,,No metal,True
maltobionic-acid,7314.0,0.2882859,6.4068,7314,maltobionic-acid,False,0.0,,No metal,True
5-methylfurmethiodide,4141.0,15.062251,4.203539,4141,5-methylfurmethiodide,False,0.0,,No metal,True
ecabet,65781.0,0.29550493,9.2880745,65781,ecabet,False,0.0,,No metal,True
etizolam,3307.0,-0.13252454,-0.51031274,3307,etizolam,False,0.0,,No metal,True
ap1903,16135625.0,1.636159,2.9707577,16135625,ap1903,False,0.0,,No metal,True
kartogenin,2826191.0,-0.23601429,-0.36164716,2826191,kartogenin,False,0.0,,No metal,True
tomelukast,3969.0,-1.9824822,5.2618275,3969,tomelukast,False,0.0,,No metal,True
sgs-742,130021.0,2.9396484,8.614794,130021,sgs-742,False,0.0,,No metal,True
pco-400,129348.0,-0.17650378,9.319819,129348,pco-400,False,0.0,,No metal,True
ha-966-(s)-(-),183351.0,3.1147583,9.264044,183351,ha-966-(s)-(-),False,0.0,,No metal,True
ag-490,5328779.0,-2.736022,5.7659407,5328779,ag-490,False,0.0,,No metal,True
irl-2500,5311192.0,2.220213,2.437248,5311192,irl-2500,False,0.0,,No metal,True
tame,1550286.0,-0.48406708,8.342701,1550286,tame,False,0.0,,No metal,True
cycloserine-(d),6234.0,3.1109245,9.300012,6234,cycloserine-(d),False,0.0,,No metal,True
tc-i-15,90488948.0,-1.1139116,5.577114,90488948,tc-i-15,False,0.0,,No metal,True
ica-110381,4314115.0,-4.053589,4.829763,4314115,ica-110381,False,0.0,,No metal,True
salvinorin-a,128563.0,0.33719987,8.184085,128563,salvinorin-a,False,0.0,,No metal,True
pp-121,24905142.0,3.3898675,1.7829491,24905142,pp-121,False,0.0,,No metal,True
guanidine,3520.0,3.2387662,9.246803,3520,guanidine,False,0.0,,No metal,True
fenofibrate,3339.0,-2.831877,4.2387342,3339,fenofibrate,False,0.0,,No metal,True
asimadoline,179340.0,0.25945455,0.17412062,179340,asimadoline,False,0.0,,No metal,True
ht-2157,,0.27839655,-0.38477084,,ht-2157,False,0.0,,No metal,True
kuromanin,441667.0,14.735575,4.003739,441667,kuromanin,False,0.0,,No metal,True
rose-bengal,25474.0,1.0019712,1.0676113,25474,rose-bengal,False,0.0,,No metal,True
bortezomib,387447.0,-1.6463495,5.7111197,387447,bortezomib,False,0.0,,No metal,True
obeticholic-acid,,2.0087738,7.117637,,obeticholic-acid,False,0.0,,No metal,True
"ici-215,001",164451.0,-1.5868323,5.409243,164451,"ici-215,001",False,0.0,,No metal,True
c188-9,1324494.0,2.5115583,2.6581957,1324494,c188-9,False,0.0,,No metal,True
suxibuzone,5362.0,-1.7065277,4.8345637,5362,suxibuzone,False,0.0,,No metal,True
belizatinib,,0.6163099,1.5249147,,belizatinib,False,0.0,,No metal,True
vemurafenib,42611257.0,2.7490711,1.3176132,42611257,vemurafenib,False,0.0,,No metal,True
ebrotidine,65869.0,-1.4728545,5.4770913,65869,ebrotidine,False,0.0,,No metal,True
sb-431542,4521392.0,3.3123498,1.6826333,4521392,sb-431542,False,0.0,,No metal,True
artemether,68911.0,2.78034,7.7977624,68911,artemether,False,0.0,,No metal,True
desmopressin-acetate,,0.8431168,5.045099,,desmopressin-acetate,False,0.0,,No metal,True
unc3230,46355372.0,-2.3942127,5.426445,46355372,unc3230,False,0.0,,No metal,True
1-(2-chloro-5-methylphenoxy)-3-(isopropylamino)-2-propanol,39359445.0,-0.10579707,9.56119,39359445,1-(2-chloro-5-methylphenoxy)-3-(isopropylamino)-2-propanol,False,0.0,,No metal,True
norethisterone-enanthate,229295.0,2.1637635,7.252888,229295,norethisterone-enanthate,False,0.0,,No metal,True
ct-7758,10186367.0,0.31446683,1.4809378,10186367,ct-7758,False,0.0,,No metal,True
naltrexone,5360515.0,-0.23448914,9.113493,5360515,naltrexone,False,0.0,,No metal,True
palosuran,10173280.0,-0.15936477,0.81845045,10173280,palosuran,False,0.0,,No metal,True
acrylate,,3.4998558,8.834689,,acrylate,True,1.0,Na,Contains metal,True
elinogrel,16066663.0,2.6725993,1.8530335,16066663,elinogrel,False,0.0,,No metal,True
nafadotride,6604854.0,-2.3487012,4.526292,6604854,nafadotride,False,0.0,,No metal,True
th-302,11984561.0,0.09658263,8.278754,11984561,th-302,False,0.0,,No metal,True
monostearin,15560610.0,1.4821905,6.6370234,15560610,monostearin,False,0.0,,No metal,True
pyrithyldione,4994.0,3.2706885,8.698541,4994,pyrithyldione,False,0.0,,No metal,True
matrine,91466.0,3.1232364,7.921161,91466,matrine,False,0.0,,No metal,True
thymalfasin,16130571.0,1.0895637,4.739614,16130571,thymalfasin,False,0.0,,No metal,True
sb-408124,4331799.0,-0.11462453,-0.26124284,4331799,sb-408124,False,0.0,,No metal,True
propacetamol,68865.0,-0.060154065,9.409569,68865,propacetamol,False,0.0,,No metal,True
mebicar,122282.0,3.3984084,8.716512,122282,mebicar,False,0.0,,No metal,True
procysteine,72390.0,3.1882908,9.056962,72390,procysteine,False,0.0,,No metal,True
acedoben,19266.0,-1.216272,9.970769,19266,acedoben,False,0.0,,No metal,True
emd-1214063,25171648.0,2.6359122,1.6980819,25171648,emd-1214063,False,0.0,,No metal,True
pdp-ea,69724031.0,1.4125087,6.4622293,69724031,pdp-ea,False,0.0,,No metal,True
chlorphensin-carbamate,73416025.0,-0.6300234,9.354365,73416025,chlorphensin-carbamate,False,0.0,,No metal,True
sc-236,9865808.0,-0.1724133,0.04739646,9865808,sc-236,False,0.0,,No metal,True
indomethacin,3715.0,-0.12326043,-0.113393486,3715,indomethacin,False,0.0,,No metal,True
idalopirdine,21071390.0,0.68802446,0.07066774,21071390,idalopirdine,False,0.0,,No metal,True
pdd-00017273,121398766.0,2.7735302,1.960792,121398766,pdd-00017273,False,0.0,,No metal,True
as-2034178,24808572.0,0.6700199,1.0330657,24808572,as-2034178,False,0.0,,No metal,True
ml323,60167849.0,3.2482853,1.2608006,60167849,ml323,False,0.0,,No metal,True
fluoxetine,657320.0,-3.4073043,4.304037,657320,fluoxetine,False,0.0,,No metal,True
pim-447,44814409.0,0.32106322,0.6316203,44814409,pim-447,False,0.0,,No metal,True
hydroxyzine,1548976.0,-2.3911033,4.454244,1548976,hydroxyzine,False,0.0,,No metal,True
benzyl-benzoate,2345.0,-4.2378707,4.89561,2345,benzyl-benzoate,False,0.0,,No metal,True
bms-754807,24785538.0,2.7017455,1.8401899,24785538,bms-754807,False,0.0,,No metal,True
bms-299897,11249248.0,0.88611495,0.93844664,11249248,bms-299897,False,0.0,,No metal,True
verbascoside,5281800.0,0.22189432,5.7561917,5281800,verbascoside,False,0.0,,No metal,True
terutroban,9938840.0,-2.4689565,4.9601145,9938840,terutroban,False,0.0,,No metal,True
cefodizime,5361871.0,-0.13948001,6.048461,5361871,cefodizime,False,0.0,,No metal,True
elacridar,119373.0,2.2406576,2.532181,119373,elacridar,False,0.0,,No metal,True
roquinimex,54676478.0,-0.7617664,-0.53119755,54676478,roquinimex,False,0.0,,No metal,True
psncbam-1,11560249.0,0.5095165,0.26065838,11560249,psncbam-1,False,0.0,,No metal,True
bazedoxifene,154257.0,2.7504249,1.207887,154257,bazedoxifene,False,0.0,,No metal,True
raltitrexed,135400182.0,-0.4340059,1.5638204,135400182,raltitrexed,False,0.0,,No metal,True
cpi-613,70881528.0,-1.8389031,4.3141894,70881528,cpi-613,False,0.0,,No metal,True
thiomersal,67361.0,0.16035827,9.887868,67361,thiomersal,True,1.0,Hg,Contains metal,True
calcipotriol,5288783.0,2.0286317,7.137886,5288783,calcipotriol,False,0.0,,No metal,True
mimosine,6971294.0,-1.2472024,8.889539,6971294,mimosine,False,0.0,,No metal,True
bay-1436032,118310260.0,0.8431944,0.87095284,118310260,bay-1436032,False,0.0,,No metal,True
imiquimod,57469.0,-0.710284,-0.6694786,57469,imiquimod,False,0.0,,No metal,True
quinine-ethyl-carbonate,5702001.0,-2.1264012,4.6036963,5702001,quinine-ethyl-carbonate,False,0.0,,No metal,True
srt2104,25108829.0,2.4728816,2.5900428,25108829,srt2104,False,0.0,,No metal,True
vinflunine,11967282.0,0.39299524,5.3616962,11967282,vinflunine,False,0.0,,No metal,True
jnj-16259685,,-3.2976615,4.264368,,jnj-16259685,False,0.0,,No metal,True
hexamethylenebisacetamide,3616.0,2.8762703,8.585971,3616,hexamethylenebisacetamide,False,0.0,,No metal,True
combretastatin-a-4,5351344.0,-2.698051,4.7734346,5351344,combretastatin-a-4,False,0.0,,No metal,True
omapatrilat,656629.0,-0.09316158,8.622402,656629,omapatrilat,False,0.0,,No metal,True
incb-057643,,0.18336907,8.436159,,incb-057643,False,0.0,,No metal,True
pridinol,4904.0,-3.5677526,4.4635572,4904,pridinol,False,0.0,,No metal,True
msdc-0602k,90835967.0,-0.3773675,1.0291544,90835967,msdc-0602k,False,0.0,,No metal,True
flumazenil,3373.0,-3.4919379,5.2778153,3373,flumazenil,False,0.0,,No metal,True
ethyl-pyruvate,11228779.0,3.3694544,8.80356,11228779,ethyl-pyruvate,False,0.0,,No metal,True
ssr180711,9797360.0,0.15912217,10.061934,9797360,ssr180711,False,0.0,,No metal,True
cep-40783,71576419.0,2.1710176,2.5277178,71576419,cep-40783,False,0.0,,No metal,True
zk-811752,512282.0,-2.119048,5.0623965,512282,zk-811752,False,0.0,,No metal,True
mebeverine,6604311.0,-1.6895044,4.4733953,6604311,mebeverine,False,0.0,,No metal,True
fomocaine,71693.0,-3.3748024,4.203037,71693,fomocaine,False,0.0,,No metal,True
flunixin-meglumin,38081.0,-3.4253175,5.206563,38081,flunixin-meglumin,False,0.0,,No metal,True
rs-45041-190,127951.0,-0.4724903,10.267813,127951,rs-45041-190,False,0.0,,No metal,True
gw-1100,11692123.0,2.4070036,1.6572875,11692123,gw-1100,False,0.0,,No metal,True
mebrofenin,54158.0,-0.090432756,8.505981,54158,mebrofenin,False,0.0,,No metal,True
picolinic-acid,1018.0,-1.0990727,10.570734,1018,picolinic-acid,False,0.0,,No metal,True
dpcpx,1329.0,-3.2788508,5.3445177,1329,dpcpx,False,0.0,,No metal,True
dazoxiben,53001.0,-3.6132653,5.609265,53001,dazoxiben,False,0.0,,No metal,True
ethambutol,14052.0,2.2903488,8.921572,14052,ethambutol,False,0.0,,No metal,True
delavirdine,5625.0,-0.5273656,1.1756722,5625,delavirdine,False,0.0,,No metal,True
danusertib,11442891.0,-0.4287867,1.2254311,11442891,danusertib,False,0.0,,No metal,True
favipiravir,492405.0,-1.3263347,9.980842,492405,favipiravir,False,0.0,,No metal,True
cqs,72462.0,-0.9232742,0.12817137,72462,cqs,False,0.0,,No metal,True
l-lysine,71774817.0,2.5862076,9.188947,71774817,l-lysine,False,0.0,,No metal,True
triprolidine,5282443.0,-3.8203483,4.117342,5282443,triprolidine,False,0.0,,No metal,True
p5091,2819993.0,-3.2112534,4.248432,2819993,p5091,False,0.0,,No metal,True
u-0126,54539763.0,-1.8499843,5.488282,54539763,u-0126,False,0.0,,No metal,True
4e1rcat,16195554.0,2.6811268,1.3502429,16195554,4e1rcat,False,0.0,,No metal,True
4-cmtb,854190.0,-3.6323297,4.621739,854190,4-cmtb,False,0.0,,No metal,True
sb-200646,126769.0,-0.5920455,-0.6743113,126769,sb-200646,False,0.0,,No metal,True
saquinavir,441243.0,0.10419668,5.0216346,441243,saquinavir,False,0.0,,No metal,True
ac-261066,11530459.0,-2.1267152,4.5991135,11530459,ac-261066,False,0.0,,No metal,True
dixanthogen,10404.0,2.8965554,8.036549,10404,dixanthogen,False,0.0,,No metal,True
tideglusib,11313622.0,3.599207,1.4410826,11313622,tideglusib,False,0.0,,No metal,True
saclofen,57453816.0,-0.775328,9.652892,57453816,saclofen,False,0.0,,No metal,True
androstenone,,2.8546283,7.5474286,,androstenone,False,0.0,,No metal,True
mps1-in-1,25195352.0,2.2066047,1.8366418,25195352,mps1-in-1,False,0.0,,No metal,True
mocetinostat,9865515.0,2.8820596,1.7617943,9865515,mocetinostat,False,0.0,,No metal,True
xav-939,135418940.0,-3.697793,4.966012,135418940,xav-939,False,0.0,,No metal,True
dalcetrapib,6918540.0,1.60869,6.8318024,6918540,dalcetrapib,False,0.0,,No metal,True
levonorgestrel,13109.0,2.7614884,7.4743176,13109,levonorgestrel,False,0.0,,No metal,True
flurbiprofen-axetil,40468023.0,-3.2020009,4.2444687,40468023,flurbiprofen-axetil,False,0.0,,No metal,True
deracoxib,3058754.0,-0.28713855,0.26721153,3058754,deracoxib,False,0.0,,No metal,True
lofemizole,71967.0,-4.4522915,5.1580653,71967,lofemizole,False,0.0,,No metal,True
ketotifen,57392700.0,-3.7793357,4.3520536,57392700,ketotifen,False,0.0,,No metal,True
salubrinal,2305942.0,0.42664957,0.627429,2305942,salubrinal,False,0.0,,No metal,True
hsr6071,159466.0,-2.501914,6.350249,159466,hsr6071,False,0.0,,No metal,True
cibenzoline,57357423.0,-3.9015653,4.901742,57357423,cibenzoline,False,0.0,,No metal,True
gsk163090,11292933.0,0.025814625,0.21687421,11292933,gsk163090,False,0.0,,No metal,True
linalool,443158.0,3.2996051,8.263073,443158,linalool,False,0.0,,No metal,True
eplerenone,443872.0,1.7896347,7.6133747,443872,eplerenone,False,0.0,,No metal,True
voxelotor,71602803.0,-0.3413134,0.16229501,71602803,voxelotor,False,0.0,,No metal,True
brilliant-green,12450.0,15.312297,3.9547246,12450,brilliant-green,False,0.0,,No metal,True
mrs-2578,16078986.0,-1.5434132,4.7651286,16078986,mrs-2578,False,0.0,,No metal,True
podophyllotoxin,10607.0,-1.799029,5.4542084,10607,podophyllotoxin,False,0.0,,No metal,True
rivanicline,5310967.0,-0.4362141,10.595143,5310967,rivanicline,False,0.0,,No metal,True
imidurea,6604401.0,0.28459582,6.470528,6604401,imidurea,False,0.0,,No metal,True
vaborbactam,56649692.0,-0.56952935,8.679249,56649692,vaborbactam,False,0.0,,No metal,True
mm-11253,10389639.0,0.889581,0.47149658,10389639,mm-11253,False,0.0,,No metal,True
su9516,5289419.0,-3.7091546,5.838666,5289419,su9516,False,0.0,,No metal,True
gefitinib,123631.0,0.18399644,1.2355694,123631,gefitinib,False,0.0,,No metal,True
nitisinone,5289053.0,0.12026007,9.146452,5289053,nitisinone,False,0.0,,No metal,True
methyl-5-hydroxytryptamine,14083218.0,-3.8833988,5.947195,14083218,methyl-5-hydroxytryptamine,False,0.0,,No metal,True
aceclofenac,71771.0,-2.6451797,4.973643,71771,aceclofenac,False,0.0,,No metal,True
futibatinib,71621331.0,-0.75940925,1.1186241,71621331,futibatinib,False,0.0,,No metal,True
fezolinetant,117604931.0,-0.7906266,0.2787247,117604931,fezolinetant,False,0.0,,No metal,True
garenoxacin,40461170.0,0.11581798,0.64443856,40461170,garenoxacin,False,0.0,,No metal,True
metyrapone,4174.0,-4.0947723,5.0769563,4174,metyrapone,False,0.0,,No metal,True
preladenant,10117987.0,2.3512428,2.2026272,10117987,preladenant,False,0.0,,No metal,True
avitinib,72734520.0,2.4713101,1.7272058,72734520,avitinib,False,0.0,,No metal,True
phenothiazine,7108.0,-4.452475,5.0720086,7108,phenothiazine,False,0.0,,No metal,True
camphor-(+),159055.0,3.5141814,8.142294,159055,camphor-(+),False,0.0,,No metal,True
deoxycholic-acid,222528.0,2.05414,7.217469,222528,deoxycholic-acid,False,0.0,,No metal,True
cpi-1205,78320408.0,0.41731358,1.1815431,78320408,cpi-1205,False,0.0,,No metal,True
l-cystine,6992103.0,2.065933,8.882454,6992103,l-cystine,False,0.0,,No metal,True
6-iodo-nordihydrocapsaicin,5149140.0,0.45268875,8.618341,5149140,6-iodo-nordihydrocapsaicin,False,0.0,,No metal,True
penciclovir,135398748.0,-2.098263,6.4577975,135398748,penciclovir,False,0.0,,No metal,True
bifonazole,5459391.0,3.6026075,1.151988,5459391,bifonazole,False,0.0,,No metal,True
ml141,7454812.0,-0.19199349,0.42797938,7454812,ml141,False,0.0,,No metal,True
tacrolimus,445643.0,0.76439214,5.7997813,445643,tacrolimus,False,0.0,,No metal,True
aminopterin,169371.0,-0.3265992,6.072624,169371,aminopterin,False,0.0,,No metal,True
brolitene,1550874.0,-1.0576648,9.811065,1550874,brolitene,False,0.0,,No metal,True
fipronil,15278226.0,-2.7119188,4.6030955,15278226,fipronil,False,0.0,,No metal,True
sf-11,2936384.0,0.67545456,0.49297783,2936384,sf-11,False,0.0,,No metal,True
dc-260126,2843133.0,-3.4739347,4.443498,2843133,dc-260126,False,0.0,,No metal,True
sodium-nitroprusside,,2.2186894,8.889595,,sodium-nitroprusside,True,1.0,Fe,Contains metal,True
jnj-42165279,54576693.0,-2.5230062,4.835307,54576693,jnj-42165279,False,0.0,,No metal,True
n20c,6603827.0,-3.3924966,5.291321,6603827,n20c,False,0.0,,No metal,True
er-50891,10094345.0,2.6733441,2.6633441,10094345,er-50891,False,0.0,,No metal,True
beclomethasone-dipropionate,21700.0,1.0771977,7.364934,21700,beclomethasone-dipropionate,False,0.0,,No metal,True
msdc-0160,36687794.0,-2.1484225,5.0252066,36687794,msdc-0160,False,0.0,,No metal,True
cyromazine,47866.0,-1.1169578,8.997899,47866,cyromazine,False,0.0,,No metal,True
cycluc1,91885395.0,-2.8248463,5.9381094,91885395,cycluc1,False,0.0,,No metal,True
tomeglovir,475330.0,-0.25056615,1.0265082,475330,tomeglovir,False,0.0,,No metal,True
btt-3033,49841251.0,2.9241095,1.4780148,49841251,btt-3033,False,0.0,,No metal,True
chlorprothixene,667467.0,-3.7613094,4.0407643,667467,chlorprothixene,False,0.0,,No metal,True
2-chloroadenosine,8974.0,-1.8074839,6.5639157,8974,2-chloroadenosine,False,0.0,,No metal,True
q-203,68234908.0,2.422659,1.3702056,68234908,q-203,False,0.0,,No metal,True
cilastatin,6435415.0,1.8972073,8.505732,6435415,cilastatin,False,0.0,,No metal,True
plx51107,90448953.0,2.6624904,2.7427633,90448953,plx51107,False,0.0,,No metal,True
hippuric-acid,464.0,-1.1465307,9.873611,464,hippuric-acid,False,0.0,,No metal,True
prasterone-acetate,14709.0,2.6394243,7.4739947,14709,prasterone-acetate,False,0.0,,No metal,True
gaba-linoleamide,6438152.0,1.5354928,6.5826726,6438152,gaba-linoleamide,False,0.0,,No metal,True
gentamycin,72395.0,0.20588169,6.3995113,72395,gentamycin,False,0.0,,No metal,True
ns-11394,16747643.0,3.5671983,1.2578837,16747643,ns-11394,False,0.0,,No metal,True
ubenimex,72172.0,-0.43728074,8.491928,72172,ubenimex,False,0.0,,No metal,True
triptan,10044.0,3.5154226,8.121152,10044,triptan,False,0.0,,No metal,True
olodanrigan,9937291.0,2.5951662,1.2870266,9937291,olodanrigan,False,0.0,,No metal,True
doxazosin,6604102.0,-0.5064065,1.4016945,6604102,doxazosin,False,0.0,,No metal,True
diltiazem,39186.0,-2.1418016,4.6639605,39186,diltiazem,False,0.0,,No metal,True
me-0328,135566764.0,-0.71875024,-0.08265906,135566764,me-0328,False,0.0,,No metal,True
lisofylline,501254.0,-3.1453652,6.023886,501254,lisofylline,False,0.0,,No metal,True
azelaic-acid,2266.0,2.8406663,8.492952,2266,azelaic-acid,False,0.0,,No metal,True
tamoxifen,2733526.0,0.754964,-0.069907784,2733526,tamoxifen,False,0.0,,No metal,True
azd4635,86676119.0,-0.7204381,-0.35373384,86676119,azd4635,False,0.0,,No metal,True
ay-9944,,-2.9210222,4.257986,,ay-9944,False,0.0,,No metal,True
toceranib,5329106.0,-2.483786,4.9849434,5329106,toceranib,False,0.0,,No metal,True
psb-06126,25124826.0,2.8943126,1.728491,25124826,psb-06126,False,0.0,,No metal,True
ly364947,447966.0,3.6772137,1.4032973,447966,ly364947,False,0.0,,No metal,True
benzthiazide,132458842.0,-2.0277534,5.6102157,132458842,benzthiazide,False,0.0,,No metal,True
gdc-0810,56941241.0,3.2477798,1.0605419,56941241,gdc-0810,False,0.0,,No metal,True
mirtazapine,3085219.0,-4.156728,5.087481,3085219,mirtazapine,False,0.0,,No metal,True
amg-232,58573469.0,-1.5862142,4.352519,58573469,amg-232,False,0.0,,No metal,True
progesterone,5994.0,2.7237628,7.46523,5994,progesterone,False,0.0,,No metal,True
r-1479,457388.0,-1.0118005,8.180314,457388,r-1479,False,0.0,,No metal,True
costunolide,5281437.0,3.1166139,7.823797,5281437,costunolide,False,0.0,,No metal,True
sodium-ascorbate,6857365.0,2.0900328,9.233984,6857365,sodium-ascorbate,False,0.0,,No metal,True
fisetin,5281614.0,-1.1665412,0.3325527,5281614,fisetin,False,0.0,,No metal,True
dinaciclib,46926350.0,-0.6211245,1.0186768,46926350,dinaciclib,False,0.0,,No metal,True
rwj-67657,3008319.0,3.2618477,1.090384,3008319,rwj-67657,False,0.0,,No metal,True
triptorelin,25074470.0,1.0114027,4.80516,25074470,triptorelin,False,0.0,,No metal,True
ibudilast,3671.0,-4.1625032,4.7000093,3671,ibudilast,False,0.0,,No metal,True
venetoclax,49846579.0,1.7294433,2.781669,49846579,venetoclax,False,0.0,,No metal,True
rucaparib,9931954.0,-0.6797755,-0.16838923,9931954,rucaparib,False,0.0,,No metal,True
bindarit,71354.0,-0.22885312,-0.08794642,71354,bindarit,False,0.0,,No metal,True
autotaxin-modulator-1,,0.9934295,0.9379704,,autotaxin-modulator-1,False,0.0,,No metal,True
ivosidenib,71657455.0,0.3688031,1.549672,71657455,ivosidenib,False,0.0,,No metal,True
tizanidine,5487.0,-3.3216481,6.043885,5487,tizanidine,False,0.0,,No metal,True
mpep,3025961.0,-4.4516883,5.1198945,3025961,mpep,False,0.0,,No metal,True
gepotidacin,25101874.0,-0.74964,1.1888312,25101874,gepotidacin,False,0.0,,No metal,True
unc1215,57339144.0,-1.7872367,4.4609156,57339144,unc1215,False,0.0,,No metal,True
lenalidomide,12044976.0,-0.9349199,9.21363,12044976,lenalidomide,False,0.0,,No metal,True
ah-7614,233085.0,-0.10406175,-0.3446268,233085,ah-7614,False,0.0,,No metal,True
medica-16,121871.0,1.569314,6.6473894,121871,medica-16,False,0.0,,No metal,True
kenpaullone,3820.0,-0.4238031,-0.64974445,3820,kenpaullone,False,0.0,,No metal,True
prx-08066,11502243.0,-0.01104154,0.3347246,11502243,prx-08066,False,0.0,,No metal,True
miglitol,441314.0,1.9533765,9.225596,441314,miglitol,False,0.0,,No metal,True
cep-37440,71721648.0,0.26931557,2.035027,71721648,cep-37440,False,0.0,,No metal,True
tetramethylthiuram-monosulfide,7347.0,3.3245935,8.439963,7347,tetramethylthiuram-monosulfide,False,0.0,,No metal,True
rose-bengal-lactone,69439.0,1.001491,1.1552298,69439,rose-bengal-lactone,False,0.0,,No metal,True
palbociclib,5330286.0,-0.34756124,1.4488229,5330286,palbociclib,False,0.0,,No metal,True
chc,5328791.0,-0.936612,9.780632,5328791,chc,False,0.0,,No metal,True
tiapride,5467.0,0.19613408,8.850941,5467,tiapride,False,0.0,,No metal,True
pu-h71,9549213.0,-0.15912738,1.476781,9549213,pu-h71,False,0.0,,No metal,True
bergapten,2355.0,-0.7750242,-0.73142695,2355,bergapten,False,0.0,,No metal,True
mefenamic-acid,4044.0,-3.874889,5.090521,4044,mefenamic-acid,False,0.0,,No metal,True
indoximod,6920151.0,-3.8581736,5.9086394,6920151,indoximod,False,0.0,,No metal,True
tenapanor,71587953.0,1.5981274,3.0311744,71587953,tenapanor,False,0.0,,No metal,True
hydroxyfasudil,3064778.0,-3.0497508,6.0033617,3064778,hydroxyfasudil,False,0.0,,No metal,True
tolbutamide,5505.0,-0.3793908,9.477449,5505,tolbutamide,False,0.0,,No metal,True
3-deazauridine,,-1.0993418,8.463911,,3-deazauridine,False,0.0,,No metal,True
demecarium,5966.0,16.289656,3.8187344,5966,demecarium,False,0.0,,No metal,True
lm11a-31,28174760.0,2.5580313,8.744561,28174760,lm11a-31,False,0.0,,No metal,True
ot-r-antagonist-1,9690136.0,0.2407646,1.2535836,9690136,ot-r-antagonist-1,False,0.0,,No metal,True
etoposide-phosphate,6918092.0,-0.04798314,5.9390125,6918092,etoposide-phosphate,False,0.0,,No metal,True
larazotide-acetate,9810532.0,0.35974762,5.8602185,9810532,larazotide-acetate,False,0.0,,No metal,True
egf816,72703790.0,0.27013737,1.1944486,72703790,egf816,False,0.0,,No metal,True
gsk2656157,53469059.0,3.3221173,1.6924835,53469059,gsk2656157,False,0.0,,No metal,True
vu0364739,46937439.0,-0.009661143,0.6463448,46937439,vu0364739,False,0.0,,No metal,True
arq-092,53262401.0,2.7954364,2.6682086,53262401,arq-092,False,0.0,,No metal,True
als-8112,71621663.0,-1.0333447,8.645995,71621663,als-8112,False,0.0,,No metal,True
sorbitol,5780.0,1.8415717,9.183931,5780,sorbitol,False,0.0,,No metal,True
ly2608204,46832368.0,-1.3624177,4.5854673,46832368,ly2608204,False,0.0,,No metal,True
olesoxime,9930827.0,2.0757287,6.9416575,9930827,olesoxime,False,0.0,,No metal,True
trimebutine,13248159.0,-2.007887,4.5758085,13248159,trimebutine,False,0.0,,No metal,True
ramelteon,208902.0,0.08489831,9.968611,208902,ramelteon,False,0.0,,No metal,True
cg-400549,11844916.0,-0.19078161,0.023936957,11844916,cg-400549,False,0.0,,No metal,True
gr125487,4284721.0,-1.7039856,5.3764033,4284721,gr125487,False,0.0,,No metal,True
tolimidone,39065.0,-4.1375875,5.6938467,39065,tolimidone,False,0.0,,No metal,True
milacemide,53569.0,2.9827535,8.766868,53569,milacemide,False,0.0,,No metal,True
pheniramine,667440.0,-3.7685747,4.3349004,667440,pheniramine,False,0.0,,No metal,True
taurine,4068592.0,2.9119432,9.246818,4068592,taurine,False,0.0,,No metal,True
tcs-21311,50925411.0,0.09447347,1.5026206,50925411,tcs-21311,False,0.0,,No metal,True
sarpogrelate,40468125.0,-1.6478187,4.9485116,40468125,sarpogrelate,False,0.0,,No metal,True
aq-ra741,129989.0,-1.7835522,4.535501,129989,aq-ra741,False,0.0,,No metal,True
ursodiol,31401.0,2.0526025,7.2195277,31401,ursodiol,False,0.0,,No metal,True
dorzolamide,5284549.0,-0.5780474,8.921785,5284549,dorzolamide,False,0.0,,No metal,True
roblitinib,118036971.0,-0.68670875,5.7789984,118036971,roblitinib,False,0.0,,No metal,True
spautin-1,51037431.0,-0.42849135,-0.63178277,51037431,spautin-1,False,0.0,,No metal,True
reynoutrin,5320861.0,-0.5367026,6.2230897,5320861,reynoutrin,False,0.0,,No metal,True
clemastine,26987.0,-3.391671,4.003135,26987,clemastine,False,0.0,,No metal,True
cid-16020046,51436118.0,3.096888,1.550977,51436118,cid-16020046,False,0.0,,No metal,True
pd-166285,5311382.0,2.47614,1.4441736,5311382,pd-166285,False,0.0,,No metal,True
nedaplatin,,2.564955,9.076539,,nedaplatin,True,1.0,Pt,Contains metal,True
azapropazone,6604340.0,-0.08297978,9.556804,6604340,azapropazone,False,0.0,,No metal,True
efonidipine,11764616.0,0.8537236,1.9374837,11764616,efonidipine,False,0.0,,No metal,True
mestinon,4991.0,14.988748,4.276512,4991,mestinon,False,0.0,,No metal,True
laquinimod,54677946.0,-0.2275929,-0.22845325,54677946,laquinimod,False,0.0,,No metal,True
telotristat-ethyl,25181577.0,2.082694,1.9272314,25181577,telotristat-ethyl,False,0.0,,No metal,True
2-iodohippuric-acid,8614.0,-0.9062448,9.799693,8614,2-iodohippuric-acid,False,0.0,,No metal,True
aminoglutethimide,1548995.0,-0.7580504,9.827255,1548995,aminoglutethimide,False,0.0,,No metal,True
tiagabine,60648.0,-2.7194955,4.167861,60648,tiagabine,False,0.0,,No metal,True
eglumetad,213056.0,2.6460285,9.185984,213056,eglumetad,False,0.0,,No metal,True
tetrandrine,73078.0,2.1192853,1.8148501,73078,tetrandrine,False,0.0,,No metal,True
carmofur,2577.0,-0.6556562,9.417602,2577,carmofur,False,0.0,,No metal,True
acetylspiramycin,,0.9015268,5.56966,,acetylspiramycin,False,0.0,,No metal,True
zoliflodacin,76685216.0,-1.6421033,5.5582566,76685216,zoliflodacin,False,0.0,,No metal,True
asymmetrical-dimethylarginine,123831.0,2.3294802,9.062978,123831,asymmetrical-dimethylarginine,False,0.0,,No metal,True
ceforanide,43507.0,-0.2591726,6.1203537,43507,ceforanide,False,0.0,,No metal,True
o6-benzylguanine,4578.0,-1.0847397,0.019811843,4578,o6-benzylguanine,False,0.0,,No metal,True
exherin,,0.020300455,6.3651986,,exherin,False,0.0,,No metal,True
abt-239,9818903.0,0.13795012,-0.45338717,9818903,abt-239,False,0.0,,No metal,True
centazolone,72846.0,-0.9062108,-0.5622241,72846,centazolone,False,0.0,,No metal,True
forodesine,135409409.0,-1.8023822,6.5972157,135409409,forodesine,False,0.0,,No metal,True
quercetin,5280343.0,-1.2186689,0.38049817,5280343,quercetin,False,0.0,,No metal,True
tc-ask-10,24944925.0,3.5460825,1.3698453,24944925,tc-ask-10,False,0.0,,No metal,True
tak-733,24963252.0,-0.6801791,1.158691,24963252,tak-733,False,0.0,,No metal,True
pre-084,126402.0,0.27701932,9.411834,126402,pre-084,False,0.0,,No metal,True
iso-1,5288525.0,-0.5534408,9.544185,5288525,iso-1,False,0.0,,No metal,True
stobadine,108089.0,-0.29416013,10.561881,108089,stobadine,False,0.0,,No metal,True
ly223982,6444688.0,0.7701636,1.4401374,6444688,ly223982,False,0.0,,No metal,True
saracatinib,10302451.0,0.3687777,1.9294926,10302451,saracatinib,False,0.0,,No metal,True
asa-404,123964.0,-0.72953004,-0.56504416,123964,asa-404,False,0.0,,No metal,True
sar131675,71295845.0,-2.0031648,6.040788,71295845,sar131675,False,0.0,,No metal,True
sc-51089,132749.0,-0.06490398,0.4797624,132749,sc-51089,False,0.0,,No metal,True
wiki4,2984337.0,2.3104298,2.5572941,2984337,wiki4,False,0.0,,No metal,True
cenobamate,11962412.0,-3.1145837,6.1065745,11962412,cenobamate,False,0.0,,No metal,True
bet-bay-002,73425805.0,3.4109328,1.4009328,73425805,bet-bay-002,False,0.0,,No metal,True
dimaprit,3077.0,3.0493352,8.795572,3077,dimaprit,False,0.0,,No metal,True
butacaine,2480.0,0.46978495,8.875726,2480,butacaine,False,0.0,,No metal,True
levonordefrin,164739.0,-1.4110129,9.000983,164739,levonordefrin,False,0.0,,No metal,True
octinoxate,6993341.0,0.5383109,9.281914,6993341,octinoxate,False,0.0,,No metal,True
afobazole,9862937.0,-3.0293217,4.9415865,9862937,afobazole,False,0.0,,No metal,True
gdc-0077,124173720.0,-1.9811047,5.599282,124173720,gdc-0077,False,0.0,,No metal,True
haloperidol,3559.0,-2.7852952,4.267641,3559,haloperidol,False,0.0,,No metal,True
taprenepag,18376177.0,2.6508157,1.7033393,18376177,taprenepag,False,0.0,,No metal,True
3-aqc,3073499.0,-3.4203677,5.2423835,3073499,3-aqc,False,0.0,,No metal,True
entasobulin,10203597.0,2.7187328,2.7136405,10203597,entasobulin,False,0.0,,No metal,True
ethynylcytidine,176885.0,-1.0547733,8.274163,176885,ethynylcytidine,False,0.0,,No metal,True
lafutidine,40490609.0,-1.6291571,4.959732,40490609,lafutidine,False,0.0,,No metal,True
adapalene,60164.0,0.8378456,0.34154215,60164,adapalene,False,0.0,,No metal,True
plx8394,90116675.0,2.571301,1.7174834,90116675,plx8394,False,0.0,,No metal,True
cloxyquin,2817.0,-4.4526258,5.3308864,2817,cloxyquin,False,0.0,,No metal,True
roluperidone,9799284.0,-2.9881175,4.3429747,9799284,roluperidone,False,0.0,,No metal,True
buflomedil,2467.0,0.36231187,8.978384,2467,buflomedil,False,0.0,,No metal,True
madrasin,135444382.0,-0.97082376,0.2390752,135444382,madrasin,False,0.0,,No metal,True
fucoxanthin,5364094.0,1.2833319,6.3937693,5364094,fucoxanthin,False,0.0,,No metal,True
ri-1,1074953.0,0.11985935,9.603741,1074953,ri-1,False,0.0,,No metal,True
sirreal-2,1096292.0,3.096335,1.3227632,1096292,sirreal-2,False,0.0,,No metal,True
azd8330,16666708.0,-1.9513099,5.4858265,16666708,azd8330,False,0.0,,No metal,True
levalbuterol,123600.0,-0.93478537,9.035241,123600,levalbuterol,False,0.0,,No metal,True
pixantrone,134019.0,-1.802098,6.0587935,134019,pixantrone,False,0.0,,No metal,True
monepantel,44449087.0,-1.8965245,4.445592,44449087,monepantel,False,0.0,,No metal,True
ioversol,6604447.0,0.0062214057,6.224674,6604447,ioversol,False,0.0,,No metal,True
bt-11,121299620.0,2.4932132,2.6181314,121299620,bt-11,False,0.0,,No metal,True
flunisolide,82153.0,1.3791423,7.6995764,82153,flunisolide,False,0.0,,No metal,True
citalopram,146570.0,-3.3125267,4.1937766,146570,citalopram,False,0.0,,No metal,True
pnu-37883,64393.0,2.6780095,7.469663,64393,pnu-37883,False,0.0,,No metal,True
mk-0608,3011893.0,-1.9091451,6.542048,3011893,mk-0608,False,0.0,,No metal,True
ticarcillin,36921.0,-0.3308734,8.262744,36921,ticarcillin,False,0.0,,No metal,True
nitrocaramiphen,3941250.0,0.36006808,8.923575,3941250,nitrocaramiphen,False,0.0,,No metal,True
pik-75,10275789.0,-0.39835906,0.8093016,10275789,pik-75,False,0.0,,No metal,True
gts21,5310985.0,-3.3381636,4.231863,5310985,gts21,False,0.0,,No metal,True
hesperadin,,0.5310329,1.3495681,,hesperadin,False,0.0,,No metal,True
cep-32496,56846693.0,2.2813637,1.7214477,56846693,cep-32496,False,0.0,,No metal,True
udenafil,135564686.0,0.18696885,1.7830446,135564686,udenafil,False,0.0,,No metal,True
5-hydroxyectoine,40488256.0,2.7207198,9.253501,40488256,5-hydroxyectoine,False,0.0,,No metal,True
sr-27897,122077.0,3.2812793,1.3450463,122077,sr-27897,False,0.0,,No metal,True
at13148,24905401.0,-0.7657595,-0.021091172,24905401,at13148,False,0.0,,No metal,True
pamiparib,135565554.0,-3.666374,5.646875,135565554,pamiparib,False,0.0,,No metal,True
hthq,119193.0,0.41525322,9.857583,119193,hthq,False,0.0,,No metal,True
l-hydroxyproline,6971053.0,2.8306146,9.289504,6971053,l-hydroxyproline,False,0.0,,No metal,True
nu-7026,9860529.0,-0.6945194,-0.724742,9860529,nu-7026,False,0.0,,No metal,True
pq-401,9549305.0,-0.13002415,-0.23258395,9549305,pq-401,False,0.0,,No metal,True
nabumetone,4409.0,-3.9534605,4.4575415,4409,nabumetone,False,0.0,,No metal,True
piromidic-acid,4855.0,-3.0556266,5.956354,4855,piromidic-acid,False,0.0,,No metal,True
procyanidin-b-2,11250133.0,-0.4008311,6.101198,11250133,procyanidin-b-2,False,0.0,,No metal,True
ru-ski-43,93160320.0,-2.3750029,4.330952,93160320,ru-ski-43,False,0.0,,No metal,True
penicillamine-(d),6926437.0,2.8851748,9.19133,6926437,penicillamine-(d),False,0.0,,No metal,True
cortisone,222786.0,1.7957834,7.917693,222786,cortisone,False,0.0,,No metal,True
gsk-j1,56963315.0,-0.554163,1.0274768,56963315,gsk-j1,False,0.0,,No metal,True
dau-5884,,-0.035373036,9.502349,,dau-5884,False,0.0,,No metal,True
pf-05180999,60143346.0,3.302929,1.6998304,60143346,pf-05180999,False,0.0,,No metal,True
inh1,959043.0,-0.108348906,-0.5367493,959043,inh1,False,0.0,,No metal,True
disodium-sebacate,5192.0,2.84027,8.411476,5192,disodium-sebacate,False,0.0,,No metal,True
rn-1734,3601086.0,0.3901413,9.235879,3601086,rn-1734,False,0.0,,No metal,True
thiotepa,5453.0,3.415682,8.589999,5453,thiotepa,False,0.0,,No metal,True
tug-770,66553168.0,-3.436534,4.9302177,66553168,tug-770,False,0.0,,No metal,True
albendazole,2082.0,-3.4041286,5.420348,2082,albendazole,False,0.0,,No metal,True
methacholine,6603706.0,14.952055,4.3145022,6603706,methacholine,False,0.0,,No metal,True
amd11070,11256587.0,-0.11556292,0.2280506,11256587,amd11070,False,0.0,,No metal,True
pargyline,4688.0,-0.33738375,10.700279,4688,pargyline,False,0.0,,No metal,True
4-(4-fluorobenzoyl)-1-(4-phenylbutyl)-piperidine,5234410.0,-3.31818,3.9951465,5234410,4-(4-fluorobenzoyl)-1-(4-phenylbutyl)-piperidine,False,0.0,,No metal,True
tropisetron,,-3.743997,5.0478277,,tropisetron,False,0.0,,No metal,True
tegobuvir,23649154.0,0.8793401,0.67489105,23649154,tegobuvir,False,0.0,,No metal,True
chlorophyllin-copper,,-0.92257845,4.9804196,,chlorophyllin-copper,True,1.0,Cu,Contains metal,True
gavestinel,6450546.0,0.03313479,-0.11290362,6450546,gavestinel,False,0.0,,No metal,True
senicapoc,216327.0,-0.22880456,-0.49081254,216327,senicapoc,False,0.0,,No metal,True
alpha-tochopherol,1548900.0,1.4988331,6.4039063,1548900,alpha-tochopherol,False,0.0,,No metal,True
fedratinib,16722836.0,0.31224188,1.7976866,16722836,fedratinib,False,0.0,,No metal,True
azalomycin-b,6444206.0,0.8941089,5.4231477,6444206,azalomycin-b,False,0.0,,No metal,True
htmt,6604743.0,-2.1330686,4.866857,6604743,htmt,False,0.0,,No metal,True
alisporivir,11513676.0,0.69986194,5.2719426,11513676,alisporivir,False,0.0,,No metal,True
furagin,6870646.0,-0.6264346,9.058842,6870646,furagin,False,0.0,,No metal,True
ademetionine,34756.0,14.714748,3.985896,34756,ademetionine,False,0.0,,No metal,True
pridopidine,9795739.0,0.14795096,9.911979,9795739,pridopidine,False,0.0,,No metal,True
evenamide,25105689.0,0.12529695,9.227087,25105689,evenamide,False,0.0,,No metal,True
mk-886,3651377.0,0.9988217,0.74451566,3651377,mk-886,False,0.0,,No metal,True
chlorophyllin,,-0.7007431,4.9450517,,chlorophyllin,False,0.0,,No metal,True
bucetin,6918884.0,-0.4744944,9.642785,6918884,bucetin,False,0.0,,No metal,True
adatanserin,130918.0,0.2004417,8.91968,130918,adatanserin,False,0.0,,No metal,True
niridazole,6093.0,-0.7737467,9.443546,6093,niridazole,False,0.0,,No metal,True
sulfamoxole,12894.0,-3.0411873,6.121133,12894,sulfamoxole,False,0.0,,No metal,True
bts,95801.0,-3.869577,5.182633,95801,bts,False,0.0,,No metal,True
org-9768,22152353.0,-0.5022291,10.837405,22152353,org-9768,False,0.0,,No metal,True
lucitanib,25031915.0,2.796439,1.5095471,25031915,lucitanib,False,0.0,,No metal,True
fph1-(brd-6125),2210370.0,-2.8602738,4.730061,2210370,fph1-(brd-6125),False,0.0,,No metal,True
ly2157299,10090485.0,3.4519503,1.5469722,10090485,ly2157299,False,0.0,,No metal,True
capsaicin,1548943.0,0.39546376,9.038944,1548943,capsaicin,False,0.0,,No metal,True
trihexyphenidyl,207845.0,0.5479348,9.713119,207845,trihexyphenidyl,False,0.0,,No metal,True
flumatinib,46848036.0,2.2814085,1.7734047,46848036,flumatinib,False,0.0,,No metal,True
genz-644282,10294813.0,3.1145866,1.7869663,10294813,genz-644282,False,0.0,,No metal,True
rheochrysidin,10639.0,-3.1193585,5.93868,10639,rheochrysidin,False,0.0,,No metal,True
enoximone,53708.0,-3.6478531,5.823661,53708,enoximone,False,0.0,,No metal,True
oxa-06,24857242.0,3.552718,1.2017891,24857242,oxa-06,False,0.0,,No metal,True
tributyrin,6050.0,0.5132971,8.639161,6050,tributyrin,False,0.0,,No metal,True
ornipressin,,0.8179422,5.0635743,,ornipressin,False,0.0,,No metal,True
amuvatinib,11282283.0,3.0805557,1.733414,11282283,amuvatinib,False,0.0,,No metal,True
irosustat,5287541.0,-3.0140219,5.9227204,5287541,irosustat,False,0.0,,No metal,True
fendiline,36687769.0,0.61804813,-0.1850287,36687769,fendiline,False,0.0,,No metal,True
arsenic-trioxide,261004.0,3.3622873,8.831562,261004,arsenic-trioxide,False,0.0,,No metal,True
ml298,53393916.0,-2.2346303,5.2906456,53393916,ml298,False,0.0,,No metal,True
halazone,3552.0,-0.5197531,9.82367,3552,halazone,False,0.0,,No metal,True
ici-63197,62824.0,-3.6342518,6.173327,62824,ici-63197,False,0.0,,No metal,True
diacetamate,17499.0,-0.6163412,10.239823,17499,diacetamate,False,0.0,,No metal,True
pyridoxine,1054.0,-1.3084078,9.358378,1054,pyridoxine,False,0.0,,No metal,True
cts-1027,3342298.0,-1.8556023,5.218823,3342298,cts-1027,False,0.0,,No metal,True
tram-34,656734.0,3.5502815,1.1027313,656734,tram-34,False,0.0,,No metal,True
tmph,11207937.0,2.6716244,7.8573184,11207937,tmph,False,0.0,,No metal,True
way-200070,135418373.0,-0.7852518,-0.2568248,135418373,way-200070,False,0.0,,No metal,True
puromycin,439530.0,-0.33311963,6.0449185,439530,puromycin,False,0.0,,No metal,True
amisulpride,5746246.0,-0.07360315,8.336142,5746246,amisulpride,False,0.0,,No metal,True
tak-220,5275766.0,-1.6574833,4.513523,5275766,tak-220,False,0.0,,No metal,True
ibrolipim,131601.0,-2.0302236,4.333179,131601,ibrolipim,False,0.0,,No metal,True
climbazole,25734913.0,-3.6195233,4.345701,25734913,climbazole,False,0.0,,No metal,True
prednisolone-acetate,5834.0,1.4196393,7.7291327,5834,prednisolone-acetate,False,0.0,,No metal,True
methoxyphenamine,6918906.0,-0.4042744,10.622361,6918906,methoxyphenamine,False,0.0,,No metal,True
almitrine,33887.0,0.26714614,1.4067584,33887,almitrine,False,0.0,,No metal,True
quinidine,441074.0,-3.0515027,4.89874,441074,quinidine,False,0.0,,No metal,True
nalfurafine,6445230.0,-1.7921588,5.2242336,6445230,nalfurafine,False,0.0,,No metal,True
dacinostat,6445533.0,-0.51862013,0.9513688,6445533,dacinostat,False,0.0,,No metal,True
rgb-286638,11285002.0,0.14857045,1.9022881,11285002,rgb-286638,False,0.0,,No metal,True
azithromycin,71206984.0,0.87746704,5.591261,71206984,azithromycin,False,0.0,,No metal,True
1-deoxymannojirimycin,72258.0,2.0784926,9.258688,72258,1-deoxymannojirimycin,False,0.0,,No metal,True
"2,4-dinitrophenol",1493.0,-0.7807956,9.384366,1493,"2,4-dinitrophenol",False,0.0,,No metal,True
dextrose,107526.0,1.8856895,9.211619,107526,dextrose,False,0.0,,No metal,True
gliquidone,91610.0,-1.23072,5.070546,91610,gliquidone,False,0.0,,No metal,True
inca-6,230748.0,-4.1177764,4.571359,230748,inca-6,False,0.0,,No metal,True
rs-79948,9908992.0,0.17828222,9.39392,9908992,rs-79948,False,0.0,,No metal,True
tremorine,5534.0,3.3490598,8.477659,5534,tremorine,False,0.0,,No metal,True
zoniporide,6433110.0,-0.87353903,0.08429443,6433110,zoniporide,False,0.0,,No metal,True
sparfloxacin,6956367.0,-2.186624,5.6254816,6956367,sparfloxacin,False,0.0,,No metal,True
centanafadine,16095349.0,-4.4604316,5.137518,16095349,centanafadine,False,0.0,,No metal,True
2-fluorofucose,446098.0,2.7688584,9.225797,446098,2-fluorofucose,False,0.0,,No metal,True
nuvenzepine,65846.0,-3.2196894,5.1589456,65846,nuvenzepine,False,0.0,,No metal,True
qx-222,5014.0,15.1131,4.1490407,5014,qx-222,False,0.0,,No metal,True
nisoldipine,28248400.0,0.2785632,8.323213,28248400,nisoldipine,False,0.0,,No metal,True
olumacostat-glasaretil,89497391.0,1.0196145,6.245267,89497391,olumacostat-glasaretil,False,0.0,,No metal,True
beta-hydroxybutyrate,441.0,3.3153512,9.087378,441,beta-hydroxybutyrate,False,0.0,,No metal,True
ly215490,127894.0,-0.6769592,8.810167,127894,ly215490,False,0.0,,No metal,True
duloxetine,60835.0,-0.0014052008,-0.45616168,60835,duloxetine,False,0.0,,No metal,True
cotinine,854019.0,-0.4760894,10.632414,854019,cotinine,False,0.0,,No metal,True
rac-bhff,7023847.0,0.358658,9.919183,7023847,rac-bhff,False,0.0,,No metal,True
desisobutyryl-ciclesonide,24848783.0,1.2645346,7.5807104,24848783,desisobutyryl-ciclesonide,False,0.0,,No metal,True
acivicin,16758175.0,2.7443616,9.109588,16758175,acivicin,False,0.0,,No metal,True
bmy-14802,10020651.0,-2.6017892,4.8516755,10020651,bmy-14802,False,0.0,,No metal,True
tolazamide,5503.0,-0.2825397,9.137114,5503,tolazamide,False,0.0,,No metal,True
vx-222,,0.6707942,8.770402,,vx-222,False,0.0,,No metal,True
phenol,996.0,-0.7614021,10.866274,996,phenol,False,0.0,,No metal,True
3-deazaadenosine,12769724.0,-1.904683,6.5655246,12769724,3-deazaadenosine,False,0.0,,No metal,True
clinafloxacin,969489.0,-2.674397,5.532453,969489,clinafloxacin,False,0.0,,No metal,True
arv-825,124870683.0,1.7044121,2.8115306,124870683,arv-825,False,0.0,,No metal,True
parthenolide-(-),5420805.0,2.9884195,7.8459806,5420805,parthenolide-(-),False,0.0,,No metal,True
byk-204165,25113764.0,-3.961662,5.4906683,25113764,byk-204165,False,0.0,,No metal,True
omeprazole,9568614.0,-0.5270588,0.23440975,9568614,omeprazole,False,0.0,,No metal,True
tolrestat,53359.0,-3.0789838,4.7047687,53359,tolrestat,False,0.0,,No metal,True
vindesine,40839.0,0.36925635,5.3577757,40839,vindesine,False,0.0,,No metal,True
bekanamycin,439318.0,0.46962267,6.161258,439318,bekanamycin,False,0.0,,No metal,True
sch-900776,46239015.0,-0.9184717,0.25445712,46239015,sch-900776,False,0.0,,No metal,True
piperidolate,688565.0,-3.32036,4.1725,688565,piperidolate,False,0.0,,No metal,True
etrabamine,92274373.0,-0.89942783,10.516366,92274373,etrabamine,False,0.0,,No metal,True
l-kynurenine,6971029.0,-1.0908637,9.047534,6971029,l-kynurenine,False,0.0,,No metal,True
rilpivirine,6451164.0,-0.08906083,0.7927405,6451164,rilpivirine,False,0.0,,No metal,True
rauwolscine,643606.0,-3.1234024,5.3229184,643606,rauwolscine,False,0.0,,No metal,True
bicalutamide,2375.0,-1.9618883,5.3483434,2375,bicalutamide,False,0.0,,No metal,True
benzoxiquine,6855.0,-0.5228594,-0.77191705,6855,benzoxiquine,False,0.0,,No metal,True
smi-4a,1361334.0,0.045819312,10.140686,1361334,smi-4a,False,0.0,,No metal,True
ergocalciferol,5280793.0,2.0858028,6.927441,5280793,ergocalciferol,False,0.0,,No metal,True
tyrphostin-a9,5614.0,0.37440366,9.900329,5614,tyrphostin-a9,False,0.0,,No metal,True
nomegestrol-acetate,91668.0,2.3618162,7.446064,91668,nomegestrol-acetate,False,0.0,,No metal,True
5'-chloro-5'-deoxy-enba-(+/-),,-1.8740339,5.8855734,,5'-chloro-5'-deoxy-enba-(+/-),False,0.0,,No metal,True
pirquinozol,135449340.0,-1.0145378,-0.30459464,135449340,pirquinozol,False,0.0,,No metal,True
epoprostenol,5282411.0,1.5583541,7.0929623,5282411,epoprostenol,False,0.0,,No metal,True
onx-0914,23642227.0,-0.5589966,5.6382065,23642227,onx-0914,False,0.0,,No metal,True
nicotinyl-alcohol-tartrate,7510.0,-1.0491737,10.641149,7510,nicotinyl-alcohol-tartrate,False,0.0,,No metal,True
dichloroacetate,,3.5012672,8.657414,,dichloroacetate,True,1.0,Na,Contains metal,True
bq-123,443289.0,-0.2841837,6.1512723,443289,bq-123,False,0.0,,No metal,True
cpi-0610,57389999.0,-0.16568883,-0.04048605,57389999,cpi-0610,False,0.0,,No metal,True
as-1892802,46911016.0,-0.5623084,0.12410089,46911016,as-1892802,False,0.0,,No metal,True
hydroxyamphetamine,12234986.0,-1.3619596,10.113447,12234986,hydroxyamphetamine,False,0.0,,No metal,True
cp-673451,10158940.0,3.0947354,1.6362541,10158940,cp-673451,False,0.0,,No metal,True
igmesine,6438340.0,-3.295899,3.9947612,6438340,igmesine,False,0.0,,No metal,True
ym-298198,9819432.0,-0.24917032,-0.25585732,9819432,ym-298198,False,0.0,,No metal,True
pha-793887,46191454.0,0.035729706,8.990886,46191454,pha-793887,False,0.0,,No metal,True
gsk2636771,56949517.0,0.16570687,0.32495588,56949517,gsk2636771,False,0.0,,No metal,True
kf-38789,135565372.0,-2.135458,5.1557603,135565372,kf-38789,False,0.0,,No metal,True
anecortave-acetate,111332.0,1.8475962,7.60993,111332,anecortave-acetate,False,0.0,,No metal,True
mk-0893,11570626.0,2.2088583,2.4777517,11570626,mk-0893,False,0.0,,No metal,True
plinabulin,9949641.0,-0.8894404,0.24591407,9949641,plinabulin,False,0.0,,No metal,True
gsk2801,73010930.0,0.068621,0.1323516,73010930,gsk2801,False,0.0,,No metal,True
isotiquimide,76961135.0,-0.27552286,10.533242,76961135,isotiquimide,False,0.0,,No metal,True
mesoridazine,57146948.0,-3.1574366,4.115831,57146948,mesoridazine,False,0.0,,No metal,True
tetrahydrofolic-acid,135398650.0,-0.3409846,6.1126513,135398650,tetrahydrofolic-acid,False,0.0,,No metal,True
l-threonine,6971019.0,2.7246473,9.285322,6971019,l-threonine,False,0.0,,No metal,True
qx-314,3925.0,15.179996,4.0813065,3925,qx-314,False,0.0,,No metal,True
bisacodyl,2391.0,0.014607817,0.25012812,2391,bisacodyl,False,0.0,,No metal,True
levocarnitine,10918.0,14.948434,4.3170857,10918,levocarnitine,False,0.0,,No metal,True
belotecan,6456014.0,-0.59349537,1.0477542,6456014,belotecan,False,0.0,,No metal,True
melphalan-n-oxide,11234795.0,-0.013336656,9.025785,11234795,melphalan-n-oxide,False,0.0,,No metal,True
jnj-38877618,57654476.0,2.942278,2.658952,57654476,jnj-38877618,False,0.0,,No metal,True
pentamidine,4735.0,-1.9835349,5.3365335,4735,pentamidine,False,0.0,,No metal,True
selitrectinib,129103609.0,-0.8244665,0.23044664,129103609,selitrectinib,False,0.0,,No metal,True
cepharanthine,10206.0,2.3279734,1.6707108,10206,cepharanthine,False,0.0,,No metal,True
caprylic-acid,379.0,3.2308137,8.285271,379,caprylic-acid,False,0.0,,No metal,True
azd8055,25262965.0,-0.35580897,1.4870104,25262965,azd8055,False,0.0,,No metal,True
h-89,449241.0,0.094173305,0.6760728,449241,h-89,False,0.0,,No metal,True
etifenin,170344.0,-0.10965319,8.4995,170344,etifenin,False,0.0,,No metal,True
foxy-5,44628955.0,0.37381834,5.795114,44628955,foxy-5,False,0.0,,No metal,True
mk-7622,46207733.0,3.4719636,1.3896812,46207733,mk-7622,False,0.0,,No metal,True
s-111,11213350.0,2.0114162,7.109509,11213350,s-111,False,0.0,,No metal,True
fenaclon,9376.0,-0.2718854,10.512335,9376,fenaclon,False,0.0,,No metal,True
colchicine,6167.0,-2.1813774,5.043946,6167,colchicine,False,0.0,,No metal,True
tretinoin,444795.0,2.4807577,7.321847,444795,tretinoin,False,0.0,,No metal,True
coenzyme-i,439153.0,0.3141945,5.6972775,439153,coenzyme-i,False,0.0,,No metal,True
ginsenoside-c-k,9852086.0,0.6768703,6.931421,9852086,ginsenoside-c-k,False,0.0,,No metal,True
gsk2881078,86709174.0,-3.3989766,4.8565683,86709174,gsk2881078,False,0.0,,No metal,True
bay-8002,992293.0,-0.009750854,0.5908466,992293,bay-8002,False,0.0,,No metal,True
fdcyd,515328.0,-1.1207594,8.625005,515328,fdcyd,False,0.0,,No metal,True
glycerol-phenylbutyrate,10482134.0,1.1104783,1.695265,10482134,glycerol-phenylbutyrate,False,0.0,,No metal,True
soblidotin,6918315.0,0.7562167,6.110986,6918315,soblidotin,False,0.0,,No metal,True
batimastat,5362422.0,-1.1962738,5.298427,5362422,batimastat,False,0.0,,No metal,True
pat-1251,122536283.0,-2.2160244,5.3912573,122536283,pat-1251,False,0.0,,No metal,True
retinyl-acetate,638034.0,2.322143,7.2447467,638034,retinyl-acetate,False,0.0,,No metal,True
olmesartan-medoxomil,130881.0,2.016184,2.3331208,130881,olmesartan-medoxomil,False,0.0,,No metal,True
"2,3-cis/exo-camphanediol",11768995.0,3.3197534,8.754688,11768995,"2,3-cis/exo-camphanediol",False,0.0,,No metal,True
pantoprazole,11181988.0,-0.38822025,0.76036763,11181988,pantoprazole,False,0.0,,No metal,True
quazinone,135511466.0,-0.47521228,10.202578,135511466,quazinone,False,0.0,,No metal,True
nalidixic-acid,4421.0,-3.8324223,5.836802,4421,nalidixic-acid,False,0.0,,No metal,True
d-64131,3921152.0,-0.5387501,-0.69563043,3921152,d-64131,False,0.0,,No metal,True
polidocanol,656641.0,0.88504446,6.160573,656641,polidocanol,False,0.0,,No metal,True
buparlisib,16654980.0,-1.8693749,5.50425,16654980,buparlisib,False,0.0,,No metal,True
desoxycorticosterone-pivalate,11876263.0,2.2483459,7.3949285,11876263,desoxycorticosterone-pivalate,False,0.0,,No metal,True
neca,448222.0,-1.7065711,6.571346,448222,neca,False,0.0,,No metal,True
sng-1153,71621167.0,-0.013825953,0.65266216,71621167,sng-1153,False,0.0,,No metal,True
ptc-209,1117196.0,3.018334,1.3196901,1117196,ptc-209,False,0.0,,No metal,True
nsc-95397,262093.0,-0.13417242,8.832306,262093,nsc-95397,False,0.0,,No metal,True
emtricitabine,60877.0,-1.0597202,8.994706,60877,emtricitabine,False,0.0,,No metal,True
sk&f-10047-(+),3036222.0,0.19563392,10.213213,3036222,sk&f-10047-(+),False,0.0,,No metal,True
wiskostatin,981326.0,-0.05097608,-0.45046186,981326,wiskostatin,False,0.0,,No metal,True
schisandrin-b,174277.0,-2.2574759,4.6216636,174277,schisandrin-b,False,0.0,,No metal,True
hydrastinine,3397945.0,15.019777,4.2465568,3397945,hydrastinine,False,0.0,,No metal,True
cilomilast,,0.3621696,9.108838,,cilomilast,False,0.0,,No metal,True
moxonidine,4810.0,-0.76512164,9.351468,4810,moxonidine,False,0.0,,No metal,True
monastrol,794325.0,-0.40261987,9.11408,794325,monastrol,False,0.0,,No metal,True
raf709,90408826.0,0.4013358,1.4635049,90408826,raf709,False,0.0,,No metal,True
pyronaridine,107771.0,2.3136857,1.5692093,107771,pyronaridine,False,0.0,,No metal,True
biib021,16736529.0,-0.94380766,0.20879842,16736529,biib021,False,0.0,,No metal,True
amcinonide,40469418.0,1.1237081,7.4627337,40469418,amcinonide,False,0.0,,No metal,True
lansoprazole,9578005.0,-0.22329071,0.06852384,9578005,lansoprazole,False,0.0,,No metal,True
ginsenoside-re3,46887680.0,0.9157572,5.5042534,46887680,ginsenoside-re3,False,0.0,,No metal,True
cpi-169,71712226.0,0.28502464,1.5218756,71712226,cpi-169,False,0.0,,No metal,True
luliconazole,3003141.0,-3.3158228,4.188933,3003141,luliconazole,False,0.0,,No metal,True
ph-797804,22049997.0,0.36837262,0.3797185,22049997,ph-797804,False,0.0,,No metal,True
amflutizole,54833.0,-3.3969493,5.5090785,54833,amflutizole,False,0.0,,No metal,True
sgc-cbp30,72201027.0,2.5642388,1.3749299,72201027,sgc-cbp30,False,0.0,,No metal,True
deferoxamine-mesylate,2973.0,0.40728393,5.992397,2973,deferoxamine-mesylate,False,0.0,,No metal,True
am095,46213949.0,2.6506965,1.2782959,46213949,am095,False,0.0,,No metal,True
ly2603618,11955855.0,-1.941662,5.3779135,11955855,ly2603618,False,0.0,,No metal,True
l-165041,6603901.0,-1.579215,4.9995313,6603901,l-165041,False,0.0,,No metal,True
ribitol,,2.0275674,9.246348,,ribitol,False,0.0,,No metal,True
ruxolitinib-(s),50878566.0,-0.59005386,-0.39685073,50878566,ruxolitinib-(s),False,0.0,,No metal,True
arecaidine-but-2-ynyl-ester,4214594.0,3.2956948,8.538032,4214594,arecaidine-but-2-ynyl-ester,False,0.0,,No metal,True
nadolol,7048578.0,-0.52911377,8.650568,7048578,nadolol,False,0.0,,No metal,True
ys-201,29942219.0,0.2785817,8.176876,29942219,ys-201,False,0.0,,No metal,True
sb-222200,6604009.0,3.4176588,1.031642,6604009,sb-222200,False,0.0,,No metal,True
vipadenant,21874557.0,3.2151837,1.8589367,21874557,vipadenant,False,0.0,,No metal,True
bibr-1532,9927531.0,-0.08592065,-0.25620788,9927531,bibr-1532,False,0.0,,No metal,True
practolol,6918924.0,-0.37336087,8.929959,6918924,practolol,False,0.0,,No metal,True
niceritrol,4476.0,1.9723502,2.2084727,4476,niceritrol,False,0.0,,No metal,True
gsk2190915,44473151.0,1.9032987,2.3167326,44473151,gsk2190915,False,0.0,,No metal,True
coumarin,323.0,-4.451202,5.409813,323,coumarin,False,0.0,,No metal,True
gynostemma-extract,46887681.0,0.89226276,5.3567595,46887681,gynostemma-extract,False,0.0,,No metal,True
iem1754,9887868.0,2.8751225,8.324962,9887868,iem1754,False,0.0,,No metal,True
i-brd9,91668541.0,0.19677396,0.9429176,91668541,i-brd9,False,0.0,,No metal,True
sutezolid,465951.0,0.003745775,9.141189,465951,sutezolid,False,0.0,,No metal,True
aj76-(+),122334.0,0.2382896,10.111199,122334,aj76-(+),False,0.0,,No metal,True
g-749,78357765.0,2.3705668,1.7117615,78357765,g-749,False,0.0,,No metal,True
penicillamine-(racemic),6926437.0,2.905814,9.181277,6926437,penicillamine-(racemic),False,0.0,,No metal,True
tiabendazole,5430.0,-0.7463644,-0.7660235,5430,tiabendazole,False,0.0,,No metal,True
mk-1903,49763030.0,-1.3095082,10.083412,49763030,mk-1903,False,0.0,,No metal,True
r547,6918852.0,-1.5607144,5.654263,6918852,r547,False,0.0,,No metal,True
clofazimine,,0.9423682,0.6628252,,clofazimine,False,0.0,,No metal,True
ferrostatin-1,4068248.0,-0.036266673,9.543602,4068248,ferrostatin-1,False,0.0,,No metal,True
nelfinavir,64143.0,-0.9728935,5.0319266,64143,nelfinavir,False,0.0,,No metal,True
adomeglivant,91933867.0,1.0845118,1.1715503,91933867,adomeglivant,False,0.0,,No metal,True
melengestrol-acetate,,2.322837,7.4105525,,melengestrol-acetate,False,0.0,,No metal,True
yohimbine,8969.0,-3.1685913,5.3226337,8969,yohimbine,False,0.0,,No metal,True
sb-366791,667594.0,-3.7125072,4.645012,667594,sb-366791,False,0.0,,No metal,True
bromfenac,60726.0,-3.1829536,5.3780184,60726,bromfenac,False,0.0,,No metal,True
pterostilbene,5281727.0,-3.6762078,4.8768387,5281727,pterostilbene,False,0.0,,No metal,True
(s)-(+)-rolipram,158758.0,0.07362189,9.740689,158758,(s)-(+)-rolipram,False,0.0,,No metal,True
rp67580,107686.0,0.6077485,0.40396935,107686,rp67580,False,0.0,,No metal,True
phenylephrine,6041.0,-1.2547866,9.562879,6041,phenylephrine,False,0.0,,No metal,True
mps-bay-2a,57381882.0,2.515336,2.6594307,57381882,mps-bay-2a,False,0.0,,No metal,True
alvocidib,5287969.0,-0.5322044,0.7535936,5287969,alvocidib,False,0.0,,No metal,True
ecamsule-triethanolamine,131634633.0,0.48984838,6.9679265,131634633,ecamsule-triethanolamine,False,0.0,,No metal,True
l-655240,122070.0,0.6636645,-0.06279893,122070,l-655240,False,0.0,,No metal,True
cur-61414,10392802.0,-1.239446,5.0715823,10392802,cur-61414,False,0.0,,No metal,True
dimetridazole,3090.0,-1.0303494,10.525801,3090,dimetridazole,False,0.0,,No metal,True
milrinone,4197.0,-4.042954,5.7982745,4197,milrinone,False,0.0,,No metal,True
cc-90003,90331177.0,0.13720955,1.4873612,90331177,cc-90003,False,0.0,,No metal,True
dmso,21584481.0,3.441461,8.731025,21584481,dmso,False,0.0,,No metal,True
iodipamide,3739.0,-0.83906364,4.557825,3739,iodipamide,False,0.0,,No metal,True
evacetrapib,,0.9160926,1.6336523,,evacetrapib,False,0.0,,No metal,True
frentizole,33334.0,-0.63414806,-0.23611681,33334,frentizole,False,0.0,,No metal,True
mk-2206,24964624.0,2.8842907,2.6382208,24964624,mk-2206,False,0.0,,No metal,True
brompheniramine,16960.0,-3.7228053,4.1290545,16960,brompheniramine,False,0.0,,No metal,True
tc-lpa5-4,66552906.0,0.6325899,0.26812083,66552906,tc-lpa5-4,False,0.0,,No metal,True
metafolin,135398561.0,-0.3416828,6.098061,135398561,metafolin,False,0.0,,No metal,True
ceftobiprole,138319339.0,-0.06906507,6.3936844,138319339,ceftobiprole,False,0.0,,No metal,True
furosemide,3440.0,-2.3973727,5.7763395,3440,furosemide,False,0.0,,No metal,True
ly2801653,44603533.0,2.4104517,2.6169653,44603533,ly2801653,False,0.0,,No metal,True
phloretin,4788.0,-2.6852388,5.822801,4788,phloretin,False,0.0,,No metal,True
bromisoval,146955.0,3.0250783,8.775829,146955,bromisoval,False,0.0,,No metal,True
semaxanib,5329098.0,-3.9844713,5.3977537,5329098,semaxanib,False,0.0,,No metal,True
etoposide,36462.0,-0.08953159,6.0155463,36462,etoposide,False,0.0,,No metal,True
torcetrapib,159325.0,0.9903274,0.98791206,159325,torcetrapib,False,0.0,,No metal,True
iopodic-acid,,-1.4796946,4.4045563,,iopodic-acid,False,0.0,,No metal,True
epz-5676,,0.9430125,2.147889,,epz-5676,False,0.0,,No metal,True
briciclib,11248490.0,-1.1605403,5.3310857,11248490,briciclib,False,0.0,,No metal,True
troleandomycin,,0.86544555,5.62108,,troleandomycin,False,0.0,,No metal,True
phenprobamate,4770.0,-0.45349324,10.498026,4770,phenprobamate,False,0.0,,No metal,True
suloctidil,657255.0,1.5517781,6.7380977,657255,suloctidil,False,0.0,,No metal,True
pyrimethamine,4993.0,-3.475757,5.835883,4993,pyrimethamine,False,0.0,,No metal,True
pj-34,4858.0,-0.84737474,-0.2435396,4858,pj-34,False,0.0,,No metal,True
macitentan,16004692.0,0.21830583,1.7981399,16004692,macitentan,False,0.0,,No metal,True
thz1-r,119081415.0,2.1470551,2.4655466,119081415,thz1-r,False,0.0,,No metal,True
pd-158780,4707.0,-0.7525108,-0.10716609,4707,pd-158780,False,0.0,,No metal,True
sulphadimethoxine,5323.0,-2.5022693,6.1729846,5323,sulphadimethoxine,False,0.0,,No metal,True
peramivir,154234.0,1.9234229,8.844894,154234,peramivir,False,0.0,,No metal,True
sulforaphane,9577379.0,3.2128088,8.434766,9577379,sulforaphane,False,0.0,,No metal,True
menadione-bisulfite,1711949.0,-0.643496,9.598513,1711949,menadione-bisulfite,False,0.0,,No metal,True
upf-1069,25015515.0,-0.70907384,-0.5157651,25015515,upf-1069,False,0.0,,No metal,True
mf-101,114829.0,-3.5668845,5.664843,114829,mf-101,False,0.0,,No metal,True
dg051,72199860.0,-2.1363769,4.334049,72199860,dg051,False,0.0,,No metal,True
dexloxiglumide,65937.0,0.50576097,7.697064,65937,dexloxiglumide,False,0.0,,No metal,True
propranolol,62882.0,-3.4704852,5.288775,62882,propranolol,False,0.0,,No metal,True
dirithromycin,132274085.0,0.9107705,5.55153,132274085,dirithromycin,False,0.0,,No metal,True
isoconazole,25273632.0,0.79420656,-0.11424315,25273632,isoconazole,False,0.0,,No metal,True
ptc-028,73427235.0,3.4598334,1.2240205,73427235,ptc-028,False,0.0,,No metal,True
beta-amyloid-synthesis-inhibitor,9882580.0,-0.70386523,0.7038775,9882580,beta-amyloid-synthesis-inhibitor,False,0.0,,No metal,True
sulfanilamide,5333.0,-1.3095098,9.895222,5333,sulfanilamide,False,0.0,,No metal,True
fenobam,135659063.0,-0.6460271,9.941652,135659063,fenobam,False,0.0,,No metal,True
ly288513,2802894.0,0.09609369,-0.09137887,2802894,ly288513,False,0.0,,No metal,True
genistein,5280961.0,-1.1419678,0.13734844,5280961,genistein,False,0.0,,No metal,True
lumiracoxib,151166.0,-3.862113,4.9345245,151166,lumiracoxib,False,0.0,,No metal,True
ly310762,4282258.0,-2.883266,4.246728,4282258,ly310762,False,0.0,,No metal,True
amg-319,68947304.0,2.8620698,2.6354306,68947304,amg-319,False,0.0,,No metal,True
emricasan,12000240.0,-0.76347905,5.3206177,12000240,emricasan,False,0.0,,No metal,True
sulpiride,643497.0,-0.2857313,8.47857,643497,sulpiride,False,0.0,,No metal,True
fluphenazine-decanoate,3388.0,1.1393722,1.9247558,3388,fluphenazine-decanoate,False,0.0,,No metal,True
piricapiron,5545745.0,0.26019698,8.856003,5545745,piricapiron,False,0.0,,No metal,True
cilengitide,176873.0,-0.007650955,6.2032547,176873,cilengitide,False,0.0,,No metal,True
6-aminochrysene,17534.0,3.6952221,1.292074,17534,6-aminochrysene,False,0.0,,No metal,True
creatinol-phosphate,23342.0,2.3134925,9.112283,23342,creatinol-phosphate,False,0.0,,No metal,True
rwj-50271,9953357.0,-0.20843154,0.6815522,9953357,rwj-50271,False,0.0,,No metal,True
acadesine,17513.0,-1.0197864,8.21075,17513,acadesine,False,0.0,,No metal,True
skf-38393,6603799.0,-3.5903044,5.704888,6603799,skf-38393,False,0.0,,No metal,True
uki-1,9895193.0,-0.7011709,5.105921,9895193,uki-1,False,0.0,,No metal,True
tg-100801,11973736.0,2.056428,2.4554534,11973736,tg-100801,False,0.0,,No metal,True
amz30,44607965.0,-0.33911026,1.296429,44607965,amz30,False,0.0,,No metal,True
dianhydrogalactitol,15942827.0,2.793047,9.151821,15942827,dianhydrogalactitol,False,0.0,,No metal,True
begacestat,11269353.0,0.1779463,9.076873,11269353,begacestat,False,0.0,,No metal,True
pf-02413873,16662425.0,-2.602944,4.952379,16662425,pf-02413873,False,0.0,,No metal,True
polyinosine,138454308.0,-1.5678917,6.5648217,138454308,polyinosine,False,0.0,,No metal,True
ethaverine,3280.0,0.54238915,0.52359045,3280,ethaverine,False,0.0,,No metal,True
entinostat,4261.0,-0.47953898,0.9264191,4261,entinostat,False,0.0,,No metal,True
indapamide,12598931.0,-2.7380388,5.667042,12598931,indapamide,False,0.0,,No metal,True
metaproterenol,25271693.0,-1.0709406,9.100948,25271693,metaproterenol,False,0.0,,No metal,True
gr46611,6160690.0,0.13494462,0.1589144,6160690,gr46611,False,0.0,,No metal,True
er-27319,9799509.0,-0.6003762,-0.67554665,9799509,er-27319,False,0.0,,No metal,True
amg-176,,-1.6017663,4.3161745,,amg-176,False,0.0,,No metal,True
iniparib,9796068.0,-0.7360008,9.839267,9796068,iniparib,False,0.0,,No metal,True
cbl0137,44519124.0,0.011309036,-0.07338824,44519124,cbl0137,False,0.0,,No metal,True
metolazone,28125490.0,-2.7584355,5.465315,28125490,metolazone,False,0.0,,No metal,True
amoxicillin,40467057.0,-0.46495956,8.264557,40467057,amoxicillin,False,0.0,,No metal,True
nbi-74330-(+/-),45784923.0,2.137478,2.4787283,45784923,nbi-74330-(+/-),False,0.0,,No metal,True
piperaquine-phosphate,122262.0,2.695632,1.3609123,122262,piperaquine-phosphate,False,0.0,,No metal,True
sr-59230a,5311452.0,-2.7328928,4.7732396,5311452,sr-59230a,False,0.0,,No metal,True
acitretin,5284513.0,0.63833964,9.588214,5284513,acitretin,False,0.0,,No metal,True
"2,3-dcpe",2250975.0,-0.074573144,9.489027,2250975,"2,3-dcpe",False,0.0,,No metal,True
rucinol,205912.0,-0.4916748,10.39006,205912,rucinol,False,0.0,,No metal,True
sitagliptin,4369359.0,-2.6798322,5.2986584,4369359,sitagliptin,False,0.0,,No metal,True
sdz-21009,6604875.0,-2.1923246,5.406652,6604875,sdz-21009,False,0.0,,No metal,True
tetracycline,129396784.0,-0.19551569,7.1434617,129396784,tetracycline,False,0.0,,No metal,True
r-121919,9821250.0,0.22177815,0.26051134,9821250,r-121919,False,0.0,,No metal,True
zuranolone,86294073.0,0.40184906,9.124225,86294073,zuranolone,False,0.0,,No metal,True
minoxidil,,-0.9942106,9.165196,,minoxidil,False,0.0,,No metal,True
bms-707035,54682040.0,-2.0792224,5.87066,54682040,bms-707035,False,0.0,,No metal,True
setipiprant,49843471.0,3.5319364,1.2888719,49843471,setipiprant,False,0.0,,No metal,True
mefexamide,4045.0,0.13903667,9.065336,4045,mefexamide,False,0.0,,No metal,True
afalanine,74839.0,-1.0389477,9.77283,74839,afalanine,False,0.0,,No metal,True
dichlorophen,3037.0,-3.9349592,5.039504,3037,dichlorophen,False,0.0,,No metal,True
l-755507,9829836.0,0.0082479855,5.0218716,9829836,l-755507,False,0.0,,No metal,True
bivalirudin,73952246.0,1.0842206,4.7431874,73952246,bivalirudin,False,0.0,,No metal,True
3-anilinopropan-1-ol,410467.0,-1.2361132,10.142433,410467,3-anilinopropan-1-ol,False,0.0,,No metal,True
spiramycin,,0.90284526,5.556795,,spiramycin,False,0.0,,No metal,True
2-ethoxybenzoic-acid,67252.0,-0.4979425,10.574129,67252,2-ethoxybenzoic-acid,False,0.0,,No metal,True
unc0737,52953431.0,-1.5027171,4.4644,52953431,unc0737,False,0.0,,No metal,True
ro-4987655,11548630.0,-1.234855,5.1184783,11548630,ro-4987655,False,0.0,,No metal,True
jte-907,9867770.0,0.13284121,1.3612652,9867770,jte-907,False,0.0,,No metal,True
ganciclovir,135398740.0,-1.8285345,6.565165,135398740,ganciclovir,False,0.0,,No metal,True
azd1480,16659841.0,-0.64014834,0.9204789,16659841,azd1480,False,0.0,,No metal,True
naphazoline,4436.0,-4.320937,5.1919065,4436,naphazoline,False,0.0,,No metal,True
ly3009120,71721540.0,0.14513205,0.85789734,71721540,ly3009120,False,0.0,,No metal,True
guvacine,40468028.0,3.3258607,9.07329,40468028,guvacine,False,0.0,,No metal,True
gw-7647,3392731.0,1.442343,6.381185,3392731,gw-7647,False,0.0,,No metal,True
sb-268262,93475590.0,-0.22146152,0.6061025,93475590,sb-268262,False,0.0,,No metal,True
bufexamac,2466.0,-0.23981598,9.485431,2466,bufexamac,False,0.0,,No metal,True
sparteine-sulfate,442965.0,3.1760266,7.969238,442965,sparteine-sulfate,False,0.0,,No metal,True
8-hydroxy-pipat,15288637.0,0.5613256,9.713405,15288637,8-hydroxy-pipat,False,0.0,,No metal,True
hesperetin,72281.0,-2.7579033,5.9275813,72281,hesperetin,False,0.0,,No metal,True
manidipine,13632719.0,0.6082736,2.025319,13632719,manidipine,False,0.0,,No metal,True
pha-767491,11715767.0,-3.953545,5.917204,11715767,pha-767491,False,0.0,,No metal,True
dextromethorphan,5360696.0,0.29927793,10.190336,5360696,dextromethorphan,False,0.0,,No metal,True
gambogic-acid,9852185.0,1.1125288,6.413074,9852185,gambogic-acid,False,0.0,,No metal,True
prt062070,44595079.0,-1.2595899,5.6206055,44595079,prt062070,False,0.0,,No metal,True
etebenecid,14604.0,-0.4201349,9.575025,14604,etebenecid,False,0.0,,No metal,True
spiperone,5265.0,-2.3714948,4.5464406,5265,spiperone,False,0.0,,No metal,True
blz945,46184986.0,-0.41022196,1.11671,46184986,blz945,False,0.0,,No metal,True
ephedrine,9294.0,-1.304505,10.135094,9294,ephedrine,False,0.0,,No metal,True
c-751,99170.0,-1.0458707,10.4821415,99170,c-751,False,0.0,,No metal,True
eucatropine,42105272.0,0.0024459295,9.580411,42105272,eucatropine,False,0.0,,No metal,True
tabimorelin,9810101.0,0.43057555,1.4332662,9810101,tabimorelin,False,0.0,,No metal,True
omarigliptin,46209133.0,-2.5317636,5.702603,46209133,omarigliptin,False,0.0,,No metal,True
pentoxifylline,4740.0,-3.2150528,6.010282,4740,pentoxifylline,False,0.0,,No metal,True
azd6765,9794203.0,-4.137458,5.2892785,9794203,azd6765,False,0.0,,No metal,True
buspirone,2477.0,0.2618604,8.828028,2477,buspirone,False,0.0,,No metal,True
talabostat,6918572.0,2.5178103,9.11857,6918572,talabostat,False,0.0,,No metal,True
alclometasone-dipropionate,,1.0918685,7.3647327,,alclometasone-dipropionate,False,0.0,,No metal,True
bi-78d3,2747117.0,-0.77993494,1.1629602,2747117,bi-78d3,False,0.0,,No metal,True
flucytosine,3366.0,-1.3263065,10.201523,3366,flucytosine,False,0.0,,No metal,True
2-methyl-5-hydroxytryptamine,1574.0,-3.90924,5.9889927,1574,2-methyl-5-hydroxytryptamine,False,0.0,,No metal,True
lincomycin,3000540.0,1.4496686,8.53728,3000540,lincomycin,False,0.0,,No metal,True
sofosbuvir-impurity-m,131704521.0,-0.35650492,5.980814,131704521,sofosbuvir-impurity-m,False,0.0,,No metal,True
flosequinan,11776383.0,-4.351137,5.336094,11776383,flosequinan,False,0.0,,No metal,True
bms-777607,24794418.0,2.4547975,1.586126,24794418,bms-777607,False,0.0,,No metal,True
linaclotide,16158208.0,1.042701,4.7903357,16158208,linaclotide,False,0.0,,No metal,True
tempol,5395.0,3.3119442,8.753287,5395,tempol,False,0.0,,No metal,True
lonidamine,39562.0,-0.20554136,-0.5374381,39562,lonidamine,False,0.0,,No metal,True
ly303511,3971.0,-0.7333521,-0.5307786,3971,ly303511,False,0.0,,No metal,True
carbinoxamine,170336.0,-3.4619033,4.311415,170336,carbinoxamine,False,0.0,,No metal,True
ponatinib,24826799.0,2.783218,1.4334769,24826799,ponatinib,False,0.0,,No metal,True
pf-04995274,53354764.0,-1.6042928,5.2214694,53354764,pf-04995274,False,0.0,,No metal,True
aminothiadiazole,19909.0,-1.1643775,10.461089,19909,aminothiadiazole,False,0.0,,No metal,True
bisantrene,5351322.0,-0.65620637,1.2860414,5351322,bisantrene,False,0.0,,No metal,True
rilapladib,9918381.0,1.8418535,2.2034256,9918381,rilapladib,False,0.0,,No metal,True
examorelin,6918297.0,0.68184876,4.974763,6918297,examorelin,False,0.0,,No metal,True
tezacaftor,46199646.0,0.14039533,1.75192,46199646,tezacaftor,False,0.0,,No metal,True
1-octacosanol,68406.0,1.4596987,6.3787208,68406,1-octacosanol,False,0.0,,No metal,True
asp-6537,9922739.0,-0.46453878,-0.036891885,9922739,asp-6537,False,0.0,,No metal,True
xipamide,26618.0,-2.6440792,5.6820107,26618,xipamide,False,0.0,,No metal,True
rev-5901,40428144.0,0.66616774,0.059000574,40428144,rev-5901,False,0.0,,No metal,True
cloperastine,688420.0,-3.4832869,4.0072546,688420,cloperastine,False,0.0,,No metal,True
gsk2879552,66571643.0,-2.599398,4.8048234,66571643,gsk2879552,False,0.0,,No metal,True
succinobucol,216325.0,1.0311327,1.1667324,216325,succinobucol,False,0.0,,No metal,True
ethotoin,12309784.0,-0.57243264,10.293971,12309784,ethotoin,False,0.0,,No metal,True
sm-108,13371802.0,2.9651022,9.277613,13371802,sm-108,False,0.0,,No metal,True
huperzine-a,854026.0,-0.5279826,9.978159,854026,huperzine-a,False,0.0,,No metal,True
micronomicin,3037206.0,0.24488316,6.3971214,3037206,micronomicin,False,0.0,,No metal,True
tp-0903,56839178.0,0.1069573,1.5965039,56839178,tp-0903,False,0.0,,No metal,True
cardiogenol-c,11345983.0,-2.6137755,5.980423,11345983,cardiogenol-c,False,0.0,,No metal,True
trilaciclib,68029831.0,-0.56820446,1.0882739,68029831,trilaciclib,False,0.0,,No metal,True
quinine,3034034.0,-3.0484715,4.8719563,3034034,quinine,False,0.0,,No metal,True
pf-8380,25265312.0,0.082552,1.135109,25265312,pf-8380,False,0.0,,No metal,True
cyclocytidine,25051.0,-1.119041,8.599963,25051,cyclocytidine,False,0.0,,No metal,True
chlorproguanil,9571037.0,-0.6783933,9.764705,9571037,chlorproguanil,False,0.0,,No metal,True
ibc-293,2736690.0,-4.059484,5.7575226,2736690,ibc-293,False,0.0,,No metal,True
jnj-40411813,25195461.0,-3.5010602,3.9882436,25195461,jnj-40411813,False,0.0,,No metal,True
dcpib,12761153.0,1.609568,6.7690105,12761153,dcpib,False,0.0,,No metal,True
rx-3117,11242315.0,-1.0795944,8.408449,11242315,rx-3117,False,0.0,,No metal,True
arotinolol,12797283.0,-1.969907,5.383107,12797283,arotinolol,False,0.0,,No metal,True
cx-4945,24748573.0,3.495257,1.3709115,24748573,cx-4945,False,0.0,,No metal,True
unc1999,72551585.0,2.1513512,1.7575142,72551585,unc1999,False,0.0,,No metal,True
wortmannin,312145.0,0.2913251,8.218311,312145,wortmannin,False,0.0,,No metal,True
cinchonine,90454.0,-3.6580336,4.867903,90454,cinchonine,False,0.0,,No metal,True
pamabrom,11806.0,-2.4591749,6.363687,11806,pamabrom,False,0.0,,No metal,True
tc-g-1008,91826086.0,-0.40822345,1.2553229,91826086,tc-g-1008,False,0.0,,No metal,True
manitimus,,0.13822013,9.50191,,manitimus,False,0.0,,No metal,True
neomycin,8378.0,0.50219744,6.1546454,8378,neomycin,False,0.0,,No metal,True
monosodium-alpha-luminol,10638.0,-3.897637,6.3330207,10638,monosodium-alpha-luminol,False,0.0,,No metal,True
butofilolol,66593644.0,0.21700005,8.996311,66593644,butofilolol,False,0.0,,No metal,True
hp-228,9876430.0,0.8637163,4.9273744,9876430,hp-228,False,0.0,,No metal,True
methylthiouracil,667493.0,-1.3780875,10.155716,667493,methylthiouracil,False,0.0,,No metal,True
diphenhydramine,3100.0,-3.626324,4.3064175,3100,diphenhydramine,False,0.0,,No metal,True
entacapone,5281081.0,-0.36620662,8.691116,5281081,entacapone,False,0.0,,No metal,True
sr-140333,108167.0,15.3565645,3.9208393,108167,sr-140333,False,0.0,,No metal,True
bcx-1470,9822205.0,-0.8146099,-0.07153921,9822205,bcx-1470,False,0.0,,No metal,True
halcinonide,443943.0,1.7813033,7.5599422,443943,halcinonide,False,0.0,,No metal,True
clorotepine,12765746.0,-3.872004,4.1826677,12765746,clorotepine,False,0.0,,No metal,True
ft011,23648966.0,-2.4806788,5.1215057,23648966,ft011,False,0.0,,No metal,True
snx-2112,,-1.7601928,5.0284505,,snx-2112,False,0.0,,No metal,True
gsk2606414,53469448.0,3.3237271,1.4883566,53469448,gsk2606414,False,0.0,,No metal,True
a-485,118958122.0,-1.2474906,5.021365,118958122,a-485,False,0.0,,No metal,True
apyramide,50204.0,2.7640476,1.3132051,50204,apyramide,False,0.0,,No metal,True
etp-46464,72199292.0,2.6649504,2.718094,72199292,etp-46464,False,0.0,,No metal,True
ipidacrine,604519.0,-0.3372373,10.545066,604519,ipidacrine,False,0.0,,No metal,True
apafant,65889.0,-0.028020758,0.46575734,65889,apafant,False,0.0,,No metal,True
anlotinib,25017411.0,3.0968323,1.367015,25017411,anlotinib,False,0.0,,No metal,True
febuprol,36688222.0,0.100182824,9.564624,36688222,febuprol,False,0.0,,No metal,True
s-3304,10718956.0,3.004348,1.5421333,10718956,s-3304,False,0.0,,No metal,True
a66,42636535.0,-2.2130034,5.267716,42636535,a66,False,0.0,,No metal,True
oxidopamine,4624.0,-1.4149286,9.044587,4624,oxidopamine,False,0.0,,No metal,True
hordenine,68313.0,-0.5056893,10.614104,68313,hordenine,False,0.0,,No metal,True
levetiracetam,5284583.0,3.1515892,8.863109,5284583,levetiracetam,False,0.0,,No metal,True
dutasteride,6918296.0,2.0508647,7.1305447,6918296,dutasteride,False,0.0,,No metal,True
allicin,51399529.0,3.281405,8.324772,51399529,allicin,False,0.0,,No metal,True
nsc-625987,3004085.0,-0.31617355,-0.6751272,3004085,nsc-625987,False,0.0,,No metal,True
declopramide,70177.0,-0.14625643,9.379983,70177,declopramide,False,0.0,,No metal,True
bismuth-subsalicylate,53629521.0,-0.72878754,9.921698,53629521,bismuth-subsalicylate,True,1.0,Bi,Contains metal,True
palmitoylcarnitine,16903.0,15.395596,3.8909235,16903,palmitoylcarnitine,False,0.0,,No metal,True
metformin,4091.0,3.008991,9.272494,4091,metformin,False,0.0,,No metal,True
5-fluoro-3-pyridyl-methanol,152449.0,-1.0280681,10.635054,152449,5-fluoro-3-pyridyl-methanol,False,0.0,,No metal,True
asiatic-acid,119034.0,1.9991282,7.1568503,119034,asiatic-acid,False,0.0,,No metal,True
pentagastrin,9853654.0,0.33619207,5.2853436,9853654,pentagastrin,False,0.0,,No metal,True
choline-alfoscerate,58381695.0,14.951034,4.2668853,58381695,choline-alfoscerate,False,0.0,,No metal,True
nms-873,71521142.0,2.479607,1.5466268,71521142,nms-873,False,0.0,,No metal,True
acedapsone,6477.0,-2.722777,5.6085896,6477,acedapsone,False,0.0,,No metal,True
mk-5046,49871766.0,0.2400182,0.5551541,49871766,mk-5046,False,0.0,,No metal,True
pipobroman,4842.0,2.899027,8.348449,4842,pipobroman,False,0.0,,No metal,True
ibuprofen-piconol,76968625.0,-3.3379126,4.192436,76968625,ibuprofen-piconol,False,0.0,,No metal,True
terpene,,3.3061442,8.758394,,terpene,False,0.0,,No metal,True
doramapimod,156422.0,2.416701,1.4659656,156422,doramapimod,False,0.0,,No metal,True
jte-607,9938545.0,-1.1992279,5.158839,9938545,jte-607,False,0.0,,No metal,True
sb-242235,9863367.0,-0.4675783,0.18870273,9863367,sb-242235,False,0.0,,No metal,True
lonafarnib,148195.0,-1.794763,4.225918,148195,lonafarnib,False,0.0,,No metal,True
trimethoquinol,12224034.0,-2.2161012,5.524063,12224034,trimethoquinol,False,0.0,,No metal,True
ku14r,92179136.0,-4.267264,5.2128158,92179136,ku14r,False,0.0,,No metal,True
epptb,25175634.0,-2.8498502,4.1457524,25175634,epptb,False,0.0,,No metal,True
leflunomide,3899.0,-3.8235884,5.024619,3899,leflunomide,False,0.0,,No metal,True
tetomilast,3025803.0,-0.01516556,0.5695851,3025803,tetomilast,False,0.0,,No metal,True
prlx-93936,11559627.0,-0.5940979,0.21057738,11559627,prlx-93936,False,0.0,,No metal,True
revaprazan,40462255.0,0.0897759,-0.21541914,40462255,revaprazan,False,0.0,,No metal,True
chromanol-(+/-),90479790.0,0.25942186,6.0506134,90479790,chromanol-(+/-),False,0.0,,No metal,True
statil,5278.0,-0.28231132,0.019867523,5278,statil,False,0.0,,No metal,True
eact,3173542.0,0.031479023,1.0575974,3173542,eact,False,0.0,,No metal,True
proquazone,31508.0,-0.40395206,-0.8251612,31508,proquazone,False,0.0,,No metal,True
pf-573228,11612883.0,-0.0069977,1.5963906,11612883,pf-573228,False,0.0,,No metal,True
dantron,2950.0,-3.5373273,5.9091167,2950,dantron,False,0.0,,No metal,True
oxypurinol,135398752.0,2.7740078,9.262275,135398752,oxypurinol,False,0.0,,No metal,True
selinexor,71481097.0,-0.38297206,1.0805538,71481097,selinexor,False,0.0,,No metal,True
mitapivat,59634741.0,-0.21170959,0.6324967,59634741,mitapivat,False,0.0,,No metal,True
ns-9283,11998180.0,-0.8063589,-0.5423121,11998180,ns-9283,False,0.0,,No metal,True
betaine,248.0,14.930694,4.334309,248,betaine,False,0.0,,No metal,True
vixotrigine,16046068.0,-3.1621044,5.378925,16046068,vixotrigine,False,0.0,,No metal,True
nefopam,184147.0,-4.145761,4.468837,184147,nefopam,False,0.0,,No metal,True
pimecrolimus,133659920.0,0.7568645,5.8170466,133659920,pimecrolimus,False,0.0,,No metal,True
cyclosporin-a,5284373.0,0.74087584,5.2576723,5284373,cyclosporin-a,False,0.0,,No metal,True
ly2365109,11552757.0,-2.1059728,4.642115,11552757,ly2365109,False,0.0,,No metal,True
pf-06260414,76071881.0,-3.4588225,5.805071,76071881,pf-06260414,False,0.0,,No metal,True
rostafuroxine,153976.0,0.17216846,9.438603,153976,rostafuroxine,False,0.0,,No metal,True
ly3023414,57519748.0,3.289172,1.6379682,57519748,ly3023414,False,0.0,,No metal,True
skf-86002,5228.0,-0.42006373,-0.76134354,5228,skf-86002,False,0.0,,No metal,True
gadoterate-meglumine,121841.0,1.4075507,8.564227,121841,gadoterate-meglumine,False,0.0,,No metal,True
celecoxib,2662.0,-0.24704315,0.072960325,2662,celecoxib,False,0.0,,No metal,True
sp-100030,9910975.0,-2.9201794,4.1088486,9910975,sp-100030,False,0.0,,No metal,True
voxtalisib,16123056.0,-1.0718541,0.114844546,16123056,voxtalisib,False,0.0,,No metal,True
astaxanthin,5281224.0,1.4586207,6.476356,5281224,astaxanthin,False,0.0,,No metal,True
cid-2745687,9581011.0,-2.298834,5.3443494,9581011,cid-2745687,False,0.0,,No metal,True
triclocarban,7547.0,-3.7130885,4.2844987,7547,triclocarban,False,0.0,,No metal,True
gant-58,253078.0,2.7611237,2.7645342,253078,gant-58,False,0.0,,No metal,True
bacitracin,,1.0317097,4.79479,,bacitracin,False,0.0,,No metal,True
ly2828360,46833780.0,0.014951424,0.34110418,46833780,ly2828360,False,0.0,,No metal,True
lmk-235,71520717.0,-0.07728475,8.749785,71520717,lmk-235,False,0.0,,No metal,True
riboflavin-tetrabutyrate,92140.0,0.14528811,5.718292,92140,riboflavin-tetrabutyrate,False,0.0,,No metal,True
repotrectinib,,-0.87901723,0.27345163,,repotrectinib,False,0.0,,No metal,True
am211,44158492.0,0.81846195,0.98267233,44158492,am211,False,0.0,,No metal,True
nicotine,89594.0,-0.41536978,10.700459,89594,nicotine,False,0.0,,No metal,True
acalabrutinib,71226662.0,2.9507082,1.7839174,71226662,acalabrutinib,False,0.0,,No metal,True
aclarubicin,86289437.0,0.38825938,5.4986773,86289437,aclarubicin,False,0.0,,No metal,True
ocinaplon,216456.0,3.4356444,1.6628041,216456,ocinaplon,False,0.0,,No metal,True
sb-203580,40467016.0,3.5401294,1.2499971,40467016,sb-203580,False,0.0,,No metal,True
pinaverium,73416161.0,15.316605,3.9567082,73416161,pinaverium,False,0.0,,No metal,True
letermovir,45138674.0,0.5565473,1.545131,45138674,letermovir,False,0.0,,No metal,True
c106,11957647.0,0.29630226,1.9381336,11957647,c106,False,0.0,,No metal,True
dabigatran-etexilate,9578572.0,1.8556461,2.2384229,9578572,dabigatran-etexilate,False,0.0,,No metal,True
tcs-2210,44607172.0,-0.80344,0.44007984,44607172,tcs-2210,False,0.0,,No metal,True
kp-1212,71167912.0,2.0816107,9.152505,71167912,kp-1212,False,0.0,,No metal,True
o-304,50923806.0,-0.12427324,-0.08276676,50923806,o-304,False,0.0,,No metal,True
mln9708,56844015.0,0.12316254,7.067558,56844015,mln9708,False,0.0,,No metal,True
perhexiline,38988177.0,2.7042964,7.451716,38988177,perhexiline,False,0.0,,No metal,True
ji-101,11691242.0,3.111918,1.4390295,11691242,ji-101,False,0.0,,No metal,True
brequinar,57030.0,3.5113916,1.107354,57030,brequinar,False,0.0,,No metal,True
amyleine,66584276.0,0.18401024,9.867151,66584276,amyleine,False,0.0,,No metal,True
enasidenib,89683805.0,-0.068305805,1.5930018,89683805,enasidenib,False,0.0,,No metal,True
lp-533401,124424929.0,2.207408,1.7843983,124424929,lp-533401,False,0.0,,No metal,True
e-64,123985.0,1.6905074,8.741163,123985,e-64,False,0.0,,No metal,True
imisopasem-manganese,,0.5592856,9.379241,,imisopasem-manganese,True,1.0,Mn,Contains metal,True
l-alanine,7311724.0,3.3186636,9.166001,7311724,l-alanine,False,0.0,,No metal,True
gdc-0980,25254071.0,-0.37542576,1.6527237,25254071,gdc-0980,False,0.0,,No metal,True
sofalcone,5282219.0,-1.6386911,4.4068294,5282219,sofalcone,False,0.0,,No metal,True
3-(4-methylbenzylidene)camphor,38988322.0,0.3565057,10.158422,38988322,3-(4-methylbenzylidene)camphor,False,0.0,,No metal,True
vincristine,5388993.0,0.37807938,5.4112215,5388993,vincristine,False,0.0,,No metal,True
neohesperidin,442439.0,0.16236666,5.8129816,442439,neohesperidin,False,0.0,,No metal,True
nfkb-activation-inhibitor-ii,16760588.0,-3.7713835,4.956502,16760588,nfkb-activation-inhibitor-ii,False,0.0,,No metal,True
formoterol,3034756.0,-1.9816048,5.4395857,3034756,formoterol,False,0.0,,No metal,True
epz004777,56962336.0,0.24758148,2.15963,56962336,epz004777,False,0.0,,No metal,True
ots167,,0.45566,1.0799444,,ots167,False,0.0,,No metal,True
gsk2837808a,71533725.0,1.9204909,2.4943645,71533725,gsk2837808a,False,0.0,,No metal,True
glecaprevir,66828839.0,0.3917113,5.503691,66828839,glecaprevir,False,0.0,,No metal,True
isopropyl-myristate,8042.0,1.7791207,6.600811,8042,isopropyl-myristate,False,0.0,,No metal,True
ag-555,5328770.0,-2.4786007,5.5090756,5328770,ag-555,False,0.0,,No metal,True
k-map,40510055.0,-0.7548107,8.00863,40510055,k-map,False,0.0,,No metal,True
salazodine,65707.0,-0.30103415,1.618602,65707,salazodine,False,0.0,,No metal,True
menadione,4055.0,-0.41457355,10.644703,4055,menadione,False,0.0,,No metal,True
mericitabine,16122663.0,0.103500165,8.11817,16122663,mericitabine,False,0.0,,No metal,True
oxytocin,133698923.0,0.84097624,5.095902,133698923,oxytocin,False,0.0,,No metal,True
zopolrestat,1613.0,3.338236,1.6427138,1613,zopolrestat,False,0.0,,No metal,True
alpha-linolenic-acid,5280934.0,1.7947029,6.613343,5280934,alpha-linolenic-acid,False,0.0,,No metal,True
fenretinide,5288209.0,1.7632883,6.898826,5288209,fenretinide,False,0.0,,No metal,True
ibotenic-acid,6971210.0,-1.3195881,8.955296,6971210,ibotenic-acid,False,0.0,,No metal,True
imidapril,5464343.0,0.051075265,8.154322,5464343,imidapril,False,0.0,,No metal,True
artemotil,3000469.0,2.6249943,7.7440834,3000469,artemotil,False,0.0,,No metal,True
lasalocid,5360807.0,0.73842275,6.2033424,5360807,lasalocid,False,0.0,,No metal,True
mln8054,11712649.0,2.8478634,1.3193029,11712649,mln8054,False,0.0,,No metal,True
pyrrolidine-dithiocarbamate,65351.0,3.5377364,8.348693,65351,pyrrolidine-dithiocarbamate,False,0.0,,No metal,True
ectoine,6993223.0,3.2142754,9.065455,6993223,ectoine,False,0.0,,No metal,True
m-14157,1825.0,2.845966,8.399591,1825,m-14157,False,0.0,,No metal,True
cdppb,11245456.0,3.5199144,1.2922845,11245456,cdppb,False,0.0,,No metal,True
cromoglicic-acid,2882.0,2.3455598,1.9766344,2882,cromoglicic-acid,False,0.0,,No metal,True
eucalyptol,2758.0,3.517642,8.097491,2758,eucalyptol,False,0.0,,No metal,True
propyphenazone,3778.0,-4.409253,5.1044188,3778,propyphenazone,False,0.0,,No metal,True
adrafinil,25271624.0,-3.296385,5.4951997,25271624,adrafinil,False,0.0,,No metal,True
everolimus,,0.78374195,5.6641245,,everolimus,False,0.0,,No metal,True
vernakalant,9930049.0,0.26452765,8.936556,9930049,vernakalant,False,0.0,,No metal,True
cym-50358,53358422.0,0.25898665,0.07984939,53358422,cym-50358,False,0.0,,No metal,True
apararenone,24744336.0,-2.8946579,4.9962187,24744336,apararenone,False,0.0,,No metal,True
rg7834,134305955.0,-2.0274522,4.7834253,134305955,rg7834,False,0.0,,No metal,True
alanosine,90657278.0,2.3123558,9.17812,90657278,alanosine,False,0.0,,No metal,True
dasotraline,9947999.0,-3.7900743,4.242291,9947999,dasotraline,False,0.0,,No metal,True
pidotimod,65944.0,2.5193217,8.979104,65944,pidotimod,False,0.0,,No metal,True
sew-2871,4077460.0,3.3226051,1.0276407,4077460,sew-2871,False,0.0,,No metal,True
putrescine,1045.0,3.2960608,9.084406,1045,putrescine,False,0.0,,No metal,True
mc-1,1051.0,-0.8879409,8.945834,1051,mc-1,False,0.0,,No metal,True
smer-28,1560402.0,-3.9128988,5.084089,1560402,smer-28,False,0.0,,No metal,True
nimesulide,4495.0,-2.6397061,5.3666296,4495,nimesulide,False,0.0,,No metal,True
vu591,44123657.0,2.8646219,1.9334067,44123657,vu591,False,0.0,,No metal,True
pikamilone,60608.0,-0.97550267,9.594049,60608,pikamilone,False,0.0,,No metal,True
emetine,10219.0,-1.7740299,4.487792,10219,emetine,False,0.0,,No metal,True
amdinocillin,,2.317172,8.203144,,amdinocillin,False,0.0,,No metal,True
kw-2478,23116322.0,-0.47140107,5.562496,23116322,kw-2478,False,0.0,,No metal,True
tivantinib,11494412.0,3.5669415,1.3854898,11494412,tivantinib,False,0.0,,No metal,True
mitoquinone,11388332.0,15.37692,3.9164839,11388332,mitoquinone,False,0.0,,No metal,True
adrenalone,7436.0,-1.255299,9.453394,7436,adrenalone,False,0.0,,No metal,True
ml297,56642816.0,-0.26079363,-0.38895503,56642816,ml297,False,0.0,,No metal,True
a740003,98050091.0,0.028092083,1.5231097,98050091,a740003,False,0.0,,No metal,True
diatrizoic-acid,2140.0,-1.4288428,4.4078608,2140,diatrizoic-acid,False,0.0,,No metal,True
omega-3-acid-esters,9831415.0,1.737062,6.559532,9831415,omega-3-acid-esters,False,0.0,,No metal,True
vedaprofen,25271747.0,-3.8154597,4.278988,25271747,vedaprofen,False,0.0,,No metal,True
integrin-antagonist-1,86272865.0,0.45162195,1.2807246,86272865,integrin-antagonist-1,False,0.0,,No metal,True
chicago-sky-blue-6b,6817703.0,0.38469282,5.495838,6817703,chicago-sky-blue-6b,False,0.0,,No metal,True
l-nil,2733506.0,2.4090307,8.984881,2733506,l-nil,False,0.0,,No metal,True
2-(1-adamantylamino)benzoic-acid,2847479.0,0.20772716,9.751621,2847479,2-(1-adamantylamino)benzoic-acid,False,0.0,,No metal,True
alpidem,54897.0,0.73842806,-0.08129597,54897,alpidem,False,0.0,,No metal,True
rimonabant,104850.0,0.67644083,0.3556467,104850,rimonabant,False,0.0,,No metal,True
fosfomycin,446987.0,3.2923234,9.13119,446987,fosfomycin,False,0.0,,No metal,True
xylazine,5707.0,0.010393723,10.342324,5707,xylazine,False,0.0,,No metal,True
nsc-23766,7959890.0,0.15604655,1.4225501,7959890,nsc-23766,False,0.0,,No metal,True
theaflavin,,-0.38044375,6.1802955,,theaflavin,False,0.0,,No metal,True
dipyridamole,3108.0,-0.29024816,6.0675993,3108,dipyridamole,False,0.0,,No metal,True
spironolactone,5833.0,2.2730854,7.391664,5833,spironolactone,False,0.0,,No metal,True
timofibrate,51371472.0,0.12887348,9.258319,51371472,timofibrate,False,0.0,,No metal,True
carzenide,8739.0,-1.2106626,9.530451,8739,carzenide,False,0.0,,No metal,True
baicalin,,-0.26350835,6.640266,,baicalin,False,0.0,,No metal,True
imazodan,55918.0,-3.8128352,5.7360315,55918,imazodan,False,0.0,,No metal,True
alarelin,9855027.0,0.99890125,4.8207507,9855027,alarelin,False,0.0,,No metal,True
hydroxyurea,3657.0,3.220587,9.238893,3657,hydroxyurea,False,0.0,,No metal,True
pimozide,16362.0,3.2745152,1.0294577,16362,pimozide,False,0.0,,No metal,True
pz-2891,132260806.0,-2.7639606,5.0979958,132260806,pz-2891,False,0.0,,No metal,True
uridine,6029.0,-1.0863568,8.331044,6029,uridine,False,0.0,,No metal,True
esomeprazole,9568614.0,-0.55496705,0.2346537,9568614,esomeprazole,False,0.0,,No metal,True
dioscin,119245.0,0.9075262,5.4782286,119245,dioscin,False,0.0,,No metal,True
picartamide,76960918.0,-0.18287967,10.282322,76960918,picartamide,False,0.0,,No metal,True
aramchol,18738120.0,1.2666252,6.2590055,18738120,aramchol,False,0.0,,No metal,True
pyrithione-zinc,,16.301397,3.8145847,,pyrithione-zinc,True,1.0,Zn,Contains metal,True
bleomycin,,1.0405867,4.791087,,bleomycin,False,0.0,,No metal,True
aloe-emodin,10207.0,-2.983289,6.0288305,10207,aloe-emodin,False,0.0,,No metal,True
mk-1064,44633765.0,2.7593915,1.6540264,44633765,mk-1064,False,0.0,,No metal,True
sb-218795,6604858.0,3.3333766,1.2986891,6604858,sb-218795,False,0.0,,No metal,True
tecalcet,158797.0,-3.2833016,4.2065544,158797,tecalcet,False,0.0,,No metal,True
iocetamic-acid,76964490.0,-1.4341247,4.3904743,76964490,iocetamic-acid,False,0.0,,No metal,True
bictegravir,90311989.0,-2.118963,5.596208,90311989,bictegravir,False,0.0,,No metal,True
a-7,2735313.0,-1.8578553,4.483601,2735313,a-7,False,0.0,,No metal,True
d609,4234241.0,3.2806482,7.959551,4234241,d609,False,0.0,,No metal,True
pasireotide,9941444.0,0.71722615,4.8308215,9941444,pasireotide,False,0.0,,No metal,True
imidafenacin,6433090.0,-0.4572847,-0.30397752,6433090,imidafenacin,False,0.0,,No metal,True
dasabuvir,56640146.0,2.8219957,1.6139388,56640146,dasabuvir,False,0.0,,No metal,True
telaprevir,3010818.0,-0.21235263,5.529244,3010818,telaprevir,False,0.0,,No metal,True
cinalukast,6436135.0,-1.9234848,4.2892175,6436135,cinalukast,False,0.0,,No metal,True
nas-181,9955015.0,0.017253542,8.985993,9955015,nas-181,False,0.0,,No metal,True
endo-iwr-1,44483163.0,-0.15238811,0.30958048,44483163,endo-iwr-1,False,0.0,,No metal,True
t-5224,23626877.0,2.166667,1.8531145,23626877,t-5224,False,0.0,,No metal,True
wwl-123,90209976.0,3.245363,1.106943,90209976,wwl-123,False,0.0,,No metal,True
carbaril,6129.0,-4.3590283,5.21678,6129,carbaril,False,0.0,,No metal,True
nitrofurazone,5447130.0,-0.87067884,9.096291,5447130,nitrofurazone,False,0.0,,No metal,True
cp-94253,4029677.0,-3.4712608,5.3456573,4029677,cp-94253,False,0.0,,No metal,True
bms-688521,11699447.0,0.29932424,1.3930357,11699447,bms-688521,False,0.0,,No metal,True
eterobarb,33925.0,0.052191135,8.939022,33925,eterobarb,False,0.0,,No metal,True
zimelidine,5365247.0,-3.788986,4.125487,5365247,zimelidine,False,0.0,,No metal,True
bay1125976,70817911.0,3.3413968,1.6509504,70817911,bay1125976,False,0.0,,No metal,True
delphinidin,128853.0,15.075994,4.0387177,128853,delphinidin,False,0.0,,No metal,True
bms-265246,5329775.0,-0.13884676,0.016540943,5329775,bms-265246,False,0.0,,No metal,True
xamoterol,6917710.0,-0.4169744,8.346506,6917710,xamoterol,False,0.0,,No metal,True
gallopamil,1234.0,-1.4862617,4.470159,1234,gallopamil,False,0.0,,No metal,True
bts-71321,9863253.0,-3.5906787,4.5519958,9863253,bts-71321,False,0.0,,No metal,True
taladegib,49848070.0,2.8405602,1.3301172,49848070,taladegib,False,0.0,,No metal,True
cidofovir,60613.0,-0.82826996,8.212739,60613,cidofovir,False,0.0,,No metal,True
morinidazole,102486242.0,-0.64782995,9.091464,102486242,morinidazole,False,0.0,,No metal,True
jte-013,10223146.0,-0.30616045,0.7296377,10223146,jte-013,False,0.0,,No metal,True
capromorelin,216208.0,-1.2112945,5.2863584,216208,capromorelin,False,0.0,,No metal,True
mnitmt,364622.0,-3.327345,6.1253753,364622,mnitmt,False,0.0,,No metal,True
indobufen,189556.0,-3.6027167,4.888208,189556,indobufen,False,0.0,,No metal,True
norgestrel,13109.0,2.7742326,7.479528,13109,norgestrel,False,0.0,,No metal,True
ubp-296,6420161.0,-2.119728,6.227931,6420161,ubp-296,False,0.0,,No metal,True
potassium-canrenoate,656615.0,2.225573,7.4945493,656615,potassium-canrenoate,False,0.0,,No metal,True
etofylline-clofibrate,41109.0,-0.72851986,0.8959664,41109,etofylline-clofibrate,False,0.0,,No metal,True
itx5061,11786594.0,0.3475526,1.895489,11786594,itx5061,False,0.0,,No metal,True
jnj-42041935,45102710.0,-0.8786313,0.027028004,45102710,jnj-42041935,False,0.0,,No metal,True
artemisinin,68827.0,2.8235104,7.8178105,68827,artemisinin,False,0.0,,No metal,True
adiphenine,2031.0,-3.2784023,4.1879206,2031,adiphenine,False,0.0,,No metal,True
gkt137831,58496428.0,3.5513265,1.4083614,58496428,gkt137831,False,0.0,,No metal,True
mabuprofen,11391028.0,-0.16473123,9.59402,11391028,mabuprofen,False,0.0,,No metal,True
desidustat,75593290.0,-2.2059433,6.054391,75593290,desidustat,False,0.0,,No metal,True
icotinib,22024915.0,-0.5435301,0.7576616,22024915,icotinib,False,0.0,,No metal,True
molsidomine,4239.0,14.972602,4.2528696,4239,molsidomine,False,0.0,,No metal,True
nemazoline,,-0.54072547,9.908463,,nemazoline,False,0.0,,No metal,True
n-(2-chlorophenyl)-2-({(2e)-2-[1-(2-pyridinyl)ethylidene]hydrazino}carbothioyl)hydrazinecarbothioamide,3006985.0,-2.6545799,5.6134763,3006985,n-(2-chlorophenyl)-2-({(2e)-2-[1-(2-pyridinyl)ethylidene]hydrazino}carbothioyl)hydrazinecarbothioamide,False,0.0,,No metal,True
acetylsalicylsalicylic-acid,10745.0,-2.846005,5.396793,10745,acetylsalicylsalicylic-acid,False,0.0,,No metal,True
castanospermine,54445.0,2.1788385,9.255314,54445,castanospermine,False,0.0,,No metal,True
teriflunomide,,-0.10146498,9.785682,,teriflunomide,False,0.0,,No metal,True
sdz-220-581,128019.0,-2.3988745,5.62985,128019,sdz-220-581,False,0.0,,No metal,True
cytochalasin-b,5311281.0,0.7867518,7.713578,5311281,cytochalasin-b,False,0.0,,No metal,True
ro-08-2750,17756791.0,-0.81428283,9.261302,17756791,ro-08-2750,False,0.0,,No metal,True
cp-640186,449097.0,0.26251885,0.39197293,449097,cp-640186,False,0.0,,No metal,True
cefaclor,7048572.0,-0.41097227,8.46259,7048572,cefaclor,False,0.0,,No metal,True
antimycin-a,14957.0,-0.20226167,5.6921816,14957,antimycin-a,False,0.0,,No metal,True
n-benzylnaltrindole,10006324.0,2.7722304,1.4029576,10006324,n-benzylnaltrindole,False,0.0,,No metal,True
cct018159,984170.0,-0.46902934,0.678136,984170,cct018159,False,0.0,,No metal,True
curcumin,6971205.0,-1.9455675,5.2669673,6971205,curcumin,False,0.0,,No metal,True
cilostamide,2753.0,-2.8086755,4.611006,2753,cilostamide,False,0.0,,No metal,True
no-asa,119032.0,-2.3296268,5.32592,119032,no-asa,False,0.0,,No metal,True
darglitazone,60870.0,0.078377604,1.0497442,60870,darglitazone,False,0.0,,No metal,True
hlcl-61,2250650.0,3.5356858,1.0957354,2250650,hlcl-61,False,0.0,,No metal,True
ns-018,46866319.0,3.1181245,1.4615426,46866319,ns-018,False,0.0,,No metal,True
cot-inhibitor-1,11584834.0,2.1674738,1.7458265,11584834,cot-inhibitor-1,False,0.0,,No metal,True
sorbitan-monostearate,16218600.0,1.3110961,6.691016,16218600,sorbitan-monostearate,False,0.0,,No metal,True
belinostat,6918638.0,-2.635261,5.7322583,6918638,belinostat,False,0.0,,No metal,True
phenethicillin,8604.0,-0.24177276,8.543561,8604,phenethicillin,False,0.0,,No metal,True
peretinoin,6437836.0,1.9388382,6.894343,6437836,peretinoin,False,0.0,,No metal,True
nsc-3852,19103.0,-4.1540627,5.7381086,19103,nsc-3852,False,0.0,,No metal,True
u-99194,5626.0,0.47033507,9.514797,5626,u-99194,False,0.0,,No metal,True
bopindolol,13302097.0,0.17063126,0.3245738,13302097,bopindolol,False,0.0,,No metal,True
crotamiton,688020.0,-0.10894663,10.510355,688020,crotamiton,False,0.0,,No metal,True
orbifloxacin,7061800.0,-2.5168953,5.281606,7061800,orbifloxacin,False,0.0,,No metal,True
ibuprofen,114864.0,0.061227106,10.320194,114864,ibuprofen,False,0.0,,No metal,True
tenofovir-alafenamide,,0.066839196,1.801627,,tenofovir-alafenamide,False,0.0,,No metal,True
bimatoprost,5311027.0,0.401958,7.8863955,5311027,bimatoprost,False,0.0,,No metal,True
pmpa,11031538.0,2.2712827,9.012596,11031538,pmpa,False,0.0,,No metal,True
osthol,10228.0,-3.9868002,4.6893687,10228,osthol,False,0.0,,No metal,True
medroxyprogesterone,10631.0,2.5498612,7.488125,10631,medroxyprogesterone,False,0.0,,No metal,True
enciprazine,29919953.0,-1.5172205,5.1672025,29919953,enciprazine,False,0.0,,No metal,True
meclocycline-sulfosalicylate,,-0.24824327,6.747454,,meclocycline-sulfosalicylate,False,0.0,,No metal,True
jnj-54175446,90409366.0,-0.03986068,0.32831976,90409366,jnj-54175446,False,0.0,,No metal,True
anidulafungin,166548.0,0.83600867,5.012693,166548,anidulafungin,False,0.0,,No metal,True
droperidol,3168.0,0.09229153,0.08015025,3168,droperidol,False,0.0,,No metal,True
amlodipine,9801597.0,0.1710229,8.173856,9801597,amlodipine,False,0.0,,No metal,True
gp1a,10252734.0,0.54602665,0.3035891,10252734,gp1a,False,0.0,,No metal,True
bardoxolone-methyl,400769.0,1.9415754,7.1953955,400769,bardoxolone-methyl,False,0.0,,No metal,True
ikk-2-inhibitor-v,5081913.0,-3.0902638,4.127004,5081913,ikk-2-inhibitor-v,False,0.0,,No metal,True
solamargine,,0.9014168,5.435196,,solamargine,False,0.0,,No metal,True
eln-441958,11848206.0,0.56418276,0.5007823,11848206,eln-441958,False,0.0,,No metal,True
inarigivir-soproxil,,0.10971617,5.7991066,,inarigivir-soproxil,False,0.0,,No metal,True
flindokalner,214350.0,-3.2694418,4.1959915,214350,flindokalner,False,0.0,,No metal,True
pivanex,60748.0,3.0335255,8.350037,60748,pivanex,False,0.0,,No metal,True
casanthranol-variant,132469060.0,-0.54347897,6.2095513,132469060,casanthranol-variant,False,0.0,,No metal,True
ks-176,49779726.0,-0.39746544,1.041823,49779726,ks-176,False,0.0,,No metal,True
pipotiazine,62867.0,-1.8434196,4.5867267,62867,pipotiazine,False,0.0,,No metal,True
l-693403,4687238.0,-3.9340436,4.163146,4687238,l-693403,False,0.0,,No metal,True
delanzomib,24800541.0,-1.3612891,5.731351,24800541,delanzomib,False,0.0,,No metal,True
jnj-678,118892432.0,3.0769203,1.4505886,118892432,jnj-678,False,0.0,,No metal,True
ym-511,177865.0,-0.4148186,-0.22036982,177865,ym-511,False,0.0,,No metal,True
pk-thpp,53464059.0,0.42656076,0.75757474,53464059,pk-thpp,False,0.0,,No metal,True
bd-1047,188914.0,0.36945838,9.825581,188914,bd-1047,False,0.0,,No metal,True
topilutamide,76958749.0,-0.27227798,8.445806,76958749,topilutamide,False,0.0,,No metal,True
amantadine,2130.0,3.5209095,8.203329,2130,amantadine,False,0.0,,No metal,True
fluphenazine,3372.0,-2.389691,4.3008156,3372,fluphenazine,False,0.0,,No metal,True
uric-acid,1175.0,-1.408899,8.853935,1175,uric-acid,False,0.0,,No metal,True
j147,25229652.0,-3.218426,4.152046,25229652,j147,False,0.0,,No metal,True
arglabin,5574924.0,3.0020847,7.871355,5574924,arglabin,False,0.0,,No metal,True
bromindione,14369.0,-4.11183,4.5715103,14369,bromindione,False,0.0,,No metal,True
resveratrol,445154.0,-3.5889418,5.6276126,445154,resveratrol,False,0.0,,No metal,True
npc-01,94141.0,2.6809907,7.685343,94141,npc-01,False,0.0,,No metal,True
nibentan,1552287.0,-1.8916272,4.461821,1552287,nibentan,False,0.0,,No metal,True
eniluracil,43157.0,-1.3323122,10.186945,43157,eniluracil,False,0.0,,No metal,True
lufenuron,51574136.0,-2.3449934,4.1741743,51574136,lufenuron,False,0.0,,No metal,True
su16f,5329150.0,0.17216185,0.32676765,5329150,su16f,False,0.0,,No metal,True
todralazine,5501.0,-3.2432113,6.078457,5501,todralazine,False,0.0,,No metal,True
oleamide,5283387.0,1.7667298,6.5772185,5283387,oleamide,False,0.0,,No metal,True
pantothenic-acid,6613.0,2.2291706,9.000965,6613,pantothenic-acid,False,0.0,,No metal,True
2-methoxyestradiol,66414.0,0.28490347,9.901388,66414,2-methoxyestradiol,False,0.0,,No metal,True
su11274,9549297.0,0.28208855,1.5028062,9549297,su11274,False,0.0,,No metal,True
km-0118,11953346.0,1.5777822,3.045545,11953346,km-0118,False,0.0,,No metal,True
erbstatin-analog,5353609.0,-0.88951635,9.72202,5353609,erbstatin-analog,False,0.0,,No metal,True
colforsin,47936.0,1.4232943,7.734857,47936,colforsin,False,0.0,,No metal,True
salmeterol,6604001.0,-1.1973366,5.322077,6604001,salmeterol,False,0.0,,No metal,True
tasquinimod,54682876.0,-0.25484964,0.25121623,54682876,tasquinimod,False,0.0,,No metal,True
zm-39923,3797.0,0.64871246,-0.1751879,3797,zm-39923,False,0.0,,No metal,True
ten-010,54670351.0,0.2777977,1.4556878,54670351,ten-010,False,0.0,,No metal,True
ca-4948,118224238.0,2.7969153,1.9463335,118224238,ca-4948,False,0.0,,No metal,True
iberdomide,67335295.0,-1.9855394,5.30233,67335295,iberdomide,False,0.0,,No metal,True
loteprednol,444025.0,1.153113,7.4503655,444025,loteprednol,False,0.0,,No metal,True
pefloxacin,6919009.0,-3.016761,5.563901,6919009,pefloxacin,False,0.0,,No metal,True
gbr-12783,5788723.0,0.7470173,0.09519072,5788723,gbr-12783,False,0.0,,No metal,True
antimony-potassium,,-0.07428071,7.227733,,antimony-potassium,False,0.0,,No metal,True
etilevodopa,170345.0,-0.94089335,8.964174,170345,etilevodopa,False,0.0,,No metal,True
acebilustat,68488178.0,2.5400712,1.4871317,68488178,acebilustat,False,0.0,,No metal,True
xl147,1893730.0,2.6492128,2.5875816,1893730,xl147,False,0.0,,No metal,True
betamethasone-acetate,443967.0,1.3224585,7.6679955,443967,betamethasone-acetate,False,0.0,,No metal,True
azelnidipine,9873077.0,0.43592176,2.0064013,9873077,azelnidipine,False,0.0,,No metal,True
gepon,,1.0796919,4.747812,,gepon,False,0.0,,No metal,True
broxaterol,13626987.0,-0.6244524,9.738429,13626987,broxaterol,False,0.0,,No metal,True
valproic-acid,3121.0,3.2700016,8.293183,3121,valproic-acid,False,0.0,,No metal,True
sulfinpyrazone,25273605.0,0.13652903,0.09498063,25273605,sulfinpyrazone,False,0.0,,No metal,True
benproperine,14456347.0,-3.4893196,4.0437007,14456347,benproperine,False,0.0,,No metal,True
tipiracil,6323266.0,-1.1516726,9.252381,6323266,tipiracil,False,0.0,,No metal,True
cetrimonium,2681.0,15.381861,3.9002755,2681,cetrimonium,False,0.0,,No metal,True
apc-100,99479.0,0.17634685,10.298839,99479,apc-100,False,0.0,,No metal,True
balapiravir,53297462.0,-0.1368194,6.3549314,53297462,balapiravir,False,0.0,,No metal,True
oxiracetam,3051965.0,2.7912722,9.213173,3051965,oxiracetam,False,0.0,,No metal,True
tgr-1202,72950888.0,2.3167284,2.6007898,72950888,tgr-1202,False,0.0,,No metal,True
tolfenamic-acid,610479.0,-3.9023285,4.9681516,610479,tolfenamic-acid,False,0.0,,No metal,True
cpi-1189,151118.0,-0.52977437,9.899845,151118,cpi-1189,False,0.0,,No metal,True
pf-06840003,118512017.0,-3.916393,5.904187,118512017,pf-06840003,False,0.0,,No metal,True
emodepside,122594832.0,0.66861963,5.5473547,122594832,emodepside,False,0.0,,No metal,True
methylparaben,7456.0,-0.8967111,10.441138,7456,methylparaben,False,0.0,,No metal,True
mdl-72832,6604720.0,0.2932717,8.861036,6604720,mdl-72832,False,0.0,,No metal,True
tyrphostin-ag-1296,2049.0,-0.5835441,-0.7451807,2049,tyrphostin-ag-1296,False,0.0,,No metal,True
fenoprofen,41097863.0,-3.861988,4.8117013,41097863,fenoprofen,False,0.0,,No metal,True
morniflumate,72106.0,-2.1433716,4.8089437,72106,morniflumate,False,0.0,,No metal,True
resatorvid,11703255.0,0.267176,9.101279,11703255,resatorvid,False,0.0,,No metal,True
cx-516,1370.0,-0.30090743,10.386946,1370,cx-516,False,0.0,,No metal,True
mk-2461,44137946.0,2.799368,1.9584373,44137946,mk-2461,False,0.0,,No metal,True
tryptophan,6923516.0,-3.844315,6.0013523,6923516,tryptophan,False,0.0,,No metal,True
cyclobenzaprine,2895.0,-3.844838,4.0826693,2895,cyclobenzaprine,False,0.0,,No metal,True
sdz-wag-994,164305.0,-1.7397866,5.9811306,164305,sdz-wag-994,False,0.0,,No metal,True
ly2795050,56851583.0,0.3743853,0.31005773,56851583,ly2795050,False,0.0,,No metal,True
bu-239,4520732.0,-4.0500374,5.8250403,4520732,bu-239,False,0.0,,No metal,True
pfi-1,71271629.0,-2.6748354,5.5120363,71271629,pfi-1,False,0.0,,No metal,True
hki-357,11238512.0,2.0440454,1.8336529,11238512,hki-357,False,0.0,,No metal,True
m-25,44250034.0,0.66044587,0.1399883,44250034,m-25,False,0.0,,No metal,True
zotarolimus,,0.7258225,5.650655,,zotarolimus,False,0.0,,No metal,True
epz015666,90241673.0,-1.7136142,5.8170815,90241673,epz015666,False,0.0,,No metal,True
solriamfetol,10130337.0,-1.026704,9.671626,10130337,solriamfetol,False,0.0,,No metal,True
estradiol-acetate,9818306.0,0.36508656,9.951345,9818306,estradiol-acetate,False,0.0,,No metal,True
pirinixic-acid,5694.0,-2.691638,5.2000566,5694,pirinixic-acid,False,0.0,,No metal,True
bms-191011,10474339.0,-0.1677302,-0.12818393,10474339,bms-191011,False,0.0,,No metal,True
clioquinol,2788.0,-4.2511177,5.0132146,2788,clioquinol,False,0.0,,No metal,True
fr-139317,107810.0,-0.05744669,4.8755913,107810,fr-139317,False,0.0,,No metal,True
norgestimate,6540478.0,2.3552074,7.4241176,6540478,norgestimate,False,0.0,,No metal,True
evobrutinib,71479709.0,0.13417284,1.1862411,71479709,evobrutinib,False,0.0,,No metal,True
rki-1447,60138149.0,-0.7818442,0.38607687,60138149,rki-1447,False,0.0,,No metal,True
decloxizine,71135.0,-2.4033422,4.5362597,71135,decloxizine,False,0.0,,No metal,True
alx-5407,86306255.0,0.67786354,0.119985916,86306255,alx-5407,False,0.0,,No metal,True
dihydrexidine,6603820.0,-3.6171253,5.6764836,6603820,dihydrexidine,False,0.0,,No metal,True
dipt,26903.0,-3.891775,4.4482174,26903,dipt,False,0.0,,No metal,True
firsocostat,71528744.0,2.125174,2.0808637,71528744,firsocostat,False,0.0,,No metal,True
rn-1747,5068295.0,-2.5504863,4.978059,5068295,rn-1747,False,0.0,,No metal,True
az20,46244454.0,-0.55592555,0.74558777,46244454,az20,False,0.0,,No metal,True
rs-17053,3894573.0,0.7532174,0.25083447,3894573,rs-17053,False,0.0,,No metal,True
alfuzosin,37888195.0,-1.6985625,5.6582355,37888195,alfuzosin,False,0.0,,No metal,True
troxerutin,5486699.0,0.39724082,5.5955153,5486699,troxerutin,False,0.0,,No metal,True
phenytoin,1775.0,-3.8520753,5.8321614,1775,phenytoin,False,0.0,,No metal,True
gs-9973,59473233.0,2.8688838,2.6199865,59473233,gs-9973,False,0.0,,No metal,True
cudc-101,24756910.0,0.16269997,1.4849491,24756910,cudc-101,False,0.0,,No metal,True
cephalothin,6024.0,-0.10820451,8.100623,6024,cephalothin,False,0.0,,No metal,True
netilmicin,441306.0,0.18151414,6.3822565,441306,netilmicin,False,0.0,,No metal,True
c-1,3545.0,-3.5619845,5.85993,3545,c-1,False,0.0,,No metal,True
gadoteridol,101671780.0,-0.09474533,7.200641,101671780,gadoteridol,True,1.0,Gd,Contains metal,True
cetilistat,9952916.0,-1.6532522,4.3137965,9952916,cetilistat,False,0.0,,No metal,True
yl0919,54673543.0,-3.4748065,5.3708735,54673543,yl0919,False,0.0,,No metal,True
teicoplanin-a2-1,,1.0637516,4.7593617,,teicoplanin-a2-1,False,0.0,,No metal,True
stf-083010,135398515.0,-0.6183422,-0.3969509,135398515,stf-083010,False,0.0,,No metal,True
gsk2982772,77108121.0,-0.8172528,0.78181154,77108121,gsk2982772,False,0.0,,No metal,True
proglumide,6603906.0,0.1565921,8.782536,6603906,proglumide,False,0.0,,No metal,True
nelarabine,3011155.0,-1.7007776,6.5759616,3011155,nelarabine,False,0.0,,No metal,True
memantine,,3.4614747,8.092406,,memantine,False,0.0,,No metal,True
way-600,25229526.0,2.569499,2.5692248,25229526,way-600,False,0.0,,No metal,True
"d,l-mevalonic-acid-lactone",6419891.0,3.4013896,8.835174,6419891,"d,l-mevalonic-acid-lactone",False,0.0,,No metal,True
nimodipine,157132.0,0.2502939,8.213168,157132,nimodipine,False,0.0,,No metal,True
pemetrexed,135410875.0,-0.39497325,6.0386043,135410875,pemetrexed,False,0.0,,No metal,True
metocurine,21233.0,16.287582,3.8189695,21233,metocurine,False,0.0,,No metal,True
estradiol-cypionate,9403.0,0.70369565,9.304613,9403,estradiol-cypionate,False,0.0,,No metal,True
pd-173212,9916734.0,1.2409129,1.7015436,9916734,pd-173212,False,0.0,,No metal,True
bms-906024,66550890.0,-1.2953159,4.8498697,66550890,bms-906024,False,0.0,,No metal,True
pha-848125,16718576.0,-0.49730185,1.238468,16718576,pha-848125,False,0.0,,No metal,True
permethrin,40159.0,-2.8969107,4.0170026,40159,permethrin,False,0.0,,No metal,True
benactyzine,9330.0,-2.411829,4.5196977,9330,benactyzine,False,0.0,,No metal,True
triptolide,107985.0,1.7641712,7.9727817,107985,triptolide,False,0.0,,No metal,True
acesulfame-potassium,36573.0,2.9713123,9.080377,36573,acesulfame-potassium,False,0.0,,No metal,True
ceftazidime,6321415.0,14.716739,4.001269,6321415,ceftazidime,False,0.0,,No metal,True
azathioprine,2265.0,-1.0510963,0.22217296,2265,azathioprine,False,0.0,,No metal,True
2-methyl-5-nitrophenol,93576.0,-0.7908641,10.354248,93576,2-methyl-5-nitrophenol,False,0.0,,No metal,True
cp-532623,10145345.0,1.0032934,0.9148341,10145345,cp-532623,False,0.0,,No metal,True
aurora-a-inhibitor-i,44139710.0,2.0680106,1.8683859,44139710,aurora-a-inhibitor-i,False,0.0,,No metal,True
etc-159,86280523.0,3.1338232,1.9091405,86280523,etc-159,False,0.0,,No metal,True
cabazitaxel,9854073.0,0.4026068,5.463617,9854073,cabazitaxel,False,0.0,,No metal,True
midafotel,6435801.0,2.3004138,9.034705,6435801,midafotel,False,0.0,,No metal,True
telmesteine,25271872.0,3.0118954,8.694008,25271872,telmesteine,False,0.0,,No metal,True
bisphenol-a,6623.0,-3.941371,5.3691583,6623,bisphenol-a,False,0.0,,No metal,True
nystatin,,0.8974663,5.4124928,,nystatin,False,0.0,,No metal,True
metazosin,51057264.0,-1.8700824,5.7239704,51057264,metazosin,False,0.0,,No metal,True
nepicastat,9796181.0,-3.6853025,5.2813635,9796181,nepicastat,False,0.0,,No metal,True
iopromide,6604433.0,-0.032049354,6.3266354,6604433,iopromide,False,0.0,,No metal,True
ibutamoren,178024.0,-1.2517349,5.259906,178024,ibutamoren,False,0.0,,No metal,True
selfotel,6604838.0,2.4411995,9.124104,6604838,selfotel,False,0.0,,No metal,True
hexylene-glycol,5288845.0,3.3275433,9.020032,5288845,hexylene-glycol,False,0.0,,No metal,True
enrofloxacin,71188.0,-2.880429,5.206066,71188,enrofloxacin,False,0.0,,No metal,True
degarelix,16136245.0,1.0214543,4.797923,16136245,degarelix,False,0.0,,No metal,True
adefovir-dipivoxil,60871.0,-0.49683565,5.7755513,60871,adefovir-dipivoxil,False,0.0,,No metal,True
ethamivan,9363.0,-0.3391776,9.996644,9363,ethamivan,False,0.0,,No metal,True
mepiroxol,71668.0,-1.1323534,10.52786,71668,mepiroxol,False,0.0,,No metal,True
ns-1643,10177784.0,-2.8408945,4.8577905,10177784,ns-1643,False,0.0,,No metal,True
ts-011,,-0.34718525,9.605419,,ts-011,False,0.0,,No metal,True
bromantan,4660557.0,0.41291982,10.01514,4660557,bromantan,False,0.0,,No metal,True
psoralen,6199.0,-0.77722436,-0.80408657,6199,psoralen,False,0.0,,No metal,True
quinagolide,3086401.0,0.122296326,8.687341,3086401,quinagolide,False,0.0,,No metal,True
lotamilast,24864553.0,2.5342531,1.7707162,24864553,lotamilast,False,0.0,,No metal,True
jnj-10191584,10446295.0,-3.7982807,5.6239896,10446295,jnj-10191584,False,0.0,,No metal,True
parecoxib,119828.0,-0.3649652,0.4010607,119828,parecoxib,False,0.0,,No metal,True
clobetasone-butyrate,71386.0,1.7161746,7.4828763,71386,clobetasone-butyrate,False,0.0,,No metal,True
camptothecin,24360.0,-0.86442894,0.26916257,24360,camptothecin,False,0.0,,No metal,True
clofibrate,2796.0,0.14614111,10.048504,2796,clofibrate,False,0.0,,No metal,True
trimetozine,12478.0,-0.3502739,9.352585,12478,trimetozine,False,0.0,,No metal,True
orphanin-fq,56947112.0,1.0810382,4.747658,56947112,orphanin-fq,False,0.0,,No metal,True
immethridine,9989505.0,-4.3432183,5.626306,9989505,immethridine,False,0.0,,No metal,True
dapansutrile,12714644.0,3.3670473,8.790891,12714644,dapansutrile,False,0.0,,No metal,True
gsk-j4,71729975.0,-0.15580018,1.084054,71729975,gsk-j4,False,0.0,,No metal,True
ziritaxestat,90420193.0,2.3552241,1.9200658,90420193,ziritaxestat,False,0.0,,No metal,True
cintriamide,6154037.0,-0.43199748,9.5118885,6154037,cintriamide,False,0.0,,No metal,True
lylamine,62034.0,0.48769215,9.89224,62034,lylamine,False,0.0,,No metal,True
perchlozone,6433252.0,-1.2020121,9.8345585,6433252,perchlozone,False,0.0,,No metal,True
dexrazoxane,71384.0,2.135417,9.000571,71384,dexrazoxane,False,0.0,,No metal,True
sklb-1028,54760385.0,2.6707547,1.7719094,54760385,sklb-1028,False,0.0,,No metal,True
granisetron,,-3.5874178,5.24125,,granisetron,False,0.0,,No metal,True
px-478,11234795.0,-0.04541447,8.9957905,11234795,px-478,False,0.0,,No metal,True
n-mppp,190901.0,-3.4518645,4.1540217,190901,n-mppp,False,0.0,,No metal,True
guanidinopropionic-acid,67701.0,2.636901,9.263789,67701,guanidinopropionic-acid,False,0.0,,No metal,True
jnj-47965567,66553218.0,0.2793822,1.2025303,66553218,jnj-47965567,False,0.0,,No metal,True
tianeptine,37888263.0,-1.8752173,4.7149644,37888263,tianeptine,False,0.0,,No metal,True
paraxanthine,4687.0,-3.7464473,6.4380465,4687,paraxanthine,False,0.0,,No metal,True
bos-172722,73386890.0,2.5045073,1.7402867,73386890,bos-172722,False,0.0,,No metal,True
doramectin,9832750.0,0.76168644,5.742473,9832750,doramectin,False,0.0,,No metal,True
tiludronate,60937.0,-0.8338315,9.027213,60937,tiludronate,False,0.0,,No metal,True
tcs-2002,44247646.0,3.5028994,1.534701,44247646,tcs-2002,False,0.0,,No metal,True
iothalamic-acid-d3,3737.0,-1.4251469,4.411265,3737,iothalamic-acid-d3,False,0.0,,No metal,True
amiflamine,6336525.0,-0.39579222,10.562164,6336525,amiflamine,False,0.0,,No metal,True
wye-125132,25227469.0,-0.052815884,1.6338727,25227469,wye-125132,False,0.0,,No metal,True
esaprazole,68835.0,2.9634182,8.69722,68835,esaprazole,False,0.0,,No metal,True
cgp-20712a,91667713.0,0.31737965,2.380043,91667713,cgp-20712a,False,0.0,,No metal,True
bicuculline-(+),10237.0,-2.7225313,5.1944194,10237,bicuculline-(+),False,0.0,,No metal,True
daucosterol,5742590.0,1.1794194,6.9381504,5742590,daucosterol,False,0.0,,No metal,True
paricalcitol,5281104.0,2.0117104,7.102858,5281104,paricalcitol,False,0.0,,No metal,True
cefpodoxime,51546414.0,-0.14072551,6.248108,51546414,cefpodoxime,False,0.0,,No metal,True
tapinarof,6439522.0,-3.9323483,4.9289045,6439522,tapinarof,False,0.0,,No metal,True
vitamin-e,14985.0,1.4940416,6.392089,14985,vitamin-e,False,0.0,,No metal,True
stepronin,37888256.0,-0.5336271,9.093306,37888256,stepronin,False,0.0,,No metal,True
bvt-948,6604934.0,-0.6093989,10.123087,6604934,bvt-948,False,0.0,,No metal,True
pki-179,76958312.0,-0.24098827,1.6217688,76958312,pki-179,False,0.0,,No metal,True
chlorambucil,2708.0,0.4473296,9.343714,2708,chlorambucil,False,0.0,,No metal,True
ag-1024,2044.0,0.3201086,9.921425,2044,ag-1024,False,0.0,,No metal,True
benzalkonium,2330.0,15.36819,3.913119,2330,benzalkonium,False,0.0,,No metal,True
guacetisal,68749.0,-3.2283964,5.0335255,68749,guacetisal,False,0.0,,No metal,True
rifaximin,46783403.0,0.3855059,5.382097,46783403,rifaximin,False,0.0,,No metal,True
amoxapine,2170.0,-3.5769327,4.913828,2170,amoxapine,False,0.0,,No metal,True
isobutyramide,68424.0,3.498018,8.828079,68424,isobutyramide,False,0.0,,No metal,True
pa-452,9803242.0,-1.7922381,4.314383,9803242,pa-452,False,0.0,,No metal,True
flopropione,3362.0,-1.10706,9.504897,3362,flopropione,False,0.0,,No metal,True
pd-128907,5311346.0,-0.2864062,9.928625,5311346,pd-128907,False,0.0,,No metal,True
etonogestrel,6917715.0,2.7405427,7.4914584,6917715,etonogestrel,False,0.0,,No metal,True
sulfatinib,52920501.0,2.3909051,1.7826629,52920501,sulfatinib,False,0.0,,No metal,True
bendamustine,65628.0,-2.3850603,4.5173974,65628,bendamustine,False,0.0,,No metal,True
tc-s-7006,9549300.0,3.0532446,1.3788259,9549300,tc-s-7006,False,0.0,,No metal,True
edoxudine,66377.0,-1.089384,8.661807,66377,edoxudine,False,0.0,,No metal,True
ethinyl-estradiol,5991.0,0.33541587,9.988361,5991,ethinyl-estradiol,False,0.0,,No metal,True
aminocaproic-acid,564.0,3.0374522,8.818051,564,aminocaproic-acid,False,0.0,,No metal,True
finafloxacin,11567473.0,-2.0936773,5.7612066,11567473,finafloxacin,False,0.0,,No metal,True
naringin-dihydrochalcone,9894584.0,0.20851193,5.7922144,9894584,naringin-dihydrochalcone,False,0.0,,No metal,True
ib-meca,123683.0,-0.644541,1.471286,123683,ib-meca,False,0.0,,No metal,True
pp242,135565635.0,3.3551433,1.7842214,135565635,pp242,False,0.0,,No metal,True
vs-4718,25073775.0,0.20269814,1.5515693,25073775,vs-4718,False,0.0,,No metal,True
vp-20629,3744.0,-4.0208964,5.676393,3744,vp-20629,False,0.0,,No metal,True
talarozole,76958553.0,3.2473989,1.2221437,76958553,talarozole,False,0.0,,No metal,True
lcl-161,24737642.0,-1.3818688,4.9520516,24737642,lcl-161,False,0.0,,No metal,True
ns-3861,,0.31864274,10.184957,,ns-3861,False,0.0,,No metal,True
mivebresib,71600087.0,2.9874597,1.4613322,71600087,mivebresib,False,0.0,,No metal,True
tcs-hdac6-20b,23636017.0,1.31927,7.2253103,23636017,tcs-hdac6-20b,False,0.0,,No metal,True
cinoxacin,2762.0,-3.2684252,6.0660863,2762,cinoxacin,False,0.0,,No metal,True
arachidonic-acid,444899.0,1.7509085,6.5494547,444899,arachidonic-acid,False,0.0,,No metal,True
siguazodan,6604007.0,-0.7576424,8.969514,6604007,siguazodan,False,0.0,,No metal,True
uprosertib,51042438.0,0.02105435,0.65746003,51042438,uprosertib,False,0.0,,No metal,True
e-4031,3185.0,-2.117117,4.8690906,3185,e-4031,False,0.0,,No metal,True
atpa,11345201.0,-1.0628651,8.981918,11345201,atpa,False,0.0,,No metal,True
remetinostat,24875489.0,0.09238129,8.407815,24875489,remetinostat,False,0.0,,No metal,True
ranirestat,153948.0,-2.8808298,5.521416,153948,ranirestat,False,0.0,,No metal,True
sodium-picosulfate,5243.0,-0.56001127,1.3554233,5243,sodium-picosulfate,False,0.0,,No metal,True
avridine,37186.0,1.303806,6.2555165,37186,avridine,False,0.0,,No metal,True
clindamycin,446598.0,1.5116034,8.2871475,446598,clindamycin,False,0.0,,No metal,True
ha14-1,6976314.0,0.20601015,8.353678,6976314,ha14-1,False,0.0,,No metal,True
onc201,73777259.0,-2.7996402,4.439998,73777259,onc201,False,0.0,,No metal,True
apto-253,11960271.0,2.8126905,2.6799536,11960271,apto-253,False,0.0,,No metal,True
pf-5274857,56956240.0,-2.1643355,5.1217203,56956240,pf-5274857,False,0.0,,No metal,True
telotristat,25025298.0,2.2086582,1.8464535,25025298,telotristat,False,0.0,,No metal,True
diethylstilbestrol,448537.0,-3.8931675,4.8363686,448537,diethylstilbestrol,False,0.0,,No metal,True
rhein,10168.0,-2.865909,6.0499873,10168,rhein,False,0.0,,No metal,True
dbeq,676352.0,3.390849,1.264019,676352,dbeq,False,0.0,,No metal,True
chloroprocaine,8612.0,0.057791736,9.349383,8612,chloroprocaine,False,0.0,,No metal,True
cy208-243,58144.0,-0.47976694,-0.7938217,58144,cy208-243,False,0.0,,No metal,True
09/01/92,7141881.0,-4.071203,5.9344425,7141881,09/01/92,False,0.0,,No metal,True
darifenacin,444031.0,0.202168,0.21144402,444031,darifenacin,False,0.0,,No metal,True
carmoxirole,86308157.0,0.5473939,0.08251696,86308157,carmoxirole,False,0.0,,No metal,True
fpl-12495,164087.0,-4.3204327,5.0035133,164087,fpl-12495,False,0.0,,No metal,True
puerarin,5281807.0,-0.756679,6.2086554,5281807,puerarin,False,0.0,,No metal,True
transcrocetinate,5281232.0,1.9204594,7.147869,5281232,transcrocetinate,False,0.0,,No metal,True
iguratimod,124246.0,-0.66869736,0.97533125,124246,iguratimod,False,0.0,,No metal,True
halothane,4369439.0,3.502054,8.117286,4369439,halothane,False,0.0,,No metal,True
7-nitroindazole,1893.0,-4.1080365,5.9065948,1893,7-nitroindazole,False,0.0,,No metal,True
bupranolol,66601885.0,-0.043089256,9.650218,66601885,bupranolol,False,0.0,,No metal,True
bi-224436,66561902.0,2.9321442,1.351857,66561902,bi-224436,False,0.0,,No metal,True
adarotene,9864378.0,-3.0391467,4.073712,9864378,adarotene,False,0.0,,No metal,True
chloroquine,444810.0,-2.9821362,4.2376666,444810,chloroquine,False,0.0,,No metal,True
iloperidone,71360.0,0.33847338,0.8376456,71360,iloperidone,False,0.0,,No metal,True
linaprazan,9951066.0,-0.5337302,0.7043469,9951066,linaprazan,False,0.0,,No metal,True
amn-082,1894361.0,3.3057125,1.041976,1894361,amn-082,False,0.0,,No metal,True
taurolidine,29566.0,2.1429784,8.960201,29566,taurolidine,False,0.0,,No metal,True
ono-4817,9888141.0,-1.4015265,5.2167454,9888141,ono-4817,False,0.0,,No metal,True
xl888,,-1.1879776,5.0206704,,xl888,False,0.0,,No metal,True
fluspirilene,3396.0,0.8536862,0.60581195,3396,fluspirilene,False,0.0,,No metal,True
tc-mps1-12,70682875.0,-2.2930815,5.7791944,70682875,tc-mps1-12,False,0.0,,No metal,True
sns-314,24995524.0,2.5910075,1.7097318,24995524,sns-314,False,0.0,,No metal,True
e7820,196970.0,-0.863126,0.07445646,196970,e7820,False,0.0,,No metal,True
cresopirine,78094.0,-0.6332104,10.215051,78094,cresopirine,False,0.0,,No metal,True
fludarabine,657237.0,-1.7619096,6.583762,657237,fludarabine,False,0.0,,No metal,True
ly393558,10347428.0,0.32400376,1.4063642,10347428,ly393558,False,0.0,,No metal,True
cxd101,16225380.0,0.012739211,0.59743375,16225380,cxd101,False,0.0,,No metal,True
picrotoxinin,7098683.0,2.1768687,8.661594,7098683,picrotoxinin,False,0.0,,No metal,True
nitrosodimethylurea,129010104.0,3.1374843,9.253929,129010104,nitrosodimethylurea,False,0.0,,No metal,True
sulfabenzamide,5319.0,-3.1323965,6.0352297,5319,sulfabenzamide,False,0.0,,No metal,True
"2,5-furandimethanol",74663.0,-1.3412007,10.1729355,74663,"2,5-furandimethanol",False,0.0,,No metal,True
evodiamine,442088.0,-0.5205052,-0.7314279,442088,evodiamine,False,0.0,,No metal,True
thiocolchicoside,9915886.0,-0.2123556,6.161921,9915886,thiocolchicoside,False,0.0,,No metal,True
doxycycline,,-0.29692924,6.8400025,,doxycycline,False,0.0,,No metal,True
cadazolid,44242317.0,0.28089136,2.0533707,44242317,cadazolid,False,0.0,,No metal,True
dihydromyricetin,161557.0,-1.856384,6.131976,161557,dihydromyricetin,False,0.0,,No metal,True
exatecan-mesylate,151115.0,-0.74152416,0.81597185,151115,exatecan-mesylate,False,0.0,,No metal,True
sulbactam,130313.0,2.5824442,8.976218,130313,sulbactam,False,0.0,,No metal,True
mafenide,3998.0,-1.1949091,9.634069,3998,mafenide,False,0.0,,No metal,True
midostaurin,9829523.0,2.5074103,2.6870394,9829523,midostaurin,False,0.0,,No metal,True
bam7,,-0.06068212,1.0114924,,bam7,False,0.0,,No metal,True
ameltolide,13086.0,-3.9013116,5.41938,13086,ameltolide,False,0.0,,No metal,True
a-784168,11420211.0,-2.045595,4.6773477,11420211,a-784168,False,0.0,,No metal,True
oc000459,11462174.0,3.5919306,1.2301483,11462174,oc000459,False,0.0,,No metal,True
pf-477736,135565545.0,-0.6748222,1.0059252,135565545,pf-477736,False,0.0,,No metal,True
carboxylosartan,108185.0,2.8319447,1.4560779,108185,carboxylosartan,False,0.0,,No metal,True
tg-100713,17751063.0,-1.1388013,0.32831308,17751063,tg-100713,False,0.0,,No metal,True
hpgds-in-1,46700750.0,2.7966392,1.9625916,46700750,hpgds-in-1,False,0.0,,No metal,True
gliclazide,931837.0,-0.22148848,9.078189,931837,gliclazide,False,0.0,,No metal,True
cim-0216,25331887.0,-0.102661096,-0.13924976,25331887,cim-0216,False,0.0,,No metal,True
desloratadine,124087.0,-3.915037,4.4209385,124087,desloratadine,False,0.0,,No metal,True
epacadostat,135564890.0,-1.2956043,6.1182075,135564890,epacadostat,False,0.0,,No metal,True
mecamylamine,46912050.0,3.480109,8.147468,46912050,mecamylamine,False,0.0,,No metal,True
y-11,427018.0,14.929487,4.287413,427018,y-11,False,0.0,,No metal,True
darusentan,177236.0,-0.22050041,1.2861735,177236,darusentan,False,0.0,,No metal,True
vby-825,70945511.0,0.18768561,6.9490337,70945511,vby-825,False,0.0,,No metal,True
btz043-racemate,42609849.0,-1.9779539,5.231587,42609849,btz043-racemate,False,0.0,,No metal,True
tenalisib,86291103.0,2.7598271,2.6382859,86291103,tenalisib,False,0.0,,No metal,True
cefiderocol,46195832.0,14.722539,3.9985166,46195832,cefiderocol,False,0.0,,No metal,True
moracizine,34633.0,-2.049646,4.688736,34633,moracizine,False,0.0,,No metal,True
selexipag,9913767.0,0.30829635,1.6414964,9913767,selexipag,False,0.0,,No metal,True
cyclopentolate,6604325.0,0.057429112,9.286629,6604325,cyclopentolate,False,0.0,,No metal,True
actarit,2018.0,-1.0640261,9.835262,2018,actarit,False,0.0,,No metal,True
talnetant,5311424.0,3.3717406,1.1846876,5311424,talnetant,False,0.0,,No metal,True
gentiopicrin,88708.0,1.4073011,8.535764,88708,gentiopicrin,False,0.0,,No metal,True
diminazene-aceturate,2354.0,-2.4828315,5.7759476,2354,diminazene-aceturate,False,0.0,,No metal,True
sc-560,4306515.0,0.16159007,-0.4692683,4306515,sc-560,False,0.0,,No metal,True
d-serine,71077.0,2.7621207,9.295355,71077,d-serine,False,0.0,,No metal,True
felypressin,,0.8453037,5.042014,,felypressin,False,0.0,,No metal,True
add-233089,54155633.0,-3.7258313,5.6799455,54155633,add-233089,False,0.0,,No metal,True
ni-57,91827373.0,-0.63642853,0.5610897,91827373,ni-57,False,0.0,,No metal,True
vu0360172,53318624.0,-3.7866158,5.0263405,53318624,vu0360172,False,0.0,,No metal,True
mdms,9083.0,2.3953004,8.8272705,9083,mdms,False,0.0,,No metal,True
loracarbef,5284585.0,-0.43708944,8.526582,5284585,loracarbef,False,0.0,,No metal,True
jk-184,1069686.0,3.3194711,1.2680869,1069686,jk-184,False,0.0,,No metal,True
cilofexor,71228883.0,2.0837464,1.8171599,71228883,cilofexor,False,0.0,,No metal,True
phenprocoumon,54681533.0,-0.32837114,-0.5601937,54681533,phenprocoumon,False,0.0,,No metal,True
sulmazole,11859211.0,-0.7916818,-0.46084264,11859211,sulmazole,False,0.0,,No metal,True
clarithromycin,,0.8856097,5.5907016,,clarithromycin,False,0.0,,No metal,True
vu0422288,73058507.0,-0.05017442,-0.14749786,73058507,vu0422288,False,0.0,,No metal,True
irsogladine,3752.0,-3.3142834,6.019846,3752,irsogladine,False,0.0,,No metal,True
tc-i-2014,135883253.0,0.8300422,0.4216872,135883253,tc-i-2014,False,0.0,,No metal,True
cytarabine,6253.0,-1.0687475,8.289621,6253,cytarabine,False,0.0,,No metal,True
firocoxib,208910.0,0.21127546,8.964604,208910,firocoxib,False,0.0,,No metal,True
sennoside-a,132466065.0,0.6755404,5.212624,132466065,sennoside-a,False,0.0,,No metal,True
trioxsalen,5585.0,-0.69661623,-0.7868142,5585,trioxsalen,False,0.0,,No metal,True
m8-b,11675630.0,0.13082811,0.55408895,11675630,m8-b,False,0.0,,No metal,True
dibutyl-phthalate,3026.0,0.44300362,9.216929,3026,dibutyl-phthalate,False,0.0,,No metal,True
flutamide,3397.0,0.14886919,9.775455,3397,flutamide,False,0.0,,No metal,True
gdc-0084,57384863.0,-0.8093571,1.1377563,57384863,gdc-0084,False,0.0,,No metal,True
ml9,4217.0,-3.7469635,5.139725,4217,ml9,False,0.0,,No metal,True
bms-986195,121293929.0,-2.675194,5.6175895,121293929,bms-986195,False,0.0,,No metal,True
at13387,11955716.0,-2.3426836,5.185341,11955716,at13387,False,0.0,,No metal,True
levobunolol-(+/-),5460339.0,-0.034073174,9.19449,5460339,levobunolol-(+/-),False,0.0,,No metal,True
wye-687,25229450.0,2.5975418,1.9078898,25229450,wye-687,False,0.0,,No metal,True
pantethine,452306.0,0.19429438,6.024012,452306,pantethine,False,0.0,,No metal,True
ppt,5040063.0,3.3185577,1.3272599,5040063,ppt,False,0.0,,No metal,True
cgh2466,5282339.0,-0.1853232,-0.5108353,5282339,cgh2466,False,0.0,,No metal,True
k02288,46173038.0,-0.45968145,0.7275996,46173038,k02288,False,0.0,,No metal,True
gdc-0068,24788740.0,-1.7606899,5.2087364,24788740,gdc-0068,False,0.0,,No metal,True
gallium-triquinolin-8-olate,9806063.0,2.5951807,2.7134042,9806063,gallium-triquinolin-8-olate,True,1.0,Ga,Contains metal,True
torcitabine,13711.0,-1.1313272,8.600133,13711,torcitabine,False,0.0,,No metal,True
rs-504393,9953769.0,0.26082116,0.4382743,9953769,rs-504393,False,0.0,,No metal,True
seletalisib,56928390.0,2.5935977,2.7021992,56928390,seletalisib,False,0.0,,No metal,True
erythrosine,3259.0,-1.2971418,4.268484,3259,erythrosine,False,0.0,,No metal,True
mometasone,441335.0,1.9404271,7.6102295,441335,mometasone,False,0.0,,No metal,True
evp4593,509554.0,3.2815366,1.3578553,509554,evp4593,False,0.0,,No metal,True
pf-06305591,71666749.0,-3.0363612,5.9099016,71666749,pf-06305591,False,0.0,,No metal,True
diperodon,40479653.0,-1.9270536,4.726947,40479653,diperodon,False,0.0,,No metal,True
mephenesin,6931199.0,-1.0448201,9.725313,6931199,mephenesin,False,0.0,,No metal,True
tcs-pim-1-1,1235170.0,-0.3031525,-0.2621983,1235170,tcs-pim-1-1,False,0.0,,No metal,True
gw-9508,11595431.0,0.5489723,0.03741623,11595431,gw-9508,False,0.0,,No metal,True
ban-orl-24,10296561.0,-2.2741568,4.451558,10296561,ban-orl-24,False,0.0,,No metal,True
etrasimod,44623998.0,0.91495544,0.698052,44623998,etrasimod,False,0.0,,No metal,True
bms-626529,11317439.0,2.8450022,1.960695,11317439,bms-626529,False,0.0,,No metal,True
r-1487,11406590.0,-0.55488926,0.5318538,11406590,r-1487,False,0.0,,No metal,True
dilmapimod,10297982.0,2.867737,1.8457474,10297982,dilmapimod,False,0.0,,No metal,True
dithranol,10187.0,-0.87809086,-0.4005404,10187,dithranol,False,0.0,,No metal,True
etodolac,688461.0,-3.472872,5.207861,688461,etodolac,False,0.0,,No metal,True
ardeparin,100942142.0,0.4117482,6.126444,100942142,ardeparin,False,0.0,,No metal,True
hpph,,1.1762792,1.6495049,,hpph,False,0.0,,No metal,True
n-(p-amylcinnamoyl)-anthranilic-acid,5353376.0,-2.6855247,4.6795764,5353376,n-(p-amylcinnamoyl)-anthranilic-acid,False,0.0,,No metal,True
milnacipran,6917779.0,-0.11951635,9.974941,6917779,milnacipran,False,0.0,,No metal,True
zamifenacin,3086618.0,0.5941467,0.24751322,3086618,zamifenacin,False,0.0,,No metal,True
rs-67333,183782.0,0.45223346,9.07071,183782,rs-67333,False,0.0,,No metal,True
clozapine,135398737.0,-3.6382744,4.7457314,135398737,clozapine,False,0.0,,No metal,True
pemafibrate,11526038.0,2.199371,1.6944401,11526038,pemafibrate,False,0.0,,No metal,True
gaboxadol,3448.0,-1.3290746,10.19363,3448,gaboxadol,False,0.0,,No metal,True
ngb-2904,9891901.0,0.9159391,0.6744401,9891901,ngb-2904,False,0.0,,No metal,True
debrisoquin,2966.0,-1.3753121,10.112961,2966,debrisoquin,False,0.0,,No metal,True
bms-582949,10409068.0,-0.46116936,1.018338,10409068,bms-582949,False,0.0,,No metal,True
leucovorin,135398559.0,-0.26126346,6.104205,135398559,leucovorin,False,0.0,,No metal,True
sta-5326,10173277.0,-0.21612985,1.3095161,10173277,sta-5326,False,0.0,,No metal,True
digoxigenin,15478.0,1.7455007,7.873446,15478,digoxigenin,False,0.0,,No metal,True
tioxolone,72139.0,-4.177489,5.8544455,72139,tioxolone,False,0.0,,No metal,True
xl388,59604787.0,-0.5313545,0.7974812,59604787,xl388,False,0.0,,No metal,True
ciprofibrate,9882424.0,0.28198564,9.957116,9882424,ciprofibrate,False,0.0,,No metal,True
propylhexedrine,71197.0,3.4108229,8.188727,71197,propylhexedrine,False,0.0,,No metal,True
ci-844,200510.0,-4.434617,5.1161647,200510,ci-844,False,0.0,,No metal,True
phenserine,192706.0,-3.2055745,4.847855,192706,phenserine,False,0.0,,No metal,True
co-101244,6918409.0,-2.6798651,5.0085683,6918409,co-101244,False,0.0,,No metal,True
anethole,637563.0,-0.29086092,10.751488,637563,anethole,False,0.0,,No metal,True
trovafloxacin,,-0.76211524,0.77180725,,trovafloxacin,False,0.0,,No metal,True
tranilast,5282230.0,-2.5771763,5.1801324,5282230,tranilast,False,0.0,,No metal,True
acitazanolast,2006.0,-2.5851438,6.362912,2006,acitazanolast,False,0.0,,No metal,True
acumapimod,11338127.0,-0.69537157,0.87487406,11338127,acumapimod,False,0.0,,No metal,True
prenylamine,181757.0,0.6627067,-0.1420591,181757,prenylamine,False,0.0,,No metal,True
molidustat,59603622.0,-1.0112225,0.42751253,59603622,molidustat,False,0.0,,No metal,True
acetarsol,1985.0,-1.2558343,8.84683,1985,acetarsol,False,0.0,,No metal,True
propiolactone,2365.0,3.5050666,8.79168,2365,propiolactone,False,0.0,,No metal,True
sb-271046,5312149.0,0.02597777,0.85233456,5312149,sb-271046,False,0.0,,No metal,True
carbamazepine,2554.0,-4.3094616,5.0977964,2554,carbamazepine,False,0.0,,No metal,True
phenformin,8249.0,-1.2421519,9.310823,8249,phenformin,False,0.0,,No metal,True
benzo[d]thiazole-2(3h)-thione,697993.0,-4.4530125,5.220793,697993,benzo[d]thiazole-2(3h)-thione,False,0.0,,No metal,True
phortress,399465.0,-0.3498227,0.9485503,399465,phortress,False,0.0,,No metal,True
lactulose,11333.0,0.27642113,6.4748077,11333,lactulose,False,0.0,,No metal,True
edrophonium,3202.0,15.06968,4.1944895,3202,edrophonium,False,0.0,,No metal,True
"1-(1,2-diphenylethyl)piperidine-(+/-)",44574903.0,-3.823953,4.0800304,44574903,"1-(1,2-diphenylethyl)piperidine-(+/-)",False,0.0,,No metal,True
seclazone,76966156.0,-0.37977535,10.475338,76966156,seclazone,False,0.0,,No metal,True
teicoplanin-a2-3,,1.0684892,4.7545977,,teicoplanin-a2-3,False,0.0,,No metal,True
budesonide,63006.0,1.3107257,7.6489215,63006,budesonide,False,0.0,,No metal,True
necrostatin-2,11288934.0,-3.7825236,5.7427564,11288934,necrostatin-2,False,0.0,,No metal,True
piconol,11474.0,-1.0527198,10.6369705,11474,piconol,False,0.0,,No metal,True
cyclic-amp,40467852.0,-1.7341839,6.554124,40467852,cyclic-amp,False,0.0,,No metal,True
pd-166793,9887870.0,-2.5565705,4.9499645,9887870,pd-166793,False,0.0,,No metal,True
2-hydroxyethyl-salicylate,6880.0,-1.0459751,9.639902,6880,2-hydroxyethyl-salicylate,False,0.0,,No metal,True
cordycepin,6303.0,-2.2080915,6.4703617,6303,cordycepin,False,0.0,,No metal,True
hydroxypropyl-beta-cyclodextrin,,1.063113,4.7701473,,hydroxypropyl-beta-cyclodextrin,False,0.0,,No metal,True
quinolinic-acid,1066.0,-1.2065548,9.699868,1066,quinolinic-acid,False,0.0,,No metal,True
sr-95639a,195165.0,-3.036744,5.095409,195165,sr-95639a,False,0.0,,No metal,True
verdinexor,71492799.0,-0.002072733,0.82404864,71492799,verdinexor,False,0.0,,No metal,True
azd7545,16741245.0,-1.8608316,5.2374926,16741245,azd7545,False,0.0,,No metal,True
agi-6780,71299339.0,0.4525691,0.8699111,71299339,agi-6780,False,0.0,,No metal,True
linagliptin,10096344.0,2.8862667,1.9257412,10096344,linagliptin,False,0.0,,No metal,True
catharanthine,5458190.0,-3.4999692,4.968692,5458190,catharanthine,False,0.0,,No metal,True
retinyl-palmitate,5280531.0,1.4485625,6.3447237,5280531,retinyl-palmitate,False,0.0,,No metal,True
piceatannol,667639.0,-3.065625,5.828111,667639,piceatannol,False,0.0,,No metal,True
firategrast,9935681.0,0.55063367,1.3784448,9935681,firategrast,False,0.0,,No metal,True
nifenazone,4487.0,-0.7839882,-0.44656235,4487,nifenazone,False,0.0,,No metal,True
gw-0742,9934458.0,0.60023177,0.86016303,9934458,gw-0742,False,0.0,,No metal,True
cgp-25454a,9819591.0,0.12615936,9.110936,9819591,cgp-25454a,False,0.0,,No metal,True
vinblastine,13342.0,0.40042287,5.3850083,13342,vinblastine,False,0.0,,No metal,True
ambazone,,-1.2790391,8.689058,,ambazone,False,0.0,,No metal,True
danirixin,24780598.0,-1.9371248,5.3507447,24780598,danirixin,False,0.0,,No metal,True
larotrectinib,46188928.0,-0.5803713,0.658476,46188928,larotrectinib,False,0.0,,No metal,True
bc-11,60126757.0,-1.333011,8.930034,60126757,bc-11,False,0.0,,No metal,True
triciribine,65399.0,-1.6965997,6.5692887,65399,triciribine,False,0.0,,No metal,True
eliglustat,23652731.0,0.4075333,7.9681196,23652731,eliglustat,False,0.0,,No metal,True
gemcitabine,60750.0,-1.1222318,8.626245,60750,gemcitabine,False,0.0,,No metal,True
acexamic-acid,2005.0,2.9527771,8.696028,2005,acexamic-acid,False,0.0,,No metal,True
guanaben-acetate,5702063.0,-1.0222023,9.769346,5702063,guanaben-acetate,False,0.0,,No metal,True
bd-1008,126388.0,0.4810186,9.686422,126388,bd-1008,False,0.0,,No metal,True
brd7389,1080352.0,3.495661,1.3209374,1080352,brd7389,False,0.0,,No metal,True
zotepine,5736.0,-3.6005046,3.9958289,5736,zotepine,False,0.0,,No metal,True
cis-urocanic-acid,736715.0,-1.3805076,10.151962,736715,cis-urocanic-acid,False,0.0,,No metal,True
s-trityl-l-cysteine,7271796.0,0.18258809,0.06349531,7271796,s-trityl-l-cysteine,False,0.0,,No metal,True
fluticasone-propionate,444036.0,1.3989742,7.475582,444036,fluticasone-propionate,False,0.0,,No metal,True
trodusquemine,9917968.0,0.74283624,6.143962,9917968,trodusquemine,False,0.0,,No metal,True
splitomycin,5269.0,-4.4549904,5.1421294,5269,splitomycin,False,0.0,,No metal,True
cfi-400945,58486178.0,2.5363188,1.4614464,58486178,cfi-400945,False,0.0,,No metal,True
azd8931,11488320.0,0.088402696,1.4172688,11488320,azd8931,False,0.0,,No metal,True
triamcinolone-acetonide,6436.0,1.3666873,7.6984887,6436,triamcinolone-acetonide,False,0.0,,No metal,True
sb-202190,5169.0,3.5715337,1.337832,5169,sb-202190,False,0.0,,No metal,True
valethamate,38989053.0,15.241153,4.021852,38989053,valethamate,False,0.0,,No metal,True
l-760735,9809077.0,0.6790608,1.5178765,9809077,l-760735,False,0.0,,No metal,True
foscarnet,3415.0,2.9078968,9.259192,3415,foscarnet,False,0.0,,No metal,True
lestaurtinib,9932888.0,2.9289706,2.55442,9932888,lestaurtinib,False,0.0,,No metal,True
phenylbutazone,4781.0,-3.5626323,4.2036386,4781,phenylbutazone,False,0.0,,No metal,True
xbd173,6433109.0,3.2940624,1.6193367,6433109,xbd173,False,0.0,,No metal,True
barasertib-hqpa,16007391.0,2.1391323,1.884624,16007391,barasertib-hqpa,False,0.0,,No metal,True
spizofurone,71755.0,-0.37809137,10.462874,71755,spizofurone,False,0.0,,No metal,True
indocyanine-green,9919342.0,15.435225,3.8882291,9919342,indocyanine-green,False,0.0,,No metal,True
azacitidine,9444.0,-1.067157,8.266186,9444,azacitidine,False,0.0,,No metal,True
"cis-exo-camphanediol-2,3",21626088.0,3.3365614,8.741791,21626088,"cis-exo-camphanediol-2,3",False,0.0,,No metal,True
merbarone,3000671.0,-2.9414618,5.965535,3000671,merbarone,False,0.0,,No metal,True
epinephrine,5816.0,-1.3770493,9.047025,5816,epinephrine,False,0.0,,No metal,True
lofepramine,3947.0,0.7828018,0.03769078,3947,lofepramine,False,0.0,,No metal,True
haloprogin,3561.0,0.3809579,10.076152,3561,haloprogin,False,0.0,,No metal,True
tg100-115,10427712.0,2.8695529,1.9069532,10427712,tg100-115,False,0.0,,No metal,True
bibx-1382,6918508.0,-0.5310829,0.8633862,6918508,bibx-1382,False,0.0,,No metal,True
ro-28-1675,9886086.0,-2.3360765,4.7480583,9886086,ro-28-1675,False,0.0,,No metal,True
oseltamivir-phosphate,65028.0,2.0068164,8.493609,65028,oseltamivir-phosphate,False,0.0,,No metal,True
propylthiouracil,657298.0,-1.3228366,10.086255,657298,propylthiouracil,False,0.0,,No metal,True
perillyl-alcohol,369312.0,3.4406905,8.202218,369312,perillyl-alcohol,False,0.0,,No metal,True
ibuproxam,11458696.0,-0.38837224,9.967668,11458696,ibuproxam,False,0.0,,No metal,True
thiram,5455.0,3.1274216,7.9880447,5455,thiram,False,0.0,,No metal,True
palomid-529,86324425.0,3.0898108,1.4056474,86324425,palomid-529,False,0.0,,No metal,True
fit,84008.0,-2.464234,4.1762486,84008,fit,False,0.0,,No metal,True
cortisone-acetate,5745.0,1.4778799,7.73395,5745,cortisone-acetate,False,0.0,,No metal,True
phenylbutyrate,4775.0,-0.38062382,10.606468,4775,phenylbutyrate,False,0.0,,No metal,True
tomivosertib,118598754.0,-2.5457141,5.9243207,118598754,tomivosertib,False,0.0,,No metal,True
epothilone-d,,0.74955237,7.8361726,,epothilone-d,False,0.0,,No metal,True
allylisothiocyanate,5971.0,3.516452,8.471878,5971,allylisothiocyanate,False,0.0,,No metal,True
arcyriaflavin-a,5327723.0,3.3056839,2.0200987,5327723,arcyriaflavin-a,False,0.0,,No metal,True
atenolol-(+/-),180559.0,-0.5076337,8.744477,180559,atenolol-(+/-),False,0.0,,No metal,True
acelarin,134694283.0,0.34309956,2.176805,134694283,acelarin,False,0.0,,No metal,True
bms-207940,156690.0,2.2596595,1.696469,156690,bms-207940,False,0.0,,No metal,True
pazopanib,10113978.0,2.8279653,1.9067024,10113978,pazopanib,False,0.0,,No metal,True
chromium-picolinate,56840998.0,-0.4607854,1.3732028,56840998,chromium-picolinate,True,1.0,Cr,Contains metal,True
2-bfi,3080926.0,-4.265497,5.684211,3080926,2-bfi,False,0.0,,No metal,True
segesterone-acetate,108059.0,2.3630612,7.4696155,108059,segesterone-acetate,False,0.0,,No metal,True
ly266097,92845961.0,0.020234905,-0.16539276,92845961,ly266097,False,0.0,,No metal,True
pf-06282999,71571306.0,-2.8836682,5.789656,71571306,pf-06282999,False,0.0,,No metal,True
etomidate,667484.0,-3.957631,4.983969,667484,etomidate,False,0.0,,No metal,True
tc-ntr1-17,44157038.0,2.2441478,1.7246478,44157038,tc-ntr1-17,False,0.0,,No metal,True
bendazol,12132.0,-0.57656944,-0.8136011,12132,bendazol,False,0.0,,No metal,True
abt-639,46851313.0,-2.4382126,4.6820755,46851313,abt-639,False,0.0,,No metal,True
fluprazine,71153.0,-0.199074,9.213921,71153,fluprazine,False,0.0,,No metal,True
ns-8593,11587013.0,-0.36665666,-0.61594766,11587013,ns-8593,False,0.0,,No metal,True
naloxone,5284596.0,-0.2687205,9.11068,5284596,naloxone,False,0.0,,No metal,True
kbg,92461199.0,-1.0650473,8.734829,92461199,kbg,False,0.0,,No metal,True
ly2334737,11646777.0,-0.019941287,8.211774,11646777,ly2334737,False,0.0,,No metal,True
thiamine-pyrophosphate,1132.0,14.715765,4.0000105,1132,thiamine-pyrophosphate,False,0.0,,No metal,True
daidzin,107971.0,-0.7238367,6.135838,107971,daidzin,False,0.0,,No metal,True
geranyl-farnesylacetate,5282182.0,1.5705394,6.423754,5282182,geranyl-farnesylacetate,False,0.0,,No metal,True
etazolate,3277.0,-2.6693177,5.431595,3277,etazolate,False,0.0,,No metal,True
t-62,855908.0,-3.7580688,4.7195783,855908,t-62,False,0.0,,No metal,True
4-aminohippuric-acid,2148.0,-1.2455258,9.346352,2148,4-aminohippuric-acid,False,0.0,,No metal,True
homoveratrylamine,8421.0,-0.51425356,10.331902,8421,homoveratrylamine,False,0.0,,No metal,True
benzoclidine,6928653.0,-0.31334603,10.393422,6928653,benzoclidine,False,0.0,,No metal,True
proglumetacin,76965948.0,1.6967132,2.7764711,76965948,proglumetacin,False,0.0,,No metal,True
dimercaptosuccinic-acid,2724354.0,2.7443812,9.198677,2724354,dimercaptosuccinic-acid,False,0.0,,No metal,True
isofloxythepin,969497.0,-2.8301537,4.2188144,969497,isofloxythepin,False,0.0,,No metal,True
velaresol,72162.0,-0.26043633,9.23944,72162,velaresol,False,0.0,,No metal,True
ningetinib-tosylate,60165029.0,2.2654724,2.5394182,60165029,ningetinib-tosylate,False,0.0,,No metal,True
nvp-bgj398,53235510.0,0.42745784,1.7306541,53235510,nvp-bgj398,False,0.0,,No metal,True
2-iminobiotin,135678104.0,2.3312469,8.782265,135678104,2-iminobiotin,False,0.0,,No metal,True
folic-acid,6037.0,-0.31740543,6.0594506,6037,folic-acid,False,0.0,,No metal,True
mepacrine,446536.0,0.69730467,0.20823702,446536,mepacrine,False,0.0,,No metal,True
hexachlorophene,3598.0,-3.1533384,4.084789,3598,hexachlorophene,False,0.0,,No metal,True
neratinib,9915743.0,2.0626109,1.9143583,9915743,neratinib,False,0.0,,No metal,True
"2,3-cis/exo-pinanediol",12518181.0,3.3268,8.728162,12518181,"2,3-cis/exo-pinanediol",False,0.0,,No metal,True
su3327,11837140.0,-2.611683,6.111045,11837140,su3327,False,0.0,,No metal,True
indiplon,6450813.0,3.4283407,1.586178,6450813,indiplon,False,0.0,,No metal,True
doripenem,73303.0,1.4217281,8.58494,73303,doripenem,False,0.0,,No metal,True
myricetin,5281672.0,-1.5863107,6.095878,5281672,myricetin,False,0.0,,No metal,True
omega-(4-iodophenyl)pentadecanoic-acid,123810.0,1.5589476,6.507767,123810,omega-(4-iodophenyl)pentadecanoic-acid,False,0.0,,No metal,True
ef5,389053.0,-0.28543496,9.076534,389053,ef5,False,0.0,,No metal,True
dipeptamin,7014883.0,2.182917,9.03406,7014883,dipeptamin,False,0.0,,No metal,True
danegaptide,16656685.0,-0.9477014,8.694782,16656685,danegaptide,False,0.0,,No metal,True
ingenol,442042.0,1.7596569,7.9989295,442042,ingenol,False,0.0,,No metal,True
npy-5ra972,9884833.0,-0.014891299,-0.45484915,9884833,npy-5ra972,False,0.0,,No metal,True
icomucret,5280724.0,1.615436,6.7041597,5280724,icomucret,False,0.0,,No metal,True
pinocembrin,68071.0,-3.5600932,5.6727667,68071,pinocembrin,False,0.0,,No metal,True
myristyl-nicotinate,531641.0,1.6434661,6.624958,531641,myristyl-nicotinate,False,0.0,,No metal,True
nebivolol,189562.0,-2.0209188,5.3583994,189562,nebivolol,False,0.0,,No metal,True
brl-15572,92844253.0,0.36476848,0.06376354,92844253,brl-15572,False,0.0,,No metal,True
asapiprant,59232326.0,0.067940764,1.6798079,59232326,asapiprant,False,0.0,,No metal,True
difloxacin,56206.0,-0.47346413,0.24691741,56206,difloxacin,False,0.0,,No metal,True
ogerin,56707820.0,-0.8470743,0.5991926,56707820,ogerin,False,0.0,,No metal,True
opipramol,9417.0,-2.5672567,4.4654794,9417,opipramol,False,0.0,,No metal,True
sobetirome,9862248.0,-2.709108,4.800199,9862248,sobetirome,False,0.0,,No metal,True
decamethonium,2968.0,16.298986,3.815325,2968,decamethonium,False,0.0,,No metal,True
sulfisomidin,5343.0,-2.9940825,6.1149583,5343,sulfisomidin,False,0.0,,No metal,True
banoxantrone,9955116.0,-1.2305391,5.627045,9955116,banoxantrone,False,0.0,,No metal,True
cenicriviroc,11285792.0,1.6187531,2.0488915,11285792,cenicriviroc,False,0.0,,No metal,True
10-debc,10521421.0,-3.1791189,4.000278,10521421,10-debc,False,0.0,,No metal,True
methenamine,4101.0,3.414248,8.750368,4101,methenamine,False,0.0,,No metal,True
panobinostat,6918837.0,-0.54307467,0.7069566,6918837,panobinostat,False,0.0,,No metal,True
tucidinostat,12136798.0,-0.44165525,0.8245575,12136798,tucidinostat,False,0.0,,No metal,True
beta-ccb,128618.0,-0.50494206,-0.5631205,128618,beta-ccb,False,0.0,,No metal,True
iproniazid,3748.0,-1.1146915,9.733224,3748,iproniazid,False,0.0,,No metal,True
talniflumate,25273599.0,0.09880436,0.59806883,25273599,talniflumate,False,0.0,,No metal,True
metenkephalin,73265283.0,-0.11801736,6.0190816,73265283,metenkephalin,False,0.0,,No metal,True
a-887826,46919335.0,0.40201482,1.2603192,46919335,a-887826,False,0.0,,No metal,True
cyclovirobuxin-d,260439.0,2.137444,7.2412853,260439,cyclovirobuxin-d,False,0.0,,No metal,True
antazoline,2200.0,-3.6340969,4.933381,2200,antazoline,False,0.0,,No metal,True
eb-47,53229989.0,-0.23211883,6.0786886,53229989,eb-47,False,0.0,,No metal,True
pepstatin,5478883.0,0.28454173,5.8162217,5478883,pepstatin,False,0.0,,No metal,True
ici-162846,134778.0,-0.4128582,8.612371,134778,ici-162846,False,0.0,,No metal,True
betamethasone-dipropionate,21800.0,1.0605028,7.371046,21800,betamethasone-dipropionate,False,0.0,,No metal,True
cadralazine,76968745.0,-0.2977663,8.499605,76968745,cadralazine,False,0.0,,No metal,True
eed226,123132228.0,3.1739664,1.8686625,123132228,eed226,False,0.0,,No metal,True
pirfenidone,40632.0,-4.4768205,5.2463427,40632,pirfenidone,False,0.0,,No metal,True
compound-58112,155931.0,0.19565873,10.04532,155931,compound-58112,False,0.0,,No metal,True
ridinilazole,16659285.0,2.8037128,2.6886148,16659285,ridinilazole,False,0.0,,No metal,True
jq1-(+),46907787.0,0.21996534,0.49201873,46907787,jq1-(+),False,0.0,,No metal,True
ly2606368,46700756.0,-0.535256,1.3865066,46700756,ly2606368,False,0.0,,No metal,True
tanespimycin,59996479.0,0.5464593,6.868244,59996479,tanespimycin,False,0.0,,No metal,True
bropirimine,135413497.0,-3.7512555,5.88927,135413497,bropirimine,False,0.0,,No metal,True
"cp-945,598",10052040.0,2.7173245,1.6642911,10052040,"cp-945,598",False,0.0,,No metal,True
compound-w,16760376.0,-0.083542325,1.2601926,16760376,compound-w,False,0.0,,No metal,True
sb-269970,6604889.0,0.21777765,9.107122,6604889,sb-269970,False,0.0,,No metal,True
bentiromide,6957673.0,-0.48490873,0.9743444,6957673,bentiromide,False,0.0,,No metal,True
ciluprevir,9853710.0,0.3782089,5.365661,9853710,ciluprevir,False,0.0,,No metal,True
fosfestrol,3032325.0,-1.6814915,5.2564197,3032325,fosfestrol,False,0.0,,No metal,True
lerisetron,65997.0,-0.68129534,-0.6027313,65997,lerisetron,False,0.0,,No metal,True
butylphthalide,9990075.0,-0.04468348,10.4425,9990075,butylphthalide,False,0.0,,No metal,True
azd5991,131634760.0,2.364365,2.6110878,131634760,azd5991,False,0.0,,No metal,True
ml347,44577753.0,2.8909698,2.6786978,44577753,ml347,False,0.0,,No metal,True
tulrampator,24857397.0,-0.6460387,0.32168573,24857397,tulrampator,False,0.0,,No metal,True
cgp-7930,5024764.0,0.39940166,9.894516,5024764,cgp-7930,False,0.0,,No metal,True
iox1,459617.0,-3.9801629,5.9765477,459617,iox1,False,0.0,,No metal,True
lidoflazine,3926.0,0.8936142,0.7122514,3926,lidoflazine,False,0.0,,No metal,True
maraviroc,,-1.852403,4.273777,,maraviroc,False,0.0,,No metal,True
orteronel,10335364.0,-0.84417945,-0.31114638,10335364,orteronel,False,0.0,,No metal,True
s26948,9958279.0,2.4986632,1.7363561,9958279,s26948,False,0.0,,No metal,True
bw-b70c,88473969.0,-2.7410433,4.9716153,88473969,bw-b70c,False,0.0,,No metal,True
propidium-iodide,4939.0,16.29211,3.8167076,4939,propidium-iodide,False,0.0,,No metal,True
jnj-1661010,2809273.0,-0.35424158,0.10949129,2809273,jnj-1661010,False,0.0,,No metal,True
lanatoside-c,73707447.0,0.8956131,5.3746686,73707447,lanatoside-c,False,0.0,,No metal,True
pyrazolanthrone,8515.0,-0.6938966,-0.7758063,8515,pyrazolanthrone,False,0.0,,No metal,True
ipsapirone,56971.0,-2.0315535,5.4197173,56971,ipsapirone,False,0.0,,No metal,True
loxoprofen,13049027.0,0.049446177,9.970439,13049027,loxoprofen,False,0.0,,No metal,True
cisapride,6917698.0,-1.5351821,5.0200195,6917698,cisapride,False,0.0,,No metal,True
ce3f4,73669656.0,0.33606586,10.129479,73669656,ce3f4,False,0.0,,No metal,True
taranabant,11226090.0,0.8529638,1.0322841,11226090,taranabant,False,0.0,,No metal,True
isosteviol,99514.0,2.7012436,7.4623003,99514,isosteviol,False,0.0,,No metal,True
pimodivir,67286591.0,-0.44415656,0.8108085,67286591,pimodivir,False,0.0,,No metal,True
sb-2343,46912230.0,-0.8554574,1.0358751,46912230,sb-2343,False,0.0,,No metal,True
venlafaxine,11846746.0,0.14638145,9.79281,11846746,venlafaxine,False,0.0,,No metal,True
cgm097,,0.899571,1.7488886,,cgm097,False,0.0,,No metal,True
e7046,56944705.0,0.46959046,1.0554668,56944705,e7046,False,0.0,,No metal,True
3-methyl-gaba,6604938.0,3.1823123,9.011259,6604938,3-methyl-gaba,False,0.0,,No metal,True
sulfachlorpyridazine,6634.0,-3.011704,6.1120696,6634,sulfachlorpyridazine,False,0.0,,No metal,True
lypressin,133588927.0,0.859693,5.0285144,133588927,lypressin,False,0.0,,No metal,True
faropenem,14659032.0,2.2897108,8.611638,14659032,faropenem,False,0.0,,No metal,True
flumethasone-pivalate,443980.0,1.2008758,7.5490556,443980,flumethasone-pivalate,False,0.0,,No metal,True
topiroxostat,5288320.0,-1.0676057,-0.035566356,5288320,topiroxostat,False,0.0,,No metal,True
felbinac-ethyl,26436.0,-3.903679,4.3985424,26436,felbinac-ethyl,False,0.0,,No metal,True
ml277,53347902.0,0.14664239,1.1138521,53347902,ml277,False,0.0,,No metal,True
valsartan,60846.0,0.24477017,1.286208,60846,valsartan,False,0.0,,No metal,True
azd1446,96568205.0,-0.5308024,10.216053,96568205,azd1446,False,0.0,,No metal,True
bupropion,688387.0,0.14968067,10.233067,688387,bupropion,False,0.0,,No metal,True
muscimol,4266.0,-1.3388125,10.1857605,4266,muscimol,False,0.0,,No metal,True
fosfosal,3418.0,-1.226109,9.31756,3418,fosfosal,False,0.0,,No metal,True
promethazine,89044377.0,-3.7926664,4.125299,89044377,promethazine,False,0.0,,No metal,True
go-6983,3499.0,3.0571165,1.5021024,3499,go-6983,False,0.0,,No metal,True
cetrorelix,25074887.0,1.0416454,4.776832,25074887,cetrorelix,False,0.0,,No metal,True
ncx-1015,9850209.0,0.3863498,6.802337,9850209,ncx-1015,False,0.0,,No metal,True
1-ebio,82320.0,-4.3977747,5.546726,82320,1-ebio,False,0.0,,No metal,True
dcc-2618,46208890.0,2.6782196,1.4346601,46208890,dcc-2618,False,0.0,,No metal,True
prednisone,5865.0,1.7916828,7.9368615,5865,prednisone,False,0.0,,No metal,True
ndt-9513727,10210160.0,1.9978528,2.3584557,10210160,ndt-9513727,False,0.0,,No metal,True
olmesartan,158781.0,2.6133056,1.8386289,158781,olmesartan,False,0.0,,No metal,True
besifloxacin,10178705.0,-2.5595071,5.194773,10178705,besifloxacin,False,0.0,,No metal,True
mavacamten,117761397.0,-3.3704624,5.5193424,117761397,mavacamten,False,0.0,,No metal,True
clorgiline,4380.0,0.39699858,9.767485,4380,clorgiline,False,0.0,,No metal,True
chlorindione,70846.0,-4.214083,4.5845423,70846,chlorindione,False,0.0,,No metal,True
pr-619,2817763.0,-0.6914651,9.145447,2817763,pr-619,False,0.0,,No metal,True
sulbentine,67686.0,-3.730695,4.1189547,67686,sulbentine,False,0.0,,No metal,True
rlx,78144.0,-4.411323,5.2188106,78144,rlx,False,0.0,,No metal,True
primidone,4909.0,-1.065163,9.858104,4909,primidone,False,0.0,,No metal,True
mitotane,6603772.0,-3.7568445,4.082613,6603772,mitotane,False,0.0,,No metal,True
primaquine,3044369.0,-3.358386,5.347282,3044369,primaquine,False,0.0,,No metal,True
arsanilic-acid,7389.0,-1.3031211,9.511222,7389,arsanilic-acid,False,0.0,,No metal,True
ku-55933,5278396.0,0.011595548,0.24819463,5278396,ku-55933,False,0.0,,No metal,True
tcs-359,1048845.0,-2.4161377,5.3397,1048845,tcs-359,False,0.0,,No metal,True
mk-8617,44230662.0,2.7209442,1.9543649,44230662,mk-8617,False,0.0,,No metal,True
cyt-997,11351021.0,0.19941966,1.3995919,11351021,cyt-997,False,0.0,,No metal,True
azd1981,11292191.0,0.2255057,0.084605835,11292191,azd1981,False,0.0,,No metal,True
threo-2-methylisocitrate-(dl),,0.24738668,6.3471117,,threo-2-methylisocitrate-(dl),True,6.0,Na,Contains metal,True
imiloxan,76966048.0,-4.0846744,5.135631,76966048,imiloxan,False,0.0,,No metal,True
acenocoumarol,54683745.0,-0.45942977,0.6346561,54683745,acenocoumarol,False,0.0,,No metal,True
cedrol,,3.1999772,7.8787394,,cedrol,False,0.0,,No metal,True
nifursol,9570327.0,-1.1796364,5.9335184,9570327,nifursol,False,0.0,,No metal,True
ab-423,90259477.0,-2.5492694,4.9610095,90259477,ab-423,False,0.0,,No metal,True
5-aminolevulinic-acid,7048523.0,2.8033664,9.110381,7048523,5-aminolevulinic-acid,False,0.0,,No metal,True
kaf-156,49856296.0,-0.12562726,0.48266062,49856296,kaf-156,False,0.0,,No metal,True
vatinoxan,163952.0,-2.1765745,5.5905685,163952,vatinoxan,False,0.0,,No metal,True
iodixanol,6604448.0,0.84583247,5.044526,6604448,iodixanol,False,0.0,,No metal,True
amyl-nitrite,129010055.0,3.1240962,8.877085,129010055,amyl-nitrite,False,0.0,,No metal,True
tc-g-1000,10220232.0,-4.273543,4.992346,10220232,tc-g-1000,False,0.0,,No metal,True
a205804,9839311.0,-0.5041673,-0.42026377,9839311,a205804,False,0.0,,No metal,True
ceftizoxim,6533629.0,-0.21854806,7.475761,6533629,ceftizoxim,False,0.0,,No metal,True
naftidrofuryl,12898282.0,-2.2469988,4.255168,12898282,naftidrofuryl,False,0.0,,No metal,True
cinromide,688145.0,-0.09442554,10.449913,688145,cinromide,False,0.0,,No metal,True
tilmicosin,16225190.0,0.8952049,5.586647,16225190,tilmicosin,False,0.0,,No metal,True
fasudil,3547.0,-3.570808,5.773456,3547,fasudil,False,0.0,,No metal,True
nvp-dpp728,9796290.0,-0.35993394,8.546221,9796290,nvp-dpp728,False,0.0,,No metal,True
terbinafine,1549008.0,-3.743106,4.0404325,1549008,terbinafine,False,0.0,,No metal,True
etofibrate,65777.0,-2.1974611,4.8262715,65777,etofibrate,False,0.0,,No metal,True
phtpp,11201035.0,3.4692032,1.0989618,11201035,phtpp,False,0.0,,No metal,True
mitoflaxone,55748.0,-0.69248766,-0.5528479,55748,mitoflaxone,False,0.0,,No metal,True
famciclovir,3324.0,-2.053713,5.8915505,3324,famciclovir,False,0.0,,No metal,True
enoxacin,3229.0,-2.8925567,5.945901,3229,enoxacin,False,0.0,,No metal,True
pik-293,53245636.0,2.9682074,2.5690827,53245636,pik-293,False,0.0,,No metal,True
a-803467,16038374.0,0.041333735,-0.06730175,16038374,a-803467,False,0.0,,No metal,True
sid-7969543,2149494.0,-0.31013295,1.3870447,2149494,sid-7969543,False,0.0,,No metal,True
donitriptan,197706.0,-0.65403444,0.9673379,197706,donitriptan,False,0.0,,No metal,True
albuterol,182176.0,-0.9758737,9.063791,182176,albuterol,False,0.0,,No metal,True
madecassoside,24825675.0,0.87254626,5.3161197,24825675,madecassoside,False,0.0,,No metal,True
cefamandole-nafate,5284527.0,-0.45026547,6.0755196,5284527,cefamandole-nafate,False,0.0,,No metal,True
cefonicid,43594.0,-0.20469125,6.1474614,43594,cefonicid,False,0.0,,No metal,True
imirestat,65673.0,-3.8634999,5.6054897,65673,imirestat,False,0.0,,No metal,True
a-769662,54708532.0,3.342462,1.7051878,54708532,a-769662,False,0.0,,No metal,True
cholecalciferol,5280795.0,2.065272,6.922695,5280795,cholecalciferol,False,0.0,,No metal,True
tibolone,124484332.0,2.796196,7.4762063,124484332,tibolone,False,0.0,,No metal,True
ulifloxacin,40490637.0,-2.8218243,5.76037,40490637,ulifloxacin,False,0.0,,No metal,True
oxiniacic-acid,16976.0,-1.1746095,10.430908,16976,oxiniacic-acid,False,0.0,,No metal,True
vlx1570,71523377.0,-1.8498701,4.6996107,71523377,vlx1570,False,0.0,,No metal,True
bw-348u87,9554761.0,-2.6667264,5.5928297,9554761,bw-348u87,False,0.0,,No metal,True
trifluoperazine,5566.0,-3.0376663,4.0971107,5566,trifluoperazine,False,0.0,,No metal,True
ccg-63808,5948316.0,2.7023425,2.7588708,5948316,ccg-63808,False,0.0,,No metal,True
naltrindole,5497186.0,-0.2089765,0.49012613,5497186,naltrindole,False,0.0,,No metal,True
pranidipine,29986494.0,-1.6060475,4.8972855,29986494,pranidipine,False,0.0,,No metal,True
flutrimazole,3401.0,3.5746539,1.1113074,3401,flutrimazole,False,0.0,,No metal,True
ceftiofur,6328657.0,-0.28599492,6.1011567,6328657,ceftiofur,False,0.0,,No metal,True
propafenone,184819.0,-2.1397839,4.7709117,184819,propafenone,False,0.0,,No metal,True
vidarabine,21704.0,-1.771072,6.592134,21704,vidarabine,False,0.0,,No metal,True
tozasertib,5494449.0,-0.07674035,1.6432745,5494449,tozasertib,False,0.0,,No metal,True
gf109203x,2396.0,3.2200844,1.4609711,2396,gf109203x,False,0.0,,No metal,True
hetacillin,443387.0,-0.1754585,8.754406,443387,hetacillin,False,0.0,,No metal,True
paroxetine,43815.0,-3.0557733,4.8094354,43815,paroxetine,False,0.0,,No metal,True
rx-821002,67743720.0,-0.61724305,9.699552,67743720,rx-821002,False,0.0,,No metal,True
perfluorohexyloctane,10477896.0,1.7760936,6.64175,10477896,perfluorohexyloctane,False,0.0,,No metal,True
stavudine,18283.0,-1.1228303,9.244333,18283,stavudine,False,0.0,,No metal,True
bibu-1361,17756796.0,0.16173087,1.1561985,17756796,bibu-1361,False,0.0,,No metal,True
6-benzylaminopurine,62389.0,-0.9803624,-0.27611965,62389,6-benzylaminopurine,False,0.0,,No metal,True
a-33903,6923850.0,-3.4221404,5.6718593,6923850,a-33903,False,0.0,,No metal,True
aminolevulinic-acid-benzyl-ester,9964521.0,-0.39524782,9.523646,9964521,aminolevulinic-acid-benzyl-ester,False,0.0,,No metal,True
kw-2449,11427553.0,-0.77871686,-0.101841025,11427553,kw-2449,False,0.0,,No metal,True
tiaramide,5469.0,-2.9458666,5.7253666,5469,tiaramide,False,0.0,,No metal,True
phenylacetylglutamine,92258.0,-0.56837314,8.647249,92258,phenylacetylglutamine,False,0.0,,No metal,True
metaraminol,5906.0,-1.2650944,9.514326,5906,metaraminol,False,0.0,,No metal,True
oxcarbazepine,34312.0,-4.0287614,5.330807,34312,oxcarbazepine,False,0.0,,No metal,True
pevonedistat,16720766.0,-0.5728995,1.3635216,16720766,pevonedistat,False,0.0,,No metal,True
acetylcholine,187.0,14.946769,4.316954,187,acetylcholine,False,0.0,,No metal,True
pyridoxal,1050.0,-1.1261581,9.613212,1050,pyridoxal,False,0.0,,No metal,True
salirasib,5469318.0,1.6097561,6.711538,5469318,salirasib,False,0.0,,No metal,True
cbipes,9864510.0,0.04012537,0.13582744,9864510,cbipes,False,0.0,,No metal,True
alprostadil,5280723.0,1.4841506,6.991249,5280723,alprostadil,False,0.0,,No metal,True
bml-284,11210285.0,-0.522343,0.96436805,11210285,bml-284,False,0.0,,No metal,True
ambroxol,,0.0799204,9.62302,,ambroxol,False,0.0,,No metal,True
thymol,6989.0,-0.2777146,10.805026,6989,thymol,False,0.0,,No metal,True
tropicamide,688595.0,-3.4212062,5.3058553,688595,tropicamide,False,0.0,,No metal,True
chloramphenicol,5959.0,-0.39310476,8.468002,5959,chloramphenicol,False,0.0,,No metal,True
glucaric-acid,33037.0,1.7822781,9.152907,33037,glucaric-acid,False,0.0,,No metal,True
emixustat,25221720.0,-0.027077442,9.57076,25221720,emixustat,False,0.0,,No metal,True
finasteride,57363.0,2.4765441,7.4856496,57363,finasteride,False,0.0,,No metal,True
acetophenazine,17676.0,-2.128901,4.670316,17676,acetophenazine,False,0.0,,No metal,True
xaliproden,128919.0,0.7410832,-0.11579733,128919,xaliproden,False,0.0,,No metal,True
hc-067047,2742550.0,0.84680265,0.6435269,2742550,hc-067047,False,0.0,,No metal,True
nps-2407,9948445.0,-0.47062746,-0.45405862,9948445,nps-2407,False,0.0,,No metal,True
benzyl-alcohol,244.0,-0.7528038,10.8495035,244,benzyl-alcohol,False,0.0,,No metal,True
methazolamide,4100.0,-1.0210775,9.073403,4100,methazolamide,False,0.0,,No metal,True
lobendazole,22752.0,-3.8065536,5.8850293,22752,lobendazole,False,0.0,,No metal,True
edaglitazone,76961439.0,2.5845637,1.5262394,76961439,edaglitazone,False,0.0,,No metal,True
clomesone,100651.0,2.458875,8.796593,100651,clomesone,False,0.0,,No metal,True
ezutromid,886736.0,-0.6096773,-0.3890413,886736,ezutromid,False,0.0,,No metal,True
impentamine,9793868.0,-1.0932903,9.865346,9793868,impentamine,False,0.0,,No metal,True
nifurtimox,6604371.0,-0.54411525,9.027627,6604371,nifurtimox,False,0.0,,No metal,True
pd-81723,122028.0,-3.7139552,4.635509,122028,pd-81723,False,0.0,,No metal,True
t-0156,5368.0,2.014429,2.3567333,5368,t-0156,False,0.0,,No metal,True
vu152100,864492.0,-0.7043163,0.1388604,864492,vu152100,False,0.0,,No metal,True
rapastinel,14539800.0,1.4110166,8.590878,14539800,rapastinel,False,0.0,,No metal,True
abarelix,16131215.0,1.0254105,4.792632,16131215,abarelix,False,0.0,,No metal,True
methysergide,9681.0,-3.0285633,5.4753118,9681,methysergide,False,0.0,,No metal,True
methylatropine-nitrate,,15.149479,4.1016817,,methylatropine-nitrate,False,0.0,,No metal,True
ne-100,9841596.0,-2.1859832,4.210966,9841596,ne-100,False,0.0,,No metal,True
y-27632,,-0.42425898,9.802187,,y-27632,False,0.0,,No metal,True
bithionol,2406.0,-3.290263,4.157539,2406,bithionol,False,0.0,,No metal,True
gne-7915,58539171.0,-1.7765622,5.232404,58539171,gne-7915,False,0.0,,No metal,True
cilnidipine,28248392.0,-1.23915,4.907453,28248392,cilnidipine,False,0.0,,No metal,True
chlorocresol,1732.0,-0.4529819,10.870355,1732,chlorocresol,False,0.0,,No metal,True
nemorexant,91801202.0,3.1995637,1.5423881,91801202,nemorexant,False,0.0,,No metal,True
lubiprostone,9800568.0,1.4484005,6.9808125,9800568,lubiprostone,False,0.0,,No metal,True
mibefradil,60663.0,0.7260836,1.1713842,60663,mibefradil,False,0.0,,No metal,True
satraplatin,,1.3938197,7.7213798,,satraplatin,True,1.0,Pt,Contains metal,True
11/01/2,16401161.0,0.34218252,5.949524,16401161,11/01/2,False,0.0,,No metal,True
irbesartan,3749.0,0.20953816,0.92825776,3749,irbesartan,False,0.0,,No metal,True
lsn-2463359,72551298.0,-3.7581143,5.4362164,72551298,lsn-2463359,False,0.0,,No metal,True
trofosfamide,9576166.0,2.8006687,8.246664,9576166,trofosfamide,False,0.0,,No metal,True
bephenium-hydroxynaphthoate,19667.0,15.231055,4.033928,19667,bephenium-hydroxynaphthoate,False,0.0,,No metal,True
remimazolam,9867812.0,0.09488351,0.3627204,9867812,remimazolam,False,0.0,,No metal,True
uprifosbuvir,117885113.0,-0.65254676,5.6291003,117885113,uprifosbuvir,False,0.0,,No metal,True
seladelpar,11236126.0,-1.7863897,4.399784,11236126,seladelpar,False,0.0,,No metal,True
captamine,25799.0,3.5156438,8.6275,25799,captamine,False,0.0,,No metal,True
rovazolac,89792952.0,0.13232939,0.55067515,89792952,rovazolac,False,0.0,,No metal,True
sam-315,10430623.0,3.337483,1.7513723,10430623,sam-315,False,0.0,,No metal,True
ly3295668,121333423.0,0.40054947,1.2259611,121333423,ly3295668,False,0.0,,No metal,True
tc-g-1004,25074316.0,-0.41101447,1.1876469,25074316,tc-g-1004,False,0.0,,No metal,True
elesclomol,300471.0,-2.4977107,5.3528757,300471,elesclomol,False,0.0,,No metal,True
dacarbazine,135398738.0,-1.0790575,9.401099,135398738,dacarbazine,False,0.0,,No metal,True
abx-1431,71657619.0,0.6317316,9.121298,71657619,abx-1431,False,0.0,,No metal,True
serdemetan,11609586.0,3.420712,1.2402486,11609586,serdemetan,False,0.0,,No metal,True
"2-hydroxy-4-((e)-3-(4-hydroxyphenyl)acryloyl)-2-((2r,3r,4s,5s,6r)-3,4,5-trihydroxy-6-(hydroxymethyl)tetrahydro-2h-pyran-2-yl)-6-((2s,3r,4r,5s,6r)-3,4,5-trihydroxy-6-(hydroxymethyl)tetrahydro-2h-pyran-2-yl)cyclohexane-1,3,5-trione",,0.44516325,6.1192822,,"2-hydroxy-4-((e)-3-(4-hydroxyphenyl)acryloyl)-2-((2r,3r,4s,5s,6r)-3,4,5-trihydroxy-6-(hydroxymethyl)tetrahydro-2h-pyran-2-yl)-6-((2s,3r,4r,5s,6r)-3,4,5-trihydroxy-6-(hydroxymethyl)tetrahydro-2h-pyran-2-yl)cyclohexane-1,3,5-trione",False,0.0,,No metal,True
daprodustat,24831508.0,-0.33130327,8.413241,24831508,daprodustat,False,0.0,,No metal,True
ephedrine-(racemic),7028.0,-1.3222297,10.123382,7028,ephedrine-(racemic),False,0.0,,No metal,True
l-690330,132449.0,-1.1584247,8.592823,132449,l-690330,False,0.0,,No metal,True
bmy-7378,2419.0,0.2221831,8.942494,2419,bmy-7378,False,0.0,,No metal,True
osilodrostat,44139752.0,-4.3997188,5.17222,44139752,osilodrostat,False,0.0,,No metal,True
tolazoline,5504.0,-0.6045048,10.721235,5504,tolazoline,False,0.0,,No metal,True
prt4165,207893.0,-4.2153025,5.2112093,207893,prt4165,False,0.0,,No metal,True
pf-06650833,118414016.0,-2.2670414,5.6138463,118414016,pf-06650833,False,0.0,,No metal,True
indirubin-3-monoxime,,-3.3995917,5.714934,,indirubin-3-monoxime,False,0.0,,No metal,True
gpp-78,44819697.0,2.6221669,1.3155828,44819697,gpp-78,False,0.0,,No metal,True
azd3264,91666658.0,-0.39756113,1.4059263,91666658,azd3264,False,0.0,,No metal,True
it1t,25147749.0,2.2219486,7.418915,25147749,it1t,False,0.0,,No metal,True
pentacosanoic-acid,10468.0,1.5005981,6.4038763,10468,pentacosanoic-acid,False,0.0,,No metal,True
sulfameter,5326.0,-2.6021812,6.222033,5326,sulfameter,False,0.0,,No metal,True
l-aspartic-acid,5960.0,2.6694481,9.260597,5960,l-aspartic-acid,False,0.0,,No metal,True
haloperidol-decanoate,52919.0,1.3727093,6.230006,52919,haloperidol-decanoate,False,0.0,,No metal,True
flumecinol,76961845.0,-3.864288,4.321385,76961845,flumecinol,False,0.0,,No metal,True
glpg0187,53340771.0,0.40204465,2.2432358,53340771,glpg0187,False,0.0,,No metal,True
cridanimod,38072.0,-0.72120327,-0.69958586,38072,cridanimod,False,0.0,,No metal,True
sodium-orthovanadate,417214.0,3.2039955,9.273595,417214,sodium-orthovanadate,True,1.0,V,Contains metal,True
sucralfate,,1.0914832,4.739307,,sucralfate,True,16.0,Al,Contains metal,True
as-1269574,5332859.0,-3.3892555,5.474539,5332859,as-1269574,False,0.0,,No metal,True
diazoxide,3019.0,-0.5635155,10.189884,3019,diazoxide,False,0.0,,No metal,True
monensin,441145.0,0.64237434,6.2933555,441145,monensin,False,0.0,,No metal,True
nvp-bez235,11977753.0,2.6362696,2.7153685,11977753,nvp-bez235,False,0.0,,No metal,True
amg-487,24957182.0,2.0651352,2.487285,24957182,amg-487,False,0.0,,No metal,True
am-24,11862.0,0.31455004,10.024912,11862,am-24,False,0.0,,No metal,True
pci-24781,11749858.0,-0.531562,1.138644,11749858,pci-24781,False,0.0,,No metal,True
gonadorelin,638793.0,1.0068159,4.810272,638793,gonadorelin,False,0.0,,No metal,True
chloramine-t,31388.0,-0.60348713,10.4711075,31388,chloramine-t,False,0.0,,No metal,True
docetaxel,148124.0,0.3755861,5.5134034,148124,docetaxel,False,0.0,,No metal,True
nppb,4549.0,-2.607667,5.1239386,4549,nppb,False,0.0,,No metal,True
silibinin,31553.0,-0.11984862,2.0597618,31553,silibinin,False,0.0,,No metal,True
tc-s-7009,70697712.0,-0.65446246,0.061558343,70697712,tc-s-7009,False,0.0,,No metal,True
amprolium,2178.0,15.122821,4.127787,2178,amprolium,False,0.0,,No metal,True
felbamate,3331.0,-0.7014209,9.225716,3331,felbamate,False,0.0,,No metal,True
nn-dnj,501640.0,2.03604,8.681692,501640,nn-dnj,False,0.0,,No metal,True
antagonist-g,163960.0,0.7346848,4.904508,163960,antagonist-g,False,0.0,,No metal,True
clofibric-acid,2797.0,-0.20197216,10.334718,2797,clofibric-acid,False,0.0,,No metal,True
rimantadine,7048786.0,3.4366868,8.092922,7048786,rimantadine,False,0.0,,No metal,True
dexamethasone-acetate,236702.0,1.3355546,7.678742,236702,dexamethasone-acetate,False,0.0,,No metal,True
carbenicillin,12877824.0,-0.3448635,8.353497,12877824,carbenicillin,False,0.0,,No metal,True
nitroflurbiprofen,67513161.0,-2.095054,4.5817747,67513161,nitroflurbiprofen,False,0.0,,No metal,True
azd6482,44137675.0,-0.5931832,1.0354946,44137675,azd6482,False,0.0,,No metal,True
lemborexant,56944144.0,-0.086335294,0.46232736,56944144,lemborexant,False,0.0,,No metal,True
rocuronium,441290.0,15.198601,4.0524197,441290,rocuronium,False,0.0,,No metal,True
pim-1-inhibitor-2,2765355.0,3.5690084,1.5223055,2765355,pim-1-inhibitor-2,False,0.0,,No metal,True
bendazac,2313.0,-0.6779531,-0.4708159,2313,bendazac,False,0.0,,No metal,True
d-7193,6995101.0,1.8819764,8.750843,6995101,d-7193,False,0.0,,No metal,True
aminosalicylate,4649.0,-1.3073721,9.503206,4649,aminosalicylate,False,0.0,,No metal,True
abt-072,57775240.0,-0.14371835,1.1299397,57775240,abt-072,False,0.0,,No metal,True
y-26763,121878.0,-0.5263079,9.180849,121878,y-26763,False,0.0,,No metal,True
6-chloromelatonin,1858.0,-3.6968875,5.382071,1858,6-chloromelatonin,False,0.0,,No metal,True
vu0361737,44191096.0,-3.8526971,5.0941467,44191096,vu0361737,False,0.0,,No metal,True
pf-04447943,135564558.0,-0.80301255,1.0351819,135564558,pf-04447943,False,0.0,,No metal,True
butylated-hydroxytoluene,31404.0,0.2969428,10.241839,31404,butylated-hydroxytoluene,False,0.0,,No metal,True
levobunolol,39468.0,-0.039798897,9.215663,39468,levobunolol,False,0.0,,No metal,True
sanazole,119163.0,-0.742506,9.082002,119163,sanazole,False,0.0,,No metal,True
ym-298198-desmethyl,11716890.0,-0.7655864,-0.102702536,11716890,ym-298198-desmethyl,False,0.0,,No metal,True
miocamycin,,0.87509215,5.58316,,miocamycin,False,0.0,,No metal,True
nitenpyram,3034287.0,-0.07448428,9.234233,3034287,nitenpyram,False,0.0,,No metal,True
oxiconazole,5353853.0,0.798876,-0.13026656,5353853,oxiconazole,False,0.0,,No metal,True
cort-108297,44454750.0,0.67745715,0.676006,44454750,cort-108297,False,0.0,,No metal,True
pp-1,1400.0,-0.7964567,-0.45906723,1400,pp-1,False,0.0,,No metal,True
nicaraven,1598447.0,-3.0285068,5.893691,1598447,nicaraven,False,0.0,,No metal,True
chlorphenoxamine,38988830.0,-3.5196717,4.0593195,38988830,chlorphenoxamine,False,0.0,,No metal,True
lb-100,11923097.0,2.5727515,8.814668,11923097,lb-100,False,0.0,,No metal,True
bromhexine,2442.0,0.5307201,9.788961,2442,bromhexine,False,0.0,,No metal,True
baclofen,6923772.0,-0.8350554,9.850291,6923772,baclofen,False,0.0,,No metal,True
mtpg,10752093.0,-2.6911395,6.3122168,10752093,mtpg,False,0.0,,No metal,True
azd7594,67041274.0,2.063825,1.8962587,67041274,azd7594,False,0.0,,No metal,True
coenzyme-q10,5281915.0,1.3657178,6.2655406,5281915,coenzyme-q10,False,0.0,,No metal,True
iowh032,135565181.0,2.470927,1.5357901,135565181,iowh032,False,0.0,,No metal,True
actinomycin-d,78357827.0,0.80168706,5.355363,78357827,actinomycin-d,False,0.0,,No metal,True
isobutamben,7176.0,-0.44999197,10.211,7176,isobutamben,False,0.0,,No metal,True
triamterene,5546.0,-1.1536132,0.34116265,5546,triamterene,False,0.0,,No metal,True
miconazole,1150344.0,0.78891855,-0.10021395,1150344,miconazole,False,0.0,,No metal,True
polaprezinc,,-1.0765063,8.651543,,polaprezinc,True,1.0,Zn,Contains metal,True
idf-11774,71542096.0,0.43855077,9.419724,71542096,idf-11774,False,0.0,,No metal,True
ru-24969,108029.0,-3.9810483,5.444768,108029,ru-24969,False,0.0,,No metal,True
nb-001,2815031.0,-2.432768,6.170351,2815031,nb-001,False,0.0,,No metal,True
azaperone,15443.0,-3.121955,4.428771,15443,azaperone,False,0.0,,No metal,True
tws-119,9549289.0,3.3933127,1.7469869,9549289,tws-119,False,0.0,,No metal,True
ssr240612,9853583.0,1.7615618,2.5085294,9853583,ssr240612,False,0.0,,No metal,True
enbucrilate,23087.0,3.237699,8.476226,23087,enbucrilate,False,0.0,,No metal,True
thiamine,1130.0,15.088958,4.1267967,1130,thiamine,False,0.0,,No metal,True
guancydine,14211.0,3.0135024,8.898449,14211,guancydine,False,0.0,,No metal,True
presatovir,58029842.0,-0.10976558,1.5857968,58029842,presatovir,False,0.0,,No metal,True
sumanirole,9818479.0,-4.036646,5.9513702,9818479,sumanirole,False,0.0,,No metal,True
vtp-27999,16126898.0,0.40709016,7.625525,16126898,vtp-27999,False,0.0,,No metal,True
dihydroxyacetone,670.0,3.0599184,9.2839575,670,dihydroxyacetone,False,0.0,,No metal,True
temanogrel,11604525.0,-0.16535318,1.0471603,11604525,temanogrel,False,0.0,,No metal,True
algestone-acetophenide,5284538.0,0.67308515,9.165984,5284538,algestone-acetophenide,False,0.0,,No metal,True
ml218,,0.62361926,9.596243,,ml218,False,0.0,,No metal,True
pivagabine,68888.0,2.9819477,8.6940565,68888,pivagabine,False,0.0,,No metal,True
methiopril,667560.0,2.6839743,8.469389,667560,methiopril,False,0.0,,No metal,True
eravacycline,,-0.10674863,6.7562604,,eravacycline,False,0.0,,No metal,True
cgk-733,92509770.0,0.5836223,1.268564,92509770,cgk-733,False,0.0,,No metal,True
sapropterin,135398654.0,-0.95550275,8.130211,135398654,sapropterin,False,0.0,,No metal,True
methyl-salicylate,4133.0,-0.89008516,10.459325,4133,methyl-salicylate,False,0.0,,No metal,True
bw-616u,11722381.0,-3.4481022,5.793718,11722381,bw-616u,False,0.0,,No metal,True
dichlorisone-acetate,5388959.0,1.7729719,7.543732,5388959,dichlorisone-acetate,False,0.0,,No metal,True
monobenzone,7638.0,-4.297229,5.0893106,7638,monobenzone,False,0.0,,No metal,True
lacitol,157355.0,0.27378273,6.428944,157355,lacitol,False,0.0,,No metal,True
tuaminoheptane,6992808.0,3.3661044,8.327172,6992808,tuaminoheptane,False,0.0,,No metal,True
secoisolariciresinol-(-),65373.0,-1.7468431,5.497643,65373,secoisolariciresinol-(-),False,0.0,,No metal,True
ritonavir,392622.0,1.7254574,2.66831,392622,ritonavir,False,0.0,,No metal,True
ochromycinone,11808929.0,-3.390528,5.101005,11808929,ochromycinone,False,0.0,,No metal,True
methyclothiazide,12309469.0,-0.65617204,8.762809,12309469,methyclothiazide,False,0.0,,No metal,True
phenethyl-isothiocyanate,16741.0,-0.31246206,10.704096,16741,phenethyl-isothiocyanate,False,0.0,,No metal,True
epz020411,,-1.5611684,4.958234,,epz020411,False,0.0,,No metal,True
"isoquinoline,-6,7-dimethoxy-1-methyl-1,2,3,4-tetrahydro,",164752.0,-0.35930976,10.235561,164752,"isoquinoline,-6,7-dimethoxy-1-methyl-1,2,3,4-tetrahydro,",False,0.0,,No metal,True
sipatrigine,60803.0,-2.9974005,4.9898095,60803,sipatrigine,False,0.0,,No metal,True
aptiganel,60840.0,-0.17619471,-0.48385772,60840,aptiganel,False,0.0,,No metal,True
ndd-094,10313324.0,-4.451316,5.3589344,10313324,ndd-094,False,0.0,,No metal,True
crizotinib-(s),56671814.0,0.23381719,0.771335,56671814,crizotinib-(s),False,0.0,,No metal,True
pd-123319,5311345.0,2.7257729,1.3959149,5311345,pd-123319,False,0.0,,No metal,True
tesaglitazar,208901.0,-1.6542057,5.015329,208901,tesaglitazar,False,0.0,,No metal,True
2-chloro-n6-cyclopentyladenosine,123807.0,-1.660264,6.08452,123807,2-chloro-n6-cyclopentyladenosine,False,0.0,,No metal,True
adl5859,11417954.0,-2.5493255,4.8898745,11417954,adl5859,False,0.0,,No metal,True
nsc-405020,879610.0,0.32173678,10.045553,879610,nsc-405020,False,0.0,,No metal,True
daptomycin,21585658.0,1.0512307,4.7586255,21585658,daptomycin,False,0.0,,No metal,True
nicodicosapent,50991753.0,1.3680001,6.4248466,50991753,nicodicosapent,False,0.0,,No metal,True
1-azakenpaullone,6538897.0,-0.49063352,-0.572896,6538897,1-azakenpaullone,False,0.0,,No metal,True
7-aminocephalosporanic-acid,7058093.0,2.172244,8.774189,7058093,7-aminocephalosporanic-acid,False,0.0,,No metal,True
ch-170,139570.0,-1.0749048,0.17266119,139570,ch-170,False,0.0,,No metal,True
pik-294,24905149.0,2.5392108,2.5987759,24905149,pik-294,False,0.0,,No metal,True
carglumic-acid,121396.0,2.291134,9.065099,121396,carglumic-acid,False,0.0,,No metal,True
crolibulin,23649181.0,-1.97602,5.4653573,23649181,crolibulin,False,0.0,,No metal,True
biotin,171548.0,2.6667104,8.721581,171548,biotin,False,0.0,,No metal,True
tetrahydropapaverine,688594.0,-2.5040646,4.6994944,688594,tetrahydropapaverine,False,0.0,,No metal,True
ro-5263397,56835991.0,-0.64228934,10.251519,56835991,ro-5263397,False,0.0,,No metal,True
procodazole,65708.0,-3.9036565,5.9276266,65708,procodazole,False,0.0,,No metal,True
piroximone,55263.0,-3.6987665,6.029401,55263,piroximone,False,0.0,,No metal,True
creatinine,588.0,3.2386785,9.218307,588,creatinine,False,0.0,,No metal,True
piperazine,4837.0,3.3382967,9.140774,4837,piperazine,False,0.0,,No metal,True
clanfenur,68684.0,-3.1587317,5.131449,68684,clanfenur,False,0.0,,No metal,True
pd-156707,9871594.0,0.2528857,1.7031714,9871594,pd-156707,False,0.0,,No metal,True
m-thp,,2.147178,2.5648794,,m-thp,False,0.0,,No metal,True
sorbic-acid,643460.0,3.5062435,8.481321,643460,sorbic-acid,False,0.0,,No metal,True
fleroxacin,40466912.0,-2.939858,5.371034,40466912,fleroxacin,False,0.0,,No metal,True
streptomycin,19649.0,0.48593456,6.143259,19649,streptomycin,False,0.0,,No metal,True
neuropathiazol,11667240.0,-0.015707301,-0.003391679,11667240,neuropathiazol,False,0.0,,No metal,True
irgd-peptide,,0.8463508,5.0883203,,irgd-peptide,False,0.0,,No metal,True
thioctic-acid,445125.0,3.0358517,8.297956,445125,thioctic-acid,False,0.0,,No metal,True
iopamidol,65492.0,-0.031487495,6.2821436,65492,iopamidol,False,0.0,,No metal,True
cyclizine,6726.0,-3.9073355,4.2699914,6726,cyclizine,False,0.0,,No metal,True
chlormezanone,6604211.0,-0.3787737,10.395571,6604211,chlormezanone,False,0.0,,No metal,True
co-102862,9816959.0,-3.3091528,5.509915,9816959,co-102862,False,0.0,,No metal,True
ethionamide,2761171.0,-0.6448021,10.599631,2761171,ethionamide,False,0.0,,No metal,True
netupitant,6451149.0,0.9002506,0.80070806,6451149,netupitant,False,0.0,,No metal,True
cefoperazone,44187.0,-0.12657273,6.0804896,44187,cefoperazone,False,0.0,,No metal,True
taltobulin,6918637.0,0.4322694,7.791157,6918637,taltobulin,False,0.0,,No metal,True
cenerimod,49871973.0,0.0983638,1.5543685,49871973,cenerimod,False,0.0,,No metal,True
sugammadex,,1.095676,4.732412,,sugammadex,False,0.0,,No metal,True
pd-160170,9820766.0,-0.4340826,0.5425406,9820766,pd-160170,False,0.0,,No metal,True
diosmetin,5281612.0,-1.0960615,0.29892638,5281612,diosmetin,False,0.0,,No metal,True
terameprocol,476861.0,-2.3921075,4.208072,476861,terameprocol,False,0.0,,No metal,True
secnidazole,667451.0,-0.8591652,9.543962,667451,secnidazole,False,0.0,,No metal,True
docebenone,1967.0,2.2809072,7.4554825,1967,docebenone,False,0.0,,No metal,True
azd7762,11152667.0,-2.5809543,5.67968,11152667,azd7762,False,0.0,,No metal,True
protriptyline,4976.0,-3.8378277,4.28942,4976,protriptyline,False,0.0,,No metal,True
pfk-158,71730058.0,-0.00024886054,-0.5320442,71730058,pfk-158,False,0.0,,No metal,True
pf-429242,23661637.0,-2.2215252,4.4200654,23661637,pf-429242,False,0.0,,No metal,True
deazaguanine,55710.0,-3.9449952,6.284717,55710,deazaguanine,False,0.0,,No metal,True
phenazopyridine,,-3.379292,6.0031667,,phenazopyridine,False,0.0,,No metal,True
bay-1895344,118869362.0,3.3158524,1.8290498,118869362,bay-1895344,False,0.0,,No metal,True
sennoside-protonated,,0.62618595,5.2497535,,sennoside-protonated,False,0.0,,No metal,True
2-deoxyglucose,9062.0,2.1927633,9.290015,9062,2-deoxyglucose,False,0.0,,No metal,True
liquiritin,503737.0,-1.243529,6.273867,503737,liquiritin,False,0.0,,No metal,True
spiradoline,55652.0,0.593711,9.488212,55652,spiradoline,False,0.0,,No metal,True
desoximetasone,5311067.0,2.0230916,7.7110944,5311067,desoximetasone,False,0.0,,No metal,True
gamma-linolenic-acid,5280933.0,1.8152664,6.5944967,5280933,gamma-linolenic-acid,False,0.0,,No metal,True
atenolol-(-),175540.0,-0.4954225,8.762985,175540,atenolol-(-),False,0.0,,No metal,True
trifluridine,6256.0,-1.0314618,8.666595,6256,trifluridine,False,0.0,,No metal,True
ro-48-6791,9953485.0,-0.14012988,0.9133257,9953485,ro-48-6791,False,0.0,,No metal,True
actinoquinol,23674.0,-3.566683,5.74158,23674,actinoquinol,False,0.0,,No metal,True
idebenone,3686.0,1.5286362,7.077878,3686,idebenone,False,0.0,,No metal,True
"trans-4-[8-(3-fluorophenyl)-1,7-naphthyridin-6-yl]cyclohexanecarboxylic-acid",9924539.0,-0.037081458,-0.32154188,9924539,"trans-4-[8-(3-fluorophenyl)-1,7-naphthyridin-6-yl]cyclohexanecarboxylic-acid",False,0.0,,No metal,True
paclitaxel,36314.0,0.39851812,5.455404,36314,paclitaxel,False,0.0,,No metal,True
vatalanib,151194.0,3.5199358,1.2584687,151194,vatalanib,False,0.0,,No metal,True
ro-48-8071,1949.0,-2.0361366,4.244103,1949,ro-48-8071,False,0.0,,No metal,True
levamlodipine,9822750.0,0.18444186,8.203175,9822750,levamlodipine,False,0.0,,No metal,True
myricitrin,5281673.0,-0.5267697,6.203698,5281673,myricitrin,False,0.0,,No metal,True
regorafenib,11167602.0,0.46839255,0.8881954,11167602,regorafenib,False,0.0,,No metal,True
tepoxalin,59757.0,0.048589423,0.12610894,59757,tepoxalin,False,0.0,,No metal,True
ceritinib,57379345.0,0.45913807,1.7952985,57379345,ceritinib,False,0.0,,No metal,True
retagliptin,44193830.0,-2.0490978,5.284474,44193830,retagliptin,False,0.0,,No metal,True
ro-25-6981,6604887.0,-2.7195356,4.6373053,6604887,ro-25-6981,False,0.0,,No metal,True
sb-705498,9910486.0,-2.776534,4.481271,9910486,sb-705498,False,0.0,,No metal,True
trovirdine,3000870.0,-3.3221986,5.3597865,3000870,trovirdine,False,0.0,,No metal,True
miriplatin,,16.275942,3.8237019,,miriplatin,True,1.0,Pt,Contains metal,True
amtolmetin-guacil,65655.0,-0.22652784,0.7234263,65655,amtolmetin-guacil,False,0.0,,No metal,True
tcid,2729042.0,0.32500896,10.166885,2729042,tcid,False,0.0,,No metal,True
abc-294640,,-3.0993629,4.1254454,,abc-294640,False,0.0,,No metal,True
daa-1106,10430788.0,0.5047953,0.24807766,10430788,daa-1106,False,0.0,,No metal,True
dydrogesterone,9051.0,2.7278147,7.45639,9051,dydrogesterone,False,0.0,,No metal,True
pirlindole,667444.0,-4.4251814,5.10932,667444,pirlindole,False,0.0,,No metal,True
mdl-27531,164013.0,-3.8018205,5.9132223,164013,mdl-27531,False,0.0,,No metal,True
nsc-319726,5351307.0,-0.469296,10.195102,5351307,nsc-319726,False,0.0,,No metal,True
sb-505124,9858940.0,-0.13546759,-0.31018668,9858940,sb-505124,False,0.0,,No metal,True
ecabapide,65885.0,-1.9234905,5.3890924,65885,ecabapide,False,0.0,,No metal,True
nh125,10436840.0,15.391265,3.8913603,10436840,nh125,False,0.0,,No metal,True
vigabatrin,40466946.0,3.083313,8.842227,40466946,vigabatrin,False,0.0,,No metal,True
alpha-methylhistamine-dihydrobromide-(r)-(-),156615.0,-1.3887019,10.162417,156615,alpha-methylhistamine-dihydrobromide-(r)-(-),False,0.0,,No metal,True
isotretinoin,5282379.0,2.4681845,7.3261695,5282379,isotretinoin,False,0.0,,No metal,True
pinacidil,12428581.0,-0.45657635,9.874833,12428581,pinacidil,False,0.0,,No metal,True
r-268712,11703284.0,3.354412,1.6134788,11703284,r-268712,False,0.0,,No metal,True
anagliptin,44513473.0,-2.0111253,5.828337,44513473,anagliptin,False,0.0,,No metal,True
3'-fluorobenzylspiperone,3248000.0,0.82071674,0.650109,3248000,3'-fluorobenzylspiperone,False,0.0,,No metal,True
benzocaine,2337.0,-0.791855,10.397683,2337,benzocaine,False,0.0,,No metal,True
alizapride,25323018.0,-2.7606237,5.7672424,25323018,alizapride,False,0.0,,No metal,True
halofuginone,456390.0,-2.3821025,5.502537,456390,halofuginone,False,0.0,,No metal,True
afloqualone,2040.0,-0.7376705,-0.57171786,2040,afloqualone,False,0.0,,No metal,True
hydrocortisone-acetate,5744.0,1.4203893,7.7252803,5744,hydrocortisone-acetate,False,0.0,,No metal,True
gamma-aminobutyric-acid,6992099.0,3.2420306,9.0361,6992099,gamma-aminobutyric-acid,False,0.0,,No metal,True
anacetrapib,11556427.0,1.0737636,1.0068493,11556427,anacetrapib,False,0.0,,No metal,True
apronal,76961142.0,3.0070946,8.722391,76961142,apronal,False,0.0,,No metal,True
uridine-triacetate,20058.0,-0.08682102,7.7319336,20058,uridine-triacetate,False,0.0,,No metal,True
azacyclonol,15723.0,-3.8617265,5.2855034,15723,azacyclonol,False,0.0,,No metal,True
og-l002,56639570.0,-3.970157,5.4255953,56639570,og-l002,False,0.0,,No metal,True
ddr1-in-1,72836888.0,0.6572477,1.447526,72836888,ddr1-in-1,False,0.0,,No metal,True
nilutamide,4493.0,-0.12973316,9.236726,4493,nilutamide,False,0.0,,No metal,True
talopram,76958671.0,-3.5715292,4.431731,76958671,talopram,False,0.0,,No metal,True
urethane,5641.0,3.4233274,8.900647,5641,urethane,False,0.0,,No metal,True
gsk2193874,53464483.0,1.6268556,1.7015299,53464483,gsk2193874,False,0.0,,No metal,True
psi-697,12004316.0,0.036183078,-0.087635756,12004316,psi-697,False,0.0,,No metal,True
oligomycin-a,133268482.0,0.7400394,5.7692914,133268482,oligomycin-a,False,0.0,,No metal,True
incb-003284,11527661.0,-1.2326993,5.153081,11527661,incb-003284,False,0.0,,No metal,True
limki-3,56965901.0,0.5281063,0.3524972,56965901,limki-3,False,0.0,,No metal,True
trimetazidine,21109.0,-0.26750696,9.40231,21109,trimetazidine,False,0.0,,No metal,True
enocitabine,71734.0,0.8584625,6.174433,71734,enocitabine,False,0.0,,No metal,True
merbromin,,-1.3624245,4.524755,,merbromin,True,1.0,Hg,Contains metal,True
a-582941,44190553.0,-3.8415492,5.1109033,44190553,a-582941,False,0.0,,No metal,True
edasalonexent,44626120.0,1.3549007,6.364699,44626120,edasalonexent,False,0.0,,No metal,True
zibotentan,9910224.0,2.753989,1.9746381,9910224,zibotentan,False,0.0,,No metal,True
kn-62,5312126.0,1.9376501,2.5337784,5312126,kn-62,False,0.0,,No metal,True
palovarotene,10295295.0,0.79984057,0.32248753,10295295,palovarotene,False,0.0,,No metal,True
bisindolylmaleimide-ix,5083.0,3.0077524,1.5497546,5083,bisindolylmaleimide-ix,False,0.0,,No metal,True
sb-649868,25195495.0,2.833973,1.2825625,25195495,sb-649868,False,0.0,,No metal,True
temocapril,443874.0,-1.3089019,5.1703343,443874,temocapril,False,0.0,,No metal,True
acemetacin,1981.0,-0.2424667,0.580011,1981,acemetacin,False,0.0,,No metal,True
nnc-55-0396,9957280.0,0.8596633,1.0080577,9957280,nnc-55-0396,False,0.0,,No metal,True
cp-339818,,0.33474687,-0.43746012,,cp-339818,False,0.0,,No metal,True
pf-05089771,46840946.0,2.540738,1.7192329,46840946,pf-05089771,False,0.0,,No metal,True
btk-in-1,68064155.0,-0.57150555,0.8476762,68064155,btk-in-1,False,0.0,,No metal,True
acyclovir,135398513.0,-2.265692,6.450851,135398513,acyclovir,False,0.0,,No metal,True
sulfacetamide,5320.0,-1.0831867,9.39867,5320,sulfacetamide,False,0.0,,No metal,True
blu9931,72710839.0,2.4433901,1.4431902,72710839,blu9931,False,0.0,,No metal,True
repaglinide,65981.0,-1.716891,4.4932323,65981,repaglinide,False,0.0,,No metal,True
sy-640,9837165.0,-0.44191855,10.480667,9837165,sy-640,False,0.0,,No metal,True
ast-1306,24739943.0,2.764881,1.2527612,24739943,ast-1306,False,0.0,,No metal,True
etofylline,1892.0,-3.6100023,6.4076867,1892,etofylline,False,0.0,,No metal,True
ml281,53377448.0,3.3470614,1.3192956,53377448,ml281,False,0.0,,No metal,True
caramiphen,6472.0,0.46662858,9.416447,6472,caramiphen,False,0.0,,No metal,True
g007-lk,67960134.0,2.4550917,2.482071,67960134,g007-lk,False,0.0,,No metal,True
t-0901317,447912.0,-2.3703837,4.1921334,447912,t-0901317,False,0.0,,No metal,True
l-valine,71563.0,3.2822292,9.046966,71563,l-valine,False,0.0,,No metal,True
heptaminol,7033975.0,3.065475,8.747547,7033975,heptaminol,False,0.0,,No metal,True
adaprev,439284.0,1.7626652,9.106644,439284,adaprev,False,0.0,,No metal,True
chloroxylenol,2723.0,-0.36085233,10.855325,2723,chloroxylenol,False,0.0,,No metal,True
dhbp,80263.0,16.294016,3.8172758,80263,dhbp,False,0.0,,No metal,True
3-hydroxy-3-phenylpentanamide,101592120.0,-1.0430412,9.807432,101592120,3-hydroxy-3-phenylpentanamide,False,0.0,,No metal,True
fosinopril,6708482.0,0.92907804,6.2675414,6708482,fosinopril,False,0.0,,No metal,True
rp-001,58344861.0,-0.0046597207,1.3890058,58344861,rp-001,False,0.0,,No metal,True
menbutone,71818.0,-3.6536567,5.04916,71818,menbutone,False,0.0,,No metal,True
tak-715,9952773.0,3.3298416,1.0793748,9952773,tak-715,False,0.0,,No metal,True
ribostamycin-sulfate,,0.43820462,6.1692166,,ribostamycin-sulfate,False,0.0,,No metal,True
cp-547632,9811611.0,-1.192653,5.0704627,9811611,cp-547632,False,0.0,,No metal,True
ngp555,46853593.0,3.301569,1.0444126,46853593,ngp555,False,0.0,,No metal,True
diclazuril,25273624.0,-0.25643823,0.1981671,25273624,diclazuril,False,0.0,,No metal,True
a-839977,53325875.0,3.166666,1.3654749,53325875,a-839977,False,0.0,,No metal,True
psn-375963,2875918.0,-3.31466,4.21092,2875918,psn-375963,False,0.0,,No metal,True
ku-60019,15953870.0,0.21097443,1.6290647,15953870,ku-60019,False,0.0,,No metal,True
benzyldimethylhexadecylammonium,31203.0,15.397663,3.8882384,31203,benzyldimethylhexadecylammonium,False,0.0,,No metal,True
cypermethrin,12617361.0,-2.4688172,4.1290255,12617361,cypermethrin,False,0.0,,No metal,True
sj-172550,1317464.0,-2.0093176,4.617569,1317464,sj-172550,False,0.0,,No metal,True
hydroxystilbamidine,5284571.0,-2.647529,5.8191247,5284571,hydroxystilbamidine,False,0.0,,No metal,True
ufenamate,5632.0,-3.0276291,4.1181197,5632,ufenamate,False,0.0,,No metal,True
priralfinamide,5745207.0,-3.091512,5.369366,5745207,priralfinamide,False,0.0,,No metal,True
nitroxoline,19910.0,-4.044179,5.8558917,19910,nitroxoline,False,0.0,,No metal,True
wz4003,72200024.0,0.2556258,1.578856,72200024,wz4003,False,0.0,,No metal,True
neostigmine,4456.0,15.111949,4.1490836,4456,neostigmine,False,0.0,,No metal,True
rimegepant,51049968.0,2.716386,1.6161339,51049968,rimegepant,False,0.0,,No metal,True
5-iodo-a-85380,6604876.0,-0.4184184,10.150029,6604876,5-iodo-a-85380,False,0.0,,No metal,True
du-728,107775.0,0.2669175,6.3550863,107775,du-728,False,0.0,,No metal,True
d-(+)-maltose,6255.0,0.2845664,6.481748,6255,d-(+)-maltose,False,0.0,,No metal,True
sch-221510,,0.7402252,0.033567123,,sch-221510,False,0.0,,No metal,True
sulopenem,9950244.0,2.0264077,8.511468,9950244,sulopenem,False,0.0,,No metal,True
am679,44627267.0,1.9515327,2.414301,44627267,am679,False,0.0,,No metal,True
ibuprofen-(s),39912.0,0.037092816,10.338539,39912,ibuprofen-(s),False,0.0,,No metal,True
tp-003,10001434.0,3.4696045,1.1837362,10001434,tp-003,False,0.0,,No metal,True
fludarabine-phosphate,30751.0,-1.5787414,6.557679,30751,fludarabine-phosphate,False,0.0,,No metal,True
trimethylolpropane-triacrylate,27423.0,0.58808213,8.704287,27423,trimethylolpropane-triacrylate,False,0.0,,No metal,True
isocarboxazid,3759.0,-3.440828,5.923783,3759,isocarboxazid,False,0.0,,No metal,True
teprenone,5282199.0,1.757515,6.5544467,5282199,teprenone,False,0.0,,No metal,True
marbofloxacin,60651.0,-2.894881,5.739093,60651,marbofloxacin,False,0.0,,No metal,True
alvespimycin,59996481.0,0.45760372,6.7446136,59996481,alvespimycin,False,0.0,,No metal,True
ici-89406,92211532.0,-1.7823069,5.5199547,92211532,ici-89406,False,0.0,,No metal,True
cabotegravir,54713659.0,-2.2751038,5.724686,54713659,cabotegravir,False,0.0,,No metal,True
safranal,61041.0,3.4757075,8.124151,61041,safranal,False,0.0,,No metal,True
zofenopril-calcium,92400.0,-2.0061402,4.588527,92400,zofenopril-calcium,False,0.0,,No metal,True
sb-747651a,11393719.0,-0.7900115,1.2179016,11393719,sb-747651a,False,0.0,,No metal,True
am-251,2125.0,0.6375423,0.4134982,2125,am-251,False,0.0,,No metal,True
semustine,124202178.0,2.9124856,8.660163,124202178,semustine,False,0.0,,No metal,True
fesoterodine,6918558.0,-1.958858,4.3111362,6918558,fesoterodine,False,0.0,,No metal,True
oxyfedrine,5489013.0,-2.565876,5.0810046,5489013,oxyfedrine,False,0.0,,No metal,True
amperozide,73333.0,-2.7174404,4.2928505,73333,amperozide,False,0.0,,No metal,True
meglitinide,41214.0,-2.810148,5.214683,41214,meglitinide,False,0.0,,No metal,True
fipexide,3351.0,-2.482061,4.6412487,3351,fipexide,False,0.0,,No metal,True
homidium,3624.0,15.255516,3.9885638,3624,homidium,False,0.0,,No metal,True
anthralin,2202.0,-3.7780123,5.7780566,2202,anthralin,False,0.0,,No metal,True
cx-5461,25257557.0,2.6276002,2.483231,25257557,cx-5461,False,0.0,,No metal,True
etofenamate,35375.0,-2.0728693,4.7751036,35375,etofenamate,False,0.0,,No metal,True
olvanil,5311093.0,1.4321306,6.4152894,5311093,olvanil,False,0.0,,No metal,True
lcq908,,0.6752427,0.77410334,,lcq908,False,0.0,,No metal,True
pf-04418948,25114442.0,-0.037743885,0.31018028,25114442,pf-04418948,False,0.0,,No metal,True
benzylpenicillin,5904.0,-0.26236725,8.825619,5904,benzylpenicillin,False,0.0,,No metal,True
bix-02188,,-0.1933196,0.8225017,,bix-02188,False,0.0,,No metal,True
npc-15199,1549477.0,-2.6278796,4.870361,1549477,npc-15199,False,0.0,,No metal,True
lappaconite,90479327.0,0.37372157,6.775108,90479327,lappaconite,False,0.0,,No metal,True
daunorubicin,30323.0,-0.24119255,6.2352405,30323,daunorubicin,False,0.0,,No metal,True
ifenprodil,6604117.0,-2.9013097,4.8318105,6604117,ifenprodil,False,0.0,,No metal,True
eletriptan,77993.0,0.10960203,0.06672823,77993,eletriptan,False,0.0,,No metal,True
bix-01294,25150857.0,0.20438066,1.4241276,25150857,bix-01294,False,0.0,,No metal,True
leonurine,161464.0,-0.3530809,8.317599,161464,leonurine,False,0.0,,No metal,True
roscovitine,160355.0,-0.45049515,1.058148,160355,roscovitine,False,0.0,,No metal,True
dolasetron,,-3.246797,5.1797814,,dolasetron,False,0.0,,No metal,True
asp-2535,9800113.0,2.889788,2.6696174,9800113,asp-2535,False,0.0,,No metal,True
cgp-12177,76962943.0,-2.7162168,5.889213,76962943,cgp-12177,False,0.0,,No metal,True
cym-50769,50904505.0,3.3676505,1.1264772,50904505,cym-50769,False,0.0,,No metal,True
dabrafenib,44462760.0,2.4676762,1.6019837,44462760,dabrafenib,False,0.0,,No metal,True
cefotaxime,5742673.0,-0.21077268,6.692653,5742673,cefotaxime,False,0.0,,No metal,True
geniposidic-acid,443354.0,1.3700337,8.584376,443354,geniposidic-acid,False,0.0,,No metal,True
sklb1002,71461003.0,-0.62466156,0.3268059,71461003,sklb1002,False,0.0,,No metal,True
tc-o-9311,3376937.0,-0.427771,0.58739364,3376937,tc-o-9311,False,0.0,,No metal,True
gatifloxacin,6971135.0,-2.3215225,5.529139,6971135,gatifloxacin,False,0.0,,No metal,True
yc-1,5712.0,3.6036015,1.3568044,5712,yc-1,False,0.0,,No metal,True
lobeline,101616.0,-2.8662097,4.3057,101616,lobeline,False,0.0,,No metal,True
amg-925,,2.8415601,1.7689958,,amg-925,False,0.0,,No metal,True
oglufanide,100094.0,-2.068223,5.9979076,100094,oglufanide,False,0.0,,No metal,True
perfluorodecalin,9386.0,2.5981317,7.4054527,9386,perfluorodecalin,False,0.0,,No metal,True
ulipristal,130904.0,0.70591336,8.403518,130904,ulipristal,False,0.0,,No metal,True
a-939572,24905400.0,-2.6482139,4.8789487,24905400,a-939572,False,0.0,,No metal,True
bronopol,2450.0,2.72641,9.119862,2450,bronopol,False,0.0,,No metal,True
lh846,851474.0,-0.17604786,-0.55486226,851474,lh846,False,0.0,,No metal,True
cgp-13501,3519541.0,0.5563288,9.769409,3519541,cgp-13501,False,0.0,,No metal,True
rosamicin,,0.4923042,6.907691,,rosamicin,False,0.0,,No metal,True
kb-src-4,73349077.0,2.3960402,2.645319,73349077,kb-src-4,False,0.0,,No metal,True
tandutinib,3038522.0,0.50866365,1.8461559,3038522,tandutinib,False,0.0,,No metal,True
pruvanserin,6433122.0,-0.27076006,0.10810551,6433122,pruvanserin,False,0.0,,No metal,True
gestrinone,27812.0,2.76934,7.475076,27812,gestrinone,False,0.0,,No metal,True
cathepsin-inhibitor-1,44224135.0,-2.1462088,5.286305,44224135,cathepsin-inhibitor-1,False,0.0,,No metal,True
bevirimat-dimeglumine,457928.0,1.7870306,6.9549675,457928,bevirimat-dimeglumine,False,0.0,,No metal,True
o-mercapto-benzoic-acid,5443.0,-1.370667,10.130823,5443,o-mercapto-benzoic-acid,False,0.0,,No metal,True
bifendate,108213.0,-1.7356664,5.449885,108213,bifendate,False,0.0,,No metal,True
az3146,56973724.0,-0.12322976,1.2579314,56973724,az3146,False,0.0,,No metal,True
dalargin,,0.4109355,5.6283684,,dalargin,False,0.0,,No metal,True
devazepide,443375.0,3.422997,1.4520987,443375,devazepide,False,0.0,,No metal,True
mebendazole,4030.0,-0.8623278,-0.07207689,4030,mebendazole,False,0.0,,No metal,True
chloramphenicol-palmitate,443382.0,1.0697818,6.232501,443382,chloramphenicol-palmitate,False,0.0,,No metal,True
ondansetron,667538.0,-0.54047304,-0.7659269,667538,ondansetron,False,0.0,,No metal,True
asciminib,72165228.0,-0.3417096,1.1888622,72165228,asciminib,False,0.0,,No metal,True
basimglurant,11438771.0,-0.32876134,-0.79815984,11438771,basimglurant,False,0.0,,No metal,True
adenosine,60961.0,-1.7710423,6.6045,60961,adenosine,False,0.0,,No metal,True
perflubron,9873.0,2.1341379,6.993169,9873,perflubron,False,0.0,,No metal,True
ami-1,67254.0,2.2255762,1.9196627,67254,ami-1,False,0.0,,No metal,True
mebhydrolin,22530.0,-0.42060205,-0.8327125,22530,mebhydrolin,False,0.0,,No metal,True
apatinib,11315474.0,0.0778237,0.89578867,11315474,apatinib,False,0.0,,No metal,True
letrazuril,76959723.0,-0.34617805,0.21780226,76959723,letrazuril,False,0.0,,No metal,True
olmutinib,54758501.0,2.4582093,1.6507155,54758501,olmutinib,False,0.0,,No metal,True
gramicidin,45479317.0,1.034822,4.785944,45479317,gramicidin,False,0.0,,No metal,True
tyrphostin-ag-825,6091659.0,-0.34224674,1.161562,6091659,tyrphostin-ag-825,False,0.0,,No metal,True
fananserin,60785.0,0.12912676,0.23808126,60785,fananserin,False,0.0,,No metal,True
ibrutinib,24821094.0,3.0052845,1.579707,24821094,ibrutinib,False,0.0,,No metal,True
cilostazol,2754.0,-2.1718776,4.781899,2754,cilostazol,False,0.0,,No metal,True
teroxirone,11197252.0,-0.7634833,9.027763,11197252,teroxirone,False,0.0,,No metal,True
cyclandelate,41097974.0,0.21307944,9.911994,41097974,cyclandelate,False,0.0,,No metal,True
pranlukast,4887.0,2.4184642,2.5361814,4887,pranlukast,False,0.0,,No metal,True
k-ras(g12c)-inhibitor-12,73555129.0,-0.047409035,8.885515,73555129,k-ras(g12c)-inhibitor-12,False,0.0,,No metal,True
c646,2871948.0,0.10760671,1.1680255,2871948,c646,False,0.0,,No metal,True
floctafenine,76958517.0,-0.387996,1.083003,76958517,floctafenine,False,0.0,,No metal,True
sag,,3.0604331,1.0813243,,sag,False,0.0,,No metal,True
cinoxate,5373773.0,0.1735503,9.4329,5373773,cinoxate,False,0.0,,No metal,True
alpha-methylhistamine-dihydrobromide-(s)-(+),6603865.0,-1.3852271,10.171672,6603865,alpha-methylhistamine-dihydrobromide-(s)-(+),False,0.0,,No metal,True
eleclazine,71183216.0,0.09640456,0.35399628,71183216,eleclazine,False,0.0,,No metal,True
eltanexor,117763569.0,-0.4111341,0.5761068,117763569,eltanexor,False,0.0,,No metal,True
pd-168393,4708.0,-0.14943218,-0.04536574,4708,pd-168393,False,0.0,,No metal,True
ro-10-5824,16759175.0,-3.5032914,5.111077,16759175,ro-10-5824,False,0.0,,No metal,True
sc-19220,4336830.0,-3.3996608,5.2440696,4336830,sc-19220,False,0.0,,No metal,True
hyperin,5742688.0,-0.46026725,6.1924534,5742688,hyperin,False,0.0,,No metal,True
mesalazine,4075.0,-1.3099271,9.525808,4075,mesalazine,False,0.0,,No metal,True
sufugolix,3038517.0,2.0984244,2.520821,3038517,sufugolix,False,0.0,,No metal,True
cinflumide,6434871.0,-0.27534026,10.56662,6434871,cinflumide,False,0.0,,No metal,True
pocapavir,1455.0,0.8450038,-0.048695087,1455,pocapavir,False,0.0,,No metal,True
gastrodin,115067.0,-0.9134978,8.135189,115067,gastrodin,False,0.0,,No metal,True
azd3463,56599293.0,2.6826463,1.6180106,56599293,azd3463,False,0.0,,No metal,True
stf-31,984333.0,0.05264005,0.6859271,984333,stf-31,False,0.0,,No metal,True
4-chlorophenylguanidine,2757788.0,-1.2863667,10.010122,2757788,4-chlorophenylguanidine,False,0.0,,No metal,True
ethopabate,6034.0,-0.40185478,9.659921,6034,ethopabate,False,0.0,,No metal,True
leteprinim,135409548.0,-0.8890525,0.7897526,135409548,leteprinim,False,0.0,,No metal,True
tcs-5861528,1116244.0,-0.66124356,0.33408174,1116244,tcs-5861528,False,0.0,,No metal,True
tedizolid-phosphate,11476460.0,-0.5766221,1.4720604,11476460,tedizolid-phosphate,False,0.0,,No metal,True
biapenem,71340.0,14.960446,4.2001157,71340,biapenem,False,0.0,,No metal,True
mk-571,14325224.0,0.8072036,1.1844257,14325224,mk-571,False,0.0,,No metal,True
ly320135,5311257.0,3.2750864,1.2656909,5311257,ly320135,False,0.0,,No metal,True
mk-2048,54698642.0,-0.6744737,0.86585337,54698642,mk-2048,False,0.0,,No metal,True
ap26113,57390074.0,0.36333016,1.6176702,57390074,ap26113,False,0.0,,No metal,True
silymarin,11059920.0,-0.10276536,2.0612357,11059920,silymarin,False,0.0,,No metal,True
dimemorfan,3037918.0,0.35897085,10.199842,3037918,dimemorfan,False,0.0,,No metal,True
taltirelin,114750.0,-0.4230208,7.898441,114750,taltirelin,False,0.0,,No metal,True
pirmenol,76962234.0,-2.9336874,4.2654696,76962234,pirmenol,False,0.0,,No metal,True
dh-97,3467177.0,0.6161874,0.0071228975,3467177,dh-97,False,0.0,,No metal,True
me0328,136229577.0,-0.7168808,-0.11978126,136229577,me0328,False,0.0,,No metal,True
cgp-60474,644215.0,-0.4400485,0.96035385,644215,cgp-60474,False,0.0,,No metal,True
darapladib,9939609.0,1.6504266,1.8687882,9939609,darapladib,False,0.0,,No metal,True
fk-888,107967.0,2.3811858,2.4711676,107967,fk-888,False,0.0,,No metal,True
fludroxycortide,15209.0,1.3471234,7.667481,15209,fludroxycortide,False,0.0,,No metal,True
ebselen,3194.0,-0.619834,-0.79938555,3194,ebselen,False,0.0,,No metal,True
cloprostenol-(+/-),5311053.0,0.36447355,7.8491325,5311053,cloprostenol-(+/-),False,0.0,,No metal,True
tavaborole,11499245.0,-1.0709366,10.5675,11499245,tavaborole,False,0.0,,No metal,True
vu0364770,836002.0,-4.2490187,5.133545,836002,vu0364770,False,0.0,,No metal,True
l-mimosine,129010056.0,2.3710287,9.069994,129010056,l-mimosine,False,0.0,,No metal,True
wr99210,121750.0,0.20676363,8.395109,121750,wr99210,False,0.0,,No metal,True
dehydroepiandrosterone,5881.0,2.8143704,7.490245,5881,dehydroepiandrosterone,False,0.0,,No metal,True
trim,1359.0,-4.4591064,5.0721645,1359,trim,False,0.0,,No metal,True
sulindac,16046677.0,-3.1572127,4.2662253,16046677,sulindac,False,0.0,,No metal,True
gpr120-modulator-1,25017320.0,0.13723625,0.3480774,25017320,gpr120-modulator-1,False,0.0,,No metal,True
octodrine,6989209.0,3.3412461,8.298319,6989209,octodrine,False,0.0,,No metal,True
oseltamivir-carboxylate,449381.0,2.1345289,8.618384,449381,oseltamivir-carboxylate,False,0.0,,No metal,True
carmustine,59087767.0,2.8502069,8.960513,59087767,carmustine,False,0.0,,No metal,True
pentylenetetrazol,5917.0,-1.0263805,10.559265,5917,pentylenetetrazol,False,0.0,,No metal,True
cgp-55845,5311042.0,-2.4022791,4.8854284,5311042,cgp-55845,False,0.0,,No metal,True
frovatriptan,77992.0,-3.8206637,5.9925237,77992,frovatriptan,False,0.0,,No metal,True
wwl-113,17759482.0,2.710189,1.2621651,17759482,wwl-113,False,0.0,,No metal,True
tecadenoson,158795.0,-1.6517117,6.4991937,158795,tecadenoson,False,0.0,,No metal,True
alaproclate,23622192.0,-0.0013547464,9.891537,23622192,alaproclate,False,0.0,,No metal,True
preclamol,202478.0,0.099107824,10.308333,202478,preclamol,False,0.0,,No metal,True
danofloxacin,71335.0,-2.9948523,5.372776,71335,danofloxacin,False,0.0,,No metal,True
pelrinone,135413516.0,-3.035375,6.1754675,135413516,pelrinone,False,0.0,,No metal,True
betazole,7741.0,-1.3773302,10.195708,7741,betazole,False,0.0,,No metal,True
ingenol-mebutate,6918670.0,1.3209063,7.6678524,6918670,ingenol-mebutate,False,0.0,,No metal,True
nsc-632839,5351363.0,-3.7729075,4.582026,5351363,nsc-632839,False,0.0,,No metal,True
sm-21,,0.3926088,9.44165,,sm-21,False,0.0,,No metal,True
telcagepant,11319053.0,0.25558132,1.4619907,11319053,telcagepant,False,0.0,,No metal,True
zolantidine,91769.0,0.4504364,0.2647829,91769,zolantidine,False,0.0,,No metal,True
ammonium-perfluorocaprylate,9554.0,2.2801244,7.244739,9554,ammonium-perfluorocaprylate,False,0.0,,No metal,True
rs-127445,196968.0,-0.2791084,-0.60632646,196968,rs-127445,False,0.0,,No metal,True
or-486,3870203.0,-0.7656521,9.188939,3870203,or-486,False,0.0,,No metal,True
r112,9904854.0,-0.64109653,0.77085584,9904854,r112,False,0.0,,No metal,True
argireline,11228338.0,0.87879,5.005857,11228338,argireline,False,0.0,,No metal,True
snx-5422,,-1.2131519,5.1386805,,snx-5422,False,0.0,,No metal,True
mepazine,7047378.0,-3.7902155,4.0923524,7047378,mepazine,False,0.0,,No metal,True
roxatidine-acetate,5105.0,0.30297402,8.807793,5105,roxatidine-acetate,False,0.0,,No metal,True
desogestrel,40973.0,2.7424898,7.4571996,40973,desogestrel,False,0.0,,No metal,True
methacycline,,-0.17735732,7.1518807,,methacycline,False,0.0,,No metal,True
radafaxine,9795056.0,-0.4776374,9.972413,9795056,radafaxine,False,0.0,,No metal,True
gsk369796,10316203.0,0.05238636,-0.0010178252,10316203,gsk369796,False,0.0,,No metal,True
flavoxate,3354.0,0.163723,0.3229472,3354,flavoxate,False,0.0,,No metal,True
sr-3306,57519510.0,2.5014832,2.5682933,57519510,sr-3306,False,0.0,,No metal,True
nikethamide,5497.0,-0.45099077,10.610433,5497,nikethamide,False,0.0,,No metal,True
idramantone,,3.3658018,8.700465,,idramantone,False,0.0,,No metal,True
3-bromopyruvate,129924149.0,3.2533162,8.90817,129924149,3-bromopyruvate,False,0.0,,No metal,True
schisandrol-b,3001662.0,-2.0428002,5.0809865,3001662,schisandrol-b,False,0.0,,No metal,True
remacemide,760423.0,-3.4868896,5.345486,760423,remacemide,False,0.0,,No metal,True
afimoxifene,449459.0,0.7360524,0.115961224,449459,afimoxifene,False,0.0,,No metal,True
indoramin,33625.0,-0.27358177,-0.32115737,33625,indoramin,False,0.0,,No metal,True
pinanediol,10219606.0,3.3297918,8.760213,10219606,pinanediol,False,0.0,,No metal,True
lodenosine,72180.0,-2.6880124,6.334682,72180,lodenosine,False,0.0,,No metal,True
ciaftalan-zinc,518924.0,2.5385823,2.6867805,518924,ciaftalan-zinc,True,1.0,Zn,Contains metal,True
pd-102807,92845316.0,-0.11124709,0.27929422,92845316,pd-102807,False,0.0,,No metal,True
iloprost,51397006.0,1.833344,7.1936736,51397006,iloprost,False,0.0,,No metal,True
sodium-tanshinone-ii-a-sulfonate,125782.0,-2.728118,5.072936,125782,sodium-tanshinone-ii-a-sulfonate,False,0.0,,No metal,True
ml161,1048267.0,-2.8389628,4.662185,1048267,ml161,False,0.0,,No metal,True
cl-218872,107950.0,-0.60870403,-0.83306533,107950,cl-218872,False,0.0,,No metal,True
aceclidine,1273944.0,3.3691008,8.629782,1273944,aceclidine,False,0.0,,No metal,True
fadrozole,9815923.0,-4.3914886,5.1194196,9815923,fadrozole,False,0.0,,No metal,True
dsr-6434,25071151.0,-0.56990963,1.4763058,25071151,dsr-6434,False,0.0,,No metal,True
dihydroergocristine,107715.0,0.1939502,1.7996238,107715,dihydroergocristine,False,0.0,,No metal,True
vaniprevir,24765256.0,0.52172494,5.9826603,24765256,vaniprevir,False,0.0,,No metal,True
s49076,49870909.0,-1.9071115,5.359437,49870909,s49076,False,0.0,,No metal,True
allylthiourea,1549517.0,3.3811865,9.051227,1549517,allylthiourea,False,0.0,,No metal,True
amiprilose,121928.0,2.0807955,8.638164,121928,amiprilose,False,0.0,,No metal,True
lmi070,135565042.0,-0.3947946,0.86828345,135565042,lmi070,False,0.0,,No metal,True
buphenine,657392.0,-2.6633124,5.1776433,657392,buphenine,False,0.0,,No metal,True
pfk-015,25142799.0,-0.49476177,-0.7673514,25142799,pfk-015,False,0.0,,No metal,True
nnc-711,4515.0,-2.4210496,4.564833,4515,nnc-711,False,0.0,,No metal,True
pibenzimol,2392.0,2.892632,2.6259887,2392,pibenzimol,False,0.0,,No metal,True
ly334370,5311258.0,-0.12804478,-0.3787305,5311258,ly334370,False,0.0,,No metal,True
eperisone,37888265.0,0.39116696,9.843534,37888265,eperisone,False,0.0,,No metal,True
"3,4-methylenedioxy-beta-nitrostyrene",672296.0,-0.5445082,10.273986,672296,"3,4-methylenedioxy-beta-nitrostyrene",False,0.0,,No metal,True
my-5445,1348.0,3.5526314,1.1918635,1348,my-5445,False,0.0,,No metal,True
agi-5198,97161269.0,0.56196594,0.50659674,97161269,agi-5198,False,0.0,,No metal,True
"cis-9,trans-11-conjugated-linoleic-acid",5280644.0,1.7738785,6.5589023,5280644,"cis-9,trans-11-conjugated-linoleic-acid",False,0.0,,No metal,True
ac-55541,129362181.0,2.790667,1.7360052,129362181,ac-55541,False,0.0,,No metal,True
sb-756050,1520267.0,-1.3656087,5.255421,1520267,sb-756050,False,0.0,,No metal,True
osi-420,10317566.0,-0.39986446,1.1906575,10317566,osi-420,False,0.0,,No metal,True
amg-837,46854655.0,0.9409373,0.6563566,46854655,amg-837,False,0.0,,No metal,True
azlocillin,6479523.0,-0.22654058,7.6888413,6479523,azlocillin,False,0.0,,No metal,True
pd-153035,4705.0,-0.22134955,-0.108612716,4705,pd-153035,False,0.0,,No metal,True
ml228,46742353.0,2.6646495,2.749379,46742353,ml228,False,0.0,,No metal,True
neu2000,9951955.0,-2.706403,4.868977,9951955,neu2000,False,0.0,,No metal,True
epitiostanol,443935.0,2.7850895,7.476167,443935,epitiostanol,False,0.0,,No metal,True
pf-670462,11681588.0,-0.1577494,-0.19972269,11681588,pf-670462,False,0.0,,No metal,True
gsk2256294a,59448236.0,-1.5682026,5.2576833,59448236,gsk2256294a,False,0.0,,No metal,True
k-ras(g12c)-inhibitor-6,71815954.0,0.24974677,8.932856,71815954,k-ras(g12c)-inhibitor-6,False,0.0,,No metal,True
pde10-in-1,72709059.0,2.9533927,2.6383264,72709059,pde10-in-1,False,0.0,,No metal,True
at-9283,135398495.0,-0.7360588,0.8794716,135398495,at-9283,False,0.0,,No metal,True
avobenzone,,-3.1631854,4.2034526,,avobenzone,False,0.0,,No metal,True
idasanutlin,53358942.0,0.83469343,1.5572683,53358942,idasanutlin,False,0.0,,No metal,True
unc2025,,0.3079543,1.3227811,,unc2025,False,0.0,,No metal,True
tak-779,183790.0,15.3212,3.9472754,183790,tak-779,False,0.0,,No metal,True
oxibendazole,4622.0,-3.3870645,5.572609,4622,oxibendazole,False,0.0,,No metal,True
zatebradine,65637.0,-1.8021568,4.620763,65637,zatebradine,False,0.0,,No metal,True
dpc-681,456215.0,0.13718773,5.096149,456215,dpc-681,False,0.0,,No metal,True
lisadimate,25021707.0,-1.0839399,8.897581,25021707,lisadimate,False,0.0,,No metal,True
iodoquinol,3728.0,-4.0930204,4.9099436,3728,iodoquinol,False,0.0,,No metal,True
isx-9,19582717.0,-4.001737,5.4161434,19582717,isx-9,False,0.0,,No metal,True
mg-624,5824382.0,15.295194,3.972497,5824382,mg-624,False,0.0,,No metal,True
pd-0325901,9826528.0,-1.7465622,5.4957714,9826528,pd-0325901,False,0.0,,No metal,True
zm-336372,5730.0,-0.17108466,0.6568078,5730,zm-336372,False,0.0,,No metal,True
tagatose,92092.0,1.873502,9.214124,92092,tagatose,False,0.0,,No metal,True
etravirine,193962.0,-0.15288705,1.1048683,193962,etravirine,False,0.0,,No metal,True
beclomethasone,,1.6970915,7.886228,,beclomethasone,False,0.0,,No metal,True
phthalylsulfathiazole,4806.0,-0.5544243,1.13179,4806,phthalylsulfathiazole,False,0.0,,No metal,True
sb-334867,6604926.0,3.462037,1.7011466,6604926,sb-334867,False,0.0,,No metal,True
diarylpropionitrile,6604873.0,-3.5815382,5.493119,6604873,diarylpropionitrile,False,0.0,,No metal,True
i-cbp-112,90488984.0,-1.8701879,4.5675464,90488984,i-cbp-112,False,0.0,,No metal,True
naxagolide,57533.0,-0.15321839,10.169018,57533,naxagolide,False,0.0,,No metal,True
zardaverine,5723.0,-3.4857304,5.432866,5723,zardaverine,False,0.0,,No metal,True
macelignan,10404245.0,-2.7969933,4.3912086,10404245,macelignan,False,0.0,,No metal,True
snap-94847,16756754.0,1.0003607,0.78700733,16756754,snap-94847,False,0.0,,No metal,True
"5-amino-3-d-ribofuranosylthiazolo[4,5-d]pyrimidin-2,7(3h,6h)-dione",135409474.0,-1.6484573,6.599096,135409474,"5-amino-3-d-ribofuranosylthiazolo[4,5-d]pyrimidin-2,7(3h,6h)-dione",False,0.0,,No metal,True
azd3839,46202416.0,3.2047973,1.4186125,46202416,azd3839,False,0.0,,No metal,True
elagolix,11250647.0,1.9750347,1.8362999,11250647,elagolix,False,0.0,,No metal,True
cangrelor,9854012.0,0.27648723,5.599879,9854012,cangrelor,False,0.0,,No metal,True
pitolisant,9948102.0,0.5378131,9.467465,9948102,pitolisant,False,0.0,,No metal,True
bnc105,24786555.0,-0.28014606,0.95233744,24786555,bnc105,False,0.0,,No metal,True
zuclopenthixol,5311507.0,-2.6939495,4.2459064,5311507,zuclopenthixol,False,0.0,,No metal,True
vu10010,714286.0,-0.4780076,-0.17231154,714286,vu10010,False,0.0,,No metal,True
bupicomide,31447.0,-0.53002816,10.429649,31447,bupicomide,False,0.0,,No metal,True
metrizoic-acid,2528.0,-1.4227517,4.3958354,2528,metrizoic-acid,False,0.0,,No metal,True
amifampridine,5918.0,-1.3467407,10.200516,5918,amifampridine,False,0.0,,No metal,True
pyroxamide,4996.0,-0.20553358,8.877327,4996,pyroxamide,False,0.0,,No metal,True
trientine,5565.0,2.3623023,9.115291,5565,trientine,False,0.0,,No metal,True
levosimendan,3033825.0,-0.56040335,8.941608,3033825,levosimendan,False,0.0,,No metal,True
5-methylhydantoin-(d),1615267.0,3.2558603,9.236744,1615267,5-methylhydantoin-(d),False,0.0,,No metal,True
sulfisoxazole-acetyl,6662.0,-2.790907,5.933307,6662,sulfisoxazole-acetyl,False,0.0,,No metal,True
salicylamide,5147.0,-1.3788115,10.151356,5147,salicylamide,False,0.0,,No metal,True
duvelisib,50905713.0,2.8641272,2.6515937,50905713,duvelisib,False,0.0,,No metal,True
gsk-j2,73010924.0,-0.500951,0.997466,73010924,gsk-j2,False,0.0,,No metal,True
polythiazide,12876779.0,-0.17202038,8.472446,12876779,polythiazide,False,0.0,,No metal,True
sanguinarium-chloride,5154.0,15.236813,4.0077386,5154,sanguinarium-chloride,False,0.0,,No metal,True
ica-121431,998021.0,2.86524,1.401507,998021,ica-121431,False,0.0,,No metal,True
formononetin,5280378.0,-0.767732,-0.50106394,5280378,formononetin,False,0.0,,No metal,True
nmda,22880.0,2.6517599,9.223764,22880,nmda,False,0.0,,No metal,True
isoetharine,71466.0,-0.8785676,9.021168,71466,isoetharine,False,0.0,,No metal,True
bts-72664,1480409.0,-0.6518318,-0.7072328,1480409,bts-72664,False,0.0,,No metal,True
rhc-80267,5063.0,1.4252017,7.2643633,5063,rhc-80267,False,0.0,,No metal,True
eseroline-(-),119198.0,-0.41400373,10.323893,119198,eseroline-(-),False,0.0,,No metal,True
jnj-26481585,11538455.0,-0.62444067,1.0118799,11538455,jnj-26481585,False,0.0,,No metal,True
eperezolid,73214.0,-0.25971144,8.326433,73214,eperezolid,False,0.0,,No metal,True
metrizamide,49800036.0,-0.023166334,6.421712,49800036,metrizamide,False,0.0,,No metal,True
chir-99021,9956119.0,2.4776826,1.7455604,9956119,chir-99021,False,0.0,,No metal,True
ave-3085,3510704.0,-3.6249435,4.980041,3510704,ave-3085,False,0.0,,No metal,True
gsk461364,15983966.0,2.52747,1.4938825,15983966,gsk461364,False,0.0,,No metal,True
ro-3,11289644.0,-2.528784,5.628293,11289644,ro-3,False,0.0,,No metal,True
mestranol,6291.0,0.41730863,9.943585,6291,mestranol,False,0.0,,No metal,True
lynestrenol,5857.0,2.8101215,7.4812355,5857,lynestrenol,False,0.0,,No metal,True
m-3m3fbs,761523.0,-3.2233446,4.2134237,761523,m-3m3fbs,False,0.0,,No metal,True
bms-770767,,-0.15742604,-0.2306637,,bms-770767,False,0.0,,No metal,True
ml179,45100448.0,-2.5561066,4.684086,45100448,ml179,False,0.0,,No metal,True
carnosine,6992100.0,-1.1478628,8.655645,6992100,carnosine,False,0.0,,No metal,True
amg900,24856041.0,2.3181617,2.582285,24856041,amg900,False,0.0,,No metal,True
khk-in-1,53348216.0,-0.21729006,1.4765109,53348216,khk-in-1,False,0.0,,No metal,True
akba,11168203.0,1.969351,7.115615,11168203,akba,False,0.0,,No metal,True
mycophenolate-mofetil,5281078.0,0.25959423,8.247962,5281078,mycophenolate-mofetil,False,0.0,,No metal,True
nitazoxanide,41684.0,-2.497944,5.7322516,41684,nitazoxanide,False,0.0,,No metal,True
cianidanol,9064.0,-2.5617251,6.021646,9064,cianidanol,False,0.0,,No metal,True
nvp-hsp990,46216556.0,-0.75380677,0.82542646,46216556,nvp-hsp990,False,0.0,,No metal,True
anthraquinone,6780.0,-4.4275856,5.1798124,6780,anthraquinone,False,0.0,,No metal,True
azd2858,10138980.0,-0.5868713,1.4776909,10138980,azd2858,False,0.0,,No metal,True
benzoquinonium-dibromide,9394.0,16.29058,3.8184788,9394,benzoquinonium-dibromide,False,0.0,,No metal,True
trap-101,11494970.0,-2.6917343,4.256644,11494970,trap-101,False,0.0,,No metal,True
wz-4002,44607530.0,0.24066457,1.5691934,44607530,wz-4002,False,0.0,,No metal,True
oxf-bd-02,70699441.0,-0.70673394,-0.14865749,70699441,oxf-bd-02,False,0.0,,No metal,True
prednisolone-tebutate,,1.2447602,7.5213766,,prednisolone-tebutate,False,0.0,,No metal,True
resmetirom,15981237.0,-0.57650745,1.4220766,15981237,resmetirom,False,0.0,,No metal,True
ethyl-paraben,8434.0,-0.7647325,10.391701,8434,ethyl-paraben,False,0.0,,No metal,True
hemin,,-1.035077,5.004104,,hemin,True,1.0,Fe,Contains metal,True
foropafant,119368.0,0.88772935,0.86495596,119368,foropafant,False,0.0,,No metal,True
cpi-360,73442743.0,0.057568822,0.7040997,73442743,cpi-360,False,0.0,,No metal,True
carvedilol,185394.0,2.8192225,1.4520812,185394,carvedilol,False,0.0,,No metal,True
sulfadoxine,17134.0,-2.50186,6.174369,17134,sulfadoxine,False,0.0,,No metal,True
genipin,442424.0,2.4691439,8.831099,442424,genipin,False,0.0,,No metal,True
sr-57227a,131747.0,-0.5176617,10.228556,131747,sr-57227a,False,0.0,,No metal,True
guanosine,135398635.0,-1.7140671,6.5941358,135398635,guanosine,False,0.0,,No metal,True
chlorquinaldol,6301.0,-4.3678603,5.055299,6301,chlorquinaldol,False,0.0,,No metal,True
alpha-glucosyl-hesperidin,53477097.0,0.48655215,5.5465074,53477097,alpha-glucosyl-hesperidin,False,0.0,,No metal,True
digitoxigenin,4369270.0,2.2848654,7.5968924,4369270,digitoxigenin,False,0.0,,No metal,True
proguanil,6178111.0,-1.0223612,9.716394,6178111,proguanil,False,0.0,,No metal,True
prinaberel,656954.0,-0.8135735,-0.25255212,656954,prinaberel,False,0.0,,No metal,True
lucanthone,10180.0,0.019857878,-0.09431561,10180,lucanthone,False,0.0,,No metal,True
ivacaftor,16220172.0,0.032176506,0.07537353,16220172,ivacaftor,False,0.0,,No metal,True
bms-806,5495818.0,-0.6630481,0.6368604,5495818,bms-806,False,0.0,,No metal,True
isoxicam,54677972.0,-2.7289963,5.9751945,54677972,isoxicam,False,0.0,,No metal,True
disopyramide,3114.0,-2.4401298,4.5051947,3114,disopyramide,False,0.0,,No metal,True
amg-510,137278711.0,2.5036802,1.67732,137278711,amg-510,False,0.0,,No metal,True
sudan-iv,,3.2498076,1.0546601,,sudan-iv,False,0.0,,No metal,True
ozagrel,5282440.0,-3.9115067,5.390148,5282440,ozagrel,False,0.0,,No metal,True
pf-04937319,46916694.0,2.7989466,1.9149346,46916694,pf-04937319,False,0.0,,No metal,True
cefalonium,21744.0,14.738623,4.0105085,21744,cefalonium,False,0.0,,No metal,True
eo-1428,9801969.0,0.5154812,0.15636246,9801969,eo-1428,False,0.0,,No metal,True
dimethadione,3081.0,3.3661723,8.893249,3081,dimethadione,False,0.0,,No metal,True
gsk2239633a,46861584.0,2.2487895,1.8355665,46861584,gsk2239633a,False,0.0,,No metal,True
basmisanil,57336276.0,-0.43391502,1.298622,57336276,basmisanil,False,0.0,,No metal,True
alibendol,71916.0,-0.6160989,8.959095,71916,alibendol,False,0.0,,No metal,True
a-1070722,49830684.0,-0.14938132,0.010811057,49830684,a-1070722,False,0.0,,No metal,True
revefenacin,11753673.0,0.53130925,1.7327547,11753673,revefenacin,False,0.0,,No metal,True
yz9,5289613.0,-3.4572957,5.968551,5289613,yz9,False,0.0,,No metal,True
filgotinib,49831257.0,-0.69860137,0.95368594,49831257,filgotinib,False,0.0,,No metal,True
pimobendan,7120080.0,-0.8036135,0.024829429,7120080,pimobendan,False,0.0,,No metal,True
timonacic,6973610.0,3.2889888,9.101992,6973610,timonacic,False,0.0,,No metal,True
gramine,6890.0,-4.460179,5.2486897,6890,gramine,False,0.0,,No metal,True
zm-241385,176407.0,2.8860428,1.9221399,176407,zm-241385,False,0.0,,No metal,True
sodium-monofluorophosphate,24267.0,3.3458302,9.099245,24267,sodium-monofluorophosphate,False,0.0,,No metal,True
celgosivir,60734.0,2.17348,8.883857,60734,celgosivir,False,0.0,,No metal,True
licarbazepine,9816485.0,-3.8346665,5.6506104,9816485,licarbazepine,False,0.0,,No metal,True
lauric-acid,3893.0,2.7636776,8.162156,3893,lauric-acid,False,0.0,,No metal,True
eltoprazine,65853.0,-0.5988735,10.163068,65853,eltoprazine,False,0.0,,No metal,True
evocalcet,71242808.0,0.23722489,0.042882755,71242808,evocalcet,False,0.0,,No metal,True
aa-29504,23188887.0,-2.7211893,4.9447575,23188887,aa-29504,False,0.0,,No metal,True
clorprenaline,12463921.0,-0.33359376,10.017416,12463921,clorprenaline,False,0.0,,No metal,True
ipriflavone,3747.0,-0.2733977,-0.6830466,3747,ipriflavone,False,0.0,,No metal,True
bms-566419,9913339.0,2.8265464,1.52219,9913339,bms-566419,False,0.0,,No metal,True
ocaperidone,71351.0,3.3482184,1.5486922,71351,ocaperidone,False,0.0,,No metal,True
mercaptosuccinic-acid,638130.0,2.78267,9.231558,638130,mercaptosuccinic-acid,False,0.0,,No metal,True
adavivint,135565709.0,2.3633056,2.612838,135565709,adavivint,False,0.0,,No metal,True
sn-2,,0.3066862,10.195648,,sn-2,False,0.0,,No metal,True
peficitinib,,-2.608343,5.793164,,peficitinib,False,0.0,,No metal,True
sant-1,6878030.0,0.010541441,0.08269262,6878030,sant-1,False,0.0,,No metal,True
9-aminoacridine,7019.0,-0.6767237,-0.85023,7019,9-aminoacridine,False,0.0,,No metal,True
chlorthalidone,688424.0,-2.7951121,5.986289,688424,chlorthalidone,False,0.0,,No metal,True
"4,4-pentamethylenepiperidine",417412.0,3.5108006,8.1712055,417412,"4,4-pentamethylenepiperidine",False,0.0,,No metal,True
azilsartan,135415867.0,2.6161904,2.5695777,135415867,azilsartan,False,0.0,,No metal,True
sd-0006,9865587.0,-0.69136137,0.7069481,9865587,sd-0006,False,0.0,,No metal,True
curcumol,14240392.0,3.1655605,7.8714857,14240392,curcumol,False,0.0,,No metal,True
dwk-1339,24764491.0,0.10491982,-0.054029867,24764491,dwk-1339,False,0.0,,No metal,True
ar-12,10027278.0,2.7165658,2.7214856,10027278,ar-12,False,0.0,,No metal,True
estradiol,5757.0,0.2896539,10.075158,5757,estradiol,False,0.0,,No metal,True
dbpr-211,71515460.0,1.859281,1.9557173,71515460,dbpr-211,False,0.0,,No metal,True
cr8-(r),10224714.0,2.457578,1.7243607,10224714,cr8-(r),False,0.0,,No metal,True
prx-07034,67147340.0,-1.7260158,5.1505966,67147340,prx-07034,False,0.0,,No metal,True
cp-93129,124007.0,-3.876027,6.0046024,124007,cp-93129,False,0.0,,No metal,True
bms-986158,118196485.0,2.604888,2.7250783,118196485,bms-986158,False,0.0,,No metal,True
pyrazinoylguanidine,137321773.0,-1.3256298,8.996945,137321773,pyrazinoylguanidine,False,0.0,,No metal,True
dy131,5497124.0,-2.7902248,5.222741,5497124,dy131,False,0.0,,No metal,True
phenylmethylsulfonyl-fluoride,4784.0,-0.4594397,10.641618,4784,phenylmethylsulfonyl-fluoride,False,0.0,,No metal,True
o4i1,2774690.0,-3.6360228,4.482365,2774690,o4i1,False,0.0,,No metal,True
tozadenant,11618368.0,-1.9754785,5.4623985,11618368,tozadenant,False,0.0,,No metal,True
hyoscyamine,,-0.10398576,9.488651,,hyoscyamine,False,0.0,,No metal,True
api-001,44247568.0,-0.28569752,-0.011275335,44247568,api-001,False,0.0,,No metal,True
lxs196,118873253.0,-0.2625733,1.5594057,118873253,lxs196,False,0.0,,No metal,True
eldecalcitol,6918141.0,1.2368033,7.21836,6918141,eldecalcitol,False,0.0,,No metal,True
pumosetrag,154104.0,-3.2925804,5.847008,154104,pumosetrag,False,0.0,,No metal,True
hexaminolevulinate,6433083.0,2.7621598,8.504514,6433083,hexaminolevulinate,False,0.0,,No metal,True
otilonium,72093.0,15.402328,3.884956,72093,otilonium,False,0.0,,No metal,True
trans-4-hydroxycrotonic-acid,6155526.0,3.3121445,9.113997,6155526,trans-4-hydroxycrotonic-acid,False,0.0,,No metal,True
id-8,791637.0,-0.656054,-0.37812352,791637,id-8,False,0.0,,No metal,True
sertaconazole,25273617.0,3.304117,0.97040164,25273617,sertaconazole,False,0.0,,No metal,True
ac-55649,1714884.0,-3.041172,4.1448045,1714884,ac-55649,False,0.0,,No metal,True
thaliblastine,21470.0,1.7161438,2.2697773,21470,thaliblastine,False,0.0,,No metal,True
sulfanitran,5334.0,-2.4790072,5.616012,5334,sulfanitran,False,0.0,,No metal,True
bms-986205,,0.810385,0.2808282,,bms-986205,False,0.0,,No metal,True
org-25543,5311287.0,-1.9625261,4.5308084,5311287,org-25543,False,0.0,,No metal,True
chrysophanic-acid,10208.0,-3.556846,5.8367434,10208,chrysophanic-acid,False,0.0,,No metal,True
cp-91149,9843900.0,-0.48475727,0.7229579,9843900,cp-91149,False,0.0,,No metal,True
brl-37344,9841972.0,-2.146338,5.0613174,9841972,brl-37344,False,0.0,,No metal,True
spirobromin,72115.0,16.315197,3.803494,72115,spirobromin,False,0.0,,No metal,True
benfluorex,6604374.0,-2.7540388,4.338359,6604374,benfluorex,False,0.0,,No metal,True
andrographolide,5318517.0,1.7871219,7.930752,5318517,andrographolide,False,0.0,,No metal,True
benzotript,2060890.0,-0.6469379,0.035927504,2060890,benzotript,False,0.0,,No metal,True
"1,3-dipropyl-8-phenylxanthine",128784.0,-0.70125556,-0.36402372,128784,"1,3-dipropyl-8-phenylxanthine",False,0.0,,No metal,True
"ici-118,551",5311179.0,-0.01696498,9.491382,5311179,"ici-118,551",False,0.0,,No metal,True
fexaramine,5326713.0,0.9202574,0.8074874,5326713,fexaramine,False,0.0,,No metal,True
sn-6,93088127.0,-1.7911482,5.0357995,93088127,sn-6,False,0.0,,No metal,True
chloralose,7057995.0,2.143495,8.775396,7057995,chloralose,False,0.0,,No metal,True
fenclonine-(+/-),736190.0,-1.0573564,9.826966,736190,fenclonine-(+/-),False,0.0,,No metal,True
norvancomycin,10419027.0,1.0219012,4.7994666,10419027,norvancomycin,False,0.0,,No metal,True
terodiline,9925740.0,-3.730746,4.204771,9925740,terodiline,False,0.0,,No metal,True
higenamine,440988.0,-3.0337276,5.8149333,440988,higenamine,False,0.0,,No metal,True
limaprost-alfadex,6438378.0,1.4722123,6.987138,6438378,limaprost-alfadex,False,0.0,,No metal,True
unbs-5162,16048966.0,-2.7804115,5.821348,16048966,unbs-5162,False,0.0,,No metal,True
diroximel-fumarate,73330464.0,2.2561963,8.736455,73330464,diroximel-fumarate,False,0.0,,No metal,True
bay-41-2272,9798973.0,3.4061315,1.658431,9798973,bay-41-2272,False,0.0,,No metal,True
tak-659,53252276.0,-2.518673,5.8689423,53252276,tak-659,False,0.0,,No metal,True
abemaciclib,46220502.0,2.5216646,1.5656027,46220502,abemaciclib,False,0.0,,No metal,True
taselisib,51001932.0,2.8897347,1.8171128,51001932,taselisib,False,0.0,,No metal,True
bms-470539,9915813.0,0.28894833,1.7813437,9915813,bms-470539,False,0.0,,No metal,True
vu0357121,2296132.0,-3.3175912,4.330638,2296132,vu0357121,False,0.0,,No metal,True
toyocamycin,11824.0,-1.7491722,6.567265,11824,toyocamycin,False,0.0,,No metal,True
int-767,23642339.0,1.3476174,7.304545,23642339,int-767,False,0.0,,No metal,True
isometheptene-mucate,6604597.0,3.329793,8.254054,6604597,isometheptene-mucate,False,0.0,,No metal,True
mrs-1220,393595.0,2.8916526,2.6712618,393595,mrs-1220,False,0.0,,No metal,True
cyc065,24983461.0,-0.24565679,1.3019166,24983461,cyc065,False,0.0,,No metal,True
propantheline,4934.0,15.279947,3.9807947,4934,propantheline,False,0.0,,No metal,True
mitiglinide,121891.0,0.17224596,9.643551,121891,mitiglinide,False,0.0,,No metal,True
bms-813160,51039119.0,-1.440417,5.384205,51039119,bms-813160,False,0.0,,No metal,True
flucloxacillin,21319.0,-1.8984244,5.488696,21319,flucloxacillin,False,0.0,,No metal,True
trimethobenzamide,5577.0,-1.853238,4.871911,5577,trimethobenzamide,False,0.0,,No metal,True
sparsentan,10257882.0,0.9320923,1.8641616,10257882,sparsentan,False,0.0,,No metal,True
"chromanol-293b-(-)-[3r,4s]",121846.0,-0.26711378,9.136519,121846,"chromanol-293b-(-)-[3r,4s]",False,0.0,,No metal,True
agp-103,8215.0,1.6256264,6.4958844,8215,agp-103,False,0.0,,No metal,True
tigecycline,,-0.070500486,6.3360596,,tigecycline,False,0.0,,No metal,True
cinnamaldehyde,637511.0,-0.40930146,10.749512,637511,cinnamaldehyde,False,0.0,,No metal,True
mivacurium,22839211.0,16.248392,3.8236794,22839211,mivacurium,False,0.0,,No metal,True
pf-06651600,118115473.0,-3.1807144,5.794062,118115473,pf-06651600,False,0.0,,No metal,True
enalapril,5388962.0,0.10665734,8.277679,5388962,enalapril,False,0.0,,No metal,True
troventol,16007396.0,15.185969,4.0679708,16007396,troventol,False,0.0,,No metal,True
ym-244769,11442117.0,2.762426,1.337365,11442117,ym-244769,False,0.0,,No metal,True
gsk1562590,46846503.0,0.56094074,1.5017076,46846503,gsk1562590,False,0.0,,No metal,True
ym-750,9911716.0,0.9391262,0.593179,9911716,ym-750,False,0.0,,No metal,True
carbetocin,,0.7604911,5.2163486,,carbetocin,False,0.0,,No metal,True
empagliflozin,11949646.0,-1.5323896,5.629379,11949646,empagliflozin,False,0.0,,No metal,True
pf-04885614,65459349.0,-3.398251,5.411,65459349,pf-04885614,False,0.0,,No metal,True
lisinopril,5362119.0,0.120668896,7.9976397,5362119,lisinopril,False,0.0,,No metal,True
pf-04217903,17754438.0,2.9884703,2.377351,17754438,pf-04217903,False,0.0,,No metal,True
brivanib-alaninate,11154925.0,2.782824,1.9116358,11154925,brivanib-alaninate,False,0.0,,No metal,True
uamc-00039,11232124.0,-0.01468992,9.233785,11232124,uamc-00039,False,0.0,,No metal,True
"1,5-dicaffeoylquinic-acid",6474640.0,-0.33186582,6.16907,6474640,"1,5-dicaffeoylquinic-acid",False,0.0,,No metal,True
clamikalant,3037766.0,-1.4822663,5.417837,3037766,clamikalant,False,0.0,,No metal,True
bucillamine,656604.0,2.602709,8.996034,656604,bucillamine,False,0.0,,No metal,True
equilin,41097932.0,0.32033616,10.131989,41097932,equilin,False,0.0,,No metal,True
ciprofloxacin,4011971.0,-2.9935968,5.755035,4011971,ciprofloxacin,False,0.0,,No metal,True
azasetron,25271863.0,-0.17594822,9.290364,25271863,azasetron,False,0.0,,No metal,True
hypoestoxide,11199742.0,2.2424912,7.536632,11199742,hypoestoxide,False,0.0,,No metal,True
pf-06409577,71748255.0,-0.13076419,-0.30311176,71748255,pf-06409577,False,0.0,,No metal,True
tiracizine,71264.0,-2.833326,4.790596,71264,tiracizine,False,0.0,,No metal,True
butylated-hydroxyanisole,8456.0,-0.20906205,10.608017,8456,butylated-hydroxyanisole,False,0.0,,No metal,True
retinol,445354.0,2.5401251,7.361619,445354,retinol,False,0.0,,No metal,True
tylosin,134129704.0,0.9098047,5.513302,134129704,tylosin,False,0.0,,No metal,True
pi3kd-in-2,91754520.0,0.37056184,2.0658782,91754520,pi3kd-in-2,False,0.0,,No metal,True
salicylic-acid,338.0,-1.3763459,10.1041355,338,salicylic-acid,False,0.0,,No metal,True
nsc-9965,31762.0,2.920011,7.8834333,31762,nsc-9965,False,0.0,,No metal,True
lintopride,65900.0,-0.26982442,8.932834,65900,lintopride,False,0.0,,No metal,True
gbr-12935,3456.0,0.72369736,0.14000526,3456,gbr-12935,False,0.0,,No metal,True
glycitein,5317750.0,-0.9738748,-0.041023057,5317750,glycitein,False,0.0,,No metal,True
obatoclax,,-0.19586527,-0.4131891,,obatoclax,False,0.0,,No metal,True
butein,5281222.0,-2.7915847,5.8717117,5281222,butein,False,0.0,,No metal,True
methiazole,6604471.0,-3.4169538,5.4919558,6604471,methiazole,False,0.0,,No metal,True
"tropanyl-3,5-dimethylbenzoate",,0.17335092,10.096931,,"tropanyl-3,5-dimethylbenzoate",False,0.0,,No metal,True
atorvastatin,60823.0,2.0032983,1.8713052,60823,atorvastatin,False,0.0,,No metal,True
alrestatin,2120.0,-3.6977715,5.7635226,2120,alrestatin,False,0.0,,No metal,True
escin,441903.0,0.87580574,5.254428,441903,escin,False,0.0,,No metal,True
bi-847325,,0.0032490138,0.8294267,,bi-847325,False,0.0,,No metal,True
ngd-94-1,188942.0,-0.71863115,0.105316564,188942,ngd-94-1,False,0.0,,No metal,True
savolitinib,68289010.0,3.0477505,2.5003903,68289010,savolitinib,False,0.0,,No metal,True
azd8797,11965767.0,-0.119995944,1.3498735,11965767,azd8797,False,0.0,,No metal,True
indeglitazar,11395145.0,-0.34424067,0.5888115,11395145,indeglitazar,False,0.0,,No metal,True
phenolphthalein,4764.0,-0.7500545,-0.12682852,4764,phenolphthalein,False,0.0,,No metal,True
ketanserin,3822.0,-0.5324918,0.314102,3822,ketanserin,False,0.0,,No metal,True
macitentan-n-butyl-analogue,71449713.0,0.31833404,1.7537104,71449713,macitentan-n-butyl-analogue,False,0.0,,No metal,True
unc0321,46901937.0,-1.1573752,5.273185,46901937,unc0321,False,0.0,,No metal,True
erastin,91669533.0,2.4891603,1.565846,91669533,erastin,False,0.0,,No metal,True
methylnaltrexone,16089915.0,15.130342,4.095492,16089915,methylnaltrexone,False,0.0,,No metal,True
ciq,40450008.0,0.51171076,0.69556206,40450008,ciq,False,0.0,,No metal,True
pioglitazone,29010894.0,-2.3011518,4.8111277,29010894,pioglitazone,False,0.0,,No metal,True
ah11110,6604792.0,-2.6890779,4.8172784,6604792,ah11110,False,0.0,,No metal,True
furaltadone,6604316.0,-0.20205514,8.516779,6604316,furaltadone,False,0.0,,No metal,True
oxyquinoline,1923.0,-4.41604,5.5436516,1923,oxyquinoline,False,0.0,,No metal,True
gsk-lsd-1,71522234.0,-0.34611228,10.141838,71522234,gsk-lsd-1,False,0.0,,No metal,True
"[sar9,met(o2)11]-substance-p",163829.0,1.0418699,4.7797737,163829,"[sar9,met(o2)11]-substance-p",False,0.0,,No metal,True
ctep,11646823.0,0.1784402,-0.411867,11646823,ctep,False,0.0,,No metal,True
jw-74,16013152.0,2.51818,2.5924258,16013152,jw-74,False,0.0,,No metal,True
nimustine,129009979.0,-0.9857721,8.690971,129009979,nimustine,False,0.0,,No metal,True
cetaben,47263.0,1.499498,6.4640923,47263,cetaben,False,0.0,,No metal,True
trichloroacetic-acid,6421.0,3.5318124,8.3654995,6421,trichloroacetic-acid,False,0.0,,No metal,True
gluconolactone,1549082.0,2.0657792,9.258959,1549082,gluconolactone,False,0.0,,No metal,True
bms-536924,135440466.0,2.6423194,1.834538,135440466,bms-536924,False,0.0,,No metal,True
ory-1001,71543365.0,-0.3292042,10.024182,71543365,ory-1001,False,0.0,,No metal,True
indalpine,44668.0,-4.056161,5.306329,44668,indalpine,False,0.0,,No metal,True
pbt-1033,10016012.0,-3.9712636,5.0073447,10016012,pbt-1033,False,0.0,,No metal,True
gsk256066,9827968.0,2.569802,1.8420564,9827968,gsk256066,False,0.0,,No metal,True
xmd8-92,46843772.0,-0.050276708,1.5347261,46843772,xmd8-92,False,0.0,,No metal,True
betp,97182196.0,0.40811527,0.21895689,97182196,betp,False,0.0,,No metal,True
capecitabine,60953.0,-0.21334334,8.167862,60953,capecitabine,False,0.0,,No metal,True
api-1,24773090.0,-1.5866928,6.5875993,24773090,api-1,False,0.0,,No metal,True
carboplatin,73554252.0,2.1439831,8.833455,73554252,carboplatin,True,1.0,Pt,Contains metal,True
cinanserin,5475158.0,-2.8333929,4.283057,5475158,cinanserin,False,0.0,,No metal,True
strychnine,441071.0,0.13178058,9.8990555,441071,strychnine,False,0.0,,No metal,True
suplatast,9957601.0,15.1570835,4.084083,9957601,suplatast,False,0.0,,No metal,True
gsk1292263,24996872.0,-0.105918966,1.2151722,24996872,gsk1292263,False,0.0,,No metal,True
tacalcitol,5283734.0,2.0175269,7.1006813,5283734,tacalcitol,False,0.0,,No metal,True
tricaprylin,10850.0,1.2870649,6.3981256,10850,tricaprylin,False,0.0,,No metal,True
imetit,3692.0,-1.2755002,9.468713,3692,imetit,False,0.0,,No metal,True
dqp-1105,136902743.0,2.579418,1.3973669,136902743,dqp-1105,False,0.0,,No metal,True
fluorometholone-acetate,240767.0,1.7926375,7.600904,240767,fluorometholone-acetate,False,0.0,,No metal,True
vinorelbine,5311497.0,0.39725655,5.346259,5311497,vinorelbine,False,0.0,,No metal,True
dinitolmide,3092.0,-0.7198383,9.154831,3092,dinitolmide,False,0.0,,No metal,True
lomustine,129009938.0,2.9040015,8.70045,129009938,lomustine,False,0.0,,No metal,True
cyamemazine,14050069.0,-3.3206906,4.2223907,14050069,cyamemazine,False,0.0,,No metal,True
torasemide,51371498.0,-2.357228,5.645429,51371498,torasemide,False,0.0,,No metal,True
bms-833923,57662985.0,2.4025145,2.624716,57662985,bms-833923,False,0.0,,No metal,True
phlorizin,6072.0,-0.4519196,6.1769495,6072,phlorizin,False,0.0,,No metal,True
methylprednisolone,6741.0,1.7221677,7.915984,6741,methylprednisolone,False,0.0,,No metal,True
entrectinib,25141092.0,2.2589571,1.7268367,25141092,entrectinib,False,0.0,,No metal,True
pf-514273,11316919.0,0.54782224,0.28700414,11316919,pf-514273,False,0.0,,No metal,True
gdc-0834,25234917.0,2.175036,1.7869316,25234917,gdc-0834,False,0.0,,No metal,True
way-629,6604933.0,-4.44478,5.1150165,6604933,way-629,False,0.0,,No metal,True
nky-80,777417.0,-3.4996414,5.9683924,777417,nky-80,False,0.0,,No metal,True
cobicistat,25151504.0,1.6898409,2.7354422,25151504,cobicistat,False,0.0,,No metal,True
delta-tocotrienol,5282350.0,1.6600564,6.647505,5282350,delta-tocotrienol,False,0.0,,No metal,True
ch223191,,-0.12365138,-0.18212056,,ch223191,False,0.0,,No metal,True
anethole-trithione,2194.0,-3.8896828,4.4486914,2194,anethole-trithione,False,0.0,,No metal,True
dichlorvos,3039.0,3.0454164,8.267352,3039,dichlorvos,False,0.0,,No metal,True
abafungin,159326.0,0.018989274,0.56504,159326,abafungin,False,0.0,,No metal,True
cj-13610,9821945.0,-0.049432077,0.18482754,9821945,cj-13610,False,0.0,,No metal,True
erk5-in-1,46844147.0,-0.3335328,1.3749443,46844147,erk5-in-1,False,0.0,,No metal,True
denotivir,39976.0,-0.021305166,0.0028130512,39976,denotivir,False,0.0,,No metal,True
nicotinamide,936.0,-1.1143353,10.540649,936,nicotinamide,False,0.0,,No metal,True
cloranolol,76964677.0,0.018800516,9.6509285,76964677,cloranolol,False,0.0,,No metal,True
bicyclol,9821754.0,-1.7942667,5.522118,9821754,bicyclol,False,0.0,,No metal,True
"1s,2r-phenylpropanolamine",26934.0,-1.3504865,10.127988,26934,"1s,2r-phenylpropanolamine",False,0.0,,No metal,True
sgc-0946,56962337.0,0.29832494,2.180962,56962337,sgc-0946,False,0.0,,No metal,True
diaveridine,21453.0,-2.6586165,6.201684,21453,diaveridine,False,0.0,,No metal,True
lusaperidone,3045401.0,3.5116029,1.5708742,3045401,lusaperidone,False,0.0,,No metal,True
rs-102895,10000456.0,-2.9808898,4.1330523,10000456,rs-102895,False,0.0,,No metal,True
tw-37,11455910.0,2.0706093,1.8510407,11455910,tw-37,False,0.0,,No metal,True
h2l-5765834,1365686.0,-0.26877654,0.9388157,1365686,h2l-5765834,False,0.0,,No metal,True
bms-587101,11635371.0,0.40542087,1.4127843,11635371,bms-587101,False,0.0,,No metal,True
nisoxetine,10107248.0,-3.4480562,4.4659867,10107248,nisoxetine,False,0.0,,No metal,True
altiratinib,54576299.0,0.46490383,1.4100951,54576299,altiratinib,False,0.0,,No metal,True
ono-4059,54755438.0,2.9640265,1.8352474,54755438,ono-4059,False,0.0,,No metal,True
hydrocortisone,5754.0,1.7447727,7.9295096,5754,hydrocortisone,False,0.0,,No metal,True
navarixin,9865554.0,-0.46106747,1.2564862,9865554,navarixin,False,0.0,,No metal,True
dynole-34-2,44157463.0,-1.8444879,4.3299975,44157463,dynole-34-2,False,0.0,,No metal,True
dehydroepiandrosterone-sulfate,12594.0,2.2301216,7.561127,12594,dehydroepiandrosterone-sulfate,False,0.0,,No metal,True
talsaclidine,71792.0,3.3711302,8.577289,71792,talsaclidine,False,0.0,,No metal,True
betulinic-acid,64971.0,2.0515132,7.088807,64971,betulinic-acid,False,0.0,,No metal,True
telmisartan,65999.0,2.4765024,2.670394,65999,telmisartan,False,0.0,,No metal,True
fursultiamine,38988761.0,0.16950446,8.243821,38988761,fursultiamine,False,0.0,,No metal,True
pd-198306,9956637.0,-2.389885,4.171522,9956637,pd-198306,False,0.0,,No metal,True
trometamol,6503.0,2.3672745,9.264255,6503,trometamol,False,0.0,,No metal,True
tfc-007,16040067.0,0.016453503,1.4326642,16040067,tfc-007,False,0.0,,No metal,True
phloroglucin,359.0,-1.3574964,9.82346,359,phloroglucin,False,0.0,,No metal,True
hydrocortisone-phosphate,,1.0959729,7.5324826,,hydrocortisone-phosphate,False,0.0,,No metal,True
barnidipine,443869.0,-1.3362882,5.0389986,443869,barnidipine,False,0.0,,No metal,True
phenindamine,57086802.0,-4.088632,4.294111,57086802,phenindamine,False,0.0,,No metal,True
diphenylpyraline,3103.0,-3.7992544,4.0999856,3103,diphenylpyraline,False,0.0,,No metal,True
berberine,2353.0,15.232151,4.0121465,2353,berberine,False,0.0,,No metal,True
an2718,11845944.0,-1.0360641,10.529146,11845944,an2718,False,0.0,,No metal,True
bromosporine,72943187.0,-0.6229207,1.2310294,72943187,bromosporine,False,0.0,,No metal,True
dpc,57380301.0,-2.9953105,4.839909,57380301,dpc,False,0.0,,No metal,True
ciclesonide,6918155.0,1.1249493,7.3449025,6918155,ciclesonide,False,0.0,,No metal,True
sb-243213,443391.0,0.513773,0.40701687,443391,sb-243213,False,0.0,,No metal,True
furegrelate,3437.0,-0.66990405,-0.60625577,3437,furegrelate,False,0.0,,No metal,True
triflupromazine,5568.0,-3.3986201,3.983753,5568,triflupromazine,False,0.0,,No metal,True
penfluridol,33630.0,1.0096903,0.7761906,33630,penfluridol,False,0.0,,No metal,True
darunavir,213039.0,-0.63700837,5.542335,213039,darunavir,False,0.0,,No metal,True
micafungin,477468.0,1.016599,4.8157773,477468,micafungin,False,0.0,,No metal,True
meptazinol,25271754.0,0.15877678,10.337556,25271754,meptazinol,False,0.0,,No metal,True
ec-23,10314719.0,-3.5185778,4.1864467,10314719,ec-23,False,0.0,,No metal,True
av-412,9806229.0,0.31771302,1.2373326,9806229,av-412,False,0.0,,No metal,True
tolvaptan,443894.0,0.57948756,0.40806943,443894,tolvaptan,False,0.0,,No metal,True
fce-22250,,0.40199503,5.4705577,,fce-22250,False,0.0,,No metal,True
hydroquinone,785.0,-1.4018474,10.183434,785,hydroquinone,False,0.0,,No metal,True
tobramycin,36294.0,0.44840598,6.155952,36294,tobramycin,False,0.0,,No metal,True
cyanopindolol,6604791.0,-2.7371688,5.751874,6604791,cyanopindolol,False,0.0,,No metal,True
cefadroxil,6560167.0,-0.46667525,8.260032,6560167,cefadroxil,False,0.0,,No metal,True
mandelic-acid,11914.0,-1.3508976,10.127706,11914,mandelic-acid,False,0.0,,No metal,True
daphnetin,5280569.0,-4.028481,6.0950055,5280569,daphnetin,False,0.0,,No metal,True
midecamycin,,0.9081728,5.5670543,,midecamycin,False,0.0,,No metal,True
levomequitazine,3246605.0,-3.8070374,4.068847,3246605,levomequitazine,False,0.0,,No metal,True
benzamil,108107.0,-2.3129213,6.1647706,108107,benzamil,False,0.0,,No metal,True
benaxibine,7566768.0,-0.7886049,8.023375,7566768,benaxibine,False,0.0,,No metal,True
anamorelin,9828911.0,0.20391534,1.7893175,9828911,anamorelin,False,0.0,,No metal,True
jnj-27141491,11703589.0,-0.074966796,0.23298422,11703589,jnj-27141491,False,0.0,,No metal,True
oac1,789882.0,-0.6715532,-0.6839249,789882,oac1,False,0.0,,No metal,True
bismuth-subgallate,73415769.0,-0.9675619,8.689224,73415769,bismuth-subgallate,True,1.0,Bi,Contains metal,True
srpin340,2797577.0,-3.176736,4.1740975,2797577,srpin340,False,0.0,,No metal,True
ns-5806,11642685.0,0.57193375,0.81803715,11642685,ns-5806,False,0.0,,No metal,True
trichostatin-a,444732.0,0.036194123,9.120593,444732,trichostatin-a,False,0.0,,No metal,True
ver-49009,4369536.0,-0.58542544,0.9125731,4369536,ver-49009,False,0.0,,No metal,True
geldanamycin,,0.54411083,6.998492,,geldanamycin,False,0.0,,No metal,True
propatylnitrate,66261.0,2.0107331,8.679651,66261,propatylnitrate,False,0.0,,No metal,True
mepivacaine,6918904.0,0.076543644,10.3029175,6918904,mepivacaine,False,0.0,,No metal,True
phikan-083,4722579.0,-0.48362947,-0.83080375,4722579,phikan-083,False,0.0,,No metal,True
tropifexor,,2.0604153,1.8788698,,tropifexor,False,0.0,,No metal,True
pnu-89843,154689.0,-3.7717283,5.056544,154689,pnu-89843,False,0.0,,No metal,True
betamethasone,9782.0,1.7061313,7.898234,9782,betamethasone,False,0.0,,No metal,True
ellagic-acid,5281855.0,-1.1517336,0.37283224,5281855,ellagic-acid,False,0.0,,No metal,True
thiothixene,941651.0,-2.3049111,4.605091,941651,thiothixene,False,0.0,,No metal,True
alanine,7311725.0,3.295237,9.174038,7311725,alanine,False,0.0,,No metal,True
veralipride,989438.0,-0.037713725,8.209182,989438,veralipride,False,0.0,,No metal,True
"3,4-dcpg-(+/-)",6604849.0,-1.2223569,8.62676,6604849,"3,4-dcpg-(+/-)",False,0.0,,No metal,True
piperacillin,43672.0,-0.047534842,7.3913283,43672,piperacillin,False,0.0,,No metal,True
semagacestat,9843750.0,-0.35017166,8.473102,9843750,semagacestat,False,0.0,,No metal,True
xanomeline,60809.0,0.37540615,9.298832,60809,xanomeline,False,0.0,,No metal,True
goserelin-acetate,5311128.0,1.0277514,4.791867,5311128,goserelin-acetate,False,0.0,,No metal,True
bepotastine,25273609.0,-2.242577,4.431504,25273609,bepotastine,False,0.0,,No metal,True
methyldopa,6919173.0,-1.3547192,8.881938,6919173,methyldopa,False,0.0,,No metal,True
amitriptyline,2160.0,-3.8908179,4.1147594,2160,amitriptyline,False,0.0,,No metal,True
gk921,56682080.0,-0.42192155,0.054662507,56682080,gk921,False,0.0,,No metal,True
benzonatate,7699.0,0.786554,6.0960555,7699,benzonatate,False,0.0,,No metal,True
4-carboxy-3-hydroxyphenylglycine-(rs),6604709.0,-1.297169,8.722895,6604709,4-carboxy-3-hydroxyphenylglycine-(rs),False,0.0,,No metal,True
deferasirox-iron-chelate,,3.3697615,1.5514785,,deferasirox-iron-chelate,True,1.0,Fe,Contains metal,True
dmab-anabaseine,9926048.0,-3.716902,4.3081255,9926048,dmab-anabaseine,False,0.0,,No metal,True
sarcosine,7311726.0,3.3272877,9.141014,7311726,sarcosine,False,0.0,,No metal,True
tolonidine,72138.0,-0.5049198,10.051658,72138,tolonidine,False,0.0,,No metal,True
am-92016,6604771.0,-1.6936747,4.9175425,6604771,am-92016,False,0.0,,No metal,True
pyr-41,5335621.0,-1.9401648,5.609462,5335621,pyr-41,False,0.0,,No metal,True
cirazoline,2765.0,-0.27935052,10.115447,2765,cirazoline,False,0.0,,No metal,True
daminozide,72200802.0,2.8199651,9.083782,72200802,daminozide,False,0.0,,No metal,True
floxuridine,5790.0,-1.1298985,8.6205845,5790,floxuridine,False,0.0,,No metal,True
mirodenafil,135497803.0,0.16005409,1.7749826,135497803,mirodenafil,False,0.0,,No metal,True
caracemide,54747.0,2.737522,9.129039,54747,caracemide,False,0.0,,No metal,True
jnj-63533054,2548547.0,-3.358218,5.299203,2548547,jnj-63533054,False,0.0,,No metal,True
ralinepag,,-2.1016934,4.2396235,,ralinepag,False,0.0,,No metal,True
l-168049,5311276.0,3.2806892,0.9840199,5311276,l-168049,False,0.0,,No metal,True
acalisib,11618268.0,2.9039881,2.582653,11618268,acalisib,False,0.0,,No metal,True
methylergometrine,8226.0,-2.9429007,5.620433,8226,methylergometrine,False,0.0,,No metal,True
methylprednisolone-aceponate,63019.0,1.1087298,7.4438157,63019,methylprednisolone-aceponate,False,0.0,,No metal,True
slv-320,,-0.7702337,0.025294572,,slv-320,False,0.0,,No metal,True
retaspimycin,25169033.0,0.49333832,6.7412534,25169033,retaspimycin,False,0.0,,No metal,True
lasofoxifene,3081919.0,0.2671717,2.134159,3081919,lasofoxifene,False,0.0,,No metal,True
xl228,59757974.0,-0.11180015,1.6938813,59757974,xl228,False,0.0,,No metal,True
fluocinonide,9642.0,1.1662323,7.539355,9642,fluocinonide,False,0.0,,No metal,True
cd-1530,9952709.0,0.8181318,0.28597465,9952709,cd-1530,False,0.0,,No metal,True
ci-966,198693.0,-2.2932036,4.174392,198693,ci-966,False,0.0,,No metal,True
cyclothiazide,101691640.0,-0.45154285,8.571157,101691640,cyclothiazide,False,0.0,,No metal,True
decernotinib,59422203.0,-0.4957604,0.9431655,59422203,decernotinib,False,0.0,,No metal,True
cefotiam-cilexetil,,0.06887242,5.814978,,cefotiam-cilexetil,False,0.0,,No metal,True
kh-cb19,91899919.0,-2.9214802,4.9111404,91899919,kh-cb19,False,0.0,,No metal,True
pf-06747775,91668194.0,-0.6756232,1.3687041,91668194,pf-06747775,False,0.0,,No metal,True
avanafil,9869929.0,-0.08639971,1.8093827,9869929,avanafil,False,0.0,,No metal,True
dcp-la,53732028.0,1.7679051,6.5674562,53732028,dcp-la,False,0.0,,No metal,True
centpropazine,7032530.0,-2.2385578,4.624561,7032530,centpropazine,False,0.0,,No metal,True
scmc-lys,193653.0,2.4631228,9.103493,193653,scmc-lys,False,0.0,,No metal,True
skf-96365,6604827.0,0.40632594,0.24400051,6604827,skf-96365,False,0.0,,No metal,True
azd9272,9838729.0,-0.77382207,-0.5169474,9838729,azd9272,False,0.0,,No metal,True
sr-2211,51035449.0,0.8646863,0.7070686,51035449,sr-2211,False,0.0,,No metal,True
idh-305,90415637.0,0.3392383,1.3391201,90415637,idh-305,False,0.0,,No metal,True
ar-42,6918848.0,-2.8091006,5.331394,6918848,ar-42,False,0.0,,No metal,True
toremifene,3005573.0,0.78671277,0.07581003,3005573,toremifene,False,0.0,,No metal,True
12-o-tetradecanoylphorbol-13-acetate,27924.0,0.8051181,6.246096,27924,12-o-tetradecanoylphorbol-13-acetate,False,0.0,,No metal,True
ethoxyquin,3293.0,0.19779365,10.279886,3293,ethoxyquin,False,0.0,,No metal,True
citiolone,7057882.0,3.3596275,8.773744,7057882,citiolone,False,0.0,,No metal,True
exenatide,91935542.0,1.0890983,4.7399507,91935542,exenatide,False,0.0,,No metal,True
althiazide,6604323.0,-0.37042955,8.375292,6604323,althiazide,False,0.0,,No metal,True
isoprenaline,5808.0,-1.044438,9.051235,5808,isoprenaline,False,0.0,,No metal,True
dmnb,88505.0,-0.59599406,9.530396,88505,dmnb,False,0.0,,No metal,True
cdk1-5-inhibitor,438981.0,-1.0283343,-0.26325965,438981,cdk1-5-inhibitor,False,0.0,,No metal,True
guanethidine,3518.0,2.9882417,8.765481,3518,guanethidine,False,0.0,,No metal,True
bms-986020,49792850.0,2.580202,1.3056387,49792850,bms-986020,False,0.0,,No metal,True
cp-724714,9874913.0,2.4058442,1.6828247,9874913,cp-724714,False,0.0,,No metal,True
allopurinol-riboside,135407110.0,-1.7857317,6.591188,135407110,allopurinol-riboside,False,0.0,,No metal,True
pemirolast,57697.0,-1.0977002,0.0019081795,57697,pemirolast,False,0.0,,No metal,True
captopril,44093.0,2.971428,8.707711,44093,captopril,False,0.0,,No metal,True
thioproperazine,9429.0,-2.1814315,4.6490746,9429,thioproperazine,False,0.0,,No metal,True
telratolimod,56833311.0,1.3036321,6.146745,56833311,telratolimod,False,0.0,,No metal,True
azd1208,58423153.0,-2.5557332,5.008499,58423153,azd1208,False,0.0,,No metal,True
warfarin,54688261.0,-0.4658444,-0.3328091,54688261,warfarin,False,0.0,,No metal,True
acetyl-11-keto-beta-boswellic-acid,,1.937877,7.101858,,acetyl-11-keto-beta-boswellic-acid,False,0.0,,No metal,True
oxiperomide,68634.0,-0.30136755,-0.1513607,68634,oxiperomide,False,0.0,,No metal,True
isavuconazole,92043107.0,3.012846,1.5462425,92043107,isavuconazole,False,0.0,,No metal,True
3-alpha-hydroxy-5-beta-androstan-17-one,5880.0,2.8078136,7.485521,5880,3-alpha-hydroxy-5-beta-androstan-17-one,False,0.0,,No metal,True
a-967079,42641861.0,0.13638596,10.307267,42641861,a-967079,False,0.0,,No metal,True
proacipimox,3068148.0,-1.0490992,10.531505,3068148,proacipimox,False,0.0,,No metal,True
fluocinolone-acetonide,6215.0,1.3110275,7.661045,6215,fluocinolone-acetonide,False,0.0,,No metal,True
cu-cpt-4a,53242268.0,0.012356426,-0.10859551,53242268,cu-cpt-4a,False,0.0,,No metal,True
guanidinoethyldisulfide-bicarbonate,3521.0,2.174637,9.001672,3521,guanidinoethyldisulfide-bicarbonate,False,0.0,,No metal,True
ch-5183284,66555680.0,2.9630635,2.5283031,66555680,ch-5183284,False,0.0,,No metal,True
dehydrocholate-acid,6674.0,1.8015143,7.5576725,6674,dehydrocholate-acid,False,0.0,,No metal,True
deflazacort,189821.0,1.2569301,7.6448336,189821,deflazacort,False,0.0,,No metal,True
gsk1059615,23582824.0,-0.5404732,-0.1788034,23582824,gsk1059615,False,0.0,,No metal,True
propylparaben,7175.0,-0.5081537,10.336363,7175,propylparaben,False,0.0,,No metal,True
gs-39783,6604928.0,0.21631956,8.66598,6604928,gs-39783,False,0.0,,No metal,True
tc-e-5002,71735843.0,1.6128923,7.101484,71735843,tc-e-5002,False,0.0,,No metal,True
methyldopate,17277.0,-0.753956,8.96525,17277,methyldopate,False,0.0,,No metal,True
prednisolone-sodium-phosphate,72078.0,1.1768371,7.59007,72078,prednisolone-sodium-phosphate,False,0.0,,No metal,True
solcitinib,44603362.0,-0.32916963,0.28238842,44603362,solcitinib,False,0.0,,No metal,True
ct7001,91844733.0,-0.5293033,1.0595801,91844733,ct7001,False,0.0,,No metal,True
gsk656,133080621.0,-1.052607,8.763501,133080621,gsk656,False,0.0,,No metal,True
n-acetyl-d-glucosamine,1738118.0,1.8372623,9.154211,1738118,n-acetyl-d-glucosamine,False,0.0,,No metal,True
tranexamic-acid,,3.1536047,8.824126,,tranexamic-acid,False,0.0,,No metal,True
ty-52156,16046248.0,-3.0342977,4.1685095,16046248,ty-52156,False,0.0,,No metal,True
azd8186,52913813.0,0.0029674964,0.99456495,52913813,azd8186,False,0.0,,No metal,True
azeliragon,11180124.0,1.5701286,1.6796845,11180124,azeliragon,False,0.0,,No metal,True
ml365,46785920.0,0.18460555,0.012217766,46785920,ml365,False,0.0,,No metal,True
hydroxysafflor-yellow-a,,0.44479805,6.1295753,,hydroxysafflor-yellow-a,False,0.0,,No metal,True
5-fluoropyrimidine,69605.0,-1.030983,10.655838,69605,5-fluoropyrimidine,False,0.0,,No metal,True
birinapant,49836020.0,0.33592355,5.107241,49836020,birinapant,False,0.0,,No metal,True
ro-106-9920,92510314.0,-1.0686983,-0.022152158,92510314,ro-106-9920,False,0.0,,No metal,True
sacubitrilat,10430040.0,-2.0572305,4.9871273,10430040,sacubitrilat,False,0.0,,No metal,True
nk-252,71618700.0,-0.97927576,0.26783353,71618700,nk-252,False,0.0,,No metal,True
naringenin,439246.0,-3.0191433,5.883893,439246,naringenin,False,0.0,,No metal,True
cyclophosphamide,9554282.0,2.9319584,8.411412,9554282,cyclophosphamide,False,0.0,,No metal,True
dr-4485,92211523.0,-2.5331113,4.0543194,92211523,dr-4485,False,0.0,,No metal,True
tyrphostin-ag-494,5328771.0,-2.9072895,5.7732806,5328771,tyrphostin-ag-494,False,0.0,,No metal,True
icrt-14,5967294.0,0.07960429,-0.32577133,5967294,icrt-14,False,0.0,,No metal,True
bs-181,49867929.0,0.16272146,1.2845484,49867929,bs-181,False,0.0,,No metal,True
tg-101209,16722832.0,0.07038256,1.6862754,16722832,tg-101209,False,0.0,,No metal,True
3-carboxy-4-hydroxyphenylglycine-(s),5311460.0,-1.2938225,8.703866,5311460,3-carboxy-4-hydroxyphenylglycine-(s),False,0.0,,No metal,True
mangafodipir,76967443.0,0.038862593,5.9167213,76967443,mangafodipir,True,1.0,Mn,Contains metal,True
dimetindene,6604866.0,-3.7029831,4.083891,6604866,dimetindene,False,0.0,,No metal,True
phenacemide,4753.0,-1.2777634,9.94143,4753,phenacemide,False,0.0,,No metal,True
radezolid,11224409.0,-0.52307504,1.2448268,11224409,radezolid,False,0.0,,No metal,True
ezetimibe,150311.0,0.36066976,0.37833562,150311,ezetimibe,False,0.0,,No metal,True
trelagliptin,15983988.0,-2.8718379,5.824878,15983988,trelagliptin,False,0.0,,No metal,True
etamsylate,17507.0,-1.3700248,9.153485,17507,etamsylate,False,0.0,,No metal,True
phenolsulfonphthalein,4766.0,-0.85732704,0.06061357,4766,phenolsulfonphthalein,False,0.0,,No metal,True
tcs-2314,11226207.0,-1.159333,5.0935464,11226207,tcs-2314,False,0.0,,No metal,True
dobutamine,65324.0,-2.4554625,5.4588165,65324,dobutamine,False,0.0,,No metal,True
aloin,12305761.0,-0.78491354,6.3700027,12305761,aloin,False,0.0,,No metal,True
efavirenz,64139.0,0.38227937,9.961985,64139,efavirenz,False,0.0,,No metal,True
rifamycin-sv,5282048.0,0.4157712,5.4920573,5282048,rifamycin-sv,False,0.0,,No metal,True
apraclonidine,2216.0,-0.57685125,9.792961,2216,apraclonidine,False,0.0,,No metal,True
chlorpromazine,2726.0,-3.6891108,4.0267634,2726,chlorpromazine,False,0.0,,No metal,True
tivozanib,9911830.0,2.4670346,1.6586266,9911830,tivozanib,False,0.0,,No metal,True
lorglumide,13605417.0,0.59746605,7.6048813,13605417,lorglumide,False,0.0,,No metal,True
chloroxine,2722.0,-4.398594,5.1114545,2722,chloroxine,False,0.0,,No metal,True
am-281,4302962.0,0.43801016,0.4383279,4302962,am-281,False,0.0,,No metal,True
moxisylyte,4260.0,0.35226423,9.399921,4260,moxisylyte,False,0.0,,No metal,True
tc-a-2317,24783396.0,-1.8520911,5.427608,24783396,tc-a-2317,False,0.0,,No metal,True
dimercaprol,6971262.0,3.2628279,9.11513,6971262,dimercaprol,False,0.0,,No metal,True
isoniazid,3767.0,-1.3471497,10.146979,3767,isoniazid,False,0.0,,No metal,True
cediranib,9933475.0,2.7101717,1.3907763,9933475,cediranib,False,0.0,,No metal,True
binimetinib,10288191.0,-0.45297977,0.93569493,10288191,binimetinib,False,0.0,,No metal,True
ck-101,117909640.0,2.285642,1.7744596,117909640,ck-101,False,0.0,,No metal,True
vincamine,15376.0,-3.14587,5.049687,15376,vincamine,False,0.0,,No metal,True
v-51,1376860.0,-2.5993445,4.4954023,1376860,v-51,False,0.0,,No metal,True
tenovin-1,1013376.0,-2.8036969,4.9182544,1013376,tenovin-1,False,0.0,,No metal,True
sodium-gualenate,2275.0,2.794526,7.4972024,2275,sodium-gualenate,False,0.0,,No metal,True
carboxypyridine-disulfide,85040.0,-2.6074529,5.594201,85040,carboxypyridine-disulfide,False,0.0,,No metal,True
a-804598,53325874.0,-0.661936,-0.18649106,53325874,a-804598,False,0.0,,No metal,True
adiporon,16307093.0,0.21777661,0.46513483,16307093,adiporon,False,0.0,,No metal,True
ica-069673,10149311.0,-3.8765771,5.197677,10149311,ica-069673,False,0.0,,No metal,True
albendazole-oxide,13805917.0,-3.2519927,5.6568165,13805917,albendazole-oxide,False,0.0,,No metal,True
fk-33-824,,-0.212532,6.002867,,fk-33-824,False,0.0,,No metal,True
gsk2838232,71580991.0,1.1853309,6.1635666,71580991,gsk2838232,False,0.0,,No metal,True
y-27152,6918184.0,-2.6108603,5.0000167,6918184,y-27152,False,0.0,,No metal,True
tiratricol,5803.0,-1.5407577,4.375927,5803,tiratricol,False,0.0,,No metal,True
domiphen,3149.0,15.37544,3.905067,3149,domiphen,False,0.0,,No metal,True
dpo-1,21678144.0,-3.6253045,4.0024915,21678144,dpo-1,False,0.0,,No metal,True
hexylcaine,6604266.0,0.20159116,9.815665,6604266,hexylcaine,False,0.0,,No metal,True
niguldipine-(r)-(-),6918097.0,0.81822056,1.9244466,6918097,niguldipine-(r)-(-),False,0.0,,No metal,True
beta-lapachone,3885.0,-0.07187291,10.232392,3885,beta-lapachone,False,0.0,,No metal,True
osi-027,,2.8815968,1.8358347,,osi-027,False,0.0,,No metal,True
ethyl-vanillin,8467.0,-0.63299394,10.428303,8467,ethyl-vanillin,False,0.0,,No metal,True
doravirine,58460047.0,-0.644784,0.68720096,58460047,doravirine,False,0.0,,No metal,True
avn-492,56655571.0,-0.74604315,0.34632692,56655571,avn-492,False,0.0,,No metal,True
minocycline,129396801.0,-0.1430491,7.2517433,129396801,minocycline,False,0.0,,No metal,True
vonoprazan,15981397.0,-0.50978124,0.063344575,15981397,vonoprazan,False,0.0,,No metal,True
tyrphostin-ag-835,5328769.0,-2.6555305,5.6221123,5328769,tyrphostin-ag-835,False,0.0,,No metal,True
avapritinib,118023034.0,2.6374674,2.3639002,118023034,avapritinib,False,0.0,,No metal,True
ru-58841,132981.0,0.2624841,9.02418,132981,ru-58841,False,0.0,,No metal,True
nor-binaltorphimine,5480230.0,0.25850958,1.997395,5480230,nor-binaltorphimine,False,0.0,,No metal,True
dioxybenzone,8569.0,-3.4748318,5.7336326,8569,dioxybenzone,False,0.0,,No metal,True
digoxin,12940973.0,0.8832474,5.534959,12940973,digoxin,False,0.0,,No metal,True
oxolinic-acid,4628.0,-3.5584345,5.8721247,4628,oxolinic-acid,False,0.0,,No metal,True
mr-16728,92211530.0,0.6278655,9.463842,92211530,mr-16728,False,0.0,,No metal,True
tarafenacin,25147683.0,-2.95988,4.1447597,25147683,tarafenacin,False,0.0,,No metal,True
acrisorcin,24144.0,3.3108282,1.2239639,24144,acrisorcin,False,0.0,,No metal,True
ly2452473,24963749.0,-0.27845645,0.18609099,24963749,ly2452473,False,0.0,,No metal,True
sdz-ser-082,9859407.0,-0.3292597,10.582861,9859407,sdz-ser-082,False,0.0,,No metal,True
psb-603,44185871.0,2.8187199,1.8289884,44185871,psb-603,False,0.0,,No metal,True
cholic-acid,221493.0,2.0372703,7.221679,221493,cholic-acid,False,0.0,,No metal,True
pnu-177864,9887351.0,-2.0294373,4.709845,9887351,pnu-177864,False,0.0,,No metal,True
sb-239063,,-0.28922293,0.25347945,,sb-239063,False,0.0,,No metal,True
terconazole,441383.0,0.29273748,1.350388,441383,terconazole,False,0.0,,No metal,True
kasugamycin,,0.2936695,6.468947,,kasugamycin,False,0.0,,No metal,True
ml193,1261822.0,2.3763165,2.5729828,1261822,ml193,False,0.0,,No metal,True
prn1008,73388818.0,1.8691845,2.1816242,73388818,prn1008,False,0.0,,No metal,True
zosuquidar,,2.7128518,1.3445779,,zosuquidar,False,0.0,,No metal,True
avn-944,9918559.0,0.26920825,1.6172647,9918559,avn-944,False,0.0,,No metal,True
octadecan-1-ol,8221.0,1.7508553,6.545021,8221,octadecan-1-ol,False,0.0,,No metal,True
camylofine-chlorhydrate,51590030.0,0.44532833,8.948991,51590030,camylofine-chlorhydrate,False,0.0,,No metal,True
ro-04-5595,92169474.0,-3.3046207,4.3179216,92169474,ro-04-5595,False,0.0,,No metal,True
a-61603,10804826.0,-0.5286819,8.904393,10804826,a-61603,False,0.0,,No metal,True
poziotinib,25127713.0,0.4239902,1.0522747,25127713,poziotinib,False,0.0,,No metal,True
exemestane,60198.0,2.8132522,7.5161366,60198,exemestane,False,0.0,,No metal,True
levothyroxine,5819.0,-1.3908669,4.3983235,5819,levothyroxine,False,0.0,,No metal,True
on123300,56649281.0,-0.4184056,1.0929638,56649281,on123300,False,0.0,,No metal,True
az960,25099184.0,-0.432014,0.7239008,25099184,az960,False,0.0,,No metal,True
atractylenolide-i,5321018.0,3.1118357,7.8402233,5321018,atractylenolide-i,False,0.0,,No metal,True
nvp-adw742,,2.8025012,1.2855517,,nvp-adw742,False,0.0,,No metal,True
lanoconazole,40729546.0,-3.4949381,4.3603354,40729546,lanoconazole,False,0.0,,No metal,True
isopropamide-iodide,3775.0,15.2577305,4.003496,3775,isopropamide-iodide,False,0.0,,No metal,True
disulfiram,3117.0,2.849202,8.035553,3117,disulfiram,False,0.0,,No metal,True
mk-4074,24964679.0,2.3537078,1.6336229,24964679,mk-4074,False,0.0,,No metal,True
ceftibuten,5282242.0,-0.2515776,7.47105,5282242,ceftibuten,False,0.0,,No metal,True
icosapent,446284.0,1.7896311,6.5929956,446284,icosapent,False,0.0,,No metal,True
sgi-1776,24795070.0,-0.01929987,0.2757933,24795070,sgi-1776,False,0.0,,No metal,True
isepamicin,3037209.0,0.4730877,6.147051,3037209,isepamicin,False,0.0,,No metal,True
cudc-427,71600094.0,0.28067788,1.9347898,71600094,cudc-427,False,0.0,,No metal,True
adaptavir,184644.0,0.8966495,5.022049,184644,adaptavir,False,0.0,,No metal,True
mabuterol,11551355.0,-0.011436416,9.681889,11551355,mabuterol,False,0.0,,No metal,True
pd-184352,6918454.0,-2.4366648,4.1669374,6918454,pd-184352,False,0.0,,No metal,True
dienestrol,667476.0,-3.8820894,4.852179,667476,dienestrol,False,0.0,,No metal,True
tanshinone-iia,164676.0,-3.8624196,4.406327,164676,tanshinone-iia,False,0.0,,No metal,True
succinylcholine-chloride,5314.0,16.304533,3.8140142,5314,succinylcholine-chloride,False,0.0,,No metal,True
efaproxiral,122335.0,-2.601276,4.9069448,122335,efaproxiral,False,0.0,,No metal,True
eipa,1795.0,-0.64106905,8.588335,1795,eipa,False,0.0,,No metal,True
ipa-3,521106.0,3.4632952,1.1598152,521106,ipa-3,False,0.0,,No metal,True
sdz-205-557,5191.0,0.19289634,9.027573,5191,sdz-205-557,False,0.0,,No metal,True
valnoctamide,36689722.0,3.3108928,8.357339,36689722,valnoctamide,False,0.0,,No metal,True
triamcinolone,31307.0,1.5933005,7.937866,31307,triamcinolone,False,0.0,,No metal,True
ruxolitinib,25126798.0,-0.58837,-0.37189302,25126798,ruxolitinib,False,0.0,,No metal,True
pregnenolone-succinate,,1.8650134,7.472296,,pregnenolone-succinate,False,0.0,,No metal,True
vasopressin,133698096.0,0.9017017,4.9854803,133698096,vasopressin,False,0.0,,No metal,True
nab-2,82017756.0,3.5136662,1.154356,82017756,nab-2,False,0.0,,No metal,True
zcl-278,1791111.0,0.17926267,1.7638861,1791111,zcl-278,False,0.0,,No metal,True
didanosine,135398739.0,-3.0927622,6.322983,135398739,didanosine,False,0.0,,No metal,True
amrinone,3698.0,-4.015166,6.0708246,3698,amrinone,False,0.0,,No metal,True
acolbifene,155435.0,0.54792005,0.8599182,155435,acolbifene,False,0.0,,No metal,True
bag-956,24882589.0,2.8176212,2.780612,24882589,bag-956,False,0.0,,No metal,True
cisatracurium,62887.0,16.252947,3.83738,62887,cisatracurium,False,0.0,,No metal,True
procarbazine,4915.0,-0.90488297,9.536751,4915,procarbazine,False,0.0,,No metal,True
amitraz,,-3.6890795,4.0233717,,amitraz,False,0.0,,No metal,True
cis-acpd,231345.0,2.677543,9.207659,231345,cis-acpd,False,0.0,,No metal,True
clofoctol,2799.0,-3.2330482,4.023209,2799,clofoctol,False,0.0,,No metal,True
bay-1251152,,-0.06581155,0.9553687,,bay-1251152,False,0.0,,No metal,True
amg-perk-44,86583045.0,2.4245892,2.6933415,86583045,amg-perk-44,False,0.0,,No metal,True
tp-3654,,0.3757348,0.47419745,,tp-3654,False,0.0,,No metal,True
phenylethyl-alcohol,6054.0,-0.70974964,10.827843,6054,phenylethyl-alcohol,False,0.0,,No metal,True
decoquinate,29112.0,-1.7116334,4.3780985,29112,decoquinate,False,0.0,,No metal,True
oleandrin,11541511.0,0.82841223,7.1315637,11541511,oleandrin,False,0.0,,No metal,True
indisulam,216468.0,-0.77383673,0.6830367,216468,indisulam,False,0.0,,No metal,True
l-name,39836.0,2.0926552,8.930077,39836,l-name,False,0.0,,No metal,True
adenine,190.0,-3.9239898,6.31577,190,adenine,False,0.0,,No metal,True
ampalex,148184.0,-4.181342,5.2320166,148184,ampalex,False,0.0,,No metal,True
sulfadiazine,5215.0,-2.998122,6.1998568,5215,sulfadiazine,False,0.0,,No metal,True
otenzepad,76966449.0,-2.1285203,4.731303,76966449,otenzepad,False,0.0,,No metal,True
licofelone,133021.0,0.6674527,-0.035407953,133021,licofelone,False,0.0,,No metal,True
cd-437,135411.0,0.8072195,0.28545156,135411,cd-437,False,0.0,,No metal,True
jlk-6,3803.0,-4.022441,5.7125273,3803,jlk-6,False,0.0,,No metal,True
quinelorane,57242.0,-0.38380602,9.800074,57242,quinelorane,False,0.0,,No metal,True
motolimod,16049404.0,-2.033388,4.2797465,16049404,motolimod,False,0.0,,No metal,True
tonabersat,6918324.0,-2.598957,4.973531,6918324,tonabersat,False,0.0,,No metal,True
rita,374536.0,-0.6561984,-0.18550128,374536,rita,False,0.0,,No metal,True
sonidegib,24775005.0,0.5961958,0.7588944,24775005,sonidegib,False,0.0,,No metal,True
ebastine,3191.0,0.99357533,0.75950223,3191,ebastine,False,0.0,,No metal,True
delgocitinib,50914062.0,-2.9808712,5.806461,50914062,delgocitinib,False,0.0,,No metal,True
deslorelin,25077495.0,0.986525,4.8262506,25077495,deslorelin,False,0.0,,No metal,True
"l-655,708",5311203.0,-3.054548,5.2365446,5311203,"l-655,708",False,0.0,,No metal,True
way-170523,9830392.0,2.023504,2.5003333,9830392,way-170523,False,0.0,,No metal,True
nicorandil,47528.0,-0.74534744,9.256054,47528,nicorandil,False,0.0,,No metal,True
meluadrine,92261245.0,-0.39768738,9.843446,92261245,meluadrine,False,0.0,,No metal,True
elvitegravir,5277135.0,0.19299796,0.7849324,5277135,elvitegravir,False,0.0,,No metal,True
brimonidine,2435.0,-3.3286693,5.9626956,2435,brimonidine,False,0.0,,No metal,True
ranolazine,13560750.0,-1.5831153,5.097121,13560750,ranolazine,False,0.0,,No metal,True
n6-methyladenosine,102175.0,-1.8056072,6.567964,102175,n6-methyladenosine,False,0.0,,No metal,True
azd3759,78209992.0,-0.024270028,1.078643,78209992,azd3759,False,0.0,,No metal,True
secoisolariciresinol-diglucoside,9917980.0,0.34502706,5.657114,9917980,secoisolariciresinol-diglucoside,False,0.0,,No metal,True
drf053-(r),25168304.0,2.522033,1.768233,25168304,drf053-(r),False,0.0,,No metal,True
hydrochlorothiazide,3639.0,-1.0222784,8.707046,3639,hydrochlorothiazide,False,0.0,,No metal,True
brexpiprazole,11978813.0,3.1167111,1.2349464,11978813,brexpiprazole,False,0.0,,No metal,True
ascomycin,134129697.0,0.7812226,5.7695246,134129697,ascomycin,False,0.0,,No metal,True
hydroxyprogesterone-acetate,10156152.0,2.3668919,7.441681,10156152,hydroxyprogesterone-acetate,False,0.0,,No metal,True
leuprolide,657181.0,1.003552,4.8104186,657181,leuprolide,False,0.0,,No metal,True
mrs-1334,6604859.0,0.40770733,1.5790454,6604859,mrs-1334,False,0.0,,No metal,True
triflusal,9458.0,-0.21019539,9.985421,9458,triflusal,False,0.0,,No metal,True
rs-102221,3693566.0,-0.53089374,5.395231,3693566,rs-102221,False,0.0,,No metal,True
cyclopenthiazide,6604279.0,-0.43032032,8.562789,6604279,cyclopenthiazide,False,0.0,,No metal,True
minaprine,4199.0,-3.1132088,5.044281,4199,minaprine,False,0.0,,No metal,True
mannitol-d,6251.0,1.83461,9.195249,6251,mannitol-d,False,0.0,,No metal,True
way-207024,11496610.0,2.6742074,2.7408426,11496610,way-207024,False,0.0,,No metal,True
chir-124,135399748.0,3.3523695,1.5626975,135399748,chir-124,False,0.0,,No metal,True
deltarasin,73292904.0,2.2620332,2.623195,73292904,deltarasin,False,0.0,,No metal,True
toloxatone,13753599.0,-0.6180789,10.219157,13753599,toloxatone,False,0.0,,No metal,True
pivampicillin,33478.0,0.10595782,7.6204033,33478,pivampicillin,False,0.0,,No metal,True
levallorphan,5359371.0,0.35634455,10.106031,5359371,levallorphan,False,0.0,,No metal,True
alinidine,36354.0,0.12759335,10.16228,36354,alinidine,False,0.0,,No metal,True
mubritinib,6444692.0,2.5197263,1.3912638,6444692,mubritinib,False,0.0,,No metal,True
zaldaride,92460626.0,3.499589,1.34837,92460626,zaldaride,False,0.0,,No metal,True
farampator,4118151.0,-4.0550914,5.481959,4118151,farampator,False,0.0,,No metal,True
heclin,7464118.0,-3.4919894,4.8767095,7464118,heclin,False,0.0,,No metal,True
cyclopamine,442972.0,2.3663015,7.378693,442972,cyclopamine,False,0.0,,No metal,True
maribavir,471161.0,-2.143469,5.7378774,471161,maribavir,False,0.0,,No metal,True
krn-633,9549295.0,0.046348944,1.0909294,9549295,krn-633,False,0.0,,No metal,True
ym-155,10126189.0,15.216653,4.0296445,10126189,ym-155,False,0.0,,No metal,True
cct245737,72165232.0,-1.7850924,5.740117,72165232,cct245737,False,0.0,,No metal,True
piroxicam,54676228.0,-2.7842183,5.973443,54676228,piroxicam,False,0.0,,No metal,True
avatrombopag,9852519.0,0.6696163,1.8879614,9852519,avatrombopag,False,0.0,,No metal,True
ramipril,6992028.0,0.18668222,8.170673,6992028,ramipril,False,0.0,,No metal,True
gsk3179106,78427026.0,0.32677904,1.1738002,78427026,gsk3179106,False,0.0,,No metal,True
pelitinib,6445562.0,0.33998427,1.2955292,6445562,pelitinib,False,0.0,,No metal,True
3-matida,92327883.0,-1.1624188,9.14866,92327883,3-matida,False,0.0,,No metal,True
aceneuramic-acid,445063.0,1.6141422,8.948033,445063,aceneuramic-acid,False,0.0,,No metal,True
anguidine,91518.0,1.611116,7.8849936,91518,anguidine,False,0.0,,No metal,True
pgl5001,76969933.0,2.6841578,1.7402396,76969933,pgl5001,False,0.0,,No metal,True
etomoxir,9840324.0,0.5434744,9.102659,9840324,etomoxir,False,0.0,,No metal,True
am-404,6604822.0,1.4467037,6.413843,6604822,am-404,False,0.0,,No metal,True
flumexadol,76971765.0,-0.18644984,10.449037,76971765,flumexadol,False,0.0,,No metal,True
delcasertib,56843747.0,1.0914336,4.736624,56843747,delcasertib,False,0.0,,No metal,True
pf-3274167,11683187.0,-0.16772544,1.0800097,11683187,pf-3274167,False,0.0,,No metal,True
odanacatib,10152654.0,-1.4038538,4.816633,10152654,odanacatib,False,0.0,,No metal,True
amsacrine,2179.0,3.2401168,1.4433697,2179,amsacrine,False,0.0,,No metal,True
temozolomide,5394.0,-3.5906222,6.4363923,5394,temozolomide,False,0.0,,No metal,True
tepp-46,60156291.0,3.3463297,1.8050214,60156291,tepp-46,False,0.0,,No metal,True
glasdegib,25166913.0,-0.36994305,0.5814395,25166913,glasdegib,False,0.0,,No metal,True
mk-8033,45142457.0,2.750543,2.5495603,45142457,mk-8033,False,0.0,,No metal,True
dim-c-pphco2me,15637614.0,2.846749,2.5554495,15637614,dim-c-pphco2me,False,0.0,,No metal,True
moroxydine,71655.0,2.724283,9.2634535,71655,moroxydine,False,0.0,,No metal,True
talazoparib,135565082.0,3.3397946,1.8336254,135565082,talazoparib,False,0.0,,No metal,True
cromakalim,76968376.0,-1.0568285,5.098549,76968376,cromakalim,False,0.0,,No metal,True
closantel,72715766.0,0.82272935,0.8344477,72715766,closantel,False,0.0,,No metal,True
xmd17-109,71604307.0,0.5638097,1.9751022,71604307,xmd17-109,False,0.0,,No metal,True
h-151,7616033.0,-0.27536407,-0.46344453,7616033,h-151,False,0.0,,No metal,True
bw-723c86,40418385.0,-0.49612337,-0.31565097,40418385,bw-723c86,False,0.0,,No metal,True
"1,4-butanediol",8064.0,3.3335311,9.0973625,8064,"1,4-butanediol",False,0.0,,No metal,True
carfilzomib,11556711.0,0.21976961,5.4819093,11556711,carfilzomib,False,0.0,,No metal,True
nifenalol,202035.0,-0.48176876,9.506738,202035,nifenalol,False,0.0,,No metal,True
2-hydroxysaclofen,7005135.0,-0.92377657,8.94615,7005135,2-hydroxysaclofen,False,0.0,,No metal,True
metamizole,3111.0,-3.0991585,5.959586,3111,metamizole,False,0.0,,No metal,True
ml130,1088438.0,-0.889618,-0.40722734,1088438,ml130,False,0.0,,No metal,True
inosine,135398641.0,-1.8159027,6.5849233,135398641,inosine,False,0.0,,No metal,True
icaritin,5318980.0,-0.4344467,0.86385113,5318980,icaritin,False,0.0,,No metal,True
felbinac,3332.0,-4.2543573,5.037945,3332,felbinac,False,0.0,,No metal,True
fumonisin-b1,2733487.0,0.38832453,5.7439446,2733487,fumonisin-b1,False,0.0,,No metal,True
fentiazac,28871.0,-0.09538828,-0.42872936,28871,fentiazac,False,0.0,,No metal,True
ly2228820,11539025.0,3.2273474,1.2513486,11539025,ly2228820,False,0.0,,No metal,True
piretanide,4849.0,-2.3368905,5.508223,4849,piretanide,False,0.0,,No metal,True
pnu-74654,9836739.0,-0.17490226,-0.18176678,9836739,pnu-74654,False,0.0,,No metal,True
pyrantel,8546.0,3.2640817,1.6308223,8546,pyrantel,False,0.0,,No metal,True
cpa-inhibitor,124386386.0,-2.8200994,5.284378,124386386,cpa-inhibitor,False,0.0,,No metal,True
bw-373u86,119029.0,-2.1579006,4.289411,119029,bw-373u86,False,0.0,,No metal,True
eptifibatide,134812820.0,0.40781987,5.620624,134812820,eptifibatide,False,0.0,,No metal,True
lxr-623,16734800.0,3.4286094,1.0382475,16734800,lxr-623,False,0.0,,No metal,True
gabazine,107896.0,-2.8831499,5.644488,107896,gabazine,False,0.0,,No metal,True
cct196969,42628843.0,2.3442106,2.5856454,42628843,cct196969,False,0.0,,No metal,True
hepsulfam,100606.0,2.0182786,8.68286,100606,hepsulfam,False,0.0,,No metal,True
sultiame,5356.0,-0.84258294,9.355746,5356,sultiame,False,0.0,,No metal,True
ro-3306,135400873.0,-0.27829525,-0.17604282,135400873,ro-3306,False,0.0,,No metal,True
perindopril,40466996.0,1.7028172,8.174073,40466996,perindopril,False,0.0,,No metal,True
dup-697,3177.0,0.22211318,-0.40233493,3177,dup-697,False,0.0,,No metal,True
"1-((z)-3-chloroallyl)-1,3,5,7-tetraazaadamantan-1-ium",5846454.0,14.939533,4.3230114,5846454,"1-((z)-3-chloroallyl)-1,3,5,7-tetraazaadamantan-1-ium",False,0.0,,No metal,True
lazertinib,121269225.0,2.038166,2.0559216,121269225,lazertinib,False,0.0,,No metal,True
teniposide,452548.0,0.4017519,2.4007974,452548,teniposide,False,0.0,,No metal,True
nicergoline,34040.0,0.15487817,0.36651975,34040,nicergoline,False,0.0,,No metal,True
rg7800,89741565.0,3.3608992,1.654568,89741565,rg7800,False,0.0,,No metal,True
tiplaxtinin,6450819.0,3.2577238,1.1141754,6450819,tiplaxtinin,False,0.0,,No metal,True
alexidine,40488318.0,0.7312587,6.1950445,40488318,alexidine,False,0.0,,No metal,True
valaciclovir,135398742.0,-1.8701493,6.259089,135398742,valaciclovir,False,0.0,,No metal,True
5-octanoylsalicylic-acid,9838158.0,0.22533567,9.280295,9838158,5-octanoylsalicylic-acid,False,0.0,,No metal,True
carebastine,65820.0,0.87591577,1.0539129,65820,carebastine,False,0.0,,No metal,True
ryuvidine,481747.0,-3.3750708,5.0795336,481747,ryuvidine,False,0.0,,No metal,True
sbi-115,18879973.0,-2.7782197,5.208948,18879973,sbi-115,False,0.0,,No metal,True
epinastine,15629776.0,-4.0715623,5.300305,15629776,epinastine,False,0.0,,No metal,True
colforsin-daproate,444029.0,0.6401337,7.1418715,444029,colforsin-daproate,False,0.0,,No metal,True
gdc-0879,11717001.0,-0.8213606,0.19579184,11717001,gdc-0879,False,0.0,,No metal,True
guanadrel,45356255.0,2.7979403,8.909197,45356255,guanadrel,False,0.0,,No metal,True
n-methylformamide,31254.0,3.4349236,8.987478,31254,n-methylformamide,False,0.0,,No metal,True
estramustine-phosphate,259329.0,0.5182332,7.868001,259329,estramustine-phosphate,False,0.0,,No metal,True
apoptosis-activator-ii,1901244.0,-4.0173864,4.47653,1901244,apoptosis-activator-ii,False,0.0,,No metal,True
sodium-dodecyl-sulfate,,1.6337296,7.1180787,,sodium-dodecyl-sulfate,True,1.0,Na,Contains metal,True
tc-g-1005,71450251.0,0.39832905,0.13214485,71450251,tc-g-1005,False,0.0,,No metal,True
ametantrone,2134.0,-1.0418948,5.809125,2134,ametantrone,False,0.0,,No metal,True
pacritinib,46216796.0,0.27266625,0.9798955,46216796,pacritinib,False,0.0,,No metal,True
ruboxistaurin,153999.0,3.3503802,1.5397282,153999,ruboxistaurin,False,0.0,,No metal,True
abacavir,441300.0,-2.6663492,6.1602097,441300,abacavir,False,0.0,,No metal,True
emoxipin,114681.0,-0.6429962,10.774017,114681,emoxipin,False,0.0,,No metal,True
tyrphostin-ag-18,2052.0,-0.8976028,9.658744,2052,tyrphostin-ag-18,False,0.0,,No metal,True
meticrane,4165.0,-0.8228578,9.405477,4165,meticrane,False,0.0,,No metal,True
terazosin,1398859.0,-1.8916024,5.6130447,1398859,terazosin,False,0.0,,No metal,True
thiamylal,3033021.0,2.8070593,8.526774,3033021,thiamylal,False,0.0,,No metal,True
5-bdbd,9841560.0,-0.2127987,-0.4860844,9841560,5-bdbd,False,0.0,,No metal,True
thiopental,3033017.0,2.8562276,8.580089,3033017,thiopental,False,0.0,,No metal,True
calcitriol,5280453.0,2.0154185,7.0764346,5280453,calcitriol,False,0.0,,No metal,True
thiostrepton,16154490.0,1.0543845,4.7715507,16154490,thiostrepton,False,0.0,,No metal,True
metharbital,4099.0,3.1091483,8.693696,4099,metharbital,False,0.0,,No metal,True
"3,4-dcpg-(r)",6604849.0,-1.2200274,8.636497,6604849,"3,4-dcpg-(r)",False,0.0,,No metal,True
abt-737,11228183.0,1.7624359,2.6805642,11228183,abt-737,False,0.0,,No metal,True
octisalate,1550885.0,0.32143107,9.587692,1550885,octisalate,False,0.0,,No metal,True
serotonin,5202.0,-3.9415352,5.983753,5202,serotonin,False,0.0,,No metal,True
diclofensine,23872188.0,-3.8630857,4.0984173,23872188,diclofensine,False,0.0,,No metal,True
mizolastine,65906.0,3.2258346,1.5899267,65906,mizolastine,False,0.0,,No metal,True
desvenlafaxine,12018336.0,-0.077264026,9.713975,12018336,desvenlafaxine,False,0.0,,No metal,True
fenofibric-acid,64929.0,-3.0748827,4.789357,64929,fenofibric-acid,False,0.0,,No metal,True
licostinel,5486198.0,-3.1184947,6.099374,5486198,licostinel,False,0.0,,No metal,True
mk-8245,24988881.0,-0.37536156,1.4126014,24988881,mk-8245,False,0.0,,No metal,True
cyc116,6420138.0,-0.50231594,0.9735477,6420138,cyc116,False,0.0,,No metal,True
hygromycin-b,91617579.0,0.45663416,6.1516466,91617579,hygromycin-b,False,0.0,,No metal,True
tenidap,,-3.2689126,5.1275234,,tenidap,False,0.0,,No metal,True
rigosertib,6918736.0,-1.1985046,5.319293,6918736,rigosertib,False,0.0,,No metal,True
etosalamide,208946.0,-0.3635297,9.640491,208946,etosalamide,False,0.0,,No metal,True
forskolin,47936.0,1.4037151,7.742232,47936,forskolin,False,0.0,,No metal,True
rsv604,5279172.0,-0.19448595,0.48470816,5279172,rsv604,False,0.0,,No metal,True
nkp-1339,,16.299927,3.8150454,,nkp-1339,True,1.0,Ru,Contains metal,True
dapoxetine,71353.0,0.31100583,-0.4321123,71353,dapoxetine,False,0.0,,No metal,True
sc-144,400169.0,3.3800442,1.8307608,400169,sc-144,False,0.0,,No metal,True
triamcinolone-hexacetonide,21826.0,1.0795567,7.392235,21826,triamcinolone-hexacetonide,False,0.0,,No metal,True
ly2584702,25118925.0,3.3228242,1.5071027,25118925,ly2584702,False,0.0,,No metal,True
tak-901,16124208.0,2.7582858,1.4895146,16124208,tak-901,False,0.0,,No metal,True
adx-47273,11383075.0,-0.020966986,-0.20381542,11383075,adx-47273,False,0.0,,No metal,True
hbed,37336.0,-1.4667352,5.5669737,37336,hbed,False,0.0,,No metal,True
urea,1176.0,3.2765336,9.209937,1176,urea,False,0.0,,No metal,True
fenoxaprop-p-ethyl,91707.0,0.02703938,0.3621615,91707,fenoxaprop-p-ethyl,False,0.0,,No metal,True
cfm-1571,9844347.0,0.11447528,0.72100323,9844347,cfm-1571,False,0.0,,No metal,True
malotilate,4006.0,2.798187,7.984323,4006,malotilate,False,0.0,,No metal,True
amg319,133547162.0,2.8714356,2.6327658,133547162,amg319,False,0.0,,No metal,True
ethosuximide,10630591.0,3.3865156,8.82875,10630591,ethosuximide,False,0.0,,No metal,True
indole-3-pyrubate,85336038.0,-3.9065862,6.0000796,85336038,indole-3-pyrubate,False,0.0,,No metal,True
panipenem,,1.9238284,8.504508,,panipenem,False,0.0,,No metal,True
estradiol-3-o-sulfamate,6918339.0,-0.08998204,9.164945,6918339,estradiol-3-o-sulfamate,False,0.0,,No metal,True
clocortolone-pivalate,5282493.0,1.6965537,7.433737,5282493,clocortolone-pivalate,False,0.0,,No metal,True
butyl-paraben,7184.0,-0.32721433,10.207109,7184,butyl-paraben,False,0.0,,No metal,True
aminomethyltransferase,7059445.0,3.4157104,8.809135,7059445,aminomethyltransferase,False,0.0,,No metal,True
diquafosol,148197.0,0.54650635,5.5056443,148197,diquafosol,False,0.0,,No metal,True
detomidine,56032.0,-4.447037,5.155403,56032,detomidine,False,0.0,,No metal,True
navitoclax,24978538.0,1.713814,2.7780473,24978538,navitoclax,False,0.0,,No metal,True
ampa-(s),7000183.0,-1.2828854,8.943127,7000183,ampa-(s),False,0.0,,No metal,True
carbetapentane,2562.0,0.51944333,9.080789,2562,carbetapentane,False,0.0,,No metal,True
meparfylon,6494.0,3.5302544,8.606555,6494,meparfylon,False,0.0,,No metal,True
phenacetin,4754.0,-0.4361629,10.556912,4754,phenacetin,False,0.0,,No metal,True
thiodiglycol,5447.0,3.1621797,9.040845,5447,thiodiglycol,False,0.0,,No metal,True
vortioxetine,9966051.0,-3.7156923,4.584522,9966051,vortioxetine,False,0.0,,No metal,True
benserazide,657280.0,-0.85317606,8.074481,657280,benserazide,False,0.0,,No metal,True
naquotinib,71667668.0,-0.6957565,5.5848784,71667668,naquotinib,False,0.0,,No metal,True
epristeride,68741.0,2.1976848,7.283021,68741,epristeride,False,0.0,,No metal,True
methoprene-(s),1711973.0,1.878412,6.9870543,1711973,methoprene-(s),False,0.0,,No metal,True
immepip,3035842.0,-1.3438116,10.131234,3035842,immepip,False,0.0,,No metal,True
dapiprazole,3033538.0,-3.3141425,4.877079,3033538,dapiprazole,False,0.0,,No metal,True
quinaprilat,107994.0,-1.7326816,5.3096375,107994,quinaprilat,False,0.0,,No metal,True
trofinetide,3080768.0,1.9086227,8.833896,3080768,trofinetide,False,0.0,,No metal,True
wz-3146,44607360.0,0.22761922,1.3642161,44607360,wz-3146,False,0.0,,No metal,True
ici-169369,122265.0,0.04727297,-0.5208463,122265,ici-169369,False,0.0,,No metal,True
buramate,20787.0,-1.0115261,9.727315,20787,buramate,False,0.0,,No metal,True
chromocarb,2741.0,-4.1502585,5.807809,2741,chromocarb,False,0.0,,No metal,True
canagliflozin,24812758.0,-0.5589829,1.1785177,24812758,canagliflozin,False,0.0,,No metal,True
aminopurvalanol-a,6604931.0,-0.3246018,1.3205851,6604931,aminopurvalanol-a,False,0.0,,No metal,True
fisogatinib,91885617.0,0.23453307,1.4816592,91885617,fisogatinib,False,0.0,,No metal,True
bia-10-2474,46831476.0,-3.5951302,5.1211295,46831476,bia-10-2474,False,0.0,,No metal,True
triclabendazole,50248.0,0.17422953,-0.37960505,50248,triclabendazole,False,0.0,,No metal,True
mivobulin,,-2.437807,5.57046,,mivobulin,False,0.0,,No metal,True
rogaratinib,71611869.0,2.7907286,1.9740671,71611869,rogaratinib,False,0.0,,No metal,True
ciproxifan,6422124.0,-3.4701424,4.958012,6422124,ciproxifan,False,0.0,,No metal,True
defactinib,25117126.0,-0.033927172,1.8749604,25117126,defactinib,False,0.0,,No metal,True
ifosfamide,9588020.0,2.9210167,8.41681,9588020,ifosfamide,False,0.0,,No metal,True
brigatinib,68165256.0,0.4615874,1.8690776,68165256,brigatinib,False,0.0,,No metal,True
raf265,11656518.0,2.4684408,2.65062,11656518,raf265,False,0.0,,No metal,True
sb-657510,11272107.0,-1.9061763,4.720637,11272107,sb-657510,False,0.0,,No metal,True
trazodone,5533.0,-0.38305396,0.094361156,5533,trazodone,False,0.0,,No metal,True
diphenylguanidine,7594.0,-3.9878342,5.405423,7594,diphenylguanidine,False,0.0,,No metal,True
lometrexol,135413518.0,-0.36428598,6.083325,135413518,lometrexol,False,0.0,,No metal,True
"7,8,9,10-tetrahydroazepino[2,1-b]quinazolin-12(6h)-one",,-0.12665674,10.451127,,"7,8,9,10-tetrahydroazepino[2,1-b]quinazolin-12(6h)-one",False,0.0,,No metal,True
remoxipride,54477.0,0.24339063,9.047203,54477,remoxipride,False,0.0,,No metal,True
mepenzolate,13981865.0,15.234138,4.021697,13981865,mepenzolate,False,0.0,,No metal,True
cgs-21680,3086599.0,-0.2815438,6.044398,3086599,cgs-21680,False,0.0,,No metal,True
usniacin-(+),,-0.3828674,8.76263,,usniacin-(+),False,0.0,,No metal,True
"16,16-dimethylprostaglandin-e2",5283066.0,1.4803591,7.0233374,5283066,"16,16-dimethylprostaglandin-e2",False,0.0,,No metal,True
bmy-45778,127861.0,2.5834136,2.6771462,127861,bmy-45778,False,0.0,,No metal,True
lpa2-antagonist-1,24882686.0,0.10378646,1.1772654,24882686,lpa2-antagonist-1,False,0.0,,No metal,True
chlorothiazide,2720.0,-0.9058891,8.961661,2720,chlorothiazide,False,0.0,,No metal,True
enoxolone,10114.0,2.0750139,7.147397,10114,enoxolone,False,0.0,,No metal,True
copper-histidine,71083.0,-1.3349831,9.106251,71083,copper-histidine,False,0.0,,No metal,True
scs,135445765.0,-3.0113866,5.9106903,135445765,scs,False,0.0,,No metal,True
dalbavancin,16134627.0,1.0593839,4.7621617,16134627,dalbavancin,False,0.0,,No metal,True
1-octanol,957.0,3.2766628,8.295778,957,1-octanol,False,0.0,,No metal,True
"4-acetyl-1,1-dimethylpiperazinium",4392675.0,14.946862,4.3275547,4392675,"4-acetyl-1,1-dimethylpiperazinium",False,0.0,,No metal,True
phenylmercuric-acetate,9905811.0,-0.43664685,10.398127,9905811,phenylmercuric-acetate,True,1.0,Hg,Contains metal,True
vismodegib,24776445.0,0.12830704,0.21647751,24776445,vismodegib,False,0.0,,No metal,True
methanesulfonyl-fluoride,11207.0,3.4925866,8.789244,11207,methanesulfonyl-fluoride,False,0.0,,No metal,True
thiamphenicol,27200.0,-0.40119725,8.473663,27200,thiamphenicol,False,0.0,,No metal,True
enflurane,7059516.0,3.4321313,8.160315,7059516,enflurane,False,0.0,,No metal,True
pravadoline,56463.0,0.0146180745,0.08502887,56463,pravadoline,False,0.0,,No metal,True
apy-29,42627755.0,3.185023,1.7644863,42627755,apy-29,False,0.0,,No metal,True
ipi549,91933883.0,2.5761335,2.5801752,91933883,ipi549,False,0.0,,No metal,True
uk-356618,10370504.0,0.70595413,1.528792,10370504,uk-356618,False,0.0,,No metal,True
salicylanilide,6872.0,-3.9405985,5.526622,6872,salicylanilide,False,0.0,,No metal,True
cj-033466,10429706.0,-2.550846,5.0903006,10429706,cj-033466,False,0.0,,No metal,True
bctc,9929425.0,-3.1249292,4.1729875,9929425,bctc,False,0.0,,No metal,True
tebipenem,9892071.0,0.5647946,7.26378,9892071,tebipenem,False,0.0,,No metal,True
alverine,3678.0,-3.4652371,4.037718,3678,alverine,False,0.0,,No metal,True
enalaprilat,5462501.0,-0.1938078,8.418815,5462501,enalaprilat,False,0.0,,No metal,True
glyburide,3488.0,-1.3334268,5.0506105,3488,glyburide,False,0.0,,No metal,True
gsk3326595,90241742.0,-1.4847679,5.651461,90241742,gsk3326595,False,0.0,,No metal,True
ubp-310,6420160.0,-2.058926,6.16426,6420160,ubp-310,False,0.0,,No metal,True
inositol,,1.9586769,9.23642,,inositol,False,0.0,,No metal,True
nimorazole,23009.0,-0.62770694,9.411193,23009,nimorazole,False,0.0,,No metal,True
hth-01-015,78357766.0,2.878825,1.7022405,78357766,hth-01-015,False,0.0,,No metal,True
raltegravir,54671008.0,-0.59494615,1.5298643,54671008,raltegravir,False,0.0,,No metal,True
cabagin,7098638.0,14.931814,4.332276,7098638,cabagin,False,0.0,,No metal,True
tetracaine,5411.0,0.1787259,9.202271,5411,tetracaine,False,0.0,,No metal,True
az-12080282,25253556.0,3.2685406,1.3382437,25253556,az-12080282,False,0.0,,No metal,True
tolterodine,443879.0,-3.131408,4.0458374,443879,tolterodine,False,0.0,,No metal,True
benzyl-isothiocyanate,2346.0,-0.40225586,10.739522,2346,benzyl-isothiocyanate,False,0.0,,No metal,True
upamostat,9852201.0,-0.41758692,5.171149,9852201,upamostat,False,0.0,,No metal,True
dihydroxyphenylglycine,10197959.0,-1.4059274,9.006957,10197959,dihydroxyphenylglycine,False,0.0,,No metal,True
monoctanoin,3085369.0,2.7322278,8.529206,3085369,monoctanoin,False,0.0,,No metal,True
carbenoxolone,636403.0,1.6983271,7.0404677,636403,carbenoxolone,False,0.0,,No metal,True
nim811,6473876.0,0.7475325,5.291627,6473876,nim811,False,0.0,,No metal,True
tinidazole,5479.0,-0.63131,9.359203,5479,tinidazole,False,0.0,,No metal,True
pagoclone,25273635.0,0.45098352,0.3180797,25273635,pagoclone,False,0.0,,No metal,True
lixivaptan,172997.0,3.3916254,1.0491682,172997,lixivaptan,False,0.0,,No metal,True
tiaprofenic-acid,181380.0,-3.7379827,5.0068493,181380,tiaprofenic-acid,False,0.0,,No metal,True
felodipine,941699.0,0.33719307,9.100087,941699,felodipine,False,0.0,,No metal,True
cefazolin,33255.0,-0.47020596,6.204062,33255,cefazolin,False,0.0,,No metal,True
amonafide,50515.0,-3.469526,5.7078977,50515,amonafide,False,0.0,,No metal,True
flupirtine,53276.0,-2.5399456,5.568915,53276,flupirtine,False,0.0,,No metal,True
meropenem,441130.0,1.7800978,8.41379,441130,meropenem,False,0.0,,No metal,True
clotrimazole,2812.0,3.5450778,1.093832,2812,clotrimazole,False,0.0,,No metal,True
clorsulon,43231.0,-0.47490603,8.509316,43231,clorsulon,False,0.0,,No metal,True
dppe,108092.0,-3.478874,4.115064,108092,dppe,False,0.0,,No metal,True
kinetin,3830.0,-1.0764554,-0.07925116,3830,kinetin,False,0.0,,No metal,True
peposertib,86292849.0,2.7674391,1.806066,86292849,peposertib,False,0.0,,No metal,True
seclidemstat,135565033.0,-1.9176264,5.454555,135565033,seclidemstat,False,0.0,,No metal,True
lenvatinib,9823820.0,-0.3187439,1.0686946,9823820,lenvatinib,False,0.0,,No metal,True
verubulin,11414799.0,-0.48794985,-0.69632185,11414799,verubulin,False,0.0,,No metal,True
calcifediol,5283731.0,2.0523024,6.99109,5283731,calcifediol,False,0.0,,No metal,True
ml3403,10938334.0,3.3143902,1.1025068,10938334,ml3403,False,0.0,,No metal,True
birt-377,9803375.0,-3.0720317,4.09927,9803375,birt-377,False,0.0,,No metal,True
desoxycortone,6166.0,2.5394468,7.5195813,6166,desoxycortone,False,0.0,,No metal,True
y16,989521.0,0.13916844,0.10744287,989521,y16,False,0.0,,No metal,True
mycophenolic-acid,446541.0,0.089158766,8.797448,446541,mycophenolic-acid,False,0.0,,No metal,True
rosoxacin,287180.0,-0.74540377,-0.5180364,287180,rosoxacin,False,0.0,,No metal,True
w-54011,59597209.0,0.9650259,0.64838946,59597209,w-54011,False,0.0,,No metal,True
piracetam,4843.0,3.2886782,9.000769,4843,piracetam,False,0.0,,No metal,True
salsolinol-1-carboxylic-acid,6992720.0,-1.3735347,9.012112,6992720,salsolinol-1-carboxylic-acid,False,0.0,,No metal,True
alagebrium,216305.0,15.139713,4.1200867,216305,alagebrium,False,0.0,,No metal,True
nsc-697923,394449.0,-3.2924767,5.286951,394449,nsc-697923,False,0.0,,No metal,True
s-sulfo-l-cysteine,7068808.0,2.3379078,9.087422,7068808,s-sulfo-l-cysteine,False,0.0,,No metal,True
5-fluorouracil,3385.0,-1.3347851,10.200077,3385,5-fluorouracil,False,0.0,,No metal,True
e-2001,129687.0,0.45292294,-0.021632852,129687,e-2001,False,0.0,,No metal,True
ripazepam,33474.0,-3.764677,5.496425,33474,ripazepam,False,0.0,,No metal,True
phenylbenzimidazole-sulfonic-acid,33919.0,-0.92146766,-0.33437777,33919,phenylbenzimidazole-sulfonic-acid,False,0.0,,No metal,True
cipamfylline,71356.0,-3.014617,6.107431,71356,cipamfylline,False,0.0,,No metal,True
emiglitate,72004.0,-0.30937678,7.698313,72004,emiglitate,False,0.0,,No metal,True
eg00229,44631827.0,-0.3171551,6.03416,44631827,eg00229,False,0.0,,No metal,True
ly2979165,53246986.0,-0.5634408,7.932187,53246986,ly2979165,False,0.0,,No metal,True
sd-2590,9892815.0,-1.1506747,5.2343974,9892815,sd-2590,False,0.0,,No metal,True
"5-(4chlorophenyl)-4-ethyl-2,4-dihydro-3h-1,2,4-triazol-3-one",35793.0,-4.185916,5.481304,35793,"5-(4chlorophenyl)-4-ethyl-2,4-dihydro-3h-1,2,4-triazol-3-one",False,0.0,,No metal,True
ps178990,9882972.0,-0.35755777,9.359813,9882972,ps178990,False,0.0,,No metal,True
cv-1808,6917803.0,-1.3749305,6.3164682,6917803,cv-1808,False,0.0,,No metal,True
sulisobenzone,19988.0,-2.7544262,5.861631,19988,sulisobenzone,False,0.0,,No metal,True
gr-103691,4302960.0,0.6267674,1.1614399,4302960,gr-103691,False,0.0,,No metal,True
k-247,25767227.0,-0.925451,8.205554,25767227,k-247,False,0.0,,No metal,True
bexarotene,82146.0,-3.3146472,4.0444403,82146,bexarotene,False,0.0,,No metal,True
compound-401,10039361.0,-0.8211487,-0.58343947,10039361,compound-401,False,0.0,,No metal,True
bi-d1870,44141268.0,-2.0389826,5.124332,44141268,bi-d1870,False,0.0,,No metal,True
l-161982,9961192.0,2.0385952,2.4601943,9961192,l-161982,False,0.0,,No metal,True
altinicline,3036156.0,-0.41344357,10.659261,3036156,altinicline,False,0.0,,No metal,True
econazole,6604378.0,0.73709047,-0.14307821,6604378,econazole,False,0.0,,No metal,True
indoprofen,93283.0,-3.7855687,5.08261,93283,indoprofen,False,0.0,,No metal,True
tranylcypromine,26070.0,-0.69137055,10.883263,26070,tranylcypromine,False,0.0,,No metal,True
p276-00,23643976.0,-0.50707334,0.83117616,23643976,p276-00,False,0.0,,No metal,True
dimethicone,24764.0,3.4688234,8.128703,24764,dimethicone,False,0.0,,No metal,True
kanamycin,6032.0,0.43225962,6.181597,6032,kanamycin,False,0.0,,No metal,True
citicoline,13805.0,14.716158,3.9960773,13805,citicoline,False,0.0,,No metal,True
t-0070907,2777391.0,-3.3807075,5.279417,2777391,t-0070907,False,0.0,,No metal,True
tiopronin,208825.0,2.7940276,9.199838,208825,tiopronin,False,0.0,,No metal,True
sch-202676,682802.0,-0.5486941,-0.80203676,682802,sch-202676,False,0.0,,No metal,True
parsaclisib,86677874.0,-0.4917415,1.088666,86677874,parsaclisib,False,0.0,,No metal,True
dabigatran,216210.0,2.4876778,1.8500317,216210,dabigatran,False,0.0,,No metal,True
kb-r7943,4534086.0,-2.40593,5.29159,4534086,kb-r7943,False,0.0,,No metal,True
mesulergine,68848.0,-3.0940797,5.4739776,68848,mesulergine,False,0.0,,No metal,True
gemcadiol,37147.0,2.7885365,8.203175,37147,gemcadiol,False,0.0,,No metal,True
nav-26,60201418.0,-2.335547,4.6634116,60201418,nav-26,False,0.0,,No metal,True
arbutin,440936.0,-0.94774204,8.139628,440936,arbutin,False,0.0,,No metal,True
ceftriaxone,5479530.0,-0.11711773,6.124226,5479530,ceftriaxone,False,0.0,,No metal,True
pyrvinium-pamoate,5281035.0,15.254172,3.997947,5281035,pyrvinium-pamoate,False,0.0,,No metal,True
obidoxime,8251.0,16.300222,3.8149302,8251,obidoxime,False,0.0,,No metal,True
9-anthracenecarboxylic-acid,2201.0,-0.5383251,-0.8251851,2201,9-anthracenecarboxylic-acid,False,0.0,,No metal,True
kpt-185,53495165.0,-2.5657966,4.703332,53495165,kpt-185,False,0.0,,No metal,True
dalfopristin,124201618.0,0.35112312,6.3892546,124201618,dalfopristin,False,0.0,,No metal,True
octocrylene,40424580.0,-2.414965,4.1656346,40424580,octocrylene,False,0.0,,No metal,True
sar407899,15604510.0,-3.7477565,5.881783,15604510,sar407899,False,0.0,,No metal,True
amenamevir,11397521.0,-0.27051753,1.4337416,11397521,amenamevir,False,0.0,,No metal,True
cym-5541,17253208.0,0.56288064,9.603366,17253208,cym-5541,False,0.0,,No metal,True
"3,3'-diindolylmethane",3071.0,3.630835,1.2892301,3071,"3,3'-diindolylmethane",False,0.0,,No metal,True
morantel,5353792.0,-0.10495759,10.410561,5353792,morantel,False,0.0,,No metal,True
levobunolol-(+),5460339.0,-0.020971878,9.191172,5460339,levobunolol-(+),False,0.0,,No metal,True
epicatechin-gallate-(-),107905.0,-0.5481048,6.1592574,107905,epicatechin-gallate-(-),False,0.0,,No metal,True
cm-4620,122507647.0,0.11190144,0.35446316,122507647,cm-4620,False,0.0,,No metal,True
ditolylguanidine,7333.0,-3.9457834,5.248086,7333,ditolylguanidine,False,0.0,,No metal,True
sbha,5173.0,2.2972603,8.923526,5173,sbha,False,0.0,,No metal,True
epz011989,,-0.95046973,5.064159,,epz011989,False,0.0,,No metal,True
propylene-glycol,259994.0,3.3526707,9.134356,259994,propylene-glycol,False,0.0,,No metal,True
sch-58261,176408.0,3.009985,2.5554748,176408,sch-58261,False,0.0,,No metal,True
inositol-hexanicotinate,,1.832439,2.5948803,,inositol-hexanicotinate,False,0.0,,No metal,True
sulfamerazine,5325.0,-3.078277,6.1522207,5325,sulfamerazine,False,0.0,,No metal,True
"4,4'-ddt",3036.0,-3.7070904,4.0721292,3036,"4,4'-ddt",False,0.0,,No metal,True
riboflavin,493570.0,-0.39804095,7.6733627,493570,riboflavin,False,0.0,,No metal,True
hexonic-acid,5311443.0,1.7588519,9.15995,5311443,hexonic-acid,False,0.0,,No metal,True
uracil-mustard,6194.0,-0.9419932,9.58338,6194,uracil-mustard,False,0.0,,No metal,True
pradefovir,9604654.0,-0.3041862,1.2446675,9604654,pradefovir,False,0.0,,No metal,True
lx7101,56962369.0,-0.50050676,1.3726122,56962369,lx7101,False,0.0,,No metal,True
mcpp,1355.0,-0.4191683,10.678677,1355,mcpp,False,0.0,,No metal,True
sb-203186,3272300.0,-3.6556585,5.0718913,3272300,sb-203186,False,0.0,,No metal,True
sorbinil,337359.0,-0.7806499,9.9334,337359,sorbinil,False,0.0,,No metal,True
2'-meccpa,10475082.0,-1.6957177,6.0268817,10475082,2'-meccpa,False,0.0,,No metal,True
pavinetant,23649245.0,2.8829193,1.3135763,23649245,pavinetant,False,0.0,,No metal,True
aprindine,2218.0,-3.3811774,4.0331283,2218,aprindine,False,0.0,,No metal,True
levosulpiride,688272.0,-0.2880697,8.469831,688272,levosulpiride,False,0.0,,No metal,True
ccmi,67042344.0,0.32786483,0.15984967,67042344,ccmi,False,0.0,,No metal,True
gsk189254,9798547.0,-2.9768033,4.858775,9798547,gsk189254,False,0.0,,No metal,True
sgc-707,90642938.0,-3.272416,5.699409,90642938,sgc-707,False,0.0,,No metal,True
butaclamol,37459.0,-3.3790762,4.149578,37459,butaclamol,False,0.0,,No metal,True
naringeninic-acid,637542.0,-1.3027127,10.062838,637542,naringeninic-acid,False,0.0,,No metal,True
zk-164015,9806489.0,1.2645977,1.6968529,9806489,zk-164015,False,0.0,,No metal,True
proxymetacaine,4935.0,0.30824152,8.850934,4935,proxymetacaine,False,0.0,,No metal,True
niraparib,24958200.0,-0.83886445,-0.095277265,24958200,niraparib,False,0.0,,No metal,True
pi3k-in-2,58507717.0,-1.8334742,5.612297,58507717,pi3k-in-2,False,0.0,,No metal,True
ns-309,,-0.53703725,9.993215,,ns-309,False,0.0,,No metal,True
astilbin,119258.0,-0.42397308,6.278919,119258,astilbin,False,0.0,,No metal,True
tanshinone-i,114917.0,-0.42424697,-0.8237403,114917,tanshinone-i,False,0.0,,No metal,True
prilocaine,6603976.0,-0.2656089,9.904912,6603976,prilocaine,False,0.0,,No metal,True
tifenazoxide,135410911.0,-0.4070423,9.440834,135410911,tifenazoxide,False,0.0,,No metal,True
isrib,,-1.8502079,4.7674613,,isrib,False,0.0,,No metal,True
mut056399,44208849.0,-3.30109,5.302698,44208849,mut056399,False,0.0,,No metal,True
glutathione,25246407.0,1.6740906,8.784857,25246407,glutathione,False,0.0,,No metal,True
vt-464,78357816.0,-0.0006950175,0.65784985,78357816,vt-464,False,0.0,,No metal,True
ana-12,6977265.0,-0.29625654,0.66554505,6977265,ana-12,False,0.0,,No metal,True
safingol,91486.0,1.553636,6.794024,91486,safingol,False,0.0,,No metal,True
prasugrel,51698431.0,-2.6377687,4.4497504,51698431,prasugrel,False,0.0,,No metal,True
trepibutone,5536.0,0.37727344,8.762967,5536,trepibutone,False,0.0,,No metal,True
riluzole,5070.0,-4.032136,5.2966895,5070,riluzole,False,0.0,,No metal,True
2-cmdo,32224.0,-3.8515408,4.23138,32224,2-cmdo,False,0.0,,No metal,True
unc0646,53315882.0,0.6743733,2.1001256,53315882,unc0646,False,0.0,,No metal,True
sb-206553,5163.0,-0.5938682,-0.6988153,5163,sb-206553,False,0.0,,No metal,True
iobenguane,60860.0,-1.0488447,9.797416,60860,iobenguane,False,0.0,,No metal,True
sq-109,,1.9174082,7.087202,,sq-109,False,0.0,,No metal,True
selamectin,9578507.0,0.7648769,5.8178167,9578507,selamectin,False,0.0,,No metal,True
8-bromo-cgmp,135419186.0,-1.6214633,6.5361605,135419186,8-bromo-cgmp,False,0.0,,No metal,True
sun-11602,22245705.0,-1.5192657,5.1530633,22245705,sun-11602,False,0.0,,No metal,True
pyrethrins,5281045.0,2.3409019,7.3927703,5281045,pyrethrins,False,0.0,,No metal,True
entecavir,135398508.0,-2.1345112,6.4856863,135398508,entecavir,False,0.0,,No metal,True
fluroxene,9844.0,3.5226502,8.232043,9844,fluroxene,False,0.0,,No metal,True
sotagliflozin,24831714.0,-1.8488787,5.245769,24831714,sotagliflozin,False,0.0,,No metal,True
pentetic-acid,3053.0,1.547899,8.65714,3053,pentetic-acid,False,0.0,,No metal,True
lomerizine,3949.0,0.57659656,0.616994,3949,lomerizine,False,0.0,,No metal,True
flurbiprofen-(+/-),92337.0,-4.0583324,4.7045937,92337,flurbiprofen-(+/-),False,0.0,,No metal,True
gsk3787,2800647.0,-2.7100453,4.9419165,2800647,gsk3787,False,0.0,,No metal,True
ansamitocin-p-3,131857169.0,0.551447,6.6342063,131857169,ansamitocin-p-3,False,0.0,,No metal,True
d-157495,53258905.0,0.021212826,0.9108214,53258905,d-157495,False,0.0,,No metal,True
afamelanotide,91898441.0,1.0607187,4.7622285,91898441,afamelanotide,False,0.0,,No metal,True
vesnarinone,5663.0,-2.4057753,5.1103587,5663,vesnarinone,False,0.0,,No metal,True
chidamide,9800555.0,-0.49677736,0.81030524,9800555,chidamide,False,0.0,,No metal,True
imatinib,5291.0,2.5219827,1.6496884,5291,imatinib,False,0.0,,No metal,True
ibutilide,21149973.0,0.50705695,7.808959,21149973,ibutilide,False,0.0,,No metal,True
quiflapon,60923.0,1.9351312,2.247009,60923,quiflapon,False,0.0,,No metal,True
trapidil,5531.0,-4.008168,5.6433725,5531,trapidil,False,0.0,,No metal,True
zd-7114,121877.0,-1.272064,5.3912997,121877,zd-7114,False,0.0,,No metal,True
paritaprevir,45110509.0,0.4075255,5.3012166,45110509,paritaprevir,False,0.0,,No metal,True
leq506,45100669.0,-0.21317667,1.1110213,45100669,leq506,False,0.0,,No metal,True
ska-31,94880.0,-0.74084574,-0.799053,94880,ska-31,False,0.0,,No metal,True
3po,5720233.0,-4.1151214,5.153275,5720233,3po,False,0.0,,No metal,True
gdc-0575,46917793.0,-2.6558926,5.599783,46917793,gdc-0575,False,0.0,,No metal,True
amezinium,71927.0,15.07474,4.180608,71927,amezinium,False,0.0,,No metal,True
diadenosine-tetraphosphate,21706.0,0.5661445,5.4281435,21706,diadenosine-tetraphosphate,False,0.0,,No metal,True
altretamine,2123.0,-0.6556235,9.500294,2123,altretamine,False,0.0,,No metal,True
gemifloxacin,42066947.0,-1.8697832,5.7975416,42066947,gemifloxacin,False,0.0,,No metal,True
josamycin,,0.90190583,5.5689616,,josamycin,False,0.0,,No metal,True
yo-01027,11454028.0,0.05618762,0.64888585,11454028,yo-01027,False,0.0,,No metal,True
solithromycin,,0.39059922,5.475005,,solithromycin,False,0.0,,No metal,True
dfb,6604893.0,-4.077212,4.501665,6604893,dfb,False,0.0,,No metal,True
1-hexadecanol,2682.0,1.8020388,6.5760098,2682,1-hexadecanol,False,0.0,,No metal,True
ly3000328,67475270.0,-1.6944084,5.341736,67475270,ly3000328,False,0.0,,No metal,True
wye-354,44219749.0,-0.3208014,1.5526665,44219749,wye-354,False,0.0,,No metal,True
4-methylhistamine,37463.0,-1.3897046,10.177218,37463,4-methylhistamine,False,0.0,,No metal,True
pindolol,155030.0,-3.3969946,5.394288,155030,pindolol,False,0.0,,No metal,True
"6,7-dehydro-17-acetoxy-progesterone",200136.0,2.3785882,7.465258,200136,"6,7-dehydro-17-acetoxy-progesterone",False,0.0,,No metal,True
tetraethylenepentamine,8197.0,2.1297948,9.022104,8197,tetraethylenepentamine,False,0.0,,No metal,True
mdl-29951,446916.0,-3.1494117,5.429552,446916,mdl-29951,False,0.0,,No metal,True
mcc950,9910393.0,-2.1105628,5.4379125,9910393,mcc950,False,0.0,,No metal,True
cetylpyridinium,2683.0,15.4062,3.8779767,2683,cetylpyridinium,False,0.0,,No metal,True
trimipramine,6604024.0,-3.8051233,4.090812,6604024,trimipramine,False,0.0,,No metal,True
moxaverine,70882.0,0.03403857,-0.52878433,70882,moxaverine,False,0.0,,No metal,True
tirapazamine,135413511.0,-3.721965,6.421686,135413511,tirapazamine,False,0.0,,No metal,True
bempedoic-acid,10472693.0,1.5139738,6.9250736,10472693,bempedoic-acid,False,0.0,,No metal,True
pik-93,6852167.0,-1.9816865,5.674923,6852167,pik-93,False,0.0,,No metal,True
tnp-470,369976.0,1.4509676,7.757619,369976,tnp-470,False,0.0,,No metal,True
liothyronine-(isomer),71212.0,-1.4149666,4.4271417,71212,liothyronine-(isomer),False,0.0,,No metal,True
l-citrulline,9750.0,2.2739997,9.110768,9750,l-citrulline,False,0.0,,No metal,True
cym-5520,25110470.0,-0.27924043,-0.0352595,25110470,cym-5520,False,0.0,,No metal,True
lacidipine,5311217.0,0.4287377,8.19725,5311217,lacidipine,False,0.0,,No metal,True
acecainide,4342.0,-0.07845371,9.190355,4342,acecainide,False,0.0,,No metal,True
broxuridine,6035.0,-1.0628351,8.66564,6035,broxuridine,False,0.0,,No metal,True
loxistatin-acid,123664.0,1.9912382,8.5916815,123664,loxistatin-acid,False,0.0,,No metal,True
deslanoside,28620.0,0.9113374,5.3591576,28620,deslanoside,False,0.0,,No metal,True
piperazinedione,7817.0,3.1718562,9.266255,7817,piperazinedione,False,0.0,,No metal,True
af38469,72706115.0,-3.1064954,5.2042336,72706115,af38469,False,0.0,,No metal,True
sch-51344,9995890.0,-0.755431,0.8023969,9995890,sch-51344,False,0.0,,No metal,True
celiprolol,11406333.0,0.23922676,8.150043,11406333,celiprolol,False,0.0,,No metal,True
bicuculline-methochloride-(-),104872.0,15.203513,4.039884,104872,bicuculline-methochloride-(-),False,0.0,,No metal,True
a-867744,23642319.0,0.05851108,0.114207424,23642319,a-867744,False,0.0,,No metal,True
atuveciclib,121488167.0,-0.41115913,1.0923015,121488167,atuveciclib,False,0.0,,No metal,True
derazantinib,46834118.0,2.6576889,1.2738531,46834118,derazantinib,False,0.0,,No metal,True
blebbistatin-(+/-),5287792.0,-3.5105703,5.049121,5287792,blebbistatin-(+/-),False,0.0,,No metal,True
idra-21,7048549.0,-0.6232684,10.046665,7048549,idra-21,False,0.0,,No metal,True
substance-p,36511.0,1.0574286,4.7631555,36511,substance-p,False,0.0,,No metal,True
cefamandole,456255.0,-0.75744337,6.149411,456255,cefamandole,False,0.0,,No metal,True
ly2090314,10029385.0,3.0933852,1.5735115,10029385,ly2090314,False,0.0,,No metal,True
omdm-2,6604915.0,1.3939568,6.442117,6604915,omdm-2,False,0.0,,No metal,True
dofetilide,71329.0,-1.473663,5.2735004,71329,dofetilide,False,0.0,,No metal,True
ltx-315,46200994.0,1.0188628,4.7984815,46200994,ltx-315,False,0.0,,No metal,True
fg-2216,6914666.0,-2.9703255,6.01719,6914666,fg-2216,False,0.0,,No metal,True
prn1371,118295624.0,0.24299306,1.7625318,118295624,prn1371,False,0.0,,No metal,True
gnti,9826034.0,-0.55391246,1.1467785,9826034,gnti,False,0.0,,No metal,True
convallatoxin,441852.0,0.31069317,6.790139,441852,convallatoxin,False,0.0,,No metal,True
tinazoline,68818.0,-3.93244,5.707233,68818,tinazoline,False,0.0,,No metal,True
vu29,11610682.0,3.3491712,1.2964873,11610682,vu29,False,0.0,,No metal,True
ldc1267,56847486.0,2.1554163,2.518451,56847486,ldc1267,False,0.0,,No metal,True
estradiol-valerate,13791.0,0.63817865,9.543937,13791,estradiol-valerate,False,0.0,,No metal,True
calcitonin,,1.0895449,4.7382436,,calcitonin,False,0.0,,No metal,True
cbs-1114,6338223.0,-3.9438791,5.4675984,6338223,cbs-1114,False,0.0,,No metal,True
acetohexamide,1989.0,-0.121404864,9.136577,1989,acetohexamide,False,0.0,,No metal,True
amiodarone,2157.0,0.8933943,0.92964333,2157,amiodarone,False,0.0,,No metal,True
eflornithine,3009.0,2.5516322,9.081326,3009,eflornithine,False,0.0,,No metal,True
crystal-violet,3468.0,15.25815,3.9993784,3468,crystal-violet,False,0.0,,No metal,True
pci-29732,22347110.0,3.3188863,1.3460746,22347110,pci-29732,False,0.0,,No metal,True
rutaecarpine,65752.0,3.6586041,1.3659469,65752,rutaecarpine,False,0.0,,No metal,True
fenoterol,688469.0,-2.4392908,5.7040796,688469,fenoterol,False,0.0,,No metal,True
sodium-butyrate,264.0,3.517018,8.65903,264,sodium-butyrate,False,0.0,,No metal,True
echinomycin,,0.45887247,5.45826,,echinomycin,False,0.0,,No metal,True
c-021,25141190.0,-1.7598715,4.5420914,25141190,c-021,False,0.0,,No metal,True
cym-5442,93977386.0,-0.046864618,1.3494686,93977386,cym-5442,False,0.0,,No metal,True
furvina,6438461.0,0.046311118,10.113197,6438461,furvina,False,0.0,,No metal,True
sym-2081,95883.0,2.6167119,9.185906,95883,sym-2081,False,0.0,,No metal,True
ivabradine,132999.0,-1.8510697,4.5689273,132999,ivabradine,False,0.0,,No metal,True
hydroxytoluic-acid,6738.0,-1.3593514,10.107726,6738,hydroxytoluic-acid,False,0.0,,No metal,True
ccg-1423,40782280.0,-2.3920743,4.2066107,40782280,ccg-1423,False,0.0,,No metal,True
tazemetostat,66558664.0,0.49020255,1.5980538,66558664,tazemetostat,False,0.0,,No metal,True
sulfaguanidine,5324.0,-1.2994404,8.779159,5324,sulfaguanidine,False,0.0,,No metal,True
azd5582,49847690.0,0.5291458,5.2175074,49847690,azd5582,False,0.0,,No metal,True
brucine,442021.0,0.111889444,9.193887,442021,brucine,False,0.0,,No metal,True
tribomsalan,14868.0,-3.1217902,4.2071805,14868,tribomsalan,False,0.0,,No metal,True
sb-399885,6918649.0,-1.9053054,5.181195,6918649,sb-399885,False,0.0,,No metal,True
meglutol,1662.0,2.6431613,9.177188,1662,meglutol,False,0.0,,No metal,True
epiestriol,68929.0,-0.43983153,9.857722,68929,epiestriol,False,0.0,,No metal,True
prednisolone,5755.0,1.7418244,7.948475,5755,prednisolone,False,0.0,,No metal,True
ercalcitriol,9547243.0,2.0207357,7.1020813,9547243,ercalcitriol,False,0.0,,No metal,True
fluvastatin,446155.0,0.13060527,0.7612392,446155,fluvastatin,False,0.0,,No metal,True
melatonin,896.0,-3.8578663,5.6672716,896,melatonin,False,0.0,,No metal,True
agomelatine,82148.0,-3.8863525,5.1462812,82148,agomelatine,False,0.0,,No metal,True
amd-3465,483559.0,-1.7979273,5.6290317,483559,amd-3465,False,0.0,,No metal,True
bipenamol,43961.0,-3.6295013,5.3255773,43961,bipenamol,False,0.0,,No metal,True
norfluoxetine,9797657.0,-3.5648656,4.4556146,9797657,norfluoxetine,False,0.0,,No metal,True
diiodothyropropionic-acid,160565.0,-2.451383,4.307629,160565,diiodothyropropionic-acid,False,0.0,,No metal,True
vercirnon,10343454.0,0.13906145,0.34091356,10343454,vercirnon,False,0.0,,No metal,True
cmpd-1,11382492.0,0.55799043,0.04324578,11382492,cmpd-1,False,0.0,,No metal,True
7-hydroxystaurosporine,3078519.0,2.8258302,2.6262293,3078519,7-hydroxystaurosporine,False,0.0,,No metal,True
mk-2295,11247522.0,3.3317766,1.050806,11247522,mk-2295,False,0.0,,No metal,True
gpi-1046,445501.0,0.2914708,8.857523,445501,gpi-1046,False,0.0,,No metal,True
cefsulodin,656576.0,14.706159,3.986077,656576,cefsulodin,False,0.0,,No metal,True
naftifine,47641.0,0.23151278,-0.5322963,47641,naftifine,False,0.0,,No metal,True
atipamezole,71310.0,-4.4056807,5.1162477,71310,atipamezole,False,0.0,,No metal,True
silver-sulfadiazine,5459124.0,-3.0377915,5.950942,5459124,silver-sulfadiazine,True,1.0,Ag,Contains metal,True
wnt-c59,57519544.0,3.4331148,1.1096534,57519544,wnt-c59,False,0.0,,No metal,True
midodrine,13589226.0,-0.8000519,8.767343,13589226,midodrine,False,0.0,,No metal,True
thalidomide,92142.0,-0.8535828,9.515783,92142,thalidomide,False,0.0,,No metal,True
gw-501516,9803963.0,0.56209123,0.791371,9803963,gw-501516,False,0.0,,No metal,True
sari-59-801,92236766.0,-0.65437424,-0.07149227,92236766,sari-59-801,False,0.0,,No metal,True
vch-916,,0.8880864,8.314311,,vch-916,False,0.0,,No metal,True
pipamperone,4830.0,0.2763485,8.931457,4830,pipamperone,False,0.0,,No metal,True
kml29,71656212.0,-1.6864911,4.5942965,71656212,kml29,False,0.0,,No metal,True
tyrphostin-ag-1478,2051.0,-0.34540725,-0.19512972,2051,tyrphostin-ag-1478,False,0.0,,No metal,True
hydroflumethiazide,3647.0,-0.9481858,8.685023,3647,hydroflumethiazide,False,0.0,,No metal,True
ldn193189,25195294.0,2.918867,2.6687868,25195294,ldn193189,False,0.0,,No metal,True
a-366,76285486.0,0.25430298,8.960905,76285486,a-366,False,0.0,,No metal,True
dextrorotation-nimorazole-phosphate-ester,25191609.0,-0.19463457,8.104195,25191609,dextrorotation-nimorazole-phosphate-ester,False,0.0,,No metal,True
latrunculin-b,6436219.0,1.5742222,7.685974,6436219,latrunculin-b,False,0.0,,No metal,True
pf-04136309,,0.22532666,1.9034745,,pf-04136309,False,0.0,,No metal,True
ly3200882,121249291.0,0.17703024,1.3466291,121249291,ly3200882,False,0.0,,No metal,True
nevirapine,4463.0,-3.6928375,5.1908994,4463,nevirapine,False,0.0,,No metal,True
jw-642,71656520.0,-2.5141277,4.1423798,71656520,jw-642,False,0.0,,No metal,True
walrycin-b,3164070.0,-0.25037554,9.334471,3164070,walrycin-b,False,0.0,,No metal,True
gefapixant,24764487.0,-1.7265486,6.02125,24764487,gefapixant,False,0.0,,No metal,True
sulbactam-pivoxil,40537219.0,1.9912214,8.537418,40537219,sulbactam-pivoxil,False,0.0,,No metal,True
gr-235,146898.0,2.74309,7.471127,146898,gr-235,False,0.0,,No metal,True
acetylcysteine,12035.0,2.773175,9.207539,12035,acetylcysteine,False,0.0,,No metal,True
nizatidine,3033637.0,0.08289043,8.437244,3033637,nizatidine,False,0.0,,No metal,True
salicyl-alcohol,5146.0,-1.3896788,10.157725,5146,salicyl-alcohol,False,0.0,,No metal,True
mk2-in-1,53475321.0,2.873924,1.2793784,53475321,mk2-in-1,False,0.0,,No metal,True
azd1080,10065474.0,-2.9762986,5.525774,10065474,azd1080,False,0.0,,No metal,True
calpeptin,73364.0,0.38642803,8.22827,73364,calpeptin,False,0.0,,No metal,True
sr-1664,53239854.0,2.281292,2.548899,53239854,sr-1664,False,0.0,,No metal,True
8-hydroxy-dpat,10125797.0,0.3484803,9.916504,10125797,8-hydroxy-dpat,False,0.0,,No metal,True
tymazoline,34154.0,0.01966225,10.035231,34154,tymazoline,False,0.0,,No metal,True
4-(aminomethyl)benzoic-acid,65526.0,-1.3666245,10.090124,65526,4-(aminomethyl)benzoic-acid,False,0.0,,No metal,True
linifanib,11485656.0,3.3324597,1.5675386,11485656,linifanib,False,0.0,,No metal,True
neurodazine,16112820.0,2.610641,2.7295616,16112820,neurodazine,False,0.0,,No metal,True
s15535,132787.0,-3.600242,4.6875367,132787,s15535,False,0.0,,No metal,True
selonsertib,71245288.0,2.9738927,1.4408622,71245288,selonsertib,False,0.0,,No metal,True
unc2250,,-1.3392286,5.2461715,,unc2250,False,0.0,,No metal,True
necrostatin-1,738301.0,-3.8753705,5.8382297,738301,necrostatin-1,False,0.0,,No metal,True
n-methylquipazine,5013.0,-4.2803946,5.2889676,5013,n-methylquipazine,False,0.0,,No metal,True
fruquintinib,44480399.0,3.048598,1.6844883,44480399,fruquintinib,False,0.0,,No metal,True
levocarnitine-propionate,157837.0,14.942354,4.301175,157837,levocarnitine-propionate,False,0.0,,No metal,True
ido5l,135424953.0,-2.835004,6.104568,135424953,ido5l,False,0.0,,No metal,True
faropenem-medoxomil,6918218.0,0.032031786,7.8808746,6918218,faropenem-medoxomil,False,0.0,,No metal,True
benfotiamine,3032771.0,-0.9718491,5.533032,3032771,benfotiamine,False,0.0,,No metal,True
pd-173074,1401.0,0.3301477,1.8284978,1401,pd-173074,False,0.0,,No metal,True
r-96544,10668211.0,-2.384834,4.4411154,10668211,r-96544,False,0.0,,No metal,True
spiroxatrine,6603993.0,-2.9015253,5.3397684,6603993,spiroxatrine,False,0.0,,No metal,True
mezlocillin,71729966.0,-0.10754569,7.0440784,71729966,mezlocillin,False,0.0,,No metal,True
mitomycin-c,5746.0,1.5734352,8.58525,5746,mitomycin-c,False,0.0,,No metal,True
rifabutin,,0.5831799,5.585633,,rifabutin,False,0.0,,No metal,True
ch55,6184667.0,-3.0657225,4.0670753,6184667,ch55,False,0.0,,No metal,True
stemregenin-1,46199207.0,2.6264799,2.695257,46199207,stemregenin-1,False,0.0,,No metal,True
clomipramine,2801.0,-3.7058349,4.0131474,2801,clomipramine,False,0.0,,No metal,True
quizartinib,24889392.0,2.2583015,2.5670726,24889392,quizartinib,False,0.0,,No metal,True
tenovin-6,24772043.0,-1.7036066,4.717528,24772043,tenovin-6,False,0.0,,No metal,True
sb-216641,3292447.0,2.4292176,1.6074423,3292447,sb-216641,False,0.0,,No metal,True
sb-221284,443389.0,-3.2141707,4.1761246,443389,sb-221284,False,0.0,,No metal,True
benzoin,640038.0,-4.163045,5.218239,640038,benzoin,False,0.0,,No metal,True
ampicillin,7048611.0,-0.4863359,8.523414,7048611,ampicillin,False,0.0,,No metal,True
fenbendazole,3334.0,-0.69464,-0.18598385,3334,fenbendazole,False,0.0,,No metal,True
brinzolamide,68844.0,-0.16568829,8.164303,68844,brinzolamide,False,0.0,,No metal,True
agn-192403,124581813.0,3.5252876,8.2429695,124581813,agn-192403,False,0.0,,No metal,True
caffeic-acid-phenethyl-ester,5281787.0,-3.3266172,5.432634,5281787,caffeic-acid-phenethyl-ester,False,0.0,,No metal,True
pentolinium,5850.0,16.304234,3.8141806,5850,pentolinium,False,0.0,,No metal,True
methapyrilene,4098.0,-3.4636703,4.516984,4098,methapyrilene,False,0.0,,No metal,True
ccg-50014,2733079.0,-0.6668534,-0.71981156,2733079,ccg-50014,False,0.0,,No metal,True
pirenperone,4847.0,0.03535876,0.14777446,4847,pirenperone,False,0.0,,No metal,True
gue-1654,5066134.0,2.6512332,2.7807903,5066134,gue-1654,False,0.0,,No metal,True
ew-7197,54766013.0,2.8483353,2.6592047,54766013,ew-7197,False,0.0,,No metal,True
spp301,9912992.0,2.5593674,1.9213592,9912992,spp301,False,0.0,,No metal,True
apd668,11705608.0,-0.38836226,1.441099,11705608,apd668,False,0.0,,No metal,True
cefdinir,6915944.0,-0.26027593,7.3449807,6915944,cefdinir,False,0.0,,No metal,True
gal-021,57340959.0,-0.046107,8.644512,57340959,gal-021,False,0.0,,No metal,True
rosuvastatin,446157.0,-1.0248243,5.4984064,446157,rosuvastatin,False,0.0,,No metal,True
sun-b-8155,,-2.884327,6.029355,,sun-b-8155,False,0.0,,No metal,True
gw-788388,10202642.0,3.0558221,1.5082754,10202642,gw-788388,False,0.0,,No metal,True
citco,9600409.0,3.2896998,1.0105135,9600409,citco,False,0.0,,No metal,True
bimu-8,,-3.3705184,5.159469,,bimu-8,False,0.0,,No metal,True
ru-28318,3034004.0,2.0401952,7.1783514,3034004,ru-28318,False,0.0,,No metal,True
pralmorelin,6918245.0,0.5762051,4.9364257,6918245,pralmorelin,False,0.0,,No metal,True
1-hexadecanal,984.0,1.784999,6.581651,984,1-hexadecanal,False,0.0,,No metal,True
aclidinium,11434515.0,15.305422,3.955777,11434515,aclidinium,False,0.0,,No metal,True
su4312,6450842.0,-4.010331,4.8673687,6450842,su4312,False,0.0,,No metal,True
lipoamide,446116.0,3.046986,8.415473,446116,lipoamide,False,0.0,,No metal,True
dimpylate,3017.0,0.38254774,9.090302,3017,dimpylate,False,0.0,,No metal,True
linsidomine,65388.0,14.936365,4.303818,65388,linsidomine,False,0.0,,No metal,True
abt-702,1973.0,3.0207534,1.6856259,1973,abt-702,False,0.0,,No metal,True
cor-170,25033736.0,0.9588862,0.7048033,25033736,cor-170,False,0.0,,No metal,True
abt-202,39220800.0,-0.98417556,10.444412,39220800,abt-202,False,0.0,,No metal,True
tauroglycocholate,119420.0,0.47053045,7.007708,119420,tauroglycocholate,False,0.0,,No metal,True
ly225910,4355450.0,2.6303148,2.7253435,4355450,ly225910,False,0.0,,No metal,True
metaphit,114745.0,0.5660663,9.698496,114745,metaphit,False,0.0,,No metal,True
4egi-1,2831024.0,0.11459522,1.2997359,2831024,4egi-1,False,0.0,,No metal,True
pfi-4,40642506.0,-0.4648872,0.19337913,40642506,pfi-4,False,0.0,,No metal,True
chlorhexidine,9552079.0,-1.5114294,5.4010034,9552079,chlorhexidine,False,0.0,,No metal,True
afn-1252,10407120.0,-0.23192348,0.17611648,10407120,afn-1252,False,0.0,,No metal,True
xl647,,0.47558424,0.87787867,,xl647,False,0.0,,No metal,True
genz-123346,23652732.0,0.47436833,7.8105583,23652732,genz-123346,False,0.0,,No metal,True
pirozadil,68711.0,0.32949328,1.9612057,68711,pirozadil,False,0.0,,No metal,True
idazoxan,12866829.0,-0.68366694,10.204882,12866829,idazoxan,False,0.0,,No metal,True
potassium-iodide,,3.513203,8.659061,,potassium-iodide,True,1.0,K,Contains metal,True
1-naphthyl-pp1,4877.0,3.585644,1.4779876,4877,1-naphthyl-pp1,False,0.0,,No metal,True
s-17092,9929984.0,0.41651484,9.519867,9929984,s-17092,False,0.0,,No metal,True
flupentixol,5281881.0,-2.57396,4.171609,5281881,flupentixol,False,0.0,,No metal,True
olaparib,23725625.0,-0.57642084,0.4575496,23725625,olaparib,False,0.0,,No metal,True
jd-5037,66553204.0,0.443258,1.5197483,66553204,jd-5037,False,0.0,,No metal,True
amg-517,16007367.0,3.0537884,1.3351566,16007367,amg-517,False,0.0,,No metal,True
sgx523,24779724.0,2.9771147,2.6177125,24779724,sgx523,False,0.0,,No metal,True
thiazovivin,46209426.0,-0.85015774,0.37564045,46209426,thiazovivin,False,0.0,,No metal,True
candesartan-cilexetil,51399532.0,1.9638693,2.485753,51399532,candesartan-cilexetil,False,0.0,,No metal,True
motesanib,11667893.0,-0.31974626,0.7311918,11667893,motesanib,False,0.0,,No metal,True
uk-383367,9818682.0,-0.06340541,8.274933,9818682,uk-383367,False,0.0,,No metal,True
erdosteine,40467037.0,2.2979045,8.737502,40467037,erdosteine,False,0.0,,No metal,True
glycerol-monolaurate,656773.0,1.5944619,7.0832963,656773,glycerol-monolaurate,False,0.0,,No metal,True
hydroxyprogesterone,6238.0,2.6013114,7.528685,6238,hydroxyprogesterone,False,0.0,,No metal,True
uracil,1174.0,-1.3285377,10.218325,1174,uracil,False,0.0,,No metal,True
bucladesine,9687.0,-0.6837556,5.8753815,9687,bucladesine,False,0.0,,No metal,True
hexasodium-phytate,,0.40137422,6.0550027,,hexasodium-phytate,False,0.0,,No metal,True
iem1460,3248290.0,15.212881,4.058209,3248290,iem1460,False,0.0,,No metal,True
am-1241,23583507.0,0.43347093,0.37149462,23583507,am-1241,False,0.0,,No metal,True
lamotrigine,3878.0,-3.3113735,6.035885,3878,lamotrigine,False,0.0,,No metal,True
dihydroergotamine,10531.0,0.11878032,1.7516639,10531,dihydroergotamine,False,0.0,,No metal,True
baz2-icr,91654625.0,3.4272182,1.6215358,91654625,baz2-icr,False,0.0,,No metal,True
d-3263,44137358.0,-2.722405,4.899912,44137358,d-3263,False,0.0,,No metal,True
acetyl-l-leucine,70912.0,3.0073593,8.75088,70912,acetyl-l-leucine,False,0.0,,No metal,True
cid-2011756,2011756.0,0.18156402,0.13732451,2011756,cid-2011756,False,0.0,,No metal,True
lm-22a4,2054170.0,-0.5591412,8.063929,2054170,lm-22a4,False,0.0,,No metal,True
trimethoprim,5578.0,-2.5907912,6.160428,5578,trimethoprim,False,0.0,,No metal,True
sangivamycin,14978.0,-1.6407905,6.5838933,14978,sangivamycin,False,0.0,,No metal,True
l-monomethylarginine,73046.0,2.2754025,9.0691595,73046,l-monomethylarginine,False,0.0,,No metal,True
ly2183240,11507802.0,-0.7238182,-0.5251728,11507802,ly2183240,False,0.0,,No metal,True
ly2510924,,0.8782176,4.9309473,,ly2510924,False,0.0,,No metal,True
chlorpropamide,2727.0,-0.5145482,9.572586,2727,chlorpropamide,False,0.0,,No metal,True
amiloride,16231.0,-1.0723032,8.331113,16231,amiloride,False,0.0,,No metal,True
nastorazepide,9872609.0,-1.227161,4.9694295,9872609,nastorazepide,False,0.0,,No metal,True
nsc-5844,221354.0,3.4068575,1.1646235,221354,nsc-5844,False,0.0,,No metal,True
malic-acid,222656.0,2.6936493,9.268347,222656,malic-acid,False,0.0,,No metal,True
ergonovine,443884.0,-3.0791113,5.722047,443884,ergonovine,False,0.0,,No metal,True
pf-915275,23725123.0,-0.7293093,0.62238896,23725123,pf-915275,False,0.0,,No metal,True
cym-50260,44620894.0,-3.2894945,4.0334983,44620894,cym-50260,False,0.0,,No metal,True
phentolamine,5775.0,-3.37052,5.3193884,5775,phentolamine,False,0.0,,No metal,True
ractopamine,9862660.0,-2.4418216,5.4772596,9862660,ractopamine,False,0.0,,No metal,True
fludrocortisone-acetate,225609.0,1.3722456,7.6854877,225609,fludrocortisone-acetate,False,0.0,,No metal,True
ntrc-824,101873359.0,0.3790892,1.7064341,101873359,ntrc-824,False,0.0,,No metal,True
doconexent,445580.0,1.7419249,6.5505114,445580,doconexent,False,0.0,,No metal,True
"2-ethyl-1,3-hexanediol",7057924.0,3.0419207,8.689777,7057924,"2-ethyl-1,3-hexanediol",False,0.0,,No metal,True
adelmidrol,176874.0,2.0287676,8.675391,176874,adelmidrol,False,0.0,,No metal,True
2-oleoylglycerol,5319879.0,1.4982393,6.698524,5319879,2-oleoylglycerol,False,0.0,,No metal,True
mdl-73005ef,6604719.0,0.20294063,8.925143,6604719,mdl-73005ef,False,0.0,,No metal,True
sinefungin,65482.0,-1.3757178,6.5155754,65482,sinefungin,False,0.0,,No metal,True
zd-2079,158794.0,-2.2009182,5.38075,158794,zd-2079,False,0.0,,No metal,True
temefos,5392.0,-1.5705343,4.47059,5392,temefos,False,0.0,,No metal,True
src-kinase-inhibitor-i,1474853.0,3.170151,1.2595868,1474853,src-kinase-inhibitor-i,False,0.0,,No metal,True
rimeporide,9799487.0,-0.81774837,8.529175,9799487,rimeporide,False,0.0,,No metal,True
ccg-63802,6057678.0,2.6749933,2.7476614,6057678,ccg-63802,False,0.0,,No metal,True
bfh772,24756034.0,2.9854963,1.3714335,24756034,bfh772,False,0.0,,No metal,True
thonzonium,5456.0,15.414182,3.874739,5456,thonzonium,False,0.0,,No metal,True
ky02111,8582409.0,0.029590687,0.14915031,8582409,ky02111,False,0.0,,No metal,True
7-chlorokynurenic-acid,1884.0,-3.8824382,5.9198747,1884,7-chlorokynurenic-acid,False,0.0,,No metal,True
pyrazinamide,1046.0,-1.2559469,10.316338,1046,pyrazinamide,False,0.0,,No metal,True
fexinidazole,68792.0,-3.2291315,4.976528,68792,fexinidazole,False,0.0,,No metal,True
cct137690,25154041.0,2.660959,1.7477663,25154041,cct137690,False,0.0,,No metal,True
rs-39604,5145950.0,-0.7845512,5.3074284,5145950,rs-39604,False,0.0,,No metal,True
fk-962,9816738.0,-0.32267675,10.154398,9816738,fk-962,False,0.0,,No metal,True
way-208466,10337743.0,-0.44658247,-0.06308051,10337743,way-208466,False,0.0,,No metal,True
nefiracetam,71157.0,-0.23534751,10.08775,71157,nefiracetam,False,0.0,,No metal,True
tocofersolan,9938056.0,1.2363232,6.234041,9938056,tocofersolan,False,0.0,,No metal,True
7-methylxanthine,68374.0,-3.8274884,6.3996825,68374,7-methylxanthine,False,0.0,,No metal,True
n-oxydiethylenebenzothiazole-2-sulfenamide,7619.0,-4.0618634,5.1634216,7619,n-oxydiethylenebenzothiazole-2-sulfenamide,False,0.0,,No metal,True
bts-54505,9900576.0,0.36737528,10.021326,9900576,bts-54505,False,0.0,,No metal,True
neo-gilurytmal,,15.200538,4.0498514,,neo-gilurytmal,False,0.0,,No metal,True
iacs-10759,86711931.0,2.4546592,1.8610297,86711931,iacs-10759,False,0.0,,No metal,True
adipic-acid,22494954.0,2.9643793,8.7381,22494954,adipic-acid,False,0.0,,No metal,True
valpromide,71113.0,3.2863483,8.350252,71113,valpromide,False,0.0,,No metal,True
abametapir,15664.0,-4.4304814,5.1424947,15664,abametapir,False,0.0,,No metal,True
nepafenac,151075.0,-3.3861818,5.880758,151075,nepafenac,False,0.0,,No metal,True
oxyphencyclimine,688541.0,0.26252133,8.97764,688541,oxyphencyclimine,False,0.0,,No metal,True
fosamprenavir,131536.0,-0.4939812,5.5431747,131536,fosamprenavir,False,0.0,,No metal,True
ml314,53245590.0,-0.08866147,0.95812154,53245590,ml314,False,0.0,,No metal,True
bromperidol,2448.0,-2.6578755,4.2382383,2448,bromperidol,False,0.0,,No metal,True
avl-292,59174488.0,0.12461723,1.4195333,59174488,avl-292,False,0.0,,No metal,True
nlg919,70874604.0,-3.8270407,4.6924877,70874604,nlg919,False,0.0,,No metal,True
soraprazan,213054.0,-0.5303571,0.37807173,213054,soraprazan,False,0.0,,No metal,True
probenecid,4911.0,0.025791656,9.243032,4911,probenecid,False,0.0,,No metal,True
sib-1553a,10609936.0,0.1046409,10.100807,10609936,sib-1553a,False,0.0,,No metal,True
pimonidazole,6713657.0,-0.59099704,9.282613,6713657,pimonidazole,False,0.0,,No metal,True
niguldipine-(s)-(+),60602.0,0.82454294,1.9347181,60602,niguldipine-(s)-(+),False,0.0,,No metal,True
piperine,638024.0,0.19690885,9.956597,638024,piperine,False,0.0,,No metal,True
nutlin-3,11433190.0,0.6787151,1.4603101,11433190,nutlin-3,False,0.0,,No metal,True
trans-4-methoxycinnamic-acid,699414.0,-0.483969,10.574929,699414,trans-4-methoxycinnamic-acid,False,0.0,,No metal,True
lornoxicam,54690031.0,-2.7169666,5.9298906,54690031,lornoxicam,False,0.0,,No metal,True
4sc-202,15985904.0,2.960591,1.6816955,15985904,4sc-202,False,0.0,,No metal,True
clonidine,2803.0,-0.446017,10.05883,2803,clonidine,False,0.0,,No metal,True
"3,3'-dichlorobenzaldazine",6861557.0,-3.8757176,4.1212573,6861557,"3,3'-dichlorobenzaldazine",False,0.0,,No metal,True
uh-232-(+),6604756.0,0.53494203,9.6587105,6604756,uh-232-(+),False,0.0,,No metal,True
valspodar,5281884.0,0.7215366,5.300612,5281884,valspodar,False,0.0,,No metal,True
nsi-189,50922681.0,-2.4269614,4.4649224,50922681,nsi-189,False,0.0,,No metal,True
benzbromarone,2333.0,0.21215016,-0.35006723,2333,benzbromarone,False,0.0,,No metal,True
diacerein,26248.0,-1.9507298,5.614691,26248,diacerein,False,0.0,,No metal,True
trifloxystrobin,11664966.0,-2.0568948,4.577395,11664966,trifloxystrobin,False,0.0,,No metal,True
"trans-10,cis-12-conjugated-linoleic-acid",5282800.0,1.8010466,6.541641,5282800,"trans-10,cis-12-conjugated-linoleic-acid",False,0.0,,No metal,True
bio-1211,9961766.0,0.17151119,5.27236,9961766,bio-1211,False,0.0,,No metal,True
nalbuphine,5311304.0,-0.31555435,9.029621,5311304,nalbuphine,False,0.0,,No metal,True
bretylium,2431.0,15.149786,4.114611,2431,bretylium,False,0.0,,No metal,True
ioxaglic-acid,3742.0,0.26306584,5.343803,3742,ioxaglic-acid,False,0.0,,No metal,True
win-18446,15134.0,1.6808015,7.1030045,15134,win-18446,False,0.0,,No metal,True
golgicide-a,1085377.0,-3.885858,4.471379,1085377,golgicide-a,False,0.0,,No metal,True
cefmetazole,42008.0,-0.23988259,6.500925,42008,cefmetazole,False,0.0,,No metal,True
pimethixene,4822.0,-3.9841087,4.187487,4822,pimethixene,False,0.0,,No metal,True
prisotinol,76965811.0,-0.80656046,9.895307,76965811,prisotinol,False,0.0,,No metal,True
sulfafurazole,5344.0,-3.051039,6.132573,5344,sulfafurazole,False,0.0,,No metal,True
beta-carotene,5280489.0,1.5030127,6.3884125,5280489,beta-carotene,False,0.0,,No metal,True
psb-11,,-3.59889,5.214975,,psb-11,False,0.0,,No metal,True
cephalexin,6560168.0,-0.45884457,8.487015,6560168,cephalexin,False,0.0,,No metal,True
melanotan-ii,134812787.0,0.7788317,5.0075045,134812787,melanotan-ii,False,0.0,,No metal,True
iodophenpropit,3035746.0,-2.5079296,4.962633,3035746,iodophenpropit,False,0.0,,No metal,True
vx-765,11398092.0,0.28717035,7.264053,11398092,vx-765,False,0.0,,No metal,True
bleomycetin,92135919.0,1.0711923,4.7586837,92135919,bleomycetin,False,0.0,,No metal,True
mexiletine,180621.0,-0.43547887,10.593015,180621,mexiletine,False,0.0,,No metal,True
y-134,11784736.0,2.7776492,1.273319,11784736,y-134,False,0.0,,No metal,True
fpl-62064,128268.0,-0.43615493,-0.6343564,128268,fpl-62064,False,0.0,,No metal,True
chlormadinone-acetate,9324.0,2.3100114,7.4005346,9324,chlormadinone-acetate,False,0.0,,No metal,True
prinomastat,466151.0,-1.8659487,5.4864664,466151,prinomastat,False,0.0,,No metal,True
givinostat,9804992.0,0.034768555,1.1010175,9804992,givinostat,False,0.0,,No metal,True
imexon,24822698.0,3.3293233,9.103322,24822698,imexon,False,0.0,,No metal,True
antioxine,10364.0,-0.27943853,10.811586,10364,antioxine,False,0.0,,No metal,True
amthamine,126688.0,-1.1818259,9.748822,126688,amthamine,False,0.0,,No metal,True
bl-5583,95864.0,-4.4491796,5.2831874,95864,bl-5583,False,0.0,,No metal,True
robalzotan,3055171.0,0.106906645,9.507986,3055171,robalzotan,False,0.0,,No metal,True
indatraline,126280.0,-3.821265,4.2229266,126280,indatraline,False,0.0,,No metal,True
acetanilide,904.0,-0.6504714,10.873279,904,acetanilide,False,0.0,,No metal,True
riodipine,68909.0,0.2514478,8.811787,68909,riodipine,False,0.0,,No metal,True
clonixin-lysinate,9822751.0,-1.6825948,5.5195084,9822751,clonixin-lysinate,False,0.0,,No metal,True
ro-9187,11514721.0,-1.0390121,8.211188,11514721,ro-9187,False,0.0,,No metal,True
cladribine,20279.0,-2.3398361,6.4177675,20279,cladribine,False,0.0,,No metal,True
pipofezine,159977.0,-3.3935597,5.183199,159977,pipofezine,False,0.0,,No metal,True
resorcinol,5054.0,-1.3952094,10.172429,5054,resorcinol,False,0.0,,No metal,True
cinpa-1,969470.0,-2.3701138,4.2930856,969470,cinpa-1,False,0.0,,No metal,True
salicin,439503.0,-0.8873238,8.102306,439503,salicin,False,0.0,,No metal,True
almorexant,23727689.0,0.8830397,0.8402519,23727689,almorexant,False,0.0,,No metal,True
levcromakalim,93504.0,-0.27223784,9.47293,93504,levcromakalim,False,0.0,,No metal,True
o-acetyl-l-serine,99478.0,2.7177815,9.1382,99478,o-acetyl-l-serine,False,0.0,,No metal,True
php-501,46204221.0,-0.383521,-0.3409437,46204221,php-501,False,0.0,,No metal,True
chlorindanol,8961.0,-0.3347005,10.844347,8961,chlorindanol,False,0.0,,No metal,True
way-362450,10026128.0,0.57295203,0.35536763,10026128,way-362450,False,0.0,,No metal,True
"l-732,138",44396853.0,0.49780405,0.6374249,44396853,"l-732,138",False,0.0,,No metal,True
ospemifene,3036505.0,0.7196775,0.008841272,3036505,ospemifene,False,0.0,,No metal,True
thioguanine,2723601.0,-3.9620855,6.232284,2723601,thioguanine,False,0.0,,No metal,True
sarafloxacin,56208.0,-0.6738721,0.25660282,56208,sarafloxacin,False,0.0,,No metal,True
clevudine,73115.0,-1.1329569,8.623194,73115,clevudine,False,0.0,,No metal,True
"hydroxytacrine-maleate-(r,s)",667530.0,-3.7781093,5.828704,667530,"hydroxytacrine-maleate-(r,s)",False,0.0,,No metal,True
droloxifene,3033767.0,0.7325701,0.10312239,3033767,droloxifene,False,0.0,,No metal,True
dapsone,2955.0,-3.4112382,6.042705,2955,dapsone,False,0.0,,No metal,True
xenalipin,55251.0,-4.023901,4.585777,55251,xenalipin,False,0.0,,No metal,True
candicidin,,0.8825209,5.3500175,,candicidin,False,0.0,,No metal,True
bevenopran,10452732.0,-1.5503834,5.2350698,10452732,bevenopran,False,0.0,,No metal,True
gmx1778,148198.0,-2.0372775,4.7999682,148198,gmx1778,False,0.0,,No metal,True
octopamine,657354.0,-1.2893413,9.520596,657354,octopamine,False,0.0,,No metal,True
zileuton,10681296.0,-3.7009344,5.719963,10681296,zileuton,False,0.0,,No metal,True
mevastatin,64715.0,1.7651632,7.5646596,64715,mevastatin,False,0.0,,No metal,True
decitabine,451668.0,-1.1055292,8.430803,451668,decitabine,False,0.0,,No metal,True
phenoxybenzamine,657233.0,-3.4257913,4.0887694,657233,phenoxybenzamine,False,0.0,,No metal,True
casin,1600664.0,-0.38594916,-0.3270883,1600664,casin,False,0.0,,No metal,True
sivelestat,107706.0,-1.5865186,5.525462,107706,sivelestat,False,0.0,,No metal,True
procaterol,688561.0,-2.6217825,5.795039,688561,procaterol,False,0.0,,No metal,True
bemegride,2310.0,3.368235,8.724068,2310,bemegride,False,0.0,,No metal,True
cudc-907,54575456.0,2.1964433,2.070191,54575456,cudc-907,False,0.0,,No metal,True
mdivi-1,3825829.0,-0.10715208,-0.50115037,3825829,mdivi-1,False,0.0,,No metal,True
delafloxacin,487101.0,-0.74712276,0.97834605,487101,delafloxacin,False,0.0,,No metal,True
oridonin,5321010.0,1.6729962,7.9292965,5321010,oridonin,False,0.0,,No metal,True
dolastatin-10,9810929.0,0.41159585,5.5663047,9810929,dolastatin-10,False,0.0,,No metal,True
cleviprex,22884799.0,0.34143832,8.325842,22884799,cleviprex,False,0.0,,No metal,True
fiacitabine,50312.0,-1.0145268,8.644841,50312,fiacitabine,False,0.0,,No metal,True
sclareol,56842011.0,2.5438733,7.3735347,56842011,sclareol,False,0.0,,No metal,True
pirenoxine,4846.0,-2.825298,5.9635305,4846,pirenoxine,False,0.0,,No metal,True
apixaban,10182969.0,-0.52160984,0.7446421,10182969,apixaban,False,0.0,,No metal,True
vx-11e,11634725.0,2.4652686,1.6243832,11634725,vx-11e,False,0.0,,No metal,True
setiptiline,5205.0,-4.1088047,4.3604302,5205,setiptiline,False,0.0,,No metal,True
cgp-53353,6711154.0,-0.23398595,0.43321723,6711154,cgp-53353,False,0.0,,No metal,True
bafetinib,11387605.0,2.1112254,1.8450603,11387605,bafetinib,False,0.0,,No metal,True
brl-52537,14810948.0,0.5507343,9.6758585,14810948,brl-52537,False,0.0,,No metal,True
narasin,,0.786954,5.995778,,narasin,False,0.0,,No metal,True
diosmin,5281613.0,0.19483821,5.7562504,5281613,diosmin,False,0.0,,No metal,True
ribostamycin,33042.0,0.43200988,6.182637,33042,ribostamycin,False,0.0,,No metal,True
evatanepag,9890801.0,0.37243712,1.2068166,9890801,evatanepag,False,0.0,,No metal,True
sr-2640,128355.0,3.3703902,1.2545539,128355,sr-2640,False,0.0,,No metal,True
sib-1893,5311432.0,-4.4097347,4.9929295,5311432,sib-1893,False,0.0,,No metal,True
anpirtoline,65854.0,-0.18482229,10.322824,65854,anpirtoline,False,0.0,,No metal,True
bci-540,214346.0,-3.0330977,5.104533,214346,bci-540,False,0.0,,No metal,True
gsk2126458,25167777.0,2.4740741,2.5875509,25167777,gsk2126458,False,0.0,,No metal,True
indole-3-carbinol,3712.0,-4.370762,5.6263924,3712,indole-3-carbinol,False,0.0,,No metal,True
pf-03882845,101541332.0,-2.730237,4.17268,101541332,pf-03882845,False,0.0,,No metal,True
oritavancin,16136912.0,1.061715,4.7643504,16136912,oritavancin,False,0.0,,No metal,True
n-hydroxynicotinamide,71211.0,-1.3463705,10.149849,71211,n-hydroxynicotinamide,False,0.0,,No metal,True
betamethasone-phosphate,107782.0,1.0175215,7.466967,107782,betamethasone-phosphate,False,0.0,,No metal,True
symclosene,6909.0,-1.1298277,10.343411,6909,symclosene,False,0.0,,No metal,True
imreg-1,7021857.0,-0.7051299,8.157571,7021857,imreg-1,False,0.0,,No metal,True
anisomycin,253602.0,-0.6048974,9.2423725,253602,anisomycin,False,0.0,,No metal,True
talinolol,156154.0,0.16154343,8.544549,156154,talinolol,False,0.0,,No metal,True
androsterone,5879.0,2.8230767,7.4881573,5879,androsterone,False,0.0,,No metal,True
n6022,44623946.0,3.1002219,1.5113205,44623946,n6022,False,0.0,,No metal,True
bitopertin,24946690.0,-1.8093654,4.6014843,24946690,bitopertin,False,0.0,,No metal,True
4bp-tqs,6979017.0,-2.8900874,4.7890067,6979017,4bp-tqs,False,0.0,,No metal,True
glucosamine,441477.0,2.019706,9.254471,441477,glucosamine,False,0.0,,No metal,True
hyodeoxycholic-acid,5283820.0,2.0514696,7.2089033,5283820,hyodeoxycholic-acid,False,0.0,,No metal,True
loratadine,3957.0,-3.180242,4.1304245,3957,loratadine,False,0.0,,No metal,True
asenapine,163091.0,-4.019576,4.3017435,163091,asenapine,False,0.0,,No metal,True
cinacalcet,156419.0,0.7295974,-0.112696335,156419,cinacalcet,False,0.0,,No metal,True
aliskiren-hemifumarate,5493444.0,0.6702842,6.14108,5493444,aliskiren-hemifumarate,False,0.0,,No metal,True
tenilsetam,52539208.0,-1.2057753,10.192647,52539208,tenilsetam,False,0.0,,No metal,True
dcebio,656765.0,-4.4360533,5.166557,656765,dcebio,False,0.0,,No metal,True
tiotropium,,15.188258,4.0247316,,tiotropium,False,0.0,,No metal,True
sb-205384,15991599.0,-2.7898123,5.960054,15991599,sb-205384,False,0.0,,No metal,True
lta,10219864.0,-4.046246,5.4051247,10219864,lta,False,0.0,,No metal,True
benzydamine,12555.0,-0.07704285,-0.17989889,12555,benzydamine,False,0.0,,No metal,True
sulfamethizole,5328.0,-2.8186166,6.207099,5328,sulfamethizole,False,0.0,,No metal,True
methoxyflurane,4116.0,3.5127974,8.166823,4116,methoxyflurane,False,0.0,,No metal,True
l-ascorbyl-6-palmitate,,1.3038235,6.8684196,,l-ascorbyl-6-palmitate,False,0.0,,No metal,True
zln024,1825716.0,-3.4521315,4.3200207,1825716,zln024,False,0.0,,No metal,True
etifoxine,135564604.0,-3.7042444,4.613921,135564604,etifoxine,False,0.0,,No metal,True
amodiaquine,3647519.0,0.28282166,0.018087167,3647519,amodiaquine,False,0.0,,No metal,True
moxifloxacin,40467042.0,-2.2273417,5.3973475,40467042,moxifloxacin,False,0.0,,No metal,True
apremilast,11561674.0,-1.3998399,5.2600265,11561674,apremilast,False,0.0,,No metal,True
sardomozide,9576789.0,-1.280994,8.735433,9576789,sardomozide,False,0.0,,No metal,True
rg2833,56654642.0,-2.43505,5.015536,56654642,rg2833,False,0.0,,No metal,True
zafirlukast,5717.0,2.1654797,1.7469219,5717,zafirlukast,False,0.0,,No metal,True
cgs-9896,108030.0,3.6655753,1.3461745,108030,cgs-9896,False,0.0,,No metal,True
mk-1775,24856436.0,2.6875775,1.9486425,24856436,mk-1775,False,0.0,,No metal,True
acepromazine,6077.0,-3.331893,4.1276965,6077,acepromazine,False,0.0,,No metal,True
methylbenactyzium-bromide,4134.0,15.226737,4.027485,4134,methylbenactyzium-bromide,False,0.0,,No metal,True
tribromoethanol,6400.0,3.5105264,8.202169,6400,tribromoethanol,False,0.0,,No metal,True
oco-1112,3081027.0,-2.590001,5.0423193,3081027,oco-1112,False,0.0,,No metal,True
exifone,40399.0,-1.995558,6.12025,40399,exifone,False,0.0,,No metal,True
rislenemdaz,11394238.0,-2.6186755,4.8557515,11394238,rislenemdaz,False,0.0,,No metal,True
methoxamine,657286.0,-0.944723,9.691366,657286,methoxamine,False,0.0,,No metal,True
2-phenylmelatonin,4018512.0,-0.46299192,-0.346259,4018512,2-phenylmelatonin,False,0.0,,No metal,True
sx-011,9935015.0,0.47440073,0.37585297,9935015,sx-011,False,0.0,,No metal,True
clobutinol,,0.20011961,9.964492,,clobutinol,False,0.0,,No metal,True
mofezolac,4237.0,-0.3270403,0.27654606,4237,mofezolac,False,0.0,,No metal,True
"4,5,6,7-tetrabromobenzotriazole",1694.0,-3.8842049,4.643805,1694,"4,5,6,7-tetrabromobenzotriazole",False,0.0,,No metal,True
n-[2-(piperidinylamino)ethyl]-4-iodobenzamide,127898.0,0.11922503,9.912896,127898,n-[2-(piperidinylamino)ethyl]-4-iodobenzamide,False,0.0,,No metal,True
argatroban,152951.0,-0.029990291,6.680139,152951,argatroban,False,0.0,,No metal,True
dequalinium,2993.0,16.291052,3.8178504,2993,dequalinium,False,0.0,,No metal,True
incyclinide,,-0.3113269,7.666392,,incyclinide,False,0.0,,No metal,True
vx-702,10341154.0,-0.14240709,0.51315475,10341154,vx-702,False,0.0,,No metal,True
sr-33805,9850876.0,2.075499,1.6692874,9850876,sr-33805,False,0.0,,No metal,True
wp1130,11222830.0,-2.7081897,4.354621,11222830,wp1130,False,0.0,,No metal,True
ns-19504,727750.0,-4.0567966,5.118121,727750,ns-19504,False,0.0,,No metal,True
broxaldine,77262.0,0.1649345,-0.4266114,77262,broxaldine,False,0.0,,No metal,True
rifapentine,136238508.0,0.44286597,5.4788036,136238508,rifapentine,False,0.0,,No metal,True
fh-535,3463933.0,-2.9197376,4.910139,3463933,fh-535,False,0.0,,No metal,True
pelanserin,65435.0,-0.5574943,0.20808817,65435,pelanserin,False,0.0,,No metal,True
azd4282,750.0,3.275745,9.233372,750,azd4282,False,0.0,,No metal,True
neohesperidin-dihydrochalcone,30231.0,0.18784128,5.7871046,30231,neohesperidin-dihydrochalcone,False,0.0,,No metal,True
cgp-37157,6604821.0,-3.73697,4.3309145,6604821,cgp-37157,False,0.0,,No metal,True
tandospirone,91273.0,0.2291384,8.847294,91273,tandospirone,False,0.0,,No metal,True
sameridine,65996.0,0.5922359,9.425969,65996,sameridine,False,0.0,,No metal,True
hmn-214,9888590.0,-0.20677885,0.5444792,9888590,hmn-214,False,0.0,,No metal,True
wdr5-0103,6457069.0,-2.249499,5.0801444,6457069,wdr5-0103,False,0.0,,No metal,True
tioguanine,2724387.0,-1.7465252,6.58233,2724387,tioguanine,False,0.0,,No metal,True
difluprednate,443936.0,1.0584983,7.354298,443936,difluprednate,False,0.0,,No metal,True
befuraline,68664.0,-0.40731695,-0.68147534,68664,befuraline,False,0.0,,No metal,True
clopidogrel,60606.0,-3.5497696,4.3440557,60606,clopidogrel,False,0.0,,No metal,True
tipelukast,9893228.0,0.978236,6.12788,9893228,tipelukast,False,0.0,,No metal,True
jdtic,9956146.0,-1.5696175,5.021409,9956146,jdtic,False,0.0,,No metal,True
galeterone,11188409.0,-3.178484,4.0579796,11188409,galeterone,False,0.0,,No metal,True
nt157,135398520.0,-2.122941,5.664131,135398520,nt157,False,0.0,,No metal,True
17-hydroxyprogesterone-caproate,169870.0,2.0167232,7.43292,169870,17-hydroxyprogesterone-caproate,False,0.0,,No metal,True
bay-k-8644-(s)-(-),6603728.0,0.27953655,9.094551,6603728,bay-k-8644-(s)-(-),False,0.0,,No metal,True
tariquidar,148201.0,1.9602369,2.4894402,148201,tariquidar,False,0.0,,No metal,True
pexmetinib,24765037.0,2.2743893,2.542171,24765037,pexmetinib,False,0.0,,No metal,True
dinoprost,5280363.0,1.4414461,7.0969396,5280363,dinoprost,False,0.0,,No metal,True
rifampin,135925261.0,0.4033815,5.460674,135925261,rifampin,False,0.0,,No metal,True
act-462206,40924317.0,-2.6291108,4.883705,40924317,act-462206,False,0.0,,No metal,True
esi-09,6077765.0,-2.6120992,5.0991006,6077765,esi-09,False,0.0,,No metal,True
ligustilide,5319022.0,3.3306556,8.037294,5319022,ligustilide,False,0.0,,No metal,True
prulifloxacin,6556267.0,-0.43959516,1.3824826,6556267,prulifloxacin,False,0.0,,No metal,True
euk-134,,16.300686,3.8148255,,euk-134,True,1.0,Mn,Contains metal,True
mdl-11939,76958673.0,-3.5748343,4.4681625,76958673,mdl-11939,False,0.0,,No metal,True
ponesimod,,-1.6702816,4.7559566,,ponesimod,False,0.0,,No metal,True
badge,6994088.0,-2.5348911,4.345405,6994088,badge,False,0.0,,No metal,True
reversan,2298706.0,3.1256464,1.5584354,2298706,reversan,False,0.0,,No metal,True
meglumine,8567.0,1.827693,9.165317,8567,meglumine,False,0.0,,No metal,True
rq-00203078,49783953.0,0.6194314,1.4356958,49783953,rq-00203078,False,0.0,,No metal,True
5-hydroxydecanoic-acid,13309539.0,2.8399682,8.39211,13309539,5-hydroxydecanoic-acid,False,0.0,,No metal,True
gsk2981278,89875987.0,-1.7387955,4.576785,89875987,gsk2981278,False,0.0,,No metal,True
bromopride,2446.0,-0.0020611044,9.0420265,2446,bromopride,False,0.0,,No metal,True
psi-6130,6481236.0,-1.1043323,8.644312,6481236,psi-6130,False,0.0,,No metal,True
bay-85-8050,7005049.0,2.6008863,9.18927,7005049,bay-85-8050,False,0.0,,No metal,True
c11-acetate,168049.0,16.306702,3.813632,168049,c11-acetate,True,1.0,Y,Contains metal,True
rebastinib,25066467.0,2.2959437,2.5553567,25066467,rebastinib,False,0.0,,No metal,True
risperidone,5073.0,0.09637122,0.29883444,5073,risperidone,False,0.0,,No metal,True
fr-122047,196841.0,0.13440971,0.4189349,196841,fr-122047,False,0.0,,No metal,True
atosiban,,0.8127589,5.171788,,atosiban,False,0.0,,No metal,True
ditiocarb-sodium-trihydrate,8987.0,3.5225716,8.372577,8987,ditiocarb-sodium-trihydrate,False,0.0,,No metal,True
ibuprofen-lysine,15009332.0,0.026242804,8.320788,15009332,ibuprofen-lysine,False,0.0,,No metal,True
1400w,1433.0,-1.149959,9.716795,1433,1400w,False,0.0,,No metal,True
nvp-auy922,135539077.0,-0.024335587,1.5681318,135539077,nvp-auy922,False,0.0,,No metal,True
reboxetine,127151.0,-2.900437,4.7140117,127151,reboxetine,False,0.0,,No metal,True
ku-0063794,16736978.0,-0.30710056,1.5061808,16736978,ku-0063794,False,0.0,,No metal,True
sb-225002,3854666.0,-2.7727635,5.4714613,3854666,sb-225002,False,0.0,,No metal,True
cefetamet,5487888.0,-0.21510176,7.4796743,5487888,cefetamet,False,0.0,,No metal,True
repsox,449054.0,3.5952358,1.5024974,449054,repsox,False,0.0,,No metal,True
perindoprilat,72022.0,1.9263545,8.44738,72022,perindoprilat,False,0.0,,No metal,True
mertansine,131847656.0,0.57111853,5.9290166,131847656,mertansine,False,0.0,,No metal,True
homoharringtonine,285033.0,0.2774737,6.7931185,285033,homoharringtonine,False,0.0,,No metal,True
nvp-bsk805,46398810.0,2.876696,1.4876609,46398810,nvp-bsk805,False,0.0,,No metal,True
mi-14,91758319.0,-0.5840617,1.169729,91758319,mi-14,False,0.0,,No metal,True
oprozomib,25067547.0,-0.5660602,5.6842513,25067547,oprozomib,False,0.0,,No metal,True
sch-28080,108137.0,-0.52161336,-0.69092023,108137,sch-28080,False,0.0,,No metal,True
bms-387032,3025986.0,-2.0443816,5.128657,3025986,bms-387032,False,0.0,,No metal,True
gzd824,51038269.0,2.7648103,1.4783831,51038269,gzd824,False,0.0,,No metal,True
cholesterol,5997.0,2.101318,6.9679103,5997,cholesterol,False,0.0,,No metal,True
hexoprenaline,24993924.0,-0.46358863,6.0522738,24993924,hexoprenaline,False,0.0,,No metal,True
ml348,3238952.0,-2.611991,4.7915716,3238952,ml348,False,0.0,,No metal,True
org-26576,13584912.0,-0.47962347,10.521003,13584912,org-26576,False,0.0,,No metal,True
emd-66684,9892554.0,2.527019,2.481612,9892554,emd-66684,False,0.0,,No metal,True
azd9056,10161381.0,0.4314231,8.014833,10161381,azd9056,False,0.0,,No metal,True
cinnarazine,1547484.0,0.6538207,-0.19948193,1547484,cinnarazine,False,0.0,,No metal,True
camicinal,15984937.0,-2.1567822,4.834692,15984937,camicinal,False,0.0,,No metal,True
promazine,4926.0,-3.755664,4.058861,4926,promazine,False,0.0,,No metal,True
moguisteine,219046.0,0.25476095,8.805467,219046,moguisteine,False,0.0,,No metal,True
naringin,442428.0,0.105393715,5.8958235,442428,naringin,False,0.0,,No metal,True
pf-431396,11598628.0,0.057899874,1.6812292,11598628,pf-431396,False,0.0,,No metal,True
guaifenesin,6950715.0,-1.0174063,9.684806,6950715,guaifenesin,False,0.0,,No metal,True
at-406,25022340.0,-1.1239728,5.104866,25022340,at-406,False,0.0,,No metal,True
abt-724,5025739.0,-0.7808347,-0.4902024,5025739,abt-724,False,0.0,,No metal,True
doxepin,667468.0,-3.8586576,4.1343617,667468,doxepin,False,0.0,,No metal,True
azomycin-(2-nitroimidazole),10701.0,-1.1520104,10.466337,10701,azomycin-(2-nitroimidazole),False,0.0,,No metal,True
enmd-2076,16041424.0,-0.56739247,0.7491459,16041424,enmd-2076,False,0.0,,No metal,True
sulfamethazine,5327.0,-2.9721045,6.104534,5327,sulfamethazine,False,0.0,,No metal,True
citric-acid,88113319.0,2.2178783,9.050209,88113319,citric-acid,False,0.0,,No metal,True
atizoram,9861730.0,0.02879227,9.393656,9861730,atizoram,False,0.0,,No metal,True
oxantel,5281087.0,-0.2815835,10.247384,5281087,oxantel,False,0.0,,No metal,True
gepefrine,10057685.0,-1.3602464,10.110661,10057685,gepefrine,False,0.0,,No metal,True
metronidazole,4173.0,-0.96542126,9.552883,4173,metronidazole,False,0.0,,No metal,True
eslicarbazepine-acetate,179344.0,-3.5720074,5.07993,179344,eslicarbazepine-acetate,False,0.0,,No metal,True
fondaparinux,5282448.0,1.0816096,4.752515,5282448,fondaparinux,False,0.0,,No metal,True
lesinurad,53465279.0,-0.020303866,0.060288303,53465279,lesinurad,False,0.0,,No metal,True
fenoverine,72098.0,0.121644996,0.4108673,72098,fenoverine,False,0.0,,No metal,True
ipag,4239764.0,0.26625714,9.838215,4239764,ipag,False,0.0,,No metal,True
tc-e-5006,97289132.0,0.9935133,0.7556277,97289132,tc-e-5006,False,0.0,,No metal,True
azaserine,,14.94151,4.295752,,azaserine,False,0.0,,No metal,True
gw-1929,6518171.0,2.2858272,1.7006427,6518171,gw-1929,False,0.0,,No metal,True
ranitidine,9883333.0,0.21415074,8.681209,9883333,ranitidine,False,0.0,,No metal,True
quinpirol-(-),54562.0,-0.26989052,10.375117,54562,quinpirol-(-),False,0.0,,No metal,True
honokiol,72303.0,-3.9208262,4.867353,72303,honokiol,False,0.0,,No metal,True
talipexole,5374.0,-0.5911916,10.2088,5374,talipexole,False,0.0,,No metal,True
sb-216763,176158.0,-0.096779734,-0.41749758,176158,sb-216763,False,0.0,,No metal,True
cay10505,1204893.0,-3.5563238,5.064151,1204893,cay10505,False,0.0,,No metal,True
naloxegol,56959087.0,0.5250533,5.9322977,56959087,naloxegol,False,0.0,,No metal,True
a-674563,11314340.0,3.3099427,1.5305946,11314340,a-674563,False,0.0,,No metal,True
10-hydroxycamptothecin,97226.0,-0.8465563,0.69496953,97226,10-hydroxycamptothecin,False,0.0,,No metal,True
chloramphenicol-sodium-succinate,656580.0,0.039195765,7.969328,656580,chloramphenicol-sodium-succinate,False,0.0,,No metal,True
nelotanserin,11683556.0,0.17799525,0.12151904,11683556,nelotanserin,False,0.0,,No metal,True
apricitabine,455041.0,-1.0721318,9.017768,455041,apricitabine,False,0.0,,No metal,True
sucrose,5988.0,0.29581726,6.463995,5988,sucrose,False,0.0,,No metal,True
pf-4800567,53472153.0,-0.5788655,0.4822538,53472153,pf-4800567,False,0.0,,No metal,True
tc-i-2000,57326391.0,0.78544766,0.11479406,57326391,tc-i-2000,False,0.0,,No metal,True
nu-1025,135398517.0,-4.046182,6.1078787,135398517,nu-1025,False,0.0,,No metal,True
bay-11-7082,5353431.0,-0.50761336,10.38364,5353431,bay-11-7082,False,0.0,,No metal,True
mm-102,54766613.0,0.082389526,5.191749,54766613,mm-102,False,0.0,,No metal,True
safflower-yellow,,0.7780264,5.2424984,,safflower-yellow,False,0.0,,No metal,True
rupatadine,133017.0,0.48572284,-0.070696004,133017,rupatadine,False,0.0,,No metal,True
tamsulosin,129211.0,-1.5732428,5.129287,129211,tamsulosin,False,0.0,,No metal,True
ly450108,9843690.0,-2.4455717,4.9232006,9843690,ly450108,False,0.0,,No metal,True
dromostanolone-propionate,,2.3971162,7.4059296,,dromostanolone-propionate,False,0.0,,No metal,True
mj-15,59377482.0,3.2425733,1.0156957,59377482,mj-15,False,0.0,,No metal,True
irganox-1010,64819.0,1.7075822,2.823107,64819,irganox-1010,False,0.0,,No metal,True
tasuldine,65666.0,-4.1011767,5.277158,65666,tasuldine,False,0.0,,No metal,True
desonide,5311066.0,1.4119347,7.733786,5311066,desonide,False,0.0,,No metal,True
pipenzolate,16048561.0,15.210451,4.039812,16048561,pipenzolate,False,0.0,,No metal,True
tas-103,135413533.0,-0.7193112,0.116430394,135413533,tas-103,False,0.0,,No metal,True
exo-1,310557.0,-3.7473104,5.10352,310557,exo-1,False,0.0,,No metal,True
lutein,5281243.0,1.4866891,6.3804145,5281243,lutein,False,0.0,,No metal,True
sb-683698,9912743.0,0.42030028,0.98537326,9912743,sb-683698,False,0.0,,No metal,True
exisulind,5472495.0,-2.8618321,4.702514,5472495,exisulind,False,0.0,,No metal,True
adoprazine,9887537.0,0.07535663,0.287679,9887537,adoprazine,False,0.0,,No metal,True
atovaquone,,-3.1679082,4.09914,,atovaquone,False,0.0,,No metal,True
mupirocin,446596.0,0.71789396,6.26847,446596,mupirocin,False,0.0,,No metal,True
cc-223,,-1.9216272,5.496788,,cc-223,False,0.0,,No metal,True
irinotecan,60838.0,0.20478494,1.7064075,60838,irinotecan,False,0.0,,No metal,True
zidovudine,35370.0,-0.80361253,8.915744,35370,zidovudine,False,0.0,,No metal,True
spermidine,1102.0,2.6136465,9.085769,1102,spermidine,False,0.0,,No metal,True
piketoprofen,68571753.0,0.026183952,-0.06453079,68571753,piketoprofen,False,0.0,,No metal,True
roxarsone,5104.0,-1.1917597,8.753296,5104,roxarsone,False,0.0,,No metal,True
radotinib,16063245.0,2.3426504,2.601705,16063245,radotinib,False,0.0,,No metal,True
caroverin,65709.0,0.10215414,0.13039458,65709,caroverin,False,0.0,,No metal,True
ziprasidone,60854.0,-0.09275187,0.22076166,60854,ziprasidone,False,0.0,,No metal,True
isradipine,13773524.0,-1.8874809,5.501208,13773524,isradipine,False,0.0,,No metal,True
veliflapon,123723.0,0.42606142,0.056218293,123723,veliflapon,False,0.0,,No metal,True
imipramine,3696.0,-3.8254647,4.084838,3696,imipramine,False,0.0,,No metal,True
nelociguat,11690019.0,2.7837057,1.9376979,11690019,nelociguat,False,0.0,,No metal,True
dodecyl-sulfate,8778.0,1.6569176,7.0896163,8778,dodecyl-sulfate,False,0.0,,No metal,True
eit-hydrobromide,5139.0,3.3773167,9.019133,5139,eit-hydrobromide,False,0.0,,No metal,True
brl-26314,14259155.0,-3.4414165,5.23427,14259155,brl-26314,False,0.0,,No metal,True
emamectin,118704765.0,0.7940839,5.718038,118704765,emamectin,False,0.0,,No metal,True
aztreonam,5742832.0,-0.21884054,6.8764577,5742832,aztreonam,False,0.0,,No metal,True
apabetalone,135564749.0,-0.6517023,0.9451613,135564749,apabetalone,False,0.0,,No metal,True
thioridazine,66062.0,-3.2622478,4.0302267,66062,thioridazine,False,0.0,,No metal,True
arundic-acid,208925.0,2.9648461,8.27734,208925,arundic-acid,False,0.0,,No metal,True
torin-2,51358113.0,2.7890716,2.696555,51358113,torin-2,False,0.0,,No metal,True
imidacloprid,86418.0,-0.6866923,9.648126,86418,imidacloprid,False,0.0,,No metal,True
tosufloxacin,488360.0,-0.77117676,0.7502315,488360,tosufloxacin,False,0.0,,No metal,True
2-pyridylethylamine,75919.0,-1.0628816,10.609789,75919,2-pyridylethylamine,False,0.0,,No metal,True
tienilic-acid,38409.0,-3.0010457,4.8341727,38409,tienilic-acid,False,0.0,,No metal,True
flunarizine,941361.0,0.73307365,-0.109303646,941361,flunarizine,False,0.0,,No metal,True
metatinib,44155856.0,2.8462126,1.5404274,44155856,metatinib,False,0.0,,No metal,True
diphenidol,3055.0,-3.4074218,4.3402944,3055,diphenidol,False,0.0,,No metal,True
khs-101,71304818.0,-0.22293608,0.4778406,71304818,khs-101,False,0.0,,No metal,True
thonzylamine,5457.0,-3.2486155,4.720815,5457,thonzylamine,False,0.0,,No metal,True
dexlansoprazole,9578005.0,-0.23718683,0.024627265,9578005,dexlansoprazole,False,0.0,,No metal,True
phytosphingosine,122121.0,1.5142803,6.962505,122121,phytosphingosine,False,0.0,,No metal,True
sm-164,17756618.0,1.594659,3.0422764,17756618,sm-164,False,0.0,,No metal,True
acetohydroxamic-acid,1990.0,3.326208,9.162673,1990,acetohydroxamic-acid,False,0.0,,No metal,True
clebopride,2780.0,-2.577869,4.9845,2780,clebopride,False,0.0,,No metal,True
eprinomectin,86289908.0,0.7918696,5.703326,86289908,eprinomectin,False,0.0,,No metal,True
sumatriptan,5358.0,-3.2550833,5.481862,5358,sumatriptan,False,0.0,,No metal,True
avasimibe,166558.0,0.911956,1.208323,166558,avasimibe,False,0.0,,No metal,True
wy-16922,198325.0,-0.68831867,9.039191,198325,wy-16922,False,0.0,,No metal,True
nintedanib,,0.2439177,1.6580645,,nintedanib,False,0.0,,No metal,True
phenelzine,3675.0,-1.3505366,10.142302,3675,phenelzine,False,0.0,,No metal,True
lymecycline,,0.07860295,6.105883,,lymecycline,False,0.0,,No metal,True
acetazolamide,1986.0,-1.0636971,8.915712,1986,acetazolamide,False,0.0,,No metal,True
penicillin-v-potassium,6869.0,-0.33026522,8.519338,6869,penicillin-v-potassium,False,0.0,,No metal,True
aprepitant,135413536.0,0.44062835,1.3537688,135413536,aprepitant,False,0.0,,No metal,True
varenicline,5310966.0,-4.27711,5.63012,5310966,varenicline,False,0.0,,No metal,True
diloxanide,19529.0,-3.2955842,4.6366715,19529,diloxanide,False,0.0,,No metal,True
prochlorperazine,4917.0,-3.2822392,4.083375,4917,prochlorperazine,False,0.0,,No metal,True
flt3-in-1,90052320.0,-0.5871962,5.4747686,90052320,flt3-in-1,False,0.0,,No metal,True
eprazinone,29962149.0,-2.3787115,4.265468,29962149,eprazinone,False,0.0,,No metal,True
resorcinol-monoacetate,5055.0,-0.8564749,10.454179,5055,resorcinol-monoacetate,False,0.0,,No metal,True
temoporfin,,2.1273425,2.5194967,,temoporfin,False,0.0,,No metal,True
edtmp,15025.0,1.548711,8.67323,15025,edtmp,False,0.0,,No metal,True
iodoantipyrine,8522.0,-4.4072285,5.1558204,8522,iodoantipyrine,False,0.0,,No metal,True
chlorogenic-acid,1794427.0,-0.5795751,7.760272,1794427,chlorogenic-acid,False,0.0,,No metal,True
tribenoside,12874922.0,0.60271025,1.3106662,12874922,tribenoside,False,0.0,,No metal,True
isoxsuprine,42066885.0,-2.5299084,5.3891993,42066885,isoxsuprine,False,0.0,,No metal,True
nnc-63-0532,9803475.0,0.13862978,0.3719363,9803475,nnc-63-0532,False,0.0,,No metal,True
efinaconazole,9819704.0,-2.9840188,5.0165133,9819704,efinaconazole,False,0.0,,No metal,True
butoconazole,476417.0,0.8037116,-0.10481377,476417,butoconazole,False,0.0,,No metal,True
nizofenone,4514.0,0.117368735,0.60376734,4514,nizofenone,False,0.0,,No metal,True
sn-38,104842.0,-0.757019,0.8461023,104842,sn-38,False,0.0,,No metal,True
azd8835,76685059.0,-0.24178407,1.7926952,76685059,azd8835,False,0.0,,No metal,True
mk-0752,,-2.3680634,4.171726,,mk-0752,False,0.0,,No metal,True
evans-blue,6804600.0,0.39288563,5.4794736,6804600,evans-blue,False,0.0,,No metal,True
i-bza2,1816834.0,0.07634571,9.860713,1816834,i-bza2,False,0.0,,No metal,True
pilaralisib,56599306.0,2.1644604,1.8734593,56599306,pilaralisib,False,0.0,,No metal,True
eluxadoline,130406582.0,2.1205318,1.8734798,130406582,eluxadoline,False,0.0,,No metal,True
gnf-5837,59397065.0,2.433301,1.3999738,59397065,gnf-5837,False,0.0,,No metal,True
nilotinib,644241.0,2.3475964,2.595621,644241,nilotinib,False,0.0,,No metal,True
dinoprostone,5280360.0,1.5020897,7.039647,5280360,dinoprostone,False,0.0,,No metal,True
ozanimod,52938427.0,-0.2604585,1.3124268,52938427,ozanimod,False,0.0,,No metal,True
p7c3,981442.0,3.411368,1.0971028,981442,p7c3,False,0.0,,No metal,True
gm-1485,9837656.0,2.8371737,8.519578,9837656,gm-1485,False,0.0,,No metal,True
aq-13,3805581.0,-3.3233447,4.297028,3805581,aq-13,False,0.0,,No metal,True
levocabastine,,-2.5846064,4.1780906,,levocabastine,False,0.0,,No metal,True
idelalisib,11625818.0,2.8503642,2.6316133,11625818,idelalisib,False,0.0,,No metal,True
ym-90709,1103147.0,3.52421,1.3542336,1103147,ym-90709,False,0.0,,No metal,True
adefovir,60172.0,-2.3045049,6.3689647,60172,adefovir,False,0.0,,No metal,True
ramosetron,135418340.0,-0.6407326,-0.6851499,135418340,ramosetron,False,0.0,,No metal,True
tetroquinone,36689751.0,2.1883116,9.176814,36689751,tetroquinone,False,0.0,,No metal,True
canrenone,13789.0,2.6310773,7.471005,13789,canrenone,False,0.0,,No metal,True
zomepirac,5733.0,-3.6464396,5.078121,5733,zomepirac,False,0.0,,No metal,True
sunitinib,5329102.0,-2.3452926,4.997849,5329102,sunitinib,False,0.0,,No metal,True
sd-169,14973220.0,-4.1918035,5.8372383,14973220,sd-169,False,0.0,,No metal,True
vanillin,1183.0,-0.84503216,10.465671,1183,vanillin,False,0.0,,No metal,True
tu-2100,4342838.0,-1.3734218,4.576396,4342838,tu-2100,False,0.0,,No metal,True
rs-23597-190,182593.0,0.23488778,8.976642,182593,rs-23597-190,False,0.0,,No metal,True
gr-79236,9884817.0,-1.5709952,6.513155,9884817,gr-79236,False,0.0,,No metal,True
erythromycin,,0.880532,5.5860806,,erythromycin,False,0.0,,No metal,True
trimetrexate,5583.0,-0.50772583,1.286672,5583,trimetrexate,False,0.0,,No metal,True
prt062607,44462758.0,-0.61651444,1.478999,44462758,prt062607,False,0.0,,No metal,True
digitoxin,441207.0,0.8299002,5.6374903,441207,digitoxin,False,0.0,,No metal,True
cinepazet,6434395.0,0.26994735,8.700676,6434395,cinepazet,False,0.0,,No metal,True
swainsonine,51683.0,2.7585096,9.2232,51683,swainsonine,False,0.0,,No metal,True
ro-19-4605,127382.0,-3.2967741,5.1352983,127382,ro-19-4605,False,0.0,,No metal,True
ggstop,139340107.0,-0.090403296,8.239679,139340107,ggstop,False,0.0,,No metal,True
zinc-undecylenate,11179.0,1.4498545,6.44728,11179,zinc-undecylenate,True,1.0,Zn,Contains metal,True
afatinib,10184653.0,0.24444725,1.4631624,10184653,afatinib,False,0.0,,No metal,True
l-quisqualic-acid,6971145.0,-1.1560657,8.616062,6971145,l-quisqualic-acid,False,0.0,,No metal,True
snc-80,123924.0,-2.1799288,4.256504,123924,snc-80,False,0.0,,No metal,True
2-apb,1598.0,-3.8349466,5.6260767,1598,2-apb,False,0.0,,No metal,True
meclofenoxate,4039.0,0.034183826,9.496309,4039,meclofenoxate,False,0.0,,No metal,True
lazabemide,71307.0,-1.1042192,9.710068,71307,lazabemide,False,0.0,,No metal,True
quetiapine,5002.0,-2.3260157,4.8321333,5002,quetiapine,False,0.0,,No metal,True
17-pa,25068278.0,0.65357405,9.593639,25068278,17-pa,False,0.0,,No metal,True
rilmenidine,68712.0,3.2037873,8.583732,68712,rilmenidine,False,0.0,,No metal,True
hydroxocobalamin,139031134.0,0.9624008,4.8816233,139031134,hydroxocobalamin,True,1.0,Co,Contains metal,True
oglemilast,11387409.0,2.5512242,1.5477387,11387409,oglemilast,False,0.0,,No metal,True
prazosin,4893.0,-0.7980637,1.1661336,4893,prazosin,False,0.0,,No metal,True
tg-100572,11712625.0,2.4393995,1.5755404,11712625,tg-100572,False,0.0,,No metal,True
oxaloacetate,54676101.0,2.760819,9.256761,54676101,oxaloacetate,False,0.0,,No metal,True
solifenacin-succinate,154059.0,-3.2806392,4.166128,154059,solifenacin-succinate,False,0.0,,No metal,True
paroxypropione,6271.0,-0.49812967,10.693267,6271,paroxypropione,False,0.0,,No metal,True
baricitinib,44205240.0,-0.8404457,0.912729,44205240,baricitinib,False,0.0,,No metal,True
cyclovalone,1550234.0,-2.5350485,4.9369583,1550234,cyclovalone,False,0.0,,No metal,True
ly456236,9926999.0,-0.5218759,-0.34780884,9926999,ly456236,False,0.0,,No metal,True
pf-03758309,25227462.0,2.5165498,1.7243127,25227462,pf-03758309,False,0.0,,No metal,True
amg-208,24864821.0,2.9288762,2.6495538,24864821,amg-208,False,0.0,,No metal,True
lfm-a13,,0.12341012,9.700317,,lfm-a13,False,0.0,,No metal,True
nnc-05-2090,9888030.0,3.340079,1.0961732,9888030,nnc-05-2090,False,0.0,,No metal,True
rufloxacin,58258.0,-2.9718711,5.4955544,58258,rufloxacin,False,0.0,,No metal,True
bornyl-acetate,247573.0,3.277266,7.9938335,247573,bornyl-acetate,False,0.0,,No metal,True
chlorpropham,2728.0,0.074798346,10.376515,2728,chlorpropham,False,0.0,,No metal,True
sulfaphenazole,5335.0,-0.89172876,0.051169153,5335,sulfaphenazole,False,0.0,,No metal,True
dg-172,57342889.0,-3.2256758,4.1349316,57342889,dg-172,False,0.0,,No metal,True
xilobam,6434391.0,0.12554374,10.3363285,6434391,xilobam,False,0.0,,No metal,True
i-bet151,52912189.0,2.8891544,2.638469,52912189,i-bet151,False,0.0,,No metal,True
perzinfotel,6918236.0,-1.0533653,8.692963,6918236,perzinfotel,False,0.0,,No metal,True
ketoprofen,180540.0,-3.737189,5.0080943,180540,ketoprofen,False,0.0,,No metal,True
zometapine,135410917.0,-3.9908137,5.2427573,135410917,zometapine,False,0.0,,No metal,True
piperonyl-butoxide,5794.0,0.48892504,8.94357,5794,piperonyl-butoxide,False,0.0,,No metal,True
gs-6201,11270783.0,3.2231,1.5900326,11270783,gs-6201,False,0.0,,No metal,True
pha-665752,10461815.0,0.78037775,1.5902865,10461815,pha-665752,False,0.0,,No metal,True
cinepazide,5282459.0,0.24229625,8.798262,5282459,cinepazide,False,0.0,,No metal,True
pidolic-acid,7405.0,3.2502594,9.159117,7405,pidolic-acid,False,0.0,,No metal,True
enzastaurin,176167.0,2.5862763,2.707599,176167,enzastaurin,False,0.0,,No metal,True
lxh254,90456533.0,0.13781033,1.5044175,90456533,lxh254,False,0.0,,No metal,True
sb-590885,135421339.0,2.7272704,1.4308522,135421339,sb-590885,False,0.0,,No metal,True
nitecapone,5464105.0,-0.637826,8.997792,5464105,nitecapone,False,0.0,,No metal,True
otamixaban,5496659.0,-0.43836614,1.1516639,5496659,otamixaban,False,0.0,,No metal,True
rosiglitazone,10021239.0,-2.1938732,5.0257373,10021239,rosiglitazone,False,0.0,,No metal,True
trilostane,5311487.0,2.5384707,7.6501923,5311487,trilostane,False,0.0,,No metal,True
ketorolac,181817.0,-3.8150356,5.250252,181817,ketorolac,False,0.0,,No metal,True
tanaproget,4369524.0,-3.6652734,4.912866,4369524,tanaproget,False,0.0,,No metal,True
linsitinib,,2.8965096,2.6396074,,linsitinib,False,0.0,,No metal,True
imeglimin,24812808.0,2.7893202,9.170086,24812808,imeglimin,False,0.0,,No metal,True
ropivacaine,175805.0,0.33963072,9.979043,175805,ropivacaine,False,0.0,,No metal,True
dasatinib,3062316.0,-0.10129722,1.7277154,3062316,dasatinib,False,0.0,,No metal,True
ucl-2077,24868317.0,3.5151315,1.1120427,24868317,ucl-2077,False,0.0,,No metal,True
carprofen,6997572.0,-0.4068549,-0.63534945,6997572,carprofen,False,0.0,,No metal,True
iti214,42639643.0,2.7022297,1.4221059,42639643,iti214,False,0.0,,No metal,True
bay-2402234,134470179.0,0.334945,1.3766843,134470179,bay-2402234,False,0.0,,No metal,True
mk-3697,46190695.0,2.6836224,1.826696,46190695,mk-3697,False,0.0,,No metal,True
org-12962,9796408.0,-0.26063147,10.201369,9796408,org-12962,False,0.0,,No metal,True
viomycin,,0.51973844,6.1237264,,viomycin,False,0.0,,No metal,True
gw274150,9797017.0,2.2683663,8.937725,9797017,gw274150,False,0.0,,No metal,True
bevantolol,36690919.0,-2.074916,4.910128,36690919,bevantolol,False,0.0,,No metal,True
baicalein,,-0.3737387,9.215576,,baicalein,False,0.0,,No metal,True
debio-0932,44156921.0,-0.180672,1.3875427,44156921,debio-0932,False,0.0,,No metal,True
dihydrostreptomycin,73707353.0,1.0427809,4.7978816,73707353,dihydrostreptomycin,False,0.0,,No metal,True
7-hydroxy-dpat,23928184.0,0.32383075,9.931066,23928184,7-hydroxy-dpat,False,0.0,,No metal,True
gs-143,121513876.0,2.8048937,1.2531677,121513876,gs-143,False,0.0,,No metal,True
anisotropine,,15.200339,4.0664167,,anisotropine,False,0.0,,No metal,True
cipargamin,44469321.0,-0.15430588,-0.3553292,44469321,cipargamin,False,0.0,,No metal,True
vx-745,3038525.0,3.367223,1.0591378,3038525,vx-745,False,0.0,,No metal,True
flumequine,6918894.0,-3.9799457,5.344419,6918894,flumequine,False,0.0,,No metal,True
dihydrotachysterol,,2.1019046,6.933816,,dihydrotachysterol,False,0.0,,No metal,True
beta-hydroxy-beta-methylbutyrate,129010087.0,2.3870335,8.972051,129010087,beta-hydroxy-beta-methylbutyrate,False,0.0,,No metal,True
val-tyr,7009555.0,-0.60561776,8.565908,7009555,val-tyr,False,0.0,,No metal,True
loxapine,3964.0,-3.6282742,4.3893204,3964,loxapine,False,0.0,,No metal,True
buparvaquone,,0.4876884,9.735885,,buparvaquone,False,0.0,,No metal,True
jzl-184,25021165.0,0.053177252,1.7127166,25021165,jzl-184,False,0.0,,No metal,True
foretinib,42642645.0,1.8840218,2.1984236,42642645,foretinib,False,0.0,,No metal,True
glipizide,3478.0,-1.4818095,5.5071235,3478,glipizide,False,0.0,,No metal,True
propentofylline,4938.0,-3.1456113,5.661076,4938,propentofylline,False,0.0,,No metal,True
5-hydroxymethyl-tolterodine,9819382.0,-2.7467844,4.497722,9819382,5-hydroxymethyl-tolterodine,False,0.0,,No metal,True
lycopene,446925.0,1.4903823,6.3787537,446925,lycopene,False,0.0,,No metal,True
az-628,11676786.0,2.898089,1.4409958,11676786,az-628,False,0.0,,No metal,True
fasoracetam,198695.0,3.3581295,8.722894,198695,fasoracetam,False,0.0,,No metal,True
r-1485,11689373.0,-2.936097,5.463687,11689373,r-1485,False,0.0,,No metal,True
r406,11213558.0,-0.116062604,1.7718604,11213558,r406,False,0.0,,No metal,True
2-tedc,6069552.0,-2.5474427,5.4529915,6069552,2-tedc,False,0.0,,No metal,True
cabergoline,54746.0,-1.9094489,4.912043,54746,cabergoline,False,0.0,,No metal,True
bacampicillin,66586207.0,0.105376124,7.2934175,66586207,bacampicillin,False,0.0,,No metal,True
hoku-81,3045414.0,-0.4362369,9.822811,3045414,hoku-81,False,0.0,,No metal,True
as-703026,44187362.0,-1.9888277,5.686097,44187362,as-703026,False,0.0,,No metal,True
bismuth-oxalate,,0.102575354,6.5245996,,bismuth-oxalate,True,2.0,Bi,Contains metal,True
alpelisib,56649450.0,-1.9432639,5.0294886,56649450,alpelisib,False,0.0,,No metal,True
nilvadipine,10340038.0,0.25494242,8.210373,10340038,nilvadipine,False,0.0,,No metal,True
bms-214662,448545.0,2.8455334,1.5849655,448545,bms-214662,False,0.0,,No metal,True
coti-2,91810660.0,-2.9823887,5.365083,91810660,coti-2,False,0.0,,No metal,True
frax486,68060125.0,2.6901927,1.4270123,68060125,frax486,False,0.0,,No metal,True
perifosine,148178.0,15.4060335,3.8839877,148178,perifosine,False,0.0,,No metal,True
sparteine-(-),644020.0,3.1867182,7.97254,644020,sparteine-(-),False,0.0,,No metal,True
kg-5,53328059.0,2.497474,1.7553647,53328059,kg-5,False,0.0,,No metal,True
pilsicainide,4820.0,0.21724758,10.129954,4820,pilsicainide,False,0.0,,No metal,True
cftrinh-172,1554210.0,-2.8370695,4.1944375,1554210,cftrinh-172,False,0.0,,No metal,True
alogliptin,11450633.0,-2.9135695,5.823849,11450633,alogliptin,False,0.0,,No metal,True
cyt387,25062766.0,-0.48746133,1.2201385,25062766,cyt387,False,0.0,,No metal,True
ai-10-49,49806644.0,1.9201583,2.5701072,49806644,ai-10-49,False,0.0,,No metal,True
at-1015,9805664.0,-2.4490082,4.3563433,9805664,at-1015,False,0.0,,No metal,True
emd534085,23634407.0,-1.7874228,4.6331935,23634407,emd534085,False,0.0,,No metal,True
azilsartan-medoxomil,135409642.0,1.9412723,2.4752378,135409642,azilsartan-medoxomil,False,0.0,,No metal,True
enprofylline,1676.0,-3.859532,6.2659364,1676,enprofylline,False,0.0,,No metal,True
bgp-15,92211270.0,-0.5737441,8.787109,92211270,bgp-15,False,0.0,,No metal,True
pirarubicin,11296583.0,-0.029604893,5.9444623,11296583,pirarubicin,False,0.0,,No metal,True
pirodavir,71345.0,-2.1504135,4.624826,71345,pirodavir,False,0.0,,No metal,True
tacrine,1935.0,-4.430273,5.194752,1935,tacrine,False,0.0,,No metal,True
ac260584,9928284.0,0.53365254,9.322849,9928284,ac260584,False,0.0,,No metal,True
gw-6471,446738.0,1.6721976,1.925511,446738,gw-6471,False,0.0,,No metal,True
zd-7288,123984.0,-4.07152,5.1133175,123984,zd-7288,False,0.0,,No metal,True
acarbose,444254.0,0.5004207,6.1143765,444254,acarbose,False,0.0,,No metal,True
sulfamethoxazole,5329.0,-3.0963972,6.1555905,5329,sulfamethoxazole,False,0.0,,No metal,True
u-0521,21632.0,-0.8201253,9.934118,21632,u-0521,False,0.0,,No metal,True
xylose,644160.0,2.175153,9.23562,644160,xylose,False,0.0,,No metal,True
megestrol-acetate,11683.0,2.3445563,7.418637,11683,megestrol-acetate,False,0.0,,No metal,True
desipramine,2995.0,-3.7809074,4.5358214,2995,desipramine,False,0.0,,No metal,True
dotmp,124761.0,0.07912189,6.344746,124761,dotmp,False,0.0,,No metal,True
nms-e973,135566652.0,-0.16986573,1.7430167,135566652,nms-e973,False,0.0,,No metal,True
clemizole,2782.0,0.06659949,-0.5638906,2782,clemizole,False,0.0,,No metal,True
beclamide,10391.0,-0.33397296,10.612385,10391,beclamide,False,0.0,,No metal,True
dynasore,135533054.0,-0.92592883,0.5182538,135533054,dynasore,False,0.0,,No metal,True
carazolol,13023331.0,-0.63462365,-0.110623136,13023331,carazolol,False,0.0,,No metal,True
her2-inhibitor-1,42598643.0,1.9933491,2.5011363,42598643,her2-inhibitor-1,False,0.0,,No metal,True
n-acetylcarnosine,9903482.0,-0.7725542,8.4959955,9903482,n-acetylcarnosine,False,0.0,,No metal,True
escitalopram,146570.0,-3.301091,4.1768436,146570,escitalopram,False,0.0,,No metal,True
dapt,5311272.0,-1.9534909,4.9177465,5311272,dapt,False,0.0,,No metal,True
rifamycin,5282048.0,0.4214176,5.5043473,5282048,rifamycin,False,0.0,,No metal,True
articaine,6604377.0,-0.053762924,9.078404,6604377,articaine,False,0.0,,No metal,True
levomenol,442343.0,3.1112354,7.832163,442343,levomenol,False,0.0,,No metal,True
gs-967,58118983.0,-0.08151383,-0.55729175,58118983,gs-967,False,0.0,,No metal,True
paquinimod,54684617.0,-0.21601622,-0.059013575,54684617,paquinimod,False,0.0,,No metal,True
(r)-(-)-rolipram,448055.0,0.07163249,9.722802,448055,(r)-(-)-rolipram,False,0.0,,No metal,True
methionine,84815.0,3.0394447,8.936656,84815,methionine,False,0.0,,No metal,True
mk-0773,11950726.0,-2.0125551,4.747209,11950726,mk-0773,False,0.0,,No metal,True
niclosamide,4477.0,-2.923006,5.2235055,4477,niclosamide,False,0.0,,No metal,True
pf-03814735,51346455.0,-1.4867884,5.0301795,51346455,pf-03814735,False,0.0,,No metal,True
masitinib,10074640.0,2.5003114,1.5540667,10074640,masitinib,False,0.0,,No metal,True
epothilone-b,118184795.0,0.8000106,7.677666,118184795,epothilone-b,False,0.0,,No metal,True
metoxibutropate,836891.0,-3.2507362,4.119188,836891,metoxibutropate,False,0.0,,No metal,True
sgi-1027,24858111.0,2.380973,2.5157824,24858111,sgi-1027,False,0.0,,No metal,True
flurbiprofen-(s)-(+),72099.0,-4.079512,4.723235,72099,flurbiprofen-(s)-(+),False,0.0,,No metal,True
aripiprazole-lauroxil,49831411.0,1.2914823,6.177743,49831411,aripiprazole-lauroxil,False,0.0,,No metal,True
pd-168568,9928335.0,-3.0821857,4.766367,9928335,pd-168568,False,0.0,,No metal,True
brd4770,72193870.0,3.1807878,1.2226917,72193870,brd4770,False,0.0,,No metal,True
fenigam,685623.0,-1.0696199,9.83789,685623,fenigam,False,0.0,,No metal,True
nefazodone,4449.0,0.31276277,0.9185612,4449,nefazodone,False,0.0,,No metal,True
hexylresorcinol,3610.0,-0.25645486,10.045092,3610,hexylresorcinol,False,0.0,,No metal,True
ldn-27219,1150683.0,3.1848865,1.7704953,1150683,ldn-27219,False,0.0,,No metal,True
bay-60-7550,135564787.0,2.3985837,1.7122928,135564787,bay-60-7550,False,0.0,,No metal,True
sp-141,59620153.0,3.5381546,1.3803794,59620153,sp-141,False,0.0,,No metal,True
gtp-14564,3385203.0,3.6966684,1.3761454,3385203,gtp-14564,False,0.0,,No metal,True
pp-2,4878.0,-0.69296753,-0.3974101,4878,pp-2,False,0.0,,No metal,True
ntzdpa,9954280.0,3.3406737,0.97777647,9954280,ntzdpa,False,0.0,,No metal,True
docusate,40473171.0,1.3690275,6.9500847,40473171,docusate,False,0.0,,No metal,True
endoxifen,10090750.0,0.6668424,0.07015644,10090750,endoxifen,False,0.0,,No metal,True
gsk2256098,46214930.0,-0.06647267,1.1497625,46214930,gsk2256098,False,0.0,,No metal,True
lgk-974,46926973.0,3.1279204,1.6575994,46926973,lgk-974,False,0.0,,No metal,True
sr-1078,17980288.0,-2.9275136,4.1315327,17980288,sr-1078,False,0.0,,No metal,True
ethylnorepinephrine,25271661.0,-1.3478671,9.024338,25271661,ethylnorepinephrine,False,0.0,,No metal,True
quipazine,5011.0,-4.2600493,5.6187506,5011,quipazine,False,0.0,,No metal,True
ethyl-2-(carbamoyloxy)benzoate,145917.0,-0.6533238,9.7022505,145917,ethyl-2-(carbamoyloxy)benzoate,False,0.0,,No metal,True
triclosan,5564.0,-3.7828217,4.239251,5564,triclosan,False,0.0,,No metal,True
cgp-71683,,2.53847,1.6975087,,cgp-71683,False,0.0,,No metal,True
zalcitabine,24066.0,-1.0540836,9.132315,24066,zalcitabine,False,0.0,,No metal,True
daclatasvir,25154714.0,1.7415804,2.689115,25154714,daclatasvir,False,0.0,,No metal,True
gw-627368,5312130.0,2.326732,1.6448475,5312130,gw-627368,False,0.0,,No metal,True
ertugliflozin,44814423.0,-1.5882429,5.7366996,44814423,ertugliflozin,False,0.0,,No metal,True
gestodene,3033968.0,2.772051,7.475947,3033968,gestodene,False,0.0,,No metal,True
sultopride,29010876.0,0.17197812,8.858295,29010876,sultopride,False,0.0,,No metal,True
pf-05175157,52934180.0,-0.23108391,0.26549348,52934180,pf-05175157,False,0.0,,No metal,True
lsz-102,118574930.0,2.8453596,1.1677469,118574930,lsz-102,False,0.0,,No metal,True
3-deazaneplanocin-a,73087.0,-2.16577,6.4850492,73087,3-deazaneplanocin-a,False,0.0,,No metal,True
griseofulvin,441140.0,0.19818029,9.078048,441140,griseofulvin,False,0.0,,No metal,True
o-3m3fbs,770820.0,-3.184393,4.217679,770820,o-3m3fbs,False,0.0,,No metal,True
fr-180204,53338808.0,3.108562,2.3415022,53338808,fr-180204,False,0.0,,No metal,True
ore1001,448281.0,-1.7487457,5.0734606,448281,ore1001,False,0.0,,No metal,True
dvd-111,180496.0,-0.106180206,8.931066,180496,dvd-111,False,0.0,,No metal,True
fgin-1-43,3995234.0,1.1343913,0.9934726,3995234,fgin-1-43,False,0.0,,No metal,True
tamibarotene,108143.0,-3.0144994,4.154746,108143,tamibarotene,False,0.0,,No metal,True
brivudine,446727.0,-1.0047814,8.670012,446727,brivudine,False,0.0,,No metal,True
sparfosate,46936683.0,2.0460093,8.949826,46936683,sparfosate,False,0.0,,No metal,True
brl-50481,2921148.0,-0.6602379,9.57287,2921148,brl-50481,False,0.0,,No metal,True
gbr-13069,5974189.0,0.80876565,0.28735235,5974189,gbr-13069,False,0.0,,No metal,True
ambenonium,2131.0,16.295782,3.816166,2131,ambenonium,False,0.0,,No metal,True
wz8040,44607531.0,0.3085012,1.3666531,44607531,wz8040,False,0.0,,No metal,True
cebranopadol,,0.3212307,-0.3292567,,cebranopadol,False,0.0,,No metal,True
acdpp,16759169.0,-2.7347658,6.0853353,16759169,acdpp,False,0.0,,No metal,True
astx660,118169620.0,-1.2361164,5.2273107,118169620,astx660,False,0.0,,No metal,True
gw-441756,9943465.0,-0.59656817,-0.7291266,9943465,gw-441756,False,0.0,,No metal,True
gdc-0623,42642654.0,-0.5759494,0.9597685,42642654,gdc-0623,False,0.0,,No metal,True
captan,25775509.0,2.967952,7.867128,25775509,captan,False,0.0,,No metal,True
"1,12-besm",4283.0,2.0315218,8.5316305,4283,"1,12-besm",False,0.0,,No metal,True
caspofungin,16119814.0,0.8933996,5.0041924,16119814,caspofungin,False,0.0,,No metal,True
metergoline,28693.0,0.16557474,0.19102174,28693,metergoline,False,0.0,,No metal,True
ml213,1219187.0,0.3767112,10.101783,1219187,ml213,False,0.0,,No metal,True
nm107,500902.0,-1.0456727,8.255459,500902,nm107,False,0.0,,No metal,True
sitravatinib,25212148.0,1.9635165,2.5095599,25212148,sitravatinib,False,0.0,,No metal,True
telbivudine,159269.0,-1.12719,8.629826,159269,telbivudine,False,0.0,,No metal,True
ro-61-8048,5282337.0,-0.24082766,1.2598962,5282337,ro-61-8048,False,0.0,,No metal,True
amiselimod,16129483.0,0.45716766,7.9064283,16129483,amiselimod,False,0.0,,No metal,True
centhaquin,162163.0,-0.047716424,-0.5824589,162163,centhaquin,False,0.0,,No metal,True
metoprolol,157716.0,0.009911668,9.11786,157716,metoprolol,False,0.0,,No metal,True
3-carboxy-4-hydroxyphenylglycine-(r),6604713.0,-1.2955611,8.714566,6604713,3-carboxy-4-hydroxyphenylglycine-(r),False,0.0,,No metal,True
gsk2578215a,68107965.0,3.2703319,1.192461,68107965,gsk2578215a,False,0.0,,No metal,True
urolithin-a,5488186.0,-0.976027,-0.38691288,5488186,urolithin-a,False,0.0,,No metal,True
thymopentin,451417.0,0.44046146,5.6669226,451417,thymopentin,False,0.0,,No metal,True
indium-tri(2-propanolate),57346963.0,3.0182693,8.283248,57346963,indium-tri(2-propanolate),True,1.0,In,Contains metal,True
jnj-7777120,4908365.0,-4.0719724,5.2932754,4908365,jnj-7777120,False,0.0,,No metal,True
cutamesine,9907323.0,-2.4327962,4.304739,9907323,cutamesine,False,0.0,,No metal,True
actb-1003,23653175.0,2.1408617,1.8355023,23653175,actb-1003,False,0.0,,No metal,True
voclosporin,6918486.0,0.71865803,5.2710915,6918486,voclosporin,False,0.0,,No metal,True
carbadox,135511839.0,-3.0833797,6.3117037,135511839,carbadox,False,0.0,,No metal,True
pnu-142633,9845148.0,-2.027679,5.3556137,9845148,pnu-142633,False,0.0,,No metal,True
volasertib,,0.49350908,2.2034206,,volasertib,False,0.0,,No metal,True
skepinone-l,45279963.0,-0.23183613,0.90883213,45279963,skepinone-l,False,0.0,,No metal,True
magnolol,72300.0,-3.8983476,4.8715234,72300,magnolol,False,0.0,,No metal,True
oleuropein,,-0.058372464,6.1798353,,oleuropein,False,0.0,,No metal,True
fmoc-l-leucine,1549133.0,-2.6063628,4.868534,1549133,fmoc-l-leucine,False,0.0,,No metal,True
sc-12267,9820008.0,-2.6491191,4.862854,9820008,sc-12267,False,0.0,,No metal,True
"2,6-dimethylpiperidine",641768.0,3.5353994,8.353984,641768,"2,6-dimethylpiperidine",False,0.0,,No metal,True
apigenin,5280443.0,-1.1223344,0.13915604,5280443,apigenin,False,0.0,,No metal,True
tak-063,46848915.0,2.9161837,2.6437004,46848915,tak-063,False,0.0,,No metal,True
pym50028,92095.0,2.319817,7.350602,92095,pym50028,False,0.0,,No metal,True
tcs-3035,2295463.0,-0.5059485,9.051049,2295463,tcs-3035,False,0.0,,No metal,True
fpl-55712,92460042.0,0.27355012,1.8679545,92460042,fpl-55712,False,0.0,,No metal,True
ki-20227,57881591.0,2.3958972,1.6865621,57881591,ki-20227,False,0.0,,No metal,True
mecysteine,29145.0,3.0228152,9.143068,29145,mecysteine,False,0.0,,No metal,True
dsm265,51347395.0,0.49101117,0.26448163,51347395,dsm265,False,0.0,,No metal,True
flurothyl,9528.0,3.4963913,8.146082,9528,flurothyl,False,0.0,,No metal,True
20-hydroxyecdysone,25749233.0,0.7719986,7.3214974,25749233,20-hydroxyecdysone,False,0.0,,No metal,True
dantrolene,6914273.0,-2.6176827,5.8180537,6914273,dantrolene,False,0.0,,No metal,True
en460,1016023.0,0.49715048,0.48056617,1016023,en460,False,0.0,,No metal,True
2-oxoglutaric-acid,51.0,2.6913652,9.149844,51,2-oxoglutaric-acid,False,0.0,,No metal,True
lusutrombopag,49843517.0,1.245454,1.7713901,49843517,lusutrombopag,False,0.0,,No metal,True
diethyltoluamide,4284.0,-0.24230666,10.621546,4284,diethyltoluamide,False,0.0,,No metal,True
on-01500,11486204.0,-1.7910182,5.0534973,11486204,on-01500,False,0.0,,No metal,True
dipraglurant,44557636.0,-0.543968,-0.81542206,44557636,dipraglurant,False,0.0,,No metal,True
pyritinol,14190.0,-1.7738901,5.6059346,14190,pyritinol,False,0.0,,No metal,True
ro-60-0175,3045227.0,-4.434543,5.14644,3045227,ro-60-0175,False,0.0,,No metal,True
spaglumic-acid,188803.0,1.7885323,8.797341,188803,spaglumic-acid,False,0.0,,No metal,True
s1p1-agonist-iii,54764919.0,0.15740632,0.50339574,54764919,s1p1-agonist-iii,False,0.0,,No metal,True
tosedostat,15547703.0,0.129354,7.9579463,15547703,tosedostat,False,0.0,,No metal,True
gpbar-a,11656002.0,0.66129297,0.39237654,11656002,gpbar-a,False,0.0,,No metal,True
harringtonine,276389.0,0.27126732,6.8705063,276389,harringtonine,False,0.0,,No metal,True
nafcillin,8982.0,-2.0776885,5.389535,8982,nafcillin,False,0.0,,No metal,True
cefotetan,,-0.09907998,6.271933,,cefotetan,False,0.0,,No metal,True
dehydrocholate,7048656.0,1.8254408,7.544958,7048656,dehydrocholate,False,0.0,,No metal,True
vanoxerine,3455.0,0.7878341,0.21915801,3455,vanoxerine,False,0.0,,No metal,True
pf-06459988,71535003.0,-0.55678767,1.2960398,71535003,pf-06459988,False,0.0,,No metal,True
nbi-27914,176157.0,-2.5146456,4.094887,176157,nbi-27914,False,0.0,,No metal,True
gw-311616,9800961.0,1.5939851,7.9661083,9800961,gw-311616,False,0.0,,No metal,True
regadenoson,219024.0,-1.5395241,6.5487924,219024,regadenoson,False,0.0,,No metal,True
4-propylbenzoic-acid,137601.0,-0.37556037,10.62201,137601,4-propylbenzoic-acid,False,0.0,,No metal,True
vildagliptin,,2.344811,8.287703,,vildagliptin,False,0.0,,No metal,True
caricotamide,403128.0,2.7009814,9.12726,403128,caricotamide,False,0.0,,No metal,True
voruciclib,67409219.0,-0.11937799,0.9471904,67409219,voruciclib,False,0.0,,No metal,True
benurestat,38000.0,-1.2002941,9.379863,38000,benurestat,False,0.0,,No metal,True
dnqx,3899541.0,-2.5687845,6.3606853,3899541,dnqx,False,0.0,,No metal,True
velpatasvir,67683363.0,1.7605782,2.7407315,67683363,velpatasvir,False,0.0,,No metal,True
4-iodo-6-phenylpyrimidine,817368.0,-4.3900056,5.044588,817368,4-iodo-6-phenylpyrimidine,False,0.0,,No metal,True
cevipabulin,11488110.0,0.15970978,1.3149071,11488110,cevipabulin,False,0.0,,No metal,True
zindotrine,41856.0,-4.07954,5.6175957,41856,zindotrine,False,0.0,,No metal,True
beta-elemene,6918391.0,3.0911083,7.7676344,6918391,beta-elemene,False,0.0,,No metal,True
butamben,2482.0,-0.357711,10.183233,2482,butamben,False,0.0,,No metal,True
resminostat,11609955.0,-2.5287735,5.685089,11609955,resminostat,False,0.0,,No metal,True
bardoxolone,400010.0,1.9973255,7.1290483,400010,bardoxolone,False,0.0,,No metal,True
tic10,336423.0,-2.8062756,4.420771,336423,tic10,False,0.0,,No metal,True
lersivirine,16739244.0,-2.582591,5.3581195,16739244,lersivirine,False,0.0,,No metal,True
gadobutrol,70678987.0,-0.0836127,7.089764,70678987,gadobutrol,True,1.0,Gd,Contains metal,True
loreclezole,3034012.0,-4.0929832,4.5316076,3034012,loreclezole,False,0.0,,No metal,True
paliperidone,9823781.0,-0.4323433,0.7813887,9823781,paliperidone,False,0.0,,No metal,True
dicycloverine,3042.0,2.2419398,7.5124564,3042,dicycloverine,False,0.0,,No metal,True
cct129202,16202152.0,2.756613,1.8931333,16202152,cct129202,False,0.0,,No metal,True
ketoconazole,47576.0,0.2480637,1.1759847,47576,ketoconazole,False,0.0,,No metal,True
nuclomedone,76972174.0,-0.012117023,10.038923,76972174,nuclomedone,False,0.0,,No metal,True
gsk0660,46233311.0,-0.13215472,1.2694138,46233311,gsk0660,False,0.0,,No metal,True
methoxsalen,4114.0,-0.79176795,-0.7440608,4114,methoxsalen,False,0.0,,No metal,True
sb-525334,9967941.0,3.5378602,1.3682572,9967941,sb-525334,False,0.0,,No metal,True
synephrine,667452.0,-1.2481087,9.56219,667452,synephrine,False,0.0,,No metal,True
triapine,9571836.0,-1.2622894,9.157194,9571836,triapine,False,0.0,,No metal,True
clobetasol-propionate,32798.0,1.7019223,7.531824,32798,clobetasol-propionate,False,0.0,,No metal,True
sultamicillin,444022.0,-0.13135608,6.4954433,444022,sultamicillin,False,0.0,,No metal,True
a-1120,25138295.0,-2.9255095,4.2192135,25138295,a-1120,False,0.0,,No metal,True
bd-1063,574780.0,0.20286125,10.216358,574780,bd-1063,False,0.0,,No metal,True
tadalafil,110635.0,-0.6437822,0.25219467,110635,tadalafil,False,0.0,,No metal,True
tc-s-7004,57523919.0,2.7075825,1.8315974,57523919,tc-s-7004,False,0.0,,No metal,True
metitepine,969502.0,-3.589078,4.1606774,969502,metitepine,False,0.0,,No metal,True
procainamide,4913.0,-0.4019506,9.452081,4913,procainamide,False,0.0,,No metal,True
bezafibrate,39042.0,-2.5579622,4.9507003,39042,bezafibrate,False,0.0,,No metal,True
cisplatin,86820626.0,3.2486625,8.802448,86820626,cisplatin,True,1.0,Pt,Contains metal,True
isopropyl-palmitate,8907.0,1.7571716,6.549868,8907,isopropyl-palmitate,False,0.0,,No metal,True
danoprevir,11285588.0,0.44237962,6.283981,11285588,danoprevir,False,0.0,,No metal,True
acamprosate,71158.0,2.7118912,9.098523,71158,acamprosate,False,0.0,,No metal,True
az191,72716071.0,3.0382845,1.7017804,72716071,az191,False,0.0,,No metal,True
squaric-acid-dibutyl-ester,65108.0,0.033091705,9.449792,65108,squaric-acid-dibutyl-ester,False,0.0,,No metal,True
chlorphenesin,6918886.0,-1.0018928,9.75793,6918886,chlorphenesin,False,0.0,,No metal,True
hesperidin,10621.0,0.16355105,5.8071775,10621,hesperidin,False,0.0,,No metal,True
novobiocin,54675769.0,0.3772213,2.325041,54675769,novobiocin,False,0.0,,No metal,True
aai101,23653541.0,14.964737,4.2471576,23653541,aai101,False,0.0,,No metal,True
arq-621,25110841.0,2.2478468,1.5854735,25110841,arq-621,False,0.0,,No metal,True
nvp-bhg712,16747388.0,2.4491272,2.6240442,16747388,nvp-bhg712,False,0.0,,No metal,True
abiraterone,132971.0,0.578624,9.689495,132971,abiraterone,False,0.0,,No metal,True
rolipram,158758.0,0.07084778,9.738076,158758,rolipram,False,0.0,,No metal,True
tc-sp-14,51346934.0,3.1338243,1.1194388,51346934,tc-sp-14,False,0.0,,No metal,True
nsc-636819,6288112.0,1.0099221,0.81201774,6288112,nsc-636819,False,0.0,,No metal,True
tolamolol,66743765.0,-1.8923292,5.414137,66743765,tolamolol,False,0.0,,No metal,True
ha-966-(r)-(+),6603720.0,3.1224153,9.279118,6603720,ha-966-(r)-(+),False,0.0,,No metal,True
triciribine-phosphate,43860.0,-1.5474381,6.553879,43860,triciribine-phosphate,False,0.0,,No metal,True
zd-0947,9818432.0,0.3247702,9.898538,9818432,zd-0947,False,0.0,,No metal,True
cc-401,10430360.0,3.2265317,1.5702363,10430360,cc-401,False,0.0,,No metal,True
dicoumarol,54676038.0,3.36696,1.8322068,54676038,dicoumarol,False,0.0,,No metal,True
ftaxilide,71895.0,-3.5777476,5.323861,71895,ftaxilide,False,0.0,,No metal,True
cki-7,129236.0,-3.119209,6.0616403,129236,cki-7,False,0.0,,No metal,True
cyclopiazonic-acid,54682463.0,-3.2371514,5.3715606,54682463,cyclopiazonic-acid,False,0.0,,No metal,True
anastrozole,2187.0,-3.2373831,5.0058727,2187,anastrozole,False,0.0,,No metal,True
methylene-blue,4139.0,15.130652,4.1287947,4139,methylene-blue,False,0.0,,No metal,True
vuf10166,24278976.0,-4.084994,5.2576904,24278976,vuf10166,False,0.0,,No metal,True
desmethylclozapine,135409468.0,-3.559373,5.0827227,135409468,desmethylclozapine,False,0.0,,No metal,True
mcoppb,24800108.0,-2.9699748,4.0812173,24800108,mcoppb,False,0.0,,No metal,True
oxybuprocaine,4633.0,0.40232834,8.857213,4633,oxybuprocaine,False,0.0,,No metal,True
bisoctrizole,3571576.0,2.1104355,2.4967659,3571576,bisoctrizole,False,0.0,,No metal,True
boceprevir,10324368.0,0.8359855,7.389806,10324368,boceprevir,False,0.0,,No metal,True
carmoterol,86306667.0,-0.5785814,0.99954027,86306667,carmoterol,False,0.0,,No metal,True
hc-070,85473309.0,3.0232866,1.584191,85473309,hc-070,False,0.0,,No metal,True
arecoline,2230.0,3.375108,8.634907,2230,arecoline,False,0.0,,No metal,True
rubitecan,472335.0,-0.83716005,0.94967145,472335,rubitecan,False,0.0,,No metal,True
vandetanib,3081361.0,0.37686038,0.9457895,3081361,vandetanib,False,0.0,,No metal,True
bakuchiol,5468522.0,0.58346784,9.727687,5468522,bakuchiol,False,0.0,,No metal,True
esonarimod,9795701.0,0.059125986,9.282175,9795701,esonarimod,False,0.0,,No metal,True
cb-10-277,,-0.55296344,10.1422,,cb-10-277,False,0.0,,No metal,True
nicainoprol,76956332.0,-2.1645305,5.1699214,76956332,nicainoprol,False,0.0,,No metal,True
tug-891,57522038.0,0.6685611,0.01405872,57522038,tug-891,False,0.0,,No metal,True
wp921,3035658.0,-3.3526301,6.1443586,3035658,wp921,False,0.0,,No metal,True
aticaprant,44129648.0,0.65926826,0.40861854,44129648,aticaprant,False,0.0,,No metal,True
fenoldopam,30026875.0,-3.1075447,5.742573,30026875,fenoldopam,False,0.0,,No metal,True
oicr-9429,91623360.0,0.29691383,1.4813144,91623360,oicr-9429,False,0.0,,No metal,True
acifran,76969700.0,-0.60108244,10.073472,76969700,acifran,False,0.0,,No metal,True
m-344,3994.0,-0.0044816057,8.733563,3994,m-344,False,0.0,,No metal,True
sisomicin,36119.0,0.22372115,6.3973727,36119,sisomicin,False,0.0,,No metal,True
metacetamol,12124.0,-1.372229,10.101855,12124,metacetamol,False,0.0,,No metal,True
rizatriptan,5078.0,-0.76277936,-0.47154653,5078,rizatriptan,False,0.0,,No metal,True
dexamethasone,5743.0,1.7370515,7.9287105,5743,dexamethasone,False,0.0,,No metal,True
atglistatin,71699712.0,-3.8094656,4.7566466,71699712,atglistatin,False,0.0,,No metal,True
sulfasalazine,,-0.43492943,1.3021704,,sulfasalazine,False,0.0,,No metal,True
azd5153,118693659.0,-0.35814366,1.4394426,118693659,azd5153,False,0.0,,No metal,True
vapendavir,504457.0,-0.14383325,0.9038257,504457,vapendavir,False,0.0,,No metal,True
niflumic-acid,4488.0,-3.4407136,5.3228326,4488,niflumic-acid,False,0.0,,No metal,True
azatadine,19861.0,-4.07745,4.3548927,19861,azatadine,False,0.0,,No metal,True
l-theanine,439378.0,2.5769188,9.136976,439378,l-theanine,False,0.0,,No metal,True
desoxypeganine,442894.0,-0.40452734,10.659096,442894,desoxypeganine,False,0.0,,No metal,True
indinavir,5362440.0,0.2196462,2.1029508,5362440,indinavir,False,0.0,,No metal,True
as-2444697,52913874.0,-0.6987275,1.2749287,52913874,as-2444697,False,0.0,,No metal,True
elacytarabine,6438895.0,0.7197793,6.1917963,6438895,elacytarabine,False,0.0,,No metal,True
g-15,25727983.0,-3.3018382,4.194443,25727983,g-15,False,0.0,,No metal,True
tc1,,0.015114101,10.079799,,tc1,False,0.0,,No metal,True
melphalan,6918992.0,-0.004004917,9.062198,6918992,melphalan,False,0.0,,No metal,True
snap,,2.3559418,9.047026,,snap,False,0.0,,No metal,True
4-pyrimidinecarbonitrile,10313094.0,-1.0851004,10.586146,10313094,4-pyrimidinecarbonitrile,False,0.0,,No metal,True
3-amino-benzamide,1645.0,-1.3822111,10.17479,1645,3-amino-benzamide,False,0.0,,No metal,True
ferb-033,135931707.0,-3.2411478,5.6329937,135931707,ferb-033,False,0.0,,No metal,True
ly2784544,46213929.0,2.872618,1.5443753,46213929,ly2784544,False,0.0,,No metal,True
lauric-diethanolamide,8430.0,1.6113306,7.0381603,8430,lauric-diethanolamide,False,0.0,,No metal,True
tcn201,4787937.0,-0.3780819,0.9437639,4787937,tcn201,False,0.0,,No metal,True
deserpidine,8550.0,0.40499312,1.9667997,8550,deserpidine,False,0.0,,No metal,True
valnemulin,9850878.0,1.0203211,7.146434,9850878,valnemulin,False,0.0,,No metal,True
pazufloxacin,65957.0,-2.919121,5.87587,65957,pazufloxacin,False,0.0,,No metal,True
bms-863233,135564632.0,-0.97436446,-0.29370025,135564632,bms-863233,False,0.0,,No metal,True
abx464,49846599.0,0.09354897,-0.4448527,49846599,abx464,False,0.0,,No metal,True
carteolol,49852288.0,-0.34094954,9.058419,49852288,carteolol,False,0.0,,No metal,True
sulfamonomethoxine,5332.0,-2.6049557,6.2194767,5332,sulfamonomethoxine,False,0.0,,No metal,True
th-588,73389731.0,-3.3411107,5.3271737,73389731,th-588,False,0.0,,No metal,True
asaraldehyde,20525.0,-0.48620865,10.261003,20525,asaraldehyde,False,0.0,,No metal,True
quinestrol,9046.0,0.60761863,9.638031,9046,quinestrol,False,0.0,,No metal,True
ngd-98-2,9822241.0,-2.016748,4.448795,9822241,ngd-98-2,False,0.0,,No metal,True
imidazoacridinone,132127.0,3.3765187,1.6964914,132127,imidazoacridinone,False,0.0,,No metal,True
jnj-39758979,24994634.0,-0.83377236,9.388612,24994634,jnj-39758979,False,0.0,,No metal,True
azd9668,46861623.0,2.7633336,1.7977318,46861623,azd9668,False,0.0,,No metal,True
pritelivir,491941.0,-0.6784125,0.8393852,491941,pritelivir,False,0.0,,No metal,True
sr-3576,70702008.0,2.343627,1.7322402,70702008,sr-3576,False,0.0,,No metal,True
aeg3482,698112.0,-1.0857384,0.081062794,698112,aeg3482,False,0.0,,No metal,True
tms,5354004.0,-3.3192544,4.1956635,5354004,tms,False,0.0,,No metal,True
mitoxantrone,4212.0,-0.37732702,6.0572715,4212,mitoxantrone,False,0.0,,No metal,True
bavisant,16061509.0,-0.09286078,9.363186,16061509,bavisant,False,0.0,,No metal,True
niacin,938.0,-1.1035329,10.571613,938,niacin,False,0.0,,No metal,True
pci-27483,135425273.0,-0.20688789,5.970498,135425273,pci-27483,False,0.0,,No metal,True
u-75799e,9919153.0,0.68021333,4.9850917,9919153,u-75799e,False,0.0,,No metal,True
pirenzepine,4848.0,-2.9422927,5.559574,4848,pirenzepine,False,0.0,,No metal,True
idarubicin,42890.0,-0.35027066,6.3396316,42890,idarubicin,False,0.0,,No metal,True
carbachol,2551.0,14.935818,4.321248,2551,carbachol,False,0.0,,No metal,True
azelastine,12831281.0,0.14669105,-0.4150542,12831281,azelastine,False,0.0,,No metal,True
kevetrin,437740.0,3.0592077,8.83132,437740,kevetrin,False,0.0,,No metal,True
tretazicar,89105.0,-0.67875737,9.052726,89105,tretazicar,False,0.0,,No metal,True
ly294002,3973.0,-0.5476944,-0.67741317,3973,ly294002,False,0.0,,No metal,True
ly2857785,,0.2823649,1.1459714,,ly2857785,False,0.0,,No metal,True
altrenogest,10041070.0,2.7044353,7.4266963,10041070,altrenogest,False,0.0,,No metal,True
pranoprofen,40467222.0,-3.853938,5.150322,40467222,pranoprofen,False,0.0,,No metal,True
pyrantel-pamoate,708857.0,-0.18119547,10.487075,708857,pyrantel-pamoate,False,0.0,,No metal,True
auranofin,6918453.0,0.6933449,7.1501474,6918453,auranofin,True,1.0,Au,Contains metal,True
jib04,6519698.0,-0.35830945,-0.3172843,6519698,jib04,False,0.0,,No metal,True
a-922500,24768261.0,0.42483297,0.75052893,24768261,a-922500,False,0.0,,No metal,True
salvianolic-acid-a,5281793.0,0.23634139,2.282109,5281793,salvianolic-acid-a,False,0.0,,No metal,True
tasisulam,10160238.0,-2.9462845,4.796525,10160238,tasisulam,False,0.0,,No metal,True
taxifolin,439533.0,-2.046178,6.146435,439533,taxifolin,False,0.0,,No metal,True
alprenolol,203685.0,-0.03914098,9.296539,203685,alprenolol,False,0.0,,No metal,True
pramoxine,4886.0,0.43770483,9.197371,4886,pramoxine,False,0.0,,No metal,True
cyclamic-acid,7533.0,3.1153886,8.791853,7533,cyclamic-acid,False,0.0,,No metal,True
unc926,61041645.0,0.3223491,10.096719,61041645,unc926,False,0.0,,No metal,True
l-cysteine,6419722.0,2.838528,9.243192,6419722,l-cysteine,False,0.0,,No metal,True
pramipexole,119570.0,-0.80571496,9.851182,119570,pramipexole,False,0.0,,No metal,True
pf-750,25154868.0,-0.013921162,-0.45603684,25154868,pf-750,False,0.0,,No metal,True
tenoxicam,54677971.0,-2.7961974,5.950193,54677971,tenoxicam,False,0.0,,No metal,True
ergotamine,8223.0,0.078689806,1.6580464,8223,ergotamine,False,0.0,,No metal,True
mgcd-265,24901704.0,2.5034792,2.6468196,24901704,mgcd-265,False,0.0,,No metal,True
parthenolide-(alternate-stereo),7251185.0,2.9800825,7.834543,7251185,parthenolide-(alternate-stereo),False,0.0,,No metal,True
liranaftate,3936.0,-3.403983,4.246835,3936,liranaftate,False,0.0,,No metal,True
itraconazole,14179013.0,1.9673358,2.4940748,14179013,itraconazole,False,0.0,,No metal,True
amg-9810,680502.0,-3.1867332,4.1731606,680502,amg-9810,False,0.0,,No metal,True
fpl-64176,3423.0,0.0031809823,-0.07350946,3423,fpl-64176,False,0.0,,No metal,True
labetalol,134043.0,-2.1821713,5.4906855,134043,labetalol,False,0.0,,No metal,True
misoprostol,5282381.0,1.4511801,7.0243697,5282381,misoprostol,False,0.0,,No metal,True
u-54494a,183470.0,0.57804465,9.685536,183470,u-54494a,False,0.0,,No metal,True
tazarotene,5381.0,-3.2878103,4.1937485,5381,tazarotene,False,0.0,,No metal,True
sch-23390,3036864.0,-4.000146,4.6465287,3036864,sch-23390,False,0.0,,No metal,True
amifostine,29927142.0,2.3411787,9.00401,29927142,amifostine,False,0.0,,No metal,True
bu226,3410883.0,-4.2635555,5.6721673,3410883,bu226,False,0.0,,No metal,True
pca-4248,6604734.0,0.28240916,8.870515,6604734,pca-4248,False,0.0,,No metal,True
bis(maltolato)oxovanadium(iv),3035454.0,-2.5838456,5.7581253,3035454,bis(maltolato)oxovanadium(iv),True,1.0,V,Contains metal,True
edoxaban,10280735.0,-1.3813777,5.514418,10280735,edoxaban,False,0.0,,No metal,True
ei1,72199293.0,0.037123695,0.55179304,72199293,ei1,False,0.0,,No metal,True
azd0156,118502708.0,2.972707,1.5853854,118502708,azd0156,False,0.0,,No metal,True
fk-409,94621715.0,2.3035192,8.783538,94621715,fk-409,False,0.0,,No metal,True
n-methyllidocaine-iodide,168868.0,15.176262,4.0959597,168868,n-methyllidocaine-iodide,False,0.0,,No metal,True
aripiprazole,60795.0,-2.3366125,4.208612,60795,aripiprazole,False,0.0,,No metal,True
amg-487-(+/-),24957182.0,2.0618708,2.4949753,24957182,amg-487-(+/-),False,0.0,,No metal,True
l-asparagine,6992089.0,2.589433,9.281633,6992089,l-asparagine,False,0.0,,No metal,True
3-alpha-bis-(4-fluorophenyl)-methoxytropane,,-3.5311882,4.002546,,3-alpha-bis-(4-fluorophenyl)-methoxytropane,False,0.0,,No metal,True
bms-599626,10437018.0,2.332376,2.4195778,10437018,bms-599626,False,0.0,,No metal,True
monomethyl-fumarate,5369209.0,3.2819355,8.927478,5369209,monomethyl-fumarate,False,0.0,,No metal,True
cefpiramide,636405.0,-0.17150716,6.0527987,636405,cefpiramide,False,0.0,,No metal,True
octenidine,51167.0,1.3802658,6.259673,51167,octenidine,False,0.0,,No metal,True
picotamide,4814.0,-0.5910143,0.93330956,4814,picotamide,False,0.0,,No metal,True
busulfan,2478.0,2.2362978,8.747702,2478,busulfan,False,0.0,,No metal,True
tilorone,5475.0,-1.8850791,4.396127,5475,tilorone,False,0.0,,No metal,True
tmc-353121,11249932.0,2.0477653,1.9298575,11249932,tmc-353121,False,0.0,,No metal,True
pincainide,71267.0,0.23098923,10.166068,71267,pincainide,False,0.0,,No metal,True
ki16198,92461210.0,0.41738677,1.2687782,92461210,ki16198,False,0.0,,No metal,True
nomifensine,55993.0,-4.277689,5.1026034,55993,nomifensine,False,0.0,,No metal,True
nemiralisib,49784002.0,2.714439,2.6784523,49784002,nemiralisib,False,0.0,,No metal,True
tie2-kinase-inhibitor,92852530.0,2.7070155,2.7337193,92852530,tie2-kinase-inhibitor,False,0.0,,No metal,True
a-987306,25109291.0,-0.29905534,9.11534,25109291,a-987306,False,0.0,,No metal,True
dropropizine,65859.0,-1.0071673,9.635872,65859,dropropizine,False,0.0,,No metal,True
phenyl-aminosalicylate,8609.0,-3.523326,5.8796816,8609,phenyl-aminosalicylate,False,0.0,,No metal,True
nvp-tae684,16038120.0,0.4928816,2.0074635,16038120,nvp-tae684,False,0.0,,No metal,True
rofecoxib,5090.0,-3.4038844,5.0322323,5090,rofecoxib,False,0.0,,No metal,True
ilepcimide,641115.0,0.055728015,10.101077,641115,ilepcimide,False,0.0,,No metal,True
mr-948,10443938.0,-3.6591997,5.443843,10443938,mr-948,False,0.0,,No metal,True
tcn238,46911068.0,-4.159666,5.493913,46911068,tcn238,False,0.0,,No metal,True
spermine,1103.0,2.2472365,8.879993,1103,spermine,False,0.0,,No metal,True
cc-930,,-0.27214843,1.3466091,,cc-930,False,0.0,,No metal,True
retinaldehyde,638015.0,2.5360801,7.348858,638015,retinaldehyde,False,0.0,,No metal,True
atazanavir,148192.0,0.19713466,5.153291,148192,atazanavir,False,0.0,,No metal,True
barium-6-o-phosphonato-d-glucose,439958.0,1.7128562,9.071159,439958,barium-6-o-phosphonato-d-glucose,False,0.0,,No metal,True
gossypol,3503.0,2.2313316,1.909565,3503,gossypol,False,0.0,,No metal,True
vu1545,11625520.0,3.2173629,1.3350557,11625520,vu1545,False,0.0,,No metal,True
flufenamic-acid,3371.0,-3.876241,4.958886,3371,flufenamic-acid,False,0.0,,No metal,True
nu-7441,11327430.0,2.7646291,2.8030298,11327430,nu-7441,False,0.0,,No metal,True
tpps4,,1.7961302,2.7249997,,tpps4,False,0.0,,No metal,True
methotrexate,126941.0,-0.2898939,6.065478,126941,methotrexate,False,0.0,,No metal,True
allopurinol,135401907.0,-3.8923829,6.349645,135401907,allopurinol,False,0.0,,No metal,True
olomoucine,4592.0,-0.873276,0.6368556,4592,olomoucine,False,0.0,,No metal,True
nvp-bvu972,44206063.0,2.9805984,2.6514337,44206063,nvp-bvu972,False,0.0,,No metal,True
unc0638,46224516.0,-1.4931269,4.450921,46224516,unc0638,False,0.0,,No metal,True
levocetirizine,28145931.0,-2.3635867,4.479157,28145931,levocetirizine,False,0.0,,No metal,True
uf-010,4596836.0,-0.15252233,9.824554,4596836,uf-010,False,0.0,,No metal,True
y-29794,195609.0,-1.8059629,4.304315,195609,y-29794,False,0.0,,No metal,True
chlorpyrifos,2730.0,0.42363572,9.298233,2730,chlorpyrifos,False,0.0,,No metal,True
zebularine,100016.0,-1.112892,8.549057,100016,zebularine,False,0.0,,No metal,True
parethoxycaine,7183.0,0.3307325,9.367019,7183,parethoxycaine,False,0.0,,No metal,True
dienogest,68861.0,2.6381512,7.5449443,68861,dienogest,False,0.0,,No metal,True
zk-93423,121926.0,3.2017326,1.3031375,121926,zk-93423,False,0.0,,No metal,True
medronic-acid,16124.0,2.5650804,9.2110405,16124,medronic-acid,False,0.0,,No metal,True
maropitant,204108.0,0.9453774,0.6763379,204108,maropitant,False,0.0,,No metal,True
reserpine,5770.0,0.45263505,2.0264823,5770,reserpine,False,0.0,,No metal,True
omadacycline,,-0.040465117,6.5998163,,omadacycline,False,0.0,,No metal,True
lofexidine,3038503.0,0.055157352,10.1619425,3038503,lofexidine,False,0.0,,No metal,True
mosapride,9979608.0,-1.9448228,5.0015535,9979608,mosapride,False,0.0,,No metal,True
mianserin,68551.0,-4.1808724,4.499501,68551,mianserin,False,0.0,,No metal,True
zonisamide,5734.0,-3.722942,6.0982566,5734,zonisamide,False,0.0,,No metal,True
ck-636,588963.0,-0.45135853,-0.4918559,588963,ck-636,False,0.0,,No metal,True
tc-n-1752,53361524.0,0.3464591,1.6889441,53361524,tc-n-1752,False,0.0,,No metal,True
cryptotanshinone,160254.0,0.29478127,9.996264,160254,cryptotanshinone,False,0.0,,No metal,True
d-limonene,440917.0,3.4918683,8.075663,440917,d-limonene,False,0.0,,No metal,True
canertinib,156414.0,0.26371557,1.4882872,156414,canertinib,False,0.0,,No metal,True
beta-naphthol,8663.0,-4.4815645,5.296726,8663,beta-naphthol,False,0.0,,No metal,True
eugenol,3314.0,-0.45144883,10.623324,3314,eugenol,False,0.0,,No metal,True
i-bet-762,46943432.0,-0.1620744,0.53243345,46943432,i-bet-762,False,0.0,,No metal,True
pretomanid,456199.0,-2.4669132,5.0821667,456199,pretomanid,False,0.0,,No metal,True
abt-751,3035714.0,-0.51981354,0.9940076,3035714,abt-751,False,0.0,,No metal,True
morin,5281670.0,-1.2523229,0.39723966,5281670,morin,False,0.0,,No metal,True
rec-15/2615,9891980.0,-0.08119788,1.6343672,9891980,rec-15/2615,False,0.0,,No metal,True
pralatrexate,11155808.0,-0.31783402,6.018927,11155808,pralatrexate,False,0.0,,No metal,True
clotiapine,16351.0,-3.6905317,4.2850285,16351,clotiapine,False,0.0,,No metal,True
oxaliplatin,43805.0,2.1932988,8.7614765,43805,oxaliplatin,True,1.0,Pt,Contains metal,True
maxacalcitol,6398761.0,1.9265125,7.129337,6398761,maxacalcitol,False,0.0,,No metal,True
coh29,44253415.0,2.6751797,1.7701563,44253415,coh29,False,0.0,,No metal,True
tcv-309,6918167.0,15.351069,3.9248106,6918167,tcv-309,False,0.0,,No metal,True
sb-258585,3248571.0,-2.4324265,4.906793,3248571,sb-258585,False,0.0,,No metal,True
eniporide,6433092.0,-2.6246984,6.015438,6433092,eniporide,False,0.0,,No metal,True
n-acetyl-tyrosine,68310.0,-1.1190976,9.307686,68310,n-acetyl-tyrosine,False,0.0,,No metal,True
cgp-37849,6604869.0,2.3587832,9.101593,6604869,cgp-37849,False,0.0,,No metal,True
terfenadine,6604035.0,0.9371565,0.7663715,6604035,terfenadine,False,0.0,,No metal,True
l-365260,5311201.0,-0.123731226,0.36403295,5311201,l-365260,False,0.0,,No metal,True
epiandrosterone,441302.0,2.8261979,7.480573,441302,epiandrosterone,False,0.0,,No metal,True
spectinomycin,15541.0,1.4383296,8.690161,15541,spectinomycin,False,0.0,,No metal,True
mps1-in-5,71599640.0,2.2244055,2.5507064,71599640,mps1-in-5,False,0.0,,No metal,True
chrysin,5281607.0,-0.9398048,-0.34687516,5281607,chrysin,False,0.0,,No metal,True
2-oxopropanoate,37873.0,3.3517604,9.0932,37873,2-oxopropanoate,False,0.0,,No metal,True
didox,3045.0,-1.4118875,9.028028,3045,didox,False,0.0,,No metal,True
denatonium-benzoate,15488.0,15.26036,4.0000033,15488,denatonium-benzoate,False,0.0,,No metal,True
k-strophanthidin,6185.0,1.5031942,7.7819266,6185,k-strophanthidin,False,0.0,,No metal,True
3-methyladenine,135398661.0,-3.9205062,6.3294926,135398661,3-methyladenine,False,0.0,,No metal,True
azimilide,9571004.0,-1.9436394,4.585282,9571004,azimilide,False,0.0,,No metal,True
sd-208,10316032.0,3.414901,1.6298603,10316032,sd-208,False,0.0,,No metal,True
zanubrutinib,135565884.0,0.2324199,1.2563833,135565884,zanubrutinib,False,0.0,,No metal,True
tridihexethyl,6604470.0,15.270777,3.997511,6604470,tridihexethyl,False,0.0,,No metal,True
ro-5028442,59657596.0,0.4211642,0.17394462,59657596,ro-5028442,False,0.0,,No metal,True
gdc-0994,124583908.0,2.9633193,1.8297052,124583908,gdc-0994,False,0.0,,No metal,True
aldoxorubicin,9810709.0,0.267,5.654524,9810709,aldoxorubicin,False,0.0,,No metal,True
tafluprost,9868491.0,0.49773502,7.732518,9868491,tafluprost,False,0.0,,No metal,True
seocalcitol,5288149.0,1.9649196,7.0476837,5288149,seocalcitol,False,0.0,,No metal,True
chlorfenson,6635.0,-3.766263,4.467902,6635,chlorfenson,False,0.0,,No metal,True
nicardipine,6603948.0,-1.2557937,5.1582775,6603948,nicardipine,False,0.0,,No metal,True
pardoprunox,6918525.0,-3.7845542,5.8690863,6918525,pardoprunox,False,0.0,,No metal,True
oxfenicine,89853.0,-1.2974267,9.452915,89853,oxfenicine,False,0.0,,No metal,True
tramiprosate,6991996.0,2.8210213,9.126435,6991996,tramiprosate,False,0.0,,No metal,True
telenzepine,5387.0,-3.0227337,5.2690783,5387,telenzepine,False,0.0,,No metal,True
nithiamide,8798.0,-0.81556356,9.554763,8798,nithiamide,False,0.0,,No metal,True
n-alpha-methylhistamine-dihydrochloride,912.0,-1.3935226,10.1733675,912,n-alpha-methylhistamine-dihydrochloride,False,0.0,,No metal,True
oxethazaine,4621.0,-1.7159367,4.7625175,4621,oxethazaine,False,0.0,,No metal,True
pf-06928215,,-0.75785255,0.85450417,,pf-06928215,False,0.0,,No metal,True
cnqx,3721046.0,-2.7818718,6.364084,3721046,cnqx,False,0.0,,No metal,True
terciprazine,30844635.0,0.39199334,9.048532,30844635,terciprazine,False,0.0,,No metal,True
rabeprazole,9906855.0,-0.268206,0.45492223,9906855,rabeprazole,False,0.0,,No metal,True
icg-001,11238147.0,2.6765308,1.5359885,11238147,icg-001,False,0.0,,No metal,True
pf-03084014,46224413.0,-1.5612253,4.6980147,46224413,pf-03084014,False,0.0,,No metal,True
siramesine,9829526.0,3.2696934,0.9920096,9829526,siramesine,False,0.0,,No metal,True
phenindione,4760.0,-4.397846,5.031087,4760,phenindione,False,0.0,,No metal,True
gw-803430,9826520.0,2.672792,1.3276831,9826520,gw-803430,False,0.0,,No metal,True
nitarsone,66826.0,-1.2594552,9.377075,66826,nitarsone,False,0.0,,No metal,True
sar405,72709209.0,-2.2440457,4.9013596,72709209,sar405,False,0.0,,No metal,True
4-carboxy-3-hydroxyphenylglycine-(s),5311455.0,-1.3064103,8.710822,5311455,4-carboxy-3-hydroxyphenylglycine-(s),False,0.0,,No metal,True
trimethadione,5576.0,3.425079,8.762056,5576,trimethadione,False,0.0,,No metal,True
golvatinib,16118392.0,0.43583924,1.9088912,16118392,golvatinib,False,0.0,,No metal,True
creatine,586.0,2.743146,9.285675,586,creatine,False,0.0,,No metal,True
atrasentan,159594.0,-1.4064345,4.567039,159594,atrasentan,False,0.0,,No metal,True
cinoctramide,6443803.0,0.39535764,9.367384,6443803,cinoctramide,False,0.0,,No metal,True
methylbenzethonium-chloride,4135.0,15.352608,3.9229336,4135,methylbenzethonium-chloride,False,0.0,,No metal,True
"hydrastine-(1r,9s)",197835.0,-2.2083426,5.0961685,197835,"hydrastine-(1r,9s)",False,0.0,,No metal,True
prednicarbate,,1.0034535,7.353237,,prednicarbate,False,0.0,,No metal,True
thymol-iodide,11088.0,0.8049013,0.022621762,11088,thymol-iodide,False,0.0,,No metal,True
r-59022,3012.0,3.2641025,1.0776398,3012,r-59022,False,0.0,,No metal,True
dyphylline,688353.0,-3.3500397,6.4907866,688353,dyphylline,False,0.0,,No metal,True
gsk2830371,70983932.0,-1.6500043,4.726238,70983932,gsk2830371,False,0.0,,No metal,True
oxaceprol,65784.0,2.7626102,9.179341,65784,oxaceprol,False,0.0,,No metal,True
risdiplam,118513932.0,3.24871,1.8311118,118513932,risdiplam,False,0.0,,No metal,True
xylometazoline,5709.0,0.18994328,10.298744,5709,xylometazoline,False,0.0,,No metal,True
phccc,44572113.0,-3.3292727,5.625338,44572113,phccc,False,0.0,,No metal,True
at-7519,11338033.0,-2.4746692,5.7078547,11338033,at-7519,False,0.0,,No metal,True
jnj-64619178,126637809.0,2.7564304,1.878422,126637809,jnj-64619178,False,0.0,,No metal,True
aspirin,2244.0,-0.7324212,10.249596,2244,aspirin,False,0.0,,No metal,True
pacocf3,4670.0,1.7677777,6.5497065,4670,pacocf3,False,0.0,,No metal,True
cytisine,10235.0,-1.0092828,10.463563,10235,cytisine,False,0.0,,No metal,True
nida-41020,11037861.0,0.54002345,0.43362233,11037861,nida-41020,False,0.0,,No metal,True
vorasidenib,117817422.0,-2.0647717,4.9063888,117817422,vorasidenib,False,0.0,,No metal,True
strontium-ranelate,,-0.15031871,7.37293,,strontium-ranelate,True,2.0,Sr,Contains metal,True
ci-953,130178.0,-3.8500047,5.2330146,130178,ci-953,False,0.0,,No metal,True
fg-4592,11256664.0,-0.6684697,0.8193817,11256664,fg-4592,False,0.0,,No metal,True
lisuride,28864.0,-3.3811836,5.18543,28864,lisuride,False,0.0,,No metal,True
profenamine,667534.0,-3.507184,3.9757638,667534,profenamine,False,0.0,,No metal,True
c34,91691128.0,0.2573345,7.765209,91691128,c34,False,0.0,,No metal,True
t-807,71059746.0,3.6767728,1.332512,71059746,t-807,False,0.0,,No metal,True
ramifenazone,5037.0,-4.060298,5.268106,5037,ramifenazone,False,0.0,,No metal,True
cs-917,11289630.0,-2.7331374,5.9466534,11289630,cs-917,False,0.0,,No metal,True
piribedil,4850.0,-3.232418,5.256607,4850,piribedil,False,0.0,,No metal,True
cephradine,12876371.0,1.851664,8.287124,12876371,cephradine,False,0.0,,No metal,True
croconazole,2880.0,0.12956692,-0.5424071,2880,croconazole,False,0.0,,No metal,True
picolamine,31018.0,-1.0890424,10.628967,31018,picolamine,False,0.0,,No metal,True
levofloxacin,6956357.0,-2.9233172,5.6250668,6956357,levofloxacin,False,0.0,,No metal,True
plovamer-acetate,6942100.0,-1.2638842,9.406593,6942100,plovamer-acetate,False,0.0,,No metal,True
famprofazone,6604370.0,0.53305006,-0.065328635,6604370,famprofazone,False,0.0,,No metal,True
vgx-1027,92981775.0,-0.5264936,10.156886,92981775,vgx-1027,False,0.0,,No metal,True
ly311727,155922.0,-0.2701318,1.0041468,155922,ly311727,False,0.0,,No metal,True
oxotremorine-m,4629.0,14.935876,4.3311715,4629,oxotremorine-m,False,0.0,,No metal,True
betamipron,71651.0,-1.063379,9.803743,71651,betamipron,False,0.0,,No metal,True
mometasone-furoate,441336.0,0.6452749,7.9872375,441336,mometasone-furoate,False,0.0,,No metal,True
naftopidil,6603939.0,0.039624058,0.31186536,6603939,naftopidil,False,0.0,,No metal,True
nifuroxazide,5337997.0,-2.6211097,6.102771,5337997,nifuroxazide,False,0.0,,No metal,True
rotigotine,59227.0,-3.2149081,4.2413526,59227,rotigotine,False,0.0,,No metal,True
ertapenem,124518153.0,0.05749633,7.2021074,124518153,ertapenem,False,0.0,,No metal,True
ki-16425,40467027.0,0.42532784,1.3064178,40467027,ki-16425,False,0.0,,No metal,True
leucomethylene-blue,164695.0,-3.748088,4.6346254,164695,leucomethylene-blue,False,0.0,,No metal,True
ro-67-7476,32681978.0,-3.7851338,4.321736,32681978,ro-67-7476,False,0.0,,No metal,True
fenthion,3346.0,0.3455924,9.553589,3346,fenthion,False,0.0,,No metal,True
tiprenolol,76966339.0,-0.06122079,9.337157,76966339,tiprenolol,False,0.0,,No metal,True
delivert,78357780.0,0.8987635,4.9303966,78357780,delivert,False,0.0,,No metal,True
norepinephrine,439260.0,-1.3962287,9.038845,439260,norepinephrine,False,0.0,,No metal,True
clonixin,28718.0,-3.5313408,5.3590174,28718,clonixin,False,0.0,,No metal,True
zoxazolamine,6103.0,-4.292803,5.689408,6103,zoxazolamine,False,0.0,,No metal,True
vu0364439,46934289.0,0.034326077,0.540219,46934289,vu0364439,False,0.0,,No metal,True
abbv-744,,-1.629036,4.728621,,abbv-744,False,0.0,,No metal,True
chlorisondamine-diiodide,6244.0,16.300703,3.8148904,6244,chlorisondamine-diiodide,False,0.0,,No metal,True
apd597,11691484.0,-1.2831055,5.355991,11691484,apd597,False,0.0,,No metal,True
jtc-801,5311340.0,3.2312777,1.2214247,5311340,jtc-801,False,0.0,,No metal,True
ascorbic-acid,,2.1524582,9.205028,,ascorbic-acid,False,0.0,,No metal,True
2-(3-mercaptopropyl)pentanedioic-acid,11735892.0,2.815149,8.583663,11735892,2-(3-mercaptopropyl)pentanedioic-acid,False,0.0,,No metal,True
emorfazone,3221.0,-0.6311828,9.477524,3221,emorfazone,False,0.0,,No metal,True
chr-6494,70679308.0,3.4512913,1.6676518,70679308,chr-6494,False,0.0,,No metal,True
ketohexokinase-inhibitor-1,,0.15370253,9.029759,,ketohexokinase-inhibitor-1,False,0.0,,No metal,True
crisaborole,44591583.0,-3.6783626,5.8236575,44591583,crisaborole,False,0.0,,No metal,True
"2-(chloromethyl)-5,6,7,8-tetrahydro[1]benzothieno[2,3-d]pyrimidin-4(3h)-one",,-0.36487457,10.062909,,"2-(chloromethyl)-5,6,7,8-tetrahydro[1]benzothieno[2,3-d]pyrimidin-4(3h)-one",False,0.0,,No metal,True
meta-cresyl-acetate,67406.0,-0.4258689,10.706467,67406,meta-cresyl-acetate,False,0.0,,No metal,True
broxyquinoline,2453.0,-4.1898546,4.9397573,2453,broxyquinoline,False,0.0,,No metal,True
way-316606,16727102.0,-2.0469558,5.320801,16727102,way-316606,False,0.0,,No metal,True
benperidol,16363.0,0.10358218,0.04877599,16363,benperidol,False,0.0,,No metal,True
ly231617,3968.0,0.34094426,10.02444,3968,ly231617,False,0.0,,No metal,True
metoclopramide,4168.0,-0.037782162,9.068864,4168,metoclopramide,False,0.0,,No metal,True
licogliflozin,52913524.0,-1.6830275,5.8287044,52913524,licogliflozin,False,0.0,,No metal,True
azodicarbonamide,5462814.0,3.0380597,9.226402,5462814,azodicarbonamide,False,0.0,,No metal,True
amygdalin,656516.0,0.099871114,6.3469024,656516,amygdalin,False,0.0,,No metal,True
a-381393,11301655.0,-0.4119456,-0.5864428,11301655,a-381393,False,0.0,,No metal,True
ad-5467,6933882.0,0.22110546,9.656466,6933882,ad-5467,False,0.0,,No metal,True
salvianolic-acid-b,11629084.0,0.28937694,5.4473405,11629084,salvianolic-acid-b,False,0.0,,No metal,True
metixene,6604302.0,-3.8320916,4.0659513,6604302,metixene,False,0.0,,No metal,True
10-deacetylbaccatin,154272.0,0.048370454,6.721259,154272,10-deacetylbaccatin,False,0.0,,No metal,True
y-39983,9810884.0,-0.8460428,-0.09549865,9810884,y-39983,False,0.0,,No metal,True
mrk-560,,-2.0301237,4.3619885,,mrk-560,False,0.0,,No metal,True
nemonapride,156333.0,-2.5405123,4.842922,156333,nemonapride,False,0.0,,No metal,True
gw-3965,72199895.0,1.5450134,1.7336274,72199895,gw-3965,False,0.0,,No metal,True
elemene,6431152.0,3.1194785,7.795606,6431152,elemene,False,0.0,,No metal,True
safinamide,131682.0,-3.1019206,5.355252,131682,safinamide,False,0.0,,No metal,True
gsk2194069,67376285.0,3.2521956,1.5014849,67376285,gsk2194069,False,0.0,,No metal,True
ha-1004,3546.0,-2.336749,6.1861835,3546,ha-1004,False,0.0,,No metal,True
paromomycin,165580.0,0.4807263,6.1449285,165580,paromomycin,False,0.0,,No metal,True
capobenic-acid,30627.0,0.16353919,8.53732,30627,capobenic-acid,False,0.0,,No metal,True
evp-6124,46196517.0,-3.7274003,4.7859893,46196517,evp-6124,False,0.0,,No metal,True
ticagrelor,9871419.0,0.17331554,2.1309917,9871419,ticagrelor,False,0.0,,No metal,True
mk-0812,11180808.0,0.39833748,8.739132,11180808,mk-0812,False,0.0,,No metal,True
carumonam,6540466.0,-0.0053195143,6.3116446,6540466,carumonam,False,0.0,,No metal,True
az505,24961094.0,-0.7431951,5.149749,24961094,az505,False,0.0,,No metal,True
cp-376395,9862166.0,-3.0554047,4.0582933,9862166,cp-376395,False,0.0,,No metal,True
demeclocycline,,-0.19864835,7.1249776,,demeclocycline,False,0.0,,No metal,True
sodium-tetradecyl-sulfate,51382662.0,1.7199439,7.096985,51382662,sodium-tetradecyl-sulfate,False,0.0,,No metal,True
ibiglustat,60199242.0,-2.6348493,4.694302,60199242,ibiglustat,False,0.0,,No metal,True
yil-781,23631116.0,0.39416268,0.2210011,23631116,yil-781,False,0.0,,No metal,True
nvs-pak1-1,137125241.0,-2.190857,4.337398,137125241,nvs-pak1-1,False,0.0,,No metal,True
l-689560,6604749.0,-2.824571,5.139186,6604749,l-689560,False,0.0,,No metal,True
ag-556,5328775.0,-2.38313,5.2823267,5328775,ag-556,False,0.0,,No metal,True
mmv-390048,53311393.0,-0.2313306,0.23388408,53311393,mmv-390048,False,0.0,,No metal,True
g-1,5322399.0,-2.9763727,4.1203575,5322399,g-1,False,0.0,,No metal,True
ml324,44143209.0,-0.36502287,0.092837185,44143209,ml324,False,0.0,,No metal,True
halopemide,65490.0,-0.0935486,0.46458018,65490,halopemide,False,0.0,,No metal,True
pravastatin,54687.0,0.8281123,7.4674497,54687,pravastatin,False,0.0,,No metal,True
zm-226600,92211533.0,-2.5707335,5.361745,92211533,zm-226600,False,0.0,,No metal,True
sen-1269,46835756.0,-0.6118458,0.28959584,46835756,sen-1269,False,0.0,,No metal,True
az-7371,72792692.0,-0.8401941,0.8984333,72792692,az-7371,False,0.0,,No metal,True
sertraline,68617.0,-3.7949722,4.2068663,68617,sertraline,False,0.0,,No metal,True
troclosene,16726.0,-1.2633497,10.199364,16726,troclosene,False,0.0,,No metal,True
siremadlin,71678098.0,2.5209253,1.6339997,71678098,siremadlin,False,0.0,,No metal,True
racecadotril,60561.0,-2.052558,4.7678237,60561,racecadotril,False,0.0,,No metal,True
80841-78-7,9855518.0,-0.84435797,10.572731,9855518,80841-78-7,False,0.0,,No metal,True
fli-06,6966819.0,0.60292614,8.236973,6966819,fli-06,False,0.0,,No metal,True
somantadine,50234.0,3.3189905,7.9675903,50234,somantadine,False,0.0,,No metal,True
fosphenytoin,56339.0,-2.4332898,5.826493,56339,fosphenytoin,False,0.0,,No metal,True
cpsi-1306-(+/-),52936269.0,-0.10120025,9.470919,52936269,cpsi-1306-(+/-),False,0.0,,No metal,True
d-alpha-tocopheryl-succinate,20353.0,1.4017663,6.3031006,20353,d-alpha-tocopheryl-succinate,False,0.0,,No metal,True
ribociclib,44631912.0,-0.4617975,1.2148486,44631912,ribociclib,False,0.0,,No metal,True
