pubchem_cid_clean,name,pubchem_cid,UMAP1,UMAP2,representation,name_clean,ring_category,ring_count
10000456,rs-102895,10000456.0,7.3115673,8.120886,Morgan + MACCS + CACTVS + descriptors,rs-102895,4+ rings,4.0
10001434,tp-003,10001434.0,7.0893335,10.46412,Morgan + MACCS + CACTVS + descriptors,tp-003,4+ rings,4.0
100016,zebularine,100016.0,2.3976676,9.659479,Morgan + MACCS + CACTVS + descriptors,zebularine,2 rings,2.0
10006324,n-benzylnaltrindole,10006324.0,9.341678,10.468032,Morgan + MACCS + CACTVS + descriptors,n-benzylnaltrindole,4+ rings,9.0
100094,oglufanide,100094.0,8.579142,10.59319,Morgan + MACCS + CACTVS + descriptors,oglufanide,2 rings,2.0
10016012,pbt-1033,10016012.0,9.294668,10.898028,Morgan + MACCS + CACTVS + descriptors,pbt-1033,2 rings,2.0
10020651,bmy-14802,10020651.0,7.3353662,10.485834,Morgan + MACCS + CACTVS + descriptors,bmy-14802,3 rings,3.0
10021239,rosiglitazone,10021239.0,9.750411,9.941205,Morgan + MACCS + CACTVS + descriptors,rosiglitazone,3 rings,3.0
10026128,way-362450,10026128.0,8.528566,10.56091,Morgan + MACCS + CACTVS + descriptors,way-362450,4+ rings,4.0
10027278,ar-12,10027278.0,7.6102505,10.445921,Morgan + MACCS + CACTVS + descriptors,ar-12,4+ rings,5.0
10029385,ly2090314,10029385.0,7.548055,11.105783,Morgan + MACCS + CACTVS + descriptors,ly2090314,4+ rings,7.0
10033059,ceftaroline-fosamil,10033059.0,3.1101394,8.069974,Morgan + MACCS + CACTVS + descriptors,ceftaroline-fosamil,4+ rings,5.0
10034073,fidaxomicin,10034073.0,8.927438,4.8162155,Morgan + MACCS + CACTVS + descriptors,fidaxomicin,4+ rings,4.0
10039361,compound-401,10039361.0,7.1112456,8.084786,Morgan + MACCS + CACTVS + descriptors,compound-401,4+ rings,4.0
10041070,altrenogest,10041070.0,0.08586963,6.779793,Morgan + MACCS + CACTVS + descriptors,altrenogest,4+ rings,4.0
10044,triptan,10044.0,0.46738037,9.061611,Morgan + MACCS + CACTVS + descriptors,triptan,0 rings,0.0
100472,difenpiramide,100472.0,7.801765,10.98639,Morgan + MACCS + CACTVS + descriptors,difenpiramide,3 rings,3.0
10047612,sb-612111,10047612.0,7.54117,6.965419,Morgan + MACCS + CACTVS + descriptors,sb-612111,4+ rings,4.0
10052040,"cp-945,598",10052040.0,7.329645,10.9562645,Morgan + MACCS + CACTVS + descriptors,"cp-945,598",4+ rings,5.0
10057685,gepefrine,10057685.0,8.0407915,6.3899856,Morgan + MACCS + CACTVS + descriptors,gepefrine,1 ring,1.0
100606,hepsulfam,100606.0,0.52434605,8.905011,Morgan + MACCS + CACTVS + descriptors,hepsulfam,0 rings,0.0
100651,clomesone,100651.0,0.47862834,8.917478,Morgan + MACCS + CACTVS + descriptors,clomesone,0 rings,0.0
10065474,azd1080,10065474.0,8.27389,10.681476,Morgan + MACCS + CACTVS + descriptors,azd1080,4+ rings,4.0
10071196,pimavanserin,10071196.0,8.850304,6.862759,Morgan + MACCS + CACTVS + descriptors,pimavanserin,3 rings,3.0
10074640,masitinib,10074640.0,7.6443763,10.633409,Morgan + MACCS + CACTVS + descriptors,masitinib,4+ rings,5.0
10077130,vorapaxar,10077130.0,8.4767475,10.775183,Morgan + MACCS + CACTVS + descriptors,vorapaxar,4+ rings,5.0
10077147,bx-795,10077147.0,7.61565,10.6367,Morgan + MACCS + CACTVS + descriptors,bx-795,4+ rings,4.0
10090485,ly2157299,10090485.0,8.07448,10.616668,Morgan + MACCS + CACTVS + descriptors,ly2157299,4+ rings,5.0
10090750,endoxifen,10090750.0,8.602881,6.4587426,Morgan + MACCS + CACTVS + descriptors,endoxifen,3 rings,3.0
100942142,ardeparin,100942142.0,1.5738115,7.5742974,Morgan + MACCS + CACTVS + descriptors,ardeparin,2 rings,2.0
10094345,er-50891,10094345.0,8.679191,10.643222,Morgan + MACCS + CACTVS + descriptors,er-50891,4+ rings,5.0
10096344,linagliptin,10096344.0,7.583233,11.1321535,Morgan + MACCS + CACTVS + descriptors,linagliptin,4+ rings,5.0
10099206,lb42708,10099206.0,7.6104193,11.165254,Morgan + MACCS + CACTVS + descriptors,lb42708,4+ rings,6.0
10106002,cpccoet,10106002.0,8.398891,5.3584614,Morgan + MACCS + CACTVS + descriptors,cpccoet,3 rings,3.0
10107248,nisoxetine,10107248.0,8.787081,6.3435497,Morgan + MACCS + CACTVS + descriptors,nisoxetine,2 rings,2.0
10113978,pazopanib,10113978.0,7.94354,9.7275095,Morgan + MACCS + CACTVS + descriptors,pazopanib,4+ rings,4.0
10114,enoxolone,10114.0,0.26933363,6.9107375,Morgan + MACCS + CACTVS + descriptors,enoxolone,4+ rings,5.0
10117987,preladenant,10117987.0,10.040529,9.728401,Morgan + MACCS + CACTVS + descriptors,preladenant,4+ rings,6.0
10125797,8-hydroxy-dpat,10125797.0,8.2063875,6.7295833,Morgan + MACCS + CACTVS + descriptors,8-hydroxy-dpat,2 rings,2.0
10126189,ym-155,10126189.0,7.647513,11.193311,Morgan + MACCS + CACTVS + descriptors,ym-155,4+ rings,4.0
10127622,selumetinib,10127622.0,7.540802,11.099985,Morgan + MACCS + CACTVS + descriptors,selumetinib,3 rings,3.0
10130337,solriamfetol,10130337.0,7.2123275,7.08341,Morgan + MACCS + CACTVS + descriptors,solriamfetol,1 ring,1.0
10131112,emd-386088,10131112.0,7.579814,10.242719,Morgan + MACCS + CACTVS + descriptors,emd-386088,3 rings,3.0
10133,chenodeoxycholic-acid,10133.0,0.114558,7.273058,Morgan + MACCS + CACTVS + descriptors,chenodeoxycholic-acid,4+ rings,4.0
1013376,tenovin-1,1013376.0,7.467733,8.2265005,Morgan + MACCS + CACTVS + descriptors,tenovin-1,2 rings,2.0
10138259,su014813,10138259.0,8.366651,10.572513,Morgan + MACCS + CACTVS + descriptors,su014813,4+ rings,4.0
10138980,azd2858,10138980.0,8.154793,9.760054,Morgan + MACCS + CACTVS + descriptors,azd2858,4+ rings,4.0
10138988,sis3,10138988.0,10.226113,10.144491,Morgan + MACCS + CACTVS + descriptors,sis3,4+ rings,5.0
10145345,cp-532623,10145345.0,7.1159153,8.2159,Morgan + MACCS + CACTVS + descriptors,cp-532623,3 rings,3.0
10149311,ica-069673,10149311.0,7.9372478,10.939596,Morgan + MACCS + CACTVS + descriptors,ica-069673,2 rings,2.0
101498,5-fp,101498.0,1.5211242,9.178622,Morgan + MACCS + CACTVS + descriptors,5-fp,1 ring,1.0
10152654,odanacatib,10152654.0,8.230227,8.4572315,Morgan + MACCS + CACTVS + descriptors,odanacatib,3 rings,3.0
101541332,pf-03882845,101541332.0,7.9295454,8.082959,Morgan + MACCS + CACTVS + descriptors,pf-03882845,4+ rings,5.0
10156152,hydroxyprogesterone-acetate,10156152.0,0.30363527,6.6437798,Morgan + MACCS + CACTVS + descriptors,hydroxyprogesterone-acetate,4+ rings,4.0
10158940,cp-673451,10158940.0,10.287536,10.026517,Morgan + MACCS + CACTVS + descriptors,cp-673451,4+ rings,5.0
101592120,3-hydroxy-3-phenylpentanamide,101592120.0,7.352426,6.818298,Morgan + MACCS + CACTVS + descriptors,3-hydroxy-3-phenylpentanamide,1 ring,1.0
1016023,en460,1016023.0,8.757162,8.072342,Morgan + MACCS + CACTVS + descriptors,en460,4+ rings,4.0
10160238,tasisulam,10160238.0,8.203887,8.476344,Morgan + MACCS + CACTVS + descriptors,tasisulam,2 rings,2.0
10161381,azd9056,10161381.0,7.052617,7.5800514,Morgan + MACCS + CACTVS + descriptors,azd9056,4+ rings,5.0
101616,lobeline,101616.0,7.2795362,6.992464,Morgan + MACCS + CACTVS + descriptors,lobeline,3 rings,3.0
101671780,gadoteridol,101671780.0,1.3649344,8.890636,Morgan + MACCS + CACTVS + descriptors,gadoteridol,3 rings,3.0
10168,rhein,10168.0,8.114098,5.09555,Morgan + MACCS + CACTVS + descriptors,rhein,3 rings,3.0
101691640,cyclothiazide,101691640.0,8.342924,8.801307,Morgan + MACCS + CACTVS + descriptors,cyclothiazide,4+ rings,4.0
10173277,sta-5326,10173277.0,7.091336,10.987141,Morgan + MACCS + CACTVS + descriptors,sta-5326,4+ rings,4.0
10173280,palosuran,10173280.0,7.94769,10.808755,Morgan + MACCS + CACTVS + descriptors,palosuran,4+ rings,4.0
101744,cinchonidine,101744.0,9.288572,10.785712,Morgan + MACCS + CACTVS + descriptors,cinchonidine,4+ rings,5.0
10176749,ns-8,10176749.0,6.957606,10.146573,Morgan + MACCS + CACTVS + descriptors,ns-8,2 rings,2.0
10177784,ns-1643,10177784.0,8.161618,7.5544705,Morgan + MACCS + CACTVS + descriptors,ns-1643,2 rings,2.0
10178705,besifloxacin,10178705.0,9.974138,7.6430435,Morgan + MACCS + CACTVS + descriptors,besifloxacin,4+ rings,4.0
1018,picolinic-acid,1018.0,8.848857,10.995715,Morgan + MACCS + CACTVS + descriptors,picolinic-acid,1 ring,1.0
10180,lucanthone,10180.0,7.2028117,8.324208,Morgan + MACCS + CACTVS + descriptors,lucanthone,3 rings,3.0
10182969,apixaban,10182969.0,9.504323,9.837662,Morgan + MACCS + CACTVS + descriptors,apixaban,4+ rings,5.0
10184653,afatinib,10184653.0,10.373074,10.256748,Morgan + MACCS + CACTVS + descriptors,afatinib,4+ rings,4.0
10186367,ct-7758,10186367.0,7.743831,11.275778,Morgan + MACCS + CACTVS + descriptors,ct-7758,4+ rings,5.0
10187,dithranol,10187.0,7.8845463,5.487656,Morgan + MACCS + CACTVS + descriptors,dithranol,3 rings,3.0
101873359,ntrc-824,101873359.0,8.386304,9.769399,Morgan + MACCS + CACTVS + descriptors,ntrc-824,3 rings,3.0
10197959,dihydroxyphenylglycine,10197959.0,7.889444,6.6085267,Morgan + MACCS + CACTVS + descriptors,dihydroxyphenylglycine,1 ring,1.0
10200390,bay-61-3606,10200390.0,10.080122,10.045812,Morgan + MACCS + CACTVS + descriptors,bay-61-3606,4+ rings,4.0
10200813,radiprodil,10200813.0,9.088767,7.3392677,Morgan + MACCS + CACTVS + descriptors,radiprodil,4+ rings,4.0
10201696,balicatib,10201696.0,7.2060513,8.096828,Morgan + MACCS + CACTVS + descriptors,balicatib,3 rings,3.0
10202642,gw-788388,10202642.0,8.036577,10.51405,Morgan + MACCS + CACTVS + descriptors,gw-788388,4+ rings,5.0
10203597,entasobulin,10203597.0,8.1712475,10.601643,Morgan + MACCS + CACTVS + descriptors,entasobulin,4+ rings,5.0
10205,plumbagin,10205.0,8.118398,5.1647506,Morgan + MACCS + CACTVS + descriptors,plumbagin,2 rings,2.0
10206,cepharanthine,10206.0,9.276481,6.670483,Morgan + MACCS + CACTVS + descriptors,cepharanthine,4+ rings,9.0
10207,aloe-emodin,10207.0,8.1582985,5.070392,Morgan + MACCS + CACTVS + descriptors,aloe-emodin,3 rings,3.0
10208,chrysophanic-acid,10208.0,8.128759,5.0735645,Morgan + MACCS + CACTVS + descriptors,chrysophanic-acid,3 rings,3.0
10210160,ndt-9513727,10210160.0,10.275617,10.018551,Morgan + MACCS + CACTVS + descriptors,ndt-9513727,4+ rings,7.0
102175,n6-methyladenosine,102175.0,6.1145573,11.788347,Morgan + MACCS + CACTVS + descriptors,n6-methyladenosine,3 rings,3.0
10218693,rgx-104,10218693.0,8.713422,6.7686944,Morgan + MACCS + CACTVS + descriptors,rgx-104,4+ rings,4.0
10219,emetine,10219.0,9.153976,6.661344,Morgan + MACCS + CACTVS + descriptors,emetine,4+ rings,5.0
10219606,pinanediol,10219606.0,0.06676298,7.4631486,Morgan + MACCS + CACTVS + descriptors,pinanediol,3 rings,3.0
10219864,lta,10219864.0,6.7954955,8.812876,Morgan + MACCS + CACTVS + descriptors,lta,2 rings,2.0
10220232,tc-g-1000,10220232.0,6.9274955,10.2671175,Morgan + MACCS + CACTVS + descriptors,tc-g-1000,3 rings,3.0
10220323,zset1446,10220323.0,7.0706396,8.093003,Morgan + MACCS + CACTVS + descriptors,zset1446,4+ rings,4.0
10220503,tasimelteon,10220503.0,8.882381,6.356342,Morgan + MACCS + CACTVS + descriptors,tasimelteon,3 rings,3.0
10223146,jte-013,10223146.0,6.9337783,10.6755085,Morgan + MACCS + CACTVS + descriptors,jte-013,3 rings,3.0
10224714,cr8-(r),10224714.0,6.848115,11.018904,Morgan + MACCS + CACTVS + descriptors,cr8-(r),4+ rings,4.0
10226546,ar-c155858,10226546.0,7.9443855,10.31417,Morgan + MACCS + CACTVS + descriptors,ar-c155858,4+ rings,4.0
10228,osthol,10228.0,8.391908,5.476459,Morgan + MACCS + CACTVS + descriptors,osthol,2 rings,2.0
10235,cytisine,10235.0,1.4503781,9.089851,Morgan + MACCS + CACTVS + descriptors,cytisine,3 rings,3.0
10237,bicuculline-(+),10237.0,9.295282,6.745385,Morgan + MACCS + CACTVS + descriptors,bicuculline-(+),4+ rings,6.0
10247560,iclaprim,10247560.0,10.125897,10.440946,Morgan + MACCS + CACTVS + descriptors,iclaprim,4+ rings,4.0
102486242,morinidazole,102486242.0,5.236941,11.057589,Morgan + MACCS + CACTVS + descriptors,morinidazole,2 rings,2.0
102514675,mm-206,102514675.0,8.64846,8.273174,Morgan + MACCS + CACTVS + descriptors,mm-206,4+ rings,4.0
10252640,gsk356278,10252640.0,7.5367455,10.808133,Morgan + MACCS + CACTVS + descriptors,gsk356278,4+ rings,5.0
10252734,gp1a,10252734.0,8.255551,10.152743,Morgan + MACCS + CACTVS + descriptors,gp1a,4+ rings,5.0
10253143,gw-842166,10253143.0,7.573854,11.015199,Morgan + MACCS + CACTVS + descriptors,gw-842166,3 rings,3.0
10257882,sparsentan,10257882.0,8.8444395,9.485407,Morgan + MACCS + CACTVS + descriptors,sparsentan,4+ rings,5.0
10273347,cp-316819,10273347.0,8.375574,10.512594,Morgan + MACCS + CACTVS + descriptors,cp-316819,3 rings,3.0
10275777,betrixaban,10275777.0,9.907483,10.361618,Morgan + MACCS + CACTVS + descriptors,betrixaban,3 rings,3.0
10275789,pik-75,10275789.0,7.944852,9.694711,Morgan + MACCS + CACTVS + descriptors,pik-75,3 rings,3.0
10280735,edoxaban,10280735.0,7.664267,10.628644,Morgan + MACCS + CACTVS + descriptors,edoxaban,4+ rings,4.0
10286159,erteberel,10286159.0,8.409502,5.1825275,Morgan + MACCS + CACTVS + descriptors,erteberel,4+ rings,4.0
10288191,binimetinib,10288191.0,7.609794,11.095749,Morgan + MACCS + CACTVS + descriptors,binimetinib,3 rings,3.0
10294813,genz-644282,10294813.0,9.784103,10.349362,Morgan + MACCS + CACTVS + descriptors,genz-644282,4+ rings,5.0
10295295,palovarotene,10295295.0,8.718011,10.608622,Morgan + MACCS + CACTVS + descriptors,palovarotene,4+ rings,4.0
10296561,ban-orl-24,10296561.0,7.717817,7.418323,Morgan + MACCS + CACTVS + descriptors,ban-orl-24,4+ rings,5.0
10296883,sotrastaurin,10296883.0,7.7528496,10.979659,Morgan + MACCS + CACTVS + descriptors,sotrastaurin,4+ rings,6.0
10297043,aee788,10297043.0,6.903118,10.773509,Morgan + MACCS + CACTVS + descriptors,aee788,4+ rings,5.0
10297982,dilmapimod,10297982.0,7.355451,11.135029,Morgan + MACCS + CACTVS + descriptors,dilmapimod,4+ rings,4.0
10302451,saracatinib,10302451.0,10.478548,10.322796,Morgan + MACCS + CACTVS + descriptors,saracatinib,4+ rings,6.0
10309899,r306465,10309899.0,8.140984,9.750941,Morgan + MACCS + CACTVS + descriptors,r306465,4+ rings,4.0
10310632,az-10606120,10310632.0,7.643298,11.27716,Morgan + MACCS + CACTVS + descriptors,az-10606120,4+ rings,6.0
10311306,rolapitant,10311306.0,7.743786,7.431163,Morgan + MACCS + CACTVS + descriptors,rolapitant,4+ rings,4.0
10313094,4-pyrimidinecarbonitrile,10313094.0,5.8754716,11.009908,Morgan + MACCS + CACTVS + descriptors,4-pyrimidinecarbonitrile,1 ring,1.0
10313098,ammonium-lactate,10313098.0,0.28746596,8.673103,Morgan + MACCS + CACTVS + descriptors,ammonium-lactate,0 rings,0.0
10313324,ndd-094,10313324.0,7.003178,10.361022,Morgan + MACCS + CACTVS + descriptors,ndd-094,2 rings,2.0
10314719,ec-23,10314719.0,7.10787,6.0832114,Morgan + MACCS + CACTVS + descriptors,ec-23,3 rings,3.0
10316032,sd-208,10316032.0,6.9393783,10.377879,Morgan + MACCS + CACTVS + descriptors,sd-208,4+ rings,4.0
10316203,gsk369796,10316203.0,9.259434,10.857971,Morgan + MACCS + CACTVS + descriptors,gsk369796,3 rings,3.0
10317104,7-hydroxy-pipat,10317104.0,8.2109,6.7296596,Morgan + MACCS + CACTVS + descriptors,7-hydroxy-pipat,2 rings,2.0
10317566,osi-420,10317566.0,10.3315115,10.411799,Morgan + MACCS + CACTVS + descriptors,osi-420,3 rings,3.0
10322450,ko143,10322450.0,9.356626,10.259331,Morgan + MACCS + CACTVS + descriptors,ko143,4+ rings,4.0
10324368,boceprevir,10324368.0,1.5196815,8.620472,Morgan + MACCS + CACTVS + descriptors,boceprevir,3 rings,3.0
10326374,snap-5089,10326374.0,8.408245,7.9370513,Morgan + MACCS + CACTVS + descriptors,snap-5089,4+ rings,5.0
10331844,napabucasin,10331844.0,8.419951,5.0791297,Morgan + MACCS + CACTVS + descriptors,napabucasin,3 rings,3.0
10331863,adx-10059,10331863.0,6.9674273,10.1013365,Morgan + MACCS + CACTVS + descriptors,adx-10059,2 rings,2.0
10335364,orteronel,10335364.0,7.7984924,11.086775,Morgan + MACCS + CACTVS + descriptors,orteronel,4+ rings,4.0
10337743,way-208466,10337743.0,7.919081,9.773648,Morgan + MACCS + CACTVS + descriptors,way-208466,3 rings,3.0
10340038,nilvadipine,10340038.0,8.37306,8.007303,Morgan + MACCS + CACTVS + descriptors,nilvadipine,2 rings,2.0
10341154,vx-702,10341154.0,7.777201,10.898836,Morgan + MACCS + CACTVS + descriptors,vx-702,3 rings,3.0
10343454,vercirnon,10343454.0,8.200728,9.578081,Morgan + MACCS + CACTVS + descriptors,vercirnon,3 rings,3.0
10347428,ly393558,10347428.0,8.154051,9.746434,Morgan + MACCS + CACTVS + descriptors,ly393558,4+ rings,5.0
10348973,relugolix,10348973.0,9.658133,9.670382,Morgan + MACCS + CACTVS + descriptors,relugolix,4+ rings,5.0
10350459,bio-5192,10350459.0,8.288346,8.495819,Morgan + MACCS + CACTVS + descriptors,bio-5192,4+ rings,4.0
10364,antioxine,10364.0,7.8208685,5.5914044,Morgan + MACCS + CACTVS + descriptors,antioxine,1 ring,1.0
10366136,crenolanib,10366136.0,10.186261,9.933739,Morgan + MACCS + CACTVS + descriptors,crenolanib,4+ rings,6.0
10368038,ins316,10368038.0,2.3986244,9.668463,Morgan + MACCS + CACTVS + descriptors,ins316,2 rings,2.0
10369242,azd3965,10369242.0,7.8923464,10.236974,Morgan + MACCS + CACTVS + descriptors,azd3965,4+ rings,4.0
10370504,uk-356618,10370504.0,7.261527,7.5460706,Morgan + MACCS + CACTVS + descriptors,uk-356618,3 rings,3.0
10372836,batefenterol,10372836.0,9.054293,7.2692595,Morgan + MACCS + CACTVS + descriptors,batefenterol,4+ rings,6.0
10374,chlorazanil,10374.0,6.8522444,9.402951,Morgan + MACCS + CACTVS + descriptors,chlorazanil,2 rings,2.0
10389639,mm-11253,10389639.0,7.114255,6.060804,Morgan + MACCS + CACTVS + descriptors,mm-11253,4+ rings,5.0
10389826,dpi-201106,10389826.0,9.448889,10.470869,Morgan + MACCS + CACTVS + descriptors,dpi-201106,4+ rings,5.0
10391,beclamide,10391.0,6.987139,7.523874,Morgan + MACCS + CACTVS + descriptors,beclamide,1 ring,1.0
10392802,cur-61414,10392802.0,9.176894,6.8837814,Morgan + MACCS + CACTVS + descriptors,cur-61414,4+ rings,5.0
10404,dixanthogen,10404.0,0.43836647,8.946658,Morgan + MACCS + CACTVS + descriptors,dixanthogen,0 rings,0.0
10404245,macelignan,10404245.0,8.584744,5.5436144,Morgan + MACCS + CACTVS + descriptors,macelignan,3 rings,3.0
10407120,afn-1252,10407120.0,9.792659,9.997814,Morgan + MACCS + CACTVS + descriptors,afn-1252,4+ rings,4.0
10408514,tcs-ox2-29,10408514.0,9.800054,10.350811,Morgan + MACCS + CACTVS + descriptors,tcs-ox2-29,3 rings,3.0
10409068,bms-582949,10409068.0,7.47776,11.062079,Morgan + MACCS + CACTVS + descriptors,bms-582949,4+ rings,4.0
10410059,cp-775146,10410059.0,8.830239,6.737521,Morgan + MACCS + CACTVS + descriptors,cp-775146,3 rings,3.0
10410894,le-135,10410894.0,7.7949038,7.911891,Morgan + MACCS + CACTVS + descriptors,le-135,4+ rings,5.0
10419027,norvancomycin,10419027.0,5.986981,5.484395,Morgan + MACCS + CACTVS + descriptors,norvancomycin,4+ rings,12.0
10425450,a-412997,10425450.0,7.857481,10.848219,Morgan + MACCS + CACTVS + descriptors,a-412997,3 rings,3.0
10427712,tg100-115,10427712.0,9.86464,10.205139,Morgan + MACCS + CACTVS + descriptors,tg100-115,4+ rings,4.0
10429706,cj-033466,10429706.0,7.4261665,11.039174,Morgan + MACCS + CACTVS + descriptors,cj-033466,3 rings,3.0
10430040,sacubitrilat,10430040.0,7.269921,7.283483,Morgan + MACCS + CACTVS + descriptors,sacubitrilat,2 rings,2.0
10430360,cc-401,10430360.0,10.125331,9.803703,Morgan + MACCS + CACTVS + descriptors,cc-401,4+ rings,5.0
10430623,sam-315,10430623.0,8.077319,9.73961,Morgan + MACCS + CACTVS + descriptors,sam-315,4+ rings,5.0
10430788,daa-1106,10430788.0,8.818267,7.170716,Morgan + MACCS + CACTVS + descriptors,daa-1106,3 rings,3.0
10435235,ly411575,10435235.0,7.4673433,8.118568,Morgan + MACCS + CACTVS + descriptors,ly411575,4+ rings,4.0
10436840,nh125,10436840.0,6.4365926,8.613595,Morgan + MACCS + CACTVS + descriptors,nh125,2 rings,2.0
10437018,bms-599626,10437018.0,7.0739217,10.933976,Morgan + MACCS + CACTVS + descriptors,bms-599626,4+ rings,6.0
10443938,mr-948,10443938.0,9.653008,9.67741,Morgan + MACCS + CACTVS + descriptors,mr-948,2 rings,2.0
10445549,galidesivir,10445549.0,6.5054116,11.5059185,Morgan + MACCS + CACTVS + descriptors,galidesivir,3 rings,3.0
10446295,jnj-10191584,10446295.0,7.4088397,10.906301,Morgan + MACCS + CACTVS + descriptors,jnj-10191584,3 rings,3.0
1045,putrescine,1045.0,0.9205119,9.204445,Morgan + MACCS + CACTVS + descriptors,putrescine,0 rings,0.0
10452732,bevenopran,10452732.0,9.74357,10.274483,Morgan + MACCS + CACTVS + descriptors,bevenopran,3 rings,3.0
10453870,ipragliflozin-l-proline,10453870.0,8.835706,5.0347304,Morgan + MACCS + CACTVS + descriptors,ipragliflozin-l-proline,4+ rings,4.0
1046,pyrazinamide,1046.0,5.671696,11.144694,Morgan + MACCS + CACTVS + descriptors,pyrazinamide,1 ring,1.0
10461815,pha-665752,10461815.0,8.154462,9.669836,Morgan + MACCS + CACTVS + descriptors,pha-665752,4+ rings,6.0
10468,pentacosanoic-acid,10468.0,0.4096028,8.286263,Morgan + MACCS + CACTVS + descriptors,pentacosanoic-acid,0 rings,0.0
10472693,bempedoic-acid,10472693.0,0.45603248,8.267753,Morgan + MACCS + CACTVS + descriptors,bempedoic-acid,0 rings,0.0
10474339,bms-191011,10474339.0,8.658346,7.5645413,Morgan + MACCS + CACTVS + descriptors,bms-191011,3 rings,3.0
10474776,sb-328437,10474776.0,8.077049,8.027637,Morgan + MACCS + CACTVS + descriptors,sb-328437,3 rings,3.0
10475082,2'-meccpa,10475082.0,6.08924,11.78245,Morgan + MACCS + CACTVS + descriptors,2'-meccpa,4+ rings,4.0
10477896,perfluorohexyloctane,10477896.0,0.463744,8.7184305,Morgan + MACCS + CACTVS + descriptors,perfluorohexyloctane,0 rings,0.0
10482134,glycerol-phenylbutyrate,10482134.0,7.1412916,6.256579,Morgan + MACCS + CACTVS + descriptors,glycerol-phenylbutyrate,3 rings,3.0
1048267,ml161,1048267.0,7.508606,8.113708,Morgan + MACCS + CACTVS + descriptors,ml161,2 rings,2.0
104838,imipenem,104838.0,1.9170434,8.290887,Morgan + MACCS + CACTVS + descriptors,imipenem,2 rings,2.0
104842,sn-38,104842.0,8.990236,10.456576,Morgan + MACCS + CACTVS + descriptors,sn-38,4+ rings,5.0
104850,rimonabant,104850.0,8.264929,10.154035,Morgan + MACCS + CACTVS + descriptors,rimonabant,4+ rings,4.0
104865,bosentan,104865.0,9.236045,9.549334,Morgan + MACCS + CACTVS + descriptors,bosentan,4+ rings,4.0
104872,bicuculline-methochloride-(-),104872.0,9.103538,6.6637635,Morgan + MACCS + CACTVS + descriptors,bicuculline-methochloride-(-),4+ rings,6.0
1048845,tcs-359,1048845.0,8.86204,7.3676915,Morgan + MACCS + CACTVS + descriptors,tcs-359,3 rings,3.0
10494,oleanolic-acid,10494.0,0.26518857,6.9082837,Morgan + MACCS + CACTVS + descriptors,oleanolic-acid,4+ rings,5.0
1050,pyridoxal,1050.0,9.078338,10.9681015,Morgan + MACCS + CACTVS + descriptors,pyridoxal,1 ring,1.0
1051,mc-1,1051.0,9.095648,10.970016,Morgan + MACCS + CACTVS + descriptors,mc-1,1 ring,1.0
10521421,10-debc,10521421.0,8.58257,7.1438627,Morgan + MACCS + CACTVS + descriptors,10-debc,3 rings,3.0
10531,dihydroergotamine,10531.0,8.475457,10.679363,Morgan + MACCS + CACTVS + descriptors,dihydroergotamine,4+ rings,8.0
1054,pyridoxine,1054.0,9.151831,10.974023,Morgan + MACCS + CACTVS + descriptors,pyridoxine,1 ring,1.0
10607,podophyllotoxin,10607.0,8.772731,5.0849833,Morgan + MACCS + CACTVS + descriptors,podophyllotoxin,4+ rings,5.0
10609936,sib-1553a,10609936.0,8.152708,6.7965374,Morgan + MACCS + CACTVS + descriptors,sib-1553a,2 rings,2.0
10621,hesperidin,10621.0,8.969755,4.765188,Morgan + MACCS + CACTVS + descriptors,hesperidin,4+ rings,5.0
10630591,ethosuximide,10630591.0,1.3754143,8.997835,Morgan + MACCS + CACTVS + descriptors,ethosuximide,1 ring,1.0
10631,medroxyprogesterone,10631.0,0.11032063,6.7366796,Morgan + MACCS + CACTVS + descriptors,medroxyprogesterone,4+ rings,4.0
10638,monosodium-alpha-luminol,10638.0,7.3920527,8.426559,Morgan + MACCS + CACTVS + descriptors,monosodium-alpha-luminol,2 rings,2.0
10639,rheochrysidin,10639.0,8.424481,4.9834223,Morgan + MACCS + CACTVS + descriptors,rheochrysidin,3 rings,3.0
1066,quinolinic-acid,1066.0,8.855829,10.905254,Morgan + MACCS + CACTVS + descriptors,quinolinic-acid,1 ring,1.0
10668211,r-96544,10668211.0,8.8254595,6.642822,Morgan + MACCS + CACTVS + descriptors,r-96544,3 rings,3.0
10681296,zileuton,10681296.0,7.120044,7.9624267,Morgan + MACCS + CACTVS + descriptors,zileuton,2 rings,2.0
10690,sodium-gluconate,10690.0,0.05042382,8.745756,Morgan + MACCS + CACTVS + descriptors,sodium-gluconate,0 rings,0.0
1069686,jk-184,1069686.0,9.817503,9.659526,Morgan + MACCS + CACTVS + descriptors,jk-184,4+ rings,4.0
10701,azomycin-(2-nitroimidazole),10701.0,5.367442,11.073401,Morgan + MACCS + CACTVS + descriptors,azomycin-(2-nitroimidazole),1 ring,1.0
10718,benzoylpas,10718.0,8.160955,7.472831,Morgan + MACCS + CACTVS + descriptors,benzoylpas,2 rings,2.0
10718956,s-3304,10718956.0,8.353254,9.837236,Morgan + MACCS + CACTVS + descriptors,s-3304,4+ rings,4.0
10745,acetylsalicylsalicylic-acid,10745.0,8.374976,5.323433,Morgan + MACCS + CACTVS + descriptors,acetylsalicylsalicylic-acid,2 rings,2.0
1074953,ri-1,1074953.0,7.064878,8.43906,Morgan + MACCS + CACTVS + descriptors,ri-1,3 rings,3.0
10752093,mtpg,10752093.0,7.1536064,8.6874075,Morgan + MACCS + CACTVS + descriptors,mtpg,2 rings,2.0
107526,dextrose,107526.0,0.055269253,8.7774725,Morgan + MACCS + CACTVS + descriptors,dextrose,0 rings,0.0
107686,rp67580,107686.0,8.958498,6.8239613,Morgan + MACCS + CACTVS + descriptors,rp67580,4+ rings,5.0
107706,sivelestat,107706.0,8.961056,8.11511,Morgan + MACCS + CACTVS + descriptors,sivelestat,2 rings,2.0
107715,dihydroergocristine,107715.0,8.46206,10.707971,Morgan + MACCS + CACTVS + descriptors,dihydroergocristine,4+ rings,8.0
107771,pyronaridine,107771.0,9.863424,10.440936,Morgan + MACCS + CACTVS + descriptors,pyronaridine,4+ rings,6.0
107775,du-728,107775.0,1.3700413,8.292668,Morgan + MACCS + CACTVS + descriptors,du-728,0 rings,0.0
107780,gr-127935,107780.0,10.015717,9.910163,Morgan + MACCS + CACTVS + descriptors,gr-127935,4+ rings,5.0
107782,betamethasone-phosphate,107782.0,0.24439847,6.1570187,Morgan + MACCS + CACTVS + descriptors,betamethasone-phosphate,4+ rings,4.0
107810,fr-139317,107810.0,8.414638,10.707734,Morgan + MACCS + CACTVS + descriptors,fr-139317,4+ rings,4.0
10783,clomethiazole,10783.0,5.704813,10.974902,Morgan + MACCS + CACTVS + descriptors,clomethiazole,1 ring,1.0
107841,ethacizin,107841.0,6.8050156,8.198237,Morgan + MACCS + CACTVS + descriptors,ethacizin,3 rings,3.0
107848,geniposide,107848.0,0.46891627,7.670143,Morgan + MACCS + CACTVS + descriptors,geniposide,3 rings,3.0
107896,gabazine,107896.0,8.518589,6.100421,Morgan + MACCS + CACTVS + descriptors,gabazine,2 rings,2.0
107905,epicatechin-gallate-(-),107905.0,8.789717,4.8820114,Morgan + MACCS + CACTVS + descriptors,epicatechin-gallate-(-),4+ rings,4.0
107921,mephenytoin,107921.0,7.0073376,7.8893375,Morgan + MACCS + CACTVS + descriptors,mephenytoin,2 rings,2.0
107926,bretazenil,107926.0,7.7130938,11.270522,Morgan + MACCS + CACTVS + descriptors,bretazenil,4+ rings,4.0
107950,cl-218872,107950.0,6.8454847,10.513648,Morgan + MACCS + CACTVS + descriptors,cl-218872,3 rings,3.0
107967,fk-888,107967.0,8.480867,10.64007,Morgan + MACCS + CACTVS + descriptors,fk-888,4+ rings,6.0
107970,fingolimod,107970.0,7.412192,6.764324,Morgan + MACCS + CACTVS + descriptors,fingolimod,1 ring,1.0
107971,daidzin,107971.0,8.933423,4.794433,Morgan + MACCS + CACTVS + descriptors,daidzin,4+ rings,4.0
107985,triptolide,107985.0,0.48926023,7.296367,Morgan + MACCS + CACTVS + descriptors,triptolide,4+ rings,7.0
107994,quinaprilat,107994.0,7.347514,7.4565763,Morgan + MACCS + CACTVS + descriptors,quinaprilat,3 rings,3.0
108029,ru-24969,108029.0,9.481724,10.573409,Morgan + MACCS + CACTVS + descriptors,ru-24969,3 rings,3.0
108030,cgs-9896,108030.0,8.214833,10.560125,Morgan + MACCS + CACTVS + descriptors,cgs-9896,4+ rings,4.0
1080352,brd7389,1080352.0,7.375511,8.370872,Morgan + MACCS + CACTVS + descriptors,brd7389,4+ rings,5.0
10804826,a-61603,10804826.0,8.231669,6.845129,Morgan + MACCS + CACTVS + descriptors,a-61603,3 rings,3.0
108052,cafestol,108052.0,8.017348,4.6943073,Morgan + MACCS + CACTVS + descriptors,cafestol,4+ rings,5.0
108059,segesterone-acetate,108059.0,0.29808423,6.6498146,Morgan + MACCS + CACTVS + descriptors,segesterone-acetate,4+ rings,4.0
108089,stobadine,108089.0,6.6598644,8.236811,Morgan + MACCS + CACTVS + descriptors,stobadine,3 rings,3.0
108092,dppe,108092.0,8.565588,6.5433893,Morgan + MACCS + CACTVS + descriptors,dppe,2 rings,2.0
108107,benzamil,108107.0,7.504233,10.63716,Morgan + MACCS + CACTVS + descriptors,benzamil,2 rings,2.0
108137,sch-28080,108137.0,9.925115,9.745908,Morgan + MACCS + CACTVS + descriptors,sch-28080,3 rings,3.0
108143,tamibarotene,108143.0,7.913594,7.693113,Morgan + MACCS + CACTVS + descriptors,tamibarotene,3 rings,3.0
108144,carboxyamidotriazole,108144.0,8.155459,10.095138,Morgan + MACCS + CACTVS + descriptors,carboxyamidotriazole,3 rings,3.0
108167,sr-140333,108167.0,7.558469,6.526572,Morgan + MACCS + CACTVS + descriptors,sr-140333,4+ rings,7.0
108185,carboxylosartan,108185.0,7.650888,11.115091,Morgan + MACCS + CACTVS + descriptors,carboxylosartan,4+ rings,4.0
108213,bifendate,108213.0,8.655022,5.0408764,Morgan + MACCS + CACTVS + descriptors,bifendate,4+ rings,4.0
10850,tricaprylin,10850.0,0.49830523,8.342599,Morgan + MACCS + CACTVS + descriptors,tricaprylin,0 rings,0.0
1085377,golgicide-a,1085377.0,7.1874094,10.217605,Morgan + MACCS + CACTVS + descriptors,golgicide-a,4+ rings,4.0
1088438,ml130,1088438.0,8.035165,9.679879,Morgan + MACCS + CACTVS + descriptors,ml130,3 rings,3.0
10911051,cimaterol,10911051.0,7.9996,6.4987917,Morgan + MACCS + CACTVS + descriptors,cimaterol,1 ring,1.0
10918,levocarnitine,10918.0,1.2331167,9.700903,Morgan + MACCS + CACTVS + descriptors,levocarnitine,0 rings,0.0
10930,isovaleramide,10930.0,1.0516789,8.90015,Morgan + MACCS + CACTVS + descriptors,isovaleramide,0 rings,0.0
10937426,ac-7954-(+/-),10937426.0,7.5246367,6.8080044,Morgan + MACCS + CACTVS + descriptors,ac-7954-(+/-),3 rings,3.0
10938334,ml3403,10938334.0,6.9830947,10.447007,Morgan + MACCS + CACTVS + descriptors,ml3403,4+ rings,4.0
1096292,sirreal-2,1096292.0,7.644215,10.303514,Morgan + MACCS + CACTVS + descriptors,sirreal-2,4+ rings,4.0
10981286,hemado,10981286.0,6.067473,11.7989235,Morgan + MACCS + CACTVS + descriptors,hemado,3 rings,3.0
11001318,tafamidis-meglumine,11001318.0,9.143914,10.204825,Morgan + MACCS + CACTVS + descriptors,tafamidis-meglumine,3 rings,3.0
1102,spermidine,1102.0,0.9174143,9.15375,Morgan + MACCS + CACTVS + descriptors,spermidine,0 rings,0.0
1103,spermine,1103.0,0.9164729,9.161074,Morgan + MACCS + CACTVS + descriptors,spermine,0 rings,0.0
1103147,ym-90709,1103147.0,10.36081,10.273177,Morgan + MACCS + CACTVS + descriptors,ym-90709,4+ rings,5.0
11031538,pmpa,11031538.0,0.2643496,8.676617,Morgan + MACCS + CACTVS + descriptors,pmpa,0 rings,0.0
11033,sulfacarbamide,11033.0,8.2959795,8.716992,Morgan + MACCS + CACTVS + descriptors,sulfacarbamide,1 ring,1.0
11037861,nida-41020,11037861.0,9.415545,9.926072,Morgan + MACCS + CACTVS + descriptors,nida-41020,4+ rings,4.0
11059920,silymarin,11059920.0,8.866466,4.844305,Morgan + MACCS + CACTVS + descriptors,silymarin,4+ rings,5.0
110635,tadalafil,110635.0,9.308383,10.358361,Morgan + MACCS + CACTVS + descriptors,tadalafil,4+ rings,6.0
11066464,minerval,11066464.0,0.4149934,8.181366,Morgan + MACCS + CACTVS + descriptors,minerval,0 rings,0.0
11075829,titanocene-dichloride,11075829.0,0.39611673,9.100984,Morgan + MACCS + CACTVS + descriptors,titanocene-dichloride,2 rings,2.0
11088,thymol-iodide,11088.0,7.898516,5.559535,Morgan + MACCS + CACTVS + descriptors,thymol-iodide,2 rings,2.0
11092,paeonol,11092.0,8.382645,5.2571197,Morgan + MACCS + CACTVS + descriptors,paeonol,1 ring,1.0
111332,anecortave-acetate,111332.0,0.27151996,6.397795,Morgan + MACCS + CACTVS + descriptors,anecortave-acetate,4+ rings,4.0
11152667,azd7762,11152667.0,7.3967733,8.590481,Morgan + MACCS + CACTVS + descriptors,azd7762,3 rings,3.0
11154925,brivanib-alaninate,11154925.0,10.118486,9.811372,Morgan + MACCS + CACTVS + descriptors,brivanib-alaninate,4+ rings,4.0
11155808,pralatrexate,11155808.0,7.6115575,11.339781,Morgan + MACCS + CACTVS + descriptors,pralatrexate,3 rings,3.0
11159621,mk-0354,11159621.0,6.895306,9.886666,Morgan + MACCS + CACTVS + descriptors,mk-0354,3 rings,3.0
1116244,tcs-5861528,1116244.0,7.6072726,11.150473,Morgan + MACCS + CACTVS + descriptors,tcs-5861528,3 rings,3.0
11167112,amg-548,11167112.0,7.885866,11.0015745,Morgan + MACCS + CACTVS + descriptors,amg-548,4+ rings,5.0
11167602,regorafenib,11167602.0,9.896406,10.331938,Morgan + MACCS + CACTVS + descriptors,regorafenib,3 rings,3.0
11168203,akba,11168203.0,0.3086138,6.93988,Morgan + MACCS + CACTVS + descriptors,akba,4+ rings,5.0
1117196,ptc-209,1117196.0,9.859373,9.64151,Morgan + MACCS + CACTVS + descriptors,ptc-209,4+ rings,4.0
11175137,at7867,11175137.0,7.085079,10.059376,Morgan + MACCS + CACTVS + descriptors,at7867,4+ rings,4.0
11179,zinc-undecylenate,11179.0,0.3514505,8.178827,Morgan + MACCS + CACTVS + descriptors,zinc-undecylenate,0 rings,0.0
11180124,azeliragon,11180124.0,10.066517,9.828935,Morgan + MACCS + CACTVS + descriptors,azeliragon,4+ rings,4.0
11180808,mk-0812,11180808.0,8.425117,10.82452,Morgan + MACCS + CACTVS + descriptors,mk-0812,4+ rings,4.0
11181988,pantoprazole,11181988.0,9.865556,9.604497,Morgan + MACCS + CACTVS + descriptors,pantoprazole,3 rings,3.0
11188409,galeterone,11188409.0,7.4128256,10.918476,Morgan + MACCS + CACTVS + descriptors,galeterone,4+ rings,6.0
11197252,teroxirone,11197252.0,1.4581616,9.094851,Morgan + MACCS + CACTVS + descriptors,teroxirone,4+ rings,4.0
11199742,hypoestoxide,11199742.0,0.44347775,7.4567847,Morgan + MACCS + CACTVS + descriptors,hypoestoxide,4+ rings,4.0
11201035,phtpp,11201035.0,9.685588,10.033196,Morgan + MACCS + CACTVS + descriptors,phtpp,4+ rings,4.0
11205997,pyridoxamine,11205997.0,9.175501,10.940935,Morgan + MACCS + CACTVS + descriptors,pyridoxamine,1 ring,1.0
11207,methanesulfonyl-fluoride,11207.0,0.48859257,9.0178385,Morgan + MACCS + CACTVS + descriptors,methanesulfonyl-fluoride,0 rings,0.0
11207937,tmph,11207937.0,0.8958173,8.453584,Morgan + MACCS + CACTVS + descriptors,tmph,1 ring,1.0
11210285,bml-284,11210285.0,10.2210455,10.266938,Morgan + MACCS + CACTVS + descriptors,bml-284,4+ rings,4.0
11210478,wp1066,11210478.0,8.188198,10.985142,Morgan + MACCS + CACTVS + descriptors,wp1066,2 rings,2.0
11213350,s-111,11213350.0,-0.12131571,7.160506,Morgan + MACCS + CACTVS + descriptors,s-111,4+ rings,4.0
11213558,r406,11213558.0,10.193935,10.219612,Morgan + MACCS + CACTVS + descriptors,r406,4+ rings,4.0
11217901,f351,11217901.0,7.888025,7.879122,Morgan + MACCS + CACTVS + descriptors,f351,2 rings,2.0
11219835,ataluren,11219835.0,7.9733043,10.592039,Morgan + MACCS + CACTVS + descriptors,ataluren,3 rings,3.0
11222830,wp1130,11222830.0,8.238093,11.017955,Morgan + MACCS + CACTVS + descriptors,wp1130,2 rings,2.0
11224409,radezolid,11224409.0,7.5281663,8.977446,Morgan + MACCS + CACTVS + descriptors,radezolid,4+ rings,4.0
11226090,taranabant,11226090.0,9.805134,10.374702,Morgan + MACCS + CACTVS + descriptors,taranabant,3 rings,3.0
11226207,tcs-2314,11226207.0,7.364349,8.105582,Morgan + MACCS + CACTVS + descriptors,tcs-2314,4+ rings,4.0
11228183,abt-737,11228183.0,8.227587,8.726505,Morgan + MACCS + CACTVS + descriptors,abt-737,4+ rings,6.0
11228338,argireline,11228338.0,1.3784184,8.198989,Morgan + MACCS + CACTVS + descriptors,argireline,0 rings,0.0
11228779,ethyl-pyruvate,11228779.0,0.39794338,8.666095,Morgan + MACCS + CACTVS + descriptors,ethyl-pyruvate,0 rings,0.0
11232124,uamc-00039,11232124.0,6.9004846,7.698413,Morgan + MACCS + CACTVS + descriptors,uamc-00039,2 rings,2.0
11234049,tedizolid,11234049.0,7.2512774,10.657769,Morgan + MACCS + CACTVS + descriptors,tedizolid,4+ rings,4.0
11234052,brivanib,11234052.0,10.139739,9.82464,Morgan + MACCS + CACTVS + descriptors,brivanib,4+ rings,4.0
11234795,melphalan-n-oxide,11234795.0,7.6382303,7.524437,Morgan + MACCS + CACTVS + descriptors,melphalan-n-oxide,1 ring,1.0
11236126,seladelpar,11236126.0,8.4361725,5.4524846,Morgan + MACCS + CACTVS + descriptors,seladelpar,2 rings,2.0
11238147,icg-001,11238147.0,7.831994,7.3137503,Morgan + MACCS + CACTVS + descriptors,icg-001,4+ rings,6.0
11238512,hki-357,11238512.0,10.415524,10.353053,Morgan + MACCS + CACTVS + descriptors,hki-357,4+ rings,4.0
11242315,rx-3117,11242315.0,2.3982234,9.659439,Morgan + MACCS + CACTVS + descriptors,rx-3117,2 rings,2.0
11245456,cdppb,11245456.0,7.492312,10.682806,Morgan + MACCS + CACTVS + descriptors,cdppb,4+ rings,4.0
11247522,mk-2295,11247522.0,6.9195876,10.511041,Morgan + MACCS + CACTVS + descriptors,mk-2295,4+ rings,4.0
11248490,briciclib,11248490.0,8.355733,5.601813,Morgan + MACCS + CACTVS + descriptors,briciclib,2 rings,2.0
11249084,pha-680632,11249084.0,7.4874034,10.844322,Morgan + MACCS + CACTVS + descriptors,pha-680632,4+ rings,5.0
11249248,bms-299897,11249248.0,8.249162,8.467862,Morgan + MACCS + CACTVS + descriptors,bms-299897,3 rings,3.0
11249932,tmc-353121,11249932.0,10.193709,9.989028,Morgan + MACCS + CACTVS + descriptors,tmc-353121,4+ rings,5.0
11250133,procyanidin-b-2,11250133.0,8.859265,4.8504906,Morgan + MACCS + CACTVS + descriptors,procyanidin-b-2,4+ rings,6.0
11250647,elagolix,11250647.0,8.965422,7.0148826,Morgan + MACCS + CACTVS + descriptors,elagolix,4+ rings,4.0
11256587,amd11070,11256587.0,6.9233108,10.672874,Morgan + MACCS + CACTVS + descriptors,amd11070,4+ rings,4.0
11256664,fg-4592,11256664.0,9.29995,10.376753,Morgan + MACCS + CACTVS + descriptors,fg-4592,3 rings,3.0
11256720,sb-742457,11256720.0,8.112234,9.718743,Morgan + MACCS + CACTVS + descriptors,sb-742457,4+ rings,4.0
1126109,jx-401,1126109.0,8.98254,6.9170485,Morgan + MACCS + CACTVS + descriptors,jx-401,3 rings,3.0
11269353,begacestat,11269353.0,8.173599,8.409209,Morgan + MACCS + CACTVS + descriptors,begacestat,1 ring,1.0
11270783,gs-6201,11270783.0,7.3825536,11.087895,Morgan + MACCS + CACTVS + descriptors,gs-6201,4+ rings,4.0
11272107,sb-657510,11272107.0,9.033949,8.001391,Morgan + MACCS + CACTVS + descriptors,sb-657510,3 rings,3.0
11282283,amuvatinib,11282283.0,10.021873,9.871762,Morgan + MACCS + CACTVS + descriptors,amuvatinib,4+ rings,6.0
11285002,rgb-286638,11285002.0,7.9023376,10.348317,Morgan + MACCS + CACTVS + descriptors,rgb-286638,4+ rings,6.0
11285588,danoprevir,11285588.0,8.273285,8.458342,Morgan + MACCS + CACTVS + descriptors,danoprevir,4+ rings,6.0
11285792,cenicriviroc,11285792.0,9.604361,9.749098,Morgan + MACCS + CACTVS + descriptors,cenicriviroc,4+ rings,5.0
11288934,necrostatin-2,11288934.0,8.241196,10.588125,Morgan + MACCS + CACTVS + descriptors,necrostatin-2,3 rings,3.0
11289,chlorotrianisene,11289.0,8.337212,5.633308,Morgan + MACCS + CACTVS + descriptors,chlorotrianisene,3 rings,3.0
11289630,cs-917,11289630.0,9.226727,9.535349,Morgan + MACCS + CACTVS + descriptors,cs-917,2 rings,2.0
11289644,ro-3,11289644.0,10.111675,10.384805,Morgan + MACCS + CACTVS + descriptors,ro-3,2 rings,2.0
11292191,azd1981,11292191.0,8.306063,10.261872,Morgan + MACCS + CACTVS + descriptors,azd1981,3 rings,3.0
11292933,gsk163090,11292933.0,7.665284,10.648885,Morgan + MACCS + CACTVS + descriptors,gsk163090,4+ rings,5.0
11296583,pirarubicin,11296583.0,9.209346,5.6568265,Morgan + MACCS + CACTVS + descriptors,pirarubicin,4+ rings,6.0
1130,thiamine,1130.0,6.016982,11.155601,Morgan + MACCS + CACTVS + descriptors,thiamine,2 rings,2.0
11301655,a-381393,11301655.0,6.9689918,10.701978,Morgan + MACCS + CACTVS + descriptors,a-381393,4+ rings,4.0
11302540,as-77,11302540.0,8.497795,5.0755568,Morgan + MACCS + CACTVS + descriptors,as-77,4+ rings,4.0
11304743,riociguat,11304743.0,7.1412787,10.821363,Morgan + MACCS + CACTVS + descriptors,riociguat,4+ rings,4.0
11313622,tideglusib,11313622.0,7.1719885,8.596031,Morgan + MACCS + CACTVS + descriptors,tideglusib,4+ rings,4.0
11314340,a-674563,11314340.0,9.715435,10.139212,Morgan + MACCS + CACTVS + descriptors,a-674563,4+ rings,4.0
11315474,apatinib,11315474.0,7.7048106,11.053093,Morgan + MACCS + CACTVS + descriptors,apatinib,4+ rings,4.0
11316919,pf-514273,11316919.0,9.044209,9.8529825,Morgan + MACCS + CACTVS + descriptors,pf-514273,4+ rings,4.0
11317348,ki-8751,11317348.0,10.214225,10.390655,Morgan + MACCS + CACTVS + descriptors,ki-8751,4+ rings,4.0
11317439,bms-626529,11317439.0,10.063553,9.865695,Morgan + MACCS + CACTVS + descriptors,bms-626529,4+ rings,5.0
11319053,telcagepant,11319053.0,7.5373173,11.130052,Morgan + MACCS + CACTVS + descriptors,telcagepant,4+ rings,5.0
11319217,fostemsavir,11319217.0,10.051551,9.829514,Morgan + MACCS + CACTVS + descriptors,fostemsavir,4+ rings,5.0
1132,thiamine-pyrophosphate,1132.0,6.115159,11.435588,Morgan + MACCS + CACTVS + descriptors,thiamine-pyrophosphate,2 rings,2.0
11326715,ostarine,11326715.0,8.629281,7.1334147,Morgan + MACCS + CACTVS + descriptors,ostarine,2 rings,2.0
11327430,nu-7441,11327430.0,8.880207,6.964937,Morgan + MACCS + CACTVS + descriptors,nu-7441,4+ rings,6.0
11332752,shikimic-acid,11332752.0,0.16360968,8.581701,Morgan + MACCS + CACTVS + descriptors,shikimic-acid,1 ring,1.0
11333,lactulose,11333.0,-0.022567118,8.628339,Morgan + MACCS + CACTVS + descriptors,lactulose,2 rings,2.0
11338033,at-7519,11338033.0,8.223466,10.205243,Morgan + MACCS + CACTVS + descriptors,at-7519,3 rings,3.0
11338127,acumapimod,11338127.0,7.632546,10.842599,Morgan + MACCS + CACTVS + descriptors,acumapimod,4+ rings,4.0
11339118,jnj-17203212,11339118.0,7.410797,11.031846,Morgan + MACCS + CACTVS + descriptors,jnj-17203212,3 rings,3.0
11340230,gka-50,11340230.0,9.797651,10.247681,Morgan + MACCS + CACTVS + descriptors,gka-50,3 rings,3.0
11345201,atpa,11345201.0,1.3443282,8.711338,Morgan + MACCS + CACTVS + descriptors,atpa,1 ring,1.0
11345983,cardiogenol-c,11345983.0,10.052095,10.260929,Morgan + MACCS + CACTVS + descriptors,cardiogenol-c,2 rings,2.0
11347895,ssr128129e,11347895.0,9.23869,10.382664,Morgan + MACCS + CACTVS + descriptors,ssr128129e,3 rings,3.0
11349170,bms-690514,11349170.0,10.197762,9.86589,Morgan + MACCS + CACTVS + descriptors,bms-690514,4+ rings,4.0
11351021,cyt-997,11351021.0,10.162162,10.194259,Morgan + MACCS + CACTVS + descriptors,cyt-997,3 rings,3.0
11354816,terbutaline,11354816.0,8.077318,6.4726715,Morgan + MACCS + CACTVS + descriptors,terbutaline,1 ring,1.0
11364421,bi-2536,11364421.0,10.175209,10.042682,Morgan + MACCS + CACTVS + descriptors,bi-2536,4+ rings,5.0
11382492,cmpd-1,11382492.0,8.101155,7.533603,Morgan + MACCS + CACTVS + descriptors,cmpd-1,3 rings,3.0
11383075,adx-47273,11383075.0,7.763591,10.464242,Morgan + MACCS + CACTVS + descriptors,adx-47273,4+ rings,4.0
11387409,oglemilast,11387409.0,9.728832,10.090878,Morgan + MACCS + CACTVS + descriptors,oglemilast,4+ rings,4.0
11387605,bafetinib,11387605.0,7.591293,11.064332,Morgan + MACCS + CACTVS + descriptors,bafetinib,4+ rings,5.0
11388332,mitoquinone,11388332.0,7.1969423,6.4456854,Morgan + MACCS + CACTVS + descriptors,mitoquinone,4+ rings,4.0
11391028,mabuprofen,11391028.0,7.085438,7.476983,Morgan + MACCS + CACTVS + descriptors,mabuprofen,1 ring,1.0
11393719,sb-747651a,11393719.0,6.909313,10.876085,Morgan + MACCS + CACTVS + descriptors,sb-747651a,4+ rings,4.0
11394238,rislenemdaz,11394238.0,7.8194633,11.058806,Morgan + MACCS + CACTVS + descriptors,rislenemdaz,3 rings,3.0
11395145,indeglitazar,11395145.0,9.046769,9.752844,Morgan + MACCS + CACTVS + descriptors,indeglitazar,3 rings,3.0
11397521,amenamevir,11397521.0,8.04101,9.807498,Morgan + MACCS + CACTVS + descriptors,amenamevir,4+ rings,4.0
11398092,vx-765,11398092.0,7.2036796,7.603008,Morgan + MACCS + CACTVS + descriptors,vx-765,3 rings,3.0
11399764,hm-30181,11399764.0,9.730182,9.764046,Morgan + MACCS + CACTVS + descriptors,hm-30181,4+ rings,7.0
11406333,celiprolol,11406333.0,8.695695,7.0422173,Morgan + MACCS + CACTVS + descriptors,celiprolol,1 ring,1.0
11406590,r-1487,11406590.0,10.16912,10.125584,Morgan + MACCS + CACTVS + descriptors,r-1487,4+ rings,4.0
11414799,verubulin,11414799.0,10.05796,10.313845,Morgan + MACCS + CACTVS + descriptors,verubulin,3 rings,3.0
11417954,adl5859,11417954.0,8.98203,6.962517,Morgan + MACCS + CACTVS + descriptors,adl5859,4+ rings,4.0
11420211,a-784168,11420211.0,8.074441,9.757222,Morgan + MACCS + CACTVS + descriptors,a-784168,3 rings,3.0
11427553,kw-2449,11427553.0,8.145169,10.612451,Morgan + MACCS + CACTVS + descriptors,kw-2449,4+ rings,4.0
11433190,nutlin-3,11433190.0,9.021126,7.4645996,Morgan + MACCS + CACTVS + descriptors,nutlin-3,4+ rings,5.0
11434515,aclidinium,11434515.0,7.3987913,6.5216875,Morgan + MACCS + CACTVS + descriptors,aclidinium,4+ rings,6.0
11438771,basimglurant,11438771.0,7.009157,10.324607,Morgan + MACCS + CACTVS + descriptors,basimglurant,3 rings,3.0
11441742,mozavaptan,11441742.0,7.209625,8.292162,Morgan + MACCS + CACTVS + descriptors,mozavaptan,4+ rings,4.0
11442117,ym-244769,11442117.0,9.817547,10.326725,Morgan + MACCS + CACTVS + descriptors,ym-244769,4+ rings,4.0
11442891,danusertib,11442891.0,9.516881,9.794177,Morgan + MACCS + CACTVS + descriptors,danusertib,4+ rings,5.0
11450633,alogliptin,11450633.0,7.1483493,8.205649,Morgan + MACCS + CACTVS + descriptors,alogliptin,3 rings,3.0
11452716,apratastat,11452716.0,9.00734,7.835118,Morgan + MACCS + CACTVS + descriptors,apratastat,2 rings,2.0
11454028,yo-01027,11454028.0,7.2761765,8.3627405,Morgan + MACCS + CACTVS + descriptors,yo-01027,4+ rings,4.0
11455910,tw-37,11455910.0,8.625801,8.185456,Morgan + MACCS + CACTVS + descriptors,tw-37,4+ rings,4.0
11458696,ibuproxam,11458696.0,7.1210175,7.5353584,Morgan + MACCS + CACTVS + descriptors,ibuproxam,1 ring,1.0
11462174,oc000459,11462174.0,8.354257,10.35583,Morgan + MACCS + CACTVS + descriptors,oc000459,4+ rings,4.0
114681,emoxipin,114681.0,9.170307,10.998241,Morgan + MACCS + CACTVS + descriptors,emoxipin,1 ring,1.0
11468733,hemomex-s,11468733.0,-0.091158815,7.191103,Morgan + MACCS + CACTVS + descriptors,hemomex-s,4+ rings,4.0
11474,piconol,11474.0,9.088656,10.987029,Morgan + MACCS + CACTVS + descriptors,piconol,1 ring,1.0
114745,metaphit,114745.0,6.561956,8.098377,Morgan + MACCS + CACTVS + descriptors,metaphit,3 rings,3.0
114750,taltirelin,114750.0,5.799523,11.352945,Morgan + MACCS + CACTVS + descriptors,taltirelin,3 rings,3.0
11476460,tedizolid-phosphate,11476460.0,7.2140937,10.755609,Morgan + MACCS + CACTVS + descriptors,tedizolid-phosphate,4+ rings,4.0
11478363,gnf-7,11478363.0,7.6420927,11.104494,Morgan + MACCS + CACTVS + descriptors,gnf-7,4+ rings,5.0
114811,florfenicol,114811.0,8.137697,8.309764,Morgan + MACCS + CACTVS + descriptors,florfenicol,1 ring,1.0
114829,mf-101,114829.0,8.498251,4.9876795,Morgan + MACCS + CACTVS + descriptors,mf-101,3 rings,3.0
11485656,linifanib,11485656.0,7.3958426,10.377396,Morgan + MACCS + CACTVS + descriptors,linifanib,4+ rings,4.0
11486204,on-01500,11486204.0,8.935479,8.007817,Morgan + MACCS + CACTVS + descriptors,on-01500,2 rings,2.0
114864,ibuprofen,114864.0,7.091229,6.1690226,Morgan + MACCS + CACTVS + descriptors,ibuprofen,1 ring,1.0
11488110,cevipabulin,11488110.0,10.213753,9.717364,Morgan + MACCS + CACTVS + descriptors,cevipabulin,3 rings,3.0
11488320,azd8931,11488320.0,10.507012,10.37991,Morgan + MACCS + CACTVS + descriptors,azd8931,4+ rings,4.0
114904,opc-21268,114904.0,9.137104,7.345289,Morgan + MACCS + CACTVS + descriptors,opc-21268,4+ rings,4.0
114905,landiolol,114905.0,8.8398695,6.7130656,Morgan + MACCS + CACTVS + descriptors,landiolol,3 rings,3.0
114917,tanshinone-i,114917.0,8.3934145,5.1021924,Morgan + MACCS + CACTVS + descriptors,tanshinone-i,4+ rings,4.0
114924,tetradecylthioacetic-acid,114924.0,0.41499975,8.364459,Morgan + MACCS + CACTVS + descriptors,tetradecylthioacetic-acid,0 rings,0.0
11494412,tivantinib,11494412.0,8.281841,10.69244,Morgan + MACCS + CACTVS + descriptors,tivantinib,4+ rings,6.0
11494970,trap-101,11494970.0,7.1521363,8.341693,Morgan + MACCS + CACTVS + descriptors,trap-101,4+ rings,4.0
11496610,way-207024,11496610.0,6.897485,10.762936,Morgan + MACCS + CACTVS + descriptors,way-207024,4+ rings,6.0
11497983,barasertib,11497983.0,10.149815,9.951395,Morgan + MACCS + CACTVS + descriptors,barasertib,4+ rings,4.0
11499245,tavaborole,11499245.0,7.588229,5.828854,Morgan + MACCS + CACTVS + descriptors,tavaborole,2 rings,2.0
11501591,aim-100,11501591.0,9.917805,9.784729,Morgan + MACCS + CACTVS + descriptors,aim-100,4+ rings,5.0
11502243,prx-08066,11502243.0,7.1895995,10.5249195,Morgan + MACCS + CACTVS + descriptors,prx-08066,4+ rings,4.0
1150344,miconazole,1150344.0,7.439731,9.784107,Morgan + MACCS + CACTVS + descriptors,miconazole,3 rings,3.0
1150567,donepezil,1150567.0,9.213592,6.7239037,Morgan + MACCS + CACTVS + descriptors,donepezil,4+ rings,4.0
115067,gastrodin,115067.0,8.905441,4.9277797,Morgan + MACCS + CACTVS + descriptors,gastrodin,2 rings,2.0
1150683,ldn-27219,1150683.0,7.6039,9.00579,Morgan + MACCS + CACTVS + descriptors,ldn-27219,4+ rings,4.0
11507802,ly2183240,11507802.0,7.1419764,9.092808,Morgan + MACCS + CACTVS + descriptors,ly2183240,3 rings,3.0
1150897,hc-030031,1150897.0,7.612463,11.145241,Morgan + MACCS + CACTVS + descriptors,hc-030031,3 rings,3.0
11511120,dacomitinib,11511120.0,10.409641,10.301103,Morgan + MACCS + CACTVS + descriptors,dacomitinib,4+ rings,4.0
11513676,alisporivir,11513676.0,1.1723063,7.669844,Morgan + MACCS + CACTVS + descriptors,alisporivir,1 ring,1.0
11514721,ro-9187,11514721.0,2.4009,9.6793995,Morgan + MACCS + CACTVS + descriptors,ro-9187,2 rings,2.0
11517212,ec-144,11517212.0,10.117999,9.842058,Morgan + MACCS + CACTVS + descriptors,ec-144,3 rings,3.0
115175,kd-023,115175.0,8.398089,5.5272045,Morgan + MACCS + CACTVS + descriptors,kd-023,1 ring,1.0
11519070,umeclidinium,11519070.0,7.4146657,6.527039,Morgan + MACCS + CACTVS + descriptors,umeclidinium,4+ rings,6.0
115210,zk-93426,115210.0,9.3427725,10.437523,Morgan + MACCS + CACTVS + descriptors,zk-93426,3 rings,3.0
11521237,deoxyarbutin,11521237.0,8.210009,5.5471935,Morgan + MACCS + CACTVS + descriptors,deoxyarbutin,2 rings,2.0
11526038,pemafibrate,11526038.0,9.484991,9.999194,Morgan + MACCS + CACTVS + descriptors,pemafibrate,4+ rings,4.0
115269,sophocarpine,115269.0,1.3528336,9.115066,Morgan + MACCS + CACTVS + descriptors,sophocarpine,4+ rings,4.0
11527152,ouabain,11527152.0,0.7329116,7.203293,Morgan + MACCS + CACTVS + descriptors,ouabain,4+ rings,6.0
11527661,incb-003284,11527661.0,9.782549,10.152046,Morgan + MACCS + CACTVS + descriptors,incb-003284,4+ rings,4.0
11528958,verdiperstat,11528958.0,7.9724565,10.99824,Morgan + MACCS + CACTVS + descriptors,verdiperstat,2 rings,2.0
11530459,ac-261066,11530459.0,9.287451,9.702139,Morgan + MACCS + CACTVS + descriptors,ac-261066,2 rings,2.0
11531745,way-213613,11531745.0,8.53272,7.0857964,Morgan + MACCS + CACTVS + descriptors,way-213613,2 rings,2.0
115348,2-iodomelatonin,115348.0,9.45033,10.491412,Morgan + MACCS + CACTVS + descriptors,2-iodomelatonin,2 rings,2.0
115368,perospirone,115368.0,7.492379,9.385877,Morgan + MACCS + CACTVS + descriptors,perospirone,4+ rings,5.0
11538455,jnj-26481585,11538455.0,7.509659,11.088003,Morgan + MACCS + CACTVS + descriptors,jnj-26481585,4+ rings,4.0
11539025,ly2228820,11539025.0,6.907231,10.614958,Morgan + MACCS + CACTVS + descriptors,ly2228820,4+ rings,4.0
11541511,oleandrin,11541511.0,0.5959237,7.1882744,Morgan + MACCS + CACTVS + descriptors,oleandrin,4+ rings,6.0
11543746,way-255348,11543746.0,8.173741,10.66096,Morgan + MACCS + CACTVS + descriptors,way-255348,3 rings,3.0
11545419,plx647,11545419.0,6.9258003,10.486472,Morgan + MACCS + CACTVS + descriptors,plx647,4+ rings,4.0
11548630,ro-4987655,11548630.0,7.6004443,8.116948,Morgan + MACCS + CACTVS + descriptors,ro-4987655,3 rings,3.0
11551355,mabuterol,11551355.0,7.93365,6.5284543,Morgan + MACCS + CACTVS + descriptors,mabuterol,1 ring,1.0
11552393,tenatoprazole,11552393.0,9.885734,9.632267,Morgan + MACCS + CACTVS + descriptors,tenatoprazole,3 rings,3.0
11552706,losmapimod,11552706.0,8.179688,11.038549,Morgan + MACCS + CACTVS + descriptors,losmapimod,3 rings,3.0
11552757,ly2365109,11552757.0,8.965781,6.4875417,Morgan + MACCS + CACTVS + descriptors,ly2365109,3 rings,3.0
11556427,anacetrapib,11556427.0,8.823244,6.7509594,Morgan + MACCS + CACTVS + descriptors,anacetrapib,4+ rings,4.0
11556711,carfilzomib,11556711.0,7.4644794,7.4350457,Morgan + MACCS + CACTVS + descriptors,carfilzomib,4+ rings,4.0
11559627,prlx-93936,11559627.0,9.147794,7.463093,Morgan + MACCS + CACTVS + descriptors,prlx-93936,4+ rings,4.0
11560249,psncbam-1,11560249.0,7.35477,10.648648,Morgan + MACCS + CACTVS + descriptors,psncbam-1,4+ rings,4.0
11560787,e-2012,11560787.0,9.928241,10.0919695,Morgan + MACCS + CACTVS + descriptors,e-2012,4+ rings,4.0
11561383,nesbuvir,11561383.0,9.080416,7.9186964,Morgan + MACCS + CACTVS + descriptors,nesbuvir,4+ rings,4.0
11561674,apremilast,11561674.0,9.103922,7.698825,Morgan + MACCS + CACTVS + descriptors,apremilast,3 rings,3.0
11565518,wz811,11565518.0,6.9909506,10.318747,Morgan + MACCS + CACTVS + descriptors,wz811,3 rings,3.0
11567473,finafloxacin,11567473.0,9.956132,7.6250973,Morgan + MACCS + CACTVS + descriptors,finafloxacin,4+ rings,5.0
11570626,mk-0893,11570626.0,9.339851,10.006611,Morgan + MACCS + CACTVS + descriptors,mk-0893,4+ rings,5.0
11581936,pf-02545920,11581936.0,9.664211,10.040349,Morgan + MACCS + CACTVS + descriptors,pf-02545920,4+ rings,5.0
11584834,cot-inhibitor-1,11584834.0,7.2334,10.383309,Morgan + MACCS + CACTVS + descriptors,cot-inhibitor-1,4+ rings,5.0
11587013,ns-8593,11587013.0,6.9560986,10.590491,Morgan + MACCS + CACTVS + descriptors,ns-8593,4+ rings,4.0
11595431,gw-9508,11595431.0,8.548271,7.125023,Morgan + MACCS + CACTVS + descriptors,gw-9508,3 rings,3.0
11596613,verucerfont,11596613.0,9.983705,9.651067,Morgan + MACCS + CACTVS + descriptors,verucerfont,4+ rings,4.0
11598628,pf-431396,11598628.0,7.916359,10.006756,Morgan + MACCS + CACTVS + descriptors,pf-431396,4+ rings,4.0
11604525,temanogrel,11604525.0,9.640771,9.885802,Morgan + MACCS + CACTVS + descriptors,temanogrel,4+ rings,4.0
11609586,serdemetan,11609586.0,7.646915,10.316198,Morgan + MACCS + CACTVS + descriptors,serdemetan,4+ rings,4.0
11609955,resminostat,11609955.0,8.20758,9.579646,Morgan + MACCS + CACTVS + descriptors,resminostat,2 rings,2.0
11610526,lasmiditan,11610526.0,7.5960965,11.162507,Morgan + MACCS + CACTVS + descriptors,lasmiditan,3 rings,3.0
11610599,trabodenoson,11610599.0,6.0746946,11.79861,Morgan + MACCS + CACTVS + descriptors,trabodenoson,4+ rings,4.0
11610682,vu29,11610682.0,7.541629,10.779242,Morgan + MACCS + CACTVS + descriptors,vu29,4+ rings,4.0
11612883,pf-573228,11612883.0,7.953746,9.89758,Morgan + MACCS + CACTVS + descriptors,pf-573228,4+ rings,4.0
11617559,gw-2580,11617559.0,10.099092,10.340033,Morgan + MACCS + CACTVS + descriptors,gw-2580,3 rings,3.0
11618268,acalisib,11618268.0,7.525638,11.084152,Morgan + MACCS + CACTVS + descriptors,acalisib,4+ rings,5.0
11618368,tozadenant,11618368.0,9.67645,9.762014,Morgan + MACCS + CACTVS + descriptors,tozadenant,4+ rings,4.0
11620908,tak-285,11620908.0,10.260054,10.094459,Morgan + MACCS + CACTVS + descriptors,tak-285,4+ rings,4.0
11625520,vu1545,11625520.0,7.5488715,10.740445,Morgan + MACCS + CACTVS + descriptors,vu1545,4+ rings,4.0
11625818,idelalisib,11625818.0,7.5596657,11.098613,Morgan + MACCS + CACTVS + descriptors,idelalisib,4+ rings,5.0
11626560,crizotinib,11626560.0,10.166141,9.80214,Morgan + MACCS + CACTVS + descriptors,crizotinib,4+ rings,4.0
11629084,salvianolic-acid-b,11629084.0,8.856336,4.8592167,Morgan + MACCS + CACTVS + descriptors,salvianolic-acid-b,4+ rings,5.0
1163034,exo-iwr-1,1163034.0,8.17575,10.728732,Morgan + MACCS + CACTVS + descriptors,exo-iwr-1,4+ rings,6.0
11630874,as-252424,11630874.0,8.45874,5.2287717,Morgan + MACCS + CACTVS + descriptors,as-252424,3 rings,3.0
11634155,tetrabenazine,11634155.0,9.214753,6.6879487,Morgan + MACCS + CACTVS + descriptors,tetrabenazine,3 rings,3.0
11634725,vx-11e,11634725.0,7.635803,11.09883,Morgan + MACCS + CACTVS + descriptors,vx-11e,4+ rings,4.0
11635371,bms-587101,11635371.0,7.402188,8.559937,Morgan + MACCS + CACTVS + descriptors,bms-587101,4+ rings,5.0
11642685,ns-5806,11642685.0,7.3208914,10.263845,Morgan + MACCS + CACTVS + descriptors,ns-5806,3 rings,3.0
11644425,cgp-57380,11644425.0,6.7693086,10.618667,Morgan + MACCS + CACTVS + descriptors,cgp-57380,3 rings,3.0
11646777,ly2334737,11646777.0,2.4159374,9.679474,Morgan + MACCS + CACTVS + descriptors,ly2334737,2 rings,2.0
11646823,ctep,11646823.0,9.997633,9.723849,Morgan + MACCS + CACTVS + descriptors,ctep,3 rings,3.0
11647372,zstk-474,11647372.0,6.9203024,10.857921,Morgan + MACCS + CACTVS + descriptors,zstk-474,4+ rings,5.0
11655119,ly2109761,11655119.0,9.794547,10.11595,Morgan + MACCS + CACTVS + descriptors,ly2109761,4+ rings,6.0
11656002,gpbar-a,11656002.0,9.723546,10.20791,Morgan + MACCS + CACTVS + descriptors,gpbar-a,4+ rings,4.0
11656518,raf265,11656518.0,10.020503,9.811618,Morgan + MACCS + CACTVS + descriptors,raf265,4+ rings,5.0
11658655,amitifadine,11658655.0,6.4314895,7.4926553,Morgan + MACCS + CACTVS + descriptors,amitifadine,3 rings,3.0
11664966,trifloxystrobin,11664966.0,7.225924,6.547644,Morgan + MACCS + CACTVS + descriptors,trifloxystrobin,2 rings,2.0
11667240,neuropathiazol,11667240.0,7.800933,10.396106,Morgan + MACCS + CACTVS + descriptors,neuropathiazol,3 rings,3.0
11667893,motesanib,11667893.0,7.720459,11.043583,Morgan + MACCS + CACTVS + descriptors,motesanib,4+ rings,4.0
11671467,fostamatinib,11671467.0,10.246896,10.173403,Morgan + MACCS + CACTVS + descriptors,fostamatinib,4+ rings,4.0
11673921,a-438079,11673921.0,7.0308228,10.176801,Morgan + MACCS + CACTVS + descriptors,a-438079,3 rings,3.0
11675630,m8-b,11675630.0,8.960575,6.7862735,Morgan + MACCS + CACTVS + descriptors,m8-b,3 rings,3.0
11676373,mk-8745,11676373.0,7.6706924,10.5886965,Morgan + MACCS + CACTVS + descriptors,mk-8745,4+ rings,4.0
11676786,az-628,11676786.0,7.328917,8.470302,Morgan + MACCS + CACTVS + descriptors,az-628,4+ rings,4.0
11677589,grapiprant,11677589.0,7.9805264,9.79406,Morgan + MACCS + CACTVS + descriptors,grapiprant,4+ rings,4.0
11681588,pf-670462,11681588.0,6.9381027,10.529574,Morgan + MACCS + CACTVS + descriptors,pf-670462,4+ rings,4.0
11683,megestrol-acetate,11683.0,0.30326205,6.643579,Morgan + MACCS + CACTVS + descriptors,megestrol-acetate,4+ rings,4.0
11683187,pf-3274167,11683187.0,10.13785,9.706145,Morgan + MACCS + CACTVS + descriptors,pf-3274167,4+ rings,4.0
11683556,nelotanserin,11683556.0,9.9488735,10.028316,Morgan + MACCS + CACTVS + descriptors,nelotanserin,3 rings,3.0
11684,hqk-1001,11684.0,0.2716783,8.676202,Morgan + MACCS + CACTVS + descriptors,hqk-1001,0 rings,0.0
11687376,jnj-26990990,11687376.0,8.13856,8.39965,Morgan + MACCS + CACTVS + descriptors,jnj-26990990,2 rings,2.0
11687907,msx-122,11687907.0,6.923507,10.444975,Morgan + MACCS + CACTVS + descriptors,msx-122,3 rings,3.0
11689373,r-1485,11689373.0,8.993483,7.986642,Morgan + MACCS + CACTVS + descriptors,r-1485,4+ rings,4.0
11689883,omecamtiv-mecarbil,11689883.0,7.5828567,10.883085,Morgan + MACCS + CACTVS + descriptors,omecamtiv-mecarbil,3 rings,3.0
11690019,nelociguat,11690019.0,7.1772485,10.831747,Morgan + MACCS + CACTVS + descriptors,nelociguat,4+ rings,4.0
11691242,ji-101,11691242.0,10.181679,10.149453,Morgan + MACCS + CACTVS + descriptors,ji-101,4+ rings,4.0
11691484,apd597,11691484.0,9.313642,9.573836,Morgan + MACCS + CACTVS + descriptors,apd597,3 rings,3.0
11692123,gw-1100,11692123.0,9.649013,10.249349,Morgan + MACCS + CACTVS + descriptors,gw-1100,4+ rings,4.0
11699447,bms-688521,11699447.0,7.772205,11.017227,Morgan + MACCS + CACTVS + descriptors,bms-688521,4+ rings,5.0
11703255,resatorvid,11703255.0,8.284958,8.545191,Morgan + MACCS + CACTVS + descriptors,resatorvid,2 rings,2.0
11703284,r-268712,11703284.0,7.1358037,10.514457,Morgan + MACCS + CACTVS + descriptors,r-268712,4+ rings,4.0
11703589,jnj-27141491,11703589.0,8.435894,9.498158,Morgan + MACCS + CACTVS + descriptors,jnj-27141491,3 rings,3.0
11705608,apd668,11705608.0,9.389821,9.606114,Morgan + MACCS + CACTVS + descriptors,apd668,4+ rings,4.0
11707110,trametinib,11707110.0,7.286374,8.400142,Morgan + MACCS + CACTVS + descriptors,trametinib,4+ rings,5.0
11712625,tg-100572,11712625.0,10.169441,9.909644,Morgan + MACCS + CACTVS + descriptors,tg-100572,4+ rings,5.0
11712649,mln8054,11712649.0,8.476224,10.953965,Morgan + MACCS + CACTVS + descriptors,mln8054,4+ rings,5.0
11715257,bicifadine,11715257.0,6.432332,7.49561,Morgan + MACCS + CACTVS + descriptors,bicifadine,3 rings,3.0
11715767,pha-767491,11715767.0,8.220589,10.844673,Morgan + MACCS + CACTVS + descriptors,pha-767491,3 rings,3.0
11716890,ym-298198-desmethyl,11716890.0,7.6580186,10.598736,Morgan + MACCS + CACTVS + descriptors,ym-298198-desmethyl,4+ rings,4.0
11717001,gdc-0879,11717001.0,7.1780725,10.65718,Morgan + MACCS + CACTVS + descriptors,gdc-0879,4+ rings,4.0
11717831,bay-60-6583,11717831.0,9.643293,9.878498,Morgan + MACCS + CACTVS + descriptors,bay-60-6583,3 rings,3.0
11719003,bvd-523,11719003.0,7.646097,11.000424,Morgan + MACCS + CACTVS + descriptors,bvd-523,3 rings,3.0
11722381,bw-616u,11722381.0,8.116431,8.41893,Morgan + MACCS + CACTVS + descriptors,bw-616u,3 rings,3.0
11735892,2-(3-mercaptopropyl)pentanedioic-acid,11735892.0,0.3258707,8.528763,Morgan + MACCS + CACTVS + descriptors,2-(3-mercaptopropyl)pentanedioic-acid,0 rings,0.0
1174,uracil,1174.0,1.5424641,9.146719,Morgan + MACCS + CACTVS + descriptors,uracil,1 ring,1.0
11749858,pci-24781,11749858.0,9.035163,7.0908384,Morgan + MACCS + CACTVS + descriptors,pci-24781,3 rings,3.0
1175,uric-acid,1175.0,1.5419469,9.143187,Morgan + MACCS + CACTVS + descriptors,uric-acid,2 rings,2.0
11750009,cb-03-01,11750009.0,0.26935446,6.273763,Morgan + MACCS + CACTVS + descriptors,cb-03-01,4+ rings,4.0
11753673,revefenacin,11753673.0,7.3485203,8.223581,Morgan + MACCS + CACTVS + descriptors,revefenacin,4+ rings,5.0
11754511,bx-912,11754511.0,7.2339897,11.072017,Morgan + MACCS + CACTVS + descriptors,bx-912,4+ rings,4.0
1176,urea,1176.0,0.96717477,9.018757,Morgan + MACCS + CACTVS + descriptors,urea,0 rings,0.0
117604931,fezolinetant,117604931.0,7.443578,10.808412,Morgan + MACCS + CACTVS + descriptors,fezolinetant,4+ rings,4.0
11764616,efonidipine,11764616.0,8.408539,7.9653115,Morgan + MACCS + CACTVS + descriptors,efonidipine,4+ rings,5.0
11768995,"2,3-cis/exo-camphanediol",11768995.0,0.06794727,7.472765,Morgan + MACCS + CACTVS + descriptors,"2,3-cis/exo-camphanediol",2 rings,2.0
11771279,mrs-3777,11771279.0,10.16294,9.864529,Morgan + MACCS + CACTVS + descriptors,mrs-3777,4+ rings,4.0
117761397,mavacamten,117761397.0,7.0694966,8.265069,Morgan + MACCS + CACTVS + descriptors,mavacamten,2 rings,2.0
117763569,eltanexor,117763569.0,7.4820294,10.857742,Morgan + MACCS + CACTVS + descriptors,eltanexor,3 rings,3.0
11776383,flosequinan,11776383.0,7.407179,8.410627,Morgan + MACCS + CACTVS + descriptors,flosequinan,2 rings,2.0
117779453,kpt-9274,117779453.0,9.858199,10.01101,Morgan + MACCS + CACTVS + descriptors,kpt-9274,4+ rings,6.0
117817422,vorasidenib,117817422.0,6.9419737,10.222445,Morgan + MACCS + CACTVS + descriptors,vorasidenib,2 rings,2.0
11784736,y-134,11784736.0,8.2640085,7.598768,Morgan + MACCS + CACTVS + descriptors,y-134,4+ rings,5.0
117857370,glpg1837,117857370.0,8.1592655,10.234214,Morgan + MACCS + CACTVS + descriptors,glpg1837,3 rings,3.0
11785878,tc-s-7003,11785878.0,7.5069523,11.086407,Morgan + MACCS + CACTVS + descriptors,tc-s-7003,4+ rings,7.0
11786594,itx5061,11786594.0,9.098472,7.851173,Morgan + MACCS + CACTVS + descriptors,itx5061,4+ rings,4.0
117885113,uprifosbuvir,117885113.0,7.5644374,7.8450737,Morgan + MACCS + CACTVS + descriptors,uprifosbuvir,3 rings,3.0
117909640,ck-101,117909640.0,7.4488683,11.149671,Morgan + MACCS + CACTVS + descriptors,ck-101,4+ rings,5.0
118023034,avapritinib,118023034.0,6.826654,10.754818,Morgan + MACCS + CACTVS + descriptors,avapritinib,4+ rings,6.0
118036971,roblitinib,118036971.0,7.5103636,11.220219,Morgan + MACCS + CACTVS + descriptors,roblitinib,4+ rings,4.0
11805896,anr-94,11805896.0,5.993843,11.405207,Morgan + MACCS + CACTVS + descriptors,anr-94,2 rings,2.0
11806,pamabrom,11806.0,5.739358,11.434349,Morgan + MACCS + CACTVS + descriptors,pamabrom,2 rings,2.0
11808929,ochromycinone,11808929.0,8.086422,5.0667577,Morgan + MACCS + CACTVS + descriptors,ochromycinone,4+ rings,4.0
118115473,pf-06651600,118115473.0,7.193096,11.200613,Morgan + MACCS + CACTVS + descriptors,pf-06651600,3 rings,3.0
118169620,astx660,118169620.0,8.72375,10.529844,Morgan + MACCS + CACTVS + descriptors,astx660,4+ rings,5.0
118184795,epothilone-b,118184795.0,0.59576946,7.4478426,Morgan + MACCS + CACTVS + descriptors,epothilone-b,3 rings,3.0
118196485,bms-986158,118196485.0,9.029546,10.370911,Morgan + MACCS + CACTVS + descriptors,bms-986158,4+ rings,6.0
11820407,"4-phenyl-1,2,3,4-tetrahydroisoquinoline",11820407.0,6.4127083,7.5389147,Morgan + MACCS + CACTVS + descriptors,"4-phenyl-1,2,3,4-tetrahydroisoquinoline",3 rings,3.0
118224238,ca-4948,118224238.0,9.885673,9.927186,Morgan + MACCS + CACTVS + descriptors,ca-4948,4+ rings,5.0
118238298,shp099,118238298.0,7.0169497,10.495301,Morgan + MACCS + CACTVS + descriptors,shp099,3 rings,3.0
11824,toyocamycin,11824.0,6.163338,11.75539,Morgan + MACCS + CACTVS + descriptors,toyocamycin,3 rings,3.0
118253852,azd7986,118253852.0,9.068931,7.2375684,Morgan + MACCS + CACTVS + descriptors,azd7986,4+ rings,4.0
118295624,prn1371,118295624.0,10.268856,10.103594,Morgan + MACCS + CACTVS + descriptors,prn1371,4+ rings,4.0
1183,vanillin,1183.0,8.355761,5.5720983,Morgan + MACCS + CACTVS + descriptors,vanillin,1 ring,1.0
118310260,bay-1436032,118310260.0,9.868011,10.124164,Morgan + MACCS + CACTVS + descriptors,bay-1436032,4+ rings,4.0
11837140,su3327,11837140.0,5.393607,11.0545635,Morgan + MACCS + CACTVS + descriptors,su3327,2 rings,2.0
118414016,pf-06650833,118414016.0,9.676551,10.21137,Morgan + MACCS + CACTVS + descriptors,pf-06650833,3 rings,3.0
118435360,pf-06751979,118435360.0,9.724086,9.81582,Morgan + MACCS + CACTVS + descriptors,pf-06751979,4+ rings,4.0
11844351,wh-4-023,11844351.0,10.338476,10.087069,Morgan + MACCS + CACTVS + descriptors,wh-4-023,4+ rings,5.0
11844916,cg-400549,11844916.0,8.503862,7.5614924,Morgan + MACCS + CACTVS + descriptors,cg-400549,3 rings,3.0
11845944,an2718,11845944.0,7.645139,5.7539907,Morgan + MACCS + CACTVS + descriptors,an2718,2 rings,2.0
11846746,venlafaxine,11846746.0,8.614231,6.576966,Morgan + MACCS + CACTVS + descriptors,venlafaxine,2 rings,2.0
11848206,eln-441958,11848206.0,8.123863,10.575446,Morgan + MACCS + CACTVS + descriptors,eln-441958,4+ rings,6.0
11849514,calhex-231,11849514.0,6.914554,7.700781,Morgan + MACCS + CACTVS + descriptors,calhex-231,4+ rings,4.0
118502708,azd0156,118502708.0,9.781336,10.137678,Morgan + MACCS + CACTVS + descriptors,azd0156,4+ rings,5.0
118512017,pf-06840003,118512017.0,8.260936,10.685093,Morgan + MACCS + CACTVS + descriptors,pf-06840003,3 rings,3.0
118513932,risdiplam,118513932.0,7.278657,11.055178,Morgan + MACCS + CACTVS + descriptors,risdiplam,4+ rings,6.0
11857239,narlaprevir,11857239.0,1.4614087,8.535455,Morgan + MACCS + CACTVS + descriptors,narlaprevir,4+ rings,4.0
118574930,lsz-102,118574930.0,8.475643,5.3286533,Morgan + MACCS + CACTVS + descriptors,lsz-102,4+ rings,4.0
11859211,sulmazole,11859211.0,9.871482,9.595231,Morgan + MACCS + CACTVS + descriptors,sulmazole,3 rings,3.0
118598754,tomivosertib,118598754.0,6.725342,11.261228,Morgan + MACCS + CACTVS + descriptors,tomivosertib,4+ rings,4.0
11862,am-24,11862.0,7.8459783,5.6307116,Morgan + MACCS + CACTVS + descriptors,am-24,1 ring,1.0
118693659,azd5153,118693659.0,10.00096,9.621812,Morgan + MACCS + CACTVS + descriptors,azd5153,4+ rings,5.0
11869379,n-acetylmannosamine,11869379.0,1.4792635,8.250782,Morgan + MACCS + CACTVS + descriptors,n-acetylmannosamine,1 ring,1.0
118704765,emamectin,118704765.0,0.89311016,7.410936,Morgan + MACCS + CACTVS + descriptors,emamectin,4+ rings,7.0
11876263,desoxycorticosterone-pivalate,11876263.0,0.2974294,6.612733,Morgan + MACCS + CACTVS + descriptors,desoxycorticosterone-pivalate,4+ rings,4.0
118869362,bay-1895344,118869362.0,6.945166,10.858304,Morgan + MACCS + CACTVS + descriptors,bay-1895344,4+ rings,5.0
118873253,lxs196,118873253.0,7.4662976,11.116546,Morgan + MACCS + CACTVS + descriptors,lxs196,4+ rings,4.0
118892432,jnj-678,118892432.0,8.004487,9.79663,Morgan + MACCS + CACTVS + descriptors,jnj-678,4+ rings,4.0
118958122,a-485,118958122.0,7.453613,8.17938,Morgan + MACCS + CACTVS + descriptors,a-485,4+ rings,4.0
119029,bw-373u86,119029.0,8.186009,6.9256883,Morgan + MACCS + CACTVS + descriptors,bw-373u86,3 rings,3.0
119031,marimastat,119031.0,1.3427966,8.351765,Morgan + MACCS + CACTVS + descriptors,marimastat,0 rings,0.0
119032,no-asa,119032.0,8.376479,5.4028163,Morgan + MACCS + CACTVS + descriptors,no-asa,2 rings,2.0
119034,asiatic-acid,119034.0,0.373651,7.0182467,Morgan + MACCS + CACTVS + descriptors,asiatic-acid,4+ rings,5.0
119053,7-methoxytacrine,119053.0,9.716497,10.575279,Morgan + MACCS + CACTVS + descriptors,7-methoxytacrine,3 rings,3.0
119081415,thz1-r,119081415.0,7.6656165,11.113214,Morgan + MACCS + CACTVS + descriptors,thz1-r,4+ rings,5.0
11914,mandelic-acid,11914.0,7.1545143,6.1938457,Morgan + MACCS + CACTVS + descriptors,mandelic-acid,1 ring,1.0
119163,sanazole,119163.0,5.212844,11.044339,Morgan + MACCS + CACTVS + descriptors,sanazole,1 ring,1.0
119182,clofarabine,119182.0,6.0896306,11.79541,Morgan + MACCS + CACTVS + descriptors,clofarabine,3 rings,3.0
119192,meclinertant,119192.0,9.681914,10.156916,Morgan + MACCS + CACTVS + descriptors,meclinertant,4+ rings,8.0
119193,hthq,119193.0,8.199137,5.3679605,Morgan + MACCS + CACTVS + descriptors,hthq,1 ring,1.0
119198,eseroline-(-),119198.0,8.232359,6.8197412,Morgan + MACCS + CACTVS + descriptors,eseroline-(-),3 rings,3.0
11923097,lb-100,11923097.0,1.4672745,8.49021,Morgan + MACCS + CACTVS + descriptors,lb-100,3 rings,3.0
119245,dioscin,119245.0,0.7413213,7.1818075,Morgan + MACCS + CACTVS + descriptors,dioscin,4+ rings,9.0
119258,astilbin,119258.0,8.920522,4.818791,Morgan + MACCS + CACTVS + descriptors,astilbin,4+ rings,4.0
119349,fantofarone,119349.0,9.250961,9.778152,Morgan + MACCS + CACTVS + descriptors,fantofarone,4+ rings,4.0
119368,foropafant,119368.0,7.2992764,10.235757,Morgan + MACCS + CACTVS + descriptors,foropafant,3 rings,3.0
119373,elacridar,119373.0,9.184906,7.338929,Morgan + MACCS + CACTVS + descriptors,elacridar,4+ rings,6.0
119376,gr-113808,119376.0,8.703422,10.0202675,Morgan + MACCS + CACTVS + descriptors,gr-113808,3 rings,3.0
119420,tauroglycocholate,119420.0,0.19429308,7.3607073,Morgan + MACCS + CACTVS + descriptors,tauroglycocholate,4+ rings,4.0
119461,ah6809,119461.0,8.4725065,5.067054,Morgan + MACCS + CACTVS + descriptors,ah6809,3 rings,3.0
11949547,mizoribine,11949547.0,2.3533876,9.603182,Morgan + MACCS + CACTVS + descriptors,mizoribine,2 rings,2.0
11949646,empagliflozin,11949646.0,8.872905,5.100937,Morgan + MACCS + CACTVS + descriptors,empagliflozin,4+ rings,4.0
11949652,teneligliptin,11949652.0,7.4580064,10.665019,Morgan + MACCS + CACTVS + descriptors,teneligliptin,4+ rings,5.0
11950170,kd025,11950170.0,10.168852,9.906303,Morgan + MACCS + CACTVS + descriptors,kd025,4+ rings,5.0
11950726,mk-0773,11950726.0,7.5046015,11.1101055,Morgan + MACCS + CACTVS + descriptors,mk-0773,4+ rings,6.0
11953153,gemigliptin,11953153.0,7.227913,11.231081,Morgan + MACCS + CACTVS + descriptors,gemigliptin,3 rings,3.0
11953346,km-0118,11953346.0,8.744175,6.7755218,Morgan + MACCS + CACTVS + descriptors,km-0118,4+ rings,5.0
11955716,at13387,11955716.0,8.89496,7.003949,Morgan + MACCS + CACTVS + descriptors,at13387,4+ rings,4.0
11955855,ly2603618,11955855.0,10.064447,10.148545,Morgan + MACCS + CACTVS + descriptors,ly2603618,3 rings,3.0
119570,pramipexole,119570.0,5.763692,10.98822,Morgan + MACCS + CACTVS + descriptors,pramipexole,2 rings,2.0
11957548,efaroxan,11957548.0,8.836457,6.468654,Morgan + MACCS + CACTVS + descriptors,efaroxan,3 rings,3.0
11957647,c106,11957647.0,8.875662,10.647355,Morgan + MACCS + CACTVS + descriptors,c106,4+ rings,4.0
11957706,skf-81297,11957706.0,8.21181,6.5706577,Morgan + MACCS + CACTVS + descriptors,skf-81297,3 rings,3.0
11960271,apto-253,11960271.0,6.9208765,10.540093,Morgan + MACCS + CACTVS + descriptors,apto-253,4+ rings,6.0
11960529,veliparib,11960529.0,7.722106,10.90457,Morgan + MACCS + CACTVS + descriptors,veliparib,3 rings,3.0
119607,valdecoxib,119607.0,8.630038,9.090529,Morgan + MACCS + CACTVS + descriptors,valdecoxib,3 rings,3.0
11962412,cenobamate,11962412.0,7.3194647,9.347097,Morgan + MACCS + CACTVS + descriptors,cenobamate,2 rings,2.0
11965427,lifitegrast,11965427.0,9.098642,7.755526,Morgan + MACCS + CACTVS + descriptors,lifitegrast,4+ rings,5.0
11965767,azd8797,11965767.0,7.261198,10.53109,Morgan + MACCS + CACTVS + descriptors,azd8797,3 rings,3.0
11967282,vinflunine,11967282.0,9.355343,10.302322,Morgan + MACCS + CACTVS + descriptors,vinflunine,4+ rings,9.0
11973736,tg-100801,11973736.0,10.078853,9.926334,Morgan + MACCS + CACTVS + descriptors,tg-100801,4+ rings,6.0
11977753,nvp-bez235,11977753.0,7.808505,10.768534,Morgan + MACCS + CACTVS + descriptors,nvp-bez235,4+ rings,6.0
11978790,bgt226,11978790.0,9.963958,10.133238,Morgan + MACCS + CACTVS + descriptors,bgt226,4+ rings,6.0
11978813,brexpiprazole,11978813.0,8.969446,7.430134,Morgan + MACCS + CACTVS + descriptors,brexpiprazole,4+ rings,5.0
119828,parecoxib,119828.0,8.655207,9.102071,Morgan + MACCS + CACTVS + descriptors,parecoxib,3 rings,3.0
11984561,th-302,11984561.0,5.2671022,11.059193,Morgan + MACCS + CACTVS + descriptors,th-302,1 ring,1.0
11998180,ns-9283,11998180.0,7.7948384,10.929389,Morgan + MACCS + CACTVS + descriptors,ns-9283,3 rings,3.0
12000240,emricasan,12000240.0,8.6758175,7.091794,Morgan + MACCS + CACTVS + descriptors,emricasan,2 rings,2.0
12004146,lorediplon,12004146.0,7.4822307,10.840523,Morgan + MACCS + CACTVS + descriptors,lorediplon,4+ rings,4.0
12004316,psi-697,12004316.0,9.014303,10.694312,Morgan + MACCS + CACTVS + descriptors,psi-697,4+ rings,4.0
12004512,gedunin,12004512.0,8.20782,4.9080496,Morgan + MACCS + CACTVS + descriptors,gedunin,4+ rings,6.0
12015870,fumagillin,12015870.0,0.5292731,7.471646,Morgan + MACCS + CACTVS + descriptors,fumagillin,3 rings,3.0
12018336,desvenlafaxine,12018336.0,8.117166,6.758453,Morgan + MACCS + CACTVS + descriptors,desvenlafaxine,2 rings,2.0
12035,acetylcysteine,12035.0,1.2589555,8.471106,Morgan + MACCS + CACTVS + descriptors,acetylcysteine,0 rings,0.0
12044976,lenalidomide,12044976.0,7.1916003,8.303976,Morgan + MACCS + CACTVS + descriptors,lenalidomide,3 rings,3.0
1204893,cay10505,1204893.0,8.611232,6.114845,Morgan + MACCS + CACTVS + descriptors,cay10505,3 rings,3.0
12124,metacetamol,12124.0,8.178667,7.4944625,Morgan + MACCS + CACTVS + descriptors,metacetamol,1 ring,1.0
121249291,ly3200882,121249291.0,10.104343,9.888697,Morgan + MACCS + CACTVS + descriptors,ly3200882,4+ rings,5.0
121269225,lazertinib,121269225.0,10.25394,9.981357,Morgan + MACCS + CACTVS + descriptors,lazertinib,4+ rings,5.0
121293929,bms-986195,121293929.0,8.211913,10.620715,Morgan + MACCS + CACTVS + descriptors,bms-986195,3 rings,3.0
121299620,bt-11,121299620.0,7.534787,11.054934,Morgan + MACCS + CACTVS + descriptors,bt-11,4+ rings,7.0
12132,bendazol,12132.0,7.0871434,10.471799,Morgan + MACCS + CACTVS + descriptors,bendazol,3 rings,3.0
121333423,ly3295668,121333423.0,7.265912,10.884179,Morgan + MACCS + CACTVS + descriptors,ly3295668,4+ rings,4.0
12136798,tucidinostat,12136798.0,8.160349,11.043238,Morgan + MACCS + CACTVS + descriptors,tucidinostat,3 rings,3.0
121396,carglumic-acid,121396.0,1.2262475,8.503872,Morgan + MACCS + CACTVS + descriptors,carglumic-acid,0 rings,0.0
121398766,pdd-00017273,121398766.0,8.106038,9.909031,Morgan + MACCS + CACTVS + descriptors,pdd-00017273,4+ rings,5.0
121408882,ly3214996,121408882.0,7.5727215,10.68457,Morgan + MACCS + CACTVS + descriptors,ly3214996,4+ rings,5.0
12147323,biperiden,12147323.0,7.475546,7.0285125,Morgan + MACCS + CACTVS + descriptors,biperiden,4+ rings,4.0
121488167,atuveciclib,121488167.0,9.258676,9.587466,Morgan + MACCS + CACTVS + descriptors,atuveciclib,3 rings,3.0
121489720,darolutamide,121489720.0,8.269221,10.1580925,Morgan + MACCS + CACTVS + descriptors,darolutamide,3 rings,3.0
121513876,gs-143,121513876.0,9.155887,9.705196,Morgan + MACCS + CACTVS + descriptors,gs-143,4+ rings,5.0
121750,wr99210,121750.0,8.641619,6.1378508,Morgan + MACCS + CACTVS + descriptors,wr99210,2 rings,2.0
12179892,xibenolol,12179892.0,8.793,6.2094827,Morgan + MACCS + CACTVS + descriptors,xibenolol,1 ring,1.0
121841,gadoterate-meglumine,121841.0,1.320103,8.870447,Morgan + MACCS + CACTVS + descriptors,gadoterate-meglumine,1 ring,1.0
121846,"chromanol-293b-(-)-[3r,4s]",121846.0,8.965873,7.4962125,Morgan + MACCS + CACTVS + descriptors,"chromanol-293b-(-)-[3r,4s]",2 rings,2.0
121871,medica-16,121871.0,0.38337862,8.33678,Morgan + MACCS + CACTVS + descriptors,medica-16,0 rings,0.0
121877,zd-7114,121877.0,8.780821,6.4316463,Morgan + MACCS + CACTVS + descriptors,zd-7114,2 rings,2.0
121878,y-26763,121878.0,8.824762,6.322152,Morgan + MACCS + CACTVS + descriptors,y-26763,2 rings,2.0
121891,mitiglinide,121891.0,7.1996584,7.566509,Morgan + MACCS + CACTVS + descriptors,mitiglinide,3 rings,3.0
1219187,ml213,1219187.0,7.1267786,8.2137165,Morgan + MACCS + CACTVS + descriptors,ml213,3 rings,3.0
121926,zk-93423,121926.0,9.293567,10.399508,Morgan + MACCS + CACTVS + descriptors,zk-93423,4+ rings,4.0
121928,amiprilose,121928.0,0.84217733,8.626726,Morgan + MACCS + CACTVS + descriptors,amiprilose,2 rings,2.0
122023,ly255283,122023.0,8.4555,5.4013643,Morgan + MACCS + CACTVS + descriptors,ly255283,2 rings,2.0
122028,pd-81723,122028.0,7.343836,7.975647,Morgan + MACCS + CACTVS + descriptors,pd-81723,2 rings,2.0
122070,l-655240,122070.0,8.505107,10.2919035,Morgan + MACCS + CACTVS + descriptors,l-655240,3 rings,3.0
122077,sr-27897,122077.0,7.9555054,10.233944,Morgan + MACCS + CACTVS + descriptors,sr-27897,4+ rings,4.0
122121,phytosphingosine,122121.0,0.7564338,8.5230875,Morgan + MACCS + CACTVS + descriptors,phytosphingosine,0 rings,0.0
122130,ym-022,122130.0,7.315841,8.492532,Morgan + MACCS + CACTVS + descriptors,ym-022,4+ rings,5.0
122162,luzindole,122162.0,8.1973505,10.500472,Morgan + MACCS + CACTVS + descriptors,luzindole,3 rings,3.0
122197581,s63845,122197581.0,9.709604,9.879898,Morgan + MACCS + CACTVS + descriptors,s63845,4+ rings,7.0
12224034,trimethoquinol,12224034.0,8.965977,6.4736767,Morgan + MACCS + CACTVS + descriptors,trimethoquinol,3 rings,3.0
122262,piperaquine-phosphate,122262.0,7.3326087,10.301612,Morgan + MACCS + CACTVS + descriptors,piperaquine-phosphate,4+ rings,6.0
122265,ici-169369,122265.0,7.5426664,10.21273,Morgan + MACCS + CACTVS + descriptors,ici-169369,3 rings,3.0
12226596,viloxazine,12226596.0,8.859818,6.408048,Morgan + MACCS + CACTVS + descriptors,viloxazine,2 rings,2.0
122272,bms-182874,122272.0,8.559418,9.20513,Morgan + MACCS + CACTVS + descriptors,bms-182874,3 rings,3.0
122282,mebicar,122282.0,1.4565185,9.102979,Morgan + MACCS + CACTVS + descriptors,mebicar,2 rings,2.0
122327,ci-976,122327.0,8.683851,7.0260453,Morgan + MACCS + CACTVS + descriptors,ci-976,1 ring,1.0
122334,aj76-(+),122334.0,8.880004,6.451848,Morgan + MACCS + CACTVS + descriptors,aj76-(+),2 rings,2.0
122335,efaproxiral,122335.0,8.628044,7.16748,Morgan + MACCS + CACTVS + descriptors,efaproxiral,2 rings,2.0
12234986,hydroxyamphetamine,12234986.0,8.038286,6.3941545,Morgan + MACCS + CACTVS + descriptors,hydroxyamphetamine,1 ring,1.0
122412734,amcasertib,122412734.0,8.115292,10.346892,Morgan + MACCS + CACTVS + descriptors,amcasertib,4+ rings,5.0
122507647,cm-4620,122507647.0,9.961034,10.228309,Morgan + MACCS + CACTVS + descriptors,cm-4620,4+ rings,4.0
122536283,pat-1251,122536283.0,9.579304,10.094229,Morgan + MACCS + CACTVS + descriptors,pat-1251,3 rings,3.0
122594832,emodepside,122594832.0,7.4273725,7.9164934,Morgan + MACCS + CACTVS + descriptors,emodepside,4+ rings,5.0
12304727,iopanic-acid,12304727.0,7.727409,7.539335,Morgan + MACCS + CACTVS + descriptors,iopanic-acid,1 ring,1.0
12305761,aloin,12305761.0,8.914884,4.8741226,Morgan + MACCS + CACTVS + descriptors,aloin,4+ rings,4.0
12309469,methyclothiazide,12309469.0,8.349624,8.812845,Morgan + MACCS + CACTVS + descriptors,methyclothiazide,2 rings,2.0
12309784,ethotoin,12309784.0,7.0537567,7.9151278,Morgan + MACCS + CACTVS + descriptors,ethotoin,2 rings,2.0
123132228,eed226,123132228.0,9.493228,9.58611,Morgan + MACCS + CACTVS + descriptors,eed226,4+ rings,4.0
1234,gallopamil,1234.0,9.178624,6.6062193,Morgan + MACCS + CACTVS + descriptors,gallopamil,2 rings,2.0
1235170,tcs-pim-1-1,1235170.0,8.155378,7.243104,Morgan + MACCS + CACTVS + descriptors,tcs-pim-1-1,3 rings,3.0
12358970,malathion,12358970.0,0.42189533,8.695893,Morgan + MACCS + CACTVS + descriptors,malathion,0 rings,0.0
123600,levalbuterol,123600.0,8.083239,6.47193,Morgan + MACCS + CACTVS + descriptors,levalbuterol,1 ring,1.0
123606,almotriptan,123606.0,8.097338,9.851903,Morgan + MACCS + CACTVS + descriptors,almotriptan,3 rings,3.0
123618,tecastemizole,123618.0,7.014,10.720886,Morgan + MACCS + CACTVS + descriptors,tecastemizole,4+ rings,4.0
123619,etoricoxib,123619.0,8.178795,9.600349,Morgan + MACCS + CACTVS + descriptors,etoricoxib,3 rings,3.0
123630,tazobactam,123630.0,1.8901507,8.460207,Morgan + MACCS + CACTVS + descriptors,tazobactam,3 rings,3.0
123631,gefitinib,123631.0,10.511457,10.370317,Morgan + MACCS + CACTVS + descriptors,gefitinib,4+ rings,4.0
123664,loxistatin-acid,123664.0,1.382059,8.314884,Morgan + MACCS + CACTVS + descriptors,loxistatin-acid,1 ring,1.0
123683,ib-meca,123683.0,6.4873543,11.558879,Morgan + MACCS + CACTVS + descriptors,ib-meca,4+ rings,4.0
123692,cs-110266,123692.0,6.485122,7.865137,Morgan + MACCS + CACTVS + descriptors,cs-110266,4+ rings,4.0
123723,veliflapon,123723.0,9.385429,10.573833,Morgan + MACCS + CACTVS + descriptors,veliflapon,4+ rings,4.0
123807,2-chloro-n6-cyclopentyladenosine,123807.0,6.0804887,11.786187,Morgan + MACCS + CACTVS + descriptors,2-chloro-n6-cyclopentyladenosine,4+ rings,4.0
123810,omega-(4-iodophenyl)pentadecanoic-acid,123810.0,7.0889354,6.207259,Morgan + MACCS + CACTVS + descriptors,omega-(4-iodophenyl)pentadecanoic-acid,1 ring,1.0
123831,asymmetrical-dimethylarginine,123831.0,1.1719931,8.547942,Morgan + MACCS + CACTVS + descriptors,asymmetrical-dimethylarginine,0 rings,0.0
123869,meldonium,123869.0,1.2351726,9.679714,Morgan + MACCS + CACTVS + descriptors,meldonium,0 rings,0.0
123879,ramatroban,123879.0,8.304453,9.8458395,Morgan + MACCS + CACTVS + descriptors,ramatroban,4+ rings,4.0
123924,snc-80,123924.0,9.052031,6.950119,Morgan + MACCS + CACTVS + descriptors,snc-80,3 rings,3.0
123964,asa-404,123964.0,8.436057,5.1032686,Morgan + MACCS + CACTVS + descriptors,asa-404,3 rings,3.0
123984,zd-7288,123984.0,6.7534456,8.538784,Morgan + MACCS + CACTVS + descriptors,zd-7288,2 rings,2.0
123985,e-64,123985.0,1.3556794,8.303309,Morgan + MACCS + CACTVS + descriptors,e-64,1 ring,1.0
124007,cp-93129,124007.0,8.128981,10.79787,Morgan + MACCS + CACTVS + descriptors,cp-93129,3 rings,3.0
124081876,baloxavir,124081876.0,7.325325,8.188768,Morgan + MACCS + CACTVS + descriptors,baloxavir,4+ rings,6.0
124081896,baloxavir-marboxil,124081896.0,7.3203106,8.289181,Morgan + MACCS + CACTVS + descriptors,baloxavir-marboxil,4+ rings,6.0
124087,desloratadine,124087.0,7.26727,10.251497,Morgan + MACCS + CACTVS + descriptors,desloratadine,4+ rings,4.0
124126348,cintirorgon,124126348.0,8.968627,8.044679,Morgan + MACCS + CACTVS + descriptors,cintirorgon,4+ rings,4.0
124155204,azd4573,124155204.0,7.358754,10.894199,Morgan + MACCS + CACTVS + descriptors,azd4573,4+ rings,4.0
124172,sc-9,124172.0,8.211136,8.482559,Morgan + MACCS + CACTVS + descriptors,sc-9,3 rings,3.0
124173720,gdc-0077,124173720.0,9.9235325,9.975592,Morgan + MACCS + CACTVS + descriptors,gdc-0077,4+ rings,4.0
124201618,dalfopristin,124201618.0,1.93602,8.250994,Morgan + MACCS + CACTVS + descriptors,dalfopristin,3 rings,3.0
124202159,streptozotocin,124202159.0,1.5415896,8.34347,Morgan + MACCS + CACTVS + descriptors,streptozotocin,1 ring,1.0
124202178,semustine,124202178.0,1.2050184,8.875849,Morgan + MACCS + CACTVS + descriptors,semustine,1 ring,1.0
124246,iguratimod,124246.0,8.978875,8.019136,Morgan + MACCS + CACTVS + descriptors,iguratimod,3 rings,3.0
12428581,pinacidil,12428581.0,6.9379716,10.16913,Morgan + MACCS + CACTVS + descriptors,pinacidil,1 ring,1.0
124334,pit,124334.0,8.278473,10.95289,Morgan + MACCS + CACTVS + descriptors,pit,3 rings,3.0
124386386,cpa-inhibitor,124386386.0,7.2516174,7.3499613,Morgan + MACCS + CACTVS + descriptors,cpa-inhibitor,2 rings,2.0
124424929,lp-533401,124424929.0,9.989818,10.228799,Morgan + MACCS + CACTVS + descriptors,lp-533401,4+ rings,4.0
12444480,trichlormethiazide,12444480.0,8.3357935,8.8071995,Morgan + MACCS + CACTVS + descriptors,trichlormethiazide,2 rings,2.0
12448,basic-fuchsin,12448.0,6.7264395,8.581856,Morgan + MACCS + CACTVS + descriptors,basic-fuchsin,3 rings,3.0
124484332,tibolone,124484332.0,0.03157561,6.8144994,Morgan + MACCS + CACTVS + descriptors,tibolone,4+ rings,4.0
12450,brilliant-green,12450.0,6.4675236,8.446592,Morgan + MACCS + CACTVS + descriptors,brilliant-green,3 rings,3.0
124518153,ertapenem,124518153.0,3.7313993,7.9483542,Morgan + MACCS + CACTVS + descriptors,ertapenem,4+ rings,4.0
124581813,agn-192403,124581813.0,0.94372684,9.274684,Morgan + MACCS + CACTVS + descriptors,agn-192403,2 rings,2.0
124583908,gdc-0994,124583908.0,7.3789406,10.84933,Morgan + MACCS + CACTVS + descriptors,gdc-0994,4+ rings,4.0
124605168,bruceantin,124605168.0,0.60431606,7.274824,Morgan + MACCS + CACTVS + descriptors,bruceantin,4+ rings,5.0
12463921,clorprenaline,12463921.0,7.9360557,6.527945,Morgan + MACCS + CACTVS + descriptors,clorprenaline,1 ring,1.0
124761,dotmp,124761.0,1.1108488,8.890112,Morgan + MACCS + CACTVS + descriptors,dotmp,1 ring,1.0
12478,trimetozine,12478.0,9.209059,6.6829104,Morgan + MACCS + CACTVS + descriptors,trimetozine,2 rings,2.0
124870683,arv-825,124870683.0,9.73736,9.895632,Morgan + MACCS + CACTVS + descriptors,arv-825,4+ rings,8.0
12492,clopamide,12492.0,8.224348,8.518726,Morgan + MACCS + CACTVS + descriptors,clopamide,2 rings,2.0
12518181,"2,3-cis/exo-pinanediol",12518181.0,0.058728125,7.455323,Morgan + MACCS + CACTVS + descriptors,"2,3-cis/exo-pinanediol",3 rings,3.0
125516,miridesap,125516.0,1.5163946,8.571254,Morgan + MACCS + CACTVS + descriptors,miridesap,2 rings,2.0
12555,benzydamine,12555.0,9.457088,10.105516,Morgan + MACCS + CACTVS + descriptors,benzydamine,3 rings,3.0
125564,blonanserin,125564.0,6.9323854,10.542725,Morgan + MACCS + CACTVS + descriptors,blonanserin,4+ rings,4.0
125782,sodium-tanshinone-ii-a-sulfonate,125782.0,8.2580595,5.0207715,Morgan + MACCS + CACTVS + descriptors,sodium-tanshinone-ii-a-sulfonate,4+ rings,4.0
12594,dehydroepiandrosterone-sulfate,12594.0,0.13409628,6.7126846,Morgan + MACCS + CACTVS + descriptors,dehydroepiandrosterone-sulfate,4+ rings,4.0
12597,isosorbide,12597.0,0.08677931,8.801837,Morgan + MACCS + CACTVS + descriptors,isosorbide,2 rings,2.0
12598931,indapamide,12598931.0,8.292074,8.729732,Morgan + MACCS + CACTVS + descriptors,indapamide,3 rings,3.0
12606305,tropesin,12606305.0,9.182363,10.154466,Morgan + MACCS + CACTVS + descriptors,tropesin,4+ rings,4.0
12617361,cypermethrin,12617361.0,8.417167,5.550765,Morgan + MACCS + CACTVS + descriptors,cypermethrin,3 rings,3.0
1261822,ml193,1261822.0,8.49251,9.658142,Morgan + MACCS + CACTVS + descriptors,ml193,4+ rings,5.0
12620,docosanol,12620.0,0.47477123,8.4798355,Morgan + MACCS + CACTVS + descriptors,docosanol,0 rings,0.0
126280,indatraline,126280.0,6.4448113,7.4353166,Morgan + MACCS + CACTVS + descriptors,indatraline,3 rings,3.0
126388,bd-1008,126388.0,6.6039557,7.757,Morgan + MACCS + CACTVS + descriptors,bd-1008,2 rings,2.0
126402,pre-084,126402.0,7.231175,6.836183,Morgan + MACCS + CACTVS + descriptors,pre-084,3 rings,3.0
126437,furamidine,126437.0,8.584865,6.209103,Morgan + MACCS + CACTVS + descriptors,furamidine,3 rings,3.0
126637809,jnj-64619178,126637809.0,6.6349897,11.387254,Morgan + MACCS + CACTVS + descriptors,jnj-64619178,4+ rings,5.0
126688,amthamine,126688.0,5.7439623,10.974915,Morgan + MACCS + CACTVS + descriptors,amthamine,1 ring,1.0
126689157,azd1390,126689157.0,9.818401,10.156626,Morgan + MACCS + CACTVS + descriptors,azd1390,4+ rings,5.0
126769,sb-200646,126769.0,7.8926363,10.668166,Morgan + MACCS + CACTVS + descriptors,sb-200646,3 rings,3.0
126941,methotrexate,126941.0,7.5994043,11.3186655,Morgan + MACCS + CACTVS + descriptors,methotrexate,3 rings,3.0
1269845,2-thiouracil,1269845.0,1.5323231,9.148071,Morgan + MACCS + CACTVS + descriptors,2-thiouracil,1 ring,1.0
127019,bms-649,127019.0,7.1755085,5.9898343,Morgan + MACCS + CACTVS + descriptors,bms-649,4+ rings,4.0
1271002,10058-f4,1271002.0,6.9650116,7.7338347,Morgan + MACCS + CACTVS + descriptors,10058-f4,2 rings,2.0
12714644,dapansutrile,12714644.0,0.5767064,9.012884,Morgan + MACCS + CACTVS + descriptors,dapansutrile,0 rings,0.0
127151,reboxetine,127151.0,8.861431,6.4897137,Morgan + MACCS + CACTVS + descriptors,reboxetine,3 rings,3.0
127382,ro-19-4605,127382.0,7.8611164,11.062839,Morgan + MACCS + CACTVS + descriptors,ro-19-4605,3 rings,3.0
1273944,aceclidine,1273944.0,1.1861707,8.998956,Morgan + MACCS + CACTVS + descriptors,aceclidine,3 rings,3.0
12749,2-methylimidazole,12749.0,5.6928916,11.105186,Morgan + MACCS + CACTVS + descriptors,2-methylimidazole,1 ring,1.0
12761153,dcpib,12761153.0,8.29563,5.271506,Morgan + MACCS + CACTVS + descriptors,dcpib,3 rings,3.0
12765746,clorotepine,12765746.0,6.5078697,7.862236,Morgan + MACCS + CACTVS + descriptors,clorotepine,4+ rings,4.0
12769724,3-deazaadenosine,12769724.0,6.304717,11.681681,Morgan + MACCS + CACTVS + descriptors,3-deazaadenosine,3 rings,3.0
127861,bmy-45778,127861.0,9.309315,10.022141,Morgan + MACCS + CACTVS + descriptors,bmy-45778,4+ rings,5.0
127894,ly215490,127894.0,1.2345552,8.589554,Morgan + MACCS + CACTVS + descriptors,ly215490,3 rings,3.0
127898,n-[2-(piperidinylamino)ethyl]-4-iodobenzamide,127898.0,6.937909,7.755432,Morgan + MACCS + CACTVS + descriptors,n-[2-(piperidinylamino)ethyl]-4-iodobenzamide,2 rings,2.0
127902,2-[1-(4-piperonyl)piperazinyl]benzothiazole,127902.0,10.052529,9.857959,Morgan + MACCS + CACTVS + descriptors,2-[1-(4-piperonyl)piperazinyl]benzothiazole,4+ rings,5.0
127951,rs-45041-190,127951.0,6.427012,7.8963523,Morgan + MACCS + CACTVS + descriptors,rs-45041-190,3 rings,3.0
12797283,arotinolol,12797283.0,7.967372,10.199609,Morgan + MACCS + CACTVS + descriptors,arotinolol,2 rings,2.0
128019,sdz-220-581,128019.0,7.372309,7.11545,Morgan + MACCS + CACTVS + descriptors,sdz-220-581,2 rings,2.0
128268,fpl-62064,128268.0,9.978016,9.839159,Morgan + MACCS + CACTVS + descriptors,fpl-62064,3 rings,3.0
12831281,azelastine,12831281.0,7.0781317,8.147171,Morgan + MACCS + CACTVS + descriptors,azelastine,4+ rings,4.0
128355,sr-2640,128355.0,9.23788,10.566826,Morgan + MACCS + CACTVS + descriptors,sr-2640,4+ rings,4.0
128563,salvinorin-a,128563.0,8.226649,4.938587,Morgan + MACCS + CACTVS + descriptors,salvinorin-a,4+ rings,4.0
128618,beta-ccb,128618.0,8.728367,10.57794,Morgan + MACCS + CACTVS + descriptors,beta-ccb,3 rings,3.0
12866829,idazoxan,12866829.0,8.910774,6.4644866,Morgan + MACCS + CACTVS + descriptors,idazoxan,3 rings,3.0
12874922,tribenoside,12874922.0,8.839202,5.023147,Morgan + MACCS + CACTVS + descriptors,tribenoside,4+ rings,4.0
12876371,cephradine,12876371.0,2.1255786,8.251192,Morgan + MACCS + CACTVS + descriptors,cephradine,3 rings,3.0
12876779,polythiazide,12876779.0,8.349625,8.811756,Morgan + MACCS + CACTVS + descriptors,polythiazide,2 rings,2.0
12877824,carbenicillin,12877824.0,3.7568748,7.9390635,Morgan + MACCS + CACTVS + descriptors,carbenicillin,3 rings,3.0
128784,"1,3-dipropyl-8-phenylxanthine",128784.0,7.4753056,11.143674,Morgan + MACCS + CACTVS + descriptors,"1,3-dipropyl-8-phenylxanthine",3 rings,3.0
128853,delphinidin,128853.0,8.584416,4.877887,Morgan + MACCS + CACTVS + descriptors,delphinidin,3 rings,3.0
128919,xaliproden,128919.0,6.512838,7.662633,Morgan + MACCS + CACTVS + descriptors,xaliproden,4+ rings,4.0
12894,sulfamoxole,12894.0,8.487741,9.367859,Morgan + MACCS + CACTVS + descriptors,sulfamoxole,2 rings,2.0
12898282,naftidrofuryl,12898282.0,7.2249694,6.7892003,Morgan + MACCS + CACTVS + descriptors,naftidrofuryl,3 rings,3.0
129009868,tofisopam,129009868.0,8.859483,6.4614053,Morgan + MACCS + CACTVS + descriptors,tofisopam,3 rings,3.0
129009887,sodium-nitrite,129009887.0,0.65253204,9.129666,Morgan + MACCS + CACTVS + descriptors,sodium-nitrite,0 rings,0.0
129009938,lomustine,129009938.0,1.1965535,8.933346,Morgan + MACCS + CACTVS + descriptors,lomustine,1 ring,1.0
129009979,nimustine,129009979.0,6.007253,11.269976,Morgan + MACCS + CACTVS + descriptors,nimustine,1 ring,1.0
129010055,amyl-nitrite,129010055.0,0.53414,8.830341,Morgan + MACCS + CACTVS + descriptors,amyl-nitrite,0 rings,0.0
129010056,l-mimosine,129010056.0,1.3834487,8.797187,Morgan + MACCS + CACTVS + descriptors,l-mimosine,1 ring,1.0
129010087,beta-hydroxy-beta-methylbutyrate,129010087.0,0.2137935,8.672264,Morgan + MACCS + CACTVS + descriptors,beta-hydroxy-beta-methylbutyrate,0 rings,0.0
129010104,nitrosodimethylurea,129010104.0,1.1174672,8.938066,Morgan + MACCS + CACTVS + descriptors,nitrosodimethylurea,0 rings,0.0
129103609,selitrectinib,129103609.0,7.3175364,10.96476,Morgan + MACCS + CACTVS + descriptors,selitrectinib,4+ rings,5.0
129211,tamsulosin,129211.0,8.981132,7.893195,Morgan + MACCS + CACTVS + descriptors,tamsulosin,2 rings,2.0
129228,rufinamide,129228.0,8.051386,10.689391,Morgan + MACCS + CACTVS + descriptors,rufinamide,2 rings,2.0
129236,cki-7,129236.0,8.165723,9.613695,Morgan + MACCS + CACTVS + descriptors,cki-7,2 rings,2.0
12934390,4-mu-8c,12934390.0,8.438814,5.1262493,Morgan + MACCS + CACTVS + descriptors,4-mu-8c,2 rings,2.0
129348,pco-400,129348.0,8.382445,5.3812985,Morgan + MACCS + CACTVS + descriptors,pco-400,3 rings,3.0
129362181,ac-55541,129362181.0,7.225153,8.198528,Morgan + MACCS + CACTVS + descriptors,ac-55541,4+ rings,4.0
129387808,morphothiadin,129387808.0,7.941692,10.545811,Morgan + MACCS + CACTVS + descriptors,morphothiadin,4+ rings,4.0
129396784,tetracycline,129396784.0,8.236871,6.6706724,Morgan + MACCS + CACTVS + descriptors,tetracycline,4+ rings,4.0
129396801,minocycline,129396801.0,8.462294,7.202947,Morgan + MACCS + CACTVS + descriptors,minocycline,4+ rings,4.0
12940581,oxfendazole,12940581.0,7.61105,10.515562,Morgan + MACCS + CACTVS + descriptors,oxfendazole,3 rings,3.0
12940973,digoxin,12940973.0,0.745684,7.207226,Morgan + MACCS + CACTVS + descriptors,digoxin,4+ rings,8.0
129424,i-bza,129424.0,7.059153,7.6585975,Morgan + MACCS + CACTVS + descriptors,i-bza,1 ring,1.0
12947,hydroxychloroquine,12947.0,7.4379125,10.306257,Morgan + MACCS + CACTVS + descriptors,hydroxychloroquine,2 rings,2.0
129687,e-2001,129687.0,6.9825296,7.792817,Morgan + MACCS + CACTVS + descriptors,e-2001,4+ rings,4.0
129856537,bismuth-subcitrate-potassium,129856537.0,0.052433793,8.742857,Morgan + MACCS + CACTVS + descriptors,bismuth-subcitrate-potassium,1 ring,1.0
129869,atiprimod,129869.0,1.0053244,9.291459,Morgan + MACCS + CACTVS + descriptors,atiprimod,2 rings,2.0
129924149,3-bromopyruvate,129924149.0,0.30333748,8.643,Morgan + MACCS + CACTVS + descriptors,3-bromopyruvate,0 rings,0.0
129989,aq-ra741,129989.0,7.554068,11.198797,Morgan + MACCS + CACTVS + descriptors,aq-ra741,4+ rings,4.0
130021,sgs-742,130021.0,0.8959457,9.051062,Morgan + MACCS + CACTVS + descriptors,sgs-742,0 rings,0.0
130178,ci-953,130178.0,7.627927,10.628535,Morgan + MACCS + CACTVS + descriptors,ci-953,2 rings,2.0
13023331,carazolol,13023331.0,9.459528,10.567985,Morgan + MACCS + CACTVS + descriptors,carazolol,3 rings,3.0
130313,sulbactam,130313.0,1.653903,8.496866,Morgan + MACCS + CACTVS + descriptors,sulbactam,2 rings,2.0
130406582,eluxadoline,130406582.0,9.819989,10.129478,Morgan + MACCS + CACTVS + descriptors,eluxadoline,4+ rings,4.0
13049027,loxoprofen,13049027.0,7.122183,6.155608,Morgan + MACCS + CACTVS + descriptors,loxoprofen,2 rings,2.0
130611,kifunensine,130611.0,2.0597715,9.276184,Morgan + MACCS + CACTVS + descriptors,kifunensine,2 rings,2.0
13086,ameltolide,13086.0,7.4710574,8.188467,Morgan + MACCS + CACTVS + descriptors,ameltolide,2 rings,2.0
130881,olmesartan-medoxomil,130881.0,7.818681,11.2413225,Morgan + MACCS + CACTVS + descriptors,olmesartan-medoxomil,4+ rings,5.0
130904,ulipristal,130904.0,0.33111748,6.6415296,Morgan + MACCS + CACTVS + descriptors,ulipristal,4+ rings,5.0
130918,adatanserin,130918.0,7.0235987,11.23882,Morgan + MACCS + CACTVS + descriptors,adatanserin,4+ rings,6.0
130956,minodronic-acid,130956.0,6.90981,10.769525,Morgan + MACCS + CACTVS + descriptors,minodronic-acid,2 rings,2.0
13109,levonorgestrel,13109.0,0.08726739,6.783684,Morgan + MACCS + CACTVS + descriptors,levonorgestrel,4+ rings,4.0
131204,dexpanthenol,131204.0,1.3249353,8.384889,Morgan + MACCS + CACTVS + descriptors,dexpanthenol,0 rings,0.0
131536,fosamprenavir,131536.0,8.3452835,8.44847,Morgan + MACCS + CACTVS + descriptors,fosamprenavir,3 rings,3.0
131601,ibrolipim,131601.0,7.600251,8.08797,Morgan + MACCS + CACTVS + descriptors,ibrolipim,2 rings,2.0
131634633,ecamsule-triethanolamine,131634633.0,7.0487866,6.241426,Morgan + MACCS + CACTVS + descriptors,ecamsule-triethanolamine,4+ rings,5.0
131634760,azd5991,131634760.0,9.221196,10.049047,Morgan + MACCS + CACTVS + descriptors,azd5991,4+ rings,7.0
131682,safinamide,131682.0,8.729224,6.5397053,Morgan + MACCS + CACTVS + descriptors,safinamide,2 rings,2.0
131704521,sofosbuvir-impurity-m,131704521.0,7.5966864,7.8119206,Morgan + MACCS + CACTVS + descriptors,sofosbuvir-impurity-m,3 rings,3.0
1317464,sj-172550,1317464.0,8.771811,7.521432,Morgan + MACCS + CACTVS + descriptors,sj-172550,3 rings,3.0
131747,sr-57227a,131747.0,6.89287,10.334018,Morgan + MACCS + CACTVS + descriptors,sr-57227a,2 rings,2.0
131847656,mertansine,131847656.0,9.082225,6.9511957,Morgan + MACCS + CACTVS + descriptors,mertansine,4+ rings,4.0
131857169,maytansinol-isobutyrate,131857169.0,8.997549,6.991512,Morgan + MACCS + CACTVS + descriptors,maytansinol-isobutyrate,4+ rings,4.0
131906,s-14506,131906.0,9.117451,7.3303576,Morgan + MACCS + CACTVS + descriptors,s-14506,4+ rings,4.0
132059,l-694247,132059.0,7.9977884,9.905668,Morgan + MACCS + CACTVS + descriptors,l-694247,4+ rings,4.0
132127,imidazoacridinone,132127.0,7.8915095,11.143556,Morgan + MACCS + CACTVS + descriptors,imidazoacridinone,4+ rings,4.0
132260806,pz-2891,132260806.0,7.198287,10.788106,Morgan + MACCS + CACTVS + descriptors,pz-2891,3 rings,3.0
132274075,erythromycin-ethylsuccinate,132274075.0,0.9497195,7.4694014,Morgan + MACCS + CACTVS + descriptors,erythromycin-ethylsuccinate,3 rings,3.0
132274085,dirithromycin,132274085.0,1.0048659,7.469764,Morgan + MACCS + CACTVS + descriptors,dirithromycin,4+ rings,4.0
132449,l-690330,132449.0,7.935309,5.636546,Morgan + MACCS + CACTVS + descriptors,l-690330,1 ring,1.0
1324494,c188-9,1324494.0,8.897878,8.074424,Morgan + MACCS + CACTVS + descriptors,c188-9,4+ rings,5.0
132458842,benzthiazide,132458842.0,8.333601,8.8033495,Morgan + MACCS + CACTVS + descriptors,benzthiazide,3 rings,3.0
132466061,sib-1757,132466061.0,6.9786882,8.6973715,Morgan + MACCS + CACTVS + descriptors,sib-1757,2 rings,2.0
132466065,sennoside-a,132466065.0,8.956503,4.752788,Morgan + MACCS + CACTVS + descriptors,sennoside-a,4+ rings,8.0
132469060,casanthranol-variant,132469060.0,8.913038,4.8647256,Morgan + MACCS + CACTVS + descriptors,casanthranol-variant,4+ rings,4.0
13248159,trimebutine,13248159.0,9.162213,6.6807823,Morgan + MACCS + CACTVS + descriptors,trimebutine,2 rings,2.0
132496,fgin-1-27,132496.0,8.3058605,10.585775,Morgan + MACCS + CACTVS + descriptors,fgin-1-27,3 rings,3.0
132519,ilomastat,132519.0,8.38216,10.652871,Morgan + MACCS + CACTVS + descriptors,ilomastat,2 rings,2.0
132749,sc-51089,132749.0,9.780275,10.232516,Morgan + MACCS + CACTVS + descriptors,sc-51089,4+ rings,4.0
132787,s15535,132787.0,8.985094,7.132379,Morgan + MACCS + CACTVS + descriptors,s15535,4+ rings,5.0
1328033,ak-7,1328033.0,8.310458,8.643472,Morgan + MACCS + CACTVS + descriptors,ak-7,3 rings,3.0
132846,l-733060,132846.0,7.632878,6.955414,Morgan + MACCS + CACTVS + descriptors,l-733060,3 rings,3.0
1329,dpcpx,1329.0,5.7242174,11.418306,Morgan + MACCS + CACTVS + descriptors,dpcpx,3 rings,3.0
132928,win-64338,132928.0,6.849891,8.263637,Morgan + MACCS + CACTVS + descriptors,win-64338,4+ rings,5.0
132971,abiraterone,132971.0,8.409843,10.965061,Morgan + MACCS + CACTVS + descriptors,abiraterone,4+ rings,5.0
132981,ru-58841,132981.0,7.2266364,8.401444,Morgan + MACCS + CACTVS + descriptors,ru-58841,2 rings,2.0
132995,4-ibp,132995.0,6.986141,7.809729,Morgan + MACCS + CACTVS + descriptors,4-ibp,3 rings,3.0
132999,ivabradine,132999.0,9.217492,6.7247887,Morgan + MACCS + CACTVS + descriptors,ivabradine,4+ rings,4.0
133008,l-741742,133008.0,8.698939,9.120099,Morgan + MACCS + CACTVS + descriptors,l-741742,4+ rings,4.0
133017,rupatadine,133017.0,7.31797,10.30509,Morgan + MACCS + CACTVS + descriptors,rupatadine,4+ rings,5.0
13302097,bopindolol,13302097.0,9.314283,10.47314,Morgan + MACCS + CACTVS + descriptors,bopindolol,3 rings,3.0
133021,licofelone,133021.0,8.601302,10.346696,Morgan + MACCS + CACTVS + descriptors,licofelone,4+ rings,4.0
13305910,wb-4101,13305910.0,8.871456,6.3799677,Morgan + MACCS + CACTVS + descriptors,wb-4101,3 rings,3.0
13306545,zaltoprofen,13306545.0,7.0850687,6.1846614,Morgan + MACCS + CACTVS + descriptors,zaltoprofen,3 rings,3.0
133076,rs-67506,133076.0,9.130167,7.7213936,Morgan + MACCS + CACTVS + descriptors,rs-67506,2 rings,2.0
133079,sonepiprazole,133079.0,8.544173,8.241973,Morgan + MACCS + CACTVS + descriptors,sonepiprazole,4+ rings,4.0
133080621,gsk656,133080621.0,8.72106,6.064004,Morgan + MACCS + CACTVS + descriptors,gsk656,2 rings,2.0
13309539,5-hydroxydecanoic-acid,13309539.0,0.41626266,8.35911,Morgan + MACCS + CACTVS + descriptors,5-hydroxydecanoic-acid,0 rings,0.0
133268482,oligomycin-a,133268482.0,0.76627856,7.400915,Morgan + MACCS + CACTVS + descriptors,oligomycin-a,3 rings,3.0
13342,vinblastine,13342.0,9.389725,10.324817,Morgan + MACCS + CACTVS + descriptors,vinblastine,4+ rings,9.0
133547162,amg319,133547162.0,6.8921633,10.536556,Morgan + MACCS + CACTVS + descriptors,amg319,4+ rings,5.0
133566182,terlipressin,133566182.0,5.87344,5.5299854,Morgan + MACCS + CACTVS + descriptors,terlipressin,4+ rings,4.0
133588927,lypressin,133588927.0,5.895585,5.5467267,Morgan + MACCS + CACTVS + descriptors,lypressin,4+ rings,4.0
133659920,pimecrolimus,133659920.0,0.9706839,7.4540806,Morgan + MACCS + CACTVS + descriptors,pimecrolimus,4+ rings,4.0
133687039,levopropoxyphene,133687039.0,7.3310437,6.7762947,Morgan + MACCS + CACTVS + descriptors,levopropoxyphene,2 rings,2.0
133698096,vasopressin,133698096.0,5.8803487,5.5334525,Morgan + MACCS + CACTVS + descriptors,vasopressin,4+ rings,4.0
133698923,oxytocin,133698923.0,5.933758,5.5672717,Morgan + MACCS + CACTVS + descriptors,oxytocin,3 rings,3.0
13371802,sm-108,13371802.0,1.5438092,9.101449,Morgan + MACCS + CACTVS + descriptors,sm-108,1 ring,1.0
13387,n-methylpyrrolidone,13387.0,1.3873882,8.997513,Morgan + MACCS + CACTVS + descriptors,n-methylpyrrolidone,1 ring,1.0
134018,febuxostat,134018.0,9.313069,9.665086,Morgan + MACCS + CACTVS + descriptors,febuxostat,2 rings,2.0
134019,pixantrone,134019.0,8.199494,11.013,Morgan + MACCS + CACTVS + descriptors,pixantrone,3 rings,3.0
134043,labetalol,134043.0,8.412242,6.655583,Morgan + MACCS + CACTVS + descriptors,labetalol,2 rings,2.0
134117,bp-554,134117.0,9.090199,7.0401106,Morgan + MACCS + CACTVS + descriptors,bp-554,4+ rings,4.0
134129697,ascomycin,134129697.0,0.9681094,7.488101,Morgan + MACCS + CACTVS + descriptors,ascomycin,4+ rings,4.0
134129704,tylosin,134129704.0,0.94330615,7.435117,Morgan + MACCS + CACTVS + descriptors,tylosin,4+ rings,4.0
134183206,rmc-4550,134183206.0,7.0299697,10.998525,Morgan + MACCS + CACTVS + descriptors,rmc-4550,4+ rings,4.0
134247638,pf-06873600,134247638.0,7.9137416,9.91845,Morgan + MACCS + CACTVS + descriptors,pf-06873600,4+ rings,4.0
134305955,rg7834,134305955.0,9.231381,6.7913494,Morgan + MACCS + CACTVS + descriptors,rg7834,3 rings,3.0
134470179,bay-2402234,134470179.0,9.048092,7.5256352,Morgan + MACCS + CACTVS + descriptors,bay-2402234,3 rings,3.0
134694283,acelarin,134694283.0,7.504456,7.9000854,Morgan + MACCS + CACTVS + descriptors,acelarin,4+ rings,4.0
134778,ici-162846,134778.0,6.4146147,11.133422,Morgan + MACCS + CACTVS + descriptors,ici-162846,1 ring,1.0
1348,my-5445,1348.0,7.024432,10.119966,Morgan + MACCS + CACTVS + descriptors,my-5445,4+ rings,4.0
134812764,sirolimus,134812764.0,1.0149204,7.486981,Morgan + MACCS + CACTVS + descriptors,sirolimus,4+ rings,4.0
134812787,melanotan-ii,134812787.0,5.7968783,5.5695252,Morgan + MACCS + CACTVS + descriptors,melanotan-ii,4+ rings,5.0
134812820,eptifibatide,134812820.0,5.8049965,5.6557136,Morgan + MACCS + CACTVS + descriptors,eptifibatide,4+ rings,4.0
134812825,temsirolimus,134812825.0,0.9791507,7.460983,Morgan + MACCS + CACTVS + descriptors,temsirolimus,4+ rings,4.0
13492,drotaverine,13492.0,9.167375,6.605308,Morgan + MACCS + CACTVS + descriptors,drotaverine,3 rings,3.0
1349907,methimazole,1349907.0,1.0380663,9.281474,Morgan + MACCS + CACTVS + descriptors,methimazole,1 ring,1.0
135398495,at-9283,135398495.0,7.0403357,10.987692,Morgan + MACCS + CACTVS + descriptors,at-9283,4+ rings,5.0
135398508,entecavir,135398508.0,6.0143085,11.646904,Morgan + MACCS + CACTVS + descriptors,entecavir,3 rings,3.0
135398510,dovitinib,135398510.0,7.4278975,11.077203,Morgan + MACCS + CACTVS + descriptors,dovitinib,4+ rings,5.0
135398513,acyclovir,135398513.0,5.8485,11.496621,Morgan + MACCS + CACTVS + descriptors,acyclovir,2 rings,2.0
135398515,stf-083010,135398515.0,7.9273834,5.712685,Morgan + MACCS + CACTVS + descriptors,stf-083010,3 rings,3.0
135398517,nu-1025,135398517.0,8.14698,7.4366975,Morgan + MACCS + CACTVS + descriptors,nu-1025,2 rings,2.0
135398520,nt157,135398520.0,8.113284,6.4015303,Morgan + MACCS + CACTVS + descriptors,nt157,2 rings,2.0
135398559,calcium-levofolinate,135398559.0,7.5429215,8.263047,Morgan + MACCS + CACTVS + descriptors,calcium-levofolinate,3 rings,3.0
135398561,metafolin,135398561.0,7.496175,8.250085,Morgan + MACCS + CACTVS + descriptors,metafolin,3 rings,3.0
135398635,guanosine,135398635.0,6.022134,11.751926,Morgan + MACCS + CACTVS + descriptors,guanosine,3 rings,3.0
135398641,inosine,135398641.0,6.0201707,11.754008,Morgan + MACCS + CACTVS + descriptors,inosine,3 rings,3.0
135398650,tetrahydrofolic-acid,135398650.0,7.5419936,8.288542,Morgan + MACCS + CACTVS + descriptors,tetrahydrofolic-acid,3 rings,3.0
135398654,sapropterin,135398654.0,1.9022824,9.228928,Morgan + MACCS + CACTVS + descriptors,sapropterin,2 rings,2.0
135398661,3-methyladenine,135398661.0,5.7489853,11.176068,Morgan + MACCS + CACTVS + descriptors,3-methyladenine,2 rings,2.0
135398737,clozapine,135398737.0,6.8282757,8.693504,Morgan + MACCS + CACTVS + descriptors,clozapine,4+ rings,4.0
135398738,dacarbazine,135398738.0,5.700215,11.305338,Morgan + MACCS + CACTVS + descriptors,dacarbazine,1 ring,1.0
135398739,didanosine,135398739.0,5.9638605,11.6834955,Morgan + MACCS + CACTVS + descriptors,didanosine,3 rings,3.0
135398740,ganciclovir,135398740.0,5.9280257,11.6305895,Morgan + MACCS + CACTVS + descriptors,ganciclovir,2 rings,2.0
135398742,valaciclovir,135398742.0,5.8552113,11.456788,Morgan + MACCS + CACTVS + descriptors,valaciclovir,2 rings,2.0
135398744,sildenafil,135398744.0,9.113538,9.64348,Morgan + MACCS + CACTVS + descriptors,sildenafil,4+ rings,4.0
135398745,olanzapine,135398745.0,6.4310837,8.260404,Morgan + MACCS + CACTVS + descriptors,olanzapine,4+ rings,4.0
135398748,penciclovir,135398748.0,5.830983,11.460919,Morgan + MACCS + CACTVS + descriptors,penciclovir,2 rings,2.0
135398752,oxypurinol,135398752.0,5.607041,11.306637,Morgan + MACCS + CACTVS + descriptors,oxypurinol,2 rings,2.0
135399235,zaprinast,135399235.0,9.774658,9.466683,Morgan + MACCS + CACTVS + descriptors,zaprinast,3 rings,3.0
135399748,chir-124,135399748.0,7.457102,10.981539,Morgan + MACCS + CACTVS + descriptors,chir-124,4+ rings,7.0
1354,m-chlorophenylbiguanide,1354.0,6.8101377,8.780481,Morgan + MACCS + CACTVS + descriptors,m-chlorophenylbiguanide,1 ring,1.0
135400182,raltitrexed,135400182.0,7.554508,8.857704,Morgan + MACCS + CACTVS + descriptors,raltitrexed,3 rings,3.0
135400184,nolatrexed,135400184.0,8.03335,10.764234,Morgan + MACCS + CACTVS + descriptors,nolatrexed,3 rings,3.0
135400189,vardenafil,135400189.0,9.102478,9.5952,Morgan + MACCS + CACTVS + descriptors,vardenafil,4+ rings,4.0
135400873,ro-3306,135400873.0,7.7916694,10.377267,Morgan + MACCS + CACTVS + descriptors,ro-3306,4+ rings,4.0
135401907,allopurinol,135401907.0,5.575971,11.25421,Morgan + MACCS + CACTVS + descriptors,allopurinol,2 rings,2.0
135403646,azaguanine-8,135403646.0,5.608302,11.283576,Morgan + MACCS + CACTVS + descriptors,azaguanine-8,2 rings,2.0
135407110,allopurinol-riboside,135407110.0,6.0785666,11.755079,Morgan + MACCS + CACTVS + descriptors,allopurinol-riboside,3 rings,3.0
135408753,4-hqn,135408753.0,7.3355703,8.472213,Morgan + MACCS + CACTVS + descriptors,4-hqn,2 rings,2.0
135409400,anagrelide,135409400.0,6.990534,8.648763,Morgan + MACCS + CACTVS + descriptors,anagrelide,3 rings,3.0
135409409,forodesine,135409409.0,7.864979,11.25869,Morgan + MACCS + CACTVS + descriptors,forodesine,3 rings,3.0
135409453,tegaserod,135409453.0,9.450145,10.584129,Morgan + MACCS + CACTVS + descriptors,tegaserod,2 rings,2.0
135409468,desmethylclozapine,135409468.0,6.8504834,8.780298,Morgan + MACCS + CACTVS + descriptors,desmethylclozapine,4+ rings,4.0
135409474,"5-amino-3-d-ribofuranosylthiazolo[4,5-d]pyrimidin-2,7(3h,6h)-dione",135409474.0,2.3992176,9.656761,Morgan + MACCS + CACTVS + descriptors,"5-amino-3-d-ribofuranosylthiazolo[4,5-d]pyrimidin-2,7(3h,6h)-dione",3 rings,3.0
135409539,pyridoxal-isonicotinoyl-hydrazone,135409539.0,9.089379,10.833284,Morgan + MACCS + CACTVS + descriptors,pyridoxal-isonicotinoyl-hydrazone,2 rings,2.0
135409548,leteprinim,135409548.0,7.707771,11.252881,Morgan + MACCS + CACTVS + descriptors,leteprinim,3 rings,3.0
135409642,azilsartan-medoxomil,135409642.0,7.8543005,11.241357,Morgan + MACCS + CACTVS + descriptors,azilsartan-medoxomil,4+ rings,6.0
135410875,pemetrexed,135410875.0,7.71808,11.289897,Morgan + MACCS + CACTVS + descriptors,pemetrexed,3 rings,3.0
135410906,rwj-21757,135410906.0,2.3856115,9.643238,Morgan + MACCS + CACTVS + descriptors,rwj-21757,3 rings,3.0
135410911,tifenazoxide,135410911.0,8.349282,8.830121,Morgan + MACCS + CACTVS + descriptors,tifenazoxide,3 rings,3.0
135410917,zometapine,135410917.0,7.0078435,10.130488,Morgan + MACCS + CACTVS + descriptors,zometapine,3 rings,3.0
135411,cd-437,135411.0,8.018332,5.207753,Morgan + MACCS + CACTVS + descriptors,cd-437,4+ rings,7.0
135413497,bropirimine,135413497.0,7.0487547,8.302045,Morgan + MACCS + CACTVS + descriptors,bropirimine,2 rings,2.0
135413511,tirapazamine,135413511.0,6.945494,9.979913,Morgan + MACCS + CACTVS + descriptors,tirapazamine,2 rings,2.0
135413516,pelrinone,135413516.0,7.835184,10.999646,Morgan + MACCS + CACTVS + descriptors,pelrinone,2 rings,2.0
135413518,lometrexol,135413518.0,7.571082,8.0916,Morgan + MACCS + CACTVS + descriptors,lometrexol,3 rings,3.0
135413533,tas-103,135413533.0,8.845732,10.680691,Morgan + MACCS + CACTVS + descriptors,tas-103,4+ rings,4.0
135413536,aprepitant,135413536.0,7.6388884,8.068262,Morgan + MACCS + CACTVS + descriptors,aprepitant,4+ rings,4.0
135413538,fosaprepitant-dimeglumine,135413538.0,7.5908737,8.051812,Morgan + MACCS + CACTVS + descriptors,fosaprepitant-dimeglumine,4+ rings,4.0
135413563,tc-ot-39,135413563.0,7.5852485,10.857686,Morgan + MACCS + CACTVS + descriptors,tc-ot-39,4+ rings,6.0
135415867,azilsartan,135415867.0,7.861058,11.247963,Morgan + MACCS + CACTVS + descriptors,azilsartan,4+ rings,5.0
135418340,ramosetron,135418340.0,7.916106,10.921664,Morgan + MACCS + CACTVS + descriptors,ramosetron,4+ rings,4.0
135418373,way-200070,135418373.0,9.167466,10.20144,Morgan + MACCS + CACTVS + descriptors,way-200070,3 rings,3.0
135418940,xav-939,135418940.0,7.1690745,8.310756,Morgan + MACCS + CACTVS + descriptors,xav-939,3 rings,3.0
135419186,8-bromo-cgmp,135419186.0,6.0311017,11.762409,Morgan + MACCS + CACTVS + descriptors,8-bromo-cgmp,4+ rings,4.0
135419190,tyrphostin-ag-879,135419190.0,7.8412395,5.598425,Morgan + MACCS + CACTVS + descriptors,tyrphostin-ag-879,1 ring,1.0
135421339,sb-590885,135421339.0,10.072373,9.78009,Morgan + MACCS + CACTVS + descriptors,sb-590885,4+ rings,5.0
135424953,ido5l,135424953.0,7.014006,9.328404,Morgan + MACCS + CACTVS + descriptors,ido5l,2 rings,2.0
135425273,pci-27483,135425273.0,8.576056,9.595302,Morgan + MACCS + CACTVS + descriptors,pci-27483,4+ rings,4.0
135433495,2'-c-methylguanosine,135433495.0,6.013982,11.748147,Morgan + MACCS + CACTVS + descriptors,2'-c-methylguanosine,3 rings,3.0
135440466,bms-536924,135440466.0,7.408552,11.075196,Morgan + MACCS + CACTVS + descriptors,bms-536924,4+ rings,5.0
135444382,madrasin,135444382.0,10.145552,10.407406,Morgan + MACCS + CACTVS + descriptors,madrasin,3 rings,3.0
135445765,scs,135445765.0,8.059804,6.8201504,Morgan + MACCS + CACTVS + descriptors,scs,2 rings,2.0
135449340,pirquinozol,135449340.0,7.388531,8.966151,Morgan + MACCS + CACTVS + descriptors,pirquinozol,3 rings,3.0
135483663,valganciclovir,135483663.0,5.925168,11.60877,Morgan + MACCS + CACTVS + descriptors,valganciclovir,2 rings,2.0
135497803,mirodenafil,135497803.0,9.137413,9.648557,Morgan + MACCS + CACTVS + descriptors,mirodenafil,4+ rings,4.0
1355,mcpp,1355.0,6.8248672,8.75386,Morgan + MACCS + CACTVS + descriptors,mcpp,2 rings,2.0
135511466,quazinone,135511466.0,7.033301,8.611117,Morgan + MACCS + CACTVS + descriptors,quazinone,3 rings,3.0
135511704,sp-420,135511704.0,8.586676,5.835547,Morgan + MACCS + CACTVS + descriptors,sp-420,2 rings,2.0
135511839,carbadox,135511839.0,8.060884,10.87759,Morgan + MACCS + CACTVS + descriptors,carbadox,2 rings,2.0
135522417,dr-2313,135522417.0,1.4802353,9.115177,Morgan + MACCS + CACTVS + descriptors,dr-2313,2 rings,2.0
135533054,dynasore,135533054.0,8.089859,5.2107244,Morgan + MACCS + CACTVS + descriptors,dynasore,3 rings,3.0
135539077,nvp-auy922,135539077.0,8.95828,7.701181,Morgan + MACCS + CACTVS + descriptors,nvp-auy922,4+ rings,4.0
135543624,luf-5834,135543624.0,9.739346,9.866621,Morgan + MACCS + CACTVS + descriptors,luf-5834,3 rings,3.0
135564558,pf-04447943,135564558.0,6.954718,11.235303,Morgan + MACCS + CACTVS + descriptors,pf-04447943,4+ rings,5.0
135564604,etifoxine,135564604.0,7.6957045,7.867162,Morgan + MACCS + CACTVS + descriptors,etifoxine,3 rings,3.0
135564632,bms-863233,135564632.0,8.984198,7.3031077,Morgan + MACCS + CACTVS + descriptors,bms-863233,4+ rings,4.0
135564655,guadecitabine,135564655.0,6.0442066,11.780456,Morgan + MACCS + CACTVS + descriptors,guadecitabine,4+ rings,5.0
135564686,udenafil,135564686.0,9.06886,9.63877,Morgan + MACCS + CACTVS + descriptors,udenafil,4+ rings,4.0
135564749,apabetalone,135564749.0,8.967654,7.426541,Morgan + MACCS + CACTVS + descriptors,apabetalone,3 rings,3.0
135564787,bay-60-7550,135564787.0,9.875055,9.582064,Morgan + MACCS + CACTVS + descriptors,bay-60-7550,4+ rings,4.0
135564890,epacadostat,135564890.0,7.718152,9.566169,Morgan + MACCS + CACTVS + descriptors,epacadostat,2 rings,2.0
135564985,ganetespib,135564985.0,9.474875,10.136113,Morgan + MACCS + CACTVS + descriptors,ganetespib,4+ rings,4.0
135565033,seclidemstat,135565033.0,8.876148,8.051604,Morgan + MACCS + CACTVS + descriptors,seclidemstat,3 rings,3.0
135565042,lmi070,135565042.0,9.657004,9.908238,Morgan + MACCS + CACTVS + descriptors,lmi070,4+ rings,4.0
135565082,talazoparib,135565082.0,7.4820704,10.917211,Morgan + MACCS + CACTVS + descriptors,talazoparib,4+ rings,5.0
135565181,iowh032,135565181.0,9.752821,9.443775,Morgan + MACCS + CACTVS + descriptors,iowh032,4+ rings,4.0
135565372,kf-38789,135565372.0,8.508347,5.5154734,Morgan + MACCS + CACTVS + descriptors,kf-38789,3 rings,3.0
135565545,pf-477736,135565545.0,8.065882,10.637627,Morgan + MACCS + CACTVS + descriptors,pf-477736,4+ rings,5.0
135565554,pamiparib,135565554.0,8.224026,10.659261,Morgan + MACCS + CACTVS + descriptors,pamiparib,4+ rings,5.0
135565635,pp242,135565635.0,9.859576,9.972888,Morgan + MACCS + CACTVS + descriptors,pp242,4+ rings,4.0
135565709,adavivint,135565709.0,7.0821304,10.789429,Morgan + MACCS + CACTVS + descriptors,adavivint,4+ rings,6.0
135565884,zanubrutinib,135565884.0,9.896203,9.57681,Morgan + MACCS + CACTVS + descriptors,zanubrutinib,4+ rings,5.0
135565903,opicapone,135565903.0,9.06283,9.1372,Morgan + MACCS + CACTVS + descriptors,opicapone,3 rings,3.0
135565981,e7449,135565981.0,7.4079623,8.876866,Morgan + MACCS + CACTVS + descriptors,e7449,4+ rings,5.0
135566652,nms-e973,135566652.0,9.118788,8.423698,Morgan + MACCS + CACTVS + descriptors,nms-e973,4+ rings,4.0
135566764,me-0328,135566764.0,7.3571763,8.5098715,Morgan + MACCS + CACTVS + descriptors,me-0328,3 rings,3.0
13560750,ranolazine,13560750.0,8.9604845,7.083872,Morgan + MACCS + CACTVS + descriptors,ranolazine,3 rings,3.0
135659063,fenobam,135659063.0,6.965849,8.679663,Morgan + MACCS + CACTVS + descriptors,fenobam,2 rings,2.0
135665263,az-10417808,135665263.0,7.6170216,8.332547,Morgan + MACCS + CACTVS + descriptors,az-10417808,3 rings,3.0
135678104,2-iminobiotin,135678104.0,1.2010968,8.559118,Morgan + MACCS + CACTVS + descriptors,2-iminobiotin,2 rings,2.0
13584912,org-26576,13584912.0,9.622652,10.134592,Morgan + MACCS + CACTVS + descriptors,org-26576,3 rings,3.0
135883253,tc-i-2014,135883253.0,6.9660897,10.597986,Morgan + MACCS + CACTVS + descriptors,tc-i-2014,4+ rings,5.0
13589226,midodrine,13589226.0,8.737939,6.5264945,Morgan + MACCS + CACTVS + descriptors,midodrine,1 ring,1.0
1359,trim,1359.0,6.9870663,10.355254,Morgan + MACCS + CACTVS + descriptors,trim,2 rings,2.0
135908617,bi-409306,135908617.0,7.239266,10.966478,Morgan + MACCS + CACTVS + descriptors,bi-409306,4+ rings,4.0
135925261,rifampin,135925261.0,9.193509,5.9040194,Morgan + MACCS + CACTVS + descriptors,rifampin,4+ rings,6.0
135931707,ferb-033,135931707.0,7.7900662,5.6282196,Morgan + MACCS + CACTVS + descriptors,ferb-033,2 rings,2.0
13605417,lorglumide,13605417.0,7.0997543,7.5416512,Morgan + MACCS + CACTVS + descriptors,lorglumide,1 ring,1.0
1361334,smi-4a,1361334.0,7.0630927,7.8774567,Morgan + MACCS + CACTVS + descriptors,smi-4a,2 rings,2.0
136218979,bemotrizinol,136218979.0,10.291534,10.202628,Morgan + MACCS + CACTVS + descriptors,bemotrizinol,4+ rings,4.0
136229577,me0328,136229577.0,7.3689814,8.503005,Morgan + MACCS + CACTVS + descriptors,me0328,3 rings,3.0
136237316,nvp-tnks656,136237316.0,9.07647,7.3517647,Morgan + MACCS + CACTVS + descriptors,nvp-tnks656,4+ rings,5.0
136238508,rifapentine,136238508.0,9.204317,5.8708005,Morgan + MACCS + CACTVS + descriptors,rifapentine,4+ rings,7.0
13626987,broxaterol,13626987.0,8.081423,6.562202,Morgan + MACCS + CACTVS + descriptors,broxaterol,1 ring,1.0
1362865,itx3,1362865.0,7.7411795,10.724999,Morgan + MACCS + CACTVS + descriptors,itx3,4+ rings,5.0
13632719,manidipine,13632719.0,8.408751,7.964481,Morgan + MACCS + CACTVS + descriptors,manidipine,4+ rings,5.0
136443810,simurosertib,136443810.0,7.6200547,10.593053,Morgan + MACCS + CACTVS + descriptors,simurosertib,4+ rings,6.0
1365686,h2l-5765834,1365686.0,8.847213,8.257817,Morgan + MACCS + CACTVS + descriptors,h2l-5765834,4+ rings,4.0
1367095,sant-2,1367095.0,9.949465,10.013601,Morgan + MACCS + CACTVS + descriptors,sant-2,4+ rings,4.0
1367681,kl-001,1367681.0,9.138483,9.935761,Morgan + MACCS + CACTVS + descriptors,kl-001,4+ rings,4.0
136902743,dqp-1105,136902743.0,7.269549,8.330829,Morgan + MACCS + CACTVS + descriptors,dqp-1105,4+ rings,5.0
1370,cx-516,1370.0,9.193364,6.774109,Morgan + MACCS + CACTVS + descriptors,cx-516,3 rings,3.0
13711,torcitabine,13711.0,2.4058697,9.669401,Morgan + MACCS + CACTVS + descriptors,torcitabine,2 rings,2.0
137125241,nvs-pak1-1,137125241.0,7.0134697,8.731762,Morgan + MACCS + CACTVS + descriptors,nvs-pak1-1,4+ rings,4.0
137278711,amg-510,137278711.0,9.853133,10.166008,Morgan + MACCS + CACTVS + descriptors,amg-510,4+ rings,5.0
137319711,mirin,137319711.0,8.109723,6.053486,Morgan + MACCS + CACTVS + descriptors,mirin,2 rings,2.0
137321773,pyrazinoylguanidine,137321773.0,5.7065406,11.267359,Morgan + MACCS + CACTVS + descriptors,pyrazinoylguanidine,1 ring,1.0
13738,oxolamine,13738.0,7.1882057,9.095951,Morgan + MACCS + CACTVS + descriptors,oxolamine,2 rings,2.0
13741,benzyldimethyloctylammonium,13741.0,6.4490986,8.193692,Morgan + MACCS + CACTVS + descriptors,benzyldimethyloctylammonium,1 ring,1.0
13753599,toloxatone,13753599.0,7.1584597,8.34858,Morgan + MACCS + CACTVS + descriptors,toloxatone,2 rings,2.0
137601,4-propylbenzoic-acid,137601.0,7.172745,6.1911883,Morgan + MACCS + CACTVS + descriptors,4-propylbenzoic-acid,1 ring,1.0
1376860,v-51,1376860.0,9.117312,6.6909523,Morgan + MACCS + CACTVS + descriptors,v-51,3 rings,3.0
13773524,isradipine,13773524.0,8.412103,8.09481,Morgan + MACCS + CACTVS + descriptors,isradipine,3 rings,3.0
13789,canrenone,13789.0,0.29893938,6.6931615,Morgan + MACCS + CACTVS + descriptors,canrenone,4+ rings,5.0
13791,estradiol-valerate,13791.0,7.947702,4.5929418,Morgan + MACCS + CACTVS + descriptors,estradiol-valerate,4+ rings,4.0
13805,citicoline,13805.0,2.4224975,9.689474,Morgan + MACCS + CACTVS + descriptors,citicoline,2 rings,2.0
13805917,albendazole-oxide,13805917.0,7.5997334,10.575023,Morgan + MACCS + CACTVS + descriptors,albendazole-oxide,2 rings,2.0
138319339,ceftobiprole,138319339.0,2.9402595,8.104117,Morgan + MACCS + CACTVS + descriptors,ceftobiprole,4+ rings,5.0
1383884,urb597,1383884.0,8.867626,6.746952,Morgan + MACCS + CACTVS + descriptors,urb597,3 rings,3.0
138454308,polyinosine,138454308.0,6.0151324,11.755883,Morgan + MACCS + CACTVS + descriptors,polyinosine,3 rings,3.0
139031134,hydroxocobalamin,139031134.0,5.798591,5.536613,Morgan + MACCS + CACTVS + descriptors,hydroxocobalamin,4+ rings,8.0
139340107,ggstop,139340107.0,7.878718,6.5343313,Morgan + MACCS + CACTVS + descriptors,ggstop,1 ring,1.0
13943299,astragaloside-a,13943299.0,0.7738582,7.18038,Morgan + MACCS + CACTVS + descriptors,astragaloside-a,4+ rings,8.0
139570,ch-170,139570.0,5.7203126,11.422579,Morgan + MACCS + CACTVS + descriptors,ch-170,3 rings,3.0
13981865,mepenzolate,13981865.0,7.3114223,6.521434,Morgan + MACCS + CACTVS + descriptors,mepenzolate,3 rings,3.0
1398859,terazosin,1398859.0,10.654896,10.388235,Morgan + MACCS + CACTVS + descriptors,terazosin,4+ rings,4.0
1400,pp-1,1400.0,6.7348113,10.6144085,Morgan + MACCS + CACTVS + descriptors,pp-1,3 rings,3.0
1401,pd-173074,1401.0,10.268215,10.171622,Morgan + MACCS + CACTVS + descriptors,pd-173074,3 rings,3.0
14050069,cyamemazine,14050069.0,6.3929033,8.301849,Morgan + MACCS + CACTVS + descriptors,cyamemazine,3 rings,3.0
14052,ethambutol,14052.0,0.9852628,8.771906,Morgan + MACCS + CACTVS + descriptors,ethambutol,0 rings,0.0
14083218,alpha-methylserotonin,14083218.0,9.258922,10.659918,Morgan + MACCS + CACTVS + descriptors,alpha-methylserotonin,2 rings,2.0
14179013,itraconazole,14179013.0,10.119991,9.687339,Morgan + MACCS + CACTVS + descriptors,itraconazole,4+ rings,7.0
14187,st-1859,14187.0,7.8614306,5.4858713,Morgan + MACCS + CACTVS + descriptors,st-1859,4+ rings,4.0
14190,pyritinol,14190.0,9.111411,10.986844,Morgan + MACCS + CACTVS + descriptors,pyritinol,2 rings,2.0
14211,guancydine,14211.0,0.872379,9.261556,Morgan + MACCS + CACTVS + descriptors,guancydine,0 rings,0.0
14240392,curcumol,14240392.0,0.13478655,7.460464,Morgan + MACCS + CACTVS + descriptors,curcumol,3 rings,3.0
14259155,brl-26314,14259155.0,7.4009185,7.275079,Morgan + MACCS + CACTVS + descriptors,brl-26314,2 rings,2.0
14296,chuanxiongzine,14296.0,5.674397,11.074755,Morgan + MACCS + CACTVS + descriptors,chuanxiongzine,1 ring,1.0
14325224,mk-571,14325224.0,8.370312,10.276673,Morgan + MACCS + CACTVS + descriptors,mk-571,3 rings,3.0
1433,1400w,1433.0,6.445188,7.482023,Morgan + MACCS + CACTVS + descriptors,1400w,1 ring,1.0
14369,bromindione,14369.0,6.8913407,6.3790436,Morgan + MACCS + CACTVS + descriptors,bromindione,3 rings,3.0
14456347,benproperine,14456347.0,8.690276,6.6216936,Morgan + MACCS + CACTVS + descriptors,benproperine,3 rings,3.0
14479849,iododexetimide,14479849.0,7.012564,7.8678255,Morgan + MACCS + CACTVS + descriptors,iododexetimide,4+ rings,4.0
14539800,rapastinel,14539800.0,1.506682,8.514599,Morgan + MACCS + CACTVS + descriptors,rapastinel,2 rings,2.0
1455,pocapavir,1455.0,8.440525,5.692261,Morgan + MACCS + CACTVS + descriptors,pocapavir,3 rings,3.0
1456,odq,1456.0,7.0872283,8.740159,Morgan + MACCS + CACTVS + descriptors,odq,3 rings,3.0
14580381,nbi-98782,14580381.0,9.144259,6.6198053,Morgan + MACCS + CACTVS + descriptors,nbi-98782,3 rings,3.0
145917,ethyl-2-(carbamoyloxy)benzoate,145917.0,8.355563,5.6730237,Morgan + MACCS + CACTVS + descriptors,ethyl-2-(carbamoyloxy)benzoate,1 ring,1.0
145949,isodibut,145949.0,7.2157526,7.781733,Morgan + MACCS + CACTVS + descriptors,isodibut,3 rings,3.0
14604,etebenecid,14604.0,7.258103,6.3661737,Morgan + MACCS + CACTVS + descriptors,etebenecid,1 ring,1.0
14652,zolimidine,14652.0,7.934229,9.742931,Morgan + MACCS + CACTVS + descriptors,zolimidine,3 rings,3.0
146570,citalopram,146570.0,7.67107,6.8662915,Morgan + MACCS + CACTVS + descriptors,citalopram,3 rings,3.0
14659032,faropenem,14659032.0,1.8708044,8.3417,Morgan + MACCS + CACTVS + descriptors,faropenem,3 rings,3.0
14671646,f-16915,14671646.0,8.741073,11.004097,Morgan + MACCS + CACTVS + descriptors,f-16915,1 ring,1.0
146898,gr-235,146898.0,0.20062914,6.7782173,Morgan + MACCS + CACTVS + descriptors,gr-235,4+ rings,4.0
14694110,cicloprofen,14694110.0,7.0929084,6.1399856,Morgan + MACCS + CACTVS + descriptors,cicloprofen,3 rings,3.0
146955,bromisoval,146955.0,1.1251959,8.963446,Morgan + MACCS + CACTVS + descriptors,bromisoval,0 rings,0.0
14709,prasterone-acetate,14709.0,0.2914589,6.6785803,Morgan + MACCS + CACTVS + descriptors,prasterone-acetate,4+ rings,4.0
1474853,src-kinase-inhibitor-i,1474853.0,10.2714205,10.43599,Morgan + MACCS + CACTVS + descriptors,src-kinase-inhibitor-i,4+ rings,4.0
1480409,bts-72664,1480409.0,10.1000595,9.748249,Morgan + MACCS + CACTVS + descriptors,bts-72664,3 rings,3.0
14810948,brl-52537,14810948.0,6.837731,7.7770057,Morgan + MACCS + CACTVS + descriptors,brl-52537,3 rings,3.0
148124,docetaxel,148124.0,9.212707,5.8122425,Morgan + MACCS + CACTVS + descriptors,docetaxel,4+ rings,6.0
148178,perifosine,148178.0,1.1843603,9.685117,Morgan + MACCS + CACTVS + descriptors,perifosine,1 ring,1.0
148184,ampalex,148184.0,8.139917,10.92018,Morgan + MACCS + CACTVS + descriptors,ampalex,3 rings,3.0
148192,atazanavir,148192.0,8.354243,10.792515,Morgan + MACCS + CACTVS + descriptors,atazanavir,3 rings,3.0
148195,lonafarnib,148195.0,7.676588,10.697795,Morgan + MACCS + CACTVS + descriptors,lonafarnib,4+ rings,5.0
148197,diquafosol,148197.0,2.4128711,9.650743,Morgan + MACCS + CACTVS + descriptors,diquafosol,4+ rings,4.0
148198,gmx1778,148198.0,9.850667,10.332323,Morgan + MACCS + CACTVS + descriptors,gmx1778,2 rings,2.0
148201,tariquidar,148201.0,9.996219,10.418975,Morgan + MACCS + CACTVS + descriptors,tariquidar,4+ rings,6.0
148202,karenitecin,148202.0,8.891231,10.50815,Morgan + MACCS + CACTVS + descriptors,karenitecin,4+ rings,5.0
14868,tribomsalan,14868.0,8.142868,7.511344,Morgan + MACCS + CACTVS + descriptors,tribomsalan,2 rings,2.0
1493,"2,4-dinitrophenol",1493.0,8.257327,7.946532,Morgan + MACCS + CACTVS + descriptors,"2,4-dinitrophenol",1 ring,1.0
14942882,agm-1470,14942882.0,0.59890825,7.52566,Morgan + MACCS + CACTVS + descriptors,agm-1470,3 rings,3.0
14957,antimycin-a,14957.0,8.692269,7.0028915,Morgan + MACCS + CACTVS + descriptors,antimycin-a,2 rings,2.0
14969,vancomycin,14969.0,5.9608774,5.4972887,Morgan + MACCS + CACTVS + descriptors,vancomycin,4+ rings,12.0
14973220,sd-169,14973220.0,8.273759,10.690961,Morgan + MACCS + CACTVS + descriptors,sd-169,2 rings,2.0
14978,sangivamycin,14978.0,6.151689,11.758926,Morgan + MACCS + CACTVS + descriptors,sangivamycin,3 rings,3.0
14982,ammonium-glycyrrhizinate,14982.0,0.7813242,7.2673526,Morgan + MACCS + CACTVS + descriptors,ammonium-glycyrrhizinate,4+ rings,7.0
14985,vitamin-e,14985.0,8.110342,5.2096577,Morgan + MACCS + CACTVS + descriptors,vitamin-e,2 rings,2.0
15009332,ibuprofen-lysine,15009332.0,7.357441,7.164777,Morgan + MACCS + CACTVS + descriptors,ibuprofen-lysine,1 ring,1.0
15024268,tetrazol-5-yl-glycine-(rs),15024268.0,1.1861498,8.664782,Morgan + MACCS + CACTVS + descriptors,tetrazol-5-yl-glycine-(rs),1 ring,1.0
15025,edtmp,15025.0,0.93927044,8.924401,Morgan + MACCS + CACTVS + descriptors,edtmp,0 rings,0.0
150311,ezetimibe,150311.0,8.107466,7.6762085,Morgan + MACCS + CACTVS + descriptors,ezetimibe,4+ rings,4.0
150315,boronophenylalanine,150315.0,7.355796,7.119814,Morgan + MACCS + CACTVS + descriptors,boronophenylalanine,1 ring,1.0
151075,nepafenac,151075.0,7.513664,8.129474,Morgan + MACCS + CACTVS + descriptors,nepafenac,2 rings,2.0
151115,exatecan-mesylate,151115.0,8.873983,10.484177,Morgan + MACCS + CACTVS + descriptors,exatecan-mesylate,4+ rings,6.0
151118,cpi-1189,151118.0,7.4909134,8.040491,Morgan + MACCS + CACTVS + descriptors,cpi-1189,1 ring,1.0
151166,lumiracoxib,151166.0,7.878936,7.721458,Morgan + MACCS + CACTVS + descriptors,lumiracoxib,2 rings,2.0
151171,conivaptan,151171.0,7.6717343,11.071972,Morgan + MACCS + CACTVS + descriptors,conivaptan,4+ rings,6.0
151172,cariporide,151172.0,8.180766,8.449292,Morgan + MACCS + CACTVS + descriptors,cariporide,1 ring,1.0
151194,vatalanib,151194.0,7.00242,10.247521,Morgan + MACCS + CACTVS + descriptors,vatalanib,4+ rings,4.0
15134,win-18446,15134.0,1.1255045,8.761415,Morgan + MACCS + CACTVS + descriptors,win-18446,0 rings,0.0
1520267,sb-756050,1520267.0,9.023816,7.852309,Morgan + MACCS + CACTVS + descriptors,sb-756050,3 rings,3.0
15209,fludroxycortide,15209.0,0.32444984,6.092163,Morgan + MACCS + CACTVS + descriptors,fludroxycortide,4+ rings,5.0
152256,riodoxol,152256.0,7.8432493,5.632894,Morgan + MACCS + CACTVS + descriptors,riodoxol,1 ring,1.0
152449,5-fluoro-3-pyridyl-methanol,152449.0,9.013029,11.025282,Morgan + MACCS + CACTVS + descriptors,5-fluoro-3-pyridyl-methanol,1 ring,1.0
15278226,fipronil,15278226.0,7.2510943,10.019779,Morgan + MACCS + CACTVS + descriptors,fipronil,2 rings,2.0
15288637,8-hydroxy-pipat,15288637.0,8.208513,6.7159605,Morgan + MACCS + CACTVS + descriptors,8-hydroxy-pipat,2 rings,2.0
152951,argatroban,152951.0,8.315661,8.490244,Morgan + MACCS + CACTVS + descriptors,argatroban,3 rings,3.0
153241,merimepodib,153241.0,9.768936,10.094217,Morgan + MACCS + CACTVS + descriptors,merimepodib,4+ rings,4.0
1536915,ttp-22,1536915.0,7.6463833,10.296623,Morgan + MACCS + CACTVS + descriptors,ttp-22,3 rings,3.0
15376,vincamine,15376.0,8.777706,10.534442,Morgan + MACCS + CACTVS + descriptors,vincamine,4+ rings,5.0
15387,melperone,15387.0,7.0063744,7.6178393,Morgan + MACCS + CACTVS + descriptors,melperone,2 rings,2.0
153948,ranirestat,153948.0,8.1449795,10.797301,Morgan + MACCS + CACTVS + descriptors,ranirestat,4+ rings,4.0
153970,sapacitabine,153970.0,2.4084907,9.676215,Morgan + MACCS + CACTVS + descriptors,sapacitabine,2 rings,2.0
153976,rostafuroxine,153976.0,8.148067,4.871287,Morgan + MACCS + CACTVS + descriptors,rostafuroxine,4+ rings,5.0
153999,ruboxistaurin,153999.0,8.40837,10.611172,Morgan + MACCS + CACTVS + descriptors,ruboxistaurin,4+ rings,6.0
154059,solifenacin-succinate,154059.0,7.096112,7.698649,Morgan + MACCS + CACTVS + descriptors,solifenacin-succinate,4+ rings,6.0
154087,abt-491,154087.0,7.5951443,11.108149,Morgan + MACCS + CACTVS + descriptors,abt-491,4+ rings,5.0
154104,pumosetrag,154104.0,7.2109876,8.393062,Morgan + MACCS + CACTVS + descriptors,pumosetrag,4+ rings,5.0
154234,peramivir,154234.0,1.3687776,8.35737,Morgan + MACCS + CACTVS + descriptors,peramivir,1 ring,1.0
154257,bazedoxifene,154257.0,9.385169,10.297632,Morgan + MACCS + CACTVS + descriptors,bazedoxifene,4+ rings,5.0
154272,10-deacetylbaccatin,154272.0,8.593137,5.0752673,Morgan + MACCS + CACTVS + descriptors,10-deacetylbaccatin,4+ rings,5.0
15443,azaperone,15443.0,7.4787846,11.16812,Morgan + MACCS + CACTVS + descriptors,azaperone,3 rings,3.0
154575,piclamilast,154575.0,9.814699,10.327496,Morgan + MACCS + CACTVS + descriptors,piclamilast,3 rings,3.0
154689,pnu-89843,154689.0,6.792283,10.727457,Morgan + MACCS + CACTVS + descriptors,pnu-89843,4+ rings,4.0
1547484,cinnarazine,1547484.0,6.522882,7.715392,Morgan + MACCS + CACTVS + descriptors,cinnarazine,4+ rings,4.0
15478,digoxigenin,15478.0,0.45331603,7.1481943,Morgan + MACCS + CACTVS + descriptors,digoxigenin,4+ rings,5.0
15488,denatonium-benzoate,15488.0,6.5272374,8.369613,Morgan + MACCS + CACTVS + descriptors,denatonium-benzoate,2 rings,2.0
1548900,alpha-tochopherol,1548900.0,8.14423,5.219086,Morgan + MACCS + CACTVS + descriptors,alpha-tochopherol,2 rings,2.0
1548918,buthionine-sulfoximine,1548918.0,1.0722821,8.604653,Morgan + MACCS + CACTVS + descriptors,buthionine-sulfoximine,0 rings,0.0
1548943,capsaicin,1548943.0,8.82422,6.515538,Morgan + MACCS + CACTVS + descriptors,capsaicin,1 ring,1.0
1548955,clomifene,1548955.0,8.525086,6.5601687,Morgan + MACCS + CACTVS + descriptors,clomifene,3 rings,3.0
1548976,hydroxyzine,1548976.0,6.8079085,7.5273376,Morgan + MACCS + CACTVS + descriptors,hydroxyzine,3 rings,3.0
1548995,aminoglutethimide,1548995.0,7.040935,8.149124,Morgan + MACCS + CACTVS + descriptors,aminoglutethimide,2 rings,2.0
1549008,terbinafine,1549008.0,6.4507732,7.5856714,Morgan + MACCS + CACTVS + descriptors,terbinafine,2 rings,2.0
1549082,gluconolactone,1549082.0,0.027431788,8.723795,Morgan + MACCS + CACTVS + descriptors,gluconolactone,1 ring,1.0
1549120,epalrestat,1549120.0,7.0236235,7.6876497,Morgan + MACCS + CACTVS + descriptors,epalrestat,2 rings,2.0
1549133,fmoc-l-leucine,1549133.0,7.3041363,7.2587895,Morgan + MACCS + CACTVS + descriptors,fmoc-l-leucine,3 rings,3.0
1549477,npc-15199,1549477.0,7.2859945,7.2936645,Morgan + MACCS + CACTVS + descriptors,npc-15199,3 rings,3.0
1549517,allylthiourea,1549517.0,0.8806337,9.255746,Morgan + MACCS + CACTVS + descriptors,allylthiourea,0 rings,0.0
1549789,isopentyl-4-methoxycinnamate,1549789.0,8.40138,5.5881386,Morgan + MACCS + CACTVS + descriptors,isopentyl-4-methoxycinnamate,1 ring,1.0
1550234,cyclovalone,1550234.0,8.3984375,5.5705633,Morgan + MACCS + CACTVS + descriptors,cyclovalone,3 rings,3.0
1550286,tame,1550286.0,8.235523,8.4597435,Morgan + MACCS + CACTVS + descriptors,tame,1 ring,1.0
155030,pindolol,155030.0,9.47593,10.6124325,Morgan + MACCS + CACTVS + descriptors,pindolol,2 rings,2.0
1550821,chiniofon,1550821.0,9.259701,10.892979,Morgan + MACCS + CACTVS + descriptors,chiniofon,2 rings,2.0
1550874,brolitene,1550874.0,7.080771,7.4612317,Morgan + MACCS + CACTVS + descriptors,brolitene,1 ring,1.0
1550885,octisalate,1550885.0,8.322655,5.511473,Morgan + MACCS + CACTVS + descriptors,octisalate,1 ring,1.0
1550999,tenylidone,1550999.0,6.9205394,6.4519424,Morgan + MACCS + CACTVS + descriptors,tenylidone,3 rings,3.0
1552287,nibentan,1552287.0,7.6588664,8.075285,Morgan + MACCS + CACTVS + descriptors,nibentan,2 rings,2.0
15541,spectinomycin,15541.0,1.5137289,7.9009995,Morgan + MACCS + CACTVS + descriptors,spectinomycin,3 rings,3.0
1554210,cftrinh-172,1554210.0,7.8222604,7.8559246,Morgan + MACCS + CACTVS + descriptors,cftrinh-172,3 rings,3.0
155435,acolbifene,155435.0,8.725848,6.7008667,Morgan + MACCS + CACTVS + descriptors,acolbifene,4+ rings,5.0
15547703,tosedostat,15547703.0,7.3554254,7.32772,Morgan + MACCS + CACTVS + descriptors,tosedostat,2 rings,2.0
15551229,l-798106,15551229.0,8.871317,8.00775,Morgan + MACCS + CACTVS + descriptors,l-798106,4+ rings,4.0
15560610,monostearin,15560610.0,0.4697327,8.3085575,Morgan + MACCS + CACTVS + descriptors,monostearin,0 rings,0.0
155794,omeprazole-sulfide,155794.0,9.88952,9.617282,Morgan + MACCS + CACTVS + descriptors,omeprazole-sulfide,3 rings,3.0
155806,mmpx,155806.0,5.70399,11.430919,Morgan + MACCS + CACTVS + descriptors,mmpx,2 rings,2.0
155815,varespladib,155815.0,9.256932,10.276097,Morgan + MACCS + CACTVS + descriptors,varespladib,3 rings,3.0
155922,ly311727,155922.0,9.3051195,10.23366,Morgan + MACCS + CACTVS + descriptors,ly311727,3 rings,3.0
155931,compound-58112,155931.0,8.880514,6.6509786,Morgan + MACCS + CACTVS + descriptors,compound-58112,2 rings,2.0
1560402,smer-28,1560402.0,6.8607407,10.30558,Morgan + MACCS + CACTVS + descriptors,smer-28,2 rings,2.0
15604510,sar407899,15604510.0,8.991249,6.8486714,Morgan + MACCS + CACTVS + descriptors,sar407899,3 rings,3.0
156080,tuftsin,156080.0,1.3972906,8.2840605,Morgan + MACCS + CACTVS + descriptors,tuftsin,1 ring,1.0
156154,talinolol,156154.0,8.662015,6.924846,Morgan + MACCS + CACTVS + descriptors,talinolol,2 rings,2.0
15629776,epinastine,15629776.0,6.644286,8.375934,Morgan + MACCS + CACTVS + descriptors,epinastine,4+ rings,4.0
156333,nemonapride,156333.0,9.12962,7.416307,Morgan + MACCS + CACTVS + descriptors,nemonapride,3 rings,3.0
15637614,dim-c-pphco2me,15637614.0,8.6552515,10.583163,Morgan + MACCS + CACTVS + descriptors,dim-c-pphco2me,4+ rings,5.0
156391,naproxen,156391.0,8.411305,5.4333887,Morgan + MACCS + CACTVS + descriptors,naproxen,2 rings,2.0
156414,canertinib,156414.0,10.401186,10.279875,Morgan + MACCS + CACTVS + descriptors,canertinib,4+ rings,4.0
156419,cinacalcet,156419.0,6.4112463,7.515644,Morgan + MACCS + CACTVS + descriptors,cinacalcet,3 rings,3.0
156422,doramapimod,156422.0,10.094349,9.907756,Morgan + MACCS + CACTVS + descriptors,doramapimod,4+ rings,5.0
156615,alpha-methylhistamine-dihydrobromide-(r)-(-),156615.0,5.715697,11.123211,Morgan + MACCS + CACTVS + descriptors,alpha-methylhistamine-dihydrobromide-(r)-(-),1 ring,1.0
15664,abametapir,15664.0,7.104018,10.161445,Morgan + MACCS + CACTVS + descriptors,abametapir,2 rings,2.0
156690,bms-207940,156690.0,8.917398,9.603265,Morgan + MACCS + CACTVS + descriptors,bms-207940,4+ rings,4.0
157009,moxalactam,157009.0,3.6525707,7.9589972,Morgan + MACCS + CACTVS + descriptors,moxalactam,4+ rings,4.0
157132,nimodipine,157132.0,8.362395,7.979636,Morgan + MACCS + CACTVS + descriptors,nimodipine,2 rings,2.0
15723,azacyclonol,15723.0,7.492392,6.975861,Morgan + MACCS + CACTVS + descriptors,azacyclonol,3 rings,3.0
157355,lacitol,157355.0,-0.045825113,8.664469,Morgan + MACCS + CACTVS + descriptors,lacitol,1 ring,1.0
1574,2-methyl-5-hydroxytryptamine,1574.0,9.209751,10.674232,Morgan + MACCS + CACTVS + descriptors,2-methyl-5-hydroxytryptamine,2 rings,2.0
157702,nitrendipine,157702.0,8.347783,7.9792447,Morgan + MACCS + CACTVS + descriptors,nitrendipine,2 rings,2.0
157716,metoprolol,157716.0,8.778115,6.255755,Morgan + MACCS + CACTVS + descriptors,metoprolol,1 ring,1.0
157837,levocarnitine-propionate,157837.0,1.2147969,9.695266,Morgan + MACCS + CACTVS + descriptors,levocarnitine-propionate,0 rings,0.0
157922,methyl-aminolevulinate,157922.0,1.0308187,8.613647,Morgan + MACCS + CACTVS + descriptors,methyl-aminolevulinate,0 rings,0.0
158758,(s)-(+)-rolipram,158758.0,8.972851,6.457063,Morgan + MACCS + CACTVS + descriptors,(s)-(+)-rolipram,3 rings,3.0
158781,olmesartan,158781.0,7.791359,11.198313,Morgan + MACCS + CACTVS + descriptors,olmesartan,4+ rings,4.0
158794,zd-2079,158794.0,8.645811,6.5001955,Morgan + MACCS + CACTVS + descriptors,zd-2079,2 rings,2.0
158795,tecadenoson,158795.0,6.089269,11.781308,Morgan + MACCS + CACTVS + descriptors,tecadenoson,4+ rings,4.0
158797,tecalcet,158797.0,8.741213,6.41006,Morgan + MACCS + CACTVS + descriptors,tecalcet,2 rings,2.0
158962,proxyphylline,158962.0,5.730548,11.444011,Morgan + MACCS + CACTVS + descriptors,proxyphylline,2 rings,2.0
159055,camphor-(+),159055.0,0.06822927,7.4852004,Morgan + MACCS + CACTVS + descriptors,camphor-(+),2 rings,2.0
159269,telbivudine,159269.0,2.3847172,9.660221,Morgan + MACCS + CACTVS + descriptors,telbivudine,2 rings,2.0
159278,salidroside,159278.0,8.896092,4.927116,Morgan + MACCS + CACTVS + descriptors,salidroside,2 rings,2.0
159324,tipifarnib,159324.0,7.533367,10.655469,Morgan + MACCS + CACTVS + descriptors,tipifarnib,4+ rings,5.0
159325,torcetrapib,159325.0,7.108801,8.203464,Morgan + MACCS + CACTVS + descriptors,torcetrapib,3 rings,3.0
159326,abafungin,159326.0,9.634866,9.773958,Morgan + MACCS + CACTVS + descriptors,abafungin,4+ rings,4.0
15942827,dianhydrogalactitol,15942827.0,0.08974576,8.779556,Morgan + MACCS + CACTVS + descriptors,dianhydrogalactitol,2 rings,2.0
159466,hsr6071,159466.0,5.952071,11.342891,Morgan + MACCS + CACTVS + descriptors,hsr6071,3 rings,3.0
15950826,rrx-001,15950826.0,1.2532914,8.936111,Morgan + MACCS + CACTVS + descriptors,rrx-001,1 ring,1.0
15951529,enzalutamide,15951529.0,7.4171305,8.345603,Morgan + MACCS + CACTVS + descriptors,enzalutamide,3 rings,3.0
15953870,ku-60019,15953870.0,8.291252,7.6752505,Morgan + MACCS + CACTVS + descriptors,ku-60019,4+ rings,6.0
159594,atrasentan,159594.0,9.233267,6.794745,Morgan + MACCS + CACTVS + descriptors,atrasentan,4+ rings,4.0
159603,resiquimod,159603.0,6.894,11.012534,Morgan + MACCS + CACTVS + descriptors,resiquimod,3 rings,3.0
1598,2-apb,1598.0,6.5771265,7.3676353,Morgan + MACCS + CACTVS + descriptors,2-apb,2 rings,2.0
15981237,resmetirom,15981237.0,8.7771845,7.6583786,Morgan + MACCS + CACTVS + descriptors,resmetirom,3 rings,3.0
15981397,vonoprazan,15981397.0,8.187834,9.629656,Morgan + MACCS + CACTVS + descriptors,vonoprazan,3 rings,3.0
15983966,gsk461364,15983966.0,9.781507,9.745941,Morgan + MACCS + CACTVS + descriptors,gsk461364,4+ rings,5.0
15983988,trelagliptin,15983988.0,7.1903787,8.284482,Morgan + MACCS + CACTVS + descriptors,trelagliptin,3 rings,3.0
1598447,nicaraven,1598447.0,8.259372,11.092991,Morgan + MACCS + CACTVS + descriptors,nicaraven,2 rings,2.0
15984937,camicinal,15984937.0,7.154913,8.259778,Morgan + MACCS + CACTVS + descriptors,camicinal,4+ rings,4.0
15985904,4sc-202,15985904.0,8.220524,9.632169,Morgan + MACCS + CACTVS + descriptors,4sc-202,4+ rings,4.0
15991599,sb-205384,15991599.0,8.864665,10.066137,Morgan + MACCS + CACTVS + descriptors,sb-205384,3 rings,3.0
159977,pipofezine,159977.0,8.9960985,7.462441,Morgan + MACCS + CACTVS + descriptors,pipofezine,4+ rings,4.0
16004692,macitentan,16004692.0,9.26644,9.5853195,Morgan + MACCS + CACTVS + descriptors,macitentan,3 rings,3.0
1600664,casin,1600664.0,7.9380903,10.3628645,Morgan + MACCS + CACTVS + descriptors,casin,4+ rings,4.0
16007367,amg-517,16007367.0,9.768188,9.713811,Morgan + MACCS + CACTVS + descriptors,amg-517,4+ rings,4.0
16007391,barasertib-hqpa,16007391.0,10.232136,10.047832,Morgan + MACCS + CACTVS + descriptors,barasertib-hqpa,4+ rings,4.0
16007396,troventol,16007396.0,7.318696,6.526188,Morgan + MACCS + CACTVS + descriptors,troventol,3 rings,3.0
16013152,jw-74,16013152.0,9.729531,9.594296,Morgan + MACCS + CACTVS + descriptors,jw-74,4+ rings,5.0
160254,cryptotanshinone,160254.0,8.0962105,5.070535,Morgan + MACCS + CACTVS + descriptors,cryptotanshinone,4+ rings,4.0
160339,colfosceril-palmitate,160339.0,1.1227008,9.646365,Morgan + MACCS + CACTVS + descriptors,colfosceril-palmitate,0 rings,0.0
160355,roscovitine,160355.0,6.8386903,11.042162,Morgan + MACCS + CACTVS + descriptors,roscovitine,3 rings,3.0
16038120,nvp-tae684,16038120.0,9.698188,9.699048,Morgan + MACCS + CACTVS + descriptors,nvp-tae684,4+ rings,5.0
16038374,a-803467,16038374.0,8.786536,7.4690094,Morgan + MACCS + CACTVS + descriptors,a-803467,3 rings,3.0
16040067,tfc-007,16040067.0,10.0828495,10.022545,Morgan + MACCS + CACTVS + descriptors,tfc-007,4+ rings,5.0
16041424,enmd-2076,16041424.0,6.921739,10.744961,Morgan + MACCS + CACTVS + descriptors,enmd-2076,4+ rings,4.0
16042343,crisdesalazine,16042343.0,8.114821,7.513553,Morgan + MACCS + CACTVS + descriptors,crisdesalazine,2 rings,2.0
16046068,vixotrigine,16046068.0,8.959817,6.6885886,Morgan + MACCS + CACTVS + descriptors,vixotrigine,3 rings,3.0
16046248,ty-52156,16046248.0,6.869895,8.831046,Morgan + MACCS + CACTVS + descriptors,ty-52156,2 rings,2.0
16046677,sulindac,16046677.0,7.1138787,6.205351,Morgan + MACCS + CACTVS + descriptors,sulindac,3 rings,3.0
16048561,pipenzolate,16048561.0,7.3322587,6.518597,Morgan + MACCS + CACTVS + descriptors,pipenzolate,3 rings,3.0
16048966,unbs-5162,16048966.0,7.260533,8.366614,Morgan + MACCS + CACTVS + descriptors,unbs-5162,3 rings,3.0
16049404,motolimod,16049404.0,7.2273846,8.333422,Morgan + MACCS + CACTVS + descriptors,motolimod,4+ rings,4.0
16052039,clindamycin-palmitate,16052039.0,1.3664327,8.22529,Morgan + MACCS + CACTVS + descriptors,clindamycin-palmitate,2 rings,2.0
160565,diiodothyropropionic-acid,160565.0,8.437695,5.4311147,Morgan + MACCS + CACTVS + descriptors,diiodothyropropionic-acid,2 rings,2.0
16058752,jnj-37822681,16058752.0,6.902238,10.454596,Morgan + MACCS + CACTVS + descriptors,jnj-37822681,3 rings,3.0
16061509,bavisant,16061509.0,6.9643455,7.8075385,Morgan + MACCS + CACTVS + descriptors,bavisant,4+ rings,4.0
16062593,"3,4-dcpg-(s)",16062593.0,7.7386813,7.0173583,Morgan + MACCS + CACTVS + descriptors,"3,4-dcpg-(s)",1 ring,1.0
16063245,radotinib,16063245.0,7.6235623,11.028102,Morgan + MACCS + CACTVS + descriptors,radotinib,4+ rings,5.0
16066663,elinogrel,16066663.0,8.259282,8.856379,Morgan + MACCS + CACTVS + descriptors,elinogrel,4+ rings,4.0
16070100,tc-h-106,16070100.0,7.233981,8.13149,Morgan + MACCS + CACTVS + descriptors,tc-h-106,2 rings,2.0
16076883,asunaprevir,16076883.0,9.131311,9.719621,Morgan + MACCS + CACTVS + descriptors,asunaprevir,4+ rings,5.0
16078986,mrs-2578,16078986.0,6.720837,8.5260725,Morgan + MACCS + CACTVS + descriptors,mrs-2578,2 rings,2.0
16089915,methylnaltrexone,16089915.0,9.378773,6.6630063,Morgan + MACCS + CACTVS + descriptors,methylnaltrexone,4+ rings,6.0
160907,carnitine-(d/l),160907.0,1.2185562,9.680927,Morgan + MACCS + CACTVS + descriptors,carnitine-(d/l),0 rings,0.0
16094766,gp2a,16094766.0,8.199953,10.201496,Morgan + MACCS + CACTVS + descriptors,gp2a,4+ rings,5.0
16095342,gsk269962,16095342.0,9.951439,9.825555,Morgan + MACCS + CACTVS + descriptors,gsk269962,4+ rings,6.0
16095343,sb-772077b,16095343.0,7.3813205,11.116272,Morgan + MACCS + CACTVS + descriptors,sb-772077b,4+ rings,4.0
16095349,centanafadine,16095349.0,6.386774,7.538681,Morgan + MACCS + CACTVS + descriptors,centanafadine,4+ rings,4.0
16112820,neurodazine,16112820.0,9.87949,9.941232,Morgan + MACCS + CACTVS + descriptors,neurodazine,4+ rings,5.0
16118392,golvatinib,16118392.0,10.172463,10.121359,Morgan + MACCS + CACTVS + descriptors,golvatinib,4+ rings,6.0
16119814,caspofungin,16119814.0,5.905317,5.5469193,Morgan + MACCS + CACTVS + descriptors,caspofungin,4+ rings,4.0
16122583,bms-309403,16122583.0,9.355499,9.931551,Morgan + MACCS + CACTVS + descriptors,bms-309403,4+ rings,5.0
16122663,mericitabine,16122663.0,2.4258053,9.673623,Morgan + MACCS + CACTVS + descriptors,mericitabine,2 rings,2.0
16123056,voxtalisib,16123056.0,7.3605843,11.021294,Morgan + MACCS + CACTVS + descriptors,voxtalisib,3 rings,3.0
16124,medronic-acid,16124.0,0.49379984,9.011951,Morgan + MACCS + CACTVS + descriptors,medronic-acid,0 rings,0.0
16124208,tak-901,16124208.0,7.848016,10.089976,Morgan + MACCS + CACTVS + descriptors,tak-901,4+ rings,5.0
16124688,tecovirimat,16124688.0,7.071334,7.9501595,Morgan + MACCS + CACTVS + descriptors,tecovirimat,4+ rings,6.0
16126898,vtp-27999,16126898.0,7.4128466,7.3344393,Morgan + MACCS + CACTVS + descriptors,vtp-27999,3 rings,3.0
16129483,amiselimod,16129483.0,8.703051,6.19253,Morgan + MACCS + CACTVS + descriptors,amiselimod,1 ring,1.0
16129675,ceruletide,16129675.0,5.8126507,5.504348,Morgan + MACCS + CACTVS + descriptors,ceruletide,4+ rings,5.0
16129778,tannic-acid,16129778.0,5.9582806,5.4749527,Morgan + MACCS + CACTVS + descriptors,tannic-acid,4+ rings,11.0
1613,zopolrestat,1613.0,8.142672,10.150099,Morgan + MACCS + CACTVS + descriptors,zopolrestat,4+ rings,4.0
16130571,thymalfasin,16130571.0,5.8046327,5.487978,Morgan + MACCS + CACTVS + descriptors,thymalfasin,0 rings,0.0
16131215,abarelix,16131215.0,5.8085127,5.5056133,Morgan + MACCS + CACTVS + descriptors,abarelix,4+ rings,6.0
16134627,dalbavancin,16134627.0,5.923191,5.499174,Morgan + MACCS + CACTVS + descriptors,dalbavancin,4+ rings,15.0
16135625,ap1903,16135625.0,8.81003,6.823333,Morgan + MACCS + CACTVS + descriptors,ap1903,4+ rings,8.0
16136245,degarelix,16136245.0,5.808782,5.501517,Morgan + MACCS + CACTVS + descriptors,degarelix,4+ rings,8.0
16136912,oritavancin,16136912.0,5.9520736,5.4788966,Morgan + MACCS + CACTVS + descriptors,oritavancin,4+ rings,15.0
161464,leonurine,161464.0,8.466897,6.2224054,Morgan + MACCS + CACTVS + descriptors,leonurine,1 ring,1.0
1615267,5-methylhydantoin-(d),1615267.0,1.4858007,9.060713,Morgan + MACCS + CACTVS + descriptors,5-methylhydantoin-(d),1 ring,1.0
16153050,liraglutide,16153050.0,5.8155923,5.4864697,Morgan + MACCS + CACTVS + descriptors,liraglutide,4+ rings,6.0
16154490,thiostrepton,16154490.0,5.9117618,5.515298,Morgan + MACCS + CACTVS + descriptors,thiostrepton,4+ rings,10.0
161557,dihydromyricetin,161557.0,8.686823,4.8837786,Morgan + MACCS + CACTVS + descriptors,dihydromyricetin,3 rings,3.0
16158208,linaclotide,16158208.0,5.8671193,5.5219116,Morgan + MACCS + CACTVS + descriptors,linaclotide,4+ rings,6.0
161930,icilin,161930.0,8.1046715,7.916745,Morgan + MACCS + CACTVS + descriptors,icilin,3 rings,3.0
16195554,4e1rcat,16195554.0,8.854666,8.312656,Morgan + MACCS + CACTVS + descriptors,4e1rcat,4+ rings,5.0
16202152,cct129202,16202152.0,7.5608687,10.616396,Morgan + MACCS + CACTVS + descriptors,cct129202,4+ rings,5.0
162147,aloperine,162147.0,1.175227,9.227712,Morgan + MACCS + CACTVS + descriptors,aloperine,4+ rings,4.0
162163,centhaquin,162163.0,7.3854084,10.322528,Morgan + MACCS + CACTVS + descriptors,centhaquin,4+ rings,4.0
16218600,sorbitan-monostearate,16218600.0,0.5075016,8.138802,Morgan + MACCS + CACTVS + descriptors,sorbitan-monostearate,1 ring,1.0
16220172,ivacaftor,16220172.0,8.189802,7.5374737,Morgan + MACCS + CACTVS + descriptors,ivacaftor,3 rings,3.0
16222096,cobimetinib,16222096.0,7.3635345,8.264011,Morgan + MACCS + CACTVS + descriptors,cobimetinib,4+ rings,4.0
16225190,tilmicosin,16225190.0,0.9631198,7.449686,Morgan + MACCS + CACTVS + descriptors,tilmicosin,4+ rings,4.0
16225380,cxd101,16225380.0,8.002887,10.502015,Morgan + MACCS + CACTVS + descriptors,cxd101,4+ rings,4.0
16231,amiloride,16231.0,5.680929,11.294618,Morgan + MACCS + CACTVS + descriptors,amiloride,1 ring,1.0
16258,carsalam,16258.0,8.722783,6.678414,Morgan + MACCS + CACTVS + descriptors,carsalam,2 rings,2.0
16307093,adiporon,16307093.0,8.990101,7.00763,Morgan + MACCS + CACTVS + descriptors,adiporon,4+ rings,4.0
163091,asenapine,163091.0,8.334288,6.844755,Morgan + MACCS + CACTVS + descriptors,asenapine,4+ rings,4.0
16351,clotiapine,16351.0,6.457756,8.21847,Morgan + MACCS + CACTVS + descriptors,clotiapine,4+ rings,4.0
16362,pimozide,16362.0,7.1974216,8.418316,Morgan + MACCS + CACTVS + descriptors,pimozide,4+ rings,5.0
16363,benperidol,16363.0,7.240967,8.465067,Morgan + MACCS + CACTVS + descriptors,benperidol,4+ rings,4.0
163829,"[sar9,met(o2)11]-substance-p",163829.0,5.853458,5.5226107,Morgan + MACCS + CACTVS + descriptors,"[sar9,met(o2)11]-substance-p",4+ rings,4.0
163844,cgs-20625,163844.0,9.620651,10.007558,Morgan + MACCS + CACTVS + descriptors,cgs-20625,4+ rings,4.0
163952,vatinoxan,163952.0,9.100948,7.351073,Morgan + MACCS + CACTVS + descriptors,vatinoxan,4+ rings,5.0
163960,antagonist-g,163960.0,5.7970257,5.6197443,Morgan + MACCS + CACTVS + descriptors,antagonist-g,4+ rings,5.0
164009,fk-3311,164009.0,8.930466,8.018142,Morgan + MACCS + CACTVS + descriptors,fk-3311,2 rings,2.0
16401161,11/01/2,16401161.0,1.3524132,8.280127,Morgan + MACCS + CACTVS + descriptors,11/01/2,0 rings,0.0
164013,mdl-27531,164013.0,7.2878685,9.342262,Morgan + MACCS + CACTVS + descriptors,mdl-27531,2 rings,2.0
164087,fpl-12495,164087.0,6.496314,7.4530954,Morgan + MACCS + CACTVS + descriptors,fpl-12495,2 rings,2.0
164305,sdz-wag-994,164305.0,6.0518446,11.816709,Morgan + MACCS + CACTVS + descriptors,sdz-wag-994,4+ rings,4.0
164451,"ici-215,001",164451.0,8.796564,6.317757,Morgan + MACCS + CACTVS + descriptors,"ici-215,001",2 rings,2.0
1645,3-amino-benzamide,1645.0,7.5127096,8.16916,Morgan + MACCS + CACTVS + descriptors,3-amino-benzamide,1 ring,1.0
164509,talampanel,164509.0,9.063643,7.068989,Morgan + MACCS + CACTVS + descriptors,talampanel,4+ rings,4.0
164652,etilefrine,164652.0,8.062115,6.4389844,Morgan + MACCS + CACTVS + descriptors,etilefrine,1 ring,1.0
164676,tanshinone-iia,164676.0,8.203812,4.993907,Morgan + MACCS + CACTVS + descriptors,tanshinone-iia,4+ rings,4.0
164695,leucomethylene-blue,164695.0,6.3724995,8.327558,Morgan + MACCS + CACTVS + descriptors,leucomethylene-blue,3 rings,3.0
164739,levonordefrin,164739.0,8.056597,6.3874245,Morgan + MACCS + CACTVS + descriptors,levonordefrin,1 ring,1.0
164752,"isoquinoline,-6,7-dimethoxy-1-methyl-1,2,3,4-tetrahydro,",164752.0,9.085953,6.5312905,Morgan + MACCS + CACTVS + descriptors,"isoquinoline,-6,7-dimethoxy-1-methyl-1,2,3,4-tetrahydro,",2 rings,2.0
1649,3-bromo-7-nitroindazole,1649.0,7.0737686,9.494283,Morgan + MACCS + CACTVS + descriptors,3-bromo-7-nitroindazole,2 rings,2.0
16490,flumethasone,16490.0,0.22869563,6.1544366,Morgan + MACCS + CACTVS + descriptors,flumethasone,4+ rings,4.0
16533,betamethasone-valerate,16533.0,0.2680573,6.1305156,Morgan + MACCS + CACTVS + descriptors,betamethasone-valerate,4+ rings,4.0
165580,paromomycin,165580.0,1.5782293,7.554887,Morgan + MACCS + CACTVS + descriptors,paromomycin,4+ rings,4.0
1662,meglutol,1662.0,0.22987495,8.647804,Morgan + MACCS + CACTVS + descriptors,meglutol,0 rings,0.0
16623,hydrocortisone-hemisuccinate,16623.0,0.25169334,6.2082644,Morgan + MACCS + CACTVS + descriptors,hydrocortisone-hemisuccinate,4+ rings,4.0
166548,anidulafungin,166548.0,5.9797826,5.5487967,Morgan + MACCS + CACTVS + descriptors,anidulafungin,4+ rings,7.0
16654980,buparlisib,16654980.0,7.099519,10.943365,Morgan + MACCS + CACTVS + descriptors,buparlisib,4+ rings,4.0
166553,arofylline,166553.0,7.6160665,11.123585,Morgan + MACCS + CACTVS + descriptors,arofylline,3 rings,3.0
166558,avasimibe,166558.0,8.568312,7.968016,Morgan + MACCS + CACTVS + descriptors,avasimibe,2 rings,2.0
16656685,danegaptide,16656685.0,7.2506676,7.4769335,Morgan + MACCS + CACTVS + descriptors,danegaptide,2 rings,2.0
16659285,ridinilazole,16659285.0,6.9143662,10.534186,Morgan + MACCS + CACTVS + descriptors,ridinilazole,4+ rings,6.0
16659841,azd1480,16659841.0,6.7842407,10.588241,Morgan + MACCS + CACTVS + descriptors,azd1480,3 rings,3.0
16662425,pf-02413873,16662425.0,9.336463,9.7859535,Morgan + MACCS + CACTVS + descriptors,pf-02413873,3 rings,3.0
16666,levomenthol,16666.0,0.071296655,7.6254425,Morgan + MACCS + CACTVS + descriptors,levomenthol,1 ring,1.0
16666708,azd8330,16666708.0,7.5486145,8.229458,Morgan + MACCS + CACTVS + descriptors,azd8330,2 rings,2.0
16678941,lumacaftor,16678941.0,9.813655,10.23096,Morgan + MACCS + CACTVS + descriptors,lumacaftor,4+ rings,5.0
16679092,visomitin,16679092.0,6.972539,6.556552,Morgan + MACCS + CACTVS + descriptors,visomitin,4+ rings,4.0
16718576,pha-848125,16718576.0,7.4686127,11.017635,Morgan + MACCS + CACTVS + descriptors,pha-848125,4+ rings,5.0
16719221,ro-5126766,16719221.0,9.266981,9.642554,Morgan + MACCS + CACTVS + descriptors,ro-5126766,4+ rings,4.0
16720766,pevonedistat,16720766.0,6.77825,11.219116,Morgan + MACCS + CACTVS + descriptors,pevonedistat,4+ rings,5.0
16722832,tg-101209,16722832.0,8.053505,9.739299,Morgan + MACCS + CACTVS + descriptors,tg-101209,4+ rings,4.0
16722836,fedratinib,16722836.0,9.352223,9.573738,Morgan + MACCS + CACTVS + descriptors,fedratinib,4+ rings,4.0
16725726,gsk690693,16725726.0,10.1185665,9.793547,Morgan + MACCS + CACTVS + descriptors,gsk690693,4+ rings,4.0
16726,troclosene,16726.0,1.5098512,9.138596,Morgan + MACCS + CACTVS + descriptors,troclosene,1 ring,1.0
16727102,way-316606,16727102.0,8.212952,8.532856,Morgan + MACCS + CACTVS + descriptors,way-316606,3 rings,3.0
16734800,lxr-623,16734800.0,7.3347664,10.265307,Morgan + MACCS + CACTVS + descriptors,lxr-623,4+ rings,4.0
16736529,biib021,16736529.0,10.09159,9.798224,Morgan + MACCS + CACTVS + descriptors,biib021,3 rings,3.0
16736978,ku-0063794,16736978.0,10.494017,10.279416,Morgan + MACCS + CACTVS + descriptors,ku-0063794,4+ rings,5.0
16739244,lersivirine,16739244.0,9.450929,9.950025,Morgan + MACCS + CACTVS + descriptors,lersivirine,2 rings,2.0
16739265,fipi,16739265.0,8.160904,10.632747,Morgan + MACCS + CACTVS + descriptors,fipi,4+ rings,5.0
16739650,tg-02,16739650.0,10.0279045,10.196297,Morgan + MACCS + CACTVS + descriptors,tg-02,4+ rings,4.0
16741,phenethyl-isothiocyanate,16741.0,6.4957232,7.399551,Morgan + MACCS + CACTVS + descriptors,phenethyl-isothiocyanate,1 ring,1.0
16741245,azd7545,16741245.0,8.289071,8.6115265,Morgan + MACCS + CACTVS + descriptors,azd7545,2 rings,2.0
16747388,nvp-bhg712,16747388.0,7.4641833,10.96833,Morgan + MACCS + CACTVS + descriptors,nvp-bhg712,4+ rings,5.0
16747643,ns-11394,16747643.0,7.1218877,10.594149,Morgan + MACCS + CACTVS + descriptors,ns-11394,4+ rings,4.0
16747683,azd5438,16747683.0,8.004044,9.703101,Morgan + MACCS + CACTVS + descriptors,azd5438,3 rings,3.0
16750094,ppy-a,16750094.0,10.015708,10.068674,Morgan + MACCS + CACTVS + descriptors,ppy-a,4+ rings,4.0
16756754,snap-94847,16756754.0,8.953631,7.2321134,Morgan + MACCS + CACTVS + descriptors,snap-94847,4+ rings,4.0
16758175,acivicin,16758175.0,1.1254505,8.6148205,Morgan + MACCS + CACTVS + descriptors,acivicin,1 ring,1.0
16759169,acdpp,16759169.0,7.865342,10.979328,Morgan + MACCS + CACTVS + descriptors,acdpp,2 rings,2.0
16759175,ro-10-5824,16759175.0,6.9630466,10.632183,Morgan + MACCS + CACTVS + descriptors,ro-10-5824,3 rings,3.0
16759369,zm-323881,16759369.0,10.167252,10.308272,Morgan + MACCS + CACTVS + descriptors,zm-323881,4+ rings,4.0
1676,enprofylline,1676.0,5.7286553,11.392605,Morgan + MACCS + CACTVS + descriptors,enprofylline,2 rings,2.0
16760376,compound-w,16760376.0,8.677094,8.057296,Morgan + MACCS + CACTVS + descriptors,compound-w,3 rings,3.0
16760588,nfkb-activation-inhibitor-ii,16760588.0,6.7402344,8.217138,Morgan + MACCS + CACTVS + descriptors,nfkb-activation-inhibitor-ii,2 rings,2.0
16779,oxyclozanide,16779.0,8.207789,7.621071,Morgan + MACCS + CACTVS + descriptors,oxyclozanide,2 rings,2.0
168049,c11-acetate,168049.0,1.2427492,9.733312,Morgan + MACCS + CACTVS + descriptors,c11-acetate,0 rings,0.0
1684,pleconaril,1684.0,9.781839,9.510445,Morgan + MACCS + CACTVS + descriptors,pleconaril,3 rings,3.0
16846,propyl-benzoate,16846.0,7.2735085,6.2950263,Morgan + MACCS + CACTVS + descriptors,propyl-benzoate,1 ring,1.0
16850,fluorescein,16850.0,8.447068,5.0331874,Morgan + MACCS + CACTVS + descriptors,fluorescein,4+ rings,5.0
168868,n-methyllidocaine-iodide,168868.0,6.6028376,8.3168335,Morgan + MACCS + CACTVS + descriptors,n-methyllidocaine-iodide,1 ring,1.0
16903,palmitoylcarnitine,16903.0,1.184964,9.710067,Morgan + MACCS + CACTVS + descriptors,palmitoylcarnitine,0 rings,0.0
16923,methylprednisolone-sodium-succinate,16923.0,0.26269034,6.202016,Morgan + MACCS + CACTVS + descriptors,methylprednisolone-sodium-succinate,4+ rings,4.0
169371,aminopterin,169371.0,7.6464796,11.3361435,Morgan + MACCS + CACTVS + descriptors,aminopterin,3 rings,3.0
1694,"4,5,6,7-tetrabromobenzotriazole",1694.0,6.9978614,9.481986,Morgan + MACCS + CACTVS + descriptors,"4,5,6,7-tetrabromobenzotriazole",2 rings,2.0
16960,brompheniramine,16960.0,7.2580523,10.215339,Morgan + MACCS + CACTVS + descriptors,brompheniramine,2 rings,2.0
1697,cgp-52411,1697.0,7.374541,8.3726845,Morgan + MACCS + CACTVS + descriptors,cgp-52411,4+ rings,4.0
16976,oxiniacic-acid,16976.0,8.833936,11.005086,Morgan + MACCS + CACTVS + descriptors,oxiniacic-acid,1 ring,1.0
169870,17-hydroxyprogesterone-caproate,169870.0,0.29926917,6.6152177,Morgan + MACCS + CACTVS + descriptors,17-hydroxyprogesterone-caproate,4+ rings,4.0
170336,carbinoxamine,170336.0,8.710567,10.8245325,Morgan + MACCS + CACTVS + descriptors,carbinoxamine,2 rings,2.0
170344,etifenin,170344.0,7.300999,8.036629,Morgan + MACCS + CACTVS + descriptors,etifenin,1 ring,1.0
170345,etilevodopa,170345.0,7.9143696,6.491048,Morgan + MACCS + CACTVS + descriptors,etilevodopa,1 ring,1.0
1711949,menadione-bisulfite,1711949.0,7.1100726,6.322278,Morgan + MACCS + CACTVS + descriptors,menadione-bisulfite,2 rings,2.0
1711973,methoprene-(s),1711973.0,0.25963366,7.973587,Morgan + MACCS + CACTVS + descriptors,methoprene-(s),0 rings,0.0
17134,sulfadoxine,17134.0,8.713684,9.448654,Morgan + MACCS + CACTVS + descriptors,sulfadoxine,2 rings,2.0
1714884,ac-55649,1714884.0,7.105055,6.1848044,Morgan + MACCS + CACTVS + descriptors,ac-55649,2 rings,2.0
171548,biotin,171548.0,1.3117893,8.528414,Morgan + MACCS + CACTVS + descriptors,biotin,2 rings,2.0
17253208,cym-5541,17253208.0,8.664644,9.174047,Morgan + MACCS + CACTVS + descriptors,cym-5541,4+ rings,4.0
1727,dalfampridine,1727.0,6.9804397,10.065714,Morgan + MACCS + CACTVS + descriptors,dalfampridine,1 ring,1.0
17277,methyldopate,17277.0,7.9652305,6.446654,Morgan + MACCS + CACTVS + descriptors,methyldopate,1 ring,1.0
172997,lixivaptan,172997.0,8.170982,10.581215,Morgan + MACCS + CACTVS + descriptors,lixivaptan,4+ rings,5.0
1732,chlorocresol,1732.0,7.781925,5.617093,Morgan + MACCS + CACTVS + descriptors,chlorocresol,1 ring,1.0
1734,4-damp,1734.0,7.295658,6.539955,Morgan + MACCS + CACTVS + descriptors,4-damp,3 rings,3.0
173614,gr-144053,173614.0,7.070948,8.140426,Morgan + MACCS + CACTVS + descriptors,gr-144053,3 rings,3.0
1738118,n-acetyl-d-glucosamine,1738118.0,1.3757857,8.308516,Morgan + MACCS + CACTVS + descriptors,n-acetyl-d-glucosamine,0 rings,0.0
174277,schisandrin-b,174277.0,8.643911,5.3525214,Morgan + MACCS + CACTVS + descriptors,schisandrin-b,4+ rings,4.0
17499,diacetamate,17499.0,8.5817175,7.2259135,Morgan + MACCS + CACTVS + descriptors,diacetamate,1 ring,1.0
17507,etamsylate,17507.0,7.8523064,5.6767173,Morgan + MACCS + CACTVS + descriptors,etamsylate,1 ring,1.0
17513,acadesine,17513.0,6.0183644,11.765862,Morgan + MACCS + CACTVS + descriptors,acadesine,2 rings,2.0
17534,6-aminochrysene,17534.0,6.6630254,8.357186,Morgan + MACCS + CACTVS + descriptors,6-aminochrysene,4+ rings,4.0
175540,atenolol-(-),175540.0,8.776157,6.4748583,Morgan + MACCS + CACTVS + descriptors,atenolol-(-),1 ring,1.0
175805,ropivacaine,175805.0,7.0687046,8.189328,Morgan + MACCS + CACTVS + descriptors,ropivacaine,2 rings,2.0
17595,1-ethyl-2-pyrrolidone,17595.0,1.3696967,9.011147,Morgan + MACCS + CACTVS + descriptors,1-ethyl-2-pyrrolidone,1 ring,1.0
176157,nbi-27914,176157.0,7.01694,10.529292,Morgan + MACCS + CACTVS + descriptors,nbi-27914,3 rings,3.0
176158,sb-216763,176158.0,8.218812,10.570488,Morgan + MACCS + CACTVS + descriptors,sb-216763,4+ rings,4.0
176163,aminopentamide,176163.0,6.922583,7.6040883,Morgan + MACCS + CACTVS + descriptors,aminopentamide,2 rings,2.0
176167,enzastaurin,176167.0,8.251026,10.704365,Morgan + MACCS + CACTVS + descriptors,enzastaurin,4+ rings,7.0
176407,zm-241385,176407.0,9.891651,9.565614,Morgan + MACCS + CACTVS + descriptors,zm-241385,4+ rings,4.0
176408,sch-58261,176408.0,10.004651,9.6473675,Morgan + MACCS + CACTVS + descriptors,sch-58261,4+ rings,5.0
17676,acetophenazine,17676.0,6.5702424,8.220825,Morgan + MACCS + CACTVS + descriptors,acetophenazine,4+ rings,4.0
176870,erlotinib,176870.0,10.346156,10.40882,Morgan + MACCS + CACTVS + descriptors,erlotinib,3 rings,3.0
176873,cilengitide,176873.0,7.3387737,7.4490237,Morgan + MACCS + CACTVS + descriptors,cilengitide,2 rings,2.0
176874,adelmidrol,176874.0,1.158856,8.512876,Morgan + MACCS + CACTVS + descriptors,adelmidrol,0 rings,0.0
176885,ethynylcytidine,176885.0,2.4102218,9.668193,Morgan + MACCS + CACTVS + descriptors,ethynylcytidine,2 rings,2.0
177236,darusentan,177236.0,9.898359,10.341735,Morgan + MACCS + CACTVS + descriptors,darusentan,3 rings,3.0
177336,piboserod,177336.0,9.142937,10.261911,Morgan + MACCS + CACTVS + descriptors,piboserod,4+ rings,4.0
1775,phenytoin,1775.0,7.036834,8.004266,Morgan + MACCS + CACTVS + descriptors,phenytoin,3 rings,3.0
17751063,tg-100713,17751063.0,9.919146,10.196768,Morgan + MACCS + CACTVS + descriptors,tg-100713,3 rings,3.0
17751090,mavatrep,17751090.0,6.994469,10.529445,Morgan + MACCS + CACTVS + descriptors,mavatrep,4+ rings,4.0
17751819,cct128930,17751819.0,7.0291023,10.728703,Morgan + MACCS + CACTVS + descriptors,cct128930,4+ rings,4.0
17753852,pd-318088,17753852.0,7.617015,8.020875,Morgan + MACCS + CACTVS + descriptors,pd-318088,2 rings,2.0
17754438,pf-04217903,17754438.0,6.803411,10.798206,Morgan + MACCS + CACTVS + descriptors,pf-04217903,4+ rings,5.0
17755052,gdc-0941,17755052.0,7.650021,10.091252,Morgan + MACCS + CACTVS + descriptors,gdc-0941,4+ rings,6.0
17756618,sm-164,17756618.0,5.833529,5.715549,Morgan + MACCS + CACTVS + descriptors,sm-164,4+ rings,9.0
17756791,ro-08-2750,17756791.0,7.3200927,8.502937,Morgan + MACCS + CACTVS + descriptors,ro-08-2750,3 rings,3.0
17756796,bibu-1361,17756796.0,7.031395,10.624935,Morgan + MACCS + CACTVS + descriptors,bibu-1361,4+ rings,4.0
17759482,wwl-113,17759482.0,9.548181,10.352425,Morgan + MACCS + CACTVS + descriptors,wwl-113,4+ rings,4.0
177865,ym-511,177865.0,6.9607587,10.178161,Morgan + MACCS + CACTVS + descriptors,ym-511,3 rings,3.0
1779,"5,7-dichlorokynurenic-acid",1779.0,7.8938313,7.710514,Morgan + MACCS + CACTVS + descriptors,"5,7-dichlorokynurenic-acid",2 rings,2.0
177990,antalarmin,177990.0,6.851116,10.671256,Morgan + MACCS + CACTVS + descriptors,antalarmin,3 rings,3.0
177992,dmp-777,177992.0,9.201372,6.900051,Morgan + MACCS + CACTVS + descriptors,dmp-777,4+ rings,5.0
178024,ibutamoren,178024.0,8.390927,8.435648,Morgan + MACCS + CACTVS + descriptors,ibutamoren,4+ rings,4.0
178052,pozanicline,178052.0,9.472015,10.682394,Morgan + MACCS + CACTVS + descriptors,pozanicline,2 rings,2.0
17860,modaline,17860.0,5.7879024,11.080994,Morgan + MACCS + CACTVS + descriptors,modaline,2 rings,2.0
1791111,zcl-278,1791111.0,9.134683,9.544522,Morgan + MACCS + CACTVS + descriptors,zcl-278,3 rings,3.0
179340,asimadoline,179340.0,7.104765,7.6269464,Morgan + MACCS + CACTVS + descriptors,asimadoline,4+ rings,4.0
179344,eslicarbazepine-acetate,179344.0,7.6612372,7.94661,Morgan + MACCS + CACTVS + descriptors,eslicarbazepine-acetate,3 rings,3.0
1794427,chlorogenic-acid,1794427.0,8.618207,5.050933,Morgan + MACCS + CACTVS + descriptors,chlorogenic-acid,2 rings,2.0
1795,eipa,1795.0,5.732312,11.360297,Morgan + MACCS + CACTVS + descriptors,eipa,1 ring,1.0
179536,sodium-danshensu,179536.0,8.210359,5.5685,Morgan + MACCS + CACTVS + descriptors,sodium-danshensu,1 ring,1.0
179651,limonin,179651.0,8.222306,4.918968,Morgan + MACCS + CACTVS + descriptors,limonin,4+ rings,7.0
17980288,sr-1078,17980288.0,7.9481387,7.6785917,Morgan + MACCS + CACTVS + descriptors,sr-1078,2 rings,2.0
180081,dizocilpine-(+),180081.0,6.3868566,7.489521,Morgan + MACCS + CACTVS + descriptors,dizocilpine-(+),4+ rings,4.0
180496,dvd-111,180496.0,7.253678,7.463871,Morgan + MACCS + CACTVS + descriptors,dvd-111,2 rings,2.0
180540,ketoprofen,180540.0,7.0811815,6.16423,Morgan + MACCS + CACTVS + descriptors,ketoprofen,2 rings,2.0
180559,atenolol-(+),180559.0,8.802452,6.4815,Morgan + MACCS + CACTVS + descriptors,atenolol-(+),1 ring,1.0
180621,mexiletine,180621.0,8.714167,6.2964435,Morgan + MACCS + CACTVS + descriptors,mexiletine,1 ring,1.0
18087,clopidol,18087.0,1.4658074,9.130222,Morgan + MACCS + CACTVS + descriptors,clopidol,1 ring,1.0
1809,5-carboxamidotryptamine,1809.0,8.374045,10.634877,Morgan + MACCS + CACTVS + descriptors,5-carboxamidotryptamine,2 rings,2.0
181380,tiaprofenic-acid,181380.0,7.077901,6.220429,Morgan + MACCS + CACTVS + descriptors,tiaprofenic-acid,2 rings,2.0
1816834,i-bza2,1816834.0,7.06044,7.650235,Morgan + MACCS + CACTVS + descriptors,i-bza2,1 ring,1.0
181757,prenylamine,181757.0,6.4196987,7.507538,Morgan + MACCS + CACTVS + descriptors,prenylamine,3 rings,3.0
181817,ketorolac,181817.0,8.7502775,10.62741,Morgan + MACCS + CACTVS + descriptors,ketorolac,3 rings,3.0
182176,albuterol,182176.0,8.067773,6.4513254,Morgan + MACCS + CACTVS + descriptors,albuterol,1 ring,1.0
182230,aceglutamide,182230.0,1.3084785,8.451292,Morgan + MACCS + CACTVS + descriptors,aceglutamide,0 rings,0.0
1825,m-14157,1825.0,0.4198995,8.342818,Morgan + MACCS + CACTVS + descriptors,m-14157,0 rings,0.0
1825716,zln024,1825716.0,9.798901,10.015781,Morgan + MACCS + CACTVS + descriptors,zln024,2 rings,2.0
182593,rs-23597-190,182593.0,9.114381,7.439436,Morgan + MACCS + CACTVS + descriptors,rs-23597-190,2 rings,2.0
18283,stavudine,18283.0,2.3669922,9.677987,Morgan + MACCS + CACTVS + descriptors,stavudine,2 rings,2.0
183351,ha-966-(s)-(-),183351.0,1.4908322,8.918627,Morgan + MACCS + CACTVS + descriptors,ha-966-(s)-(-),1 ring,1.0
18343,doxifluridine,18343.0,2.3662312,9.665574,Morgan + MACCS + CACTVS + descriptors,doxifluridine,2 rings,2.0
183470,u-54494a,183470.0,6.886687,7.800174,Morgan + MACCS + CACTVS + descriptors,u-54494a,3 rings,3.0
18376177,taprenepag,18376177.0,9.195885,9.725044,Morgan + MACCS + CACTVS + descriptors,taprenepag,4+ rings,4.0
183782,rs-67333,183782.0,9.126016,7.43006,Morgan + MACCS + CACTVS + descriptors,rs-67333,2 rings,2.0
183790,tak-779,183790.0,6.7044067,8.314714,Morgan + MACCS + CACTVS + descriptors,tak-779,4+ rings,5.0
18381,dicloxacillin,18381.0,3.800225,7.952554,Morgan + MACCS + CACTVS + descriptors,dicloxacillin,4+ rings,4.0
184147,nefopam,184147.0,7.653943,6.9379363,Morgan + MACCS + CACTVS + descriptors,nefopam,3 rings,3.0
184644,adaptavir,184644.0,5.928413,5.5801973,Morgan + MACCS + CACTVS + descriptors,adaptavir,1 ring,1.0
184819,propafenone,184819.0,8.724897,6.3721385,Morgan + MACCS + CACTVS + descriptors,propafenone,2 rings,2.0
184838,bamaquimast,184838.0,7.1153836,8.271973,Morgan + MACCS + CACTVS + descriptors,bamaquimast,2 rings,2.0
185394,carvedilol,185394.0,9.50648,10.545146,Morgan + MACCS + CACTVS + descriptors,carvedilol,4+ rings,4.0
1858,6-chloromelatonin,1858.0,9.501611,10.592328,Morgan + MACCS + CACTVS + descriptors,6-chloromelatonin,2 rings,2.0
18642481,cevimeline,18642481.0,1.1585392,9.167829,Morgan + MACCS + CACTVS + descriptors,cevimeline,4+ rings,4.0
187,acetylcholine,187.0,1.2275391,9.717367,Morgan + MACCS + CACTVS + descriptors,acetylcholine,0 rings,0.0
18738120,aramchol,18738120.0,0.20770095,7.301108,Morgan + MACCS + CACTVS + descriptors,aramchol,4+ rings,4.0
187827,phenothrin,187827.0,8.429592,5.505449,Morgan + MACCS + CACTVS + descriptors,phenothrin,3 rings,3.0
1884,7-chlorokynurenic-acid,1884.0,7.8537145,7.7532477,Morgan + MACCS + CACTVS + descriptors,7-chlorokynurenic-acid,2 rings,2.0
18879973,sbi-115,18879973.0,9.190821,9.682603,Morgan + MACCS + CACTVS + descriptors,sbi-115,2 rings,2.0
188803,spaglumic-acid,188803.0,1.3634927,8.3253,Morgan + MACCS + CACTVS + descriptors,spaglumic-acid,0 rings,0.0
188914,bd-1047,188914.0,6.551718,7.672505,Morgan + MACCS + CACTVS + descriptors,bd-1047,1 ring,1.0
188942,ngd-94-1,188942.0,6.9443955,10.748344,Morgan + MACCS + CACTVS + descriptors,ngd-94-1,4+ rings,4.0
1892,etofylline,1892.0,5.7230134,11.435526,Morgan + MACCS + CACTVS + descriptors,etofylline,2 rings,2.0
1893,7-nitroindazole,1893.0,7.008296,9.939916,Morgan + MACCS + CACTVS + descriptors,7-nitroindazole,2 rings,2.0
1893668,tg-003,1893668.0,8.729651,7.1159286,Morgan + MACCS + CACTVS + descriptors,tg-003,2 rings,2.0
1893730,xl147,1893730.0,8.07015,9.673102,Morgan + MACCS + CACTVS + descriptors,xl147,4+ rings,5.0
1894361,amn-082,1894361.0,6.4698725,7.552253,Morgan + MACCS + CACTVS + descriptors,amn-082,4+ rings,4.0
189556,indobufen,189556.0,7.5603023,8.060695,Morgan + MACCS + CACTVS + descriptors,indobufen,3 rings,3.0
189562,nebivolol,189562.0,8.839818,6.340552,Morgan + MACCS + CACTVS + descriptors,nebivolol,4+ rings,4.0
189821,deflazacort,189821.0,0.2938154,6.190015,Morgan + MACCS + CACTVS + descriptors,deflazacort,4+ rings,5.0
190,adenine,190.0,5.807487,11.250787,Morgan + MACCS + CACTVS + descriptors,adenine,2 rings,2.0
19009,palmatine-chloride,19009.0,9.738314,10.480875,Morgan + MACCS + CACTVS + descriptors,palmatine-chloride,4+ rings,4.0
1901244,apoptosis-activator-ii,1901244.0,7.2415657,8.363118,Morgan + MACCS + CACTVS + descriptors,apoptosis-activator-ii,3 rings,3.0
19090,megestrol,19090.0,0.099925816,6.7503586,Morgan + MACCS + CACTVS + descriptors,megestrol,4+ rings,4.0
190901,n-mppp,190901.0,6.9602036,7.7840843,Morgan + MACCS + CACTVS + descriptors,n-mppp,3 rings,3.0
19103,nsc-3852,19103.0,9.263418,10.924411,Morgan + MACCS + CACTVS + descriptors,nsc-3852,2 rings,2.0
1917817,praziquantel,1917817.0,7.022642,7.8598695,Morgan + MACCS + CACTVS + descriptors,praziquantel,4+ rings,4.0
192197,hexestrol,192197.0,7.801892,5.6106167,Morgan + MACCS + CACTVS + descriptors,hexestrol,2 rings,2.0
1923,oxyquinoline,1923.0,9.2596655,10.914519,Morgan + MACCS + CACTVS + descriptors,oxyquinoline,2 rings,2.0
19266,acedoben,19266.0,7.903323,7.6159725,Morgan + MACCS + CACTVS + descriptors,acedoben,1 ring,1.0
192706,phenserine,192706.0,8.993637,7.1678553,Morgan + MACCS + CACTVS + descriptors,phenserine,4+ rings,4.0
1935,tacrine,1935.0,7.039492,10.121577,Morgan + MACCS + CACTVS + descriptors,tacrine,3 rings,3.0
193653,scmc-lys,193653.0,1.1399693,8.587311,Morgan + MACCS + CACTVS + descriptors,scmc-lys,0 rings,0.0
19371515,alcaftadine,19371515.0,7.422267,10.938078,Morgan + MACCS + CACTVS + descriptors,alcaftadine,4+ rings,4.0
193962,etravirine,193962.0,10.016288,10.267155,Morgan + MACCS + CACTVS + descriptors,etravirine,3 rings,3.0
1949,ro-48-8071,1949.0,8.611168,6.5526123,Morgan + MACCS + CACTVS + descriptors,ro-48-8071,2 rings,2.0
195165,sr-95639a,195165.0,6.9019704,10.6308,Morgan + MACCS + CACTVS + descriptors,sr-95639a,4+ rings,4.0
19529,diloxanide,19529.0,8.701296,7.300125,Morgan + MACCS + CACTVS + descriptors,diloxanide,2 rings,2.0
195609,y-29794,195609.0,7.9312425,10.233214,Morgan + MACCS + CACTVS + descriptors,y-29794,2 rings,2.0
19582717,isx-9,19582717.0,8.6236925,9.194075,Morgan + MACCS + CACTVS + descriptors,isx-9,3 rings,3.0
19649,streptomycin,19649.0,1.5827078,7.5491257,Morgan + MACCS + CACTVS + descriptors,streptomycin,3 rings,3.0
19667,bephenium-hydroxynaphthoate,19667.0,7.5394387,6.576157,Morgan + MACCS + CACTVS + descriptors,bephenium-hydroxynaphthoate,2 rings,2.0
1967,docebenone,1967.0,0.27419028,7.916188,Morgan + MACCS + CACTVS + descriptors,docebenone,1 ring,1.0
19675,piperacetazine,19675.0,6.5719423,8.224543,Morgan + MACCS + CACTVS + descriptors,piperacetazine,4+ rings,4.0
196841,fr-122047,196841.0,9.460441,9.648016,Morgan + MACCS + CACTVS + descriptors,fr-122047,4+ rings,4.0
196968,rs-127445,196968.0,6.9312434,10.264665,Morgan + MACCS + CACTVS + descriptors,rs-127445,3 rings,3.0
196970,e7820,196970.0,8.093927,9.741011,Morgan + MACCS + CACTVS + descriptors,e7820,3 rings,3.0
197033,latrepirdine,197033.0,7.549681,10.198653,Morgan + MACCS + CACTVS + descriptors,latrepirdine,4+ rings,4.0
1973,abt-702,1973.0,6.9724874,10.99566,Morgan + MACCS + CACTVS + descriptors,abt-702,4+ rings,5.0
197584,cgp-54626,197584.0,7.619918,6.8205733,Morgan + MACCS + CACTVS + descriptors,cgp-54626,2 rings,2.0
197706,donitriptan,197706.0,9.576991,10.362351,Morgan + MACCS + CACTVS + descriptors,donitriptan,4+ rings,4.0
197835,"hydrastine-(1r,9s)",197835.0,9.2618685,6.72731,Morgan + MACCS + CACTVS + descriptors,"hydrastine-(1r,9s)",4+ rings,5.0
1981,acemetacin,1981.0,9.156416,10.216971,Morgan + MACCS + CACTVS + descriptors,acemetacin,3 rings,3.0
1983,paracetamol,1983.0,8.181449,7.460074,Morgan + MACCS + CACTVS + descriptors,paracetamol,1 ring,1.0
198325,wy-16922,198325.0,8.611719,7.105699,Morgan + MACCS + CACTVS + descriptors,wy-16922,1 ring,1.0
1985,acetarsol,1985.0,8.232013,7.5974984,Morgan + MACCS + CACTVS + descriptors,acetarsol,1 ring,1.0
1986,acetazolamide,1986.0,1.3441931,9.098238,Morgan + MACCS + CACTVS + descriptors,acetazolamide,1 ring,1.0
19861,azatadine,19861.0,7.286608,10.234652,Morgan + MACCS + CACTVS + descriptors,azatadine,4+ rings,4.0
198693,ci-966,198693.0,7.3177977,6.9185348,Morgan + MACCS + CACTVS + descriptors,ci-966,3 rings,3.0
198695,fasoracetam,198695.0,1.4966074,8.905609,Morgan + MACCS + CACTVS + descriptors,fasoracetam,2 rings,2.0
198747,osemozotan,198747.0,8.958941,6.464466,Morgan + MACCS + CACTVS + descriptors,osemozotan,4+ rings,4.0
1989,acetohexamide,1989.0,8.195035,8.450038,Morgan + MACCS + CACTVS + descriptors,acetohexamide,2 rings,2.0
199,agmatine,199.0,0.89057237,9.169159,Morgan + MACCS + CACTVS + descriptors,agmatine,0 rings,0.0
1990,acetohydroxamic-acid,1990.0,1.0645337,8.901603,Morgan + MACCS + CACTVS + descriptors,acetohydroxamic-acid,0 rings,0.0
19909,aminothiadiazole,19909.0,0.9834075,9.282531,Morgan + MACCS + CACTVS + descriptors,aminothiadiazole,1 ring,1.0
19910,nitroxoline,19910.0,9.255734,10.922963,Morgan + MACCS + CACTVS + descriptors,nitroxoline,2 rings,2.0
19958,bitoscanate,19958.0,6.7779675,8.654458,Morgan + MACCS + CACTVS + descriptors,bitoscanate,1 ring,1.0
19988,sulisobenzone,19988.0,8.405187,5.1171722,Morgan + MACCS + CACTVS + descriptors,sulisobenzone,2 rings,2.0
200136,"6,7-dehydro-17-acetoxy-progesterone",200136.0,0.30636993,6.6427727,Morgan + MACCS + CACTVS + descriptors,"6,7-dehydro-17-acetoxy-progesterone",4+ rings,4.0
20039,dideoxyadenosine,20039.0,6.0834,11.699894,Morgan + MACCS + CACTVS + descriptors,dideoxyadenosine,3 rings,3.0
2005,acexamic-acid,2005.0,1.1381803,8.486552,Morgan + MACCS + CACTVS + descriptors,acexamic-acid,0 rings,0.0
200510,ci-844,200510.0,9.372286,10.77648,Morgan + MACCS + CACTVS + descriptors,ci-844,2 rings,2.0
20058,uridine-triacetate,20058.0,2.4077625,9.660245,Morgan + MACCS + CACTVS + descriptors,uridine-triacetate,2 rings,2.0
2006,acitazanolast,2006.0,7.106408,8.760594,Morgan + MACCS + CACTVS + descriptors,acitazanolast,2 rings,2.0
2011756,cid-2011756,2011756.0,9.08714,7.4350834,Morgan + MACCS + CACTVS + descriptors,cid-2011756,4+ rings,4.0
2016,acriflavinium,2016.0,6.397066,8.729096,Morgan + MACCS + CACTVS + descriptors,acriflavinium,3 rings,3.0
2017,ethacridine-lactate-monohydrate,2017.0,9.76387,10.527131,Morgan + MACCS + CACTVS + descriptors,ethacridine-lactate-monohydrate,3 rings,3.0
2018,actarit,2018.0,7.7648573,7.6882567,Morgan + MACCS + CACTVS + descriptors,actarit,1 ring,1.0
202035,nifenalol,202035.0,8.02885,6.6263294,Morgan + MACCS + CACTVS + descriptors,nifenalol,1 ring,1.0
202478,preclamol,202478.0,8.148193,6.7558417,Morgan + MACCS + CACTVS + descriptors,preclamol,2 rings,2.0
20279,cladribine,20279.0,6.0826697,11.773869,Morgan + MACCS + CACTVS + descriptors,cladribine,3 rings,3.0
2031,adiphenine,2031.0,7.244994,6.7692046,Morgan + MACCS + CACTVS + descriptors,adiphenine,2 rings,2.0
20353,d-alpha-tocopheryl-succinate,20353.0,8.25104,5.2611327,Morgan + MACCS + CACTVS + descriptors,d-alpha-tocopheryl-succinate,2 rings,2.0
203685,alprenolol,203685.0,8.76891,6.2351947,Morgan + MACCS + CACTVS + descriptors,alprenolol,1 ring,1.0
2040,afloqualone,2040.0,7.358186,8.528182,Morgan + MACCS + CACTVS + descriptors,afloqualone,3 rings,3.0
204108,maropitant,204108.0,8.924926,6.6627903,Morgan + MACCS + CACTVS + descriptors,maropitant,4+ rings,6.0
2044,ag-1024,2044.0,7.8155513,5.575556,Morgan + MACCS + CACTVS + descriptors,ag-1024,1 ring,1.0
2049,tyrphostin-ag-1296,2049.0,9.701625,10.539249,Morgan + MACCS + CACTVS + descriptors,tyrphostin-ag-1296,3 rings,3.0
2051,tyrphostin-ag-1478,2051.0,10.356381,10.458511,Morgan + MACCS + CACTVS + descriptors,tyrphostin-ag-1478,3 rings,3.0
2052,tyrphostin-ag-18,2052.0,7.9493465,5.707594,Morgan + MACCS + CACTVS + descriptors,tyrphostin-ag-18,1 ring,1.0
20525,asaraldehyde,20525.0,8.399703,5.4004993,Morgan + MACCS + CACTVS + descriptors,asaraldehyde,1 ring,1.0
2054170,lm-22a4,2054170.0,7.287835,7.6191382,Morgan + MACCS + CACTVS + descriptors,lm-22a4,1 ring,1.0
205912,rucinol,205912.0,7.833732,5.590365,Morgan + MACCS + CACTVS + descriptors,rucinol,1 ring,1.0
2060890,benzotript,2060890.0,8.562591,10.542488,Morgan + MACCS + CACTVS + descriptors,benzotript,3 rings,3.0
2075,aklomide,2075.0,7.788269,8.318598,Morgan + MACCS + CACTVS + descriptors,aklomide,1 ring,1.0
207845,trihexyphenidyl,207845.0,7.4332995,6.9964952,Morgan + MACCS + CACTVS + descriptors,trihexyphenidyl,3 rings,3.0
20787,buramate,20787.0,7.079152,7.3051653,Morgan + MACCS + CACTVS + descriptors,buramate,1 ring,1.0
207893,prt4165,207893.0,8.349324,10.980778,Morgan + MACCS + CACTVS + descriptors,prt4165,3 rings,3.0
2082,albendazole,2082.0,7.588683,10.60432,Morgan + MACCS + CACTVS + descriptors,albendazole,2 rings,2.0
20864,st-91,20864.0,6.6617537,8.381586,Morgan + MACCS + CACTVS + descriptors,st-91,2 rings,2.0
208825,tiopronin,208825.0,1.3042628,8.472903,Morgan + MACCS + CACTVS + descriptors,tiopronin,0 rings,0.0
208898,dronedarone,208898.0,9.055721,7.941064,Morgan + MACCS + CACTVS + descriptors,dronedarone,3 rings,3.0
208901,tesaglitazar,208901.0,8.433357,5.464853,Morgan + MACCS + CACTVS + descriptors,tesaglitazar,2 rings,2.0
208902,ramelteon,208902.0,8.931394,6.4187922,Morgan + MACCS + CACTVS + descriptors,ramelteon,3 rings,3.0
208908,lapatinib,208908.0,9.757646,9.728942,Morgan + MACCS + CACTVS + descriptors,lapatinib,4+ rings,5.0
208910,firocoxib,208910.0,7.391194,6.144629,Morgan + MACCS + CACTVS + descriptors,firocoxib,3 rings,3.0
208925,arundic-acid,208925.0,0.41035518,8.330985,Morgan + MACCS + CACTVS + descriptors,arundic-acid,0 rings,0.0
208928,f-11440,208928.0,6.505711,11.306372,Morgan + MACCS + CACTVS + descriptors,f-11440,3 rings,3.0
208946,etosalamide,208946.0,8.5427475,6.3402233,Morgan + MACCS + CACTVS + descriptors,etosalamide,1 ring,1.0
208953,zk-200775,208953.0,7.2538424,8.287769,Morgan + MACCS + CACTVS + descriptors,zk-200775,3 rings,3.0
20916937,stf-118804,20916937.0,9.085265,9.680328,Morgan + MACCS + CACTVS + descriptors,stf-118804,4+ rings,4.0
2099,alosetron,2099.0,7.7213078,11.0956,Morgan + MACCS + CACTVS + descriptors,alosetron,4+ rings,4.0
21023902,sb-706375,21023902.0,9.0151825,7.985495,Morgan + MACCS + CACTVS + descriptors,sb-706375,3 rings,3.0
210332,reversine,210332.0,6.9223723,10.948989,Morgan + MACCS + CACTVS + descriptors,reversine,4+ rings,5.0
21071390,idalopirdine,21071390.0,9.517718,10.566853,Morgan + MACCS + CACTVS + descriptors,idalopirdine,3 rings,3.0
21109,trimetazidine,21109.0,9.157617,6.602954,Morgan + MACCS + CACTVS + descriptors,trimetazidine,2 rings,2.0
21133161,emeramide,21133161.0,7.073901,7.550838,Morgan + MACCS + CACTVS + descriptors,emeramide,1 ring,1.0
21138,propranolol-(r),21138.0,8.798976,6.2350335,Morgan + MACCS + CACTVS + descriptors,propranolol-(r),2 rings,2.0
21149973,ibutilide,21149973.0,8.581479,8.076099,Morgan + MACCS + CACTVS + descriptors,ibutilide,1 ring,1.0
2120,alrestatin,2120.0,7.218465,7.755047,Morgan + MACCS + CACTVS + descriptors,alrestatin,3 rings,3.0
2123,altretamine,2123.0,0.9594545,9.31677,Morgan + MACCS + CACTVS + descriptors,altretamine,1 ring,1.0
21233,metocurine,21233.0,7.681573,6.592992,Morgan + MACCS + CACTVS + descriptors,metocurine,4+ rings,8.0
2125,am-251,2125.0,8.256267,10.163216,Morgan + MACCS + CACTVS + descriptors,am-251,4+ rings,4.0
2126,am-580,2126.0,7.9192095,7.6783566,Morgan + MACCS + CACTVS + descriptors,am-580,3 rings,3.0
2130,amantadine,2130.0,0.9122482,9.287828,Morgan + MACCS + CACTVS + descriptors,amantadine,4+ rings,4.0
21302490,lumateperone,21302490.0,7.1625123,8.313356,Morgan + MACCS + CACTVS + descriptors,lumateperone,4+ rings,5.0
213039,darunavir,213039.0,8.354137,8.463998,Morgan + MACCS + CACTVS + descriptors,darunavir,4+ rings,4.0
213046,lurasidone,213046.0,7.5434737,9.491701,Morgan + MACCS + CACTVS + descriptors,lurasidone,4+ rings,7.0
213054,soraprazan,213054.0,6.891327,11.145486,Morgan + MACCS + CACTVS + descriptors,soraprazan,4+ rings,4.0
213056,eglumetad,213056.0,1.0778837,8.582268,Morgan + MACCS + CACTVS + descriptors,eglumetad,2 rings,2.0
2131,ambenonium,2131.0,6.463123,8.229697,Morgan + MACCS + CACTVS + descriptors,ambenonium,2 rings,2.0
21319,flucloxacillin,21319.0,3.7992868,7.9701767,Morgan + MACCS + CACTVS + descriptors,flucloxacillin,4+ rings,4.0
2132298,enisamium-iodide,2132298.0,6.481967,8.797451,Morgan + MACCS + CACTVS + descriptors,enisamium-iodide,2 rings,2.0
2134,ametantrone,2134.0,7.590022,8.023882,Morgan + MACCS + CACTVS + descriptors,ametantrone,3 rings,3.0
2136,amfenac,2136.0,7.8548813,7.6244755,Morgan + MACCS + CACTVS + descriptors,amfenac,2 rings,2.0
2140,diatrizoic-acid,2140.0,7.8564854,7.656372,Morgan + MACCS + CACTVS + descriptors,diatrizoic-acid,1 ring,1.0
214346,bci-540,214346.0,9.397391,10.095345,Morgan + MACCS + CACTVS + descriptors,bci-540,4+ rings,4.0
214347,dapivirine,214347.0,6.9007936,10.420548,Morgan + MACCS + CACTVS + descriptors,dapivirine,3 rings,3.0
214348,deferasirox,214348.0,9.167351,10.238458,Morgan + MACCS + CACTVS + descriptors,deferasirox,4+ rings,4.0
214350,flindokalner,214350.0,8.621179,7.5016007,Morgan + MACCS + CACTVS + descriptors,flindokalner,3 rings,3.0
214356,fosfluconazole,214356.0,7.241577,9.955201,Morgan + MACCS + CACTVS + descriptors,fosfluconazole,3 rings,3.0
21453,diaveridine,21453.0,10.184512,10.404965,Morgan + MACCS + CACTVS + descriptors,diaveridine,2 rings,2.0
2146,aminoguanidine,2146.0,0.85522527,9.236453,Morgan + MACCS + CACTVS + descriptors,aminoguanidine,0 rings,0.0
21470,thaliblastine,21470.0,9.234691,6.642753,Morgan + MACCS + CACTVS + descriptors,thaliblastine,4+ rings,7.0
2148,4-aminohippuric-acid,2148.0,7.4912443,7.605274,Morgan + MACCS + CACTVS + descriptors,4-aminohippuric-acid,1 ring,1.0
2149494,sid-7969543,2149494.0,9.214339,7.2181253,Morgan + MACCS + CACTVS + descriptors,sid-7969543,4+ rings,4.0
2151,ampyrone,2151.0,7.096674,8.736822,Morgan + MACCS + CACTVS + descriptors,ampyrone,2 rings,2.0
2153,aminophylline,2153.0,5.7048287,11.384053,Morgan + MACCS + CACTVS + descriptors,aminophylline,2 rings,2.0
2155,aminothiazole,2155.0,5.6393633,11.008913,Morgan + MACCS + CACTVS + descriptors,aminothiazole,1 ring,1.0
2157,amiodarone,2157.0,8.630229,6.542526,Morgan + MACCS + CACTVS + descriptors,amiodarone,3 rings,3.0
21584481,dmso,21584481.0,0.520733,9.050101,Morgan + MACCS + CACTVS + descriptors,dmso,0 rings,0.0
21585658,daptomycin,21585658.0,5.8105435,5.502258,Morgan + MACCS + CACTVS + descriptors,daptomycin,4+ rings,4.0
2160,amitriptyline,2160.0,6.4330196,7.61349,Morgan + MACCS + CACTVS + descriptors,amitriptyline,3 rings,3.0
2161,amlexanox,2161.0,9.577831,10.331384,Morgan + MACCS + CACTVS + descriptors,amlexanox,3 rings,3.0
216208,capromorelin,216208.0,7.541306,7.487009,Morgan + MACCS + CACTVS + descriptors,capromorelin,4+ rings,4.0
216210,dabigatran,216210.0,7.655141,11.191063,Morgan + MACCS + CACTVS + descriptors,dabigatran,4+ rings,4.0
216222,florifenine,216222.0,8.576643,10.690363,Morgan + MACCS + CACTVS + descriptors,florifenine,4+ rings,4.0
216235,sitaxentan,216235.0,8.734046,9.084104,Morgan + MACCS + CACTVS + descriptors,sitaxentan,4+ rings,4.0
216239,sorafenib,216239.0,9.913862,10.336806,Morgan + MACCS + CACTVS + descriptors,sorafenib,3 rings,3.0
21626088,"cis-exo-camphanediol-2,3",21626088.0,0.056540318,7.4598756,Morgan + MACCS + CACTVS + descriptors,"cis-exo-camphanediol-2,3",2 rings,2.0
216305,alagebrium,216305.0,6.449603,8.746037,Morgan + MACCS + CACTVS + descriptors,alagebrium,2 rings,2.0
21632,u-0521,21632.0,8.271835,5.4875793,Morgan + MACCS + CACTVS + descriptors,u-0521,1 ring,1.0
216325,succinobucol,216325.0,8.3984585,5.367171,Morgan + MACCS + CACTVS + descriptors,succinobucol,2 rings,2.0
216327,senicapoc,216327.0,6.8696947,7.415699,Morgan + MACCS + CACTVS + descriptors,senicapoc,3 rings,3.0
216454,l-778123,216454.0,7.39359,10.804952,Morgan + MACCS + CACTVS + descriptors,l-778123,4+ rings,4.0
216456,ocinaplon,216456.0,7.3648415,10.847543,Morgan + MACCS + CACTVS + descriptors,ocinaplon,4+ rings,4.0
216468,indisulam,216468.0,8.170914,9.597431,Morgan + MACCS + CACTVS + descriptors,indisulam,3 rings,3.0
2167221,bay-w-9798,2167221.0,7.3172965,6.679857,Morgan + MACCS + CACTVS + descriptors,bay-w-9798,2 rings,2.0
21678144,dpo-1,21678144.0,6.501636,7.268835,Morgan + MACCS + CACTVS + descriptors,dpo-1,3 rings,3.0
2170,amoxapine,2170.0,8.633766,7.229159,Morgan + MACCS + CACTVS + descriptors,amoxapine,4+ rings,4.0
21700,beclomethasone-dipropionate,21700.0,0.26814434,6.1555705,Morgan + MACCS + CACTVS + descriptors,beclomethasone-dipropionate,4+ rings,4.0
21704,vidarabine,21704.0,6.0966773,11.788011,Morgan + MACCS + CACTVS + descriptors,vidarabine,3 rings,3.0
21706,diadenosine-tetraphosphate,21706.0,6.095658,11.7998495,Morgan + MACCS + CACTVS + descriptors,diadenosine-tetraphosphate,4+ rings,6.0
21744,cefalonium,21744.0,3.2172494,8.046985,Morgan + MACCS + CACTVS + descriptors,cefalonium,4+ rings,4.0
2178,amprolium,2178.0,6.3941517,8.825094,Morgan + MACCS + CACTVS + descriptors,amprolium,2 rings,2.0
2179,amsacrine,2179.0,9.180539,9.679275,Morgan + MACCS + CACTVS + descriptors,amsacrine,4+ rings,4.0
21800,betamethasone-dipropionate,21800.0,0.27269027,6.117693,Morgan + MACCS + CACTVS + descriptors,betamethasone-dipropionate,4+ rings,4.0
21826,triamcinolone-hexacetonide,21826.0,0.30973715,6.0911455,Morgan + MACCS + CACTVS + descriptors,triamcinolone-hexacetonide,4+ rings,5.0
2187,anastrozole,2187.0,7.0501146,9.933124,Morgan + MACCS + CACTVS + descriptors,anastrozole,2 rings,2.0
21874557,vipadenant,21874557.0,9.953231,9.673694,Morgan + MACCS + CACTVS + descriptors,vipadenant,4+ rings,4.0
219024,regadenoson,219024.0,6.1127048,11.790985,Morgan + MACCS + CACTVS + descriptors,regadenoson,4+ rings,4.0
219046,moguisteine,219046.0,8.807593,6.5536137,Morgan + MACCS + CACTVS + descriptors,moguisteine,2 rings,2.0
219100,idronoxil,219100.0,8.423079,5.1708694,Morgan + MACCS + CACTVS + descriptors,idronoxil,3 rings,3.0
219101,traxoprodil,219101.0,7.9990454,6.834394,Morgan + MACCS + CACTVS + descriptors,traxoprodil,3 rings,3.0
2194,anethole-trithione,2194.0,8.256138,5.689404,Morgan + MACCS + CACTVS + descriptors,anethole-trithione,2 rings,2.0
21952380,succinic-acid,21952380.0,0.2603718,8.634822,Morgan + MACCS + CACTVS + descriptors,succinic-acid,0 rings,0.0
2196,aniracetam,2196.0,9.086125,6.7664847,Morgan + MACCS + CACTVS + descriptors,aniracetam,2 rings,2.0
2197,anisindione,2197.0,8.420109,5.225142,Morgan + MACCS + CACTVS + descriptors,anisindione,3 rings,3.0
2200,antazoline,2200.0,6.549219,8.181104,Morgan + MACCS + CACTVS + descriptors,antazoline,3 rings,3.0
2201,9-anthracenecarboxylic-acid,2201.0,7.109249,6.1220875,Morgan + MACCS + CACTVS + descriptors,9-anthracenecarboxylic-acid,3 rings,3.0
2202,anthralin,2202.0,8.111782,5.0895305,Morgan + MACCS + CACTVS + descriptors,anthralin,3 rings,3.0
22024915,icotinib,22024915.0,10.311769,10.386569,Morgan + MACCS + CACTVS + descriptors,icotinib,4+ rings,4.0
22049997,ph-797804,22049997.0,8.659849,7.504101,Morgan + MACCS + CACTVS + descriptors,ph-797804,3 rings,3.0
2206,phenazone,2206.0,7.128605,8.687717,Morgan + MACCS + CACTVS + descriptors,phenazone,2 rings,2.0
2210370,fph1-(brd-6125),2210370.0,8.348687,8.62779,Morgan + MACCS + CACTVS + descriptors,fph1-(brd-6125),2 rings,2.0
221354,nsc-5844,221354.0,7.3375363,10.258542,Morgan + MACCS + CACTVS + descriptors,nsc-5844,4+ rings,4.0
2214,apocynin,2214.0,8.370715,5.5293403,Morgan + MACCS + CACTVS + descriptors,apocynin,1 ring,1.0
221493,cholic-acid,221493.0,0.113586,7.2908497,Morgan + MACCS + CACTVS + descriptors,cholic-acid,4+ rings,4.0
22152353,org-9768,22152353.0,6.435493,7.45751,Morgan + MACCS + CACTVS + descriptors,org-9768,2 rings,2.0
2216,apraclonidine,2216.0,6.791773,8.839711,Morgan + MACCS + CACTVS + descriptors,apraclonidine,2 rings,2.0
2218,aprindine,2218.0,6.575245,8.129685,Morgan + MACCS + CACTVS + descriptors,aprindine,3 rings,3.0
22200891,hjc-0350,22200891.0,8.184383,9.578449,Morgan + MACCS + CACTVS + descriptors,hjc-0350,2 rings,2.0
22227931,y-320,22227931.0,8.168091,10.314663,Morgan + MACCS + CACTVS + descriptors,y-320,4+ rings,5.0
222284,sitosterol,222284.0,-0.13388291,7.146028,Morgan + MACCS + CACTVS + descriptors,sitosterol,4+ rings,4.0
222285,erythritol,222285.0,0.19910581,8.817567,Morgan + MACCS + CACTVS + descriptors,erythritol,0 rings,0.0
22245705,sun-11602,22245705.0,7.2115116,8.241506,Morgan + MACCS + CACTVS + descriptors,sun-11602,3 rings,3.0
222528,deoxycholic-acid,222528.0,0.085201465,7.2683287,Morgan + MACCS + CACTVS + descriptors,deoxycholic-acid,4+ rings,4.0
222656,malic-acid,222656.0,0.10032024,8.736039,Morgan + MACCS + CACTVS + descriptors,malic-acid,0 rings,0.0
222757,estradiol-benzoate,222757.0,8.014232,4.7004123,Morgan + MACCS + CACTVS + descriptors,estradiol-benzoate,4+ rings,5.0
222786,cortisone,222786.0,0.1733027,6.284073,Morgan + MACCS + CACTVS + descriptors,cortisone,4+ rings,4.0
2229,arecaidine-propargyl-ester,2229.0,0.90583897,8.654501,Morgan + MACCS + CACTVS + descriptors,arecaidine-propargyl-ester,1 ring,1.0
2230,arecoline,2230.0,0.96794283,8.701051,Morgan + MACCS + CACTVS + descriptors,arecoline,1 ring,1.0
22347110,pci-29732,22347110.0,10.083266,9.727896,Morgan + MACCS + CACTVS + descriptors,pci-29732,4+ rings,5.0
223997,adrenosterone,223997.0,0.1718377,6.7360263,Morgan + MACCS + CACTVS + descriptors,adrenosterone,4+ rings,4.0
224246,isoflupredone-acetate,224246.0,0.27058148,6.127486,Morgan + MACCS + CACTVS + descriptors,isoflupredone-acetate,4+ rings,4.0
2244,aspirin,2244.0,8.308705,5.3726506,Morgan + MACCS + CACTVS + descriptors,aspirin,1 ring,1.0
2247,astemizole,2247.0,10.153787,9.927219,Morgan + MACCS + CACTVS + descriptors,astemizole,4+ rings,5.0
22494954,adipic-acid,22494954.0,0.27438453,8.583292,Morgan + MACCS + CACTVS + descriptors,adipic-acid,0 rings,0.0
2250650,hlcl-61,2250650.0,9.486482,10.449871,Morgan + MACCS + CACTVS + descriptors,hlcl-61,4+ rings,4.0
2250975,"2,3-dcpe",2250975.0,8.6976385,6.147886,Morgan + MACCS + CACTVS + descriptors,"2,3-dcpe",1 ring,1.0
2252542,sal003,2252542.0,7.1328363,8.483241,Morgan + MACCS + CACTVS + descriptors,sal003,2 rings,2.0
22530,mebhydrolin,22530.0,7.6239157,10.208585,Morgan + MACCS + CACTVS + descriptors,mebhydrolin,4+ rings,4.0
225362,plurisin-1,225362.0,8.239963,11.065593,Morgan + MACCS + CACTVS + descriptors,plurisin-1,2 rings,2.0
225609,fludrocortisone-acetate,225609.0,0.27168214,6.12129,Morgan + MACCS + CACTVS + descriptors,fludrocortisone-acetate,4+ rings,4.0
22609888,mrk-409,22609888.0,10.079419,9.677219,Morgan + MACCS + CACTVS + descriptors,mrk-409,4+ rings,5.0
2265,azathioprine,2265.0,5.6255255,11.158471,Morgan + MACCS + CACTVS + descriptors,azathioprine,3 rings,3.0
2266,azelaic-acid,2266.0,0.36212912,8.453032,Morgan + MACCS + CACTVS + descriptors,azelaic-acid,0 rings,0.0
2273,azosemide,2273.0,8.277468,9.07412,Morgan + MACCS + CACTVS + descriptors,azosemide,3 rings,3.0
2275,sodium-gualenate,2275.0,8.131707,8.339252,Morgan + MACCS + CACTVS + descriptors,sodium-gualenate,2 rings,2.0
22752,lobendazole,22752.0,7.542595,10.672785,Morgan + MACCS + CACTVS + descriptors,lobendazole,2 rings,2.0
227681,mira-1,227681.0,1.3484834,8.921719,Morgan + MACCS + CACTVS + descriptors,mira-1,1 ring,1.0
22839211,mivacurium,22839211.0,7.644972,6.576518,Morgan + MACCS + CACTVS + descriptors,mivacurium,4+ rings,6.0
22879197,sq-22536,22879197.0,6.0507493,11.534131,Morgan + MACCS + CACTVS + descriptors,sq-22536,3 rings,3.0
22880,nmda,22880.0,1.1929287,8.519876,Morgan + MACCS + CACTVS + descriptors,nmda,0 rings,0.0
22884799,cleviprex,22884799.0,7.317696,6.712826,Morgan + MACCS + CACTVS + descriptors,cleviprex,2 rings,2.0
229295,norethisterone-enanthate,229295.0,0.29519233,6.647449,Morgan + MACCS + CACTVS + descriptors,norethisterone-enanthate,4+ rings,4.0
2295463,tcs-3035,2295463.0,8.664956,6.1260977,Morgan + MACCS + CACTVS + descriptors,tcs-3035,2 rings,2.0
2296132,vu0357121,2296132.0,8.631978,7.269355,Morgan + MACCS + CACTVS + descriptors,vu0357121,2 rings,2.0
2298706,reversan,2298706.0,7.1800895,10.99202,Morgan + MACCS + CACTVS + descriptors,reversan,4+ rings,5.0
23009,nimorazole,23009.0,5.2570333,11.058873,Morgan + MACCS + CACTVS + descriptors,nimorazole,2 rings,2.0
2305942,salubrinal,2305942.0,7.795236,10.701985,Morgan + MACCS + CACTVS + descriptors,salubrinal,3 rings,3.0
230710,ml204,230710.0,6.9552684,10.534546,Morgan + MACCS + CACTVS + descriptors,ml204,3 rings,3.0
230748,inca-6,230748.0,6.9023776,6.374853,Morgan + MACCS + CACTVS + descriptors,inca-6,4+ rings,6.0
23087,enbucrilate,23087.0,0.48142907,8.572363,Morgan + MACCS + CACTVS + descriptors,enbucrilate,0 rings,0.0
2310,bemegride,2310.0,1.31869,9.002225,Morgan + MACCS + CACTVS + descriptors,bemegride,1 ring,1.0
23116322,kw-2478,23116322.0,9.154724,6.722523,Morgan + MACCS + CACTVS + descriptors,kw-2478,3 rings,3.0
2313,bendazac,2313.0,9.354533,10.035509,Morgan + MACCS + CACTVS + descriptors,bendazac,3 rings,3.0
231345,cis-acpd,231345.0,1.0532908,8.600912,Morgan + MACCS + CACTVS + descriptors,cis-acpd,1 ring,1.0
23188887,aa-29504,23188887.0,7.1289907,8.209774,Morgan + MACCS + CACTVS + descriptors,aa-29504,2 rings,2.0
2319,benfluralin,2319.0,7.803023,8.253674,Morgan + MACCS + CACTVS + descriptors,benfluralin,1 ring,1.0
233085,ah-7614,233085.0,8.883181,7.970225,Morgan + MACCS + CACTVS + descriptors,ah-7614,4+ rings,4.0
2333,benzbromarone,2333.0,8.438755,5.082528,Morgan + MACCS + CACTVS + descriptors,benzbromarone,3 rings,3.0
23342,creatinol-phosphate,23342.0,0.9058998,9.032991,Morgan + MACCS + CACTVS + descriptors,creatinol-phosphate,0 rings,0.0
2335,benzethonium,2335.0,7.5416045,6.560147,Morgan + MACCS + CACTVS + descriptors,benzethonium,2 rings,2.0
2337,benzocaine,2337.0,8.064419,7.3563266,Morgan + MACCS + CACTVS + descriptors,benzocaine,1 ring,1.0
23384,bonaphthone,23384.0,6.8749995,6.392206,Morgan + MACCS + CACTVS + descriptors,bonaphthone,2 rings,2.0
2345,benzyl-benzoate,2345.0,7.1557746,6.235142,Morgan + MACCS + CACTVS + descriptors,benzyl-benzoate,2 rings,2.0
2346,benzyl-isothiocyanate,2346.0,6.5074415,7.3998747,Morgan + MACCS + CACTVS + descriptors,benzyl-isothiocyanate,1 ring,1.0
23497,melevodopa,23497.0,7.9200034,6.4956737,Morgan + MACCS + CACTVS + descriptors,melevodopa,1 ring,1.0
2353,berberine,2353.0,9.787928,10.538185,Morgan + MACCS + CACTVS + descriptors,berberine,4+ rings,5.0
2354,diminazene-aceturate,2354.0,6.7889385,8.70364,Morgan + MACCS + CACTVS + descriptors,diminazene-aceturate,2 rings,2.0
235414,oxacyclohexadecan-2-one,235414.0,0.34526515,8.488057,Morgan + MACCS + CACTVS + descriptors,oxacyclohexadecan-2-one,1 ring,1.0
2355,bergapten,2355.0,8.456554,5.027038,Morgan + MACCS + CACTVS + descriptors,bergapten,3 rings,3.0
23582412,fevipiprant,23582412.0,8.2857895,9.882394,Morgan + MACCS + CACTVS + descriptors,fevipiprant,3 rings,3.0
23582824,gsk1059615,23582824.0,8.136862,10.7346115,Morgan + MACCS + CACTVS + descriptors,gsk1059615,4+ rings,4.0
23583507,am-1241,23583507.0,8.227796,10.644325,Morgan + MACCS + CACTVS + descriptors,am-1241,4+ rings,4.0
235905,allylestrenol,235905.0,-0.039905425,6.984135,Morgan + MACCS + CACTVS + descriptors,allylestrenol,4+ rings,4.0
23622192,alaproclate,23622192.0,7.2976108,6.9471083,Morgan + MACCS + CACTVS + descriptors,alaproclate,1 ring,1.0
23626877,t-5224,23626877.0,8.584436,5.143406,Morgan + MACCS + CACTVS + descriptors,t-5224,4+ rings,5.0
23631116,yil-781,23631116.0,9.139583,7.5107017,Morgan + MACCS + CACTVS + descriptors,yil-781,4+ rings,4.0
23633604,lx1031,23633604.0,9.948211,10.216501,Morgan + MACCS + CACTVS + descriptors,lx1031,4+ rings,4.0
23634407,emd534085,23634407.0,7.463175,8.120095,Morgan + MACCS + CACTVS + descriptors,emd534085,4+ rings,4.0
23634441,vadadustat,23634441.0,9.230061,10.589984,Morgan + MACCS + CACTVS + descriptors,vadadustat,2 rings,2.0
23635314,kx2-391,23635314.0,9.687046,10.201937,Morgan + MACCS + CACTVS + descriptors,kx2-391,4+ rings,4.0
23636017,tcs-hdac6-20b,23636017.0,1.2953687,8.286837,Morgan + MACCS + CACTVS + descriptors,tcs-hdac6-20b,4+ rings,4.0
23642227,onx-0914,23642227.0,8.71908,6.878718,Morgan + MACCS + CACTVS + descriptors,onx-0914,4+ rings,4.0
23642301,elacestrant,23642301.0,8.713518,6.8984118,Morgan + MACCS + CACTVS + descriptors,elacestrant,4+ rings,4.0
23642319,a-867744,23642319.0,8.2516365,9.540667,Morgan + MACCS + CACTVS + descriptors,a-867744,3 rings,3.0
23642339,int-767,23642339.0,0.091912545,7.2922893,Morgan + MACCS + CACTVS + descriptors,int-767,4+ rings,4.0
23643976,p276-00,23643976.0,9.017147,6.879562,Morgan + MACCS + CACTVS + descriptors,p276-00,4+ rings,4.0
23648966,ft011,23648966.0,8.621064,7.259529,Morgan + MACCS + CACTVS + descriptors,ft011,2 rings,2.0
23649154,tegobuvir,23649154.0,6.8818088,10.593152,Morgan + MACCS + CACTVS + descriptors,tegobuvir,4+ rings,5.0
23649181,crolibulin,23649181.0,8.876841,6.9425,Morgan + MACCS + CACTVS + descriptors,crolibulin,3 rings,3.0
23649245,pavinetant,23649245.0,8.372821,9.8346405,Morgan + MACCS + CACTVS + descriptors,pavinetant,4+ rings,4.0
23649325,azd1283,23649325.0,8.66316,9.711192,Morgan + MACCS + CACTVS + descriptors,azd1283,3 rings,3.0
2365,propiolactone,2365.0,0.32849103,8.702763,Morgan + MACCS + CACTVS + descriptors,propiolactone,1 ring,1.0
23652731,eliglustat,23652731.0,9.112122,6.7212152,Morgan + MACCS + CACTVS + descriptors,eliglustat,3 rings,3.0
23652732,genz-123346,23652732.0,9.1166525,6.714191,Morgan + MACCS + CACTVS + descriptors,genz-123346,3 rings,3.0
23653175,actb-1003,23653175.0,7.2189393,10.887161,Morgan + MACCS + CACTVS + descriptors,actb-1003,4+ rings,5.0
23653541,aai101,23653541.0,1.9189847,8.483427,Morgan + MACCS + CACTVS + descriptors,aai101,3 rings,3.0
2366,betahistine,2366.0,7.0218315,10.063475,Morgan + MACCS + CACTVS + descriptors,betahistine,1 ring,1.0
23661637,pf-429242,23661637.0,9.042524,7.060731,Morgan + MACCS + CACTVS + descriptors,pf-429242,3 rings,3.0
23661666,cvt-10216,23661666.0,8.950861,8.070666,Morgan + MACCS + CACTVS + descriptors,cvt-10216,4+ rings,4.0
236702,dexamethasone-acetate,236702.0,0.2777424,6.109713,Morgan + MACCS + CACTVS + descriptors,dexamethasone-acetate,4+ rings,4.0
23674,actinoquinol,23674.0,9.172739,9.817392,Morgan + MACCS + CACTVS + descriptors,actinoquinol,2 rings,2.0
23725123,pf-915275,23725123.0,8.274515,9.539843,Morgan + MACCS + CACTVS + descriptors,pf-915275,3 rings,3.0
23725625,olaparib,23725625.0,7.135786,8.119077,Morgan + MACCS + CACTVS + descriptors,olaparib,4+ rings,5.0
23727689,almorexant,23727689.0,9.151354,6.8211603,Morgan + MACCS + CACTVS + descriptors,almorexant,4+ rings,4.0
23729157,tirasemtiv,23729157.0,5.774783,11.331221,Morgan + MACCS + CACTVS + descriptors,tirasemtiv,2 rings,2.0
237332,5-hmf,237332.0,8.33035,5.539218,Morgan + MACCS + CACTVS + descriptors,5-hmf,1 ring,1.0
2374,bhq,2374.0,7.8284316,5.571787,Morgan + MACCS + CACTVS + descriptors,bhq,1 ring,1.0
2375,bicalutamide,2375.0,8.326789,8.627932,Morgan + MACCS + CACTVS + descriptors,bicalutamide,2 rings,2.0
2377,bifemelane,2377.0,8.750606,6.4070745,Morgan + MACCS + CACTVS + descriptors,bifemelane,2 rings,2.0
23872188,diclofensine,23872188.0,8.764277,6.7530007,Morgan + MACCS + CACTVS + descriptors,diclofensine,3 rings,3.0
2391,bisacodyl,2391.0,9.451035,10.559686,Morgan + MACCS + CACTVS + descriptors,bisacodyl,3 rings,3.0
2392,pibenzimol,2392.0,7.326746,10.764932,Morgan + MACCS + CACTVS + descriptors,pibenzimol,4+ rings,6.0
23928184,7-hydroxy-dpat,23928184.0,8.1980715,6.735146,Morgan + MACCS + CACTVS + descriptors,7-hydroxy-dpat,2 rings,2.0
2396,gf109203x,2396.0,8.277456,10.692403,Morgan + MACCS + CACTVS + descriptors,gf109203x,4+ rings,5.0
2406,bithionol,2406.0,7.8044424,5.6271605,Morgan + MACCS + CACTVS + descriptors,bithionol,2 rings,2.0
24066,zalcitabine,24066.0,2.4183714,9.680701,Morgan + MACCS + CACTVS + descriptors,zalcitabine,2 rings,2.0
240767,fluorometholone-acetate,240767.0,0.25817412,6.0962043,Morgan + MACCS + CACTVS + descriptors,fluorometholone-acetate,4+ rings,4.0
24144,acrisorcin,24144.0,9.406499,10.677859,Morgan + MACCS + CACTVS + descriptors,acrisorcin,4+ rings,4.0
2415,bml-190,2415.0,9.228722,10.161214,Morgan + MACCS + CACTVS + descriptors,bml-190,4+ rings,4.0
24180125,srt1720,24180125.0,7.6573396,10.5943985,Morgan + MACCS + CACTVS + descriptors,srt1720,4+ rings,6.0
24180719,plx4720,24180719.0,7.9445515,9.879971,Morgan + MACCS + CACTVS + descriptors,plx4720,3 rings,3.0
2419,bmy-7378,2419.0,9.110306,7.2805676,Morgan + MACCS + CACTVS + descriptors,bmy-7378,4+ rings,4.0
24267,sodium-monofluorophosphate,24267.0,0.41385937,9.09107,Morgan + MACCS + CACTVS + descriptors,sodium-monofluorophosphate,0 rings,0.0
24278976,vuf10166,24278976.0,6.925346,10.568464,Morgan + MACCS + CACTVS + descriptors,vuf10166,3 rings,3.0
243,benzoic-acid,243.0,7.1525207,6.194718,Morgan + MACCS + CACTVS + descriptors,benzoic-acid,1 ring,1.0
2431,bretylium,2431.0,6.4804745,8.163637,Morgan + MACCS + CACTVS + descriptors,bretylium,1 ring,1.0
2435,brimonidine,2435.0,6.967704,10.255766,Morgan + MACCS + CACTVS + descriptors,brimonidine,3 rings,3.0
24360,camptothecin,24360.0,8.886174,10.487068,Morgan + MACCS + CACTVS + descriptors,camptothecin,4+ rings,5.0
2438,brl-54443,2438.0,9.254226,10.714441,Morgan + MACCS + CACTVS + descriptors,brl-54443,3 rings,3.0
244,benzyl-alcohol,244.0,7.425354,5.9688272,Morgan + MACCS + CACTVS + descriptors,benzyl-alcohol,1 ring,1.0
2442,bromhexine,2442.0,6.613877,8.204709,Morgan + MACCS + CACTVS + descriptors,bromhexine,2 rings,2.0
2446,bromopride,2446.0,8.979151,7.3341665,Morgan + MACCS + CACTVS + descriptors,bromopride,1 ring,1.0
2448,bromperidol,2448.0,7.311991,7.0544033,Morgan + MACCS + CACTVS + descriptors,bromperidol,3 rings,3.0
2450,bronopol,2450.0,0.52477825,8.911236,Morgan + MACCS + CACTVS + descriptors,bronopol,0 rings,0.0
2453,broxyquinoline,2453.0,9.269105,10.925372,Morgan + MACCS + CACTVS + descriptors,broxyquinoline,2 rings,2.0
2455,ym-58483,2455.0,7.809472,10.17278,Morgan + MACCS + CACTVS + descriptors,ym-58483,3 rings,3.0
2457,bu-224,2457.0,7.0997143,10.277823,Morgan + MACCS + CACTVS + descriptors,bu-224,3 rings,3.0
2466,bufexamac,2466.0,8.707098,6.3222184,Morgan + MACCS + CACTVS + descriptors,bufexamac,1 ring,1.0
2467,buflomedil,2467.0,9.068433,6.755742,Morgan + MACCS + CACTVS + descriptors,buflomedil,2 rings,2.0
24705,octamethyltrisiloxane,24705.0,0.4533844,9.068417,Morgan + MACCS + CACTVS + descriptors,octamethyltrisiloxane,0 rings,0.0
2471,bumetanide,2471.0,8.949784,8.083687,Morgan + MACCS + CACTVS + descriptors,bumetanide,2 rings,2.0
2472,bunazosin,2472.0,10.636902,10.378999,Morgan + MACCS + CACTVS + descriptors,bunazosin,3 rings,3.0
24733,alfadolone-acetate,24733.0,0.15721738,7.2865553,Morgan + MACCS + CACTVS + descriptors,alfadolone-acetate,4+ rings,4.0
24737642,lcl-161,24737642.0,7.958801,10.280776,Morgan + MACCS + CACTVS + descriptors,lcl-161,4+ rings,4.0
24739943,ast-1306,24739943.0,10.316613,10.303916,Morgan + MACCS + CACTVS + descriptors,ast-1306,4+ rings,4.0
24744336,apararenone,24744336.0,8.983174,8.028125,Morgan + MACCS + CACTVS + descriptors,apararenone,3 rings,3.0
24748573,cx-4945,24748573.0,8.554504,10.881143,Morgan + MACCS + CACTVS + descriptors,cx-4945,4+ rings,4.0
24749700,pbi-4050,24749700.0,7.134344,6.2121167,Morgan + MACCS + CACTVS + descriptors,pbi-4050,1 ring,1.0
24750357,4-p-pdot,24750357.0,6.6941686,7.555352,Morgan + MACCS + CACTVS + descriptors,4-p-pdot,3 rings,3.0
24752728,fps-zm1,24752728.0,6.9065948,7.839408,Morgan + MACCS + CACTVS + descriptors,fps-zm1,3 rings,3.0
24753719,pci-34051,24753719.0,9.33429,10.331487,Morgan + MACCS + CACTVS + descriptors,pci-34051,3 rings,3.0
24756034,bfh772,24756034.0,9.98388,10.274011,Morgan + MACCS + CACTVS + descriptors,bfh772,4+ rings,4.0
24756910,cudc-101,24756910.0,10.359591,10.403035,Morgan + MACCS + CACTVS + descriptors,cudc-101,3 rings,3.0
247573,bornyl-acetate,247573.0,0.08381212,7.4704285,Morgan + MACCS + CACTVS + descriptors,bornyl-acetate,2 rings,2.0
24764,dimethicone,24764.0,0.4957365,9.08897,Morgan + MACCS + CACTVS + descriptors,dimethicone,0 rings,0.0
24764449,amg458,24764449.0,10.134054,10.127358,Morgan + MACCS + CACTVS + descriptors,amg458,4+ rings,5.0
24764487,gefapixant,24764487.0,9.092894,9.553562,Morgan + MACCS + CACTVS + descriptors,gefapixant,2 rings,2.0
24764491,dwk-1339,24764491.0,8.619171,4.989463,Morgan + MACCS + CACTVS + descriptors,dwk-1339,3 rings,3.0
24765037,pexmetinib,24765037.0,10.122748,9.933269,Morgan + MACCS + CACTVS + descriptors,pexmetinib,4+ rings,5.0
24765256,vaniprevir,24765256.0,8.292203,8.479499,Morgan + MACCS + CACTVS + descriptors,vaniprevir,4+ rings,6.0
24765479,mk-8998,24765479.0,9.710479,10.257683,Morgan + MACCS + CACTVS + descriptors,mk-8998,2 rings,2.0
24767976,tak-593,24767976.0,10.044838,9.822575,Morgan + MACCS + CACTVS + descriptors,tak-593,4+ rings,5.0
24768261,a-922500,24768261.0,7.8935523,7.7105813,Morgan + MACCS + CACTVS + descriptors,a-922500,4+ rings,4.0
24768273,a922500,24768273.0,7.893938,7.7085466,Morgan + MACCS + CACTVS + descriptors,a922500,4+ rings,4.0
2477,buspirone,2477.0,6.9245954,11.306889,Morgan + MACCS + CACTVS + descriptors,buspirone,4+ rings,4.0
24771824,pf-04457845,24771824.0,10.107988,10.0337925,Morgan + MACCS + CACTVS + descriptors,pf-04457845,4+ rings,4.0
24771867,alisertib,24771867.0,10.024532,10.301898,Morgan + MACCS + CACTVS + descriptors,alisertib,4+ rings,5.0
24772043,tenovin-6,24772043.0,7.273805,8.161318,Morgan + MACCS + CACTVS + descriptors,tenovin-6,2 rings,2.0
24773090,api-1,24773090.0,6.087109,11.773327,Morgan + MACCS + CACTVS + descriptors,api-1,3 rings,3.0
24775005,sonidegib,24775005.0,9.946938,10.085842,Morgan + MACCS + CACTVS + descriptors,sonidegib,4+ rings,4.0
24776341,tc-fpr-43,24776341.0,7.106554,8.645781,Morgan + MACCS + CACTVS + descriptors,tc-fpr-43,3 rings,3.0
24776445,vismodegib,24776445.0,8.2196045,9.621511,Morgan + MACCS + CACTVS + descriptors,vismodegib,3 rings,3.0
24779724,sgx523,24779724.0,6.737746,10.651885,Morgan + MACCS + CACTVS + descriptors,sgx523,4+ rings,5.0
2478,busulfan,2478.0,0.46055263,8.922307,Morgan + MACCS + CACTVS + descriptors,busulfan,0 rings,0.0
24780598,danirixin,24780598.0,8.805444,8.134744,Morgan + MACCS + CACTVS + descriptors,danirixin,3 rings,3.0
24783396,tc-a-2317,24783396.0,6.958427,10.764594,Morgan + MACCS + CACTVS + descriptors,tc-a-2317,2 rings,2.0
247839,medrysone,247839.0,0.13603325,6.7181244,Morgan + MACCS + CACTVS + descriptors,medrysone,4+ rings,4.0
24785538,bms-754807,24785538.0,7.2997055,10.982195,Morgan + MACCS + CACTVS + descriptors,bms-754807,4+ rings,6.0
24786010,apck-110,24786010.0,10.080916,9.732709,Morgan + MACCS + CACTVS + descriptors,apck-110,4+ rings,4.0
24786555,bnc105,24786555.0,8.604197,4.95195,Morgan + MACCS + CACTVS + descriptors,bnc105,3 rings,3.0
24788740,gdc-0068,24788740.0,7.531011,11.117553,Morgan + MACCS + CACTVS + descriptors,gdc-0068,4+ rings,4.0
24794418,bms-777607,24794418.0,10.044512,10.287947,Morgan + MACCS + CACTVS + descriptors,bms-777607,4+ rings,4.0
24795069,valbenazine,24795069.0,9.244246,6.656797,Morgan + MACCS + CACTVS + descriptors,valbenazine,3 rings,3.0
24795070,sgi-1776,24795070.0,10.146595,9.74196,Morgan + MACCS + CACTVS + descriptors,sgi-1776,4+ rings,4.0
248,betaine,248.0,1.2376302,9.700885,Morgan + MACCS + CACTVS + descriptors,betaine,0 rings,0.0
2480,butacaine,2480.0,8.120869,7.2936573,Morgan + MACCS + CACTVS + descriptors,butacaine,1 ring,1.0
24800108,mcoppb,24800108.0,6.923109,10.73205,Morgan + MACCS + CACTVS + descriptors,mcoppb,4+ rings,5.0
24800541,delanzomib,24800541.0,8.377986,10.887918,Morgan + MACCS + CACTVS + descriptors,delanzomib,2 rings,2.0
24801690,bms-ccr2-22,24801690.0,7.394499,8.320498,Morgan + MACCS + CACTVS + descriptors,bms-ccr2-22,3 rings,3.0
24808138,st-2825,24808138.0,9.109764,7.4628468,Morgan + MACCS + CACTVS + descriptors,st-2825,4+ rings,5.0
24808478,thiamet-g,24808478.0,1.5251287,8.531368,Morgan + MACCS + CACTVS + descriptors,thiamet-g,2 rings,2.0
24808572,as-2034178,24808572.0,9.00038,7.173287,Morgan + MACCS + CACTVS + descriptors,as-2034178,4+ rings,4.0
2481,butalbital,2481.0,1.4223406,9.079215,Morgan + MACCS + CACTVS + descriptors,butalbital,1 ring,1.0
24812758,canagliflozin,24812758.0,8.861385,5.01574,Morgan + MACCS + CACTVS + descriptors,canagliflozin,4+ rings,4.0
24812808,imeglimin,24812808.0,0.9245173,9.303524,Morgan + MACCS + CACTVS + descriptors,imeglimin,1 ring,1.0
2482,butamben,2482.0,8.075314,7.325635,Morgan + MACCS + CACTVS + descriptors,butamben,1 ring,1.0
24821094,ibrutinib,24821094.0,10.213979,9.643585,Morgan + MACCS + CACTVS + descriptors,ibrutinib,4+ rings,5.0
24822698,imexon,24822698.0,1.411889,9.163583,Morgan + MACCS + CACTVS + descriptors,imexon,2 rings,2.0
24825675,madecassoside,24825675.0,0.8391038,7.2186766,Morgan + MACCS + CACTVS + descriptors,madecassoside,4+ rings,8.0
24825677,ns-11021,24825677.0,7.1578913,10.015168,Morgan + MACCS + CACTVS + descriptors,ns-11021,3 rings,3.0
24826799,ponatinib,24826799.0,7.497908,11.011036,Morgan + MACCS + CACTVS + descriptors,ponatinib,4+ rings,5.0
24831508,daprodustat,24831508.0,1.4964784,8.882718,Morgan + MACCS + CACTVS + descriptors,daprodustat,3 rings,3.0
24831714,sotagliflozin,24831714.0,8.703928,5.28748,Morgan + MACCS + CACTVS + descriptors,sotagliflozin,3 rings,3.0
24839733,pk-11195,24839733.0,8.152472,10.566252,Morgan + MACCS + CACTVS + descriptors,pk-11195,3 rings,3.0
2484,butenafine,2484.0,6.4282594,7.552769,Morgan + MACCS + CACTVS + descriptors,butenafine,3 rings,3.0
24847884,gadodiamide,24847884.0,1.4284736,8.872426,Morgan + MACCS + CACTVS + descriptors,gadodiamide,2 rings,2.0
24848783,desisobutyryl-ciclesonide,24848783.0,0.33516553,6.148714,Morgan + MACCS + CACTVS + descriptors,desisobutyryl-ciclesonide,4+ rings,6.0
24853505,jph203,24853505.0,9.211312,10.136916,Morgan + MACCS + CACTVS + descriptors,jph203,4+ rings,4.0
24856041,amg900,24856041.0,10.010767,9.738016,Morgan + MACCS + CACTVS + descriptors,amg900,4+ rings,6.0
24856436,mk-1775,24856436.0,7.444195,11.105731,Morgan + MACCS + CACTVS + descriptors,mk-1775,4+ rings,5.0
24857242,oxa-06,24857242.0,6.950938,10.489786,Morgan + MACCS + CACTVS + descriptors,oxa-06,4+ rings,4.0
24857286,tak-875,24857286.0,8.46834,5.2879305,Morgan + MACCS + CACTVS + descriptors,tak-875,4+ rings,4.0
24857397,tulrampator,24857397.0,9.190763,7.4993606,Morgan + MACCS + CACTVS + descriptors,tulrampator,4+ rings,5.0
24858111,sgi-1027,24858111.0,7.6975555,11.061439,Morgan + MACCS + CACTVS + descriptors,sgi-1027,4+ rings,5.0
24864132,oxymatrine,24864132.0,1.3203006,9.120774,Morgan + MACCS + CACTVS + descriptors,oxymatrine,4+ rings,4.0
24864553,lotamilast,24864553.0,10.237494,10.417508,Morgan + MACCS + CACTVS + descriptors,lotamilast,4+ rings,4.0
24864821,amg-208,24864821.0,10.115207,9.804045,Morgan + MACCS + CACTVS + descriptors,amg-208,4+ rings,5.0
24868317,ucl-2077,24868317.0,7.1648407,10.215079,Morgan + MACCS + CACTVS + descriptors,ucl-2077,4+ rings,4.0
24872560,apalutamide,24872560.0,7.9150686,10.901737,Morgan + MACCS + CACTVS + descriptors,apalutamide,4+ rings,4.0
24873435,simeprevir,24873435.0,9.147679,9.820413,Morgan + MACCS + CACTVS + descriptors,simeprevir,4+ rings,7.0
24875489,remetinostat,24875489.0,8.550857,6.0835333,Morgan + MACCS + CACTVS + descriptors,remetinostat,1 ring,1.0
24882589,bag-956,24882589.0,6.8327675,10.649035,Morgan + MACCS + CACTVS + descriptors,bag-956,4+ rings,5.0
24882669,gsk9027,24882669.0,8.158588,9.64647,Morgan + MACCS + CACTVS + descriptors,gsk9027,4+ rings,5.0
24882686,lpa2-antagonist-1,24882686.0,7.9432716,9.782389,Morgan + MACCS + CACTVS + descriptors,lpa2-antagonist-1,4+ rings,4.0
24885053,gw-542573x,24885053.0,8.982208,7.1873827,Morgan + MACCS + CACTVS + descriptors,gw-542573x,2 rings,2.0
24889392,quizartinib,24889392.0,9.7267,9.763955,Morgan + MACCS + CACTVS + descriptors,quizartinib,4+ rings,6.0
24901657,gpi-688,24901657.0,8.160421,10.334213,Morgan + MACCS + CACTVS + descriptors,gpi-688,4+ rings,4.0
24901704,mgcd-265,24901704.0,9.775626,9.690611,Morgan + MACCS + CACTVS + descriptors,mgcd-265,4+ rings,5.0
24905142,pp-121,24905142.0,6.757064,10.668411,Morgan + MACCS + CACTVS + descriptors,pp-121,4+ rings,5.0
24905149,pik-294,24905149.0,8.953521,10.421386,Morgan + MACCS + CACTVS + descriptors,pik-294,4+ rings,6.0
24905400,a-939572,24905400.0,9.026358,7.4563293,Morgan + MACCS + CACTVS + descriptors,a-939572,3 rings,3.0
24905401,at13148,24905401.0,7.235642,10.02459,Morgan + MACCS + CACTVS + descriptors,at13148,3 rings,3.0
24944925,tc-ask-10,24944925.0,7.6091375,11.018483,Morgan + MACCS + CACTVS + descriptors,tc-ask-10,4+ rings,4.0
24946690,bitopertin,24946690.0,9.327148,9.675151,Morgan + MACCS + CACTVS + descriptors,bitopertin,3 rings,3.0
24952929,mk-2894,24952929.0,7.6757245,7.641871,Morgan + MACCS + CACTVS + descriptors,mk-2894,4+ rings,4.0
24957182,amg-487,24957182.0,9.930036,10.104929,Morgan + MACCS + CACTVS + descriptors,amg-487,4+ rings,5.0
24958200,niraparib,24958200.0,8.025807,10.567837,Morgan + MACCS + CACTVS + descriptors,niraparib,4+ rings,4.0
24961094,az505,24961094.0,9.085075,7.3930483,Morgan + MACCS + CACTVS + descriptors,az505,4+ rings,4.0
24963252,tak-733,24963252.0,7.3588157,8.278457,Morgan + MACCS + CACTVS + descriptors,tak-733,3 rings,3.0
24963293,pf-03049423,24963293.0,9.939246,10.071606,Morgan + MACCS + CACTVS + descriptors,pf-03049423,4+ rings,4.0
24963749,ly2452473,24963749.0,8.326311,10.591407,Morgan + MACCS + CACTVS + descriptors,ly2452473,4+ rings,4.0
24964624,mk-2206,24964624.0,7.3890224,10.41839,Morgan + MACCS + CACTVS + descriptors,mk-2206,4+ rings,6.0
24964679,mk-4074,24964679.0,9.393443,10.259714,Morgan + MACCS + CACTVS + descriptors,mk-4074,4+ rings,7.0
24967954,avadomide,24967954.0,7.3504305,8.500397,Morgan + MACCS + CACTVS + descriptors,avadomide,3 rings,3.0
24971422,tc-s-7005,24971422.0,9.929128,10.048312,Morgan + MACCS + CACTVS + descriptors,tc-s-7005,4+ rings,5.0
24978538,navitoclax,24978538.0,8.193502,8.7119665,Morgan + MACCS + CACTVS + descriptors,navitoclax,4+ rings,7.0
24983461,cyc065,24983461.0,6.8318596,11.0813055,Morgan + MACCS + CACTVS + descriptors,cyc065,3 rings,3.0
24986635,pf-4191834,24986635.0,7.9524965,10.466812,Morgan + MACCS + CACTVS + descriptors,pf-4191834,4+ rings,4.0
24988881,mk-8245,24988881.0,9.943142,9.433969,Morgan + MACCS + CACTVS + descriptors,mk-8245,4+ rings,4.0
24993924,hexoprenaline,24993924.0,8.158842,6.443303,Morgan + MACCS + CACTVS + descriptors,hexoprenaline,2 rings,2.0
24994634,jnj-39758979,24994634.0,6.539353,10.7770195,Morgan + MACCS + CACTVS + descriptors,jnj-39758979,2 rings,2.0
24995524,sns-314,24995524.0,7.588589,10.504924,Morgan + MACCS + CACTVS + descriptors,sns-314,4+ rings,4.0
24996872,gsk1292263,24996872.0,9.3966875,9.571589,Morgan + MACCS + CACTVS + descriptors,gsk1292263,4+ rings,4.0
25009726,kr-33494,25009726.0,8.006211,10.389059,Morgan + MACCS + CACTVS + descriptors,kr-33494,3 rings,3.0
25015515,upf-1069,25015515.0,8.818971,6.805366,Morgan + MACCS + CACTVS + descriptors,upf-1069,3 rings,3.0
25017320,gpr120-modulator-1,25017320.0,9.3077965,9.674214,Morgan + MACCS + CACTVS + descriptors,gpr120-modulator-1,3 rings,3.0
25017411,anlotinib,25017411.0,9.955802,10.511614,Morgan + MACCS + CACTVS + descriptors,anlotinib,4+ rings,5.0
25019940,mk-3207,25019940.0,7.596175,11.055959,Morgan + MACCS + CACTVS + descriptors,mk-3207,4+ rings,7.0
25021165,jzl-184,25021165.0,9.251196,6.8668194,Morgan + MACCS + CACTVS + descriptors,jzl-184,4+ rings,6.0
25021707,lisadimate,25021707.0,7.839036,7.4153433,Morgan + MACCS + CACTVS + descriptors,lisadimate,1 ring,1.0
25022340,at-406,25022340.0,7.3335657,7.5706215,Morgan + MACCS + CACTVS + descriptors,at-406,4+ rings,4.0
25022668,gsk650394,25022668.0,8.3259735,10.891306,Morgan + MACCS + CACTVS + descriptors,gsk650394,4+ rings,5.0
25025298,telotristat,25025298.0,10.095304,9.914696,Morgan + MACCS + CACTVS + descriptors,telotristat,4+ rings,4.0
25025505,mbx-2982,25025505.0,9.711443,9.643973,Morgan + MACCS + CACTVS + descriptors,mbx-2982,4+ rings,5.0
25031915,lucitanib,25031915.0,9.96766,10.377268,Morgan + MACCS + CACTVS + descriptors,lucitanib,4+ rings,5.0
25033736,cor-170,25033736.0,7.258435,8.33762,Morgan + MACCS + CACTVS + descriptors,cor-170,4+ rings,7.0
25051,cyclocytidine,25051.0,2.389908,9.6474905,Morgan + MACCS + CACTVS + descriptors,cyclocytidine,3 rings,3.0
25052023,esaxerenone,25052023.0,8.2287855,9.623302,Morgan + MACCS + CACTVS + descriptors,esaxerenone,3 rings,3.0
25060093,al-8697,25060093.0,7.399351,10.890328,Morgan + MACCS + CACTVS + descriptors,al-8697,4+ rings,4.0
25062766,cyt387,25062766.0,7.4400616,11.253853,Morgan + MACCS + CACTVS + descriptors,cyt387,4+ rings,4.0
25066467,rebastinib,25066467.0,10.060673,10.032665,Morgan + MACCS + CACTVS + descriptors,rebastinib,4+ rings,5.0
25067547,oprozomib,25067547.0,8.163893,10.31648,Morgan + MACCS + CACTVS + descriptors,oprozomib,3 rings,3.0
25068278,17-pa,25068278.0,-0.06450547,7.048243,Morgan + MACCS + CACTVS + descriptors,17-pa,4+ rings,5.0
25071151,dsr-6434,25071151.0,10.185353,9.990196,Morgan + MACCS + CACTVS + descriptors,dsr-6434,3 rings,3.0
25073775,vs-4718,25073775.0,10.086767,10.0522,Morgan + MACCS + CACTVS + descriptors,vs-4718,4+ rings,4.0
25074316,tc-g-1004,25074316.0,7.2366924,11.018875,Morgan + MACCS + CACTVS + descriptors,tc-g-1004,4+ rings,4.0
25074470,triptorelin,25074470.0,5.8041015,5.5065722,Morgan + MACCS + CACTVS + descriptors,triptorelin,4+ rings,8.0
25074887,cetrorelix,25074887.0,5.80441,5.4945936,Morgan + MACCS + CACTVS + descriptors,cetrorelix,4+ rings,6.0
25077385,alx-40-4c,25077385.0,5.819577,5.504259,Morgan + MACCS + CACTVS + descriptors,alx-40-4c,0 rings,0.0
25077495,deslorelin,25077495.0,5.7845306,5.5150514,Morgan + MACCS + CACTVS + descriptors,deslorelin,4+ rings,8.0
25099184,az960,25099184.0,6.939003,10.421159,Morgan + MACCS + CACTVS + descriptors,az960,3 rings,3.0
25099191,act-132577,25099191.0,9.228065,9.5868635,Morgan + MACCS + CACTVS + descriptors,act-132577,3 rings,3.0
25101874,gepotidacin,25101874.0,9.765104,10.125647,Morgan + MACCS + CACTVS + descriptors,gepotidacin,4+ rings,6.0
25102847,cabozantinib,25102847.0,10.193367,10.392165,Morgan + MACCS + CACTVS + descriptors,cabozantinib,4+ rings,5.0
25105689,evenamide,25105689.0,8.831436,6.5684133,Morgan + MACCS + CACTVS + descriptors,evenamide,1 ring,1.0
25105713,vu0155069,25105713.0,7.240098,8.47783,Morgan + MACCS + CACTVS + descriptors,vu0155069,4+ rings,5.0
25108278,ac-264613,25108278.0,7.081534,8.105196,Morgan + MACCS + CACTVS + descriptors,ac-264613,3 rings,3.0
25108829,srt2104,25108829.0,7.627714,10.627081,Morgan + MACCS + CACTVS + descriptors,srt2104,4+ rings,6.0
25109291,a-987306,25109291.0,6.725466,10.946738,Morgan + MACCS + CACTVS + descriptors,a-987306,4+ rings,5.0
25110470,cym-5520,25110470.0,8.23394,10.729549,Morgan + MACCS + CACTVS + descriptors,cym-5520,3 rings,3.0
25110841,arq-621,25110841.0,7.1994653,8.471055,Morgan + MACCS + CACTVS + descriptors,arq-621,4+ rings,4.0
25113764,byk-204165,25113764.0,8.193847,10.816348,Morgan + MACCS + CACTVS + descriptors,byk-204165,3 rings,3.0
25114442,pf-04418948,25114442.0,8.877457,6.8607244,Morgan + MACCS + CACTVS + descriptors,pf-04418948,4+ rings,4.0
25117126,defactinib,25117126.0,7.9669323,9.902148,Morgan + MACCS + CACTVS + descriptors,defactinib,3 rings,3.0
25118925,ly2584702,25118925.0,6.882834,10.749409,Morgan + MACCS + CACTVS + descriptors,ly2584702,4+ rings,5.0
25124816,gsk1904529a,25124816.0,9.810436,9.823484,Morgan + MACCS + CACTVS + descriptors,gsk1904529a,4+ rings,8.0
25124826,psb-06126,25124826.0,8.449679,8.474323,Morgan + MACCS + CACTVS + descriptors,psb-06126,4+ rings,5.0
25126798,ruxolitinib,25126798.0,6.7700996,10.7053995,Morgan + MACCS + CACTVS + descriptors,ruxolitinib,4+ rings,4.0
25127713,poziotinib,25127713.0,10.492932,10.375001,Morgan + MACCS + CACTVS + descriptors,poziotinib,4+ rings,4.0
25128145,mk-6096,25128145.0,9.892267,10.146975,Morgan + MACCS + CACTVS + descriptors,mk-6096,4+ rings,4.0
25129523,vuf10460,25129523.0,6.906075,10.562238,Morgan + MACCS + CACTVS + descriptors,vuf10460,3 rings,3.0
25134326,asp3026,25134326.0,9.499295,9.534323,Morgan + MACCS + CACTVS + descriptors,asp3026,4+ rings,5.0
25136943,nebracetam,25136943.0,6.9948597,7.8110933,Morgan + MACCS + CACTVS + descriptors,nebracetam,2 rings,2.0
25138295,a-1120,25138295.0,7.695333,7.814743,Morgan + MACCS + CACTVS + descriptors,a-1120,3 rings,3.0
25141092,entrectinib,25141092.0,7.466877,10.953344,Morgan + MACCS + CACTVS + descriptors,entrectinib,4+ rings,6.0
25141190,c-021,25141190.0,10.668504,10.404713,Morgan + MACCS + CACTVS + descriptors,c-021,4+ rings,5.0
25142799,pfk-015,25142799.0,8.374558,10.932751,Morgan + MACCS + CACTVS + descriptors,pfk-015,3 rings,3.0
25145656,inc-280,25145656.0,7.460754,10.972444,Morgan + MACCS + CACTVS + descriptors,inc-280,4+ rings,5.0
25147683,tarafenacin,25147683.0,7.066641,8.156798,Morgan + MACCS + CACTVS + descriptors,tarafenacin,4+ rings,5.0
25147749,it1t,25147749.0,0.9967802,9.31087,Morgan + MACCS + CACTVS + descriptors,it1t,4+ rings,4.0
25150857,bix-01294,25150857.0,10.640891,10.390287,Morgan + MACCS + CACTVS + descriptors,bix-01294,4+ rings,5.0
25151352,pexidartinib,25151352.0,6.993212,10.474057,Morgan + MACCS + CACTVS + descriptors,pexidartinib,4+ rings,4.0
25151504,cobicistat,25151504.0,8.183832,10.503831,Morgan + MACCS + CACTVS + descriptors,cobicistat,4+ rings,5.0
25154041,cct137690,25154041.0,7.2892275,11.059654,Morgan + MACCS + CACTVS + descriptors,cct137690,4+ rings,6.0
25154714,daclatasvir,25154714.0,7.718243,10.976092,Morgan + MACCS + CACTVS + descriptors,daclatasvir,4+ rings,6.0
25154867,pf-3845,25154867.0,9.947111,10.195332,Morgan + MACCS + CACTVS + descriptors,pf-3845,4+ rings,4.0
25154868,pf-750,25154868.0,7.763697,10.696861,Morgan + MACCS + CACTVS + descriptors,pf-750,4+ rings,4.0
25161177,mln2480,25161177.0,7.697635,10.583108,Morgan + MACCS + CACTVS + descriptors,mln2480,3 rings,3.0
25166913,glasdegib,25166913.0,7.3393164,10.894296,Morgan + MACCS + CACTVS + descriptors,glasdegib,4+ rings,4.0
25167017,litronesib,25167017.0,8.233663,8.484717,Morgan + MACCS + CACTVS + descriptors,litronesib,2 rings,2.0
25167777,gsk2126458,25167777.0,9.118297,9.600461,Morgan + MACCS + CACTVS + descriptors,gsk2126458,4+ rings,5.0
25168304,drf053-(r),25168304.0,6.86017,11.013508,Morgan + MACCS + CACTVS + descriptors,drf053-(r),4+ rings,4.0
25169033,retaspimycin,25169033.0,8.633475,6.8202972,Morgan + MACCS + CACTVS + descriptors,retaspimycin,2 rings,2.0
25171648,emd-1214063,25171648.0,7.3521476,11.136623,Morgan + MACCS + CACTVS + descriptors,emd-1214063,4+ rings,5.0
25175634,epptb,25175634.0,9.042648,7.340825,Morgan + MACCS + CACTVS + descriptors,epptb,3 rings,3.0
25181195,pi-828,25181195.0,9.032397,7.2307816,Morgan + MACCS + CACTVS + descriptors,pi-828,4+ rings,4.0
25181472,glesatinib,25181472.0,9.716405,9.723906,Morgan + MACCS + CACTVS + descriptors,glesatinib,4+ rings,5.0
25181577,telotristat-ethyl,25181577.0,10.126264,9.894713,Morgan + MACCS + CACTVS + descriptors,telotristat-ethyl,4+ rings,4.0
25182616,gsk1838705a,25182616.0,10.151037,10.039178,Morgan + MACCS + CACTVS + descriptors,gsk1838705a,4+ rings,5.0
25183872,ixazomib,25183872.0,7.0939016,7.5152717,Morgan + MACCS + CACTVS + descriptors,ixazomib,1 ring,1.0
25187973,farnesyl-thiosalicylic-acid-amide,25187973.0,7.0547934,7.690204,Morgan + MACCS + CACTVS + descriptors,farnesyl-thiosalicylic-acid-amide,1 ring,1.0
2519,caffeine,2519.0,5.7008815,11.398585,Morgan + MACCS + CACTVS + descriptors,caffeine,2 rings,2.0
25191609,dextrorotation-nimorazole-phosphate-ester,25191609.0,5.2458863,11.058862,Morgan + MACCS + CACTVS + descriptors,dextrorotation-nimorazole-phosphate-ester,2 rings,2.0
25195294,ldn193189,25195294.0,6.7988715,10.772481,Morgan + MACCS + CACTVS + descriptors,ldn193189,4+ rings,6.0
25195348,ver-155008,25195348.0,6.515289,11.509953,Morgan + MACCS + CACTVS + descriptors,ver-155008,4+ rings,5.0
25195352,mps1-in-1,25195352.0,9.51272,9.573255,Morgan + MACCS + CACTVS + descriptors,mps1-in-1,4+ rings,5.0
25195461,jnj-40411813,25195461.0,7.025329,8.012499,Morgan + MACCS + CACTVS + descriptors,jnj-40411813,3 rings,3.0
25195495,sb-649868,25195495.0,9.325458,9.727624,Morgan + MACCS + CACTVS + descriptors,sb-649868,4+ rings,5.0
25195624,bexagliflozin,25195624.0,8.8211,5.1116714,Morgan + MACCS + CACTVS + descriptors,bexagliflozin,4+ rings,4.0
25198728,tc-f-2,25198728.0,9.943933,9.916886,Morgan + MACCS + CACTVS + descriptors,tc-f-2,4+ rings,6.0
2520,verapamil,2520.0,9.166495,6.6043444,Morgan + MACCS + CACTVS + descriptors,verapamil,2 rings,2.0
25210792,asp-9521,25210792.0,9.333004,10.2718115,Morgan + MACCS + CACTVS + descriptors,asp-9521,3 rings,3.0
25212148,sitravatinib,25212148.0,9.756603,9.8568125,Morgan + MACCS + CACTVS + descriptors,sitravatinib,4+ rings,6.0
25218684,zilpaterol,25218684.0,7.2572083,8.305108,Morgan + MACCS + CACTVS + descriptors,zilpaterol,3 rings,3.0
25221720,emixustat,25221720.0,8.761018,6.2443867,Morgan + MACCS + CACTVS + descriptors,emixustat,2 rings,2.0
25227436,azd5363,25227436.0,7.3113475,10.972443,Morgan + MACCS + CACTVS + descriptors,azd5363,4+ rings,4.0
25227462,pf-03758309,25227462.0,7.4035287,10.620363,Morgan + MACCS + CACTVS + descriptors,pf-03758309,4+ rings,5.0
25227469,wye-125132,25227469.0,7.001788,11.039203,Morgan + MACCS + CACTVS + descriptors,wye-125132,4+ rings,7.0
25229450,wye-687,25229450.0,7.0169554,10.991065,Morgan + MACCS + CACTVS + descriptors,wye-687,4+ rings,6.0
25229526,way-600,25229526.0,6.9088187,10.957725,Morgan + MACCS + CACTVS + descriptors,way-600,4+ rings,7.0
25229608,etp-45658,25229608.0,10.046151,9.786476,Morgan + MACCS + CACTVS + descriptors,etp-45658,4+ rings,4.0
25229652,j147,25229652.0,8.750917,7.3597465,Morgan + MACCS + CACTVS + descriptors,j147,2 rings,2.0
25234917,gdc-0834,25234917.0,7.517674,8.818043,Morgan + MACCS + CACTVS + descriptors,gdc-0834,4+ rings,6.0
25246407,glutathione,25246407.0,1.3497038,8.360957,Morgan + MACCS + CACTVS + descriptors,glutathione,0 rings,0.0
25253556,az-12080282,25253556.0,9.928988,10.023856,Morgan + MACCS + CACTVS + descriptors,az-12080282,4+ rings,4.0
25254071,gdc-0980,25254071.0,7.4590096,10.744338,Morgan + MACCS + CACTVS + descriptors,gdc-0980,4+ rings,5.0
25257557,cx-5461,25257557.0,7.6464415,10.692671,Morgan + MACCS + CACTVS + descriptors,cx-5461,4+ rings,6.0
2526,beta-glycerophosphoric-acid,2526.0,0.28605658,8.921146,Morgan + MACCS + CACTVS + descriptors,beta-glycerophosphoric-acid,0 rings,0.0
25262792,azd2014,25262792.0,7.4747996,11.254514,Morgan + MACCS + CACTVS + descriptors,azd2014,4+ rings,5.0
25262965,azd8055,25262965.0,10.475207,10.246582,Morgan + MACCS + CACTVS + descriptors,azd8055,4+ rings,5.0
25265312,pf-8380,25265312.0,9.141958,7.436961,Morgan + MACCS + CACTVS + descriptors,pf-8380,4+ rings,4.0
252682,stat3-inhibitor-vi,252682.0,8.86225,8.136469,Morgan + MACCS + CACTVS + descriptors,stat3-inhibitor-vi,2 rings,2.0
25271624,adrafinil,25271624.0,7.9050283,8.150295,Morgan + MACCS + CACTVS + descriptors,adrafinil,2 rings,2.0
25271661,ethylnorepinephrine,25271661.0,8.016017,6.37671,Morgan + MACCS + CACTVS + descriptors,ethylnorepinephrine,1 ring,1.0
25271693,metaproterenol,25271693.0,8.07574,6.4550605,Morgan + MACCS + CACTVS + descriptors,metaproterenol,1 ring,1.0
25271694,metaxalone,25271694.0,8.885601,6.3520575,Morgan + MACCS + CACTVS + descriptors,metaxalone,2 rings,2.0
25271722,pronethalol,25271722.0,8.046545,6.4680176,Morgan + MACCS + CACTVS + descriptors,pronethalol,2 rings,2.0
25271730,stiripentol,25271730.0,8.493591,5.579625,Morgan + MACCS + CACTVS + descriptors,stiripentol,2 rings,2.0
25271747,vedaprofen,25271747.0,7.0961943,6.148407,Morgan + MACCS + CACTVS + descriptors,vedaprofen,3 rings,3.0
25271754,meptazinol,25271754.0,8.19369,6.7468743,Morgan + MACCS + CACTVS + descriptors,meptazinol,2 rings,2.0
25271863,azasetron,25271863.0,9.150315,7.440513,Morgan + MACCS + CACTVS + descriptors,azasetron,4+ rings,5.0
25271872,telmesteine,25271872.0,1.592124,8.576585,Morgan + MACCS + CACTVS + descriptors,telmesteine,1 ring,1.0
25271978,methsuximide,25271978.0,6.9879436,7.7822356,Morgan + MACCS + CACTVS + descriptors,methsuximide,2 rings,2.0
25273583,ampiroxicam,25273583.0,8.7159815,9.58559,Morgan + MACCS + CACTVS + descriptors,ampiroxicam,3 rings,3.0
25273599,talniflumate,25273599.0,8.689791,10.884005,Morgan + MACCS + CACTVS + descriptors,talniflumate,4+ rings,4.0
25273605,sulfinpyrazone,25273605.0,7.176106,8.672926,Morgan + MACCS + CACTVS + descriptors,sulfinpyrazone,4+ rings,4.0
25273609,bepotastine,25273609.0,8.77866,10.75871,Morgan + MACCS + CACTVS + descriptors,bepotastine,3 rings,3.0
25273617,sertaconazole,25273617.0,7.3894134,9.80291,Morgan + MACCS + CACTVS + descriptors,sertaconazole,4+ rings,4.0
25273624,diclazuril,25273624.0,7.0946255,8.606527,Morgan + MACCS + CACTVS + descriptors,diclazuril,3 rings,3.0
25273632,isoconazole,25273632.0,7.4387093,9.783636,Morgan + MACCS + CACTVS + descriptors,isoconazole,3 rings,3.0
25273635,pagoclone,25273635.0,7.5343394,10.915413,Morgan + MACCS + CACTVS + descriptors,pagoclone,4+ rings,4.0
2528,metrizoic-acid,2528.0,7.7700315,7.688567,Morgan + MACCS + CACTVS + descriptors,metrizoic-acid,1 ring,1.0
25295,chloropyramine,25295.0,7.1624637,10.307731,Morgan + MACCS + CACTVS + descriptors,chloropyramine,2 rings,2.0
253078,gant-58,253078.0,7.346993,10.151187,Morgan + MACCS + CACTVS + descriptors,gant-58,4+ rings,5.0
25323018,alizapride,25323018.0,9.4738455,9.620822,Morgan + MACCS + CACTVS + descriptors,alizapride,3 rings,3.0
25331887,cim-0216,25331887.0,7.910319,9.023769,Morgan + MACCS + CACTVS + descriptors,cim-0216,4+ rings,4.0
2536,camostat-mesilate,2536.0,8.653534,6.9916387,Morgan + MACCS + CACTVS + descriptors,camostat-mesilate,2 rings,2.0
253602,anisomycin,253602.0,8.783476,6.3142495,Morgan + MACCS + CACTVS + descriptors,anisomycin,2 rings,2.0
2541,candesartan,2541.0,7.8876405,11.275505,Morgan + MACCS + CACTVS + descriptors,candesartan,4+ rings,5.0
25419,clodronic-acid,25419.0,0.42135954,9.094503,Morgan + MACCS + CACTVS + descriptors,clodronic-acid,0 rings,0.0
25429,carbendazim,25429.0,7.583937,10.58914,Morgan + MACCS + CACTVS + descriptors,carbendazim,2 rings,2.0
25431,suritozole,25431.0,6.9303117,8.68303,Morgan + MACCS + CACTVS + descriptors,suritozole,2 rings,2.0
25474,rose-bengal,25474.0,8.4374485,5.051874,Morgan + MACCS + CACTVS + descriptors,rose-bengal,4+ rings,4.0
2548547,jnj-63533054,2548547.0,7.086025,7.5579624,Morgan + MACCS + CACTVS + descriptors,jnj-63533054,2 rings,2.0
2551,carbachol,2551.0,1.2458282,9.7014475,Morgan + MACCS + CACTVS + descriptors,carbachol,0 rings,0.0
2554,carbamazepine,2554.0,6.9503617,8.495701,Morgan + MACCS + CACTVS + descriptors,carbamazepine,3 rings,3.0
25588,calcium-gluceptate,25588.0,0.030117806,8.785996,Morgan + MACCS + CACTVS + descriptors,calcium-gluceptate,0 rings,0.0
2562,carbetapentane,2562.0,7.222754,6.795789,Morgan + MACCS + CACTVS + descriptors,carbetapentane,2 rings,2.0
25727983,g-15,25727983.0,9.016636,6.874778,Morgan + MACCS + CACTVS + descriptors,g-15,4+ rings,5.0
25734913,climbazole,25734913.0,9.726855,9.721146,Morgan + MACCS + CACTVS + descriptors,climbazole,2 rings,2.0
25749233,20-hydroxyecdysone,25749233.0,0.21812291,6.476545,Morgan + MACCS + CACTVS + descriptors,20-hydroxyecdysone,4+ rings,4.0
25767227,k-247,25767227.0,7.781255,7.593284,Morgan + MACCS + CACTVS + descriptors,k-247,2 rings,2.0
2577,carmofur,2577.0,1.5666124,9.133179,Morgan + MACCS + CACTVS + descriptors,carmofur,1 ring,1.0
25775509,captan,25775509.0,1.3878824,9.043676,Morgan + MACCS + CACTVS + descriptors,captan,2 rings,2.0
25790581,amorolfine,25790581.0,7.0292144,7.2800326,Morgan + MACCS + CACTVS + descriptors,amorolfine,2 rings,2.0
25790885,kakonein,25790885.0,8.922531,4.800296,Morgan + MACCS + CACTVS + descriptors,kakonein,4+ rings,4.0
25799,captamine,25799.0,0.9157966,9.300499,Morgan + MACCS + CACTVS + descriptors,captamine,0 rings,0.0
259329,estramustine-phosphate,259329.0,7.9509025,4.601086,Morgan + MACCS + CACTVS + descriptors,estramustine-phosphate,4+ rings,4.0
259776,cinobufotalin,259776.0,0.5322409,7.195202,Morgan + MACCS + CACTVS + descriptors,cinobufotalin,4+ rings,6.0
259994,propylene-glycol,259994.0,0.27739024,8.799378,Morgan + MACCS + CACTVS + descriptors,propylene-glycol,0 rings,0.0
260439,cyclovirobuxin-d,260439.0,0.080003746,7.31163,Morgan + MACCS + CACTVS + descriptors,cyclovirobuxin-d,4+ rings,5.0
26070,tranylcypromine,26070.0,6.4701405,7.4327087,Morgan + MACCS + CACTVS + descriptors,tranylcypromine,2 rings,2.0
261004,arsenic-trioxide,261004.0,0.42601827,9.0525675,Morgan + MACCS + CACTVS + descriptors,arsenic-trioxide,0 rings,0.0
26133,hydrocortisone-butyrate,26133.0,0.2632776,6.186828,Morgan + MACCS + CACTVS + descriptors,hydrocortisone-butyrate,4+ rings,4.0
262093,nsc-95397,262093.0,6.9589534,6.3074265,Morgan + MACCS + CACTVS + descriptors,nsc-95397,2 rings,2.0
26248,diacerein,26248.0,8.386743,5.1286488,Morgan + MACCS + CACTVS + descriptors,diacerein,3 rings,3.0
264,sodium-butyrate,264.0,0.27801427,8.568287,Morgan + MACCS + CACTVS + descriptors,sodium-butyrate,0 rings,0.0
26436,felbinac-ethyl,26436.0,7.143708,6.297687,Morgan + MACCS + CACTVS + descriptors,felbinac-ethyl,2 rings,2.0
26596,parbendazole,26596.0,7.591894,10.650939,Morgan + MACCS + CACTVS + descriptors,parbendazole,2 rings,2.0
26618,xipamide,26618.0,8.703168,8.105588,Morgan + MACCS + CACTVS + descriptors,xipamide,2 rings,2.0
2662,celecoxib,2662.0,8.1903,9.472924,Morgan + MACCS + CACTVS + descriptors,celecoxib,3 rings,3.0
26757,selegiline,26757.0,6.470637,7.5836434,Morgan + MACCS + CACTVS + descriptors,selegiline,1 ring,1.0
2681,cetrimonium,2681.0,1.2242225,9.70522,Morgan + MACCS + CACTVS + descriptors,cetrimonium,0 rings,0.0
2682,1-hexadecanol,2682.0,0.4948018,8.487837,Morgan + MACCS + CACTVS + descriptors,1-hexadecanol,0 rings,0.0
2683,cetylpyridinium,2683.0,6.3565087,8.631767,Morgan + MACCS + CACTVS + descriptors,cetylpyridinium,1 ring,1.0
26879,tetramisole,26879.0,6.40983,7.8836694,Morgan + MACCS + CACTVS + descriptors,tetramisole,3 rings,3.0
26890,p-dimethylinamyl-benzoate,26890.0,8.141372,7.297234,Morgan + MACCS + CACTVS + descriptors,p-dimethylinamyl-benzoate,1 ring,1.0
2690,cgs-15943,2690.0,9.944422,9.674082,Morgan + MACCS + CACTVS + descriptors,cgs-15943,4+ rings,4.0
26903,dipt,26903.0,7.7220306,10.226603,Morgan + MACCS + CACTVS + descriptors,dipt,2 rings,2.0
26934,"1s,2r-phenylpropanolamine",26934.0,7.9716077,6.459314,Morgan + MACCS + CACTVS + descriptors,"1s,2r-phenylpropanolamine",1 ring,1.0
26987,clemastine,26987.0,7.6338067,6.903745,Morgan + MACCS + CACTVS + descriptors,clemastine,3 rings,3.0
2708,chlorambucil,2708.0,7.676665,7.5920486,Morgan + MACCS + CACTVS + descriptors,chlorambucil,1 ring,1.0
27125,estetrol,27125.0,7.9324465,4.5686154,Morgan + MACCS + CACTVS + descriptors,estetrol,4+ rings,4.0
2720,chlorothiazide,2720.0,8.328714,8.810609,Morgan + MACCS + CACTVS + descriptors,chlorothiazide,2 rings,2.0
27200,thiamphenicol,27200.0,8.144413,8.308383,Morgan + MACCS + CACTVS + descriptors,thiamphenicol,1 ring,1.0
2722,chloroxine,2722.0,9.284511,10.920399,Morgan + MACCS + CACTVS + descriptors,chloroxine,2 rings,2.0
2723,chloroxylenol,2723.0,7.780658,5.6260877,Morgan + MACCS + CACTVS + descriptors,chloroxylenol,1 ring,1.0
2723601,thioguanine,2723601.0,5.6953707,11.135924,Morgan + MACCS + CACTVS + descriptors,thioguanine,2 rings,2.0
2724354,dimercaptosuccinic-acid,2724354.0,0.24713013,8.663889,Morgan + MACCS + CACTVS + descriptors,dimercaptosuccinic-acid,0 rings,0.0
2724387,tioguanine,2724387.0,6.036148,11.757061,Morgan + MACCS + CACTVS + descriptors,tioguanine,3 rings,3.0
2726,chlorpromazine,2726.0,6.4000044,8.237246,Morgan + MACCS + CACTVS + descriptors,chlorpromazine,3 rings,3.0
2727,chlorpropamide,2727.0,8.212591,8.4676485,Morgan + MACCS + CACTVS + descriptors,chlorpropamide,1 ring,1.0
2728,chlorpropham,2728.0,6.945462,8.616231,Morgan + MACCS + CACTVS + descriptors,chlorpropham,1 ring,1.0
2729042,tcid,2729042.0,6.8812737,6.416079,Morgan + MACCS + CACTVS + descriptors,tcid,2 rings,2.0
2730,chlorpyrifos,2730.0,9.114596,10.9764595,Morgan + MACCS + CACTVS + descriptors,chlorpyrifos,1 ring,1.0
2732040,s-07662,2732040.0,8.676164,6.3776636,Morgan + MACCS + CACTVS + descriptors,s-07662,3 rings,3.0
2733,chlorzoxazone,2733.0,8.551326,7.5356874,Morgan + MACCS + CACTVS + descriptors,chlorzoxazone,2 rings,2.0
2733079,ccg-50014,2733079.0,7.150773,8.622623,Morgan + MACCS + CACTVS + descriptors,ccg-50014,3 rings,3.0
2733484,capsazepine,2733484.0,8.230872,6.5745883,Morgan + MACCS + CACTVS + descriptors,capsazepine,3 rings,3.0
2733487,fumonisin-b1,2733487.0,0.91335475,8.096721,Morgan + MACCS + CACTVS + descriptors,fumonisin-b1,0 rings,0.0
2733506,l-nil,2733506.0,1.151558,8.546336,Morgan + MACCS + CACTVS + descriptors,l-nil,0 rings,0.0
2733526,tamoxifen,2733526.0,8.455743,6.595956,Morgan + MACCS + CACTVS + descriptors,tamoxifen,3 rings,3.0
2734086,a0001,2734086.0,0.3844836,7.88747,Morgan + MACCS + CACTVS + descriptors,a0001,1 ring,1.0
2735313,a-7,2735313.0,8.201531,8.468613,Morgan + MACCS + CACTVS + descriptors,a-7,2 rings,2.0
2736690,ibc-293,2736690.0,8.806728,10.510376,Morgan + MACCS + CACTVS + descriptors,ibc-293,2 rings,2.0
27400,pizotifen,27400.0,6.491455,7.8748255,Morgan + MACCS + CACTVS + descriptors,pizotifen,4+ rings,4.0
2741,chromocarb,2741.0,8.3670845,5.246506,Morgan + MACCS + CACTVS + descriptors,chromocarb,2 rings,2.0
27423,trimethylolpropane-triacrylate,27423.0,0.4802877,8.585502,Morgan + MACCS + CACTVS + descriptors,trimethylolpropane-triacrylate,0 rings,0.0
2742550,hc-067047,2742550.0,8.227704,10.648795,Morgan + MACCS + CACTVS + descriptors,hc-067047,4+ rings,4.0
2746,tacedinaline,2746.0,7.498073,8.102669,Morgan + MACCS + CACTVS + descriptors,tacedinaline,2 rings,2.0
2746822,yoda-1,2746822.0,7.17983,10.011558,Morgan + MACCS + CACTVS + descriptors,yoda-1,3 rings,3.0
2747117,bi-78d3,2747117.0,9.394663,9.048371,Morgan + MACCS + CACTVS + descriptors,bi-78d3,4+ rings,4.0
2749,ciclopirox,2749.0,1.4365311,9.064384,Morgan + MACCS + CACTVS + descriptors,ciclopirox,2 rings,2.0
275196,noscapine,275196.0,9.294381,6.6859026,Morgan + MACCS + CACTVS + descriptors,noscapine,4+ rings,5.0
2753,cilostamide,2753.0,8.934476,7.243185,Morgan + MACCS + CACTVS + descriptors,cilostamide,3 rings,3.0
2754,cilostazol,2754.0,9.777231,9.408706,Morgan + MACCS + CACTVS + descriptors,cilostazol,4+ rings,4.0
27559,pnu-22394,27559.0,7.614506,10.1753025,Morgan + MACCS + CACTVS + descriptors,pnu-22394,3 rings,3.0
2756,cimetidine,2756.0,5.6957393,11.081016,Morgan + MACCS + CACTVS + descriptors,cimetidine,1 ring,1.0
2757788,4-chlorophenylguanidine,2757788.0,6.7993984,8.796716,Morgan + MACCS + CACTVS + descriptors,4-chlorophenylguanidine,1 ring,1.0
2758,eucalyptol,2758.0,0.0786409,7.4959545,Morgan + MACCS + CACTVS + descriptors,eucalyptol,3 rings,3.0
2761171,ethionamide,2761171.0,7.011154,10.082988,Morgan + MACCS + CACTVS + descriptors,ethionamide,1 ring,1.0
2762,cinoxacin,2762.0,9.276859,7.217617,Morgan + MACCS + CACTVS + descriptors,cinoxacin,3 rings,3.0
276389,harringtonine,276389.0,9.348467,6.656131,Morgan + MACCS + CACTVS + descriptors,harringtonine,4+ rings,5.0
2765,cirazoline,2765.0,8.867461,6.411291,Morgan + MACCS + CACTVS + descriptors,cirazoline,3 rings,3.0
2765355,pim-1-inhibitor-2,2765355.0,9.417337,9.9032,Morgan + MACCS + CACTVS + descriptors,pim-1-inhibitor-2,4+ rings,4.0
27661,isosorbide-mononitrate,27661.0,0.10504071,8.790999,Morgan + MACCS + CACTVS + descriptors,isosorbide-mononitrate,2 rings,2.0
2774690,o4i1,2774690.0,8.447714,5.781458,Morgan + MACCS + CACTVS + descriptors,o4i1,2 rings,2.0
2777391,t-0070907,2777391.0,7.973546,10.642158,Morgan + MACCS + CACTVS + descriptors,t-0070907,2 rings,2.0
2779853,stattic,2779853.0,8.194128,8.615629,Morgan + MACCS + CACTVS + descriptors,stattic,2 rings,2.0
2780,clebopride,2780.0,9.120025,7.4293,Morgan + MACCS + CACTVS + descriptors,clebopride,3 rings,3.0
27812,gestrinone,27812.0,0.07053495,6.7739305,Morgan + MACCS + CACTVS + descriptors,gestrinone,4+ rings,4.0
2782,clemizole,2782.0,7.062502,10.626299,Morgan + MACCS + CACTVS + descriptors,clemizole,4+ rings,4.0
2788,clioquinol,2788.0,9.308136,10.938038,Morgan + MACCS + CACTVS + descriptors,clioquinol,2 rings,2.0
2790,clobenpropit,2790.0,7.12011,10.054614,Morgan + MACCS + CACTVS + descriptors,clobenpropit,2 rings,2.0
27924,12-o-tetradecanoylphorbol-13-acetate,27924.0,0.5124929,7.3946295,Morgan + MACCS + CACTVS + descriptors,12-o-tetradecanoylphorbol-13-acetate,4+ rings,4.0
2794188,cgp-74514,2794188.0,7.006382,10.761986,Morgan + MACCS + CACTVS + descriptors,cgp-74514,4+ rings,4.0
2796,clofibrate,2796.0,8.500268,5.633812,Morgan + MACCS + CACTVS + descriptors,clofibrate,1 ring,1.0
2797,clofibric-acid,2797.0,8.459655,5.662665,Morgan + MACCS + CACTVS + descriptors,clofibric-acid,1 ring,1.0
2797577,srpin340,2797577.0,8.009305,10.9453,Morgan + MACCS + CACTVS + descriptors,srpin340,3 rings,3.0
2798,clofilium,2798.0,6.4161906,8.103327,Morgan + MACCS + CACTVS + descriptors,clofilium,1 ring,1.0
2799,clofoctol,2799.0,7.7656507,5.612106,Morgan + MACCS + CACTVS + descriptors,clofoctol,2 rings,2.0
2799764,btb06584,2799764.0,8.706507,8.184289,Morgan + MACCS + CACTVS + descriptors,btb06584,3 rings,3.0
2800647,gsk3787,2800647.0,8.2141,9.665921,Morgan + MACCS + CACTVS + descriptors,gsk3787,2 rings,2.0
2801,clomipramine,2801.0,6.607224,8.099914,Morgan + MACCS + CACTVS + descriptors,clomipramine,3 rings,3.0
2802462,mn-64,2802462.0,8.415283,5.187871,Morgan + MACCS + CACTVS + descriptors,mn-64,3 rings,3.0
2802894,ly288513,2802894.0,7.2296796,8.562627,Morgan + MACCS + CACTVS + descriptors,ly288513,4+ rings,4.0
2803,clonidine,2803.0,6.8050914,8.819188,Morgan + MACCS + CACTVS + descriptors,clonidine,2 rings,2.0
2807869,ikk-2-inhibitor,2807869.0,7.5288167,8.34174,Morgan + MACCS + CACTVS + descriptors,ikk-2-inhibitor,2 rings,2.0
2809273,jnj-1661010,2809273.0,7.3548865,10.4470415,Morgan + MACCS + CACTVS + descriptors,jnj-1661010,4+ rings,4.0
2812,clotrimazole,2812.0,7.199295,10.046529,Morgan + MACCS + CACTVS + descriptors,clotrimazole,4+ rings,4.0
28125476,esmolol,28125476.0,8.745858,6.3649855,Morgan + MACCS + CACTVS + descriptors,esmolol,1 ring,1.0
28125490,metolazone,28125490.0,8.330821,8.826679,Morgan + MACCS + CACTVS + descriptors,metolazone,3 rings,3.0
28125518,tioconazole,28125518.0,7.3775544,9.826213,Morgan + MACCS + CACTVS + descriptors,tioconazole,3 rings,3.0
2814138,oac2,2814138.0,8.220437,10.698513,Morgan + MACCS + CACTVS + descriptors,oac2,3 rings,3.0
28145930,cetirizine,28145930.0,6.794893,7.602609,Morgan + MACCS + CACTVS + descriptors,cetirizine,3 rings,3.0
28145931,levocetirizine,28145931.0,6.8602996,7.5756474,Morgan + MACCS + CACTVS + descriptors,levocetirizine,3 rings,3.0
2815031,nb-001,2815031.0,6.0675044,11.553777,Morgan + MACCS + CACTVS + descriptors,nb-001,2 rings,2.0
28167170,l-cysteinesulfinic-acid,28167170.0,1.043508,8.64173,Morgan + MACCS + CACTVS + descriptors,l-cysteinesulfinic-acid,0 rings,0.0
2817,cloxyquin,2817.0,9.279643,10.9445505,Morgan + MACCS + CACTVS + descriptors,cloxyquin,2 rings,2.0
28174760,lm11a-31,28174760.0,1.4721578,8.784888,Morgan + MACCS + CACTVS + descriptors,lm11a-31,1 ring,1.0
2817763,pr-619,2817763.0,6.9250174,10.055497,Morgan + MACCS + CACTVS + descriptors,pr-619,1 ring,1.0
2819993,p5091,2819993.0,7.881072,8.395442,Morgan + MACCS + CACTVS + descriptors,p5091,2 rings,2.0
28248392,cilnidipine,28248392.0,8.393809,7.9722433,Morgan + MACCS + CACTVS + descriptors,cilnidipine,3 rings,3.0
28248394,doxapram,28248394.0,7.0454745,7.7295046,Morgan + MACCS + CACTVS + descriptors,doxapram,4+ rings,4.0
28248400,nisoldipine,28248400.0,8.345303,7.965059,Morgan + MACCS + CACTVS + descriptors,nisoldipine,2 rings,2.0
2826191,kartogenin,2826191.0,7.941927,7.68322,Morgan + MACCS + CACTVS + descriptors,kartogenin,3 rings,3.0
2831024,4egi-1,2831024.0,7.841463,10.093964,Morgan + MACCS + CACTVS + descriptors,4egi-1,3 rings,3.0
28417,danazol,28417.0,0.08240478,6.800898,Morgan + MACCS + CACTVS + descriptors,danazol,4+ rings,5.0
2843133,dc-260126,2843133.0,8.285626,8.581133,Morgan + MACCS + CACTVS + descriptors,dc-260126,2 rings,2.0
28446253,arbidol,28446253.0,9.226384,10.252819,Morgan + MACCS + CACTVS + descriptors,arbidol,3 rings,3.0
2847479,2-(1-adamantylamino)benzoic-acid,2847479.0,7.926268,7.6759014,Morgan + MACCS + CACTVS + descriptors,2-(1-adamantylamino)benzoic-acid,4+ rings,5.0
285033,homoharringtonine,285033.0,9.328171,6.673504,Morgan + MACCS + CACTVS + descriptors,homoharringtonine,4+ rings,5.0
2853753,cct-031374,2853753.0,7.3066373,8.577106,Morgan + MACCS + CACTVS + descriptors,cct-031374,4+ rings,5.0
28620,deslanoside,28620.0,0.7635308,7.1971416,Morgan + MACCS + CACTVS + descriptors,deslanoside,4+ rings,9.0
28693,metergoline,28693.0,8.4632,10.553492,Morgan + MACCS + CACTVS + descriptors,metergoline,4+ rings,5.0
2871,coumophos,2871.0,8.4693,5.332949,Morgan + MACCS + CACTVS + descriptors,coumophos,2 rings,2.0
28718,clonixin,28718.0,8.5230665,10.934827,Morgan + MACCS + CACTVS + descriptors,clonixin,2 rings,2.0
287180,rosoxacin,287180.0,8.793167,10.766806,Morgan + MACCS + CACTVS + descriptors,rosoxacin,3 rings,3.0
2871948,c646,2871948.0,8.934589,8.52664,Morgan + MACCS + CACTVS + descriptors,c646,4+ rings,4.0
2875918,psn-375963,2875918.0,7.7060804,10.905131,Morgan + MACCS + CACTVS + descriptors,psn-375963,3 rings,3.0
2879,cresol,2879.0,7.8370814,5.6277595,Morgan + MACCS + CACTVS + descriptors,cresol,1 ring,1.0
2880,croconazole,2880.0,9.726728,9.610782,Morgan + MACCS + CACTVS + descriptors,croconazole,3 rings,3.0
2882,cromoglicic-acid,2882.0,8.599076,5.074181,Morgan + MACCS + CACTVS + descriptors,cromoglicic-acid,4+ rings,4.0
288216,ftorafur,288216.0,2.2184265,9.5590315,Morgan + MACCS + CACTVS + descriptors,ftorafur,2 rings,2.0
28864,lisuride,28864.0,8.188504,10.565349,Morgan + MACCS + CACTVS + descriptors,lisuride,4+ rings,4.0
28871,fentiazac,28871.0,8.484844,10.217383,Morgan + MACCS + CACTVS + descriptors,fentiazac,3 rings,3.0
2895,cyclobenzaprine,2895.0,6.4308662,7.62477,Morgan + MACCS + CACTVS + descriptors,cyclobenzaprine,3 rings,3.0
2896,cyclocreatine,2896.0,1.2285203,8.793874,Morgan + MACCS + CACTVS + descriptors,cyclocreatine,1 ring,1.0
29010876,sultopride,29010876.0,9.133491,7.8030133,Morgan + MACCS + CACTVS + descriptors,sultopride,2 rings,2.0
29010894,pioglitazone,29010894.0,9.560522,9.989649,Morgan + MACCS + CACTVS + descriptors,pioglitazone,3 rings,3.0
29083,caroxazone,29083.0,8.865313,6.739025,Morgan + MACCS + CACTVS + descriptors,caroxazone,2 rings,2.0
29112,decoquinate,29112.0,9.039513,7.189357,Morgan + MACCS + CACTVS + descriptors,decoquinate,2 rings,2.0
2913,cyproheptadine,2913.0,6.458461,7.758196,Morgan + MACCS + CACTVS + descriptors,cyproheptadine,4+ rings,4.0
29145,mecysteine,29145.0,1.0784855,8.586936,Morgan + MACCS + CACTVS + descriptors,mecysteine,0 rings,0.0
291461,btb1,291461.0,8.177154,8.65269,Morgan + MACCS + CACTVS + descriptors,btb1,2 rings,2.0
2921148,brl-50481,2921148.0,8.256056,8.6535635,Morgan + MACCS + CACTVS + descriptors,brl-50481,1 ring,1.0
2929,indibulin,2929.0,8.286907,10.510734,Morgan + MACCS + CACTVS + descriptors,indibulin,4+ rings,4.0
2936384,sf-11,2936384.0,8.862852,7.0585356,Morgan + MACCS + CACTVS + descriptors,sf-11,4+ rings,4.0
2946601,jw-55,2946601.0,8.978214,7.286232,Morgan + MACCS + CACTVS + descriptors,jw-55,4+ rings,4.0
2950,dantron,2950.0,8.135119,5.0934625,Morgan + MACCS + CACTVS + descriptors,dantron,3 rings,3.0
2955,dapsone,2955.0,8.257225,8.674612,Morgan + MACCS + CACTVS + descriptors,dapsone,2 rings,2.0
29566,taurolidine,29566.0,0.99561065,9.013526,Morgan + MACCS + CACTVS + descriptors,taurolidine,2 rings,2.0
2966,debrisoquin,2966.0,6.3335814,7.7231836,Morgan + MACCS + CACTVS + descriptors,debrisoquin,2 rings,2.0
2968,decamethonium,2968.0,1.2400182,9.720559,Morgan + MACCS + CACTVS + descriptors,decamethonium,0 rings,0.0
2972,deferiprone,2972.0,1.2923431,8.94356,Morgan + MACCS + CACTVS + descriptors,deferiprone,1 ring,1.0
2973,deferoxamine-mesylate,2973.0,1.2010887,8.473274,Morgan + MACCS + CACTVS + descriptors,deferoxamine-mesylate,0 rings,0.0
2984337,wiki4,2984337.0,9.843309,9.789055,Morgan + MACCS + CACTVS + descriptors,wiki4,4+ rings,6.0
29919953,enciprazine,29919953.0,9.0926485,7.0367837,Morgan + MACCS + CACTVS + descriptors,enciprazine,3 rings,3.0
29927142,amifostine,29927142.0,0.90402585,9.069193,Morgan + MACCS + CACTVS + descriptors,amifostine,0 rings,0.0
2993,dequalinium,2993.0,6.374857,8.612769,Morgan + MACCS + CACTVS + descriptors,dequalinium,4+ rings,4.0
29942219,ys-201,29942219.0,8.367485,7.9580116,Morgan + MACCS + CACTVS + descriptors,ys-201,3 rings,3.0
2995,desipramine,2995.0,6.5955386,8.220486,Morgan + MACCS + CACTVS + descriptors,desipramine,3 rings,3.0
29962149,eprazinone,29962149.0,7.39725,6.921133,Morgan + MACCS + CACTVS + descriptors,eprazinone,3 rings,3.0
2998,nonivamide,2998.0,8.856434,6.541465,Morgan + MACCS + CACTVS + descriptors,nonivamide,1 ring,1.0
29986494,pranidipine,29986494.0,8.367926,7.9881287,Morgan + MACCS + CACTVS + descriptors,pranidipine,3 rings,3.0
3000226,fusidic-acid,3000226.0,0.33920765,7.004574,Morgan + MACCS + CACTVS + descriptors,fusidic-acid,4+ rings,4.0
3000469,artemotil,3000469.0,0.18638574,7.427254,Morgan + MACCS + CACTVS + descriptors,artemotil,4+ rings,5.0
3000518,dihydroartemisinin,3000518.0,0.19160812,7.4105477,Morgan + MACCS + CACTVS + descriptors,dihydroartemisinin,4+ rings,5.0
3000540,lincomycin,3000540.0,1.4596349,8.361565,Morgan + MACCS + CACTVS + descriptors,lincomycin,2 rings,2.0
3000671,merbarone,3000671.0,7.085411,8.521374,Morgan + MACCS + CACTVS + descriptors,merbarone,2 rings,2.0
3000870,trovirdine,3000870.0,6.9302845,10.265245,Morgan + MACCS + CACTVS + descriptors,trovirdine,2 rings,2.0
3001028,estropipate,3001028.0,7.9347486,4.5949845,Morgan + MACCS + CACTVS + descriptors,estropipate,4+ rings,4.0
3001662,schisandrol-b,3001662.0,8.702423,5.200051,Morgan + MACCS + CACTVS + descriptors,schisandrol-b,4+ rings,4.0
3002120,sulbutiamine,3002120.0,6.3288355,11.372087,Morgan + MACCS + CACTVS + descriptors,sulbutiamine,2 rings,2.0
30026875,fenoldopam,30026875.0,8.181691,6.491824,Morgan + MACCS + CACTVS + descriptors,fenoldopam,3 rings,3.0
3003141,luliconazole,3003141.0,7.254866,9.892881,Morgan + MACCS + CACTVS + descriptors,luliconazole,3 rings,3.0
3004085,nsc-625987,3004085.0,8.751126,6.99083,Morgan + MACCS + CACTVS + descriptors,nsc-625987,3 rings,3.0
300471,elesclomol,300471.0,7.098245,7.8492975,Morgan + MACCS + CACTVS + descriptors,elesclomol,2 rings,2.0
3005573,toremifene,3005573.0,8.446631,6.559922,Morgan + MACCS + CACTVS + descriptors,toremifene,3 rings,3.0
3006542,3-bromocamphor,3006542.0,0.07983886,7.493496,Morgan + MACCS + CACTVS + descriptors,3-bromocamphor,2 rings,2.0
3006985,n-(2-chlorophenyl)-2-({(2e)-2-[1-(2-pyridinyl)ethylidene]hydrazino}carbothioyl)hydrazinecarbothioamide,3006985.0,7.1035104,10.089962,Morgan + MACCS + CACTVS + descriptors,n-(2-chlorophenyl)-2-({(2e)-2-[1-(2-pyridinyl)ethylidene]hydrazino}carbothioyl)hydrazinecarbothioamide,2 rings,2.0
3008319,rwj-67657,3008319.0,7.063717,10.468363,Morgan + MACCS + CACTVS + descriptors,rwj-67657,4+ rings,4.0
3009,eflornithine,3009.0,1.0912055,8.591711,Morgan + MACCS + CACTVS + descriptors,eflornithine,0 rings,0.0
3009355,vicriviroc,3009355.0,7.728241,11.199625,Morgan + MACCS + CACTVS + descriptors,vicriviroc,4+ rings,4.0
3010818,telaprevir,3010818.0,6.5073147,11.240597,Morgan + MACCS + CACTVS + descriptors,telaprevir,4+ rings,5.0
3011155,nelarabine,3011155.0,6.0810947,11.792561,Morgan + MACCS + CACTVS + descriptors,nelarabine,3 rings,3.0
3011893,mk-0608,3011893.0,6.292752,11.674271,Morgan + MACCS + CACTVS + descriptors,mk-0608,3 rings,3.0
3012,r-59022,3012.0,7.2294765,8.364805,Morgan + MACCS + CACTVS + descriptors,r-59022,4+ rings,5.0
3017,dimpylate,3017.0,5.986975,11.128883,Morgan + MACCS + CACTVS + descriptors,dimpylate,1 ring,1.0
3019,diazoxide,3019.0,8.324452,8.832218,Morgan + MACCS + CACTVS + descriptors,diazoxide,2 rings,2.0
3023,dibenzothiophene,3023.0,6.650188,7.2323074,Morgan + MACCS + CACTVS + descriptors,dibenzothiophene,3 rings,3.0
30231,neohesperidin-dihydrochalcone,30231.0,8.973667,4.7530384,Morgan + MACCS + CACTVS + descriptors,neohesperidin-dihydrochalcone,4+ rings,4.0
3025,cinchocaine,3025.0,9.373475,10.26243,Morgan + MACCS + CACTVS + descriptors,cinchocaine,2 rings,2.0
3025803,tetomilast,3025803.0,9.305982,9.711718,Morgan + MACCS + CACTVS + descriptors,tetomilast,3 rings,3.0
3025944,lomeguatrib,3025944.0,9.928713,9.638206,Morgan + MACCS + CACTVS + descriptors,lomeguatrib,3 rings,3.0
3025961,mpep,3025961.0,6.9951224,10.068828,Morgan + MACCS + CACTVS + descriptors,mpep,2 rings,2.0
3025986,bms-387032,3025986.0,6.315286,11.007227,Morgan + MACCS + CACTVS + descriptors,bms-387032,3 rings,3.0
3026,dibutyl-phthalate,3026.0,7.249461,6.3220124,Morgan + MACCS + CACTVS + descriptors,dibutyl-phthalate,1 ring,1.0
30323,daunorubicin,30323.0,9.207434,5.6713076,Morgan + MACCS + CACTVS + descriptors,daunorubicin,4+ rings,5.0
3032325,fosfestrol,3032325.0,7.868058,5.647155,Morgan + MACCS + CACTVS + descriptors,fosfestrol,2 rings,2.0
3032771,benfotiamine,3032771.0,7.4833727,11.146997,Morgan + MACCS + CACTVS + descriptors,benfotiamine,2 rings,2.0
3032791,thiophanate,3032791.0,6.95497,8.509022,Morgan + MACCS + CACTVS + descriptors,thiophanate,1 ring,1.0
3033,diclofenac,3033.0,7.8332467,7.724517,Morgan + MACCS + CACTVS + descriptors,diclofenac,2 rings,2.0
3033017,thiopental,3033017.0,1.3266973,9.015801,Morgan + MACCS + CACTVS + descriptors,thiopental,1 ring,1.0
3033021,thiamylal,3033021.0,1.4204396,9.058836,Morgan + MACCS + CACTVS + descriptors,thiamylal,1 ring,1.0
3033538,dapiprazole,3033538.0,6.926144,10.6703005,Morgan + MACCS + CACTVS + descriptors,dapiprazole,4+ rings,4.0
3033637,nizatidine,3033637.0,5.509915,10.999196,Morgan + MACCS + CACTVS + descriptors,nizatidine,1 ring,1.0
3033677,altanserin,3033677.0,7.2325788,8.422258,Morgan + MACCS + CACTVS + descriptors,altanserin,4+ rings,4.0
3033767,droloxifene,3033767.0,8.600954,6.5610657,Morgan + MACCS + CACTVS + descriptors,droloxifene,3 rings,3.0
3033769,raclopride,3033769.0,9.143212,7.338955,Morgan + MACCS + CACTVS + descriptors,raclopride,2 rings,2.0
3033825,levosimendan,3033825.0,7.0174,8.606138,Morgan + MACCS + CACTVS + descriptors,levosimendan,2 rings,2.0
3033968,gestodene,3033968.0,0.075332,6.8085628,Morgan + MACCS + CACTVS + descriptors,gestodene,4+ rings,4.0
3034004,ru-28318,3034004.0,0.2383814,6.7639203,Morgan + MACCS + CACTVS + descriptors,ru-28318,4+ rings,4.0
3034006,moprolol,3034006.0,8.758637,6.2171445,Morgan + MACCS + CACTVS + descriptors,moprolol,1 ring,1.0
3034010,orlistat,3034010.0,1.0965507,8.260206,Morgan + MACCS + CACTVS + descriptors,orlistat,1 ring,1.0
3034012,loreclezole,3034012.0,7.14139,9.803314,Morgan + MACCS + CACTVS + descriptors,loreclezole,2 rings,2.0
3034034,quinine,3034034.0,9.492007,10.657618,Morgan + MACCS + CACTVS + descriptors,quinine,4+ rings,5.0
3034287,nitenpyram,3034287.0,7.190358,10.213867,Morgan + MACCS + CACTVS + descriptors,nitenpyram,1 ring,1.0
3034756,formoterol,3034756.0,8.569582,6.8358555,Morgan + MACCS + CACTVS + descriptors,formoterol,2 rings,2.0
3035016,amrubicin,3035016.0,9.187968,5.628227,Morgan + MACCS + CACTVS + descriptors,amrubicin,4+ rings,5.0
3035442,amibegron,3035442.0,8.784167,6.270443,Morgan + MACCS + CACTVS + descriptors,amibegron,3 rings,3.0
3035454,bis(maltolato)oxovanadium(iv),3035454.0,0.40575203,8.735455,Morgan + MACCS + CACTVS + descriptors,bis(maltolato)oxovanadium(iv),2 rings,2.0
3035658,wp921,3035658.0,7.1071315,9.13485,Morgan + MACCS + CACTVS + descriptors,wp921,2 rings,2.0
3035672,4-ppbp,3035672.0,6.5396395,7.6835403,Morgan + MACCS + CACTVS + descriptors,4-ppbp,3 rings,3.0
3035714,abt-751,3035714.0,8.90482,9.510039,Morgan + MACCS + CACTVS + descriptors,abt-751,3 rings,3.0
3035746,iodophenpropit,3035746.0,6.9135857,10.313367,Morgan + MACCS + CACTVS + descriptors,iodophenpropit,2 rings,2.0
3035842,immepip,3035842.0,5.749798,11.080865,Morgan + MACCS + CACTVS + descriptors,immepip,2 rings,2.0
3035850,cf102,3035850.0,6.5257063,11.550395,Morgan + MACCS + CACTVS + descriptors,cf102,4+ rings,4.0
3036,"4,4'-ddt",3036.0,6.539254,7.141636,Morgan + MACCS + CACTVS + descriptors,"4,4'-ddt",2 rings,2.0
3036156,altinicline,3036156.0,7.162265,10.16264,Morgan + MACCS + CACTVS + descriptors,altinicline,2 rings,2.0
3036222,sk&f-10047-(+),3036222.0,8.172242,6.7419796,Morgan + MACCS + CACTVS + descriptors,sk&f-10047-(+),3 rings,3.0
3036505,ospemifene,3036505.0,8.477217,5.5861635,Morgan + MACCS + CACTVS + descriptors,ospemifene,3 rings,3.0
3036864,sch-23390,3036864.0,8.210436,6.72567,Morgan + MACCS + CACTVS + descriptors,sch-23390,3 rings,3.0
3037,dichlorophen,3037.0,7.7709103,5.6328254,Morgan + MACCS + CACTVS + descriptors,dichlorophen,2 rings,2.0
3037043,l-ergothioneine,3037043.0,1.2585175,9.648707,Morgan + MACCS + CACTVS + descriptors,l-ergothioneine,1 ring,1.0
3037206,micronomicin,3037206.0,1.5543926,7.5894017,Morgan + MACCS + CACTVS + descriptors,micronomicin,3 rings,3.0
3037209,isepamicin,3037209.0,1.5786673,7.5645022,Morgan + MACCS + CACTVS + descriptors,isepamicin,3 rings,3.0
3037766,clamikalant,3037766.0,9.092924,7.8027406,Morgan + MACCS + CACTVS + descriptors,clamikalant,2 rings,2.0
3037918,dimemorfan,3037918.0,6.4277687,7.7056465,Morgan + MACCS + CACTVS + descriptors,dimemorfan,4+ rings,4.0
3038,diclofenamide,3038.0,8.203494,8.463678,Morgan + MACCS + CACTVS + descriptors,diclofenamide,1 ring,1.0
3038495,bp-897,3038495.0,9.125419,7.3100157,Morgan + MACCS + CACTVS + descriptors,bp-897,4+ rings,4.0
3038503,lofexidine,3038503.0,8.807675,6.290314,Morgan + MACCS + CACTVS + descriptors,lofexidine,2 rings,2.0
3038517,sufugolix,3038517.0,7.53318,8.731376,Morgan + MACCS + CACTVS + descriptors,sufugolix,4+ rings,6.0
3038522,tandutinib,3038522.0,10.624643,10.396049,Morgan + MACCS + CACTVS + descriptors,tandutinib,4+ rings,5.0
3038525,vx-745,3038525.0,7.120661,8.362629,Morgan + MACCS + CACTVS + descriptors,vx-745,4+ rings,4.0
3039,dichlorvos,3039.0,0.42315194,9.046076,Morgan + MACCS + CACTVS + descriptors,dichlorvos,0 rings,0.0
3042,dicycloverine,3042.0,0.72486633,8.304266,Morgan + MACCS + CACTVS + descriptors,dicycloverine,2 rings,2.0
3044369,procyclidine,3044369.0,9.684933,10.614821,Morgan + MACCS + CACTVS + descriptors,procyclidine,2 rings,2.0
3045,didox,3045.0,8.119275,6.1694674,Morgan + MACCS + CACTVS + descriptors,didox,1 ring,1.0
3045227,ro-60-0175,3045227.0,7.4743752,10.279681,Morgan + MACCS + CACTVS + descriptors,ro-60-0175,2 rings,2.0
3045401,lusaperidone,3045401.0,9.103769,7.492906,Morgan + MACCS + CACTVS + descriptors,lusaperidone,4+ rings,5.0
3045414,hoku-81,3045414.0,8.02298,6.5371017,Morgan + MACCS + CACTVS + descriptors,hoku-81,1 ring,1.0
3047779,napirimus,3047779.0,8.859858,10.62284,Morgan + MACCS + CACTVS + descriptors,napirimus,3 rings,3.0
305,choline,305.0,1.2355866,9.711082,Morgan + MACCS + CACTVS + descriptors,choline,0 rings,0.0
3051965,oxiracetam,3051965.0,1.5267495,8.775254,Morgan + MACCS + CACTVS + descriptors,oxiracetam,1 ring,1.0
3052,diethylcarbamazine,3052.0,1.2507864,9.158532,Morgan + MACCS + CACTVS + descriptors,diethylcarbamazine,1 ring,1.0
3052762,prucalopride,3052762.0,9.144561,7.4314585,Morgan + MACCS + CACTVS + descriptors,prucalopride,3 rings,3.0
3052776,rasagiline,3052776.0,6.3883405,7.531112,Morgan + MACCS + CACTVS + descriptors,rasagiline,2 rings,2.0
3053,pentetic-acid,3053.0,1.2598749,8.840154,Morgan + MACCS + CACTVS + descriptors,pentetic-acid,0 rings,0.0
3055,diphenidol,3055.0,7.482724,6.98524,Morgan + MACCS + CACTVS + descriptors,diphenidol,3 rings,3.0
3055171,robalzotan,3055171.0,8.980215,6.912198,Morgan + MACCS + CACTVS + descriptors,robalzotan,4+ rings,4.0
3058754,deracoxib,3058754.0,8.996652,9.439306,Morgan + MACCS + CACTVS + descriptors,deracoxib,3 rings,3.0
3059,diflunisal,3059.0,8.204169,5.1618648,Morgan + MACCS + CACTVS + descriptors,diflunisal,2 rings,2.0
3062316,dasatinib,3062316.0,7.6158233,10.590537,Morgan + MACCS + CACTVS + descriptors,dasatinib,4+ rings,4.0
30627,capobenic-acid,30627.0,9.003387,6.6823826,Morgan + MACCS + CACTVS + descriptors,capobenic-acid,1 ring,1.0
3064778,hydroxyfasudil,3064778.0,8.179513,8.511133,Morgan + MACCS + CACTVS + descriptors,hydroxyfasudil,3 rings,3.0
3068148,proacipimox,3068148.0,5.460553,11.036685,Morgan + MACCS + CACTVS + descriptors,proacipimox,1 ring,1.0
30699,cephapirin,30699.0,3.2032864,8.04639,Morgan + MACCS + CACTVS + descriptors,cephapirin,3 rings,3.0
3071,"3,3'-diindolylmethane",3071.0,7.8912864,10.432449,Morgan + MACCS + CACTVS + descriptors,"3,3'-diindolylmethane",4+ rings,4.0
30717,diftalone,30717.0,7.131616,8.037201,Morgan + MACCS + CACTVS + descriptors,diftalone,4+ rings,4.0
3073499,3-aqc,3073499.0,6.916113,10.65123,Morgan + MACCS + CACTVS + descriptors,3-aqc,3 rings,3.0
3074,dilazep,3074.0,9.206008,6.7233953,Morgan + MACCS + CACTVS + descriptors,dilazep,3 rings,3.0
30751,fludarabine-phosphate,30751.0,6.093809,11.802675,Morgan + MACCS + CACTVS + descriptors,fludarabine-phosphate,3 rings,3.0
3077,dimaprit,3077.0,0.88569,9.319899,Morgan + MACCS + CACTVS + descriptors,dimaprit,0 rings,0.0
3078519,7-hydroxystaurosporine,3078519.0,8.577349,10.635134,Morgan + MACCS + CACTVS + descriptors,7-hydroxystaurosporine,4+ rings,8.0
3080554,homoquinolinic-acid,3080554.0,8.922302,10.921319,Morgan + MACCS + CACTVS + descriptors,homoquinolinic-acid,1 ring,1.0
3080768,trofinetide,3080768.0,1.4919149,8.512492,Morgan + MACCS + CACTVS + descriptors,trofinetide,1 ring,1.0
3080825,tocainide,3080825.0,7.0777435,8.201115,Morgan + MACCS + CACTVS + descriptors,tocainide,1 ring,1.0
3080926,2-bfi,3080926.0,8.7992735,6.6873136,Morgan + MACCS + CACTVS + descriptors,2-bfi,3 rings,3.0
3081,dimethadione,3081.0,1.4000874,9.0319,Morgan + MACCS + CACTVS + descriptors,dimethadione,1 ring,1.0
3081027,oco-1112,3081027.0,8.816793,6.8450885,Morgan + MACCS + CACTVS + descriptors,oco-1112,2 rings,2.0
3081361,vandetanib,3081361.0,10.586924,10.422417,Morgan + MACCS + CACTVS + descriptors,vandetanib,4+ rings,4.0
3081545,apramycin,3081545.0,1.5888743,7.559856,Morgan + MACCS + CACTVS + descriptors,apramycin,4+ rings,4.0
3081919,lasofoxifene,3081919.0,9.050967,6.707897,Morgan + MACCS + CACTVS + descriptors,lasofoxifene,4+ rings,5.0
3082718,ici-199441,3082718.0,6.846391,7.8264246,Morgan + MACCS + CACTVS + descriptors,ici-199441,3 rings,3.0
30844635,terciprazine,30844635.0,6.8796787,7.971318,Morgan + MACCS + CACTVS + descriptors,terciprazine,3 rings,3.0
3085092,salinomycin,3085092.0,0.714876,7.3963947,Morgan + MACCS + CACTVS + descriptors,salinomycin,4+ rings,5.0
3085219,mirtazapine,3085219.0,7.0114155,10.485965,Morgan + MACCS + CACTVS + descriptors,mirtazapine,4+ rings,4.0
3085369,monoctanoin,3085369.0,0.45508635,8.358412,Morgan + MACCS + CACTVS + descriptors,monoctanoin,0 rings,0.0
3086401,quinagolide,3086401.0,8.286647,6.885145,Morgan + MACCS + CACTVS + descriptors,quinagolide,3 rings,3.0
3086576,ru-42173,3086576.0,7.3213477,8.257414,Morgan + MACCS + CACTVS + descriptors,ru-42173,3 rings,3.0
3086599,cgs-21680,3086599.0,6.485983,11.60315,Morgan + MACCS + CACTVS + descriptors,cgs-21680,4+ rings,4.0
3086618,zamifenacin,3086618.0,9.083418,6.6559963,Morgan + MACCS + CACTVS + descriptors,zamifenacin,4+ rings,5.0
3090,dimetridazole,3090.0,5.2999644,11.073947,Morgan + MACCS + CACTVS + descriptors,dimetridazole,1 ring,1.0
3092,dinitolmide,3092.0,7.7340293,8.274003,Morgan + MACCS + CACTVS + descriptors,dinitolmide,1 ring,1.0
30951,alclofenac,30951.0,8.493499,5.5598345,Morgan + MACCS + CACTVS + descriptors,alclofenac,1 ring,1.0
3100,diphenhydramine,3100.0,7.7343254,6.800988,Morgan + MACCS + CACTVS + descriptors,diphenhydramine,2 rings,2.0
31018,picolamine,31018.0,7.033409,10.09624,Morgan + MACCS + CACTVS + descriptors,picolamine,1 ring,1.0
3103,diphenylpyraline,3103.0,7.515528,6.935788,Morgan + MACCS + CACTVS + descriptors,diphenylpyraline,3 rings,3.0
310360,u-104,310360.0,8.310794,8.702434,Morgan + MACCS + CACTVS + descriptors,u-104,2 rings,2.0
310557,exo-1,310557.0,8.08408,7.57082,Morgan + MACCS + CACTVS + descriptors,exo-1,2 rings,2.0
31072,carbimazole,31072.0,1.2857311,9.095143,Morgan + MACCS + CACTVS + descriptors,carbimazole,1 ring,1.0
3108,dipyridamole,3108.0,6.6677256,11.141639,Morgan + MACCS + CACTVS + descriptors,dipyridamole,4+ rings,4.0
31101,bromocriptine,31101.0,8.5181875,10.665351,Morgan + MACCS + CACTVS + descriptors,bromocriptine,4+ rings,7.0
3111,metamizole,3111.0,7.113655,8.707208,Morgan + MACCS + CACTVS + descriptors,metamizole,2 rings,2.0
3114,disopyramide,3114.0,8.267579,11.031294,Morgan + MACCS + CACTVS + descriptors,disopyramide,2 rings,2.0
311434,pnu-120596,311434.0,8.80459,7.7742953,Morgan + MACCS + CACTVS + descriptors,pnu-120596,2 rings,2.0
3117,disulfiram,3117.0,0.94016266,9.276518,Morgan + MACCS + CACTVS + descriptors,disulfiram,0 rings,0.0
31203,benzyldimethylhexadecylammonium,31203.0,6.3916397,8.141649,Morgan + MACCS + CACTVS + descriptors,benzyldimethylhexadecylammonium,1 ring,1.0
3121,valproic-acid,3121.0,0.37456048,8.485291,Morgan + MACCS + CACTVS + descriptors,valproic-acid,0 rings,0.0
31211,vanillylacetone,31211.0,8.381931,5.6476784,Morgan + MACCS + CACTVS + descriptors,vanillylacetone,1 ring,1.0
312145,wortmannin,312145.0,8.236194,4.9333754,Morgan + MACCS + CACTVS + descriptors,wortmannin,4+ rings,5.0
31254,n-methylformamide,31254.0,1.028413,8.964036,Morgan + MACCS + CACTVS + descriptors,n-methylformamide,0 rings,0.0
31307,triamcinolone,31307.0,0.24041812,6.1620674,Morgan + MACCS + CACTVS + descriptors,triamcinolone,4+ rings,4.0
31340,sucrose-octaacetate,31340.0,0.013524779,8.618009,Morgan + MACCS + CACTVS + descriptors,sucrose-octaacetate,2 rings,2.0
31388,chloramine-t,31388.0,8.162945,8.420083,Morgan + MACCS + CACTVS + descriptors,chloramine-t,1 ring,1.0
31401,ursodiol,31401.0,0.10218877,7.277241,Morgan + MACCS + CACTVS + descriptors,ursodiol,4+ rings,4.0
31402,eltanolone,31402.0,0.056754496,7.3354063,Morgan + MACCS + CACTVS + descriptors,eltanolone,4+ rings,4.0
31404,butylated-hydroxytoluene,31404.0,7.8194375,5.5478754,Morgan + MACCS + CACTVS + descriptors,butylated-hydroxytoluene,1 ring,1.0
31447,bupicomide,31447.0,8.254217,11.088548,Morgan + MACCS + CACTVS + descriptors,bupicomide,1 ring,1.0
3149,domiphen,3149.0,7.460267,6.5673513,Morgan + MACCS + CACTVS + descriptors,domiphen,1 ring,1.0
31508,proquazone,31508.0,7.0217905,8.613497,Morgan + MACCS + CACTVS + descriptors,proquazone,3 rings,3.0
3151,domperidone,3151.0,7.078663,8.578061,Morgan + MACCS + CACTVS + descriptors,domperidone,4+ rings,5.0
31553,silibinin,31553.0,8.864591,4.8480453,Morgan + MACCS + CACTVS + descriptors,silibinin,4+ rings,5.0
31593,benznidazole,31593.0,7.3123336,10.860228,Morgan + MACCS + CACTVS + descriptors,benznidazole,2 rings,2.0
31635,tromaril,31635.0,7.921775,7.6306195,Morgan + MACCS + CACTVS + descriptors,tromaril,2 rings,2.0
3164070,walrycin-b,3164070.0,7.124464,8.53057,Morgan + MACCS + CACTVS + descriptors,walrycin-b,3 rings,3.0
3168,droperidol,3168.0,7.2073584,8.4484415,Morgan + MACCS + CACTVS + descriptors,droperidol,4+ rings,4.0
3173542,eact,3173542.0,9.509603,9.726084,Morgan + MACCS + CACTVS + descriptors,eact,3 rings,3.0
31762,nsc-9965,31762.0,0.5154664,7.6324334,Morgan + MACCS + CACTVS + descriptors,nsc-9965,4+ rings,4.0
3177,dup-697,3177.0,8.109994,8.33156,Morgan + MACCS + CACTVS + descriptors,dup-697,3 rings,3.0
3180,dyclonine,3180.0,8.706033,6.693389,Morgan + MACCS + CACTVS + descriptors,dyclonine,2 rings,2.0
3185,e-4031,3185.0,8.280571,9.746332,Morgan + MACCS + CACTVS + descriptors,e-4031,3 rings,3.0
3191,ebastine,3191.0,7.3501425,6.9136186,Morgan + MACCS + CACTVS + descriptors,ebastine,4+ rings,4.0
3194,ebselen,3194.0,7.246356,8.557467,Morgan + MACCS + CACTVS + descriptors,ebselen,3 rings,3.0
32014,8-bromo-camp,32014.0,6.086325,11.779638,Morgan + MACCS + CACTVS + descriptors,8-bromo-camp,4+ rings,4.0
3202,edrophonium,3202.0,6.614864,8.243923,Morgan + MACCS + CACTVS + descriptors,edrophonium,1 ring,1.0
3219,emedastine,3219.0,6.9688396,10.781263,Morgan + MACCS + CACTVS + descriptors,emedastine,3 rings,3.0
3220,emodin,3220.0,8.172287,5.07147,Morgan + MACCS + CACTVS + descriptors,emodin,3 rings,3.0
3221,emorfazone,3221.0,1.4155387,9.100085,Morgan + MACCS + CACTVS + descriptors,emorfazone,2 rings,2.0
32224,2-cmdo,32224.0,8.405857,6.9140167,Morgan + MACCS + CACTVS + descriptors,2-cmdo,4+ rings,4.0
3229,enoxacin,3229.0,9.946552,7.7017694,Morgan + MACCS + CACTVS + descriptors,enoxacin,3 rings,3.0
322968,prima1,322968.0,1.3481333,8.601551,Morgan + MACCS + CACTVS + descriptors,prima1,3 rings,3.0
323,coumarin,323.0,8.330299,5.492292,Morgan + MACCS + CACTVS + descriptors,coumarin,2 rings,2.0
3238952,ml348,3238952.0,9.078685,7.453914,Morgan + MACCS + CACTVS + descriptors,ml348,3 rings,3.0
3242,epirizole,3242.0,6.120024,11.093179,Morgan + MACCS + CACTVS + descriptors,epirizole,2 rings,2.0
3246096,buclizine,3246096.0,6.5473375,7.7377872,Morgan + MACCS + CACTVS + descriptors,buclizine,4+ rings,4.0
3246605,levomequitazine,3246605.0,6.399295,8.2682495,Morgan + MACCS + CACTVS + descriptors,levomequitazine,4+ rings,6.0
3248000,3'-fluorobenzylspiperone,3248000.0,7.255474,8.42492,Morgan + MACCS + CACTVS + descriptors,3'-fluorobenzylspiperone,4+ rings,5.0
3248290,iem1460,3248290.0,1.1642606,9.607866,Morgan + MACCS + CACTVS + descriptors,iem1460,4+ rings,4.0
3248571,sb-258585,3248571.0,9.021481,8.050191,Morgan + MACCS + CACTVS + descriptors,sb-258585,3 rings,3.0
3259,erythrosine,3259.0,8.463133,5.017225,Morgan + MACCS + CACTVS + descriptors,erythrosine,4+ rings,5.0
32681978,ro-67-7476,32681978.0,8.203809,8.50711,Morgan + MACCS + CACTVS + descriptors,ro-67-7476,3 rings,3.0
3272300,sb-203186,3272300.0,8.623795,10.55093,Morgan + MACCS + CACTVS + descriptors,sb-203186,3 rings,3.0
3272524,nbqx,3272524.0,8.359335,8.766281,Morgan + MACCS + CACTVS + descriptors,nbqx,3 rings,3.0
3275,etafenone,3275.0,8.618398,6.5526786,Morgan + MACCS + CACTVS + descriptors,etafenone,2 rings,2.0
3276,etanidazole,3276.0,5.2391167,11.058076,Morgan + MACCS + CACTVS + descriptors,etanidazole,1 ring,1.0
327653,pifithrin-mu,327653.0,8.126216,8.3745775,Morgan + MACCS + CACTVS + descriptors,pifithrin-mu,1 ring,1.0
3277,etazolate,3277.0,7.379661,10.912261,Morgan + MACCS + CACTVS + descriptors,etazolate,2 rings,2.0
3278,etacrynic-acid,3278.0,8.469759,5.5423746,Morgan + MACCS + CACTVS + descriptors,etacrynic-acid,1 ring,1.0
32798,clobetasol-propionate,32798.0,0.26501694,6.1348085,Morgan + MACCS + CACTVS + descriptors,clobetasol-propionate,4+ rings,4.0
3280,ethaverine,3280.0,9.691362,10.529832,Morgan + MACCS + CACTVS + descriptors,ethaverine,3 rings,3.0
3282,ethenzamide,3282.0,8.523559,6.335848,Morgan + MACCS + CACTVS + descriptors,ethenzamide,1 ring,1.0
3292447,sb-216641,3292447.0,9.767312,9.741639,Morgan + MACCS + CACTVS + descriptors,sb-216641,4+ rings,4.0
3293,ethoxyquin,3293.0,8.76391,7.0275855,Morgan + MACCS + CACTVS + descriptors,ethoxyquin,2 rings,2.0
3295,ethoxzolamide,3295.0,9.368435,9.571397,Morgan + MACCS + CACTVS + descriptors,ethoxzolamide,2 rings,2.0
33036,dexchlorpheniramine,33036.0,7.2944775,10.230036,Morgan + MACCS + CACTVS + descriptors,dexchlorpheniramine,2 rings,2.0
33037,glucaric-acid,33037.0,0.050788842,8.767961,Morgan + MACCS + CACTVS + descriptors,glucaric-acid,0 rings,0.0
33039,alovudine,33039.0,2.378819,9.662748,Morgan + MACCS + CACTVS + descriptors,alovudine,2 rings,2.0
33042,ribostamycin,33042.0,1.5777863,7.564171,Morgan + MACCS + CACTVS + descriptors,ribostamycin,3 rings,3.0
3305,etidronic-acid,3305.0,0.43407235,9.035662,Morgan + MACCS + CACTVS + descriptors,etidronic-acid,0 rings,0.0
3307,etizolam,3307.0,7.33426,10.154378,Morgan + MACCS + CACTVS + descriptors,etizolam,4+ rings,4.0
3314,eugenol,3314.0,8.367226,5.655304,Morgan + MACCS + CACTVS + descriptors,eugenol,1 ring,1.0
3316,exalamide,3316.0,8.551262,6.2124343,Morgan + MACCS + CACTVS + descriptors,exalamide,1 ring,1.0
3324,famciclovir,3324.0,6.0940485,11.428326,Morgan + MACCS + CACTVS + descriptors,famciclovir,2 rings,2.0
33255,cefazolin,33255.0,2.8554769,8.120956,Morgan + MACCS + CACTVS + descriptors,cefazolin,4+ rings,4.0
3331,felbamate,3331.0,7.218323,6.9749765,Morgan + MACCS + CACTVS + descriptors,felbamate,1 ring,1.0
3332,felbinac,3332.0,7.0904713,6.2111807,Morgan + MACCS + CACTVS + descriptors,felbinac,2 rings,2.0
33334,frentizole,33334.0,9.591643,9.6660185,Morgan + MACCS + CACTVS + descriptors,frentizole,3 rings,3.0
3334,fenbendazole,3334.0,7.5986433,10.557601,Morgan + MACCS + CACTVS + descriptors,fenbendazole,3 rings,3.0
3335,fenbufen,3335.0,7.0867057,6.1991234,Morgan + MACCS + CACTVS + descriptors,fenbufen,2 rings,2.0
3337816,ccmq,3337816.0,8.938406,10.639353,Morgan + MACCS + CACTVS + descriptors,ccmq,2 rings,2.0
3339,fenofibrate,3339.0,8.488039,5.5590553,Morgan + MACCS + CACTVS + descriptors,fenofibrate,2 rings,2.0
3342298,cts-1027,3342298.0,8.960069,7.7788935,Morgan + MACCS + CACTVS + descriptors,cts-1027,3 rings,3.0
3344,fenspiride,3344.0,7.1306615,7.781488,Morgan + MACCS + CACTVS + descriptors,fenspiride,3 rings,3.0
3346,fenthion,3346.0,8.006323,5.6791863,Morgan + MACCS + CACTVS + descriptors,fenthion,1 ring,1.0
33474,ripazepam,33474.0,7.224038,9.19722,Morgan + MACCS + CACTVS + descriptors,ripazepam,3 rings,3.0
33478,pivampicillin,33478.0,3.7240329,7.9521117,Morgan + MACCS + CACTVS + descriptors,pivampicillin,3 rings,3.0
3351,fipexide,3351.0,9.19615,6.75804,Morgan + MACCS + CACTVS + descriptors,fipexide,4+ rings,4.0
3354,flavoxate,3354.0,8.899088,6.797625,Morgan + MACCS + CACTVS + descriptors,flavoxate,4+ rings,4.0
3362,flopropione,3362.0,8.241361,5.2440557,Morgan + MACCS + CACTVS + descriptors,flopropione,1 ring,1.0
33624,timolol,33624.0,2.1747992,9.468261,Morgan + MACCS + CACTVS + descriptors,timolol,2 rings,2.0
33625,indoramin,33625.0,8.270212,10.629845,Morgan + MACCS + CACTVS + descriptors,indoramin,4+ rings,4.0
33630,penfluridol,33630.0,7.4610276,6.974302,Morgan + MACCS + CACTVS + descriptors,penfluridol,4+ rings,4.0
336423,tic10,336423.0,7.198837,8.436125,Morgan + MACCS + CACTVS + descriptors,tic10,4+ rings,5.0
3365,fluconazole,3365.0,7.222348,9.988964,Morgan + MACCS + CACTVS + descriptors,fluconazole,3 rings,3.0
3366,flucytosine,3366.0,1.5281672,9.1696005,Morgan + MACCS + CACTVS + descriptors,flucytosine,1 ring,1.0
3371,flufenamic-acid,3371.0,7.958578,7.6716313,Morgan + MACCS + CACTVS + descriptors,flufenamic-acid,2 rings,2.0
3372,fluphenazine,3372.0,6.466608,8.179987,Morgan + MACCS + CACTVS + descriptors,fluphenazine,4+ rings,4.0
3373,flumazenil,3373.0,7.713272,11.289744,Morgan + MACCS + CACTVS + descriptors,flumazenil,3 rings,3.0
337359,sorbinil,337359.0,8.898281,6.7083693,Morgan + MACCS + CACTVS + descriptors,sorbinil,3 rings,3.0
3376937,tc-o-9311,3376937.0,8.585217,7.2799683,Morgan + MACCS + CACTVS + descriptors,tc-o-9311,3 rings,3.0
338,salicylic-acid,338.0,8.222717,5.3654985,Morgan + MACCS + CACTVS + descriptors,salicylic-acid,1 ring,1.0
3385,5-fluorouracil,3385.0,1.5589786,9.16868,Morgan + MACCS + CACTVS + descriptors,5-fluorouracil,1 ring,1.0
3385203,gtp-14564,3385203.0,8.99006,8.991144,Morgan + MACCS + CACTVS + descriptors,gtp-14564,4+ rings,4.0
3388,fluphenazine-decanoate,3388.0,6.5807557,8.24865,Morgan + MACCS + CACTVS + descriptors,fluphenazine-decanoate,4+ rings,4.0
33887,almitrine,33887.0,6.5695176,7.908743,Morgan + MACCS + CACTVS + descriptors,almitrine,4+ rings,4.0
33919,phenylbenzimidazole-sulfonic-acid,33919.0,7.829061,9.892192,Morgan + MACCS + CACTVS + descriptors,phenylbenzimidazole-sulfonic-acid,3 rings,3.0
33925,eterobarb,33925.0,7.011114,7.8297353,Morgan + MACCS + CACTVS + descriptors,eterobarb,2 rings,2.0
3392731,gw-7647,3392731.0,7.173147,7.424166,Morgan + MACCS + CACTVS + descriptors,gw-7647,3 rings,3.0
3396,fluspirilene,3396.0,7.182658,8.369437,Morgan + MACCS + CACTVS + descriptors,fluspirilene,4+ rings,5.0
3397,flutamide,3397.0,7.7236,8.267822,Morgan + MACCS + CACTVS + descriptors,flutamide,1 ring,1.0
3397945,hydrastinine,3397945.0,8.985487,6.6600823,Morgan + MACCS + CACTVS + descriptors,hydrastinine,3 rings,3.0
3401,flutrimazole,3401.0,6.961123,10.357616,Morgan + MACCS + CACTVS + descriptors,flutrimazole,4+ rings,4.0
34040,nicergoline,34040.0,8.8253355,10.481209,Morgan + MACCS + CACTVS + descriptors,nicergoline,4+ rings,5.0
3406,fomepizole,3406.0,1.0515835,9.337231,Morgan + MACCS + CACTVS + descriptors,fomepizole,1 ring,1.0
3410883,bu226,3410883.0,7.040542,10.2572,Morgan + MACCS + CACTVS + descriptors,bu226,3 rings,3.0
3415,foscarnet,3415.0,0.36326662,8.968002,Morgan + MACCS + CACTVS + descriptors,foscarnet,0 rings,0.0
34154,tymazoline,34154.0,8.804077,6.3623443,Morgan + MACCS + CACTVS + descriptors,tymazoline,2 rings,2.0
3418,fosfosal,3418.0,8.263084,5.330868,Morgan + MACCS + CACTVS + descriptors,fosfosal,1 ring,1.0
342,metacresol,342.0,7.830692,5.645517,Morgan + MACCS + CACTVS + descriptors,metacresol,1 ring,1.0
3423,fpl-64176,3423.0,8.870022,10.412551,Morgan + MACCS + CACTVS + descriptors,fpl-64176,3 rings,3.0
3426979,uc-112,3426979.0,9.456939,10.551197,Morgan + MACCS + CACTVS + descriptors,uc-112,4+ rings,4.0
34312,oxcarbazepine,34312.0,7.452207,8.33584,Morgan + MACCS + CACTVS + descriptors,oxcarbazepine,3 rings,3.0
34359,carbidopa,34359.0,7.9297795,6.483389,Morgan + MACCS + CACTVS + descriptors,carbidopa,1 ring,1.0
3437,furegrelate,3437.0,9.249244,10.441319,Morgan + MACCS + CACTVS + descriptors,furegrelate,3 rings,3.0
3440,furosemide,3440.0,8.853417,8.139651,Morgan + MACCS + CACTVS + descriptors,furosemide,2 rings,2.0
3447,gabexate,3447.0,8.508989,6.3267827,Morgan + MACCS + CACTVS + descriptors,gabexate,1 ring,1.0
3448,gaboxadol,3448.0,1.4622172,9.003228,Morgan + MACCS + CACTVS + descriptors,gaboxadol,2 rings,2.0
3450,gallamine-triethiodide,3450.0,7.5397305,6.6253023,Morgan + MACCS + CACTVS + descriptors,gallamine-triethiodide,1 ring,1.0
3455,vanoxerine,3455.0,7.436405,6.979076,Morgan + MACCS + CACTVS + descriptors,vanoxerine,4+ rings,4.0
3456,gbr-12935,3456.0,7.49093,6.9514093,Morgan + MACCS + CACTVS + descriptors,gbr-12935,4+ rings,4.0
3463,gemfibrozil,3463.0,8.4065075,5.431673,Morgan + MACCS + CACTVS + descriptors,gemfibrozil,1 ring,1.0
34633,moracizine,34633.0,7.0425863,8.240213,Morgan + MACCS + CACTVS + descriptors,moracizine,4+ rings,4.0
3463933,fh-535,3463933.0,8.21657,8.666582,Morgan + MACCS + CACTVS + descriptors,fh-535,2 rings,2.0
3467177,dh-97,3467177.0,8.305629,10.602328,Morgan + MACCS + CACTVS + descriptors,dh-97,3 rings,3.0
3468,crystal-violet,3468.0,6.425676,8.520851,Morgan + MACCS + CACTVS + descriptors,crystal-violet,3 rings,3.0
34756,ademetionine,34756.0,6.081611,11.781804,Morgan + MACCS + CACTVS + descriptors,ademetionine,3 rings,3.0
3478,glipizide,3478.0,8.239004,9.7173,Morgan + MACCS + CACTVS + descriptors,glipizide,3 rings,3.0
34781,dehydrocorydaline,34781.0,9.730483,10.497739,Morgan + MACCS + CACTVS + descriptors,dehydrocorydaline,4+ rings,4.0
3488,glyburide,3488.0,9.10715,7.807976,Morgan + MACCS + CACTVS + descriptors,glyburide,3 rings,3.0
3499,go-6983,3499.0,9.494144,10.358842,Morgan + MACCS + CACTVS + descriptors,go-6983,4+ rings,5.0
3503,gossypol,3503.0,8.156515,5.0586915,Morgan + MACCS + CACTVS + descriptors,gossypol,4+ rings,4.0
3510704,ave-3085,3510704.0,9.077835,6.763423,Morgan + MACCS + CACTVS + descriptors,ave-3085,4+ rings,4.0
3518,guanethidine,3518.0,0.9841496,9.206514,Morgan + MACCS + CACTVS + descriptors,guanethidine,1 ring,1.0
3519,guanfacine,3519.0,7.042654,7.437431,Morgan + MACCS + CACTVS + descriptors,guanfacine,1 ring,1.0
3519541,cgp-13501,3519541.0,7.8706164,5.53345,Morgan + MACCS + CACTVS + descriptors,cgp-13501,1 ring,1.0
3520,guanidine,3520.0,0.88044894,9.236141,Morgan + MACCS + CACTVS + descriptors,guanidine,0 rings,0.0
3521,guanidinoethyldisulfide-bicarbonate,3521.0,0.9147923,9.198,Morgan + MACCS + CACTVS + descriptors,guanidinoethyldisulfide-bicarbonate,0 rings,0.0
35370,zidovudine,35370.0,2.3862963,9.660809,Morgan + MACCS + CACTVS + descriptors,zidovudine,2 rings,2.0
35375,etofenamate,35375.0,7.9653964,7.6285586,Morgan + MACCS + CACTVS + descriptors,etofenamate,2 rings,2.0
3538,gyki-52466,3538.0,8.962684,6.8395886,Morgan + MACCS + CACTVS + descriptors,gyki-52466,4+ rings,4.0
35397514,of-1,35397514.0,8.990523,8.068074,Morgan + MACCS + CACTVS + descriptors,of-1,3 rings,3.0
3545,c-1,3545.0,8.180733,9.640226,Morgan + MACCS + CACTVS + descriptors,c-1,3 rings,3.0
3546,ha-1004,3546.0,8.168372,9.617932,Morgan + MACCS + CACTVS + descriptors,ha-1004,2 rings,2.0
3547,fasudil,3547.0,8.14849,9.676393,Morgan + MACCS + CACTVS + descriptors,fasudil,3 rings,3.0
3552,halazone,3552.0,7.207961,6.2973776,Morgan + MACCS + CACTVS + descriptors,halazone,1 ring,1.0
3559,haloperidol,3559.0,7.4349275,6.9597507,Morgan + MACCS + CACTVS + descriptors,haloperidol,3 rings,3.0
3561,haloprogin,3561.0,8.291897,5.720914,Morgan + MACCS + CACTVS + descriptors,haloprogin,1 ring,1.0
3567002,rs-100329,3567002.0,9.123251,7.404181,Morgan + MACCS + CACTVS + descriptors,rs-100329,3 rings,3.0
3571576,bisoctrizole,3571576.0,9.356581,10.044379,Morgan + MACCS + CACTVS + descriptors,bisoctrizole,4+ rings,6.0
35793,"5-(4chlorophenyl)-4-ethyl-2,4-dihydro-3h-1,2,4-triazol-3-one",35793.0,7.029753,8.698184,Morgan + MACCS + CACTVS + descriptors,"5-(4chlorophenyl)-4-ethyl-2,4-dihydro-3h-1,2,4-triazol-3-one",2 rings,2.0
35802,flubendazole,35802.0,7.6871386,10.7572365,Morgan + MACCS + CACTVS + descriptors,flubendazole,3 rings,3.0
35805,ormeloxifene,35805.0,8.861533,6.677471,Morgan + MACCS + CACTVS + descriptors,ormeloxifene,4+ rings,5.0
359,phloroglucin,359.0,7.8782687,5.637148,Morgan + MACCS + CACTVS + descriptors,phloroglucin,1 ring,1.0
3598,hexachlorophene,3598.0,7.792351,5.6212974,Morgan + MACCS + CACTVS + descriptors,hexachlorophene,2 rings,2.0
3600,miltefosine,3600.0,1.1866375,9.706949,Morgan + MACCS + CACTVS + descriptors,miltefosine,0 rings,0.0
3601086,rn-1734,3601086.0,8.197356,8.4357195,Morgan + MACCS + CACTVS + descriptors,rn-1734,1 ring,1.0
3604,hexamethonium,3604.0,1.2483846,9.752272,Morgan + MACCS + CACTVS + descriptors,hexamethonium,0 rings,0.0
3610,hexylresorcinol,3610.0,7.823472,5.5923657,Morgan + MACCS + CACTVS + descriptors,hexylresorcinol,1 ring,1.0
36119,sisomicin-sulfate,36119.0,1.5541686,7.587585,Morgan + MACCS + CACTVS + descriptors,sisomicin-sulfate,3 rings,3.0
3616,hexamethylenebisacetamide,3616.0,1.1108724,8.713256,Morgan + MACCS + CACTVS + descriptors,hexamethylenebisacetamide,0 rings,0.0
3624,homidium,3624.0,6.4369855,8.74349,Morgan + MACCS + CACTVS + descriptors,homidium,4+ rings,4.0
36294,tobramycin,36294.0,1.5810274,7.5614276,Morgan + MACCS + CACTVS + descriptors,tobramycin,3 rings,3.0
36314,paclitaxel,36314.0,9.209714,5.774201,Morgan + MACCS + CACTVS + descriptors,paclitaxel,4+ rings,7.0
3634,hycanthone,3634.0,7.418529,8.082012,Morgan + MACCS + CACTVS + descriptors,hycanthone,3 rings,3.0
36354,alinidine,36354.0,6.807031,8.818938,Morgan + MACCS + CACTVS + descriptors,alinidine,2 rings,2.0
3639,hydrochlorothiazide,3639.0,8.347588,8.808807,Morgan + MACCS + CACTVS + descriptors,hydrochlorothiazide,2 rings,2.0
3645619,pd-168077,3645619.0,7.1232643,8.226089,Morgan + MACCS + CACTVS + descriptors,pd-168077,3 rings,3.0
36462,etoposide,36462.0,8.894758,4.9133406,Morgan + MACCS + CACTVS + descriptors,etoposide,4+ rings,7.0
364622,mnitmt,364622.0,5.3017383,11.06754,Morgan + MACCS + CACTVS + descriptors,mnitmt,2 rings,2.0
3647,hydroflumethiazide,3647.0,8.337029,8.783382,Morgan + MACCS + CACTVS + descriptors,hydroflumethiazide,2 rings,2.0
3647519,amodiaquine,3647519.0,9.34156,10.816157,Morgan + MACCS + CACTVS + descriptors,amodiaquine,3 rings,3.0
36511,substance-p,36511.0,5.846612,5.5264063,Morgan + MACCS + CACTVS + descriptors,substance-p,4+ rings,4.0
3651377,mk-886,3651377.0,8.5159855,10.221477,Morgan + MACCS + CACTVS + descriptors,mk-886,3 rings,3.0
3657,hydroxyurea,3657.0,0.98412377,8.978835,Morgan + MACCS + CACTVS + descriptors,hydroxyurea,0 rings,0.0
36573,acesulfame-potassium,36573.0,1.424567,9.118959,Morgan + MACCS + CACTVS + descriptors,acesulfame-potassium,1 ring,1.0
36687769,fendiline,36687769.0,6.4284,7.5116844,Morgan + MACCS + CACTVS + descriptors,fendiline,3 rings,3.0
36687794,msdc-0160,36687794.0,9.542892,9.889754,Morgan + MACCS + CACTVS + descriptors,msdc-0160,3 rings,3.0
36688213,halofantrine,36688213.0,7.59148,6.8737893,Morgan + MACCS + CACTVS + descriptors,halofantrine,3 rings,3.0
36688220,fenticonazole,36688220.0,7.409959,9.809945,Morgan + MACCS + CACTVS + descriptors,fenticonazole,4+ rings,4.0
36688222,febuprol,36688222.0,8.369268,5.574224,Morgan + MACCS + CACTVS + descriptors,febuprol,1 ring,1.0
36689154,fudosteine,36689154.0,1.1178904,8.592318,Morgan + MACCS + CACTVS + descriptors,fudosteine,0 rings,0.0
36689722,valnoctamide,36689722.0,1.0637474,8.927106,Morgan + MACCS + CACTVS + descriptors,valnoctamide,0 rings,0.0
36689751,tetroquinone,36689751.0,0.083522685,8.760164,Morgan + MACCS + CACTVS + descriptors,tetroquinone,1 ring,1.0
36690919,bevantolol,36690919.0,8.840668,6.2788773,Morgan + MACCS + CACTVS + descriptors,bevantolol,2 rings,2.0
3671,ibudilast,3671.0,8.218122,10.792014,Morgan + MACCS + CACTVS + descriptors,ibudilast,2 rings,2.0
3675,phenelzine,3675.0,6.4362717,7.474716,Morgan + MACCS + CACTVS + descriptors,phenelzine,1 ring,1.0
3676,lidocaine,3676.0,7.0358396,8.163065,Morgan + MACCS + CACTVS + descriptors,lidocaine,1 ring,1.0
3677,mephentermine,3677.0,6.4655447,7.458635,Morgan + MACCS + CACTVS + descriptors,mephentermine,1 ring,1.0
3678,alverine,3678.0,6.4281206,7.6055927,Morgan + MACCS + CACTVS + descriptors,alverine,2 rings,2.0
3686,idebenone,3686.0,0.44481844,7.83696,Morgan + MACCS + CACTVS + descriptors,idebenone,1 ring,1.0
3692,imetit,3692.0,5.6924496,11.062989,Morgan + MACCS + CACTVS + descriptors,imetit,1 ring,1.0
36921,ticarcillin,36921.0,3.7351964,7.94491,Morgan + MACCS + CACTVS + descriptors,ticarcillin,3 rings,3.0
369312,perillyl-alcohol,369312.0,0.14532608,7.8339396,Morgan + MACCS + CACTVS + descriptors,perillyl-alcohol,1 ring,1.0
3693566,rs-102221,3693566.0,9.1132965,7.8480973,Morgan + MACCS + CACTVS + descriptors,rs-102221,4+ rings,4.0
3696,imipramine,3696.0,6.5876946,8.155885,Morgan + MACCS + CACTVS + descriptors,imipramine,3 rings,3.0
3698,amrinone,3698.0,8.17479,11.018111,Morgan + MACCS + CACTVS + descriptors,amrinone,2 rings,2.0
369976,tnp-470,369976.0,0.59267735,7.5203896,Morgan + MACCS + CACTVS + descriptors,tnp-470,3 rings,3.0
370,gallic-acid,370.0,8.276743,5.2682242,Morgan + MACCS + CACTVS + descriptors,gallic-acid,1 ring,1.0
3712,indole-3-carbinol,3712.0,8.682894,10.537995,Morgan + MACCS + CACTVS + descriptors,indole-3-carbinol,2 rings,2.0
37147,gemcadiol,37147.0,0.42570505,8.488033,Morgan + MACCS + CACTVS + descriptors,gemcadiol,0 rings,0.0
3715,indomethacin,3715.0,9.166629,10.224903,Morgan + MACCS + CACTVS + descriptors,indomethacin,3 rings,3.0
37186,avridine,37186.0,0.6609105,8.570694,Morgan + MACCS + CACTVS + descriptors,avridine,0 rings,0.0
3721046,cnqx,3721046.0,7.635178,8.333998,Morgan + MACCS + CACTVS + descriptors,cnqx,2 rings,2.0
3728,iodoquinol,3728.0,9.241307,10.915803,Morgan + MACCS + CACTVS + descriptors,iodoquinol,2 rings,2.0
37336,hbed,37336.0,7.9175167,6.960656,Morgan + MACCS + CACTVS + descriptors,hbed,2 rings,2.0
3737,iothalamic-acid-d3,3737.0,7.8447638,7.6552334,Morgan + MACCS + CACTVS + descriptors,iothalamic-acid-d3,1 ring,1.0
3739,iodipamide,3739.0,7.867254,7.6794243,Morgan + MACCS + CACTVS + descriptors,iodipamide,2 rings,2.0
3742,ioxaglic-acid,3742.0,7.6298428,7.8855143,Morgan + MACCS + CACTVS + descriptors,ioxaglic-acid,2 rings,2.0
3744,vp-20629,3744.0,8.643713,10.568337,Morgan + MACCS + CACTVS + descriptors,vp-20629,2 rings,2.0
374536,rita,374536.0,8.447738,5.6769066,Morgan + MACCS + CACTVS + descriptors,rita,3 rings,3.0
37459,butaclamol,37459.0,7.2585497,7.192807,Morgan + MACCS + CACTVS + descriptors,butaclamol,4+ rings,5.0
37463,4-methylhistamine,37463.0,5.7197437,11.117337,Morgan + MACCS + CACTVS + descriptors,4-methylhistamine,1 ring,1.0
37464,penbutolol,37464.0,8.769962,6.2329354,Morgan + MACCS + CACTVS + descriptors,penbutolol,2 rings,2.0
3747,ipriflavone,3747.0,8.474336,5.034353,Morgan + MACCS + CACTVS + descriptors,ipriflavone,3 rings,3.0
3748,iproniazid,3748.0,8.280205,11.084626,Morgan + MACCS + CACTVS + descriptors,iproniazid,1 ring,1.0
3749,irbesartan,3749.0,7.2727923,9.121685,Morgan + MACCS + CACTVS + descriptors,irbesartan,4+ rings,5.0
3752,irsogladine,3752.0,6.937712,10.049589,Morgan + MACCS + CACTVS + descriptors,irsogladine,2 rings,2.0
37542,ribavirin,37542.0,2.4360466,9.661518,Morgan + MACCS + CACTVS + descriptors,ribavirin,2 rings,2.0
3758,ibmx,3758.0,5.719206,11.409584,Morgan + MACCS + CACTVS + descriptors,ibmx,2 rings,2.0
3759,isocarboxazid,3759.0,8.742978,9.156533,Morgan + MACCS + CACTVS + descriptors,isocarboxazid,2 rings,2.0
3767,isoniazid,3767.0,8.261125,11.085131,Morgan + MACCS + CACTVS + descriptors,isoniazid,1 ring,1.0
3775,isopropamide-iodide,3775.0,6.4993873,8.152446,Morgan + MACCS + CACTVS + descriptors,isopropamide-iodide,2 rings,2.0
37767,pipotiazine-palmitate,37767.0,6.6139383,8.255939,Morgan + MACCS + CACTVS + descriptors,pipotiazine-palmitate,4+ rings,4.0
37768,amikacin,37768.0,1.5879753,7.5596147,Morgan + MACCS + CACTVS + descriptors,amikacin,3 rings,3.0
3778,propyphenazone,3778.0,7.111036,8.679832,Morgan + MACCS + CACTVS + descriptors,propyphenazone,2 rings,2.0
37873,2-oxopropanoate,37873.0,0.27286336,8.64651,Morgan + MACCS + CACTVS + descriptors,2-oxopropanoate,0 rings,0.0
37888195,alfuzosin,37888195.0,10.649517,10.397031,Morgan + MACCS + CACTVS + descriptors,alfuzosin,3 rings,3.0
37888256,stepronin,37888256.0,7.1473117,7.4097166,Morgan + MACCS + CACTVS + descriptors,stepronin,1 ring,1.0
37888263,tianeptine,37888263.0,8.288925,8.603371,Morgan + MACCS + CACTVS + descriptors,tianeptine,3 rings,3.0
37888265,eperisone,37888265.0,6.9544992,7.525747,Morgan + MACCS + CACTVS + descriptors,eperisone,2 rings,2.0
379,caprylic-acid,379.0,0.37726453,8.401928,Morgan + MACCS + CACTVS + descriptors,caprylic-acid,0 rings,0.0
379077,nsc-663284,379077.0,8.022616,11.011897,Morgan + MACCS + CACTVS + descriptors,nsc-663284,3 rings,3.0
3792,itopride,3792.0,9.043273,6.7457805,Morgan + MACCS + CACTVS + descriptors,itopride,2 rings,2.0
3795,whi-p154,3795.0,10.335031,10.444731,Morgan + MACCS + CACTVS + descriptors,whi-p154,3 rings,3.0
3797,zm-39923,3797.0,6.699488,7.601641,Morgan + MACCS + CACTVS + descriptors,zm-39923,3 rings,3.0
3799,jak3-inhibitor-v,3799.0,6.897767,6.377329,Morgan + MACCS + CACTVS + descriptors,jak3-inhibitor-v,2 rings,2.0
38000,benurestat,38000.0,7.0761175,7.5351124,Morgan + MACCS + CACTVS + descriptors,benurestat,1 ring,1.0
3803,jlk-6,3803.0,8.00661,7.522961,Morgan + MACCS + CACTVS + descriptors,jlk-6,2 rings,2.0
3805581,aq-13,3805581.0,7.365994,10.29554,Morgan + MACCS + CACTVS + descriptors,aq-13,2 rings,2.0
38072,cridanimod,38072.0,7.5976534,8.04199,Morgan + MACCS + CACTVS + descriptors,cridanimod,3 rings,3.0
38081,flunixin-meglumin,38081.0,8.500069,10.949876,Morgan + MACCS + CACTVS + descriptors,flunixin-meglumin,2 rings,2.0
3820,kenpaullone,3820.0,8.216962,10.635112,Morgan + MACCS + CACTVS + descriptors,kenpaullone,4+ rings,4.0
3822,ketanserin,3822.0,7.247415,8.414185,Morgan + MACCS + CACTVS + descriptors,ketanserin,4+ rings,4.0
3825829,mdivi-1,3825829.0,8.768336,7.5995145,Morgan + MACCS + CACTVS + descriptors,mdivi-1,3 rings,3.0
3828,khellin,3828.0,8.531723,4.979996,Morgan + MACCS + CACTVS + descriptors,khellin,3 rings,3.0
3830,kinetin,3830.0,9.925002,9.771,Morgan + MACCS + CACTVS + descriptors,kinetin,3 rings,3.0
38409,tienilic-acid,38409.0,8.486522,5.5653152,Morgan + MACCS + CACTVS + descriptors,tienilic-acid,2 rings,2.0
3845,kynurenic-acid,3845.0,7.862157,7.752315,Morgan + MACCS + CACTVS + descriptors,kynurenic-acid,2 rings,2.0
3854666,sb-225002,3854666.0,8.2155695,7.832342,Morgan + MACCS + CACTVS + descriptors,sb-225002,2 rings,2.0
3870203,or-486,3870203.0,8.2609415,7.9118433,Morgan + MACCS + CACTVS + descriptors,or-486,1 ring,1.0
387447,bortezomib,387447.0,8.304729,11.033804,Morgan + MACCS + CACTVS + descriptors,bortezomib,2 rings,2.0
3874929,kt-433,3874929.0,8.472444,5.209681,Morgan + MACCS + CACTVS + descriptors,kt-433,3 rings,3.0
3878,lamotrigine,3878.0,6.9422197,10.075161,Morgan + MACCS + CACTVS + descriptors,lamotrigine,2 rings,2.0
3885,beta-lapachone,3885.0,7.3081727,5.946001,Morgan + MACCS + CACTVS + descriptors,beta-lapachone,3 rings,3.0
389053,ef5,389053.0,5.273184,11.059901,Morgan + MACCS + CACTVS + descriptors,ef5,1 ring,1.0
3893,lauric-acid,3893.0,0.4039326,8.337522,Morgan + MACCS + CACTVS + descriptors,lauric-acid,0 rings,0.0
3894573,rs-17053,3894573.0,9.614456,10.574596,Morgan + MACCS + CACTVS + descriptors,rs-17053,4+ rings,4.0
38988177,perhexiline,38988177.0,0.978781,9.277039,Morgan + MACCS + CACTVS + descriptors,perhexiline,3 rings,3.0
38988248,amineptine,38988248.0,7.21956,7.3344927,Morgan + MACCS + CACTVS + descriptors,amineptine,3 rings,3.0
38988270,drofenine,38988270.0,7.2290273,6.7915587,Morgan + MACCS + CACTVS + descriptors,drofenine,2 rings,2.0
38988322,3-(4-methylbenzylidene)camphor,38988322.0,6.897801,6.303832,Morgan + MACCS + CACTVS + descriptors,3-(4-methylbenzylidene)camphor,3 rings,3.0
38988592,piroctone-olamine,38988592.0,1.3781793,8.994071,Morgan + MACCS + CACTVS + descriptors,piroctone-olamine,1 ring,1.0
38988761,fursultiamine,38988761.0,6.2566805,11.35819,Morgan + MACCS + CACTVS + descriptors,fursultiamine,2 rings,2.0
38988830,chlorphenoxamine,38988830.0,7.6940174,6.810896,Morgan + MACCS + CACTVS + descriptors,chlorphenoxamine,2 rings,2.0
38989053,valethamate,38989053.0,7.2593913,6.5257144,Morgan + MACCS + CACTVS + descriptors,valethamate,1 ring,1.0
3899,leflunomide,3899.0,8.472171,9.499802,Morgan + MACCS + CACTVS + descriptors,leflunomide,2 rings,2.0
3899541,dnqx,3899541.0,7.662239,8.379714,Morgan + MACCS + CACTVS + descriptors,dnqx,2 rings,2.0
3902,letrozole,3902.0,6.989694,10.042719,Morgan + MACCS + CACTVS + descriptors,letrozole,3 rings,3.0
39042,bezafibrate,39042.0,8.792561,6.8439875,Morgan + MACCS + CACTVS + descriptors,bezafibrate,2 rings,2.0
39065,tolimidone,39065.0,8.569826,6.0238266,Morgan + MACCS + CACTVS + descriptors,tolimidone,2 rings,2.0
39186,diltiazem,39186.0,8.949579,7.3187623,Morgan + MACCS + CACTVS + descriptors,diltiazem,3 rings,3.0
3921152,d-64131,3921152.0,9.248911,10.366082,Morgan + MACCS + CACTVS + descriptors,d-64131,3 rings,3.0
39220800,abt-202,39220800.0,7.007099,10.078719,Morgan + MACCS + CACTVS + descriptors,abt-202,2 rings,2.0
3925,qx-314,3925.0,6.5862494,8.294417,Morgan + MACCS + CACTVS + descriptors,qx-314,1 ring,1.0
3926,lidoflazine,3926.0,7.137342,8.2733345,Morgan + MACCS + CACTVS + descriptors,lidoflazine,4+ rings,4.0
392622,ritonavir,392622.0,8.167683,10.369996,Morgan + MACCS + CACTVS + descriptors,ritonavir,4+ rings,4.0
393111,sjg-136,393111.0,9.235697,7.1549377,Morgan + MACCS + CACTVS + descriptors,sjg-136,4+ rings,6.0
3932,linopirdine,3932.0,8.20991,10.751857,Morgan + MACCS + CACTVS + descriptors,linopirdine,4+ rings,5.0
39359445,1-(2-chloro-5-methylphenoxy)-3-(isopropylamino)-2-propanol,39359445.0,8.728634,6.228676,Morgan + MACCS + CACTVS + descriptors,1-(2-chloro-5-methylphenoxy)-3-(isopropylamino)-2-propanol,1 ring,1.0
393595,mrs-1220,393595.0,9.976376,9.696163,Morgan + MACCS + CACTVS + descriptors,mrs-1220,4+ rings,5.0
3936,liranaftate,3936.0,9.976731,10.2505455,Morgan + MACCS + CACTVS + descriptors,liranaftate,3 rings,3.0
3941250,nitrocaramiphen,3941250.0,8.303826,7.9533772,Morgan + MACCS + CACTVS + descriptors,nitrocaramiphen,2 rings,2.0
394449,nsc-697923,394449.0,8.646289,8.705337,Morgan + MACCS + CACTVS + descriptors,nsc-697923,2 rings,2.0
3946,lobenzarit,3946.0,7.962267,7.724183,Morgan + MACCS + CACTVS + descriptors,lobenzarit,2 rings,2.0
39468,levobunolol,39468.0,8.788963,6.282512,Morgan + MACCS + CACTVS + descriptors,levobunolol,2 rings,2.0
3947,lofepramine,3947.0,7.049609,8.273228,Morgan + MACCS + CACTVS + descriptors,lofepramine,4+ rings,4.0
3949,lomerizine,3949.0,9.161152,6.6512213,Morgan + MACCS + CACTVS + descriptors,lomerizine,4+ rings,4.0
3955,loperamide,3955.0,7.473667,6.968321,Morgan + MACCS + CACTVS + descriptors,loperamide,4+ rings,4.0
39562,lonidamine,39562.0,8.619792,10.357799,Morgan + MACCS + CACTVS + descriptors,lonidamine,3 rings,3.0
3957,loratadine,3957.0,7.497313,10.465938,Morgan + MACCS + CACTVS + descriptors,loratadine,4+ rings,4.0
3961,losartan,3961.0,7.1052933,10.711348,Morgan + MACCS + CACTVS + descriptors,losartan,4+ rings,4.0
3964,loxapine,3964.0,8.666067,7.2874618,Morgan + MACCS + CACTVS + descriptors,loxapine,4+ rings,4.0
3968,ly231617,3968.0,8.011207,6.4340563,Morgan + MACCS + CACTVS + descriptors,ly231617,1 ring,1.0
3969,tomelukast,3969.0,8.516003,5.769709,Morgan + MACCS + CACTVS + descriptors,tomelukast,2 rings,2.0
3971,ly303511,3971.0,8.961131,7.0502234,Morgan + MACCS + CACTVS + descriptors,ly303511,4+ rings,4.0
3973,ly294002,3973.0,8.92955,6.9557667,Morgan + MACCS + CACTVS + descriptors,ly294002,4+ rings,4.0
39765,vecuronium,39765.0,0.48642722,7.6446505,Morgan + MACCS + CACTVS + descriptors,vecuronium,4+ rings,6.0
398148,nu-6027,398148.0,6.0182347,11.328563,Morgan + MACCS + CACTVS + descriptors,nu-6027,2 rings,2.0
39836,l-name,39836.0,1.1619556,8.569144,Morgan + MACCS + CACTVS + descriptors,l-name,0 rings,0.0
39912,ibuprofen-(s),39912.0,7.0910077,6.1805053,Morgan + MACCS + CACTVS + descriptors,ibuprofen-(s),1 ring,1.0
3994,m-344,3994.0,7.461769,8.016303,Morgan + MACCS + CACTVS + descriptors,m-344,1 ring,1.0
3994476,mm77,3994476.0,9.100343,7.2835445,Morgan + MACCS + CACTVS + descriptors,mm77,3 rings,3.0
399465,phortress,399465.0,8.008341,10.198081,Morgan + MACCS + CACTVS + descriptors,phortress,3 rings,3.0
3995234,fgin-1-43,3995234.0,8.289722,10.510671,Morgan + MACCS + CACTVS + descriptors,fgin-1-43,3 rings,3.0
39976,denotivir,39976.0,8.160599,9.674678,Morgan + MACCS + CACTVS + descriptors,denotivir,3 rings,3.0
3998,mafenide,3998.0,8.195003,8.480496,Morgan + MACCS + CACTVS + descriptors,mafenide,1 ring,1.0
400010,bardoxolone,400010.0,0.25210822,6.8820114,Morgan + MACCS + CACTVS + descriptors,bardoxolone,4+ rings,5.0
400169,sc-144,400169.0,7.482968,10.918559,Morgan + MACCS + CACTVS + descriptors,sc-144,4+ rings,4.0
4006,malotilate,4006.0,0.38857675,8.649642,Morgan + MACCS + CACTVS + descriptors,malotilate,1 ring,1.0
400769,bardoxolone-methyl,400769.0,0.29216394,6.7191706,Morgan + MACCS + CACTVS + descriptors,bardoxolone-methyl,4+ rings,5.0
4011971,ciprofloxacin,4011971.0,9.9707365,7.6350555,Morgan + MACCS + CACTVS + descriptors,ciprofloxacin,4+ rings,4.0
4013695,3-mppi,4013695.0,9.400969,10.1476,Morgan + MACCS + CACTVS + descriptors,3-mppi,4+ rings,5.0
40159,permethrin,40159.0,8.477369,5.51686,Morgan + MACCS + CACTVS + descriptors,permethrin,3 rings,3.0
4018512,2-phenylmelatonin,4018512.0,9.436188,10.498893,Morgan + MACCS + CACTVS + descriptors,2-phenylmelatonin,3 rings,3.0
4029677,cp-94253,4029677.0,9.547733,10.529332,Morgan + MACCS + CACTVS + descriptors,cp-94253,3 rings,3.0
4030,mebendazole,4030.0,7.648978,10.680603,Morgan + MACCS + CACTVS + descriptors,mebendazole,3 rings,3.0
403128,caricotamide,403128.0,1.4461513,8.954187,Morgan + MACCS + CACTVS + descriptors,caricotamide,1 ring,1.0
4037,meclofenamic-acid,4037.0,7.953206,7.714244,Morgan + MACCS + CACTVS + descriptors,meclofenamic-acid,2 rings,2.0
4039,meclofenoxate,4039.0,8.636894,6.3332973,Morgan + MACCS + CACTVS + descriptors,meclofenoxate,1 ring,1.0
40399,exifone,40399.0,8.407063,5.0404387,Morgan + MACCS + CACTVS + descriptors,exifone,2 rings,2.0
40418385,bw-723c86,40418385.0,9.515755,10.561795,Morgan + MACCS + CACTVS + descriptors,bw-723c86,3 rings,3.0
40424580,octocrylene,40424580.0,7.192714,6.5289483,Morgan + MACCS + CACTVS + descriptors,octocrylene,2 rings,2.0
40428144,rev-5901,40428144.0,9.593924,10.625915,Morgan + MACCS + CACTVS + descriptors,rev-5901,3 rings,3.0
4044,mefenamic-acid,4044.0,7.928596,7.6648107,Morgan + MACCS + CACTVS + descriptors,mefenamic-acid,2 rings,2.0
4045,mefexamide,4045.0,8.815487,6.451345,Morgan + MACCS + CACTVS + descriptors,mefexamide,1 ring,1.0
40450008,ciq,40450008.0,9.149483,6.739702,Morgan + MACCS + CACTVS + descriptors,ciq,4+ rings,4.0
404592,fluoromethylcholine,404592.0,1.2333053,9.71835,Morgan + MACCS + CACTVS + descriptors,fluoromethylcholine,0 rings,0.0
40461170,garenoxacin,40461170.0,9.628204,7.4934287,Morgan + MACCS + CACTVS + descriptors,garenoxacin,4+ rings,5.0
40462255,revaprazan,40462255.0,6.9180365,10.559622,Morgan + MACCS + CACTVS + descriptors,revaprazan,4+ rings,4.0
40466869,glutathione-monoisopropyl-ester,40466869.0,1.3498638,8.314878,Morgan + MACCS + CACTVS + descriptors,glutathione-monoisopropyl-ester,0 rings,0.0
40466912,fleroxacin,40466912.0,9.974581,7.631432,Morgan + MACCS + CACTVS + descriptors,fleroxacin,3 rings,3.0
40466946,vigabatrin,40466946.0,1.0758299,8.577829,Morgan + MACCS + CACTVS + descriptors,vigabatrin,0 rings,0.0
40466996,perindopril,40466996.0,1.4414563,8.358237,Morgan + MACCS + CACTVS + descriptors,perindopril,2 rings,2.0
40467000,troxipide,40467000.0,9.122513,6.724494,Morgan + MACCS + CACTVS + descriptors,troxipide,2 rings,2.0
40467016,sb-203580,40467016.0,7.37014,10.124364,Morgan + MACCS + CACTVS + descriptors,sb-203580,4+ rings,4.0
40467027,ki-16425,40467027.0,8.860137,9.340639,Morgan + MACCS + CACTVS + descriptors,ki-16425,3 rings,3.0
40467029,bilastine,40467029.0,7.8286123,11.224905,Morgan + MACCS + CACTVS + descriptors,bilastine,4+ rings,4.0
40467037,erdosteine,40467037.0,1.4250659,8.499937,Morgan + MACCS + CACTVS + descriptors,erdosteine,1 ring,1.0
40467042,moxifloxacin,40467042.0,9.891425,7.58816,Morgan + MACCS + CACTVS + descriptors,moxifloxacin,4+ rings,5.0
40467057,amoxicillin,40467057.0,3.7350414,7.9470534,Morgan + MACCS + CACTVS + descriptors,amoxicillin,3 rings,3.0
40467109,cefradine,40467109.0,2.0947428,8.257375,Morgan + MACCS + CACTVS + descriptors,cefradine,3 rings,3.0
40467222,pranoprofen,40467222.0,9.25468,10.72419,Morgan + MACCS + CACTVS + descriptors,pranoprofen,3 rings,3.0
40467852,cyclic-amp,40467852.0,6.0787067,11.776066,Morgan + MACCS + CACTVS + descriptors,cyclic-amp,4+ rings,4.0
40468023,flurbiprofen-axetil,40468023.0,7.09617,6.203022,Morgan + MACCS + CACTVS + descriptors,flurbiprofen-axetil,2 rings,2.0
40468028,guvacine,40468028.0,0.9787242,8.594338,Morgan + MACCS + CACTVS + descriptors,guvacine,1 ring,1.0
40468125,sarpogrelate,40468125.0,8.718794,6.568846,Morgan + MACCS + CACTVS + descriptors,sarpogrelate,2 rings,2.0
40469418,amcinonide,40469418.0,0.30772117,6.0963902,Morgan + MACCS + CACTVS + descriptors,amcinonide,4+ rings,6.0
40469923,o-1918,40469923.0,8.299594,5.5733194,Morgan + MACCS + CACTVS + descriptors,o-1918,2 rings,2.0
40473171,docusate,40473171.0,0.42395115,8.5869055,Morgan + MACCS + CACTVS + descriptors,docusate,0 rings,0.0
40479653,diperodon,40479653.0,7.021359,8.171566,Morgan + MACCS + CACTVS + descriptors,diperodon,3 rings,3.0
40488256,5-hydroxyectoine,40488256.0,1.2093748,8.582351,Morgan + MACCS + CACTVS + descriptors,5-hydroxyectoine,1 ring,1.0
40488318,alexidine,40488318.0,0.9089953,9.119183,Morgan + MACCS + CACTVS + descriptors,alexidine,0 rings,0.0
40490609,lafutidine,40490609.0,9.45924,9.916665,Morgan + MACCS + CACTVS + descriptors,lafutidine,3 rings,3.0
40490624,balofloxacin,40490624.0,9.857296,7.577954,Morgan + MACCS + CACTVS + descriptors,balofloxacin,4+ rings,4.0
40490637,ulifloxacin,40490637.0,9.973806,7.633189,Morgan + MACCS + CACTVS + descriptors,ulifloxacin,4+ rings,4.0
40510055,k-map,40510055.0,7.775297,7.6327744,Morgan + MACCS + CACTVS + descriptors,k-map,2 rings,2.0
40537219,sulbactam-pivoxil,40537219.0,1.7518878,8.488551,Morgan + MACCS + CACTVS + descriptors,sulbactam-pivoxil,2 rings,2.0
4055,menadione,4055.0,6.8914127,6.38146,Morgan + MACCS + CACTVS + descriptors,menadione,2 rings,2.0
40632,pirfenidone,40632.0,7.0883536,8.622009,Morgan + MACCS + CACTVS + descriptors,pirfenidone,2 rings,2.0
40642506,pfi-4,40642506.0,9.063688,7.328132,Morgan + MACCS + CACTVS + descriptors,pfi-4,4+ rings,4.0
4065,meprylcaine,4065.0,7.2367525,6.789726,Morgan + MACCS + CACTVS + descriptors,meprylcaine,1 ring,1.0
4068248,ferrostatin-1,4068248.0,8.127647,7.298925,Morgan + MACCS + CACTVS + descriptors,ferrostatin-1,2 rings,2.0
4068592,taurine,4068592.0,0.74023545,8.959641,Morgan + MACCS + CACTVS + descriptors,taurine,0 rings,0.0
40692,mefloquine,40692.0,8.952787,10.70352,Morgan + MACCS + CACTVS + descriptors,mefloquine,3 rings,3.0
40729546,lanoconazole,40729546.0,7.199612,9.92744,Morgan + MACCS + CACTVS + descriptors,lanoconazole,3 rings,3.0
4075,mesalazine,4075.0,7.981561,6.8880095,Morgan + MACCS + CACTVS + descriptors,mesalazine,1 ring,1.0
4077460,sew-2871,4077460.0,7.711918,10.320406,Morgan + MACCS + CACTVS + descriptors,sew-2871,4+ rings,4.0
40782280,ccg-1423,40782280.0,7.732008,8.150008,Morgan + MACCS + CACTVS + descriptors,ccg-1423,2 rings,2.0
40839,vindesine,40839.0,9.359978,10.304099,Morgan + MACCS + CACTVS + descriptors,vindesine,4+ rings,9.0
4091,metformin,4091.0,0.844429,9.287232,Morgan + MACCS + CACTVS + descriptors,metformin,0 rings,0.0
40924317,act-462206,40924317.0,9.031343,8.032403,Morgan + MACCS + CACTVS + descriptors,act-462206,3 rings,3.0
4096211,nvp-231,4096211.0,7.7606626,10.297605,Morgan + MACCS + CACTVS + descriptors,nvp-231,4+ rings,7.0
4097,methantheline,4097.0,7.4535556,6.536929,Morgan + MACCS + CACTVS + descriptors,methantheline,3 rings,3.0
40973,desogestrel,40973.0,-0.045301564,6.9960628,Morgan + MACCS + CACTVS + descriptors,desogestrel,4+ rings,4.0
4098,methapyrilene,4098.0,7.1576343,10.161169,Morgan + MACCS + CACTVS + descriptors,methapyrilene,2 rings,2.0
4099,metharbital,4099.0,1.4458308,9.04515,Morgan + MACCS + CACTVS + descriptors,metharbital,1 ring,1.0
4100,methazolamide,4100.0,1.3375168,9.118354,Morgan + MACCS + CACTVS + descriptors,methazolamide,1 ring,1.0
4101,methenamine,4101.0,1.0548526,9.270176,Morgan + MACCS + CACTVS + descriptors,methenamine,4+ rings,4.0
410467,3-anilinopropan-1-ol,410467.0,6.8300357,8.075325,Morgan + MACCS + CACTVS + descriptors,3-anilinopropan-1-ol,1 ring,1.0
41097438,homosalate,41097438.0,8.211947,5.379274,Morgan + MACCS + CACTVS + descriptors,homosalate,2 rings,2.0
41097863,fenoprofen,41097863.0,8.437308,5.482206,Morgan + MACCS + CACTVS + descriptors,fenoprofen,2 rings,2.0
41097932,equilin,41097932.0,7.93172,4.5625734,Morgan + MACCS + CACTVS + descriptors,equilin,4+ rings,4.0
41097974,cyclandelate,41097974.0,7.130729,6.1695924,Morgan + MACCS + CACTVS + descriptors,cyclandelate,2 rings,2.0
41109,etofylline-clofibrate,41109.0,10.183471,9.885817,Morgan + MACCS + CACTVS + descriptors,etofylline-clofibrate,3 rings,3.0
4113,methoxyamine,4113.0,0.6244696,9.09452,Morgan + MACCS + CACTVS + descriptors,methoxyamine,0 rings,0.0
4114,methoxsalen,4114.0,8.562628,4.9735856,Morgan + MACCS + CACTVS + descriptors,methoxsalen,3 rings,3.0
4116,methoxyflurane,4116.0,0.35576382,9.105292,Morgan + MACCS + CACTVS + descriptors,methoxyflurane,0 rings,0.0
4118151,farampator,4118151.0,8.159521,10.500719,Morgan + MACCS + CACTVS + descriptors,farampator,3 rings,3.0
41214,meglitinide,41214.0,8.949465,7.0821238,Morgan + MACCS + CACTVS + descriptors,meglitinide,2 rings,2.0
4122,nocodazole,4122.0,7.6835265,10.48643,Morgan + MACCS + CACTVS + descriptors,nocodazole,3 rings,3.0
4133,methyl-salicylate,4133.0,8.284298,5.39704,Morgan + MACCS + CACTVS + descriptors,methyl-salicylate,1 ring,1.0
4134,methylbenactyzium-bromide,4134.0,7.3263874,6.5318136,Morgan + MACCS + CACTVS + descriptors,methylbenactyzium-bromide,2 rings,2.0
4135,methylbenzethonium-chloride,4135.0,7.5939097,6.5518336,Morgan + MACCS + CACTVS + descriptors,methylbenzethonium-chloride,2 rings,2.0
4139,methylene-blue,4139.0,6.3485656,8.540323,Morgan + MACCS + CACTVS + descriptors,methylene-blue,3 rings,3.0
4141,5-methylfurmethiodide,4141.0,7.5280633,6.63188,Morgan + MACCS + CACTVS + descriptors,5-methylfurmethiodide,1 ring,1.0
41448,isoxepac,41448.0,8.407003,5.1625543,Morgan + MACCS + CACTVS + descriptors,isoxepac,3 rings,3.0
4165,meticrane,4165.0,8.129734,8.379085,Morgan + MACCS + CACTVS + descriptors,meticrane,2 rings,2.0
4168,metoclopramide,4168.0,9.138772,7.451262,Morgan + MACCS + CACTVS + descriptors,metoclopramide,1 ring,1.0
41684,nitazoxanide,41684.0,9.228341,9.101653,Morgan + MACCS + CACTVS + descriptors,nitazoxanide,2 rings,2.0
417214,sodium-orthovanadate,417214.0,0.507365,9.065365,Morgan + MACCS + CACTVS + descriptors,sodium-orthovanadate,0 rings,0.0
4173,metronidazole,4173.0,5.263734,11.061179,Morgan + MACCS + CACTVS + descriptors,metronidazole,1 ring,1.0
4174,metyrapone,4174.0,8.3949375,11.053949,Morgan + MACCS + CACTVS + descriptors,metyrapone,2 rings,2.0
417412,"4,4-pentamethylenepiperidine",417412.0,0.98616135,9.2809,Morgan + MACCS + CACTVS + descriptors,"4,4-pentamethylenepiperidine",2 rings,2.0
41856,zindotrine,41856.0,6.608228,10.769813,Morgan + MACCS + CACTVS + descriptors,zindotrine,3 rings,3.0
41867,epirubicin,41867.0,9.198342,5.656644,Morgan + MACCS + CACTVS + descriptors,epirubicin,4+ rings,5.0
4197,milrinone,4197.0,8.155893,11.0280285,Morgan + MACCS + CACTVS + descriptors,milrinone,2 rings,2.0
4199,minaprine,4199.0,6.965422,10.681238,Morgan + MACCS + CACTVS + descriptors,minaprine,3 rings,3.0
42008,cefmetazole,42008.0,2.721655,8.15269,Morgan + MACCS + CACTVS + descriptors,cefmetazole,3 rings,3.0
42066885,isoxsuprine,42066885.0,8.640472,6.3724976,Morgan + MACCS + CACTVS + descriptors,isoxsuprine,2 rings,2.0
42066947,gemifloxacin,42066947.0,9.915738,7.7716284,Morgan + MACCS + CACTVS + descriptors,gemifloxacin,4+ rings,4.0
42105272,eucatropine,42105272.0,7.233313,6.7985616,Morgan + MACCS + CACTVS + descriptors,eucatropine,2 rings,2.0
4210951,sb-415286,4210951.0,8.114559,7.9279237,Morgan + MACCS + CACTVS + descriptors,sb-415286,3 rings,3.0
4212,mitoxantrone,4212.0,8.218962,7.287591,Morgan + MACCS + CACTVS + descriptors,mitoxantrone,3 rings,3.0
4214594,arecaidine-but-2-ynyl-ester,4214594.0,0.89706844,8.669944,Morgan + MACCS + CACTVS + descriptors,arecaidine-but-2-ynyl-ester,1 ring,1.0
421610,gant-61,421610.0,7.193828,10.298562,Morgan + MACCS + CACTVS + descriptors,gant-61,4+ rings,4.0
4217,ml9,4217.0,8.198062,8.544343,Morgan + MACCS + CACTVS + descriptors,ml9,3 rings,3.0
4234241,d609,4234241.0,0.035989173,7.506269,Morgan + MACCS + CACTVS + descriptors,d609,3 rings,3.0
4235,moclobemide,4235.0,6.904563,7.6912823,Morgan + MACCS + CACTVS + descriptors,moclobemide,2 rings,2.0
4237,mofezolac,4237.0,8.984584,9.3278055,Morgan + MACCS + CACTVS + descriptors,mofezolac,3 rings,3.0
4239,molsidomine,4239.0,1.2760884,9.62519,Morgan + MACCS + CACTVS + descriptors,molsidomine,2 rings,2.0
4239764,ipag,4239764.0,6.731463,8.638891,Morgan + MACCS + CACTVS + descriptors,ipag,4+ rings,5.0
42598643,her2-inhibitor-1,42598643.0,9.781999,9.690693,Morgan + MACCS + CACTVS + descriptors,her2-inhibitor-1,4+ rings,6.0
4260,moxisylyte,4260.0,8.603379,6.391858,Morgan + MACCS + CACTVS + descriptors,moxisylyte,1 ring,1.0
42609849,btz043-racemate,42609849.0,7.513536,8.255037,Morgan + MACCS + CACTVS + descriptors,btz043-racemate,4+ rings,4.0
4261,entinostat,4261.0,8.287269,11.051781,Morgan + MACCS + CACTVS + descriptors,entinostat,3 rings,3.0
42611257,vemurafenib,42611257.0,7.917529,9.912249,Morgan + MACCS + CACTVS + descriptors,vemurafenib,4+ rings,4.0
42623951,czc24832,42623951.0,7.926446,9.690839,Morgan + MACCS + CACTVS + descriptors,czc24832,3 rings,3.0
42627755,apy-29,42627755.0,6.7667055,10.619911,Morgan + MACCS + CACTVS + descriptors,apy-29,4+ rings,5.0
42628843,cct196969,42628843.0,10.139096,10.007987,Morgan + MACCS + CACTVS + descriptors,cct196969,4+ rings,5.0
42633508,vu0238429,42633508.0,8.982544,7.313453,Morgan + MACCS + CACTVS + descriptors,vu0238429,3 rings,3.0
42636535,a66,42636535.0,7.7336383,10.498769,Morgan + MACCS + CACTVS + descriptors,a66,3 rings,3.0
42639643,iti214,42639643.0,7.3644385,10.91148,Morgan + MACCS + CACTVS + descriptors,iti214,4+ rings,7.0
42641861,a-967079,42641861.0,6.531947,7.2460127,Morgan + MACCS + CACTVS + descriptors,a-967079,1 ring,1.0
42642645,foretinib,42642645.0,10.22807,10.385338,Morgan + MACCS + CACTVS + descriptors,foretinib,4+ rings,6.0
42642648,arry-334543,42642648.0,10.0504675,9.868097,Morgan + MACCS + CACTVS + descriptors,arry-334543,4+ rings,5.0
42642654,gdc-0623,42642654.0,7.553127,11.083853,Morgan + MACCS + CACTVS + descriptors,gdc-0623,3 rings,3.0
4266,muscimol,4266.0,1.4941267,9.043962,Morgan + MACCS + CACTVS + descriptors,muscimol,1 ring,1.0
427018,y-11,427018.0,1.2359818,9.693488,Morgan + MACCS + CACTVS + descriptors,y-11,4+ rings,4.0
4282258,ly310762,4282258.0,7.244041,8.38636,Morgan + MACCS + CACTVS + descriptors,ly310762,4+ rings,4.0
4283,"1,12-besm",4283.0,0.93110895,9.135653,Morgan + MACCS + CACTVS + descriptors,"1,12-besm",0 rings,0.0
4284,diethyltoluamide,4284.0,6.9738274,7.6261606,Morgan + MACCS + CACTVS + descriptors,diethyltoluamide,1 ring,1.0
4284525,gr-135531,4284525.0,8.378663,10.5557995,Morgan + MACCS + CACTVS + descriptors,gr-135531,2 rings,2.0
4284721,gr125487,4284721.0,8.979942,9.8607855,Morgan + MACCS + CACTVS + descriptors,gr125487,3 rings,3.0
428573,eprodisate,428573.0,0.54556054,8.9750595,Morgan + MACCS + CACTVS + descriptors,eprodisate,0 rings,0.0
42890,idarubicin,42890.0,9.207596,5.680337,Morgan + MACCS + CACTVS + descriptors,idarubicin,4+ rings,5.0
42981,laurocapram,42981.0,1.2544674,8.934386,Morgan + MACCS + CACTVS + descriptors,laurocapram,1 ring,1.0
4302960,gr-103691,4302960.0,9.12565,7.305275,Morgan + MACCS + CACTVS + descriptors,gr-103691,4+ rings,4.0
4302962,am-281,4302962.0,8.27707,10.104342,Morgan + MACCS + CACTVS + descriptors,am-281,4+ rings,4.0
4302963,am-630,4302963.0,9.297459,10.162406,Morgan + MACCS + CACTVS + descriptors,am-630,4+ rings,4.0
4306515,sc-560,4306515.0,9.502471,9.881682,Morgan + MACCS + CACTVS + descriptors,sc-560,3 rings,3.0
4314115,ica-110381,4314115.0,8.180662,11.044902,Morgan + MACCS + CACTVS + descriptors,ica-110381,2 rings,2.0
43157,eniluracil,43157.0,1.5386587,9.141728,Morgan + MACCS + CACTVS + descriptors,eniluracil,1 ring,1.0
43231,clorsulon,43231.0,8.291588,8.685642,Morgan + MACCS + CACTVS + descriptors,clorsulon,1 ring,1.0
4331799,sb-408124,4331799.0,7.3182826,10.570709,Morgan + MACCS + CACTVS + descriptors,sb-408124,3 rings,3.0
4336830,sc-19220,4336830.0,8.752845,7.499176,Morgan + MACCS + CACTVS + descriptors,sc-19220,3 rings,3.0
4342,acecainide,4342.0,7.290512,8.054571,Morgan + MACCS + CACTVS + descriptors,acecainide,1 ring,1.0
4342838,tu-2100,4342838.0,8.472034,5.437101,Morgan + MACCS + CACTVS + descriptors,tu-2100,2 rings,2.0
43507,ceforanide,43507.0,3.6187935,7.965497,Morgan + MACCS + CACTVS + descriptors,ceforanide,4+ rings,4.0
4355450,ly225910,4355450.0,9.7627535,10.248121,Morgan + MACCS + CACTVS + descriptors,ly225910,4+ rings,5.0
43594,cefonicid,43594.0,3.6530821,7.9571924,Morgan + MACCS + CACTVS + descriptors,cefonicid,4+ rings,4.0
43672,piperacillin,43672.0,3.7817445,7.927583,Morgan + MACCS + CACTVS + descriptors,piperacillin,4+ rings,4.0
4369270,digitoxigenin,4369270.0,0.39317328,7.0845714,Morgan + MACCS + CACTVS + descriptors,digitoxigenin,4+ rings,5.0
4369359,sitagliptin,4369359.0,7.391309,10.895137,Morgan + MACCS + CACTVS + descriptors,sitagliptin,3 rings,3.0
4369380,thiorphan,4369380.0,7.1915374,7.3383636,Morgan + MACCS + CACTVS + descriptors,thiorphan,1 ring,1.0
4369439,halothane,4369439.0,0.3613502,9.127197,Morgan + MACCS + CACTVS + descriptors,halothane,0 rings,0.0
4369440,isoflurane,4369440.0,0.3568768,9.111317,Morgan + MACCS + CACTVS + descriptors,isoflurane,0 rings,0.0
4369491,pd-407824,4369491.0,8.735757,10.543706,Morgan + MACCS + CACTVS + descriptors,pd-407824,4+ rings,5.0
4369524,tanaproget,4369524.0,7.5334353,10.226482,Morgan + MACCS + CACTVS + descriptors,tanaproget,3 rings,3.0
4369536,ver-49009,4369536.0,9.326356,9.858349,Morgan + MACCS + CACTVS + descriptors,ver-49009,3 rings,3.0
43708,cefotiam,43708.0,2.9661891,8.092116,Morgan + MACCS + CACTVS + descriptors,cefotiam,4+ rings,4.0
4375,fg-7142,4375.0,8.177142,10.733564,Morgan + MACCS + CACTVS + descriptors,fg-7142,3 rings,3.0
437740,kevetrin,437740.0,0.88387734,9.289327,Morgan + MACCS + CACTVS + descriptors,kevetrin,0 rings,0.0
4377504,cfm-2,4377504.0,8.8154335,7.0139656,Morgan + MACCS + CACTVS + descriptors,cfm-2,3 rings,3.0
4380,clorgiline,4380.0,8.585523,6.3220234,Morgan + MACCS + CACTVS + descriptors,clorgiline,1 ring,1.0
43805,oxaliplatin,43805.0,1.4462701,8.919793,Morgan + MACCS + CACTVS + descriptors,oxaliplatin,3 rings,3.0
43815,paroxetine,43815.0,9.003312,6.527751,Morgan + MACCS + CACTVS + descriptors,paroxetine,4+ rings,4.0
4382,deoxyepinephrine,4382.0,8.097401,6.4432235,Morgan + MACCS + CACTVS + descriptors,deoxyepinephrine,1 ring,1.0
43833352,doxylamine,43833352.0,8.742594,10.929445,Morgan + MACCS + CACTVS + descriptors,doxylamine,2 rings,2.0
43860,triciribine-phosphate,43860.0,6.1282043,11.79165,Morgan + MACCS + CACTVS + descriptors,triciribine-phosphate,4+ rings,4.0
438981,cdk1-5-inhibitor,438981.0,6.81093,10.444254,Morgan + MACCS + CACTVS + descriptors,cdk1-5-inhibitor,3 rings,3.0
439153,coenzyme-i,439153.0,6.0933614,11.807347,Morgan + MACCS + CACTVS + descriptors,coenzyme-i,4+ rings,5.0
439246,naringenin,439246.0,8.499455,4.944088,Morgan + MACCS + CACTVS + descriptors,naringenin,3 rings,3.0
439260,norepinephrine,439260.0,8.057539,6.3663774,Morgan + MACCS + CACTVS + descriptors,norepinephrine,1 ring,1.0
4392675,"4-acetyl-1,1-dimethylpiperazinium",4392675.0,1.2415243,9.68239,Morgan + MACCS + CACTVS + descriptors,"4-acetyl-1,1-dimethylpiperazinium",1 ring,1.0
439284,adaprev,439284.0,0.010523897,8.730535,Morgan + MACCS + CACTVS + descriptors,adaprev,1 ring,1.0
439318,bekanamycin,439318.0,1.5824586,7.558061,Morgan + MACCS + CACTVS + descriptors,bekanamycin,3 rings,3.0
439378,l-theanine,439378.0,1.2743436,8.447225,Morgan + MACCS + CACTVS + descriptors,l-theanine,0 rings,0.0
439503,salicin,439503.0,8.89835,4.9366016,Morgan + MACCS + CACTVS + descriptors,salicin,2 rings,2.0
439530,puromycin,439530.0,6.504077,11.584197,Morgan + MACCS + CACTVS + descriptors,puromycin,4+ rings,4.0
439533,taxifolin,439533.0,8.61964,4.8897386,Morgan + MACCS + CACTVS + descriptors,taxifolin,3 rings,3.0
43961,bipenamol,43961.0,7.4379673,6.587552,Morgan + MACCS + CACTVS + descriptors,bipenamol,2 rings,2.0
439693,pentostatin,439693.0,6.0328646,11.759485,Morgan + MACCS + CACTVS + descriptors,pentostatin,3 rings,3.0
439710,l-(+)-rhamnose-monohydrate,439710.0,0.052510716,8.754299,Morgan + MACCS + CACTVS + descriptors,l-(+)-rhamnose-monohydrate,1 ring,1.0
439714,allantoin,439714.0,1.4980493,9.07891,Morgan + MACCS + CACTVS + descriptors,allantoin,1 ring,1.0
439958,barium-6-o-phosphonato-d-glucose,439958.0,0.07687912,8.772613,Morgan + MACCS + CACTVS + descriptors,barium-6-o-phosphonato-d-glucose,0 rings,0.0
440005,ng-nitro-arginine,440005.0,1.1581168,8.546755,Morgan + MACCS + CACTVS + descriptors,ng-nitro-arginine,0 rings,0.0
440707,cortodoxone,440707.0,0.17176227,6.329524,Morgan + MACCS + CACTVS + descriptors,cortodoxone,4+ rings,4.0
4409,nabumetone,4409.0,8.424444,5.514982,Morgan + MACCS + CACTVS + descriptors,nabumetone,2 rings,2.0
440917,d-limonene,440917.0,0.13216656,7.873499,Morgan + MACCS + CACTVS + descriptors,d-limonene,1 ring,1.0
44093,captopril,44093.0,1.5396752,8.552077,Morgan + MACCS + CACTVS + descriptors,captopril,1 ring,1.0
440936,arbutin,440936.0,8.902822,4.91357,Morgan + MACCS + CACTVS + descriptors,arbutin,2 rings,2.0
440988,higenamine,440988.0,8.200265,6.5719314,Morgan + MACCS + CACTVS + descriptors,higenamine,3 rings,3.0
441,beta-hydroxybutyrate,441.0,0.23762926,8.654571,Morgan + MACCS + CACTVS + descriptors,beta-hydroxybutyrate,0 rings,0.0
441071,strychnine,441071.0,7.3280735,8.218107,Morgan + MACCS + CACTVS + descriptors,strychnine,4+ rings,7.0
441074,quinidine,441074.0,9.504154,10.6602125,Morgan + MACCS + CACTVS + descriptors,quinidine,4+ rings,5.0
441130,meropenem,441130.0,1.9285903,8.271063,Morgan + MACCS + CACTVS + descriptors,meropenem,3 rings,3.0
441140,griseofulvin,441140.0,8.490253,4.991184,Morgan + MACCS + CACTVS + descriptors,griseofulvin,3 rings,3.0
441145,monensin,441145.0,0.7095345,7.4276986,Morgan + MACCS + CACTVS + descriptors,monensin,4+ rings,5.0
441199,cefoxitin,441199.0,3.683289,7.9534655,Morgan + MACCS + CACTVS + descriptors,cefoxitin,3 rings,3.0
441207,digitoxin,441207.0,0.7499883,7.1906047,Morgan + MACCS + CACTVS + descriptors,digitoxin,4+ rings,8.0
44123657,vu591,44123657.0,6.9962964,10.642284,Morgan + MACCS + CACTVS + descriptors,vu591,4+ rings,4.0
441243,saquinavir,441243.0,8.424078,10.77375,Morgan + MACCS + CACTVS + descriptors,saquinavir,4+ rings,5.0
441289,pancuronium,441289.0,1.2134587,9.701796,Morgan + MACCS + CACTVS + descriptors,pancuronium,4+ rings,6.0
441290,rocuronium,441290.0,0.3892426,7.322668,Morgan + MACCS + CACTVS + descriptors,rocuronium,4+ rings,6.0
44129647,relebactam,44129647.0,1.5201546,8.821534,Morgan + MACCS + CACTVS + descriptors,relebactam,3 rings,3.0
44129648,aticaprant,44129648.0,9.011516,6.9906006,Morgan + MACCS + CACTVS + descriptors,aticaprant,4+ rings,4.0
44129660,gnf-5,44129660.0,10.002437,10.164816,Morgan + MACCS + CACTVS + descriptors,gnf-5,3 rings,3.0
4413,nafamostat,4413.0,8.593746,6.6336055,Morgan + MACCS + CACTVS + descriptors,nafamostat,3 rings,3.0
441300,abacavir,441300.0,6.123643,11.541116,Morgan + MACCS + CACTVS + descriptors,abacavir,4+ rings,4.0
441302,epiandrosterone,441302.0,0.04265319,7.3342667,Morgan + MACCS + CACTVS + descriptors,epiandrosterone,4+ rings,4.0
441306,netilmicin,441306.0,1.551597,7.5706024,Morgan + MACCS + CACTVS + descriptors,netilmicin,3 rings,3.0
441314,miglitol,441314.0,1.3640476,8.523473,Morgan + MACCS + CACTVS + descriptors,miglitol,1 ring,1.0
441335,mometasone,441335.0,0.20878468,6.211765,Morgan + MACCS + CACTVS + descriptors,mometasone,4+ rings,4.0
441336,mometasone-furoate,441336.0,8.112583,4.8183503,Morgan + MACCS + CACTVS + descriptors,mometasone-furoate,4+ rings,5.0
44137358,d-3263,44137358.0,9.103871,7.244856,Morgan + MACCS + CACTVS + descriptors,d-3263,3 rings,3.0
44137675,azd6482,44137675.0,7.6654716,8.112734,Morgan + MACCS + CACTVS + descriptors,azd6482,4+ rings,4.0
44137813,bms-817378,44137813.0,9.851861,10.302555,Morgan + MACCS + CACTVS + descriptors,bms-817378,4+ rings,4.0
44137946,mk-2461,44137946.0,8.023917,10.238446,Morgan + MACCS + CACTVS + descriptors,mk-2461,4+ rings,5.0
441383,terconazole,441383.0,10.178908,9.711092,Morgan + MACCS + CACTVS + descriptors,terconazole,4+ rings,5.0
44139710,aurora-a-inhibitor-i,44139710.0,7.5394373,11.004707,Morgan + MACCS + CACTVS + descriptors,aurora-a-inhibitor-i,4+ rings,5.0
44139752,osilodrostat,44139752.0,6.993376,10.345747,Morgan + MACCS + CACTVS + descriptors,osilodrostat,3 rings,3.0
441401,linezolid,441401.0,7.2118073,8.330051,Morgan + MACCS + CACTVS + descriptors,linezolid,3 rings,3.0
44141268,bi-d1870,44141268.0,10.117013,10.212275,Morgan + MACCS + CACTVS + descriptors,bi-d1870,3 rings,3.0
44143209,ml324,44143209.0,9.261214,10.569866,Morgan + MACCS + CACTVS + descriptors,ml324,3 rings,3.0
44143370,cot-inhibitor-2,44143370.0,7.234038,10.463283,Morgan + MACCS + CACTVS + descriptors,cot-inhibitor-2,4+ rings,5.0
441477,glucosamine,441477.0,1.301976,8.323907,Morgan + MACCS + CACTVS + descriptors,glucosamine,1 ring,1.0
44155856,metatinib,44155856.0,9.920266,10.349304,Morgan + MACCS + CACTVS + descriptors,metatinib,4+ rings,4.0
44156921,debio-0932,44156921.0,10.129354,9.790985,Morgan + MACCS + CACTVS + descriptors,debio-0932,4+ rings,4.0
44157038,tc-ntr1-17,44157038.0,9.68986,10.080632,Morgan + MACCS + CACTVS + descriptors,tc-ntr1-17,4+ rings,4.0
44157463,dynole-34-2,44157463.0,8.268789,10.599882,Morgan + MACCS + CACTVS + descriptors,dynole-34-2,2 rings,2.0
44158492,am211,44158492.0,8.8086815,6.8265343,Morgan + MACCS + CACTVS + descriptors,am211,3 rings,3.0
441667,kuromanin,441667.0,8.925643,4.789326,Morgan + MACCS + CACTVS + descriptors,kuromanin,4+ rings,4.0
44178354,acoziborole,44178354.0,7.8835673,7.7752376,Morgan + MACCS + CACTVS + descriptors,acoziborole,3 rings,3.0
44181686,amg-337,44181686.0,10.112126,9.670831,Morgan + MACCS + CACTVS + descriptors,amg-337,4+ rings,5.0
44182295,refametinib,44182295.0,8.994782,8.013655,Morgan + MACCS + CACTVS + descriptors,refametinib,3 rings,3.0
441852,convallatoxin,441852.0,0.66393447,7.220791,Morgan + MACCS + CACTVS + descriptors,convallatoxin,4+ rings,6.0
44185871,psb-603,44185871.0,7.952996,9.803679,Morgan + MACCS + CACTVS + descriptors,psb-603,4+ rings,5.0
44187,cefoperazone,44187.0,3.657144,7.9572573,Morgan + MACCS + CACTVS + descriptors,cefoperazone,4+ rings,5.0
44187362,as-703026,44187362.0,8.238415,11.107584,Morgan + MACCS + CACTVS + descriptors,as-703026,2 rings,2.0
441903,escin,441903.0,0.8175807,7.215745,Morgan + MACCS + CACTVS + descriptors,escin,4+ rings,8.0
44190553,a-582941,44190553.0,6.8705893,10.41556,Morgan + MACCS + CACTVS + descriptors,a-582941,4+ rings,4.0
44191096,vu0361737,44191096.0,9.806541,10.330697,Morgan + MACCS + CACTVS + descriptors,vu0361737,2 rings,2.0
441921,ginsenoside-re,441921.0,0.781159,7.1936474,Morgan + MACCS + CACTVS + descriptors,ginsenoside-re,4+ rings,7.0
44193830,retagliptin,44193830.0,7.614593,11.285897,Morgan + MACCS + CACTVS + descriptors,retagliptin,3 rings,3.0
44199317,azd2461,44199317.0,7.2389154,8.057638,Morgan + MACCS + CACTVS + descriptors,azd2461,4+ rings,4.0
44200882,rad140,44200882.0,8.803338,9.354947,Morgan + MACCS + CACTVS + descriptors,rad140,3 rings,3.0
44201003,dbpr108,44201003.0,1.512284,8.826188,Morgan + MACCS + CACTVS + descriptors,dbpr108,2 rings,2.0
442021,brucine,442021.0,9.18206,6.997585,Morgan + MACCS + CACTVS + descriptors,brucine,4+ rings,7.0
442042,ingenol,442042.0,0.460696,7.292889,Morgan + MACCS + CACTVS + descriptors,ingenol,4+ rings,4.0
44205191,delpazolid,44205191.0,7.2090373,8.486131,Morgan + MACCS + CACTVS + descriptors,delpazolid,3 rings,3.0
44205240,baricitinib,44205240.0,7.76932,9.878734,Morgan + MACCS + CACTVS + descriptors,baricitinib,4+ rings,4.0
44206063,nvp-bvu972,44206063.0,6.756063,10.66169,Morgan + MACCS + CACTVS + descriptors,nvp-bvu972,4+ rings,5.0
442088,evodiamine,442088.0,8.136038,10.72073,Morgan + MACCS + CACTVS + descriptors,evodiamine,4+ rings,5.0
44208849,mut056399,44208849.0,8.359637,5.981697,Morgan + MACCS + CACTVS + descriptors,mut056399,2 rings,2.0
4421,nalidixic-acid,4421.0,8.908924,10.679547,Morgan + MACCS + CACTVS + descriptors,nalidixic-acid,2 rings,2.0
44219749,wye-354,44219749.0,7.0391917,11.0021105,Morgan + MACCS + CACTVS + descriptors,wye-354,4+ rings,5.0
44224135,cathepsin-inhibitor-1,44224135.0,8.268718,10.142015,Morgan + MACCS + CACTVS + descriptors,cathepsin-inhibitor-1,2 rings,2.0
44224257,filanesib,44224257.0,7.2026033,8.350361,Morgan + MACCS + CACTVS + descriptors,filanesib,3 rings,3.0
44230662,mk-8617,44230662.0,9.763019,9.878862,Morgan + MACCS + CACTVS + descriptors,mk-8617,4+ rings,4.0
442343,levomenol,442343.0,0.13829795,7.808182,Morgan + MACCS + CACTVS + descriptors,levomenol,1 ring,1.0
44240142,gln-1062,44240142.0,9.288722,6.717471,Morgan + MACCS + CACTVS + descriptors,gln-1062,4+ rings,5.0
44240850,pht-427,44240850.0,8.210978,8.513239,Morgan + MACCS + CACTVS + descriptors,pht-427,2 rings,2.0
44242317,cadazolid,44242317.0,9.663706,7.5294266,Morgan + MACCS + CACTVS + descriptors,cadazolid,4+ rings,6.0
442424,genipin,442424.0,0.41484576,7.67971,Morgan + MACCS + CACTVS + descriptors,genipin,2 rings,2.0
442428,naringin,442428.0,8.977266,4.7559266,Morgan + MACCS + CACTVS + descriptors,naringin,4+ rings,5.0
442439,neohesperidin,442439.0,8.97078,4.757069,Morgan + MACCS + CACTVS + descriptors,neohesperidin,4+ rings,5.0
44247568,api-001,44247568.0,9.463785,10.009803,Morgan + MACCS + CACTVS + descriptors,api-001,4+ rings,4.0
44247646,tcs-2002,44247646.0,8.606682,6.3052363,Morgan + MACCS + CACTVS + descriptors,tcs-2002,4+ rings,4.0
44249042,tmn-355,44249042.0,7.1127477,7.830804,Morgan + MACCS + CACTVS + descriptors,tmn-355,4+ rings,4.0
44250034,m-25,44250034.0,9.550007,10.015262,Morgan + MACCS + CACTVS + descriptors,m-25,3 rings,3.0
442514,hematoxylin,442514.0,8.6504,5.0164065,Morgan + MACCS + CACTVS + descriptors,hematoxylin,4+ rings,4.0
44251522,unc0224,44251522.0,10.645888,10.387415,Morgan + MACCS + CACTVS + descriptors,unc0224,4+ rings,4.0
44251605,ly2811376,44251605.0,7.0405216,10.191497,Morgan + MACCS + CACTVS + descriptors,ly2811376,3 rings,3.0
44252734,czc-54252,44252734.0,9.719673,9.681266,Morgan + MACCS + CACTVS + descriptors,czc-54252,4+ rings,4.0
442534,paeoniflorin,442534.0,8.915656,4.914591,Morgan + MACCS + CACTVS + descriptors,paeoniflorin,4+ rings,8.0
44253415,coh29,44253415.0,8.986073,9.789906,Morgan + MACCS + CACTVS + descriptors,coh29,4+ rings,4.0
44281634,paopa,44281634.0,1.5381268,8.791842,Morgan + MACCS + CACTVS + descriptors,paopa,2 rings,2.0
442872,securinine,442872.0,0.465096,7.6360183,Morgan + MACCS + CACTVS + descriptors,securinine,4+ rings,4.0
442894,desoxypeganine,442894.0,6.542686,8.265516,Morgan + MACCS + CACTVS + descriptors,desoxypeganine,3 rings,3.0
442965,sparteine-sulfate,442965.0,1.2039759,9.197192,Morgan + MACCS + CACTVS + descriptors,sparteine-sulfate,4+ rings,4.0
442972,cyclopamine,442972.0,0.019194525,7.2915473,Morgan + MACCS + CACTVS + descriptors,cyclopamine,4+ rings,6.0
4431,nan-190,4431.0,9.104265,7.2988596,Morgan + MACCS + CACTVS + descriptors,nan-190,4+ rings,4.0
443158,linalool,443158.0,0.17632858,7.9342785,Morgan + MACCS + CACTVS + descriptors,linalool,0 rings,0.0
443278,pifithrin-cyclic,443278.0,7.2229652,10.246351,Morgan + MACCS + CACTVS + descriptors,pifithrin-cyclic,4+ rings,4.0
443289,bq-123,443289.0,8.506373,10.6546755,Morgan + MACCS + CACTVS + descriptors,bq-123,4+ rings,4.0
443354,geniposidic-acid,443354.0,0.07368631,8.408674,Morgan + MACCS + CACTVS + descriptors,geniposidic-acid,3 rings,3.0
443375,devazepide,443375.0,8.212067,10.743931,Morgan + MACCS + CACTVS + descriptors,devazepide,4+ rings,5.0
44338126,kainic-acid,44338126.0,1.2660253,8.5089655,Morgan + MACCS + CACTVS + descriptors,kainic-acid,1 ring,1.0
443382,chloramphenicol-palmitate,443382.0,8.2329645,7.896853,Morgan + MACCS + CACTVS + descriptors,chloramphenicol-palmitate,1 ring,1.0
443385,clindamycin-phosphate,443385.0,1.5178143,8.386681,Morgan + MACCS + CACTVS + descriptors,clindamycin-phosphate,2 rings,2.0
443387,hetacillin,443387.0,3.7529385,7.941602,Morgan + MACCS + CACTVS + descriptors,hetacillin,4+ rings,4.0
443389,sb-221284,443389.0,7.792416,10.773432,Morgan + MACCS + CACTVS + descriptors,sb-221284,3 rings,3.0
443390,sb-228357,443390.0,9.980414,10.177996,Morgan + MACCS + CACTVS + descriptors,sb-228357,4+ rings,4.0
443391,sb-243213,443391.0,9.878698,10.115041,Morgan + MACCS + CACTVS + descriptors,sb-243213,4+ rings,4.0
4436,naphazoline,4436.0,6.335117,7.6826515,Morgan + MACCS + CACTVS + descriptors,naphazoline,3 rings,3.0
443869,barnidipine,443869.0,8.433198,7.985833,Morgan + MACCS + CACTVS + descriptors,barnidipine,4+ rings,4.0
443872,eplerenone,443872.0,0.32799727,6.7084064,Morgan + MACCS + CACTVS + descriptors,eplerenone,4+ rings,6.0
443874,temocapril,443874.0,7.224875,7.426867,Morgan + MACCS + CACTVS + descriptors,temocapril,3 rings,3.0
443879,tolterodine,443879.0,8.087412,6.7169747,Morgan + MACCS + CACTVS + descriptors,tolterodine,2 rings,2.0
443884,ergonovine,443884.0,8.370814,10.5818815,Morgan + MACCS + CACTVS + descriptors,ergonovine,4+ rings,4.0
443894,tolvaptan,443894.0,7.8690953,7.834372,Morgan + MACCS + CACTVS + descriptors,tolvaptan,4+ rings,4.0
443935,epitiostanol,443935.0,0.049991973,7.3663616,Morgan + MACCS + CACTVS + descriptors,epitiostanol,4+ rings,5.0
443936,difluprednate,443936.0,0.2640809,6.1304216,Morgan + MACCS + CACTVS + descriptors,difluprednate,4+ rings,4.0
443943,halcinonide,443943.0,0.31537002,6.084964,Morgan + MACCS + CACTVS + descriptors,halcinonide,4+ rings,5.0
443951,terguride,443951.0,8.0863695,10.587954,Morgan + MACCS + CACTVS + descriptors,terguride,4+ rings,4.0
443955,vinpocetine,443955.0,8.565626,10.548436,Morgan + MACCS + CACTVS + descriptors,vinpocetine,4+ rings,5.0
443967,betamethasone-acetate,443967.0,0.27906117,6.106504,Morgan + MACCS + CACTVS + descriptors,betamethasone-acetate,4+ rings,4.0
44396853,"l-732,138",44396853.0,8.641045,10.544461,Morgan + MACCS + CACTVS + descriptors,"l-732,138",3 rings,3.0
443980,flumethasone-pivalate,443980.0,0.28175524,6.092478,Morgan + MACCS + CACTVS + descriptors,flumethasone-pivalate,4+ rings,4.0
4440,naratriptan,4440.0,8.072048,9.805999,Morgan + MACCS + CACTVS + descriptors,naratriptan,3 rings,3.0
44400013,alendronate,44400013.0,0.7932179,8.944201,Morgan + MACCS + CACTVS + descriptors,alendronate,0 rings,0.0
444020,voglibose,444020.0,1.403846,8.311657,Morgan + MACCS + CACTVS + descriptors,voglibose,1 ring,1.0
444022,sultamicillin,444022.0,3.749468,7.9372196,Morgan + MACCS + CACTVS + descriptors,sultamicillin,4+ rings,5.0
444025,loteprednol,444025.0,0.276518,6.1743593,Morgan + MACCS + CACTVS + descriptors,loteprednol,4+ rings,4.0
444029,colforsin-daproate,444029.0,0.5883891,7.3508124,Morgan + MACCS + CACTVS + descriptors,colforsin-daproate,3 rings,3.0
444031,darifenacin,444031.0,9.013052,6.9603024,Morgan + MACCS + CACTVS + descriptors,darifenacin,4+ rings,5.0
444036,fluticasone-propionate,444036.0,0.27460754,6.1009355,Morgan + MACCS + CACTVS + descriptors,fluticasone-propionate,4+ rings,4.0
444254,acarbose,444254.0,1.5821141,7.553613,Morgan + MACCS + CACTVS + descriptors,acarbose,4+ rings,4.0
444305,tartaric-acid,444305.0,0.12471268,8.716053,Morgan + MACCS + CACTVS + descriptors,tartaric-acid,0 rings,0.0
44442376,remodelin,44442376.0,7.2040887,9.983691,Morgan + MACCS + CACTVS + descriptors,remodelin,3 rings,3.0
44449087,monepantel,44449087.0,8.769899,6.7503295,Morgan + MACCS + CACTVS + descriptors,monepantel,2 rings,2.0
44453327,teijin-compound-1,44453327.0,6.918064,7.8200974,Morgan + MACCS + CACTVS + descriptors,teijin-compound-1,3 rings,3.0
44454750,cort-108297,44454750.0,8.226646,9.56319,Morgan + MACCS + CACTVS + descriptors,cort-108297,4+ rings,5.0
44462758,prt062607,44462758.0,7.3860145,11.071939,Morgan + MACCS + CACTVS + descriptors,prt062607,4+ rings,4.0
44462760,dabrafenib,44462760.0,8.095701,9.67077,Morgan + MACCS + CACTVS + descriptors,dabrafenib,4+ rings,4.0
444679,ergosterol,444679.0,-0.121316426,7.146761,Morgan + MACCS + CACTVS + descriptors,ergosterol,4+ rings,4.0
44469321,cipargamin,44469321.0,8.210661,10.582108,Morgan + MACCS + CACTVS + descriptors,cipargamin,4+ rings,5.0
44473151,gsk2190915,44473151.0,9.289144,10.036391,Morgan + MACCS + CACTVS + descriptors,gsk2190915,4+ rings,5.0
444732,trichostatin-a,444732.0,7.5458236,8.099222,Morgan + MACCS + CACTVS + descriptors,trichostatin-a,1 ring,1.0
44473434,as-1949490,44473434.0,8.789352,6.774579,Morgan + MACCS + CACTVS + descriptors,as-1949490,3 rings,3.0
444795,tretinoin,444795.0,0.17014514,7.9147916,Morgan + MACCS + CACTVS + descriptors,tretinoin,1 ring,1.0
44480399,fruquintinib,44480399.0,10.118702,10.326214,Morgan + MACCS + CACTVS + descriptors,fruquintinib,4+ rings,4.0
444810,chloroquine,444810.0,7.392613,10.263878,Morgan + MACCS + CACTVS + descriptors,chloroquine,2 rings,2.0
44483163,endo-iwr-1,44483163.0,8.1690035,10.743228,Morgan + MACCS + CACTVS + descriptors,endo-iwr-1,4+ rings,6.0
444899,arachidonic-acid,444899.0,0.37610632,8.206226,Morgan + MACCS + CACTVS + descriptors,arachidonic-acid,0 rings,0.0
4449,nefazodone,4449.0,9.044675,7.540523,Morgan + MACCS + CACTVS + descriptors,nefazodone,4+ rings,4.0
445063,aceneuramic-acid,445063.0,1.4539229,8.196737,Morgan + MACCS + CACTVS + descriptors,aceneuramic-acid,1 ring,1.0
445125,thioctic-acid,445125.0,0.34280634,8.497383,Morgan + MACCS + CACTVS + descriptors,thioctic-acid,1 ring,1.0
44513473,anagliptin,44513473.0,6.9474716,11.212966,Morgan + MACCS + CACTVS + descriptors,anagliptin,3 rings,3.0
445154,resveratrol,445154.0,7.8644996,5.608049,Morgan + MACCS + CACTVS + descriptors,resveratrol,2 rings,2.0
44516953,pf-05212384,44516953.0,7.4273686,11.20919,Morgan + MACCS + CACTVS + descriptors,pf-05212384,4+ rings,6.0
44519124,cbl0137,44519124.0,8.25798,10.5897045,Morgan + MACCS + CACTVS + descriptors,cbl0137,3 rings,3.0
445319,s-isopropylisothiourea,445319.0,0.859576,9.317052,Morgan + MACCS + CACTVS + descriptors,s-isopropylisothiourea,0 rings,0.0
445354,retinol,445354.0,0.14746068,7.840292,Morgan + MACCS + CACTVS + descriptors,retinol,1 ring,1.0
44537522,cefathiamidine,44537522.0,2.1808836,8.237176,Morgan + MACCS + CACTVS + descriptors,cefathiamidine,2 rings,2.0
44537963,cpi-444,44537963.0,10.001999,9.7379265,Morgan + MACCS + CACTVS + descriptors,cpi-444,4+ rings,5.0
445501,gpi-1046,445501.0,8.624419,10.977594,Morgan + MACCS + CACTVS + descriptors,gpi-1046,2 rings,2.0
44556044,tmc647055,44556044.0,9.156566,9.985798,Morgan + MACCS + CACTVS + descriptors,tmc647055,4+ rings,6.0
44556162,nms-p715,44556162.0,10.120082,9.991879,Morgan + MACCS + CACTVS + descriptors,nms-p715,4+ rings,6.0
44557636,dipraglurant,44557636.0,6.964963,10.390593,Morgan + MACCS + CACTVS + descriptors,dipraglurant,3 rings,3.0
445580,doconexent,445580.0,0.33439055,8.171288,Morgan + MACCS + CACTVS + descriptors,doconexent,0 rings,0.0
4456,neostigmine,4456.0,8.256061,7.075033,Morgan + MACCS + CACTVS + descriptors,neostigmine,1 ring,1.0
445638,palmitoleic-acid,445638.0,0.40127727,8.217655,Morgan + MACCS + CACTVS + descriptors,palmitoleic-acid,0 rings,0.0
44564,lodoxamide,44564.0,7.655423,7.7928824,Morgan + MACCS + CACTVS + descriptors,lodoxamide,1 ring,1.0
445643,tacrolimus,445643.0,0.98690486,7.492127,Morgan + MACCS + CACTVS + descriptors,tacrolimus,4+ rings,4.0
445649,cts21166,445649.0,5.935645,5.6342,Morgan + MACCS + CACTVS + descriptors,cts21166,1 ring,1.0
44572113,phccc,44572113.0,8.634682,7.2329545,Morgan + MACCS + CACTVS + descriptors,phccc,4+ rings,4.0
44574903,"1-(1,2-diphenylethyl)piperidine-(+/-)",44574903.0,6.5172668,7.682719,Morgan + MACCS + CACTVS + descriptors,"1-(1,2-diphenylethyl)piperidine-(+/-)",3 rings,3.0
44577753,ml347,44577753.0,10.064261,9.761246,Morgan + MACCS + CACTVS + descriptors,ml347,4+ rings,5.0
445858,ferulic-acid,445858.0,8.367609,5.603186,Morgan + MACCS + CACTVS + descriptors,ferulic-acid,1 ring,1.0
445913,2-fluoro-2-deoxy-d-galactose,445913.0,-0.0043469174,8.716066,Morgan + MACCS + CACTVS + descriptors,2-fluoro-2-deoxy-d-galactose,1 ring,1.0
44591583,crisaborole,44591583.0,8.495022,5.707658,Morgan + MACCS + CACTVS + descriptors,crisaborole,3 rings,3.0
44595079,prt062070,44595079.0,8.036007,9.861346,Morgan + MACCS + CACTVS + descriptors,prt062070,4+ rings,4.0
44599207,siponimod,44599207.0,7.3018274,6.8621545,Morgan + MACCS + CACTVS + descriptors,siponimod,4+ rings,4.0
44603362,solcitinib,44603362.0,7.437223,10.87638,Morgan + MACCS + CACTVS + descriptors,solcitinib,4+ rings,5.0
44603531,grazoprevir,44603531.0,9.125418,9.782302,Morgan + MACCS + CACTVS + descriptors,grazoprevir,4+ rings,7.0
44603533,ly2801653,44603533.0,9.964269,10.045933,Morgan + MACCS + CACTVS + descriptors,ly2801653,4+ rings,6.0
44607172,tcs-2210,44607172.0,7.392474,8.312731,Morgan + MACCS + CACTVS + descriptors,tcs-2210,3 rings,3.0
44607360,wz-3146,44607360.0,10.273842,10.080182,Morgan + MACCS + CACTVS + descriptors,wz-3146,4+ rings,4.0
44607530,wz-4002,44607530.0,10.327719,10.012084,Morgan + MACCS + CACTVS + descriptors,wz-4002,4+ rings,4.0
44607531,wz8040,44607531.0,7.57765,10.732838,Morgan + MACCS + CACTVS + descriptors,wz8040,4+ rings,4.0
44607965,amz30,44607965.0,8.134285,9.587965,Morgan + MACCS + CACTVS + descriptors,amz30,3 rings,3.0
446098,2-fluorofucose,446098.0,0.03530215,8.749062,Morgan + MACCS + CACTVS + descriptors,2-fluorofucose,1 ring,1.0
446116,lipoamide,446116.0,1.1013099,8.746489,Morgan + MACCS + CACTVS + descriptors,lipoamide,1 ring,1.0
446155,fluvastatin,446155.0,8.528268,10.453943,Morgan + MACCS + CACTVS + descriptors,fluvastatin,3 rings,3.0
446157,rosuvastatin,446157.0,8.569498,9.921792,Morgan + MACCS + CACTVS + descriptors,rosuvastatin,2 rings,2.0
44620894,cym-50260,44620894.0,9.448801,10.658882,Morgan + MACCS + CACTVS + descriptors,cym-50260,2 rings,2.0
44623946,n6022,44623946.0,7.6686125,11.176907,Morgan + MACCS + CACTVS + descriptors,n6022,4+ rings,4.0
44623998,etrasimod,44623998.0,9.268859,10.399048,Morgan + MACCS + CACTVS + descriptors,etrasimod,4+ rings,5.0
44625560,lgd-6972,44625560.0,8.136638,8.499427,Morgan + MACCS + CACTVS + descriptors,lgd-6972,4+ rings,5.0
44626120,edasalonexent,44626120.0,8.437791,6.6465945,Morgan + MACCS + CACTVS + descriptors,edasalonexent,1 ring,1.0
44627267,am679,44627267.0,9.596283,9.879908,Morgan + MACCS + CACTVS + descriptors,am679,4+ rings,6.0
446284,icosapent,446284.0,0.34056106,8.154333,Morgan + MACCS + CACTVS + descriptors,icosapent,0 rings,0.0
446286,emd-53998,446286.0,9.1483135,7.2813816,Morgan + MACCS + CACTVS + descriptors,emd-53998,4+ rings,4.0
44628955,foxy-5,44628955.0,1.3527821,8.2318735,Morgan + MACCS + CACTVS + descriptors,foxy-5,0 rings,0.0
4463,nevirapine,4463.0,7.6507335,11.128033,Morgan + MACCS + CACTVS + descriptors,nevirapine,4+ rings,4.0
44631827,eg00229,44631827.0,8.301945,9.515695,Morgan + MACCS + CACTVS + descriptors,eg00229,3 rings,3.0
44631912,ribociclib,44631912.0,7.435361,11.1302595,Morgan + MACCS + CACTVS + descriptors,ribociclib,4+ rings,5.0
44633765,mk-1064,44633765.0,9.760365,10.265711,Morgan + MACCS + CACTVS + descriptors,mk-1064,4+ rings,4.0
446536,mepacrine,446536.0,9.574733,10.693161,Morgan + MACCS + CACTVS + descriptors,mepacrine,3 rings,3.0
446541,mycophenolic-acid,446541.0,8.482528,5.2305574,Morgan + MACCS + CACTVS + descriptors,mycophenolic-acid,2 rings,2.0
446596,mupirocin,446596.0,0.5240844,7.6554585,Morgan + MACCS + CACTVS + descriptors,mupirocin,2 rings,2.0
446598,clindamycin,446598.0,1.465558,8.385065,Morgan + MACCS + CACTVS + descriptors,clindamycin,2 rings,2.0
44668,indalpine,44668.0,7.667743,10.266209,Morgan + MACCS + CACTVS + descriptors,indalpine,3 rings,3.0
446727,brivudine,446727.0,2.3917878,9.652501,Morgan + MACCS + CACTVS + descriptors,brivudine,2 rings,2.0
446738,gw-6471,446738.0,9.422252,9.928269,Morgan + MACCS + CACTVS + descriptors,gw-6471,4+ rings,4.0
446916,mdl-29951,446916.0,8.669425,10.457137,Morgan + MACCS + CACTVS + descriptors,mdl-29951,2 rings,2.0
446925,lycopene,446925.0,0.22079106,8.03142,Morgan + MACCS + CACTVS + descriptors,lycopene,0 rings,0.0
446962,phosphatidylcholine,446962.0,1.1254178,9.621692,Morgan + MACCS + CACTVS + descriptors,phosphatidylcholine,0 rings,0.0
446987,fosfomycin,446987.0,0.36444876,9.039266,Morgan + MACCS + CACTVS + descriptors,fosfomycin,1 ring,1.0
4472,nialamide,4472.0,8.252336,11.119154,Morgan + MACCS + CACTVS + descriptors,nialamide,2 rings,2.0
4476,niceritrol,4476.0,8.7560005,10.975952,Morgan + MACCS + CACTVS + descriptors,niceritrol,4+ rings,4.0
4477,niclosamide,4477.0,8.149832,7.727023,Morgan + MACCS + CACTVS + descriptors,niclosamide,2 rings,2.0
447715,int-747,447715.0,0.13935697,7.255409,Morgan + MACCS + CACTVS + descriptors,int-747,4+ rings,4.0
447912,t-0901317,447912.0,8.47657,8.46662,Morgan + MACCS + CACTVS + descriptors,t-0901317,2 rings,2.0
447966,ly364947,447966.0,7.0543437,10.224079,Morgan + MACCS + CACTVS + descriptors,ly364947,4+ rings,4.0
448014,ar-a014418,448014.0,9.424338,9.435112,Morgan + MACCS + CACTVS + descriptors,ar-a014418,2 rings,2.0
448033,oxyphenbutazone,448033.0,7.777815,8.021771,Morgan + MACCS + CACTVS + descriptors,oxyphenbutazone,3 rings,3.0
448055,(r)-(-)-rolipram,448055.0,9.014352,6.4557567,Morgan + MACCS + CACTVS + descriptors,(r)-(-)-rolipram,3 rings,3.0
44814409,pim-447,44814409.0,8.183838,10.991115,Morgan + MACCS + CACTVS + descriptors,pim-447,4+ rings,4.0
44814423,ertugliflozin,44814423.0,8.845905,5.0557737,Morgan + MACCS + CACTVS + descriptors,ertugliflozin,4+ rings,4.0
44819697,gpp-78,44819697.0,7.9581475,10.5883045,Morgan + MACCS + CACTVS + descriptors,gpp-78,4+ rings,4.0
448222,neca,448222.0,6.082456,11.797781,Morgan + MACCS + CACTVS + descriptors,neca,3 rings,3.0
448281,ore1001,448281.0,7.5836463,11.220016,Morgan + MACCS + CACTVS + descriptors,ore1001,2 rings,2.0
44828492,org-27569,44828492.0,8.213795,10.501822,Morgan + MACCS + CACTVS + descriptors,org-27569,4+ rings,4.0
4485,nifedipine,4485.0,8.366431,8.002492,Morgan + MACCS + CACTVS + descriptors,nifedipine,2 rings,2.0
448537,diethylstilbestrol,448537.0,7.804794,5.6150355,Morgan + MACCS + CACTVS + descriptors,diethylstilbestrol,2 rings,2.0
448545,bms-214662,448545.0,7.9802227,9.77057,Morgan + MACCS + CACTVS + descriptors,bms-214662,4+ rings,5.0
4486,nifekalant,4486.0,7.6555314,8.089082,Morgan + MACCS + CACTVS + descriptors,nifekalant,2 rings,2.0
4487,nifenazone,4487.0,8.118402,10.8958845,Morgan + MACCS + CACTVS + descriptors,nifenazone,3 rings,3.0
4488,niflumic-acid,4488.0,8.540025,10.992066,Morgan + MACCS + CACTVS + descriptors,niflumic-acid,2 rings,2.0
448991,purvalanol-b,448991.0,7.285375,11.229734,Morgan + MACCS + CACTVS + descriptors,purvalanol-b,3 rings,3.0
449054,repsox,449054.0,6.958514,10.388765,Morgan + MACCS + CACTVS + descriptors,repsox,4+ rings,4.0
449093,zeatin,449093.0,5.874062,11.318694,Morgan + MACCS + CACTVS + descriptors,zeatin,2 rings,2.0
449097,cp-640186,449097.0,7.040189,7.8926387,Morgan + MACCS + CACTVS + descriptors,cp-640186,4+ rings,6.0
449156,fidarestat,449156.0,8.87762,6.620715,Morgan + MACCS + CACTVS + descriptors,fidarestat,3 rings,3.0
449193,roflumilast,449193.0,9.799419,10.381317,Morgan + MACCS + CACTVS + descriptors,roflumilast,3 rings,3.0
449241,h-89,449241.0,8.162051,9.617115,Morgan + MACCS + CACTVS + descriptors,h-89,3 rings,3.0
4493,nilutamide,4493.0,7.6301684,8.3365965,Morgan + MACCS + CACTVS + descriptors,nilutamide,2 rings,2.0
449381,oseltamivir-carboxylate,449381.0,1.4278331,8.277456,Morgan + MACCS + CACTVS + descriptors,oseltamivir-carboxylate,1 ring,1.0
449459,afimoxifene,449459.0,8.567733,6.5933056,Morgan + MACCS + CACTVS + descriptors,afimoxifene,3 rings,3.0
4495,nimesulide,4495.0,8.842394,8.079447,Morgan + MACCS + CACTVS + descriptors,nimesulide,2 rings,2.0
44968231,ml167,44968231.0,9.916103,9.806212,Morgan + MACCS + CACTVS + descriptors,ml167,4+ rings,4.0
45100448,ml179,45100448.0,7.19955,8.412846,Morgan + MACCS + CACTVS + descriptors,ml179,4+ rings,4.0
45100669,leq506,45100669.0,7.052156,10.704224,Morgan + MACCS + CACTVS + descriptors,leq506,4+ rings,4.0
45102710,jnj-42041935,45102710.0,10.106292,9.791591,Morgan + MACCS + CACTVS + descriptors,jnj-42041935,3 rings,3.0
4511,nitromide,4511.0,7.7523236,8.27275,Morgan + MACCS + CACTVS + descriptors,nitromide,1 ring,1.0
45110509,paritaprevir,45110509.0,9.0371685,9.725767,Morgan + MACCS + CACTVS + descriptors,paritaprevir,4+ rings,8.0
45138674,letermovir,45138674.0,9.361885,7.4299245,Morgan + MACCS + CACTVS + descriptors,letermovir,4+ rings,5.0
4514,nizofenone,4514.0,7.5034313,10.844797,Morgan + MACCS + CACTVS + descriptors,nizofenone,3 rings,3.0
451417,thymopentin,451417.0,5.9501224,5.5860786,Morgan + MACCS + CACTVS + descriptors,thymopentin,1 ring,1.0
45142457,mk-8033,45142457.0,8.3010235,9.801122,Morgan + MACCS + CACTVS + descriptors,mk-8033,4+ rings,5.0
4515,nnc-711,4515.0,7.279572,7.0155573,Morgan + MACCS + CACTVS + descriptors,nnc-711,3 rings,3.0
451668,decitabine,451668.0,2.4054651,9.661579,Morgan + MACCS + CACTVS + descriptors,decitabine,2 rings,2.0
4520732,bu-239,4520732.0,6.9642425,10.270857,Morgan + MACCS + CACTVS + descriptors,bu-239,3 rings,3.0
4521392,sb-431542,4521392.0,10.040359,10.013503,Morgan + MACCS + CACTVS + descriptors,sb-431542,4+ rings,5.0
452192,acriflavine,452192.0,6.418933,8.749685,Morgan + MACCS + CACTVS + descriptors,acriflavine,4+ rings,6.0
452306,pantethine,452306.0,1.322931,8.286479,Morgan + MACCS + CACTVS + descriptors,pantethine,0 rings,0.0
452548,teniposide,452548.0,8.87652,4.884827,Morgan + MACCS + CACTVS + descriptors,teniposide,4+ rings,8.0
45266674,se-methylselenocysteine,45266674.0,1.0714077,8.59403,Morgan + MACCS + CACTVS + descriptors,se-methylselenocysteine,0 rings,0.0
45268455,mk-7246,45268455.0,8.463365,9.871153,Morgan + MACCS + CACTVS + descriptors,mk-7246,4+ rings,4.0
45279963,skepinone-l,45279963.0,8.6130905,7.256645,Morgan + MACCS + CACTVS + descriptors,skepinone-l,4+ rings,4.0
4534086,kb-r7943,4534086.0,8.710231,7.787081,Morgan + MACCS + CACTVS + descriptors,kb-r7943,2 rings,2.0
45356255,guanadrel,45356255.0,1.048092,9.031827,Morgan + MACCS + CACTVS + descriptors,guanadrel,2 rings,2.0
45375808,sofosbuvir,45375808.0,7.480661,7.845657,Morgan + MACCS + CACTVS + descriptors,sofosbuvir,3 rings,3.0
45375809,psi-7976,45375809.0,7.5267158,7.8588405,Morgan + MACCS + CACTVS + descriptors,psi-7976,3 rings,3.0
45375953,mln0128,45375953.0,10.031887,9.660668,Morgan + MACCS + CACTVS + descriptors,mln0128,4+ rings,4.0
45376076,rn-1,45376076.0,8.781336,6.759165,Morgan + MACCS + CACTVS + descriptors,rn-1,4+ rings,4.0
454216,valrubicin,454216.0,9.218331,5.693021,Morgan + MACCS + CACTVS + descriptors,valrubicin,4+ rings,5.0
4543,nortriptyline,4543.0,6.4364963,7.519152,Morgan + MACCS + CACTVS + descriptors,nortriptyline,3 rings,3.0
45479317,gramicidin,45479317.0,5.8048463,5.496803,Morgan + MACCS + CACTVS + descriptors,gramicidin,4+ rings,8.0
45489244,epothilone-a,45489244.0,0.5734288,7.4797816,Morgan + MACCS + CACTVS + descriptors,epothilone-a,3 rings,3.0
4549,nppb,4549.0,8.032765,7.8566885,Morgan + MACCS + CACTVS + descriptors,nppb,2 rings,2.0
455041,apricitabine,455041.0,2.412757,9.6736145,Morgan + MACCS + CACTVS + descriptors,apricitabine,2 rings,2.0
456199,pretomanid,456199.0,9.802213,9.6406555,Morgan + MACCS + CACTVS + descriptors,pretomanid,3 rings,3.0
456214,purvalanol-a,456214.0,7.013405,11.049625,Morgan + MACCS + CACTVS + descriptors,purvalanol-a,3 rings,3.0
456215,dpc-681,456215.0,8.315617,8.479341,Morgan + MACCS + CACTVS + descriptors,dpc-681,3 rings,3.0
456255,cefamandole,456255.0,3.6499565,7.9589653,Morgan + MACCS + CACTVS + descriptors,cefamandole,4+ rings,4.0
456390,halofuginone,456390.0,7.3082438,8.3043,Morgan + MACCS + CACTVS + descriptors,halofuginone,3 rings,3.0
4564,nu-2058,4564.0,6.0249395,11.398437,Morgan + MACCS + CACTVS + descriptors,nu-2058,3 rings,3.0
457193,dactinomycin,457193.0,6.1232734,5.615768,Morgan + MACCS + CACTVS + descriptors,dactinomycin,4+ rings,7.0
457388,r-1479,457388.0,2.408301,9.662969,Morgan + MACCS + CACTVS + descriptors,r-1479,2 rings,2.0
4578,o6-benzylguanine,4578.0,9.957008,9.685454,Morgan + MACCS + CACTVS + descriptors,o6-benzylguanine,3 rings,3.0
457831,plicamycin,457831.0,8.960262,4.7277694,Morgan + MACCS + CACTVS + descriptors,plicamycin,4+ rings,8.0
45784923,nbi-74330-(+/-),45784923.0,9.90865,10.07796,Morgan + MACCS + CACTVS + descriptors,nbi-74330-(+/-),4+ rings,5.0
457928,bevirimat-dimeglumine,457928.0,0.27441394,6.97998,Morgan + MACCS + CACTVS + descriptors,bevirimat-dimeglumine,4+ rings,5.0
457964,aphidicolin,457964.0,0.062009666,7.330897,Morgan + MACCS + CACTVS + descriptors,aphidicolin,4+ rings,4.0
4581100,ac1ndss5,4581100.0,7.210119,6.417055,Morgan + MACCS + CACTVS + descriptors,ac1ndss5,1 ring,1.0
4592,olomoucine,4592.0,6.823005,10.945931,Morgan + MACCS + CACTVS + descriptors,olomoucine,3 rings,3.0
4593,olprinone,4593.0,7.565819,11.048689,Morgan + MACCS + CACTVS + descriptors,olprinone,3 rings,3.0
459617,iox1,459617.0,9.14517,10.815606,Morgan + MACCS + CACTVS + descriptors,iox1,2 rings,2.0
4596836,uf-010,4596836.0,7.0900817,7.629177,Morgan + MACCS + CACTVS + descriptors,uf-010,1 ring,1.0
460,guaiacol,460.0,8.160558,5.653068,Morgan + MACCS + CACTVS + descriptors,guaiacol,1 ring,1.0
4602,n-salicoylaminophenol,4602.0,8.181258,7.4276295,Morgan + MACCS + CACTVS + descriptors,n-salicoylaminophenol,2 rings,2.0
4604,oxonic-acid,4604.0,1.5366595,9.051576,Morgan + MACCS + CACTVS + descriptors,oxonic-acid,1 ring,1.0
461399,sitafloxacin,461399.0,9.97927,7.64321,Morgan + MACCS + CACTVS + descriptors,sitafloxacin,4+ rings,5.0
4614,oxaprozin,4614.0,9.084798,10.142052,Morgan + MACCS + CACTVS + descriptors,oxaprozin,3 rings,3.0
4615,oxatomide,4615.0,7.2005787,8.485865,Morgan + MACCS + CACTVS + descriptors,oxatomide,4+ rings,5.0
46173038,k02288,46173038.0,10.014043,10.533718,Morgan + MACCS + CACTVS + descriptors,k02288,3 rings,3.0
46184986,blz945,46184986.0,9.688094,9.748539,Morgan + MACCS + CACTVS + descriptors,blz945,4+ rings,4.0
46188928,larotrectinib,46188928.0,7.225309,10.949158,Morgan + MACCS + CACTVS + descriptors,larotrectinib,4+ rings,5.0
4619,oxelaidin,4619.0,7.208132,6.79761,Morgan + MACCS + CACTVS + descriptors,oxelaidin,1 ring,1.0
46190695,mk-3697,46190695.0,9.527525,9.828317,Morgan + MACCS + CACTVS + descriptors,mk-3697,4+ rings,4.0
46191454,pha-793887,46191454.0,7.1074796,11.033866,Morgan + MACCS + CACTVS + descriptors,pha-793887,3 rings,3.0
46195832,cefiderocol,46195832.0,3.1625214,8.053745,Morgan + MACCS + CACTVS + descriptors,cefiderocol,4+ rings,5.0
46196517,evp-6124,46196517.0,6.9027534,7.7593565,Morgan + MACCS + CACTVS + descriptors,evp-6124,4+ rings,5.0
46199207,stemregenin-1,46199207.0,7.024726,10.887395,Morgan + MACCS + CACTVS + descriptors,stemregenin-1,4+ rings,5.0
46199646,tezacaftor,46199646.0,9.315118,10.326717,Morgan + MACCS + CACTVS + descriptors,tezacaftor,4+ rings,5.0
46200994,ltx-315,46200994.0,5.777591,5.5366592,Morgan + MACCS + CACTVS + descriptors,ltx-315,4+ rings,8.0
46202416,azd3839,46202416.0,6.88161,10.475891,Morgan + MACCS + CACTVS + descriptors,azd3839,4+ rings,5.0
46204221,php-501,46204221.0,7.1457963,10.157647,Morgan + MACCS + CACTVS + descriptors,php-501,4+ rings,4.0
46207733,mk-7622,46207733.0,8.225336,10.833213,Morgan + MACCS + CACTVS + descriptors,mk-7622,4+ rings,5.0
46208486,pk-44,46208486.0,7.336144,10.977885,Morgan + MACCS + CACTVS + descriptors,pk-44,4+ rings,4.0
46208890,dcc-2618,46208890.0,9.897492,10.117868,Morgan + MACCS + CACTVS + descriptors,dcc-2618,4+ rings,5.0
46209133,omarigliptin,46209133.0,8.183436,9.558272,Morgan + MACCS + CACTVS + descriptors,omarigliptin,4+ rings,4.0
46209401,tak-632,46209401.0,9.678846,9.709876,Morgan + MACCS + CACTVS + descriptors,tak-632,4+ rings,5.0
46209426,thiazovivin,46209426.0,7.677185,10.396772,Morgan + MACCS + CACTVS + descriptors,thiazovivin,3 rings,3.0
4621,oxethazaine,4621.0,7.017511,7.6110044,Morgan + MACCS + CACTVS + descriptors,oxethazaine,2 rings,2.0
46213929,ly2784544,46213929.0,6.945288,10.863607,Morgan + MACCS + CACTVS + descriptors,ly2784544,4+ rings,5.0
46213949,am095,46213949.0,8.889305,9.378371,Morgan + MACCS + CACTVS + descriptors,am095,4+ rings,4.0
46214930,gsk2256098,46214930.0,7.5271997,10.864863,Morgan + MACCS + CACTVS + descriptors,gsk2256098,3 rings,3.0
46215462,r-428,46215462.0,6.8827963,10.709325,Morgan + MACCS + CACTVS + descriptors,r-428,4+ rings,7.0
46215815,gsk2334470,46215815.0,7.3233376,10.948246,Morgan + MACCS + CACTVS + descriptors,gsk2334470,4+ rings,5.0
46216556,nvp-hsp990,46216556.0,9.999167,10.292617,Morgan + MACCS + CACTVS + descriptors,nvp-hsp990,4+ rings,4.0
46216796,pacritinib,46216796.0,10.0861025,9.970271,Morgan + MACCS + CACTVS + descriptors,pacritinib,4+ rings,5.0
4622,oxibendazole,4622.0,9.7664995,9.651459,Morgan + MACCS + CACTVS + descriptors,oxibendazole,2 rings,2.0
46220502,abemaciclib,46220502.0,6.9406824,10.787514,Morgan + MACCS + CACTVS + descriptors,abemaciclib,4+ rings,5.0
46223724,pyrintegrin,46223724.0,9.183981,9.589427,Morgan + MACCS + CACTVS + descriptors,pyrintegrin,4+ rings,5.0
46224413,pf-03084014,46224413.0,7.4071302,11.142549,Morgan + MACCS + CACTVS + descriptors,pf-03084014,3 rings,3.0
46224516,unc0638,46224516.0,10.66356,10.409034,Morgan + MACCS + CACTVS + descriptors,unc0638,4+ rings,5.0
46232606,jzl-195,46232606.0,8.714528,7.7846394,Morgan + MACCS + CACTVS + descriptors,jzl-195,4+ rings,4.0
46233311,gsk0660,46233311.0,8.948575,8.121554,Morgan + MACCS + CACTVS + descriptors,gsk0660,3 rings,3.0
462382,mg-132,462382.0,7.2705503,7.2797112,Morgan + MACCS + CACTVS + descriptors,mg-132,1 ring,1.0
46239015,sch-900776,46239015.0,6.787665,10.798363,Morgan + MACCS + CACTVS + descriptors,sch-900776,4+ rings,4.0
4624,oxidopamine,4624.0,8.074309,6.3700275,Morgan + MACCS + CACTVS + descriptors,oxidopamine,1 ring,1.0
46241268,gs-9620,46241268.0,7.4244223,11.142023,Morgan + MACCS + CACTVS + descriptors,gs-9620,4+ rings,4.0
46244454,az20,46244454.0,7.650985,10.13787,Morgan + MACCS + CACTVS + descriptors,az20,4+ rings,5.0
4628,oxolinic-acid,4628.0,9.307958,7.1652427,Morgan + MACCS + CACTVS + descriptors,oxolinic-acid,3 rings,3.0
4629,oxotremorine-m,4629.0,1.250556,9.65428,Morgan + MACCS + CACTVS + descriptors,oxotremorine-m,1 ring,1.0
4630,oxotremorine-sesquifumarate,4630.0,1.4035335,9.013051,Morgan + MACCS + CACTVS + descriptors,oxotremorine-sesquifumarate,2 rings,2.0
4632,oxybenzone,4632.0,8.420002,5.113091,Morgan + MACCS + CACTVS + descriptors,oxybenzone,2 rings,2.0
4633,oxybuprocaine,4633.0,8.383947,7.1822333,Morgan + MACCS + CACTVS + descriptors,oxybuprocaine,1 ring,1.0
46355372,unc3230,46355372.0,7.7724905,10.268754,Morgan + MACCS + CACTVS + descriptors,unc3230,3 rings,3.0
4636,oxymetazoline,4636.0,8.160112,6.675716,Morgan + MACCS + CACTVS + descriptors,oxymetazoline,2 rings,2.0
46398810,nvp-bsk805,46398810.0,7.0468106,10.803143,Morgan + MACCS + CACTVS + descriptors,nvp-bsk805,4+ rings,6.0
464,hippuric-acid,464.0,7.1286,7.445618,Morgan + MACCS + CACTVS + descriptors,hippuric-acid,1 ring,1.0
464205,tenofovir,464205.0,6.060224,11.589388,Morgan + MACCS + CACTVS + descriptors,tenofovir,2 rings,2.0
4649,aminosalicylate,4649.0,7.9929395,6.911565,Morgan + MACCS + CACTVS + descriptors,aminosalicylate,1 ring,1.0
465951,sutezolid,465951.0,7.1751337,8.386933,Morgan + MACCS + CACTVS + descriptors,sutezolid,3 rings,3.0
4659569,tolcapone,4659569.0,8.411207,7.9900203,Morgan + MACCS + CACTVS + descriptors,tolcapone,2 rings,2.0
4660557,bromantan,4660557.0,6.694228,8.351228,Morgan + MACCS + CACTVS + descriptors,bromantan,4+ rings,5.0
466151,prinomastat,466151.0,9.091288,9.59795,Morgan + MACCS + CACTVS + descriptors,prinomastat,3 rings,3.0
4668801,ite,4668801.0,8.350329,10.493022,Morgan + MACCS + CACTVS + descriptors,ite,3 rings,3.0
4670,pacocf3,4670.0,0.44035834,8.378632,Morgan + MACCS + CACTVS + descriptors,pacocf3,0 rings,0.0
46700750,hpgds-in-1,46700750.0,7.576662,11.079887,Morgan + MACCS + CACTVS + descriptors,hpgds-in-1,4+ rings,4.0
46700756,ly2606368,46700756.0,10.089315,9.857978,Morgan + MACCS + CACTVS + descriptors,ly2606368,3 rings,3.0
4671,palmitoylethanolamide,4671.0,0.9492294,8.501185,Morgan + MACCS + CACTVS + descriptors,palmitoylethanolamide,0 rings,0.0
4673492,zd-7155,4673492.0,7.5124593,10.693949,Morgan + MACCS + CACTVS + descriptors,zd-7155,4+ rings,5.0
4674,pamidronate,4674.0,0.7608527,8.933616,Morgan + MACCS + CACTVS + descriptors,pamidronate,0 rings,0.0
46742353,ml228,46742353.0,6.8230934,10.562824,Morgan + MACCS + CACTVS + descriptors,ml228,4+ rings,5.0
467825,ravuconazole,467825.0,7.358784,10.192787,Morgan + MACCS + CACTVS + descriptors,ravuconazole,4+ rings,4.0
46783403,rifaximin,46783403.0,9.748095,10.10608,Morgan + MACCS + CACTVS + descriptors,rifaximin,4+ rings,6.0
46785920,ml365,46785920.0,8.580797,7.3497972,Morgan + MACCS + CACTVS + descriptors,ml365,3 rings,3.0
4680,papaverine,4680.0,9.719202,10.531443,Morgan + MACCS + CACTVS + descriptors,papaverine,3 rings,3.0
46831476,bia-10-2474,46831476.0,7.3347573,10.900463,Morgan + MACCS + CACTVS + descriptors,bia-10-2474,3 rings,3.0
46832368,ly2608204,46832368.0,7.960655,9.763938,Morgan + MACCS + CACTVS + descriptors,ly2608204,4+ rings,6.0
46833780,ly2828360,46833780.0,6.9501157,10.831116,Morgan + MACCS + CACTVS + descriptors,ly2828360,4+ rings,5.0
46834118,derazantinib,46834118.0,7.1609287,11.01096,Morgan + MACCS + CACTVS + descriptors,derazantinib,4+ rings,5.0
46835756,sen-1269,46835756.0,10.186957,10.17425,Morgan + MACCS + CACTVS + descriptors,sen-1269,3 rings,3.0
46836227,edo-s101,46836227.0,7.4908996,11.056409,Morgan + MACCS + CACTVS + descriptors,edo-s101,2 rings,2.0
46836890,epetraborole,46836890.0,8.815026,6.2246046,Morgan + MACCS + CACTVS + descriptors,epetraborole,2 rings,2.0
4684,parachlorophenol,4684.0,7.8335347,5.632905,Morgan + MACCS + CACTVS + descriptors,parachlorophenol,1 ring,1.0
46840946,pf-05089771,46840946.0,9.365768,9.536369,Morgan + MACCS + CACTVS + descriptors,pf-05089771,4+ rings,4.0
46843057,gsk2110183,46843057.0,8.117703,10.140171,Morgan + MACCS + CACTVS + descriptors,gsk2110183,3 rings,3.0
46843772,xmd8-92,46843772.0,10.186155,10.05428,Morgan + MACCS + CACTVS + descriptors,xmd8-92,4+ rings,5.0
46843906,lrrk2-in-1,46843906.0,10.205507,10.090483,Morgan + MACCS + CACTVS + descriptors,lrrk2-in-1,4+ rings,6.0
46844147,erk5-in-1,46844147.0,10.238774,10.068139,Morgan + MACCS + CACTVS + descriptors,erk5-in-1,4+ rings,5.0
46846503,gsk1562590,46846503.0,9.108938,7.4904804,Morgan + MACCS + CACTVS + descriptors,gsk1562590,4+ rings,5.0
46848036,flumatinib,46848036.0,7.538354,11.110288,Morgan + MACCS + CACTVS + descriptors,flumatinib,4+ rings,5.0
46848915,tak-063,46848915.0,7.7829757,10.586386,Morgan + MACCS + CACTVS + descriptors,tak-063,4+ rings,5.0
46851313,abt-639,46851313.0,8.210284,8.699495,Morgan + MACCS + CACTVS + descriptors,abt-639,4+ rings,4.0
46853593,ngp555,46853593.0,7.227032,10.242688,Morgan + MACCS + CACTVS + descriptors,ngp555,4+ rings,4.0
46854655,amg-837,46854655.0,8.451558,5.4650183,Morgan + MACCS + CACTVS + descriptors,amg-837,3 rings,3.0
468595,posaconazole,468595.0,10.011394,9.591288,Morgan + MACCS + CACTVS + descriptors,posaconazole,4+ rings,7.0
46861584,gsk2239633a,46861584.0,9.255127,9.502435,Morgan + MACCS + CACTVS + descriptors,gsk2239633a,4+ rings,4.0
46861623,azd9668,46861623.0,8.180145,9.721649,Morgan + MACCS + CACTVS + descriptors,azd9668,4+ rings,4.0
46864232,flecainide,46864232.0,8.947669,6.7756867,Morgan + MACCS + CACTVS + descriptors,flecainide,2 rings,2.0
46866319,ns-018,46866319.0,6.8668146,10.622923,Morgan + MACCS + CACTVS + descriptors,ns-018,4+ rings,4.0
4687,paraxanthine,4687.0,5.6995745,11.404555,Morgan + MACCS + CACTVS + descriptors,paraxanthine,2 rings,2.0
46871867,ldn-209929,46871867.0,9.714604,10.579721,Morgan + MACCS + CACTVS + descriptors,ldn-209929,3 rings,3.0
4687238,l-693403,4687238.0,6.4767904,7.7077327,Morgan + MACCS + CACTVS + descriptors,l-693403,4+ rings,4.0
46878481,txa127,46878481.0,5.8253555,5.5178075,Morgan + MACCS + CACTVS + descriptors,txa127,3 rings,3.0
4688,pargyline,4688.0,6.432402,7.582654,Morgan + MACCS + CACTVS + descriptors,pargyline,1 ring,1.0
46883536,avagacestat,46883536.0,8.02177,9.428257,Morgan + MACCS + CACTVS + descriptors,avagacestat,3 rings,3.0
46885626,gsk1070916,46885626.0,6.9864874,10.780856,Morgan + MACCS + CACTVS + descriptors,gsk1070916,4+ rings,5.0
46887680,ginsenoside-re3,46887680.0,0.7547686,7.1946197,Morgan + MACCS + CACTVS + descriptors,ginsenoside-re3,4+ rings,6.0
46887681,gynostemma-extract,46887681.0,0.76437324,7.188945,Morgan + MACCS + CACTVS + descriptors,gynostemma-extract,4+ rings,7.0
46893585,azd3514,46893585.0,9.962952,9.590741,Morgan + MACCS + CACTVS + descriptors,azd3514,4+ rings,5.0
46898058,gsk923295,46898058.0,9.84462,10.043345,Morgan + MACCS + CACTVS + descriptors,gsk923295,4+ rings,4.0
46901937,unc0321,46901937.0,10.657583,10.389758,Morgan + MACCS + CACTVS + descriptors,unc0321,4+ rings,4.0
46906075,targinine,46906075.0,1.1535856,8.558048,Morgan + MACCS + CACTVS + descriptors,targinine,0 rings,0.0
46907787,jq1-(+),46907787.0,7.5114274,10.143985,Morgan + MACCS + CACTVS + descriptors,jq1-(+),4+ rings,4.0
46908929,tofogliflozin,46908929.0,8.893829,4.9561205,Morgan + MACCS + CACTVS + descriptors,tofogliflozin,4+ rings,4.0
46909588,mpi-0479605,46909588.0,6.886743,10.936938,Morgan + MACCS + CACTVS + descriptors,mpi-0479605,4+ rings,5.0
46911016,as-1892802,46911016.0,7.863096,10.782004,Morgan + MACCS + CACTVS + descriptors,as-1892802,3 rings,3.0
46911068,tcn238,46911068.0,6.9213,10.229418,Morgan + MACCS + CACTVS + descriptors,tcn238,2 rings,2.0
46911532,ha-130,46911532.0,8.839853,6.801334,Morgan + MACCS + CACTVS + descriptors,ha-130,4+ rings,4.0
46911863,jnj-38877605,46911863.0,6.7396684,10.645876,Morgan + MACCS + CACTVS + descriptors,jnj-38877605,4+ rings,5.0
46912050,mecamylamine,46912050.0,0.9712167,9.304097,Morgan + MACCS + CACTVS + descriptors,mecamylamine,2 rings,2.0
46912230,sb-2343,46912230.0,6.864319,10.9662895,Morgan + MACCS + CACTVS + descriptors,sb-2343,4+ rings,4.0
46916694,pf-04937319,46916694.0,9.953718,10.038658,Morgan + MACCS + CACTVS + descriptors,pf-04937319,4+ rings,4.0
46917793,gdc-0575,46917793.0,7.2268233,11.152222,Morgan + MACCS + CACTVS + descriptors,gdc-0575,4+ rings,4.0
46919335,a-887826,46919335.0,10.0575285,10.08639,Morgan + MACCS + CACTVS + descriptors,a-887826,4+ rings,4.0
46926350,dinaciclib,46926350.0,7.1017895,11.004412,Morgan + MACCS + CACTVS + descriptors,dinaciclib,4+ rings,4.0
46926973,lgk-974,46926973.0,7.808665,11.005889,Morgan + MACCS + CACTVS + descriptors,lgk-974,4+ rings,4.0
46931009,doxercalciferol,46931009.0,-0.15510981,7.1889215,Morgan + MACCS + CACTVS + descriptors,doxercalciferol,3 rings,3.0
46931242,unc669,46931242.0,8.097785,11.011781,Morgan + MACCS + CACTVS + descriptors,unc669,3 rings,3.0
46931953,p22077,46931953.0,7.7807746,8.386301,Morgan + MACCS + CACTVS + descriptors,p22077,2 rings,2.0
46934289,vu0364439,46934289.0,8.263312,9.619597,Morgan + MACCS + CACTVS + descriptors,vu0364439,3 rings,3.0
46936683,sparfosate,46936683.0,1.2479959,8.504633,Morgan + MACCS + CACTVS + descriptors,sparfosate,0 rings,0.0
46936829,freselestat,46936829.0,7.4480796,8.07935,Morgan + MACCS + CACTVS + descriptors,freselestat,3 rings,3.0
46937439,vu0364739,46937439.0,7.2178135,8.404228,Morgan + MACCS + CACTVS + descriptors,vu0364739,4+ rings,5.0
46940575,gdc-0152,46940575.0,7.9080925,10.205602,Morgan + MACCS + CACTVS + descriptors,gdc-0152,4+ rings,4.0
46943432,i-bet-762,46943432.0,9.99658,9.7594595,Morgan + MACCS + CACTVS + descriptors,i-bet-762,4+ rings,4.0
46944259,ly2874455,46944259.0,9.916863,10.05797,Morgan + MACCS + CACTVS + descriptors,ly2874455,4+ rings,4.0
4705,pd-153035,4705.0,10.308275,10.4289,Morgan + MACCS + CACTVS + descriptors,pd-153035,3 rings,3.0
4707,pd-158780,4707.0,6.9027395,10.399816,Morgan + MACCS + CACTVS + descriptors,pd-158780,3 rings,3.0
4708,pd-168393,4708.0,7.1579885,10.497533,Morgan + MACCS + CACTVS + descriptors,pd-168393,3 rings,3.0
470999,dibekacin,470999.0,1.5770481,7.559834,Morgan + MACCS + CACTVS + descriptors,dibekacin,3 rings,3.0
471002,ganoderic-acid-a,471002.0,0.31508636,6.966209,Morgan + MACCS + CACTVS + descriptors,ganoderic-acid-a,4+ rings,4.0
471161,maribavir,471161.0,6.5013385,11.541376,Morgan + MACCS + CACTVS + descriptors,maribavir,3 rings,3.0
4713,pd-98059,4713.0,8.657036,6.976253,Morgan + MACCS + CACTVS + descriptors,pd-98059,3 rings,3.0
4719406,sbe-13,4719406.0,9.76142,10.539712,Morgan + MACCS + CACTVS + descriptors,sbe-13,3 rings,3.0
4722579,phikan-083,4722579.0,7.6635904,10.24049,Morgan + MACCS + CACTVS + descriptors,phikan-083,3 rings,3.0
472335,rubitecan,472335.0,8.94744,10.490206,Morgan + MACCS + CACTVS + descriptors,rubitecan,4+ rings,5.0
47263,cetaben,47263.0,8.028663,7.4199286,Morgan + MACCS + CACTVS + descriptors,cetaben,1 ring,1.0
47318,oltipraz,47318.0,5.7999506,10.941633,Morgan + MACCS + CACTVS + descriptors,oltipraz,2 rings,2.0
4735,pentamidine,4735.0,8.589739,6.2215157,Morgan + MACCS + CACTVS + descriptors,pentamidine,2 rings,2.0
4740,pentoxifylline,4740.0,5.730493,11.411289,Morgan + MACCS + CACTVS + descriptors,pentoxifylline,2 rings,2.0
4748,perphenazine,4748.0,6.4947896,8.2016115,Morgan + MACCS + CACTVS + descriptors,perphenazine,4+ rings,4.0
47510,lidamidine,47510.0,6.857087,8.499982,Morgan + MACCS + CACTVS + descriptors,lidamidine,1 ring,1.0
47528,nicorandil,47528.0,8.300038,11.088104,Morgan + MACCS + CACTVS + descriptors,nicorandil,1 ring,1.0
4753,phenacemide,4753.0,7.042527,7.5564513,Morgan + MACCS + CACTVS + descriptors,phenacemide,1 ring,1.0
475330,tomeglovir,475330.0,8.396384,8.510749,Morgan + MACCS + CACTVS + descriptors,tomeglovir,3 rings,3.0
4754,phenacetin,4754.0,8.6092205,7.2013674,Morgan + MACCS + CACTVS + descriptors,phenacetin,1 ring,1.0
47576,ketoconazole,47576.0,10.138969,9.805146,Morgan + MACCS + CACTVS + descriptors,ketoconazole,4+ rings,5.0
4760,phenindione,4760.0,6.891638,6.3663383,Morgan + MACCS + CACTVS + descriptors,phenindione,3 rings,3.0
4764,phenolphthalein,4764.0,8.3126,5.101348,Morgan + MACCS + CACTVS + descriptors,phenolphthalein,4+ rings,4.0
47641,naftifine,47641.0,6.4335623,7.6081214,Morgan + MACCS + CACTVS + descriptors,naftifine,3 rings,3.0
476417,butoconazole,476417.0,7.3169174,9.863686,Morgan + MACCS + CACTVS + descriptors,butoconazole,3 rings,3.0
4765,4-phenolsulfonic-acid,4765.0,7.845761,5.687938,Morgan + MACCS + CACTVS + descriptors,4-phenolsulfonic-acid,1 ring,1.0
4766,phenolsulfonphthalein,4766.0,7.852613,5.624199,Morgan + MACCS + CACTVS + descriptors,phenolsulfonphthalein,4+ rings,4.0
476861,terameprocol,476861.0,8.4797945,5.6020894,Morgan + MACCS + CACTVS + descriptors,terameprocol,2 rings,2.0
4770,phenprobamate,4770.0,7.150673,6.8999763,Morgan + MACCS + CACTVS + descriptors,phenprobamate,1 ring,1.0
477468,micafungin,477468.0,5.9148984,5.516332,Morgan + MACCS + CACTVS + descriptors,micafungin,4+ rings,7.0
4775,phenylbutyrate,4775.0,7.105723,6.258621,Morgan + MACCS + CACTVS + descriptors,phenylbutyrate,1 ring,1.0
4780,1-phenylbiguanide,4780.0,6.7818666,8.662739,Morgan + MACCS + CACTVS + descriptors,1-phenylbiguanide,1 ring,1.0
4781,phenylbutazone,4781.0,7.1350513,8.669548,Morgan + MACCS + CACTVS + descriptors,phenylbutazone,3 rings,3.0
47811,pergolide,47811.0,7.7515645,10.1216955,Morgan + MACCS + CACTVS + descriptors,pergolide,4+ rings,4.0
4784,phenylmethylsulfonyl-fluoride,4784.0,8.115335,8.358286,Morgan + MACCS + CACTVS + descriptors,phenylmethylsulfonyl-fluoride,1 ring,1.0
47866,cyromazine,47866.0,0.9501515,9.242342,Morgan + MACCS + CACTVS + descriptors,cyromazine,2 rings,2.0
4787937,tcn201,4787937.0,8.271835,8.5706835,Morgan + MACCS + CACTVS + descriptors,tcn201,3 rings,3.0
4788,phloretin,4788.0,8.310411,5.0827613,Morgan + MACCS + CACTVS + descriptors,phloretin,2 rings,2.0
47936,colforsin,47936.0,0.50761473,7.2824664,Morgan + MACCS + CACTVS + descriptors,colforsin,3 rings,3.0
4806,phthalylsulfathiazole,4806.0,8.326855,9.484168,Morgan + MACCS + CACTVS + descriptors,phthalylsulfathiazole,3 rings,3.0
4810,moxonidine,4810.0,5.8783526,11.182076,Morgan + MACCS + CACTVS + descriptors,moxonidine,2 rings,2.0
4814,picotamide,4814.0,9.673813,10.240978,Morgan + MACCS + CACTVS + descriptors,picotamide,3 rings,3.0
4817,pifithrin-alpha,4817.0,7.059264,7.949886,Morgan + MACCS + CACTVS + descriptors,pifithrin-alpha,3 rings,3.0
481747,ryuvidine,481747.0,8.043446,10.129552,Morgan + MACCS + CACTVS + descriptors,ryuvidine,3 rings,3.0
4820,pilsicainide,4820.0,7.0472593,8.220859,Morgan + MACCS + CACTVS + descriptors,pilsicainide,3 rings,3.0
4822,pimethixene,4822.0,6.484871,7.873206,Morgan + MACCS + CACTVS + descriptors,pimethixene,4+ rings,4.0
4830,pipamperone,4830.0,6.993965,7.8081684,Morgan + MACCS + CACTVS + descriptors,pipamperone,3 rings,3.0
483477,brincidofovir,483477.0,2.4199076,9.682012,Morgan + MACCS + CACTVS + descriptors,brincidofovir,1 ring,1.0
483559,amd-3465,483559.0,7.096592,10.208505,Morgan + MACCS + CACTVS + descriptors,amd-3465,3 rings,3.0
4837,piperazine,4837.0,0.9798658,9.208904,Morgan + MACCS + CACTVS + descriptors,piperazine,1 ring,1.0
4842,pipobroman,4842.0,1.4166726,9.031169,Morgan + MACCS + CACTVS + descriptors,pipobroman,1 ring,1.0
4843,piracetam,4843.0,1.506591,8.921166,Morgan + MACCS + CACTVS + descriptors,piracetam,1 ring,1.0
4846,pirenoxine,4846.0,8.485554,7.3158636,Morgan + MACCS + CACTVS + descriptors,pirenoxine,4+ rings,4.0
4847,pirenperone,4847.0,7.2313275,8.238846,Morgan + MACCS + CACTVS + descriptors,pirenperone,4+ rings,4.0
4848,pirenzepine,4848.0,7.5326147,11.218682,Morgan + MACCS + CACTVS + descriptors,pirenzepine,4+ rings,4.0
4849,piretanide,4849.0,8.976845,8.120107,Morgan + MACCS + CACTVS + descriptors,piretanide,3 rings,3.0
4850,piribedil,4850.0,10.069104,10.057696,Morgan + MACCS + CACTVS + descriptors,piribedil,4+ rings,4.0
4855,piromidic-acid,4855.0,6.499994,11.308622,Morgan + MACCS + CACTVS + descriptors,piromidic-acid,3 rings,3.0
4858,pj-34,4858.0,7.3154063,8.373402,Morgan + MACCS + CACTVS + descriptors,pj-34,3 rings,3.0
487101,delafloxacin,487101.0,9.958722,7.7128744,Morgan + MACCS + CACTVS + descriptors,delafloxacin,4+ rings,4.0
4877,1-naphthyl-pp1,4877.0,6.726924,10.636325,Morgan + MACCS + CACTVS + descriptors,1-naphthyl-pp1,4+ rings,4.0
4878,pp-2,4878.0,6.82703,10.407249,Morgan + MACCS + CACTVS + descriptors,pp-2,3 rings,3.0
488360,tosufloxacin,488360.0,9.954805,7.717116,Morgan + MACCS + CACTVS + descriptors,tosufloxacin,4+ rings,4.0
4884,pralidoxime,4884.0,6.4059253,8.73902,Morgan + MACCS + CACTVS + descriptors,pralidoxime,1 ring,1.0
4886,pramoxine,4886.0,8.639486,6.4980726,Morgan + MACCS + CACTVS + descriptors,pramoxine,2 rings,2.0
4887,pranlukast,4887.0,9.636648,9.289973,Morgan + MACCS + CACTVS + descriptors,pranlukast,4+ rings,5.0
4893,prazosin,4893.0,10.634302,10.3799,Morgan + MACCS + CACTVS + descriptors,prazosin,4+ rings,4.0
4904,pridinol,4904.0,7.449601,6.9818044,Morgan + MACCS + CACTVS + descriptors,pridinol,3 rings,3.0
4908365,jnj-7777120,4908365.0,8.20409,10.574071,Morgan + MACCS + CACTVS + descriptors,jnj-7777120,3 rings,3.0
4909,primidone,4909.0,6.981922,7.939843,Morgan + MACCS + CACTVS + descriptors,primidone,2 rings,2.0
4910,proadifen,4910.0,7.2432942,6.7916327,Morgan + MACCS + CACTVS + descriptors,proadifen,2 rings,2.0
4911,probenecid,4911.0,7.2619295,6.406203,Morgan + MACCS + CACTVS + descriptors,probenecid,1 ring,1.0
4912,probucol,4912.0,7.897115,5.553634,Morgan + MACCS + CACTVS + descriptors,probucol,2 rings,2.0
4913,procainamide,4913.0,7.2550797,7.9826446,Morgan + MACCS + CACTVS + descriptors,procainamide,1 ring,1.0
4914,procaine,4914.0,8.19236,7.2436295,Morgan + MACCS + CACTVS + descriptors,procaine,1 ring,1.0
4917,prochlorperazine,4917.0,6.391388,8.246728,Morgan + MACCS + CACTVS + descriptors,prochlorperazine,4+ rings,4.0
491941,pritelivir,491941.0,8.158345,9.687571,Morgan + MACCS + CACTVS + descriptors,pritelivir,3 rings,3.0
492132,semapimod,492132.0,7.5885696,7.9754624,Morgan + MACCS + CACTVS + descriptors,semapimod,2 rings,2.0
492405,favipiravir,492405.0,1.5356588,9.1498375,Morgan + MACCS + CACTVS + descriptors,favipiravir,1 ring,1.0
4926,promazine,4926.0,6.3956943,8.280077,Morgan + MACCS + CACTVS + descriptors,promazine,3 rings,3.0
4934,propantheline,4934.0,7.470299,6.5369315,Morgan + MACCS + CACTVS + descriptors,propantheline,3 rings,3.0
4935,proxymetacaine,4935.0,8.441825,7.1776257,Morgan + MACCS + CACTVS + descriptors,proxymetacaine,1 ring,1.0
493570,riboflavin,493570.0,7.4431963,8.272461,Morgan + MACCS + CACTVS + descriptors,riboflavin,3 rings,3.0
4938,propentofylline,4938.0,5.712393,11.407009,Morgan + MACCS + CACTVS + descriptors,propentofylline,2 rings,2.0
4939,propidium-iodide,4939.0,6.396173,8.608063,Morgan + MACCS + CACTVS + descriptors,propidium-iodide,4+ rings,4.0
4942,propiverine,4942.0,7.2860355,6.846731,Morgan + MACCS + CACTVS + descriptors,propiverine,3 rings,3.0
4943,propofol,4943.0,7.7992873,5.598162,Morgan + MACCS + CACTVS + descriptors,propofol,1 ring,1.0
4944,propoxur,4944.0,8.561042,5.9726996,Morgan + MACCS + CACTVS + descriptors,propoxur,1 ring,1.0
4976,protriptyline,4976.0,6.4350877,7.5060353,Morgan + MACCS + CACTVS + descriptors,protriptyline,3 rings,3.0
49763030,mk-1903,49763030.0,7.4710402,8.737404,Morgan + MACCS + CACTVS + descriptors,mk-1903,3 rings,3.0
49779726,ks-176,49779726.0,7.7731986,8.080214,Morgan + MACCS + CACTVS + descriptors,ks-176,3 rings,3.0
49783953,rq-00203078,49783953.0,9.30187,9.722525,Morgan + MACCS + CACTVS + descriptors,rq-00203078,3 rings,3.0
49784002,nemiralisib,49784002.0,8.852083,10.336584,Morgan + MACCS + CACTVS + descriptors,nemiralisib,4+ rings,6.0
49784945,ch5132799,49784945.0,7.537464,10.180315,Morgan + MACCS + CACTVS + descriptors,ch5132799,4+ rings,4.0
49787490,xl041,49787490.0,7.8403134,9.886774,Morgan + MACCS + CACTVS + descriptors,xl041,4+ rings,4.0
49792850,bms-986020,49792850.0,8.899103,9.340323,Morgan + MACCS + CACTVS + descriptors,bms-986020,4+ rings,5.0
49792852,nms-1286937,49792852.0,10.13057,10.003837,Morgan + MACCS + CACTVS + descriptors,nms-1286937,4+ rings,5.0
49800036,metrizamide,49800036.0,7.6725783,7.8033323,Morgan + MACCS + CACTVS + descriptors,metrizamide,2 rings,2.0
49803313,gilteritinib,49803313.0,10.239861,10.077784,Morgan + MACCS + CACTVS + descriptors,gilteritinib,4+ rings,5.0
49806644,ai-10-49,49806644.0,10.028927,9.757077,Morgan + MACCS + CACTVS + descriptors,ai-10-49,4+ rings,6.0
49806720,alectinib,49806720.0,8.368739,10.570742,Morgan + MACCS + CACTVS + descriptors,alectinib,4+ rings,6.0
49830684,a-1070722,49830684.0,10.213492,10.390494,Morgan + MACCS + CACTVS + descriptors,a-1070722,3 rings,3.0
49831257,filgotinib,49831257.0,7.7709036,10.010357,Morgan + MACCS + CACTVS + descriptors,filgotinib,4+ rings,5.0
49831411,aripiprazole-lauroxil,49831411.0,9.121315,7.4076815,Morgan + MACCS + CACTVS + descriptors,aripiprazole-lauroxil,4+ rings,4.0
49836020,birinapant,49836020.0,8.5433035,10.627927,Morgan + MACCS + CACTVS + descriptors,birinapant,4+ rings,6.0
49836027,torin-1,49836027.0,7.8168955,10.931752,Morgan + MACCS + CACTVS + descriptors,torin-1,4+ rings,7.0
49836057,tba-354,49836057.0,9.948337,9.664614,Morgan + MACCS + CACTVS + descriptors,tba-354,4+ rings,4.0
49836093,funapide,49836093.0,9.19276,7.15609,Morgan + MACCS + CACTVS + descriptors,funapide,4+ rings,6.0
49837968,ly2886721,49837968.0,7.960999,10.768657,Morgan + MACCS + CACTVS + descriptors,ly2886721,4+ rings,4.0
49841217,avacopan,49841217.0,7.2500606,8.309265,Morgan + MACCS + CACTVS + descriptors,avacopan,4+ rings,5.0
49841251,btt-3033,49841251.0,8.092168,9.546806,Morgan + MACCS + CACTVS + descriptors,btt-3033,4+ rings,4.0
49843471,setipiprant,49843471.0,8.256633,10.584453,Morgan + MACCS + CACTVS + descriptors,setipiprant,4+ rings,5.0
49846579,venetoclax,49846579.0,9.619351,9.725631,Morgan + MACCS + CACTVS + descriptors,venetoclax,4+ rings,8.0
49846599,abx464,49846599.0,10.139357,10.32451,Morgan + MACCS + CACTVS + descriptors,abx464,3 rings,3.0
49847690,azd5582,49847690.0,7.4162717,7.527358,Morgan + MACCS + CACTVS + descriptors,azd5582,4+ rings,8.0
49848070,taladegib,49848070.0,7.5002456,10.935128,Morgan + MACCS + CACTVS + descriptors,taladegib,4+ rings,5.0
49850262,tubastatin-a,49850262.0,8.273723,10.600108,Morgan + MACCS + CACTVS + descriptors,tubastatin-a,4+ rings,4.0
49852288,carteolol,49852288.0,8.710727,6.9222217,Morgan + MACCS + CACTVS + descriptors,carteolol,2 rings,2.0
49855250,sb-939,49855250.0,7.6092525,11.098661,Morgan + MACCS + CACTVS + descriptors,sb-939,2 rings,2.0
49856296,kaf-156,49856296.0,7.415464,11.078065,Morgan + MACCS + CACTVS + descriptors,kaf-156,4+ rings,4.0
49862762,inx-08189,49862762.0,6.54191,11.550284,Morgan + MACCS + CACTVS + descriptors,inx-08189,4+ rings,5.0
49867926,sar-245409,49867926.0,9.074637,9.537463,Morgan + MACCS + CACTVS + descriptors,sar-245409,4+ rings,5.0
49867929,bs-181,49867929.0,6.803989,10.735552,Morgan + MACCS + CACTVS + descriptors,bs-181,3 rings,3.0
49867930,rg4733,49867930.0,7.337956,8.360921,Morgan + MACCS + CACTVS + descriptors,rg4733,3 rings,3.0
49870909,s49076,49870909.0,8.295973,10.676994,Morgan + MACCS + CACTVS + descriptors,s49076,4+ rings,5.0
49871766,mk-5046,49871766.0,7.0616493,10.672776,Morgan + MACCS + CACTVS + descriptors,mk-5046,4+ rings,4.0
49871973,cenerimod,49871973.0,9.7425785,9.3464365,Morgan + MACCS + CACTVS + descriptors,cenerimod,4+ rings,4.0
4988454,z160,4988454.0,6.915162,7.775562,Morgan + MACCS + CACTVS + descriptors,z160,4+ rings,5.0
4991,mestinon,4991.0,6.4960027,8.798385,Morgan + MACCS + CACTVS + descriptors,mestinon,1 ring,1.0
4992,mepyramine,4992.0,9.870973,10.341214,Morgan + MACCS + CACTVS + descriptors,mepyramine,2 rings,2.0
4993,pyrimethamine,4993.0,6.97576,10.223298,Morgan + MACCS + CACTVS + descriptors,pyrimethamine,2 rings,2.0
4994,pyrithyldione,4994.0,1.4371206,9.081664,Morgan + MACCS + CACTVS + descriptors,pyrithyldione,1 ring,1.0
4996,pyroxamide,4996.0,8.27676,11.124045,Morgan + MACCS + CACTVS + descriptors,pyroxamide,1 ring,1.0
5002,quetiapine,5002.0,6.5498347,8.173662,Morgan + MACCS + CACTVS + descriptors,quetiapine,4+ rings,4.0
50088,bepridil,50088.0,6.6362967,8.080751,Morgan + MACCS + CACTVS + descriptors,bepridil,3 rings,3.0
500902,nm107,500902.0,2.4165022,9.677675,Morgan + MACCS + CACTVS + descriptors,nm107,2 rings,2.0
5011,quipazine,5011.0,6.927638,10.445292,Morgan + MACCS + CACTVS + descriptors,quipazine,3 rings,3.0
501254,lisofylline,501254.0,5.7404766,11.472148,Morgan + MACCS + CACTVS + descriptors,lisofylline,2 rings,2.0
5013,n-methylquipazine,5013.0,6.891343,10.577958,Morgan + MACCS + CACTVS + descriptors,n-methylquipazine,3 rings,3.0
5014,qx-222,5014.0,6.5648093,8.335657,Morgan + MACCS + CACTVS + descriptors,qx-222,1 ring,1.0
501640,nn-dnj,501640.0,1.2520926,8.5376005,Morgan + MACCS + CACTVS + descriptors,nn-dnj,1 ring,1.0
50204,apyramide,50204.0,9.220231,10.163498,Morgan + MACCS + CACTVS + descriptors,apyramide,4+ rings,4.0
50225,buserelin,50225.0,5.7895417,5.5171375,Morgan + MACCS + CACTVS + descriptors,buserelin,4+ rings,6.0
50234,somantadine,50234.0,0.9320175,9.299968,Morgan + MACCS + CACTVS + descriptors,somantadine,4+ rings,4.0
5024764,cgp-7930,5024764.0,7.853773,5.5494146,Morgan + MACCS + CACTVS + descriptors,cgp-7930,1 ring,1.0
50248,triclabendazole,50248.0,9.904738,9.646362,Morgan + MACCS + CACTVS + descriptors,triclabendazole,3 rings,3.0
5025739,abt-724,5025739.0,6.9138474,10.7360325,Morgan + MACCS + CACTVS + descriptors,abt-724,4+ rings,4.0
50287,tiotidine,50287.0,5.6962366,10.997775,Morgan + MACCS + CACTVS + descriptors,tiotidine,1 ring,1.0
50294,nedocromil,50294.0,9.3302965,7.348811,Morgan + MACCS + CACTVS + descriptors,nedocromil,3 rings,3.0
50312,fiacitabine,50312.0,2.4136422,9.677569,Morgan + MACCS + CACTVS + descriptors,fiacitabine,2 rings,2.0
5034,gw-5074,5034.0,8.136478,7.515188,Morgan + MACCS + CACTVS + descriptors,gw-5074,3 rings,3.0
5035,raloxifene,5035.0,8.768995,6.834536,Morgan + MACCS + CACTVS + descriptors,raloxifene,4+ rings,5.0
5037,ramifenazone,5037.0,7.153323,8.783354,Morgan + MACCS + CACTVS + descriptors,ramifenazone,2 rings,2.0
503737,liquiritin,503737.0,8.935594,4.8043423,Morgan + MACCS + CACTVS + descriptors,liquiritin,4+ rings,4.0
5040063,ppt,5040063.0,9.400202,10.018156,Morgan + MACCS + CACTVS + descriptors,ppt,4+ rings,4.0
504457,vapendavir,504457.0,9.648125,9.072035,Morgan + MACCS + CACTVS + descriptors,vapendavir,4+ rings,4.0
50515,amonafide,50515.0,7.266737,8.336093,Morgan + MACCS + CACTVS + descriptors,amonafide,3 rings,3.0
5054,resorcinol,5054.0,7.9253206,5.6182427,Morgan + MACCS + CACTVS + descriptors,resorcinol,1 ring,1.0
5055,resorcinol-monoacetate,5055.0,8.196539,5.577703,Morgan + MACCS + CACTVS + descriptors,resorcinol-monoacetate,1 ring,1.0
5063,rhc-80267,5063.0,1.1767526,8.811094,Morgan + MACCS + CACTVS + descriptors,rhc-80267,2 rings,2.0
5066134,gue-1654,5066134.0,7.715278,10.265648,Morgan + MACCS + CACTVS + descriptors,gue-1654,4+ rings,5.0
5068295,rn-1747,5068295.0,8.247883,8.718633,Morgan + MACCS + CACTVS + descriptors,rn-1747,3 rings,3.0
5070,riluzole,5070.0,9.689147,9.655844,Morgan + MACCS + CACTVS + descriptors,riluzole,2 rings,2.0
5073,risperidone,5073.0,9.146473,8.337363,Morgan + MACCS + CACTVS + descriptors,risperidone,4+ rings,5.0
5074,ritanserin,5074.0,7.284328,8.367558,Morgan + MACCS + CACTVS + descriptors,ritanserin,4+ rings,5.0
5078,rizatriptan,5078.0,6.985541,10.655883,Morgan + MACCS + CACTVS + descriptors,rizatriptan,3 rings,3.0
5081,ro-15-4513,5081.0,7.7145734,11.258675,Morgan + MACCS + CACTVS + descriptors,ro-15-4513,3 rings,3.0
5081913,ikk-2-inhibitor-v,5081913.0,8.200294,7.5565953,Morgan + MACCS + CACTVS + descriptors,ikk-2-inhibitor-v,2 rings,2.0
5083,bisindolylmaleimide-ix,5083.0,8.240636,10.640938,Morgan + MACCS + CACTVS + descriptors,bisindolylmaleimide-ix,4+ rings,5.0
50878566,ruxolitinib-(s),50878566.0,6.727091,10.68071,Morgan + MACCS + CACTVS + descriptors,ruxolitinib-(s),4+ rings,4.0
50898538,camkii-in-1,50898538.0,7.9793425,9.748338,Morgan + MACCS + CACTVS + descriptors,camkii-in-1,4+ rings,5.0
5090,rofecoxib,5090.0,7.181193,6.22667,Morgan + MACCS + CACTVS + descriptors,rofecoxib,3 rings,3.0
50904505,cym-50769,50904505.0,8.787902,7.0932817,Morgan + MACCS + CACTVS + descriptors,cym-50769,4+ rings,5.0
50905713,duvelisib,50905713.0,7.6352477,11.044021,Morgan + MACCS + CACTVS + descriptors,duvelisib,4+ rings,5.0
50914062,delgocitinib,50914062.0,7.09805,11.208048,Morgan + MACCS + CACTVS + descriptors,delgocitinib,4+ rings,4.0
50914822,aqw-051,50914822.0,9.603463,10.63353,Morgan + MACCS + CACTVS + descriptors,aqw-051,4+ rings,5.0
50922675,encorafenib,50922675.0,7.8448043,9.902499,Morgan + MACCS + CACTVS + descriptors,encorafenib,3 rings,3.0
50922681,nsi-189,50922681.0,7.4895124,11.205188,Morgan + MACCS + CACTVS + descriptors,nsi-189,3 rings,3.0
50922691,bms-911543,50922691.0,7.3617206,11.060815,Morgan + MACCS + CACTVS + descriptors,bms-911543,4+ rings,6.0
50923806,o-304,50923806.0,7.1502438,8.398397,Morgan + MACCS + CACTVS + descriptors,o-304,3 rings,3.0
50925411,tcs-21311,50925411.0,8.372916,10.677614,Morgan + MACCS + CACTVS + descriptors,tcs-21311,4+ rings,5.0
5094,ronidazole,5094.0,5.2336493,11.037263,Morgan + MACCS + CACTVS + descriptors,ronidazole,1 ring,1.0
50942,doxofylline,50942.0,5.7530484,11.455034,Morgan + MACCS + CACTVS + descriptors,doxofylline,3 rings,3.0
5095,ropinirole,5095.0,7.094549,8.205527,Morgan + MACCS + CACTVS + descriptors,ropinirole,2 rings,2.0
509554,evp4593,509554.0,10.128982,10.274555,Morgan + MACCS + CACTVS + descriptors,evp4593,4+ rings,4.0
50991753,nicodicosapent,50991753.0,8.313179,11.14978,Morgan + MACCS + CACTVS + descriptors,nicodicosapent,1 ring,1.0
50992247,ml786,50992247.0,9.997907,10.223565,Morgan + MACCS + CACTVS + descriptors,ml786,4+ rings,5.0
50997747,dmh1,50997747.0,10.081376,9.742047,Morgan + MACCS + CACTVS + descriptors,dmh1,4+ rings,5.0
51,2-oxoglutaric-acid,51.0,0.20037206,8.615623,Morgan + MACCS + CACTVS + descriptors,2-oxoglutaric-acid,0 rings,0.0
51000408,ve-821,51000408.0,8.296953,9.649001,Morgan + MACCS + CACTVS + descriptors,ve-821,3 rings,3.0
51001932,taselisib,51001932.0,10.101969,9.677934,Morgan + MACCS + CACTVS + descriptors,taselisib,4+ rings,5.0
51031035,ehop-016,51031035.0,6.9227514,10.930638,Morgan + MACCS + CACTVS + descriptors,ehop-016,4+ rings,5.0
51035449,sr-2211,51035449.0,7.503666,10.486329,Morgan + MACCS + CACTVS + descriptors,sr-2211,4+ rings,4.0
51037431,spautin-1,51037431.0,6.9459414,10.339095,Morgan + MACCS + CACTVS + descriptors,spautin-1,3 rings,3.0
51038269,gzd824,51038269.0,7.447631,11.032603,Morgan + MACCS + CACTVS + descriptors,gzd824,4+ rings,5.0
51039030,pyrotinib,51039030.0,10.396337,10.319395,Morgan + MACCS + CACTVS + descriptors,pyrotinib,4+ rings,5.0
51039094,tucatinib,51039094.0,10.151591,9.858955,Morgan + MACCS + CACTVS + descriptors,tucatinib,4+ rings,6.0
51039095,azd4547,51039095.0,9.604099,9.650477,Morgan + MACCS + CACTVS + descriptors,azd4547,4+ rings,4.0
51039119,bms-813160,51039119.0,7.123791,11.134756,Morgan + MACCS + CACTVS + descriptors,bms-813160,4+ rings,4.0
5104,roxarsone,5104.0,8.2295265,7.9397984,Morgan + MACCS + CACTVS + descriptors,roxarsone,1 ring,1.0
51042438,uprosertib,51042438.0,9.126107,9.918722,Morgan + MACCS + CACTVS + descriptors,uprosertib,3 rings,3.0
51049968,rimegepant,51049968.0,9.316156,10.386296,Morgan + MACCS + CACTVS + descriptors,rimegepant,4+ rings,6.0
5105,roxatidine-acetate,5105.0,8.883437,6.7575974,Morgan + MACCS + CACTVS + descriptors,roxatidine-acetate,2 rings,2.0
51057264,metazosin,51057264.0,10.661391,10.377746,Morgan + MACCS + CACTVS + descriptors,metazosin,3 rings,3.0
51167,octenidine,51167.0,0.7193066,8.72882,Morgan + MACCS + CACTVS + descriptors,octenidine,2 rings,2.0
51173,flurofamide,51173.0,7.120003,7.6201468,Morgan + MACCS + CACTVS + descriptors,flurofamide,1 ring,1.0
512282,zk-811752,512282.0,9.046382,7.405973,Morgan + MACCS + CACTVS + descriptors,zk-811752,3 rings,3.0
51346455,pf-03814735,51346455.0,7.4411154,11.13551,Morgan + MACCS + CACTVS + descriptors,pf-03814735,4+ rings,5.0
51346934,tc-sp-14,51346934.0,8.222651,10.232048,Morgan + MACCS + CACTVS + descriptors,tc-sp-14,4+ rings,5.0
51347395,dsm265,51347395.0,6.955662,10.446709,Morgan + MACCS + CACTVS + descriptors,dsm265,3 rings,3.0
51352361,verubecestat,51352361.0,8.212491,9.689702,Morgan + MACCS + CACTVS + descriptors,verubecestat,3 rings,3.0
51355147,nhi-2,51355147.0,8.857731,10.547328,Morgan + MACCS + CACTVS + descriptors,nhi-2,3 rings,3.0
51358113,torin-2,51358113.0,7.745079,10.975929,Morgan + MACCS + CACTVS + descriptors,torin-2,4+ rings,5.0
51371303,pf-4708671,51371303.0,6.8807926,10.766599,Morgan + MACCS + CACTVS + descriptors,pf-4708671,4+ rings,4.0
51371472,timofibrate,51371472.0,8.663508,6.4100657,Morgan + MACCS + CACTVS + descriptors,timofibrate,2 rings,2.0
51371498,torasemide,51371498.0,8.233563,9.60416,Morgan + MACCS + CACTVS + descriptors,torasemide,2 rings,2.0
51380897,paramethadione,51380897.0,1.4605229,8.968871,Morgan + MACCS + CACTVS + descriptors,paramethadione,1 ring,1.0
51382662,sodium-tetradecyl-sulfate,51382662.0,0.45021948,8.610632,Morgan + MACCS + CACTVS + descriptors,sodium-tetradecyl-sulfate,0 rings,0.0
51387302,prolylleucylglycinamide,51387302.0,1.4710637,8.620343,Morgan + MACCS + CACTVS + descriptors,prolylleucylglycinamide,1 ring,1.0
5139,eit-hydrobromide,5139.0,0.859303,9.295786,Morgan + MACCS + CACTVS + descriptors,eit-hydrobromide,0 rings,0.0
51397006,iloprost,51397006.0,0.4876654,7.769844,Morgan + MACCS + CACTVS + descriptors,iloprost,2 rings,2.0
51399529,allicin,51399529.0,0.5505961,9.036063,Morgan + MACCS + CACTVS + descriptors,allicin,0 rings,0.0
51399532,candesartan-cilexetil,51399532.0,7.8763247,11.289458,Morgan + MACCS + CACTVS + descriptors,candesartan-cilexetil,4+ rings,6.0
5143,saccharin,5143.0,8.1931305,8.442831,Morgan + MACCS + CACTVS + descriptors,saccharin,2 rings,2.0
51436118,cid-16020046,51436118.0,9.202294,10.018957,Morgan + MACCS + CACTVS + descriptors,cid-16020046,4+ rings,5.0
5145950,rs-39604,5145950.0,9.148728,7.7153587,Morgan + MACCS + CACTVS + descriptors,rs-39604,3 rings,3.0
5146,salicyl-alcohol,5146.0,7.840454,5.6442327,Morgan + MACCS + CACTVS + descriptors,salicyl-alcohol,1 ring,1.0
5147,salicylamide,5147.0,8.048564,6.638075,Morgan + MACCS + CACTVS + descriptors,salicylamide,1 ring,1.0
5149140,6-iodo-nordihydrocapsaicin,5149140.0,8.875541,6.516973,Morgan + MACCS + CACTVS + descriptors,6-iodo-nordihydrocapsaicin,1 ring,1.0
515328,fdcyd,515328.0,2.430091,9.671057,Morgan + MACCS + CACTVS + descriptors,fdcyd,2 rings,2.0
51537051,ldn-57444,51537051.0,7.228064,8.544942,Morgan + MACCS + CACTVS + descriptors,ldn-57444,3 rings,3.0
5154,sanguinarium-chloride,5154.0,9.669374,10.531358,Morgan + MACCS + CACTVS + descriptors,sanguinarium-chloride,4+ rings,6.0
51546414,cefpodoxime,51546414.0,2.9966407,8.084479,Morgan + MACCS + CACTVS + descriptors,cefpodoxime,3 rings,3.0
51574136,lufenuron,51574136.0,8.676669,7.6250567,Morgan + MACCS + CACTVS + descriptors,lufenuron,2 rings,2.0
51590030,camylofine-chlorhydrate,51590030.0,7.2308407,7.0678153,Morgan + MACCS + CACTVS + descriptors,camylofine-chlorhydrate,1 ring,1.0
51601993,tgx-221,51601993.0,7.18946,8.411712,Morgan + MACCS + CACTVS + descriptors,tgx-221,4+ rings,4.0
5161,sasapyrine,5161.0,8.300801,5.3430314,Morgan + MACCS + CACTVS + descriptors,sasapyrine,2 rings,2.0
5163,sb-206553,5163.0,7.913126,10.64836,Morgan + MACCS + CACTVS + descriptors,sb-206553,4+ rings,4.0
51634,miglustat,51634.0,1.3159108,8.509015,Morgan + MACCS + CACTVS + descriptors,miglustat,1 ring,1.0
51683,swainsonine,51683.0,1.3527913,8.546121,Morgan + MACCS + CACTVS + descriptors,swainsonine,2 rings,2.0
5169,sb-202190,5169.0,9.754956,10.090002,Morgan + MACCS + CACTVS + descriptors,sb-202190,4+ rings,4.0
51698431,prasugrel,51698431.0,8.869913,6.9568844,Morgan + MACCS + CACTVS + descriptors,prasugrel,4+ rings,4.0
51712,pramiracetam,51712.0,1.4647248,8.870227,Morgan + MACCS + CACTVS + descriptors,pramiracetam,1 ring,1.0
5173,sbha,5173.0,1.1418868,8.737128,Morgan + MACCS + CACTVS + descriptors,sbha,0 rings,0.0
5175,sc-10,5175.0,8.199601,8.461156,Morgan + MACCS + CACTVS + descriptors,sc-10,2 rings,2.0
5186,scriptaid,5186.0,7.052726,7.892529,Morgan + MACCS + CACTVS + descriptors,scriptaid,3 rings,3.0
518924,ciaftalan-zinc,518924.0,6.8758907,10.421472,Morgan + MACCS + CACTVS + descriptors,ciaftalan-zinc,4+ rings,10.0
5191,sdz-205-557,5191.0,9.0138855,7.418389,Morgan + MACCS + CACTVS + descriptors,sdz-205-557,1 ring,1.0
5192,disodium-sebacate,5192.0,0.3323514,8.499582,Morgan + MACCS + CACTVS + descriptors,disodium-sebacate,0 rings,0.0
5202,serotonin,5202.0,9.214605,10.6258545,Morgan + MACCS + CACTVS + descriptors,serotonin,2 rings,2.0
5205,setiptiline,5205.0,6.4384565,7.716438,Morgan + MACCS + CACTVS + descriptors,setiptiline,4+ rings,4.0
5206,sevoflurane,5206.0,0.34596,9.101875,Morgan + MACCS + CACTVS + descriptors,sevoflurane,0 rings,0.0
521106,ipa-3,521106.0,7.8194237,5.599248,Morgan + MACCS + CACTVS + descriptors,ipa-3,4+ rings,4.0
5215,sulfadiazine,5215.0,8.312085,9.489936,Morgan + MACCS + CACTVS + descriptors,sulfadiazine,2 rings,2.0
522232,etoxybamide,522232.0,1.2050059,8.4852495,Morgan + MACCS + CACTVS + descriptors,etoxybamide,0 rings,0.0
5227,skf-91488,5227.0,0.8879263,9.296878,Morgan + MACCS + CACTVS + descriptors,skf-91488,0 rings,0.0
5228,skf-86002,5228.0,7.1269283,10.2573,Morgan + MACCS + CACTVS + descriptors,skf-86002,4+ rings,4.0
5233,sobuzoxane,5233.0,1.4104495,8.917315,Morgan + MACCS + CACTVS + descriptors,sobuzoxane,2 rings,2.0
5234410,4-(4-fluorobenzoyl)-1-(4-phenylbutyl)-piperidine,5234410.0,6.9520564,7.519126,Morgan + MACCS + CACTVS + descriptors,4-(4-fluorobenzoyl)-1-(4-phenylbutyl)-piperidine,3 rings,3.0
5243,sodium-picosulfate,5243.0,9.209254,10.813978,Morgan + MACCS + CACTVS + descriptors,sodium-picosulfate,3 rings,3.0
5245,risedronate,5245.0,9.003459,10.996825,Morgan + MACCS + CACTVS + descriptors,risedronate,1 ring,1.0
52539208,tenilsetam,52539208.0,7.0624757,7.825298,Morgan + MACCS + CACTVS + descriptors,tenilsetam,2 rings,2.0
5265,spiperone,5265.0,7.263509,8.40171,Morgan + MACCS + CACTVS + descriptors,spiperone,4+ rings,4.0
52670832,xd-14,52670832.0,8.691114,9.201525,Morgan + MACCS + CACTVS + descriptors,xd-14,2 rings,2.0
5269,splitomycin,5269.0,8.400813,5.1497974,Morgan + MACCS + CACTVS + descriptors,splitomycin,3 rings,3.0
5273755,eupatilin,5273755.0,8.600501,4.95313,Morgan + MACCS + CACTVS + descriptors,eupatilin,3 rings,3.0
5275766,tak-220,5275766.0,7.1675506,8.259335,Morgan + MACCS + CACTVS + descriptors,tak-220,4+ rings,4.0
5277135,elvitegravir,5277135.0,9.249735,7.3991666,Morgan + MACCS + CACTVS + descriptors,elvitegravir,3 rings,3.0
5278,statil,5278.0,7.181884,7.987221,Morgan + MACCS + CACTVS + descriptors,statil,3 rings,3.0
5278396,ku-55933,5278396.0,8.347959,7.1639194,Morgan + MACCS + CACTVS + descriptors,ku-55933,4+ rings,5.0
5279172,rsv604,5279172.0,7.2666707,8.4558525,Morgan + MACCS + CACTVS + descriptors,rsv604,4+ rings,4.0
5280343,quercetin,5280343.0,8.578379,4.9120884,Morgan + MACCS + CACTVS + descriptors,quercetin,3 rings,3.0
5280360,dinoprostone,5280360.0,0.45413408,7.8165736,Morgan + MACCS + CACTVS + descriptors,dinoprostone,1 ring,1.0
5280363,dinoprost,5280363.0,0.47748572,7.806159,Morgan + MACCS + CACTVS + descriptors,dinoprost,1 ring,1.0
5280373,4-methylgenistein,5280373.0,8.521959,4.9398327,Morgan + MACCS + CACTVS + descriptors,4-methylgenistein,3 rings,3.0
5280378,formononetin,5280378.0,8.514732,4.967849,Morgan + MACCS + CACTVS + descriptors,formononetin,3 rings,3.0
5280443,apigenin,5280443.0,8.515797,4.9380426,Morgan + MACCS + CACTVS + descriptors,apigenin,3 rings,3.0
5280445,luteolin,5280445.0,8.56272,4.915206,Morgan + MACCS + CACTVS + descriptors,luteolin,3 rings,3.0
5280450,linoleic-acid,5280450.0,0.37256396,8.217406,Morgan + MACCS + CACTVS + descriptors,linoleic-acid,0 rings,0.0
5280453,calcitriol,5280453.0,-0.1596375,7.203733,Morgan + MACCS + CACTVS + descriptors,calcitriol,3 rings,3.0
5280489,beta-carotene,5280489.0,0.13060956,7.8458023,Morgan + MACCS + CACTVS + descriptors,beta-carotene,2 rings,2.0
5280492,ltb4,5280492.0,0.4212488,8.158471,Morgan + MACCS + CACTVS + descriptors,ltb4,0 rings,0.0
5280531,retinyl-palmitate,5280531.0,0.31538162,7.9888663,Morgan + MACCS + CACTVS + descriptors,retinyl-palmitate,1 ring,1.0
5280567,hymecromone,5280567.0,8.419088,5.152795,Morgan + MACCS + CACTVS + descriptors,hymecromone,2 rings,2.0
5280569,daphnetin,5280569.0,8.530385,4.9912567,Morgan + MACCS + CACTVS + descriptors,daphnetin,2 rings,2.0
5280581,dihomo-gamma-linolenic-acid,5280581.0,0.39584965,8.204259,Morgan + MACCS + CACTVS + descriptors,dihomo-gamma-linolenic-acid,0 rings,0.0
5280613,sphingosylphosphorylcholine,5280613.0,1.1797355,9.702107,Morgan + MACCS + CACTVS + descriptors,sphingosylphosphorylcholine,0 rings,0.0
5280644,"cis-9,trans-11-conjugated-linoleic-acid",5280644.0,0.38511,8.201171,Morgan + MACCS + CACTVS + descriptors,"cis-9,trans-11-conjugated-linoleic-acid",0 rings,0.0
5280723,alprostadil,5280723.0,0.4586188,7.823529,Morgan + MACCS + CACTVS + descriptors,alprostadil,1 ring,1.0
5280724,icomucret,5280724.0,0.40501332,8.145678,Morgan + MACCS + CACTVS + descriptors,icomucret,0 rings,0.0
5280793,ergocalciferol,5280793.0,-0.1578325,7.168872,Morgan + MACCS + CACTVS + descriptors,ergocalciferol,3 rings,3.0
5280794,stigmasterol,5280794.0,-0.16555929,7.1354113,Morgan + MACCS + CACTVS + descriptors,stigmasterol,4+ rings,4.0
5280795,cholecalciferol,5280795.0,-0.1406606,7.1648283,Morgan + MACCS + CACTVS + descriptors,cholecalciferol,3 rings,3.0
5280804,isoquercitrin,5280804.0,8.962127,4.770492,Morgan + MACCS + CACTVS + descriptors,isoquercitrin,4+ rings,4.0
5280805,rutin,5280805.0,8.9754505,4.747645,Morgan + MACCS + CACTVS + descriptors,rutin,4+ rings,5.0
5280863,kaempferol,5280863.0,8.521036,4.9286733,Morgan + MACCS + CACTVS + descriptors,kaempferol,3 rings,3.0
5280933,gamma-linolenic-acid,5280933.0,0.36618212,8.189043,Morgan + MACCS + CACTVS + descriptors,gamma-linolenic-acid,0 rings,0.0
5280934,alpha-linolenic-acid,5280934.0,0.3538786,8.198814,Morgan + MACCS + CACTVS + descriptors,alpha-linolenic-acid,0 rings,0.0
5280961,genistein,5280961.0,8.482348,4.932006,Morgan + MACCS + CACTVS + descriptors,genistein,3 rings,3.0
5280980,clavulanate,5280980.0,1.6547102,8.586259,Morgan + MACCS + CACTVS + descriptors,clavulanate,2 rings,2.0
5281006,cefprozil,5281006.0,3.6826575,7.9545007,Morgan + MACCS + CACTVS + descriptors,cefprozil,3 rings,3.0
5281035,pyrvinium-pamoate,5281035.0,6.424775,8.703149,Morgan + MACCS + CACTVS + descriptors,pyrvinium-pamoate,4+ rings,4.0
5281037,eprosartan,5281037.0,7.776377,11.003383,Morgan + MACCS + CACTVS + descriptors,eprosartan,3 rings,3.0
5281040,montelukast,5281040.0,8.705785,10.39933,Morgan + MACCS + CACTVS + descriptors,montelukast,4+ rings,5.0
5281045,pyrethrins,5281045.0,0.37212116,7.659003,Morgan + MACCS + CACTVS + descriptors,pyrethrins,2 rings,2.0
5281071,olopatadine,5281071.0,8.578341,6.571938,Morgan + MACCS + CACTVS + descriptors,olopatadine,3 rings,3.0
5281078,mycophenolate-mofetil,5281078.0,9.129253,6.6397324,Morgan + MACCS + CACTVS + descriptors,mycophenolate-mofetil,3 rings,3.0
5281081,entacapone,5281081.0,8.271283,7.799825,Morgan + MACCS + CACTVS + descriptors,entacapone,1 ring,1.0
5281087,oxantel,5281087.0,8.153704,6.762193,Morgan + MACCS + CACTVS + descriptors,oxantel,2 rings,2.0
5281104,paricalcitol,5281104.0,-0.15595198,7.2119884,Morgan + MACCS + CACTVS + descriptors,paricalcitol,3 rings,3.0
5281222,butein,5281222.0,8.288196,5.14186,Morgan + MACCS + CACTVS + descriptors,butein,2 rings,2.0
5281224,astaxanthin,5281224.0,0.34216648,7.6449504,Morgan + MACCS + CACTVS + descriptors,astaxanthin,2 rings,2.0
5281232,transcrocetinate,5281232.0,0.3112897,8.460744,Morgan + MACCS + CACTVS + descriptors,transcrocetinate,0 rings,0.0
5281243,lutein,5281243.0,-0.13530438,7.2554426,Morgan + MACCS + CACTVS + descriptors,lutein,2 rings,2.0
5281404,harmane,5281404.0,7.469539,10.288789,Morgan + MACCS + CACTVS + descriptors,harmane,3 rings,3.0
5281417,esculin,5281417.0,8.906981,4.8301506,Morgan + MACCS + CACTVS + descriptors,esculin,3 rings,3.0
5281437,costunolide,5281437.0,0.40822986,7.5567927,Morgan + MACCS + CACTVS + descriptors,costunolide,2 rings,2.0
5281515,g-caryophyllene,5281515.0,0.105559416,7.8274603,Morgan + MACCS + CACTVS + descriptors,g-caryophyllene,2 rings,2.0
5281607,chrysin,5281607.0,8.472505,4.999366,Morgan + MACCS + CACTVS + descriptors,chrysin,3 rings,3.0
5281612,diosmetin,5281612.0,8.582089,4.9031606,Morgan + MACCS + CACTVS + descriptors,diosmetin,3 rings,3.0
5281613,diosmin,5281613.0,8.968709,4.7551622,Morgan + MACCS + CACTVS + descriptors,diosmin,4+ rings,5.0
5281614,fisetin,5281614.0,8.546633,4.8827763,Morgan + MACCS + CACTVS + descriptors,fisetin,3 rings,3.0
5281670,morin,5281670.0,8.529175,4.9053674,Morgan + MACCS + CACTVS + descriptors,morin,3 rings,3.0
5281672,myricetin,5281672.0,8.60614,4.863029,Morgan + MACCS + CACTVS + descriptors,myricetin,3 rings,3.0
5281673,myricitrin,5281673.0,8.937602,4.7795596,Morgan + MACCS + CACTVS + descriptors,myricitrin,4+ rings,4.0
5281708,daidzein,5281708.0,8.486213,4.9655004,Morgan + MACCS + CACTVS + descriptors,daidzein,3 rings,3.0
5281718,polydatin,5281718.0,8.900372,4.9016895,Morgan + MACCS + CACTVS + descriptors,polydatin,3 rings,3.0
5281727,pterostilbene,5281727.0,8.233499,5.625631,Morgan + MACCS + CACTVS + descriptors,pterostilbene,2 rings,2.0
5281787,caffeic-acid-phenethyl-ester,5281787.0,8.357763,5.5370717,Morgan + MACCS + CACTVS + descriptors,caffeic-acid-phenethyl-ester,2 rings,2.0
5281792,rosmarinic-acid,5281792.0,8.394983,5.3829446,Morgan + MACCS + CACTVS + descriptors,rosmarinic-acid,2 rings,2.0
5281793,salvianolic-acid-a,5281793.0,8.496691,5.168482,Morgan + MACCS + CACTVS + descriptors,salvianolic-acid-a,3 rings,3.0
5281800,verbascoside,5281800.0,8.967729,4.764112,Morgan + MACCS + CACTVS + descriptors,verbascoside,4+ rings,4.0
5281807,puerarin,5281807.0,8.927066,4.7954183,Morgan + MACCS + CACTVS + descriptors,puerarin,4+ rings,4.0
5281855,ellagic-acid,5281855.0,8.572915,4.9101477,Morgan + MACCS + CACTVS + descriptors,ellagic-acid,4+ rings,4.0
5281881,flupentixol,5281881.0,6.544443,7.84566,Morgan + MACCS + CACTVS + descriptors,flupentixol,4+ rings,4.0
5281884,valspodar,5281884.0,1.165558,7.646861,Morgan + MACCS + CACTVS + descriptors,valspodar,1 ring,1.0
5281915,coenzyme-q10,5281915.0,0.28448692,7.97393,Morgan + MACCS + CACTVS + descriptors,coenzyme-q10,1 ring,1.0
5281969,anandamide,5281969.0,0.898987,8.438853,Morgan + MACCS + CACTVS + descriptors,anandamide,0 rings,0.0
5282048,rifamycin-sv,5282048.0,9.218565,5.822024,Morgan + MACCS + CACTVS + descriptors,rifamycin-sv,4+ rings,5.0
5282054,cerulenin,5282054.0,1.0128062,8.656077,Morgan + MACCS + CACTVS + descriptors,cerulenin,1 ring,1.0
5282106,olda,5282106.0,8.388689,6.567221,Morgan + MACCS + CACTVS + descriptors,olda,1 ring,1.0
5282181,alfacalcidol,5282181.0,-0.17543158,7.205573,Morgan + MACCS + CACTVS + descriptors,alfacalcidol,3 rings,3.0
5282182,geranyl-farnesylacetate,5282182.0,0.28245175,8.070341,Morgan + MACCS + CACTVS + descriptors,geranyl-farnesylacetate,0 rings,0.0
5282190,falecalcitriol,5282190.0,-0.19138573,7.21459,Morgan + MACCS + CACTVS + descriptors,falecalcitriol,3 rings,3.0
5282199,teprenone,5282199.0,0.2724716,8.045286,Morgan + MACCS + CACTVS + descriptors,teprenone,0 rings,0.0
5282219,sofalcone,5282219.0,8.50011,5.343756,Morgan + MACCS + CACTVS + descriptors,sofalcone,2 rings,2.0
5282226,travoprost,5282226.0,8.394512,5.345932,Morgan + MACCS + CACTVS + descriptors,travoprost,2 rings,2.0
5282230,tranilast,5282230.0,8.506221,7.313706,Morgan + MACCS + CACTVS + descriptors,tranilast,2 rings,2.0
5282242,ceftibuten,5282242.0,3.001374,8.084556,Morgan + MACCS + CACTVS + descriptors,ceftibuten,3 rings,3.0
5282337,ro-61-8048,5282337.0,9.067553,9.389372,Morgan + MACCS + CACTVS + descriptors,ro-61-8048,3 rings,3.0
5282339,cgh2466,5282339.0,7.243497,10.07866,Morgan + MACCS + CACTVS + descriptors,cgh2466,3 rings,3.0
5282350,delta-tocotrienol,5282350.0,8.168607,5.263522,Morgan + MACCS + CACTVS + descriptors,delta-tocotrienol,2 rings,2.0
5282367,menatetrenone,5282367.0,6.931608,6.319176,Morgan + MACCS + CACTVS + descriptors,menatetrenone,2 rings,2.0
5282375,etretinate,5282375.0,8.379909,5.488298,Morgan + MACCS + CACTVS + descriptors,etretinate,1 ring,1.0
5282379,isotretinoin,5282379.0,0.16846725,7.9177876,Morgan + MACCS + CACTVS + descriptors,isotretinoin,1 ring,1.0
5282381,misoprostol,5282381.0,0.46632984,7.7537427,Morgan + MACCS + CACTVS + descriptors,misoprostol,1 ring,1.0
5282411,epoprostenol,5282411.0,0.47381976,7.7290983,Morgan + MACCS + CACTVS + descriptors,epoprostenol,2 rings,2.0
5282438,cefcapene-pivoxil,5282438.0,3.0235307,8.078772,Morgan + MACCS + CACTVS + descriptors,cefcapene-pivoxil,3 rings,3.0
5282440,ozagrel,5282440.0,7.2022333,10.471304,Morgan + MACCS + CACTVS + descriptors,ozagrel,2 rings,2.0
5282443,triprolidine,5282443.0,7.3308883,10.2322235,Morgan + MACCS + CACTVS + descriptors,triprolidine,3 rings,3.0
5282448,fondaparinux,5282448.0,1.5705565,7.515408,Morgan + MACCS + CACTVS + descriptors,fondaparinux,4+ rings,5.0
5282452,pitavastatin,5282452.0,8.768663,10.608774,Morgan + MACCS + CACTVS + descriptors,pitavastatin,4+ rings,4.0
5282459,cinepazide,5282459.0,9.2552185,6.6974173,Morgan + MACCS + CACTVS + descriptors,cinepazide,3 rings,3.0
5282489,ethanolamine-oleate,5282489.0,0.5496869,8.278247,Morgan + MACCS + CACTVS + descriptors,ethanolamine-oleate,0 rings,0.0
5282493,clocortolone-pivalate,5282493.0,0.28520718,6.1149044,Morgan + MACCS + CACTVS + descriptors,clocortolone-pivalate,4+ rings,4.0
5282494,hydrocortisone-valerate,5282494.0,0.26405844,6.19859,Morgan + MACCS + CACTVS + descriptors,hydrocortisone-valerate,4+ rings,4.0
5282728,trans-2-undecenoic-acid,5282728.0,0.30183032,8.145992,Morgan + MACCS + CACTVS + descriptors,trans-2-undecenoic-acid,0 rings,0.0
5282800,"trans-10,cis-12-conjugated-linoleic-acid",5282800.0,0.37009,8.178115,Morgan + MACCS + CACTVS + descriptors,"trans-10,cis-12-conjugated-linoleic-acid",0 rings,0.0
5283066,"16,16-dimethylprostaglandin-e2",5283066.0,0.46307802,7.787687,Morgan + MACCS + CACTVS + descriptors,"16,16-dimethylprostaglandin-e2",1 ring,1.0
5283157,20-hete,5283157.0,0.37014952,8.179423,Morgan + MACCS + CACTVS + descriptors,20-hete,0 rings,0.0
5283387,oleamide,5283387.0,0.7385326,8.45868,Morgan + MACCS + CACTVS + descriptors,oleamide,0 rings,0.0
5283454,oleoylethanolamide,5283454.0,0.8969535,8.478656,Morgan + MACCS + CACTVS + descriptors,oleoylethanolamide,0 rings,0.0
5283731,calcifediol,5283731.0,-0.17774567,7.168613,Morgan + MACCS + CACTVS + descriptors,calcifediol,3 rings,3.0
5283734,tacalcitol,5283734.0,-0.1681418,7.194226,Morgan + MACCS + CACTVS + descriptors,tacalcitol,3 rings,3.0
5283748,secalciferol,5283748.0,-0.14567725,7.192732,Morgan + MACCS + CACTVS + descriptors,secalciferol,3 rings,3.0
5283820,hyodeoxycholic-acid,5283820.0,0.08971076,7.274338,Morgan + MACCS + CACTVS + descriptors,hyodeoxycholic-acid,4+ rings,4.0
5284329,purmorphamine,5284329.0,10.160158,9.929012,Morgan + MACCS + CACTVS + descriptors,purmorphamine,4+ rings,7.0
5284373,cyclosporin-a,5284373.0,1.185236,7.693926,Morgan + MACCS + CACTVS + descriptors,cyclosporin-a,1 ring,1.0
5284375,bromebric-acid,5284375.0,8.31463,5.4910874,Morgan + MACCS + CACTVS + descriptors,bromebric-acid,1 ring,1.0
5284447,natamycin,5284447.0,0.8633384,7.419252,Morgan + MACCS + CACTVS + descriptors,natamycin,4+ rings,4.0
5284500,camphor-(1r),5284500.0,0.05442205,7.5194426,Morgan + MACCS + CACTVS + descriptors,camphor-(1r),2 rings,2.0
5284513,acitretin,5284513.0,8.313404,5.534488,Morgan + MACCS + CACTVS + descriptors,acitretin,1 ring,1.0
5284514,acrivastine,5284514.0,8.381207,10.634584,Morgan + MACCS + CACTVS + descriptors,acrivastine,3 rings,3.0
5284527,cefamandole-nafate,5284527.0,3.6312716,7.962547,Morgan + MACCS + CACTVS + descriptors,cefamandole-nafate,4+ rings,4.0
5284538,algestone-acetophenide,5284538.0,0.41328663,6.6311507,Morgan + MACCS + CACTVS + descriptors,algestone-acetophenide,4+ rings,6.0
5284549,dorzolamide,5284549.0,8.193209,8.468783,Morgan + MACCS + CACTVS + descriptors,dorzolamide,2 rings,2.0
5284550,dosulepin,5284550.0,6.4435935,7.833721,Morgan + MACCS + CACTVS + descriptors,dosulepin,3 rings,3.0
5284557,ethisterone,5284557.0,0.06641892,6.7837186,Morgan + MACCS + CACTVS + descriptors,ethisterone,4+ rings,4.0
5284571,hydroxystilbamidine,5284571.0,8.0305195,6.015692,Morgan + MACCS + CACTVS + descriptors,hydroxystilbamidine,2 rings,2.0
5284583,levetiracetam,5284583.0,1.5103844,8.879477,Morgan + MACCS + CACTVS + descriptors,levetiracetam,1 ring,1.0
5284585,loracarbef,5284585.0,7.2293916,7.411137,Morgan + MACCS + CACTVS + descriptors,loracarbef,3 rings,3.0
5284587,meprednisone,5284587.0,0.17888467,6.295624,Morgan + MACCS + CACTVS + descriptors,meprednisone,4+ rings,4.0
5284594,nalmefene,5284594.0,9.332515,6.677639,Morgan + MACCS + CACTVS + descriptors,nalmefene,4+ rings,6.0
5284596,naloxone,5284596.0,9.3695965,6.6800647,Morgan + MACCS + CACTVS + descriptors,naloxone,4+ rings,5.0
5284607,phytonadione,5284607.0,6.954107,6.338885,Morgan + MACCS + CACTVS + descriptors,phytonadione,2 rings,2.0
5284613,proscillaridin-a,5284613.0,0.6205606,7.171632,Morgan + MACCS + CACTVS + descriptors,proscillaridin-a,4+ rings,6.0
5284627,topiramate,5284627.0,0.31812358,8.843513,Morgan + MACCS + CACTVS + descriptors,topiramate,3 rings,3.0
5287541,irosustat,5287541.0,8.423135,5.142507,Morgan + MACCS + CACTVS + descriptors,irosustat,3 rings,3.0
5287620,brefeldin-a,5287620.0,0.4212394,7.573222,Morgan + MACCS + CACTVS + descriptors,brefeldin-a,2 rings,2.0
5287792,blebbistatin-(-),5287792.0,7.4667425,8.348728,Morgan + MACCS + CACTVS + descriptors,blebbistatin-(-),4+ rings,4.0
5287855,as-604850,5287855.0,8.758415,6.0802965,Morgan + MACCS + CACTVS + descriptors,as-604850,3 rings,3.0
5287969,alvocidib,5287969.0,8.974154,6.804554,Morgan + MACCS + CACTVS + descriptors,alvocidib,4+ rings,4.0
5288149,seocalcitol,5288149.0,-0.1768583,7.198095,Morgan + MACCS + CACTVS + descriptors,seocalcitol,3 rings,3.0
5288209,fenretinide,5288209.0,8.12091,7.52653,Morgan + MACCS + CACTVS + descriptors,fenretinide,2 rings,2.0
5288320,topiroxostat,5288320.0,6.830587,10.418792,Morgan + MACCS + CACTVS + descriptors,topiroxostat,3 rings,3.0
5288525,iso-1,5288525.0,8.241171,5.5259633,Morgan + MACCS + CACTVS + descriptors,iso-1,2 rings,2.0
5288600,ic261,5288600.0,8.65797,7.3646426,Morgan + MACCS + CACTVS + descriptors,ic261,3 rings,3.0
5288783,calcipotriol,5288783.0,-0.16801889,7.198726,Morgan + MACCS + CACTVS + descriptors,calcipotriol,4+ rings,4.0
5288811,methyllycaconitine,5288811.0,9.181187,6.1935296,Morgan + MACCS + CACTVS + descriptors,methyllycaconitine,4+ rings,8.0
5288845,hexylene-glycol,5288845.0,0.39223292,8.837453,Morgan + MACCS + CACTVS + descriptors,hexylene-glycol,0 rings,0.0
5289053,nitisinone,5289053.0,8.132568,8.006626,Morgan + MACCS + CACTVS + descriptors,nitisinone,2 rings,2.0
5289419,su9516,5289419.0,9.880079,9.822724,Morgan + MACCS + CACTVS + descriptors,su9516,3 rings,3.0
5289501,ttnpb,5289501.0,7.1057334,6.0615954,Morgan + MACCS + CACTVS + descriptors,ttnpb,3 rings,3.0
5289613,yz9,5289613.0,8.409017,5.2568617,Morgan + MACCS + CACTVS + descriptors,yz9,2 rings,2.0
5291,imatinib,5291.0,7.5745363,11.12606,Morgan + MACCS + CACTVS + descriptors,imatinib,4+ rings,5.0
52911611,padsevonil,52911611.0,5.7138276,11.416097,Morgan + MACCS + CACTVS + descriptors,padsevonil,3 rings,3.0
52912189,i-bet151,52912189.0,9.835048,10.17532,Morgan + MACCS + CACTVS + descriptors,i-bet151,4+ rings,5.0
52913198,rv1729,52913198.0,10.045908,9.986308,Morgan + MACCS + CACTVS + descriptors,rv1729,4+ rings,6.0
52913524,licogliflozin,52913524.0,8.847075,4.982948,Morgan + MACCS + CACTVS + descriptors,licogliflozin,4+ rings,4.0
52913813,azd8186,52913813.0,9.264814,7.4977136,Morgan + MACCS + CACTVS + descriptors,azd8186,4+ rings,4.0
52913874,as-2444697,52913874.0,9.497701,9.982549,Morgan + MACCS + CACTVS + descriptors,as-2444697,4+ rings,4.0
52919,haloperidol-decanoate,52919.0,7.42643,6.889214,Morgan + MACCS + CACTVS + descriptors,haloperidol-decanoate,3 rings,3.0
52920501,sulfatinib,52920501.0,9.660215,9.628448,Morgan + MACCS + CACTVS + descriptors,sulfatinib,4+ rings,4.0
52934180,pf-05175157,52934180.0,7.4625244,11.081472,Morgan + MACCS + CACTVS + descriptors,pf-05175157,4+ rings,5.0
52936269,cpsi-1306-(+/-),52936269.0,7.139281,7.949063,Morgan + MACCS + CACTVS + descriptors,cpsi-1306-(+/-),3 rings,3.0
52938427,ozanimod,52938427.0,9.7282095,9.328887,Morgan + MACCS + CACTVS + descriptors,ozanimod,4+ rings,4.0
52951680,sha-68,52951680.0,7.4851036,8.044091,Morgan + MACCS + CACTVS + descriptors,sha-68,4+ rings,5.0
52953431,unc0737,52953431.0,10.654895,10.384004,Morgan + MACCS + CACTVS + descriptors,unc0737,4+ rings,5.0
53001,dazoxiben,53001.0,9.696712,9.775919,Morgan + MACCS + CACTVS + descriptors,dazoxiben,2 rings,2.0
5310939,ezatiostat,5310939.0,7.3207865,7.290432,Morgan + MACCS + CACTVS + descriptors,ezatiostat,2 rings,2.0
5310966,varenicline,5310966.0,7.245658,10.203736,Morgan + MACCS + CACTVS + descriptors,varenicline,4+ rings,4.0
5310967,rivanicline,5310967.0,7.0770807,10.083014,Morgan + MACCS + CACTVS + descriptors,rivanicline,1 ring,1.0
5310985,gts21,5310985.0,9.697511,10.5384445,Morgan + MACCS + CACTVS + descriptors,gts21,3 rings,3.0
5310993,acipimox,5310993.0,5.621764,11.132681,Morgan + MACCS + CACTVS + descriptors,acipimox,1 ring,1.0
5311,vorinostat,5311.0,7.2997465,8.092021,Morgan + MACCS + CACTVS + descriptors,vorinostat,1 ring,1.0
5311018,beta-funaltrexamine,5311018.0,9.339967,6.6859717,Morgan + MACCS + CACTVS + descriptors,beta-funaltrexamine,4+ rings,6.0
5311027,bimatoprost,5311027.0,7.342491,7.229683,Morgan + MACCS + CACTVS + descriptors,bimatoprost,2 rings,2.0
5311032,bq-788,5311032.0,8.419537,10.720638,Morgan + MACCS + CACTVS + descriptors,bq-788,3 rings,3.0
5311035,butaprost,5311035.0,0.46887767,7.7533956,Morgan + MACCS + CACTVS + descriptors,butaprost,2 rings,2.0
5311037,istradefylline,5311037.0,10.23216,10.084128,Morgan + MACCS + CACTVS + descriptors,istradefylline,3 rings,3.0
5311042,cgp-55845,5311042.0,7.6574035,6.8360276,Morgan + MACCS + CACTVS + descriptors,cgp-55845,2 rings,2.0
5311053,cloprostenol-(+/-),5311053.0,8.564176,5.4691653,Morgan + MACCS + CACTVS + descriptors,cloprostenol-(+/-),2 rings,2.0
5311057,cp-99994,5311057.0,8.826687,6.4894395,Morgan + MACCS + CACTVS + descriptors,cp-99994,3 rings,3.0
5311064,denopamine,5311064.0,8.405422,6.401576,Morgan + MACCS + CACTVS + descriptors,denopamine,2 rings,2.0
5311066,desonide,5311066.0,0.31443787,6.1247077,Morgan + MACCS + CACTVS + descriptors,desonide,4+ rings,5.0
5311067,desoximetasone,5311067.0,0.2066714,6.21446,Morgan + MACCS + CACTVS + descriptors,desoximetasone,4+ rings,4.0
5311068,dexmedetomidine,5311068.0,6.8953485,10.348253,Morgan + MACCS + CACTVS + descriptors,dexmedetomidine,2 rings,2.0
5311093,olvanil,5311093.0,8.770601,6.59756,Morgan + MACCS + CACTVS + descriptors,olvanil,1 ring,1.0
5311097,ly344864,5311097.0,8.24397,10.631078,Morgan + MACCS + CACTVS + descriptors,ly344864,4+ rings,4.0
5311128,goserelin-acetate,5311128.0,5.8067884,5.4951553,Morgan + MACCS + CACTVS + descriptors,goserelin-acetate,4+ rings,6.0
5311179,"ici-118,551",5311179.0,8.814893,6.236899,Morgan + MACCS + CACTVS + descriptors,"ici-118,551",2 rings,2.0
5311192,irl-2500,5311192.0,8.490403,10.661316,Morgan + MACCS + CACTVS + descriptors,irl-2500,4+ rings,5.0
5311200,l-745870,5311200.0,7.0647535,10.650086,Morgan + MACCS + CACTVS + descriptors,l-745870,4+ rings,4.0
5311201,l-365260,5311201.0,7.2454467,8.510433,Morgan + MACCS + CACTVS + descriptors,l-365260,4+ rings,4.0
5311203,"l-655,708",5311203.0,9.84296,10.018059,Morgan + MACCS + CACTVS + descriptors,"l-655,708",4+ rings,4.0
5311217,lacidipine,5311217.0,7.313257,6.6377873,Morgan + MACCS + CACTVS + descriptors,lacidipine,2 rings,2.0
5311221,latanoprost,5311221.0,7.1093144,6.0543346,Morgan + MACCS + CACTVS + descriptors,latanoprost,2 rings,2.0
5311257,ly320135,5311257.0,8.54266,5.0322905,Morgan + MACCS + CACTVS + descriptors,ly320135,4+ rings,4.0
5311258,ly334370,5311258.0,8.230132,10.636877,Morgan + MACCS + CACTVS + descriptors,ly334370,4+ rings,4.0
5311271,volinanserin,5311271.0,9.017653,6.5942974,Morgan + MACCS + CACTVS + descriptors,volinanserin,3 rings,3.0
5311272,dapt,5311272.0,7.3069925,7.267829,Morgan + MACCS + CACTVS + descriptors,dapt,2 rings,2.0
5311276,l-168049,5311276.0,9.667059,10.548021,Morgan + MACCS + CACTVS + descriptors,l-168049,4+ rings,4.0
5311281,cytochalasin-b,5311281.0,7.408888,7.1816783,Morgan + MACCS + CACTVS + descriptors,cytochalasin-b,4+ rings,4.0
5311287,org-25543,5311287.0,9.183273,6.804808,Morgan + MACCS + CACTVS + descriptors,org-25543,3 rings,3.0
5311299,ml10302,5311299.0,9.093585,7.463709,Morgan + MACCS + CACTVS + descriptors,ml10302,2 rings,2.0
5311304,nalbuphine,5311304.0,9.317532,6.662776,Morgan + MACCS + CACTVS + descriptors,nalbuphine,4+ rings,6.0
5311340,jtc-801,5311340.0,9.476078,10.464808,Morgan + MACCS + CACTVS + descriptors,jtc-801,4+ rings,4.0
5311345,pd-123319,5311345.0,7.7825665,11.2037735,Morgan + MACCS + CACTVS + descriptors,pd-123319,4+ rings,5.0
5311346,pd-128907,5311346.0,8.727711,6.66336,Morgan + MACCS + CACTVS + descriptors,pd-128907,3 rings,3.0
5311382,pd-166285,5311382.0,10.259853,10.063624,Morgan + MACCS + CACTVS + descriptors,pd-166285,4+ rings,4.0
5311390,"ici-185,282",5311390.0,8.439886,5.2995596,Morgan + MACCS + CACTVS + descriptors,"ici-185,282",2 rings,2.0
5311412,rimexolone,5311412.0,0.11221696,6.610397,Morgan + MACCS + CACTVS + descriptors,rimexolone,4+ rings,4.0
5311424,talnetant,5311424.0,8.967276,10.66984,Morgan + MACCS + CACTVS + descriptors,talnetant,4+ rings,4.0
5311432,sib-1893,5311432.0,6.9848986,10.101573,Morgan + MACCS + CACTVS + descriptors,sib-1893,2 rings,2.0
5311443,hexonic-acid,5311443.0,0.048913747,8.766196,Morgan + MACCS + CACTVS + descriptors,hexonic-acid,0 rings,0.0
5311452,sr-59230a,5311452.0,8.853103,6.279058,Morgan + MACCS + CACTVS + descriptors,sr-59230a,3 rings,3.0
5311455,4-carboxy-3-hydroxyphenylglycine-(s),5311455.0,7.901868,6.7226744,Morgan + MACCS + CACTVS + descriptors,4-carboxy-3-hydroxyphenylglycine-(s),1 ring,1.0
5311460,3-carboxy-4-hydroxyphenylglycine-(s),5311460.0,7.9144993,6.739204,Morgan + MACCS + CACTVS + descriptors,3-carboxy-4-hydroxyphenylglycine-(s),1 ring,1.0
5311479,psb-1115,5311479.0,8.014099,9.8713255,Morgan + MACCS + CACTVS + descriptors,psb-1115,3 rings,3.0
5311487,trilostane,5311487.0,0.051211353,7.2800317,Morgan + MACCS + CACTVS + descriptors,trilostane,4+ rings,5.0
5311497,vinorelbine,5311497.0,9.369681,10.30285,Morgan + MACCS + CACTVS + descriptors,vinorelbine,4+ rings,9.0
5311507,zuclopenthixol,5311507.0,6.581086,7.769876,Morgan + MACCS + CACTVS + descriptors,zuclopenthixol,4+ rings,4.0
5311510,gnf-2,5311510.0,10.018206,10.283574,Morgan + MACCS + CACTVS + descriptors,gnf-2,3 rings,3.0
5312122,kn-93,5312122.0,9.012479,8.012897,Morgan + MACCS + CACTVS + descriptors,kn-93,3 rings,3.0
5312125,silodosin,5312125.0,9.062714,7.320559,Morgan + MACCS + CACTVS + descriptors,silodosin,3 rings,3.0
5312126,kn-62,5312126.0,8.957912,9.657526,Morgan + MACCS + CACTVS + descriptors,kn-62,4+ rings,7.0
5312130,gw-627368,5312130.0,9.061901,7.9551396,Morgan + MACCS + CACTVS + descriptors,gw-627368,4+ rings,5.0
5312149,sb-271046,5312149.0,9.046571,8.023295,Morgan + MACCS + CACTVS + descriptors,sb-271046,4+ rings,4.0
5313335,dspc,5313335.0,1.1471974,9.630708,Morgan + MACCS + CACTVS + descriptors,dspc,0 rings,0.0
5314,succinylcholine-chloride,5314.0,1.2394158,9.749056,Morgan + MACCS + CACTVS + descriptors,succinylcholine-chloride,0 rings,0.0
5315,succinylsulfathiazole,5315.0,8.296108,9.4935255,Morgan + MACCS + CACTVS + descriptors,succinylsulfathiazole,2 rings,2.0
531641,myristyl-nicotinate,531641.0,8.7331295,10.994783,Morgan + MACCS + CACTVS + descriptors,myristyl-nicotinate,1 ring,1.0
5317750,glycitein,5317750.0,8.605149,4.9169855,Morgan + MACCS + CACTVS + descriptors,glycitein,3 rings,3.0
5318517,andrographolide,5318517.0,0.51164883,7.313065,Morgan + MACCS + CACTVS + descriptors,andrographolide,3 rings,3.0
5318980,icaritin,5318980.0,8.543637,4.960693,Morgan + MACCS + CACTVS + descriptors,icaritin,3 rings,3.0
5318997,icariin,5318997.0,8.976378,4.7588115,Morgan + MACCS + CACTVS + descriptors,icariin,4+ rings,5.0
5318998,licochalcone-a,5318998.0,8.431023,5.042094,Morgan + MACCS + CACTVS + descriptors,licochalcone-a,2 rings,2.0
5319,sulfabenzamide,5319.0,8.305734,8.63733,Morgan + MACCS + CACTVS + descriptors,sulfabenzamide,2 rings,2.0
5319022,ligustilide,5319022.0,0.36128393,7.649094,Morgan + MACCS + CACTVS + descriptors,ligustilide,2 rings,2.0
5319879,2-oleoylglycerol,5319879.0,0.46608305,8.213453,Morgan + MACCS + CACTVS + descriptors,2-oleoylglycerol,0 rings,0.0
5320,sulfacetamide,5320.0,8.333207,8.717592,Morgan + MACCS + CACTVS + descriptors,sulfacetamide,1 ring,1.0
5320861,reynoutrin,5320861.0,8.9055395,4.801641,Morgan + MACCS + CACTVS + descriptors,reynoutrin,4+ rings,4.0
5321010,oridonin,5321010.0,0.48534817,7.2277594,Morgan + MACCS + CACTVS + descriptors,oridonin,4+ rings,6.0
5321018,atractylenolide-i,5321018.0,0.37305653,7.458167,Morgan + MACCS + CACTVS + descriptors,atractylenolide-i,3 rings,3.0
5322399,g-1,5322399.0,9.133726,7.0176573,Morgan + MACCS + CACTVS + descriptors,g-1,4+ rings,5.0
53229989,eb-47,53229989.0,6.514894,11.593105,Morgan + MACCS + CACTVS + descriptors,eb-47,4+ rings,6.0
5323,sulphadimethoxine,5323.0,8.669781,9.476678,Morgan + MACCS + CACTVS + descriptors,sulphadimethoxine,2 rings,2.0
53230344,aut-1,53230344.0,9.692,10.016601,Morgan + MACCS + CACTVS + descriptors,aut-1,3 rings,3.0
53232,lovastatin,53232.0,0.48674303,7.666989,Morgan + MACCS + CACTVS + descriptors,lovastatin,3 rings,3.0
53235510,nvp-bgj398,53235510.0,10.347692,10.036609,Morgan + MACCS + CACTVS + descriptors,nvp-bgj398,4+ rings,4.0
5323714,furazolidone,5323714.0,9.024966,8.506874,Morgan + MACCS + CACTVS + descriptors,furazolidone,2 rings,2.0
53239854,sr-1664,53239854.0,8.521938,10.59807,Morgan + MACCS + CACTVS + descriptors,sr-1664,4+ rings,5.0
5324,sulfaguanidine,5324.0,8.302934,8.75753,Morgan + MACCS + CACTVS + descriptors,sulfaguanidine,1 ring,1.0
53242268,cu-cpt-4a,53242268.0,7.2304,7.540051,Morgan + MACCS + CACTVS + descriptors,cu-cpt-4a,3 rings,3.0
5324346,fluvoxamine,5324346.0,6.7918496,7.1266036,Morgan + MACCS + CACTVS + descriptors,fluvoxamine,1 ring,1.0
53245590,ml314,53245590.0,10.664395,10.381736,Morgan + MACCS + CACTVS + descriptors,ml314,4+ rings,5.0
53245636,pik-293,53245636.0,7.43812,11.008697,Morgan + MACCS + CACTVS + descriptors,pik-293,4+ rings,5.0
53246986,ly2979165,53246986.0,1.3698574,8.517291,Morgan + MACCS + CACTVS + descriptors,ly2979165,3 rings,3.0
5325,sulfamerazine,5325.0,8.319046,9.505141,Morgan + MACCS + CACTVS + descriptors,sulfamerazine,2 rings,2.0
53252276,tak-659,53252276.0,7.318812,11.00718,Morgan + MACCS + CACTVS + descriptors,tak-659,4+ rings,4.0
53258905,d-157495,53258905.0,10.358659,10.1867,Morgan + MACCS + CACTVS + descriptors,d-157495,4+ rings,4.0
5326,sulfameter,5326.0,8.531654,9.451746,Morgan + MACCS + CACTVS + descriptors,sulfameter,2 rings,2.0
53262363,selenomethionine,53262363.0,1.0868678,8.579932,Morgan + MACCS + CACTVS + descriptors,selenomethionine,0 rings,0.0
53262401,arq-092,53262401.0,6.8344665,10.666624,Morgan + MACCS + CACTVS + descriptors,arq-092,4+ rings,6.0
5326713,fexaramine,5326713.0,7.1376877,8.179239,Morgan + MACCS + CACTVS + descriptors,fexaramine,4+ rings,4.0
5327,sulfamethazine,5327.0,8.344678,9.4718685,Morgan + MACCS + CACTVS + descriptors,sulfamethazine,2 rings,2.0
53276,flupirtine,53276.0,7.5724363,10.8907385,Morgan + MACCS + CACTVS + descriptors,flupirtine,2 rings,2.0
5327723,arcyriaflavin-a,5327723.0,8.248547,10.666247,Morgan + MACCS + CACTVS + descriptors,arcyriaflavin-a,4+ rings,6.0
5328,sulfamethizole,5328.0,8.301113,9.04101,Morgan + MACCS + CACTVS + descriptors,sulfamethizole,2 rings,2.0
5328135,pd-161570,5328135.0,7.2024508,10.835751,Morgan + MACCS + CACTVS + descriptors,pd-161570,3 rings,3.0
5328768,tyrphostin-ag-99,5328768.0,8.07072,6.139105,Morgan + MACCS + CACTVS + descriptors,tyrphostin-ag-99,1 ring,1.0
5328769,tyrphostin-ag-835,5328769.0,8.120778,6.5027432,Morgan + MACCS + CACTVS + descriptors,tyrphostin-ag-835,2 rings,2.0
5328770,ag-555,5328770.0,8.170647,6.433629,Morgan + MACCS + CACTVS + descriptors,ag-555,2 rings,2.0
5328771,tyrphostin-ag-494,5328771.0,8.211686,7.320959,Morgan + MACCS + CACTVS + descriptors,tyrphostin-ag-494,2 rings,2.0
5328775,ag-556,5328775.0,8.1796055,6.437984,Morgan + MACCS + CACTVS + descriptors,ag-556,2 rings,2.0
5328779,ag-490,5328779.0,8.130002,6.4107356,Morgan + MACCS + CACTVS + descriptors,ag-490,2 rings,2.0
5328791,chc,5328791.0,7.9995193,5.630337,Morgan + MACCS + CACTVS + descriptors,chc,1 ring,1.0
5328940,bosutinib,5328940.0,10.440171,10.37657,Morgan + MACCS + CACTVS + descriptors,bosutinib,4+ rings,4.0
5329,sulfamethoxazole,5329.0,8.471236,9.052629,Morgan + MACCS + CACTVS + descriptors,sulfamethoxazole,2 rings,2.0
5329006,zm-306416,5329006.0,10.388581,10.451517,Morgan + MACCS + CACTVS + descriptors,zm-306416,3 rings,3.0
5329098,semaxanib,5329098.0,8.288575,10.622098,Morgan + MACCS + CACTVS + descriptors,semaxanib,3 rings,3.0
5329099,orantinib,5329099.0,8.5798235,10.575402,Morgan + MACCS + CACTVS + descriptors,orantinib,3 rings,3.0
5329102,sunitinib,5329102.0,8.253193,10.631115,Morgan + MACCS + CACTVS + descriptors,sunitinib,3 rings,3.0
5329106,toceranib,5329106.0,8.289614,10.597251,Morgan + MACCS + CACTVS + descriptors,toceranib,4+ rings,4.0
5329150,su16f,5329150.0,8.484777,10.588352,Morgan + MACCS + CACTVS + descriptors,su16f,4+ rings,4.0
5329447,dmh4,5329447.0,10.070106,9.737306,Morgan + MACCS + CACTVS + descriptors,dmh4,4+ rings,5.0
5329480,gw-583340,5329480.0,9.661116,9.617532,Morgan + MACCS + CACTVS + descriptors,gw-583340,4+ rings,5.0
53297462,balapiravir,53297462.0,2.4440296,9.662269,Morgan + MACCS + CACTVS + descriptors,balapiravir,2 rings,2.0
5329775,bms-265246,5329775.0,10.144676,9.70746,Morgan + MACCS + CACTVS + descriptors,bms-265246,3 rings,3.0
5330,sulfamethoxypyridazine,5330.0,8.632703,9.227318,Morgan + MACCS + CACTVS + descriptors,sulfamethoxypyridazine,2 rings,2.0
5330175,azm-475271,5330175.0,10.535426,10.409878,Morgan + MACCS + CACTVS + descriptors,azm-475271,4+ rings,4.0
5330286,palbociclib,5330286.0,7.3701835,11.18739,Morgan + MACCS + CACTVS + descriptors,palbociclib,4+ rings,5.0
5330790,jnj-7706621,5330790.0,8.2198105,9.116569,Morgan + MACCS + CACTVS + descriptors,jnj-7706621,3 rings,3.0
53311393,mmv-390048,53311393.0,8.18354,9.6340275,Morgan + MACCS + CACTVS + descriptors,mmv-390048,3 rings,3.0
53315868,unc0631,53315868.0,10.692414,10.411714,Morgan + MACCS + CACTVS + descriptors,unc0631,4+ rings,6.0
53315878,unc0642,53315878.0,10.679397,10.417994,Morgan + MACCS + CACTVS + descriptors,unc0642,4+ rings,5.0
53315882,unc0646,53315882.0,10.709833,10.419004,Morgan + MACCS + CACTVS + descriptors,unc0646,4+ rings,6.0
53318624,vu0360172,53318624.0,8.161717,11.067025,Morgan + MACCS + CACTVS + descriptors,vu0360172,3 rings,3.0
5332,sulfamonomethoxine,5332.0,8.652567,9.476826,Morgan + MACCS + CACTVS + descriptors,sulfamonomethoxine,2 rings,2.0
53325874,a-804598,53325874.0,6.9053416,10.339058,Morgan + MACCS + CACTVS + descriptors,a-804598,3 rings,3.0
53325875,a-839977,53325875.0,10.086988,9.783903,Morgan + MACCS + CACTVS + descriptors,a-839977,4+ rings,4.0
53328059,kg-5,53328059.0,9.862104,9.772339,Morgan + MACCS + CACTVS + descriptors,kg-5,4+ rings,4.0
5332859,as-1269574,5332859.0,7.0143304,10.415713,Morgan + MACCS + CACTVS + descriptors,as-1269574,2 rings,2.0
5333,sulfanilamide,5333.0,8.274575,8.656705,Morgan + MACCS + CACTVS + descriptors,sulfanilamide,1 ring,1.0
53338808,fr-180204,53338808.0,6.7465086,10.537081,Morgan + MACCS + CACTVS + descriptors,fr-180204,4+ rings,5.0
5334,sulfanitran,5334.0,8.368211,8.713862,Morgan + MACCS + CACTVS + descriptors,sulfanitran,2 rings,2.0
53340426,citarinostat,53340426.0,7.5580335,11.046166,Morgan + MACCS + CACTVS + descriptors,citarinostat,3 rings,3.0
53340666,acy-1215,53340666.0,7.64189,11.189349,Morgan + MACCS + CACTVS + descriptors,acy-1215,3 rings,3.0
53340771,glpg0187,53340771.0,9.287595,9.561675,Morgan + MACCS + CACTVS + descriptors,glpg0187,4+ rings,5.0
53342705,s4,53342705.0,8.852517,8.036648,Morgan + MACCS + CACTVS + descriptors,s4,2 rings,2.0
53347902,ml277,53347902.0,9.110733,9.475965,Morgan + MACCS + CACTVS + descriptors,ml277,4+ rings,4.0
53348216,khk-in-1,53348216.0,6.903244,10.750639,Morgan + MACCS + CACTVS + descriptors,khk-in-1,4+ rings,5.0
5335,sulfaphenazole,5335.0,8.158672,9.414017,Morgan + MACCS + CACTVS + descriptors,sulfaphenazole,3 rings,3.0
53354764,pf-04995274,53354764.0,9.107742,7.4942884,Morgan + MACCS + CACTVS + descriptors,pf-04995274,4+ rings,5.0
5335621,pyr-41,5335621.0,8.9639015,8.384012,Morgan + MACCS + CACTVS + descriptors,pyr-41,3 rings,3.0
53357478,tak-960,53357478.0,10.1927,10.064523,Morgan + MACCS + CACTVS + descriptors,tak-960,4+ rings,5.0
53358422,cym-50358,53358422.0,8.908703,7.41009,Morgan + MACCS + CACTVS + descriptors,cym-50358,3 rings,3.0
53358942,idasanutlin,53358942.0,8.819014,7.2671013,Morgan + MACCS + CACTVS + descriptors,idasanutlin,4+ rings,4.0
53359,tolrestat,53359.0,8.783526,6.733019,Morgan + MACCS + CACTVS + descriptors,tolrestat,2 rings,2.0
5336,sulfapyridine,5336.0,8.32476,9.522611,Morgan + MACCS + CACTVS + descriptors,sulfapyridine,2 rings,2.0
53361524,tc-n-1752,53361524.0,10.1972885,10.000893,Morgan + MACCS + CACTVS + descriptors,tc-n-1752,4+ rings,4.0
53377448,ml281,53377448.0,7.7072244,9.239242,Morgan + MACCS + CACTVS + descriptors,ml281,4+ rings,4.0
5337997,nifuroxazide,5337997.0,8.992113,8.449262,Morgan + MACCS + CACTVS + descriptors,nifuroxazide,2 rings,2.0
5338,sulfaquinoxaline,5338.0,8.247405,9.533488,Morgan + MACCS + CACTVS + descriptors,sulfaquinoxaline,3 rings,3.0
53380437,itacitinib,53380437.0,7.313596,11.004003,Morgan + MACCS + CACTVS + descriptors,itacitinib,4+ rings,6.0
53389,rimcazole,53389.0,7.709679,10.2266035,Morgan + MACCS + CACTVS + descriptors,rimcazole,4+ rings,4.0
53393916,ml298,53393916.0,7.198632,8.395442,Morgan + MACCS + CACTVS + descriptors,ml298,4+ rings,4.0
53396311,chir-98014,53396311.0,7.040457,10.578583,Morgan + MACCS + CACTVS + descriptors,chir-98014,4+ rings,4.0
5340,sulfathiazole,5340.0,8.238625,9.49124,Morgan + MACCS + CACTVS + descriptors,sulfathiazole,2 rings,2.0
5343,sulfisomidin,5343.0,8.345794,9.454238,Morgan + MACCS + CACTVS + descriptors,sulfisomidin,2 rings,2.0
5344,sulfafurazole,5344.0,8.563708,9.050197,Morgan + MACCS + CACTVS + descriptors,sulfafurazole,2 rings,2.0
53464059,pk-thpp,53464059.0,7.5109806,11.178655,Morgan + MACCS + CACTVS + descriptors,pk-thpp,4+ rings,5.0
53464483,gsk2193874,53464483.0,8.062001,10.72753,Morgan + MACCS + CACTVS + descriptors,gsk2193874,4+ rings,7.0
53465279,lesinurad,53465279.0,7.28252,9.684008,Morgan + MACCS + CACTVS + descriptors,lesinurad,4+ rings,4.0
53466958,taminadenant,53466958.0,6.073857,11.070628,Morgan + MACCS + CACTVS + descriptors,taminadenant,3 rings,3.0
53469059,gsk2656157,53469059.0,7.4544454,11.095204,Morgan + MACCS + CACTVS + descriptors,gsk2656157,4+ rings,5.0
53469448,gsk2606414,53469448.0,7.490782,11.072989,Morgan + MACCS + CACTVS + descriptors,gsk2606414,4+ rings,5.0
53472153,pf-4800567,53472153.0,10.178169,9.695563,Morgan + MACCS + CACTVS + descriptors,pf-4800567,4+ rings,4.0
53475321,mk2-in-1,53475321.0,9.649023,10.097626,Morgan + MACCS + CACTVS + descriptors,mk2-in-1,4+ rings,5.0
53477097,alpha-glucosyl-hesperidin,53477097.0,8.982173,4.733471,Morgan + MACCS + CACTVS + descriptors,alpha-glucosyl-hesperidin,4+ rings,6.0
53492727,gsk2330672,53492727.0,9.012722,7.8190637,Morgan + MACCS + CACTVS + descriptors,gsk2330672,3 rings,3.0
53495165,kpt-185,53495165.0,9.838646,9.574308,Morgan + MACCS + CACTVS + descriptors,kpt-185,2 rings,2.0
5351307,nsc-319726,5351307.0,7.0678935,10.091424,Morgan + MACCS + CACTVS + descriptors,nsc-319726,2 rings,2.0
5351322,bisantrene,5351322.0,6.3080745,7.649407,Morgan + MACCS + CACTVS + descriptors,bisantrene,4+ rings,5.0
5351344,combretastatin-a-4,5351344.0,8.427046,5.611171,Morgan + MACCS + CACTVS + descriptors,combretastatin-a-4,2 rings,2.0
5351363,nsc-632839,5351363.0,6.5154777,7.544235,Morgan + MACCS + CACTVS + descriptors,nsc-632839,3 rings,3.0
5351387,fosbretabulin,5351387.0,8.385671,5.606475,Morgan + MACCS + CACTVS + descriptors,fosbretabulin,2 rings,2.0
5353376,n-(p-amylcinnamoyl)-anthranilic-acid,5353376.0,7.9510736,7.6123214,Morgan + MACCS + CACTVS + descriptors,n-(p-amylcinnamoyl)-anthranilic-acid,2 rings,2.0
5353431,bay-11-7082,5353431.0,8.124937,8.354388,Morgan + MACCS + CACTVS + descriptors,bay-11-7082,1 ring,1.0
5353432,bay-11-7085,5353432.0,8.16073,8.405557,Morgan + MACCS + CACTVS + descriptors,bay-11-7085,1 ring,1.0
5353609,erbstatin-analog,5353609.0,8.2153845,5.519815,Morgan + MACCS + CACTVS + descriptors,erbstatin-analog,1 ring,1.0
5353792,morantel,5353792.0,6.4752774,7.9516664,Morgan + MACCS + CACTVS + descriptors,morantel,2 rings,2.0
5353853,oxiconazole,5353853.0,7.3656807,9.81856,Morgan + MACCS + CACTVS + descriptors,oxiconazole,3 rings,3.0
5354004,tms,5354004.0,8.4042845,5.648717,Morgan + MACCS + CACTVS + descriptors,tms,2 rings,2.0
53555,dazmegrel,53555.0,7.6627784,11.029162,Morgan + MACCS + CACTVS + descriptors,dazmegrel,3 rings,3.0
5356,sultiame,5356.0,8.302491,8.695455,Morgan + MACCS + CACTVS + descriptors,sultiame,2 rings,2.0
53569,milacemide,53569.0,1.115861,8.819709,Morgan + MACCS + CACTVS + descriptors,milacemide,0 rings,0.0
5358,sumatriptan,5358.0,8.070087,9.942725,Morgan + MACCS + CACTVS + descriptors,sumatriptan,2 rings,2.0
5359371,levallorphan,5359371.0,8.235802,6.7048626,Morgan + MACCS + CACTVS + descriptors,levallorphan,4+ rings,4.0
5360515,naltrexone,5360515.0,9.405571,6.6605873,Morgan + MACCS + CACTVS + descriptors,naltrexone,4+ rings,6.0
5360696,dextromethorphan,5360696.0,8.860337,6.6086745,Morgan + MACCS + CACTVS + descriptors,dextromethorphan,4+ rings,4.0
5360807,lasalocid,5360807.0,8.438943,5.142663,Morgan + MACCS + CACTVS + descriptors,lasalocid,3 rings,3.0
5361,suramin,5361.0,8.387379,8.4128895,Morgan + MACCS + CACTVS + descriptors,suramin,4+ rings,8.0
5361871,cefodizime,5361871.0,3.0116262,8.081894,Morgan + MACCS + CACTVS + descriptors,cefodizime,4+ rings,4.0
5362,suxibuzone,5362.0,7.2900023,8.33527,Morgan + MACCS + CACTVS + descriptors,suxibuzone,3 rings,3.0
5362065,cefixime,5362065.0,2.983778,8.087869,Morgan + MACCS + CACTVS + descriptors,cefixime,3 rings,3.0
5362116,delapril,5362116.0,7.3020344,7.3906784,Morgan + MACCS + CACTVS + descriptors,delapril,3 rings,3.0
5362119,lisinopril,5362119.0,7.301642,7.441661,Morgan + MACCS + CACTVS + descriptors,lisinopril,2 rings,2.0
5362124,benazepril,5362124.0,7.330801,7.8778863,Morgan + MACCS + CACTVS + descriptors,benazepril,3 rings,3.0
5362132,medorinone,5362132.0,8.189235,10.994517,Morgan + MACCS + CACTVS + descriptors,medorinone,2 rings,2.0
5362422,batimastat,5362422.0,7.2459946,7.5297594,Morgan + MACCS + CACTVS + descriptors,batimastat,2 rings,2.0
5362440,indinavir,5362440.0,8.377296,10.741661,Morgan + MACCS + CACTVS + descriptors,indinavir,4+ rings,5.0
53629521,bismuth-subsalicylate,53629521.0,8.211354,5.333619,Morgan + MACCS + CACTVS + descriptors,bismuth-subsalicylate,2 rings,2.0
53630042,gsk3117391,53630042.0,8.405775,11.020863,Morgan + MACCS + CACTVS + descriptors,gsk3117391,3 rings,3.0
5364094,fucoxanthin,5364094.0,0.54143757,7.3877945,Morgan + MACCS + CACTVS + descriptors,fucoxanthin,3 rings,3.0
5365247,zimelidine,5365247.0,7.2239823,10.207297,Morgan + MACCS + CACTVS + descriptors,zimelidine,2 rings,2.0
5368,t-0156,5368.0,9.940246,10.14597,Morgan + MACCS + CACTVS + descriptors,t-0156,4+ rings,5.0
5369209,monomethyl-fumarate,5369209.0,0.3186397,8.629703,Morgan + MACCS + CACTVS + descriptors,monomethyl-fumarate,0 rings,0.0
53708,enoximone,53708.0,7.1933775,8.014639,Morgan + MACCS + CACTVS + descriptors,enoximone,2 rings,2.0
53732028,dcp-la,53732028.0,0.43204075,8.331949,Morgan + MACCS + CACTVS + descriptors,dcp-la,2 rings,2.0
5373773,cinoxate,5373773.0,8.389686,5.5511966,Morgan + MACCS + CACTVS + descriptors,cinoxate,1 ring,1.0
5374,talipexole,5374.0,5.7394757,10.920784,Morgan + MACCS + CACTVS + descriptors,talipexole,2 rings,2.0
5381,tazarotene,5381.0,8.678821,10.973096,Morgan + MACCS + CACTVS + descriptors,tazarotene,3 rings,3.0
5387,telenzepine,5387.0,7.0320992,8.29189,Morgan + MACCS + CACTVS + descriptors,telenzepine,4+ rings,4.0
5388906,bedaquiline,5388906.0,9.532441,10.627523,Morgan + MACCS + CACTVS + descriptors,bedaquiline,4+ rings,5.0
5388959,dichlorisone-acetate,5388959.0,0.27182525,6.2221026,Morgan + MACCS + CACTVS + descriptors,dichlorisone-acetate,4+ rings,4.0
5388962,enalapril,5388962.0,7.31988,7.4159307,Morgan + MACCS + CACTVS + descriptors,enalapril,2 rings,2.0
5388993,vincristine,5388993.0,9.37566,10.228089,Morgan + MACCS + CACTVS + descriptors,vincristine,4+ rings,9.0
5392,temefos,5392.0,8.062544,5.6609507,Morgan + MACCS + CACTVS + descriptors,temefos,2 rings,2.0
5394,temozolomide,5394.0,5.6836557,11.345276,Morgan + MACCS + CACTVS + descriptors,temozolomide,2 rings,2.0
5395,tempol,5395.0,0.9483681,8.627537,Morgan + MACCS + CACTVS + descriptors,tempol,1 ring,1.0
54072659,pralidoxime-chloride,54072659.0,6.398031,8.777504,Morgan + MACCS + CACTVS + descriptors,pralidoxime-chloride,1 ring,1.0
5411,tetracaine,5411.0,8.176865,7.2757583,Morgan + MACCS + CACTVS + descriptors,tetracaine,1 ring,1.0
54155633,add-233089,54155633.0,7.0383315,8.566612,Morgan + MACCS + CACTVS + descriptors,add-233089,3 rings,3.0
54158,mebrofenin,54158.0,7.150782,8.140759,Morgan + MACCS + CACTVS + descriptors,mebrofenin,1 ring,1.0
5420805,parthenolide-(-),5420805.0,0.41159764,7.5472703,Morgan + MACCS + CACTVS + descriptors,parthenolide-(-),3 rings,3.0
5429,theobromine,5429.0,5.6852283,11.405408,Morgan + MACCS + CACTVS + descriptors,theobromine,2 rings,2.0
5430,tiabendazole,5430.0,7.2140517,10.365429,Morgan + MACCS + CACTVS + descriptors,tiabendazole,3 rings,3.0
54339,fanetizole,54339.0,7.3350105,10.115495,Morgan + MACCS + CACTVS + descriptors,fanetizole,3 rings,3.0
54343,daltroban,54343.0,8.224861,8.376086,Morgan + MACCS + CACTVS + descriptors,daltroban,2 rings,2.0
5440,thiethylperazine,5440.0,6.3942485,8.253113,Morgan + MACCS + CACTVS + descriptors,thiethylperazine,4+ rings,4.0
5443,o-mercapto-benzoic-acid,5443.0,7.1469445,6.223738,Morgan + MACCS + CACTVS + descriptors,o-mercapto-benzoic-acid,1 ring,1.0
54445,castanospermine,54445.0,1.3947599,8.528587,Morgan + MACCS + CACTVS + descriptors,castanospermine,2 rings,2.0
54454,simvastatin,54454.0,0.48113486,7.5211644,Morgan + MACCS + CACTVS + descriptors,simvastatin,3 rings,3.0
5447,thiodiglycol,5447.0,0.35729173,8.856705,Morgan + MACCS + CACTVS + descriptors,thiodiglycol,0 rings,0.0
5447130,nitrofurazone,5447130.0,9.027716,8.502983,Morgan + MACCS + CACTVS + descriptors,nitrofurazone,1 ring,1.0
54477,remoxipride,54477.0,9.160907,7.3177524,Morgan + MACCS + CACTVS + descriptors,remoxipride,2 rings,2.0
54483521,mek1-2-inhibitor,54483521.0,6.811335,8.653305,Morgan + MACCS + CACTVS + descriptors,mek1-2-inhibitor,2 rings,2.0
5453,thiotepa,5453.0,0.9704925,9.250412,Morgan + MACCS + CACTVS + descriptors,thiotepa,3 rings,3.0
54539763,u-0126,54539763.0,6.748719,8.6817,Morgan + MACCS + CACTVS + descriptors,u-0126,2 rings,2.0
5455,thiram,5455.0,0.8896165,9.326419,Morgan + MACCS + CACTVS + descriptors,thiram,0 rings,0.0
5456,thonzonium,5456.0,9.946756,10.241534,Morgan + MACCS + CACTVS + descriptors,thonzonium,2 rings,2.0
54562,quinpirol-(-),54562.0,7.1148133,10.049224,Morgan + MACCS + CACTVS + descriptors,quinpirol-(-),3 rings,3.0
5457,thonzylamine,5457.0,10.069584,10.2578335,Morgan + MACCS + CACTVS + descriptors,thonzylamine,2 rings,2.0
54575456,cudc-907,54575456.0,9.7852125,9.771723,Morgan + MACCS + CACTVS + descriptors,cudc-907,4+ rings,5.0
54576299,altiratinib,54576299.0,10.0933895,10.251144,Morgan + MACCS + CACTVS + descriptors,altiratinib,4+ rings,5.0
54576693,jnj-42165279,54576693.0,9.993072,10.186309,Morgan + MACCS + CACTVS + descriptors,jnj-42165279,4+ rings,4.0
5458190,catharanthine,5458190.0,8.550211,10.53332,Morgan + MACCS + CACTVS + descriptors,catharanthine,4+ rings,6.0
5459124,silver-sulfadiazine,5459124.0,8.31731,9.462528,Morgan + MACCS + CACTVS + descriptors,silver-sulfadiazine,2 rings,2.0
5459308,sinomenine,5459308.0,9.308957,6.659478,Morgan + MACCS + CACTVS + descriptors,sinomenine,4+ rings,4.0
5459391,bifonazole,5459391.0,6.982973,10.319381,Morgan + MACCS + CACTVS + descriptors,bifonazole,4+ rings,4.0
5460037,dextran,5460037.0,-0.021663658,8.611973,Morgan + MACCS + CACTVS + descriptors,dextran,2 rings,2.0
5460339,levobunolol-(+/-),5460339.0,8.806199,6.306384,Morgan + MACCS + CACTVS + descriptors,levobunolol-(+/-),2 rings,2.0
5462501,enalaprilat,5462501.0,7.3190184,7.4593105,Morgan + MACCS + CACTVS + descriptors,enalaprilat,2 rings,2.0
5462814,azodicarbonamide,5462814.0,1.0095953,8.986819,Morgan + MACCS + CACTVS + descriptors,azodicarbonamide,0 rings,0.0
5464105,nitecapone,5464105.0,8.367391,7.9091697,Morgan + MACCS + CACTVS + descriptors,nitecapone,1 ring,1.0
5464263,cefepime,5464263.0,3.0332994,8.080149,Morgan + MACCS + CACTVS + descriptors,cefepime,4+ rings,4.0
5464343,imidapril,5464343.0,7.333091,7.4388213,Morgan + MACCS + CACTVS + descriptors,imidapril,2 rings,2.0
5467,tiapride,5467.0,9.138188,7.7517643,Morgan + MACCS + CACTVS + descriptors,tiapride,1 ring,1.0
54670351,ten-010,54670351.0,7.577797,10.313905,Morgan + MACCS + CACTVS + descriptors,ten-010,4+ rings,5.0
54671008,raltegravir,54671008.0,7.460995,8.338551,Morgan + MACCS + CACTVS + descriptors,raltegravir,3 rings,3.0
54673543,yl0919,54673543.0,7.0745926,7.746398,Morgan + MACCS + CACTVS + descriptors,yl0919,3 rings,3.0
54674461,vericiguat,54674461.0,7.070718,10.76566,Morgan + MACCS + CACTVS + descriptors,vericiguat,4+ rings,4.0
54675769,novobiocin,54675769.0,9.20889,5.7573447,Morgan + MACCS + CACTVS + descriptors,novobiocin,4+ rings,4.0
54676038,dicoumarol,54676038.0,8.418279,5.124181,Morgan + MACCS + CACTVS + descriptors,dicoumarol,4+ rings,4.0
54676101,oxaloacetate,54676101.0,0.2684417,8.623097,Morgan + MACCS + CACTVS + descriptors,oxaloacetate,0 rings,0.0
54676228,piroxicam,54676228.0,8.557228,9.486215,Morgan + MACCS + CACTVS + descriptors,piroxicam,3 rings,3.0
54676478,roquinimex,54676478.0,7.675363,8.003019,Morgan + MACCS + CACTVS + descriptors,roquinimex,3 rings,3.0
54677470,meloxicam,54677470.0,8.539828,9.467423,Morgan + MACCS + CACTVS + descriptors,meloxicam,3 rings,3.0
54677946,laquinimod,54677946.0,7.741008,7.999157,Morgan + MACCS + CACTVS + descriptors,laquinimod,3 rings,3.0
54677971,tenoxicam,54677971.0,8.536708,9.481658,Morgan + MACCS + CACTVS + descriptors,tenoxicam,3 rings,3.0
54677972,isoxicam,54677972.0,8.635482,9.248613,Morgan + MACCS + CACTVS + descriptors,isoxicam,3 rings,3.0
54678494,dehydroacetic-acid,54678494.0,0.34719244,8.604639,Morgan + MACCS + CACTVS + descriptors,dehydroacetic-acid,1 ring,1.0
54679224,gimeracil,54679224.0,1.5466552,9.147705,Morgan + MACCS + CACTVS + descriptors,gimeracil,1 ring,1.0
54681533,phenprocoumon,54681533.0,8.441071,5.19745,Morgan + MACCS + CACTVS + descriptors,phenprocoumon,3 rings,3.0
54682040,bms-707035,54682040.0,7.5885425,8.4772215,Morgan + MACCS + CACTVS + descriptors,bms-707035,3 rings,3.0
54682463,cyclopiazonic-acid,54682463.0,8.462642,10.655003,Morgan + MACCS + CACTVS + descriptors,cyclopiazonic-acid,4+ rings,5.0
54682505,l-701324,54682505.0,8.544947,7.6265407,Morgan + MACCS + CACTVS + descriptors,l-701324,4+ rings,4.0
54682876,tasquinimod,54682876.0,8.706349,7.5621443,Morgan + MACCS + CACTVS + descriptors,tasquinimod,3 rings,3.0
54683745,acenocoumarol,54683745.0,8.619444,8.01492,Morgan + MACCS + CACTVS + descriptors,acenocoumarol,3 rings,3.0
54684617,paquinimod,54684617.0,7.669985,8.0437355,Morgan + MACCS + CACTVS + descriptors,paquinimod,3 rings,3.0
54685215,iox2,54685215.0,7.666376,7.8661222,Morgan + MACCS + CACTVS + descriptors,iox2,3 rings,3.0
5468522,bakuchiol,5468522.0,7.81378,5.565139,Morgan + MACCS + CACTVS + descriptors,bakuchiol,1 ring,1.0
54687,pravastatin,54687.0,0.48148963,7.693991,Morgan + MACCS + CACTVS + descriptors,pravastatin,2 rings,2.0
54687453,l-701252,54687453.0,7.980251,7.7853174,Morgan + MACCS + CACTVS + descriptors,l-701252,3 rings,3.0
54688261,warfarin,54688261.0,8.405394,5.2095513,Morgan + MACCS + CACTVS + descriptors,warfarin,3 rings,3.0
5469,tiaramide,5469.0,6.972538,8.442979,Morgan + MACCS + CACTVS + descriptors,tiaramide,3 rings,3.0
54690031,lornoxicam,54690031.0,8.47469,9.498228,Morgan + MACCS + CACTVS + descriptors,lornoxicam,3 rings,3.0
5469318,salirasib,5469318.0,7.0900793,6.209231,Morgan + MACCS + CACTVS + descriptors,salirasib,1 ring,1.0
54698642,mk-2048,54698642.0,8.779807,10.198135,Morgan + MACCS + CACTVS + descriptors,mk-2048,4+ rings,4.0
54708532,a-769662,54708532.0,8.228662,7.495244,Morgan + MACCS + CACTVS + descriptors,a-769662,4+ rings,4.0
54713659,cabotegravir,54713659.0,7.2954526,8.208246,Morgan + MACCS + CACTVS + descriptors,cabotegravir,4+ rings,4.0
5472,ticlopidine,5472.0,6.546845,7.870856,Morgan + MACCS + CACTVS + descriptors,ticlopidine,3 rings,3.0
5472495,exisulind,5472495.0,7.1616397,6.258126,Morgan + MACCS + CACTVS + descriptors,exisulind,3 rings,3.0
54726191,dolutegravir,54726191.0,7.2985225,8.265129,Morgan + MACCS + CACTVS + descriptors,dolutegravir,4+ rings,4.0
54746,cabergoline,54746.0,8.276082,10.639123,Morgan + MACCS + CACTVS + descriptors,cabergoline,4+ rings,4.0
54747,caracemide,54747.0,1.1563873,8.96158,Morgan + MACCS + CACTVS + descriptors,caracemide,0 rings,0.0
5475,tilorone,5475.0,8.638433,6.576377,Morgan + MACCS + CACTVS + descriptors,tilorone,3 rings,3.0
5475158,cinanserin,5475158.0,7.058422,8.191134,Morgan + MACCS + CACTVS + descriptors,cinanserin,2 rings,2.0
54755438,ono-4059,54755438.0,10.283296,9.915897,Morgan + MACCS + CACTVS + descriptors,ono-4059,4+ rings,5.0
54758501,olmutinib,54758501.0,9.856938,9.749223,Morgan + MACCS + CACTVS + descriptors,olmutinib,4+ rings,5.0
54760053,ac-710,54760053.0,9.910248,9.893388,Morgan + MACCS + CACTVS + descriptors,ac-710,4+ rings,4.0
54760385,sklb-1028,54760385.0,6.867542,10.869369,Morgan + MACCS + CACTVS + descriptors,sklb-1028,4+ rings,5.0
54761305,azd6738,54761305.0,7.6576347,10.126414,Morgan + MACCS + CACTVS + descriptors,azd6738,4+ rings,5.0
54764565,urmc-099,54764565.0,6.910769,10.759361,Morgan + MACCS + CACTVS + descriptors,urmc-099,4+ rings,6.0
54764919,s1p1-agonist-iii,54764919.0,9.800377,10.3277645,Morgan + MACCS + CACTVS + descriptors,s1p1-agonist-iii,3 rings,3.0
54766013,ew-7197,54766013.0,6.807361,10.651841,Morgan + MACCS + CACTVS + descriptors,ew-7197,4+ rings,5.0
54766613,mm-102,54766613.0,7.337858,7.575094,Morgan + MACCS + CACTVS + descriptors,mm-102,3 rings,3.0
54767229,verinurad,54767229.0,8.355526,10.865713,Morgan + MACCS + CACTVS + descriptors,verinurad,3 rings,3.0
54767916,ombitasvir,54767916.0,7.3963914,7.9269605,Morgan + MACCS + CACTVS + descriptors,ombitasvir,4+ rings,6.0
5478883,pepstatin,5478883.0,1.3485014,8.177006,Morgan + MACCS + CACTVS + descriptors,pepstatin,0 rings,0.0
5479,tinidazole,5479.0,5.2595744,11.060786,Morgan + MACCS + CACTVS + descriptors,tinidazole,1 ring,1.0
54792409,tetrindole,54792409.0,7.6681986,10.166396,Morgan + MACCS + CACTVS + descriptors,tetrindole,4+ rings,5.0
5479529,cefuroxime,5479529.0,3.6590207,7.9572005,Morgan + MACCS + CACTVS + descriptors,cefuroxime,3 rings,3.0
5479530,ceftriaxone,5479530.0,2.976053,8.091323,Morgan + MACCS + CACTVS + descriptors,ceftriaxone,4+ rings,4.0
5480,tinoridine,5480.0,7.1931915,7.7173123,Morgan + MACCS + CACTVS + descriptors,tinoridine,3 rings,3.0
5480230,nor-binaltorphimine,5480230.0,9.45547,6.7667856,Morgan + MACCS + CACTVS + descriptors,nor-binaltorphimine,4+ rings,13.0
5481350,tenofovir-disoproxil,5481350.0,6.054572,11.592459,Morgan + MACCS + CACTVS + descriptors,tenofovir-disoproxil,2 rings,2.0
54833,amflutizole,54833.0,7.766831,8.04215,Morgan + MACCS + CACTVS + descriptors,amflutizole,2 rings,2.0
54841,atomoxetine,54841.0,8.754818,6.3937526,Morgan + MACCS + CACTVS + descriptors,atomoxetine,2 rings,2.0
5484727,trandolapril,5484727.0,7.3284383,7.430023,Morgan + MACCS + CACTVS + descriptors,trandolapril,3 rings,3.0
5486182,cefetamet-pivoxil,5486182.0,2.9840157,8.087203,Morgan + MACCS + CACTVS + descriptors,cefetamet-pivoxil,3 rings,3.0
5486198,licostinel,5486198.0,7.6318026,8.405138,Morgan + MACCS + CACTVS + descriptors,licostinel,2 rings,2.0
5486546,cl316243,5486546.0,8.803896,6.3189716,Morgan + MACCS + CACTVS + descriptors,cl316243,3 rings,3.0
5486699,troxerutin,5486699.0,8.9905,4.7243752,Morgan + MACCS + CACTVS + descriptors,troxerutin,4+ rings,5.0
5486827,naltriben,5486827.0,9.42897,6.718343,Morgan + MACCS + CACTVS + descriptors,naltriben,4+ rings,8.0
5487,tizanidine,5487.0,6.964823,9.430355,Morgan + MACCS + CACTVS + descriptors,tizanidine,3 rings,3.0
5487888,cefetamet,5487888.0,2.967403,8.099634,Morgan + MACCS + CACTVS + descriptors,cefetamet,3 rings,3.0
5488186,urolithin-a,5488186.0,8.454304,5.022709,Morgan + MACCS + CACTVS + descriptors,urolithin-a,3 rings,3.0
5488548,alvimopan,5488548.0,7.864281,7.0557384,Morgan + MACCS + CACTVS + descriptors,alvimopan,3 rings,3.0
5489013,oxyfedrine,5489013.0,8.715217,6.5326495,Morgan + MACCS + CACTVS + descriptors,oxyfedrine,2 rings,2.0
54892,quinapril,54892.0,7.3791122,7.376717,Morgan + MACCS + CACTVS + descriptors,quinapril,3 rings,3.0
54897,alpidem,54897.0,7.508132,10.866846,Morgan + MACCS + CACTVS + descriptors,alpidem,3 rings,3.0
5491955,cefozopran,5491955.0,3.0758417,8.070982,Morgan + MACCS + CACTVS + descriptors,cefozopran,4+ rings,5.0
5493444,aliskiren-hemifumarate,5493444.0,8.873441,6.4710107,Morgan + MACCS + CACTVS + descriptors,aliskiren-hemifumarate,1 ring,1.0
5494449,tozasertib,5494449.0,7.433173,10.635202,Morgan + MACCS + CACTVS + descriptors,tozasertib,4+ rings,5.0
5495818,bms-806,5495818.0,10.056495,10.028383,Morgan + MACCS + CACTVS + descriptors,bms-806,4+ rings,4.0
5496659,otamixaban,5496659.0,8.323524,10.996693,Morgan + MACCS + CACTVS + descriptors,otamixaban,3 rings,3.0
5497,nikethamide,5497.0,8.311755,11.1244955,Morgan + MACCS + CACTVS + descriptors,nikethamide,1 ring,1.0
5497124,dy131,5497124.0,8.068028,7.585605,Morgan + MACCS + CACTVS + descriptors,dy131,2 rings,2.0
5497136,ceramide,5497136.0,0.8122258,8.442642,Morgan + MACCS + CACTVS + descriptors,ceramide,0 rings,0.0
5497186,naltrindole,5497186.0,9.388165,10.348556,Morgan + MACCS + CACTVS + descriptors,naltrindole,4+ rings,8.0
5501,todralazine,5501.0,7.082874,9.087523,Morgan + MACCS + CACTVS + descriptors,todralazine,2 rings,2.0
5503,tolazamide,5503.0,8.193925,8.468712,Morgan + MACCS + CACTVS + descriptors,tolazamide,2 rings,2.0
5504,tolazoline,5504.0,6.3465214,7.647273,Morgan + MACCS + CACTVS + descriptors,tolazoline,2 rings,2.0
5505,tolbutamide,5505.0,8.194975,8.438557,Morgan + MACCS + CACTVS + descriptors,tolbutamide,1 ring,1.0
550758,1-acetyl-4-methylpiperazine,550758.0,1.3739576,9.045896,Morgan + MACCS + CACTVS + descriptors,1-acetyl-4-methylpiperazine,1 ring,1.0
5509,tolmetin,5509.0,8.741622,10.590553,Morgan + MACCS + CACTVS + descriptors,tolmetin,2 rings,2.0
5510,tolnaftate,5510.0,8.772991,6.9797425,Morgan + MACCS + CACTVS + descriptors,tolnaftate,3 rings,3.0
5522,tracazolate,5522.0,7.27994,11.04298,Morgan + MACCS + CACTVS + descriptors,tracazolate,2 rings,2.0
5522952,nqdi-1,5522952.0,7.8502707,7.7416873,Morgan + MACCS + CACTVS + descriptors,nqdi-1,4+ rings,4.0
55245,mifepristone,55245.0,0.17859684,6.7796936,Morgan + MACCS + CACTVS + descriptors,mifepristone,4+ rings,5.0
55251,xenalipin,55251.0,7.0879774,6.140014,Morgan + MACCS + CACTVS + descriptors,xenalipin,2 rings,2.0
55263,piroximone,55263.0,8.195499,11.063071,Morgan + MACCS + CACTVS + descriptors,piroximone,2 rings,2.0
5531,trapidil,5531.0,6.275418,10.985383,Morgan + MACCS + CACTVS + descriptors,trapidil,2 rings,2.0
5533,trazodone,5533.0,7.0097537,8.674195,Morgan + MACCS + CACTVS + descriptors,trazodone,4+ rings,4.0
5534,tremorine,5534.0,1.0879081,9.221392,Morgan + MACCS + CACTVS + descriptors,tremorine,2 rings,2.0
5536,trepibutone,5536.0,8.476701,5.3782296,Morgan + MACCS + CACTVS + descriptors,trepibutone,1 ring,1.0
5541,triacetin,5541.0,0.4040837,8.646791,Morgan + MACCS + CACTVS + descriptors,triacetin,0 rings,0.0
5545745,piricapiron,5545745.0,7.3584747,11.305464,Morgan + MACCS + CACTVS + descriptors,piricapiron,4+ rings,4.0
5546,triamterene,5546.0,6.8577,10.321432,Morgan + MACCS + CACTVS + descriptors,triamterene,3 rings,3.0
5564,triclosan,5564.0,8.0121975,5.6656904,Morgan + MACCS + CACTVS + descriptors,triclosan,2 rings,2.0
5565,trientine,5565.0,0.9239687,9.132743,Morgan + MACCS + CACTVS + descriptors,trientine,0 rings,0.0
55652,spiradoline,55652.0,6.8728695,7.7053046,Morgan + MACCS + CACTVS + descriptors,spiradoline,4+ rings,4.0
5566,trifluoperazine,5566.0,6.406002,8.24265,Morgan + MACCS + CACTVS + descriptors,trifluoperazine,4+ rings,4.0
5568,triflupromazine,5568.0,6.378883,8.277646,Morgan + MACCS + CACTVS + descriptors,triflupromazine,3 rings,3.0
5571,trigonelline,5571.0,8.729057,10.986178,Morgan + MACCS + CACTVS + descriptors,trigonelline,1 ring,1.0
55710,deazaguanine,55710.0,5.7039547,11.291358,Morgan + MACCS + CACTVS + descriptors,deazaguanine,2 rings,2.0
55718,napamezole,55718.0,6.316495,7.6846795,Morgan + MACCS + CACTVS + descriptors,napamezole,3 rings,3.0
55748,mitoflaxone,55748.0,8.449995,5.117096,Morgan + MACCS + CACTVS + descriptors,mitoflaxone,3 rings,3.0
5574924,arglabin,5574924.0,0.40198258,7.5572677,Morgan + MACCS + CACTVS + descriptors,arglabin,4+ rings,4.0
5576,trimethadione,5576.0,1.4185735,8.949935,Morgan + MACCS + CACTVS + descriptors,trimethadione,1 ring,1.0
5577,trimethobenzamide,5577.0,9.114775,6.7340436,Morgan + MACCS + CACTVS + descriptors,trimethobenzamide,2 rings,2.0
5578,trimethoprim,5578.0,10.090172,10.452504,Morgan + MACCS + CACTVS + descriptors,trimethoprim,2 rings,2.0
5583,trimetrexate,5583.0,10.268235,10.464426,Morgan + MACCS + CACTVS + descriptors,trimetrexate,3 rings,3.0
5585,trioxsalen,5585.0,8.472041,5.0308447,Morgan + MACCS + CACTVS + descriptors,trioxsalen,3 rings,3.0
5587,tripelennamine,5587.0,7.115519,10.244985,Morgan + MACCS + CACTVS + descriptors,tripelennamine,2 rings,2.0
55918,imazodan,55918.0,7.4238186,10.912672,Morgan + MACCS + CACTVS + descriptors,imazodan,3 rings,3.0
55993,nomifensine,55993.0,6.5503526,8.151739,Morgan + MACCS + CACTVS + descriptors,nomifensine,3 rings,3.0
56032,detomidine,56032.0,6.9427047,10.285152,Morgan + MACCS + CACTVS + descriptors,detomidine,2 rings,2.0
56051,zaltidine,56051.0,5.7063456,11.050404,Morgan + MACCS + CACTVS + descriptors,zaltidine,2 rings,2.0
5614,tyrphostin-a9,5614.0,7.821542,5.562742,Morgan + MACCS + CACTVS + descriptors,tyrphostin-a9,1 ring,1.0
56206,difloxacin,56206.0,9.982172,7.6430373,Morgan + MACCS + CACTVS + descriptors,difloxacin,4+ rings,4.0
56208,sarafloxacin,56208.0,9.980009,7.642844,Morgan + MACCS + CACTVS + descriptors,sarafloxacin,4+ rings,4.0
5625,delavirdine,5625.0,7.925232,10.036798,Morgan + MACCS + CACTVS + descriptors,delavirdine,4+ rings,4.0
5626,u-99194,5626.0,9.126004,6.58528,Morgan + MACCS + CACTVS + descriptors,u-99194,2 rings,2.0
5632,ufenamate,5632.0,8.084312,7.431322,Morgan + MACCS + CACTVS + descriptors,ufenamate,2 rings,2.0
56330,cilazapril,56330.0,7.3721657,7.4187393,Morgan + MACCS + CACTVS + descriptors,cilazapril,3 rings,3.0
56339,fosphenytoin,56339.0,7.054942,7.8561635,Morgan + MACCS + CACTVS + descriptors,fosphenytoin,3 rings,3.0
5634,undecylenic-acid,5634.0,0.35103768,8.291549,Morgan + MACCS + CACTVS + descriptors,undecylenic-acid,0 rings,0.0
5639,urapidil,5639.0,9.120091,7.301271,Morgan + MACCS + CACTVS + descriptors,urapidil,3 rings,3.0
564,aminocaproic-acid,564.0,1.0776491,8.582119,Morgan + MACCS + CACTVS + descriptors,aminocaproic-acid,0 rings,0.0
5641,urethane,5641.0,0.9474606,8.812964,Morgan + MACCS + CACTVS + descriptors,urethane,0 rings,0.0
56463,pravadoline,56463.0,9.279236,10.209839,Morgan + MACCS + CACTVS + descriptors,pravadoline,4+ rings,4.0
56599293,azd3463,56599293.0,10.272053,10.059896,Morgan + MACCS + CACTVS + descriptors,azd3463,4+ rings,5.0
56599306,pilaralisib,56599306.0,9.067046,9.506966,Morgan + MACCS + CACTVS + descriptors,pilaralisib,4+ rings,4.0
56602558,wehi-345-analog,56602558.0,7.3669143,11.006204,Morgan + MACCS + CACTVS + descriptors,wehi-345-analog,4+ rings,4.0
5663,vesnarinone,5663.0,9.223486,7.224647,Morgan + MACCS + CACTVS + descriptors,vesnarinone,4+ rings,4.0
56639570,og-l002,56639570.0,7.998636,6.261391,Morgan + MACCS + CACTVS + descriptors,og-l002,3 rings,3.0
56640146,dasabuvir,56640146.0,8.983384,8.039169,Morgan + MACCS + CACTVS + descriptors,dasabuvir,4+ rings,4.0
56642816,ml297,56642816.0,7.489561,10.442749,Morgan + MACCS + CACTVS + descriptors,ml297,3 rings,3.0
56645576,azd5069,56645576.0,9.15429,9.600536,Morgan + MACCS + CACTVS + descriptors,azd5069,3 rings,3.0
56649281,on123300,56649281.0,7.3697424,11.2157955,Morgan + MACCS + CACTVS + descriptors,on123300,4+ rings,5.0
56649347,asivatrep,56649347.0,8.242148,9.566099,Morgan + MACCS + CACTVS + descriptors,asivatrep,2 rings,2.0
56649450,alpelisib,56649450.0,7.69002,10.596421,Morgan + MACCS + CACTVS + descriptors,alpelisib,3 rings,3.0
56649692,vaborbactam,56649692.0,7.1186724,7.4382424,Morgan + MACCS + CACTVS + descriptors,vaborbactam,2 rings,2.0
56650312,rgfp966,56650312.0,7.816424,10.52544,Morgan + MACCS + CACTVS + descriptors,rgfp966,3 rings,3.0
56654642,rg2833,56654642.0,7.39907,8.074488,Morgan + MACCS + CACTVS + descriptors,rg2833,2 rings,2.0
56655571,avn-492,56655571.0,7.91666,9.687703,Morgan + MACCS + CACTVS + descriptors,avn-492,3 rings,3.0
56671814,crizotinib-(s),56671814.0,10.191674,9.810152,Morgan + MACCS + CACTVS + descriptors,crizotinib-(s),4+ rings,4.0
56682080,gk921,56682080.0,7.0544057,10.88192,Morgan + MACCS + CACTVS + descriptors,gk921,4+ rings,4.0
56707820,ogerin,56707820.0,6.988706,10.329533,Morgan + MACCS + CACTVS + descriptors,ogerin,3 rings,3.0
56833311,telratolimod,56833311.0,7.623786,11.166076,Morgan + MACCS + CACTVS + descriptors,telratolimod,3 rings,3.0
56835991,ro-5263397,56835991.0,6.4935007,7.4528975,Morgan + MACCS + CACTVS + descriptors,ro-5263397,2 rings,2.0
56839178,tp-0903,56839178.0,7.9981556,9.776497,Morgan + MACCS + CACTVS + descriptors,tp-0903,4+ rings,4.0
5684,way-100635,5684.0,10.00847,10.119702,Morgan + MACCS + CACTVS + descriptors,way-100635,4+ rings,4.0
56840936,romidepsin,56840936.0,1.7614713,8.185055,Morgan + MACCS + CACTVS + descriptors,romidepsin,2 rings,2.0
56840998,chromium-picolinate,56840998.0,8.728901,11.01052,Morgan + MACCS + CACTVS + descriptors,chromium-picolinate,3 rings,3.0
568416,droxinostat,568416.0,8.64683,6.0248046,Morgan + MACCS + CACTVS + descriptors,droxinostat,1 ring,1.0
56842011,sclareol,56842011.0,-0.081935234,7.2662387,Morgan + MACCS + CACTVS + descriptors,sclareol,2 rings,2.0
56843747,delcasertib,56843747.0,5.80341,5.4820232,Morgan + MACCS + CACTVS + descriptors,delcasertib,3 rings,3.0
56844015,mln9708,56844015.0,7.164722,7.506649,Morgan + MACCS + CACTVS + descriptors,mln9708,2 rings,2.0
56846693,cep-32496,56846693.0,10.26961,10.397054,Morgan + MACCS + CACTVS + descriptors,cep-32496,4+ rings,4.0
56847486,ldc1267,56847486.0,9.989833,10.248817,Morgan + MACCS + CACTVS + descriptors,ldc1267,4+ rings,5.0
56851583,ly2795050,56851583.0,9.722088,10.238621,Morgan + MACCS + CACTVS + descriptors,ly2795050,4+ rings,4.0
56927660,apy0201,56927660.0,6.9273734,10.859919,Morgan + MACCS + CACTVS + descriptors,apy0201,4+ rings,5.0
56928390,seletalisib,56928390.0,6.9427986,10.473499,Morgan + MACCS + CACTVS + descriptors,seletalisib,4+ rings,5.0
5694,pirinixic-acid,5694.0,7.451579,10.352044,Morgan + MACCS + CACTVS + descriptors,pirinixic-acid,2 rings,2.0
56941241,gdc-0810,56941241.0,7.8833227,10.409378,Morgan + MACCS + CACTVS + descriptors,gdc-0810,4+ rings,4.0
56944144,lemborexant,56944144.0,10.022409,10.186616,Morgan + MACCS + CACTVS + descriptors,lemborexant,4+ rings,4.0
56944705,e7046,56944705.0,9.374146,9.93761,Morgan + MACCS + CACTVS + descriptors,e7046,3 rings,3.0
56947112,orphanin-fq,56947112.0,5.817085,5.4971395,Morgan + MACCS + CACTVS + descriptors,orphanin-fq,2 rings,2.0
56949412,ax-024,56949412.0,8.83563,6.7101374,Morgan + MACCS + CACTVS + descriptors,ax-024,4+ rings,4.0
56949517,gsk2636771,56949517.0,7.837664,11.235166,Morgan + MACCS + CACTVS + descriptors,gsk2636771,4+ rings,4.0
56956240,pf-5274857,56956240.0,8.053235,9.81412,Morgan + MACCS + CACTVS + descriptors,pf-5274857,3 rings,3.0
56959087,naloxegol,56959087.0,9.397072,6.6540093,Morgan + MACCS + CACTVS + descriptors,naloxegol,4+ rings,5.0
56962336,epz004777,56962336.0,6.5430655,11.49674,Morgan + MACCS + CACTVS + descriptors,epz004777,4+ rings,4.0
56962337,sgc-0946,56962337.0,6.5579033,11.510562,Morgan + MACCS + CACTVS + descriptors,sgc-0946,4+ rings,4.0
56962369,lx7101,56962369.0,10.264851,10.050544,Morgan + MACCS + CACTVS + descriptors,lx7101,4+ rings,4.0
56963315,gsk-j1,56963315.0,7.387043,11.193816,Morgan + MACCS + CACTVS + descriptors,gsk-j1,4+ rings,4.0
56965901,limki-3,56965901.0,7.5991397,10.276858,Morgan + MACCS + CACTVS + descriptors,limki-3,3 rings,3.0
56968072,cnx-2006,56968072.0,10.258808,10.114104,Morgan + MACCS + CACTVS + descriptors,cnx-2006,4+ rings,4.0
56971,ipsapirone,56971.0,8.012125,9.789752,Morgan + MACCS + CACTVS + descriptors,ipsapirone,4+ rings,4.0
56973724,az3146,56973724.0,10.242058,9.985102,Morgan + MACCS + CACTVS + descriptors,az3146,4+ rings,5.0
5702001,quinine-ethyl-carbonate,5702001.0,9.5320215,10.664044,Morgan + MACCS + CACTVS + descriptors,quinine-ethyl-carbonate,4+ rings,5.0
5702063,guanaben-acetate,5702063.0,6.4773135,7.399082,Morgan + MACCS + CACTVS + descriptors,guanaben-acetate,1 ring,1.0
5702160,famotidine,5702160.0,5.6242776,10.922848,Morgan + MACCS + CACTVS + descriptors,famotidine,1 ring,1.0
57030,brequinar,57030.0,8.826572,10.693856,Morgan + MACCS + CACTVS + descriptors,brequinar,4+ rings,4.0
5707,xylazine,5707.0,6.6378036,8.5274105,Morgan + MACCS + CACTVS + descriptors,xylazine,2 rings,2.0
57086802,phenindamine,57086802.0,6.452439,7.7506013,Morgan + MACCS + CACTVS + descriptors,phenindamine,4+ rings,4.0
5709,xylometazoline,5709.0,6.3000746,7.6510987,Morgan + MACCS + CACTVS + descriptors,xylometazoline,2 rings,2.0
5712,yc-1,5712.0,9.289856,10.113931,Morgan + MACCS + CACTVS + descriptors,yc-1,4+ rings,4.0
5714,ys-035,5714.0,9.16156,6.583771,Morgan + MACCS + CACTVS + descriptors,ys-035,2 rings,2.0
57146948,mesoridazine,57146948.0,6.416353,8.250665,Morgan + MACCS + CACTVS + descriptors,mesoridazine,4+ rings,4.0
5717,zafirlukast,5717.0,9.086255,9.742019,Morgan + MACCS + CACTVS + descriptors,zafirlukast,4+ rings,5.0
57185490,metipranolol,57185490.0,8.762753,6.255787,Morgan + MACCS + CACTVS + descriptors,metipranolol,1 ring,1.0
5720233,3po,5720233.0,8.445405,11.030147,Morgan + MACCS + CACTVS + descriptors,3po,2 rings,2.0
5723,zardaverine,5723.0,8.547851,6.036506,Morgan + MACCS + CACTVS + descriptors,zardaverine,2 rings,2.0
57242,quinelorane,57242.0,6.7684426,10.639999,Morgan + MACCS + CACTVS + descriptors,quinelorane,3 rings,3.0
57267,eticlopride,57267.0,9.161839,7.3025613,Morgan + MACCS + CACTVS + descriptors,eticlopride,2 rings,2.0
5730,zm-336372,5730.0,8.232363,7.488669,Morgan + MACCS + CACTVS + descriptors,zm-336372,3 rings,3.0
57300161,fulvestrant,57300161.0,7.9330893,4.5679846,Morgan + MACCS + CACTVS + descriptors,fulvestrant,4+ rings,4.0
57326391,tc-i-2000,57326391.0,7.171275,8.276773,Morgan + MACCS + CACTVS + descriptors,tc-i-2000,4+ rings,4.0
5733,zomepirac,5733.0,8.676444,10.37904,Morgan + MACCS + CACTVS + descriptors,zomepirac,2 rings,2.0
57331386,macozinone,57331386.0,7.328783,8.451372,Morgan + MACCS + CACTVS + descriptors,macozinone,4+ rings,4.0
57335384,rociletinib,57335384.0,10.301542,10.075147,Morgan + MACCS + CACTVS + descriptors,rociletinib,4+ rings,4.0
57336276,basmisanil,57336276.0,9.151226,9.62051,Morgan + MACCS + CACTVS + descriptors,basmisanil,4+ rings,4.0
57336812,cep-33779,57336812.0,7.888724,9.810944,Morgan + MACCS + CACTVS + descriptors,cep-33779,4+ rings,5.0
57339144,unc1215,57339144.0,7.198788,8.315216,Morgan + MACCS + CACTVS + descriptors,unc1215,4+ rings,6.0
5734,zonisamide,5734.0,8.633891,9.037469,Morgan + MACCS + CACTVS + descriptors,zonisamide,2 rings,2.0
57340959,gal-021,57340959.0,0.9812604,9.180593,Morgan + MACCS + CACTVS + descriptors,gal-021,1 ring,1.0
57346963,indium-tri(2-propanolate),57346963.0,0.4232154,8.987829,Morgan + MACCS + CACTVS + descriptors,indium-tri(2-propanolate),0 rings,0.0
57357423,cibenzoline,57357423.0,6.3241396,7.648446,Morgan + MACCS + CACTVS + descriptors,cibenzoline,4+ rings,4.0
5736,zotepine,5736.0,7.756716,6.7906384,Morgan + MACCS + CACTVS + descriptors,zotepine,3 rings,3.0
57363,finasteride,57363.0,0.18857248,6.896467,Morgan + MACCS + CACTVS + descriptors,finasteride,4+ rings,4.0
57379345,ceritinib,57379345.0,9.372904,9.538853,Morgan + MACCS + CACTVS + descriptors,ceritinib,4+ rings,4.0
57380301,dpc,57380301.0,7.1062946,10.144982,Morgan + MACCS + CACTVS + descriptors,dpc,3 rings,3.0
57381882,mps-bay-2a,57381882.0,7.6402116,11.104479,Morgan + MACCS + CACTVS + descriptors,mps-bay-2a,4+ rings,6.0
57384863,gdc-0084,57384863.0,6.188676,11.439352,Morgan + MACCS + CACTVS + descriptors,gdc-0084,4+ rings,5.0
57389999,cpi-0610,57389999.0,8.796132,9.298315,Morgan + MACCS + CACTVS + descriptors,cpi-0610,4+ rings,4.0
57390074,ap26113,57390074.0,10.285017,10.051906,Morgan + MACCS + CACTVS + descriptors,ap26113,4+ rings,4.0
57392700,ketotifen,57392700.0,6.5750594,7.794881,Morgan + MACCS + CACTVS + descriptors,ketotifen,4+ rings,4.0
57406853,rg7112,57406853.0,9.169629,7.8689203,Morgan + MACCS + CACTVS + descriptors,rg7112,4+ rings,5.0
5742590,daucosterol,5742590.0,0.5013059,7.1670003,Morgan + MACCS + CACTVS + descriptors,daucosterol,4+ rings,5.0
5742673,cefotaxime,5742673.0,2.9759884,8.089313,Morgan + MACCS + CACTVS + descriptors,cefotaxime,3 rings,3.0
5742688,hyperin,5742688.0,8.953737,4.7716556,Morgan + MACCS + CACTVS + descriptors,hyperin,4+ rings,4.0
5742832,aztreonam,5742832.0,2.9750593,8.089841,Morgan + MACCS + CACTVS + descriptors,aztreonam,2 rings,2.0
5743,dexamethasone,5743.0,0.24123614,6.153245,Morgan + MACCS + CACTVS + descriptors,dexamethasone,4+ rings,4.0
5744,hydrocortisone-acetate,5744.0,0.24195392,6.228122,Morgan + MACCS + CACTVS + descriptors,hydrocortisone-acetate,4+ rings,4.0
5745,cortisone-acetate,5745.0,0.26395512,6.258799,Morgan + MACCS + CACTVS + descriptors,cortisone-acetate,4+ rings,4.0
5745207,priralfinamide,5745207.0,8.741539,6.5288506,Morgan + MACCS + CACTVS + descriptors,priralfinamide,2 rings,2.0
57453816,saclofen,57453816.0,8.162609,8.386584,Morgan + MACCS + CACTVS + descriptors,saclofen,1 ring,1.0
5746,mitomycin-c,5746.0,1.4943113,8.134318,Morgan + MACCS + CACTVS + descriptors,mitomycin-c,4+ rings,4.0
5746246,amisulpride,5746246.0,9.153543,7.7803564,Morgan + MACCS + CACTVS + descriptors,amisulpride,2 rings,2.0
57469,imiquimod,57469.0,6.7822323,10.690837,Morgan + MACCS + CACTVS + descriptors,imiquimod,3 rings,3.0
574780,bd-1063,574780.0,6.5690684,7.7415843,Morgan + MACCS + CACTVS + descriptors,bd-1063,2 rings,2.0
5748,oxyphenonium,5748.0,7.3321195,6.5179353,Morgan + MACCS + CACTVS + descriptors,oxyphenonium,2 rings,2.0
57495353,leniolisib,57495353.0,10.1248045,10.101054,Morgan + MACCS + CACTVS + descriptors,leniolisib,4+ rings,4.0
57515921,bambuterol,57515921.0,8.633968,6.4133577,Morgan + MACCS + CACTVS + descriptors,bambuterol,1 ring,1.0
57519510,sr-3306,57519510.0,6.973738,10.990957,Morgan + MACCS + CACTVS + descriptors,sr-3306,4+ rings,6.0
57519544,wnt-c59,57519544.0,8.161183,11.000351,Morgan + MACCS + CACTVS + descriptors,wnt-c59,4+ rings,4.0
57519748,ly3023414,57519748.0,9.259466,10.387743,Morgan + MACCS + CACTVS + descriptors,ly3023414,4+ rings,4.0
57522038,tug-891,57522038.0,8.4394655,5.393792,Morgan + MACCS + CACTVS + descriptors,tug-891,3 rings,3.0
57523919,tc-s-7004,57523919.0,7.64795,11.0653105,Morgan + MACCS + CACTVS + descriptors,tc-s-7004,4+ rings,4.0
5753,corticosterone,5753.0,0.15147732,6.3559823,Morgan + MACCS + CACTVS + descriptors,corticosterone,4+ rings,4.0
57533,naxagolide,57533.0,8.334342,6.715522,Morgan + MACCS + CACTVS + descriptors,naxagolide,3 rings,3.0
5754,hydrocortisone,5754.0,0.1890254,6.2450457,Morgan + MACCS + CACTVS + descriptors,hydrocortisone,4+ rings,4.0
5755,prednisolone,5755.0,0.1975157,6.2133718,Morgan + MACCS + CACTVS + descriptors,prednisolone,4+ rings,4.0
5756,estriol,5756.0,7.9470115,4.579704,Morgan + MACCS + CACTVS + descriptors,estriol,4+ rings,4.0
5757,estradiol,5757.0,7.929656,4.5672727,Morgan + MACCS + CACTVS + descriptors,estradiol,4+ rings,4.0
57654476,jnj-38877618,57654476.0,6.801479,10.589893,Morgan + MACCS + CACTVS + descriptors,jnj-38877618,4+ rings,5.0
57662985,bms-833923,57662985.0,7.7353206,11.126469,Morgan + MACCS + CACTVS + descriptors,bms-833923,4+ rings,5.0
57697,pemirolast,57697.0,1.6007919,9.226831,Morgan + MACCS + CACTVS + descriptors,pemirolast,3 rings,3.0
5770,reserpine,5770.0,9.459566,10.349484,Morgan + MACCS + CACTVS + descriptors,reserpine,4+ rings,6.0
5775,phentolamine,5775.0,8.317317,6.9856186,Morgan + MACCS + CACTVS + descriptors,phentolamine,3 rings,3.0
57751161,veledimex,57751161.0,8.861961,6.8577447,Morgan + MACCS + CACTVS + descriptors,veledimex,2 rings,2.0
57775240,abt-072,57775240.0,8.996773,8.080995,Morgan + MACCS + CACTVS + descriptors,abt-072,3 rings,3.0
5780,sorbitol,5780.0,0.09734477,8.781441,Morgan + MACCS + CACTVS + descriptors,sorbitol,0 rings,0.0
57881591,ki-20227,57881591.0,10.127429,10.283009,Morgan + MACCS + CACTVS + descriptors,ki-20227,4+ rings,4.0
5788723,gbr-12783,5788723.0,7.491046,6.951203,Morgan + MACCS + CACTVS + descriptors,gbr-12783,4+ rings,4.0
5790,floxuridine,5790.0,2.3855984,9.6624565,Morgan + MACCS + CACTVS + descriptors,floxuridine,2 rings,2.0
5794,piperonyl-butoxide,5794.0,8.600239,5.4984283,Morgan + MACCS + CACTVS + descriptors,piperonyl-butoxide,2 rings,2.0
57990869,xl019,57990869.0,7.2650633,11.12745,Morgan + MACCS + CACTVS + descriptors,xl019,4+ rings,5.0
58029842,presatovir,58029842.0,7.7595944,10.136411,Morgan + MACCS + CACTVS + descriptors,presatovir,4+ rings,5.0
5803,tiratricol,5803.0,8.433359,5.4280787,Morgan + MACCS + CACTVS + descriptors,tiratricol,2 rings,2.0
5808,isoprenaline,5808.0,8.100601,6.4372263,Morgan + MACCS + CACTVS + descriptors,isoprenaline,1 ring,1.0
58118983,gs-967,58118983.0,10.012726,9.67712,Morgan + MACCS + CACTVS + descriptors,gs-967,3 rings,3.0
58144,cy208-243,58144.0,7.685931,10.214561,Morgan + MACCS + CACTVS + descriptors,cy208-243,4+ rings,5.0
5816,epinephrine,5816.0,8.083963,6.408365,Morgan + MACCS + CACTVS + descriptors,epinephrine,1 ring,1.0
5819,levothyroxine,5819.0,7.965815,6.52319,Morgan + MACCS + CACTVS + descriptors,levothyroxine,2 rings,2.0
5824382,mg-624,5824382.0,7.59285,6.5398636,Morgan + MACCS + CACTVS + descriptors,mg-624,2 rings,2.0
58258,rufloxacin,58258.0,9.974564,7.634563,Morgan + MACCS + CACTVS + descriptors,rufloxacin,4+ rings,4.0
58298318,cc-115,58298318.0,7.316051,11.085912,Morgan + MACCS + CACTVS + descriptors,cc-115,4+ rings,4.0
5832,norethindrone-acetate,5832.0,0.2949901,6.660951,Morgan + MACCS + CACTVS + descriptors,norethindrone-acetate,4+ rings,4.0
5833,spironolactone,5833.0,0.30385152,6.6533475,Morgan + MACCS + CACTVS + descriptors,spironolactone,4+ rings,5.0
5834,prednisolone-acetate,5834.0,0.26006138,6.1887245,Morgan + MACCS + CACTVS + descriptors,prednisolone-acetate,4+ rings,4.0
58344861,rp-001,58344861.0,9.725708,9.386908,Morgan + MACCS + CACTVS + descriptors,rp-001,4+ rings,4.0
58381695,choline-alfoscerate,58381695.0,1.2191365,9.723437,Morgan + MACCS + CACTVS + descriptors,choline-alfoscerate,0 rings,0.0
58423153,azd1208,58423153.0,7.1694717,8.373591,Morgan + MACCS + CACTVS + descriptors,azd1208,4+ rings,4.0
58438464,pf-05190457,58438464.0,7.58868,10.577969,Morgan + MACCS + CACTVS + descriptors,pf-05190457,4+ rings,7.0
58460047,doravirine,58460047.0,8.873842,7.610961,Morgan + MACCS + CACTVS + descriptors,doravirine,3 rings,3.0
5846454,"1-((z)-3-chloroallyl)-1,3,5,7-tetraazaadamantan-1-ium",5846454.0,1.2192197,9.651189,Morgan + MACCS + CACTVS + descriptors,"1-((z)-3-chloroallyl)-1,3,5,7-tetraazaadamantan-1-ium",4+ rings,4.0
58486178,cfi-400945,58486178.0,9.557264,9.978062,Morgan + MACCS + CACTVS + descriptors,cfi-400945,4+ rings,7.0
58496428,gkt137831,58496428.0,7.130421,8.632213,Morgan + MACCS + CACTVS + descriptors,gkt137831,4+ rings,4.0
5850,pentolinium,5850.0,1.2480562,9.740626,Morgan + MACCS + CACTVS + descriptors,pentolinium,2 rings,2.0
58507717,pi3k-in-2,58507717.0,7.1396413,10.91835,Morgan + MACCS + CACTVS + descriptors,pi3k-in-2,4+ rings,4.0
58539171,gne-7915,58539171.0,10.08694,10.057687,Morgan + MACCS + CACTVS + descriptors,gne-7915,3 rings,3.0
58557659,upadacitinib,58557659.0,7.1821585,11.202396,Morgan + MACCS + CACTVS + descriptors,upadacitinib,4+ rings,4.0
5857,lynestrenol,5857.0,-0.0014007126,6.9016223,Morgan + MACCS + CACTVS + descriptors,lynestrenol,4+ rings,4.0
58573469,amg-232,58573469.0,7.9455485,8.22719,Morgan + MACCS + CACTVS + descriptors,amg-232,3 rings,3.0
586,creatine,586.0,1.1316767,8.569565,Morgan + MACCS + CACTVS + descriptors,creatine,0 rings,0.0
5865,prednisone,5865.0,0.19219755,6.2475986,Morgan + MACCS + CACTVS + descriptors,prednisone,4+ rings,4.0
5870,estrone,5870.0,7.9470077,4.5659027,Morgan + MACCS + CACTVS + descriptors,estrone,4+ rings,4.0
5879,androsterone,5879.0,0.051941365,7.320278,Morgan + MACCS + CACTVS + descriptors,androsterone,4+ rings,4.0
588,creatinine,588.0,1.4753441,9.082149,Morgan + MACCS + CACTVS + descriptors,creatinine,1 ring,1.0
5880,3-alpha-hydroxy-5-beta-androstan-17-one,5880.0,0.051512167,7.3143635,Morgan + MACCS + CACTVS + descriptors,3-alpha-hydroxy-5-beta-androstan-17-one,4+ rings,4.0
5881,dehydroepiandrosterone,5881.0,0.057085134,6.797711,Morgan + MACCS + CACTVS + descriptors,dehydroepiandrosterone,4+ rings,4.0
588963,ck-636,588963.0,8.167639,10.41218,Morgan + MACCS + CACTVS + descriptors,ck-636,3 rings,3.0
5893,nadide,5893.0,6.2568345,11.724019,Morgan + MACCS + CACTVS + descriptors,nadide,4+ rings,5.0
5904,benzylpenicillin,5904.0,3.7709386,7.938179,Morgan + MACCS + CACTVS + descriptors,benzylpenicillin,3 rings,3.0
5905,idoxuridine,5905.0,2.3699977,9.66961,Morgan + MACCS + CACTVS + descriptors,idoxuridine,2 rings,2.0
5906,metaraminol,5906.0,8.034205,6.3505073,Morgan + MACCS + CACTVS + descriptors,metaraminol,1 ring,1.0
59087767,carmustine,59087767.0,1.1297418,8.897612,Morgan + MACCS + CACTVS + descriptors,carmustine,0 rings,0.0
5910,pilocarpine,5910.0,5.7862554,11.227426,Morgan + MACCS + CACTVS + descriptors,pilocarpine,2 rings,2.0
59149652,srt3190,59149652.0,8.051203,9.856378,Morgan + MACCS + CACTVS + descriptors,srt3190,3 rings,3.0
5917,pentylenetetrazol,5917.0,1.1030171,9.291798,Morgan + MACCS + CACTVS + descriptors,pentylenetetrazol,2 rings,2.0
59174488,avl-292,59174488.0,10.180118,10.15001,Morgan + MACCS + CACTVS + descriptors,avl-292,3 rings,3.0
59174579,cnx-774,59174579.0,10.189316,10.250393,Morgan + MACCS + CACTVS + descriptors,cnx-774,4+ rings,4.0
5918,amifampridine,5918.0,6.968544,10.073744,Morgan + MACCS + CACTVS + descriptors,amifampridine,1 ring,1.0
59227,rotigotine,59227.0,8.140403,6.78978,Morgan + MACCS + CACTVS + descriptors,rotigotine,3 rings,3.0
59232326,asapiprant,59232326.0,9.135036,9.657596,Morgan + MACCS + CACTVS + descriptors,asapiprant,4+ rings,4.0
59239165,gdc-0349,59239165.0,7.354278,11.220758,Morgan + MACCS + CACTVS + descriptors,gdc-0349,4+ rings,5.0
59251511,bms-779788,59251511.0,7.8605533,9.826022,Morgan + MACCS + CACTVS + descriptors,bms-779788,4+ rings,4.0
59317173,glpg0492-r-enantiomer,59317173.0,7.443985,8.265169,Morgan + MACCS + CACTVS + descriptors,glpg0492-r-enantiomer,3 rings,3.0
59317190,glpg0492,59317190.0,7.410294,8.292241,Morgan + MACCS + CACTVS + descriptors,glpg0492,3 rings,3.0
5936,isoflurophate,5936.0,0.3625806,9.095083,Morgan + MACCS + CACTVS + descriptors,isoflurophate,0 rings,0.0
59377482,mj-15,59377482.0,8.228486,10.27313,Morgan + MACCS + CACTVS + descriptors,mj-15,4+ rings,4.0
59397065,gnf-5837,59397065.0,7.8086095,10.96259,Morgan + MACCS + CACTVS + descriptors,gnf-5837,4+ rings,5.0
59422203,decernotinib,59422203.0,7.3083134,11.079462,Morgan + MACCS + CACTVS + descriptors,decernotinib,3 rings,3.0
5944,cantharidin,5944.0,0.32654002,7.4951077,Morgan + MACCS + CACTVS + descriptors,cantharidin,3 rings,3.0
59448236,gsk2256294a,59448236.0,7.4873567,11.109998,Morgan + MACCS + CACTVS + descriptors,gsk2256294a,3 rings,3.0
59472121,ve-822,59472121.0,8.441675,9.676479,Morgan + MACCS + CACTVS + descriptors,ve-822,4+ rings,4.0
59473233,gs-9973,59473233.0,6.885765,10.910075,Morgan + MACCS + CACTVS + descriptors,gs-9973,4+ rings,6.0
59474330,bebt-908,59474330.0,7.51641,10.705154,Morgan + MACCS + CACTVS + descriptors,bebt-908,4+ rings,5.0
5948316,ccg-63808,5948316.0,9.6385355,9.629801,Morgan + MACCS + CACTVS + descriptors,ccg-63808,4+ rings,5.0
59509752,mirogabalin-besylate,59509752.0,0.9641008,8.511234,Morgan + MACCS + CACTVS + descriptors,mirogabalin-besylate,2 rings,2.0
5952,deoxycorticosterone-acetate,5952.0,0.28304243,6.611311,Morgan + MACCS + CACTVS + descriptors,deoxycorticosterone-acetate,4+ rings,4.0
59528098,cw-008,59528098.0,10.082426,9.737734,Morgan + MACCS + CACTVS + descriptors,cw-008,4+ rings,5.0
5957,adenosine-triphosphate,5957.0,6.09884,11.802211,Morgan + MACCS + CACTVS + descriptors,adenosine-triphosphate,3 rings,3.0
5959,chloramphenicol,5959.0,8.02743,7.9588065,Morgan + MACCS + CACTVS + descriptors,chloramphenicol,1 ring,1.0
59597209,w-54011,59597209.0,8.951993,7.128433,Morgan + MACCS + CACTVS + descriptors,w-54011,4+ rings,4.0
5960,l-aspartic-acid,5960.0,1.1116725,8.649365,Morgan + MACCS + CACTVS + descriptors,l-aspartic-acid,0 rings,0.0
59603622,molidustat,59603622.0,6.4985504,11.345818,Morgan + MACCS + CACTVS + descriptors,molidustat,4+ rings,4.0
59604787,xl388,59604787.0,9.259918,9.694321,Morgan + MACCS + CACTVS + descriptors,xl388,4+ rings,4.0
59620153,sp-141,59620153.0,9.587459,10.476913,Morgan + MACCS + CACTVS + descriptors,sp-141,4+ rings,5.0
59634741,mitapivat,59634741.0,8.2268715,9.744957,Morgan + MACCS + CACTVS + descriptors,mitapivat,4+ rings,5.0
59657596,ro-5028442,59657596.0,8.571872,10.40061,Morgan + MACCS + CACTVS + descriptors,ro-5028442,4+ rings,5.0
5966,demecarium,5966.0,7.614116,6.629748,Morgan + MACCS + CACTVS + descriptors,demecarium,2 rings,2.0
5967294,icrt-14,5967294.0,8.0236,10.672102,Morgan + MACCS + CACTVS + descriptors,icrt-14,4+ rings,4.0
5971,allylisothiocyanate,5971.0,0.84883773,9.260092,Morgan + MACCS + CACTVS + descriptors,allylisothiocyanate,0 rings,0.0
5974189,gbr-13069,5974189.0,7.438242,6.9736753,Morgan + MACCS + CACTVS + descriptors,gbr-13069,4+ rings,4.0
59749702,bms-626531,59749702.0,7.515008,10.892084,Morgan + MACCS + CACTVS + descriptors,bms-626531,4+ rings,4.0
59757,tepoxalin,59757.0,9.381217,9.926659,Morgan + MACCS + CACTVS + descriptors,tepoxalin,3 rings,3.0
59757974,xl228,59757974.0,7.0818853,11.086389,Morgan + MACCS + CACTVS + descriptors,xl228,4+ rings,5.0
5977,chlorobutanol,5977.0,0.3805794,9.033319,Morgan + MACCS + CACTVS + descriptors,chlorobutanol,0 rings,0.0
598,mesna,598.0,0.53329355,8.957303,Morgan + MACCS + CACTVS + descriptors,mesna,0 rings,0.0
5983,physostigmine,5983.0,8.95035,7.090084,Morgan + MACCS + CACTVS + descriptors,physostigmine,3 rings,3.0
5988,sucrose,5988.0,-0.01211529,8.632495,Morgan + MACCS + CACTVS + descriptors,sucrose,2 rings,2.0
5991,ethinyl-estradiol,5991.0,7.9201155,4.5515037,Morgan + MACCS + CACTVS + descriptors,ethinyl-estradiol,4+ rings,4.0
5994,progesterone,5994.0,0.16099186,6.7764645,Morgan + MACCS + CACTVS + descriptors,progesterone,4+ rings,4.0
59968542,dimethyl-isosorbide,59968542.0,0.23352791,8.787699,Morgan + MACCS + CACTVS + descriptors,dimethyl-isosorbide,2 rings,2.0
5997,cholesterol,5997.0,-0.12559763,7.1564894,Morgan + MACCS + CACTVS + descriptors,cholesterol,4+ rings,4.0
59996479,tanespimycin,59996479.0,1.0262588,7.667911,Morgan + MACCS + CACTVS + descriptors,tanespimycin,2 rings,2.0
59996481,alvespimycin,59996481.0,1.1784981,7.7627625,Morgan + MACCS + CACTVS + descriptors,alvespimycin,2 rings,2.0
6,"2,4-dinitrochlorobenzene",6.0,7.789318,8.350305,Morgan + MACCS + CACTVS + descriptors,"2,4-dinitrochlorobenzene",1 ring,1.0
6000,tubocurarine,6000.0,9.1137905,6.6583114,Morgan + MACCS + CACTVS + descriptors,tubocurarine,4+ rings,8.0
6005,(r)-(-)-apomorphine,6005.0,8.2578535,6.7050757,Morgan + MACCS + CACTVS + descriptors,(r)-(-)-apomorphine,4+ rings,4.0
6009,amidopyrine,6009.0,7.080874,8.714463,Morgan + MACCS + CACTVS + descriptors,amidopyrine,2 rings,2.0
60126757,bc-11,60126757.0,6.5874763,7.461019,Morgan + MACCS + CACTVS + descriptors,bc-11,1 ring,1.0
60138149,rki-1447,60138149.0,8.896246,9.893156,Morgan + MACCS + CACTVS + descriptors,rki-1447,3 rings,3.0
60143346,pf-05180999,60143346.0,6.781991,10.69226,Morgan + MACCS + CACTVS + descriptors,pf-05180999,4+ rings,5.0
60149,sertindole,60149.0,7.610581,10.585428,Morgan + MACCS + CACTVS + descriptors,sertindole,4+ rings,5.0
60151560,saroglitazar,60151560.0,9.287726,9.745413,Morgan + MACCS + CACTVS + descriptors,saroglitazar,3 rings,3.0
60156291,tepp-46,60156291.0,8.12631,10.017649,Morgan + MACCS + CACTVS + descriptors,tepp-46,4+ rings,4.0
60160561,epz005687,60160561.0,8.012874,10.4991,Morgan + MACCS + CACTVS + descriptors,epz005687,4+ rings,6.0
60164,adapalene,60164.0,8.2137985,5.2375364,Morgan + MACCS + CACTVS + descriptors,adapalene,4+ rings,7.0
60165029,ningetinib-tosylate,60165029.0,10.150368,10.244044,Morgan + MACCS + CACTVS + descriptors,ningetinib-tosylate,4+ rings,5.0
60167849,ml323,60167849.0,6.7562823,10.595076,Morgan + MACCS + CACTVS + descriptors,ml323,4+ rings,4.0
60172,adefovir,60172.0,6.0784435,11.593666,Morgan + MACCS + CACTVS + descriptors,adefovir,2 rings,2.0
60182388,ldn-212854,60182388.0,6.7774363,10.783223,Morgan + MACCS + CACTVS + descriptors,ldn-212854,4+ rings,6.0
60198,exemestane,60198.0,0.16652583,6.769729,Morgan + MACCS + CACTVS + descriptors,exemestane,4+ rings,4.0
60199242,ibiglustat,60199242.0,7.9546776,10.363717,Morgan + MACCS + CACTVS + descriptors,ibiglustat,4+ rings,5.0
60201418,nav-26,60201418.0,9.075794,7.140314,Morgan + MACCS + CACTVS + descriptors,nav-26,4+ rings,4.0
6024,cephalothin,6024.0,3.678662,7.955226,Morgan + MACCS + CACTVS + descriptors,cephalothin,3 rings,3.0
6029,uridine,6029.0,2.3900669,9.660826,Morgan + MACCS + CACTVS + descriptors,uridine,2 rings,2.0
6032,kanamycin,6032.0,1.5718603,7.5596657,Morgan + MACCS + CACTVS + descriptors,kanamycin,3 rings,3.0
6034,ethopabate,6034.0,8.611235,7.1644373,Morgan + MACCS + CACTVS + descriptors,ethopabate,1 ring,1.0
6035,broxuridine,6035.0,2.37575,9.66199,Morgan + MACCS + CACTVS + descriptors,broxuridine,2 rings,2.0
6037,folic-acid,6037.0,7.734593,11.395425,Morgan + MACCS + CACTVS + descriptors,folic-acid,3 rings,3.0
6041,phenylephrine,6041.0,8.079139,6.4170723,Morgan + MACCS + CACTVS + descriptors,phenylephrine,1 ring,1.0
604519,ipidacrine,604519.0,7.0280004,10.107872,Morgan + MACCS + CACTVS + descriptors,ipidacrine,3 rings,3.0
6049,ethylenediaminetetraacetic-acid,6049.0,1.2322816,8.811197,Morgan + MACCS + CACTVS + descriptors,ethylenediaminetetraacetic-acid,0 rings,0.0
6050,tributyrin,6050.0,0.45150554,8.462247,Morgan + MACCS + CACTVS + descriptors,tributyrin,0 rings,0.0
6054,phenylethyl-alcohol,6054.0,7.217437,6.2444587,Morgan + MACCS + CACTVS + descriptors,phenylethyl-alcohol,1 ring,1.0
60561,racecadotril,60561.0,7.2382517,7.2108655,Morgan + MACCS + CACTVS + descriptors,racecadotril,2 rings,2.0
6057678,ccg-63802,6057678.0,9.582374,9.643974,Morgan + MACCS + CACTVS + descriptors,ccg-63802,4+ rings,5.0
6058,cysteamine,6058.0,0.83691615,9.239701,Morgan + MACCS + CACTVS + descriptors,cysteamine,0 rings,0.0
60602,niguldipine-(s)-(+),60602.0,8.430443,7.945572,Morgan + MACCS + CACTVS + descriptors,niguldipine-(s)-(+),4+ rings,5.0
60606,clopidogrel,60606.0,6.939238,7.685951,Morgan + MACCS + CACTVS + descriptors,clopidogrel,3 rings,3.0
60608,pikamilone,60608.0,8.344953,11.12761,Morgan + MACCS + CACTVS + descriptors,pikamilone,1 ring,1.0
60612,medetomidine,60612.0,6.8592424,10.405085,Morgan + MACCS + CACTVS + descriptors,medetomidine,2 rings,2.0
60613,cidofovir,60613.0,2.4009192,9.659153,Morgan + MACCS + CACTVS + descriptors,cidofovir,1 ring,1.0
60648,tiagabine,60648.0,6.9311733,7.6215243,Morgan + MACCS + CACTVS + descriptors,tiagabine,3 rings,3.0
60651,marbofloxacin,60651.0,9.856776,7.574669,Morgan + MACCS + CACTVS + descriptors,marbofloxacin,4+ rings,4.0
60657,levobetaxolol,60657.0,8.805595,6.2521744,Morgan + MACCS + CACTVS + descriptors,levobetaxolol,2 rings,2.0
60663,mibefradil,60663.0,7.6051927,10.970759,Morgan + MACCS + CACTVS + descriptors,mibefradil,4+ rings,4.0
6069552,2-tedc,6069552.0,8.393422,5.647463,Morgan + MACCS + CACTVS + descriptors,2-tedc,2 rings,2.0
60700,topotecan,60700.0,9.056307,10.485363,Morgan + MACCS + CACTVS + descriptors,topotecan,4+ rings,5.0
6072,phlorizin,6072.0,8.951763,4.79775,Morgan + MACCS + CACTVS + descriptors,phlorizin,3 rings,3.0
60726,bromfenac,60726.0,7.822185,7.5555224,Morgan + MACCS + CACTVS + descriptors,bromfenac,2 rings,2.0
60734,celgosivir,60734.0,1.3804442,8.519443,Morgan + MACCS + CACTVS + descriptors,celgosivir,2 rings,2.0
60748,pivanex,60748.0,0.40068585,8.581416,Morgan + MACCS + CACTVS + descriptors,pivanex,0 rings,0.0
60750,gemcitabine,60750.0,2.4269667,9.688259,Morgan + MACCS + CACTVS + descriptors,gemcitabine,2 rings,2.0
6077,acepromazine,6077.0,6.5654635,8.278505,Morgan + MACCS + CACTVS + descriptors,acepromazine,3 rings,3.0
6077765,esi-09,6077765.0,8.679561,9.268073,Morgan + MACCS + CACTVS + descriptors,esi-09,2 rings,2.0
60785,fananserin,60785.0,7.924576,8.74629,Morgan + MACCS + CACTVS + descriptors,fananserin,4+ rings,5.0
60795,aripiprazole,60795.0,9.132469,7.477356,Morgan + MACCS + CACTVS + descriptors,aripiprazole,4+ rings,4.0
60803,sipatrigine,60803.0,7.0021796,10.533906,Morgan + MACCS + CACTVS + descriptors,sipatrigine,3 rings,3.0
60809,xanomeline,60809.0,5.5770545,10.64023,Morgan + MACCS + CACTVS + descriptors,xanomeline,2 rings,2.0
60823,atorvastatin,60823.0,8.490129,10.605513,Morgan + MACCS + CACTVS + descriptors,atorvastatin,4+ rings,4.0
60825,lamivudine,60825.0,2.4113867,9.671926,Morgan + MACCS + CACTVS + descriptors,lamivudine,2 rings,2.0
6083,adenosine-phosphate,6083.0,6.0824656,11.7869,Morgan + MACCS + CACTVS + descriptors,adenosine-phosphate,3 rings,3.0
60835,duloxetine,60835.0,8.728023,6.325602,Morgan + MACCS + CACTVS + descriptors,duloxetine,3 rings,3.0
60838,irinotecan,60838.0,9.12377,10.3863325,Morgan + MACCS + CACTVS + descriptors,irinotecan,4+ rings,7.0
60840,aptiganel,60840.0,6.7558713,8.45767,Morgan + MACCS + CACTVS + descriptors,aptiganel,3 rings,3.0
60846,valsartan,60846.0,7.233448,7.9541254,Morgan + MACCS + CACTVS + descriptors,valsartan,3 rings,3.0
60852,ibandronate,60852.0,0.9121768,8.95595,Morgan + MACCS + CACTVS + descriptors,ibandronate,0 rings,0.0
60854,ziprasidone,60854.0,7.6472673,9.70622,Morgan + MACCS + CACTVS + descriptors,ziprasidone,4+ rings,5.0
60855,zanamivir,60855.0,1.496258,8.245247,Morgan + MACCS + CACTVS + descriptors,zanamivir,1 ring,1.0
60857,zolmitriptan,60857.0,8.285549,10.544989,Morgan + MACCS + CACTVS + descriptors,zolmitriptan,3 rings,3.0
60860,iobenguane,60860.0,6.4815974,7.4571767,Morgan + MACCS + CACTVS + descriptors,iobenguane,1 ring,1.0
6087,methicillin,6087.0,3.7312741,7.947706,Morgan + MACCS + CACTVS + descriptors,methicillin,3 rings,3.0
60870,darglitazone,60870.0,9.26014,9.7746525,Morgan + MACCS + CACTVS + descriptors,darglitazone,4+ rings,4.0
60871,adefovir-dipivoxil,60871.0,6.0438685,11.532814,Morgan + MACCS + CACTVS + descriptors,adefovir-dipivoxil,2 rings,2.0
60877,emtricitabine,60877.0,2.4065082,9.671346,Morgan + MACCS + CACTVS + descriptors,emtricitabine,2 rings,2.0
6091659,tyrphostin-ag-825,6091659.0,9.384447,9.632144,Morgan + MACCS + CACTVS + descriptors,tyrphostin-ag-825,3 rings,3.0
60923,quiflapon,60923.0,9.105465,10.139523,Morgan + MACCS + CACTVS + descriptors,quiflapon,4+ rings,5.0
6093,niridazole,6093.0,5.301196,11.061339,Morgan + MACCS + CACTVS + descriptors,niridazole,2 rings,2.0
6093355,betaxolol,6093355.0,8.83994,6.2240195,Morgan + MACCS + CACTVS + descriptors,betaxolol,2 rings,2.0
60943,relcovaptan,60943.0,9.127273,7.87695,Morgan + MACCS + CACTVS + descriptors,relcovaptan,4+ rings,5.0
60947,tirofiban,60947.0,8.962658,7.6789317,Morgan + MACCS + CACTVS + descriptors,tirofiban,2 rings,2.0
609483,arc-239,609483.0,9.122201,7.32475,Morgan + MACCS + CACTVS + descriptors,arc-239,4+ rings,4.0
60953,capecitabine,60953.0,2.4061723,9.673393,Morgan + MACCS + CACTVS + descriptors,capecitabine,2 rings,2.0
60961,adenosine,60961.0,6.098476,11.778924,Morgan + MACCS + CACTVS + descriptors,adenosine,3 rings,3.0
6098,cloxacillin,6098.0,3.7991333,7.9526258,Morgan + MACCS + CACTVS + descriptors,cloxacillin,4+ rings,4.0
6098167,oxybutynin,6098167.0,7.22828,6.7957873,Morgan + MACCS + CACTVS + descriptors,oxybutynin,2 rings,2.0
6103,zoxazolamine,6103.0,9.229527,10.057121,Morgan + MACCS + CACTVS + descriptors,zoxazolamine,2 rings,2.0
61041,safranal,61041.0,0.17096609,7.8736033,Morgan + MACCS + CACTVS + descriptors,safranal,1 ring,1.0
61041645,unc926,61041645.0,6.93661,7.8262157,Morgan + MACCS + CACTVS + descriptors,unc926,3 rings,3.0
610479,tolfenamic-acid,610479.0,7.9629817,7.714588,Morgan + MACCS + CACTVS + descriptors,tolfenamic-acid,2 rings,2.0
6127,diphemanil,6127.0,6.395774,8.096603,Morgan + MACCS + CACTVS + descriptors,diphemanil,3 rings,3.0
6129,carbaril,6129.0,8.617904,6.0721073,Morgan + MACCS + CACTVS + descriptors,carbaril,2 rings,2.0
613000,brd9876,613000.0,6.4022326,7.411509,Morgan + MACCS + CACTVS + descriptors,brd9876,2 rings,2.0
6133,uridine-5'-triphosphate,6133.0,2.4178898,9.683446,Morgan + MACCS + CACTVS + descriptors,uridine-5'-triphosphate,2 rings,2.0
6154037,cintriamide,6154037.0,8.455,5.7395344,Morgan + MACCS + CACTVS + descriptors,cintriamide,1 ring,1.0
6155526,trans-4-hydroxycrotonic-acid,6155526.0,0.38080677,8.658403,Morgan + MACCS + CACTVS + descriptors,trans-4-hydroxycrotonic-acid,0 rings,0.0
6160690,gr46611,6160690.0,9.503584,10.46576,Morgan + MACCS + CACTVS + descriptors,gr46611,3 rings,3.0
616236,mecarbinate,616236.0,9.083139,10.361604,Morgan + MACCS + CACTVS + descriptors,mecarbinate,2 rings,2.0
6166,desoxycortone,6166.0,0.11907043,6.5907936,Morgan + MACCS + CACTVS + descriptors,desoxycortone,4+ rings,4.0
6167,colchicine,6167.0,9.05534,6.542258,Morgan + MACCS + CACTVS + descriptors,colchicine,3 rings,3.0
6168,ethimizol,6168.0,5.7175097,11.331738,Morgan + MACCS + CACTVS + descriptors,ethimizol,1 ring,1.0
6175,cytidine,6175.0,2.415159,9.673351,Morgan + MACCS + CACTVS + descriptors,cytidine,2 rings,2.0
6178111,proguanil,6178111.0,6.7705874,8.790014,Morgan + MACCS + CACTVS + descriptors,proguanil,1 ring,1.0
6184667,ch55,6184667.0,7.0782957,6.1126065,Morgan + MACCS + CACTVS + descriptors,ch55,2 rings,2.0
6185,k-strophanthidin,6185.0,0.47166407,7.1059513,Morgan + MACCS + CACTVS + descriptors,k-strophanthidin,4+ rings,5.0
6194,uracil-mustard,6194.0,1.533173,9.119115,Morgan + MACCS + CACTVS + descriptors,uracil-mustard,1 ring,1.0
6196,oxacillin,6196.0,3.771245,7.945598,Morgan + MACCS + CACTVS + descriptors,oxacillin,4+ rings,4.0
6197,cycloheximide,6197.0,1.2777605,8.651555,Morgan + MACCS + CACTVS + descriptors,cycloheximide,2 rings,2.0
6199,psoralen,6199.0,8.457156,5.064323,Morgan + MACCS + CACTVS + descriptors,psoralen,3 rings,3.0
62034,lylamine,62034.0,6.411331,7.453801,Morgan + MACCS + CACTVS + descriptors,lylamine,3 rings,3.0
6215,fluocinolone-acetonide,6215.0,0.3122994,6.093008,Morgan + MACCS + CACTVS + descriptors,fluocinolone-acetonide,4+ rings,5.0
6230,norethindrone,6230.0,0.07466035,6.7769513,Morgan + MACCS + CACTVS + descriptors,norethindrone,4+ rings,4.0
6231,noretynodrel,6231.0,0.044445865,6.845429,Morgan + MACCS + CACTVS + descriptors,noretynodrel,4+ rings,4.0
6234,cycloserine-(d),6234.0,1.4567695,8.979908,Morgan + MACCS + CACTVS + descriptors,cycloserine-(d),1 ring,1.0
6238,hydroxyprogesterone,6238.0,0.08132445,6.7272286,Morgan + MACCS + CACTVS + descriptors,hydroxyprogesterone,4+ rings,4.0
62389,6-benzylaminopurine,62389.0,6.8401394,10.6473675,Morgan + MACCS + CACTVS + descriptors,6-benzylaminopurine,3 rings,3.0
6244,chlorisondamine-diiodide,6244.0,6.3626995,8.247026,Morgan + MACCS + CACTVS + descriptors,chlorisondamine-diiodide,2 rings,2.0
6251,mannitol-d,6251.0,0.074856624,8.79483,Morgan + MACCS + CACTVS + descriptors,mannitol-d,0 rings,0.0
6253,cytarabine,6253.0,2.4180872,9.67478,Morgan + MACCS + CACTVS + descriptors,cytarabine,2 rings,2.0
6255,d-(+)-maltose,6255.0,-0.022474399,8.646357,Morgan + MACCS + CACTVS + descriptors,d-(+)-maltose,2 rings,2.0
6256,trifluridine,6256.0,2.3908284,9.67149,Morgan + MACCS + CACTVS + descriptors,trifluridine,2 rings,2.0
6269,para-toluenesulfonamide,6269.0,8.177689,8.429402,Morgan + MACCS + CACTVS + descriptors,para-toluenesulfonamide,1 ring,1.0
6271,paroxypropione,6271.0,8.181639,5.4548306,Morgan + MACCS + CACTVS + descriptors,paroxypropione,1 ring,1.0
6279,medroxyprogesterone-acetate,6279.0,0.30348882,6.6436253,Morgan + MACCS + CACTVS + descriptors,medroxyprogesterone-acetate,4+ rings,4.0
62824,ici-63197,62824.0,5.616371,11.327462,Morgan + MACCS + CACTVS + descriptors,ici-63197,2 rings,2.0
62867,pipotiazine,62867.0,6.471339,8.268808,Morgan + MACCS + CACTVS + descriptors,pipotiazine,4+ rings,4.0
6288112,nsc-636819,6288112.0,7.784542,8.356548,Morgan + MACCS + CACTVS + descriptors,nsc-636819,3 rings,3.0
62882,propranolol,62882.0,8.81199,6.209615,Morgan + MACCS + CACTVS + descriptors,propranolol,2 rings,2.0
62887,cisatracurium,62887.0,7.6297927,6.582554,Morgan + MACCS + CACTVS + descriptors,cisatracurium,4+ rings,6.0
6291,mestranol,6291.0,7.941475,4.576692,Morgan + MACCS + CACTVS + descriptors,mestranol,4+ rings,4.0
6293,alizarin,6293.0,8.160011,5.050021,Morgan + MACCS + CACTVS + descriptors,alizarin,3 rings,3.0
62956,fosinoprilat,62956.0,7.3038344,7.4583893,Morgan + MACCS + CACTVS + descriptors,fosinoprilat,3 rings,3.0
63006,budesonide,63006.0,0.3177953,6.122357,Morgan + MACCS + CACTVS + descriptors,budesonide,4+ rings,5.0
6301,chlorquinaldol,6301.0,9.260595,10.933283,Morgan + MACCS + CACTVS + descriptors,chlorquinaldol,2 rings,2.0
63019,methylprednisolone-aceponate,63019.0,0.26895404,6.1762433,Morgan + MACCS + CACTVS + descriptors,methylprednisolone-aceponate,4+ rings,4.0
6303,cordycepin,6303.0,6.0970755,11.762681,Morgan + MACCS + CACTVS + descriptors,cordycepin,3 rings,3.0
6321415,ceftazidime,6321415.0,3.1022747,8.065708,Morgan + MACCS + CACTVS + descriptors,ceftazidime,4+ rings,4.0
6321424,ivermectin,6321424.0,0.81832033,7.3750486,Morgan + MACCS + CACTVS + descriptors,ivermectin,4+ rings,7.0
6322,l-arginine,6322.0,1.1416438,8.55321,Morgan + MACCS + CACTVS + descriptors,l-arginine,0 rings,0.0
6323266,tipiracil,6323266.0,1.558112,9.12971,Morgan + MACCS + CACTVS + descriptors,tipiracil,2 rings,2.0
6328657,ceftiofur,6328657.0,3.0617385,8.071317,Morgan + MACCS + CACTVS + descriptors,ceftiofur,4+ rings,4.0
6336338,mcn-5652-(+/-),6336338.0,6.4512563,7.8792996,Morgan + MACCS + CACTVS + descriptors,mcn-5652-(+/-),4+ rings,4.0
6336525,amiflamine,6336525.0,6.7340384,8.219419,Morgan + MACCS + CACTVS + descriptors,amiflamine,1 ring,1.0
6337614,palonosetron,6337614.0,7.016045,7.9108496,Morgan + MACCS + CACTVS + descriptors,palonosetron,4+ rings,6.0
6337640,dizocilpine-(-),6337640.0,6.3803864,7.4838657,Morgan + MACCS + CACTVS + descriptors,dizocilpine-(-),4+ rings,4.0
6338223,cbs-1114,6338223.0,6.740724,8.721188,Morgan + MACCS + CACTVS + descriptors,cbs-1114,2 rings,2.0
636403,carbenoxolone,636403.0,0.32930106,6.927847,Morgan + MACCS + CACTVS + descriptors,carbenoxolone,4+ rings,5.0
636405,cefpiramide,636405.0,3.6729927,7.941214,Morgan + MACCS + CACTVS + descriptors,cefpiramide,4+ rings,5.0
636822,alpha-asarone,636822.0,8.431857,5.6775794,Morgan + MACCS + CACTVS + descriptors,alpha-asarone,1 ring,1.0
637511,cinnamaldehyde,637511.0,6.8618526,6.548927,Morgan + MACCS + CACTVS + descriptors,cinnamaldehyde,1 ring,1.0
637542,naringeninic-acid,637542.0,7.9671273,5.6298213,Morgan + MACCS + CACTVS + descriptors,naringeninic-acid,1 ring,1.0
637563,anethole,637563.0,8.2984085,5.6444507,Morgan + MACCS + CACTVS + descriptors,anethole,1 ring,1.0
637568,dimethyl-fumarate,637568.0,0.37311247,8.638367,Morgan + MACCS + CACTVS + descriptors,dimethyl-fumarate,0 rings,0.0
637863,s18986,637863.0,8.320978,8.762811,Morgan + MACCS + CACTVS + descriptors,s18986,3 rings,3.0
638015,retinaldehyde,638015.0,0.14231569,7.8618183,Morgan + MACCS + CACTVS + descriptors,retinaldehyde,1 ring,1.0
638024,piperine,638024.0,9.201703,6.656822,Morgan + MACCS + CACTVS + descriptors,piperine,3 rings,3.0
638034,retinyl-acetate,638034.0,0.21288422,7.9202347,Morgan + MACCS + CACTVS + descriptors,retinyl-acetate,1 ring,1.0
638130,mercaptosuccinic-acid,638130.0,0.23014723,8.649216,Morgan + MACCS + CACTVS + descriptors,mercaptosuccinic-acid,0 rings,0.0
638278,isoliquiritigenin,638278.0,8.292146,5.0810575,Morgan + MACCS + CACTVS + descriptors,isoliquiritigenin,2 rings,2.0
638678,protirelin,638678.0,5.8276043,11.331948,Morgan + MACCS + CACTVS + descriptors,protirelin,3 rings,3.0
638793,gonadorelin,638793.0,5.7993436,5.504643,Morgan + MACCS + CACTVS + descriptors,gonadorelin,4+ rings,6.0
6398761,maxacalcitol,6398761.0,-0.1312649,7.1879005,Morgan + MACCS + CACTVS + descriptors,maxacalcitol,3 rings,3.0
6400,tribromoethanol,6400.0,0.3498904,9.014298,Morgan + MACCS + CACTVS + descriptors,tribromoethanol,0 rings,0.0
640038,benzoin,640038.0,7.081732,6.2029676,Morgan + MACCS + CACTVS + descriptors,benzoin,2 rings,2.0
6405,amylene-hydrate,6405.0,0.37468067,8.889557,Morgan + MACCS + CACTVS + descriptors,amylene-hydrate,0 rings,0.0
641115,ilepcimide,641115.0,9.239895,6.6520896,Morgan + MACCS + CACTVS + descriptors,ilepcimide,3 rings,3.0
641266,anabasine,641266.0,7.0781865,10.112072,Morgan + MACCS + CACTVS + descriptors,anabasine,2 rings,2.0
64139,efavirenz,64139.0,7.8855777,7.7243,Morgan + MACCS + CACTVS + descriptors,efavirenz,3 rings,3.0
64143,nelfinavir,64143.0,7.9274364,7.196748,Morgan + MACCS + CACTVS + descriptors,nelfinavir,4+ rings,4.0
641768,"2,6-dimethylpiperidine",641768.0,0.9249129,9.300109,Morgan + MACCS + CACTVS + descriptors,"2,6-dimethylpiperidine",1 ring,1.0
6419722,l-cysteine,6419722.0,1.0803096,8.593011,Morgan + MACCS + CACTVS + descriptors,l-cysteine,0 rings,0.0
6419753,d-4476,6419753.0,10.027389,9.98197,Morgan + MACCS + CACTVS + descriptors,d-4476,4+ rings,5.0
6419891,"d,l-mevalonic-acid-lactone",6419891.0,0.2792921,8.6100645,Morgan + MACCS + CACTVS + descriptors,"d,l-mevalonic-acid-lactone",1 ring,1.0
6419931,5-methylhydantoin-(l),6419931.0,1.4953942,9.0495615,Morgan + MACCS + CACTVS + descriptors,5-methylhydantoin-(l),1 ring,1.0
6420138,cyc116,6420138.0,7.077969,10.835742,Morgan + MACCS + CACTVS + descriptors,cyc116,4+ rings,4.0
6420160,ubp-310,6420160.0,3.8176143,7.9369392,Morgan + MACCS + CACTVS + descriptors,ubp-310,2 rings,2.0
6420161,ubp-302,6420161.0,7.474415,7.774976,Morgan + MACCS + CACTVS + descriptors,ubp-302,2 rings,2.0
6421,trichloroacetic-acid,6421.0,0.27617872,8.696572,Morgan + MACCS + CACTVS + descriptors,trichloroacetic-acid,0 rings,0.0
6421522,proxyfan,6421522.0,6.9477305,10.262602,Morgan + MACCS + CACTVS + descriptors,proxyfan,2 rings,2.0
6422124,ciproxifan,6422124.0,9.743745,9.780297,Morgan + MACCS + CACTVS + descriptors,ciproxifan,3 rings,3.0
642376,butylidenephthalide,642376.0,7.279331,6.072771,Morgan + MACCS + CACTVS + descriptors,butylidenephthalide,2 rings,2.0
6431152,elemene,6431152.0,0.09550523,7.7438984,Morgan + MACCS + CACTVS + descriptors,elemene,1 ring,1.0
6433083,hexaminolevulinate,6433083.0,0.7502792,8.512395,Morgan + MACCS + CACTVS + descriptors,hexaminolevulinate,0 rings,0.0
6433090,imidafenacin,6433090.0,7.45084,10.965805,Morgan + MACCS + CACTVS + descriptors,imidafenacin,3 rings,3.0
6433092,eniporide,6433092.0,8.232708,9.583356,Morgan + MACCS + CACTVS + descriptors,eniporide,2 rings,2.0
6433109,xbd173,6433109.0,7.49201,11.12653,Morgan + MACCS + CACTVS + descriptors,xbd173,4+ rings,4.0
6433110,zoniporide,6433110.0,7.931068,10.664302,Morgan + MACCS + CACTVS + descriptors,zoniporide,4+ rings,4.0
6433118,lirimilast,6433118.0,8.960268,7.9522324,Morgan + MACCS + CACTVS + descriptors,lirimilast,3 rings,3.0
6433122,pruvanserin,6433122.0,8.230902,10.644725,Morgan + MACCS + CACTVS + descriptors,pruvanserin,4+ rings,4.0
6433252,perchlozone,6433252.0,7.005385,10.019944,Morgan + MACCS + CACTVS + descriptors,perchlozone,1 ring,1.0
6434391,xilobam,6434391.0,6.9210234,8.4563875,Morgan + MACCS + CACTVS + descriptors,xilobam,2 rings,2.0
6434395,cinepazet,6434395.0,9.217379,6.657084,Morgan + MACCS + CACTVS + descriptors,cinepazet,2 rings,2.0
643460,sorbic-acid,643460.0,0.3278722,8.648229,Morgan + MACCS + CACTVS + descriptors,sorbic-acid,0 rings,0.0
6434871,cinflumide,6434871.0,6.8846354,7.521825,Morgan + MACCS + CACTVS + descriptors,cinflumide,2 rings,2.0
643497,sulpiride,643497.0,9.143846,7.8327518,Morgan + MACCS + CACTVS + descriptors,sulpiride,2 rings,2.0
6435415,cilastatin,6435415.0,1.4324405,8.3166065,Morgan + MACCS + CACTVS + descriptors,cilastatin,1 ring,1.0
6435801,midafotel,6435801.0,1.3421729,8.838889,Morgan + MACCS + CACTVS + descriptors,midafotel,1 ring,1.0
6436,triamcinolone-acetonide,6436.0,0.33732897,6.092502,Morgan + MACCS + CACTVS + descriptors,triamcinolone-acetonide,4+ rings,5.0
643606,rauwolscine,643606.0,8.596142,10.598108,Morgan + MACCS + CACTVS + descriptors,rauwolscine,4+ rings,5.0
6436135,cinalukast,6436135.0,7.9166803,10.233363,Morgan + MACCS + CACTVS + descriptors,cinalukast,3 rings,3.0
6436208,cephalomannine,6436208.0,9.205257,5.775183,Morgan + MACCS + CACTVS + descriptors,cephalomannine,4+ rings,6.0
6436219,latrunculin-b,6436219.0,0.83191806,7.656337,Morgan + MACCS + CACTVS + descriptors,latrunculin-b,3 rings,3.0
643684,ricinoleic-acid,643684.0,0.39750558,8.209434,Morgan + MACCS + CACTVS + descriptors,ricinoleic-acid,0 rings,0.0
643757,cis-aconitic-acid,643757.0,0.3192904,8.626144,Morgan + MACCS + CACTVS + descriptors,cis-aconitic-acid,0 rings,0.0
6437836,peretinoin,6437836.0,0.24839322,8.044645,Morgan + MACCS + CACTVS + descriptors,peretinoin,0 rings,0.0
6437850,mofegiline,6437850.0,6.5028706,7.4247584,Morgan + MACCS + CACTVS + descriptors,mofegiline,1 ring,1.0
6437877,cefditoren-pivoxil,6437877.0,3.011031,8.081772,Morgan + MACCS + CACTVS + descriptors,cefditoren-pivoxil,4+ rings,4.0
6438152,gaba-linoleamide,6438152.0,0.7516125,8.378703,Morgan + MACCS + CACTVS + descriptors,gaba-linoleamide,0 rings,0.0
6438340,igmesine,6438340.0,6.431364,7.654238,Morgan + MACCS + CACTVS + descriptors,igmesine,3 rings,3.0
6438354,bw-a4c,6438354.0,8.596052,6.176211,Morgan + MACCS + CACTVS + descriptors,bw-a4c,2 rings,2.0
6438378,limaprost-alfadex,6438378.0,0.46175423,7.759832,Morgan + MACCS + CACTVS + descriptors,limaprost-alfadex,1 ring,1.0
6438381,acetyl-farnesyl-cysteine,6438381.0,1.1558881,8.367127,Morgan + MACCS + CACTVS + descriptors,acetyl-farnesyl-cysteine,0 rings,0.0
6438461,furvina,6438461.0,9.00221,8.443461,Morgan + MACCS + CACTVS + descriptors,furvina,1 ring,1.0
6438504,uk-5099,6438504.0,8.542324,10.622228,Morgan + MACCS + CACTVS + descriptors,uk-5099,3 rings,3.0
6438792,cgp-39551,6438792.0,0.9806572,8.581791,Morgan + MACCS + CACTVS + descriptors,cgp-39551,0 rings,0.0
6438895,elacytarabine,6438895.0,2.4173696,9.678612,Morgan + MACCS + CACTVS + descriptors,elacytarabine,2 rings,2.0
6438990,kme-4,6438990.0,8.081404,5.4312897,Morgan + MACCS + CACTVS + descriptors,kme-4,2 rings,2.0
64393,pnu-37883,64393.0,1.1297251,9.262077,Morgan + MACCS + CACTVS + descriptors,pnu-37883,4+ rings,6.0
6439397,e3330,6439397.0,0.44487795,7.860375,Morgan + MACCS + CACTVS + descriptors,e3330,1 ring,1.0
6439522,tapinarof,6439522.0,7.8472824,5.5888968,Morgan + MACCS + CACTVS + descriptors,tapinarof,2 rings,2.0
643975,flavin-adenine-dinucleotide,643975.0,6.2851253,11.713545,Morgan + MACCS + CACTVS + descriptors,flavin-adenine-dinucleotide,4+ rings,6.0
643976,riboflavin-5-phosphate-sodium,643976.0,7.4835916,8.283299,Morgan + MACCS + CACTVS + descriptors,riboflavin-5-phosphate-sodium,3 rings,3.0
644020,sparteine-(-),644020.0,1.1990534,9.217995,Morgan + MACCS + CACTVS + descriptors,sparteine-(-),4+ rings,4.0
644160,xylose,644160.0,0.07489287,8.791465,Morgan + MACCS + CACTVS + descriptors,xylose,0 rings,0.0
644213,gw-9662,644213.0,7.76711,8.2539015,Morgan + MACCS + CACTVS + descriptors,gw-9662,2 rings,2.0
644215,cgp-60474,644215.0,7.13761,10.648793,Morgan + MACCS + CACTVS + descriptors,cgp-60474,3 rings,3.0
644241,nilotinib,644241.0,7.5886374,11.068295,Morgan + MACCS + CACTVS + descriptors,nilotinib,4+ rings,5.0
6443803,cinoctramide,6443803.0,9.230757,6.6010275,Morgan + MACCS + CACTVS + descriptors,cinoctramide,2 rings,2.0
6444206,azalomycin-b,6444206.0,0.82050717,7.3234677,Morgan + MACCS + CACTVS + descriptors,azalomycin-b,4+ rings,5.0
6444688,ly223982,6444688.0,8.479483,5.343225,Morgan + MACCS + CACTVS + descriptors,ly223982,3 rings,3.0
6444692,mubritinib,6444692.0,9.643937,9.988659,Morgan + MACCS + CACTVS + descriptors,mubritinib,4+ rings,4.0
6445230,nalfurafine,6445230.0,9.355958,6.6829143,Morgan + MACCS + CACTVS + descriptors,nalfurafine,4+ rings,7.0
6445533,dacinostat,6445533.0,8.304929,10.519694,Morgan + MACCS + CACTVS + descriptors,dacinostat,3 rings,3.0
6445562,pelitinib,6445562.0,10.39421,10.34688,Morgan + MACCS + CACTVS + descriptors,pelitinib,3 rings,3.0
644733,jw-67,644733.0,7.911441,7.7911444,Morgan + MACCS + CACTVS + descriptors,jw-67,4+ rings,6.0
6450546,gavestinel,6450546.0,8.608574,10.477509,Morgan + MACCS + CACTVS + descriptors,gavestinel,3 rings,3.0
6450551,axitinib,6450551.0,8.077079,10.525555,Morgan + MACCS + CACTVS + descriptors,axitinib,4+ rings,4.0
6450813,indiplon,6450813.0,7.5453315,10.70922,Morgan + MACCS + CACTVS + descriptors,indiplon,4+ rings,4.0
6450819,tiplaxtinin,6450819.0,9.219838,10.329822,Morgan + MACCS + CACTVS + descriptors,tiplaxtinin,4+ rings,4.0
6450842,su4312,6450842.0,7.282332,8.376428,Morgan + MACCS + CACTVS + descriptors,su4312,3 rings,3.0
6451149,netupitant,6451149.0,7.54327,11.066747,Morgan + MACCS + CACTVS + descriptors,netupitant,4+ rings,4.0
6451164,rilpivirine,6451164.0,6.885572,10.429242,Morgan + MACCS + CACTVS + descriptors,rilpivirine,3 rings,3.0
6456014,belotecan,6456014.0,8.7821865,10.514258,Morgan + MACCS + CACTVS + descriptors,belotecan,4+ rings,5.0
6457069,wdr5-0103,6457069.0,9.171149,7.342519,Morgan + MACCS + CACTVS + descriptors,wdr5-0103,3 rings,3.0
6466,md-920,6466.0,0.4886248,7.2335844,Morgan + MACCS + CACTVS + descriptors,md-920,4+ rings,5.0
64715,mevastatin,64715.0,0.48332182,7.700784,Morgan + MACCS + CACTVS + descriptors,mevastatin,3 rings,3.0
6472,caramiphen,6472.0,7.215601,6.8038073,Morgan + MACCS + CACTVS + descriptors,caramiphen,2 rings,2.0
6473876,nim811,6473876.0,1.150009,7.6761584,Morgan + MACCS + CACTVS + descriptors,nim811,1 ring,1.0
6473881,parthenolide,6473881.0,0.4539942,7.5551567,Morgan + MACCS + CACTVS + descriptors,parthenolide,3 rings,3.0
64741,sulfanilate-zinc,64741.0,8.294312,8.662769,Morgan + MACCS + CACTVS + descriptors,sulfanilate-zinc,2 rings,2.0
6474640,"1,5-dicaffeoylquinic-acid",6474640.0,8.812656,4.8802404,Morgan + MACCS + CACTVS + descriptors,"1,5-dicaffeoylquinic-acid",3 rings,3.0
6477,acedapsone,6477.0,8.328037,8.659651,Morgan + MACCS + CACTVS + descriptors,acedapsone,2 rings,2.0
64782,"n-methyl-(-)ephedrine-[1r,2s]",64782.0,7.959352,6.4639463,Morgan + MACCS + CACTVS + descriptors,"n-methyl-(-)ephedrine-[1r,2s]",1 ring,1.0
6479523,azlocillin,6479523.0,3.773205,7.937655,Morgan + MACCS + CACTVS + descriptors,azlocillin,4+ rings,4.0
64799,cl-225385,64799.0,6.9549155,6.3453026,Morgan + MACCS + CACTVS + descriptors,cl-225385,1 ring,1.0
6480466,delamanid,6480466.0,9.968055,9.603125,Morgan + MACCS + CACTVS + descriptors,delamanid,4+ rings,5.0
6481236,psi-6130,6481236.0,2.417422,9.678889,Morgan + MACCS + CACTVS + descriptors,psi-6130,2 rings,2.0
64819,irganox-1010,64819.0,8.383982,5.272078,Morgan + MACCS + CACTVS + descriptors,irganox-1010,4+ rings,4.0
64929,fenofibric-acid,64929.0,8.487076,5.5517707,Morgan + MACCS + CACTVS + descriptors,fenofibric-acid,2 rings,2.0
6494,meparfylon,6494.0,0.40659988,8.856585,Morgan + MACCS + CACTVS + descriptors,meparfylon,0 rings,0.0
64945,ursolic-acid,64945.0,0.2638106,6.893225,Morgan + MACCS + CACTVS + descriptors,ursolic-acid,4+ rings,5.0
64971,betulinic-acid,64971.0,0.22514969,6.9908276,Morgan + MACCS + CACTVS + descriptors,betulinic-acid,4+ rings,5.0
64981,arctigenin,64981.0,8.541665,5.4196687,Morgan + MACCS + CACTVS + descriptors,arctigenin,3 rings,3.0
65015,plerixafor,65015.0,6.410383,7.624171,Morgan + MACCS + CACTVS + descriptors,plerixafor,3 rings,3.0
65016,amprenavir,65016.0,8.377985,8.457814,Morgan + MACCS + CACTVS + descriptors,amprenavir,3 rings,3.0
65028,oseltamivir-phosphate,65028.0,1.4004816,8.237844,Morgan + MACCS + CACTVS + descriptors,oseltamivir-phosphate,1 ring,1.0
6503,trometamol,6503.0,0.6897433,8.780735,Morgan + MACCS + CACTVS + descriptors,trometamol,0 rings,0.0
65055,benethamine,65055.0,6.4454975,7.5178585,Morgan + MACCS + CACTVS + descriptors,benethamine,2 rings,2.0
65057,diphencyprone,65057.0,6.8669806,6.4140997,Morgan + MACCS + CACTVS + descriptors,diphencyprone,3 rings,3.0
65064,epigallocatechin-gallate-(-),65064.0,8.831186,4.8738613,Morgan + MACCS + CACTVS + descriptors,epigallocatechin-gallate-(-),4+ rings,4.0
65108,squaric-acid-dibutyl-ester,65108.0,0.38066384,8.574536,Morgan + MACCS + CACTVS + descriptors,squaric-acid-dibutyl-ester,1 ring,1.0
6518171,gw-1929,6518171.0,9.884588,10.198108,Morgan + MACCS + CACTVS + descriptors,gw-1929,4+ rings,4.0
6519698,jib04,6519698.0,6.996638,10.143063,Morgan + MACCS + CACTVS + descriptors,jib04,3 rings,3.0
6529858,pafuramidine,6529858.0,8.64225,6.4586854,Morgan + MACCS + CACTVS + descriptors,pafuramidine,3 rings,3.0
65324,dobutamine,65324.0,8.157636,6.4769087,Morgan + MACCS + CACTVS + descriptors,dobutamine,2 rings,2.0
6533629,ceftizoxim,6533629.0,2.9789333,8.089283,Morgan + MACCS + CACTVS + descriptors,ceftizoxim,3 rings,3.0
65351,pyrrolidine-dithiocarbamate,65351.0,1.0430217,9.249837,Morgan + MACCS + CACTVS + descriptors,pyrrolidine-dithiocarbamate,1 ring,1.0
65373,secoisolariciresinol-(-),65373.0,8.420559,5.560462,Morgan + MACCS + CACTVS + descriptors,secoisolariciresinol-(-),2 rings,2.0
65388,linsidomine,65388.0,1.3153576,9.486132,Morgan + MACCS + CACTVS + descriptors,linsidomine,2 rings,2.0
6538897,1-azakenpaullone,6538897.0,8.219293,10.714102,Morgan + MACCS + CACTVS + descriptors,1-azakenpaullone,4+ rings,4.0
65399,triciribine,65399.0,6.1466227,11.759783,Morgan + MACCS + CACTVS + descriptors,triciribine,4+ rings,4.0
6540466,carumonam,6540466.0,2.9771254,8.089343,Morgan + MACCS + CACTVS + descriptors,carumonam,2 rings,2.0
6540478,norgestimate,6540478.0,0.14842497,6.7503705,Morgan + MACCS + CACTVS + descriptors,norgestimate,4+ rings,4.0
65435,pelanserin,65435.0,7.2338686,8.431687,Morgan + MACCS + CACTVS + descriptors,pelanserin,4+ rings,4.0
65459349,pf-04885614,65459349.0,9.912639,9.73195,Morgan + MACCS + CACTVS + descriptors,pf-04885614,2 rings,2.0
65482,sinefungin,65482.0,6.0861864,11.811606,Morgan + MACCS + CACTVS + descriptors,sinefungin,3 rings,3.0
65490,halopemide,65490.0,7.2477293,8.518103,Morgan + MACCS + CACTVS + descriptors,halopemide,4+ rings,4.0
65492,iopamidol,65492.0,7.6313963,7.838183,Morgan + MACCS + CACTVS + descriptors,iopamidol,1 ring,1.0
65526,4-(aminomethyl)benzoic-acid,65526.0,7.5410056,7.1060014,Morgan + MACCS + CACTVS + descriptors,4-(aminomethyl)benzoic-acid,1 ring,1.0
6556267,prulifloxacin,6556267.0,9.967504,7.62906,Morgan + MACCS + CACTVS + descriptors,prulifloxacin,4+ rings,5.0
65575,cedrol-(+),65575.0,0.049600128,7.4427853,Morgan + MACCS + CACTVS + descriptors,cedrol-(+),3 rings,3.0
6560167,cefadroxil,6560167.0,3.6884024,7.9564095,Morgan + MACCS + CACTVS + descriptors,cefadroxil,3 rings,3.0
6560168,cephalexin,6560168.0,3.6947188,7.954568,Morgan + MACCS + CACTVS + descriptors,cephalexin,3 rings,3.0
65626,dimesna,65626.0,0.5462186,8.943021,Morgan + MACCS + CACTVS + descriptors,dimesna,0 rings,0.0
65628,bendamustine,65628.0,7.611438,11.125336,Morgan + MACCS + CACTVS + descriptors,bendamustine,2 rings,2.0
65637,zatebradine,65637.0,9.202769,6.695719,Morgan + MACCS + CACTVS + descriptors,zatebradine,3 rings,3.0
656516,amygdalin,656516.0,8.928256,4.9471407,Morgan + MACCS + CACTVS + descriptors,amygdalin,3 rings,3.0
65655,amtolmetin-guacil,65655.0,9.454361,10.144563,Morgan + MACCS + CACTVS + descriptors,amtolmetin-guacil,3 rings,3.0
656576,cefsulodin,656576.0,3.3289557,8.02648,Morgan + MACCS + CACTVS + descriptors,cefsulodin,4+ rings,4.0
656580,chloramphenicol-sodium-succinate,656580.0,8.139989,7.899004,Morgan + MACCS + CACTVS + descriptors,chloramphenicol-sodium-succinate,1 ring,1.0
65659,eprobemide,65659.0,6.9000597,7.722518,Morgan + MACCS + CACTVS + descriptors,eprobemide,2 rings,2.0
656604,bucillamine,656604.0,1.2611191,8.428972,Morgan + MACCS + CACTVS + descriptors,bucillamine,0 rings,0.0
656615,potassium-canrenoate,656615.0,0.15826765,6.7362747,Morgan + MACCS + CACTVS + descriptors,potassium-canrenoate,4+ rings,4.0
656629,omapatrilat,656629.0,7.1646023,7.414619,Morgan + MACCS + CACTVS + descriptors,omapatrilat,3 rings,3.0
65663,aloxistatin,65663.0,1.3857881,8.330897,Morgan + MACCS + CACTVS + descriptors,aloxistatin,1 ring,1.0
656641,polidocanol,656641.0,0.51623636,8.438736,Morgan + MACCS + CACTVS + descriptors,polidocanol,0 rings,0.0
65666,tasuldine,65666.0,7.0495033,10.110406,Morgan + MACCS + CACTVS + descriptors,tasuldine,2 rings,2.0
656667,benidipine,656667.0,8.433937,7.970886,Morgan + MACCS + CACTVS + descriptors,benidipine,4+ rings,4.0
65673,imirestat,65673.0,7.064592,7.997465,Morgan + MACCS + CACTVS + descriptors,imirestat,4+ rings,4.0
656732,xe-991,656732.0,8.326736,10.993895,Morgan + MACCS + CACTVS + descriptors,xe-991,4+ rings,5.0
656734,tram-34,656734.0,7.1674166,10.091409,Morgan + MACCS + CACTVS + descriptors,tram-34,4+ rings,4.0
656765,dcebio,656765.0,6.9779706,8.650072,Morgan + MACCS + CACTVS + descriptors,dcebio,2 rings,2.0
656773,glycerol-monolaurate,656773.0,0.4516901,8.304582,Morgan + MACCS + CACTVS + descriptors,glycerol-monolaurate,0 rings,0.0
65679,droxicam,65679.0,8.633477,9.536339,Morgan + MACCS + CACTVS + descriptors,droxicam,4+ rings,4.0
656804,prednisolone-hemisuccinate,656804.0,0.25026274,6.2103963,Morgan + MACCS + CACTVS + descriptors,prednisolone-hemisuccinate,4+ rings,4.0
65681,isbufylline,65681.0,5.706773,11.416513,Morgan + MACCS + CACTVS + descriptors,isbufylline,2 rings,2.0
656954,prinaberel,656954.0,9.175841,10.192323,Morgan + MACCS + CACTVS + descriptors,prinaberel,3 rings,3.0
65707,salazodine,65707.0,8.932469,8.259774,Morgan + MACCS + CACTVS + descriptors,salazodine,3 rings,3.0
65708,procodazole,65708.0,7.5602674,10.671819,Morgan + MACCS + CACTVS + descriptors,procodazole,2 rings,2.0
65709,caroverin,65709.0,9.122374,7.330267,Morgan + MACCS + CACTVS + descriptors,caroverin,3 rings,3.0
657181,leuprolide,657181.0,5.7994595,5.510774,Morgan + MACCS + CACTVS + descriptors,leuprolide,4+ rings,6.0
657184,acebutolol,657184.0,8.685409,7.0021086,Morgan + MACCS + CACTVS + descriptors,acebutolol,1 ring,1.0
657233,phenoxybenzamine,657233.0,8.571266,6.565775,Morgan + MACCS + CACTVS + descriptors,phenoxybenzamine,2 rings,2.0
657237,fludarabine,657237.0,6.112553,11.793004,Morgan + MACCS + CACTVS + descriptors,fludarabine,3 rings,3.0
657255,suloctidil,657255.0,8.031071,6.497586,Morgan + MACCS + CACTVS + descriptors,suloctidil,1 ring,1.0
657280,benserazide,657280.0,7.981369,6.4199467,Morgan + MACCS + CACTVS + descriptors,benserazide,1 ring,1.0
657286,methoxamine,657286.0,8.272672,6.3087745,Morgan + MACCS + CACTVS + descriptors,methoxamine,1 ring,1.0
657298,propylthiouracil,657298.0,1.5156405,9.149517,Morgan + MACCS + CACTVS + descriptors,propylthiouracil,1 ring,1.0
657320,fluoxetine,657320.0,8.6624155,6.394847,Morgan + MACCS + CACTVS + descriptors,fluoxetine,2 rings,2.0
657354,octopamine,657354.0,8.019302,6.328726,Morgan + MACCS + CACTVS + descriptors,octopamine,1 ring,1.0
657378,n6-cyclopentyladenosine,657378.0,6.09101,11.786984,Morgan + MACCS + CACTVS + descriptors,n6-cyclopentyladenosine,4+ rings,4.0
657392,buphenine,657392.0,8.15096,6.499949,Morgan + MACCS + CACTVS + descriptors,buphenine,2 rings,2.0
6575,trichloroethylene,6575.0,0.41185376,9.111937,Morgan + MACCS + CACTVS + descriptors,trichloroethylene,0 rings,0.0
65752,rutaecarpine,65752.0,8.089209,10.738527,Morgan + MACCS + CACTVS + descriptors,rutaecarpine,4+ rings,5.0
65777,etofibrate,65777.0,9.346616,10.648311,Morgan + MACCS + CACTVS + descriptors,etofibrate,2 rings,2.0
65781,ecabet,65781.0,7.1352086,6.240086,Morgan + MACCS + CACTVS + descriptors,ecabet,3 rings,3.0
65784,oxaceprol,65784.0,1.4925178,8.581825,Morgan + MACCS + CACTVS + descriptors,oxaceprol,1 ring,1.0
65790,sulmetozine,65790.0,9.241663,6.6296415,Morgan + MACCS + CACTVS + descriptors,sulmetozine,2 rings,2.0
65820,carebastine,65820.0,7.3317366,6.900015,Morgan + MACCS + CACTVS + descriptors,carebastine,4+ rings,4.0
65846,nuvenzepine,65846.0,7.4874887,11.253352,Morgan + MACCS + CACTVS + descriptors,nuvenzepine,4+ rings,4.0
65853,eltoprazine,65853.0,9.066292,7.024963,Morgan + MACCS + CACTVS + descriptors,eltoprazine,3 rings,3.0
65854,anpirtoline,65854.0,7.0889306,10.015987,Morgan + MACCS + CACTVS + descriptors,anpirtoline,2 rings,2.0
65859,levodropropizine,65859.0,6.785901,8.034496,Morgan + MACCS + CACTVS + descriptors,levodropropizine,2 rings,2.0
65865,nerbacadol,65865.0,1.5610031,9.022941,Morgan + MACCS + CACTVS + descriptors,nerbacadol,2 rings,2.0
65869,ebrotidine,65869.0,8.146711,9.430494,Morgan + MACCS + CACTVS + descriptors,ebrotidine,2 rings,2.0
65885,ecabapide,65885.0,9.080982,7.0635715,Morgan + MACCS + CACTVS + descriptors,ecabapide,2 rings,2.0
65889,apafant,65889.0,7.4943886,10.256331,Morgan + MACCS + CACTVS + descriptors,apafant,4+ rings,5.0
65900,lintopride,65900.0,9.115069,7.4350653,Morgan + MACCS + CACTVS + descriptors,lintopride,2 rings,2.0
65906,mizolastine,65906.0,7.4164543,11.027433,Morgan + MACCS + CACTVS + descriptors,mizolastine,4+ rings,5.0
65907,nemorubicin,65907.0,9.234549,5.745539,Morgan + MACCS + CACTVS + descriptors,nemorubicin,4+ rings,6.0
65937,dexloxiglumide,65937.0,7.1194572,7.537672,Morgan + MACCS + CACTVS + descriptors,dexloxiglumide,1 ring,1.0
65944,pidotimod,65944.0,1.5632588,8.560582,Morgan + MACCS + CACTVS + descriptors,pidotimod,2 rings,2.0
65957,pazufloxacin,65957.0,9.731145,7.535689,Morgan + MACCS + CACTVS + descriptors,pazufloxacin,4+ rings,4.0
65981,repaglinide,65981.0,9.052108,7.2507534,Morgan + MACCS + CACTVS + descriptors,repaglinide,3 rings,3.0
659840,vesamicol,659840.0,7.4162116,7.1432962,Morgan + MACCS + CACTVS + descriptors,vesamicol,3 rings,3.0
65996,sameridine,65996.0,6.9440684,7.662832,Morgan + MACCS + CACTVS + descriptors,sameridine,2 rings,2.0
65997,lerisetron,65997.0,6.985878,10.698082,Morgan + MACCS + CACTVS + descriptors,lerisetron,4+ rings,4.0
65999,telmisartan,65999.0,7.8035755,11.224282,Morgan + MACCS + CACTVS + descriptors,telmisartan,4+ rings,6.0
66003,efletirizine,66003.0,6.9029007,7.5177464,Morgan + MACCS + CACTVS + descriptors,efletirizine,3 rings,3.0
6603,pempidine,6603.0,0.97868866,9.323789,Morgan + MACCS + CACTVS + descriptors,pempidine,1 ring,1.0
6603706,methacholine,6603706.0,1.2376032,9.7129,Morgan + MACCS + CACTVS + descriptors,methacholine,0 rings,0.0
6603720,ha-966-(r)-(+),6603720.0,1.5164417,8.919447,Morgan + MACCS + CACTVS + descriptors,ha-966-(r)-(+),1 ring,1.0
6603728,bay-k-8644-(s)-(-),6603728.0,8.35946,7.953993,Morgan + MACCS + CACTVS + descriptors,bay-k-8644-(s)-(-),2 rings,2.0
6603754,cpp,6603754.0,1.3268046,8.861847,Morgan + MACCS + CACTVS + descriptors,cpp,1 ring,1.0
6603772,mitotane,6603772.0,6.522672,7.151938,Morgan + MACCS + CACTVS + descriptors,mitotane,2 rings,2.0
6603779,bethanechol,6603779.0,1.2368666,9.701284,Morgan + MACCS + CACTVS + descriptors,bethanechol,0 rings,0.0
6603799,skf-38393,6603799.0,8.162417,6.5509233,Morgan + MACCS + CACTVS + descriptors,skf-38393,3 rings,3.0
6603820,dihydrexidine,6603820.0,8.19197,6.6243863,Morgan + MACCS + CACTVS + descriptors,dihydrexidine,4+ rings,4.0
6603827,n20c,6603827.0,6.924792,7.575273,Morgan + MACCS + CACTVS + descriptors,n20c,2 rings,2.0
6603853,fexofenadine,6603853.0,7.370023,6.9063954,Morgan + MACCS + CACTVS + descriptors,fexofenadine,4+ rings,4.0
6603865,alpha-methylhistamine-dihydrobromide-(s)-(+),6603865.0,5.717552,11.105666,Morgan + MACCS + CACTVS + descriptors,alpha-methylhistamine-dihydrobromide-(s)-(+),1 ring,1.0
6603901,l-165041,6603901.0,8.50863,5.2747726,Morgan + MACCS + CACTVS + descriptors,l-165041,2 rings,2.0
6603903,lomefloxacin,6603903.0,9.963423,7.6459503,Morgan + MACCS + CACTVS + descriptors,lomefloxacin,3 rings,3.0
6603906,proglumide,6603906.0,7.171635,7.416138,Morgan + MACCS + CACTVS + descriptors,proglumide,1 ring,1.0
6603939,naftopidil,6603939.0,9.013879,7.0005665,Morgan + MACCS + CACTVS + descriptors,naftopidil,4+ rings,4.0
6603948,nicardipine,6603948.0,8.378521,7.975828,Morgan + MACCS + CACTVS + descriptors,nicardipine,3 rings,3.0
6603976,prilocaine,6603976.0,7.0763307,8.1532135,Morgan + MACCS + CACTVS + descriptors,prilocaine,1 ring,1.0
6603993,spiroxatrine,6603993.0,9.108631,7.1888623,Morgan + MACCS + CACTVS + descriptors,spiroxatrine,4+ rings,5.0
6603997,skf-77434,6603997.0,8.185854,6.6631813,Morgan + MACCS + CACTVS + descriptors,skf-77434,3 rings,3.0
6604001,salmeterol,6604001.0,8.198751,6.4830685,Morgan + MACCS + CACTVS + descriptors,salmeterol,2 rings,2.0
6604007,siguazodan,6604007.0,7.1161017,8.5676,Morgan + MACCS + CACTVS + descriptors,siguazodan,2 rings,2.0
6604009,sb-222200,6604009.0,8.389598,10.858401,Morgan + MACCS + CACTVS + descriptors,sb-222200,4+ rings,4.0
6604015,skf-89976a,6604015.0,7.2497644,7.1434135,Morgan + MACCS + CACTVS + descriptors,skf-89976a,3 rings,3.0
6604024,trimipramine,6604024.0,6.5537157,8.170996,Morgan + MACCS + CACTVS + descriptors,trimipramine,3 rings,3.0
6604035,terfenadine,6604035.0,7.4396253,6.9570518,Morgan + MACCS + CACTVS + descriptors,terfenadine,4+ rings,4.0
6604102,doxazosin,6604102.0,10.671863,10.403941,Morgan + MACCS + CACTVS + descriptors,doxazosin,4+ rings,5.0
6604117,ifenprodil,6604117.0,8.120414,6.780118,Morgan + MACCS + CACTVS + descriptors,ifenprodil,3 rings,3.0
6604183,metrifonate,6604183.0,0.38200173,9.086239,Morgan + MACCS + CACTVS + descriptors,metrifonate,0 rings,0.0
6604200,nitrofurantoin,6604200.0,9.041132,8.518411,Morgan + MACCS + CACTVS + descriptors,nitrofurantoin,2 rings,2.0
6604207,quinethazone,6604207.0,8.337285,8.81835,Morgan + MACCS + CACTVS + descriptors,quinethazone,2 rings,2.0
6604211,chlormezanone,6604211.0,6.9157224,7.917497,Morgan + MACCS + CACTVS + descriptors,chlormezanone,2 rings,2.0
6604215,phensuximide,6604215.0,6.9815793,7.7830215,Morgan + MACCS + CACTVS + descriptors,phensuximide,2 rings,2.0
6604266,hexylcaine,6604266.0,7.271571,6.856742,Morgan + MACCS + CACTVS + descriptors,hexylcaine,2 rings,2.0
6604279,cyclopenthiazide,6604279.0,8.346968,8.7848625,Morgan + MACCS + CACTVS + descriptors,cyclopenthiazide,3 rings,3.0
6604289,meclizine,6604289.0,6.621639,7.72878,Morgan + MACCS + CACTVS + descriptors,meclizine,4+ rings,4.0
6604302,metixene,6604302.0,6.4593134,7.9005566,Morgan + MACCS + CACTVS + descriptors,metixene,4+ rings,4.0
6604311,mebeverine,6604311.0,9.111518,6.665341,Morgan + MACCS + CACTVS + descriptors,mebeverine,2 rings,2.0
6604316,furaltadone,6604316.0,9.02176,8.505887,Morgan + MACCS + CACTVS + descriptors,furaltadone,3 rings,3.0
6604323,althiazide,6604323.0,8.347522,8.814163,Morgan + MACCS + CACTVS + descriptors,althiazide,2 rings,2.0
6604325,cyclopentolate,6604325.0,7.211416,6.8011193,Morgan + MACCS + CACTVS + descriptors,cyclopentolate,2 rings,2.0
6604340,azapropazone,6604340.0,7.1111884,8.679203,Morgan + MACCS + CACTVS + descriptors,azapropazone,3 rings,3.0
6604347,molindone,6604347.0,8.361325,10.640611,Morgan + MACCS + CACTVS + descriptors,molindone,3 rings,3.0
6604370,famprofazone,6604370.0,7.132155,8.697954,Morgan + MACCS + CACTVS + descriptors,famprofazone,3 rings,3.0
6604371,nifurtimox,6604371.0,9.029871,8.528931,Morgan + MACCS + CACTVS + descriptors,nifurtimox,2 rings,2.0
6604374,benfluorex,6604374.0,7.239647,6.8716397,Morgan + MACCS + CACTVS + descriptors,benfluorex,2 rings,2.0
6604377,articaine,6604377.0,7.209209,7.242593,Morgan + MACCS + CACTVS + descriptors,articaine,1 ring,1.0
6604378,econazole,6604378.0,7.419024,9.805598,Morgan + MACCS + CACTVS + descriptors,econazole,3 rings,3.0
6604401,imidurea,6604401.0,1.6904497,8.98792,Morgan + MACCS + CACTVS + descriptors,imidurea,2 rings,2.0
6604421,sulconazole,6604421.0,7.3401446,9.826583,Morgan + MACCS + CACTVS + descriptors,sulconazole,3 rings,3.0
6604427,iohexol,6604427.0,7.59124,7.9129987,Morgan + MACCS + CACTVS + descriptors,iohexol,1 ring,1.0
6604433,iopromide,6604433.0,7.56959,7.9435406,Morgan + MACCS + CACTVS + descriptors,iopromide,1 ring,1.0
6604447,ioversol,6604447.0,7.5942483,7.9177747,Morgan + MACCS + CACTVS + descriptors,ioversol,1 ring,1.0
6604448,iodixanol,6604448.0,7.6139817,7.900073,Morgan + MACCS + CACTVS + descriptors,iodixanol,2 rings,2.0
6604452,thioperamide,6604452.0,1.0763739,9.278221,Morgan + MACCS + CACTVS + descriptors,thioperamide,3 rings,3.0
6604464,bisoprolol,6604464.0,8.76191,6.2359447,Morgan + MACCS + CACTVS + descriptors,bisoprolol,1 ring,1.0
6604470,tridihexethyl,6604470.0,7.301161,6.624132,Morgan + MACCS + CACTVS + descriptors,tridihexethyl,2 rings,2.0
6604471,methiazole,6604471.0,7.5773926,10.586615,Morgan + MACCS + CACTVS + descriptors,methiazole,2 rings,2.0
6604496,alimemazine,6604496.0,6.366136,8.298247,Morgan + MACCS + CACTVS + descriptors,alimemazine,3 rings,3.0
6604597,isometheptene-mucate,6604597.0,0.92118233,9.237284,Morgan + MACCS + CACTVS + descriptors,isometheptene-mucate,0 rings,0.0
6604703,zapa,6604703.0,0.7036949,8.66846,Morgan + MACCS + CACTVS + descriptors,zapa,0 rings,0.0
6604709,4-carboxy-3-hydroxyphenylglycine-(rs),6604709.0,7.945425,6.70875,Morgan + MACCS + CACTVS + descriptors,4-carboxy-3-hydroxyphenylglycine-(rs),1 ring,1.0
6604713,3-carboxy-4-hydroxyphenylglycine-(r),6604713.0,7.9142814,6.7437997,Morgan + MACCS + CACTVS + descriptors,3-carboxy-4-hydroxyphenylglycine-(r),1 ring,1.0
6604718,n-acetylglycyl-d-glutamic-acid,6604718.0,1.3240228,8.389388,Morgan + MACCS + CACTVS + descriptors,n-acetylglycyl-d-glutamic-acid,0 rings,0.0
6604719,mdl-73005ef,6604719.0,8.985183,6.6943555,Morgan + MACCS + CACTVS + descriptors,mdl-73005ef,4+ rings,4.0
6604720,mdl-72832,6604720.0,8.978443,6.6850295,Morgan + MACCS + CACTVS + descriptors,mdl-72832,4+ rings,4.0
6604724,u-50488-(-),6604724.0,6.859455,7.821308,Morgan + MACCS + CACTVS + descriptors,u-50488-(-),3 rings,3.0
6604734,pca-4248,6604734.0,7.275925,6.769122,Morgan + MACCS + CACTVS + descriptors,pca-4248,2 rings,2.0
6604743,htmt,6604743.0,7.3743,11.210872,Morgan + MACCS + CACTVS + descriptors,htmt,2 rings,2.0
6604749,l-689560,6604749.0,7.828425,7.7489505,Morgan + MACCS + CACTVS + descriptors,l-689560,3 rings,3.0
6604756,uh-232-(+),6604756.0,8.834128,6.611336,Morgan + MACCS + CACTVS + descriptors,uh-232-(+),2 rings,2.0
6604757,ncs-382,6604757.0,7.198658,6.1115303,Morgan + MACCS + CACTVS + descriptors,ncs-382,2 rings,2.0
6604763,ici-192605,6604763.0,8.567735,5.2229667,Morgan + MACCS + CACTVS + descriptors,ici-192605,3 rings,3.0
6604771,am-92016,6604771.0,8.986996,7.9970136,Morgan + MACCS + CACTVS + descriptors,am-92016,2 rings,2.0
6604789,rs-56812,6604789.0,8.281404,10.617486,Morgan + MACCS + CACTVS + descriptors,rs-56812,4+ rings,5.0
6604790,isamoltane,6604790.0,9.47433,10.673655,Morgan + MACCS + CACTVS + descriptors,isamoltane,2 rings,2.0
6604791,cyanopindolol,6604791.0,9.492925,10.592708,Morgan + MACCS + CACTVS + descriptors,cyanopindolol,2 rings,2.0
6604792,ah11110,6604792.0,8.816474,6.4925795,Morgan + MACCS + CACTVS + descriptors,ah11110,3 rings,3.0
6604794,rs-16566,6604794.0,7.5309052,11.019345,Morgan + MACCS + CACTVS + descriptors,rs-16566,4+ rings,5.0
6604802,chpg,6604802.0,7.8585806,6.654404,Morgan + MACCS + CACTVS + descriptors,chpg,1 ring,1.0
6604803,a61603,6604803.0,8.227514,6.805867,Morgan + MACCS + CACTVS + descriptors,a61603,3 rings,3.0
6604821,cgp-37157,6604821.0,7.194799,8.370636,Morgan + MACCS + CACTVS + descriptors,cgp-37157,3 rings,3.0
6604822,am-404,6604822.0,8.186182,7.390881,Morgan + MACCS + CACTVS + descriptors,am-404,1 ring,1.0
6604824,brl-44408,6604824.0,6.3038964,7.7684493,Morgan + MACCS + CACTVS + descriptors,brl-44408,3 rings,3.0
6604827,skf-96365,6604827.0,9.730841,9.764582,Morgan + MACCS + CACTVS + descriptors,skf-96365,3 rings,3.0
6604838,selfotel,6604838.0,1.1868148,8.585799,Morgan + MACCS + CACTVS + descriptors,selfotel,1 ring,1.0
6604839,sdz-220-040,6604839.0,7.8726974,6.6039777,Morgan + MACCS + CACTVS + descriptors,sdz-220-040,2 rings,2.0
6604849,"3,4-dcpg-(+/-)",6604849.0,7.7325606,7.0629926,Morgan + MACCS + CACTVS + descriptors,"3,4-dcpg-(+/-)",1 ring,1.0
6604850,ciglitazone,6604850.0,8.876678,6.3337216,Morgan + MACCS + CACTVS + descriptors,ciglitazone,3 rings,3.0
6604854,nafadotride,6604854.0,9.11595,7.149047,Morgan + MACCS + CACTVS + descriptors,nafadotride,3 rings,3.0
6604858,sb-218795,6604858.0,8.645128,10.762468,Morgan + MACCS + CACTVS + descriptors,sb-218795,4+ rings,4.0
6604859,mrs-1334,6604859.0,8.398586,7.9690814,Morgan + MACCS + CACTVS + descriptors,mrs-1334,4+ rings,4.0
6604866,dimethindene-(s)-(+),6604866.0,7.3180137,10.232748,Morgan + MACCS + CACTVS + descriptors,dimethindene-(s)-(+),3 rings,3.0
6604869,cgp-37849,6604869.0,1.1268584,8.618617,Morgan + MACCS + CACTVS + descriptors,cgp-37849,0 rings,0.0
6604872,cgp-78608,6604872.0,7.3867173,8.393243,Morgan + MACCS + CACTVS + descriptors,cgp-78608,2 rings,2.0
6604873,diarylpropionitrile,6604873.0,7.8612113,5.622317,Morgan + MACCS + CACTVS + descriptors,diarylpropionitrile,2 rings,2.0
6604875,sdz-21009,6604875.0,9.312104,10.484428,Morgan + MACCS + CACTVS + descriptors,sdz-21009,2 rings,2.0
6604876,5-iodo-a-85380,6604876.0,9.432038,10.750088,Morgan + MACCS + CACTVS + descriptors,5-iodo-a-85380,2 rings,2.0
6604881,bay-k-8644-(+/-),6604881.0,8.370475,7.9422936,Morgan + MACCS + CACTVS + descriptors,bay-k-8644-(+/-),2 rings,2.0
6604885,skf-83566,6604885.0,8.191476,6.733111,Morgan + MACCS + CACTVS + descriptors,skf-83566,3 rings,3.0
6604887,ro-25-6981,6604887.0,7.942189,6.860699,Morgan + MACCS + CACTVS + descriptors,ro-25-6981,3 rings,3.0
6604889,sb-269970,6604889.0,8.509868,7.441632,Morgan + MACCS + CACTVS + descriptors,sb-269970,3 rings,3.0
6604893,dfb,6604893.0,6.528623,7.286398,Morgan + MACCS + CACTVS + descriptors,dfb,2 rings,2.0
6604915,omdm-2,6604915.0,8.363751,6.558132,Morgan + MACCS + CACTVS + descriptors,omdm-2,1 ring,1.0
6604916,way-161503,6604916.0,7.037395,8.561824,Morgan + MACCS + CACTVS + descriptors,way-161503,3 rings,3.0
6604918,ym-976,6604918.0,7.3264484,10.533338,Morgan + MACCS + CACTVS + descriptors,ym-976,3 rings,3.0
6604926,sb-334867,6604926.0,9.937917,10.028518,Morgan + MACCS + CACTVS + descriptors,sb-334867,4+ rings,4.0
6604928,gs-39783,6604928.0,5.5510926,11.081106,Morgan + MACCS + CACTVS + descriptors,gs-39783,3 rings,3.0
6604931,aminopurvalanol-a,6604931.0,6.909578,11.066945,Morgan + MACCS + CACTVS + descriptors,aminopurvalanol-a,3 rings,3.0
6604933,way-629,6604933.0,7.615942,10.183933,Morgan + MACCS + CACTVS + descriptors,way-629,4+ rings,4.0
6604934,bvt-948,6604934.0,7.059538,7.9480753,Morgan + MACCS + CACTVS + descriptors,bvt-948,3 rings,3.0
6604938,3-methyl-gaba,6604938.0,1.0528762,8.573096,Morgan + MACCS + CACTVS + descriptors,3-methyl-gaba,0 rings,0.0
66062,thioridazine,66062.0,6.3938794,8.256166,Morgan + MACCS + CACTVS + descriptors,thioridazine,4+ rings,4.0
66065,bergenin,66065.0,8.896521,4.8675036,Morgan + MACCS + CACTVS + descriptors,bergenin,3 rings,3.0
6610230,edelfosine,6610230.0,1.1692146,9.690187,Morgan + MACCS + CACTVS + descriptors,edelfosine,0 rings,0.0
6613,pantothenic-acid,6613.0,1.3038497,8.374587,Morgan + MACCS + CACTVS + descriptors,pantothenic-acid,0 rings,0.0
6623,bisphenol-a,6623.0,7.8157263,5.582744,Morgan + MACCS + CACTVS + descriptors,bisphenol-a,2 rings,2.0
66261,propatylnitrate,66261.0,0.4397374,8.960095,Morgan + MACCS + CACTVS + descriptors,propatylnitrate,0 rings,0.0
663145,cardionogen-1,663145.0,9.503266,9.099742,Morgan + MACCS + CACTVS + descriptors,cardionogen-1,4+ rings,4.0
6634,sulfachlorpyridazine,6634.0,8.28708,9.032004,Morgan + MACCS + CACTVS + descriptors,sulfachlorpyridazine,2 rings,2.0
6635,chlorfenson,6635.0,7.9065604,5.7173166,Morgan + MACCS + CACTVS + descriptors,chlorfenson,2 rings,2.0
66377,edoxudine,66377.0,2.398379,9.671574,Morgan + MACCS + CACTVS + descriptors,edoxudine,2 rings,2.0
66414,2-methoxyestradiol,66414.0,7.923009,4.5606284,Morgan + MACCS + CACTVS + descriptors,2-methoxyestradiol,4+ rings,4.0
66549796,spp86,66549796.0,6.6943607,10.643471,Morgan + MACCS + CACTVS + descriptors,spp86,3 rings,3.0
66550890,bms-906024,66550890.0,7.276913,8.400222,Morgan + MACCS + CACTVS + descriptors,bms-906024,3 rings,3.0
66552906,tc-lpa5-4,66552906.0,9.251279,9.976902,Morgan + MACCS + CACTVS + descriptors,tc-lpa5-4,4+ rings,4.0
66553168,tug-770,66553168.0,7.0889306,6.2079625,Morgan + MACCS + CACTVS + descriptors,tug-770,2 rings,2.0
66553195,trv130,66553195.0,9.589487,10.090857,Morgan + MACCS + CACTVS + descriptors,trv130,4+ rings,4.0
66553204,jd-5037,66553204.0,8.206014,8.63194,Morgan + MACCS + CACTVS + descriptors,jd-5037,4+ rings,4.0
66553218,jnj-47965567,66553218.0,7.845717,10.800335,Morgan + MACCS + CACTVS + descriptors,jnj-47965567,4+ rings,5.0
66555680,ch-5183284,66555680.0,7.407805,10.941118,Morgan + MACCS + CACTVS + descriptors,ch-5183284,4+ rings,5.0
66558664,tazemetostat,66558664.0,7.4090433,8.24097,Morgan + MACCS + CACTVS + descriptors,tazemetostat,4+ rings,5.0
66561902,bi-224436,66561902.0,9.370282,10.542036,Morgan + MACCS + CACTVS + descriptors,bi-224436,4+ rings,5.0
66571548,pf-06273340,66571548.0,7.568507,11.087615,Morgan + MACCS + CACTVS + descriptors,pf-06273340,4+ rings,4.0
66571643,gsk2879552,66571643.0,7.337496,7.0858483,Morgan + MACCS + CACTVS + descriptors,gsk2879552,4+ rings,4.0
66584276,amyleine,66584276.0,7.242711,6.748124,Morgan + MACCS + CACTVS + descriptors,amyleine,1 ring,1.0
66586207,bacampicillin,66586207.0,3.7318323,7.9438744,Morgan + MACCS + CACTVS + descriptors,bacampicillin,3 rings,3.0
66593,chloroxoquinoline,66593.0,7.7177157,7.8902946,Morgan + MACCS + CACTVS + descriptors,chloroxoquinoline,2 rings,2.0
66593644,butofilolol,66593644.0,8.794706,6.398888,Morgan + MACCS + CACTVS + descriptors,butofilolol,1 ring,1.0
66601885,bupranolol,66601885.0,8.654365,6.210474,Morgan + MACCS + CACTVS + descriptors,bupranolol,1 ring,1.0
6662,sulfisoxazole-acetyl,6662.0,8.5616455,9.101601,Morgan + MACCS + CACTVS + descriptors,sulfisoxazole-acetyl,2 rings,2.0
666418,protionamide,666418.0,7.0181394,10.084314,Morgan + MACCS + CACTVS + descriptors,protionamide,1 ring,1.0
6674,dehydrocholate-acid,6674.0,0.05155482,7.2395825,Morgan + MACCS + CACTVS + descriptors,dehydrocholate-acid,4+ rings,4.0
66743765,tolamolol,66743765.0,8.789493,6.7119,Morgan + MACCS + CACTVS + descriptors,tolamolol,2 rings,2.0
667440,pheniramine,667440.0,7.17787,10.187518,Morgan + MACCS + CACTVS + descriptors,pheniramine,2 rings,2.0
667444,pirlindole,667444.0,7.5863786,10.192599,Morgan + MACCS + CACTVS + descriptors,pirlindole,4+ rings,4.0
667451,secnidazole,667451.0,5.301526,11.042965,Morgan + MACCS + CACTVS + descriptors,secnidazole,1 ring,1.0
667452,synephrine,667452.0,8.06821,6.437023,Morgan + MACCS + CACTVS + descriptors,synephrine,1 ring,1.0
667467,chlorprothixene,667467.0,6.4555235,7.786947,Morgan + MACCS + CACTVS + descriptors,chlorprothixene,3 rings,3.0
667468,doxepin,667468.0,8.190206,6.7416525,Morgan + MACCS + CACTVS + descriptors,doxepin,3 rings,3.0
667476,dienestrol,667476.0,7.8528175,5.6093626,Morgan + MACCS + CACTVS + descriptors,dienestrol,2 rings,2.0
667484,etomidate,667484.0,7.644663,11.208793,Morgan + MACCS + CACTVS + descriptors,etomidate,2 rings,2.0
667490,mercaptopurine,667490.0,5.712297,11.135051,Morgan + MACCS + CACTVS + descriptors,mercaptopurine,2 rings,2.0
667493,methylthiouracil,667493.0,1.5548035,9.1640005,Morgan + MACCS + CACTVS + descriptors,methylthiouracil,1 ring,1.0
6675,taurocholate,6675.0,0.17613369,7.3115196,Morgan + MACCS + CACTVS + descriptors,taurocholate,4+ rings,4.0
667530,"hydroxytacrine-maleate-(r,s)",667530.0,9.146971,10.779551,Morgan + MACCS + CACTVS + descriptors,"hydroxytacrine-maleate-(r,s)",3 rings,3.0
667534,profenamine,667534.0,6.3751564,8.277821,Morgan + MACCS + CACTVS + descriptors,profenamine,3 rings,3.0
667538,ondansetron,667538.0,7.769723,11.018877,Morgan + MACCS + CACTVS + descriptors,ondansetron,4+ rings,4.0
667560,methiopril,667560.0,1.534238,8.549776,Morgan + MACCS + CACTVS + descriptors,methiopril,1 ring,1.0
667575,scp-1,667575.0,8.802341,8.2477045,Morgan + MACCS + CACTVS + descriptors,scp-1,3 rings,3.0
667594,sb-366791,667594.0,8.701265,7.505179,Morgan + MACCS + CACTVS + descriptors,sb-366791,2 rings,2.0
667639,piceatannol,667639.0,7.978213,5.5893435,Morgan + MACCS + CACTVS + descriptors,piceatannol,2 rings,2.0
66826,nitarsone,66826.0,7.835735,8.317525,Morgan + MACCS + CACTVS + descriptors,nitarsone,1 ring,1.0
66828839,glecaprevir,66828839.0,8.984816,9.877981,Morgan + MACCS + CACTVS + descriptors,glecaprevir,4+ rings,7.0
66857735,ly404187,66857735.0,8.216186,8.445149,Morgan + MACCS + CACTVS + descriptors,ly404187,2 rings,2.0
66864580,gabapentin-enacarbil,66864580.0,1.1567385,8.333954,Morgan + MACCS + CACTVS + descriptors,gabapentin-enacarbil,1 ring,1.0
670,dihydroxyacetone,670.0,0.20774862,8.831362,Morgan + MACCS + CACTVS + descriptors,dihydroxyacetone,0 rings,0.0
67041274,azd7594,67041274.0,9.919985,10.140289,Morgan + MACCS + CACTVS + descriptors,azd7594,4+ rings,6.0
67042344,ccmi,67042344.0,8.697517,9.30579,Morgan + MACCS + CACTVS + descriptors,ccmi,3 rings,3.0
6708482,fosinopril,6708482.0,7.3178144,7.421589,Morgan + MACCS + CACTVS + descriptors,fosinopril,3 rings,3.0
67108155,sotalol,67108155.0,8.09303,6.7077107,Morgan + MACCS + CACTVS + descriptors,sotalol,1 ring,1.0
6711154,cgp-53353,6711154.0,7.3471694,8.289395,Morgan + MACCS + CACTVS + descriptors,cgp-53353,4+ rings,4.0
6713657,pimonidazole,6713657.0,5.236599,11.056444,Morgan + MACCS + CACTVS + descriptors,pimonidazole,2 rings,2.0
67147340,prx-07034,67147340.0,9.063763,7.9777393,Morgan + MACCS + CACTVS + descriptors,prx-07034,3 rings,3.0
67212739,indeloxazine,67212739.0,8.879026,6.3816376,Morgan + MACCS + CACTVS + descriptors,indeloxazine,3 rings,3.0
672296,"3,4-methylenedioxy-beta-nitrostyrene",672296.0,8.690163,5.812658,Morgan + MACCS + CACTVS + descriptors,"3,4-methylenedioxy-beta-nitrostyrene",2 rings,2.0
67252,2-ethoxybenzoic-acid,67252.0,8.322416,5.446833,Morgan + MACCS + CACTVS + descriptors,2-ethoxybenzoic-acid,1 ring,1.0
67254,ami-1,67254.0,8.743149,8.202155,Morgan + MACCS + CACTVS + descriptors,ami-1,4+ rings,4.0
6726,cyclizine,6726.0,6.487422,7.810316,Morgan + MACCS + CACTVS + descriptors,cyclizine,3 rings,3.0
67286591,pimodivir,67286591.0,7.527734,11.057269,Morgan + MACCS + CACTVS + descriptors,pimodivir,4+ rings,6.0
67335295,iberdomide,67335295.0,9.033869,7.1218743,Morgan + MACCS + CACTVS + descriptors,iberdomide,4+ rings,5.0
67361,thiomersal,67361.0,7.145838,6.2047167,Morgan + MACCS + CACTVS + descriptors,thiomersal,1 ring,1.0
67376285,gsk2194069,67376285.0,9.64301,9.054725,Morgan + MACCS + CACTVS + descriptors,gsk2194069,4+ rings,6.0
67377767,bay-87-2243,67377767.0,10.044992,9.698126,Morgan + MACCS + CACTVS + descriptors,bay-87-2243,4+ rings,6.0
6738,hydroxytoluic-acid,6738.0,8.248203,5.3787446,Morgan + MACCS + CACTVS + descriptors,hydroxytoluic-acid,1 ring,1.0
67406,meta-cresyl-acetate,67406.0,8.339876,5.6022882,Morgan + MACCS + CACTVS + descriptors,meta-cresyl-acetate,1 ring,1.0
67409219,voruciclib,67409219.0,8.913667,6.9160795,Morgan + MACCS + CACTVS + descriptors,voruciclib,4+ rings,4.0
6741,methylprednisolone,6741.0,0.2067583,6.2033134,Morgan + MACCS + CACTVS + descriptors,methylprednisolone,4+ rings,4.0
67448836,ots514,67448836.0,8.207041,7.4440765,Morgan + MACCS + CACTVS + descriptors,ots514,4+ rings,4.0
67462786,erdafitinib,67462786.0,9.984986,9.965331,Morgan + MACCS + CACTVS + descriptors,erdafitinib,4+ rings,4.0
67469117,gsk503,67469117.0,7.6717114,11.079301,Morgan + MACCS + CACTVS + descriptors,gsk503,4+ rings,5.0
67475270,ly3000328,67475270.0,9.231581,7.400837,Morgan + MACCS + CACTVS + descriptors,ly3000328,4+ rings,5.0
67505836,ledipasvir,67505836.0,7.6731133,11.040898,Morgan + MACCS + CACTVS + descriptors,ledipasvir,4+ rings,10.0
67513161,nitroflurbiprofen,67513161.0,7.1392326,6.3856664,Morgan + MACCS + CACTVS + descriptors,nitroflurbiprofen,2 rings,2.0
675434,iu1,675434.0,8.274428,10.619224,Morgan + MACCS + CACTVS + descriptors,iu1,3 rings,3.0
676352,dbeq,676352.0,6.8740516,10.352112,Morgan + MACCS + CACTVS + descriptors,dbeq,4+ rings,4.0
67645,perfluamine,67645.0,0.35949007,9.123385,Morgan + MACCS + CACTVS + descriptors,perfluamine,0 rings,0.0
67683363,velpatasvir,67683363.0,9.600329,10.03815,Morgan + MACCS + CACTVS + descriptors,velpatasvir,4+ rings,9.0
67686,sulbentine,67686.0,6.470347,7.8051677,Morgan + MACCS + CACTVS + descriptors,sulbentine,3 rings,3.0
67701,guanidinopropionic-acid,67701.0,1.1046401,8.587155,Morgan + MACCS + CACTVS + descriptors,guanidinopropionic-acid,0 rings,0.0
67743720,rx-821002,67743720.0,8.91657,6.440414,Morgan + MACCS + CACTVS + descriptors,rx-821002,3 rings,3.0
67743883,4-galactosyllactose,67743883.0,-0.021955661,8.613467,Morgan + MACCS + CACTVS + descriptors,4-galactosyllactose,3 rings,3.0
6780,anthraquinone,6780.0,6.9015408,6.3521366,Morgan + MACCS + CACTVS + descriptors,anthraquinone,3 rings,3.0
67960134,g007-lk,67960134.0,8.352617,9.776446,Morgan + MACCS + CACTVS + descriptors,g007-lk,4+ rings,5.0
68029831,trilaciclib,68029831.0,7.4134426,11.121617,Morgan + MACCS + CACTVS + descriptors,trilaciclib,4+ rings,6.0
6804600,evans-blue,6804600.0,8.410075,8.45844,Morgan + MACCS + CACTVS + descriptors,evans-blue,4+ rings,6.0
680502,amg-9810,680502.0,8.789897,7.1433372,Morgan + MACCS + CACTVS + descriptors,amg-9810,3 rings,3.0
6806,acetriazoic-acid,6806.0,7.9425025,7.603769,Morgan + MACCS + CACTVS + descriptors,acetriazoic-acid,1 ring,1.0
68060125,frax486,68060125.0,7.4524603,11.03627,Morgan + MACCS + CACTVS + descriptors,frax486,4+ rings,5.0
6806409,vlx600,6806409.0,6.762395,10.627619,Morgan + MACCS + CACTVS + descriptors,vlx600,4+ rings,4.0
68064155,btk-in-1,68064155.0,7.3012185,10.928063,Morgan + MACCS + CACTVS + descriptors,btk-in-1,4+ rings,4.0
68071,pinocembrin,68071.0,8.49191,4.9554214,Morgan + MACCS + CACTVS + descriptors,pinocembrin,3 rings,3.0
68077,tangeritin,68077.0,8.570752,4.9403114,Morgan + MACCS + CACTVS + descriptors,tangeritin,3 rings,3.0
68093,dipyrocetyl,68093.0,8.340141,5.3917923,Morgan + MACCS + CACTVS + descriptors,dipyrocetyl,1 ring,1.0
681,dopamine,681.0,8.073302,6.358768,Morgan + MACCS + CACTVS + descriptors,dopamine,1 ring,1.0
68107965,gsk2578215a,68107965.0,9.806901,10.293781,Morgan + MACCS + CACTVS + descriptors,gsk2578215a,4+ rings,4.0
68165256,brigatinib,68165256.0,10.308845,10.034432,Morgan + MACCS + CACTVS + descriptors,brigatinib,4+ rings,5.0
6817703,chicago-sky-blue-6b,6817703.0,8.889524,8.1590805,Morgan + MACCS + CACTVS + descriptors,chicago-sky-blue-6b,4+ rings,6.0
68210102,gsk2816126,68210102.0,7.6868715,11.051396,Morgan + MACCS + CACTVS + descriptors,gsk2816126,4+ rings,5.0
68234908,q-203,68234908.0,10.100165,9.952477,Morgan + MACCS + CACTVS + descriptors,q-203,4+ rings,5.0
682802,sch-202676,682802.0,6.871163,8.9838,Morgan + MACCS + CACTVS + descriptors,sch-202676,3 rings,3.0
68289010,savolitinib,68289010.0,6.7234526,10.664312,Morgan + MACCS + CACTVS + descriptors,savolitinib,4+ rings,5.0
68310,n-acetyl-tyrosine,68310.0,7.819294,6.610212,Morgan + MACCS + CACTVS + descriptors,n-acetyl-tyrosine,1 ring,1.0
68313,hordenine,68313.0,8.113674,6.619743,Morgan + MACCS + CACTVS + descriptors,hordenine,1 ring,1.0
68374,7-methylxanthine,68374.0,5.701328,11.38242,Morgan + MACCS + CACTVS + descriptors,7-methylxanthine,2 rings,2.0
68406,1-octacosanol,68406.0,0.48083788,8.4288845,Morgan + MACCS + CACTVS + descriptors,1-octacosanol,0 rings,0.0
68424,isobutyramide,68424.0,1.0233101,8.896506,Morgan + MACCS + CACTVS + descriptors,isobutyramide,0 rings,0.0
6843,propoxycaine,6843.0,8.573216,7.1709027,Morgan + MACCS + CACTVS + descriptors,propoxycaine,1 ring,1.0
68488178,acebilustat,68488178.0,9.574875,10.111738,Morgan + MACCS + CACTVS + descriptors,acebilustat,4+ rings,6.0
6851740,ispinesib,6851740.0,7.280748,8.492206,Morgan + MACCS + CACTVS + descriptors,ispinesib,4+ rings,4.0
6852167,pik-93,6852167.0,8.058578,9.658,Morgan + MACCS + CACTVS + descriptors,pik-93,2 rings,2.0
6852395,hyaluronic-acid,6852395.0,1.5638535,7.6800694,Morgan + MACCS + CACTVS + descriptors,hyaluronic-acid,2 rings,2.0
6855,benzoxiquine,6855.0,9.253624,10.637242,Morgan + MACCS + CACTVS + descriptors,benzoxiquine,3 rings,3.0
68551,mianserin,68551.0,6.5690536,8.145527,Morgan + MACCS + CACTVS + descriptors,mianserin,4+ rings,4.0
685623,fenigam,685623.0,7.285305,7.0708027,Morgan + MACCS + CACTVS + descriptors,fenigam,1 ring,1.0
6857,dimethisoquin,6857.0,9.580948,10.6074295,Morgan + MACCS + CACTVS + descriptors,dimethisoquin,2 rings,2.0
68571753,piketoprofen,68571753.0,7.9004636,10.98981,Morgan + MACCS + CACTVS + descriptors,piketoprofen,3 rings,3.0
6857365,sodium-ascorbate,6857365.0,0.038706403,8.767415,Morgan + MACCS + CACTVS + descriptors,sodium-ascorbate,1 ring,1.0
6857474,gadopentetic-acid,6857474.0,1.3106704,8.867738,Morgan + MACCS + CACTVS + descriptors,gadopentetic-acid,2 rings,2.0
6858005,abamectin,6858005.0,0.8146579,7.3629546,Morgan + MACCS + CACTVS + descriptors,abamectin,4+ rings,7.0
68591,toltrazuril,68591.0,8.925049,7.7646747,Morgan + MACCS + CACTVS + descriptors,toltrazuril,3 rings,3.0
6861557,"3,3'-dichlorobenzaldazine",6861557.0,6.507539,7.245088,Morgan + MACCS + CACTVS + descriptors,"3,3'-dichlorobenzaldazine",2 rings,2.0
68617,sertraline,68617.0,6.4282203,7.487184,Morgan + MACCS + CACTVS + descriptors,sertraline,3 rings,3.0
68634,oxiperomide,68634.0,9.092498,7.2781343,Morgan + MACCS + CACTVS + descriptors,oxiperomide,4+ rings,4.0
68664,befuraline,68664.0,9.012605,7.0421824,Morgan + MACCS + CACTVS + descriptors,befuraline,4+ rings,4.0
68677842,lanifibranor,68677842.0,8.357833,9.972652,Morgan + MACCS + CACTVS + descriptors,lanifibranor,4+ rings,4.0
68684,clanfenur,68684.0,7.3694797,8.348105,Morgan + MACCS + CACTVS + descriptors,clanfenur,2 rings,2.0
6869,penicillin-v-potassium,6869.0,3.7301712,7.943252,Morgan + MACCS + CACTVS + descriptors,penicillin-v-potassium,3 rings,3.0
686905,k-858,686905.0,7.0207996,8.11283,Morgan + MACCS + CACTVS + descriptors,k-858,2 rings,2.0
6870646,furagin,6870646.0,9.039723,8.521749,Morgan + MACCS + CACTVS + descriptors,furagin,2 rings,2.0
68711,pirozadil,68711.0,9.642572,10.344665,Morgan + MACCS + CACTVS + descriptors,pirozadil,3 rings,3.0
68712,rilmenidine,68712.0,1.0227286,9.20427,Morgan + MACCS + CACTVS + descriptors,rilmenidine,3 rings,3.0
6872,salicylanilide,6872.0,8.161361,7.443512,Morgan + MACCS + CACTVS + descriptors,salicylanilide,2 rings,2.0
68740,zoledronic-acid,68740.0,5.256219,11.05861,Morgan + MACCS + CACTVS + descriptors,zoledronic-acid,1 ring,1.0
68741,epristeride,68741.0,0.21135956,6.856902,Morgan + MACCS + CACTVS + descriptors,epristeride,4+ rings,4.0
68749,guacetisal,68749.0,8.406899,5.3464546,Morgan + MACCS + CACTVS + descriptors,guacetisal,2 rings,2.0
68778,budipine,68778.0,6.495799,7.6873074,Morgan + MACCS + CACTVS + descriptors,budipine,3 rings,3.0
6878030,sant-1,6878030.0,7.215461,10.268385,Morgan + MACCS + CACTVS + descriptors,sant-1,4+ rings,4.0
68792,fexinidazole,68792.0,9.7398815,9.504345,Morgan + MACCS + CACTVS + descriptors,fexinidazole,2 rings,2.0
6880,2-hydroxyethyl-salicylate,6880.0,8.339442,5.466461,Morgan + MACCS + CACTVS + descriptors,2-hydroxyethyl-salicylate,1 ring,1.0
688020,crotamiton,688020.0,7.025327,8.260076,Morgan + MACCS + CACTVS + descriptors,crotamiton,1 ring,1.0
688035,masoprocol,688035.0,7.8606353,5.5804596,Morgan + MACCS + CACTVS + descriptors,masoprocol,2 rings,2.0
688071,trolox,688071.0,8.255114,5.247979,Morgan + MACCS + CACTVS + descriptors,trolox,2 rings,2.0
688095,pindolol-(-),688095.0,9.46543,10.659861,Morgan + MACCS + CACTVS + descriptors,pindolol-(-),2 rings,2.0
688145,cinromide,688145.0,6.927205,7.568727,Morgan + MACCS + CACTVS + descriptors,cinromide,1 ring,1.0
68818,tinazoline,68818.0,7.3366995,10.19847,Morgan + MACCS + CACTVS + descriptors,tinazoline,3 rings,3.0
68827,artemisinin,68827.0,0.31779432,7.378897,Morgan + MACCS + CACTVS + descriptors,artemisinin,4+ rings,5.0
688272,levosulpiride,688272.0,9.127572,7.8265567,Morgan + MACCS + CACTVS + descriptors,levosulpiride,2 rings,2.0
6883,isosorbide-dinitrate,6883.0,0.23344937,8.881935,Morgan + MACCS + CACTVS + descriptors,isosorbide-dinitrate,2 rings,2.0
68835,esaprazole,68835.0,1.4551378,8.890483,Morgan + MACCS + CACTVS + descriptors,esaprazole,2 rings,2.0
688353,dyphylline,688353.0,5.743413,11.509409,Morgan + MACCS + CACTVS + descriptors,dyphylline,2 rings,2.0
688387,bupropion,688387.0,7.124476,7.273356,Morgan + MACCS + CACTVS + descriptors,bupropion,1 ring,1.0
68841,dexfosfoserine,68841.0,1.0636703,8.627034,Morgan + MACCS + CACTVS + descriptors,dexfosfoserine,0 rings,0.0
688420,cloperastine,688420.0,7.463361,6.986922,Morgan + MACCS + CACTVS + descriptors,cloperastine,3 rings,3.0
688422,clofedanol,688422.0,7.680384,6.814288,Morgan + MACCS + CACTVS + descriptors,clofedanol,2 rings,2.0
688424,chlorthalidone,688424.0,8.397688,8.356903,Morgan + MACCS + CACTVS + descriptors,chlorthalidone,3 rings,3.0
688428,clenbuterol,688428.0,7.937959,6.5656676,Morgan + MACCS + CACTVS + descriptors,clenbuterol,1 ring,1.0
688437,chlorcyclizine,688437.0,6.5566826,7.7571063,Morgan + MACCS + CACTVS + descriptors,chlorcyclizine,3 rings,3.0
68844,brinzolamide,68844.0,8.167967,8.4601555,Morgan + MACCS + CACTVS + descriptors,brinzolamide,2 rings,2.0
688461,etodolac,688461.0,8.769161,10.528664,Morgan + MACCS + CACTVS + descriptors,etodolac,3 rings,3.0
688469,fenoterol,688469.0,8.170287,6.4569635,Morgan + MACCS + CACTVS + descriptors,fenoterol,2 rings,2.0
68848,mesulergine,68848.0,8.063767,9.859052,Morgan + MACCS + CACTVS + descriptors,mesulergine,4+ rings,4.0
688484,methocarbamol,688484.0,8.515024,5.835092,Morgan + MACCS + CACTVS + descriptors,methocarbamol,1 ring,1.0
688540,ornidazole,688540.0,5.248245,11.055898,Morgan + MACCS + CACTVS + descriptors,ornidazole,1 ring,1.0
688541,oxyphencyclimine,688541.0,7.2419167,6.846834,Morgan + MACCS + CACTVS + descriptors,oxyphencyclimine,3 rings,3.0
688561,procaterol,688561.0,8.217392,6.6480374,Morgan + MACCS + CACTVS + descriptors,procaterol,2 rings,2.0
688565,piperidolate,688565.0,7.243151,6.8699646,Morgan + MACCS + CACTVS + descriptors,piperidolate,3 rings,3.0
688570,ritodrine,688570.0,8.167515,6.5015287,Morgan + MACCS + CACTVS + descriptors,ritodrine,2 rings,2.0
688581,suprofen,688581.0,7.055959,6.2275443,Morgan + MACCS + CACTVS + descriptors,suprofen,2 rings,2.0
688589,tolperisone,688589.0,6.933538,7.541297,Morgan + MACCS + CACTVS + descriptors,tolperisone,2 rings,2.0
688591,tulobuterol,688591.0,7.9076443,6.574075,Morgan + MACCS + CACTVS + descriptors,tulobuterol,1 ring,1.0
688594,tetrahydropapaverine,688594.0,9.122646,6.5790386,Morgan + MACCS + CACTVS + descriptors,tetrahydropapaverine,3 rings,3.0
688595,tropicamide,688595.0,8.467683,11.030284,Morgan + MACCS + CACTVS + descriptors,tropicamide,2 rings,2.0
68861,dienogest,68861.0,0.09405239,6.8196063,Morgan + MACCS + CACTVS + descriptors,dienogest,4+ rings,4.0
68865,propacetamol,68865.0,8.640458,7.1019235,Morgan + MACCS + CACTVS + descriptors,propacetamol,1 ring,1.0
68873,drospirenone,68873.0,0.30159643,6.720619,Morgan + MACCS + CACTVS + descriptors,drospirenone,4+ rings,7.0
68888,pivagabine,68888.0,1.2623012,8.430532,Morgan + MACCS + CACTVS + descriptors,pivagabine,0 rings,0.0
6890,gramine,6890.0,7.733439,10.257878,Morgan + MACCS + CACTVS + descriptors,gramine,2 rings,2.0
689043,caffeic-acid,689043.0,8.169951,5.5393176,Morgan + MACCS + CACTVS + descriptors,caffeic-acid,1 ring,1.0
68909,riodipine,68909.0,8.170195,5.821277,Morgan + MACCS + CACTVS + descriptors,riodipine,2 rings,2.0
68911,artemether,68911.0,0.17308319,7.4216976,Morgan + MACCS + CACTVS + descriptors,artemether,4+ rings,5.0
6891506,dmeob,6891506.0,8.495555,5.995296,Morgan + MACCS + CACTVS + descriptors,dmeob,2 rings,2.0
68929,epiestriol,68929.0,7.9238214,4.5540137,Morgan + MACCS + CACTVS + descriptors,epiestriol,4+ rings,4.0
68947304,amg-319,68947304.0,6.9015894,10.517818,Morgan + MACCS + CACTVS + descriptors,amg-319,4+ rings,5.0
69040311,ixazomib-citrate,69040311.0,7.173267,7.509098,Morgan + MACCS + CACTVS + descriptors,ixazomib-citrate,2 rings,2.0
6909,symclosene,6909.0,1.4341922,9.123717,Morgan + MACCS + CACTVS + descriptors,symclosene,1 ring,1.0
6912334,mkt-077,6912334.0,6.3797855,8.799373,Morgan + MACCS + CACTVS + descriptors,mkt-077,4+ rings,4.0
6913176,nxy-059,6913176.0,8.179619,8.412376,Morgan + MACCS + CACTVS + descriptors,nxy-059,1 ring,1.0
6914273,dantrolene,6914273.0,9.025257,8.491089,Morgan + MACCS + CACTVS + descriptors,dantrolene,3 rings,3.0
6914657,fk-866,6914657.0,8.118623,11.119971,Morgan + MACCS + CACTVS + descriptors,fk-866,3 rings,3.0
6914666,fg-2216,6914666.0,8.96783,10.586758,Morgan + MACCS + CACTVS + descriptors,fg-2216,2 rings,2.0
6915944,cefdinir,6915944.0,2.9816167,8.0876,Morgan + MACCS + CACTVS + descriptors,cefdinir,3 rings,3.0
6916934,aurothioglucose,6916934.0,0.01839358,8.759817,Morgan + MACCS + CACTVS + descriptors,aurothioglucose,1 ring,1.0
6917675,cefpirome,6917675.0,3.127274,8.060367,Morgan + MACCS + CACTVS + descriptors,cefpirome,4+ rings,5.0
6917698,cisapride,6917698.0,9.144036,7.4457617,Morgan + MACCS + CACTVS + descriptors,cisapride,3 rings,3.0
6917707,bw-180c,6917707.0,7.430754,7.024033,Morgan + MACCS + CACTVS + descriptors,bw-180c,2 rings,2.0
6917710,xamoterol,6917710.0,8.831742,6.482684,Morgan + MACCS + CACTVS + descriptors,xamoterol,2 rings,2.0
6917715,etonogestrel,6917715.0,0.0746586,6.7786016,Morgan + MACCS + CACTVS + descriptors,etonogestrel,4+ rings,4.0
6917779,milnacipran,6917779.0,6.9717674,7.675515,Morgan + MACCS + CACTVS + descriptors,milnacipran,2 rings,2.0
6917803,cv-1808,6917803.0,6.3722005,11.642138,Morgan + MACCS + CACTVS + descriptors,cv-1808,4+ rings,4.0
6917864,artesunate,6917864.0,0.35725492,7.3656244,Morgan + MACCS + CACTVS + descriptors,artesunate,4+ rings,5.0
6917974,resibufogenin,6917974.0,0.3268405,6.938834,Morgan + MACCS + CACTVS + descriptors,resibufogenin,4+ rings,6.0
6918092,etoposide-phosphate,6918092.0,8.867865,4.8981986,Morgan + MACCS + CACTVS + descriptors,etoposide-phosphate,4+ rings,7.0
6918097,dexniguldipine,6918097.0,8.402927,7.9716053,Morgan + MACCS + CACTVS + descriptors,dexniguldipine,4+ rings,5.0
6918140,treprostinil,6918140.0,8.255341,5.09258,Morgan + MACCS + CACTVS + descriptors,treprostinil,3 rings,3.0
6918141,eldecalcitol,6918141.0,-0.14851801,7.165367,Morgan + MACCS + CACTVS + descriptors,eldecalcitol,3 rings,3.0
6918155,ciclesonide,6918155.0,0.3119252,6.150411,Morgan + MACCS + CACTVS + descriptors,ciclesonide,4+ rings,6.0
6918167,tcv-309,6918167.0,7.661497,11.117761,Morgan + MACCS + CACTVS + descriptors,tcv-309,4+ rings,4.0
6918173,icatibant-acetate,6918173.0,5.850539,5.514703,Morgan + MACCS + CACTVS + descriptors,icatibant-acetate,4+ rings,7.0
6918178,halobetasol-propionate,6918178.0,0.2773881,6.0912113,Morgan + MACCS + CACTVS + descriptors,halobetasol-propionate,4+ rings,4.0
6918184,y-27152,6918184.0,8.8993845,6.576886,Morgan + MACCS + CACTVS + descriptors,y-27152,3 rings,3.0
6918218,faropenem-medoxomil,6918218.0,1.8531599,8.318822,Morgan + MACCS + CACTVS + descriptors,faropenem-medoxomil,4+ rings,4.0
6918236,perzinfotel,6918236.0,1.4048313,8.918514,Morgan + MACCS + CACTVS + descriptors,perzinfotel,2 rings,2.0
6918245,pralmorelin,6918245.0,5.8165016,5.65507,Morgan + MACCS + CACTVS + descriptors,pralmorelin,4+ rings,5.0
6918248,flibanserin,6918248.0,7.1725636,8.412235,Morgan + MACCS + CACTVS + descriptors,flibanserin,4+ rings,4.0
6918293,valrocemide,6918293.0,1.169246,8.5816965,Morgan + MACCS + CACTVS + descriptors,valrocemide,0 rings,0.0
6918296,dutasteride,6918296.0,7.1783805,8.217249,Morgan + MACCS + CACTVS + descriptors,dutasteride,4+ rings,5.0
6918297,examorelin,6918297.0,5.7907224,5.6447678,Morgan + MACCS + CACTVS + descriptors,examorelin,4+ rings,6.0
6918305,ganaxolone,6918305.0,0.05428898,7.308433,Morgan + MACCS + CACTVS + descriptors,ganaxolone,4+ rings,4.0
6918314,vilazodone,6918314.0,9.530075,10.179728,Morgan + MACCS + CACTVS + descriptors,vilazodone,4+ rings,5.0
6918315,soblidotin,6918315.0,7.3527684,7.4973865,Morgan + MACCS + CACTVS + descriptors,soblidotin,2 rings,2.0
6918324,tonabersat,6918324.0,8.828978,7.125774,Morgan + MACCS + CACTVS + descriptors,tonabersat,3 rings,3.0
6918339,estradiol-3-o-sulfamate,6918339.0,7.925913,4.577549,Morgan + MACCS + CACTVS + descriptors,estradiol-3-o-sulfamate,4+ rings,4.0
6918391,beta-elemene,6918391.0,0.114313394,7.7476587,Morgan + MACCS + CACTVS + descriptors,beta-elemene,1 ring,1.0
6918403,pki-166,6918403.0,9.838339,10.256988,Morgan + MACCS + CACTVS + descriptors,pki-166,4+ rings,4.0
6918405,ombrabulin,6918405.0,8.698173,6.9871545,Morgan + MACCS + CACTVS + descriptors,ombrabulin,2 rings,2.0
6918409,co-101244,6918409.0,8.651253,6.6675587,Morgan + MACCS + CACTVS + descriptors,co-101244,3 rings,3.0
6918410,t-1095,6918410.0,8.882585,4.86197,Morgan + MACCS + CACTVS + descriptors,t-1095,4+ rings,4.0
6918446,nps-2143,6918446.0,8.770025,6.2029333,Morgan + MACCS + CACTVS + descriptors,nps-2143,3 rings,3.0
6918453,auranofin,6918453.0,0.40526718,8.582179,Morgan + MACCS + CACTVS + descriptors,auranofin,1 ring,1.0
6918454,pd-184352,6918454.0,7.7118015,8.047509,Morgan + MACCS + CACTVS + descriptors,pd-184352,3 rings,3.0
6918486,voclosporin,6918486.0,1.1744146,7.66023,Morgan + MACCS + CACTVS + descriptors,voclosporin,1 ring,1.0
6918493,ambrisentan,6918493.0,9.487432,10.478251,Morgan + MACCS + CACTVS + descriptors,ambrisentan,3 rings,3.0
6918508,bibx-1382,6918508.0,7.014237,10.62994,Morgan + MACCS + CACTVS + descriptors,bibx-1382,4+ rings,4.0
6918509,bibn4096,6918509.0,8.432648,10.732526,Morgan + MACCS + CACTVS + descriptors,bibn4096,4+ rings,6.0
6918522,omtriptolide,6918522.0,0.5176255,7.3010044,Morgan + MACCS + CACTVS + descriptors,omtriptolide,4+ rings,7.0
6918525,pardoprunox,6918525.0,9.112026,7.248646,Morgan + MACCS + CACTVS + descriptors,pardoprunox,3 rings,3.0
6918540,dalcetrapib,6918540.0,7.156108,8.125944,Morgan + MACCS + CACTVS + descriptors,dalcetrapib,2 rings,2.0
6918554,indacaterol,6918554.0,8.335027,6.8152514,Morgan + MACCS + CACTVS + descriptors,indacaterol,4+ rings,4.0
6918558,fesoterodine,6918558.0,8.740524,6.640253,Morgan + MACCS + CACTVS + descriptors,fesoterodine,2 rings,2.0
6918572,talabostat,6918572.0,1.519232,8.813094,Morgan + MACCS + CACTVS + descriptors,talabostat,1 ring,1.0
6918583,mrk-016,6918583.0,10.1119995,9.664319,Morgan + MACCS + CACTVS + descriptors,mrk-016,4+ rings,4.0
6918627,gw-438014a,6918627.0,7.700853,11.005848,Morgan + MACCS + CACTVS + descriptors,gw-438014a,4+ rings,4.0
6918637,taltobulin,6918637.0,7.226642,7.375084,Morgan + MACCS + CACTVS + descriptors,taltobulin,1 ring,1.0
6918638,belinostat,6918638.0,8.349559,8.654847,Morgan + MACCS + CACTVS + descriptors,belinostat,2 rings,2.0
6918649,sb-399885,6918649.0,9.047628,7.99892,Morgan + MACCS + CACTVS + descriptors,sb-399885,3 rings,3.0
6918651,bvt-2733,6918651.0,8.021172,9.611298,Morgan + MACCS + CACTVS + descriptors,bvt-2733,3 rings,3.0
6918670,ingenol-mebutate,6918670.0,0.52565575,7.4368114,Morgan + MACCS + CACTVS + descriptors,ingenol-mebutate,4+ rings,4.0
6918732,id-1101,6918732.0,1.0646799,8.616364,Morgan + MACCS + CACTVS + descriptors,id-1101,0 rings,0.0
6918736,rigosertib,6918736.0,8.973844,8.022999,Morgan + MACCS + CACTVS + descriptors,rigosertib,2 rings,2.0
6918774,corosolic-acid,6918774.0,0.28773704,6.9460444,Morgan + MACCS + CACTVS + descriptors,corosolic-acid,4+ rings,5.0
6918837,panobinostat,6918837.0,8.280694,10.558771,Morgan + MACCS + CACTVS + descriptors,panobinostat,3 rings,3.0
6918848,ar-42,6918848.0,7.680449,8.165755,Morgan + MACCS + CACTVS + descriptors,ar-42,2 rings,2.0
6918852,r547,6918852.0,9.246948,9.650578,Morgan + MACCS + CACTVS + descriptors,r547,3 rings,3.0
6918881,(r)-baclofen,6918881.0,7.2525635,7.038574,Morgan + MACCS + CACTVS + descriptors,(r)-baclofen,1 ring,1.0
6918884,bucetin,6918884.0,8.584259,7.096685,Morgan + MACCS + CACTVS + descriptors,bucetin,1 ring,1.0
6918886,chlorphenesin,6918886.0,8.570195,5.723207,Morgan + MACCS + CACTVS + descriptors,chlorphenesin,1 ring,1.0
6918894,flumequine,6918894.0,9.962256,7.636022,Morgan + MACCS + CACTVS + descriptors,flumequine,3 rings,3.0
6918904,mepivacaine,6918904.0,7.0323644,8.185455,Morgan + MACCS + CACTVS + descriptors,mepivacaine,2 rings,2.0
6918906,methoxyphenamine,6918906.0,8.698265,6.3053937,Morgan + MACCS + CACTVS + descriptors,methoxyphenamine,1 ring,1.0
6918924,practolol,6918924.0,8.627692,7.0144873,Morgan + MACCS + CACTVS + descriptors,practolol,1 ring,1.0
6918925,metirosine,6918925.0,7.8894815,6.5339494,Morgan + MACCS + CACTVS + descriptors,metirosine,1 ring,1.0
6918992,melphalan,6918992.0,7.5083904,7.4733806,Morgan + MACCS + CACTVS + descriptors,melphalan,1 ring,1.0
6919009,pefloxacin,6919009.0,9.96604,7.6305175,Morgan + MACCS + CACTVS + descriptors,pefloxacin,3 rings,3.0
6919051,norfloxacin,6919051.0,9.973129,7.634857,Morgan + MACCS + CACTVS + descriptors,norfloxacin,3 rings,3.0
6919078,gabapentin,6919078.0,1.0132413,8.562325,Morgan + MACCS + CACTVS + descriptors,gabapentin,1 ring,1.0
6919079,ebpc,6919079.0,7.0977883,7.6958146,Morgan + MACCS + CACTVS + descriptors,ebpc,2 rings,2.0
6919173,methyldopa,6919173.0,7.91654,6.4744697,Morgan + MACCS + CACTVS + descriptors,methyldopa,1 ring,1.0
6920151,indoximod,6920151.0,8.588931,10.594052,Morgan + MACCS + CACTVS + descriptors,indoximod,2 rings,2.0
6921791,pipemidic-acid,6921791.0,6.9390426,11.265673,Morgan + MACCS + CACTVS + descriptors,pipemidic-acid,3 rings,3.0
6923516,tryptophan,6923516.0,8.584262,10.609948,Morgan + MACCS + CACTVS + descriptors,tryptophan,2 rings,2.0
6923772,baclofen,6923772.0,7.2788672,7.103754,Morgan + MACCS + CACTVS + descriptors,baclofen,1 ring,1.0
6923850,a-33903,6923850.0,7.2008333,8.499043,Morgan + MACCS + CACTVS + descriptors,a-33903,3 rings,3.0
6926437,penicillamine-(d),6926437.0,1.0739325,8.601993,Morgan + MACCS + CACTVS + descriptors,penicillamine-(d),0 rings,0.0
6928653,benzoclidine,6928653.0,7.229007,6.8239284,Morgan + MACCS + CACTVS + descriptors,benzoclidine,4+ rings,4.0
6931199,mephenesin,6931199.0,8.382361,5.6431823,Morgan + MACCS + CACTVS + descriptors,mephenesin,1 ring,1.0
6933882,ad-5467,6933882.0,8.793417,6.9837027,Morgan + MACCS + CACTVS + descriptors,ad-5467,2 rings,2.0
6942100,plovamer-acetate,6942100.0,7.8569775,6.5853567,Morgan + MACCS + CACTVS + descriptors,plovamer-acetate,1 ring,1.0
69439,rose-bengal-lactone,69439.0,8.485864,5.024379,Morgan + MACCS + CACTVS + descriptors,rose-bengal-lactone,4+ rings,5.0
6950715,guaifenesin,6950715.0,8.474807,5.6825824,Morgan + MACCS + CACTVS + descriptors,guaifenesin,1 ring,1.0
69550,acefylline,69550.0,5.7168555,11.422196,Morgan + MACCS + CACTVS + descriptors,acefylline,2 rings,2.0
6956357,ofloxacin,6956357.0,9.795704,7.548541,Morgan + MACCS + CACTVS + descriptors,ofloxacin,4+ rings,4.0
6956367,sparfloxacin,6956367.0,9.967531,7.6369853,Morgan + MACCS + CACTVS + descriptors,sparfloxacin,4+ rings,4.0
6957673,bentiromide,6957673.0,8.097815,7.542427,Morgan + MACCS + CACTVS + descriptors,bentiromide,3 rings,3.0
69605,5-fluoropyrimidine,69605.0,5.7306356,11.073376,Morgan + MACCS + CACTVS + descriptors,5-fluoropyrimidine,1 ring,1.0
6966819,fli-06,6966819.0,8.358042,7.988999,Morgan + MACCS + CACTVS + descriptors,fli-06,4+ rings,4.0
6971019,l-threonine,6971019.0,1.0711999,8.605835,Morgan + MACCS + CACTVS + descriptors,l-threonine,0 rings,0.0
6971029,l-kynurenine,6971029.0,7.7085176,7.4728765,Morgan + MACCS + CACTVS + descriptors,l-kynurenine,1 ring,1.0
6971033,levodopa,6971033.0,7.9115167,6.521042,Morgan + MACCS + CACTVS + descriptors,levodopa,1 ring,1.0
6971044,5-hydroxytryptophan,6971044.0,8.798159,10.636833,Morgan + MACCS + CACTVS + descriptors,5-hydroxytryptophan,2 rings,2.0
6971047,l-proline,6971047.0,1.1613144,8.585799,Morgan + MACCS + CACTVS + descriptors,l-proline,1 ring,1.0
6971053,l-hydroxyproline,6971053.0,1.2930925,8.527001,Morgan + MACCS + CACTVS + descriptors,l-hydroxyproline,1 ring,1.0
6971063,acpc,6971063.0,1.0341325,8.628222,Morgan + MACCS + CACTVS + descriptors,acpc,1 ring,1.0
6971135,gatifloxacin,6971135.0,9.846225,7.564006,Morgan + MACCS + CACTVS + descriptors,gatifloxacin,4+ rings,4.0
6971145,l-quisqualic-acid,6971145.0,1.5027509,8.928076,Morgan + MACCS + CACTVS + descriptors,l-quisqualic-acid,1 ring,1.0
6971205,curcumin,6971205.0,8.404541,5.599019,Morgan + MACCS + CACTVS + descriptors,curcumin,2 rings,2.0
6971210,ibotenic-acid,6971210.0,1.3945538,8.837533,Morgan + MACCS + CACTVS + descriptors,ibotenic-acid,1 ring,1.0
6971262,dimercaprol,6971262.0,0.3001615,8.861633,Morgan + MACCS + CACTVS + descriptors,dimercaprol,0 rings,0.0
6971281,aminohydroxybutyric-acid,6971281.0,1.1176682,8.65771,Morgan + MACCS + CACTVS + descriptors,aminohydroxybutyric-acid,0 rings,0.0
6971294,mimosine,6971294.0,1.3858534,8.821467,Morgan + MACCS + CACTVS + descriptors,mimosine,1 ring,1.0
69724031,pdp-ea,69724031.0,8.762168,6.368082,Morgan + MACCS + CACTVS + descriptors,pdp-ea,1 ring,1.0
6973610,timonacic,6973610.0,1.2421942,8.5517645,Morgan + MACCS + CACTVS + descriptors,timonacic,1 ring,1.0
6976314,ha14-1,6976314.0,8.379744,5.531982,Morgan + MACCS + CACTVS + descriptors,ha14-1,2 rings,2.0
6977265,ana-12,6977265.0,7.412726,8.699039,Morgan + MACCS + CACTVS + descriptors,ana-12,4+ rings,4.0
6979017,4bp-tqs,6979017.0,8.330649,8.743675,Morgan + MACCS + CACTVS + descriptors,4bp-tqs,4+ rings,4.0
697993,benzo[d]thiazole-2(3h)-thione,697993.0,6.7817674,8.686778,Morgan + MACCS + CACTVS + descriptors,benzo[d]thiazole-2(3h)-thione,2 rings,2.0
698112,aeg3482,698112.0,7.9129105,9.660634,Morgan + MACCS + CACTVS + descriptors,aeg3482,3 rings,3.0
6982,chlorothymol,6982.0,7.772366,5.607884,Morgan + MACCS + CACTVS + descriptors,chlorothymol,1 ring,1.0
6989,thymol,6989.0,7.8198705,5.58408,Morgan + MACCS + CACTVS + descriptors,thymol,1 ring,1.0
6989209,octodrine,6989209.0,0.9306241,9.198526,Morgan + MACCS + CACTVS + descriptors,octodrine,0 rings,0.0
6991996,tramiprosate,6991996.0,0.7371042,8.96874,Morgan + MACCS + CACTVS + descriptors,tramiprosate,0 rings,0.0
6992028,ramipril,6992028.0,7.291778,7.4145594,Morgan + MACCS + CACTVS + descriptors,ramipril,3 rings,3.0
6992066,aspartame,6992066.0,7.2905865,7.20817,Morgan + MACCS + CACTVS + descriptors,aspartame,1 ring,1.0
6992070,enilconazole,6992070.0,7.4147325,9.795423,Morgan + MACCS + CACTVS + descriptors,enilconazole,2 rings,2.0
6992086,l-glutamine,6992086.0,1.1973332,8.574709,Morgan + MACCS + CACTVS + descriptors,l-glutamine,0 rings,0.0
6992087,l-methionine,6992087.0,1.0797557,8.572109,Morgan + MACCS + CACTVS + descriptors,l-methionine,0 rings,0.0
6992089,l-asparagine,6992089.0,1.1352144,8.60791,Morgan + MACCS + CACTVS + descriptors,l-asparagine,0 rings,0.0
6992099,gamma-aminobutyric-acid,6992099.0,1.0697248,8.582866,Morgan + MACCS + CACTVS + descriptors,gamma-aminobutyric-acid,0 rings,0.0
6992100,carnosine,6992100.0,5.7154408,11.201287,Morgan + MACCS + CACTVS + descriptors,carnosine,1 ring,1.0
6992103,l-cystine,6992103.0,1.1250361,8.619257,Morgan + MACCS + CACTVS + descriptors,l-cystine,0 rings,0.0
6992720,salsolinol-1-carboxylic-acid,6992720.0,8.01715,6.5208244,Morgan + MACCS + CACTVS + descriptors,salsolinol-1-carboxylic-acid,2 rings,2.0
6992808,tuaminoheptane,6992808.0,0.91743493,9.18807,Morgan + MACCS + CACTVS + descriptors,tuaminoheptane,0 rings,0.0
6993223,ectoine,6993223.0,1.1581247,8.611337,Morgan + MACCS + CACTVS + descriptors,ectoine,1 ring,1.0
6993341,octinoxate,6993341.0,8.370321,5.534361,Morgan + MACCS + CACTVS + descriptors,octinoxate,1 ring,1.0
6994088,badge,6994088.0,8.463422,5.499832,Morgan + MACCS + CACTVS + descriptors,badge,4+ rings,4.0
699414,trans-4-methoxycinnamic-acid,699414.0,8.256699,5.5746684,Morgan + MACCS + CACTVS + descriptors,trans-4-methoxycinnamic-acid,1 ring,1.0
6995101,d-7193,6995101.0,1.339066,8.412717,Morgan + MACCS + CACTVS + descriptors,d-7193,0 rings,0.0
6997572,carprofen,6997572.0,8.620413,10.454348,Morgan + MACCS + CACTVS + descriptors,carprofen,3 rings,3.0
6998998,ro-20-1724,6998998.0,8.972787,6.442426,Morgan + MACCS + CACTVS + descriptors,ro-20-1724,2 rings,2.0
6999795,fenipentol,6999795.0,7.386338,5.9877,Morgan + MACCS + CACTVS + descriptors,fenipentol,1 ring,1.0
7000183,ampa-(s),7000183.0,1.3386589,8.750806,Morgan + MACCS + CACTVS + descriptors,ampa-(s),1 ring,1.0
7005049,bay-85-8050,7005049.0,1.0956675,8.62138,Morgan + MACCS + CACTVS + descriptors,bay-85-8050,0 rings,0.0
7005135,2-hydroxysaclofen,7005135.0,8.132488,8.262256,Morgan + MACCS + CACTVS + descriptors,2-hydroxysaclofen,1 ring,1.0
7009555,val-tyr,7009555.0,7.702772,6.7487864,Morgan + MACCS + CACTVS + descriptors,val-tyr,1 ring,1.0
7014,sparteine-(+),7014.0,1.211024,9.199505,Morgan + MACCS + CACTVS + descriptors,sparteine-(+),4+ rings,4.0
7014872,editol,7014872.0,1.177962,8.796524,Morgan + MACCS + CACTVS + descriptors,editol,0 rings,0.0
7014883,dipeptamin,7014883.0,1.3596672,8.404782,Morgan + MACCS + CACTVS + descriptors,dipeptamin,0 rings,0.0
7016877,leucylleucine-methyl-ester,7016877.0,1.3440799,8.356562,Morgan + MACCS + CACTVS + descriptors,leucylleucine-methyl-ester,0 rings,0.0
70177,declopramide,70177.0,7.105638,7.730655,Morgan + MACCS + CACTVS + descriptors,declopramide,1 ring,1.0
7018836,gly-gln,7018836.0,1.3068633,8.413733,Morgan + MACCS + CACTVS + descriptors,gly-gln,0 rings,0.0
7019,9-aminoacridine,7019.0,6.9780426,10.093612,Morgan + MACCS + CACTVS + descriptors,9-aminoacridine,3 rings,3.0
7020,xanthone,7020.0,8.40699,5.163449,Morgan + MACCS + CACTVS + descriptors,xanthone,3 rings,3.0
7021857,imreg-1,7021857.0,7.714648,6.7202883,Morgan + MACCS + CACTVS + descriptors,imreg-1,1 ring,1.0
7023847,rac-bhff,7023847.0,8.3055725,5.2591324,Morgan + MACCS + CACTVS + descriptors,rac-bhff,2 rings,2.0
702558,rg108,702558.0,8.619566,10.567934,Morgan + MACCS + CACTVS + descriptors,rg108,4+ rings,4.0
7028,ephedrine-(racemic),7028.0,7.97896,6.47706,Morgan + MACCS + CACTVS + descriptors,ephedrine-(racemic),1 ring,1.0
7032530,centpropazine,7032530.0,9.028958,7.065042,Morgan + MACCS + CACTVS + descriptors,centpropazine,3 rings,3.0
70335,edaravone,70335.0,7.089266,8.645253,Morgan + MACCS + CACTVS + descriptors,edaravone,2 rings,2.0
7033975,heptaminol,7033975.0,0.83046097,8.894289,Morgan + MACCS + CACTVS + descriptors,heptaminol,0 rings,0.0
704473,stf-62247,704473.0,7.3185954,10.107423,Morgan + MACCS + CACTVS + descriptors,stf-62247,3 rings,3.0
7045798,l-leucine,7045798.0,1.0696195,8.601003,Morgan + MACCS + CACTVS + descriptors,l-leucine,0 rings,0.0
7047041,4-iodo-l-phenylalanine,7047041.0,7.330244,7.137608,Morgan + MACCS + CACTVS + descriptors,4-iodo-l-phenylalanine,1 ring,1.0
7047378,mepazine,7047378.0,6.3865776,8.230955,Morgan + MACCS + CACTVS + descriptors,mepazine,4+ rings,4.0
7048523,5-aminolevulinic-acid,7048523.0,1.0249523,8.61794,Morgan + MACCS + CACTVS + descriptors,5-aminolevulinic-acid,0 rings,0.0
7048549,idra-21,7048549.0,8.348612,8.821636,Morgan + MACCS + CACTVS + descriptors,idra-21,2 rings,2.0
7048572,cefaclor,7048572.0,3.6910822,7.954482,Morgan + MACCS + CACTVS + descriptors,cefaclor,3 rings,3.0
7048578,nadolol,7048578.0,8.800558,6.2003703,Morgan + MACCS + CACTVS + descriptors,nadolol,2 rings,2.0
7048611,ampicillin,7048611.0,3.7472422,7.9426007,Morgan + MACCS + CACTVS + descriptors,ampicillin,3 rings,3.0
7048656,dehydrocholate,7048656.0,0.07677504,7.277244,Morgan + MACCS + CACTVS + descriptors,dehydrocholate,4+ rings,4.0
7048703,liothyronine,7048703.0,7.9727583,6.536573,Morgan + MACCS + CACTVS + descriptors,liothyronine,2 rings,2.0
7048786,rimantadine,7048786.0,0.95215017,9.281941,Morgan + MACCS + CACTVS + descriptors,rimantadine,4+ rings,4.0
70547,n-acetyltryptamine,70547.0,8.2345915,10.525454,Morgan + MACCS + CACTVS + descriptors,n-acetyltryptamine,2 rings,2.0
7057882,citiolone,7057882.0,1.4013909,8.648837,Morgan + MACCS + CACTVS + descriptors,citiolone,1 ring,1.0
7057887,6-aminopenicillanic-acid,7057887.0,1.7729763,8.43784,Morgan + MACCS + CACTVS + descriptors,6-aminopenicillanic-acid,2 rings,2.0
7057924,"2-ethyl-1,3-hexanediol",7057924.0,0.45809075,8.533369,Morgan + MACCS + CACTVS + descriptors,"2-ethyl-1,3-hexanediol",0 rings,0.0
7057995,chloralose,7057995.0,0.03503791,8.764431,Morgan + MACCS + CACTVS + descriptors,chloralose,2 rings,2.0
7058093,7-aminocephalosporanic-acid,7058093.0,2.017087,8.311674,Morgan + MACCS + CACTVS + descriptors,7-aminocephalosporanic-acid,2 rings,2.0
7058174,s-methylcysteine,7058174.0,1.0879427,8.593242,Morgan + MACCS + CACTVS + descriptors,s-methylcysteine,0 rings,0.0
7059442,ampa-(rs),7059442.0,1.3650464,8.776779,Morgan + MACCS + CACTVS + descriptors,ampa-(rs),1 ring,1.0
7059445,aminomethyltransferase,7059445.0,0.9139919,9.341446,Morgan + MACCS + CACTVS + descriptors,aminomethyltransferase,1 ring,1.0
7059516,enflurane,7059516.0,0.35139292,9.120582,Morgan + MACCS + CACTVS + descriptors,enflurane,0 rings,0.0
7059534,isoguvacine,7059534.0,1.0008729,8.609011,Morgan + MACCS + CACTVS + descriptors,isoguvacine,1 ring,1.0
7059662,dicloralurea,7059662.0,1.1484232,8.924055,Morgan + MACCS + CACTVS + descriptors,dicloralurea,0 rings,0.0
7061800,orbifloxacin,7061800.0,9.957739,7.6427684,Morgan + MACCS + CACTVS + descriptors,orbifloxacin,4+ rings,4.0
70647728,bms-935177,70647728.0,8.5028105,10.658481,Morgan + MACCS + CACTVS + descriptors,bms-935177,4+ rings,6.0
70678987,gadobutrol,70678987.0,1.3433439,8.83686,Morgan + MACCS + CACTVS + descriptors,gadobutrol,3 rings,3.0
70679308,chr-6494,70679308.0,6.773236,10.718802,Morgan + MACCS + CACTVS + descriptors,chr-6494,4+ rings,4.0
70682875,tc-mps1-12,70682875.0,7.7480636,10.965881,Morgan + MACCS + CACTVS + descriptors,tc-mps1-12,2 rings,2.0
7068808,s-sulfo-l-cysteine,7068808.0,1.052781,8.646251,Morgan + MACCS + CACTVS + descriptors,s-sulfo-l-cysteine,0 rings,0.0
70697712,tc-s-7009,70697712.0,7.154195,9.475561,Morgan + MACCS + CACTVS + descriptors,tc-s-7009,3 rings,3.0
70699441,oxf-bd-02,70699441.0,8.869801,9.215362,Morgan + MACCS + CACTVS + descriptors,oxf-bd-02,3 rings,3.0
70702008,sr-3576,70702008.0,9.824473,9.944968,Morgan + MACCS + CACTVS + descriptors,sr-3576,4+ rings,4.0
707029,ex-527,707029.0,8.278111,10.545972,Morgan + MACCS + CACTVS + descriptors,ex-527,3 rings,3.0
70798655,mln1117,70798655.0,9.975555,9.886057,Morgan + MACCS + CACTVS + descriptors,mln1117,4+ rings,5.0
70817911,bay1125976,70817911.0,7.50752,10.949854,Morgan + MACCS + CACTVS + descriptors,bay1125976,4+ rings,5.0
70846,chlorindione,70846.0,6.8191204,6.4908576,Morgan + MACCS + CACTVS + descriptors,chlorindione,3 rings,3.0
70874604,nlg919,70874604.0,7.079664,10.599413,Morgan + MACCS + CACTVS + descriptors,nlg919,4+ rings,4.0
70881528,cpi-613,70881528.0,7.085708,6.224394,Morgan + MACCS + CACTVS + descriptors,cpi-613,2 rings,2.0
70882,moxaverine,70882.0,9.715199,10.5391445,Morgan + MACCS + CACTVS + descriptors,moxaverine,3 rings,3.0
708857,pyrantel-pamoate,708857.0,6.459377,7.9958005,Morgan + MACCS + CACTVS + descriptors,pyrantel-pamoate,2 rings,2.0
70912,acetyl-l-leucine,70912.0,1.2660124,8.436261,Morgan + MACCS + CACTVS + descriptors,acetyl-l-leucine,0 rings,0.0
70941112,s-38093,70941112.0,8.982703,6.845999,Morgan + MACCS + CACTVS + descriptors,s-38093,3 rings,3.0
70945511,vby-825,70945511.0,8.250715,8.495347,Morgan + MACCS + CACTVS + descriptors,vby-825,3 rings,3.0
70983932,gsk2830371,70983932.0,7.9670815,10.371215,Morgan + MACCS + CACTVS + descriptors,gsk2830371,4+ rings,4.0
7098638,cabagin,7098638.0,1.2282177,9.656751,Morgan + MACCS + CACTVS + descriptors,cabagin,0 rings,0.0
7098683,picrotoxinin,7098683.0,0.48476955,7.2966456,Morgan + MACCS + CACTVS + descriptors,picrotoxinin,4+ rings,5.0
7099,proflavine-hemisulfate,7099.0,6.9976077,10.095882,Morgan + MACCS + CACTVS + descriptors,proflavine-hemisulfate,3 rings,3.0
71059746,t-807,71059746.0,7.259368,10.340278,Morgan + MACCS + CACTVS + descriptors,t-807,4+ rings,4.0
71077,d-serine,71077.0,1.1003127,8.59322,Morgan + MACCS + CACTVS + descriptors,d-serine,0 rings,0.0
7108,phenothiazine,7108.0,6.4426923,8.428557,Morgan + MACCS + CACTVS + descriptors,phenothiazine,3 rings,3.0
71083,copper-histidine,71083.0,5.7105217,11.161859,Morgan + MACCS + CACTVS + descriptors,copper-histidine,1 ring,1.0
71113,valpromide,71113.0,1.1250337,8.860845,Morgan + MACCS + CACTVS + descriptors,valpromide,0 rings,0.0
71135,decloxizine,71135.0,6.7851634,7.613724,Morgan + MACCS + CACTVS + descriptors,decloxizine,3 rings,3.0
71141,cefminox,71141.0,2.8001192,8.131065,Morgan + MACCS + CACTVS + descriptors,cefminox,3 rings,3.0
71153,fluprazine,71153.0,7.096577,8.242244,Morgan + MACCS + CACTVS + descriptors,fluprazine,2 rings,2.0
71157,nefiracetam,71157.0,7.0774035,8.271882,Morgan + MACCS + CACTVS + descriptors,nefiracetam,2 rings,2.0
71158,acamprosate,71158.0,0.89267105,8.834299,Morgan + MACCS + CACTVS + descriptors,acamprosate,0 rings,0.0
71167912,kp-1212,71167912.0,2.384242,9.646938,Morgan + MACCS + CACTVS + descriptors,kp-1212,2 rings,2.0
71169,isaxonine,71169.0,5.75728,11.097756,Morgan + MACCS + CACTVS + descriptors,isaxonine,1 ring,1.0
71183216,eleclazine,71183216.0,9.920889,10.067983,Morgan + MACCS + CACTVS + descriptors,eleclazine,4+ rings,4.0
71188,enrofloxacin,71188.0,9.994377,7.623026,Morgan + MACCS + CACTVS + descriptors,enrofloxacin,4+ rings,4.0
71197,propylhexedrine,71197.0,0.94253916,9.302639,Morgan + MACCS + CACTVS + descriptors,propylhexedrine,1 ring,1.0
7120080,pimobendan,7120080.0,9.987505,9.763157,Morgan + MACCS + CACTVS + descriptors,pimobendan,4+ rings,4.0
71203,vinburnine,71203.0,8.282524,10.617197,Morgan + MACCS + CACTVS + descriptors,vinburnine,4+ rings,5.0
71206984,azithromycin,71206984.0,0.98805815,7.4588647,Morgan + MACCS + CACTVS + descriptors,azithromycin,3 rings,3.0
71211,n-hydroxynicotinamide,71211.0,8.352682,11.110428,Morgan + MACCS + CACTVS + descriptors,n-hydroxynicotinamide,1 ring,1.0
71226662,acalabrutinib,71226662.0,7.570102,11.067757,Morgan + MACCS + CACTVS + descriptors,acalabrutinib,4+ rings,5.0
71228883,cilofexor,71228883.0,9.836826,10.15571,Morgan + MACCS + CACTVS + descriptors,cilofexor,4+ rings,6.0
71236992,crenigacestat,71236992.0,7.5484166,11.282047,Morgan + MACCS + CACTVS + descriptors,crenigacestat,3 rings,3.0
71237,neridronic-acid,71237.0,0.8071762,8.89786,Morgan + MACCS + CACTVS + descriptors,neridronic-acid,0 rings,0.0
71242808,evocalcet,71242808.0,7.3836055,7.9621096,Morgan + MACCS + CACTVS + descriptors,evocalcet,4+ rings,4.0
71245042,ac-186,71245042.0,7.7652736,5.602649,Morgan + MACCS + CACTVS + descriptors,ac-186,3 rings,3.0
71245288,selonsertib,71245288.0,7.5338163,10.9532,Morgan + MACCS + CACTVS + descriptors,selonsertib,4+ rings,5.0
71264,tiracizine,71264.0,7.1219306,8.16086,Morgan + MACCS + CACTVS + descriptors,tiracizine,3 rings,3.0
71267,pincainide,71267.0,7.0332065,8.230124,Morgan + MACCS + CACTVS + descriptors,pincainide,2 rings,2.0
71271629,pfi-1,71271629.0,8.99567,8.057455,Morgan + MACCS + CACTVS + descriptors,pfi-1,3 rings,3.0
71291068,cpi-203,71291068.0,7.6306405,10.141389,Morgan + MACCS + CACTVS + descriptors,cpi-203,4+ rings,4.0
71295845,sar131675,71295845.0,7.6048546,11.1020155,Morgan + MACCS + CACTVS + descriptors,sar131675,2 rings,2.0
71299339,agi-6780,71299339.0,8.312015,8.763611,Morgan + MACCS + CACTVS + descriptors,agi-6780,4+ rings,4.0
71300892,fluralaner,71300892.0,7.110993,7.653046,Morgan + MACCS + CACTVS + descriptors,fluralaner,3 rings,3.0
71304818,khs-101,71304818.0,7.2288017,10.276388,Morgan + MACCS + CACTVS + descriptors,khs-101,3 rings,3.0
71307,lazabemide,71307.0,8.236998,11.10316,Morgan + MACCS + CACTVS + descriptors,lazabemide,1 ring,1.0
71310,atipamezole,71310.0,6.9447184,10.356694,Morgan + MACCS + CACTVS + descriptors,atipamezole,3 rings,3.0
71311876,mc1568,71311876.0,8.247363,10.66752,Morgan + MACCS + CACTVS + descriptors,mc1568,2 rings,2.0
71314316,butibufen,71314316.0,7.102731,6.200931,Morgan + MACCS + CACTVS + descriptors,butibufen,1 ring,1.0
71315139,pf-4981517,71315139.0,6.743044,10.73756,Morgan + MACCS + CACTVS + descriptors,pf-4981517,4+ rings,6.0
71329,dofetilide,71329.0,8.989391,8.002773,Morgan + MACCS + CACTVS + descriptors,dofetilide,2 rings,2.0
71335,danofloxacin,71335.0,9.9859295,7.641987,Morgan + MACCS + CACTVS + descriptors,danofloxacin,4+ rings,5.0
71340,biapenem,71340.0,2.048549,8.333736,Morgan + MACCS + CACTVS + descriptors,biapenem,4+ rings,4.0
71345,pirodavir,71345.0,9.735075,9.328164,Morgan + MACCS + CACTVS + descriptors,pirodavir,3 rings,3.0
71351,ocaperidone,71351.0,9.178887,8.3181715,Morgan + MACCS + CACTVS + descriptors,ocaperidone,4+ rings,5.0
71353,dapoxetine,71353.0,8.661582,6.5952444,Morgan + MACCS + CACTVS + descriptors,dapoxetine,3 rings,3.0
71354,bindarit,71354.0,8.909546,10.303516,Morgan + MACCS + CACTVS + descriptors,bindarit,3 rings,3.0
71356,cipamfylline,71356.0,5.7692795,11.412079,Morgan + MACCS + CACTVS + descriptors,cipamfylline,4+ rings,4.0
71360,iloperidone,71360.0,9.236335,8.345186,Morgan + MACCS + CACTVS + descriptors,iloperidone,4+ rings,4.0
71384,dexrazoxane,71384.0,1.4718175,8.925312,Morgan + MACCS + CACTVS + descriptors,dexrazoxane,2 rings,2.0
71386,clobetasone-butyrate,71386.0,0.27858317,6.2364483,Morgan + MACCS + CACTVS + descriptors,clobetasone-butyrate,4+ rings,4.0
7141881,09/01/92,7141881.0,9.142107,10.222569,Morgan + MACCS + CACTVS + descriptors,09/01/92,2 rings,2.0
714286,vu10010,714286.0,8.03399,10.176022,Morgan + MACCS + CACTVS + descriptors,vu10010,3 rings,3.0
71449713,macitentan-n-butyl-analogue,71449713.0,9.19765,9.563967,Morgan + MACCS + CACTVS + descriptors,macitentan-n-butyl-analogue,3 rings,3.0
71450251,tc-g-1005,71450251.0,9.63778,10.263929,Morgan + MACCS + CACTVS + descriptors,tc-g-1005,4+ rings,5.0
71461003,sklb1002,71461003.0,10.282385,10.353698,Morgan + MACCS + CACTVS + descriptors,sklb1002,3 rings,3.0
71462653,nexturastat-a,71462653.0,7.480758,8.049875,Morgan + MACCS + CACTVS + descriptors,nexturastat-a,2 rings,2.0
71466,isoetharine,71466.0,8.110315,6.437886,Morgan + MACCS + CACTVS + descriptors,isoetharine,1 ring,1.0
71470,betamethasone-butyrate-propionate,71470.0,0.2723381,6.118362,Morgan + MACCS + CACTVS + descriptors,betamethasone-butyrate-propionate,4+ rings,4.0
71479709,evobrutinib,71479709.0,10.213396,10.011977,Morgan + MACCS + CACTVS + descriptors,evobrutinib,4+ rings,4.0
71481097,selinexor,71481097.0,7.2621207,10.744018,Morgan + MACCS + CACTVS + descriptors,selinexor,3 rings,3.0
71485,sucralose,71485.0,-0.0301729,8.662387,Morgan + MACCS + CACTVS + descriptors,sucralose,2 rings,2.0
71492799,verdinexor,71492799.0,7.410045,10.7276535,Morgan + MACCS + CACTVS + descriptors,verdinexor,3 rings,3.0
71496458,osimertinib,71496458.0,10.21771,10.075789,Morgan + MACCS + CACTVS + descriptors,osimertinib,4+ rings,4.0
71496459,az7550,71496459.0,10.3001585,10.148396,Morgan + MACCS + CACTVS + descriptors,az7550,4+ rings,4.0
71496460,az5104,71496460.0,10.26043,10.098969,Morgan + MACCS + CACTVS + descriptors,az5104,4+ rings,4.0
71496742,kpt-276,71496742.0,7.3332024,10.330095,Morgan + MACCS + CACTVS + descriptors,kpt-276,3 rings,3.0
7151,methyl-nicotinate,7151.0,8.710344,11.040436,Morgan + MACCS + CACTVS + descriptors,methyl-nicotinate,1 ring,1.0
71512660,itd-1,71512660.0,7.2937207,6.761647,Morgan + MACCS + CACTVS + descriptors,itd-1,4+ rings,4.0
71515460,dbpr-211,71515460.0,8.216964,9.831657,Morgan + MACCS + CACTVS + descriptors,dbpr-211,4+ rings,6.0
71520717,lmk-235,71520717.0,7.155837,7.6061354,Morgan + MACCS + CACTVS + descriptors,lmk-235,1 ring,1.0
71521142,nms-873,71521142.0,9.478493,9.569531,Morgan + MACCS + CACTVS + descriptors,nms-873,4+ rings,5.0
71522234,gsk-lsd-1,71522234.0,6.3815594,7.514192,Morgan + MACCS + CACTVS + descriptors,gsk-lsd-1,3 rings,3.0
71523377,vlx1570,71523377.0,7.725056,8.242224,Morgan + MACCS + CACTVS + descriptors,vlx1570,3 rings,3.0
71528744,firsocostat,71528744.0,9.512354,9.899366,Morgan + MACCS + CACTVS + descriptors,firsocostat,4+ rings,5.0
71533725,gsk2837808a,71533725.0,9.3670635,9.618613,Morgan + MACCS + CACTVS + descriptors,gsk2837808a,4+ rings,6.0
71535003,pf-06459988,71535003.0,10.164464,9.85411,Morgan + MACCS + CACTVS + descriptors,pf-06459988,4+ rings,4.0
71542096,idf-11774,71542096.0,8.883153,6.662382,Morgan + MACCS + CACTVS + descriptors,idf-11774,4+ rings,6.0
71543365,ory-1001,71543365.0,6.414158,7.5281024,Morgan + MACCS + CACTVS + descriptors,ory-1001,3 rings,3.0
71549093,pi4kiii-beta-inhibitor-1,71549093.0,9.067301,9.43943,Morgan + MACCS + CACTVS + descriptors,pi4kiii-beta-inhibitor-1,3 rings,3.0
71563,l-valine,71563.0,1.0276356,8.59365,Morgan + MACCS + CACTVS + descriptors,l-valine,0 rings,0.0
71567,d-phenylalanine,71567.0,7.334741,7.0968804,Morgan + MACCS + CACTVS + descriptors,d-phenylalanine,1 ring,1.0
71571306,pf-06282999,71571306.0,8.92882,7.484202,Morgan + MACCS + CACTVS + descriptors,pf-06282999,2 rings,2.0
71576419,cep-40783,71576419.0,10.191405,10.397005,Morgan + MACCS + CACTVS + descriptors,cep-40783,4+ rings,5.0
71577426,cb-839,71577426.0,9.821832,9.783007,Morgan + MACCS + CACTVS + descriptors,cb-839,4+ rings,4.0
71580991,gsk2838232,71580991.0,7.4349885,6.924324,Morgan + MACCS + CACTVS + descriptors,gsk2838232,4+ rings,6.0
71583615,unc2327,71583615.0,7.686822,10.3707075,Morgan + MACCS + CACTVS + descriptors,unc2327,3 rings,3.0
71584930,ripretinib,71584930.0,7.702922,11.076685,Morgan + MACCS + CACTVS + descriptors,ripretinib,4+ rings,4.0
71587953,tenapanor,71587953.0,8.309052,8.552423,Morgan + MACCS + CACTVS + descriptors,tenapanor,4+ rings,6.0
71599640,mps1-in-5,71599640.0,9.428879,9.578252,Morgan + MACCS + CACTVS + descriptors,mps1-in-5,4+ rings,5.0
71600087,mivebresib,71600087.0,9.133626,9.648988,Morgan + MACCS + CACTVS + descriptors,mivebresib,4+ rings,4.0
71600094,cudc-427,71600094.0,8.034055,10.322716,Morgan + MACCS + CACTVS + descriptors,cudc-427,4+ rings,5.0
71601111,iwp-l6,71601111.0,7.675967,10.450121,Morgan + MACCS + CACTVS + descriptors,iwp-l6,4+ rings,5.0
71602803,voxelotor,71602803.0,9.635844,10.121627,Morgan + MACCS + CACTVS + descriptors,voxelotor,3 rings,3.0
71604307,xmd17-109,71604307.0,10.126074,10.042325,Morgan + MACCS + CACTVS + descriptors,xmd17-109,4+ rings,7.0
71611869,rogaratinib,71611869.0,9.964186,9.732662,Morgan + MACCS + CACTVS + descriptors,rogaratinib,4+ rings,5.0
716128,tetrahydrozoline,716128.0,6.31256,7.6636066,Morgan + MACCS + CACTVS + descriptors,tetrahydrozoline,3 rings,3.0
71616,voriconazole,71616.0,7.2502217,10.379999,Morgan + MACCS + CACTVS + descriptors,voriconazole,3 rings,3.0
71618700,nk-252,71618700.0,9.827724,9.892077,Morgan + MACCS + CACTVS + descriptors,nk-252,3 rings,3.0
71621167,sng-1153,71621167.0,8.514359,4.923755,Morgan + MACCS + CACTVS + descriptors,sng-1153,3 rings,3.0
71621331,futibatinib,71621331.0,10.110606,9.673945,Morgan + MACCS + CACTVS + descriptors,futibatinib,4+ rings,4.0
71621663,als-8112,71621663.0,2.418334,9.679671,Morgan + MACCS + CACTVS + descriptors,als-8112,2 rings,2.0
71645,mexeneone,71645.0,8.426524,5.078408,Morgan + MACCS + CACTVS + descriptors,mexeneone,2 rings,2.0
71651,betamipron,71651.0,7.1798368,7.403135,Morgan + MACCS + CACTVS + descriptors,betamipron,1 ring,1.0
71655,moroxydine,71655.0,1.0714961,9.220466,Morgan + MACCS + CACTVS + descriptors,moroxydine,1 ring,1.0
71656212,kml29,71656212.0,9.218815,6.6939425,Morgan + MACCS + CACTVS + descriptors,kml29,4+ rings,5.0
71656520,jw-642,71656520.0,8.774342,6.7621922,Morgan + MACCS + CACTVS + descriptors,jw-642,3 rings,3.0
71657455,ivosidenib,71657455.0,7.544227,11.055315,Morgan + MACCS + CACTVS + descriptors,ivosidenib,4+ rings,5.0
71657619,abx-1431,71657619.0,7.1221423,8.260724,Morgan + MACCS + CACTVS + descriptors,abx-1431,3 rings,3.0
71661251,elbasvir,71661251.0,9.825795,10.012029,Morgan + MACCS + CACTVS + descriptors,elbasvir,4+ rings,9.0
71666749,pf-06305591,71666749.0,7.4994125,10.731487,Morgan + MACCS + CACTVS + descriptors,pf-06305591,2 rings,2.0
71667162,vl285,71667162.0,8.0783825,10.300172,Morgan + MACCS + CACTVS + descriptors,vl285,4+ rings,5.0
71667668,naquotinib,71667668.0,9.945287,10.055246,Morgan + MACCS + CACTVS + descriptors,naquotinib,4+ rings,5.0
71668,mepiroxol,71668.0,9.054155,11.014304,Morgan + MACCS + CACTVS + descriptors,mepiroxol,1 ring,1.0
71668376,"3,5-dhpg-(s)",71668376.0,7.891657,6.572552,Morgan + MACCS + CACTVS + descriptors,"3,5-dhpg-(s)",1 ring,1.0
71678098,siremadlin,71678098.0,7.756167,10.885813,Morgan + MACCS + CACTVS + descriptors,siremadlin,4+ rings,5.0
71693,fomocaine,71693.0,8.650295,6.6653724,Morgan + MACCS + CACTVS + descriptors,fomocaine,3 rings,3.0
71699712,atglistatin,71699712.0,6.9661164,8.403412,Morgan + MACCS + CACTVS + descriptors,atglistatin,2 rings,2.0
71712226,cpi-169,71712226.0,8.67596,9.886874,Morgan + MACCS + CACTVS + descriptors,cpi-169,4+ rings,4.0
71714682,k145,71714682.0,8.850856,6.627486,Morgan + MACCS + CACTVS + descriptors,k145,2 rings,2.0
71715374,tak-243,71715374.0,7.167414,10.705728,Morgan + MACCS + CACTVS + descriptors,tak-243,4+ rings,4.0
71721540,ly3009120,71721540.0,7.258774,11.004036,Morgan + MACCS + CACTVS + descriptors,ly3009120,3 rings,3.0
71721648,cep-37440,71721648.0,10.165942,10.075782,Morgan + MACCS + CACTVS + descriptors,cep-37440,4+ rings,5.0
71727581,ravoxertinib,71727581.0,7.393294,10.906265,Morgan + MACCS + CACTVS + descriptors,ravoxertinib,4+ rings,4.0
71729966,mezlocillin,71729966.0,3.8169408,7.9191055,Morgan + MACCS + CACTVS + descriptors,mezlocillin,4+ rings,4.0
71729975,gsk-j4,71729975.0,7.44961,11.173781,Morgan + MACCS + CACTVS + descriptors,gsk-j4,4+ rings,4.0
71730058,pfk-158,71730058.0,8.284499,10.95611,Morgan + MACCS + CACTVS + descriptors,pfk-158,3 rings,3.0
71734,enocitabine,71734.0,2.4176192,9.679783,Morgan + MACCS + CACTVS + descriptors,enocitabine,2 rings,2.0
71735843,tc-e-5002,71735843.0,1.1523974,8.5197315,Morgan + MACCS + CACTVS + descriptors,tc-e-5002,1 ring,1.0
71748255,pf-06409577,71748255.0,8.664778,10.578088,Morgan + MACCS + CACTVS + descriptors,pf-06409577,4+ rings,4.0
7175,propylparaben,7175.0,8.283679,5.533732,Morgan + MACCS + CACTVS + descriptors,propylparaben,1 ring,1.0
71755,spizofurone,71755.0,8.34282,5.182849,Morgan + MACCS + CACTVS + descriptors,spizofurone,3 rings,3.0
7176,isobutamben,7176.0,8.045499,7.317567,Morgan + MACCS + CACTVS + descriptors,isobutamben,1 ring,1.0
71766360,etc-206,71766360.0,7.425381,11.142603,Morgan + MACCS + CACTVS + descriptors,etc-206,4+ rings,5.0
71771,aceclofenac,71771.0,7.8443685,7.6708603,Morgan + MACCS + CACTVS + descriptors,aceclofenac,2 rings,2.0
71774817,l-lysine,71774817.0,1.09982,8.577825,Morgan + MACCS + CACTVS + descriptors,l-lysine,0 rings,0.0
71792,talsaclidine,71792.0,1.2044759,9.143668,Morgan + MACCS + CACTVS + descriptors,talsaclidine,3 rings,3.0
71811910,rta-408,71811910.0,0.19098097,6.850442,Morgan + MACCS + CACTVS + descriptors,rta-408,4+ rings,5.0
71815954,k-ras(g12c)-inhibitor-6,71815954.0,8.793282,6.775632,Morgan + MACCS + CACTVS + descriptors,k-ras(g12c)-inhibitor-6,2 rings,2.0
71818,menbutone,71818.0,8.407292,5.2768316,Morgan + MACCS + CACTVS + descriptors,menbutone,2 rings,2.0
71821,chlormidazole,71821.0,7.0917315,10.383634,Morgan + MACCS + CACTVS + descriptors,chlormidazole,3 rings,3.0
7183,parethoxycaine,7183.0,8.591775,6.5487022,Morgan + MACCS + CACTVS + descriptors,parethoxycaine,1 ring,1.0
7184,butyl-paraben,7184.0,8.261392,5.5245543,Morgan + MACCS + CACTVS + descriptors,butyl-paraben,1 ring,1.0
7187,benzoyl-peroxide,7187.0,7.1196203,6.2103505,Morgan + MACCS + CACTVS + descriptors,benzoyl-peroxide,2 rings,2.0
71893,rolziracetam,71893.0,1.3926005,9.014686,Morgan + MACCS + CACTVS + descriptors,rolziracetam,2 rings,2.0
71895,ftaxilide,71895.0,7.914376,7.692413,Morgan + MACCS + CACTVS + descriptors,ftaxilide,2 rings,2.0
71916,alibendol,71916.0,8.833082,6.6325183,Morgan + MACCS + CACTVS + descriptors,alibendol,1 ring,1.0
71927,amezinium,71927.0,6.4596863,8.764731,Morgan + MACCS + CACTVS + descriptors,amezinium,2 rings,2.0
71957,alafosfalin,71957.0,1.1890692,8.717475,Morgan + MACCS + CACTVS + descriptors,alafosfalin,0 rings,0.0
71967,lofemizole,71967.0,6.955226,10.233871,Morgan + MACCS + CACTVS + descriptors,lofemizole,2 rings,2.0
71992,alacepril,71992.0,7.2624936,7.409035,Morgan + MACCS + CACTVS + descriptors,alacepril,2 rings,2.0
72004,emiglitate,72004.0,8.78897,6.544439,Morgan + MACCS + CACTVS + descriptors,emiglitate,2 rings,2.0
72022,perindoprilat,72022.0,1.4649903,8.480692,Morgan + MACCS + CACTVS + descriptors,perindoprilat,2 rings,2.0
72078,prednisolone-sodium-phosphate,72078.0,0.2156494,6.225871,Morgan + MACCS + CACTVS + descriptors,prednisolone-sodium-phosphate,4+ rings,4.0
72093,otilonium,72093.0,8.347484,7.051969,Morgan + MACCS + CACTVS + descriptors,otilonium,2 rings,2.0
72098,fenoverine,72098.0,9.159271,7.0459366,Morgan + MACCS + CACTVS + descriptors,fenoverine,4+ rings,6.0
72099,flurbiprofen-(s)-(+),72099.0,7.0842676,6.1674466,Morgan + MACCS + CACTVS + descriptors,flurbiprofen-(s)-(+),2 rings,2.0
72106,morniflumate,72106.0,8.048879,11.054909,Morgan + MACCS + CACTVS + descriptors,morniflumate,3 rings,3.0
72115,spirobromin,72115.0,1.2480242,9.770537,Morgan + MACCS + CACTVS + descriptors,spirobromin,3 rings,3.0
7211972,vu0240551,7211972.0,7.6371694,10.215738,Morgan + MACCS + CACTVS + descriptors,vu0240551,3 rings,3.0
72138,tolonidine,72138.0,6.7970204,8.81482,Morgan + MACCS + CACTVS + descriptors,tolonidine,2 rings,2.0
72139,tioxolone,72139.0,8.13449,5.55136,Morgan + MACCS + CACTVS + descriptors,tioxolone,2 rings,2.0
72146,vanitiolide,72146.0,9.191236,6.568826,Morgan + MACCS + CACTVS + descriptors,vanitiolide,2 rings,2.0
72160,tiquizium,72160.0,6.3989654,8.06908,Morgan + MACCS + CACTVS + descriptors,tiquizium,4+ rings,4.0
72162,velaresol,72162.0,8.384371,5.362936,Morgan + MACCS + CACTVS + descriptors,velaresol,1 ring,1.0
72165119,inimur,72165119.0,9.001839,8.467508,Morgan + MACCS + CACTVS + descriptors,inimur,2 rings,2.0
72165228,asciminib,72165228.0,10.125954,9.912095,Morgan + MACCS + CACTVS + descriptors,asciminib,4+ rings,4.0
72165232,cct245737,72165232.0,7.055774,10.917075,Morgan + MACCS + CACTVS + descriptors,cct245737,3 rings,3.0
72172,ubenimex,72172.0,7.3094177,7.231388,Morgan + MACCS + CACTVS + descriptors,ubenimex,1 ring,1.0
72180,lodenosine,72180.0,6.0769296,11.754591,Morgan + MACCS + CACTVS + descriptors,lodenosine,3 rings,3.0
72193870,brd4770,72193870.0,7.7737184,11.197126,Morgan + MACCS + CACTVS + descriptors,brd4770,4+ rings,4.0
72195175,fn-1501,72195175.0,7.3756776,11.078737,Morgan + MACCS + CACTVS + descriptors,fn-1501,4+ rings,5.0
72199292,etp-46464,72199292.0,8.9868355,10.540331,Morgan + MACCS + CACTVS + descriptors,etp-46464,4+ rings,6.0
72199293,ei1,72199293.0,8.259723,10.64221,Morgan + MACCS + CACTVS + descriptors,ei1,3 rings,3.0
72199860,dg051,72199860.0,8.719571,6.435754,Morgan + MACCS + CACTVS + descriptors,dg051,3 rings,3.0
72199895,gw-3965,72199895.0,8.71567,6.7900887,Morgan + MACCS + CACTVS + descriptors,gw-3965,4+ rings,4.0
72200024,wz4003,72200024.0,10.32659,10.080954,Morgan + MACCS + CACTVS + descriptors,wz4003,4+ rings,4.0
72200802,daminozide,72200802.0,1.1384401,8.626568,Morgan + MACCS + CACTVS + descriptors,daminozide,0 rings,0.0
72201027,sgc-cbp30,72201027.0,9.857909,9.91612,Morgan + MACCS + CACTVS + descriptors,sgc-cbp30,4+ rings,5.0
72258,1-deoxymannojirimycin,72258.0,1.4314889,8.434018,Morgan + MACCS + CACTVS + descriptors,1-deoxymannojirimycin,1 ring,1.0
72259,fagomine,72259.0,1.3546224,8.450437,Morgan + MACCS + CACTVS + descriptors,fagomine,1 ring,1.0
72277,epigallocatechin-(-),72277.0,8.682345,4.928011,Morgan + MACCS + CACTVS + descriptors,epigallocatechin-(-),3 rings,3.0
72281,hesperetin,72281.0,8.657588,4.8778505,Morgan + MACCS + CACTVS + descriptors,hesperetin,3 rings,3.0
72287,levomepromazine,72287.0,6.4402065,8.232264,Morgan + MACCS + CACTVS + descriptors,levomepromazine,3 rings,3.0
72300,magnolol,72300.0,7.8474145,5.590566,Morgan + MACCS + CACTVS + descriptors,magnolol,2 rings,2.0
72301,rotundine,72301.0,9.178751,6.6695247,Morgan + MACCS + CACTVS + descriptors,rotundine,4+ rings,4.0
72303,honokiol,72303.0,7.771438,5.637553,Morgan + MACCS + CACTVS + descriptors,honokiol,2 rings,2.0
72307,sesamin,72307.0,8.633876,5.4268274,Morgan + MACCS + CACTVS + descriptors,sesamin,4+ rings,6.0
7232,n-cyclohexyl-2-benzothiazolesulfenamide,7232.0,7.0960255,9.9589205,Morgan + MACCS + CACTVS + descriptors,n-cyclohexyl-2-benzothiazolesulfenamide,3 rings,3.0
72326,nsc-4644,72326.0,-0.1008584,7.182047,Morgan + MACCS + CACTVS + descriptors,nsc-4644,4+ rings,5.0
72344,nobiletin,72344.0,8.5916815,4.931851,Morgan + MACCS + CACTVS + descriptors,nobiletin,3 rings,3.0
72385,nonoxynol-9,72385.0,8.444487,5.4674177,Morgan + MACCS + CACTVS + descriptors,nonoxynol-9,1 ring,1.0
72390,procysteine,72390.0,1.4117707,8.49418,Morgan + MACCS + CACTVS + descriptors,procysteine,1 ring,1.0
72395,gentamycin,72395.0,1.550801,7.5904026,Morgan + MACCS + CACTVS + descriptors,gentamycin,3 rings,3.0
72402,9-aminocamptothecin,72402.0,8.932857,10.502517,Morgan + MACCS + CACTVS + descriptors,9-aminocamptothecin,4+ rings,5.0
72462,cqs,72462.0,8.287018,9.508187,Morgan + MACCS + CACTVS + descriptors,cqs,3 rings,3.0
72495,squalamine,72495.0,0.11299613,7.2974195,Morgan + MACCS + CACTVS + descriptors,squalamine,4+ rings,4.0
7251185,parthenolide-(alternate-stereo),7251185.0,0.39242467,7.569244,Morgan + MACCS + CACTVS + descriptors,parthenolide-(alternate-stereo),3 rings,3.0
72547474,krca-0008,72547474.0,10.369097,10.018842,Morgan + MACCS + CACTVS + descriptors,krca-0008,4+ rings,5.0
72547837,vecabrutinib,72547837.0,7.4602036,11.131872,Morgan + MACCS + CACTVS + descriptors,vecabrutinib,4+ rings,4.0
72551298,lsn-2463359,72551298.0,8.244938,11.086265,Morgan + MACCS + CACTVS + descriptors,lsn-2463359,2 rings,2.0
72551585,unc1999,72551585.0,7.5206666,11.0363,Morgan + MACCS + CACTVS + descriptors,unc1999,4+ rings,5.0
72703790,egf816,72703790.0,7.5389004,10.981145,Morgan + MACCS + CACTVS + descriptors,egf816,4+ rings,4.0
72706115,af38469,72706115.0,8.53174,10.910687,Morgan + MACCS + CACTVS + descriptors,af38469,2 rings,2.0
72706840,pf-06447475,72706840.0,6.9597583,10.923228,Morgan + MACCS + CACTVS + descriptors,pf-06447475,4+ rings,4.0
72709059,pde10-in-1,72709059.0,6.713612,10.684101,Morgan + MACCS + CACTVS + descriptors,pde10-in-1,4+ rings,6.0
72709209,sar405,72709209.0,7.426749,10.884498,Morgan + MACCS + CACTVS + descriptors,sar405,4+ rings,4.0
72710839,blu9931,72710839.0,10.236658,10.362263,Morgan + MACCS + CACTVS + descriptors,blu9931,4+ rings,4.0
72715766,closantel,72715766.0,8.157105,7.6877885,Morgan + MACCS + CACTVS + descriptors,closantel,3 rings,3.0
72716071,az191,72716071.0,10.282804,9.974838,Morgan + MACCS + CACTVS + descriptors,az191,4+ rings,5.0
7271796,s-trityl-l-cysteine,7271796.0,7.2828026,7.0855327,Morgan + MACCS + CACTVS + descriptors,s-trityl-l-cysteine,3 rings,3.0
72724,alantolactone,72724.0,0.3798218,7.5159836,Morgan + MACCS + CACTVS + descriptors,alantolactone,3 rings,3.0
72734520,avitinib,72734520.0,10.320914,10.079648,Morgan + MACCS + CACTVS + descriptors,avitinib,4+ rings,5.0
727750,ns-19504,727750.0,7.21845,10.037866,Morgan + MACCS + CACTVS + descriptors,ns-19504,2 rings,2.0
72792692,az-7371,72792692.0,10.084221,10.0355425,Morgan + MACCS + CACTVS + descriptors,az-7371,3 rings,3.0
72836888,ddr1-in-1,72836888.0,9.183393,7.3212757,Morgan + MACCS + CACTVS + descriptors,ddr1-in-1,4+ rings,5.0
72846,centazolone,72846.0,7.3510528,8.5806875,Morgan + MACCS + CACTVS + descriptors,centazolone,3 rings,3.0
72894,2-aminobenzenesulfonamide,72894.0,8.284318,8.704278,Morgan + MACCS + CACTVS + descriptors,2-aminobenzenesulfonamide,1 ring,1.0
72943187,bromosporine,72943187.0,7.8224616,9.832332,Morgan + MACCS + CACTVS + descriptors,bromosporine,3 rings,3.0
72950888,tgr-1202,72950888.0,10.158551,9.613321,Morgan + MACCS + CACTVS + descriptors,tgr-1202,4+ rings,6.0
73010924,gsk-j2,73010924.0,7.4465165,11.162185,Morgan + MACCS + CACTVS + descriptors,gsk-j2,4+ rings,4.0
73010930,gsk2801,73010930.0,9.118425,9.679634,Morgan + MACCS + CACTVS + descriptors,gsk2801,3 rings,3.0
73046,l-monomethylarginine,73046.0,1.1551358,8.519846,Morgan + MACCS + CACTVS + descriptors,l-monomethylarginine,0 rings,0.0
73050801,misonidazole,73050801.0,5.2399864,11.049662,Morgan + MACCS + CACTVS + descriptors,misonidazole,1 ring,1.0
73051434,cb-5083,73051434.0,7.7827115,11.22545,Morgan + MACCS + CACTVS + descriptors,cb-5083,4+ rings,5.0
73058507,vu0422288,73058507.0,9.793822,10.384871,Morgan + MACCS + CACTVS + descriptors,vu0422288,3 rings,3.0
73078,tetrandrine,73078.0,9.261681,6.6514072,Morgan + MACCS + CACTVS + descriptors,tetrandrine,4+ rings,8.0
73087,3-deazaneplanocin-a,73087.0,6.4459395,11.573001,Morgan + MACCS + CACTVS + descriptors,3-deazaneplanocin-a,3 rings,3.0
73115,clevudine,73115.0,2.3944626,9.671582,Morgan + MACCS + CACTVS + descriptors,clevudine,2 rings,2.0
7311724,l-alanine,7311724.0,1.0840023,8.5951185,Morgan + MACCS + CACTVS + descriptors,l-alanine,0 rings,0.0
7311725,alanine,7311725.0,1.0617932,8.580036,Morgan + MACCS + CACTVS + descriptors,alanine,0 rings,0.0
7311726,sarcosine,7311726.0,1.1022656,8.5672035,Morgan + MACCS + CACTVS + descriptors,sarcosine,0 rings,0.0
7314,maltobionic-acid,7314.0,-0.022614567,8.605677,Morgan + MACCS + CACTVS + descriptors,maltobionic-acid,1 ring,1.0
73214,eperezolid,73214.0,7.1900406,8.3558235,Morgan + MACCS + CACTVS + descriptors,eperezolid,3 rings,3.0
73265283,metenkephalin,73265283.0,7.5769153,6.889415,Morgan + MACCS + CACTVS + descriptors,metenkephalin,2 rings,2.0
73277,2-chloropyrazine,73277.0,5.6449604,11.01617,Morgan + MACCS + CACTVS + descriptors,2-chloropyrazine,1 ring,1.0
73292904,deltarasin,73292904.0,10.182838,9.921921,Morgan + MACCS + CACTVS + descriptors,deltarasin,4+ rings,8.0
73297272,milademetan,73297272.0,8.3518305,10.825662,Morgan + MACCS + CACTVS + descriptors,milademetan,4+ rings,6.0
73303,doripenem,73303.0,1.977804,8.286433,Morgan + MACCS + CACTVS + descriptors,doripenem,3 rings,3.0
7333,ditolylguanidine,7333.0,6.7048607,8.616698,Morgan + MACCS + CACTVS + descriptors,ditolylguanidine,2 rings,2.0
73330464,diroximel-fumarate,73330464.0,1.4505141,8.875093,Morgan + MACCS + CACTVS + descriptors,diroximel-fumarate,1 ring,1.0
73333,amperozide,73333.0,6.939692,8.009958,Morgan + MACCS + CACTVS + descriptors,amperozide,3 rings,3.0
73346713,seratrodast,73346713.0,7.063861,6.2313814,Morgan + MACCS + CACTVS + descriptors,seratrodast,2 rings,2.0
73349077,kb-src-4,73349077.0,6.6957116,10.598655,Morgan + MACCS + CACTVS + descriptors,kb-src-4,4+ rings,7.0
73364,calpeptin,73364.0,7.2926116,7.272343,Morgan + MACCS + CACTVS + descriptors,calpeptin,1 ring,1.0
73386748,op-0595,73386748.0,1.5644213,8.819611,Morgan + MACCS + CACTVS + descriptors,op-0595,2 rings,2.0
73386890,bos-172722,73386890.0,10.203881,9.887253,Morgan + MACCS + CACTVS + descriptors,bos-172722,4+ rings,4.0
73388374,bms-983970,73388374.0,7.243668,8.433407,Morgan + MACCS + CACTVS + descriptors,bms-983970,4+ rings,4.0
73388818,prn1008,73388818.0,10.134458,9.610759,Morgan + MACCS + CACTVS + descriptors,prn1008,4+ rings,7.0
73389731,th-588,73389731.0,6.967961,10.24082,Morgan + MACCS + CACTVS + descriptors,th-588,3 rings,3.0
73415769,bismuth-subgallate,73415769.0,8.295355,5.2355614,Morgan + MACCS + CACTVS + descriptors,bismuth-subgallate,2 rings,2.0
73415990,2-octyldodecan-1-ol,73415990.0,0.5052823,8.471124,Morgan + MACCS + CACTVS + descriptors,2-octyldodecan-1-ol,0 rings,0.0
73416025,chlorphensin-carbamate,73416025.0,8.564846,5.7897105,Morgan + MACCS + CACTVS + descriptors,chlorphensin-carbamate,1 ring,1.0
73416109,atracurium,73416109.0,7.646389,6.577867,Morgan + MACCS + CACTVS + descriptors,atracurium,4+ rings,6.0
73416161,pinaverium,73416161.0,7.759366,6.529977,Morgan + MACCS + CACTVS + descriptors,pinaverium,4+ rings,5.0
73416261,ioxilan,73416261.0,7.604598,7.9220905,Morgan + MACCS + CACTVS + descriptors,ioxilan,1 ring,1.0
73416445,lumefantrine,73416445.0,7.6894665,6.8254824,Morgan + MACCS + CACTVS + descriptors,lumefantrine,4+ rings,4.0
73425805,bet-bay-002,73425805.0,7.3135815,10.309401,Morgan + MACCS + CACTVS + descriptors,bet-bay-002,4+ rings,5.0
73427235,ptc-028,73427235.0,6.9234924,10.514296,Morgan + MACCS + CACTVS + descriptors,ptc-028,4+ rings,4.0
73442743,cpi-360,73442743.0,8.593413,10.448031,Morgan + MACCS + CACTVS + descriptors,cpi-360,4+ rings,4.0
7347,tetramethylthiuram-monosulfide,7347.0,0.8567734,9.326575,Morgan + MACCS + CACTVS + descriptors,tetramethylthiuram-monosulfide,0 rings,0.0
73549,tryptanthrin,73549.0,7.462032,8.6065445,Morgan + MACCS + CACTVS + descriptors,tryptanthrin,4+ rings,4.0
73554252,carboplatin,73554252.0,0.53522134,8.799586,Morgan + MACCS + CACTVS + descriptors,carboplatin,2 rings,2.0
73555129,k-ras(g12c)-inhibitor-12,73555129.0,8.402526,7.6684093,Morgan + MACCS + CACTVS + descriptors,k-ras(g12c)-inhibitor-12,2 rings,2.0
73581,bilobalide,73581.0,0.46378952,7.3516273,Morgan + MACCS + CACTVS + descriptors,bilobalide,4+ rings,4.0
73602827,thz1,73602827.0,7.706728,11.058109,Morgan + MACCS + CACTVS + descriptors,thz1,4+ rings,5.0
736041,orphenadrine,736041.0,7.7214127,6.826793,Morgan + MACCS + CACTVS + descriptors,orphenadrine,2 rings,2.0
736190,fenclonine-(+/-),736190.0,7.345595,7.0325766,Morgan + MACCS + CACTVS + descriptors,fenclonine-(+/-),1 ring,1.0
73669656,ce3f4,73669656.0,6.758837,8.243803,Morgan + MACCS + CACTVS + descriptors,ce3f4,2 rings,2.0
736715,cis-urocanic-acid,736715.0,5.6909194,11.142741,Morgan + MACCS + CACTVS + descriptors,cis-urocanic-acid,1 ring,1.0
736879,petcm,736879.0,8.980628,11.018194,Morgan + MACCS + CACTVS + descriptors,petcm,1 ring,1.0
73707353,dihydrostreptomycin,73707353.0,1.6025385,7.5308123,Morgan + MACCS + CACTVS + descriptors,dihydrostreptomycin,4+ rings,6.0
73707377,6-diazo-5-oxo-l-norleucine,73707377.0,1.1912948,9.232887,Morgan + MACCS + CACTVS + descriptors,6-diazo-5-oxo-l-norleucine,0 rings,0.0
73707447,lanatoside-c,73707447.0,0.7843184,7.201292,Morgan + MACCS + CACTVS + descriptors,lanatoside-c,4+ rings,9.0
73774610,td139,73774610.0,7.226734,10.5432825,Morgan + MACCS + CACTVS + descriptors,td139,4+ rings,6.0
73777259,onc201,73777259.0,7.166164,8.463437,Morgan + MACCS + CACTVS + descriptors,onc201,4+ rings,5.0
738301,necrostatin-1,738301.0,8.265679,10.694221,Morgan + MACCS + CACTVS + descriptors,necrostatin-1,3 rings,3.0
7389,arsanilic-acid,7389.0,6.956626,8.651852,Morgan + MACCS + CACTVS + descriptors,arsanilic-acid,1 ring,1.0
7393,4-tert-butylphenol,7393.0,7.7878675,5.57506,Morgan + MACCS + CACTVS + descriptors,4-tert-butylphenol,1 ring,1.0
73952246,bivalirudin,73952246.0,5.786802,5.4680586,Morgan + MACCS + CACTVS + descriptors,bivalirudin,4+ rings,6.0
7405,pidolic-acid,7405.0,1.3439157,8.5601845,Morgan + MACCS + CACTVS + descriptors,pidolic-acid,1 ring,1.0
74223726,pf-06412562,74223726.0,10.072368,9.79045,Morgan + MACCS + CACTVS + descriptors,pf-06412562,4+ rings,4.0
7427,cabaletta,7427.0,-0.042556167,8.65204,Morgan + MACCS + CACTVS + descriptors,cabaletta,2 rings,2.0
7436,adrenalone,7436.0,8.084276,6.360352,Morgan + MACCS + CACTVS + descriptors,adrenalone,1 ring,1.0
743974,gsk37647,743974.0,8.932233,8.109751,Morgan + MACCS + CACTVS + descriptors,gsk37647,2 rings,2.0
7454812,ml141,7454812.0,9.000846,8.326339,Morgan + MACCS + CACTVS + descriptors,ml141,4+ rings,4.0
7456,methylparaben,7456.0,8.196593,5.4988694,Morgan + MACCS + CACTVS + descriptors,methylparaben,1 ring,1.0
74603,"1,2,3,4,5,6-hexabromocyclohexane",74603.0,0.37804645,9.129548,Morgan + MACCS + CACTVS + descriptors,"1,2,3,4,5,6-hexabromocyclohexane",1 ring,1.0
7464118,heclin,7464118.0,8.684333,7.316004,Morgan + MACCS + CACTVS + descriptors,heclin,2 rings,2.0
74663,"2,5-furandimethanol",74663.0,8.383045,5.5445623,Morgan + MACCS + CACTVS + descriptors,"2,5-furandimethanol",1 ring,1.0
747218,caccinh-a01,747218.0,8.858121,7.6366105,Morgan + MACCS + CACTVS + descriptors,caccinh-a01,3 rings,3.0
74765349,ornithine,74765349.0,1.1105566,8.571104,Morgan + MACCS + CACTVS + descriptors,ornithine,0 rings,0.0
74839,afalanine,74839.0,7.267918,7.2190065,Morgan + MACCS + CACTVS + descriptors,afalanine,1 ring,1.0
74891315,asc-j9,74891315.0,8.413536,5.6291113,Morgan + MACCS + CACTVS + descriptors,asc-j9,2 rings,2.0
750,azd4282,750.0,1.0291936,8.624239,Morgan + MACCS + CACTVS + descriptors,azd4282,0 rings,0.0
7510,nicotinyl-alcohol-tartrate,7510.0,8.966034,11.02359,Morgan + MACCS + CACTVS + descriptors,nicotinyl-alcohol-tartrate,1 ring,1.0
7533,cyclamic-acid,7533.0,0.8055581,8.999269,Morgan + MACCS + CACTVS + descriptors,cyclamic-acid,1 ring,1.0
753704,ski-ii,753704.0,8.89107,9.824075,Morgan + MACCS + CACTVS + descriptors,ski-ii,3 rings,3.0
7547,triclocarban,7547.0,6.9033504,8.711815,Morgan + MACCS + CACTVS + descriptors,triclocarban,2 rings,2.0
75593290,desidustat,75593290.0,7.7100263,7.900088,Morgan + MACCS + CACTVS + descriptors,desidustat,3 rings,3.0
75645652,u-0124,75645652.0,0.86155653,9.3112545,Morgan + MACCS + CACTVS + descriptors,u-0124,0 rings,0.0
7566768,benaxibine,7566768.0,7.768605,7.64839,Morgan + MACCS + CACTVS + descriptors,benaxibine,2 rings,2.0
75743,zami-633,75743.0,1.0789202,8.877127,Morgan + MACCS + CACTVS + descriptors,zami-633,0 rings,0.0
7582,dicyclohexylamine,7582.0,0.9586607,9.272715,Morgan + MACCS + CACTVS + descriptors,dicyclohexylamine,2 rings,2.0
7588,phenacaine,7588.0,8.622591,7.0707903,Morgan + MACCS + CACTVS + descriptors,phenacaine,2 rings,2.0
75919,2-pyridylethylamine,75919.0,6.993959,10.066767,Morgan + MACCS + CACTVS + descriptors,2-pyridylethylamine,1 ring,1.0
7594,diphenylguanidine,7594.0,6.763681,8.683816,Morgan + MACCS + CACTVS + descriptors,diphenylguanidine,2 rings,2.0
760423,remacemide,760423.0,6.8785214,7.6041727,Morgan + MACCS + CACTVS + descriptors,remacemide,2 rings,2.0
76071881,pf-06260414,76071881.0,8.060736,9.768929,Morgan + MACCS + CACTVS + descriptors,pf-06260414,3 rings,3.0
761523,m-3m3fbs,761523.0,8.299688,8.648907,Morgan + MACCS + CACTVS + descriptors,m-3m3fbs,2 rings,2.0
7616033,h-151,7616033.0,7.969897,10.564587,Morgan + MACCS + CACTVS + descriptors,h-151,3 rings,3.0
7619,n-oxydiethylenebenzothiazole-2-sulfenamide,7619.0,7.1124167,9.775644,Morgan + MACCS + CACTVS + descriptors,n-oxydiethylenebenzothiazole-2-sulfenamide,3 rings,3.0
76285486,a-366,76285486.0,9.2109785,6.7353225,Morgan + MACCS + CACTVS + descriptors,a-366,4+ rings,4.0
7638,monobenzone,7638.0,8.170762,5.6747494,Morgan + MACCS + CACTVS + descriptors,monobenzone,2 rings,2.0
76551,isoleucine,76551.0,1.0645968,8.59622,Morgan + MACCS + CACTVS + descriptors,isoleucine,0 rings,0.0
76685059,azd8835,76685059.0,6.382841,11.376485,Morgan + MACCS + CACTVS + descriptors,azd8835,4+ rings,4.0
76685216,zoliflodacin,76685216.0,9.278214,8.285163,Morgan + MACCS + CACTVS + descriptors,zoliflodacin,4+ rings,6.0
76956332,nicainoprol,76956332.0,9.649834,10.295274,Morgan + MACCS + CACTVS + descriptors,nicainoprol,3 rings,3.0
76956360,letosteine,76956360.0,1.3910768,8.519724,Morgan + MACCS + CACTVS + descriptors,letosteine,1 ring,1.0
76956376,liarozole,76956376.0,7.029846,10.398237,Morgan + MACCS + CACTVS + descriptors,liarozole,4+ rings,4.0
76958126,mifobate,76958126.0,7.654655,5.846548,Morgan + MACCS + CACTVS + descriptors,mifobate,1 ring,1.0
76958312,pki-179,76958312.0,7.0857563,11.05601,Morgan + MACCS + CACTVS + descriptors,pki-179,4+ rings,6.0
76958517,floctafenine,76958517.0,8.781634,10.829224,Morgan + MACCS + CACTVS + descriptors,floctafenine,3 rings,3.0
76958553,talarozole,76958553.0,7.3077064,10.233743,Morgan + MACCS + CACTVS + descriptors,talarozole,4+ rings,4.0
76958671,talopram,76958671.0,7.5968504,6.8794856,Morgan + MACCS + CACTVS + descriptors,talopram,3 rings,3.0
76958673,mdl-11939,76958673.0,7.435848,6.9859195,Morgan + MACCS + CACTVS + descriptors,mdl-11939,3 rings,3.0
76958749,topilutamide,76958749.0,7.778834,8.153355,Morgan + MACCS + CACTVS + descriptors,topilutamide,1 ring,1.0
76959723,letrazuril,76959723.0,7.1243396,8.627973,Morgan + MACCS + CACTVS + descriptors,letrazuril,3 rings,3.0
76959758,ozolinone,76959758.0,1.6806962,8.659114,Morgan + MACCS + CACTVS + descriptors,ozolinone,2 rings,2.0
76960918,picartamide,76960918.0,7.0743103,10.066098,Morgan + MACCS + CACTVS + descriptors,picartamide,2 rings,2.0
76961135,isotiquimide,76961135.0,7.030013,10.132188,Morgan + MACCS + CACTVS + descriptors,isotiquimide,2 rings,2.0
76961142,apronal,76961142.0,1.1824915,8.92945,Morgan + MACCS + CACTVS + descriptors,apronal,0 rings,0.0
76961439,edaglitazone,76961439.0,9.389315,9.677209,Morgan + MACCS + CACTVS + descriptors,edaglitazone,4+ rings,5.0
76961763,parcetasal,76961763.0,8.657786,7.286777,Morgan + MACCS + CACTVS + descriptors,parcetasal,3 rings,3.0
76961845,flumecinol,76961845.0,7.515609,5.814536,Morgan + MACCS + CACTVS + descriptors,flumecinol,2 rings,2.0
76962234,pirmenol,76962234.0,8.607062,10.864428,Morgan + MACCS + CACTVS + descriptors,pirmenol,3 rings,3.0
76962475,efatutazone,76962475.0,9.738728,9.695091,Morgan + MACCS + CACTVS + descriptors,efatutazone,4+ rings,5.0
76962943,cgp-12177,76962943.0,8.7199335,6.934165,Morgan + MACCS + CACTVS + descriptors,cgp-12177,2 rings,2.0
76963054,trebenzomine,76963054.0,8.500624,6.685955,Morgan + MACCS + CACTVS + descriptors,trebenzomine,2 rings,2.0
76963724,atb-346,76963724.0,8.499657,5.754717,Morgan + MACCS + CACTVS + descriptors,atb-346,3 rings,3.0
76964490,iocetamic-acid,76964490.0,7.418325,7.8726897,Morgan + MACCS + CACTVS + descriptors,iocetamic-acid,1 ring,1.0
76964677,cloranolol,76964677.0,8.652831,6.133379,Morgan + MACCS + CACTVS + descriptors,cloranolol,1 ring,1.0
76965201,04/01/46,76965201.0,1.3021241,8.579455,Morgan + MACCS + CACTVS + descriptors,04/01/46,3 rings,3.0
76965484,rosiptor,76965484.0,-0.033036325,7.1421213,Morgan + MACCS + CACTVS + descriptors,rosiptor,3 rings,3.0
76965811,prisotinol,76965811.0,9.253485,10.93103,Morgan + MACCS + CACTVS + descriptors,prisotinol,1 ring,1.0
76965948,proglumetacin,76965948.0,9.275627,10.122215,Morgan + MACCS + CACTVS + descriptors,proglumetacin,4+ rings,5.0
76966048,imiloxan,76966048.0,9.747472,9.685633,Morgan + MACCS + CACTVS + descriptors,imiloxan,3 rings,3.0
76966156,seclazone,76966156.0,8.995236,6.917858,Morgan + MACCS + CACTVS + descriptors,seclazone,3 rings,3.0
76966339,tiprenolol,76966339.0,8.7892275,6.201088,Morgan + MACCS + CACTVS + descriptors,tiprenolol,1 ring,1.0
76966449,otenzepad,76966449.0,7.5644693,11.254202,Morgan + MACCS + CACTVS + descriptors,otenzepad,4+ rings,4.0
76967443,mangafodipir,76967443.0,8.964091,10.515514,Morgan + MACCS + CACTVS + descriptors,mangafodipir,3 rings,3.0
76968095,ilaprazole,76968095.0,9.852545,9.620375,Morgan + MACCS + CACTVS + descriptors,ilaprazole,4+ rings,4.0
76968108,avex-73,76968108.0,7.5940027,6.907833,Morgan + MACCS + CACTVS + descriptors,avex-73,3 rings,3.0
76968376,cromakalim,76968376.0,9.143472,6.6518083,Morgan + MACCS + CACTVS + descriptors,cromakalim,4+ rings,6.0
76968625,ibuprofen-piconol,76968625.0,8.766773,10.935799,Morgan + MACCS + CACTVS + descriptors,ibuprofen-piconol,2 rings,2.0
76968728,balaglitazone,76968728.0,9.085931,7.7405434,Morgan + MACCS + CACTVS + descriptors,balaglitazone,4+ rings,4.0
76968745,cadralazine,76968745.0,6.40371,11.044452,Morgan + MACCS + CACTVS + descriptors,cadralazine,1 ring,1.0
76969188,tafenoquine,76969188.0,9.946957,10.4976225,Morgan + MACCS + CACTVS + descriptors,tafenoquine,3 rings,3.0
76969700,acifran,76969700.0,7.3244853,6.00747,Morgan + MACCS + CACTVS + descriptors,acifran,2 rings,2.0
76969933,pgl5001,76969933.0,9.66629,9.778018,Morgan + MACCS + CACTVS + descriptors,pgl5001,4+ rings,5.0
76971447,ci-923,76971447.0,8.910641,6.600682,Morgan + MACCS + CACTVS + descriptors,ci-923,3 rings,3.0
76971765,flumexadol,76971765.0,7.755573,6.867755,Morgan + MACCS + CACTVS + descriptors,flumexadol,2 rings,2.0
76972174,nuclomedone,76972174.0,6.8916035,7.946628,Morgan + MACCS + CACTVS + descriptors,nuclomedone,3 rings,3.0
7699,benzonatate,7699.0,8.139581,7.286806,Morgan + MACCS + CACTVS + descriptors,benzonatate,1 ring,1.0
770820,o-3m3fbs,770820.0,8.302779,8.61588,Morgan + MACCS + CACTVS + descriptors,o-3m3fbs,2 rings,2.0
77108121,gsk2982772,77108121.0,9.789254,9.475967,Morgan + MACCS + CACTVS + descriptors,gsk2982772,4+ rings,4.0
77262,broxaldine,77262.0,9.17557,10.567067,Morgan + MACCS + CACTVS + descriptors,broxaldine,3 rings,3.0
774,histamine,774.0,5.7035975,11.116138,Morgan + MACCS + CACTVS + descriptors,histamine,1 ring,1.0
7741,betazole,7741.0,6.9538507,10.017784,Morgan + MACCS + CACTVS + descriptors,betazole,1 ring,1.0
777417,nky-80,777417.0,9.816877,9.95722,Morgan + MACCS + CACTVS + descriptors,nky-80,3 rings,3.0
77991,rivastigmine,77991.0,8.764061,6.5516295,Morgan + MACCS + CACTVS + descriptors,rivastigmine,1 ring,1.0
77992,frovatriptan,77992.0,8.288558,10.602032,Morgan + MACCS + CACTVS + descriptors,frovatriptan,3 rings,3.0
77993,eletriptan,77993.0,8.111286,9.826203,Morgan + MACCS + CACTVS + descriptors,eletriptan,4+ rings,4.0
78094,cresopirine,78094.0,8.28348,5.349896,Morgan + MACCS + CACTVS + descriptors,cresopirine,1 ring,1.0
781301,ml133,781301.0,8.70155,6.399794,Morgan + MACCS + CACTVS + descriptors,ml133,3 rings,3.0
78144,rlx,78144.0,7.3162117,8.493787,Morgan + MACCS + CACTVS + descriptors,rlx,3 rings,3.0
78162481,lorlatinib,78162481.0,10.064458,9.691198,Morgan + MACCS + CACTVS + descriptors,lorlatinib,4+ rings,4.0
7817,piperazinedione,7817.0,1.5053351,9.0398,Morgan + MACCS + CACTVS + descriptors,piperazinedione,1 ring,1.0
781884,phenylpiracetam,781884.0,7.0196095,7.8016195,Morgan + MACCS + CACTVS + descriptors,phenylpiracetam,2 rings,2.0
78209992,azd3759,78209992.0,10.508797,10.380148,Morgan + MACCS + CACTVS + descriptors,azd3759,4+ rings,4.0
78243717,pfi-3,78243717.0,8.956852,10.60348,Morgan + MACCS + CACTVS + descriptors,pfi-3,4+ rings,4.0
78243729,gsk-j5,78243729.0,7.280004,11.13343,Morgan + MACCS + CACTVS + descriptors,gsk-j5,4+ rings,4.0
78320408,cpi-1205,78320408.0,8.452699,10.561394,Morgan + MACCS + CACTVS + descriptors,cpi-1205,4+ rings,4.0
78320750,bay1217389,78320750.0,10.159247,9.851253,Morgan + MACCS + CACTVS + descriptors,bay1217389,4+ rings,5.0
78357763,thz2,78357763.0,7.6813474,11.068704,Morgan + MACCS + CACTVS + descriptors,thz2,4+ rings,5.0
78357765,g-749,78357765.0,10.250168,10.059974,Morgan + MACCS + CACTVS + descriptors,g-749,4+ rings,5.0
78357766,hth-01-015,78357766.0,7.48111,11.0964575,Morgan + MACCS + CACTVS + descriptors,hth-01-015,4+ rings,6.0
78357780,delivert,78357780.0,5.815427,5.5174413,Morgan + MACCS + CACTVS + descriptors,delivert,4+ rings,4.0
78357816,vt-464,78357816.0,9.584647,9.465569,Morgan + MACCS + CACTVS + descriptors,vt-464,3 rings,3.0
78357827,actinomycin-d,78357827.0,6.1183286,5.6130247,Morgan + MACCS + CACTVS + descriptors,actinomycin-d,4+ rings,7.0
78427026,gsk3179106,78427026.0,9.069468,9.408763,Morgan + MACCS + CACTVS + descriptors,gsk3179106,3 rings,3.0
785,hydroquinone,785.0,7.859068,5.634393,Morgan + MACCS + CACTVS + descriptors,hydroquinone,1 ring,1.0
789882,oac1,789882.0,7.812201,10.867512,Morgan + MACCS + CACTVS + descriptors,oac1,3 rings,3.0
790,hypoxanthine,790.0,5.6632915,11.288089,Morgan + MACCS + CACTVS + descriptors,hypoxanthine,2 rings,2.0
79025,alpha-d-glucopyranose,79025.0,-0.021016035,8.718932,Morgan + MACCS + CACTVS + descriptors,alpha-d-glucopyranose,1 ring,1.0
791637,id-8,791637.0,9.432077,10.23687,Morgan + MACCS + CACTVS + descriptors,id-8,3 rings,3.0
794325,monastrol,794325.0,7.9377227,6.4306087,Morgan + MACCS + CACTVS + descriptors,monastrol,2 rings,2.0
7959890,nsc-23766,7959890.0,6.8243504,10.6645155,Morgan + MACCS + CACTVS + descriptors,nsc-23766,3 rings,3.0
80263,dhbp,80263.0,6.341683,8.54041,Morgan + MACCS + CACTVS + descriptors,dhbp,2 rings,2.0
8042,isopropyl-myristate,8042.0,0.44647267,8.342118,Morgan + MACCS + CACTVS + descriptors,isopropyl-myristate,0 rings,0.0
8064,"1,4-butanediol",8064.0,0.34956172,8.841012,Morgan + MACCS + CACTVS + descriptors,"1,4-butanediol",0 rings,0.0
81409,crt0044876,81409.0,8.791875,10.537318,Morgan + MACCS + CACTVS + descriptors,crt0044876,2 rings,2.0
817368,4-iodo-6-phenylpyrimidine,817368.0,6.896119,10.249192,Morgan + MACCS + CACTVS + descriptors,4-iodo-6-phenylpyrimidine,2 rings,2.0
8197,tetraethylenepentamine,8197.0,0.9028844,9.158913,Morgan + MACCS + CACTVS + descriptors,tetraethylenepentamine,0 rings,0.0
82017756,nab-2,82017756.0,7.686005,10.962033,Morgan + MACCS + CACTVS + descriptors,nab-2,4+ rings,4.0
82146,bexarotene,82146.0,7.0840497,6.0293593,Morgan + MACCS + CACTVS + descriptors,bexarotene,3 rings,3.0
82148,agomelatine,82148.0,8.784526,6.3922715,Morgan + MACCS + CACTVS + descriptors,agomelatine,2 rings,2.0
8215,agp-103,8215.0,0.3932556,8.272125,Morgan + MACCS + CACTVS + descriptors,agp-103,0 rings,0.0
82153,flunisolide,82153.0,0.31549045,6.083671,Morgan + MACCS + CACTVS + descriptors,flunisolide,4+ rings,5.0
8221,octadecan-1-ol,8221.0,0.46838388,8.474332,Morgan + MACCS + CACTVS + descriptors,octadecan-1-ol,0 rings,0.0
8223,ergotamine,8223.0,8.48221,10.704923,Morgan + MACCS + CACTVS + descriptors,ergotamine,4+ rings,8.0
8226,methylergometrine,8226.0,8.420177,10.622885,Morgan + MACCS + CACTVS + descriptors,methylergometrine,4+ rings,4.0
82320,1-ebio,82320.0,7.108507,8.663002,Morgan + MACCS + CACTVS + descriptors,1-ebio,2 rings,2.0
824226,ro-90-7501,824226.0,6.8986225,10.524079,Morgan + MACCS + CACTVS + descriptors,ro-90-7501,4+ rings,5.0
8249,phenformin,8249.0,6.399555,7.4665623,Morgan + MACCS + CACTVS + descriptors,phenformin,1 ring,1.0
8251,obidoxime,8251.0,6.394026,8.688424,Morgan + MACCS + CACTVS + descriptors,obidoxime,2 rings,2.0
83030,propagermanium,83030.0,0.2883051,8.638485,Morgan + MACCS + CACTVS + descriptors,propagermanium,0 rings,0.0
831629,alda-1,831629.0,9.063695,6.7998643,Morgan + MACCS + CACTVS + descriptors,alda-1,3 rings,3.0
836002,vu0364770,836002.0,8.190043,11.04754,Morgan + MACCS + CACTVS + descriptors,vu0364770,2 rings,2.0
8361,phenyl-salicylate,8361.0,8.339203,5.35333,Morgan + MACCS + CACTVS + descriptors,phenyl-salicylate,2 rings,2.0
836891,metoxibutropate,836891.0,8.405495,5.4652824,Morgan + MACCS + CACTVS + descriptors,metoxibutropate,2 rings,2.0
8378,neomycin,8378.0,1.5816393,7.5495343,Morgan + MACCS + CACTVS + descriptors,neomycin,4+ rings,4.0
8395,efloxate,8395.0,8.494123,5.177212,Morgan + MACCS + CACTVS + descriptors,efloxate,3 rings,3.0
84008,fit,84008.0,6.9810877,8.219832,Morgan + MACCS + CACTVS + descriptors,fit,3 rings,3.0
8421,homoveratrylamine,8421.0,8.680701,6.1980886,Morgan + MACCS + CACTVS + descriptors,homoveratrylamine,1 ring,1.0
8430,lauric-diethanolamide,8430.0,1.0143352,8.567109,Morgan + MACCS + CACTVS + descriptors,lauric-diethanolamide,0 rings,0.0
8434,ethyl-paraben,8434.0,8.277361,5.4892797,Morgan + MACCS + CACTVS + descriptors,ethyl-paraben,1 ring,1.0
8456,butylated-hydroxyanisole,8456.0,8.066022,5.6014485,Morgan + MACCS + CACTVS + descriptors,butylated-hydroxyanisole,1 ring,1.0
8467,ethyl-vanillin,8467.0,8.354266,5.5592494,Morgan + MACCS + CACTVS + descriptors,ethyl-vanillin,1 ring,1.0
8480,carbarsone,8480.0,6.951772,8.548078,Morgan + MACCS + CACTVS + descriptors,carbarsone,1 ring,1.0
84815,methionine,84815.0,1.106812,8.57651,Morgan + MACCS + CACTVS + descriptors,methionine,0 rings,0.0
84951,fosfructose,84951.0,0.049613804,8.790358,Morgan + MACCS + CACTVS + descriptors,fosfructose,0 rings,0.0
85040,carboxypyridine-disulfide,85040.0,8.736417,11.012371,Morgan + MACCS + CACTVS + descriptors,carboxypyridine-disulfide,2 rings,2.0
851474,lh846,851474.0,7.8235836,10.167138,Morgan + MACCS + CACTVS + descriptors,lh846,3 rings,3.0
8515,pyrazolanthrone,8515.0,7.488571,9.110225,Morgan + MACCS + CACTVS + descriptors,pyrazolanthrone,4+ rings,4.0
8522,iodoantipyrine,8522.0,7.0909853,8.71701,Morgan + MACCS + CACTVS + descriptors,iodoantipyrine,2 rings,2.0
85336038,indole-3-pyrubate,85336038.0,8.65476,10.597579,Morgan + MACCS + CACTVS + descriptors,indole-3-pyrubate,2 rings,2.0
854019,cotinine,854019.0,8.111517,10.930089,Morgan + MACCS + CACTVS + descriptors,cotinine,2 rings,2.0
854026,huperzine-a,854026.0,1.4230725,9.078048,Morgan + MACCS + CACTVS + descriptors,huperzine-a,3 rings,3.0
854190,4-cmtb,854190.0,7.558103,10.106136,Morgan + MACCS + CACTVS + descriptors,4-cmtb,2 rings,2.0
854498,sobrepin,854498.0,0.023649035,7.5525613,Morgan + MACCS + CACTVS + descriptors,sobrepin,1 ring,1.0
8546,pyrantel,8546.0,8.143726,5.101227,Morgan + MACCS + CACTVS + descriptors,pyrantel,4+ rings,4.0
85473309,hc-070,85473309.0,10.162462,9.956269,Morgan + MACCS + CACTVS + descriptors,hc-070,4+ rings,4.0
8550,deserpidine,8550.0,9.348751,10.281134,Morgan + MACCS + CACTVS + descriptors,deserpidine,4+ rings,6.0
855908,t-62,855908.0,7.416392,8.0655985,Morgan + MACCS + CACTVS + descriptors,t-62,3 rings,3.0
8567,meglumine,8567.0,1.2078391,8.49814,Morgan + MACCS + CACTVS + descriptors,meglumine,0 rings,0.0
8569,dioxybenzone,8569.0,8.361053,5.0713677,Morgan + MACCS + CACTVS + descriptors,dioxybenzone,2 rings,2.0
8574,phthalylsulfacetamide,8574.0,8.59336,8.359786,Morgan + MACCS + CACTVS + descriptors,phthalylsulfacetamide,2 rings,2.0
8582409,ky02111,8582409.0,9.466337,9.6772995,Morgan + MACCS + CACTVS + descriptors,ky02111,3 rings,3.0
8593,cinchophen,8593.0,8.923824,10.690355,Morgan + MACCS + CACTVS + descriptors,cinchophen,3 rings,3.0
8604,phenethicillin,8604.0,3.7347817,7.9392743,Morgan + MACCS + CACTVS + descriptors,phenethicillin,3 rings,3.0
8609,phenyl-aminosalicylate,8609.0,8.334095,7.000798,Morgan + MACCS + CACTVS + descriptors,phenyl-aminosalicylate,2 rings,2.0
8612,chloroprocaine,8612.0,8.280751,7.262131,Morgan + MACCS + CACTVS + descriptors,chloroprocaine,1 ring,1.0
8614,2-iodohippuric-acid,8614.0,7.125382,7.4462256,Morgan + MACCS + CACTVS + descriptors,2-iodohippuric-acid,1 ring,1.0
8617,3-indolebutyric-acid,8617.0,8.592629,10.57562,Morgan + MACCS + CACTVS + descriptors,3-indolebutyric-acid,2 rings,2.0
86272865,integrin-antagonist-1,86272865.0,7.267099,11.024781,Morgan + MACCS + CACTVS + descriptors,integrin-antagonist-1,4+ rings,5.0
86278938,nanchangmycin,86278938.0,0.7938412,7.3864293,Morgan + MACCS + CACTVS + descriptors,nanchangmycin,4+ rings,6.0
86280523,etc-159,86280523.0,7.475956,11.070713,Morgan + MACCS + CACTVS + descriptors,etc-159,4+ rings,4.0
86287635,azd9496,86287635.0,8.319373,10.50483,Morgan + MACCS + CACTVS + descriptors,azd9496,4+ rings,4.0
86289437,aclarubicin,86289437.0,9.233794,5.7001863,Morgan + MACCS + CACTVS + descriptors,aclarubicin,4+ rings,7.0
86289908,eprinomectin,86289908.0,0.9188765,7.4214425,Morgan + MACCS + CACTVS + descriptors,eprinomectin,4+ rings,7.0
86291103,tenalisib,86291103.0,9.966052,9.764777,Morgan + MACCS + CACTVS + descriptors,tenalisib,4+ rings,5.0
86292849,peposertib,86292849.0,10.362035,10.152018,Morgan + MACCS + CACTVS + descriptors,peposertib,4+ rings,5.0
86294073,zuranolone,86294073.0,0.07804,6.968159,Morgan + MACCS + CACTVS + descriptors,zuranolone,4+ rings,5.0
86295146,l-670596,86295146.0,8.395138,9.932782,Morgan + MACCS + CACTVS + descriptors,l-670596,4+ rings,4.0
86306255,alx-5407,86306255.0,8.649446,6.606519,Morgan + MACCS + CACTVS + descriptors,alx-5407,3 rings,3.0
86306667,carmoterol,86306667.0,8.552803,6.839681,Morgan + MACCS + CACTVS + descriptors,carmoterol,3 rings,3.0
86308157,carmoxirole,86308157.0,8.605923,10.575587,Morgan + MACCS + CACTVS + descriptors,carmoxirole,4+ rings,4.0
86308637,be-2254,86308637.0,8.155927,6.6430273,Morgan + MACCS + CACTVS + descriptors,be-2254,3 rings,3.0
86308851,px-12,86308851.0,5.6750183,11.103854,Morgan + MACCS + CACTVS + descriptors,px-12,1 ring,1.0
86311024,bina,86311024.0,8.359186,5.176545,Morgan + MACCS + CACTVS + descriptors,bina,4+ rings,5.0
86324425,palomid-529,86324425.0,8.584265,4.9671564,Morgan + MACCS + CACTVS + descriptors,palomid-529,4+ rings,4.0
86418,imidacloprid,86418.0,7.1213384,10.315685,Morgan + MACCS + CACTVS + descriptors,imidacloprid,2 rings,2.0
864492,vu152100,864492.0,9.3989315,9.719321,Morgan + MACCS + CACTVS + descriptors,vu152100,3 rings,3.0
86566678,avoralstat,86566678.0,9.690577,10.205028,Morgan + MACCS + CACTVS + descriptors,avoralstat,4+ rings,4.0
86567195,fenebrutinib,86567195.0,7.8643312,11.026014,Morgan + MACCS + CACTVS + descriptors,fenebrutinib,4+ rings,8.0
86582336,bms-986142,86582336.0,8.306385,10.705329,Morgan + MACCS + CACTVS + descriptors,bms-986142,4+ rings,6.0
86583045,amg-perk-44,86583045.0,8.263036,10.690277,Morgan + MACCS + CACTVS + descriptors,amg-perk-44,4+ rings,6.0
8663,beta-naphthol,8663.0,7.857086,5.5854206,Morgan + MACCS + CACTVS + descriptors,beta-naphthol,2 rings,2.0
86676119,azd4635,86676119.0,6.9026294,10.154251,Morgan + MACCS + CACTVS + descriptors,azd4635,3 rings,3.0
86677874,parsaclisib,86677874.0,10.184075,9.729694,Morgan + MACCS + CACTVS + descriptors,parsaclisib,4+ rings,4.0
86709174,gsk2881078,86709174.0,8.11664,9.759095,Morgan + MACCS + CACTVS + descriptors,gsk2881078,2 rings,2.0
86711931,iacs-10759,86711931.0,9.548852,9.508092,Morgan + MACCS + CACTVS + descriptors,iacs-10759,4+ rings,5.0
86820626,cisplatin,86820626.0,0.7130411,9.193711,Morgan + MACCS + CACTVS + descriptors,cisplatin,0 rings,0.0
87055263,gdc-0927,87055263.0,8.762246,6.6524677,Morgan + MACCS + CACTVS + descriptors,gdc-0927,4+ rings,5.0
872445,oncrasin-1,872445.0,8.402622,10.454976,Morgan + MACCS + CACTVS + descriptors,oncrasin-1,3 rings,3.0
8739,carzenide,8739.0,7.2560344,6.3083715,Morgan + MACCS + CACTVS + descriptors,carzenide,1 ring,1.0
87642,coenzyme-a,87642.0,6.0632353,11.843453,Morgan + MACCS + CACTVS + descriptors,coenzyme-a,3 rings,3.0
8778,dodecyl-sulfate,8778.0,0.469045,8.679135,Morgan + MACCS + CACTVS + descriptors,dodecyl-sulfate,0 rings,0.0
879610,nsc-405020,879610.0,7.045638,7.601136,Morgan + MACCS + CACTVS + descriptors,nsc-405020,1 ring,1.0
8798,nithiamide,8798.0,5.33812,11.062995,Morgan + MACCS + CACTVS + descriptors,nithiamide,1 ring,1.0
88113319,citric-acid,88113319.0,0.06705723,8.750103,Morgan + MACCS + CACTVS + descriptors,citric-acid,0 rings,0.0
8820,cyacetacide,8820.0,1.048901,8.937141,Morgan + MACCS + CACTVS + descriptors,cyacetacide,0 rings,0.0
88473969,bw-b70c,88473969.0,8.624055,6.2913384,Morgan + MACCS + CACTVS + descriptors,bw-b70c,2 rings,2.0
88505,dmnb,88505.0,8.36129,7.8779974,Morgan + MACCS + CACTVS + descriptors,dmnb,1 ring,1.0
886736,ezutromid,886736.0,7.2768817,10.310587,Morgan + MACCS + CACTVS + descriptors,ezutromid,3 rings,3.0
88708,gentiopicrin,88708.0,0.14769927,8.263962,Morgan + MACCS + CACTVS + descriptors,gentiopicrin,3 rings,3.0
88747398,l-glutamic-acid,88747398.0,1.10306,8.587493,Morgan + MACCS + CACTVS + descriptors,l-glutamic-acid,0 rings,0.0
89044377,promethazine,89044377.0,6.3748226,8.288725,Morgan + MACCS + CACTVS + descriptors,promethazine,3 rings,3.0
8907,isopropyl-palmitate,8907.0,0.45145458,8.308139,Morgan + MACCS + CACTVS + descriptors,isopropyl-palmitate,0 rings,0.0
89105,tretazicar,89105.0,7.718748,8.294056,Morgan + MACCS + CACTVS + descriptors,tretazicar,2 rings,2.0
89497391,olumacostat-glasaretil,89497391.0,8.696064,6.505665,Morgan + MACCS + CACTVS + descriptors,olumacostat-glasaretil,1 ring,1.0
89508529,sj-733,89508529.0,8.011659,10.9979105,Morgan + MACCS + CACTVS + descriptors,sj-733,4+ rings,4.0
8955,pregnenolone,8955.0,0.07096128,6.7936063,Morgan + MACCS + CACTVS + descriptors,pregnenolone,4+ rings,4.0
89594,nicotine,89594.0,7.11575,10.0732975,Morgan + MACCS + CACTVS + descriptors,nicotine,2 rings,2.0
896,melatonin,896.0,9.463315,10.578031,Morgan + MACCS + CACTVS + descriptors,melatonin,2 rings,2.0
8961,chlorindanol,8961.0,7.7405615,5.6451488,Morgan + MACCS + CACTVS + descriptors,chlorindanol,2 rings,2.0
89658382,als-8176,89658382.0,2.4232209,9.680824,Morgan + MACCS + CACTVS + descriptors,als-8176,2 rings,2.0
89670174,lifirafenib,89670174.0,10.02245,10.000332,Morgan + MACCS + CACTVS + descriptors,lifirafenib,4+ rings,7.0
89683805,enasidenib,89683805.0,7.0936966,10.859771,Morgan + MACCS + CACTVS + descriptors,enasidenib,3 rings,3.0
8969,yohimbine,8969.0,8.619967,10.5932045,Morgan + MACCS + CACTVS + descriptors,yohimbine,4+ rings,5.0
8974,2-chloroadenosine,8974.0,6.0951843,11.783899,Morgan + MACCS + CACTVS + descriptors,2-chloroadenosine,3 rings,3.0
89741565,rg7800,89741565.0,7.1817946,10.99218,Morgan + MACCS + CACTVS + descriptors,rg7800,4+ rings,5.0
89792952,rovazolac,89792952.0,8.216351,9.612728,Morgan + MACCS + CACTVS + descriptors,rovazolac,3 rings,3.0
8982,nafcillin,8982.0,3.758028,7.940102,Morgan + MACCS + CACTVS + descriptors,nafcillin,4+ rings,4.0
89853,oxfenicine,89853.0,7.8784213,6.5782413,Morgan + MACCS + CACTVS + descriptors,oxfenicine,1 ring,1.0
8987,ditiocarb-sodium-trihydrate,8987.0,0.9458857,9.320218,Morgan + MACCS + CACTVS + descriptors,ditiocarb-sodium-trihydrate,0 rings,0.0
89875987,gsk2981278,89875987.0,8.952425,8.001686,Morgan + MACCS + CACTVS + descriptors,gsk2981278,3 rings,3.0
899323,zln005,899323.0,6.9529314,10.481623,Morgan + MACCS + CACTVS + descriptors,zln005,3 rings,3.0
90052320,flt3-in-1,90052320.0,7.416665,11.260581,Morgan + MACCS + CACTVS + descriptors,flt3-in-1,2 rings,2.0
90116675,plx8394,90116675.0,7.774893,10.163923,Morgan + MACCS + CACTVS + descriptors,plx8394,4+ rings,6.0
9015,mequinol,9015.0,8.039792,5.6182017,Morgan + MACCS + CACTVS + descriptors,mequinol,1 ring,1.0
90209976,wwl-123,90209976.0,8.821655,6.8381734,Morgan + MACCS + CACTVS + descriptors,wwl-123,4+ rings,4.0
90241673,epz015666,90241673.0,7.481646,11.28954,Morgan + MACCS + CACTVS + descriptors,epz015666,4+ rings,4.0
90241742,gsk3326595,90241742.0,7.501912,11.269155,Morgan + MACCS + CACTVS + descriptors,gsk3326595,4+ rings,4.0
90259477,ab-423,90259477.0,8.311861,8.64376,Morgan + MACCS + CACTVS + descriptors,ab-423,2 rings,2.0
90311989,bictegravir,90311989.0,7.3130784,8.176023,Morgan + MACCS + CACTVS + descriptors,bictegravir,4+ rings,5.0
90331177,cc-90003,90331177.0,10.120279,10.23863,Morgan + MACCS + CACTVS + descriptors,cc-90003,3 rings,3.0
904,acetanilide,904.0,7.060417,8.404529,Morgan + MACCS + CACTVS + descriptors,acetanilide,1 ring,1.0
90408826,raf709,90408826.0,9.8610525,10.148576,Morgan + MACCS + CACTVS + descriptors,raf709,4+ rings,5.0
90409366,jnj-54175446,90409366.0,7.531706,10.870195,Morgan + MACCS + CACTVS + descriptors,jnj-54175446,4+ rings,4.0
90415637,idh-305,90415637.0,7.2699823,10.955848,Morgan + MACCS + CACTVS + descriptors,idh-305,4+ rings,4.0
90420193,ziritaxestat,90420193.0,7.511965,10.601871,Morgan + MACCS + CACTVS + descriptors,ziritaxestat,4+ rings,6.0
90448953,plx51107,90448953.0,8.870958,10.574043,Morgan + MACCS + CACTVS + descriptors,plx51107,4+ rings,5.0
90454,cinchonine,90454.0,9.267875,10.797835,Morgan + MACCS + CACTVS + descriptors,cinchonine,4+ rings,5.0
90456533,lxh254,90456533.0,9.988228,10.092459,Morgan + MACCS + CACTVS + descriptors,lxh254,4+ rings,4.0
9046,quinestrol,9046.0,7.9574246,4.5957737,Morgan + MACCS + CACTVS + descriptors,quinestrol,4+ rings,5.0
9047,sulfametopyrazine,9047.0,8.463768,9.460006,Morgan + MACCS + CACTVS + descriptors,sulfametopyrazine,2 rings,2.0
90479327,lappaconite,90479327.0,9.174499,6.2695155,Morgan + MACCS + CACTVS + descriptors,lappaconite,4+ rings,7.0
90479771,tboa-(dl),90479771.0,7.5299883,6.851855,Morgan + MACCS + CACTVS + descriptors,tboa-(dl),2 rings,2.0
90479790,chromanol-(+/-),90479790.0,8.9687395,7.7720537,Morgan + MACCS + CACTVS + descriptors,chromanol-(+/-),4+ rings,4.0
90488948,tc-i-15,90488948.0,8.269459,8.457625,Morgan + MACCS + CACTVS + descriptors,tc-i-15,3 rings,3.0
90488984,i-cbp-112,90488984.0,9.184072,6.689452,Morgan + MACCS + CACTVS + descriptors,i-cbp-112,4+ rings,4.0
9051,dydrogesterone,9051.0,0.19128515,6.7540364,Morgan + MACCS + CACTVS + descriptors,dydrogesterone,4+ rings,4.0
9062,2-deoxyglucose,9062.0,0.021150008,8.731343,Morgan + MACCS + CACTVS + descriptors,2-deoxyglucose,1 ring,1.0
9064,cianidanol,9064.0,8.692345,4.916049,Morgan + MACCS + CACTVS + descriptors,cianidanol,3 rings,3.0
90642938,sgc-707,90642938.0,7.744374,10.827134,Morgan + MACCS + CACTVS + descriptors,sgc-707,3 rings,3.0
90656913,bafilomycin-a1,90656913.0,0.6912193,7.4522214,Morgan + MACCS + CACTVS + descriptors,bafilomycin-a1,2 rings,2.0
90657278,alanosine,90657278.0,1.0804204,8.627513,Morgan + MACCS + CACTVS + descriptors,alanosine,0 rings,0.0
9083,mdms,9083.0,0.46463358,8.941501,Morgan + MACCS + CACTVS + descriptors,mdms,0 rings,0.0
90835967,msdc-0602k,90835967.0,8.61688,5.944115,Morgan + MACCS + CACTVS + descriptors,msdc-0602k,3 rings,3.0
912,n-alpha-methylhistamine-dihydrochloride,912.0,5.7172318,11.127147,Morgan + MACCS + CACTVS + descriptors,n-alpha-methylhistamine-dihydrochloride,1 ring,1.0
91270,moexipril,91270.0,9.115896,6.8368206,Morgan + MACCS + CACTVS + descriptors,moexipril,3 rings,3.0
91273,tandospirone,91273.0,6.885594,11.303805,Morgan + MACCS + CACTVS + descriptors,tandospirone,4+ rings,5.0
91311512,tolonium,91311512.0,6.4096165,8.595259,Morgan + MACCS + CACTVS + descriptors,tolonium,3 rings,3.0
91466,matrine,91466.0,1.3310208,9.1217985,Morgan + MACCS + CACTVS + descriptors,matrine,4+ rings,4.0
91469,equol,91469.0,8.537093,5.0034103,Morgan + MACCS + CACTVS + descriptors,equol,3 rings,3.0
91471,lupanine,91471.0,1.3174794,9.147635,Morgan + MACCS + CACTVS + descriptors,lupanine,4+ rings,4.0
91486,safingol,91486.0,0.648291,8.5141945,Morgan + MACCS + CACTVS + descriptors,safingol,0 rings,0.0
91503,hydroquinidine,91503.0,9.52727,10.647535,Morgan + MACCS + CACTVS + descriptors,hydroquinidine,4+ rings,5.0
91518,anguidine,91518.0,0.48614597,7.4342856,Morgan + MACCS + CACTVS + descriptors,anguidine,4+ rings,4.0
91536,propranolol-(s),91536.0,8.813914,6.2059965,Morgan + MACCS + CACTVS + descriptors,propranolol-(s),2 rings,2.0
91610,gliquidone,91610.0,9.124417,7.8346124,Morgan + MACCS + CACTVS + descriptors,gliquidone,4+ rings,4.0
91617579,hygromycin-b,91617579.0,1.5862743,7.556983,Morgan + MACCS + CACTVS + descriptors,hygromycin-b,4+ rings,4.0
91623360,oicr-9429,91623360.0,7.2353806,8.368564,Morgan + MACCS + CACTVS + descriptors,oicr-9429,4+ rings,5.0
91649,2-hydroxyflutamide,91649.0,7.7872515,8.240532,Morgan + MACCS + CACTVS + descriptors,2-hydroxyflutamide,1 ring,1.0
91654624,cc4,91654624.0,1.4966058,9.106938,Morgan + MACCS + CACTVS + descriptors,cc4,4+ rings,6.0
91654625,baz2-icr,91654625.0,6.756941,10.615534,Morgan + MACCS + CACTVS + descriptors,baz2-icr,4+ rings,4.0
91663303,pd1-pdl-inhibitor-1,91663303.0,8.895517,6.7810364,Morgan + MACCS + CACTVS + descriptors,pd1-pdl-inhibitor-1,4+ rings,4.0
91666658,azd3264,91666658.0,9.234427,9.314872,Morgan + MACCS + CACTVS + descriptors,azd3264,4+ rings,4.0
91667713,cgp-20712a,91667713.0,9.2972765,9.671752,Morgan + MACCS + CACTVS + descriptors,cgp-20712a,3 rings,3.0
91668,nomegestrol-acetate,91668.0,0.29730204,6.6460714,Morgan + MACCS + CACTVS + descriptors,nomegestrol-acetate,4+ rings,4.0
91668194,pf-06747775,91668194.0,6.7749133,11.266387,Morgan + MACCS + CACTVS + descriptors,pf-06747775,4+ rings,4.0
91668541,i-brd9,91668541.0,7.4543095,8.5873575,Morgan + MACCS + CACTVS + descriptors,i-brd9,4+ rings,4.0
91669533,erastin,91669533.0,9.180904,7.5320296,Morgan + MACCS + CACTVS + descriptors,erastin,4+ rings,5.0
91676,benzofenac,91676.0,8.50722,5.57863,Morgan + MACCS + CACTVS + descriptors,benzofenac,2 rings,2.0
91691128,c34,91691128.0,1.4541082,8.169988,Morgan + MACCS + CACTVS + descriptors,c34,1 ring,1.0
91691129,ta-01,91691129.0,7.0007544,10.429996,Morgan + MACCS + CACTVS + descriptors,ta-01,4+ rings,4.0
91707,fenoxaprop-p-ethyl,91707.0,9.230253,10.165008,Morgan + MACCS + CACTVS + descriptors,fenoxaprop-p-ethyl,3 rings,3.0
91754484,pt-2385,91754484.0,8.068887,5.7973166,Morgan + MACCS + CACTVS + descriptors,pt-2385,3 rings,3.0
91754520,pi3kd-in-2,91754520.0,9.515496,9.619487,Morgan + MACCS + CACTVS + descriptors,pi3kd-in-2,4+ rings,5.0
91758319,mi-14,91758319.0,7.917998,9.78593,Morgan + MACCS + CACTVS + descriptors,mi-14,3 rings,3.0
91769,zolantidine,91769.0,9.705453,9.711664,Morgan + MACCS + CACTVS + descriptors,zolantidine,4+ rings,4.0
91801202,nemorexant,91801202.0,10.037244,9.813448,Morgan + MACCS + CACTVS + descriptors,nemorexant,4+ rings,5.0
91810660,coti-2,91810660.0,6.9587736,10.504036,Morgan + MACCS + CACTVS + descriptors,coti-2,4+ rings,4.0
91826086,tc-g-1008,91826086.0,7.9090676,9.824463,Morgan + MACCS + CACTVS + descriptors,tc-g-1008,3 rings,3.0
91826088,cu-t12-9,91826088.0,6.9001665,10.562151,Morgan + MACCS + CACTVS + descriptors,cu-t12-9,3 rings,3.0
91827373,ni-57,91827373.0,8.97794,8.095663,Morgan + MACCS + CACTVS + descriptors,ni-57,3 rings,3.0
91827561,amphotericin-b,91827561.0,0.87634313,7.381856,Morgan + MACCS + CACTVS + descriptors,amphotericin-b,3 rings,3.0
91844733,ct7001,91844733.0,6.9441867,11.01337,Morgan + MACCS + CACTVS + descriptors,ct7001,4+ rings,4.0
91885395,cycluc1,91885395.0,7.9301157,10.210078,Morgan + MACCS + CACTVS + descriptors,cycluc1,4+ rings,4.0
91885617,fisogatinib,91885617.0,10.304814,10.239669,Morgan + MACCS + CACTVS + descriptors,fisogatinib,4+ rings,4.0
91898441,afamelanotide,91898441.0,5.786728,5.4813905,Morgan + MACCS + CACTVS + descriptors,afamelanotide,4+ rings,6.0
91899919,kh-cb19,91899919.0,8.77534,10.32193,Morgan + MACCS + CACTVS + descriptors,kh-cb19,2 rings,2.0
91933867,adomeglivant,91933867.0,8.825139,6.845438,Morgan + MACCS + CACTVS + descriptors,adomeglivant,3 rings,3.0
91933883,ipi549,91933883.0,7.4488373,11.060953,Morgan + MACCS + CACTVS + descriptors,ipi549,4+ rings,6.0
91935542,exenatide,91935542.0,5.792363,5.476045,Morgan + MACCS + CACTVS + descriptors,exenatide,4+ rings,9.0
91936858,thk5351,91936858.0,10.167303,10.369428,Morgan + MACCS + CACTVS + descriptors,thk5351,3 rings,3.0
92043107,isavuconazole,92043107.0,7.3544707,10.185849,Morgan + MACCS + CACTVS + descriptors,isavuconazole,4+ rings,4.0
92043331,ferroquine,92043331.0,7.3251195,10.290003,Morgan + MACCS + CACTVS + descriptors,ferroquine,4+ rings,4.0
92044379,nampt-in-1,92044379.0,9.1602745,9.716088,Morgan + MACCS + CACTVS + descriptors,nampt-in-1,3 rings,3.0
92092,tagatose,92092.0,0.039119504,8.795632,Morgan + MACCS + CACTVS + descriptors,tagatose,0 rings,0.0
92094,d-delta-tocopherol,92094.0,8.159694,5.256207,Morgan + MACCS + CACTVS + descriptors,d-delta-tocopherol,2 rings,2.0
92095,pym50028,92095.0,0.076219365,7.3230333,Morgan + MACCS + CACTVS + descriptors,pym50028,4+ rings,6.0
92132144,cytochlor,92132144.0,2.4345663,9.698887,Morgan + MACCS + CACTVS + descriptors,cytochlor,2 rings,2.0
92135919,bleomycetin,92135919.0,5.811135,5.5004783,Morgan + MACCS + CACTVS + descriptors,bleomycetin,4+ rings,6.0
92140,riboflavin-tetrabutyrate,92140.0,7.3357434,8.143165,Morgan + MACCS + CACTVS + descriptors,riboflavin-tetrabutyrate,3 rings,3.0
92142,thalidomide,92142.0,7.0449433,7.924923,Morgan + MACCS + CACTVS + descriptors,thalidomide,3 rings,3.0
92169474,ro-04-5595,92169474.0,9.016285,6.587033,Morgan + MACCS + CACTVS + descriptors,ro-04-5595,3 rings,3.0
92179136,ku14r,92179136.0,9.783186,9.642181,Morgan + MACCS + CACTVS + descriptors,ku14r,3 rings,3.0
92209239,sym-2206,92209239.0,9.111199,7.077967,Morgan + MACCS + CACTVS + descriptors,sym-2206,4+ rings,4.0
92211270,bgp-15,92211270.0,7.376166,10.407407,Morgan + MACCS + CACTVS + descriptors,bgp-15,2 rings,2.0
92211523,dr-4485,92211523.0,7.1949024,8.432379,Morgan + MACCS + CACTVS + descriptors,dr-4485,4+ rings,5.0
92211530,mr-16728,92211530.0,6.9513288,7.744377,Morgan + MACCS + CACTVS + descriptors,mr-16728,3 rings,3.0
92211532,ici-89406,92211532.0,8.694589,6.9403033,Morgan + MACCS + CACTVS + descriptors,ici-89406,2 rings,2.0
92211533,zm-226600,92211533.0,8.344413,8.660275,Morgan + MACCS + CACTVS + descriptors,zm-226600,2 rings,2.0
92211535,8-m-pdot,92211535.0,8.975796,6.5671506,Morgan + MACCS + CACTVS + descriptors,8-m-pdot,2 rings,2.0
92220886,mrs-1845,92220886.0,8.384194,8.001113,Morgan + MACCS + CACTVS + descriptors,mrs-1845,2 rings,2.0
92236766,sari-59-801,92236766.0,9.030099,10.469215,Morgan + MACCS + CACTVS + descriptors,sari-59-801,3 rings,3.0
92253,bupivacaine,92253.0,7.087097,8.2012825,Morgan + MACCS + CACTVS + descriptors,bupivacaine,2 rings,2.0
92258,phenylacetylglutamine,92258.0,7.310511,7.2642975,Morgan + MACCS + CACTVS + descriptors,phenylacetylglutamine,1 ring,1.0
92261245,meluadrine,92261245.0,8.020459,6.5051017,Morgan + MACCS + CACTVS + descriptors,meluadrine,1 ring,1.0
92274373,etrabamine,92274373.0,5.783919,10.931305,Morgan + MACCS + CACTVS + descriptors,etrabamine,2 rings,2.0
92279095,"benzenemethanol,-2,5-dimethyl-[[(1-methylethyl)amino]methyl]",92279095.0,7.9900694,6.503974,Morgan + MACCS + CACTVS + descriptors,"benzenemethanol,-2,5-dimethyl-[[(1-methylethyl)amino]methyl]",1 ring,1.0
92327883,3-matida,92327883.0,7.3064637,6.822747,Morgan + MACCS + CACTVS + descriptors,3-matida,1 ring,1.0
92337,flurizan,92337.0,7.10315,6.182231,Morgan + MACCS + CACTVS + descriptors,flurizan,2 rings,2.0
92400,zofenopril-calcium,92400.0,7.1703925,7.5272193,Morgan + MACCS + CACTVS + descriptors,zofenopril-calcium,3 rings,3.0
92460042,fpl-55712,92460042.0,8.520656,5.165739,Morgan + MACCS + CACTVS + descriptors,fpl-55712,3 rings,3.0
92460626,zaldaride,92460626.0,9.186166,10.375336,Morgan + MACCS + CACTVS + descriptors,zaldaride,4+ rings,6.0
92461199,kbg,92461199.0,8.928999,4.9306517,Morgan + MACCS + CACTVS + descriptors,kbg,3 rings,3.0
92461210,ki16198,92461210.0,8.846631,9.307794,Morgan + MACCS + CACTVS + descriptors,ki16198,3 rings,3.0
92472001,gsk429286a,92472001.0,7.874327,10.569388,Morgan + MACCS + CACTVS + descriptors,gsk429286a,4+ rings,4.0
92509770,cgk-733,92509770.0,7.684082,8.253573,Morgan + MACCS + CACTVS + descriptors,cgk-733,3 rings,3.0
92510314,ro-106-9920,92510314.0,7.2223816,9.425752,Morgan + MACCS + CACTVS + descriptors,ro-106-9920,3 rings,3.0
9270,ethynodiol-diacetate,9270.0,0.3041434,6.691539,Morgan + MACCS + CACTVS + descriptors,ethynodiol-diacetate,4+ rings,4.0
92727,lopinavir,92727.0,8.64328,6.9734035,Morgan + MACCS + CACTVS + descriptors,lopinavir,4+ rings,4.0
92730,stetaderm,92730.0,0.0663167,6.68773,Morgan + MACCS + CACTVS + descriptors,stetaderm,4+ rings,4.0
92844253,brl-15572,92844253.0,6.784636,7.7483535,Morgan + MACCS + CACTVS + descriptors,brl-15572,4+ rings,4.0
92845316,pd-102807,92845316.0,9.251076,10.311883,Morgan + MACCS + CACTVS + descriptors,pd-102807,4+ rings,5.0
92845961,ly266097,92845961.0,9.666781,10.602084,Morgan + MACCS + CACTVS + descriptors,ly266097,4+ rings,4.0
92852530,tie2-kinase-inhibitor,92852530.0,9.857484,9.649559,Morgan + MACCS + CACTVS + descriptors,tie2-kinase-inhibitor,4+ rings,5.0
929262,sclareolide,929262.0,0.09761116,7.403385,Morgan + MACCS + CACTVS + descriptors,sclareolide,3 rings,3.0
9294,ephedrine,9294.0,7.9807987,6.4641395,Morgan + MACCS + CACTVS + descriptors,ephedrine,1 ring,1.0
92974,droxidopa,92974.0,7.9016647,6.5271506,Morgan + MACCS + CACTVS + descriptors,droxidopa,1 ring,1.0
92978378,ono-ae3-208,92978378.0,7.8646293,7.685639,Morgan + MACCS + CACTVS + descriptors,ono-ae3-208,3 rings,3.0
92981775,vgx-1027,92981775.0,7.1821933,6.2553988,Morgan + MACCS + CACTVS + descriptors,vgx-1027,2 rings,2.0
93047,nornicotine,93047.0,7.033223,10.114873,Morgan + MACCS + CACTVS + descriptors,nornicotine,2 rings,2.0
93088127,sn-6,93088127.0,8.509542,7.9619694,Morgan + MACCS + CACTVS + descriptors,sn-6,3 rings,3.0
93160320,ru-ski-43,93160320.0,8.895808,6.923046,Morgan + MACCS + CACTVS + descriptors,ru-ski-43,3 rings,3.0
931837,gliclazide,931837.0,8.208752,8.517234,Morgan + MACCS + CACTVS + descriptors,gliclazide,3 rings,3.0
93205,l-phenylisopropyladenosine,93205.0,6.4919434,11.560874,Morgan + MACCS + CACTVS + descriptors,l-phenylisopropyladenosine,4+ rings,4.0
9324,chlormadinone-acetate,9324.0,0.299091,6.5931516,Morgan + MACCS + CACTVS + descriptors,chlormadinone-acetate,4+ rings,4.0
93283,indoprofen,93283.0,7.567075,8.044029,Morgan + MACCS + CACTVS + descriptors,indoprofen,3 rings,3.0
9330,benactyzine,9330.0,7.212184,6.7893157,Morgan + MACCS + CACTVS + descriptors,benactyzine,2 rings,2.0
93475590,sb-268262,93475590.0,8.21185,9.5908375,Morgan + MACCS + CACTVS + descriptors,sb-268262,3 rings,3.0
93504,levcromakalim,93504.0,9.128632,6.572363,Morgan + MACCS + CACTVS + descriptors,levcromakalim,3 rings,3.0
9351,hydralazine,9351.0,6.9218073,9.8555355,Morgan + MACCS + CACTVS + descriptors,hydralazine,2 rings,2.0
93576,2-methyl-5-nitrophenol,93576.0,8.300002,7.9178877,Morgan + MACCS + CACTVS + descriptors,2-methyl-5-nitrophenol,1 ring,1.0
936,nicotinamide,936.0,8.289274,11.115783,Morgan + MACCS + CACTVS + descriptors,nicotinamide,1 ring,1.0
93600633,sr-3677,93600633.0,9.662894,9.79758,Morgan + MACCS + CACTVS + descriptors,sr-3677,4+ rings,4.0
9363,ethamivan,9363.0,9.047084,6.5697026,Morgan + MACCS + CACTVS + descriptors,ethamivan,1 ring,1.0
9376,fenaclon,9376.0,7.014124,7.5019126,Morgan + MACCS + CACTVS + descriptors,fenaclon,1 ring,1.0
938,niacin,938.0,8.776719,11.056768,Morgan + MACCS + CACTVS + descriptors,niacin,1 ring,1.0
9386,perfluorodecalin,9386.0,0.37450612,9.115813,Morgan + MACCS + CACTVS + descriptors,perfluorodecalin,2 rings,2.0
9394,benzoquinonium-dibromide,9394.0,6.427325,8.2887535,Morgan + MACCS + CACTVS + descriptors,benzoquinonium-dibromide,3 rings,3.0
93948843,yk-4-279,93948843.0,8.758014,7.437358,Morgan + MACCS + CACTVS + descriptors,yk-4-279,3 rings,3.0
93959111,scabertopin,93959111.0,0.42615125,7.600432,Morgan + MACCS + CACTVS + descriptors,scabertopin,3 rings,3.0
93977386,cym-5442,93977386.0,9.75557,9.357499,Morgan + MACCS + CACTVS + descriptors,cym-5442,4+ rings,4.0
940099,proxodolol,940099.0,8.783429,6.339629,Morgan + MACCS + CACTVS + descriptors,proxodolol,2 rings,2.0
9403,estradiol-cypionate,9403.0,7.945477,4.587223,Morgan + MACCS + CACTVS + descriptors,estradiol-cypionate,4+ rings,5.0
941361,flunarizine,941361.0,6.598006,7.7219963,Morgan + MACCS + CACTVS + descriptors,flunarizine,4+ rings,4.0
94141,npc-01,94141.0,0.06247381,6.6851754,Morgan + MACCS + CACTVS + descriptors,npc-01,4+ rings,4.0
9415,monocrotaline,9415.0,0.88223493,7.748742,Morgan + MACCS + CACTVS + descriptors,monocrotaline,3 rings,3.0
941651,thiothixene,941651.0,6.58551,8.128287,Morgan + MACCS + CACTVS + descriptors,thiothixene,4+ rings,4.0
941699,felodipine,941699.0,7.3202033,6.718175,Morgan + MACCS + CACTVS + descriptors,felodipine,2 rings,2.0
9417,opipramol,9417.0,6.5987005,8.14287,Morgan + MACCS + CACTVS + descriptors,opipramol,4+ rings,4.0
9419,dibenzepine,9419.0,7.245684,8.398352,Morgan + MACCS + CACTVS + descriptors,dibenzepine,3 rings,3.0
9429,thioproperazine,9429.0,6.420958,8.249091,Morgan + MACCS + CACTVS + descriptors,thioproperazine,4+ rings,4.0
9438169,t-5601640,9438169.0,8.635511,9.347501,Morgan + MACCS + CACTVS + descriptors,t-5601640,3 rings,3.0
94423,oxprenolol,94423.0,8.785686,6.2205524,Morgan + MACCS + CACTVS + descriptors,oxprenolol,1 ring,1.0
9444,azacitidine,9444.0,2.3934288,9.650725,Morgan + MACCS + CACTVS + descriptors,azacitidine,2 rings,2.0
9458,triflusal,9458.0,8.296509,5.360633,Morgan + MACCS + CACTVS + descriptors,triflusal,1 ring,1.0
94621715,fk-409,94621715.0,1.1745384,8.844082,Morgan + MACCS + CACTVS + descriptors,fk-409,0 rings,0.0
94880,ska-31,94880.0,7.2397313,10.029034,Morgan + MACCS + CACTVS + descriptors,ska-31,3 rings,3.0
94990,fh1,94990.0,7.158753,8.257482,Morgan + MACCS + CACTVS + descriptors,fh1,2 rings,2.0
9528,flurothyl,9528.0,0.3514129,9.118055,Morgan + MACCS + CACTVS + descriptors,flurothyl,0 rings,0.0
9543506,tetrahydrouridine,9543506.0,2.341553,9.603111,Morgan + MACCS + CACTVS + descriptors,tetrahydrouridine,2 rings,2.0
9547243,ercalcitriol,9547243.0,-0.15923642,7.2045317,Morgan + MACCS + CACTVS + descriptors,ercalcitriol,3 rings,3.0
9549213,pu-h71,9549213.0,10.019548,9.699808,Morgan + MACCS + CACTVS + descriptors,pu-h71,4+ rings,4.0
9549289,tws-119,9549289.0,10.013557,10.0494,Morgan + MACCS + CACTVS + descriptors,tws-119,4+ rings,4.0
9549295,krn-633,9549295.0,10.340754,10.411485,Morgan + MACCS + CACTVS + descriptors,krn-633,3 rings,3.0
9549297,su11274,9549297.0,8.122209,9.521821,Morgan + MACCS + CACTVS + descriptors,su11274,4+ rings,5.0
9549298,ikk-16,9549298.0,7.649641,10.601768,Morgan + MACCS + CACTVS + descriptors,ikk-16,4+ rings,6.0
9549300,tc-s-7006,9549300.0,7.035368,10.459645,Morgan + MACCS + CACTVS + descriptors,tc-s-7006,4+ rings,4.0
9549305,pq-401,9549305.0,10.110443,10.449345,Morgan + MACCS + CACTVS + descriptors,pq-401,3 rings,3.0
9552079,chlorhexidine,9552079.0,6.7913847,8.797589,Morgan + MACCS + CACTVS + descriptors,chlorhexidine,2 rings,2.0
9554,ammonium-perfluorocaprylate,9554.0,0.27389246,8.632097,Morgan + MACCS + CACTVS + descriptors,ammonium-perfluorocaprylate,0 rings,0.0
9554282,cyclophosphamide,9554282.0,1.0543468,9.098221,Morgan + MACCS + CACTVS + descriptors,cyclophosphamide,1 ring,1.0
9554761,bw-348u87,9554761.0,7.0593066,10.056769,Morgan + MACCS + CACTVS + descriptors,bw-348u87,2 rings,2.0
9568614,omeprazole,9568614.0,9.839494,9.606822,Morgan + MACCS + CACTVS + descriptors,omeprazole,3 rings,3.0
9568628,norelgestromin,9568628.0,-0.037755493,6.965235,Morgan + MACCS + CACTVS + descriptors,norelgestromin,4+ rings,4.0
957,1-octanol,957.0,0.4130987,8.534704,Morgan + MACCS + CACTVS + descriptors,1-octanol,0 rings,0.0
9570327,nifursol,9570327.0,8.956449,8.407236,Morgan + MACCS + CACTVS + descriptors,nifursol,2 rings,2.0
9570757,cefmenoxime,9570757.0,2.9806151,8.089274,Morgan + MACCS + CACTVS + descriptors,cefmenoxime,4+ rings,4.0
9571004,azimilide,9571004.0,9.055694,7.461071,Morgan + MACCS + CACTVS + descriptors,azimilide,4+ rings,4.0
9571037,chlorproguanil,9571037.0,6.8072605,8.815922,Morgan + MACCS + CACTVS + descriptors,chlorproguanil,1 ring,1.0
9571836,triapine,9571836.0,6.960927,10.050015,Morgan + MACCS + CACTVS + descriptors,triapine,1 ring,1.0
9576166,trofosfamide,9576166.0,1.1781173,9.198954,Morgan + MACCS + CACTVS + descriptors,trofosfamide,1 ring,1.0
9576789,sardomozide,9576789.0,6.409223,7.601686,Morgan + MACCS + CACTVS + descriptors,sardomozide,2 rings,2.0
9577379,sulforaphane,9577379.0,0.8369059,9.301843,Morgan + MACCS + CACTVS + descriptors,sulforaphane,0 rings,0.0
9578005,lansoprazole,9578005.0,9.844075,9.594312,Morgan + MACCS + CACTVS + descriptors,lansoprazole,3 rings,3.0
9578507,selamectin,9578507.0,0.785332,7.375606,Morgan + MACCS + CACTVS + descriptors,selamectin,4+ rings,7.0
9578572,dabigatran-etexilate,9578572.0,7.7397604,11.221238,Morgan + MACCS + CACTVS + descriptors,dabigatran-etexilate,4+ rings,4.0
95801,bts,95801.0,8.191876,8.456842,Morgan + MACCS + CACTVS + descriptors,bts,2 rings,2.0
9581011,cid-2745687,9581011.0,7.7866826,10.561044,Morgan + MACCS + CACTVS + descriptors,cid-2745687,2 rings,2.0
9584673,ap-18,9584673.0,6.5261436,7.2261896,Morgan + MACCS + CACTVS + descriptors,ap-18,1 ring,1.0
95864,bl-5583,95864.0,7.068842,6.232921,Morgan + MACCS + CACTVS + descriptors,bl-5583,2 rings,2.0
9588020,ifosfamide,9588020.0,1.0961329,9.060165,Morgan + MACCS + CACTVS + descriptors,ifosfamide,1 ring,1.0
95883,sym-2081,95883.0,1.0766306,8.579295,Morgan + MACCS + CACTVS + descriptors,sym-2081,0 rings,0.0
959043,inh1,959043.0,7.7350726,10.224483,Morgan + MACCS + CACTVS + descriptors,inh1,3 rings,3.0
96,lithium-acetoacetate,96.0,0.26272252,8.663753,Morgan + MACCS + CACTVS + descriptors,lithium-acetoacetate,0 rings,0.0
9600409,citco,9600409.0,7.451654,9.908916,Morgan + MACCS + CACTVS + descriptors,citco,4+ rings,4.0
9601083,omeprazole-magnesium,9601083.0,9.751051,9.6085,Morgan + MACCS + CACTVS + descriptors,omeprazole-magnesium,4+ rings,6.0
9601084,naloxone-benzoylhydrazone,9601084.0,9.389859,6.6939373,Morgan + MACCS + CACTVS + descriptors,naloxone-benzoylhydrazone,4+ rings,6.0
9604654,pradefovir,9604654.0,6.8810062,11.033675,Morgan + MACCS + CACTVS + descriptors,pradefovir,4+ rings,4.0
9642,fluocinonide,9642.0,0.32609123,6.068961,Morgan + MACCS + CACTVS + descriptors,fluocinonide,4+ rings,5.0
9651,galantamine,9651.0,9.307139,6.6522336,Morgan + MACCS + CACTVS + descriptors,galantamine,4+ rings,4.0
96568205,azd1446,96568205.0,8.959457,6.992868,Morgan + MACCS + CACTVS + descriptors,azd1446,3 rings,3.0
967,orotic-acid,967.0,1.5304766,9.119897,Morgan + MACCS + CACTVS + descriptors,orotic-acid,1 ring,1.0
9675990,pac-1,9675990.0,7.873749,7.1883903,Morgan + MACCS + CACTVS + descriptors,pac-1,3 rings,3.0
9681,methysergide,9681.0,8.296105,10.600113,Morgan + MACCS + CACTVS + descriptors,methysergide,4+ rings,4.0
9687,bucladesine,9687.0,6.0632377,11.804324,Morgan + MACCS + CACTVS + descriptors,bucladesine,4+ rings,4.0
9690136,ot-r-antagonist-1,9690136.0,7.3643446,7.4777937,Morgan + MACCS + CACTVS + descriptors,ot-r-antagonist-1,4+ rings,4.0
969464,rebamipide,969464.0,7.696641,7.7894893,Morgan + MACCS + CACTVS + descriptors,rebamipide,3 rings,3.0
969470,cinpa-1,969470.0,7.0973296,8.167281,Morgan + MACCS + CACTVS + descriptors,cinpa-1,3 rings,3.0
969478,l-152804,969478.0,8.301919,5.1579285,Morgan + MACCS + CACTVS + descriptors,l-152804,4+ rings,4.0
969489,clinafloxacin,969489.0,9.981631,7.6445127,Morgan + MACCS + CACTVS + descriptors,clinafloxacin,4+ rings,4.0
969492,dipivefrine,969492.0,8.72272,6.272103,Morgan + MACCS + CACTVS + descriptors,dipivefrine,1 ring,1.0
969495,glafenine,969495.0,8.830313,10.73395,Morgan + MACCS + CACTVS + descriptors,glafenine,3 rings,3.0
969497,isofloxythepin,969497.0,6.5256586,7.9437943,Morgan + MACCS + CACTVS + descriptors,isofloxythepin,4+ rings,4.0
969502,metitepine,969502.0,6.4575768,8.01251,Morgan + MACCS + CACTVS + descriptors,metitepine,4+ rings,4.0
97018453,vuf11207,97018453.0,9.243831,6.7831726,Morgan + MACCS + CACTVS + descriptors,vuf11207,3 rings,3.0
97161269,agi-5198,97161269.0,7.529045,11.180033,Morgan + MACCS + CACTVS + descriptors,agi-5198,4+ rings,4.0
97182196,betp,97182196.0,9.635304,9.763204,Morgan + MACCS + CACTVS + descriptors,betp,3 rings,3.0
97226,10-hydroxycamptothecin,97226.0,9.0310335,10.444886,Morgan + MACCS + CACTVS + descriptors,10-hydroxycamptothecin,4+ rings,5.0
97289132,tc-e-5006,97289132.0,7.2591825,7.0401187,Morgan + MACCS + CACTVS + descriptors,tc-e-5006,4+ rings,4.0
9750,l-citrulline,9750.0,1.208265,8.496611,Morgan + MACCS + CACTVS + descriptors,l-citrulline,0 rings,0.0
97663,l-asparagine-n-hydroxy,97663.0,1.1710033,8.636079,Morgan + MACCS + CACTVS + descriptors,l-asparagine-n-hydroxy,0 rings,0.0
978,potassium-p-aminobenzoate,978.0,7.8831277,7.454742,Morgan + MACCS + CACTVS + descriptors,potassium-p-aminobenzoate,1 ring,1.0
9782,betamethasone,9782.0,0.23449886,6.162711,Morgan + MACCS + CACTVS + descriptors,betamethasone,4+ rings,4.0
9793868,impentamine,9793868.0,5.6922092,11.09811,Morgan + MACCS + CACTVS + descriptors,impentamine,1 ring,1.0
9794203,azd6765,9794203.0,6.9768972,10.121697,Morgan + MACCS + CACTVS + descriptors,azd6765,2 rings,2.0
9795056,radafaxine,9795056.0,7.8358135,6.656822,Morgan + MACCS + CACTVS + descriptors,radafaxine,2 rings,2.0
9795278,pnu-282987,9795278.0,6.893005,7.755867,Morgan + MACCS + CACTVS + descriptors,pnu-282987,4+ rings,4.0
9795701,esonarimod,9795701.0,7.07076,6.2309833,Morgan + MACCS + CACTVS + descriptors,esonarimod,1 ring,1.0
9795739,pridopidine,9795739.0,8.073018,8.412512,Morgan + MACCS + CACTVS + descriptors,pridopidine,2 rings,2.0
9796068,iniparib,9796068.0,7.7553086,8.286764,Morgan + MACCS + CACTVS + descriptors,iniparib,1 ring,1.0
9796181,nepicastat,9796181.0,6.3651896,7.761515,Morgan + MACCS + CACTVS + descriptors,nepicastat,3 rings,3.0
9796290,nvp-dpp728,9796290.0,7.2258406,11.129478,Morgan + MACCS + CACTVS + descriptors,nvp-dpp728,2 rings,2.0
9796408,org-12962,9796408.0,6.9495716,10.354315,Morgan + MACCS + CACTVS + descriptors,org-12962,2 rings,2.0
9797017,gw274150,9797017.0,1.1455377,8.533214,Morgan + MACCS + CACTVS + descriptors,gw274150,0 rings,0.0
979718,ds2-(806622),979718.0,7.679486,10.676919,Morgan + MACCS + CACTVS + descriptors,ds2-(806622),4+ rings,4.0
9797360,ssr180711,9797360.0,8.818906,6.663327,Morgan + MACCS + CACTVS + descriptors,ssr180711,4+ rings,4.0
9797657,norfluoxetine,9797657.0,8.647792,6.3237057,Morgan + MACCS + CACTVS + descriptors,norfluoxetine,2 rings,2.0
9798229,7-keto-dhea,9798229.0,0.2945607,6.6715813,Morgan + MACCS + CACTVS + descriptors,7-keto-dhea,4+ rings,4.0
9798372,eliprodil,9798372.0,7.420555,7.0084653,Morgan + MACCS + CACTVS + descriptors,eliprodil,3 rings,3.0
9798547,gsk189254,9798547.0,9.7081375,10.231455,Morgan + MACCS + CACTVS + descriptors,gsk189254,4+ rings,4.0
9798973,bay-41-2272,9798973.0,6.7831564,10.702566,Morgan + MACCS + CACTVS + descriptors,bay-41-2272,4+ rings,5.0
9799284,roluperidone,9799284.0,7.0823865,8.015935,Morgan + MACCS + CACTVS + descriptors,roluperidone,4+ rings,4.0
9799487,rimeporide,9799487.0,8.207267,8.47042,Morgan + MACCS + CACTVS + descriptors,rimeporide,1 ring,1.0
9799509,er-27319,9799509.0,7.352088,8.381449,Morgan + MACCS + CACTVS + descriptors,er-27319,3 rings,3.0
9800113,asp-2535,9800113.0,6.6812873,10.650046,Morgan + MACCS + CACTVS + descriptors,asp-2535,4+ rings,5.0
9800555,chidamide,9800555.0,8.156088,11.070616,Morgan + MACCS + CACTVS + descriptors,chidamide,3 rings,3.0
9800568,lubiprostone,9800568.0,0.46097496,7.874407,Morgan + MACCS + CACTVS + descriptors,lubiprostone,1 ring,1.0
9800961,gw-311616,9800961.0,1.5720099,8.771643,Morgan + MACCS + CACTVS + descriptors,gw-311616,3 rings,3.0
9801597,amlodipine,9801597.0,7.2903385,6.8052363,Morgan + MACCS + CACTVS + descriptors,amlodipine,2 rings,2.0
9801969,eo-1428,9801969.0,7.7201586,7.999056,Morgan + MACCS + CACTVS + descriptors,eo-1428,3 rings,3.0
9803242,pa-452,9803242.0,10.058653,10.203466,Morgan + MACCS + CACTVS + descriptors,pa-452,3 rings,3.0
9803375,birt-377,9803375.0,7.0914984,8.610055,Morgan + MACCS + CACTVS + descriptors,birt-377,3 rings,3.0
9803475,nnc-63-0532,9803475.0,7.2548847,8.302337,Morgan + MACCS + CACTVS + descriptors,nnc-63-0532,4+ rings,5.0
9803963,gw-501516,9803963.0,9.365855,9.621547,Morgan + MACCS + CACTVS + descriptors,gw-501516,3 rings,3.0
9804881,alpha-tochopheryl-acetate,9804881.0,8.180259,5.221549,Morgan + MACCS + CACTVS + descriptors,alpha-tochopheryl-acetate,2 rings,2.0
9804992,givinostat,9804992.0,7.8456836,7.9321523,Morgan + MACCS + CACTVS + descriptors,givinostat,3 rings,3.0
98050091,a740003,98050091.0,10.191582,10.358185,Morgan + MACCS + CACTVS + descriptors,a740003,3 rings,3.0
98054312,ajmaline,98054312.0,7.3224344,7.982033,Morgan + MACCS + CACTVS + descriptors,ajmaline,4+ rings,7.0
9805664,at-1015,9805664.0,6.993805,7.9087524,Morgan + MACCS + CACTVS + descriptors,at-1015,4+ rings,5.0
9806063,gallium-triquinolin-8-olate,9806063.0,9.379005,10.741996,Morgan + MACCS + CACTVS + descriptors,gallium-triquinolin-8-olate,4+ rings,6.0
9806229,av-412,9806229.0,7.303798,10.908993,Morgan + MACCS + CACTVS + descriptors,av-412,4+ rings,4.0
9806360,cefuroxime-axetil,9806360.0,3.633999,7.9618273,Morgan + MACCS + CACTVS + descriptors,cefuroxime-axetil,3 rings,3.0
9806489,zk-164015,9806489.0,9.168566,9.945535,Morgan + MACCS + CACTVS + descriptors,zk-164015,3 rings,3.0
9808022,cinaciguat,9808022.0,8.728216,6.814063,Morgan + MACCS + CACTVS + descriptors,cinaciguat,4+ rings,4.0
9808372,tavilermide,9808372.0,8.480799,7.8595943,Morgan + MACCS + CACTVS + descriptors,tavilermide,2 rings,2.0
9808844,telatinib,9808844.0,9.830905,10.035358,Morgan + MACCS + CACTVS + descriptors,telatinib,4+ rings,4.0
9809077,l-760735,9809077.0,7.767578,8.830232,Morgan + MACCS + CACTVS + descriptors,l-760735,4+ rings,4.0
9809926,lercanidipine,9809926.0,8.415674,7.9682274,Morgan + MACCS + CACTVS + descriptors,lercanidipine,4+ rings,4.0
9810101,tabimorelin,9810101.0,7.1084857,7.6792583,Morgan + MACCS + CACTVS + descriptors,tabimorelin,3 rings,3.0
9810532,larazotide-acetate,9810532.0,1.3849187,8.193814,Morgan + MACCS + CACTVS + descriptors,larazotide-acetate,1 ring,1.0
981054,bax-channel-blocker,981054.0,7.8068295,10.284611,Morgan + MACCS + CACTVS + descriptors,bax-channel-blocker,4+ rings,4.0
9810709,aldoxorubicin,9810709.0,9.20555,5.708009,Morgan + MACCS + CACTVS + descriptors,aldoxorubicin,4+ rings,6.0
9810884,y-39983,9810884.0,7.7723002,10.974863,Morgan + MACCS + CACTVS + descriptors,y-39983,3 rings,3.0
9810929,dolastatin-10,9810929.0,8.081667,10.283418,Morgan + MACCS + CACTVS + descriptors,dolastatin-10,3 rings,3.0
9811606,ggti-298,9811606.0,7.4015946,8.2517805,Morgan + MACCS + CACTVS + descriptors,ggti-298,3 rings,3.0
9811611,cp-547632,9811611.0,9.1448555,9.211067,Morgan + MACCS + CACTVS + descriptors,cp-547632,3 rings,3.0
9811834,sacubitril,9811834.0,7.311771,7.2580967,Morgan + MACCS + CACTVS + descriptors,sacubitril,2 rings,2.0
981326,wiskostatin,981326.0,7.836229,10.295002,Morgan + MACCS + CACTVS + descriptors,wiskostatin,3 rings,3.0
9813758,bms-345541,9813758.0,6.838283,10.755845,Morgan + MACCS + CACTVS + descriptors,bms-345541,3 rings,3.0
981442,p7c3,981442.0,7.9717736,10.379885,Morgan + MACCS + CACTVS + descriptors,p7c3,4+ rings,4.0
9815923,fadrozole,9815923.0,6.9657197,10.391638,Morgan + MACCS + CACTVS + descriptors,fadrozole,3 rings,3.0
9816485,licarbazepine,9816485.0,7.5677757,8.070255,Morgan + MACCS + CACTVS + descriptors,licarbazepine,3 rings,3.0
9816738,fk-962,9816738.0,6.945812,7.746193,Morgan + MACCS + CACTVS + descriptors,fk-962,2 rings,2.0
9816959,co-102862,9816959.0,8.594316,6.1385264,Morgan + MACCS + CACTVS + descriptors,co-102862,2 rings,2.0
9817923,butabindide,9817923.0,7.1032543,8.185029,Morgan + MACCS + CACTVS + descriptors,butabindide,2 rings,2.0
9818306,estradiol-acetate,9818306.0,7.954749,4.594339,Morgan + MACCS + CACTVS + descriptors,estradiol-acetate,4+ rings,4.0
9818432,zd-0947,9818432.0,6.8946557,7.8665824,Morgan + MACCS + CACTVS + descriptors,zd-0947,3 rings,3.0
9818479,sumanirole,9818479.0,7.084804,8.480189,Morgan + MACCS + CACTVS + descriptors,sumanirole,3 rings,3.0
9818682,uk-383367,9818682.0,1.435142,8.689285,Morgan + MACCS + CACTVS + descriptors,uk-383367,2 rings,2.0
9818903,abt-239,9818903.0,8.898624,6.874738,Morgan + MACCS + CACTVS + descriptors,abt-239,4+ rings,4.0
9819382,5-hydroxymethyl-tolterodine,9819382.0,8.146102,6.684523,Morgan + MACCS + CACTVS + descriptors,5-hydroxymethyl-tolterodine,2 rings,2.0
9819432,ym-298198,9819432.0,7.6562843,10.575875,Morgan + MACCS + CACTVS + descriptors,ym-298198,4+ rings,4.0
9819591,cgp-25454a,9819591.0,9.099119,7.4030404,Morgan + MACCS + CACTVS + descriptors,cgp-25454a,1 ring,1.0
9819704,efinaconazole,9819704.0,7.329585,9.963896,Morgan + MACCS + CACTVS + descriptors,efinaconazole,3 rings,3.0
9820008,sc-12267,9820008.0,8.5688925,7.310426,Morgan + MACCS + CACTVS + descriptors,sc-12267,3 rings,3.0
9820766,pd-160170,9820766.0,8.224547,9.645088,Morgan + MACCS + CACTVS + descriptors,pd-160170,3 rings,3.0
9821250,r-121919,9821250.0,6.7487984,10.700857,Morgan + MACCS + CACTVS + descriptors,r-121919,3 rings,3.0
9821754,bicyclol,9821754.0,8.734581,5.0209026,Morgan + MACCS + CACTVS + descriptors,bicyclol,4+ rings,4.0
9821849,abiraterone-acetate,9821849.0,8.594803,10.969478,Morgan + MACCS + CACTVS + descriptors,abiraterone-acetate,4+ rings,5.0
9821945,cj-13610,9821945.0,7.747008,10.593966,Morgan + MACCS + CACTVS + descriptors,cj-13610,4+ rings,4.0
9822205,bcx-1470,9822205.0,8.57,6.141583,Morgan + MACCS + CACTVS + descriptors,bcx-1470,3 rings,3.0
9822241,ngd-98-2,9822241.0,9.943559,10.122307,Morgan + MACCS + CACTVS + descriptors,ngd-98-2,2 rings,2.0
9822750,levamlodipine,9822750.0,7.2600923,6.8398757,Morgan + MACCS + CACTVS + descriptors,levamlodipine,2 rings,2.0
9822751,clonixin-lysinate,9822751.0,8.057547,11.113995,Morgan + MACCS + CACTVS + descriptors,clonixin-lysinate,2 rings,2.0
9822753,bms-191095,9822753.0,10.100499,9.77981,Morgan + MACCS + CACTVS + descriptors,bms-191095,4+ rings,4.0
9823180,tc2559,9823180.0,9.521299,10.677656,Morgan + MACCS + CACTVS + descriptors,tc2559,1 ring,1.0
9823781,paliperidone,9823781.0,9.167534,8.242011,Morgan + MACCS + CACTVS + descriptors,paliperidone,4+ rings,5.0
9823820,lenvatinib,9823820.0,10.01269,10.341421,Morgan + MACCS + CACTVS + descriptors,lenvatinib,4+ rings,4.0
9824350,cipemastat,9824350.0,1.5627542,8.764851,Morgan + MACCS + CACTVS + descriptors,cipemastat,3 rings,3.0
9824562,andarine,9824562.0,8.600888,7.149741,Morgan + MACCS + CACTVS + descriptors,andarine,2 rings,2.0
9824580,troglitazone,9824580.0,8.707571,5.89326,Morgan + MACCS + CACTVS + descriptors,troglitazone,4+ rings,4.0
9826034,gnti,9826034.0,9.375742,10.348648,Morgan + MACCS + CACTVS + descriptors,gnti,4+ rings,8.0
9826308,gw-843682x,9826308.0,9.749899,9.668104,Morgan + MACCS + CACTVS + descriptors,gw-843682x,4+ rings,4.0
9826520,gw-803430,9826520.0,9.1389675,7.6059713,Morgan + MACCS + CACTVS + descriptors,gw-803430,4+ rings,5.0
9826528,pd-0325901,9826528.0,7.6614203,8.008877,Morgan + MACCS + CACTVS + descriptors,pd-0325901,2 rings,2.0
9826744,slv-319-(+/-),9826744.0,8.167583,8.697897,Morgan + MACCS + CACTVS + descriptors,slv-319-(+/-),4+ rings,4.0
9827317,ono-8130,9827317.0,9.15927,9.522609,Morgan + MACCS + CACTVS + descriptors,ono-8130,4+ rings,4.0
9827968,gsk256066,9827968.0,9.075968,9.623536,Morgan + MACCS + CACTVS + descriptors,gsk256066,4+ rings,4.0
9828310,gemcitabine-elaidate,9828310.0,2.421379,9.681302,Morgan + MACCS + CACTVS + descriptors,gemcitabine-elaidate,2 rings,2.0
9828911,anamorelin,9828911.0,8.424763,10.713239,Morgan + MACCS + CACTVS + descriptors,anamorelin,4+ rings,4.0
9829395,a-317491,9829395.0,8.916913,6.795007,Morgan + MACCS + CACTVS + descriptors,a-317491,4+ rings,5.0
9829523,midostaurin,9829523.0,8.481837,10.647669,Morgan + MACCS + CACTVS + descriptors,midostaurin,4+ rings,9.0
9829526,siramesine,9829526.0,9.1672,10.39472,Morgan + MACCS + CACTVS + descriptors,siramesine,4+ rings,6.0
9829836,l-755507,9829836.0,8.866797,8.093752,Morgan + MACCS + CACTVS + descriptors,l-755507,3 rings,3.0
9830392,way-170523,9830392.0,9.042697,7.9909587,Morgan + MACCS + CACTVS + descriptors,way-170523,4+ rings,5.0
9830520,cefoselis,9830520.0,3.0051627,8.082736,Morgan + MACCS + CACTVS + descriptors,cefoselis,4+ rings,4.0
9831415,omega-3-acid-esters,9831415.0,0.33936122,8.172104,Morgan + MACCS + CACTVS + descriptors,omega-3-acid-esters,0 rings,0.0
9831416,doconexent-ethyl-ester,9831416.0,0.3327875,8.185044,Morgan + MACCS + CACTVS + descriptors,doconexent-ethyl-ester,0 rings,0.0
9832750,doramectin,9832750.0,0.78755236,7.359195,Morgan + MACCS + CACTVS + descriptors,doramectin,4+ rings,8.0
9832912,moxidectin,9832912.0,0.7491381,7.3995485,Morgan + MACCS + CACTVS + descriptors,moxidectin,4+ rings,5.0
9833444,sincalide,9833444.0,5.8151784,5.522863,Morgan + MACCS + CACTVS + descriptors,sincalide,4+ rings,4.0
9834591,ly2140023,9834591.0,1.0816922,8.58594,Morgan + MACCS + CACTVS + descriptors,ly2140023,2 rings,2.0
9835049,avibactam,9835049.0,1.5418015,8.821335,Morgan + MACCS + CACTVS + descriptors,avibactam,2 rings,2.0
9836739,pnu-74654,9836739.0,8.684916,6.470113,Morgan + MACCS + CACTVS + descriptors,pnu-74654,3 rings,3.0
9837165,sy-640,9837165.0,9.124544,6.6088195,Morgan + MACCS + CACTVS + descriptors,sy-640,2 rings,2.0
9837656,gm-1485,9837656.0,1.5339379,8.574508,Morgan + MACCS + CACTVS + descriptors,gm-1485,1 ring,1.0
9838158,5-octanoylsalicylic-acid,9838158.0,8.28222,5.3706636,Morgan + MACCS + CACTVS + descriptors,5-octanoylsalicylic-acid,1 ring,1.0
9838712,reparixin,9838712.0,8.164829,8.39467,Morgan + MACCS + CACTVS + descriptors,reparixin,1 ring,1.0
9838729,azd9272,9838729.0,7.720362,10.786622,Morgan + MACCS + CACTVS + descriptors,azd9272,3 rings,3.0
9839311,a205804,9839311.0,8.001376,10.334445,Morgan + MACCS + CACTVS + descriptors,a205804,3 rings,3.0
9839644,ro-1138452,9839644.0,8.696745,6.9318914,Morgan + MACCS + CACTVS + descriptors,ro-1138452,3 rings,3.0
984,1-hexadecanal,984.0,0.48148853,8.40214,Morgan + MACCS + CACTVS + descriptors,1-hexadecanal,0 rings,0.0
9840076,ag-14361,9840076.0,7.746013,11.103197,Morgan + MACCS + CACTVS + descriptors,ag-14361,4+ rings,4.0
9840324,etomoxir,9840324.0,8.492856,5.5803804,Morgan + MACCS + CACTVS + descriptors,etomoxir,2 rings,2.0
9840648,sa-47,9840648.0,7.4073806,11.161883,Morgan + MACCS + CACTVS + descriptors,sa-47,2 rings,2.0
9840971,sb-297006,9840971.0,8.208814,8.010169,Morgan + MACCS + CACTVS + descriptors,sb-297006,2 rings,2.0
9841560,5-bdbd,9841560.0,8.852983,7.4031672,Morgan + MACCS + CACTVS + descriptors,5-bdbd,4+ rings,4.0
9841596,ne-100,9841596.0,9.055085,6.5320344,Morgan + MACCS + CACTVS + descriptors,ne-100,2 rings,2.0
984170,cct018159,984170.0,9.465205,9.361134,Morgan + MACCS + CACTVS + descriptors,cct018159,4+ rings,4.0
9841834,istaroxime,9841834.0,0.0675748,7.120121,Morgan + MACCS + CACTVS + descriptors,istaroxime,4+ rings,4.0
9841972,brl-37344,9841972.0,8.73511,6.2835383,Morgan + MACCS + CACTVS + descriptors,brl-37344,2 rings,2.0
9842609,sb-452533,9842609.0,7.0839534,8.182529,Morgan + MACCS + CACTVS + descriptors,sb-452533,2 rings,2.0
984333,stf-31,984333.0,8.270709,9.673486,Morgan + MACCS + CACTVS + descriptors,stf-31,3 rings,3.0
9843690,ly450108,9843690.0,8.300637,8.598454,Morgan + MACCS + CACTVS + descriptors,ly450108,2 rings,2.0
9843750,semagacestat,9843750.0,7.315835,7.4153056,Morgan + MACCS + CACTVS + descriptors,semagacestat,2 rings,2.0
9843900,cp-91149,9843900.0,8.289369,10.568203,Morgan + MACCS + CACTVS + descriptors,cp-91149,3 rings,3.0
9844,fluroxene,9844.0,0.3360726,9.129558,Morgan + MACCS + CACTVS + descriptors,fluroxene,0 rings,0.0
9844347,cfm-1571,9844347.0,9.523266,9.862807,Morgan + MACCS + CACTVS + descriptors,cfm-1571,3 rings,3.0
9845085,bendroflumethiazide,9845085.0,8.334475,8.751699,Morgan + MACCS + CACTVS + descriptors,bendroflumethiazide,3 rings,3.0
9845148,pnu-142633,9845148.0,8.806189,7.5195804,Morgan + MACCS + CACTVS + descriptors,pnu-142633,4+ rings,4.0
9848818,ursodeoxycholyltaurine,9848818.0,0.16291645,7.3153353,Morgan + MACCS + CACTVS + descriptors,ursodeoxycholyltaurine,4+ rings,4.0
9850038,nadifloxacin,9850038.0,9.966429,7.6304407,Morgan + MACCS + CACTVS + descriptors,nadifloxacin,4+ rings,4.0
9850209,ncx-1015,9850209.0,0.25513062,6.2182064,Morgan + MACCS + CACTVS + descriptors,ncx-1015,4+ rings,5.0
9850876,sr-33805,9850876.0,9.196477,9.838771,Morgan + MACCS + CACTVS + descriptors,sr-33805,4+ rings,4.0
9850878,valnemulin,9850878.0,0.33788046,7.325607,Morgan + MACCS + CACTVS + descriptors,valnemulin,3 rings,3.0
9851211,sdz-nkt-343,9851211.0,7.3741245,8.140173,Morgan + MACCS + CACTVS + descriptors,sdz-nkt-343,4+ rings,5.0
9851724,ave-0991,9851724.0,8.446114,9.683338,Morgan + MACCS + CACTVS + descriptors,ave-0991,4+ rings,4.0
9851775,naphthoquine-phosphate,9851775.0,9.294771,10.870697,Morgan + MACCS + CACTVS + descriptors,naphthoquine-phosphate,4+ rings,4.0
9852086,ginsenoside-c-k,9852086.0,0.6834799,7.189154,Morgan + MACCS + CACTVS + descriptors,ginsenoside-c-k,4+ rings,5.0
9852185,gambogic-acid,9852185.0,8.361699,4.998369,Morgan + MACCS + CACTVS + descriptors,gambogic-acid,4+ rings,7.0
9852201,upamostat,9852201.0,8.333548,8.486733,Morgan + MACCS + CACTVS + descriptors,upamostat,3 rings,3.0
9852519,avatrombopag,9852519.0,7.678758,10.598619,Morgan + MACCS + CACTVS + descriptors,avatrombopag,4+ rings,6.0
9853053,lomitapide,9853053.0,7.0786295,8.092464,Morgan + MACCS + CACTVS + descriptors,lomitapide,4+ rings,6.0
9853583,ssr240612,9853583.0,9.125762,7.653671,Morgan + MACCS + CACTVS + descriptors,ssr240612,4+ rings,6.0
9853654,pentagastrin,9853654.0,5.8036714,5.660973,Morgan + MACCS + CACTVS + descriptors,pentagastrin,3 rings,3.0
9853710,ciluprevir,9853710.0,9.551736,9.934951,Morgan + MACCS + CACTVS + descriptors,ciluprevir,4+ rings,7.0
9854012,cangrelor,9854012.0,6.0784364,11.815756,Morgan + MACCS + CACTVS + descriptors,cangrelor,3 rings,3.0
9854073,cabazitaxel,9854073.0,9.227663,5.7683163,Morgan + MACCS + CACTVS + descriptors,cabazitaxel,4+ rings,6.0
9855027,alarelin,9855027.0,5.797763,5.5159054,Morgan + MACCS + CACTVS + descriptors,alarelin,4+ rings,6.0
9855518,80841-78-7,9855518.0,0.41444957,8.762159,Morgan + MACCS + CACTVS + descriptors,80841-78-7,1 ring,1.0
9858940,sb-505124,9858940.0,10.133076,9.905075,Morgan + MACCS + CACTVS + descriptors,sb-505124,4+ rings,4.0
9859407,sdz-ser-082,9859407.0,6.5366125,8.122846,Morgan + MACCS + CACTVS + descriptors,sdz-ser-082,4+ rings,4.0
9860294,st-1535,9860294.0,5.990071,11.310415,Morgan + MACCS + CACTVS + descriptors,st-1535,3 rings,3.0
9860529,nu-7026,9860529.0,8.890319,6.964146,Morgan + MACCS + CACTVS + descriptors,nu-7026,4+ rings,4.0
9861261,tram-39,9861261.0,6.472326,7.234767,Morgan + MACCS + CACTVS + descriptors,tram-39,3 rings,3.0
9861304,ckd-712,9861304.0,8.245037,6.6184034,Morgan + MACCS + CACTVS + descriptors,ckd-712,4+ rings,4.0
9861730,atizoram,9861730.0,9.04457,6.491683,Morgan + MACCS + CACTVS + descriptors,atizoram,4+ rings,4.0
9862166,cp-376395,9862166.0,9.655404,10.525028,Morgan + MACCS + CACTVS + descriptors,cp-376395,2 rings,2.0
9862248,sobetirome,9862248.0,8.435932,5.456238,Morgan + MACCS + CACTVS + descriptors,sobetirome,2 rings,2.0
9862660,ractopamine,9862660.0,8.167814,6.4954967,Morgan + MACCS + CACTVS + descriptors,ractopamine,2 rings,2.0
9862937,afobazole,9862937.0,9.888338,9.6249895,Morgan + MACCS + CACTVS + descriptors,afobazole,3 rings,3.0
9863253,bts-71321,9863253.0,7.1459846,9.979009,Morgan + MACCS + CACTVS + descriptors,bts-71321,2 rings,2.0
9863367,sb-242235,9863367.0,7.0777516,10.815649,Morgan + MACCS + CACTVS + descriptors,sb-242235,4+ rings,4.0
9863672,ripasudil,9863672.0,8.167142,9.655727,Morgan + MACCS + CACTVS + descriptors,ripasudil,3 rings,3.0
9863827,ozenoxacin,9863827.0,8.486204,10.8269825,Morgan + MACCS + CACTVS + descriptors,ozenoxacin,4+ rings,4.0
9864510,cbipes,9864510.0,8.248222,9.613464,Morgan + MACCS + CACTVS + descriptors,cbipes,3 rings,3.0
9864881,elafibranor,9864881.0,8.459407,5.445327,Morgan + MACCS + CACTVS + descriptors,elafibranor,2 rings,2.0
9864959,pd-118057,9864959.0,7.912518,7.75962,Morgan + MACCS + CACTVS + descriptors,pd-118057,3 rings,3.0
9865515,mocetinostat,9865515.0,7.75591,11.093033,Morgan + MACCS + CACTVS + descriptors,mocetinostat,4+ rings,4.0
9865528,mirabegron,9865528.0,7.8001785,10.209541,Morgan + MACCS + CACTVS + descriptors,mirabegron,3 rings,3.0
9865554,navarixin,9865554.0,8.693431,7.3947506,Morgan + MACCS + CACTVS + descriptors,navarixin,3 rings,3.0
9865587,sd-0006,9865587.0,7.289875,10.882017,Morgan + MACCS + CACTVS + descriptors,sd-0006,4+ rings,4.0
9865808,sc-236,9865808.0,8.168899,9.481194,Morgan + MACCS + CACTVS + descriptors,sc-236,3 rings,3.0
9867046,agn-194310,9867046.0,7.082895,6.1211205,Morgan + MACCS + CACTVS + descriptors,agn-194310,4+ rings,4.0
9867257,"cp-105,696",9867257.0,8.418284,5.121736,Morgan + MACCS + CACTVS + descriptors,"cp-105,696",4+ rings,5.0
9867642,laropiprant,9867642.0,8.425264,10.028457,Morgan + MACCS + CACTVS + descriptors,laropiprant,4+ rings,4.0
9867758,agn-195183,9867758.0,8.153497,7.5450516,Morgan + MACCS + CACTVS + descriptors,agn-195183,3 rings,3.0
9867770,jte-907,9867770.0,9.188122,7.081922,Morgan + MACCS + CACTVS + descriptors,jte-907,4+ rings,4.0
9867812,remimazolam,9867812.0,7.6343217,11.207193,Morgan + MACCS + CACTVS + descriptors,remimazolam,4+ rings,4.0
9868037,osi-930,9868037.0,9.722462,9.740229,Morgan + MACCS + CACTVS + descriptors,osi-930,4+ rings,4.0
9868491,tafluprost,9868491.0,8.480701,5.360637,Morgan + MACCS + CACTVS + descriptors,tafluprost,2 rings,2.0
9869929,avanafil,9869929.0,10.25258,10.107984,Morgan + MACCS + CACTVS + descriptors,avanafil,4+ rings,4.0
9869934,jnj-10397049,9869934.0,7.452338,8.08604,Morgan + MACCS + CACTVS + descriptors,jnj-10397049,3 rings,3.0
9870520,sograzepide,9870520.0,7.81113,11.0153885,Morgan + MACCS + CACTVS + descriptors,sograzepide,4+ rings,4.0
9870652,fimasartan,9870652.0,7.3152094,8.937349,Morgan + MACCS + CACTVS + descriptors,fimasartan,4+ rings,4.0
9871074,talmapimod,9871074.0,8.255567,10.546884,Morgan + MACCS + CACTVS + descriptors,talmapimod,4+ rings,4.0
9871419,ticagrelor,9871419.0,6.857364,11.248936,Morgan + MACCS + CACTVS + descriptors,ticagrelor,4+ rings,5.0
9871594,pd-156707,9871594.0,8.610706,5.0047536,Morgan + MACCS + CACTVS + descriptors,pd-156707,4+ rings,4.0
9872389,l-368899,9872389.0,8.312232,8.508854,Morgan + MACCS + CACTVS + descriptors,l-368899,4+ rings,4.0
9872609,nastorazepide,9872609.0,7.5158753,8.051586,Morgan + MACCS + CACTVS + descriptors,nastorazepide,4+ rings,4.0
9873,perflubron,9873.0,0.34740663,9.108039,Morgan + MACCS + CACTVS + descriptors,perflubron,0 rings,0.0
9873077,azelnidipine,9873077.0,8.431206,7.973167,Morgan + MACCS + CACTVS + descriptors,azelnidipine,4+ rings,5.0
9874913,cp-724714,9874913.0,10.301564,10.224466,Morgan + MACCS + CACTVS + descriptors,cp-724714,4+ rings,4.0
9875401,rivaroxaban,9875401.0,7.140441,8.312606,Morgan + MACCS + CACTVS + descriptors,rivaroxaban,4+ rings,4.0
9875498,camobucol,9875498.0,8.407822,5.4529696,Morgan + MACCS + CACTVS + descriptors,camobucol,2 rings,2.0
9876430,hp-228,9876430.0,5.8129177,5.5799117,Morgan + MACCS + CACTVS + descriptors,hp-228,4+ rings,4.0
9880,cyproterone-acetate,9880.0,0.3010222,6.5723114,Morgan + MACCS + CACTVS + descriptors,cyproterone-acetate,4+ rings,5.0
9882105,treosulfan,9882105.0,0.37013343,8.93489,Morgan + MACCS + CACTVS + descriptors,treosulfan,0 rings,0.0
9882424,ciprofibrate,9882424.0,8.427116,5.499698,Morgan + MACCS + CACTVS + descriptors,ciprofibrate,2 rings,2.0
9882580,beta-amyloid-synthesis-inhibitor,9882580.0,9.819919,10.135285,Morgan + MACCS + CACTVS + descriptors,beta-amyloid-synthesis-inhibitor,3 rings,3.0
9882972,ps178990,9882972.0,7.1509285,8.420852,Morgan + MACCS + CACTVS + descriptors,ps178990,3 rings,3.0
9883333,ranitidine,9883333.0,9.030051,8.445937,Morgan + MACCS + CACTVS + descriptors,ranitidine,1 ring,1.0
9883915,promestriene,9883915.0,7.9544396,4.625633,Morgan + MACCS + CACTVS + descriptors,promestriene,4+ rings,4.0
9884685,pi-103,9884685.0,9.971197,9.870671,Morgan + MACCS + CACTVS + descriptors,pi-103,4+ rings,5.0
9884817,gr-79236,9884817.0,6.0840173,11.794098,Morgan + MACCS + CACTVS + descriptors,gr-79236,4+ rings,4.0
9884833,npy-5ra972,9884833.0,8.320107,10.620982,Morgan + MACCS + CACTVS + descriptors,npy-5ra972,4+ rings,4.0
9886086,ro-28-1675,9886086.0,8.106713,9.654818,Morgan + MACCS + CACTVS + descriptors,ro-28-1675,3 rings,3.0
9887351,pnu-177864,9887351.0,8.93779,8.049755,Morgan + MACCS + CACTVS + descriptors,pnu-177864,2 rings,2.0
9887537,adoprazine,9887537.0,9.713637,10.214462,Morgan + MACCS + CACTVS + descriptors,adoprazine,4+ rings,5.0
9887712,dapagliflozin,9887712.0,8.860337,5.0234942,Morgan + MACCS + CACTVS + descriptors,dapagliflozin,3 rings,3.0
9887868,iem1754,9887868.0,0.9400167,9.298276,Morgan + MACCS + CACTVS + descriptors,iem1754,4+ rings,4.0
9887870,pd-166793,9887870.0,8.162726,8.383679,Morgan + MACCS + CACTVS + descriptors,pd-166793,2 rings,2.0
9887884,dmp-543,9887884.0,8.29734,10.978784,Morgan + MACCS + CACTVS + descriptors,dmp-543,4+ rings,5.0
9888030,nnc-05-2090,9888030.0,9.4011545,10.414233,Morgan + MACCS + CACTVS + descriptors,nnc-05-2090,4+ rings,5.0
9888141,ono-4817,9888141.0,8.807274,6.790103,Morgan + MACCS + CACTVS + descriptors,ono-4817,2 rings,2.0
9888590,hmn-214,9888590.0,9.028019,9.578808,Morgan + MACCS + CACTVS + descriptors,hmn-214,3 rings,3.0
98889,4-hydroxy-phenazone,98889.0,7.113708,8.692874,Morgan + MACCS + CACTVS + descriptors,4-hydroxy-phenazone,2 rings,2.0
9889366,mibampator,9889366.0,8.224927,8.455085,Morgan + MACCS + CACTVS + descriptors,mibampator,2 rings,2.0
9890801,evatanepag,9890801.0,9.137041,9.708762,Morgan + MACCS + CACTVS + descriptors,evatanepag,3 rings,3.0
9891901,ngb-2904,9891901.0,7.171523,8.253059,Morgan + MACCS + CACTVS + descriptors,ngb-2904,4+ rings,5.0
9891980,rec-15/2615,9891980.0,10.662379,10.394848,Morgan + MACCS + CACTVS + descriptors,rec-15/2615,4+ rings,4.0
9892071,tebipenem,9892071.0,1.9993656,8.286715,Morgan + MACCS + CACTVS + descriptors,tebipenem,4+ rings,4.0
9892554,emd-66684,9892554.0,7.5946994,11.158038,Morgan + MACCS + CACTVS + descriptors,emd-66684,4+ rings,5.0
9892815,sd-2590,9892815.0,8.974364,7.8429146,Morgan + MACCS + CACTVS + descriptors,sd-2590,3 rings,3.0
9893228,tipelukast,9893228.0,8.483429,5.341962,Morgan + MACCS + CACTVS + descriptors,tipelukast,2 rings,2.0
9893571,gw-4064,9893571.0,8.906121,9.350568,Morgan + MACCS + CACTVS + descriptors,gw-4064,4+ rings,4.0
989438,veralipride,989438.0,9.191177,7.813724,Morgan + MACCS + CACTVS + descriptors,veralipride,2 rings,2.0
9894584,naringin-dihydrochalcone,9894584.0,8.972865,4.753671,Morgan + MACCS + CACTVS + descriptors,naringin-dihydrochalcone,4+ rings,4.0
9895193,uki-1,9895193.0,8.305144,8.460775,Morgan + MACCS + CACTVS + descriptors,uki-1,3 rings,3.0
989521,y16,989521.0,8.853938,7.6521883,Morgan + MACCS + CACTVS + descriptors,y16,4+ rings,4.0
9900576,bts-54505,9900576.0,6.508393,7.350206,Morgan + MACCS + CACTVS + descriptors,bts-54505,2 rings,2.0
9901946,edonerpic-maleate,9901946.0,6.864277,7.605546,Morgan + MACCS + CACTVS + descriptors,edonerpic-maleate,3 rings,3.0
9903,lithocholic-acid,9903.0,0.12445839,7.329532,Morgan + MACCS + CACTVS + descriptors,lithocholic-acid,4+ rings,4.0
9903482,n-acetylcarnosine,9903482.0,5.722128,11.201237,Morgan + MACCS + CACTVS + descriptors,n-acetylcarnosine,1 ring,1.0
9903786,tpca-1,9903786.0,7.4866486,8.299989,Morgan + MACCS + CACTVS + descriptors,tpca-1,2 rings,2.0
9904854,r112,9904854.0,10.034959,10.252756,Morgan + MACCS + CACTVS + descriptors,r112,3 rings,3.0
9905811,phenylmercuric-acetate,9905811.0,7.1049614,6.2485065,Morgan + MACCS + CACTVS + descriptors,phenylmercuric-acetate,1 ring,1.0
9906855,rabeprazole,9906855.0,9.852188,9.599443,Morgan + MACCS + CACTVS + descriptors,rabeprazole,3 rings,3.0
9907286,cp-471474,9907286.0,8.941613,7.9438796,Morgan + MACCS + CACTVS + descriptors,cp-471474,2 rings,2.0
9907323,cutamesine,9907323.0,9.193704,6.5923376,Morgan + MACCS + CACTVS + descriptors,cutamesine,3 rings,3.0
9908880,l-838417,9908880.0,10.094397,9.660215,Morgan + MACCS + CACTVS + descriptors,l-838417,4+ rings,4.0
9908992,rs-79948,9908992.0,8.996694,7.0216365,Morgan + MACCS + CACTVS + descriptors,rs-79948,4+ rings,4.0
9910224,zibotentan,9910224.0,8.90619,9.583817,Morgan + MACCS + CACTVS + descriptors,zibotentan,4+ rings,4.0
9910393,mcc950,9910393.0,8.956118,8.064546,Morgan + MACCS + CACTVS + descriptors,mcc950,4+ rings,4.0
9910486,sb-705498,9910486.0,7.459071,11.042967,Morgan + MACCS + CACTVS + descriptors,sb-705498,3 rings,3.0
9910975,sp-100030,9910975.0,7.832844,10.891998,Morgan + MACCS + CACTVS + descriptors,sp-100030,2 rings,2.0
9911463,gw-405833,9911463.0,9.194904,10.105417,Morgan + MACCS + CACTVS + descriptors,gw-405833,4+ rings,4.0
9911716,ym-750,9911716.0,7.0516834,8.22961,Morgan + MACCS + CACTVS + descriptors,ym-750,4+ rings,5.0
9911830,tivozanib,9911830.0,10.24322,10.427269,Morgan + MACCS + CACTVS + descriptors,tivozanib,4+ rings,4.0
9912743,sb-683698,9912743.0,8.805002,7.055217,Morgan + MACCS + CACTVS + descriptors,sb-683698,3 rings,3.0
9912992,spp301,9912992.0,9.156568,9.551588,Morgan + MACCS + CACTVS + descriptors,spp301,4+ rings,4.0
9913339,bms-566419,9913339.0,7.6227736,11.12485,Morgan + MACCS + CACTVS + descriptors,bms-566419,4+ rings,5.0
9913767,selexipag,9913767.0,8.349273,9.770099,Morgan + MACCS + CACTVS + descriptors,selexipag,3 rings,3.0
9914412,zm-447439,9914412.0,10.516538,10.407437,Morgan + MACCS + CACTVS + descriptors,zm-447439,4+ rings,5.0
9915743,neratinib,9915743.0,10.376382,10.312715,Morgan + MACCS + CACTVS + descriptors,neratinib,4+ rings,4.0
9915813,bms-470539,9915813.0,9.925539,10.043554,Morgan + MACCS + CACTVS + descriptors,bms-470539,4+ rings,4.0
9915886,thiocolchicoside,9915886.0,9.144312,5.5938168,Morgan + MACCS + CACTVS + descriptors,thiocolchicoside,4+ rings,4.0
9916461,tradipitant,9916461.0,8.048137,10.486611,Morgan + MACCS + CACTVS + descriptors,tradipitant,4+ rings,5.0
9916734,pd-173212,9916734.0,8.839188,6.853377,Morgan + MACCS + CACTVS + descriptors,pd-173212,3 rings,3.0
99170,c-751,99170.0,5.6986747,11.172276,Morgan + MACCS + CACTVS + descriptors,c-751,1 ring,1.0
9917079,av-608,9917079.0,8.021202,10.704705,Morgan + MACCS + CACTVS + descriptors,av-608,4+ rings,5.0
9917968,trodusquemine,9917968.0,0.14231856,7.2914767,Morgan + MACCS + CACTVS + descriptors,trodusquemine,4+ rings,4.0
9917980,secoisolariciresinol-diglucoside,9917980.0,8.974178,4.754308,Morgan + MACCS + CACTVS + descriptors,secoisolariciresinol-diglucoside,4+ rings,4.0
9918,norcyclobenzaprine,9918.0,6.4149437,7.4929852,Morgan + MACCS + CACTVS + descriptors,norcyclobenzaprine,3 rings,3.0
9918381,rilapladib,9918381.0,7.3384185,8.455484,Morgan + MACCS + CACTVS + descriptors,rilapladib,4+ rings,6.0
9918559,avn-944,9918559.0,9.72957,10.183803,Morgan + MACCS + CACTVS + descriptors,avn-944,3 rings,3.0
9919153,u-75799e,9919153.0,5.78599,5.661326,Morgan + MACCS + CACTVS + descriptors,u-75799e,4+ rings,6.0
9919342,indocyanine-green,9919342.0,6.624094,8.601144,Morgan + MACCS + CACTVS + descriptors,indocyanine-green,4+ rings,6.0
9922739,asp-6537,9922739.0,9.86825,9.711524,Morgan + MACCS + CACTVS + descriptors,asp-6537,3 rings,3.0
992293,bay-8002,992293.0,8.415685,8.167264,Morgan + MACCS + CACTVS + descriptors,bay-8002,3 rings,3.0
9924539,"trans-4-[8-(3-fluorophenyl)-1,7-naphthyridin-6-yl]cyclohexanecarboxylic-acid",9924539.0,8.47618,10.799793,Morgan + MACCS + CACTVS + descriptors,"trans-4-[8-(3-fluorophenyl)-1,7-naphthyridin-6-yl]cyclohexanecarboxylic-acid",4+ rings,4.0
9925740,terodiline,9925740.0,6.4467974,7.4830084,Morgan + MACCS + CACTVS + descriptors,terodiline,2 rings,2.0
9926048,dmab-anabaseine,9926048.0,7.2663627,10.184391,Morgan + MACCS + CACTVS + descriptors,dmab-anabaseine,3 rings,3.0
9926791,tofacitinib,9926791.0,7.1488795,11.242604,Morgan + MACCS + CACTVS + descriptors,tofacitinib,3 rings,3.0
9926832,mavoglurant,9926832.0,7.312342,7.2481723,Morgan + MACCS + CACTVS + descriptors,mavoglurant,3 rings,3.0
9926999,ly456236,9926999.0,10.196896,10.389571,Morgan + MACCS + CACTVS + descriptors,ly456236,3 rings,3.0
9927531,bibr-1532,9927531.0,7.9033704,7.7024436,Morgan + MACCS + CACTVS + descriptors,bibr-1532,3 rings,3.0
9928284,ac260584,9928284.0,9.07458,7.3394656,Morgan + MACCS + CACTVS + descriptors,ac260584,3 rings,3.0
9928335,pd-168568,9928335.0,7.1924624,8.367225,Morgan + MACCS + CACTVS + descriptors,pd-168568,4+ rings,4.0
9929425,bctc,9929425.0,7.41808,10.726348,Morgan + MACCS + CACTVS + descriptors,bctc,3 rings,3.0
9929984,s-17092,9929984.0,6.977138,7.752428,Morgan + MACCS + CACTVS + descriptors,s-17092,4+ rings,5.0
9930049,vernakalant,9930049.0,9.166493,6.564391,Morgan + MACCS + CACTVS + descriptors,vernakalant,3 rings,3.0
9930121,pha-543613,9930121.0,9.620184,10.044955,Morgan + MACCS + CACTVS + descriptors,pha-543613,4+ rings,5.0
9930827,olesoxime,9930827.0,-0.086010754,7.099714,Morgan + MACCS + CACTVS + descriptors,olesoxime,4+ rings,4.0
9931954,rucaparib,9931954.0,8.245699,10.625538,Morgan + MACCS + CACTVS + descriptors,rucaparib,4+ rings,4.0
9932000,pha-568487,9932000.0,9.15012,6.7923307,Morgan + MACCS + CACTVS + descriptors,pha-568487,4+ rings,5.0
9932302,dixyrazine,9932302.0,6.5080786,8.210156,Morgan + MACCS + CACTVS + descriptors,dixyrazine,4+ rings,4.0
9932888,lestaurtinib,9932888.0,8.626092,10.603482,Morgan + MACCS + CACTVS + descriptors,lestaurtinib,4+ rings,8.0
9933193,glycopyrrolate,9933193.0,7.328799,6.523077,Morgan + MACCS + CACTVS + descriptors,glycopyrrolate,3 rings,3.0
9933475,cediranib,9933475.0,10.585639,10.369144,Morgan + MACCS + CACTVS + descriptors,cediranib,4+ rings,5.0
9934347,nvp-tae226,9934347.0,10.25061,10.1006775,Morgan + MACCS + CACTVS + descriptors,nvp-tae226,4+ rings,4.0
9934458,gw-0742,9934458.0,9.378537,9.65051,Morgan + MACCS + CACTVS + descriptors,gw-0742,3 rings,3.0
9935015,sx-011,9935015.0,8.272883,10.545089,Morgan + MACCS + CACTVS + descriptors,sx-011,4+ rings,4.0
9935681,firategrast,9935681.0,8.799838,6.8654866,Morgan + MACCS + CACTVS + descriptors,firategrast,3 rings,3.0
9936388,sb-743921,9936388.0,8.912004,7.097906,Morgan + MACCS + CACTVS + descriptors,sb-743921,4+ rings,4.0
9936489,capadenoson,9936489.0,9.476697,9.751148,Morgan + MACCS + CACTVS + descriptors,capadenoson,4+ rings,4.0
9936746,otx015,9936746.0,7.7869034,10.050225,Morgan + MACCS + CACTVS + descriptors,otx015,4+ rings,5.0
9937291,olodanrigan,9937291.0,9.18739,6.7495975,Morgan + MACCS + CACTVS + descriptors,olodanrigan,4+ rings,5.0
9938056,tocofersolan,9938056.0,8.289566,5.283495,Morgan + MACCS + CACTVS + descriptors,tocofersolan,2 rings,2.0
9938545,jte-607,9938545.0,9.066274,7.1773114,Morgan + MACCS + CACTVS + descriptors,jte-607,3 rings,3.0
9938840,terutroban,9938840.0,8.245588,8.446939,Morgan + MACCS + CACTVS + descriptors,terutroban,3 rings,3.0
9939609,darapladib,9939609.0,7.3032556,8.513622,Morgan + MACCS + CACTVS + descriptors,darapladib,4+ rings,5.0
9941444,pasireotide,9941444.0,5.8145256,5.668436,Morgan + MACCS + CACTVS + descriptors,pasireotide,4+ rings,8.0
9943465,gw-441756,9943465.0,8.212959,10.72921,Morgan + MACCS + CACTVS + descriptors,gw-441756,4+ rings,4.0
99474,diosgenin,99474.0,0.072796285,7.169573,Morgan + MACCS + CACTVS + descriptors,diosgenin,4+ rings,6.0
99478,o-acetyl-l-serine,99478.0,1.0876697,8.59397,Morgan + MACCS + CACTVS + descriptors,o-acetyl-l-serine,0 rings,0.0
99479,apc-100,99479.0,8.181374,5.2176733,Morgan + MACCS + CACTVS + descriptors,apc-100,2 rings,2.0
9947999,dasotraline,9947999.0,6.434551,7.373522,Morgan + MACCS + CACTVS + descriptors,dasotraline,3 rings,3.0
9948102,pitolisant,9948102.0,6.729565,7.563563,Morgan + MACCS + CACTVS + descriptors,pitolisant,2 rings,2.0
9948445,nps-2407,9948445.0,8.244091,10.988377,Morgan + MACCS + CACTVS + descriptors,nps-2407,3 rings,3.0
9949641,plinabulin,9949641.0,7.5354676,10.927569,Morgan + MACCS + CACTVS + descriptors,plinabulin,3 rings,3.0
9950244,sulopenem,9950244.0,1.8744121,8.402199,Morgan + MACCS + CACTVS + descriptors,sulopenem,3 rings,3.0
9951066,linaprazan,9951066.0,7.645702,11.1867285,Morgan + MACCS + CACTVS + descriptors,linaprazan,3 rings,3.0
99514,isosteviol,99514.0,0.055837728,7.337817,Morgan + MACCS + CACTVS + descriptors,isosteviol,4+ rings,4.0
9951955,neu2000,9951955.0,8.100633,7.4866023,Morgan + MACCS + CACTVS + descriptors,neu2000,2 rings,2.0
9952709,cd-1530,9952709.0,8.007413,5.1918144,Morgan + MACCS + CACTVS + descriptors,cd-1530,4+ rings,7.0
9952773,tak-715,9952773.0,7.7430105,10.382638,Morgan + MACCS + CACTVS + descriptors,tak-715,4+ rings,4.0
9952884,voreloxin,9952884.0,8.011156,10.702896,Morgan + MACCS + CACTVS + descriptors,voreloxin,4+ rings,4.0
9952916,cetilistat,9952916.0,7.932306,7.205187,Morgan + MACCS + CACTVS + descriptors,cetilistat,2 rings,2.0
9953357,rwj-50271,9953357.0,7.645759,10.376218,Morgan + MACCS + CACTVS + descriptors,rwj-50271,3 rings,3.0
9953485,ro-48-6791,9953485.0,7.651613,11.20521,Morgan + MACCS + CACTVS + descriptors,ro-48-6791,4+ rings,4.0
9953599,gr-159897,9953599.0,8.205711,9.901883,Morgan + MACCS + CACTVS + descriptors,gr-159897,4+ rings,4.0
9953769,rs-504393,9953769.0,9.327355,10.167994,Morgan + MACCS + CACTVS + descriptors,rs-504393,4+ rings,5.0
9954083,u-18666a,9954083.0,0.23803402,6.771778,Morgan + MACCS + CACTVS + descriptors,u-18666a,4+ rings,4.0
9954236,ns-3623,9954236.0,7.3663907,10.256499,Morgan + MACCS + CACTVS + descriptors,ns-3623,3 rings,3.0
9954280,ntzdpa,9954280.0,8.565065,10.269909,Morgan + MACCS + CACTVS + descriptors,ntzdpa,4+ rings,4.0
9955015,nas-181,9955015.0,8.940387,6.5533648,Morgan + MACCS + CACTVS + descriptors,nas-181,4+ rings,4.0
9955116,banoxantrone,9955116.0,8.268589,7.466634,Morgan + MACCS + CACTVS + descriptors,banoxantrone,3 rings,3.0
9956119,chir-99021,9956119.0,7.0781174,10.421753,Morgan + MACCS + CACTVS + descriptors,chir-99021,4+ rings,4.0
9956146,jdtic,9956146.0,8.145529,6.995451,Morgan + MACCS + CACTVS + descriptors,jdtic,4+ rings,4.0
9956222,ym-201636,9956222.0,10.008256,9.913594,Morgan + MACCS + CACTVS + descriptors,ym-201636,4+ rings,6.0
9956637,pd-198306,9956637.0,7.733609,8.042214,Morgan + MACCS + CACTVS + descriptors,pd-198306,3 rings,3.0
9957280,nnc-55-0396,9957280.0,7.5554185,10.958784,Morgan + MACCS + CACTVS + descriptors,nnc-55-0396,4+ rings,5.0
9957601,suplatast,9957601.0,8.537153,7.0473013,Morgan + MACCS + CACTVS + descriptors,suplatast,1 ring,1.0
9958279,s26948,9958279.0,8.980365,7.5351124,Morgan + MACCS + CACTVS + descriptors,s26948,4+ rings,4.0
996,phenol,996.0,7.8765326,5.6426578,Morgan + MACCS + CACTVS + descriptors,phenol,1 ring,1.0
9960285,atn-161,9960285.0,5.7984476,11.332962,Morgan + MACCS + CACTVS + descriptors,atn-161,2 rings,2.0
9960287,dofequidar,9960287.0,9.460879,10.493756,Morgan + MACCS + CACTVS + descriptors,dofequidar,4+ rings,5.0
9961192,l-161982,9961192.0,8.010721,9.159182,Morgan + MACCS + CACTVS + descriptors,l-161982,4+ rings,5.0
9961766,bio-1211,9961766.0,7.471317,7.8615375,Morgan + MACCS + CACTVS + descriptors,bio-1211,3 rings,3.0
9964521,aminolevulinic-acid-benzyl-ester,9964521.0,7.258302,6.8738976,Morgan + MACCS + CACTVS + descriptors,aminolevulinic-acid-benzyl-ester,1 ring,1.0
9965330,pomalidomide,9965330.0,7.26471,8.272665,Morgan + MACCS + CACTVS + descriptors,pomalidomide,3 rings,3.0
9966051,vortioxetine,9966051.0,6.4019413,8.260421,Morgan + MACCS + CACTVS + descriptors,vortioxetine,3 rings,3.0
9967941,sb-525334,9967941.0,6.9333825,10.5568905,Morgan + MACCS + CACTVS + descriptors,sb-525334,4+ rings,4.0
9976842,sr-11302,9976842.0,6.992879,6.2151756,Morgan + MACCS + CACTVS + descriptors,sr-11302,2 rings,2.0
9976892,gsk239512,9976892.0,9.726747,10.233408,Morgan + MACCS + CACTVS + descriptors,gsk239512,4+ rings,5.0
9979608,mosapride,9979608.0,9.168109,7.4545083,Morgan + MACCS + CACTVS + descriptors,mosapride,3 rings,3.0
998021,ica-121431,998021.0,8.232339,9.489759,Morgan + MACCS + CACTVS + descriptors,ica-121431,4+ rings,4.0
9989505,immethridine,9989505.0,6.8959503,10.319586,Morgan + MACCS + CACTVS + descriptors,immethridine,2 rings,2.0
9990075,butylphthalide,9990075.0,7.187785,6.1694875,Morgan + MACCS + CACTVS + descriptors,butylphthalide,2 rings,2.0
9995890,sch-51344,9995890.0,10.179311,9.932802,Morgan + MACCS + CACTVS + descriptors,sch-51344,3 rings,3.0
9996409,chf5074,9996409.0,7.0625515,6.192224,Morgan + MACCS + CACTVS + descriptors,chf5074,3 rings,3.0
