name,pubchem_cid,UMAP1,UMAP2,pubchem_cid_clean,name_clean,valid_smiles_ring,ring_count,aromatic_ring_count,aliphatic_ring_count,has_ring,ring_category
be-2254,86308637,8.994611,2.1411002,86308637,be-2254,True,3.0,2.0,1.0,True,3 rings
tasimelteon,10220503,9.596009,2.6513867,10220503,tasimelteon,True,3.0,1.0,2.0,True,3 rings
esaxerenone,25052023,6.4096212,6.800385,25052023,esaxerenone,True,3.0,3.0,0.0,True,3 rings
ixazomib-citrate,69040311,7.023967,2.5606294,69040311,ixazomib-citrate,True,2.0,1.0,1.0,True,2 rings
alendronate,44400013,-1.2249483,6.4989533,44400013,alendronate,True,0.0,0.0,0.0,False,0 rings
dazmegrel,53555,6.734927,8.033527,53555,dazmegrel,True,3.0,3.0,0.0,True,3 rings
nobiletin,72344,10.665536,1.8719547,72344,nobiletin,True,3.0,3.0,0.0,True,3 rings
azd7986,118253852,9.056203,3.369087,118253852,azd7986,True,4.0,3.0,1.0,True,4+ rings
bebt-908,59474330,6.405701,8.04,59474330,bebt-908,True,5.0,4.0,1.0,True,4+ rings
nitromide,4511,6.9992423,3.1999998,4511,nitromide,True,1.0,1.0,0.0,True,1 ring
saroglitazar,60151560,7.837588,6.859937,60151560,saroglitazar,True,3.0,3.0,0.0,True,3 rings
l-368899,9872389,7.050431,3.6459136,9872389,l-368899,True,4.0,1.0,3.0,True,4+ rings
betamethasone-valerate,16533,-3.6415598,4.939568,16533,betamethasone-valerate,True,4.0,0.0,4.0,True,4+ rings
2-methylimidazole,12749,4.766837,8.822325,12749,2-methylimidazole,True,1.0,1.0,0.0,True,1 ring
pnu-282987,9795278,7.002573,2.5671017,9795278,pnu-282987,True,4.0,1.0,3.0,True,4+ rings
kx2-391,23635314,8.017773,6.863433,23635314,kx2-391,True,4.0,3.0,1.0,True,4+ rings
asivatrep,56649347,6.2769775,6.760819,56649347,asivatrep,True,2.0,2.0,0.0,True,2 rings
diclofenac,3033,7.78151,3.284925,3033,diclofenac,True,2.0,2.0,0.0,True,2 rings
emeramide,21133161,7.11544,2.5256033,21133161,emeramide,True,1.0,1.0,0.0,True,1 ring
hemado,10981286,5.4039135,9.265129,10981286,hemado,True,3.0,2.0,1.0,True,3 rings
proadifen,4910,7.7071705,1.6221459,4910,proadifen,True,2.0,2.0,0.0,True,2 rings
simvastatin,54454,-2.7065716,5.9169436,54454,simvastatin,True,3.0,0.0,3.0,True,3 rings
gabexate,3447,9.88368,2.4617708,3447,gabexate,True,1.0,1.0,0.0,True,1 ring
cis-aconitic-acid,643757,-1.9632732,6.135506,643757,cis-aconitic-acid,True,0.0,0.0,0.0,False,0 rings
thioperamide,6604452,-0.94629663,6.5711412,6604452,thioperamide,True,3.0,0.0,3.0,True,3 rings
methicillin,6087,8.977229,2.8666656,6087,methicillin,True,3.0,1.0,2.0,True,3 rings
capadenoson,9936489,7.7610397,7.2231283,9936489,capadenoson,True,4.0,4.0,0.0,True,4+ rings
fluvoxamine,5324346,7.4288797,1.7536281,5324346,fluvoxamine,True,1.0,1.0,0.0,True,1 ring
cp-316819,10273347,6.5842624,6.2858224,10273347,cp-316819,True,3.0,3.0,0.0,True,3 rings
bay-11-7085,5353432,6.763819,1.8365928,5353432,bay-11-7085,True,1.0,1.0,0.0,True,1 ring
capsazepine,2733484,8.966487,2.0808241,2733484,capsazepine,True,3.0,2.0,1.0,True,3 rings
montelukast,5281040,6.9314604,6.428544,5281040,montelukast,True,5.0,4.0,1.0,True,4+ rings
cgp-52411,1697,7.2135878,3.4128668,1697,cgp-52411,True,4.0,3.0,1.0,True,4+ rings
sym-2206,92209239,9.939089,2.8864682,92209239,sym-2206,True,4.0,2.0,2.0,True,4+ rings
pac-1,9675990,9.162726,2.6780958,9675990,pac-1,True,3.0,2.0,1.0,True,3 rings
tenofovir-disoproxil,5481350,5.3801894,9.177672,5481350,tenofovir-disoproxil,True,2.0,2.0,0.0,True,2 rings
relebactam,44129647,-1.4317616,6.8492794,44129647,relebactam,True,3.0,0.0,3.0,True,3 rings
cerulenin,5282054,-2.2086787,6.1737785,5282054,cerulenin,True,1.0,0.0,1.0,True,1 ring
gr-135531,4284525,6.393099,6.2455273,4284525,gr-135531,True,2.0,2.0,0.0,True,2 rings
pipotiazine-palmitate,37767,6.1226377,3.4374301,37767,pipotiazine-palmitate,True,4.0,2.0,2.0,True,4+ rings
erlotinib,176870,8.7519455,7.3187766,176870,erlotinib,True,3.0,3.0,0.0,True,3 rings
farnesyl-thiosalicylic-acid-amide,25187973,7.0557427,2.5690603,25187973,farnesyl-thiosalicylic-acid-amide,True,1.0,1.0,0.0,True,1 ring
losmapimod,11552706,6.4827347,6.834487,11552706,losmapimod,True,3.0,2.0,1.0,True,3 rings
ru-42173,3086576,7.149721,3.632178,3086576,ru-42173,True,3.0,2.0,1.0,True,3 rings
(r)-baclofen,6918881,7.407082,1.8570956,6918881,(r)-baclofen,True,1.0,1.0,0.0,True,1 ring
raloxifene,5035,9.756416,2.6500056,5035,raloxifene,True,5.0,4.0,1.0,True,4+ rings
butaprost,5311035,-2.6667774,5.954239,5311035,butaprost,True,2.0,0.0,2.0,True,2 rings
aee788,10297043,6.2888703,8.282241,10297043,aee788,True,5.0,4.0,1.0,True,4+ rings
thiamet-g,24808478,-2.2083797,6.697506,24808478,thiamet-g,True,2.0,0.0,2.0,True,2 rings
mek1-2-inhibitor,54483521,6.503448,3.3162253,54483521,mek1-2-inhibitor,True,2.0,2.0,0.0,True,2 rings
abamectin,6858005,-2.7541218,6.2047777,6858005,abamectin,True,7.0,0.0,7.0,True,4+ rings
gsk356278,10252640,6.401125,7.903463,10252640,gsk356278,True,5.0,4.0,1.0,True,4+ rings
salinomycin,3085092,-2.7493186,6.2078767,3085092,salinomycin,True,5.0,0.0,5.0,True,4+ rings
riodoxol,152256,9.482943,1.5708816,152256,riodoxol,True,1.0,1.0,0.0,True,1 ring
umeclidinium,11519070,8.037727,1.8989856,11519070,umeclidinium,True,6.0,3.0,3.0,True,4+ rings
a922500,24768273,7.7032657,3.3878853,24768273,a922500,True,4.0,3.0,1.0,True,4+ rings
dextran,5460037,-1.7976531,5.6354647,5460037,dextran,True,2.0,0.0,2.0,True,2 rings
pf-4191834,24986635,6.208379,6.7004848,24986635,pf-4191834,True,4.0,3.0,1.0,True,4+ rings
ursodeoxycholyltaurine,9848818,-2.7015011,5.081351,9848818,ursodeoxycholyltaurine,True,4.0,0.0,4.0,True,4+ rings
ethynodiol-diacetate,9270,-3.2130754,4.834831,9270,ethynodiol-diacetate,True,4.0,0.0,4.0,True,4+ rings
oxyclozanide,16779,8.347124,3.3897371,16779,oxyclozanide,True,2.0,2.0,0.0,True,2 rings
cb-5083,73051434,6.7193947,7.857263,73051434,cb-5083,True,5.0,4.0,1.0,True,4+ rings
pindolol-(-),688095,7.9963303,6.4248605,688095,pindolol-(-),True,2.0,2.0,0.0,True,2 rings
ambrisentan,6918493,7.0908895,6.9780955,6918493,ambrisentan,True,3.0,3.0,0.0,True,3 rings
sevoflurane,5206,-1.2589339,6.0028276,5206,sevoflurane,True,0.0,0.0,0.0,False,0 rings
sulfacarbamide,11033,6.4818993,3.2551942,11033,sulfacarbamide,True,1.0,1.0,0.0,True,1 ring
r306465,10309899,6.264437,7.562151,10309899,r306465,True,4.0,3.0,1.0,True,4+ rings
dimethyl-fumarate,637568,-1.8045084,6.1463227,637568,dimethyl-fumarate,True,0.0,0.0,0.0,False,0 rings
relugolix,10348973,8.080705,7.031096,10348973,relugolix,True,5.0,5.0,0.0,True,4+ rings
mirabegron,9865528,6.9129786,7.297249,9865528,mirabegron,True,3.0,3.0,0.0,True,3 rings
sasapyrine,5161,10.196653,2.104581,5161,sasapyrine,True,2.0,2.0,0.0,True,2 rings
gdc-0927,87055263,9.6413765,2.5066123,87055263,gdc-0927,True,5.0,3.0,2.0,True,4+ rings
gnf-2,5311510,8.265323,7.2766285,5311510,gnf-2,True,3.0,3.0,0.0,True,3 rings
mln0128,45375953,8.298643,7.6281886,45375953,mln0128,True,4.0,4.0,0.0,True,4+ rings
buclizine,3246096,6.6098704,2.151801,3246096,buclizine,True,4.0,3.0,1.0,True,4+ rings
mofegiline,6437850,6.6495957,2.0438051,6437850,mofegiline,True,1.0,1.0,0.0,True,1 ring
cefditoren-pivoxil,6437877,4.800027,7.754623,6437877,cefditoren-pivoxil,True,4.0,2.0,2.0,True,4+ rings
ly344864,5311097,6.595682,6.316298,5311097,ly344864,True,4.0,3.0,1.0,True,4+ rings
fenebrutinib,86567195,6.5669,7.8401413,86567195,fenebrutinib,True,8.0,4.0,4.0,True,4+ rings
shikimic-acid,11332752,-2.3822885,6.0101633,11332752,shikimic-acid,True,1.0,0.0,1.0,True,1 ring
tegaserod,135409453,7.9369817,6.476481,135409453,tegaserod,True,2.0,2.0,0.0,True,2 rings
apramycin,3081545,-2.6519685,6.7543864,3081545,apramycin,True,4.0,0.0,4.0,True,4+ rings
alizarin,6293,10.306495,1.6714529,6293,alizarin,True,3.0,2.0,1.0,True,3 rings
azd3965,10369242,6.496722,6.513175,10369242,azd3965,True,4.0,3.0,1.0,True,4+ rings
roflumilast,449193,8.09265,6.91143,449193,roflumilast,True,3.0,2.0,1.0,True,3 rings
ssr128129e,11347895,7.804126,6.465393,11347895,ssr128129e,True,3.0,3.0,0.0,True,3 rings
ombrabulin,6918405,9.122886,3.23834,6918405,ombrabulin,True,2.0,2.0,0.0,True,2 rings
deferiprone,2972,-1.542273,6.484183,2972,deferiprone,True,1.0,1.0,0.0,True,1 ring
cevimeline,18642481,-1.4567311,6.5358057,18642481,cevimeline,True,4.0,0.0,4.0,True,4+ rings
tc-f-2,25198728,8.304918,7.526693,25198728,tc-f-2,True,6.0,5.0,1.0,True,4+ rings
gsk269962,16095342,8.300222,7.5976644,16095342,gsk269962,True,6.0,5.0,1.0,True,4+ rings
cgp-54626,197584,6.7010026,2.1743166,197584,cgp-54626,True,2.0,1.0,1.0,True,2 rings
ticlopidine,5472,6.704927,2.061112,5472,ticlopidine,True,3.0,2.0,1.0,True,3 rings
dofequidar,9960287,8.038438,6.6750565,9960287,dofequidar,True,5.0,4.0,1.0,True,4+ rings
tgx-221,51601993,6.8659806,3.4659638,51601993,tgx-221,True,4.0,3.0,1.0,True,4+ rings
rs-100329,3567002,8.987982,3.3326445,3567002,rs-100329,True,3.0,2.0,1.0,True,3 rings
sa-47,9840648,6.100435,7.7009892,9840648,sa-47,True,2.0,1.0,1.0,True,2 rings
olopatadine,5281071,9.837173,2.4455965,5281071,olopatadine,True,3.0,2.0,1.0,True,3 rings
khellin,3828,10.654755,1.8957702,3828,khellin,True,3.0,3.0,0.0,True,3 rings
osi-930,9868037,8.010769,6.8174586,9868037,osi-930,True,4.0,4.0,0.0,True,4+ rings
ammonium-lactate,10313098,-1.6262704,5.952981,10313098,ammonium-lactate,True,0.0,0.0,0.0,False,0 rings
azd4573,124155204,6.1497264,7.845377,124155204,azd4573,True,4.0,2.0,2.0,True,4+ rings
cefoselis,9830520,4.745368,7.7498794,9830520,cefoselis,True,4.0,2.0,2.0,True,4+ rings
isoflurane,4369440,-1.2010196,6.0331397,4369440,isoflurane,True,0.0,0.0,0.0,False,0 rings
cp-775146,10410059,9.65496,2.6605718,10410059,cp-775146,True,3.0,2.0,1.0,True,3 rings
n-methylpyrrolidone,13387,-1.3709037,6.7400193,13387,n-methylpyrrolidone,True,1.0,0.0,1.0,True,1 ring
clomifene,1548955,9.6195135,2.4752126,1548955,clomifene,True,3.0,3.0,0.0,True,3 rings
minerval,11066464,-2.2622118,6.0978556,11066464,minerval,True,0.0,0.0,0.0,False,0 rings
pifithrin-alpha,4817,6.978439,2.3326952,4817,pifithrin-alpha,True,3.0,2.0,1.0,True,3 rings
way-161503,6604916,6.520846,3.722647,6604916,way-161503,True,3.0,1.0,2.0,True,3 rings
palonosetron,6337614,7.055203,2.4193869,6337614,palonosetron,True,6.0,1.0,5.0,True,4+ rings
quinethazone,6604207,6.840295,3.162051,6604207,quinethazone,True,2.0,1.0,1.0,True,2 rings
xe-991,656732,6.4644384,6.775929,656732,xe-991,True,5.0,4.0,1.0,True,4+ rings
megestrol,19090,-3.1995776,4.7497697,19090,megestrol,True,4.0,0.0,4.0,True,4+ rings
ac-7954-(+/-),10937426,7.9760857,1.7833546,10937426,ac-7954-(+/-),True,3.0,2.0,1.0,True,3 rings
edonerpic-maleate,9901946,6.957788,1.8971632,9901946,edonerpic-maleate,True,3.0,2.0,1.0,True,3 rings
norcyclobenzaprine,9918,6.5812387,2.0258694,9918,norcyclobenzaprine,True,3.0,2.0,1.0,True,3 rings
tucatinib,51039094,8.411314,7.497457,51039094,tucatinib,True,6.0,5.0,1.0,True,4+ rings
ldn-209929,46871867,8.037424,6.651042,46871867,ldn-209929,True,3.0,3.0,0.0,True,3 rings
fosfructose,84951,-1.760289,5.620515,84951,fosfructose,True,0.0,0.0,0.0,False,0 rings
liothyronine,7048703,9.065894,2.175167,7048703,liothyronine,True,2.0,2.0,0.0,True,2 rings
deoxycorticosterone-acetate,5952,-3.2144814,4.777587,5952,deoxycorticosterone-acetate,True,4.0,0.0,4.0,True,4+ rings
ganetespib,135564985,7.796148,6.3943853,135564985,ganetespib,True,4.0,4.0,0.0,True,4+ rings
epirizole,3242,5.498815,8.61689,3242,epirizole,True,2.0,2.0,0.0,True,2 rings
opc-21268,114904,9.164741,3.5812755,114904,opc-21268,True,4.0,2.0,2.0,True,4+ rings
acrivastine,5284514,6.377359,6.6614823,5284514,acrivastine,True,3.0,2.0,1.0,True,3 rings
gsk1070916,46885626,6.1641617,8.280964,46885626,gsk1070916,True,5.0,5.0,0.0,True,4+ rings
zolmitriptan,60857,6.3040032,6.2548537,60857,zolmitriptan,True,3.0,2.0,1.0,True,3 rings
"2,4-dinitrochlorobenzene",6,6.4972224,3.4483716,6,"2,4-dinitrochlorobenzene",True,1.0,1.0,0.0,True,1 ring
astragaloside-a,13943299,-3.2446485,5.312606,13943299,astragaloside-a,True,8.0,0.0,8.0,True,4+ rings
chir-98014,53396311,6.1807303,8.049318,53396311,chir-98014,True,4.0,4.0,0.0,True,4+ rings
dizocilpine-(+),180081,6.5844374,2.0660896,180081,dizocilpine-(+),True,4.0,2.0,2.0,True,4+ rings
amineptine,38988248,7.441513,2.0891678,38988248,amineptine,True,3.0,2.0,1.0,True,3 rings
lb42708,10099206,6.73754,7.9046316,10099206,lb42708,True,6.0,5.0,1.0,True,4+ rings
p-dimethylinamyl-benzoate,26890,8.201156,3.4491851,26890,p-dimethylinamyl-benzoate,True,1.0,1.0,0.0,True,1 ring
tc2559,9823180,7.685967,6.8596973,9823180,tc2559,True,1.0,1.0,0.0,True,1 ring
anisindione,2197,10.188051,1.9808645,2197,anisindione,True,3.0,2.0,1.0,True,3 rings
dmh1,50997747,8.2962265,7.524754,50997747,dmh1,True,5.0,5.0,0.0,True,4+ rings
butabindide,9817923,7.1497874,3.5096507,9817923,butabindide,True,2.0,1.0,1.0,True,2 rings
way-100635,5684,8.276769,7.341678,5684,way-100635,True,4.0,2.0,2.0,True,4+ rings
lercanidipine,9809926,7.4045773,0.73925316,9809926,lercanidipine,True,4.0,3.0,1.0,True,4+ rings
asp-9521,25210792,7.956886,6.469482,25210792,asp-9521,True,3.0,2.0,1.0,True,3 rings
sb-452533,9842609,6.860793,3.6313899,9842609,sb-452533,True,2.0,2.0,0.0,True,2 rings
resibufogenin,6917974,-3.3560326,5.253262,6917974,resibufogenin,True,6.0,1.0,5.0,True,4+ rings
vinburnine,71203,6.5873804,6.2821064,71203,vinburnine,True,5.0,2.0,3.0,True,4+ rings
kl-001,1367681,7.9361506,6.430654,1367681,kl-001,True,4.0,4.0,0.0,True,4+ rings
fenspiride,3344,7.020911,2.1952174,3344,fenspiride,True,3.0,1.0,2.0,True,3 rings
rimcazole,53389,6.1649313,6.348618,53389,rimcazole,True,4.0,3.0,1.0,True,4+ rings
cgp-78608,6604872,6.955074,3.6623602,6604872,cgp-78608,True,2.0,2.0,0.0,True,2 rings
mn-64,2802462,10.164856,2.2040098,2802462,mn-64,True,3.0,3.0,0.0,True,3 rings
liraglutide,16153050,7.283881,7.1787357,16153050,liraglutide,True,6.0,6.0,0.0,True,4+ rings
bexagliflozin,25195624,9.864588,1.797032,25195624,bexagliflozin,True,4.0,2.0,2.0,True,4+ rings
cinobufotalin,259776,-3.34814,5.3183465,259776,cinobufotalin,True,6.0,1.0,5.0,True,4+ rings
alisertib,24771867,8.32015,7.3693547,24771867,alisertib,True,5.0,4.0,1.0,True,4+ rings
butibufen,71314316,7.619558,1.4906391,71314316,butibufen,True,1.0,1.0,0.0,True,1 ring
miridesap,125516,-1.8321437,7.1055245,125516,miridesap,True,2.0,0.0,2.0,True,2 rings
efaroxan,11957548,9.549593,2.53238,11957548,efaroxan,True,3.0,1.0,2.0,True,3 rings
am-580,2126,7.977323,3.4021158,2126,am-580,True,3.0,2.0,1.0,True,3 rings
l-152804,969478,10.187397,2.0469265,969478,l-152804,True,4.0,1.0,3.0,True,4+ rings
a61603,6604803,8.81901,2.5261571,6604803,a61603,True,3.0,1.0,2.0,True,3 rings
tangeritin,68077,10.677984,1.8599143,68077,tangeritin,True,3.0,3.0,0.0,True,3 rings
kaempferol,5280863,10.646245,1.9092686,5280863,kaempferol,True,3.0,3.0,0.0,True,3 rings
nialamide,4472,6.469934,6.8975134,4472,nialamide,True,2.0,2.0,0.0,True,2 rings
efatutazone,76962475,8.115766,7.660129,76962475,efatutazone,True,5.0,4.0,1.0,True,4+ rings
doxercalciferol,46931009,-2.902842,5.3760123,46931009,doxercalciferol,True,3.0,0.0,3.0,True,3 rings
pf-06273340,66571548,6.619452,7.9515643,66571548,pf-06273340,True,4.0,4.0,0.0,True,4+ rings
cintirorgon,124126348,9.053873,3.3446128,124126348,cintirorgon,True,4.0,3.0,1.0,True,4+ rings
neridronic-acid,71237,-1.2779145,6.4733214,71237,neridronic-acid,True,0.0,0.0,0.0,False,0 rings
tyrphostin-ag-99,5328768,9.379476,2.012335,5328768,tyrphostin-ag-99,True,1.0,1.0,0.0,True,1 ring
nampt-in-1,92044379,7.9282165,6.8097053,92044379,nampt-in-1,True,3.0,2.0,1.0,True,3 rings
vanillylacetone,31211,9.947527,1.9007305,31211,vanillylacetone,True,1.0,1.0,0.0,True,1 ring
nsc-663284,379077,6.4723873,6.8815193,379077,nsc-663284,True,3.0,1.0,2.0,True,3 rings
sitaxentan,216235,8.104652,4.2485533,216235,sitaxentan,True,4.0,3.0,1.0,True,4+ rings
osemozotan,198747,9.468226,2.4580271,198747,osemozotan,True,4.0,2.0,2.0,True,4+ rings
drofenine,38988270,7.7145925,1.6251143,38988270,drofenine,True,2.0,1.0,1.0,True,2 rings
semapimod,492132,7.0042324,3.5444744,492132,semapimod,True,2.0,2.0,0.0,True,2 rings
erteberel,10286159,10.007025,1.6859924,10286159,erteberel,True,4.0,2.0,2.0,True,4+ rings
inc-280,25145656,6.483284,7.9231544,25145656,inc-280,True,5.0,5.0,0.0,True,4+ rings
acoziborole,44178354,7.89863,3.4048018,44178354,acoziborole,True,3.0,2.0,1.0,True,3 rings
merimepodib,153241,8.028868,6.563708,153241,merimepodib,True,4.0,3.0,1.0,True,4+ rings
cnx-2006,56968072,8.492894,7.543428,56968072,cnx-2006,True,4.0,3.0,1.0,True,4+ rings
s63845,122197581,8.241435,7.527697,122197581,s63845,True,7.0,6.0,1.0,True,4+ rings
estrone,5870,10.119431,1.1920974,5870,estrone,True,4.0,1.0,3.0,True,4+ rings
fk-3311,164009,8.982281,3.3763409,164009,fk-3311,True,2.0,2.0,0.0,True,2 rings
tubocurarine,6000,10.132608,3.038337,6000,tubocurarine,True,8.0,4.0,4.0,True,4+ rings
droxidopa,92974,8.874695,1.9608687,92974,droxidopa,True,1.0,1.0,0.0,True,1 ring
amphotericin-b,91827561,-2.7210622,6.309815,91827561,amphotericin-b,True,3.0,0.0,3.0,True,3 rings
s18986,637863,6.309731,3.2587266,637863,s18986,True,3.0,1.0,2.0,True,3 rings
luzindole,122162,6.3490705,6.3001676,122162,luzindole,True,3.0,3.0,0.0,True,3 rings
posaconazole,468595,8.1151285,7.692503,468595,posaconazole,True,7.0,5.0,2.0,True,4+ rings
diphemanil,6127,6.628572,2.0781415,6127,diphemanil,True,3.0,2.0,1.0,True,3 rings
methoxyamine,4113,-1.1356995,6.1710205,4113,methoxyamine,True,0.0,0.0,0.0,False,0 rings
perphenazine,4748,6.135798,3.4491756,4748,perphenazine,True,4.0,2.0,2.0,True,4+ rings
ap-18,9584673,6.6405177,2.0183632,9584673,ap-18,True,1.0,1.0,0.0,True,1 ring
isoleucine,76551,-1.68051,7.017,76551,isoleucine,True,0.0,0.0,0.0,False,0 rings
vlx600,6806409,6.0605097,8.323499,6806409,vlx600,True,4.0,4.0,0.0,True,4+ rings
lamivudine,60825,-2.595918,8.076317,60825,lamivudine,True,2.0,1.0,1.0,True,2 rings
hemomex-s,11468733,-3.0599582,5.1685677,11468733,hemomex-s,True,4.0,0.0,4.0,True,4+ rings
baloxavir-marboxil,124081896,6.9912624,2.3271518,124081896,baloxavir-marboxil,True,6.0,3.0,3.0,True,4+ rings
allylestrenol,235905,-3.032228,5.096271,235905,allylestrenol,True,4.0,0.0,4.0,True,4+ rings
fulvestrant,57300161,10.141673,1.1650827,57300161,fulvestrant,True,4.0,1.0,3.0,True,4+ rings
rwj-21757,135410906,-2.4999428,7.953312,135410906,rwj-21757,True,3.0,2.0,1.0,True,3 rings
ttp-22,1536915,6.28301,7.7611284,1536915,ttp-22,True,3.0,3.0,0.0,True,3 rings
jnj-26990990,11687376,6.7525444,1.9345316,11687376,jnj-26990990,True,2.0,2.0,0.0,True,2 rings
taurocholate,6675,-2.693438,5.067187,6675,taurocholate,True,4.0,0.0,4.0,True,4+ rings
acy-1215,53340666,6.401749,7.706554,53340666,acy-1215,True,3.0,3.0,0.0,True,3 rings
aniracetam,2196,9.645486,2.9541795,2196,aniracetam,True,2.0,1.0,1.0,True,2 rings
nocodazole,4122,6.8136272,8.45177,4122,nocodazole,True,3.0,3.0,0.0,True,3 rings
tenofovir,464205,5.3672214,9.1440735,464205,tenofovir,True,2.0,2.0,0.0,True,2 rings
opicapone,135565903,7.8178678,7.0733523,135565903,opicapone,True,3.0,3.0,0.0,True,3 rings
trans-2-undecenoic-acid,5282728,-2.1102185,6.1124296,5282728,trans-2-undecenoic-acid,True,0.0,0.0,0.0,False,0 rings
brefeldin-a,5287620,-2.69812,5.949414,5287620,brefeldin-a,True,2.0,0.0,2.0,True,2 rings
xibenolol,12179892,9.456449,2.498269,12179892,xibenolol,True,1.0,1.0,0.0,True,1 ring
plx647,11545419,6.3067584,8.219188,11545419,plx647,True,4.0,4.0,0.0,True,4+ rings
ak-7,1328033,7.074069,3.284236,1328033,ak-7,True,3.0,2.0,1.0,True,3 rings
bi-2536,11364421,8.409407,7.47646,11364421,bi-2536,True,5.0,2.0,3.0,True,4+ rings
d-delta-tocopherol,92094,9.834785,1.6361879,92094,d-delta-tocopherol,True,2.0,1.0,1.0,True,2 rings
yk-4-279,93948843,9.023486,3.5540757,93948843,yk-4-279,True,3.0,2.0,1.0,True,3 rings
ha-130,46911532,9.531517,2.7006025,46911532,ha-130,True,4.0,3.0,1.0,True,4+ rings
pd-407824,4369491,7.526463,6.310259,4369491,pd-407824,True,5.0,4.0,1.0,True,4+ rings
bx-912,11754511,6.350711,8.182666,11754511,bx-912,True,4.0,3.0,1.0,True,4+ rings
itopride,3792,9.773376,3.040097,3792,itopride,True,2.0,2.0,0.0,True,2 rings
azm-475271,5330175,8.778311,7.294538,5330175,azm-475271,True,4.0,3.0,1.0,True,4+ rings
cilazapril,56330,7.5166407,2.299304,56330,cilazapril,True,3.0,1.0,2.0,True,3 rings
methylprednisolone-sodium-succinate,16923,-3.5779703,5.006601,16923,methylprednisolone-sodium-succinate,True,4.0,0.0,4.0,True,4+ rings
benfluralin,2319,6.783539,3.5805376,2319,benfluralin,True,1.0,1.0,0.0,True,1 ring
"cp-105,696",9867257,10.406182,1.9233675,9867257,"cp-105,696",True,5.0,3.0,2.0,True,4+ rings
nedocromil,50294,9.141006,3.6287975,50294,nedocromil,True,3.0,3.0,0.0,True,3 rings
l-ergothioneine,3037043,-1.6773063,7.0636497,3037043,l-ergothioneine,True,1.0,1.0,0.0,True,1 ring
ikk-2-inhibitor,2807869,7.0861077,3.1230485,2807869,ikk-2-inhibitor,True,2.0,2.0,0.0,True,2 rings
modaline,17860,4.9719863,8.875515,17860,modaline,True,2.0,1.0,1.0,True,2 rings
ite,4668801,6.7757077,6.3840327,4668801,ite,True,3.0,3.0,0.0,True,3 rings
istaroxime,9841834,-2.6090739,5.027293,9841834,istaroxime,True,4.0,0.0,4.0,True,4+ rings
ro-90-7501,824226,6.644412,8.429042,824226,ro-90-7501,True,5.0,5.0,0.0,True,4+ rings
edelfosine,6610230,-1.8066235,6.2240973,6610230,edelfosine,True,0.0,0.0,0.0,False,0 rings
t-5601640,9438169,7.999665,4.283095,9438169,t-5601640,True,3.0,3.0,0.0,True,3 rings
3-mppi,4013695,8.012171,6.640313,4013695,3-mppi,True,5.0,4.0,1.0,True,4+ rings
asunaprevir,16076883,7.856502,6.731091,16076883,asunaprevir,True,5.0,2.0,3.0,True,4+ rings
geniposide,107848,-2.7601933,6.1293297,107848,geniposide,True,3.0,0.0,3.0,True,3 rings
jnj-38877605,46911863,6.037948,8.357168,46911863,jnj-38877605,True,5.0,5.0,0.0,True,4+ rings
treprostinil,6918140,10.112723,1.3578627,6918140,treprostinil,True,3.0,1.0,2.0,True,3 rings
morphothiadin,129387808,6.698255,7.080727,129387808,morphothiadin,True,4.0,2.0,2.0,True,4+ rings
shp099,118238298,6.046356,7.721624,118238298,shp099,True,3.0,2.0,1.0,True,3 rings
fimasartan,9870652,6.821215,2.5135024,9870652,fimasartan,True,4.0,4.0,0.0,True,4+ rings
amfenac,2136,7.828063,3.2285097,2136,amfenac,True,2.0,2.0,0.0,True,2 rings
mirin,137319711,9.5298195,1.6675465,137319711,mirin,True,2.0,1.0,1.0,True,2 rings
urb597,1383884,9.544384,2.946635,1383884,urb597,True,3.0,2.0,1.0,True,3 rings
atiprimod,129869,-0.9601266,6.584179,129869,atiprimod,True,2.0,0.0,2.0,True,2 rings
cyacetacide,8820,-1.3805052,6.6441646,8820,cyacetacide,True,0.0,0.0,0.0,False,0 rings
(r)-(-)-apomorphine,6005,9.020653,2.1060233,6005,(r)-(-)-apomorphine,True,4.0,2.0,2.0,True,4+ rings
sodium-nitrite,129009887,-1.1231493,6.15502,129009887,sodium-nitrite,True,0.0,0.0,0.0,False,0 rings
iododexetimide,14479849,7.064042,2.3708732,14479849,iododexetimide,True,4.0,2.0,2.0,True,4+ rings
ly404187,66857735,6.6888576,2.0059786,66857735,ly404187,True,2.0,2.0,0.0,True,2 rings
fgin-1-27,132496,6.5681424,6.2913933,132496,fgin-1-27,True,3.0,3.0,0.0,True,3 rings
apy0201,56927660,6.095843,8.221755,56927660,apy0201,True,5.0,4.0,1.0,True,4+ rings
ethoxzolamide,3295,7.66959,7.2750654,3295,ethoxzolamide,True,2.0,2.0,0.0,True,2 rings
methyl-aminolevulinate,157922,-1.6712279,7.0346746,157922,methyl-aminolevulinate,True,0.0,0.0,0.0,False,0 rings
inx-08189,49862762,6.4366283,8.671456,49862762,inx-08189,True,5.0,4.0,1.0,True,4+ rings
nhi-2,51355147,7.053372,6.327041,51355147,nhi-2,True,3.0,3.0,0.0,True,3 rings
letrozole,3902,6.6766467,2.189894,3902,letrozole,True,3.0,3.0,0.0,True,3 rings
nadifloxacin,9850038,9.572595,4.538679,9850038,nadifloxacin,True,4.0,2.0,2.0,True,4+ rings
skf-81297,11957706,8.937693,2.094287,11957706,skf-81297,True,3.0,2.0,1.0,True,3 rings
tolonium,91311512,6.1756387,3.4464786,91311512,tolonium,True,3.0,1.0,2.0,True,3 rings
corticosterone,5753,-3.425935,4.912795,5753,corticosterone,True,4.0,0.0,4.0,True,4+ rings
kpt-276,71496742,6.766599,7.7736487,71496742,kpt-276,True,3.0,2.0,1.0,True,3 rings
mozavaptan,11441742,7.229291,3.383712,11441742,mozavaptan,True,4.0,3.0,1.0,True,4+ rings
ac-186,71245042,9.478036,1.46721,71245042,ac-186,True,3.0,2.0,1.0,True,3 rings
dspc,5313335,-1.8943231,6.1273293,5313335,dspc,True,0.0,0.0,0.0,False,0 rings
kifunensine,130611,-2.1656673,6.738322,130611,kifunensine,True,2.0,0.0,2.0,True,2 rings
gdc-0941,17755052,6.1538677,8.288006,17755052,gdc-0941,True,6.0,4.0,2.0,True,4+ rings
oxyphenbutazone,448033,8.546614,3.317026,448033,oxyphenbutazone,True,3.0,2.0,1.0,True,3 rings
ec-144,11517212,7.948963,7.8554797,11517212,ec-144,True,3.0,3.0,0.0,True,3 rings
phenacaine,7588,8.966481,3.358443,7588,phenacaine,True,2.0,2.0,0.0,True,2 rings
ravuconazole,467825,6.710758,7.521444,467825,ravuconazole,True,4.0,4.0,0.0,True,4+ rings
bms-ccr2-22,24801690,7.158733,3.4067512,24801690,bms-ccr2-22,True,3.0,2.0,1.0,True,3 rings
act-132577,25099191,8.137869,7.453511,25099191,act-132577,True,3.0,3.0,0.0,True,3 rings
kme-4,6438990,9.802624,1.6250784,6438990,kme-4,True,2.0,1.0,1.0,True,2 rings
ostarine,11326715,9.005871,3.401599,11326715,ostarine,True,2.0,2.0,0.0,True,2 rings
cu-t12-9,91826088,6.5319676,8.274478,91826088,cu-t12-9,True,3.0,3.0,0.0,True,3 rings
sulbutiamine,3002120,5.399203,8.788161,3002120,sulbutiamine,True,2.0,2.0,0.0,True,2 rings
ilaprazole,76968095,8.152132,7.940475,76968095,ilaprazole,True,4.0,4.0,0.0,True,4+ rings
tacedinaline,2746,7.160766,3.3554337,2746,tacedinaline,True,2.0,2.0,0.0,True,2 rings
nbi-98782,14580381,10.060939,2.9721057,14580381,nbi-98782,True,3.0,1.0,2.0,True,3 rings
clenbuterol,688428,8.236656,2.1445742,688428,clenbuterol,True,1.0,1.0,0.0,True,1 ring
galidesivir,10445549,6.346656,8.596948,10445549,galidesivir,True,3.0,2.0,1.0,True,3 rings
tg-003,1893668,8.85452,3.2969823,1893668,tg-003,True,2.0,1.0,1.0,True,2 rings
valrocemide,6918293,-1.514773,6.7722473,6918293,valrocemide,True,0.0,0.0,0.0,False,0 rings
bosutinib,5328940,8.628596,7.099177,5328940,bosutinib,True,4.0,3.0,1.0,True,4+ rings
parachlorophenol,4684,9.418852,1.5848279,4684,parachlorophenol,True,1.0,1.0,0.0,True,1 ring
pyridoxamine,11205997,7.118028,6.773133,11205997,pyridoxamine,True,1.0,1.0,0.0,True,1 ring
plurisin-1,225362,6.4296765,6.892316,225362,plurisin-1,True,2.0,2.0,0.0,True,2 rings
fenbufen,3335,7.657802,1.4378957,3335,fenbufen,True,2.0,2.0,0.0,True,2 rings
propranolol-(s),91536,9.452006,2.560331,91536,propranolol-(s),True,2.0,2.0,0.0,True,2 rings
itx3,1362865,6.6688304,8.277705,1362865,itx3,True,5.0,5.0,0.0,True,4+ rings
sodium-danshensu,179536,9.911713,1.7731996,179536,sodium-danshensu,True,1.0,1.0,0.0,True,1 ring
lupanine,91471,-1.4629079,6.636447,91471,lupanine,True,4.0,0.0,4.0,True,4+ rings
isodibut,145949,7.129863,2.4425683,145949,isodibut,True,3.0,2.0,1.0,True,3 rings
eliprodil,9798372,8.043066,1.9876139,9798372,eliprodil,True,3.0,2.0,1.0,True,3 rings
gw-542573x,24885053,8.969984,3.3120768,24885053,gw-542573x,True,2.0,1.0,1.0,True,2 rings
ttnpb,5289501,7.8984985,1.3544562,5289501,ttnpb,True,3.0,2.0,1.0,True,3 rings
riociguat,11304743,6.0796394,8.274865,11304743,riociguat,True,4.0,4.0,0.0,True,4+ rings
ko143,10322450,7.990986,6.4557953,10322450,ko143,True,4.0,2.0,2.0,True,4+ rings
e7449,135565981,7.3063855,3.444251,135565981,e7449,True,5.0,3.0,2.0,True,4+ rings
benzoylpas,10718,8.488657,3.437002,10718,benzoylpas,True,2.0,2.0,0.0,True,2 rings
sj-733,89508529,6.5077467,6.8548155,89508529,sj-733,True,4.0,3.0,1.0,True,4+ rings
fosfluconazole,214356,7.5474634,2.0579474,214356,fosfluconazole,True,3.0,3.0,0.0,True,3 rings
istradefylline,5311037,8.064902,7.6211,5311037,istradefylline,True,3.0,3.0,0.0,True,3 rings
amcasertib,122412734,6.6033874,6.5431166,122412734,amcasertib,True,5.0,4.0,1.0,True,4+ rings
moxidectin,9832912,-2.7855117,6.184963,9832912,moxidectin,True,5.0,0.0,5.0,True,4+ rings
ono-ae3-208,92978378,7.8172183,3.3993123,92978378,ono-ae3-208,True,3.0,3.0,0.0,True,3 rings
sb-415286,4210951,8.445542,3.355393,4210951,sb-415286,True,3.0,2.0,1.0,True,3 rings
tboa-(dl),90479771,7.932246,1.692236,90479771,tboa-(dl),True,2.0,2.0,0.0,True,2 rings
cc-115,58298318,6.1855445,8.13493,58298318,cc-115,True,4.0,2.0,2.0,True,4+ rings
azd5069,56645576,7.9882746,7.476527,56645576,azd5069,True,3.0,2.0,1.0,True,3 rings
blonanserin,125564,5.993472,7.6663465,125564,blonanserin,True,4.0,2.0,2.0,True,4+ rings
bp-554,134117,9.1462755,3.0741065,134117,bp-554,True,4.0,2.0,2.0,True,4+ rings
diethylcarbamazine,3052,-1.164008,6.6452913,3052,diethylcarbamazine,True,1.0,0.0,1.0,True,1 ring
glesatinib,25181472,7.941737,7.26218,25181472,glesatinib,True,5.0,5.0,0.0,True,4+ rings
ursolic-acid,64945,-3.1916857,5.0991597,64945,ursolic-acid,True,5.0,0.0,5.0,True,4+ rings
vesamicol,659840,7.3956804,2.0059888,659840,vesamicol,True,3.0,1.0,2.0,True,3 rings
alovudine,33039,-2.4560385,7.949169,33039,alovudine,True,2.0,1.0,1.0,True,2 rings
pilocarpine,5910,4.9458814,8.854675,5910,pilocarpine,True,2.0,1.0,1.0,True,2 rings
purvalanol-a,456214,6.344612,8.512958,456214,purvalanol-a,True,3.0,3.0,0.0,True,3 rings
benzethonium,2335,9.679168,2.6451893,2335,benzethonium,True,2.0,2.0,0.0,True,2 rings
mefloquine,40692,6.98087,6.509563,40692,mefloquine,True,3.0,2.0,1.0,True,3 rings
deoxyarbutin,11521237,9.723498,1.793966,11521237,deoxyarbutin,True,2.0,1.0,1.0,True,2 rings
ly3214996,121408882,6.4025335,7.9000125,121408882,ly3214996,True,5.0,3.0,2.0,True,4+ rings
ns-11021,24825677,6.5795393,3.8290694,24825677,ns-11021,True,3.0,3.0,0.0,True,3 rings
monocrotaline,9415,-2.6961825,6.174759,9415,monocrotaline,True,3.0,0.0,3.0,True,3 rings
masoprocol,688035,9.602176,1.5833712,688035,masoprocol,True,2.0,2.0,0.0,True,2 rings
squalamine,72495,-2.7037404,5.0685234,72495,squalamine,True,4.0,0.0,4.0,True,4+ rings
mc1568,71311876,6.616773,6.591691,71311876,mc1568,True,2.0,2.0,0.0,True,2 rings
targinine,46906075,-1.736734,7.1149845,46906075,targinine,True,0.0,0.0,0.0,False,0 rings
xanthone,7020,10.155829,2.2267563,7020,xanthone,True,3.0,3.0,0.0,True,3 rings
alantolactone,72724,-2.758321,5.8622546,72724,alantolactone,True,3.0,0.0,3.0,True,3 rings
mibampator,9889366,6.6805058,1.9813651,9889366,mibampator,True,2.0,2.0,0.0,True,2 rings
karenitecin,148202,7.4534326,6.1007333,148202,karenitecin,True,5.0,3.0,2.0,True,4+ rings
sbe-13,4719406,8.084702,6.7925997,4719406,sbe-13,True,3.0,3.0,0.0,True,3 rings
ozolinone,76959758,-1.59595,6.977576,76959758,ozolinone,True,2.0,0.0,2.0,True,2 rings
abt-491,154087,6.6595926,7.9025774,154087,abt-491,True,5.0,5.0,0.0,True,4+ rings
nonivamide,2998,9.800076,2.8771064,2998,nonivamide,True,1.0,1.0,0.0,True,1 ring
chiniofon,1550821,7.5293293,6.513445,1550821,chiniofon,True,2.0,2.0,0.0,True,2 rings
carbendazim,25429,6.7813864,8.475773,25429,carbendazim,True,2.0,2.0,0.0,True,2 rings
mercaptopurine,667490,4.979356,8.946969,667490,mercaptopurine,True,2.0,2.0,0.0,True,2 rings
6-aminopenicillanic-acid,7057887,-1.7263149,7.2746997,7057887,6-aminopenicillanic-acid,True,2.0,0.0,2.0,True,2 rings
acriflavine,452192,6.0603456,6.5807915,452192,acriflavine,True,6.0,6.0,0.0,True,4+ rings
linezolid,441401,6.7235713,3.561254,441401,linezolid,True,3.0,1.0,2.0,True,3 rings
trichlormethiazide,12444480,6.249612,3.187559,12444480,trichlormethiazide,True,2.0,1.0,1.0,True,2 rings
2-thiouracil,1269845,-1.2353336,6.7296796,1269845,2-thiouracil,True,1.0,1.0,0.0,True,1 ring
methantheline,4097,9.849185,2.48034,4097,methantheline,True,3.0,2.0,1.0,True,3 rings
3-indolebutyric-acid,8617,6.7055,6.287909,8617,3-indolebutyric-acid,True,2.0,2.0,0.0,True,2 rings
dehydrocorydaline,34781,8.176483,6.752191,34781,dehydrocorydaline,True,4.0,3.0,1.0,True,4+ rings
nu-2058,4564,5.3729234,9.138081,4564,nu-2058,True,3.0,2.0,1.0,True,3 rings
tmn-355,44249042,6.9880805,2.5489118,44249042,tmn-355,True,4.0,3.0,1.0,True,4+ rings
dixyrazine,9932302,6.176716,3.4469705,9932302,dixyrazine,True,4.0,2.0,2.0,True,4+ rings
isosorbide-mononitrate,27661,-1.5817771,5.5038466,27661,isosorbide-mononitrate,True,2.0,0.0,2.0,True,2 rings
alosetron,2099,6.7284837,7.8642707,2099,alosetron,True,4.0,3.0,1.0,True,4+ rings
editol,7014872,-1.4364746,6.5447245,7014872,editol,True,0.0,0.0,0.0,False,0 rings
s-38093,70941112,9.700924,2.8640962,70941112,s-38093,True,3.0,1.0,2.0,True,3 rings
gsk2816126,68210102,6.590137,7.8178625,68210102,gsk2816126,True,5.0,4.0,1.0,True,4+ rings
thiorphan,4369380,7.405379,2.2941887,4369380,thiorphan,True,1.0,1.0,0.0,True,1 ring
antalarmin,177990,6.127204,8.089277,177990,antalarmin,True,3.0,3.0,0.0,True,3 rings
hydroxychloroquine,12947,6.0139112,6.7259316,12947,hydroxychloroquine,True,2.0,2.0,0.0,True,2 rings
hematoxylin,442514,10.149273,1.7081367,442514,hematoxylin,True,4.0,2.0,2.0,True,4+ rings
tetramisole,26879,6.631437,2.1865191,26879,tetramisole,True,3.0,1.0,2.0,True,3 rings
slv-319-(+/-),9826744,6.72353,2.048614,9826744,slv-319-(+/-),True,4.0,3.0,1.0,True,4+ rings
sapacitabine,153970,-2.6084685,8.088343,153970,sapacitabine,True,2.0,1.0,1.0,True,2 rings
ataluren,11219835,6.9661965,7.247455,11219835,ataluren,True,3.0,3.0,0.0,True,3 rings
l-glutamine,6992086,-1.7211621,7.0545945,6992086,l-glutamine,True,0.0,0.0,0.0,False,0 rings
prima1,322968,-1.7844629,6.6184278,322968,prima1,True,3.0,0.0,3.0,True,3 rings
filanesib,44224257,6.776837,2.2117152,44224257,filanesib,True,3.0,2.0,1.0,True,3 rings
ml133,781301,9.605889,2.6722806,781301,ml133,True,3.0,3.0,0.0,True,3 rings
ouabain,11527152,-3.366384,5.3076873,11527152,ouabain,True,6.0,0.0,6.0,True,4+ rings
tazobactam,123630,-1.762506,7.2719545,123630,tazobactam,True,3.0,1.0,2.0,True,3 rings
tradipitant,9916461,6.4717526,6.536095,9916461,tradipitant,True,5.0,5.0,0.0,True,4+ rings
dpi-201106,10389826,8.056177,6.286536,10389826,dpi-201106,True,5.0,4.0,1.0,True,4+ rings
m-chlorophenylbiguanide,1354,6.4274187,3.6267414,1354,m-chlorophenylbiguanide,True,1.0,1.0,0.0,True,1 ring
metacresol,342,9.441064,1.5556293,342,metacresol,True,1.0,1.0,0.0,True,1 ring
lobenzarit,3946,7.977316,3.3715394,3946,lobenzarit,True,2.0,2.0,0.0,True,2 rings
butalbital,2481,-1.5236694,6.6912017,2481,butalbital,True,1.0,0.0,1.0,True,1 ring
cgp-74514,2794188,6.4187827,8.2975,2794188,cgp-74514,True,4.0,3.0,1.0,True,4+ rings
lanifibranor,68677842,6.6866927,6.3132024,68677842,lanifibranor,True,4.0,4.0,0.0,True,4+ rings
cs-110266,123692,6.744886,1.954453,123692,cs-110266,True,4.0,2.0,2.0,True,4+ rings
vu0155069,25105713,7.15538,3.471668,25105713,vu0155069,True,5.0,4.0,1.0,True,4+ rings
lapatinib,208908,8.637889,7.3100967,208908,lapatinib,True,5.0,5.0,0.0,True,4+ rings
fidaxomicin,10034073,10.885747,1.6807809,10034073,fidaxomicin,True,4.0,1.0,3.0,True,4+ rings
beta-glycerophosphoric-acid,2526,-1.3367919,6.014362,2526,beta-glycerophosphoric-acid,True,0.0,0.0,0.0,False,0 rings
l-arginine,6322,-1.7417719,7.1018963,6322,l-arginine,True,0.0,0.0,0.0,False,0 rings
dipivefrine,969492,9.439939,2.4702632,969492,dipivefrine,True,1.0,1.0,0.0,True,1 ring
phthalylsulfacetamide,8574,7.9813952,3.3386438,8574,phthalylsulfacetamide,True,2.0,2.0,0.0,True,2 rings
flumethasone,16490,-3.544863,4.8930845,16490,flumethasone,True,4.0,0.0,4.0,True,4+ rings
n-salicoylaminophenol,4602,8.525446,3.3284888,4602,n-salicoylaminophenol,True,2.0,2.0,0.0,True,2 rings
ch5132799,49784945,6.1175966,8.150512,49784945,ch5132799,True,4.0,2.0,2.0,True,4+ rings
ckd-712,9861304,9.030855,2.1636214,9861304,ckd-712,True,4.0,3.0,1.0,True,4+ rings
md-920,6466,-3.6279404,5.0796185,6466,md-920,True,5.0,0.0,5.0,True,4+ rings
ns-3623,9954236,6.7302957,3.727499,9954236,ns-3623,True,3.0,3.0,0.0,True,3 rings
clobenpropit,2790,6.8658047,8.20484,2790,clobenpropit,True,2.0,2.0,0.0,True,2 rings
omtriptolide,6918522,-3.3596292,5.232838,6918522,omtriptolide,True,7.0,0.0,7.0,True,4+ rings
bms-649,127019,8.034095,1.3308578,127019,bms-649,True,4.0,2.0,2.0,True,4+ rings
norfloxacin,6919051,9.566888,4.5155144,6919051,norfloxacin,True,3.0,2.0,1.0,True,3 rings
carsalam,16258,9.639559,2.7481933,16258,carsalam,True,2.0,2.0,0.0,True,2 rings
ncs-382,6604757,7.8989835,1.4604135,6604757,ncs-382,True,2.0,1.0,1.0,True,2 rings
ggti-298,9811606,7.284615,3.4081826,9811606,ggti-298,True,3.0,3.0,0.0,True,3 rings
siponimod,44599207,7.883612,1.7913505,44599207,siponimod,True,4.0,2.0,2.0,True,4+ rings
bms-817378,44137813,8.3030615,7.2171373,44137813,bms-817378,True,4.0,4.0,0.0,True,4+ rings
diftalone,30717,7.060093,2.4189775,30717,diftalone,True,4.0,2.0,2.0,True,4+ rings
doconexent-ethyl-ester,9831416,-2.147525,6.120157,9831416,doconexent-ethyl-ester,True,0.0,0.0,0.0,False,0 rings
hycanthone,3634,8.049289,3.422922,3634,hycanthone,True,3.0,3.0,0.0,True,3 rings
molindone,6604347,6.551663,6.3834133,6604347,molindone,True,3.0,1.0,2.0,True,3 rings
cedrol-(+),65575,-2.2781472,5.474061,65575,cedrol-(+),True,3.0,0.0,3.0,True,3 rings
dexchlorpheniramine,33036,6.0211983,6.9376097,33036,dexchlorpheniramine,True,2.0,2.0,0.0,True,2 rings
cb-03-01,11750009,-3.3333125,4.8160043,11750009,cb-03-01,True,4.0,0.0,4.0,True,4+ rings
bilobalide,73581,-1.8805926,5.727303,73581,bilobalide,True,4.0,0.0,4.0,True,4+ rings
latrepirdine,197033,6.1881037,6.455235,197033,latrepirdine,True,4.0,3.0,1.0,True,4+ rings
timolol,33624,-1.912882,7.194615,33624,timolol,True,2.0,1.0,1.0,True,2 rings
eupatilin,5273755,10.713196,1.8340815,5273755,eupatilin,True,3.0,3.0,0.0,True,3 rings
yoda-1,2746822,5.98655,7.0183797,2746822,yoda-1,True,3.0,3.0,0.0,True,3 rings
ceramide,5497136,-2.0033867,6.8063335,5497136,ceramide,True,0.0,0.0,0.0,False,0 rings
"n-methyl-(-)ephedrine-[1r,2s]",64782,8.175554,2.0298953,64782,"n-methyl-(-)ephedrine-[1r,2s]",True,1.0,1.0,0.0,True,1 ring
palmatine-chloride,19009,8.173624,6.7210674,19009,palmatine-chloride,True,4.0,3.0,1.0,True,4+ rings
nifedipine,4485,7.4143987,0.7714407,4485,nifedipine,True,2.0,1.0,1.0,True,2 rings
nifekalant,4486,7.0909276,3.2981274,4486,nifekalant,True,2.0,2.0,0.0,True,2 rings
mephentermine,3677,6.6121435,2.0613606,3677,mephentermine,True,1.0,1.0,0.0,True,1 ring
cefotiam,43708,4.7394314,7.7606583,43708,cefotiam,True,4.0,2.0,2.0,True,4+ rings
tetrahydrozoline,716128,6.4832945,2.1312985,716128,tetrahydrozoline,True,3.0,1.0,2.0,True,3 rings
misonidazole,73050801,4.5885363,8.82211,73050801,misonidazole,True,1.0,1.0,0.0,True,1 ring
clavulanate,5280980,-1.7715085,6.7671223,5280980,clavulanate,True,2.0,0.0,2.0,True,2 rings
levopropoxyphene,133687039,7.957911,1.8105329,133687039,levopropoxyphene,True,2.0,2.0,0.0,True,2 rings
dr-2313,135522417,-1.4568585,6.881112,135522417,dr-2313,True,2.0,1.0,1.0,True,2 rings
drospirenone,68873,-3.2112901,4.7295003,68873,drospirenone,True,7.0,0.0,7.0,True,4+ rings
ave-0991,9851724,6.700352,8.008548,9851724,ave-0991,True,4.0,4.0,0.0,True,4+ rings
cts21166,445649,7.5041404,2.279361,445649,cts21166,True,1.0,1.0,0.0,True,1 ring
lidamidine,47510,6.812026,3.6955798,47510,lidamidine,True,1.0,1.0,0.0,True,1 ring
salidroside,159278,9.793546,1.6452823,159278,salidroside,True,2.0,1.0,1.0,True,2 rings
ornidazole,688540,4.5779276,8.814813,688540,ornidazole,True,1.0,1.0,0.0,True,1 ring
rad140,44200882,8.0623,3.4196458,44200882,rad140,True,3.0,3.0,0.0,True,3 rings
flubendazole,35802,6.798281,8.319809,35802,flubendazole,True,3.0,3.0,0.0,True,3 rings
cantharidin,5944,-1.9586746,5.927034,5944,cantharidin,True,3.0,0.0,3.0,True,3 rings
metirosine,6918925,8.813202,1.9882169,6918925,metirosine,True,1.0,1.0,0.0,True,1 ring
glycopyrrolate,9933193,7.868549,1.619477,9933193,glycopyrrolate,True,3.0,1.0,2.0,True,3 rings
nafamostat,4413,9.24106,3.2063677,4413,nafamostat,True,3.0,3.0,0.0,True,3 rings
aim-100,11501591,8.299406,7.514695,11501591,aim-100,True,5.0,4.0,1.0,True,4+ rings
n-acetylmannosamine,11869379,-2.2731955,6.7249713,11869379,n-acetylmannosamine,True,1.0,0.0,1.0,True,1 ring
bms-182874,122272,7.9171033,4.2808566,122272,bms-182874,True,3.0,3.0,0.0,True,3 rings
stetaderm,92730,-3.3770337,4.955209,92730,stetaderm,True,4.0,0.0,4.0,True,4+ rings
cefuroxime,5479529,8.683336,2.6957393,5479529,cefuroxime,True,3.0,1.0,2.0,True,3 rings
aminothiazole,2155,4.7421303,8.754039,2155,aminothiazole,True,1.0,1.0,0.0,True,1 ring
doxylamine,43833352,6.8930273,6.6987615,43833352,doxylamine,True,2.0,2.0,0.0,True,2 rings
icariin,5318997,10.862389,1.7461363,5318997,icariin,True,5.0,3.0,2.0,True,4+ rings
pi-828,25181195,9.212179,3.4562109,25181195,pi-828,True,4.0,3.0,1.0,True,4+ rings
nxy-059,6913176,6.6984143,1.9045613,6913176,nxy-059,True,1.0,1.0,0.0,True,1 ring
f-11440,208928,5.3939085,8.715531,208928,f-11440,True,3.0,2.0,1.0,True,3 rings
azd1283,23649325,6.762407,7.3278737,23649325,azd1283,True,3.0,2.0,1.0,True,3 rings
ly2109761,11655119,8.110018,6.8424544,11655119,ly2109761,True,6.0,4.0,2.0,True,4+ rings
ym-201636,9956222,8.265247,7.573707,9956222,ym-201636,True,6.0,5.0,1.0,True,4+ rings
tinoridine,5480,8.156735,3.3624053,5480,tinoridine,True,3.0,2.0,1.0,True,3 rings
aloxistatin,65663,-1.8882954,6.978604,65663,aloxistatin,True,1.0,0.0,1.0,True,1 ring
anagrelide,135409400,6.5304303,3.6966534,135409400,anagrelide,True,3.0,1.0,2.0,True,3 rings
dibenzothiophene,3023,6.774052,1.8613819,3023,dibenzothiophene,True,3.0,3.0,0.0,True,3 rings
bu-224,2457,5.976625,6.906916,2457,bu-224,True,3.0,2.0,1.0,True,3 rings
brivanib,11234052,8.362011,7.5576077,11234052,brivanib,True,4.0,4.0,0.0,True,4+ rings
talmapimod,9871074,6.5878606,6.3024974,9871074,talmapimod,True,4.0,3.0,1.0,True,4+ rings
pf-06412562,74223726,8.305478,7.507168,74223726,pf-06412562,True,4.0,4.0,0.0,True,4+ rings
kynurenic-acid,3845,7.6591625,3.3164546,3845,kynurenic-acid,True,2.0,2.0,0.0,True,2 rings
denopamine,5311064,9.57281,2.6208267,5311064,denopamine,True,2.0,2.0,0.0,True,2 rings
pifithrin-cyclic,443278,6.694568,7.9668407,443278,pifithrin-cyclic,True,4.0,3.0,1.0,True,4+ rings
fusidic-acid,3000226,-3.3819203,5.1399813,3000226,fusidic-acid,True,4.0,0.0,4.0,True,4+ rings
scriptaid,5186,7.0864167,2.4778178,5186,scriptaid,True,3.0,2.0,1.0,True,3 rings
gpi-688,24901657,6.5985966,6.4630847,24901657,gpi-688,True,4.0,3.0,1.0,True,4+ rings
mrs-3777,11771279,8.045645,7.793078,11771279,mrs-3777,True,4.0,3.0,1.0,True,4+ rings
kd-023,115175,10.040386,2.0682967,115175,kd-023,True,1.0,1.0,0.0,True,1 ring
dolutegravir,54726191,7.216285,2.2935154,54726191,dolutegravir,True,4.0,2.0,2.0,True,4+ rings
purmorphamine,5284329,8.314889,7.6468115,5284329,purmorphamine,True,7.0,5.0,2.0,True,4+ rings
pha-568487,9932000,9.825373,3.0600657,9932000,pha-568487,True,5.0,1.0,4.0,True,4+ rings
ripretinib,71584930,6.359102,7.5689187,71584930,ripretinib,True,4.0,4.0,0.0,True,4+ rings
nitrofurantoin,6604200,9.5568075,3.2048593,6604200,nitrofurantoin,True,2.0,1.0,1.0,True,2 rings
skf-77434,6603997,8.962664,2.048702,6603997,skf-77434,True,3.0,2.0,1.0,True,3 rings
2-chloropyrazine,73277,4.742222,8.865925,73277,2-chloropyrazine,True,1.0,1.0,0.0,True,1 ring
l-701324,54682505,8.986956,3.5656185,54682505,l-701324,True,4.0,4.0,0.0,True,4+ rings
nqdi-1,5522952,7.732674,3.4063303,5522952,nqdi-1,True,4.0,3.0,1.0,True,4+ rings
pf-4981517,71315139,6.033131,8.327569,71315139,pf-4981517,True,6.0,4.0,2.0,True,4+ rings
lithocholic-acid,9903,-2.6843126,5.066912,9903,lithocholic-acid,True,4.0,0.0,4.0,True,4+ rings
betahistine,2366,5.913668,7.060517,2366,betahistine,True,1.0,1.0,0.0,True,1 ring
ehop-016,51031035,6.2099204,8.248345,51031035,ehop-016,True,5.0,4.0,1.0,True,4+ rings
gka-50,11340230,8.222466,7.200369,11340230,gka-50,True,3.0,3.0,0.0,True,3 rings
oac2,2814138,6.533265,6.3403435,2814138,oac2,True,3.0,3.0,0.0,True,3 rings
iwp-l6,71601111,6.449358,7.523284,71601111,iwp-l6,True,5.0,4.0,1.0,True,4+ rings
treosulfan,9882105,-1.3482102,5.944455,9882105,treosulfan,True,0.0,0.0,0.0,False,0 rings
temsirolimus,134812825,-2.6959763,6.332969,134812825,temsirolimus,True,4.0,0.0,4.0,True,4+ rings
phenylpiracetam,781884,7.114026,2.3102016,781884,phenylpiracetam,True,2.0,1.0,1.0,True,2 rings
gilteritinib,49803313,8.482363,7.551825,49803313,gilteritinib,True,5.0,2.0,3.0,True,4+ rings
moexipril,91270,9.957056,2.9925728,91270,moexipril,True,3.0,2.0,1.0,True,3 rings
voglibose,444020,-2.2049868,6.620448,444020,voglibose,True,1.0,0.0,1.0,True,1 ring
esculin,5281417,10.35739,1.6819541,5281417,esculin,True,3.0,2.0,1.0,True,3 rings
st-2825,24808138,9.188194,3.5869226,24808138,st-2825,True,5.0,2.0,3.0,True,4+ rings
st-1535,9860294,5.325739,9.018807,9860294,st-1535,True,3.0,3.0,0.0,True,3 rings
gsk1838705a,25182616,8.307,7.525361,25182616,gsk1838705a,True,5.0,4.0,1.0,True,4+ rings
bafilomycin-a1,90656913,-2.757994,6.079915,90656913,bafilomycin-a1,True,2.0,0.0,2.0,True,2 rings
rivaroxaban,9875401,6.652889,3.4989886,9875401,rivaroxaban,True,4.0,2.0,2.0,True,4+ rings
mizoribine,11949547,-2.52316,7.957995,11949547,mizoribine,True,2.0,0.0,2.0,True,2 rings
oxotremorine-sesquifumarate,4630,-1.3445181,6.7662354,4630,oxotremorine-sesquifumarate,True,2.0,0.0,2.0,True,2 rings
scabertopin,93959111,-2.6931112,5.9623523,93959111,scabertopin,True,3.0,0.0,3.0,True,3 rings
sodium-gluconate,10690,-1.7738389,5.6249795,10690,sodium-gluconate,True,0.0,0.0,0.0,False,0 rings
ly2140023,9834591,-1.739031,7.0101,9834591,ly2140023,True,2.0,0.0,2.0,True,2 rings
sulconazole,6604421,7.2487435,8.0942335,6604421,sulconazole,True,3.0,3.0,0.0,True,3 rings
vanitiolide,72146,9.813266,2.7865229,72146,vanitiolide,True,2.0,1.0,1.0,True,2 rings
ve-821,51000408,6.427064,7.5495386,51000408,ve-821,True,3.0,3.0,0.0,True,3 rings
cp-471474,9907286,9.508105,2.511802,9907286,cp-471474,True,2.0,2.0,0.0,True,2 rings
artesunate,6917864,-2.1732202,5.34478,6917864,artesunate,True,5.0,0.0,5.0,True,4+ rings
bms-779788,59251511,6.7158723,8.023262,59251511,bms-779788,True,4.0,4.0,0.0,True,4+ rings
ampiroxicam,25273583,6.793528,7.3642173,25273583,ampiroxicam,True,3.0,2.0,1.0,True,3 rings
bq-788,5311032,6.6831083,6.392686,5311032,bq-788,True,3.0,2.0,1.0,True,3 rings
romidepsin,56840936,-1.9544163,7.13733,56840936,romidepsin,True,2.0,0.0,2.0,True,2 rings
rv1729,52913198,8.085631,7.5787244,52913198,rv1729,True,6.0,6.0,0.0,True,4+ rings
ethimizol,6168,4.865558,9.177615,6168,ethimizol,True,1.0,1.0,0.0,True,1 ring
jnj-7706621,5330790,7.0762687,3.38418,5330790,jnj-7706621,True,3.0,3.0,0.0,True,3 rings
lurasidone,213046,6.8957386,3.9700398,213046,lurasidone,True,7.0,2.0,5.0,True,4+ rings
pi4kiii-beta-inhibitor-1,71549093,7.5398607,7.385973,71549093,pi4kiii-beta-inhibitor-1,True,3.0,3.0,0.0,True,3 rings
phenyl-salicylate,8361,10.195243,2.09543,8361,phenyl-salicylate,True,2.0,2.0,0.0,True,2 rings
alafosfalin,71957,-1.3615164,6.8768573,71957,alafosfalin,True,0.0,0.0,0.0,False,0 rings
cobimetinib,16222096,7.2412577,3.3846855,16222096,cobimetinib,True,4.0,2.0,2.0,True,4+ rings
bhq,2374,9.555762,1.5146326,2374,bhq,True,1.0,1.0,0.0,True,1 ring
arbidol,28446253,7.850404,6.3961797,28446253,arbidol,True,3.0,3.0,0.0,True,3 rings
o-1918,40469923,9.912623,1.7422547,40469923,o-1918,True,2.0,1.0,1.0,True,2 rings
mira-1,227681,-1.6941038,6.399102,227681,mira-1,True,1.0,0.0,1.0,True,1 ring
oxymatrine,24864132,-1.5030704,6.623655,24864132,oxymatrine,True,4.0,0.0,4.0,True,4+ rings
nu-6027,398148,5.364601,9.083068,398148,nu-6027,True,2.0,1.0,1.0,True,2 rings
doxapram,28248394,7.2031116,2.217493,28248394,doxapram,True,4.0,2.0,2.0,True,4+ rings
rasagiline,3052776,6.540999,2.0836642,3052776,rasagiline,True,2.0,1.0,1.0,True,2 rings
titanocene-dichloride,11075829,-2.0067735,6.063153,11075829,titanocene-dichloride,True,2.0,0.0,2.0,True,2 rings
cipemastat,9824350,-1.4736116,6.8263645,9824350,cipemastat,True,3.0,0.0,3.0,True,3 rings
mrs-1845,92220886,7.4157124,0.7701845,92220886,mrs-1845,True,2.0,1.0,1.0,True,2 rings
hyaluronic-acid,6852395,-2.4851196,6.6925,6852395,hyaluronic-acid,True,2.0,0.0,2.0,True,2 rings
alectinib,49806720,6.5188217,6.3513055,49806720,alectinib,True,6.0,3.0,3.0,True,4+ rings
sertindole,60149,6.172424,6.3902764,60149,sertindole,True,5.0,3.0,2.0,True,4+ rings
ceftaroline-fosamil,10033059,6.3778605,7.3498654,10033059,ceftaroline-fosamil,True,5.0,3.0,2.0,True,4+ rings
benzoic-acid,243,7.9015856,1.444745,243,benzoic-acid,True,1.0,1.0,0.0,True,1 ring
cabozantinib,25102847,8.413909,6.813959,25102847,cabozantinib,True,5.0,4.0,1.0,True,4+ rings
stigmasterol,5280794,-3.0246112,5.1508045,5280794,stigmasterol,True,4.0,0.0,4.0,True,4+ rings
thz2,78357763,6.628743,7.8626266,78357763,thz2,True,5.0,5.0,0.0,True,4+ rings
ym-58483,2455,6.2088604,6.706874,2455,ym-58483,True,3.0,3.0,0.0,True,3 rings
pd-161570,5328135,6.148917,7.9648685,5328135,pd-161570,True,3.0,3.0,0.0,True,3 rings
olda,5282106,8.934214,2.3106508,5282106,olda,True,1.0,1.0,0.0,True,1 ring
gw-842166,10253143,6.393756,7.669742,10253143,gw-842166,True,3.0,2.0,1.0,True,3 rings
alpha-methylserotonin,14083218,7.757995,6.404657,14083218,alpha-methylserotonin,True,2.0,2.0,0.0,True,2 rings
simurosertib,136443810,6.3737874,6.645297,136443810,simurosertib,True,6.0,3.0,3.0,True,4+ rings
tak-632,46209401,7.754866,7.4214983,46209401,tak-632,True,5.0,4.0,1.0,True,4+ rings
droxicam,65679,6.8407226,7.3549924,65679,droxicam,True,4.0,3.0,1.0,True,4+ rings
eticlopride,57267,9.462713,3.0668359,57267,eticlopride,True,2.0,1.0,1.0,True,2 rings
delapril,5362116,7.533919,2.278079,5362116,delapril,True,3.0,2.0,1.0,True,3 rings
ly255283,122023,10.640808,1.9424945,122023,ly255283,True,2.0,2.0,0.0,True,2 rings
varespladib,155815,7.9456844,6.447126,155815,varespladib,True,3.0,3.0,0.0,True,3 rings
mg-132,462382,7.674284,2.165575,462382,mg-132,True,1.0,1.0,0.0,True,1 ring
tromaril,31635,7.9800725,3.3524196,31635,tromaril,True,2.0,2.0,0.0,True,2 rings
tubastatin-a,49850262,6.56449,6.354465,49850262,tubastatin-a,True,4.0,3.0,1.0,True,4+ rings
tak-875,24857286,10.49767,1.8443089,24857286,tak-875,True,4.0,3.0,1.0,True,4+ rings
daidzein,5281708,10.607176,1.9390181,5281708,daidzein,True,3.0,3.0,0.0,True,3 rings
selegiline,26757,6.5664115,2.0774658,26757,selegiline,True,1.0,1.0,0.0,True,1 ring
terlipressin,133566182,8.520771,2.3801708,133566182,terlipressin,True,4.0,2.0,2.0,True,4+ rings
leucylleucine-methyl-ester,7016877,-1.8523498,6.973362,7016877,leucylleucine-methyl-ester,True,0.0,0.0,0.0,False,0 rings
camkii-in-1,50898538,6.079248,7.6388283,50898538,camkii-in-1,True,5.0,4.0,1.0,True,4+ rings
procaine,4914,8.254749,3.4162934,4914,procaine,True,1.0,1.0,0.0,True,1 ring
etacrynic-acid,3278,10.119695,1.968875,3278,etacrynic-acid,True,1.0,1.0,0.0,True,1 ring
efloxate,8395,10.601122,1.9112383,8395,efloxate,True,3.0,3.0,0.0,True,3 rings
way-213613,11531745,8.9153,3.38697,11531745,way-213613,True,2.0,2.0,0.0,True,2 rings
equol,91469,10.12499,1.7843442,91469,equol,True,3.0,2.0,1.0,True,3 rings
hydrocortisone-hemisuccinate,16623,-3.5225346,5.047621,16623,hydrocortisone-hemisuccinate,True,4.0,0.0,4.0,True,4+ rings
febuxostat,134018,7.6962295,7.0173893,134018,febuxostat,True,2.0,2.0,0.0,True,2 rings
ethisterone,5284557,-3.1641684,4.757552,5284557,ethisterone,True,4.0,0.0,4.0,True,4+ rings
isoflurophate,5936,-1.2624226,6.065494,5936,isoflurophate,True,0.0,0.0,0.0,False,0 rings
tartaric-acid,444305,-1.7212807,5.7240014,444305,tartaric-acid,True,0.0,0.0,0.0,False,0 rings
asp3026,25134326,8.523993,7.561215,25134326,asp3026,True,5.0,3.0,2.0,True,4+ rings
bvd-523,11719003,6.5717125,7.6305237,11719003,bvd-523,True,3.0,3.0,0.0,True,3 rings
biperiden,12147323,8.049037,1.9455014,12147323,biperiden,True,4.0,1.0,3.0,True,4+ rings
dicloralurea,7059662,-1.266629,6.615766,7059662,dicloralurea,True,0.0,0.0,0.0,False,0 rings
grazoprevir,44603531,7.9136806,6.6349583,44603531,grazoprevir,True,7.0,2.0,5.0,True,4+ rings
pnu-120596,311434,8.888637,3.4788,311434,pnu-120596,True,2.0,2.0,0.0,True,2 rings
exalamide,3316,9.753803,2.7118666,3316,exalamide,True,1.0,1.0,0.0,True,1 ring
skf-83566,6604885,8.995586,2.0397835,6604885,skf-83566,True,3.0,2.0,1.0,True,3 rings
dimethindene-(s)-(+),6604866,6.015396,6.8983703,6604866,dimethindene-(s)-(+),True,3.0,2.0,1.0,True,3 rings
papaverine,4680,8.135679,6.7437916,4680,papaverine,True,3.0,3.0,0.0,True,3 rings
itacitinib,53380437,6.255913,8.198047,53380437,itacitinib,True,6.0,4.0,2.0,True,4+ rings
vuf10460,25129523,6.009129,7.7817326,25129523,vuf10460,True,3.0,2.0,1.0,True,3 rings
flecainide,46864232,9.540247,2.981302,46864232,flecainide,True,2.0,1.0,1.0,True,2 rings
cycloheximide,6197,-1.8041927,6.422847,6197,cycloheximide,True,2.0,0.0,2.0,True,2 rings
psb-1115,5311479,6.5804586,8.134832,5311479,psb-1115,True,3.0,3.0,0.0,True,3 rings
ibmx,3758,4.8806486,9.189446,3758,ibmx,True,2.0,2.0,0.0,True,2 rings
sb-328437,10474776,7.402404,3.220798,10474776,sb-328437,True,3.0,3.0,0.0,True,3 rings
8-bromo-camp,32014,5.4028172,9.252484,32014,8-bromo-camp,True,4.0,2.0,2.0,True,4+ rings
rs-16566,6604794,6.6676445,8.026232,6604794,rs-16566,True,5.0,2.0,3.0,True,4+ rings
7-methoxytacrine,119053,7.9656014,6.6044755,119053,7-methoxytacrine,True,3.0,2.0,1.0,True,3 rings
gsk2330672,53492727,9.336474,2.9588037,53492727,gsk2330672,True,3.0,2.0,1.0,True,3 rings
mesna,598,-1.1233515,6.1241884,598,mesna,True,0.0,0.0,0.0,False,0 rings
pralidoxime-chloride,54072659,5.9036956,7.043752,54072659,pralidoxime-chloride,True,1.0,1.0,0.0,True,1 ring
basic-fuchsin,12448,6.5928636,3.4702663,12448,basic-fuchsin,True,3.0,2.0,1.0,True,3 rings
bay-87-2243,67377767,8.307971,7.534293,67377767,bay-87-2243,True,6.0,4.0,2.0,True,4+ rings
vardenafil,135400189,8.009226,7.355094,135400189,vardenafil,True,4.0,3.0,1.0,True,4+ rings
mk-8745,11676373,6.5853124,7.5621967,11676373,mk-8745,True,4.0,3.0,1.0,True,4+ rings
hexestrol,192197,9.4818735,1.4850224,192197,hexestrol,True,2.0,2.0,0.0,True,2 rings
erythritol,222285,-1.4408691,5.8892875,222285,erythritol,True,0.0,0.0,0.0,False,0 rings
deoxyepinephrine,4382,8.967446,2.0421233,4382,deoxyepinephrine,True,1.0,1.0,0.0,True,1 ring
arc-239,609483,9.11583,3.489549,609483,arc-239,True,4.0,2.0,2.0,True,4+ rings
fexofenadine,6603853,7.92044,1.7713203,6603853,fexofenadine,True,4.0,3.0,1.0,True,4+ rings
ar-a014418,448014,7.7818823,7.572233,448014,ar-a014418,True,2.0,2.0,0.0,True,2 rings
cf102,3035850,6.301489,8.725339,3035850,cf102,True,4.0,3.0,1.0,True,4+ rings
calcium-gluceptate,25588,-1.7803091,5.632259,25588,calcium-gluceptate,True,0.0,0.0,0.0,False,0 rings
parthenolide,6473881,-2.7839313,5.908486,6473881,parthenolide,True,3.0,0.0,3.0,True,3 rings
epz005687,60160561,6.4215627,6.5263877,60160561,epz005687,True,6.0,4.0,2.0,True,4+ rings
buthionine-sulfoximine,1548918,-1.5921444,7.211206,1548918,buthionine-sulfoximine,True,0.0,0.0,0.0,False,0 rings
tiotidine,50287,4.833361,8.765599,50287,tiotidine,True,1.0,1.0,0.0,True,1 ring
tofisopam,129009868,9.963827,2.5931444,129009868,tofisopam,True,3.0,2.0,1.0,True,3 rings
az7550,71496459,8.437737,7.6493177,71496459,az7550,True,4.0,4.0,0.0,True,4+ rings
benzyldimethyloctylammonium,13741,6.5937,2.1194665,13741,benzyldimethyloctylammonium,True,1.0,1.0,0.0,True,1 ring
oltipraz,47318,5.719567,7.222676,47318,oltipraz,True,2.0,2.0,0.0,True,2 rings
lrrk2-in-1,46843906,8.361205,7.400457,46843906,lrrk2-in-1,True,6.0,3.0,3.0,True,4+ rings
t-1095,6918410,10.874407,1.7436967,6918410,t-1095,True,4.0,3.0,1.0,True,4+ rings
gr-144053,173614,6.897253,3.639989,173614,gr-144053,True,3.0,1.0,2.0,True,3 rings
ro-15-4513,5081,6.8610044,7.9267077,5081,ro-15-4513,True,3.0,2.0,1.0,True,3 rings
ta-01,91691129,6.5405393,8.248427,91691129,ta-01,True,4.0,4.0,0.0,True,4+ rings
edaravone,70335,6.677026,3.600296,70335,edaravone,True,2.0,2.0,0.0,True,2 rings
zk-200775,208953,6.8904085,3.6565647,208953,zk-200775,True,3.0,2.0,1.0,True,3 rings
pexidartinib,25151352,6.2471385,8.13982,25151352,pexidartinib,True,4.0,4.0,0.0,True,4+ rings
ledipasvir,67505836,6.6551285,7.8464184,67505836,ledipasvir,True,10.0,5.0,5.0,True,4+ rings
brd9876,613000,6.561084,2.0379875,613000,brd9876,True,2.0,2.0,0.0,True,2 rings
drotaverine,13492,9.907202,2.7266626,13492,drotaverine,True,3.0,2.0,1.0,True,3 rings
skf-91488,5227,-0.9247079,6.4753156,5227,skf-91488,True,0.0,0.0,0.0,False,0 rings
cl316243,5486546,9.504776,2.5815902,5486546,cl316243,True,3.0,2.0,1.0,True,3 rings
caffeine,2519,4.8822026,9.220638,2519,caffeine,True,2.0,2.0,0.0,True,2 rings
pd-98059,4713,9.250908,3.2637515,4713,pd-98059,True,3.0,3.0,0.0,True,3 rings
reparixin,9838712,7.062411,2.2025774,9838712,reparixin,True,1.0,1.0,0.0,True,1 ring
4-galactosyllactose,67743883,-1.6674587,5.4639125,67743883,4-galactosyllactose,True,3.0,0.0,3.0,True,3 rings
cfm-2,4377504,9.761229,3.0141447,4377504,cfm-2,True,3.0,2.0,1.0,True,3 rings
bw-180c,6917707,8.583903,2.377635,6917707,bw-180c,True,2.0,2.0,0.0,True,2 rings
polydatin,5281718,9.971717,1.6696332,5281718,polydatin,True,3.0,2.0,1.0,True,3 rings
menatetrenone,5282367,7.218601,1.5741189,5282367,menatetrenone,True,2.0,1.0,1.0,True,2 rings
isamoltane,6604790,7.7624364,6.692346,6604790,isamoltane,True,2.0,2.0,0.0,True,2 rings
pha-680632,11249084,6.292408,7.324067,11249084,pha-680632,True,5.0,3.0,2.0,True,4+ rings
9-aminocamptothecin,72402,7.4851894,6.098731,72402,9-aminocamptothecin,True,5.0,3.0,2.0,True,4+ rings
histamine,774,4.9281054,8.85596,774,histamine,True,1.0,1.0,0.0,True,1 ring
4-hydroxy-phenazone,98889,6.6955576,3.6226547,98889,4-hydroxy-phenazone,True,2.0,2.0,0.0,True,2 rings
tolnaftate,5510,9.116538,3.19941,5510,tolnaftate,True,3.0,3.0,0.0,True,3 rings
ex-527,707029,6.5154576,6.209985,707029,ex-527,True,3.0,2.0,1.0,True,3 rings
cafestol,108052,10.344667,1.6981511,108052,cafestol,True,5.0,1.0,4.0,True,4+ rings
indacaterol,6918554,8.779081,2.97436,6918554,indacaterol,True,4.0,3.0,1.0,True,4+ rings
tak-960,53357478,8.401571,7.4676046,53357478,tak-960,True,5.0,2.0,3.0,True,4+ rings
rufinamide,129228,6.3406577,6.7881837,129228,rufinamide,True,2.0,2.0,0.0,True,2 rings
trichloroethylene,6575,-1.211647,6.035533,6575,trichloroethylene,True,0.0,0.0,0.0,False,0 rings
remodelin,44442376,6.5512023,7.421998,44442376,remodelin,True,3.0,2.0,1.0,True,3 rings
prucalopride,3052762,9.222104,3.818124,3052762,prucalopride,True,3.0,1.0,2.0,True,3 rings
bio-5192,10350459,7.368078,3.20817,10350459,bio-5192,True,4.0,3.0,1.0,True,4+ rings
oxacillin,6196,8.057959,3.7539093,6196,oxacillin,True,4.0,2.0,2.0,True,4+ rings
pleconaril,1684,8.321065,6.8800693,1684,pleconaril,True,3.0,3.0,0.0,True,3 rings
dexpanthenol,131204,-1.7056818,6.8666763,131204,dexpanthenol,True,0.0,0.0,0.0,False,0 rings
ritodrine,688570,8.810607,2.1255093,688570,ritodrine,True,2.0,2.0,0.0,True,2 rings
tolmetin,5509,6.809417,6.58843,5509,tolmetin,True,2.0,2.0,0.0,True,2 rings
oxyphenonium,5748,7.850723,1.6141927,5748,oxyphenonium,True,2.0,1.0,1.0,True,2 rings
metrifonate,6604183,-1.2440109,6.046235,6604183,metrifonate,True,0.0,0.0,0.0,False,0 rings
pi-103,9884685,8.293533,7.5453506,9884685,pi-103,True,5.0,4.0,1.0,True,4+ rings
guadecitabine,135564655,4.975382,9.38309,135564655,guadecitabine,True,5.0,3.0,2.0,True,4+ rings
ono-8130,9827317,7.716693,6.885931,9827317,ono-8130,True,4.0,3.0,1.0,True,4+ rings
amlexanox,2161,8.02213,6.829268,2161,amlexanox,True,3.0,3.0,0.0,True,3 rings
saccharin,5143,7.004597,2.563672,5143,saccharin,True,2.0,1.0,1.0,True,2 rings
jak3-inhibitor-v,3799,7.211901,1.566591,3799,jak3-inhibitor-v,True,2.0,2.0,0.0,True,2 rings
mk-3207,25019940,6.5614157,7.732018,25019940,mk-3207,True,7.0,3.0,4.0,True,4+ rings
nexturastat-a,71462653,7.1665545,3.3873932,71462653,nexturastat-a,True,2.0,2.0,0.0,True,2 rings
fumagillin,12015870,-2.9691834,5.684638,12015870,fumagillin,True,3.0,0.0,3.0,True,3 rings
wh-4-023,11844351,8.415142,7.5016656,11844351,wh-4-023,True,5.0,4.0,1.0,True,4+ rings
ajmaline,98054312,6.7961383,3.4639103,98054312,ajmaline,True,7.0,1.0,6.0,True,4+ rings
teijin-compound-1,44453327,6.978761,2.5793033,44453327,teijin-compound-1,True,3.0,2.0,1.0,True,3 rings
mpi-0479605,46909588,6.347744,8.409972,46909588,mpi-0479605,True,5.0,3.0,2.0,True,4+ rings
phenothrin,187827,9.98652,1.9647107,187827,phenothrin,True,3.0,2.0,1.0,True,3 rings
meclinertant,119192,8.030038,6.5191736,119192,meclinertant,True,8.0,4.0,4.0,True,4+ rings
oxfendazole,12940581,6.811736,8.523905,12940581,oxfendazole,True,3.0,3.0,0.0,True,3 rings
pd-168077,3645619,7.205584,3.464659,3645619,pd-168077,True,3.0,2.0,1.0,True,3 rings
su014813,10138259,6.5952005,6.363704,10138259,su014813,True,4.0,2.0,2.0,True,4+ rings
cgs-15943,2690,8.285924,7.6386476,2690,cgs-15943,True,4.0,4.0,0.0,True,4+ rings
latanoprost,5311221,7.638818,1.4570129,5311221,latanoprost,True,2.0,1.0,1.0,True,2 rings
bamaquimast,184838,6.9149594,3.485674,184838,bamaquimast,True,2.0,2.0,0.0,True,2 rings
bvt-2733,6918651,6.672071,7.363252,6918651,bvt-2733,True,3.0,2.0,1.0,True,3 rings
rutin,5280805,10.916859,1.679573,5280805,rutin,True,5.0,3.0,2.0,True,4+ rings
aminophylline,2153,4.8873296,9.193511,2153,aminophylline,True,2.0,2.0,0.0,True,2 rings
pentostatin,439693,5.1625185,9.341774,439693,pentostatin,True,3.0,1.0,2.0,True,3 rings
l-glutamic-acid,88747398,-1.7001404,7.029244,88747398,l-glutamic-acid,True,0.0,0.0,0.0,False,0 rings
norethindrone-acetate,5832,-3.1885808,4.742383,5832,norethindrone-acetate,True,4.0,0.0,4.0,True,4+ rings
org-27569,44828492,6.5465846,6.299259,44828492,org-27569,True,4.0,3.0,1.0,True,4+ rings
melperone,15387,7.013446,2.2681146,15387,melperone,True,2.0,1.0,1.0,True,2 rings
lirimilast,6433118,9.1836195,3.549241,6433118,lirimilast,True,3.0,3.0,0.0,True,3 rings
omeprazole-magnesium,9601083,8.152011,7.935913,9601083,omeprazole-magnesium,True,6.0,6.0,0.0,True,4+ rings
sc-10,5175,6.7128634,1.9786924,5175,sc-10,True,2.0,2.0,0.0,True,2 rings
moprolol,3034006,9.445553,2.4065757,3034006,moprolol,True,1.0,1.0,0.0,True,1 ring
naratriptan,4440,6.12709,6.33498,4440,naratriptan,True,3.0,2.0,1.0,True,3 rings
napirimus,3047779,6.976168,6.6282415,3047779,napirimus,True,3.0,3.0,0.0,True,3 rings
ibandronate,60852,-1.2361819,6.4031568,60852,ibandronate,True,0.0,0.0,0.0,False,0 rings
ac-264613,25108278,7.067397,2.3073413,25108278,ac-264613,True,3.0,2.0,1.0,True,3 rings
sulfanilate-zinc,64741,6.4749746,3.2710505,64741,sulfanilate-zinc,True,2.0,2.0,0.0,True,2 rings
ml167,44968231,8.47569,7.3011127,44968231,ml167,True,4.0,4.0,0.0,True,4+ rings
srt1720,24180125,6.59432,7.7279553,24180125,srt1720,True,6.0,5.0,1.0,True,4+ rings
suritozole,25431,6.5608463,2.1485288,25431,suritozole,True,2.0,2.0,0.0,True,2 rings
estetrol,27125,10.150459,1.1648318,27125,estetrol,True,4.0,1.0,3.0,True,4+ rings
gw-5074,5034,8.412226,3.3078868,5034,gw-5074,True,3.0,2.0,1.0,True,3 rings
op-0595,73386748,-1.4578692,6.854753,73386748,op-0595,True,2.0,0.0,2.0,True,2 rings
tyrphostin-ag-879,135419190,9.481956,1.5004152,135419190,tyrphostin-ag-879,True,1.0,1.0,0.0,True,1 ring
azaguanine-8,135403646,4.868733,9.179389,135403646,azaguanine-8,True,2.0,2.0,0.0,True,2 rings
milademetan,73297272,6.5652547,6.309527,73297272,milademetan,True,6.0,2.0,4.0,True,4+ rings
propoxur,4944,9.526882,2.3171248,4944,propoxur,True,1.0,1.0,0.0,True,1 ring
am-630,4302963,7.8895454,6.419558,4302963,am-630,True,4.0,3.0,1.0,True,4+ rings
enisamium-iodide,2132298,6.4218655,6.874167,2132298,enisamium-iodide,True,2.0,2.0,0.0,True,2 rings
cefetamet-pivoxil,5486182,4.7435017,7.7491384,5486182,cefetamet-pivoxil,True,3.0,1.0,2.0,True,3 rings
pf-4708671,51371303,6.4394574,8.392531,51371303,pf-4708671,True,4.0,3.0,1.0,True,4+ rings
gdc-0349,59239165,6.1140895,7.8017783,59239165,gdc-0349,True,5.0,2.0,3.0,True,4+ rings
ombitasvir,54767916,7.1160965,3.54345,54767916,ombitasvir,True,6.0,3.0,3.0,True,4+ rings
carbidopa,34359,8.885942,1.9714204,34359,carbidopa,True,1.0,1.0,0.0,True,1 ring
ly2874455,46944259,8.057335,6.6263804,46944259,ly2874455,True,4.0,4.0,0.0,True,4+ rings
clofedanol,688422,8.07436,1.9402924,688422,clofedanol,True,2.0,2.0,0.0,True,2 rings
unc669,46931242,6.497185,6.863585,46931242,unc669,True,3.0,1.0,2.0,True,3 rings
oxatomide,4615,6.9224353,3.7107527,4615,oxatomide,True,5.0,4.0,1.0,True,4+ rings
tolcapone,4659569,9.142335,2.4905133,4659569,tolcapone,True,2.0,2.0,0.0,True,2 rings
methyllycaconitine,5288811,8.214771,3.3735678,5288811,methyllycaconitine,True,8.0,1.0,7.0,True,4+ rings
pf-05212384,44516953,6.352234,7.733602,44516953,pf-05212384,True,6.0,3.0,3.0,True,4+ rings
valdecoxib,119607,8.029566,4.2659626,119607,valdecoxib,True,3.0,3.0,0.0,True,3 rings
2-aminobenzenesulfonamide,72894,6.4374514,3.2395098,72894,2-aminobenzenesulfonamide,True,1.0,1.0,0.0,True,1 ring
balaglitazone,76968728,9.168964,3.5381727,76968728,balaglitazone,True,4.0,3.0,1.0,True,4+ rings
relcovaptan,60943,9.093967,3.337057,60943,relcovaptan,True,5.0,3.0,2.0,True,4+ rings
nanchangmycin,86278938,-2.7539093,6.1787987,86278938,nanchangmycin,True,6.0,0.0,6.0,True,4+ rings
fluoromethylcholine,404592,-1.3658587,6.4332013,404592,fluoromethylcholine,True,0.0,0.0,0.0,False,0 rings
l-745870,5311200,6.2971363,8.1826725,5311200,l-745870,True,4.0,3.0,1.0,True,4+ rings
camobucol,9875498,9.873675,1.7246422,9875498,camobucol,True,2.0,2.0,0.0,True,2 rings
brl-44408,6604824,6.5023913,2.2342274,6604824,brl-44408,True,3.0,1.0,2.0,True,3 rings
harmane,5281404,6.146184,6.3968782,5281404,harmane,True,3.0,3.0,0.0,True,3 rings
uridine-5'-triphosphate,6133,-2.4591937,7.9527736,6133,uridine-5'-triphosphate,True,2.0,1.0,1.0,True,2 rings
jnj-17203212,11339118,6.164637,7.658651,11339118,jnj-17203212,True,3.0,2.0,1.0,True,3 rings
osimertinib,71496458,8.452048,7.604381,71496458,osimertinib,True,4.0,4.0,0.0,True,4+ rings
rolziracetam,71893,-1.4275504,6.8263755,71893,rolziracetam,True,2.0,0.0,2.0,True,2 rings
butenafine,2484,6.543491,2.068173,2484,butenafine,True,3.0,3.0,0.0,True,3 rings
r-428,46215462,6.0144167,7.966205,46215462,r-428,True,7.0,4.0,3.0,True,4+ rings
ml786,50992247,8.258352,7.219814,50992247,ml786,True,5.0,3.0,2.0,True,4+ rings
dacomitinib,11511120,8.704474,7.24742,11511120,dacomitinib,True,4.0,3.0,1.0,True,4+ rings
pipemidic-acid,6921791,5.5586557,8.555244,6921791,pipemidic-acid,True,3.0,2.0,1.0,True,3 rings
gimeracil,54679224,-1.3382791,6.7004447,54679224,gimeracil,True,1.0,1.0,0.0,True,1 ring
bw-a4c,6438354,9.599415,2.5329354,6438354,bw-a4c,True,2.0,2.0,0.0,True,2 rings
ds2-(806622),979718,6.6443205,7.788092,979718,ds2-(806622),True,4.0,4.0,0.0,True,4+ rings
"ici-185,282",5311390,10.059942,1.9162897,5311390,"ici-185,282",True,2.0,1.0,1.0,True,2 rings
mk-0354,11159621,5.8602843,6.940371,11159621,mk-0354,True,3.0,2.0,1.0,True,3 rings
plx4720,24180719,6.5360346,7.9163036,24180719,plx4720,True,3.0,3.0,0.0,True,3 rings
batefenterol,10372836,9.104162,3.528164,10372836,batefenterol,True,6.0,5.0,1.0,True,4+ rings
acefylline,69550,4.860368,9.223549,69550,acefylline,True,2.0,2.0,0.0,True,2 rings
fg-7142,4375,6.5511546,6.3475327,4375,fg-7142,True,3.0,3.0,0.0,True,3 rings
dronedarone,208898,9.17768,3.43885,208898,dronedarone,True,3.0,3.0,0.0,True,3 rings
pki-166,6918403,8.008773,7.699239,6918403,pki-166,True,4.0,4.0,0.0,True,4+ rings
crisdesalazine,16042343,8.363286,3.366156,16042343,crisdesalazine,True,2.0,2.0,0.0,True,2 rings
halobetasol-propionate,6918178,-3.6212173,4.9383883,6918178,halobetasol-propionate,True,4.0,0.0,4.0,True,4+ rings
azd5363,25227436,6.345172,8.140317,25227436,azd5363,True,4.0,3.0,1.0,True,4+ rings
pk-44,46208486,6.4339824,7.9840965,46208486,pk-44,True,4.0,3.0,1.0,True,4+ rings
clofilium,2798,6.6499414,2.114167,2798,clofilium,True,1.0,1.0,0.0,True,1 ring
unc0224,44251522,8.828028,7.345523,44251522,unc0224,True,4.0,2.0,2.0,True,4+ rings
pyrintegrin,46223724,8.223455,7.4251957,46223724,pyrintegrin,True,5.0,3.0,2.0,True,4+ rings
ro-1138452,9839644,9.149991,3.1421704,9839644,ro-1138452,True,3.0,2.0,1.0,True,3 rings
sulfamethoxypyridazine,5330,6.4914813,3.3396845,5330,sulfamethoxypyridazine,True,2.0,2.0,0.0,True,2 rings
bay-k-8644-(+/-),6604881,7.470049,0.9381597,6604881,bay-k-8644-(+/-),True,2.0,1.0,1.0,True,2 rings
10058-f4,1271002,6.9382586,2.077315,1271002,10058-f4,True,2.0,1.0,1.0,True,2 rings
sucrose-octaacetate,31340,-1.6422601,5.4925227,31340,sucrose-octaacetate,True,2.0,0.0,2.0,True,2 rings
avibactam,9835049,-1.4183097,6.837163,9835049,avibactam,True,2.0,0.0,2.0,True,2 rings
azd2461,44199317,7.0137334,2.4635158,44199317,azd2461,True,4.0,3.0,1.0,True,4+ rings
chlormidazole,71821,6.6327763,8.341371,71821,chlormidazole,True,3.0,3.0,0.0,True,3 rings
cvt-10216,23661666,10.528248,2.0475945,23661666,cvt-10216,True,4.0,4.0,0.0,True,4+ rings
epigallocatechin-gallate-(-),65064,10.657285,1.7811302,65064,epigallocatechin-gallate-(-),True,4.0,3.0,1.0,True,4+ rings
cinchophen,8593,7.10272,6.4913735,8593,cinchophen,True,3.0,3.0,0.0,True,3 rings
ioxilan,73416261,7.882918,3.2819307,73416261,ioxilan,True,1.0,1.0,0.0,True,1 ring
mln2480,25161177,6.573635,7.589155,25161177,mln2480,True,3.0,3.0,0.0,True,3 rings
bms-626531,59749702,6.383921,7.8105183,59749702,bms-626531,True,4.0,3.0,1.0,True,4+ rings
napamezole,55718,6.51912,2.113167,55718,napamezole,True,3.0,1.0,2.0,True,3 rings
propyl-benzoate,16846,7.879735,1.4679929,16846,propyl-benzoate,True,1.0,1.0,0.0,True,1 ring
deferasirox,214348,7.525715,7.0389247,214348,deferasirox,True,4.0,4.0,0.0,True,4+ rings
perospirone,115368,6.8947735,3.9745238,115368,perospirone,True,5.0,2.0,3.0,True,4+ rings
fomepizole,3406,-0.89511013,6.5428004,3406,fomepizole,True,1.0,1.0,0.0,True,1 ring
chlorzoxazone,2733,8.897173,3.3662112,2733,chlorzoxazone,True,2.0,2.0,0.0,True,2 rings
mirogabalin-besylate,59509752,-2.2190936,6.1479707,59509752,mirogabalin-besylate,True,2.0,0.0,2.0,True,2 rings
cefmenoxime,9570757,4.740116,7.749525,9570757,cefmenoxime,True,4.0,2.0,2.0,True,4+ rings
l-733060,132846,8.049301,1.9616911,132846,l-733060,True,3.0,2.0,1.0,True,3 rings
tenatoprazole,11552393,8.112394,7.91461,11552393,tenatoprazole,True,3.0,3.0,0.0,True,3 rings
calcium-levofolinate,135398559,7.2903066,3.2173808,135398559,calcium-levofolinate,True,3.0,2.0,1.0,True,3 rings
s-14506,131906,9.138529,3.5319257,131906,s-14506,True,4.0,3.0,1.0,True,4+ rings
bml-190,2415,7.9688864,6.4492607,2415,bml-190,True,4.0,3.0,1.0,True,4+ rings
arctigenin,64981,10.0325985,1.8588622,64981,arctigenin,True,3.0,2.0,1.0,True,3 rings
cefathiamidine,44537522,-1.7908536,7.349563,44537522,cefathiamidine,True,2.0,0.0,2.0,True,2 rings
jph203,24853505,7.9690914,6.4683733,24853505,jph203,True,4.0,4.0,0.0,True,4+ rings
nvp-231,4096211,6.6846533,7.398039,4096211,nvp-231,True,7.0,3.0,4.0,True,4+ rings
bms-309403,16122583,7.995458,6.549251,16122583,bms-309403,True,5.0,5.0,0.0,True,4+ rings
butylidenephthalide,642376,7.9181824,1.4232497,642376,butylidenephthalide,True,2.0,1.0,1.0,True,2 rings
gr-127935,107780,8.357254,7.252226,107780,gr-127935,True,5.0,4.0,1.0,True,4+ rings
nvp-tae226,9934347,8.489948,7.4411054,9934347,nvp-tae226,True,4.0,3.0,1.0,True,4+ rings
bay1217389,78320750,8.296312,7.4628053,78320750,bay1217389,True,5.0,4.0,1.0,True,4+ rings
acriflavinium,2016,6.0635867,6.5570755,2016,acriflavinium,True,3.0,3.0,0.0,True,3 rings
ly411575,10435235,7.5843368,3.3275976,10435235,ly411575,True,4.0,3.0,1.0,True,4+ rings
levodopa,6971033,8.882557,2.0114791,6971033,levodopa,True,1.0,1.0,0.0,True,1 ring
7-hydroxy-pipat,10317104,8.982823,2.0629036,10317104,7-hydroxy-pipat,True,2.0,1.0,1.0,True,2 rings
dibenzepine,9419,7.1757455,3.388725,9419,dibenzepine,True,3.0,2.0,1.0,True,3 rings
levomepromazine,72287,8.803927,3.287345,72287,levomepromazine,True,3.0,2.0,1.0,True,3 rings
meclofenamic-acid,4037,7.95075,3.3675933,4037,meclofenamic-acid,True,2.0,2.0,0.0,True,2 rings
chenodeoxycholic-acid,10133,-2.6650455,5.070327,10133,chenodeoxycholic-acid,True,4.0,0.0,4.0,True,4+ rings
selenomethionine,53262363,-1.5841472,7.029882,53262363,selenomethionine,True,0.0,0.0,0.0,False,0 rings
int-747,447715,-2.6861215,5.080362,447715,int-747,True,4.0,0.0,4.0,True,4+ rings
azd4547,51039095,8.162097,6.7441278,51039095,azd4547,True,4.0,3.0,1.0,True,4+ rings
agmatine,199,-0.99798757,6.5394278,199,agmatine,True,0.0,0.0,0.0,False,0 rings
meprednisone,5284587,-3.3907738,4.847341,5284587,meprednisone,True,4.0,0.0,4.0,True,4+ rings
st-91,20864,6.6209435,3.712173,20864,st-91,True,2.0,1.0,1.0,True,2 rings
4-phenolsulfonic-acid,4765,9.419529,1.576285,4765,4-phenolsulfonic-acid,True,1.0,1.0,0.0,True,1 ring
benidipine,656667,7.3974543,0.7267955,656667,benidipine,True,4.0,2.0,2.0,True,4+ rings
cefepime,5464263,4.7583656,7.7590275,5464263,cefepime,True,4.0,1.0,3.0,True,4+ rings
gemcitabine-elaidate,9828310,-2.6007187,8.080407,9828310,gemcitabine-elaidate,True,2.0,1.0,1.0,True,2 rings
chloropyramine,25295,6.0483775,7.6485257,25295,chloropyramine,True,2.0,2.0,0.0,True,2 rings
"1,2,3,4,5,6-hexabromocyclohexane",74603,-1.1814017,6.0839167,74603,"1,2,3,4,5,6-hexabromocyclohexane",True,1.0,0.0,1.0,True,1 ring
donepezil,1150567,9.913732,2.8858967,1150567,donepezil,True,4.0,2.0,2.0,True,4+ rings
verinurad,54767229,6.0470314,6.843794,54767229,verinurad,True,3.0,3.0,0.0,True,3 rings
bismuth-subcitrate-potassium,129856537,-1.7326106,5.700242,129856537,bismuth-subcitrate-potassium,True,1.0,0.0,1.0,True,1 ring
cysteamine,6058,-1.0100113,6.4775043,6058,cysteamine,True,0.0,0.0,0.0,False,0 rings
tofacitinib,9926791,6.2010694,8.256415,9926791,tofacitinib,True,3.0,2.0,1.0,True,3 rings
dicloxacillin,18381,8.06826,3.9068027,18381,dicloxacillin,True,4.0,2.0,2.0,True,4+ rings
etc-206,71766360,6.6314416,7.8786826,71766360,etc-206,True,5.0,4.0,1.0,True,4+ rings
a-438079,11673921,6.0050406,7.6040936,11673921,a-438079,True,3.0,3.0,0.0,True,3 rings
dopamine,681,8.96062,2.030545,681,dopamine,True,1.0,1.0,0.0,True,1 ring
linoleic-acid,5280450,-2.2454703,6.1177716,5280450,linoleic-acid,True,0.0,0.0,0.0,False,0 rings
furamidine,126437,9.746232,2.6921678,126437,furamidine,True,3.0,3.0,0.0,True,3 rings
piboserod,177336,7.8795104,6.5745616,177336,piboserod,True,4.0,2.0,2.0,True,4+ rings
gr-159897,9953599,6.1769276,6.3188763,9953599,gr-159897,True,4.0,3.0,1.0,True,4+ rings
norethindrone,6230,-3.1714559,4.746318,6230,norethindrone,True,4.0,0.0,4.0,True,4+ rings
bilastine,40467029,6.8355117,8.180713,40467029,bilastine,True,4.0,3.0,1.0,True,4+ rings
azd2014,25262792,6.4090137,7.727262,25262792,azd2014,True,5.0,3.0,2.0,True,4+ rings
sb-297006,9840971,7.372215,3.0331328,9840971,sb-297006,True,2.0,2.0,0.0,True,2 rings
lgd-6972,44625560,7.1801505,3.3801346,44625560,lgd-6972,True,5.0,5.0,0.0,True,4+ rings
droxinostat,568416,9.728409,2.2228673,568416,droxinostat,True,1.0,1.0,0.0,True,1 ring
pronethalol,25271722,8.2674,2.0399659,25271722,pronethalol,True,2.0,2.0,0.0,True,2 rings
mexeneone,71645,10.577382,1.9469643,71645,mexeneone,True,2.0,2.0,0.0,True,2 rings
aminohydroxybutyric-acid,6971281,-1.6495514,6.897237,6971281,aminohydroxybutyric-acid,True,0.0,0.0,0.0,False,0 rings
sc-9,124172,6.7303324,1.9790772,124172,sc-9,True,3.0,3.0,0.0,True,3 rings
beta-funaltrexamine,5311018,10.383624,3.2102165,5311018,beta-funaltrexamine,True,6.0,1.0,5.0,True,4+ rings
flibanserin,6918248,6.884111,3.6660612,6918248,flibanserin,True,4.0,3.0,1.0,True,4+ rings
4-iodo-l-phenylalanine,7047041,7.495894,1.8947333,7047041,4-iodo-l-phenylalanine,True,1.0,1.0,0.0,True,1 ring
betaxolol,6093355,9.450306,2.4919374,6093355,betaxolol,True,2.0,1.0,1.0,True,2 rings
cicloprofen,14694110,7.6542296,1.4344596,14694110,cicloprofen,True,3.0,2.0,1.0,True,3 rings
ikk-16,9549298,6.502578,7.715928,9549298,ikk-16,True,6.0,4.0,2.0,True,4+ rings
dmp-543,9887884,6.448817,6.7933755,9887884,dmp-543,True,5.0,4.0,1.0,True,4+ rings
zaprinast,135399235,8.313748,6.7027144,135399235,zaprinast,True,3.0,3.0,0.0,True,3 rings
zm-447439,9914412,8.653887,7.2273765,9914412,zm-447439,True,5.0,4.0,1.0,True,4+ rings
cefcapene-pivoxil,5282438,4.7561846,7.7490754,5282438,cefcapene-pivoxil,True,3.0,1.0,2.0,True,3 rings
adrenosterone,223997,-3.1845834,4.797685,223997,adrenosterone,True,4.0,0.0,4.0,True,4+ rings
betrixaban,10275777,8.261222,7.256242,10275777,betrixaban,True,3.0,3.0,0.0,True,3 rings
czc-54252,44252734,8.51324,7.5882645,44252734,czc-54252,True,4.0,3.0,1.0,True,4+ rings
mkt-077,6912334,6.0681252,6.947396,6912334,mkt-077,True,4.0,3.0,1.0,True,4+ rings
piclamilast,154575,8.076499,6.8992214,154575,piclamilast,True,3.0,2.0,1.0,True,3 rings
skf-89976a,6604015,7.527997,1.9532131,6604015,skf-89976a,True,3.0,2.0,1.0,True,3 rings
landiolol,114905,9.452625,2.5521195,114905,landiolol,True,3.0,1.0,2.0,True,3 rings
plerixafor,65015,6.612683,2.1502187,65015,plerixafor,True,3.0,1.0,2.0,True,3 rings
cct128930,17751819,6.2305117,8.189092,17751819,cct128930,True,4.0,3.0,1.0,True,4+ rings
fagomine,72259,-2.124599,6.6522064,72259,fagomine,True,1.0,0.0,1.0,True,1 ring
tecovirimat,16124688,7.075511,2.409614,16124688,tecovirimat,True,6.0,1.0,5.0,True,4+ rings
tavilermide,9808372,9.1572075,3.6393688,9808372,tavilermide,True,2.0,1.0,1.0,True,2 rings
letosteine,76956360,-1.7513812,7.3192434,76956360,letosteine,True,1.0,0.0,1.0,True,1 ring
thk5351,91936858,8.463314,7.264214,91936858,thk5351,True,3.0,3.0,0.0,True,3 rings
choline,305,-1.3514595,6.473935,305,choline,True,0.0,0.0,0.0,False,0 rings
alpha-tochopheryl-acetate,9804881,9.900342,1.5787873,9804881,alpha-tochopheryl-acetate,True,2.0,1.0,1.0,True,2 rings
naloxone-benzoylhydrazone,9601084,10.4047165,3.2250233,9601084,naloxone-benzoylhydrazone,True,6.0,2.0,4.0,True,4+ rings
guaiacol,460,9.684208,1.8656923,460,guaiacol,True,1.0,1.0,0.0,True,1 ring
paracetamol,1983,8.676598,3.2549531,1983,paracetamol,True,1.0,1.0,0.0,True,1 ring
gemfibrozil,3463,9.974447,1.9155248,3463,gemfibrozil,True,1.0,1.0,0.0,True,1 ring
l-670596,86295146,6.6121745,6.2811418,86295146,l-670596,True,4.0,3.0,1.0,True,4+ rings
st-1859,14187,9.546285,1.4890887,14187,st-1859,True,4.0,4.0,0.0,True,4+ rings
tracazolate,5522,6.2610526,8.110307,5522,tracazolate,True,2.0,2.0,0.0,True,2 rings
gw-9662,644213,7.235983,3.372056,644213,gw-9662,True,2.0,2.0,0.0,True,2 rings
ravoxertinib,71727581,6.2247086,7.997383,71727581,ravoxertinib,True,4.0,4.0,0.0,True,4+ rings
ly2886721,49837968,6.515328,6.8514466,49837968,ly2886721,True,4.0,2.0,2.0,True,4+ rings
isoxepac,41448,10.274479,2.058742,41448,isoxepac,True,3.0,2.0,1.0,True,3 rings
grapiprant,11677589,6.502773,8.296942,11677589,grapiprant,True,4.0,4.0,0.0,True,4+ rings
pitavastatin,5282452,6.8663936,6.4993467,5282452,pitavastatin,True,4.0,3.0,1.0,True,4+ rings
l-701252,54687453,8.001063,3.385312,54687453,l-701252,True,3.0,2.0,1.0,True,3 rings
oncrasin-1,872445,6.614684,6.3439145,872445,oncrasin-1,True,3.0,3.0,0.0,True,3 rings
cpccoet,10106002,10.02241,2.0822196,10106002,cpccoet,True,3.0,1.0,2.0,True,3 rings
chlorazanil,10374,6.405515,3.7183218,10374,chlorazanil,True,2.0,2.0,0.0,True,2 rings
dosulepin,5284550,6.6542563,1.9503119,5284550,dosulepin,True,3.0,2.0,1.0,True,3 rings
rimexolone,5311412,-3.3990114,4.933789,5311412,rimexolone,True,4.0,0.0,4.0,True,4+ rings
ferulic-acid,445858,9.96336,1.8728552,445858,ferulic-acid,True,1.0,1.0,0.0,True,1 ring
lumefantrine,73416445,8.08218,1.9544734,73416445,lumefantrine,True,4.0,3.0,1.0,True,4+ rings
ergosterol,444679,-3.0268936,5.1779156,444679,ergosterol,True,4.0,0.0,4.0,True,4+ rings
bms-690514,11349170,8.290186,7.681743,11349170,bms-690514,True,4.0,3.0,1.0,True,4+ rings
gsk1904529a,25124816,8.422434,7.557948,25124816,gsk1904529a,True,8.0,6.0,2.0,True,4+ rings
gabapentin-enacarbil,66864580,-1.8542606,6.4461565,66864580,gabapentin-enacarbil,True,1.0,0.0,1.0,True,1 ring
orantinib,5329099,6.7404914,6.263819,5329099,orantinib,True,3.0,2.0,1.0,True,3 rings
ins316,10368038,-2.4686103,7.964022,10368038,ins316,True,2.0,1.0,1.0,True,2 rings
esmolol,28125476,9.401259,2.4919813,28125476,esmolol,True,1.0,1.0,0.0,True,1 ring
imipenem,104838,-1.87455,7.3040147,104838,imipenem,True,2.0,0.0,2.0,True,2 rings
sirolimus,134812764,-2.7014651,6.336472,134812764,sirolimus,True,4.0,0.0,4.0,True,4+ rings
pha-543613,9930121,8.028039,6.916009,9930121,pha-543613,True,5.0,2.0,3.0,True,4+ rings
ve-822,59472121,6.7393546,7.3480077,59472121,ve-822,True,4.0,4.0,0.0,True,4+ rings
dmh4,5329447,8.242165,7.6045504,5329447,dmh4,True,5.0,4.0,1.0,True,4+ rings
physostigmine,5983,8.95198,3.2923634,5983,physostigmine,True,3.0,1.0,2.0,True,3 rings
carnitine-(d/l),160907,-1.6046361,6.6293187,160907,carnitine-(d/l),True,0.0,0.0,0.0,False,0 rings
trametinib,11707110,6.98627,3.4912248,11707110,trametinib,True,5.0,4.0,1.0,True,4+ rings
fidarestat,449156,9.563361,2.832308,449156,fidarestat,True,3.0,1.0,2.0,True,3 rings
as-1949490,44473434,9.466815,3.0797062,44473434,as-1949490,True,3.0,3.0,0.0,True,3 rings
bms-191095,9822753,7.950896,7.7927794,9822753,bms-191095,True,4.0,3.0,1.0,True,4+ rings
jnj-37822681,16058752,5.934223,7.622878,16058752,jnj-37822681,True,3.0,2.0,1.0,True,3 rings
vilazodone,6918314,7.9202695,6.5213966,6918314,vilazodone,True,5.0,4.0,1.0,True,4+ rings
sparteine-(+),7014,-1.4315418,6.517699,7014,sparteine-(+),True,4.0,0.0,4.0,True,4+ rings
maytansinol-isobutyrate,131857169,9.07173,3.6227167,131857169,maytansinol-isobutyrate,True,4.0,1.0,3.0,True,4+ rings
msx-122,11687907,6.097882,7.872017,11687907,msx-122,True,3.0,3.0,0.0,True,3 rings
isosorbide-dinitrate,6883,-1.5741687,5.53775,6883,isosorbide-dinitrate,True,2.0,0.0,2.0,True,2 rings
as-604850,5287855,9.944203,2.4123495,5287855,as-604850,True,3.0,1.0,2.0,True,3 rings
ipragliflozin-l-proline,10453870,9.660598,1.6114486,10453870,ipragliflozin-l-proline,True,4.0,3.0,1.0,True,4+ rings
axitinib,6450551,6.4277453,6.5621567,6450551,axitinib,True,4.0,4.0,0.0,True,4+ rings
kr-33494,25009726,6.316932,6.729532,25009726,kr-33494,True,3.0,3.0,0.0,True,3 rings
fantofarone,119349,8.058975,6.660383,119349,fantofarone,True,4.0,4.0,0.0,True,4+ rings
gdc-0152,46940575,6.9536943,3.828526,46940575,gdc-0152,True,4.0,2.0,2.0,True,4+ rings
vinpocetine,443955,6.801718,6.2335987,443955,vinpocetine,True,5.0,2.0,3.0,True,4+ rings
hypoxanthine,790,4.8950367,9.148477,790,hypoxanthine,True,2.0,2.0,0.0,True,2 rings
orotic-acid,967,-1.2987725,6.7482324,967,orotic-acid,True,1.0,1.0,0.0,True,1 ring
gallic-acid,370,10.135311,1.8525017,370,gallic-acid,True,1.0,1.0,0.0,True,1 ring
orlistat,3034010,-1.9755431,6.659883,3034010,orlistat,True,1.0,0.0,1.0,True,1 ring
budipine,68778,6.618238,2.040494,68778,budipine,True,3.0,2.0,1.0,True,3 rings
allantoin,439714,-1.2611012,6.76451,439714,allantoin,True,1.0,0.0,1.0,True,1 ring
als-8176,89658382,-2.6070573,8.087177,89658382,als-8176,True,2.0,1.0,1.0,True,2 rings
bina,86311024,10.280267,1.8604789,86311024,bina,True,5.0,3.0,2.0,True,4+ rings
miglustat,51634,-2.107356,6.561459,51634,miglustat,True,1.0,0.0,1.0,True,1 ring
levomenthol,16666,-2.105011,5.660903,16666,levomenthol,True,1.0,0.0,1.0,True,1 ring
cc4,91654624,-1.5205394,6.536043,91654624,cc4,True,6.0,2.0,4.0,True,4+ rings
4-p-pdot,24750357,6.846867,2.1874065,24750357,4-p-pdot,True,3.0,2.0,1.0,True,3 rings
1-ethyl-2-pyrrolidone,17595,-1.3888618,6.697432,17595,1-ethyl-2-pyrrolidone,True,1.0,0.0,1.0,True,1 ring
iu1,675434,6.6457396,6.603153,675434,iu1,True,3.0,2.0,1.0,True,3 rings
agn-195183,9867758,8.349549,3.4029603,9867758,agn-195183,True,3.0,2.0,1.0,True,3 rings
crizotinib,11626560,8.284417,7.544604,11626560,crizotinib,True,4.0,3.0,1.0,True,4+ rings
alx-40-4c,25077385,-1.5720968,6.898602,25077385,alx-40-4c,True,0.0,0.0,0.0,False,0 rings
amrubicin,3035016,10.019025,3.428022,3035016,amrubicin,True,5.0,2.0,3.0,True,4+ rings
bp-897,3038495,9.120237,3.5236666,3038495,bp-897,True,4.0,3.0,1.0,True,4+ rings
icilin,161930,8.665904,3.2170653,161930,icilin,True,3.0,2.0,1.0,True,3 rings
l-phenylisopropyladenosine,93205,6.322641,8.654287,93205,l-phenylisopropyladenosine,True,4.0,3.0,1.0,True,4+ rings
ciglitazone,6604850,9.621536,2.6650724,6604850,ciglitazone,True,3.0,1.0,2.0,True,3 rings
mk-6096,25128145,8.277173,7.271234,25128145,mk-6096,True,4.0,3.0,1.0,True,4+ rings
sdz-220-040,6604839,8.694079,1.9244587,6604839,sdz-220-040,True,2.0,2.0,0.0,True,2 rings
carbarsone,8480,6.606391,3.5855157,8480,carbarsone,True,1.0,1.0,0.0,True,1 ring
colfosceril-palmitate,160339,-1.9149643,6.1197915,160339,colfosceril-palmitate,True,0.0,0.0,0.0,False,0 rings
dapivirine,214347,6.0660257,7.759833,214347,dapivirine,True,3.0,3.0,0.0,True,3 rings
sinomenine,5459308,10.331575,3.1703525,5459308,sinomenine,True,4.0,1.0,3.0,True,4+ rings
tetrahydrouridine,9543506,-2.4753675,7.845808,9543506,tetrahydrouridine,True,2.0,0.0,2.0,True,2 rings
rta-408,71811910,-3.1673803,4.8309083,71811910,rta-408,True,5.0,0.0,5.0,True,4+ rings
andarine,9824562,8.964685,3.3971148,9824562,andarine,True,2.0,2.0,0.0,True,2 rings
fingolimod,107970,7.6722884,1.7572284,107970,fingolimod,True,1.0,1.0,0.0,True,1 ring
pomalidomide,9965330,7.25851,3.373712,9965330,pomalidomide,True,3.0,1.0,2.0,True,3 rings
macozinone,57331386,6.561658,3.1667674,57331386,macozinone,True,4.0,2.0,2.0,True,4+ rings
encorafenib,50922675,6.1520643,8.115129,50922675,encorafenib,True,3.0,3.0,0.0,True,3 rings
2-iodomelatonin,115348,7.94893,6.4130306,115348,2-iodomelatonin,True,2.0,2.0,0.0,True,2 rings
terbutaline,11354816,8.874575,2.1008916,11354816,terbutaline,True,1.0,1.0,0.0,True,1 ring
ym-022,122130,7.131743,3.5394018,122130,ym-022,True,5.0,4.0,1.0,True,4+ rings
dibekacin,470999,-2.6353543,6.7535686,470999,dibekacin,True,3.0,0.0,3.0,True,3 rings
agn-194310,9867046,7.8887672,1.3501514,9867046,agn-194310,True,4.0,3.0,1.0,True,4+ rings
amikacin,37768,-2.614238,6.75912,37768,amikacin,True,3.0,0.0,3.0,True,3 rings
2-[1-(4-piperonyl)piperazinyl]benzothiazole,127902,7.8327003,7.4318604,127902,2-[1-(4-piperonyl)piperazinyl]benzothiazole,True,5.0,3.0,2.0,True,4+ rings
mecarbinate,616236,7.8358955,6.353604,616236,mecarbinate,True,2.0,2.0,0.0,True,2 rings
chlorothymol,6982,9.438646,1.4524449,6982,chlorothymol,True,1.0,1.0,0.0,True,1 ring
noretynodrel,6231,-3.1519387,4.718554,6231,noretynodrel,True,4.0,0.0,4.0,True,4+ rings
fostemsavir,11319217,8.292841,7.6311364,11319217,fostemsavir,True,5.0,4.0,1.0,True,4+ rings
metipranolol,57185490,9.463838,2.483943,57185490,metipranolol,True,1.0,1.0,0.0,True,1 ring
undecylenic-acid,5634,-2.2749212,6.077228,5634,undecylenic-acid,True,0.0,0.0,0.0,False,0 rings
d-4476,6419753,8.192703,7.460704,6419753,d-4476,True,5.0,4.0,1.0,True,4+ rings
verubecestat,51352361,6.4439645,6.9665728,51352361,verubecestat,True,3.0,2.0,1.0,True,3 rings
arecaidine-propargyl-ester,2229,-1.9253745,6.270386,2229,arecaidine-propargyl-ester,True,1.0,0.0,1.0,True,1 ring
inimur,72165119,9.547492,3.1777642,72165119,inimur,True,2.0,1.0,1.0,True,2 rings
ceruletide,16129675,7.1502047,6.9129267,16129675,ceruletide,True,5.0,4.0,1.0,True,4+ rings
losartan,3961,6.5297174,8.255287,3961,losartan,True,4.0,4.0,0.0,True,4+ rings
sb-612111,10047612,8.071012,1.9252778,10047612,sb-612111,True,4.0,2.0,2.0,True,4+ rings
oxaprozin,4614,7.9127707,6.51194,4614,oxaprozin,True,3.0,3.0,0.0,True,3 rings
luf-5834,135543624,7.870454,7.7816453,135543624,luf-5834,True,3.0,3.0,0.0,True,3 rings
trebenzomine,76963054,9.573755,2.5871575,76963054,trebenzomine,True,2.0,1.0,1.0,True,2 rings
emd-53998,446286,9.205039,3.5370862,446286,emd-53998,True,4.0,2.0,2.0,True,4+ rings
mk-2894,24952929,7.8618636,1.9986347,24952929,mk-2894,True,4.0,3.0,1.0,True,4+ rings
cnx-774,59174579,8.345154,7.288472,59174579,cnx-774,True,4.0,4.0,0.0,True,4+ rings
moxalactam,157009,8.083606,2.5460756,157009,moxalactam,True,4.0,2.0,2.0,True,4+ rings
urmc-099,54764565,6.294872,8.32179,54764565,urmc-099,True,6.0,5.0,1.0,True,4+ rings
eltanolone,31402,-2.656187,5.0787177,31402,eltanolone,True,4.0,0.0,4.0,True,4+ rings
way-255348,11543746,6.5159926,6.3340325,11543746,way-255348,True,3.0,2.0,1.0,True,3 rings
mbx-2982,25025505,8.0987835,7.6003346,25025505,mbx-2982,True,5.0,4.0,1.0,True,4+ rings
proxyfan,6421522,7.0109572,8.28907,6421522,proxyfan,True,2.0,2.0,0.0,True,2 rings
cefminox,71141,-1.8116033,7.3859177,71141,cefminox,True,3.0,1.0,2.0,True,3 rings
ver-155008,25195348,6.370049,8.683019,25195348,ver-155008,True,5.0,4.0,1.0,True,4+ rings
visomitin,16679092,7.219098,1.5621164,16679092,visomitin,True,4.0,3.0,1.0,True,4+ rings
epigallocatechin-(-),72277,10.228837,1.67735,72277,epigallocatechin-(-),True,3.0,2.0,1.0,True,3 rings
delamanid,6480466,8.061077,7.745222,6480466,delamanid,True,5.0,3.0,2.0,True,4+ rings
agm-1470,14942882,-2.8388855,5.7820377,14942882,agm-1470,True,3.0,0.0,3.0,True,3 rings
1-acetyl-4-methylpiperazine,550758,-1.304604,6.727894,550758,1-acetyl-4-methylpiperazine,True,1.0,0.0,1.0,True,1 ring
l-asparagine-n-hydroxy,97663,-1.6431351,7.0259137,97663,l-asparagine-n-hydroxy,True,0.0,0.0,0.0,False,0 rings
z160,4988454,6.9923143,2.3271642,4988454,z160,True,5.0,4.0,1.0,True,4+ rings
rs-67506,133076,9.215869,3.7951753,133076,rs-67506,True,2.0,1.0,1.0,True,2 rings
oxacyclohexadecan-2-one,235414,-1.8630269,5.9942107,235414,oxacyclohexadecan-2-one,True,1.0,0.0,1.0,True,1 ring
sjg-136,393111,9.323262,3.4785953,393111,sjg-136,True,6.0,2.0,4.0,True,4+ rings
az5104,71496460,8.438993,7.6805663,71496460,az5104,True,4.0,4.0,0.0,True,4+ rings
theobromine,5429,4.8779216,9.2120695,5429,theobromine,True,2.0,2.0,0.0,True,2 rings
docosanol,12620,-1.9254578,5.878639,12620,docosanol,True,0.0,0.0,0.0,False,0 rings
oxprenolol,94423,9.458328,2.3690925,94423,oxprenolol,True,1.0,1.0,0.0,True,1 ring
dapagliflozin,9887712,9.878381,1.779415,9887712,dapagliflozin,True,3.0,2.0,1.0,True,3 rings
secalciferol,5283748,-2.9637806,5.300244,5283748,secalciferol,True,3.0,0.0,3.0,True,3 rings
sotalol,67108155,8.144589,2.2655747,67108155,sotalol,True,1.0,1.0,0.0,True,1 ring
xl019,57990869,6.3083477,7.878197,57990869,xl019,True,5.0,3.0,2.0,True,4+ rings
iopanic-acid,12304727,7.6361723,2.1744502,12304727,iopanic-acid,True,1.0,1.0,0.0,True,1 ring
sant-2,1367095,8.146148,7.4874263,1367095,sant-2,True,4.0,4.0,0.0,True,4+ rings
cgp-39551,6438792,-1.5831742,6.932099,6438792,cgp-39551,True,0.0,0.0,0.0,False,0 rings
ici-192605,6604763,9.928461,1.765522,6604763,ici-192605,True,3.0,2.0,1.0,True,3 rings
chlorphenamine,33036,5.985071,6.9292836,33036,chlorphenamine,True,2.0,2.0,0.0,True,2 rings
lopinavir,92727,9.540337,2.7125652,92727,lopinavir,True,4.0,3.0,1.0,True,4+ rings
sb-706375,21023902,9.083283,3.0503747,21023902,sb-706375,True,3.0,2.0,1.0,True,3 rings
sb-772077b,16095343,6.5323124,8.056459,16095343,sb-772077b,True,4.0,3.0,1.0,True,4+ rings
triacetin,5541,-1.6540474,5.970826,5541,triacetin,True,0.0,0.0,0.0,False,0 rings
bambuterol,57515921,9.090509,2.2379508,57515921,bambuterol,True,1.0,1.0,0.0,True,1 ring
securinine,442872,-2.3353004,6.096956,442872,securinine,True,4.0,0.0,4.0,True,4+ rings
lorediplon,12004146,6.4347796,7.8929706,12004146,lorediplon,True,4.0,4.0,0.0,True,4+ rings
vu0240551,7211972,6.6410627,7.4435368,7211972,vu0240551,True,3.0,3.0,0.0,True,3 rings
atomoxetine,54841,9.553289,2.5958116,54841,atomoxetine,True,2.0,2.0,0.0,True,2 rings
ezatiostat,5310939,7.5706744,2.267761,5310939,ezatiostat,True,2.0,2.0,0.0,True,2 rings
alacepril,71992,7.598577,2.3829646,71992,alacepril,True,2.0,1.0,1.0,True,2 rings
n6-cyclopentyladenosine,657378,5.401329,9.261716,657378,n6-cyclopentyladenosine,True,4.0,2.0,2.0,True,4+ rings
cinchonidine,101744,7.2586417,6.566953,101744,cinchonidine,True,5.0,2.0,3.0,True,4+ rings
laurocapram,42981,-1.4258078,6.683226,42981,laurocapram,True,1.0,0.0,1.0,True,1 ring
methsuximide,25271978,7.102137,2.3152387,25271978,methsuximide,True,2.0,1.0,1.0,True,2 rings
bicifadine,11715257,6.5552735,2.0760152,11715257,bicifadine,True,3.0,1.0,2.0,True,3 rings
pf-06751979,118435360,8.060916,7.1059904,118435360,pf-06751979,True,4.0,2.0,2.0,True,4+ rings
bumetanide,2471,9.024576,3.401056,2471,bumetanide,True,2.0,2.0,0.0,True,2 rings
kd025,11950170,8.430743,7.441051,11950170,kd025,True,5.0,5.0,0.0,True,4+ rings
chlorcyclizine,688437,6.668569,2.2122662,688437,chlorcyclizine,True,3.0,2.0,1.0,True,3 rings
alclofenac,30951,10.001006,2.0021245,30951,alclofenac,True,1.0,1.0,0.0,True,1 ring
hm-30181,11399764,8.453332,6.686597,11399764,hm-30181,True,7.0,6.0,1.0,True,4+ rings
d-phenylalanine,71567,7.4938602,1.9399287,71567,d-phenylalanine,True,1.0,1.0,0.0,True,1 ring
sha-68,52951680,7.9380627,2.0561247,52951680,sha-68,True,5.0,3.0,2.0,True,4+ rings
ivermectin,6321424,-2.7861915,6.222776,6321424,ivermectin,True,7.0,0.0,7.0,True,4+ rings
gsk923295,46898058,8.1874,7.548189,46898058,gsk923295,True,4.0,4.0,0.0,True,4+ rings
medetomidine,60612,6.811411,8.291477,60612,medetomidine,True,2.0,2.0,0.0,True,2 rings
sesamin,72307,10.042902,1.8431356,72307,sesamin,True,6.0,2.0,4.0,True,4+ rings
refametinib,44182295,8.916503,3.2466662,44182295,refametinib,True,3.0,2.0,1.0,True,3 rings
ixazomib,25183872,6.969611,2.5757635,25183872,ixazomib,True,1.0,1.0,0.0,True,1 ring
bretazenil,107926,6.8696637,7.9520507,107926,bretazenil,True,4.0,2.0,2.0,True,4+ rings
proxyphylline,158962,4.8938475,9.23377,158962,proxyphylline,True,2.0,2.0,0.0,True,2 rings
dexmedetomidine,5311068,6.7685094,8.268787,5311068,dexmedetomidine,True,2.0,2.0,0.0,True,2 rings
4-ppbp,3035672,6.6143565,2.055292,3035672,4-ppbp,True,3.0,2.0,1.0,True,3 rings
emedastine,3219,6.6053414,8.405012,3219,emedastine,True,3.0,2.0,1.0,True,3 rings
anr-94,11805896,5.355591,9.095252,11805896,anr-94,True,2.0,2.0,0.0,True,2 rings
naphthoquine-phosphate,9851775,7.5432982,6.527286,9851775,naphthoquine-phosphate,True,4.0,3.0,1.0,True,4+ rings
isopentyl-4-methoxycinnamate,1549789,9.8752985,1.9398824,1549789,isopentyl-4-methoxycinnamate,True,1.0,1.0,0.0,True,1 ring
u-0124,75645652,-0.9250866,6.4022617,75645652,u-0124,True,0.0,0.0,0.0,False,0 rings
vancomycin,14969,10.081893,3.0718105,14969,vancomycin,True,12.0,5.0,7.0,True,4+ rings
5-methylhydantoin-(l),6419931,-1.2759776,6.7899895,6419931,5-methylhydantoin-(l),True,1.0,0.0,1.0,True,1 ring
asc-j9,74891315,9.964446,1.8913311,74891315,asc-j9,True,2.0,2.0,0.0,True,2 rings
carbimazole,31072,-1.2024132,6.557213,31072,carbimazole,True,1.0,1.0,0.0,True,1 ring
cefradine,40467109,-1.8664078,7.3100586,40467109,cefradine,True,3.0,0.0,3.0,True,3 rings
bi-409306,135908617,6.215102,8.036019,135908617,bi-409306,True,4.0,3.0,1.0,True,4+ rings
gln-1062,44240142,10.130665,3.0371156,44240142,gln-1062,True,5.0,2.0,3.0,True,4+ rings
doxofylline,50942,4.868191,9.239162,50942,doxofylline,True,3.0,2.0,1.0,True,3 rings
tirasemtiv,23729157,4.8925047,9.08358,23729157,tirasemtiv,True,2.0,2.0,0.0,True,2 rings
sobrepin,854498,-2.5521386,5.738068,854498,sobrepin,True,1.0,0.0,1.0,True,1 ring
veliparib,11960529,6.744204,8.096347,11960529,veliparib,True,3.0,2.0,1.0,True,3 rings
5-carboxamidotryptamine,1809,6.553963,6.308008,1809,5-carboxamidotryptamine,True,2.0,2.0,0.0,True,2 rings
chuanxiongzine,14296,4.8256273,8.959329,14296,chuanxiongzine,True,1.0,1.0,0.0,True,1 ring
etoxybamide,522232,-1.7059412,6.8178587,522232,etoxybamide,True,0.0,0.0,0.0,False,0 rings
rgx-104,10218693,9.8168955,2.6950083,10218693,rgx-104,True,4.0,4.0,0.0,True,4+ rings
ribavirin,37542,-2.4684646,7.9633174,37542,ribavirin,True,2.0,1.0,1.0,True,2 rings
oleanolic-acid,10494,-3.1857386,5.0786104,10494,oleanolic-acid,True,5.0,0.0,5.0,True,4+ rings
n-cyclohexyl-2-benzothiazolesulfenamide,7232,6.557036,7.009604,7232,n-cyclohexyl-2-benzothiazolesulfenamide,True,3.0,2.0,1.0,True,3 rings
pbi-4050,24749700,7.6734824,1.467268,24749700,pbi-4050,True,1.0,1.0,0.0,True,1 ring
selumetinib,10127622,6.695576,7.9741845,10127622,selumetinib,True,3.0,3.0,0.0,True,3 rings
mifepristone,55245,7.5801687,3.4078364,55245,mifepristone,True,5.0,1.0,4.0,True,4+ rings
octamethyltrisiloxane,24705,-1.1847253,6.077116,24705,octamethyltrisiloxane,True,0.0,0.0,0.0,False,0 rings
scp-1,667575,8.52768,3.3866782,667575,scp-1,True,3.0,2.0,1.0,True,3 rings
diphencyprone,65057,7.1809587,1.6063356,65057,diphencyprone,True,3.0,3.0,0.0,True,3 rings
benzoyl-peroxide,7187,7.8431873,1.4280009,7187,benzoyl-peroxide,True,2.0,2.0,0.0,True,2 rings
acetyl-farnesyl-cysteine,6438381,-1.7824833,7.2454834,6438381,acetyl-farnesyl-cysteine,True,0.0,0.0,0.0,False,0 rings
nonoxynol-9,72385,9.869887,1.8959278,72385,nonoxynol-9,True,1.0,1.0,0.0,True,1 ring
cefozopran,5491955,4.900425,7.7510376,5491955,cefozopran,True,5.0,3.0,2.0,True,4+ rings
nerbacadol,65865,-1.3823525,6.7470903,65865,nerbacadol,True,2.0,1.0,1.0,True,2 rings
wp1066,11210478,6.2356567,6.8432927,11210478,wp1066,True,2.0,2.0,0.0,True,2 rings
acpc,6971063,-1.582472,7.0143023,6971063,acpc,True,1.0,0.0,1.0,True,1 ring
etidronic-acid,3305,-1.1941651,6.188185,3305,etidronic-acid,True,0.0,0.0,0.0,False,0 rings
lifitegrast,11965427,9.472389,3.0944512,11965427,lifitegrast,True,5.0,4.0,1.0,True,4+ rings
rg7112,57406853,9.528736,2.8441355,57406853,rg7112,True,5.0,3.0,2.0,True,4+ rings
thiethylperazine,5440,6.1235423,3.4461935,5440,thiethylperazine,True,4.0,2.0,2.0,True,4+ rings
ethanolamine-oleate,5282489,-2.1926994,6.253145,5282489,ethanolamine-oleate,True,0.0,0.0,0.0,False,0 rings
4-damp,1734,7.7970037,1.6971657,1734,4-damp,True,3.0,2.0,1.0,True,3 rings
para-toluenesulfonamide,6269,6.742345,1.9065799,6269,para-toluenesulfonamide,True,1.0,1.0,0.0,True,1 ring
volinanserin,5311271,9.805432,2.6965294,5311271,volinanserin,True,3.0,2.0,1.0,True,3 rings
zoledronic-acid,68740,4.605465,8.822463,68740,zoledronic-acid,True,1.0,1.0,0.0,True,1 ring
oxymetazoline,4636,9.001897,2.0788474,4636,oxymetazoline,True,2.0,1.0,1.0,True,2 rings
gsk2110183,46843057,6.4075694,6.627335,46843057,gsk2110183,True,3.0,3.0,0.0,True,3 rings
cresol,2879,9.466943,1.5668565,2879,cresol,True,1.0,1.0,0.0,True,1 ring
mavatrep,17751090,6.8143635,8.415033,17751090,mavatrep,True,4.0,4.0,0.0,True,4+ rings
fosbretabulin,5351387,9.947786,1.8141781,5351387,fosbretabulin,True,2.0,2.0,0.0,True,2 rings
lorlatinib,78162481,8.184875,7.225168,78162481,lorlatinib,True,4.0,3.0,1.0,True,4+ rings
ppy-a,16750094,8.263519,7.577155,16750094,ppy-a,True,4.0,4.0,0.0,True,4+ rings
nesbuvir,11561383,9.128293,3.5916045,11561383,nesbuvir,True,4.0,3.0,1.0,True,4+ rings
tc-h-106,16070100,7.065233,3.4481664,16070100,tc-h-106,True,2.0,2.0,0.0,True,2 rings
s-methylcysteine,7058174,-1.615317,7.2116437,7058174,s-methylcysteine,True,0.0,0.0,0.0,False,0 rings
methimazole,1349907,-1.0332217,6.529874,1349907,methimazole,True,1.0,1.0,0.0,True,1 ring
funapide,49836093,9.97752,3.094297,49836093,funapide,True,6.0,3.0,3.0,True,4+ rings
coumophos,2871,10.072969,1.8973811,2871,coumophos,True,2.0,2.0,0.0,True,2 rings
pregnenolone,8955,-3.150443,5.024783,8955,pregnenolone,True,4.0,0.0,4.0,True,4+ rings
epothilone-a,45489244,-2.7252128,5.982653,45489244,epothilone-a,True,3.0,1.0,2.0,True,3 rings
fh1,94990,6.925406,3.5542343,94990,fh1,True,2.0,2.0,0.0,True,2 rings
upadacitinib,58557659,6.3389144,8.319724,58557659,upadacitinib,True,4.0,3.0,1.0,True,4+ rings
tripelennamine,5587,6.122267,7.655656,5587,tripelennamine,True,2.0,2.0,0.0,True,2 rings
silodosin,5312125,9.139798,3.5324447,5312125,silodosin,True,3.0,2.0,1.0,True,3 rings
litronesib,25167017,6.9713054,2.2738411,25167017,litronesib,True,2.0,1.0,1.0,True,2 rings
pt-2385,91754484,9.869273,1.7966709,91754484,pt-2385,True,3.0,2.0,1.0,True,3 rings
a-317491,9829395,9.58541,2.9982533,9829395,a-317491,True,5.0,4.0,1.0,True,4+ rings
amitifadine,11658655,6.597555,2.1367307,11658655,amitifadine,True,3.0,1.0,2.0,True,3 rings
baloxavir,124081876,6.93931,2.32046,124081876,baloxavir,True,6.0,3.0,3.0,True,4+ rings
cot-inhibitor-2,44143370,6.003644,6.730821,44143370,cot-inhibitor-2,True,5.0,4.0,1.0,True,4+ rings
bms-935177,70647728,6.819708,6.3372946,70647728,bms-935177,True,6.0,6.0,0.0,True,4+ rings
indibulin,2929,6.5950685,6.411957,2929,indibulin,True,4.0,4.0,0.0,True,4+ rings
iox2,54685215,7.8861933,3.3508008,54685215,iox2,True,3.0,3.0,0.0,True,3 rings
propoxycaine,6843,9.064393,3.6496224,6843,propoxycaine,True,1.0,1.0,0.0,True,1 ring
abiraterone-acetate,9821849,6.2228208,6.870859,9821849,abiraterone-acetate,True,5.0,1.0,4.0,True,4+ rings
gsk9027,24882669,6.04471,6.442707,24882669,gsk9027,True,5.0,5.0,0.0,True,4+ rings
dbpr108,44201003,-1.4726143,6.883007,44201003,dbpr108,True,2.0,0.0,2.0,True,2 rings
elacestrant,23642301,9.065246,3.2334394,23642301,elacestrant,True,4.0,3.0,1.0,True,4+ rings
tak-243,71715374,6.2016325,8.522285,71715374,tak-243,True,4.0,3.0,1.0,True,4+ rings
rolapitant,10311306,7.910668,2.0109885,10311306,rolapitant,True,4.0,2.0,2.0,True,4+ rings
txa127,46878481,7.316453,7.2417135,46878481,txa127,True,3.0,2.0,1.0,True,3 rings
btb1,291461,6.4563055,3.2189968,291461,btb1,True,2.0,2.0,0.0,True,2 rings
alfacalcidol,5282181,-2.9145105,5.36529,5282181,alfacalcidol,True,3.0,0.0,3.0,True,3 rings
apalutamide,24872560,6.465229,6.969822,24872560,apalutamide,True,4.0,2.0,2.0,True,4+ rings
bibn4096,6918509,7.1665125,6.776648,6918509,bibn4096,True,6.0,3.0,3.0,True,4+ rings
lurbinectedin,57327016,8.168708,6.222917,57327016,lurbinectedin,False,,,,,Invalid/missing SMILES
sitafloxacin,461399,9.571512,4.5360675,461399,sitafloxacin,True,5.0,2.0,3.0,True,4+ rings
mifobate,76958126,8.493987,1.5559987,76958126,mifobate,True,1.0,1.0,0.0,True,1 ring
prolylleucylglycinamide,51387302,-1.5530474,6.876334,51387302,prolylleucylglycinamide,True,1.0,0.0,1.0,True,1 ring
sulfaquinoxaline,5338,6.108898,7.434218,5338,sulfaquinoxaline,True,3.0,3.0,0.0,True,3 rings
apocynin,2214,10.017245,1.8937253,2214,apocynin,True,1.0,1.0,0.0,True,1 ring
win-64338,132928,7.2218657,3.4866579,132928,win-64338,True,5.0,3.0,2.0,True,4+ rings
zolimidine,14652,6.527943,8.112516,14652,zolimidine,True,3.0,3.0,0.0,True,3 rings
purvalanol-b,448991,6.5756636,8.152123,448991,purvalanol-b,True,3.0,3.0,0.0,True,3 rings
adenosine-triphosphate,5957,5.377391,9.253484,5957,adenosine-triphosphate,True,3.0,2.0,1.0,True,3 rings
i-bza,129424,7.094086,2.5480583,129424,i-bza,True,1.0,1.0,0.0,True,1 ring
tg-02,16739650,8.239294,7.453596,16739650,tg-02,True,4.0,3.0,1.0,True,4+ rings
proflavine-hemisulfate,7099,6.0959167,6.516665,7099,proflavine-hemisulfate,True,3.0,3.0,0.0,True,3 rings
clofarabine,119182,5.411318,9.250456,119182,clofarabine,True,3.0,2.0,1.0,True,3 rings
l-798106,15551229,9.612061,2.4734514,15551229,l-798106,True,4.0,4.0,0.0,True,4+ rings
veledimex,57751161,9.497073,2.9993083,57751161,veledimex,True,2.0,2.0,0.0,True,2 rings
domperidone,3151,6.6035314,3.7038028,3151,domperidone,True,5.0,4.0,1.0,True,4+ rings
plumbagin,10205,10.276873,1.7026067,10205,plumbagin,True,2.0,1.0,1.0,True,2 rings
pergolide,47811,6.1577916,6.2985563,47811,pergolide,True,4.0,2.0,2.0,True,4+ rings
pifithrin-mu,327653,6.7657833,1.8700198,327653,pifithrin-mu,True,1.0,1.0,0.0,True,1 ring
stattic,2779853,6.460047,3.1908526,2779853,stattic,True,2.0,1.0,1.0,True,2 rings
"5,7-dichlorokynurenic-acid",1779,7.8175416,3.3508966,1779,"5,7-dichlorokynurenic-acid",True,2.0,2.0,0.0,True,2 rings
tioconazole,28125518,7.4120073,8.089995,28125518,tioconazole,True,3.0,3.0,0.0,True,3 rings
terguride,443951,6.2104516,6.3433104,443951,terguride,True,4.0,2.0,2.0,True,4+ rings
iclaprim,10247560,8.138529,7.4286137,10247560,iclaprim,True,4.0,2.0,2.0,True,4+ rings
tetrazol-5-yl-glycine-(rs),15024268,-1.5096365,6.959462,15024268,tetrazol-5-yl-glycine-(rs),True,1.0,1.0,0.0,True,1 ring
s-07662,2732040,9.498977,3.0828688,2732040,s-07662,True,3.0,3.0,0.0,True,3 rings
pramiracetam,51712,-1.3815558,6.818021,51712,pramiracetam,True,1.0,0.0,1.0,True,1 ring
gsk503,67469117,6.612922,7.8215694,67469117,gsk503,True,5.0,4.0,1.0,True,4+ rings
xd-14,52670832,7.9610915,4.5129404,52670832,xd-14,True,2.0,2.0,0.0,True,2 rings
nebracetam,25136943,7.0375595,2.3748746,25136943,nebracetam,True,2.0,1.0,1.0,True,2 rings
adenosine-phosphate,6083,5.389856,9.251018,6083,adenosine-phosphate,True,3.0,2.0,1.0,True,3 rings
medorinone,5362132,6.230389,6.8990464,5362132,medorinone,True,2.0,2.0,0.0,True,2 rings
ormeloxifene,35805,9.6756115,2.5109575,35805,ormeloxifene,True,5.0,3.0,2.0,True,4+ rings
benzofenac,91676,10.034829,1.9774232,91676,benzofenac,True,2.0,2.0,0.0,True,2 rings
u-104,310360,6.425971,3.2799451,310360,u-104,True,2.0,2.0,0.0,True,2 rings
olprinone,4593,6.4924893,8.049759,4593,olprinone,True,3.0,3.0,0.0,True,3 rings
tcs-ox2-29,10408514,8.131842,6.787718,10408514,tcs-ox2-29,True,3.0,2.0,1.0,True,3 rings
epirubicin,41867,9.974718,3.4782922,41867,epirubicin,True,5.0,2.0,3.0,True,4+ rings
gly-gln,7018836,-1.8404623,7.1083493,7018836,gly-gln,True,0.0,0.0,0.0,False,0 rings
fps-zm1,24752728,6.9900813,2.59088,24752728,fps-zm1,True,3.0,2.0,1.0,True,3 rings
sphingosylphosphorylcholine,5280613,-1.9084785,6.4110217,5280613,sphingosylphosphorylcholine,True,0.0,0.0,0.0,False,0 rings
brl-54443,2438,7.815703,6.4510894,2438,brl-54443,True,3.0,2.0,1.0,True,3 rings
fenipentol,6999795,8.919575,1.5608792,6999795,fenipentol,True,1.0,1.0,0.0,True,1 ring
propiverine,4942,7.939495,1.7363691,4942,propiverine,True,3.0,2.0,1.0,True,3 rings
cephalomannine,6436208,9.740412,3.3857474,6436208,cephalomannine,True,6.0,2.0,4.0,True,4+ rings
phosphatidylcholine,446962,-2.1044605,6.150371,446962,phosphatidylcholine,True,0.0,0.0,0.0,False,0 rings
jw-55,2946601,9.138506,3.5661092,2946601,jw-55,True,4.0,3.0,1.0,True,4+ rings
tetrindole,54792409,6.1521125,6.321988,54792409,tetrindole,True,5.0,2.0,3.0,True,4+ rings
cimetidine,2756,4.9124613,8.858965,2756,cimetidine,True,1.0,1.0,0.0,True,1 ring
pancuronium,441289,-2.6965344,5.070723,441289,pancuronium,True,6.0,0.0,6.0,True,4+ rings
ro-20-1724,6998998,9.844265,2.8020175,6998998,ro-20-1724,True,2.0,1.0,1.0,True,2 rings
lithium-acetoacetate,96,-1.6713207,5.912528,96,lithium-acetoacetate,True,0.0,0.0,0.0,False,0 rings
tofogliflozin,46908929,9.847576,1.640076,46908929,tofogliflozin,True,4.0,2.0,2.0,True,4+ rings
tipifarnib,159324,6.737756,8.093947,159324,tipifarnib,True,5.0,5.0,0.0,True,4+ rings
tiquizium,72160,6.6867986,1.9581883,72160,tiquizium,True,4.0,2.0,2.0,True,4+ rings
topotecan,60700,7.5238986,6.1221056,60700,topotecan,True,5.0,3.0,2.0,True,4+ rings
"4-phenyl-1,2,3,4-tetrahydroisoquinoline",11820407,6.5799603,2.0745883,11820407,"4-phenyl-1,2,3,4-tetrahydroisoquinoline",True,3.0,2.0,1.0,True,3 rings
palmitoleic-acid,445638,-2.2397618,6.1196623,445638,palmitoleic-acid,True,0.0,0.0,0.0,False,0 rings
naltriben,5486827,10.393893,3.2136047,5486827,naltriben,True,8.0,3.0,5.0,True,4+ rings
l-838417,9908880,8.231445,7.6424217,9908880,l-838417,True,4.0,4.0,0.0,True,4+ rings
amg-548,11167112,6.552259,7.340053,11167112,amg-548,True,5.0,5.0,0.0,True,4+ rings
zm-323881,16759369,8.603221,7.3677063,16759369,zm-323881,True,4.0,4.0,0.0,True,4+ rings
ftorafur,288216,-1.9739016,7.5117445,288216,ftorafur,True,2.0,1.0,1.0,True,2 rings
liarozole,76956376,6.5953298,8.387027,76956376,liarozole,True,4.0,4.0,0.0,True,4+ rings
licochalcone-a,5318998,10.594141,1.9354832,5318998,licochalcone-a,True,2.0,2.0,0.0,True,2 rings
aspartame,6992066,7.5044613,2.2614717,6992066,aspartame,True,1.0,1.0,0.0,True,1 ring
jnj-10397049,9869934,7.448643,3.4703672,9869934,jnj-10397049,True,3.0,2.0,1.0,True,3 rings
meprylcaine,4065,7.766956,1.6750592,4065,meprylcaine,True,1.0,1.0,0.0,True,1 ring
lifirafenib,89670174,8.193177,7.579791,89670174,lifirafenib,True,7.0,4.0,3.0,True,4+ rings
y-320,22227931,6.3937707,6.54804,22227931,y-320,True,5.0,3.0,2.0,True,4+ rings
isbufylline,65681,4.8765435,9.227483,65681,isbufylline,True,2.0,2.0,0.0,True,2 rings
dovitinib,135398510,6.7196865,8.186004,135398510,dovitinib,True,5.0,4.0,1.0,True,4+ rings
isosorbide,12597,-1.5830951,5.5115056,12597,isosorbide,True,2.0,0.0,2.0,True,2 rings
sb-228357,443390,8.013904,6.6192007,443390,sb-228357,True,4.0,3.0,1.0,True,4+ rings
lovastatin,53232,-2.681073,5.964796,53232,lovastatin,True,3.0,0.0,3.0,True,3 rings
furazolidone,5323714,9.5609,3.1655145,5323714,furazolidone,True,2.0,1.0,1.0,True,2 rings
ym-976,6604918,5.994391,7.6623845,6604918,ym-976,True,3.0,3.0,0.0,True,3 rings
tryptanthrin,73549,7.358014,3.3799438,73549,tryptanthrin,True,4.0,3.0,1.0,True,4+ rings
alpha-d-glucopyranose,79025,-1.6198069,5.4949517,79025,alpha-d-glucopyranose,True,1.0,0.0,1.0,True,1 ring
vu0238429,42633508,9.219336,3.5194552,42633508,vu0238429,True,3.0,2.0,1.0,True,3 rings
prednisolone-hemisuccinate,656804,-3.6017165,4.975246,656804,prednisolone-hemisuccinate,True,4.0,0.0,4.0,True,4+ rings
sobuzoxane,5233,-1.3160437,6.720964,5233,sobuzoxane,True,2.0,0.0,2.0,True,2 rings
almotriptan,123606,6.111397,6.335792,123606,almotriptan,True,3.0,2.0,1.0,True,3 rings
paramethadione,51380897,-1.4151149,6.649398,51380897,paramethadione,True,1.0,0.0,1.0,True,1 ring
crenigacestat,71236992,6.4440255,7.628994,71236992,crenigacestat,True,3.0,2.0,1.0,True,3 rings
fevipiprant,23582412,6.526736,7.877512,23582412,fevipiprant,True,3.0,3.0,0.0,True,3 rings
dizocilpine-(-),6337640,6.5660224,2.0287855,6337640,dizocilpine-(-),True,4.0,2.0,2.0,True,4+ rings
se-methylselenocysteine,45266674,-1.5707347,7.0564275,45266674,se-methylselenocysteine,True,0.0,0.0,0.0,False,0 rings
4-tert-butylphenol,7393,9.475107,1.5136452,7393,4-tert-butylphenol,True,1.0,1.0,0.0,True,1 ring
mrk-016,6918583,8.250023,7.66382,6918583,mrk-016,True,4.0,4.0,0.0,True,4+ rings
tc-s-7005,24971422,8.277491,7.445748,24971422,tc-s-7005,True,5.0,4.0,1.0,True,4+ rings
danazol,28417,-3.182581,4.671437,28417,danazol,True,5.0,1.0,4.0,True,4+ rings
falecalcitriol,5282190,-2.9138105,5.376836,5282190,falecalcitriol,True,3.0,0.0,3.0,True,3 rings
gw-405833,9911463,7.917381,6.408472,9911463,gw-405833,True,4.0,3.0,1.0,True,4+ rings
dicyclohexylamine,7582,-0.9822237,6.579359,7582,dicyclohexylamine,True,2.0,0.0,2.0,True,2 rings
gw-438014a,6918627,6.7454987,8.0453415,6918627,gw-438014a,True,4.0,4.0,0.0,True,4+ rings
dihydroartemisinin,3000518,-2.0746179,5.410944,3000518,dihydroartemisinin,True,5.0,0.0,5.0,True,4+ rings
bx-795,10077147,6.4922786,7.675925,10077147,bx-795,True,4.0,3.0,1.0,True,4+ rings
bay-w-9798,2167221,7.573818,1.2640982,2167221,bay-w-9798,True,2.0,1.0,1.0,True,2 rings
azd1390,126689157,7.9358006,6.7954416,126689157,azd1390,True,5.0,4.0,1.0,True,4+ rings
nadide,5893,6.2839785,8.690538,5893,nadide,True,5.0,3.0,2.0,True,4+ rings
zset1446,10220323,6.837184,2.2950444,10220323,zset1446,True,4.0,1.0,3.0,True,4+ rings
sophocarpine,115269,-1.5801412,6.508898,115269,sophocarpine,True,4.0,0.0,4.0,True,4+ rings
thiophanate,3032791,6.5448146,3.6071334,3032791,thiophanate,True,1.0,1.0,0.0,True,1 ring
verapamil,2520,9.890687,2.7708774,2520,verapamil,True,2.0,2.0,0.0,True,2 rings
tc-fpr-43,24776341,6.6412015,3.6811337,24776341,tc-fpr-43,True,3.0,3.0,0.0,True,3 rings
dalfampridine,1727,5.9051,7.079034,1727,dalfampridine,True,1.0,1.0,0.0,True,1 ring
dideoxyadenosine,20039,5.3851385,9.210993,20039,dideoxyadenosine,True,3.0,2.0,1.0,True,3 rings
uc-112,3426979,7.699347,6.4961414,3426979,uc-112,True,4.0,3.0,1.0,True,4+ rings
5-hmf,237332,9.919,2.0397604,237332,5-hmf,True,1.0,1.0,0.0,True,1 ring
as-77,11302540,10.627096,1.9849162,11302540,as-77,True,4.0,4.0,0.0,True,4+ rings
tpca-1,9903786,7.118802,3.1953692,9903786,tpca-1,True,2.0,2.0,0.0,True,2 rings
medrysone,247839,-3.3415387,4.9712563,247839,medrysone,True,4.0,0.0,4.0,True,4+ rings
caffeic-acid,689043,9.785402,1.6889819,689043,caffeic-acid,True,1.0,1.0,0.0,True,1 ring
parcetasal,76961763,8.988638,3.5516155,76961763,parcetasal,True,3.0,2.0,1.0,True,3 rings
dyclonine,3180,9.788083,2.7135766,3180,dyclonine,True,2.0,1.0,1.0,True,2 rings
tak-285,11620908,8.253851,7.584555,11620908,tak-285,True,4.0,4.0,0.0,True,4+ rings
ilomastat,132519,6.660014,6.355125,132519,ilomastat,True,2.0,2.0,0.0,True,2 rings
vicriviroc,3009355,6.3438797,7.7408667,3009355,vicriviroc,True,4.0,2.0,2.0,True,4+ rings
aminopentamide,176163,7.0988693,2.268855,176163,aminopentamide,True,2.0,2.0,0.0,True,2 rings
ax-024,56949412,9.6005335,2.5883806,56949412,ax-024,True,4.0,2.0,2.0,True,4+ rings
seratrodast,73346713,7.5727825,1.4520398,73346713,seratrodast,True,2.0,1.0,1.0,True,2 rings
ccmq,3337816,7.06719,6.477763,3337816,ccmq,True,2.0,2.0,0.0,True,2 rings
thz1,73602827,6.6057367,7.7587233,73602827,thz1,True,5.0,5.0,0.0,True,4+ rings
conivaptan,151171,6.695484,7.93266,151171,conivaptan,True,6.0,5.0,1.0,True,4+ rings
urapidil,5639,8.975981,3.3222709,5639,urapidil,True,3.0,2.0,1.0,True,3 rings
tropesin,12606305,7.948603,6.3955607,12606305,tropesin,True,4.0,4.0,0.0,True,4+ rings
ns-8,10176749,6.0471635,7.5313487,10176749,ns-8,True,2.0,2.0,0.0,True,2 rings
7-keto-dhea,9798229,-3.210184,4.8875465,9798229,7-keto-dhea,True,4.0,0.0,4.0,True,4+ rings
pozanicline,178052,7.746904,6.8091083,178052,pozanicline,True,2.0,1.0,1.0,True,2 rings
citarinostat,53340426,6.400139,7.651326,53340426,citarinostat,True,3.0,3.0,0.0,True,3 rings
meldonium,123869,-1.5346342,6.9428005,123869,meldonium,True,0.0,0.0,0.0,False,0 rings
fipi,16739265,6.567177,6.318221,16739265,fipi,True,5.0,4.0,1.0,True,4+ rings
bromocriptine,31101,6.4971914,6.2466345,31101,bromocriptine,True,7.0,2.0,5.0,True,4+ rings
otx015,9936746,7.231286,7.8114586,9936746,otx015,True,5.0,4.0,1.0,True,4+ rings
3-bromo-7-nitroindazole,1649,6.0330296,6.564258,1649,3-bromo-7-nitroindazole,True,2.0,2.0,0.0,True,2 rings
u-18666a,9954083,-3.147984,4.9984646,9954083,u-18666a,True,4.0,0.0,4.0,True,4+ rings
isoflupredone-acetate,224246,-3.6311712,4.9594007,224246,isoflupredone-acetate,True,4.0,0.0,4.0,True,4+ rings
rociletinib,57335384,8.458694,7.5234957,57335384,rociletinib,True,4.0,3.0,1.0,True,4+ rings
pf-06447475,72706840,6.2590055,8.27006,72706840,pf-06447475,True,4.0,3.0,1.0,True,4+ rings
tafamidis-meglumine,11001318,7.936267,6.435471,11001318,tafamidis-meglumine,True,3.0,3.0,0.0,True,3 rings
sildenafil,135398744,8.234893,6.651347,135398744,sildenafil,True,4.0,3.0,1.0,True,4+ rings
tedizolid,11234049,6.0284996,6.9680376,11234049,tedizolid,True,4.0,3.0,1.0,True,4+ rings
zaltoprofen,13306545,7.7059693,1.4216413,13306545,zaltoprofen,True,3.0,2.0,1.0,True,3 rings
cl-225385,64799,7.1603036,1.6802906,64799,cl-225385,True,1.0,1.0,0.0,True,1 ring
gabapentin,6919078,-1.8408344,6.470535,6919078,gabapentin,True,1.0,0.0,1.0,True,1 ring
aut-1,53230344,8.06635,6.9657903,53230344,aut-1,True,3.0,2.0,1.0,True,3 rings
norelgestromin,9568628,-3.1443193,4.7734804,9568628,norelgestromin,True,4.0,0.0,4.0,True,4+ rings
narlaprevir,11857239,-1.5039552,6.8879514,11857239,narlaprevir,True,4.0,0.0,4.0,True,4+ rings
sulfathiazole,5340,6.5048537,7.3400016,5340,sulfathiazole,True,2.0,2.0,0.0,True,2 rings
ethenzamide,3282,9.806629,2.6524186,3282,ethenzamide,True,1.0,1.0,0.0,True,1 ring
procyclidine,3044369,7.992187,6.5402336,3044369,procyclidine,True,2.0,2.0,0.0,True,2 rings
suramin,5361,7.12468,3.3840964,5361,suramin,True,8.0,8.0,0.0,True,4+ rings
rosmarinic-acid,5281792,10.048273,1.7864094,5281792,rosmarinic-acid,True,2.0,2.0,0.0,True,2 rings
troglitazone,9824580,9.819687,2.1323247,9824580,troglitazone,True,4.0,2.0,2.0,True,4+ rings
"benzenemethanol,-2,5-dimethyl-[[(1-methylethyl)amino]methyl]",92279095,8.264061,2.0800383,92279095,"benzenemethanol,-2,5-dimethyl-[[(1-methylethyl)amino]methyl]",True,1.0,1.0,0.0,True,1 ring
azosemide,2273,6.274327,3.2419357,2273,azosemide,True,3.0,3.0,0.0,True,3 rings
trabodenoson,11610599,5.405781,9.2748995,11610599,trabodenoson,True,4.0,2.0,2.0,True,4+ rings
ricinoleic-acid,643684,-2.3161297,6.072438,643684,ricinoleic-acid,True,0.0,0.0,0.0,False,0 rings
padsevonil,52911611,4.8711195,9.228204,52911611,padsevonil,True,3.0,2.0,1.0,True,3 rings
palmitoylethanolamide,4671,-1.6463689,6.689588,4671,palmitoylethanolamide,True,0.0,0.0,0.0,False,0 rings
tram-39,9861261,6.6035924,2.030128,9861261,tram-39,True,3.0,3.0,0.0,True,3 rings
sclareolide,929262,-2.5873234,5.1286807,929262,sclareolide,True,3.0,0.0,3.0,True,3 rings
probucol,4912,9.483575,1.4821627,4912,probucol,True,2.0,2.0,0.0,True,2 rings
alvimopan,5488548,8.640899,2.3557389,5488548,alvimopan,True,3.0,2.0,1.0,True,3 rings
lidocaine,3676,6.9524865,3.7099736,3676,lidocaine,True,1.0,1.0,0.0,True,1 ring
6-diazo-5-oxo-l-norleucine,73707377,-1.7350289,7.0715423,73707377,6-diazo-5-oxo-l-norleucine,True,0.0,0.0,0.0,False,0 rings
gsk37647,743974,9.014477,3.1106257,743974,gsk37647,True,2.0,2.0,0.0,True,2 rings
valbenazine,24795069,10.084919,3.0110667,24795069,valbenazine,True,3.0,1.0,2.0,True,3 rings
azd9496,86287635,6.4841175,6.297211,86287635,azd9496,True,4.0,3.0,1.0,True,4+ rings
mln1117,70798655,8.286237,7.6141043,70798655,mln1117,True,5.0,4.0,1.0,True,4+ rings
gsk2334470,46215815,6.2454195,7.9212456,46215815,gsk2334470,True,5.0,3.0,2.0,True,4+ rings
tetradecylthioacetic-acid,114924,-1.7700207,5.9751515,114924,tetradecylthioacetic-acid,True,0.0,0.0,0.0,False,0 rings
florfenicol,114811,8.222301,2.0792463,114811,florfenicol,True,1.0,1.0,0.0,True,1 ring
hydralazine,9351,5.8598804,7.045643,9351,hydralazine,True,2.0,2.0,0.0,True,2 rings
av-608,9917079,6.519892,6.498042,9917079,av-608,True,5.0,4.0,1.0,True,4+ rings
l-741742,133008,8.105536,4.25406,133008,l-741742,True,4.0,3.0,1.0,True,4+ rings
sib-1757,132466061,6.4891095,3.5720742,132466061,sib-1757,True,2.0,1.0,1.0,True,2 rings
olanzapine,135398745,6.2871614,3.4814858,135398745,olanzapine,True,4.0,2.0,2.0,True,4+ rings
tak-593,24767976,8.317014,7.6092253,24767976,tak-593,True,5.0,4.0,1.0,True,4+ rings
clopamide,12492,7.002407,2.6879282,12492,clopamide,True,2.0,1.0,1.0,True,2 rings
isaxonine,71169,5.3007894,8.762437,71169,isaxonine,True,1.0,1.0,0.0,True,1 ring
ebpc,6919079,7.179038,2.344932,6919079,ebpc,True,2.0,1.0,1.0,True,2 rings
cefpirome,6917675,6.4293423,7.301567,6917675,cefpirome,True,5.0,2.0,3.0,True,4+ rings
kt-433,3874929,10.502206,1.9929917,3874929,kt-433,True,3.0,3.0,0.0,True,3 rings
l-proline,6971047,-1.808979,7.065722,6971047,l-proline,True,1.0,0.0,1.0,True,1 ring
benethamine,65055,6.644822,2.1361947,65055,benethamine,True,2.0,2.0,0.0,True,2 rings
napabucasin,10331844,10.444201,1.9730608,10331844,napabucasin,True,3.0,2.0,1.0,True,3 rings
erdafitinib,67462786,8.149698,6.7607813,67462786,erdafitinib,True,4.0,4.0,0.0,True,4+ rings
sulmetozine,65790,9.966819,2.8435185,65790,sulmetozine,True,2.0,1.0,1.0,True,2 rings
ro-5126766,16719221,8.267722,7.4051123,16719221,ro-5126766,True,4.0,4.0,0.0,True,4+ rings
lasmiditan,11610526,6.5345488,7.4689903,11610526,lasmiditan,True,3.0,2.0,1.0,True,3 rings
malathion,12358970,-1.6528107,6.0022564,12358970,malathion,True,0.0,0.0,0.0,False,0 rings
mavoglurant,9926832,7.8302655,1.9733028,9926832,mavoglurant,True,3.0,1.0,2.0,True,3 rings
traxoprodil,219101,8.814419,2.0910394,219101,traxoprodil,True,3.0,2.0,1.0,True,3 rings
sorafenib,216239,8.205824,7.0733676,216239,sorafenib,True,3.0,3.0,0.0,True,3 rings
tannic-acid,16129778,10.850859,1.6978548,16129778,tannic-acid,True,11.0,10.0,1.0,True,4+ rings
bunazosin,2472,8.818353,7.3244247,2472,bunazosin,True,3.0,2.0,1.0,True,3 rings
caroxazone,29083,9.458649,2.7333128,29083,caroxazone,True,2.0,1.0,1.0,True,2 rings
1-phenylbiguanide,4780,6.4391613,3.506178,4780,1-phenylbiguanide,True,1.0,1.0,0.0,True,1 ring
cw-008,59528098,8.337031,7.5675993,59528098,cw-008,True,5.0,5.0,0.0,True,4+ rings
chf5074,9996409,7.6612473,1.3612041,9996409,chf5074,True,3.0,2.0,1.0,True,3 rings
betamethasone-butyrate-propionate,71470,-3.6322613,4.953034,71470,betamethasone-butyrate-propionate,True,4.0,0.0,4.0,True,4+ rings
suprofen,688581,7.663141,1.4868585,688581,suprofen,True,2.0,2.0,0.0,True,2 rings
bromebric-acid,5284375,10.004517,2.0077069,5284375,bromebric-acid,True,1.0,1.0,0.0,True,1 ring
propagermanium,83030,-1.6244603,6.0023336,83030,propagermanium,True,0.0,0.0,0.0,False,0 rings
cardionogen-1,663145,8.166715,7.4870443,663145,cardionogen-1,True,4.0,3.0,1.0,True,4+ rings
flurizan,92337,7.6500225,1.4302894,92337,flurizan,True,2.0,2.0,0.0,True,2 rings
benznidazole,31593,6.889608,8.151308,31593,benznidazole,True,2.0,2.0,0.0,True,2 rings
torin-1,49836027,6.2662897,6.624733,49836027,torin-1,True,7.0,6.0,1.0,True,4+ rings
pyridoxal-isonicotinoyl-hydrazone,135409539,7.0560994,6.7390666,135409539,pyridoxal-isonicotinoyl-hydrazone,True,2.0,2.0,0.0,True,2 rings
pf-3845,25154867,8.038784,6.979501,25154867,pf-3845,True,4.0,3.0,1.0,True,4+ rings
methyl-nicotinate,7151,6.9276304,6.907089,7151,methyl-nicotinate,True,1.0,1.0,0.0,True,1 ring
gw-583340,5329480,8.572275,7.375969,5329480,gw-583340,True,5.0,5.0,0.0,True,4+ rings
unc0631,53315868,8.829879,7.337596,53315868,unc0631,True,6.0,2.0,4.0,True,4+ rings
hydroquinidine,91503,7.6588707,6.6034446,91503,hydroquinidine,True,5.0,2.0,3.0,True,4+ rings
etp-45658,25229608,8.076585,7.7156086,25229608,etp-45658,True,4.0,3.0,1.0,True,4+ rings
sincalide,9833444,6.931872,6.5216866,9833444,sincalide,True,4.0,4.0,0.0,True,4+ rings
ci-923,76971447,9.477681,2.6849854,76971447,ci-923,True,3.0,2.0,1.0,True,3 rings
valganciclovir,135483663,4.9507213,9.346461,135483663,valganciclovir,True,2.0,2.0,0.0,True,2 rings
promestriene,9883915,10.149417,1.202027,9883915,promestriene,True,4.0,1.0,3.0,True,4+ rings
mephenytoin,107921,7.082142,2.4031835,107921,mephenytoin,True,2.0,1.0,1.0,True,2 rings
iohexol,6604427,7.880631,3.2884812,6604427,iohexol,True,1.0,1.0,0.0,True,1 ring
elafibranor,9864881,10.184603,1.9730068,9864881,elafibranor,True,2.0,2.0,0.0,True,2 rings
bms-983970,73388374,7.0597467,3.6534765,73388374,bms-983970,True,4.0,2.0,2.0,True,4+ rings
ginsenoside-re,441921,-3.3475933,5.294201,441921,ginsenoside-re,True,7.0,0.0,7.0,True,4+ rings
stf-118804,20916937,7.9219565,6.8284736,20916937,stf-118804,True,4.0,4.0,0.0,True,4+ rings
resiquimod,159603,6.3879213,8.500278,159603,resiquimod,True,3.0,3.0,0.0,True,3 rings
nan-190,4431,9.144053,3.486461,4431,nan-190,True,4.0,2.0,2.0,True,4+ rings
halofantrine,36688213,8.092689,1.944703,36688213,halofantrine,True,3.0,3.0,0.0,True,3 rings
flurofamide,51173,7.077543,2.5383573,51173,flurofamide,True,1.0,1.0,0.0,True,1 ring
pimavanserin,10071196,9.502944,2.850785,10071196,pimavanserin,True,3.0,2.0,1.0,True,3 rings
phenazone,2206,6.7128167,3.6587546,2206,phenazone,True,2.0,2.0,0.0,True,2 rings
indeloxazine,67212739,9.4768505,2.5018883,67212739,indeloxazine,True,3.0,1.0,2.0,True,3 rings
kpt-9274,117779453,8.218313,7.1681647,117779453,kpt-9274,True,6.0,5.0,1.0,True,4+ rings
clindamycin-phosphate,443385,-2.0576837,6.891008,443385,clindamycin-phosphate,True,2.0,0.0,2.0,True,2 rings
leniolisib,57495353,8.147569,7.4210315,57495353,leniolisib,True,4.0,2.0,2.0,True,4+ rings
darolutamide,121489720,6.47766,6.5772667,121489720,darolutamide,True,3.0,3.0,0.0,True,3 rings
alfadolone-acetate,24733,-2.6542249,5.082312,24733,alfadolone-acetate,True,4.0,0.0,4.0,True,4+ rings
idronoxil,219100,9.979797,1.8276142,219100,idronoxil,True,3.0,2.0,1.0,True,3 rings
pd-118057,9864959,7.936421,3.373492,9864959,pd-118057,True,3.0,3.0,0.0,True,3 rings
cep-33779,57336812,6.1258993,8.285727,57336812,cep-33779,True,5.0,4.0,1.0,True,4+ rings
mrk-409,22609888,8.203729,7.67783,22609888,mrk-409,True,5.0,4.0,1.0,True,4+ rings
ubp-302,6420161,7.533997,2.5860825,6420161,ubp-302,True,2.0,2.0,0.0,True,2 rings
clindamycin-palmitate,16052039,-1.975794,6.959509,16052039,clindamycin-palmitate,True,2.0,0.0,2.0,True,2 rings
td139,73774610,6.157011,6.774749,73774610,td139,True,6.0,4.0,2.0,True,4+ rings
succinic-acid,21952380,-1.6705735,5.96281,21952380,succinic-acid,True,0.0,0.0,0.0,False,0 rings
bms-986142,86582336,6.5929523,6.295196,86582336,bms-986142,True,6.0,5.0,1.0,True,4+ rings
difenpiramide,100472,6.4556475,7.5110664,100472,difenpiramide,True,3.0,3.0,0.0,True,3 rings
brincidofovir,483477,-2.593223,8.073523,483477,brincidofovir,True,1.0,1.0,0.0,True,1 ring
riboflavin-5-phosphate-sodium,643976,7.047909,3.4152622,643976,riboflavin-5-phosphate-sodium,True,3.0,1.0,2.0,True,3 rings
sacubitril,9811834,7.5037417,2.1630301,9811834,sacubitril,True,2.0,2.0,0.0,True,2 rings
dihomo-gamma-linolenic-acid,5280581,-2.2570474,6.129921,5280581,dihomo-gamma-linolenic-acid,True,0.0,0.0,0.0,False,0 rings
gnf-5,44129660,8.29772,7.313031,44129660,gnf-5,True,3.0,3.0,0.0,True,3 rings
ritanserin,5074,6.8169403,2.4226892,5074,ritanserin,True,5.0,4.0,1.0,True,4+ rings
alda-1,831629,9.89388,2.9153209,831629,alda-1,True,3.0,2.0,1.0,True,3 rings
freselestat,46936829,7.353364,2.3179617,46936829,freselestat,True,3.0,3.0,0.0,True,3 rings
cgp-57380,11644425,5.9782076,8.223031,11644425,cgp-57380,True,3.0,3.0,0.0,True,3 rings
verucerfont,11596613,8.24586,7.57482,11596613,verucerfont,True,4.0,4.0,0.0,True,4+ rings
toltrazuril,68591,9.023277,3.2785363,68591,toltrazuril,True,3.0,3.0,0.0,True,3 rings
20-hete,5283157,-2.2456074,6.1035724,5283157,20-hete,True,0.0,0.0,0.0,False,0 rings
nbqx,3272524,6.7885456,3.4916265,3272524,nbqx,True,3.0,3.0,0.0,True,3 rings
tirofiban,60947,9.330873,2.5582693,60947,tirofiban,True,2.0,1.0,1.0,True,2 rings
amg-337,44181686,8.309664,7.5867577,44181686,amg-337,True,5.0,5.0,0.0,True,4+ rings
florifenine,216222,6.997966,6.3884377,216222,florifenine,True,4.0,3.0,1.0,True,4+ rings
sdz-nkt-343,9851211,7.170379,3.4626467,9851211,sdz-nkt-343,True,5.0,4.0,1.0,True,4+ rings
bax-channel-blocker,981054,6.198105,6.288355,981054,bax-channel-blocker,True,4.0,3.0,1.0,True,4+ rings
cb-839,71577426,8.204653,7.260363,71577426,cb-839,True,4.0,4.0,0.0,True,4+ rings
zk-93426,115210,7.9281907,6.490937,115210,zk-93426,True,3.0,3.0,0.0,True,3 rings
phytonadione,5284607,7.207897,1.5715569,5284607,phytonadione,True,2.0,1.0,1.0,True,2 rings
xl041,49787490,7.1691084,8.095411,49787490,xl041,True,4.0,4.0,0.0,True,4+ rings
parbendazole,26596,6.7720013,8.472721,26596,parbendazole,True,2.0,2.0,0.0,True,2 rings
cinaciguat,9808022,9.628373,2.9236555,9808022,cinaciguat,True,4.0,4.0,0.0,True,4+ rings
u-50488-(-),6604724,6.8578486,2.395449,6604724,u-50488-(-),True,3.0,1.0,2.0,True,3 rings
emd-386088,10131112,6.2714386,6.2863545,10131112,emd-386088,True,3.0,2.0,1.0,True,3 rings
cortodoxone,440707,-3.313867,4.8266954,440707,cortodoxone,True,4.0,0.0,4.0,True,4+ rings
sotrastaurin,10296883,6.6251006,7.8034534,10296883,sotrastaurin,True,6.0,4.0,2.0,True,4+ rings
bay-60-6583,11717831,7.96049,7.2097893,11717831,bay-60-6583,True,3.0,2.0,1.0,True,3 rings
sq-22536,22879197,5.3770022,9.159473,22879197,sq-22536,True,3.0,2.0,1.0,True,3 rings
phensuximide,6604215,7.0994363,2.3022258,6604215,phensuximide,True,2.0,1.0,1.0,True,2 rings
anandamide,5281969,-1.9556227,6.756572,5281969,anandamide,True,0.0,0.0,0.0,False,0 rings
pralidoxime,4884,5.933546,7.044289,4884,pralidoxime,True,1.0,1.0,0.0,True,1 ring
tafenoquine,76969188,8.206254,6.6576104,76969188,tafenoquine,True,3.0,3.0,0.0,True,3 rings
zaltidine,56051,4.9823666,8.8136635,56051,zaltidine,True,2.0,2.0,0.0,True,2 rings
ots514,67448836,8.3879595,3.3091295,67448836,ots514,True,4.0,4.0,0.0,True,4+ rings
cefoxitin,441199,7.701034,2.5059228,441199,cefoxitin,True,3.0,1.0,2.0,True,3 rings
gyki-52466,3538,9.961609,2.6453774,3538,gyki-52466,True,4.0,2.0,2.0,True,4+ rings
gw-2580,11617559,8.171086,7.4495535,11617559,gw-2580,True,3.0,3.0,0.0,True,3 rings
l-methionine,6992087,-1.5775541,7.2386837,6992087,l-methionine,True,0.0,0.0,0.0,False,0 rings
nornicotine,93047,5.9339924,7.0222006,93047,nornicotine,True,2.0,1.0,1.0,True,2 rings
idoxuridine,5905,-2.462114,7.935138,5905,idoxuridine,True,2.0,1.0,1.0,True,2 rings
quinapril,54892,7.471039,2.3025036,54892,quinapril,True,3.0,2.0,1.0,True,3 rings
l-leucine,7045798,-1.638148,7.0225754,7045798,l-leucine,True,0.0,0.0,0.0,False,0 rings
sal003,2252542,6.8307257,3.6444998,2252542,sal003,True,2.0,2.0,0.0,True,2 rings
vorinostat,5311,6.8924994,3.5412703,5311,vorinostat,True,1.0,1.0,0.0,True,1 ring
calhex-231,11849514,6.990379,2.5969853,11849514,calhex-231,True,4.0,3.0,1.0,True,4+ rings
eprobemide,65659,6.9876194,2.5436323,65659,eprobemide,True,2.0,1.0,1.0,True,2 rings
tba-354,49836057,8.125609,7.724602,49836057,tba-354,True,4.0,3.0,1.0,True,4+ rings
pyrotinib,51039030,8.601176,7.0765376,51039030,pyrotinib,True,5.0,4.0,1.0,True,4+ rings
cct-031374,2853753,7.1748857,3.4788141,2853753,cct-031374,True,5.0,3.0,2.0,True,4+ rings
balofloxacin,40490624,9.49423,4.2477965,40490624,balofloxacin,True,4.0,2.0,2.0,True,4+ rings
mm-206,102514675,8.78588,2.8935926,102514675,mm-206,True,4.0,4.0,0.0,True,4+ rings
bosentan,104865,8.076239,7.528267,104865,bosentan,True,4.0,4.0,0.0,True,4+ rings
potassium-p-aminobenzoate,978,8.161977,3.3708103,978,potassium-p-aminobenzoate,True,1.0,1.0,0.0,True,1 ring
bendroflumethiazide,9845085,6.2998033,3.2040565,9845085,bendroflumethiazide,True,3.0,2.0,1.0,True,3 rings
le-135,10410894,7.918836,3.4680066,10410894,le-135,True,5.0,3.0,2.0,True,4+ rings
nortriptyline,4543,6.563324,2.0490334,4543,nortriptyline,True,3.0,2.0,1.0,True,3 rings
gw-843682x,9826308,8.136119,7.749535,9826308,gw-843682x,True,4.0,4.0,0.0,True,4+ rings
avex-73,76968108,8.048183,1.8857011,76968108,avex-73,True,3.0,2.0,1.0,True,3 rings
bifemelane,2377,9.523622,2.5795038,2377,bifemelane,True,2.0,2.0,0.0,True,2 rings
dipyrocetyl,68093,10.228117,2.0914862,68093,dipyrocetyl,True,1.0,1.0,0.0,True,1 ring
glpg0492-r-enantiomer,59317173,7.222771,3.5215845,59317173,glpg0492-r-enantiomer,True,3.0,2.0,1.0,True,3 rings
ly2811376,44251605,6.096115,7.837682,44251605,ly2811376,True,3.0,2.0,1.0,True,3 rings
unc0642,53315878,8.799877,7.3306603,53315878,unc0642,True,5.0,2.0,3.0,True,4+ rings
k-858,686905,6.8482976,2.263204,686905,k-858,True,2.0,1.0,1.0,True,2 rings
caccinh-a01,747218,9.23541,3.4396176,747218,caccinh-a01,True,3.0,2.0,1.0,True,3 rings
gsk3117391,53630042,6.540564,6.7350883,53630042,gsk3117391,True,3.0,1.0,2.0,True,3 rings
crt0044876,81409,6.915571,6.269262,81409,crt0044876,True,2.0,2.0,0.0,True,2 rings
homoquinolinic-acid,3080554,6.9851947,6.7690654,3080554,homoquinolinic-acid,True,1.0,1.0,0.0,True,1 ring
dimesna,65626,-1.1222689,6.1495523,65626,dimesna,True,0.0,0.0,0.0,False,0 rings
pk-11195,24839733,6.540745,6.4924974,24839733,pk-11195,True,3.0,3.0,0.0,True,3 rings
amibegron,3035442,9.4789915,2.561888,3035442,amibegron,True,3.0,2.0,1.0,True,3 rings
coenzyme-a,87642,5.3769217,9.279122,87642,coenzyme-a,True,3.0,2.0,1.0,True,3 rings
atenolol-(+),180559,9.526825,2.6618152,180559,atenolol-(+),True,1.0,1.0,0.0,True,1 ring
8-m-pdot,92211535,9.54441,2.6633239,92211535,8-m-pdot,True,2.0,1.0,1.0,True,2 rings
ic261,5288600,9.05106,3.536228,5288600,ic261,True,3.0,2.0,1.0,True,3 rings
kainic-acid,44338126,-1.8714179,7.0302954,44338126,kainic-acid,True,1.0,0.0,1.0,True,1 ring
acetriazoic-acid,6806,7.9638586,3.3349261,6806,acetriazoic-acid,True,1.0,1.0,0.0,True,1 ring
piroctone-olamine,38988592,-2.07888,6.1781993,38988592,piroctone-olamine,True,1.0,1.0,0.0,True,1 ring
sofosbuvir,45375808,9.036694,2.4033604,45375808,sofosbuvir,True,3.0,2.0,1.0,True,3 rings
snap-5089,10326374,7.4008803,0.7356534,10326374,snap-5089,True,5.0,3.0,2.0,True,4+ rings
arry-334543,42642648,8.595749,7.343384,42642648,arry-334543,True,5.0,4.0,1.0,True,4+ rings
epalrestat,1549120,7.118015,2.2726734,1549120,epalrestat,True,2.0,1.0,1.0,True,2 rings
nsc-4644,72326,-2.9020176,5.130244,72326,nsc-4644,True,5.0,0.0,5.0,True,4+ rings
piperacetazine,19675,6.2057095,3.4027495,19675,piperacetazine,True,4.0,2.0,2.0,True,4+ rings
ml10302,5311299,9.19569,3.7852829,5311299,ml10302,True,2.0,1.0,1.0,True,2 rings
cinchocaine,3025,7.9714127,6.614072,3025,cinchocaine,True,2.0,2.0,0.0,True,2 rings
telatinib,9808844,8.294086,7.5012145,9808844,telatinib,True,4.0,4.0,0.0,True,4+ rings
dmp-777,177992,9.85735,3.0137582,177992,dmp-777,True,5.0,2.0,3.0,True,4+ rings
avadomide,24967954,7.331627,3.3551135,24967954,avadomide,True,3.0,2.0,1.0,True,3 rings
sr-11302,9976842,7.5783267,1.5033463,9976842,sr-11302,True,2.0,1.0,1.0,True,2 rings
estropipate,3001028,10.110299,1.1861978,3001028,estropipate,True,4.0,1.0,3.0,True,4+ rings
mm77,3994476,8.991098,3.3300555,3994476,mm77,True,3.0,1.0,2.0,True,3 rings
ganoderic-acid-a,471002,-3.4297848,4.9534254,471002,ganoderic-acid-a,True,4.0,0.0,4.0,True,4+ rings
wehi-345-analog,56602558,6.397077,8.031528,56602558,wehi-345-analog,True,4.0,4.0,0.0,True,4+ rings
pf-05190457,58438464,6.597482,7.757036,58438464,pf-05190457,True,7.0,4.0,3.0,True,4+ rings
alcaftadine,19371515,6.7405663,8.175879,19371515,alcaftadine,True,4.0,2.0,2.0,True,4+ rings
f-16915,14671646,6.891216,6.868919,14671646,f-16915,True,1.0,1.0,0.0,True,1 ring
dmeob,6891506,9.801536,2.30755,6891506,dmeob,True,2.0,2.0,0.0,True,2 rings
cariporide,151172,7.003111,2.495719,151172,cariporide,True,1.0,1.0,0.0,True,1 ring
sisomicin-sulfate,36119,-2.6641414,6.7682366,36119,sisomicin-sulfate,True,3.0,0.0,3.0,True,3 rings
linopirdine,3932,6.4532313,6.458425,3932,linopirdine,True,5.0,4.0,1.0,True,4+ rings
zeatin,449093,5.336586,9.134462,449093,zeatin,True,2.0,2.0,0.0,True,2 rings
vecabrutinib,72547837,6.353711,7.744471,72547837,vecabrutinib,True,4.0,2.0,2.0,True,4+ rings
tmc647055,44556044,7.969648,6.464601,44556044,tmc647055,True,6.0,3.0,3.0,True,4+ rings
ci-976,122327,8.866103,3.3719754,122327,ci-976,True,1.0,1.0,0.0,True,1 ring
4-mu-8c,12934390,10.493631,1.994893,12934390,4-mu-8c,True,2.0,2.0,0.0,True,2 rings
etafenone,3275,9.84392,2.6181643,3275,etafenone,True,2.0,2.0,0.0,True,2 rings
jw-67,644733,7.6500053,3.4137292,644733,jw-67,True,6.0,2.0,4.0,True,4+ rings
2'-c-methylguanosine,135433495,4.997134,9.3509655,135433495,2'-c-methylguanosine,True,3.0,2.0,1.0,True,3 rings
2-fluoro-2-deoxy-d-galactose,445913,-1.6190475,5.4819007,445913,2-fluoro-2-deoxy-d-galactose,True,1.0,0.0,1.0,True,1 ring
naproxen,156391,10.09046,1.9703404,156391,naproxen,True,2.0,2.0,0.0,True,2 rings
azd5438,16747683,6.314468,7.7608128,16747683,azd5438,True,3.0,3.0,0.0,True,3 rings
loperamide,3955,7.972581,1.9148369,3955,loperamide,True,4.0,3.0,1.0,True,4+ rings
lumateperone,21302490,7.174932,3.4910645,21302490,lumateperone,True,5.0,2.0,3.0,True,4+ rings
ronidazole,5094,4.577278,8.809392,5094,ronidazole,True,1.0,1.0,0.0,True,1 ring
tenylidone,1550999,7.232832,1.7567154,1550999,tenylidone,True,3.0,2.0,1.0,True,3 rings
carboxyamidotriazole,108144,6.337491,6.5447254,108144,carboxyamidotriazole,True,3.0,3.0,0.0,True,3 rings
ki-8751,11317348,8.48156,6.8994436,11317348,ki-8751,True,4.0,4.0,0.0,True,4+ rings
fudosteine,36689154,-1.5958297,7.1974297,36689154,fudosteine,True,0.0,0.0,0.0,False,0 rings
nolatrexed,135400184,6.508051,7.446909,135400184,nolatrexed,True,3.0,3.0,0.0,True,3 rings
gsk-j5,78243729,6.0832024,7.916656,78243729,gsk-j5,True,4.0,3.0,1.0,True,4+ rings
lx1031,23633604,8.258988,7.3316884,23633604,lx1031,True,4.0,4.0,0.0,True,4+ rings
pd1-pdl-inhibitor-1,91663303,9.97859,2.899501,91663303,pd1-pdl-inhibitor-1,True,4.0,3.0,1.0,True,4+ rings
isovaleramide,10930,-1.501563,6.743552,10930,isovaleramide,True,0.0,0.0,0.0,False,0 rings
sonepiprazole,133079,8.377124,3.1403394,133079,sonepiprazole,True,4.0,2.0,2.0,True,4+ rings
trigonelline,5571,6.9216447,6.888968,5571,trigonelline,True,1.0,1.0,0.0,True,1 ring
camphor-(1r),5284500,-2.0684252,5.7295003,5284500,camphor-(1r),True,2.0,0.0,2.0,True,2 rings
doxifluridine,18343,-2.43741,7.920861,18343,doxifluridine,True,2.0,1.0,1.0,True,2 rings
trv130,66553195,7.9363756,6.7171583,66553195,trv130,True,4.0,2.0,2.0,True,4+ rings
troxipide,40467000,9.9232645,2.990617,40467000,troxipide,True,2.0,1.0,1.0,True,2 rings
sucralose,71485,-1.6198533,5.4430594,71485,sucralose,True,2.0,0.0,2.0,True,2 rings
wb-4101,13305910,9.475496,2.493523,13305910,wb-4101,True,3.0,2.0,1.0,True,3 rings
sp-420,135511704,10.073553,1.8772676,135511704,sp-420,True,2.0,1.0,1.0,True,2 rings
blebbistatin-(-),5287792,7.4982824,3.4070292,5287792,blebbistatin-(-),True,4.0,2.0,2.0,True,4+ rings
tc-ot-39,135413563,6.3513246,7.553137,135413563,tc-ot-39,True,6.0,3.0,3.0,True,4+ rings
rosiptor,76965484,-2.943601,5.154362,76965484,rosiptor,True,3.0,0.0,3.0,True,3 rings
rebamipide,969464,7.6096334,3.2377603,969464,rebamipide,True,3.0,3.0,0.0,True,3 rings
diflunisal,3059,10.309463,1.9553444,3059,diflunisal,True,2.0,2.0,0.0,True,2 rings
zm-306416,5329006,8.761534,7.2961636,5329006,zm-306416,True,3.0,3.0,0.0,True,3 rings
etanidazole,3276,4.586708,8.817472,3276,etanidazole,True,1.0,1.0,0.0,True,1 ring
itd-1,71512660,7.5556493,1.2163851,71512660,itd-1,True,4.0,2.0,2.0,True,4+ rings
s-isopropylisothiourea,445319,-0.9182238,6.4062004,445319,s-isopropylisothiourea,True,0.0,0.0,0.0,False,0 rings
lomeguatrib,3025944,7.9943533,7.949248,3025944,lomeguatrib,True,3.0,3.0,0.0,True,3 rings
aceglutamide,182230,-1.8240737,7.077213,182230,aceglutamide,True,0.0,0.0,0.0,False,0 rings
cabaletta,7427,-1.6583728,5.4811,7427,cabaletta,True,2.0,0.0,2.0,True,2 rings
protionamide,666418,5.9062924,7.0349464,666418,protionamide,True,1.0,1.0,0.0,True,1 ring
ub-165,6604855,5.932006,7.059159,6604855,ub-165,False,,,,,Invalid/missing SMILES
lomefloxacin,6603903,9.566081,4.527839,6603903,lomefloxacin,True,3.0,2.0,1.0,True,3 rings
sb-742457,11256720,6.0802236,6.5560937,11256720,sb-742457,True,4.0,3.0,1.0,True,4+ rings
ethacridine-lactate-monohydrate,2017,7.956025,6.654165,2017,ethacridine-lactate-monohydrate,True,3.0,3.0,0.0,True,3 rings
levodropropizine,65859,6.656414,3.5562575,65859,levodropropizine,True,2.0,1.0,1.0,True,2 rings
ldn-57444,51537051,7.229969,3.502966,51537051,ldn-57444,True,3.0,2.0,1.0,True,3 rings
cyclocreatine,2896,-1.3101023,6.6468315,2896,cyclocreatine,True,1.0,0.0,1.0,True,1 ring
tulobuterol,688591,8.26074,2.0783877,688591,tulobuterol,True,1.0,1.0,0.0,True,1 ring
miltefosine,3600,-1.7780845,6.151857,3600,miltefosine,True,0.0,0.0,0.0,False,0 rings
gr-113808,119376,7.1400194,6.4050055,119376,gr-113808,True,3.0,2.0,1.0,True,3 rings
orphenadrine,736041,8.074407,1.8810574,736041,orphenadrine,True,2.0,2.0,0.0,True,2 rings
rg108,702558,6.7238693,6.258948,702558,rg108,True,4.0,3.0,1.0,True,4+ rings
streptozotocin,124202159,-2.3693848,6.7217484,124202159,streptozotocin,True,1.0,0.0,1.0,True,1 ring
ldn-212854,60182388,6.0655937,8.333398,60182388,ldn-212854,True,6.0,5.0,1.0,True,4+ rings
e3330,6439397,-2.2753348,6.097067,6439397,e3330,True,1.0,0.0,1.0,True,1 ring
mequinol,9015,9.616464,1.7594733,9015,mequinol,True,1.0,1.0,0.0,True,1 ring
pht-427,44240850,6.690191,1.9164997,44240850,pht-427,True,2.0,2.0,0.0,True,2 rings
atracurium,73416109,10.130879,3.0454044,73416109,atracurium,True,6.0,4.0,2.0,True,4+ rings
cyproheptadine,2913,6.567502,2.034243,2913,cyproheptadine,True,4.0,2.0,2.0,True,4+ rings
bgt226,11978790,7.9003057,6.6903906,11978790,bgt226,True,6.0,5.0,1.0,True,4+ rings
az-10606120,10310632,6.132269,7.647571,10310632,az-10606120,True,6.0,2.0,4.0,True,4+ rings
enilconazole,6992070,7.607158,8.001155,6992070,enilconazole,True,2.0,2.0,0.0,True,2 rings
kakonein,25790885,10.655144,1.8887612,25790885,kakonein,True,4.0,3.0,1.0,True,4+ rings
sb-743921,9936388,9.518486,3.0702653,9936388,sb-743921,True,4.0,4.0,0.0,True,4+ rings
sr-3677,93600633,8.152884,6.580236,93600633,sr-3677,True,4.0,3.0,1.0,True,4+ rings
enzalutamide,15951529,7.181832,3.473858,15951529,enzalutamide,True,3.0,2.0,1.0,True,3 rings
glpg1837,117857370,6.3651075,6.5910225,117857370,glpg1837,True,3.0,2.0,1.0,True,3 rings
glpg0492,59317190,7.1981416,3.5580564,59317190,glpg0492,True,3.0,2.0,1.0,True,3 rings
"3,4-dcpg-(s)",16062593,8.167662,1.828618,16062593,"3,4-dcpg-(s)",True,1.0,1.0,0.0,True,1 ring
rgfp966,56650312,6.239664,6.828668,56650312,rgfp966,True,3.0,3.0,0.0,True,3 rings
raclopride,3033769,9.41976,3.16808,3033769,raclopride,True,2.0,1.0,1.0,True,2 rings
ac-710,54760053,8.230631,7.401153,54760053,ac-710,True,4.0,3.0,1.0,True,4+ rings
ammonium-glycyrrhizinate,14982,-3.4386652,5.186694,14982,ammonium-glycyrrhizinate,True,7.0,0.0,7.0,True,4+ rings
aminoguanidine,2146,-1.0569634,6.262021,2146,aminoguanidine,True,0.0,0.0,0.0,False,0 rings
crenolanib,10366136,8.4577,7.589478,10366136,crenolanib,True,6.0,4.0,2.0,True,4+ rings
2-hydroxyflutamide,91649,6.828629,3.570012,91649,2-hydroxyflutamide,True,1.0,1.0,0.0,True,1 ring
amg458,24764449,8.579291,7.2001586,24764449,amg458,True,5.0,5.0,0.0,True,4+ rings
erythromycin-ethylsuccinate,132274075,-2.5033271,6.3751893,132274075,erythromycin-ethylsuccinate,True,3.0,0.0,3.0,True,3 rings
guanfacine,3519,6.890118,2.284132,3519,guanfacine,True,1.0,1.0,0.0,True,1 ring
rs-56812,6604789,6.5832915,6.37086,6604789,rs-56812,True,5.0,2.0,3.0,True,4+ rings
4-methylgenistein,5280373,10.616019,1.9451202,5280373,4-methylgenistein,True,3.0,3.0,0.0,True,3 rings
zd-7155,4673492,6.3029814,6.647482,4673492,zd-7155,True,5.0,4.0,1.0,True,4+ rings
noscapine,275196,10.133904,3.0501604,275196,noscapine,True,5.0,2.0,3.0,True,4+ rings
dexniguldipine,6918097,7.4034204,0.7325462,6918097,dexniguldipine,True,5.0,3.0,2.0,True,4+ rings
estradiol-benzoate,222757,10.195787,1.4201126,222757,estradiol-benzoate,True,5.0,2.0,3.0,True,4+ rings
efletirizine,66003,6.8469067,2.1773274,66003,efletirizine,True,3.0,2.0,1.0,True,3 rings
etretinate,5282375,9.9466505,1.8740495,5282375,etretinate,True,1.0,1.0,0.0,True,1 ring
moclobemide,4235,7.0298896,2.55415,4235,moclobemide,True,2.0,1.0,1.0,True,2 rings
cyproterone-acetate,9880,-3.2258613,4.7428303,9880,cyproterone-acetate,True,5.0,0.0,5.0,True,4+ rings
homosalate,41097438,10.223259,2.0196145,41097438,homosalate,True,2.0,1.0,1.0,True,2 rings
bergenin,66065,10.696942,1.7985096,66065,bergenin,True,3.0,1.0,2.0,True,3 rings
proxodolol,940099,9.448641,2.498302,940099,proxodolol,True,2.0,2.0,0.0,True,2 rings
whi-p154,3795,8.786738,7.3277254,3795,whi-p154,True,3.0,3.0,0.0,True,3 rings
arofylline,166553,6.5748124,8.217341,166553,arofylline,True,3.0,3.0,0.0,True,3 rings
apck-110,24786010,8.290913,7.5231857,24786010,apck-110,True,4.0,4.0,0.0,True,4+ rings
gant-61,421610,5.978302,6.899257,421610,gant-61,True,4.0,3.0,1.0,True,4+ rings
gedunin,12004512,10.529317,1.8655407,12004512,gedunin,True,6.0,1.0,5.0,True,4+ rings
vadadustat,23634441,7.103321,6.6924515,23634441,vadadustat,True,2.0,2.0,0.0,True,2 rings
gs-9620,46241268,6.217117,8.002378,46241268,gs-9620,True,4.0,2.0,2.0,True,4+ rings
mk-8998,24765479,8.001874,6.8904185,24765479,mk-8998,True,2.0,2.0,0.0,True,2 rings
rmc-4550,134183206,6.0268354,7.8199954,134183206,rmc-4550,True,4.0,2.0,2.0,True,4+ rings
a-412997,10425450,6.2494655,6.794292,10425450,a-412997,True,3.0,2.0,1.0,True,3 rings
sis3,10138988,8.187053,7.3877416,10138988,sis3,True,5.0,4.0,1.0,True,4+ rings
amprenavir,65016,7.1525936,2.9703963,65016,amprenavir,True,3.0,2.0,1.0,True,3 rings
acebutolol,657184,9.1197405,3.5347776,657184,acebutolol,True,1.0,1.0,0.0,True,1 ring
edo-s101,46836227,6.671189,8.287967,46836227,edo-s101,True,2.0,2.0,0.0,True,2 rings
cephapirin,30699,6.4262586,6.9788795,30699,cephapirin,True,3.0,1.0,2.0,True,3 rings
omeprazole-sulfide,155794,8.147824,7.9004393,155794,omeprazole-sulfide,True,3.0,3.0,0.0,True,3 rings
clopidol,18087,-1.3353134,6.639911,18087,clopidol,True,1.0,1.0,0.0,True,1 ring
melevodopa,23497,8.862997,1.9896574,23497,melevodopa,True,1.0,1.0,0.0,True,1 ring
ys-035,5714,9.870781,2.787899,5714,ys-035,True,2.0,2.0,0.0,True,2 rings
rg4733,49867930,7.1148767,3.5897748,49867930,rg4733,True,3.0,2.0,1.0,True,3 rings
levobetaxolol,60657,9.441206,2.506955,60657,levobetaxolol,True,2.0,1.0,1.0,True,2 rings
vericiguat,54674461,6.069659,8.310379,54674461,vericiguat,True,4.0,4.0,0.0,True,4+ rings
elbasvir,71661251,7.5473795,7.2220845,71661251,elbasvir,True,9.0,6.0,3.0,True,4+ rings
l-694247,132059,6.784152,7.617232,132059,l-694247,True,4.0,4.0,0.0,True,4+ rings
wz811,11565518,6.0945935,7.72749,11565518,wz811,True,3.0,3.0,0.0,True,3 rings
2-octyldodecan-1-ol,73415990,-1.9896816,5.8493304,73415990,2-octyldodecan-1-ol,True,0.0,0.0,0.0,False,0 rings
eprodisate,428573,-1.0898076,6.1761675,428573,eprodisate,True,0.0,0.0,0.0,False,0 rings
paeoniflorin,442534,10.101468,1.6088811,442534,paeoniflorin,True,8.0,1.0,7.0,True,4+ rings
marimastat,119031,-1.9314809,6.9200897,119031,marimastat,True,0.0,0.0,0.0,False,0 rings
gw-4064,9893571,8.148177,4.249586,9893571,gw-4064,True,4.0,4.0,0.0,True,4+ rings
lumacaftor,16678941,8.155706,7.163529,16678941,lumacaftor,True,5.0,3.0,2.0,True,4+ rings
flavin-adenine-dinucleotide,643975,6.3299522,8.706833,643975,flavin-adenine-dinucleotide,True,6.0,3.0,3.0,True,4+ rings
astemizole,2247,8.12705,7.6856213,2247,astemizole,True,5.0,4.0,1.0,True,4+ rings
s4,53342705,8.703001,3.2745388,53342705,s4,True,2.0,2.0,0.0,True,2 rings
trolox,688071,9.898804,1.6096859,688071,trolox,True,2.0,1.0,1.0,True,2 rings
nemorubicin,65907,9.943884,3.5173106,65907,nemorubicin,True,6.0,2.0,4.0,True,4+ rings
zstk-474,11647372,6.4772296,8.389905,11647372,zstk-474,True,5.0,3.0,2.0,True,4+ rings
cimaterol,10911051,8.182728,2.1969728,10911051,cimaterol,True,1.0,1.0,0.0,True,1 ring
bms-911543,50922691,6.4545493,8.049616,50922691,bms-911543,True,6.0,4.0,2.0,True,4+ rings
vecuronium,39765,-2.7137609,5.063615,39765,vecuronium,True,6.0,0.0,6.0,True,4+ rings
rrx-001,15950826,-1.3125219,6.7447004,15950826,rrx-001,True,1.0,0.0,1.0,True,1 ring
as-252424,11630874,10.102083,2.267096,11630874,as-252424,True,3.0,2.0,1.0,True,3 rings
cp-99994,5311057,9.46296,2.8395386,5311057,cp-99994,True,3.0,2.0,1.0,True,3 rings
topiramate,5284627,-1.6206074,5.504906,5284627,topiramate,True,3.0,0.0,3.0,True,3 rings
gadodiamide,24847884,-1.368929,6.7306256,24847884,gadodiamide,True,2.0,0.0,2.0,True,2 rings
risedronate,5245,6.201442,6.964316,5245,risedronate,True,1.0,1.0,0.0,True,1 ring
laropiprant,9867642,6.663134,6.2739334,9867642,laropiprant,True,4.0,3.0,1.0,True,4+ rings
diclofenamide,3038,6.780556,1.8982388,3038,diclofenamide,True,1.0,1.0,0.0,True,1 ring
hydrocortisone-valerate,5282494,-3.5378444,5.0169144,5282494,hydrocortisone-valerate,True,4.0,0.0,4.0,True,4+ rings
barasertib,11497983,8.576772,7.3352056,11497983,barasertib,True,4.0,4.0,0.0,True,4+ rings
pafuramidine,6529858,9.765022,2.683624,6529858,pafuramidine,True,3.0,3.0,0.0,True,3 rings
natamycin,5284447,-2.7370799,6.2741194,5284447,natamycin,True,4.0,0.0,4.0,True,4+ rings
odq,1456,6.5787086,3.6534274,1456,odq,True,3.0,3.0,0.0,True,3 rings
pf-06463922,78162481,8.190345,7.1528325,78162481,pf-06463922,True,4.0,3.0,1.0,True,4+ rings
mepyramine,4992,8.106216,7.4077477,4992,mepyramine,True,2.0,2.0,0.0,True,2 rings
bitoscanate,19958,6.4585,3.3661916,19958,bitoscanate,True,1.0,1.0,0.0,True,1 ring
gsk650394,25022668,6.711163,7.617596,25022668,gsk650394,True,5.0,4.0,1.0,True,4+ rings
ozenoxacin,9863827,6.8258414,7.231802,9863827,ozenoxacin,True,4.0,3.0,1.0,True,4+ rings
ramatroban,123879,6.4378815,6.279089,123879,ramatroban,True,4.0,3.0,1.0,True,4+ rings
teneligliptin,11949652,6.003355,7.8602414,11949652,teneligliptin,True,5.0,2.0,3.0,True,4+ rings
sograzepide,9870520,6.2130294,6.6347094,9870520,sograzepide,True,4.0,3.0,1.0,True,4+ rings
id-1101,6918732,-1.6990163,6.9675126,6918732,id-1101,True,0.0,0.0,0.0,False,0 rings
gsk429286a,92472001,6.370437,6.488255,92472001,gsk429286a,True,4.0,3.0,1.0,True,4+ rings
hc-030031,1150897,6.633762,8.046857,1150897,hc-030031,True,3.0,3.0,0.0,True,3 rings
eprosartan,5281037,6.8146462,7.874687,5281037,eprosartan,True,3.0,3.0,0.0,True,3 rings
3-bromocamphor,3006542,-2.1317735,5.675564,3006542,3-bromocamphor,True,2.0,0.0,2.0,True,2 rings
fk-866,6914657,6.456268,6.855426,6914657,fk-866,True,3.0,2.0,1.0,True,3 rings
zilpaterol,25218684,7.19035,3.61663,25218684,zilpaterol,True,3.0,2.0,1.0,True,3 rings
cpp,6603754,-1.4751831,6.8417473,6603754,cpp,True,1.0,0.0,1.0,True,1 ring
nvp-tnks656,136237316,9.5050335,3.0570312,136237316,nvp-tnks656,True,5.0,2.0,3.0,True,4+ rings
cgs-20625,163844,8.055665,6.6726937,163844,cgs-20625,True,4.0,3.0,1.0,True,4+ rings
pizotifen,27400,6.725649,1.9448019,27400,pizotifen,True,4.0,2.0,2.0,True,4+ rings
nms-1286937,49792852,8.400811,7.5027013,49792852,nms-1286937,True,5.0,3.0,2.0,True,4+ rings
ag-14361,9840076,6.7847376,8.014527,9840076,ag-14361,True,4.0,3.0,1.0,True,4+ rings
pf-03049423,24963293,8.1114,7.0575423,24963293,pf-03049423,True,4.0,3.0,1.0,True,4+ rings
aqw-051,50914822,7.8533835,6.7711115,50914822,aqw-051,True,5.0,2.0,3.0,True,4+ rings
gnf-7,11478363,6.4300647,7.7076254,11478363,gnf-7,True,5.0,4.0,1.0,True,4+ rings
propofol,4943,9.480516,1.4896543,4943,propofol,True,1.0,1.0,0.0,True,1 ring
luteolin,5280445,10.674535,1.839469,5280445,luteolin,True,3.0,3.0,0.0,True,3 rings
bethanechol,6603779,-1.423415,6.5284915,6603779,bethanechol,True,0.0,0.0,0.0,False,0 rings
f351,11217901,8.658585,3.2729013,11217901,f351,True,2.0,2.0,0.0,True,2 rings
isoquercitrin,5280804,10.868356,1.6969769,5280804,isoquercitrin,True,4.0,3.0,1.0,True,4+ rings
sulfapyridine,5336,6.2009807,7.408881,5336,sulfapyridine,True,2.0,2.0,0.0,True,2 rings
pfi-3,78243717,6.984503,7.342912,78243717,pfi-3,True,4.0,2.0,2.0,True,4+ rings
pd-318088,17753852,7.309769,3.3770351,17753852,pd-318088,True,2.0,2.0,0.0,True,2 rings
tecastemizole,123618,6.6231017,8.357619,123618,tecastemizole,True,4.0,3.0,1.0,True,4+ rings
paopa,44281634,-1.4806927,6.8826346,44281634,paopa,True,2.0,0.0,2.0,True,2 rings
vl285,71667162,6.7061176,6.8260603,71667162,vl285,True,5.0,3.0,2.0,True,4+ rings
btb06584,2799764,9.12215,3.2165117,2799764,btb06584,True,3.0,3.0,0.0,True,3 rings
vorapaxar,10077130,6.4959307,6.6585813,10077130,vorapaxar,True,5.0,2.0,3.0,True,4+ rings
voriconazole,71616,6.86997,7.5846047,71616,voriconazole,True,3.0,3.0,0.0,True,3 rings
cytidine,6175,-2.5920584,8.07052,6175,cytidine,True,2.0,1.0,1.0,True,2 rings
bemotrizinol,136218979,9.842369,2.7975526,136218979,bemotrizinol,True,4.0,4.0,0.0,True,4+ rings
gadopentetic-acid,6857474,-1.3871869,6.6323385,6857474,gadopentetic-acid,True,2.0,0.0,2.0,True,2 rings
avagacestat,46883536,6.7941923,2.7165892,46883536,avagacestat,True,3.0,3.0,0.0,True,3 rings
oxybenzone,4632,10.585,1.946764,4632,oxybenzone,True,2.0,2.0,0.0,True,2 rings
trandolapril,5484727,7.5488033,2.2745802,5484727,trandolapril,True,3.0,1.0,2.0,True,3 rings
omecamtiv-mecarbil,11689883,6.092357,6.7596645,11689883,omecamtiv-mecarbil,True,3.0,2.0,1.0,True,3 rings
cefprozil,5281006,8.234861,2.5895343,5281006,cefprozil,True,3.0,1.0,2.0,True,3 rings
ethacizin,107841,6.220572,3.4424043,107841,ethacizin,True,3.0,2.0,1.0,True,3 rings
lomitapide,9853053,7.052788,2.5418055,9853053,lomitapide,True,6.0,4.0,2.0,True,4+ rings
ganaxolone,6918305,-2.597734,5.113543,6918305,ganaxolone,True,4.0,0.0,4.0,True,4+ rings
proscillaridin-a,5284613,-3.3861055,5.3409066,5284613,proscillaridin-a,True,6.0,1.0,5.0,True,4+ rings
hydrocortisone-butyrate,26133,-3.5647144,5.0266323,26133,hydrocortisone-butyrate,True,4.0,0.0,4.0,True,4+ rings
camostat-mesilate,2536,9.001938,3.5508022,2536,camostat-mesilate,True,2.0,2.0,0.0,True,2 rings
stf-62247,704473,6.5342813,7.4598126,704473,stf-62247,True,3.0,3.0,0.0,True,3 rings
ropinirole,5095,7.165654,3.5444114,5095,ropinirole,True,2.0,1.0,1.0,True,2 rings
lodoxamide,44564,6.90671,3.6385543,44564,lodoxamide,True,1.0,1.0,0.0,True,1 ring
oxonic-acid,4604,-1.304255,6.666138,4604,oxonic-acid,True,1.0,1.0,0.0,True,1 ring
emodin,3220,10.316247,1.6735666,3220,emodin,True,3.0,2.0,1.0,True,3 rings
paeonol,11092,10.550238,1.9261948,11092,paeonol,True,1.0,1.0,0.0,True,1 ring
radiprodil,10200813,8.999808,3.359093,10200813,radiprodil,True,4.0,3.0,1.0,True,4+ rings
medroxyprogesterone-acetate,6279,-3.215097,4.744373,6279,medroxyprogesterone-acetate,True,4.0,0.0,4.0,True,4+ rings
cpi-203,71291068,7.0478983,7.9329805,71291068,cpi-203,True,4.0,3.0,1.0,True,4+ rings
gemigliptin,11953153,5.9831667,7.9041853,11953153,gemigliptin,True,3.0,1.0,2.0,True,3 rings
dimethyl-isosorbide,59968542,-1.6071198,5.520874,59968542,dimethyl-isosorbide,True,2.0,0.0,2.0,True,2 rings
kn-93,5312122,8.956605,3.217476,5312122,kn-93,True,3.0,3.0,0.0,True,3 rings
icatibant-acetate,6918173,7.5554676,2.351449,6918173,icatibant-acetate,True,7.0,2.0,5.0,True,4+ rings
nps-2143,6918446,9.441502,2.4696534,6918446,nps-2143,True,3.0,3.0,0.0,True,3 rings
spp86,66549796,5.980664,8.31692,66549796,spp86,True,3.0,3.0,0.0,True,3 rings
"3,5-dhpg-(s)",71668376,8.701287,1.9088895,71668376,"3,5-dhpg-(s)",True,1.0,1.0,0.0,True,1 ring
perfluamine,67645,-1.1509142,6.1324224,67645,perfluamine,True,0.0,0.0,0.0,False,0 rings
pf-02545920,11581936,8.132673,6.7569947,11581936,pf-02545920,True,5.0,5.0,0.0,True,4+ rings
tocainide,3080825,6.922106,3.687974,3080825,tocainide,True,1.0,1.0,0.0,True,1 ring
pf-06873600,134247638,6.0393286,7.9893622,134247638,pf-06873600,True,4.0,2.0,2.0,True,4+ rings
zanamivir,60855,-2.2836785,6.972789,60855,zanamivir,True,1.0,0.0,1.0,True,1 ring
ml204,230710,5.9630036,7.6796155,230710,ml204,True,3.0,2.0,1.0,True,3 rings
dimethisoquin,6857,7.9922,6.669021,6857,dimethisoquin,True,2.0,2.0,0.0,True,2 rings
ac1ndss5,4581100,7.859275,1.4122918,4581100,ac1ndss5,True,1.0,1.0,0.0,True,1 ring
azd3514,46893585,8.106703,7.611551,46893585,azd3514,True,5.0,2.0,3.0,True,4+ rings
jx-401,1126109,9.569817,2.996074,1126109,jx-401,True,3.0,2.0,1.0,True,3 rings
etilefrine,164652,8.873037,2.0893557,164652,etilefrine,True,1.0,1.0,0.0,True,1 ring
al-8697,25060093,6.421694,7.9925785,25060093,al-8697,True,4.0,3.0,1.0,True,4+ rings
candesartan,2541,6.978065,8.053827,2541,candesartan,True,5.0,5.0,0.0,True,4+ rings
aurothioglucose,6916934,-1.5824069,5.525063,6916934,aurothioglucose,True,1.0,0.0,1.0,True,1 ring
srt3190,59149652,6.088136,7.843199,59149652,srt3190,True,3.0,2.0,1.0,True,3 rings
jzl-195,46232606,9.263069,3.066212,46232606,jzl-195,True,4.0,3.0,1.0,True,4+ rings
travoprost,5282226,9.939303,1.8516915,5282226,travoprost,True,2.0,1.0,1.0,True,2 rings
a0001,2734086,-2.3126945,5.9712877,2734086,a0001,True,1.0,0.0,1.0,True,1 ring
ethylenediaminetetraacetic-acid,6049,-1.3681322,6.621538,6049,ethylenediaminetetraacetic-acid,True,0.0,0.0,0.0,False,0 rings
pempidine,6603,-0.9846356,6.5555167,6603,pempidine,True,1.0,0.0,1.0,True,1 ring
ah6809,119461,10.608459,1.9438349,119461,ah6809,True,3.0,3.0,0.0,True,3 rings
aphidicolin,457964,-2.686447,5.106665,457964,aphidicolin,True,4.0,0.0,4.0,True,4+ rings
diosgenin,99474,-3.115572,5.194132,99474,diosgenin,True,6.0,0.0,6.0,True,4+ rings
fluorescein,16850,10.603711,1.9110968,16850,fluorescein,True,5.0,3.0,2.0,True,4+ rings
atn-161,9960285,4.9213495,8.84249,9960285,atn-161,True,2.0,1.0,1.0,True,2 rings
voreloxin,9952884,6.8073754,7.306799,9952884,voreloxin,True,4.0,3.0,1.0,True,4+ rings
glafenine,969495,6.978676,6.528398,969495,glafenine,True,3.0,3.0,0.0,True,3 rings
bisoprolol,6604464,9.445485,2.4739192,6604464,bisoprolol,True,1.0,1.0,0.0,True,1 ring
hexamethonium,3604,-1.0191265,6.5231667,3604,hexamethonium,True,0.0,0.0,0.0,False,0 rings
l-778123,216454,6.6516128,8.078382,216454,l-778123,True,4.0,3.0,1.0,True,4+ rings
boronophenylalanine,150315,7.4835534,1.9445702,150315,boronophenylalanine,True,1.0,1.0,0.0,True,1 ring
praziquantel,1917817,7.0564866,2.3759449,1917817,praziquantel,True,4.0,1.0,3.0,True,4+ rings
balicatib,10201696,7.2057076,3.3280826,10201696,balicatib,True,3.0,1.0,2.0,True,3 rings
of-1,35397514,8.951308,3.3133278,35397514,of-1,True,3.0,3.0,0.0,True,3 rings
ferroquine,92043331,6.005318,6.633017,92043331,ferroquine,True,4.0,2.0,2.0,True,4+ rings
fluralaner,71300892,7.0201445,2.5352564,71300892,fluralaner,True,3.0,2.0,1.0,True,3 rings
cytochlor,92132144,-2.596399,8.073613,92132144,cytochlor,True,2.0,1.0,1.0,True,2 rings
nitrendipine,157702,7.431781,0.812823,157702,nitrendipine,True,2.0,1.0,1.0,True,2 rings
delpazolid,44205191,6.6870227,3.5433471,44205191,delpazolid,True,3.0,1.0,2.0,True,3 rings
mk-7246,45268455,6.6403117,6.2281613,45268455,mk-7246,True,4.0,3.0,1.0,True,4+ rings
acipimox,5310993,4.8564625,9.061873,5310993,acipimox,True,1.0,1.0,0.0,True,1 ring
fluconazole,3365,7.89553,2.0609171,3365,fluconazole,True,3.0,3.0,0.0,True,3 rings
chpg,6604802,8.70569,1.9292159,6604802,chpg,True,1.0,1.0,0.0,True,1 ring
corosolic-acid,6918774,-3.2387578,5.0800753,6918774,corosolic-acid,True,5.0,0.0,5.0,True,4+ rings
meloxicam,54677470,6.809626,7.396362,54677470,meloxicam,True,3.0,2.0,1.0,True,3 rings
hqk-1001,11684,-1.6343185,5.95989,11684,hqk-1001,True,0.0,0.0,0.0,False,0 rings
sb-939,49855250,6.6822834,8.313246,49855250,sb-939,True,2.0,2.0,0.0,True,2 rings
ornithine,74765349,-1.725409,7.0677476,74765349,ornithine,True,0.0,0.0,0.0,False,0 rings
alpha-asarone,636822,9.962216,1.8960513,636822,alpha-asarone,True,1.0,1.0,0.0,True,1 ring
pf-04457845,24771824,8.256362,7.3275766,24771824,pf-04457845,True,4.0,3.0,1.0,True,4+ rings
mcn-5652-(+/-),6336338,6.635067,1.9808002,6336338,mcn-5652-(+/-),True,4.0,2.0,2.0,True,4+ rings
chlorotrianisene,11289,9.789338,1.9297671,11289,chlorotrianisene,True,3.0,3.0,0.0,True,3 rings
chlorobutanol,5977,-1.2846248,6.0202923,5977,chlorobutanol,True,0.0,0.0,0.0,False,0 rings
ici-199441,3082718,6.903827,2.494898,3082718,ici-199441,True,3.0,2.0,1.0,True,3 rings
ripasudil,9863672,5.914476,6.8529162,9863672,ripasudil,True,3.0,2.0,1.0,True,3 rings
avoralstat,86566678,7.906685,6.702061,86566678,avoralstat,True,4.0,3.0,1.0,True,4+ rings
uk-5099,6438504,6.409919,6.291557,6438504,uk-5099,True,3.0,3.0,0.0,True,3 rings
gsk690693,16725726,8.170148,7.8415,16725726,gsk690693,True,4.0,3.0,1.0,True,4+ rings
e-2012,11560787,8.141799,7.507947,11560787,e-2012,True,4.0,3.0,1.0,True,4+ rings
psi-7976,45375809,9.0383,2.3993382,45375809,psi-7976,True,3.0,2.0,1.0,True,3 rings
n-acetylglycyl-d-glutamic-acid,6604718,-1.8439734,7.0700574,6604718,n-acetylglycyl-d-glutamic-acid,True,0.0,0.0,0.0,False,0 rings
amidopyrine,6009,6.6763964,3.63182,6009,amidopyrine,True,2.0,2.0,0.0,True,2 rings
pamidronate,4674,-1.1889012,6.450112,4674,pamidronate,True,0.0,0.0,0.0,False,0 rings
estriol,5756,10.143427,1.1702093,5756,estriol,True,4.0,1.0,3.0,True,4+ rings
g-caryophyllene,5281515,-2.2416327,5.9441237,5281515,g-caryophyllene,True,2.0,0.0,2.0,True,2 rings
unc2327,71583615,6.752813,4.0891623,71583615,unc2327,True,3.0,2.0,1.0,True,3 rings
sulfametopyrazine,9047,6.2118483,7.477987,9047,sulfametopyrazine,True,2.0,2.0,0.0,True,2 rings
sar-245409,49867926,8.445267,7.2015543,49867926,sar-245409,True,5.0,5.0,0.0,True,4+ rings
ski-ii,753704,7.3958855,7.360831,753704,ski-ii,True,3.0,3.0,0.0,True,3 rings
nms-p715,44556162,8.392705,7.445974,44556162,nms-p715,True,6.0,4.0,2.0,True,4+ rings
gp2a,16094766,6.3888574,6.4706316,16094766,gp2a,True,5.0,3.0,2.0,True,4+ rings
dilazep,3074,10.098561,2.7751715,3074,dilazep,True,3.0,2.0,1.0,True,3 rings
penbutolol,37464,9.47453,2.495404,37464,penbutolol,True,2.0,1.0,1.0,True,2 rings
amorolfine,25790581,6.786397,2.013226,25790581,amorolfine,True,2.0,1.0,1.0,True,2 rings
l-(+)-rhamnose-monohydrate,439710,-1.6260393,5.4924483,439710,l-(+)-rhamnose-monohydrate,True,1.0,0.0,1.0,True,1 ring
dactinomycin,457193,9.456876,3.8725154,457193,dactinomycin,True,7.0,1.0,6.0,True,4+ rings
exo-iwr-1,1163034,6.4941173,6.446377,1163034,exo-iwr-1,True,6.0,3.0,3.0,True,4+ rings
epetraborole,46836890,9.318924,2.2568116,46836890,epetraborole,True,2.0,1.0,1.0,True,2 rings
benazepril,5362124,7.4016585,3.1589525,5362124,benazepril,True,3.0,2.0,1.0,True,3 rings
verdiperstat,11528958,6.4472103,6.892481,11528958,verdiperstat,True,2.0,2.0,0.0,True,2 rings
dehydroacetic-acid,54678494,-2.072349,6.128878,54678494,dehydroacetic-acid,True,1.0,1.0,0.0,True,1 ring
mmpx,155806,4.853642,9.230175,155806,mmpx,True,2.0,2.0,0.0,True,2 rings
fenticonazole,36688220,7.4185586,8.097594,36688220,fenticonazole,True,4.0,4.0,0.0,True,4+ rings
aklomide,2075,7.071934,3.183411,2075,aklomide,True,1.0,1.0,0.0,True,1 ring
etoricoxib,123619,5.9883738,6.9531827,123619,etoricoxib,True,3.0,3.0,0.0,True,3 rings
protirelin,638678,4.9111648,8.849739,638678,protirelin,True,3.0,1.0,2.0,True,3 rings
propranolol-(r),21138,9.447024,2.548159,21138,propranolol-(r),True,2.0,2.0,0.0,True,2 rings
az-10417808,135665263,7.2770586,3.376246,135665263,az-10417808,True,3.0,3.0,0.0,True,3 rings
tolperisone,688589,6.999207,2.2015443,688589,tolperisone,True,2.0,1.0,1.0,True,2 rings
talampanel,164509,9.953,2.8741987,164509,talampanel,True,4.0,2.0,2.0,True,4+ rings
atb-346,76963724,9.868709,2.2912061,76963724,atb-346,True,3.0,3.0,0.0,True,3 rings
4-ibp,132995,7.0629992,2.5023353,132995,4-ibp,True,3.0,2.0,1.0,True,3 rings
chloroxoquinoline,66593,7.3736267,3.2435997,66593,chloroxoquinoline,True,2.0,2.0,0.0,True,2 rings
zapa,6604703,-1.7632887,6.1770597,6604703,zapa,True,0.0,0.0,0.0,False,0 rings
ofloxacin,6956357,9.493703,4.1975265,6956357,ofloxacin,True,4.0,2.0,2.0,True,4+ rings
famotidine,5702160,4.8267236,8.748258,5702160,famotidine,True,1.0,1.0,0.0,True,1 ring
04/01/46,76965201,-1.7504702,6.532163,76965201,04/01/46,True,3.0,0.0,3.0,True,3 rings
5-hydroxytryptophan,6971044,7.6110706,6.351103,6971044,5-hydroxytryptophan,True,2.0,2.0,0.0,True,2 rings
fosinoprilat,62956,7.5325465,2.2127333,62956,fosinoprilat,True,3.0,1.0,2.0,True,3 rings
k145,71714682,9.511858,2.6195114,71714682,k145,True,2.0,1.0,1.0,True,2 rings
minodronic-acid,130956,6.46423,8.322368,130956,minodronic-acid,True,2.0,2.0,0.0,True,2 rings
viloxazine,12226596,9.461389,2.446001,12226596,viloxazine,True,2.0,1.0,1.0,True,2 rings
fostamatinib,11671467,8.58559,7.4397554,11671467,fostamatinib,True,4.0,3.0,1.0,True,4+ rings
anabasine,641266,5.9320974,7.017206,641266,anabasine,True,2.0,1.0,1.0,True,2 rings
cpi-444,44537963,8.3190775,7.652744,44537963,cpi-444,True,5.0,4.0,1.0,True,4+ rings
fosaprepitant-dimeglumine,135413538,7.9945498,1.9708551,135413538,fosaprepitant-dimeglumine,True,4.0,3.0,1.0,True,4+ rings
gallamine-triethiodide,3450,9.512259,2.423468,3450,gallamine-triethiodide,True,1.0,1.0,0.0,True,1 ring
stat3-inhibitor-vi,252682,8.55542,3.4013264,252682,stat3-inhibitor-vi,True,2.0,2.0,0.0,True,2 rings
meclizine,6604289,6.627966,2.1875238,6604289,meclizine,True,4.0,3.0,1.0,True,4+ rings
simeprevir,24873435,7.934304,6.7923183,24873435,simeprevir,True,7.0,3.0,4.0,True,4+ rings
tuftsin,156080,-1.8959492,6.989643,156080,tuftsin,True,1.0,0.0,1.0,True,1 ring
4-hqn,135408753,7.322952,3.290655,135408753,4-hqn,True,2.0,2.0,0.0,True,2 rings
bms-345541,9813758,6.502684,8.389334,9813758,bms-345541,True,3.0,3.0,0.0,True,3 rings
isoguvacine,7059534,-1.6765026,6.7042127,7059534,isoguvacine,True,1.0,0.0,1.0,True,1 ring
ampyrone,2151,6.6829224,3.6603723,2151,ampyrone,True,2.0,2.0,0.0,True,2 rings
p22077,46931953,6.662181,3.168918,46931953,p22077,True,2.0,2.0,0.0,True,2 rings
oxybutynin,6098167,7.86984,1.5912484,6098167,oxybutynin,True,2.0,1.0,1.0,True,2 rings
ispinesib,6851740,7.3486724,3.312167,6851740,ispinesib,True,4.0,4.0,0.0,True,4+ rings
hjc-0350,22200891,5.9816504,6.9043317,22200891,hjc-0350,True,2.0,2.0,0.0,True,2 rings
glutathione-monoisopropyl-ester,40466869,-1.9249772,7.0462623,40466869,glutathione-monoisopropyl-ester,True,0.0,0.0,0.0,False,0 rings
pit,124334,6.544127,6.702529,124334,pit,True,3.0,2.0,1.0,True,3 rings
ltb4,5280492,-2.3254092,6.079517,5280492,ltb4,True,0.0,0.0,0.0,False,0 rings
plicamycin,457831,10.889308,1.7022539,457831,plicamycin,True,8.0,2.0,6.0,True,4+ rings
rivastigmine,77991,9.487944,2.768858,77991,rivastigmine,True,1.0,1.0,0.0,True,1 ring
bupivacaine,92253,7.048656,3.6440234,92253,bupivacaine,True,2.0,1.0,1.0,True,2 rings
cefixime,5362065,4.7550535,7.740287,5362065,cefixime,True,3.0,1.0,2.0,True,3 rings
azd6738,54761305,6.2791533,8.367266,54761305,azd6738,True,5.0,3.0,2.0,True,4+ rings
daltroban,54343,7.41877,1.9445826,54343,daltroban,True,2.0,2.0,0.0,True,2 rings
oxelaidin,4619,7.734265,1.6102704,4619,oxelaidin,True,1.0,1.0,0.0,True,1 ring
nalmefene,5284594,10.358529,3.2221768,5284594,nalmefene,True,6.0,1.0,5.0,True,4+ rings
avacopan,49841217,7.224558,3.4897048,49841217,avacopan,True,5.0,3.0,2.0,True,4+ rings
ar-c155858,10226546,6.48416,6.5035424,10226546,ar-c155858,True,4.0,3.0,1.0,True,4+ rings
clomethiazole,10783,4.8629646,8.755655,10783,clomethiazole,True,1.0,1.0,0.0,True,1 ring
cefuroxime-axetil,9806360,8.831195,2.6559393,9806360,cefuroxime-axetil,True,3.0,1.0,2.0,True,3 rings
gsk239512,9976892,8.046193,6.8287883,9976892,gsk239512,True,5.0,2.0,3.0,True,4+ rings
bruceantin,124605168,-3.445364,5.2205625,124605168,bruceantin,True,5.0,0.0,5.0,True,4+ rings
metaxalone,25271694,9.478597,2.4899983,25271694,metaxalone,True,2.0,1.0,1.0,True,2 rings
l-cysteinesulfinic-acid,28167170,-1.5299019,7.1257477,28167170,l-cysteinesulfinic-acid,True,0.0,0.0,0.0,False,0 rings
apratastat,11452716,9.361249,2.53478,11452716,apratastat,True,2.0,1.0,1.0,True,2 rings
ng-nitro-arginine,440005,-1.734672,7.1122003,440005,ng-nitro-arginine,True,0.0,0.0,0.0,False,0 rings
sitosterol,222284,-3.036923,5.1442523,222284,sitosterol,True,4.0,0.0,4.0,True,4+ rings
limonin,179651,10.516149,1.8657265,179651,limonin,True,7.0,1.0,6.0,True,4+ rings
reversine,210332,6.418593,8.485393,210332,reversine,True,5.0,3.0,2.0,True,4+ rings
tc-s-7003,11785878,6.4720616,7.988456,11785878,tc-s-7003,True,7.0,6.0,1.0,True,4+ rings
oxolamine,13738,6.754549,2.5763993,13738,oxolamine,True,2.0,2.0,0.0,True,2 rings
alimemazine,6604496,6.142792,3.4316435,6604496,alimemazine,True,3.0,2.0,1.0,True,3 rings
adx-10059,10331863,5.953176,6.918777,10331863,adx-10059,True,2.0,2.0,0.0,True,2 rings
rn-1,45376076,9.502476,2.774499,45376076,rn-1,True,4.0,2.0,2.0,True,4+ rings
fn-1501,72195175,6.31719,8.154529,72195175,fn-1501,True,5.0,4.0,1.0,True,4+ rings
n-acetyltryptamine,70547,6.3975625,6.2767143,70547,n-acetyltryptamine,True,2.0,2.0,0.0,True,2 rings
krca-0008,72547474,8.529032,7.5496182,72547474,krca-0008,True,5.0,3.0,2.0,True,4+ rings
vuf11207,97018453,9.894706,3.0133944,97018453,vuf11207,True,3.0,2.0,1.0,True,3 rings
bay-61-3606,10200390,8.2462435,7.5958257,10200390,bay-61-3606,True,4.0,4.0,0.0,True,4+ rings
hymecromone,5280567,10.206881,1.8751501,5280567,hymecromone,True,2.0,2.0,0.0,True,2 rings
bepridil,50088,6.727757,3.5138226,50088,bepridil,True,3.0,2.0,1.0,True,3 rings
pnu-22394,27559,6.137692,6.348566,27559,pnu-22394,True,3.0,2.0,1.0,True,3 rings
succinylsulfathiazole,5315,6.5001836,7.3773723,5315,succinylsulfathiazole,True,2.0,2.0,0.0,True,2 rings
levamisole,26879,6.632756,2.191222,26879,levamisole,True,3.0,1.0,2.0,True,3 rings
amylene-hydrate,6405,-1.3469532,5.998591,6405,amylene-hydrate,True,0.0,0.0,0.0,False,0 rings
at7867,11175137,5.9185557,6.8235474,11175137,at7867,True,4.0,3.0,1.0,True,4+ rings
zln005,899323,6.7089796,8.439018,899323,zln005,True,3.0,3.0,0.0,True,3 rings
stiripentol,25271730,9.971013,1.9081708,25271730,stiripentol,True,2.0,1.0,1.0,True,2 rings
petcm,736879,6.1807036,6.9457903,736879,petcm,True,1.0,1.0,0.0,True,1 ring
valrubicin,454216,9.930044,3.4895153,454216,valrubicin,True,5.0,2.0,3.0,True,4+ rings
ampa-(rs),7059442,-1.689456,7.036891,7059442,ampa-(rs),True,1.0,1.0,0.0,True,1 ring
cetirizine,28145930,6.822789,2.228506,28145930,cetirizine,True,3.0,2.0,1.0,True,3 rings
dexfosfoserine,68841,-1.5273467,6.944055,68841,dexfosfoserine,True,0.0,0.0,0.0,False,0 rings
fanetizole,54339,6.6560526,7.3869605,54339,fanetizole,True,3.0,3.0,0.0,True,3 rings
oleoylethanolamide,5283454,-1.9471658,6.750813,5283454,oleoylethanolamide,True,0.0,0.0,0.0,False,0 rings
altanserin,3033677,7.1823597,3.4365792,3033677,altanserin,True,4.0,3.0,1.0,True,4+ rings
pci-34051,24753719,7.9455013,6.415469,24753719,pci-34051,True,3.0,3.0,0.0,True,3 rings
cloxacillin,6098,8.058684,3.9366536,6098,cloxacillin,True,4.0,2.0,2.0,True,4+ rings
5-fp,101498,-1.0690199,6.606476,101498,5-fp,True,1.0,1.0,0.0,True,1 ring
bedaquiline,5388906,7.937392,6.574474,5388906,bedaquiline,True,5.0,5.0,0.0,True,4+ rings
clodronic-acid,25419,-1.1480561,6.111382,25419,clodronic-acid,True,0.0,0.0,0.0,False,0 rings
czc24832,42623951,6.0818367,8.287414,42623951,czc24832,True,3.0,3.0,0.0,True,3 rings
px-12,86308851,4.7756934,8.824995,86308851,px-12,True,1.0,1.0,0.0,True,1 ring
galantamine,9651,10.088428,2.9765174,9651,galantamine,True,4.0,1.0,3.0,True,4+ rings
tetrabenazine,11634155,10.03104,3.0086858,11634155,tetrabenazine,True,3.0,1.0,2.0,True,3 rings
zami-633,75743,-1.421528,6.6544724,75743,zami-633,True,0.0,0.0,0.0,False,0 rings
ciclopirox,2749,-2.072249,6.165459,2749,ciclopirox,True,2.0,1.0,1.0,True,2 rings
buserelin,50225,7.2830973,7.196513,50225,buserelin,True,6.0,4.0,2.0,True,4+ rings
methocarbamol,688484,9.661586,1.9738114,688484,methocarbamol,True,1.0,1.0,0.0,True,1 ring
aloperine,162147,-1.4396517,6.5821986,162147,aloperine,True,4.0,0.0,4.0,True,4+ rings
isoliquiritigenin,638278,10.465816,1.8791395,638278,isoliquiritigenin,True,2.0,2.0,0.0,True,2 rings
rotundine,72301,10.042942,2.9603958,72301,rotundine,True,4.0,2.0,2.0,True,4+ rings
bonaphthone,23384,7.1902432,1.5696106,23384,bonaphthone,True,2.0,1.0,1.0,True,2 rings
taminadenant,53466958,5.3383126,8.764869,53466958,taminadenant,True,3.0,3.0,0.0,True,3 rings
maltobionic-acid,7314,-1.7909989,5.6132593,7314,maltobionic-acid,True,1.0,0.0,1.0,True,1 ring
5-methylfurmethiodide,4141,9.599178,2.8358219,4141,5-methylfurmethiodide,True,1.0,1.0,0.0,True,1 ring
ecabet,65781,7.6432076,1.4324816,65781,ecabet,True,3.0,1.0,2.0,True,3 rings
etizolam,3307,6.953049,7.9722805,3307,etizolam,True,4.0,3.0,1.0,True,4+ rings
ap1903,16135625,10.031281,3.0379632,16135625,ap1903,True,8.0,6.0,2.0,True,4+ rings
kartogenin,2826191,7.9267063,3.3687844,2826191,kartogenin,True,3.0,3.0,0.0,True,3 rings
tomelukast,3969,10.602947,1.9539757,3969,tomelukast,True,2.0,2.0,0.0,True,2 rings
sgs-742,130021,-1.1158775,6.4651537,130021,sgs-742,True,0.0,0.0,0.0,False,0 rings
pco-400,129348,9.73324,2.2182245,129348,pco-400,True,3.0,1.0,2.0,True,3 rings
ha-966-(s)-(-),183351,-1.3904566,6.837206,183351,ha-966-(s)-(-),True,1.0,0.0,1.0,True,1 ring
ag-490,5328779,8.978162,2.4714391,5328779,ag-490,True,2.0,2.0,0.0,True,2 rings
irl-2500,5311192,6.723159,6.2670174,5311192,irl-2500,True,5.0,5.0,0.0,True,4+ rings
tame,1550286,7.062809,1.9962907,1550286,tame,True,1.0,1.0,0.0,True,1 ring
cycloserine-(d),6234,-1.4635578,6.910023,6234,cycloserine-(d),True,1.0,0.0,1.0,True,1 ring
tc-i-15,90488948,7.507822,2.499649,90488948,tc-i-15,True,3.0,2.0,1.0,True,3 rings
ica-110381,4314115,6.4250665,6.851912,4314115,ica-110381,True,2.0,2.0,0.0,True,2 rings
salvinorin-a,128563,10.486356,1.9027525,128563,salvinorin-a,True,4.0,1.0,3.0,True,4+ rings
pp-121,24905142,6.0639954,8.297351,24905142,pp-121,True,5.0,4.0,1.0,True,4+ rings
guanidine,3520,-1.0558159,6.2362275,3520,guanidine,True,0.0,0.0,0.0,False,0 rings
fenofibrate,3339,10.164069,2.0160387,3339,fenofibrate,True,2.0,2.0,0.0,True,2 rings
asimadoline,179340,7.1943274,2.2690454,179340,asimadoline,True,4.0,3.0,1.0,True,4+ rings
kuromanin,441667,10.869824,1.7013007,441667,kuromanin,True,4.0,3.0,1.0,True,4+ rings
rose-bengal,25474,10.636205,1.9134525,25474,rose-bengal,True,4.0,2.0,2.0,True,4+ rings
bortezomib,387447,6.414781,6.8401484,387447,bortezomib,True,2.0,2.0,0.0,True,2 rings
"ici-215,001",164451,9.426146,2.4382722,164451,"ici-215,001",True,2.0,2.0,0.0,True,2 rings
c188-9,1324494,9.064505,3.0671494,1324494,c188-9,True,5.0,5.0,0.0,True,4+ rings
suxibuzone,5362,6.8143406,3.590108,5362,suxibuzone,True,3.0,2.0,1.0,True,3 rings
vemurafenib,42611257,6.5820284,7.9741163,42611257,vemurafenib,True,4.0,4.0,0.0,True,4+ rings
ebrotidine,65869,6.4667187,7.3793187,65869,ebrotidine,True,2.0,2.0,0.0,True,2 rings
sb-431542,4521392,8.153744,7.5416217,4521392,sb-431542,True,5.0,4.0,1.0,True,4+ rings
artemether,68911,-2.127831,5.4051037,68911,artemether,True,5.0,0.0,5.0,True,4+ rings
unc3230,46355372,6.645611,7.404053,46355372,unc3230,True,3.0,2.0,1.0,True,3 rings
1-(2-chloro-5-methylphenoxy)-3-(isopropylamino)-2-propanol,39359445,9.422267,2.4221287,39359445,1-(2-chloro-5-methylphenoxy)-3-(isopropylamino)-2-propanol,True,1.0,1.0,0.0,True,1 ring
norethisterone-enanthate,229295,-3.1958385,4.754141,229295,norethisterone-enanthate,True,4.0,0.0,4.0,True,4+ rings
ct-7758,10186367,6.2481,7.7222533,10186367,ct-7758,True,5.0,3.0,2.0,True,4+ rings
naltrexone,5360515,10.378586,3.2061608,5360515,naltrexone,True,6.0,1.0,5.0,True,4+ rings
palosuran,10173280,6.2786493,6.661337,10173280,palosuran,True,4.0,3.0,1.0,True,4+ rings
elinogrel,16066663,7.106036,3.3693323,16066663,elinogrel,True,4.0,4.0,0.0,True,4+ rings
nafadotride,6604854,9.506868,2.9901063,6604854,nafadotride,True,3.0,2.0,1.0,True,3 rings
th-302,11984561,4.622581,8.836443,11984561,th-302,True,1.0,1.0,0.0,True,1 ring
monostearin,15560610,-1.955856,6.0113716,15560610,monostearin,True,0.0,0.0,0.0,False,0 rings
pyrithyldione,4994,-1.3921217,6.7200475,4994,pyrithyldione,True,1.0,0.0,1.0,True,1 ring
matrine,91466,-1.5275729,6.6139812,91466,matrine,True,4.0,0.0,4.0,True,4+ rings
thymalfasin,16130571,-1.9666814,6.973828,16130571,thymalfasin,True,0.0,0.0,0.0,False,0 rings
sb-408124,4331799,6.072172,6.7157087,4331799,sb-408124,True,3.0,3.0,0.0,True,3 rings
propacetamol,68865,8.923925,3.3159828,68865,propacetamol,True,1.0,1.0,0.0,True,1 ring
mebicar,122282,-1.2620878,6.7337165,122282,mebicar,True,2.0,0.0,2.0,True,2 rings
procysteine,72390,-1.7015967,7.2832875,72390,procysteine,True,1.0,0.0,1.0,True,1 ring
acedoben,19266,8.106979,3.3956966,19266,acedoben,True,1.0,1.0,0.0,True,1 ring
emd-1214063,25171648,6.271132,7.9537487,25171648,emd-1214063,True,5.0,4.0,1.0,True,4+ rings
pdp-ea,69724031,9.465259,2.4970698,69724031,pdp-ea,True,1.0,1.0,0.0,True,1 ring
chlorphensin-carbamate,73416025,9.630665,2.033454,73416025,chlorphensin-carbamate,True,1.0,1.0,0.0,True,1 ring
sc-236,9865808,6.076419,6.7207403,9865808,sc-236,True,3.0,3.0,0.0,True,3 rings
indomethacin,3715,7.9385457,6.4015994,3715,indomethacin,True,3.0,3.0,0.0,True,3 rings
idalopirdine,21071390,7.927889,6.449338,21071390,idalopirdine,True,3.0,3.0,0.0,True,3 rings
pdd-00017273,121398766,6.477696,7.2349744,121398766,pdd-00017273,True,5.0,4.0,1.0,True,4+ rings
as-2034178,24808572,9.094285,3.4574935,24808572,as-2034178,True,4.0,3.0,1.0,True,4+ rings
ml323,60167849,6.203423,8.248239,60167849,ml323,True,4.0,4.0,0.0,True,4+ rings
fluoxetine,657320,9.523069,2.566432,657320,fluoxetine,True,2.0,2.0,0.0,True,2 rings
pim-447,44814409,6.416462,6.808553,44814409,pim-447,True,4.0,3.0,1.0,True,4+ rings
hydroxyzine,1548976,6.742424,2.154284,1548976,hydroxyzine,True,3.0,2.0,1.0,True,3 rings
benzyl-benzoate,2345,7.8681216,1.4291536,2345,benzyl-benzoate,True,2.0,2.0,0.0,True,2 rings
bms-754807,24785538,6.095149,8.254542,24785538,bms-754807,True,6.0,4.0,2.0,True,4+ rings
bms-299897,11249248,7.573929,3.0768077,11249248,bms-299897,True,3.0,3.0,0.0,True,3 rings
verbascoside,5281800,10.055054,1.6536139,5281800,verbascoside,True,4.0,2.0,2.0,True,4+ rings
terutroban,9938840,7.362619,1.9205823,9938840,terutroban,True,3.0,2.0,1.0,True,3 rings
cefodizime,5361871,4.782603,7.7531166,5361871,cefodizime,True,4.0,2.0,2.0,True,4+ rings
elacridar,119373,9.203835,3.5927792,119373,elacridar,True,6.0,5.0,1.0,True,4+ rings
roquinimex,54676478,8.010515,3.3630657,54676478,roquinimex,True,3.0,3.0,0.0,True,3 rings
psncbam-1,11560249,6.0027986,7.670754,11560249,psncbam-1,True,4.0,3.0,1.0,True,4+ rings
bazedoxifene,154257,7.974606,6.382669,154257,bazedoxifene,True,5.0,4.0,1.0,True,4+ rings
raltitrexed,135400182,7.2480187,3.2594442,135400182,raltitrexed,True,3.0,3.0,0.0,True,3 rings
cpi-613,70881528,7.579612,1.4575448,70881528,cpi-613,True,2.0,2.0,0.0,True,2 rings
thiomersal,67361,7.822751,1.4548941,67361,thiomersal,True,1.0,1.0,0.0,True,1 ring
calcipotriol,5288783,-2.9118187,5.3847623,5288783,calcipotriol,True,4.0,0.0,4.0,True,4+ rings
mimosine,6971294,-1.4667753,6.849332,6971294,mimosine,True,1.0,1.0,0.0,True,1 ring
bay-1436032,118310260,7.793929,7.676411,118310260,bay-1436032,True,4.0,3.0,1.0,True,4+ rings
imiquimod,57469,6.322159,8.256179,57469,imiquimod,True,3.0,3.0,0.0,True,3 rings
quinine-ethyl-carbonate,5702001,7.735804,6.623327,5702001,quinine-ethyl-carbonate,True,5.0,2.0,3.0,True,4+ rings
srt2104,25108829,6.5987086,7.676225,25108829,srt2104,True,6.0,5.0,1.0,True,4+ rings
vinflunine,11967282,8.156688,6.2478366,11967282,vinflunine,True,9.0,3.0,6.0,True,4+ rings
hexamethylenebisacetamide,3616,-1.4050705,6.7480054,3616,hexamethylenebisacetamide,True,0.0,0.0,0.0,False,0 rings
combretastatin-a-4,5351344,10.010126,1.8425267,5351344,combretastatin-a-4,True,2.0,2.0,0.0,True,2 rings
omapatrilat,656629,7.6486526,2.429385,656629,omapatrilat,True,3.0,1.0,2.0,True,3 rings
pridinol,4904,7.962733,1.9610819,4904,pridinol,True,3.0,2.0,1.0,True,3 rings
msdc-0602k,90835967,9.904895,2.3593576,90835967,msdc-0602k,True,3.0,3.0,0.0,True,3 rings
flumazenil,3373,6.879071,7.9368386,3373,flumazenil,True,3.0,2.0,1.0,True,3 rings
ethyl-pyruvate,11228779,-1.7359488,6.0595655,11228779,ethyl-pyruvate,True,0.0,0.0,0.0,False,0 rings
ssr180711,9797360,9.496857,2.5842855,9797360,ssr180711,True,4.0,1.0,3.0,True,4+ rings
cep-40783,71576419,8.512847,6.882401,71576419,cep-40783,True,5.0,5.0,0.0,True,4+ rings
zk-811752,512282,9.143446,3.4729757,512282,zk-811752,True,3.0,2.0,1.0,True,3 rings
mebeverine,6604311,9.959063,2.901584,6604311,mebeverine,True,2.0,2.0,0.0,True,2 rings
fomocaine,71693,9.604904,2.5202422,71693,fomocaine,True,3.0,2.0,1.0,True,3 rings
flunixin-meglumin,38081,6.9172115,7.18976,38081,flunixin-meglumin,True,2.0,2.0,0.0,True,2 rings
rs-45041-190,127951,6.532836,2.306736,127951,rs-45041-190,True,3.0,1.0,2.0,True,3 rings
gw-1100,11692123,6.9595747,7.3842688,11692123,gw-1100,True,4.0,4.0,0.0,True,4+ rings
mebrofenin,54158,6.9754386,3.6905043,54158,mebrofenin,True,1.0,1.0,0.0,True,1 ring
picolinic-acid,1018,6.958941,6.8055334,1018,picolinic-acid,True,1.0,1.0,0.0,True,1 ring
dpcpx,1329,4.851848,9.22658,1329,dpcpx,True,3.0,2.0,1.0,True,3 rings
dazoxiben,53001,7.8107786,7.8227634,53001,dazoxiben,True,2.0,2.0,0.0,True,2 rings
ethambutol,14052,-1.4127612,6.578329,14052,ethambutol,True,0.0,0.0,0.0,False,0 rings
delavirdine,5625,6.619675,7.830443,5625,delavirdine,True,4.0,3.0,1.0,True,4+ rings
danusertib,11442891,6.294148,7.245049,11442891,danusertib,True,5.0,3.0,2.0,True,4+ rings
favipiravir,492405,-1.226358,6.7255135,492405,favipiravir,True,1.0,1.0,0.0,True,1 ring
cqs,72462,6.1336236,7.560969,72462,cqs,True,3.0,3.0,0.0,True,3 rings
l-lysine,71774817,-1.6865093,7.043765,71774817,l-lysine,True,0.0,0.0,0.0,False,0 rings
triprolidine,5282443,6.0427566,6.848507,5282443,triprolidine,True,3.0,2.0,1.0,True,3 rings
p5091,2819993,6.781661,3.1045282,2819993,p5091,True,2.0,2.0,0.0,True,2 rings
u-0126,54539763,6.285727,3.4024985,54539763,u-0126,True,2.0,2.0,0.0,True,2 rings
4e1rcat,16195554,9.036991,3.5544007,16195554,4e1rcat,True,5.0,4.0,1.0,True,4+ rings
4-cmtb,854190,6.805661,7.4821687,854190,4-cmtb,True,2.0,2.0,0.0,True,2 rings
sb-200646,126769,6.2068753,6.4066725,126769,sb-200646,True,3.0,3.0,0.0,True,3 rings
saquinavir,441243,6.6449723,6.3796988,441243,saquinavir,True,5.0,3.0,2.0,True,4+ rings
ac-261066,11530459,7.645119,6.975401,11530459,ac-261066,True,2.0,2.0,0.0,True,2 rings
dixanthogen,10404,-1.2279834,6.0475945,10404,dixanthogen,True,0.0,0.0,0.0,False,0 rings
tideglusib,11313622,6.766229,3.6488948,11313622,tideglusib,True,4.0,4.0,0.0,True,4+ rings
saclofen,57453816,6.7505093,1.9926802,57453816,saclofen,True,1.0,1.0,0.0,True,1 ring
mps1-in-1,25195352,8.35284,7.7461085,25195352,mps1-in-1,True,5.0,4.0,1.0,True,4+ rings
mocetinostat,9865515,6.431533,7.69858,9865515,mocetinostat,True,4.0,4.0,0.0,True,4+ rings
xav-939,135418940,6.7931137,2.4415333,135418940,xav-939,True,3.0,2.0,1.0,True,3 rings
dalcetrapib,6918540,6.8852577,3.4331236,6918540,dalcetrapib,True,2.0,1.0,1.0,True,2 rings
levonorgestrel,13109,-3.164114,4.733926,13109,levonorgestrel,True,4.0,0.0,4.0,True,4+ rings
flurbiprofen-axetil,40468023,7.6377525,1.4152212,40468023,flurbiprofen-axetil,True,2.0,2.0,0.0,True,2 rings
deracoxib,3058754,7.9556303,6.46646,3058754,deracoxib,True,3.0,3.0,0.0,True,3 rings
lofemizole,71967,6.670775,8.24469,71967,lofemizole,True,2.0,2.0,0.0,True,2 rings
ketotifen,57392700,8.1469145,1.9489057,57392700,ketotifen,True,4.0,2.0,2.0,True,4+ rings
salubrinal,2305942,6.1768417,6.589647,2305942,salubrinal,True,3.0,3.0,0.0,True,3 rings
hsr6071,159466,4.90486,9.150195,159466,hsr6071,True,3.0,2.0,1.0,True,3 rings
cibenzoline,57357423,6.485573,2.0702713,57357423,cibenzoline,True,4.0,2.0,2.0,True,4+ rings
gsk163090,11292933,6.0842843,6.602515,11292933,gsk163090,True,5.0,3.0,2.0,True,4+ rings
linalool,443158,-2.2059767,5.980979,443158,linalool,True,0.0,0.0,0.0,False,0 rings
eplerenone,443872,-3.5597665,5.066489,443872,eplerenone,True,6.0,0.0,6.0,True,4+ rings
voxelotor,71602803,8.118048,6.8363423,71602803,voxelotor,True,3.0,3.0,0.0,True,3 rings
brilliant-green,12450,6.682009,3.5707555,12450,brilliant-green,True,3.0,3.0,0.0,True,3 rings
mrs-2578,16078986,6.5242634,3.6146388,16078986,mrs-2578,True,2.0,2.0,0.0,True,2 rings
podophyllotoxin,10607,10.578843,1.7303263,10607,podophyllotoxin,True,5.0,2.0,3.0,True,4+ rings
rivanicline,5310967,5.9731383,7.0447826,5310967,rivanicline,True,1.0,1.0,0.0,True,1 ring
imidurea,6604401,-1.343609,6.8068876,6604401,imidurea,True,2.0,0.0,2.0,True,2 rings
vaborbactam,56649692,7.5841026,2.4072866,56649692,vaborbactam,True,2.0,1.0,1.0,True,2 rings
mm-11253,10389639,7.9305286,1.2991661,10389639,mm-11253,True,5.0,3.0,2.0,True,4+ rings
su9516,5289419,8.027538,7.39719,5289419,su9516,True,3.0,2.0,1.0,True,3 rings
gefitinib,123631,8.726447,7.269966,123631,gefitinib,True,4.0,3.0,1.0,True,4+ rings
nitisinone,5289053,7.9720283,3.257844,5289053,nitisinone,True,2.0,1.0,1.0,True,2 rings
methyl-5-hydroxytryptamine,14083218,7.7479024,6.4193106,14083218,methyl-5-hydroxytryptamine,True,2.0,2.0,0.0,True,2 rings
aceclofenac,71771,7.802087,3.3190398,71771,aceclofenac,True,2.0,2.0,0.0,True,2 rings
futibatinib,71621331,8.260681,7.6427455,71621331,futibatinib,True,4.0,3.0,1.0,True,4+ rings
fezolinetant,117604931,6.650586,7.8476315,117604931,fezolinetant,True,4.0,3.0,1.0,True,4+ rings
garenoxacin,40461170,9.464706,4.0211964,40461170,garenoxacin,True,5.0,3.0,2.0,True,4+ rings
metyrapone,4174,6.5120354,6.811973,4174,metyrapone,True,2.0,2.0,0.0,True,2 rings
preladenant,10117987,8.290433,7.617392,10117987,preladenant,True,6.0,5.0,1.0,True,4+ rings
avitinib,72734520,8.338168,7.6334667,72734520,avitinib,True,5.0,4.0,1.0,True,4+ rings
phenothiazine,7108,6.1727,3.4280353,7108,phenothiazine,True,3.0,2.0,1.0,True,3 rings
camphor-(+),159055,-2.0904899,5.7027984,159055,camphor-(+),True,2.0,0.0,2.0,True,2 rings
deoxycholic-acid,222528,-2.6940877,5.0686865,222528,deoxycholic-acid,True,4.0,0.0,4.0,True,4+ rings
cpi-1205,78320408,6.660834,6.3620806,78320408,cpi-1205,True,4.0,3.0,1.0,True,4+ rings
l-cystine,6992103,-1.5807064,7.1985703,6992103,l-cystine,True,0.0,0.0,0.0,False,0 rings
6-iodo-nordihydrocapsaicin,5149140,9.85245,2.8478336,5149140,6-iodo-nordihydrocapsaicin,True,1.0,1.0,0.0,True,1 ring
penciclovir,135398748,4.9271684,9.304746,135398748,penciclovir,True,2.0,2.0,0.0,True,2 rings
bifonazole,5459391,6.9097295,8.180994,5459391,bifonazole,True,4.0,4.0,0.0,True,4+ rings
ml141,7454812,8.903196,3.2369728,7454812,ml141,True,4.0,3.0,1.0,True,4+ rings
tacrolimus,445643,-2.727537,6.318311,445643,tacrolimus,True,4.0,0.0,4.0,True,4+ rings
aminopterin,169371,6.4870467,7.8170757,169371,aminopterin,True,3.0,3.0,0.0,True,3 rings
brolitene,1550874,7.065293,2.2071197,1550874,brolitene,True,1.0,1.0,0.0,True,1 ring
fipronil,15278226,5.963895,7.536991,15278226,fipronil,True,2.0,2.0,0.0,True,2 rings
sf-11,2936384,9.0159855,3.2848032,2936384,sf-11,True,4.0,3.0,1.0,True,4+ rings
dc-260126,2843133,6.607763,3.190645,2843133,dc-260126,True,2.0,2.0,0.0,True,2 rings
jnj-42165279,54576693,8.134338,6.9625425,54576693,jnj-42165279,True,4.0,2.0,2.0,True,4+ rings
n20c,6603827,6.8754487,2.2095404,6603827,n20c,True,2.0,2.0,0.0,True,2 rings
er-50891,10094345,6.9312806,6.319501,10094345,er-50891,True,5.0,5.0,0.0,True,4+ rings
beclomethasone-dipropionate,21700,-3.6007137,4.951301,21700,beclomethasone-dipropionate,True,4.0,0.0,4.0,True,4+ rings
msdc-0160,36687794,7.9808655,6.8255544,36687794,msdc-0160,True,3.0,2.0,1.0,True,3 rings
cyromazine,47866,-1.0107877,6.560207,47866,cyromazine,True,2.0,1.0,1.0,True,2 rings
cycluc1,91885395,6.5925646,6.7315884,91885395,cycluc1,True,4.0,2.0,2.0,True,4+ rings
tomeglovir,475330,6.8180723,3.44281,475330,tomeglovir,True,3.0,3.0,0.0,True,3 rings
btt-3033,49841251,6.088539,7.1203885,49841251,btt-3033,True,4.0,4.0,0.0,True,4+ rings
chlorprothixene,667467,6.6715093,2.0000212,667467,chlorprothixene,True,3.0,2.0,1.0,True,3 rings
2-chloroadenosine,8974,5.3983817,9.260102,8974,2-chloroadenosine,True,3.0,2.0,1.0,True,3 rings
q-203,68234908,8.097944,7.6310716,68234908,q-203,True,5.0,4.0,1.0,True,4+ rings
cilastatin,6435415,-1.8529869,7.27323,6435415,cilastatin,True,1.0,0.0,1.0,True,1 ring
plx51107,90448953,7.1236854,6.458973,90448953,plx51107,True,5.0,5.0,0.0,True,4+ rings
hippuric-acid,464,7.1648774,2.4754627,464,hippuric-acid,True,1.0,1.0,0.0,True,1 ring
prasterone-acetate,14709,-3.1790884,4.9035873,14709,prasterone-acetate,True,4.0,0.0,4.0,True,4+ rings
gaba-linoleamide,6438152,-2.0454025,6.5985627,6438152,gaba-linoleamide,True,0.0,0.0,0.0,False,0 rings
gentamycin,72395,-2.6499796,6.7598042,72395,gentamycin,True,3.0,0.0,3.0,True,3 rings
ns-11394,16747643,6.810434,8.33888,16747643,ns-11394,True,4.0,4.0,0.0,True,4+ rings
ubenimex,72172,7.516104,2.258673,72172,ubenimex,True,1.0,1.0,0.0,True,1 ring
triptan,10044,-1.2967187,6.0406575,10044,triptan,True,0.0,0.0,0.0,False,0 rings
olodanrigan,9937291,10.122337,3.0476205,9937291,olodanrigan,True,5.0,4.0,1.0,True,4+ rings
doxazosin,6604102,8.841094,7.3454795,6604102,doxazosin,True,5.0,3.0,2.0,True,4+ rings
diltiazem,39186,9.084695,3.441855,39186,diltiazem,True,3.0,2.0,1.0,True,3 rings
me-0328,135566764,7.4423695,3.3352137,135566764,me-0328,True,3.0,3.0,0.0,True,3 rings
lisofylline,501254,4.8989315,9.262446,501254,lisofylline,True,2.0,2.0,0.0,True,2 rings
azelaic-acid,2266,-1.8391391,5.952167,2266,azelaic-acid,True,0.0,0.0,0.0,False,0 rings
tamoxifen,2733526,9.632845,2.4627426,2733526,tamoxifen,True,3.0,3.0,0.0,True,3 rings
azd4635,86676119,5.9556565,7.8271437,86676119,azd4635,True,3.0,3.0,0.0,True,3 rings
toceranib,5329106,6.5390496,6.322969,5329106,toceranib,True,4.0,2.0,2.0,True,4+ rings
psb-06126,25124826,7.2572713,3.3729098,25124826,psb-06126,True,5.0,4.0,1.0,True,4+ rings
ly364947,447966,5.9958396,6.6395826,447966,ly364947,True,4.0,4.0,0.0,True,4+ rings
benzthiazide,132458842,6.229944,3.1782281,132458842,benzthiazide,True,3.0,2.0,1.0,True,3 rings
gdc-0810,56941241,6.1352167,6.531231,56941241,gdc-0810,True,4.0,4.0,0.0,True,4+ rings
mirtazapine,3085219,6.0767245,7.614826,3085219,mirtazapine,True,4.0,2.0,2.0,True,4+ rings
amg-232,58573469,7.403481,2.2530758,58573469,amg-232,True,3.0,2.0,1.0,True,3 rings
progesterone,5994,-3.1347964,4.8089423,5994,progesterone,True,4.0,0.0,4.0,True,4+ rings
r-1479,457388,-2.5899801,8.06843,457388,r-1479,True,2.0,1.0,1.0,True,2 rings
costunolide,5281437,-2.6388712,5.962264,5281437,costunolide,True,2.0,0.0,2.0,True,2 rings
sodium-ascorbate,6857365,-1.7804322,5.6309743,6857365,sodium-ascorbate,True,1.0,0.0,1.0,True,1 ring
fisetin,5281614,10.708259,1.8211633,5281614,fisetin,True,3.0,3.0,0.0,True,3 rings
dinaciclib,46926350,6.1323423,8.320587,46926350,dinaciclib,True,4.0,3.0,1.0,True,4+ rings
rwj-67657,3008319,6.6045175,8.196721,3008319,rwj-67657,True,4.0,4.0,0.0,True,4+ rings
triptorelin,25074470,7.3036675,7.191484,25074470,triptorelin,True,8.0,6.0,2.0,True,4+ rings
ibudilast,3671,6.431818,6.7309623,3671,ibudilast,True,2.0,2.0,0.0,True,2 rings
venetoclax,49846579,8.361134,7.6091714,49846579,venetoclax,True,8.0,5.0,3.0,True,4+ rings
rucaparib,9931954,6.5639753,6.282141,9931954,rucaparib,True,4.0,3.0,1.0,True,4+ rings
bindarit,71354,7.7535734,6.26357,71354,bindarit,True,3.0,3.0,0.0,True,3 rings
ivosidenib,71657455,6.4532557,7.5992017,71657455,ivosidenib,True,5.0,3.0,2.0,True,4+ rings
tizanidine,5487,6.4011765,3.8053927,5487,tizanidine,True,3.0,2.0,1.0,True,3 rings
mpep,3025961,5.9996667,6.871734,3025961,mpep,True,2.0,2.0,0.0,True,2 rings
gepotidacin,25101874,7.9363456,6.914517,25101874,gepotidacin,True,6.0,3.0,3.0,True,4+ rings
unc1215,57339144,7.3146687,3.4300528,57339144,unc1215,True,6.0,2.0,4.0,True,4+ rings
lenalidomide,12044976,7.227393,3.3790262,12044976,lenalidomide,True,3.0,1.0,2.0,True,3 rings
ah-7614,233085,9.359919,2.728837,233085,ah-7614,True,4.0,3.0,1.0,True,4+ rings
medica-16,121871,-1.9011632,5.968053,121871,medica-16,True,0.0,0.0,0.0,False,0 rings
kenpaullone,3820,6.47289,6.2481756,3820,kenpaullone,True,4.0,3.0,1.0,True,4+ rings
prx-08066,11502243,6.198925,7.9509916,11502243,prx-08066,True,4.0,3.0,1.0,True,4+ rings
miglitol,441314,-2.0639837,6.556035,441314,miglitol,True,1.0,0.0,1.0,True,1 ring
cep-37440,71721648,8.403741,7.431959,71721648,cep-37440,True,5.0,3.0,2.0,True,4+ rings
tetramethylthiuram-monosulfide,7347,-1.0026604,6.4007263,7347,tetramethylthiuram-monosulfide,True,0.0,0.0,0.0,False,0 rings
rose-bengal-lactone,69439,10.65047,1.8688974,69439,rose-bengal-lactone,True,5.0,3.0,2.0,True,4+ rings
palbociclib,5330286,6.3648505,7.745584,5330286,palbociclib,True,5.0,3.0,2.0,True,4+ rings
chc,5328791,9.604697,1.643511,5328791,chc,True,1.0,1.0,0.0,True,1 ring
tiapride,5467,9.388457,3.1082714,5467,tiapride,True,1.0,1.0,0.0,True,1 ring
pu-h71,9549213,8.053713,7.855744,9549213,pu-h71,True,4.0,3.0,1.0,True,4+ rings
bergapten,2355,10.588192,1.9877428,2355,bergapten,True,3.0,3.0,0.0,True,3 rings
mefenamic-acid,4044,7.9798346,3.3800576,4044,mefenamic-acid,True,2.0,2.0,0.0,True,2 rings
indoximod,6920151,6.7015615,6.244344,6920151,indoximod,True,2.0,2.0,0.0,True,2 rings
tenapanor,71587953,6.7756963,2.0699794,71587953,tenapanor,True,6.0,4.0,2.0,True,4+ rings
hydroxyfasudil,3064778,7.0058503,2.5868077,3064778,hydroxyfasudil,True,3.0,2.0,1.0,True,3 rings
tolbutamide,5505,6.7862267,1.9628131,5505,tolbutamide,True,1.0,1.0,0.0,True,1 ring
demecarium,5966,8.935233,3.3365338,5966,demecarium,True,2.0,2.0,0.0,True,2 rings
lm11a-31,28174760,-1.5700642,6.818685,28174760,lm11a-31,True,1.0,0.0,1.0,True,1 ring
ot-r-antagonist-1,9690136,7.561786,2.4897602,9690136,ot-r-antagonist-1,True,4.0,3.0,1.0,True,4+ rings
etoposide-phosphate,6918092,10.716304,1.7214711,6918092,etoposide-phosphate,True,7.0,2.0,5.0,True,4+ rings
larazotide-acetate,9810532,-1.8173044,7.016309,9810532,larazotide-acetate,True,1.0,0.0,1.0,True,1 ring
egf816,72703790,6.700131,7.938118,72703790,egf816,True,4.0,3.0,1.0,True,4+ rings
gsk2656157,53469059,6.439211,7.970031,53469059,gsk2656157,True,5.0,4.0,1.0,True,4+ rings
vu0364739,46937439,7.182365,3.5090494,46937439,vu0364739,True,5.0,3.0,2.0,True,4+ rings
arq-092,53262401,6.3687434,8.412607,53262401,arq-092,True,6.0,5.0,1.0,True,4+ rings
als-8112,71621663,-2.5980332,8.078104,71621663,als-8112,True,2.0,1.0,1.0,True,2 rings
sorbitol,5780,-1.6001924,5.6413264,5780,sorbitol,True,0.0,0.0,0.0,False,0 rings
ly2608204,46832368,6.6745296,7.361124,46832368,ly2608204,True,6.0,2.0,4.0,True,4+ rings
olesoxime,9930827,-3.072519,4.932023,9930827,olesoxime,True,4.0,0.0,4.0,True,4+ rings
trimebutine,13248159,10.005484,3.019793,13248159,trimebutine,True,2.0,2.0,0.0,True,2 rings
ramelteon,208902,9.632544,2.7027192,208902,ramelteon,True,3.0,1.0,2.0,True,3 rings
cg-400549,11844916,7.627443,3.16811,11844916,cg-400549,True,3.0,3.0,0.0,True,3 rings
gr125487,4284721,7.6199527,6.3717604,4284721,gr125487,True,3.0,2.0,1.0,True,3 rings
tolimidone,39065,9.601953,2.4616518,39065,tolimidone,True,2.0,2.0,0.0,True,2 rings
milacemide,53569,-1.3027686,6.787765,53569,milacemide,True,0.0,0.0,0.0,False,0 rings
pheniramine,667440,5.999922,6.9322505,667440,pheniramine,True,2.0,2.0,0.0,True,2 rings
taurine,4068592,-1.0821118,6.3917756,4068592,taurine,True,0.0,0.0,0.0,False,0 rings
tcs-21311,50925411,6.5404754,6.267091,50925411,tcs-21311,True,5.0,3.0,2.0,True,4+ rings
sarpogrelate,40468125,9.744546,2.454202,40468125,sarpogrelate,True,2.0,2.0,0.0,True,2 rings
aq-ra741,129989,6.497471,7.636852,129989,aq-ra741,True,4.0,2.0,2.0,True,4+ rings
ursodiol,31401,-2.68535,5.072458,31401,ursodiol,True,4.0,0.0,4.0,True,4+ rings
dorzolamide,5284549,6.7534485,2.0210028,5284549,dorzolamide,True,2.0,1.0,1.0,True,2 rings
roblitinib,118036971,6.412089,7.6995416,118036971,roblitinib,True,4.0,2.0,2.0,True,4+ rings
spautin-1,51037431,5.982587,7.7299833,51037431,spautin-1,True,3.0,3.0,0.0,True,3 rings
reynoutrin,5320861,10.865647,1.7059475,5320861,reynoutrin,True,4.0,3.0,1.0,True,4+ rings
clemastine,26987,8.020436,1.8923733,26987,clemastine,True,3.0,2.0,1.0,True,3 rings
cid-16020046,51436118,7.736827,6.2680416,51436118,cid-16020046,True,5.0,4.0,1.0,True,4+ rings
pd-166285,5311382,8.34337,7.356075,5311382,pd-166285,True,4.0,4.0,0.0,True,4+ rings
azapropazone,6604340,6.910743,3.5138547,6604340,azapropazone,True,3.0,1.0,2.0,True,3 rings
efonidipine,11764616,7.395227,0.71367073,11764616,efonidipine,True,5.0,3.0,2.0,True,4+ rings
mestinon,4991,7.6178136,6.7567616,4991,mestinon,True,1.0,1.0,0.0,True,1 ring
laquinimod,54677946,7.8314857,3.3838491,54677946,laquinimod,True,3.0,3.0,0.0,True,3 rings
telotristat-ethyl,25181577,8.269841,7.558806,25181577,telotristat-ethyl,True,4.0,4.0,0.0,True,4+ rings
2-iodohippuric-acid,8614,7.182004,2.4854562,8614,2-iodohippuric-acid,True,1.0,1.0,0.0,True,1 ring
aminoglutethimide,1548995,7.156459,3.3331358,1548995,aminoglutethimide,True,2.0,1.0,1.0,True,2 rings
tiagabine,60648,7.240029,1.9307771,60648,tiagabine,True,3.0,2.0,1.0,True,3 rings
eglumetad,213056,-1.7631439,6.85309,213056,eglumetad,True,2.0,0.0,2.0,True,2 rings
tetrandrine,73078,10.137103,3.0237586,73078,tetrandrine,True,8.0,4.0,4.0,True,4+ rings
carmofur,2577,-1.2819793,6.7858996,2577,carmofur,True,1.0,1.0,0.0,True,1 ring
zoliflodacin,76685216,8.028952,4.3668356,76685216,zoliflodacin,True,6.0,2.0,4.0,True,4+ rings
asymmetrical-dimethylarginine,123831,-1.7227235,7.09776,123831,asymmetrical-dimethylarginine,True,0.0,0.0,0.0,False,0 rings
ceforanide,43507,7.8962765,2.5265055,43507,ceforanide,True,4.0,2.0,2.0,True,4+ rings
o6-benzylguanine,4578,6.5104365,8.587034,4578,o6-benzylguanine,True,3.0,3.0,0.0,True,3 rings
abt-239,9818903,9.783659,2.8030968,9818903,abt-239,True,4.0,3.0,1.0,True,4+ rings
centazolone,72846,7.33244,3.3464017,72846,centazolone,True,3.0,3.0,0.0,True,3 rings
forodesine,135409409,6.481685,7.0703874,135409409,forodesine,True,3.0,2.0,1.0,True,3 rings
quercetin,5280343,10.673042,1.8456681,5280343,quercetin,True,3.0,3.0,0.0,True,3 rings
trabectedin,108150,10.157169,3.0785198,108150,trabectedin,False,,,,,Invalid/missing SMILES
tc-ask-10,24944925,6.6658444,7.9698906,24944925,tc-ask-10,True,4.0,4.0,0.0,True,4+ rings
tak-733,24963252,6.8287,3.5267222,24963252,tak-733,True,3.0,3.0,0.0,True,3 rings
pre-084,126402,7.7346163,1.6145445,126402,pre-084,True,3.0,1.0,2.0,True,3 rings
iso-1,5288525,9.922139,1.9011104,5288525,iso-1,True,2.0,1.0,1.0,True,2 rings
stobadine,108089,6.7632723,3.5321875,108089,stobadine,True,3.0,1.0,2.0,True,3 rings
ly223982,6444688,10.35253,1.9928808,6444688,ly223982,True,3.0,3.0,0.0,True,3 rings
saracatinib,10302451,8.774789,7.2846437,10302451,saracatinib,True,6.0,3.0,3.0,True,4+ rings
asa-404,123964,10.311605,1.9958888,123964,asa-404,True,3.0,3.0,0.0,True,3 rings
sar131675,71295845,6.585648,7.455675,71295845,sar131675,True,2.0,2.0,0.0,True,2 rings
sc-51089,132749,8.259657,7.1180906,132749,sc-51089,True,4.0,3.0,1.0,True,4+ rings
wiki4,2984337,8.235764,7.3780584,2984337,wiki4,True,6.0,5.0,1.0,True,4+ rings
cenobamate,11962412,7.9692802,1.8540487,11962412,cenobamate,True,2.0,2.0,0.0,True,2 rings
bet-bay-002,73425805,6.959361,7.9804473,73425805,bet-bay-002,True,5.0,4.0,1.0,True,4+ rings
dimaprit,3077,-0.89408016,6.4484344,3077,dimaprit,True,0.0,0.0,0.0,False,0 rings
butacaine,2480,8.228604,3.4399722,2480,butacaine,True,1.0,1.0,0.0,True,1 ring
levonordefrin,164739,8.902486,2.011514,164739,levonordefrin,True,1.0,1.0,0.0,True,1 ring
octinoxate,6993341,9.903516,1.908555,6993341,octinoxate,True,1.0,1.0,0.0,True,1 ring
afobazole,9862937,8.104509,7.9241548,9862937,afobazole,True,3.0,2.0,1.0,True,3 rings
gdc-0077,124173720,8.140867,7.59935,124173720,gdc-0077,True,4.0,2.0,2.0,True,4+ rings
haloperidol,3559,7.9624653,1.9321377,3559,haloperidol,True,3.0,2.0,1.0,True,3 rings
taprenepag,18376177,8.027103,6.7016377,18376177,taprenepag,True,4.0,4.0,0.0,True,4+ rings
3-aqc,3073499,6.005114,7.7817774,3073499,3-aqc,True,3.0,2.0,1.0,True,3 rings
entasobulin,10203597,6.5645533,6.2815456,10203597,entasobulin,True,5.0,5.0,0.0,True,4+ rings
ethynylcytidine,176885,-2.6154428,8.096477,176885,ethynylcytidine,True,2.0,1.0,1.0,True,2 rings
lafutidine,40490609,8.006103,6.901027,40490609,lafutidine,True,3.0,2.0,1.0,True,3 rings
adapalene,60164,10.111977,1.793361,60164,adapalene,True,7.0,3.0,4.0,True,4+ rings
plx8394,90116675,6.5521383,8.016693,90116675,plx8394,True,6.0,4.0,2.0,True,4+ rings
cloxyquin,2817,7.4846487,6.509572,2817,cloxyquin,True,2.0,2.0,0.0,True,2 rings
roluperidone,9799284,7.061799,2.3776917,9799284,roluperidone,True,4.0,2.0,2.0,True,4+ rings
buflomedil,2467,10.488732,2.061721,2467,buflomedil,True,2.0,1.0,1.0,True,2 rings
madrasin,135444382,8.515543,7.2642546,135444382,madrasin,True,3.0,3.0,0.0,True,3 rings
fucoxanthin,5364094,-3.225621,5.326618,5364094,fucoxanthin,True,3.0,0.0,3.0,True,3 rings
ri-1,1074953,6.532896,3.6595087,1074953,ri-1,True,3.0,1.0,2.0,True,3 rings
sirreal-2,1096292,6.583548,7.4887137,1096292,sirreal-2,True,4.0,4.0,0.0,True,4+ rings
azd8330,16666708,6.9224386,3.4832919,16666708,azd8330,True,2.0,2.0,0.0,True,2 rings
levalbuterol,123600,8.816473,2.086972,123600,levalbuterol,True,1.0,1.0,0.0,True,1 ring
pixantrone,134019,6.494361,6.8185463,134019,pixantrone,True,3.0,2.0,1.0,True,3 rings
monepantel,44449087,9.64399,2.9585106,44449087,monepantel,True,2.0,2.0,0.0,True,2 rings
ioversol,6604447,7.9132013,3.285824,6604447,ioversol,True,1.0,1.0,0.0,True,1 ring
bt-11,121299620,6.6773796,8.097028,121299620,bt-11,True,7.0,6.0,1.0,True,4+ rings
flunisolide,82153,-3.757285,5.0948973,82153,flunisolide,True,5.0,0.0,5.0,True,4+ rings
citalopram,146570,8.038996,1.864099,146570,citalopram,True,3.0,2.0,1.0,True,3 rings
pnu-37883,64393,-0.9455525,6.592731,64393,pnu-37883,True,6.0,0.0,6.0,True,4+ rings
mk-0608,3011893,5.5538273,9.1747055,3011893,mk-0608,True,3.0,2.0,1.0,True,3 rings
ticarcillin,36921,7.707731,2.4957802,36921,ticarcillin,True,3.0,1.0,2.0,True,3 rings
nitrocaramiphen,3941250,7.6691537,1.5581369,3941250,nitrocaramiphen,True,2.0,1.0,1.0,True,2 rings
pik-75,10275789,6.419429,8.298635,10275789,pik-75,True,3.0,3.0,0.0,True,3 rings
gts21,5310985,8.009317,6.9123363,5310985,gts21,True,3.0,2.0,1.0,True,3 rings
cep-32496,56846693,8.771121,7.260733,56846693,cep-32496,True,4.0,4.0,0.0,True,4+ rings
udenafil,135564686,8.227442,6.6392355,135564686,udenafil,True,4.0,3.0,1.0,True,4+ rings
5-hydroxyectoine,40488256,-1.7077518,7.0076666,40488256,5-hydroxyectoine,True,1.0,0.0,1.0,True,1 ring
sr-27897,122077,6.6768317,7.356986,122077,sr-27897,True,4.0,4.0,0.0,True,4+ rings
at13148,24905401,8.050618,2.0098255,24905401,at13148,True,3.0,3.0,0.0,True,3 rings
pamiparib,135565554,6.56826,6.280789,135565554,pamiparib,True,5.0,2.0,3.0,True,4+ rings
hthq,119193,9.91117,1.6778177,119193,hthq,True,1.0,1.0,0.0,True,1 ring
l-hydroxyproline,6971053,-1.8549476,7.0723224,6971053,l-hydroxyproline,True,1.0,0.0,1.0,True,1 ring
nu-7026,9860529,9.974595,2.4739728,9860529,nu-7026,True,4.0,3.0,1.0,True,4+ rings
pq-401,9549305,8.376643,6.9918017,9549305,pq-401,True,3.0,3.0,0.0,True,3 rings
nabumetone,4409,10.02168,2.0381021,4409,nabumetone,True,2.0,2.0,0.0,True,2 rings
piromidic-acid,4855,5.172536,8.847463,4855,piromidic-acid,True,3.0,2.0,1.0,True,3 rings
procyanidin-b-2,11250133,10.231858,1.6865284,11250133,procyanidin-b-2,True,6.0,4.0,2.0,True,4+ rings
ru-ski-43,93160320,9.407773,2.7988997,93160320,ru-ski-43,True,3.0,2.0,1.0,True,3 rings
penicillamine-(d),6926437,-1.5983189,7.175381,6926437,penicillamine-(d),True,0.0,0.0,0.0,False,0 rings
cortisone,222786,-3.3188832,4.810524,222786,cortisone,True,4.0,0.0,4.0,True,4+ rings
gsk-j1,56963315,6.117159,7.869306,56963315,gsk-j1,True,4.0,3.0,1.0,True,4+ rings
pf-05180999,60143346,6.0135355,8.381375,60143346,pf-05180999,True,5.0,4.0,1.0,True,4+ rings
inh1,959043,6.707527,7.3828278,959043,inh1,True,3.0,3.0,0.0,True,3 rings
disodium-sebacate,5192,-1.8555863,5.9667764,5192,disodium-sebacate,True,0.0,0.0,0.0,False,0 rings
rn-1734,3601086,6.7207003,1.9755944,3601086,rn-1734,True,1.0,1.0,0.0,True,1 ring
thiotepa,5453,-0.9942809,6.5151176,5453,thiotepa,True,3.0,0.0,3.0,True,3 rings
tug-770,66553168,7.6059704,1.3981972,66553168,tug-770,True,2.0,2.0,0.0,True,2 rings
albendazole,2082,6.8475423,8.52305,2082,albendazole,True,2.0,2.0,0.0,True,2 rings
methacholine,6603706,-1.498663,6.510199,6603706,methacholine,True,0.0,0.0,0.0,False,0 rings
amd11070,11256587,6.472367,8.386884,11256587,amd11070,True,4.0,3.0,1.0,True,4+ rings
pargyline,4688,6.5745034,2.1378264,4688,pargyline,True,1.0,1.0,0.0,True,1 ring
4-(4-fluorobenzoyl)-1-(4-phenylbutyl)-piperidine,5234410,6.9920807,2.2583895,5234410,4-(4-fluorobenzoyl)-1-(4-phenylbutyl)-piperidine,True,3.0,2.0,1.0,True,3 rings
tegobuvir,23649154,6.162496,8.297705,23649154,tegobuvir,True,5.0,3.0,2.0,True,4+ rings
gavestinel,6450546,6.7830577,6.226081,6450546,gavestinel,True,3.0,3.0,0.0,True,3 rings
senicapoc,216327,7.061251,2.2430964,216327,senicapoc,True,3.0,3.0,0.0,True,3 rings
alpha-tochopherol,1548900,9.851655,1.5627868,1548900,alpha-tochopherol,True,2.0,1.0,1.0,True,2 rings
fedratinib,16722836,8.201565,7.49963,16722836,fedratinib,True,4.0,3.0,1.0,True,4+ rings
azalomycin-b,6444206,-2.7781994,6.1861134,6444206,azalomycin-b,True,5.0,0.0,5.0,True,4+ rings
htmt,6604743,6.8021517,8.191989,6604743,htmt,True,2.0,2.0,0.0,True,2 rings
alisporivir,11513676,-2.01136,6.961991,11513676,alisporivir,True,1.0,0.0,1.0,True,1 ring
furagin,6870646,9.528133,3.191546,6870646,furagin,True,2.0,1.0,1.0,True,2 rings
ademetionine,34756,5.409553,9.266518,34756,ademetionine,True,3.0,2.0,1.0,True,3 rings
pridopidine,9795739,6.7141848,1.9503487,9795739,pridopidine,True,2.0,1.0,1.0,True,2 rings
evenamide,25105689,9.458597,2.6945577,25105689,evenamide,True,1.0,1.0,0.0,True,1 ring
mk-886,3651377,6.737579,6.261997,3651377,mk-886,True,3.0,3.0,0.0,True,3 rings
bucetin,6918884,8.897372,3.3617485,6918884,bucetin,True,1.0,1.0,0.0,True,1 ring
adatanserin,130918,5.6661725,8.432497,130918,adatanserin,True,6.0,1.0,5.0,True,4+ rings
niridazole,6093,4.6323113,8.792998,6093,niridazole,True,2.0,1.0,1.0,True,2 rings
sulfamoxole,12894,6.2381477,7.3798003,12894,sulfamoxole,True,2.0,2.0,0.0,True,2 rings
bts,95801,6.7478805,1.9933825,95801,bts,True,2.0,2.0,0.0,True,2 rings
org-9768,22152353,6.5651336,2.0292652,22152353,org-9768,True,2.0,1.0,1.0,True,2 rings
lucitanib,25031915,8.394504,6.736089,25031915,lucitanib,True,5.0,4.0,1.0,True,4+ rings
fph1-(brd-6125),2210370,6.975449,3.5978596,2210370,fph1-(brd-6125),True,2.0,2.0,0.0,True,2 rings
ly2157299,10090485,6.4272075,6.5991793,10090485,ly2157299,True,5.0,4.0,1.0,True,4+ rings
capsaicin,1548943,9.845586,2.8751285,1548943,capsaicin,True,1.0,1.0,0.0,True,1 ring
trihexyphenidyl,207845,8.027527,1.9244412,207845,trihexyphenidyl,True,3.0,1.0,2.0,True,3 rings
flumatinib,46848036,6.4284053,7.6969132,46848036,flumatinib,True,5.0,4.0,1.0,True,4+ rings
genz-644282,10294813,8.276495,6.6731186,10294813,genz-644282,True,5.0,4.0,1.0,True,4+ rings
rheochrysidin,10639,10.529414,1.8854048,10639,rheochrysidin,True,3.0,2.0,1.0,True,3 rings
enoximone,53708,7.036864,2.476851,53708,enoximone,True,2.0,2.0,0.0,True,2 rings
oxa-06,24857242,6.327088,8.173694,24857242,oxa-06,True,4.0,4.0,0.0,True,4+ rings
tributyrin,6050,-1.7199683,5.989403,6050,tributyrin,True,0.0,0.0,0.0,False,0 rings
amuvatinib,11282283,8.314124,7.546089,11282283,amuvatinib,True,6.0,4.0,2.0,True,4+ rings
irosustat,5287541,10.2413225,1.9920669,5287541,irosustat,True,3.0,2.0,1.0,True,3 rings
fendiline,36687769,6.599006,2.1158285,36687769,fendiline,True,3.0,3.0,0.0,True,3 rings
arsenic-trioxide,261004,-1.1324018,6.134547,261004,arsenic-trioxide,True,0.0,0.0,0.0,False,0 rings
ml298,53393916,7.1509333,3.4932091,53393916,ml298,True,4.0,2.0,2.0,True,4+ rings
halazone,3552,7.8495474,1.4274006,3552,halazone,True,1.0,1.0,0.0,True,1 ring
ici-63197,62824,-1.1985104,6.749768,62824,ici-63197,True,2.0,2.0,0.0,True,2 rings
diacetamate,17499,8.870027,3.348751,17499,diacetamate,True,1.0,1.0,0.0,True,1 ring
pyridoxine,1054,7.13197,6.7354555,1054,pyridoxine,True,1.0,1.0,0.0,True,1 ring
cts-1027,3342298,9.557382,2.302556,3342298,cts-1027,True,3.0,2.0,1.0,True,3 rings
tram-34,656734,5.9582205,6.842711,656734,tram-34,True,4.0,4.0,0.0,True,4+ rings
tmph,11207937,-1.9011095,6.2204285,11207937,tmph,True,1.0,0.0,1.0,True,1 ring
way-200070,135418373,7.8864655,6.425857,135418373,way-200070,True,3.0,3.0,0.0,True,3 rings
puromycin,439530,6.4395223,8.692809,439530,puromycin,True,4.0,3.0,1.0,True,4+ rings
amisulpride,5746246,9.265525,3.4754915,5746246,amisulpride,True,2.0,1.0,1.0,True,2 rings
tak-220,5275766,7.227792,3.3487482,5275766,tak-220,True,4.0,2.0,2.0,True,4+ rings
ibrolipim,131601,7.1533184,3.3865955,131601,ibrolipim,True,2.0,2.0,0.0,True,2 rings
climbazole,25734913,7.8326235,7.8598146,25734913,climbazole,True,2.0,2.0,0.0,True,2 rings
prednisolone-acetate,5834,-3.6029403,4.9633937,5834,prednisolone-acetate,True,4.0,0.0,4.0,True,4+ rings
methoxyphenamine,6918906,9.52907,2.6114511,6918906,methoxyphenamine,True,1.0,1.0,0.0,True,1 ring
almitrine,33887,6.6399827,2.1466417,33887,almitrine,True,4.0,3.0,1.0,True,4+ rings
quinidine,441074,7.6717978,6.6662736,441074,quinidine,True,5.0,2.0,3.0,True,4+ rings
nalfurafine,6445230,10.414541,3.2230897,6445230,nalfurafine,True,7.0,2.0,5.0,True,4+ rings
dacinostat,6445533,6.390192,6.24786,6445533,dacinostat,True,3.0,3.0,0.0,True,3 rings
rgb-286638,11285002,6.427384,6.5972056,11285002,rgb-286638,True,6.0,3.0,3.0,True,4+ rings
azithromycin,71206984,-2.5394466,6.4357653,71206984,azithromycin,True,3.0,0.0,3.0,True,3 rings
1-deoxymannojirimycin,72258,-2.171172,6.654638,72258,1-deoxymannojirimycin,True,1.0,0.0,1.0,True,1 ring
"2,4-dinitrophenol",1493,8.7295,3.079548,1493,"2,4-dinitrophenol",True,1.0,1.0,0.0,True,1 ring
dextrose,107526,-1.771867,5.6041327,107526,dextrose,True,0.0,0.0,0.0,False,0 rings
gliquidone,91610,9.474302,3.05179,91610,gliquidone,True,4.0,2.0,2.0,True,4+ rings
inca-6,230748,7.2152457,1.567933,230748,inca-6,True,6.0,2.0,4.0,True,4+ rings
rs-79948,9908992,9.99031,2.9299755,9908992,rs-79948,True,4.0,1.0,3.0,True,4+ rings
tremorine,5534,-1.0294721,6.5869193,5534,tremorine,True,2.0,0.0,2.0,True,2 rings
zoniporide,6433110,6.36145,6.798876,6433110,zoniporide,True,4.0,3.0,1.0,True,4+ rings
sparfloxacin,6956367,9.578401,4.5316324,6956367,sparfloxacin,True,4.0,2.0,2.0,True,4+ rings
centanafadine,16095349,6.5477242,2.0588057,16095349,centanafadine,True,4.0,2.0,2.0,True,4+ rings
2-fluorofucose,446098,-1.6223356,5.483785,446098,2-fluorofucose,True,1.0,0.0,1.0,True,1 ring
nuvenzepine,65846,6.509982,7.551788,65846,nuvenzepine,True,4.0,2.0,2.0,True,4+ rings
qx-222,5014,6.9375935,3.6716094,5014,qx-222,True,1.0,1.0,0.0,True,1 ring
nisoldipine,28248400,7.411538,0.76011306,28248400,nisoldipine,True,2.0,1.0,1.0,True,2 rings
olumacostat-glasaretil,89497391,9.588934,2.4499938,89497391,olumacostat-glasaretil,True,1.0,1.0,0.0,True,1 ring
beta-hydroxybutyrate,441,-1.6205285,5.9679675,441,beta-hydroxybutyrate,True,0.0,0.0,0.0,False,0 rings
ly215490,127894,-1.7823128,7.030167,127894,ly215490,True,3.0,1.0,2.0,True,3 rings
duloxetine,60835,9.485494,2.610686,60835,duloxetine,True,3.0,3.0,0.0,True,3 rings
cotinine,854019,6.3391,6.8564167,854019,cotinine,True,2.0,1.0,1.0,True,2 rings
rac-bhff,7023847,10.081636,1.9299742,7023847,rac-bhff,True,2.0,1.0,1.0,True,2 rings
desisobutyryl-ciclesonide,24848783,-3.745889,5.097215,24848783,desisobutyryl-ciclesonide,True,6.0,0.0,6.0,True,4+ rings
acivicin,16758175,-1.6872364,7.048357,16758175,acivicin,True,1.0,0.0,1.0,True,1 ring
bmy-14802,10020651,6.839931,7.454626,10020651,bmy-14802,True,3.0,2.0,1.0,True,3 rings
tolazamide,5503,6.7549534,1.94716,5503,tolazamide,True,2.0,1.0,1.0,True,2 rings
phenol,996,9.422963,1.6013448,996,phenol,True,1.0,1.0,0.0,True,1 ring
3-deazaadenosine,12769724,6.129959,8.829217,12769724,3-deazaadenosine,True,3.0,2.0,1.0,True,3 rings
clinafloxacin,969489,9.571347,4.5403914,969489,clinafloxacin,True,4.0,2.0,2.0,True,4+ rings
arv-825,124870683,7.9091167,7.4856567,124870683,arv-825,True,8.0,5.0,3.0,True,4+ rings
parthenolide-(-),5420805,-2.7863405,5.904071,5420805,parthenolide-(-),True,3.0,0.0,3.0,True,3 rings
byk-204165,25113764,6.4698825,6.7563996,25113764,byk-204165,True,3.0,2.0,1.0,True,3 rings
omeprazole,9568614,8.153603,7.915062,9568614,omeprazole,True,3.0,3.0,0.0,True,3 rings
tolrestat,53359,9.63416,2.6741827,53359,tolrestat,True,2.0,2.0,0.0,True,2 rings
vindesine,40839,8.158548,6.2429457,40839,vindesine,True,9.0,3.0,6.0,True,4+ rings
bekanamycin,439318,-2.6355813,6.769634,439318,bekanamycin,True,3.0,0.0,3.0,True,3 rings
sch-900776,46239015,6.0017934,8.352978,46239015,sch-900776,True,4.0,3.0,1.0,True,4+ rings
piperidolate,688565,7.7614064,1.7048815,688565,piperidolate,True,3.0,2.0,1.0,True,3 rings
etrabamine,92274373,4.863268,8.748161,92274373,etrabamine,True,2.0,1.0,1.0,True,2 rings
l-kynurenine,6971029,7.544946,3.1039908,6971029,l-kynurenine,True,1.0,1.0,0.0,True,1 ring
rilpivirine,6451164,6.0884047,7.817115,6451164,rilpivirine,True,3.0,3.0,0.0,True,3 rings
rauwolscine,643606,6.84591,6.1721563,643606,rauwolscine,True,5.0,2.0,3.0,True,4+ rings
bicalutamide,2375,6.8322825,3.308385,2375,bicalutamide,True,2.0,2.0,0.0,True,2 rings
benzoxiquine,6855,7.8266706,6.625886,6855,benzoxiquine,True,3.0,3.0,0.0,True,3 rings
smi-4a,1361334,6.923364,2.1116066,1361334,smi-4a,True,2.0,1.0,1.0,True,2 rings
ergocalciferol,5280793,-2.8818517,5.389386,5280793,ergocalciferol,True,3.0,0.0,3.0,True,3 rings
tyrphostin-a9,5614,9.434458,1.4962078,5614,tyrphostin-a9,True,1.0,1.0,0.0,True,1 ring
nomegestrol-acetate,91668,-3.2332585,4.739528,91668,nomegestrol-acetate,True,4.0,0.0,4.0,True,4+ rings
pirquinozol,135449340,6.871931,6.2800426,135449340,pirquinozol,True,3.0,3.0,0.0,True,3 rings
epoprostenol,5282411,-2.6869564,5.9570727,5282411,epoprostenol,True,2.0,0.0,2.0,True,2 rings
onx-0914,23642227,9.465801,2.8519218,23642227,onx-0914,True,4.0,2.0,2.0,True,4+ rings
nicotinyl-alcohol-tartrate,7510,6.812152,6.866194,7510,nicotinyl-alcohol-tartrate,True,1.0,1.0,0.0,True,1 ring
bq-123,443289,6.692244,6.318766,443289,bq-123,True,4.0,2.0,2.0,True,4+ rings
cpi-0610,57389999,8.049603,4.2557693,57389999,cpi-0610,True,4.0,3.0,1.0,True,4+ rings
as-1892802,46911016,6.293791,6.732117,46911016,as-1892802,True,3.0,3.0,0.0,True,3 rings
hydroxyamphetamine,12234986,8.907202,2.0060737,12234986,hydroxyamphetamine,True,1.0,1.0,0.0,True,1 ring
cp-673451,10158940,8.495363,7.5722227,10158940,cp-673451,True,5.0,4.0,1.0,True,4+ rings
igmesine,6438340,6.5987983,2.0957484,6438340,igmesine,True,3.0,2.0,1.0,True,3 rings
ym-298198,9819432,6.729149,8.032626,9819432,ym-298198,True,4.0,3.0,1.0,True,4+ rings
pha-793887,46191454,5.9649563,7.625627,46191454,pha-793887,True,3.0,1.0,2.0,True,3 rings
gsk2636771,56949517,7.0549836,8.06717,56949517,gsk2636771,True,4.0,3.0,1.0,True,4+ rings
kf-38789,135565372,10.355595,1.963587,135565372,kf-38789,True,3.0,2.0,1.0,True,3 rings
anecortave-acetate,111332,-3.2494142,4.7491145,111332,anecortave-acetate,True,4.0,0.0,4.0,True,4+ rings
mk-0893,11570626,8.0119705,6.466066,11570626,mk-0893,True,5.0,5.0,0.0,True,4+ rings
plinabulin,9949641,6.7234273,8.260501,9949641,plinabulin,True,3.0,3.0,0.0,True,3 rings
gsk2801,73010930,7.8990374,6.753832,73010930,gsk2801,True,3.0,3.0,0.0,True,3 rings
isotiquimide,76961135,5.957717,6.9341702,76961135,isotiquimide,True,2.0,1.0,1.0,True,2 rings
mesoridazine,57146948,6.1218023,3.4466937,57146948,mesoridazine,True,4.0,2.0,2.0,True,4+ rings
tetrahydrofolic-acid,135398650,7.261283,3.1914527,135398650,tetrahydrofolic-acid,True,3.0,2.0,1.0,True,3 rings
l-threonine,6971019,-1.6330444,6.9499927,6971019,l-threonine,True,0.0,0.0,0.0,False,0 rings
qx-314,3925,6.957948,3.6864932,3925,qx-314,True,1.0,1.0,0.0,True,1 ring
bisacodyl,2391,7.9457917,6.734742,2391,bisacodyl,True,3.0,3.0,0.0,True,3 rings
levocarnitine,10918,-1.5886083,6.6209426,10918,levocarnitine,True,0.0,0.0,0.0,False,0 rings
belotecan,6456014,7.4375563,6.1217666,6456014,belotecan,True,5.0,3.0,2.0,True,4+ rings
melphalan-n-oxide,11234795,7.6751423,3.0251074,11234795,melphalan-n-oxide,True,1.0,1.0,0.0,True,1 ring
jnj-38877618,57654476,6.010303,8.327975,57654476,jnj-38877618,True,5.0,5.0,0.0,True,4+ rings
pentamidine,4735,9.646496,2.5015297,4735,pentamidine,True,2.0,2.0,0.0,True,2 rings
selitrectinib,129103609,6.2379556,8.10776,129103609,selitrectinib,True,5.0,3.0,2.0,True,4+ rings
cepharanthine,10206,10.147351,3.049834,10206,cepharanthine,True,9.0,4.0,5.0,True,4+ rings
caprylic-acid,379,-1.8423163,5.996411,379,caprylic-acid,True,0.0,0.0,0.0,False,0 rings
azd8055,25262965,8.638488,7.3548603,25262965,azd8055,True,5.0,3.0,2.0,True,4+ rings
h-89,449241,5.893768,6.8484397,449241,h-89,True,3.0,3.0,0.0,True,3 rings
etifenin,170344,7.0032263,3.6703482,170344,etifenin,True,1.0,1.0,0.0,True,1 ring
foxy-5,44628955,-1.9010673,7.0500894,44628955,foxy-5,True,0.0,0.0,0.0,False,0 rings
mk-7622,46207733,6.577654,6.37586,46207733,mk-7622,True,5.0,4.0,1.0,True,4+ rings
s-111,11213350,-3.067549,5.1336627,11213350,s-111,True,4.0,0.0,4.0,True,4+ rings
fenaclon,9376,6.9594197,2.2734826,9376,fenaclon,True,1.0,1.0,0.0,True,1 ring
colchicine,6167,9.986892,2.8454263,6167,colchicine,True,3.0,2.0,1.0,True,3 rings
tretinoin,444795,-2.3199387,6.003354,444795,tretinoin,True,1.0,0.0,1.0,True,1 ring
coenzyme-i,439153,5.407258,9.260992,439153,coenzyme-i,True,5.0,2.0,3.0,True,4+ rings
ginsenoside-c-k,9852086,-3.3419569,5.2867885,9852086,ginsenoside-c-k,True,5.0,0.0,5.0,True,4+ rings
gsk2881078,86709174,6.1123776,6.348557,86709174,gsk2881078,True,2.0,2.0,0.0,True,2 rings
bay-8002,992293,7.9792175,3.3341565,992293,bay-8002,True,3.0,3.0,0.0,True,3 rings
fdcyd,515328,-2.5810761,8.0563545,515328,fdcyd,True,2.0,1.0,1.0,True,2 rings
glycerol-phenylbutyrate,10482134,7.6283417,1.4505686,10482134,glycerol-phenylbutyrate,True,3.0,3.0,0.0,True,3 rings
soblidotin,6918315,7.5041585,2.3047774,6918315,soblidotin,True,2.0,1.0,1.0,True,2 rings
batimastat,5362422,7.4509478,2.3869882,5362422,batimastat,True,2.0,2.0,0.0,True,2 rings
pat-1251,122536283,8.021757,6.696459,122536283,pat-1251,True,3.0,2.0,1.0,True,3 rings
retinyl-acetate,638034,-2.36855,6.001308,638034,retinyl-acetate,True,1.0,0.0,1.0,True,1 ring
olmesartan-medoxomil,130881,6.8806133,8.067419,130881,olmesartan-medoxomil,True,5.0,5.0,0.0,True,4+ rings
"2,3-cis/exo-camphanediol",11768995,-2.191631,5.5339384,11768995,"2,3-cis/exo-camphanediol",True,2.0,0.0,2.0,True,2 rings
pantoprazole,11181988,8.15005,7.9408317,11181988,pantoprazole,True,3.0,3.0,0.0,True,3 rings
quazinone,135511466,6.8083515,3.6509924,135511466,quazinone,True,3.0,1.0,2.0,True,3 rings
nalidixic-acid,4421,6.8781705,7.251185,4421,nalidixic-acid,True,2.0,2.0,0.0,True,2 rings
d-64131,3921152,7.925345,6.400027,3921152,d-64131,True,3.0,3.0,0.0,True,3 rings
polidocanol,656641,-1.8976033,5.9642615,656641,polidocanol,True,0.0,0.0,0.0,False,0 rings
buparlisib,16654980,6.059888,7.9708204,16654980,buparlisib,True,4.0,2.0,2.0,True,4+ rings
desoxycorticosterone-pivalate,11876263,-3.2266362,4.760896,11876263,desoxycorticosterone-pivalate,True,4.0,0.0,4.0,True,4+ rings
neca,448222,5.442314,9.246651,448222,neca,True,3.0,2.0,1.0,True,3 rings
sng-1153,71621167,10.635902,1.9413942,71621167,sng-1153,True,3.0,3.0,0.0,True,3 rings
ptc-209,1117196,8.104054,7.8995886,1117196,ptc-209,True,4.0,4.0,0.0,True,4+ rings
nsc-95397,262093,7.2285194,1.547236,262093,nsc-95397,True,2.0,1.0,1.0,True,2 rings
emtricitabine,60877,-2.5899422,8.0701885,60877,emtricitabine,True,2.0,1.0,1.0,True,2 rings
sk&f-10047-(+),3036222,9.001589,2.088474,3036222,sk&f-10047-(+),True,3.0,1.0,2.0,True,3 rings
wiskostatin,981326,6.1978345,6.2848735,981326,wiskostatin,True,3.0,3.0,0.0,True,3 rings
schisandrin-b,174277,10.108738,1.826118,174277,schisandrin-b,True,4.0,2.0,2.0,True,4+ rings
hydrastinine,3397945,9.978074,2.7616327,3397945,hydrastinine,True,3.0,1.0,2.0,True,3 rings
moxonidine,4810,5.2966685,9.049661,4810,moxonidine,True,2.0,1.0,1.0,True,2 rings
monastrol,794325,8.804156,2.195166,794325,monastrol,True,2.0,1.0,1.0,True,2 rings
raf709,90408826,8.042929,6.8612857,90408826,raf709,True,5.0,3.0,2.0,True,4+ rings
pyronaridine,107771,7.8702154,6.602307,107771,pyronaridine,True,6.0,4.0,2.0,True,4+ rings
biib021,16736529,7.944109,7.9152713,16736529,biib021,True,3.0,3.0,0.0,True,3 rings
amcinonide,40469418,-3.770343,5.0940146,40469418,amcinonide,True,6.0,0.0,6.0,True,4+ rings
lansoprazole,9578005,8.150397,7.9268026,9578005,lansoprazole,True,3.0,3.0,0.0,True,3 rings
ginsenoside-re3,46887680,-3.3415418,5.2908154,46887680,ginsenoside-re3,True,6.0,0.0,6.0,True,4+ rings
cpi-169,71712226,6.7156367,6.4545007,71712226,cpi-169,True,4.0,3.0,1.0,True,4+ rings
luliconazole,3003141,7.260769,8.111105,3003141,luliconazole,True,3.0,2.0,1.0,True,3 rings
ph-797804,22049997,8.081328,3.4452932,22049997,ph-797804,True,3.0,3.0,0.0,True,3 rings
amflutizole,54833,7.9352946,3.354,54833,amflutizole,True,2.0,2.0,0.0,True,2 rings
sgc-cbp30,72201027,8.117935,7.6391063,72201027,sgc-cbp30,True,5.0,4.0,1.0,True,4+ rings
deferoxamine-mesylate,2973,-1.4850671,6.8157454,2973,deferoxamine-mesylate,True,0.0,0.0,0.0,False,0 rings
am095,46213949,8.112505,4.258776,46213949,am095,True,4.0,4.0,0.0,True,4+ rings
ly2603618,11955855,8.27725,7.442529,11955855,ly2603618,True,3.0,2.0,1.0,True,3 rings
l-165041,6603901,10.603679,1.9291854,6603901,l-165041,True,2.0,2.0,0.0,True,2 rings
ruxolitinib-(s),50878566,6.031223,8.282458,50878566,ruxolitinib-(s),True,4.0,3.0,1.0,True,4+ rings
arecaidine-but-2-ynyl-ester,4214594,-1.9157244,6.304848,4214594,arecaidine-but-2-ynyl-ester,True,1.0,0.0,1.0,True,1 ring
nadolol,7048578,9.484196,2.5469997,7048578,nadolol,True,2.0,1.0,1.0,True,2 rings
ys-201,29942219,7.407779,0.7513718,29942219,ys-201,True,3.0,1.0,2.0,True,3 rings
sb-222200,6604009,6.590113,6.437951,6604009,sb-222200,True,4.0,4.0,0.0,True,4+ rings
vipadenant,21874557,8.329622,7.6503506,21874557,vipadenant,True,4.0,4.0,0.0,True,4+ rings
bibr-1532,9927531,7.9222007,3.3898716,9927531,bibr-1532,True,3.0,3.0,0.0,True,3 rings
practolol,6918924,8.962691,3.3666673,6918924,practolol,True,1.0,1.0,0.0,True,1 ring
niceritrol,4476,6.9032135,6.8847647,4476,niceritrol,True,4.0,4.0,0.0,True,4+ rings
gsk2190915,44473151,7.9822326,6.5773554,44473151,gsk2190915,True,5.0,5.0,0.0,True,4+ rings
coumarin,323,10.0354595,1.9681429,323,coumarin,True,2.0,2.0,0.0,True,2 rings
gynostemma-extract,46887681,-3.3428848,5.3120146,46887681,gynostemma-extract,True,7.0,0.0,7.0,True,4+ rings
iem1754,9887868,-0.9586616,6.5991006,9887868,iem1754,True,4.0,0.0,4.0,True,4+ rings
i-brd9,91668541,7.000494,2.6682916,91668541,i-brd9,True,4.0,3.0,1.0,True,4+ rings
sutezolid,465951,6.663938,3.5355165,465951,sutezolid,True,3.0,1.0,2.0,True,3 rings
aj76-(+),122334,9.549933,2.6413274,122334,aj76-(+),True,2.0,1.0,1.0,True,2 rings
g-749,78357765,8.312365,7.299593,78357765,g-749,True,5.0,4.0,1.0,True,4+ rings
penicillamine-(racemic),6926437,-1.5917268,7.1567163,6926437,penicillamine-(racemic),True,0.0,0.0,0.0,False,0 rings
tiabendazole,5430,6.7432003,8.341387,5430,tiabendazole,True,3.0,3.0,0.0,True,3 rings
mk-1903,49763030,7.9397173,3.2418964,49763030,mk-1903,True,3.0,1.0,2.0,True,3 rings
r547,6918852,8.251369,7.3819547,6918852,r547,True,3.0,2.0,1.0,True,3 rings
ferrostatin-1,4068248,8.177841,3.4387145,4068248,ferrostatin-1,True,2.0,1.0,1.0,True,2 rings
nelfinavir,64143,8.558387,2.5202074,64143,nelfinavir,True,4.0,2.0,2.0,True,4+ rings
adomeglivant,91933867,9.621042,3.017625,91933867,adomeglivant,True,3.0,3.0,0.0,True,3 rings
yohimbine,8969,6.881265,6.193021,8969,yohimbine,True,5.0,2.0,3.0,True,4+ rings
sb-366791,667594,9.051711,3.5314226,667594,sb-366791,True,2.0,2.0,0.0,True,2 rings
bromfenac,60726,7.828426,3.1950052,60726,bromfenac,True,2.0,2.0,0.0,True,2 rings
pterostilbene,5281727,9.863059,1.7258966,5281727,pterostilbene,True,2.0,2.0,0.0,True,2 rings
(s)-(+)-rolipram,158758,9.762051,2.7970655,158758,(s)-(+)-rolipram,True,3.0,1.0,2.0,True,3 rings
rp67580,107686,9.618606,2.6660082,107686,rp67580,True,5.0,3.0,2.0,True,4+ rings
phenylephrine,6041,8.889541,2.0448878,6041,phenylephrine,True,1.0,1.0,0.0,True,1 ring
mps-bay-2a,57381882,6.60585,7.9027886,57381882,mps-bay-2a,True,6.0,5.0,1.0,True,4+ rings
alvocidib,5287969,10.562423,2.015488,5287969,alvocidib,True,4.0,3.0,1.0,True,4+ rings
ecamsule-triethanolamine,131634633,7.2187304,1.5508306,131634633,ecamsule-triethanolamine,True,5.0,1.0,4.0,True,4+ rings
l-655240,122070,6.676082,6.266852,122070,l-655240,True,3.0,3.0,0.0,True,3 rings
cur-61414,10392802,9.96006,2.9233596,10392802,cur-61414,True,5.0,2.0,3.0,True,4+ rings
dimetridazole,3090,4.58112,8.814112,3090,dimetridazole,True,1.0,1.0,0.0,True,1 ring
milrinone,4197,6.3617315,6.926934,4197,milrinone,True,2.0,2.0,0.0,True,2 rings
cc-90003,90331177,8.272468,7.3947706,90331177,cc-90003,True,3.0,3.0,0.0,True,3 rings
dmso,21584481,-1.1044809,6.1624064,21584481,dmso,True,0.0,0.0,0.0,False,0 rings
iodipamide,3739,7.9487233,3.3401933,3739,iodipamide,True,2.0,2.0,0.0,True,2 rings
frentizole,33334,7.7321253,7.452881,33334,frentizole,True,3.0,3.0,0.0,True,3 rings
mk-2206,24964624,6.021187,6.8347254,24964624,mk-2206,True,6.0,5.0,1.0,True,4+ rings
brompheniramine,16960,5.9468217,6.9029875,16960,brompheniramine,True,2.0,2.0,0.0,True,2 rings
tc-lpa5-4,66552906,7.9561667,6.3850074,66552906,tc-lpa5-4,True,4.0,3.0,1.0,True,4+ rings
metafolin,135398561,7.2781286,3.2258523,135398561,metafolin,True,3.0,2.0,1.0,True,3 rings
ceftobiprole,138319339,4.7069945,7.7606697,138319339,ceftobiprole,True,5.0,1.0,4.0,True,4+ rings
furosemide,3440,8.92352,3.496706,3440,furosemide,True,2.0,2.0,0.0,True,2 rings
ly2801653,44603533,8.071002,6.568745,44603533,ly2801653,True,6.0,6.0,0.0,True,4+ rings
phloretin,4788,10.519489,1.8948848,4788,phloretin,True,2.0,2.0,0.0,True,2 rings
bromisoval,146955,-1.4455947,6.7023635,146955,bromisoval,True,0.0,0.0,0.0,False,0 rings
semaxanib,5329098,6.5882726,6.307133,5329098,semaxanib,True,3.0,2.0,1.0,True,3 rings
etoposide,36462,10.757012,1.70761,36462,etoposide,True,7.0,2.0,5.0,True,4+ rings
torcetrapib,159325,6.9004345,3.5951529,159325,torcetrapib,True,3.0,2.0,1.0,True,3 rings
briciclib,11248490,9.973415,1.8047568,11248490,briciclib,True,2.0,2.0,0.0,True,2 rings
phenprobamate,4770,7.554783,1.6760855,4770,phenprobamate,True,1.0,1.0,0.0,True,1 ring
suloctidil,657255,8.261006,2.059128,657255,suloctidil,True,1.0,1.0,0.0,True,1 ring
pyrimethamine,4993,5.990158,7.760445,4993,pyrimethamine,True,2.0,2.0,0.0,True,2 rings
pj-34,4858,7.21877,3.4105952,4858,pj-34,True,3.0,3.0,0.0,True,3 rings
macitentan,16004692,8.108102,7.46897,16004692,macitentan,True,3.0,3.0,0.0,True,3 rings
thz1-r,119081415,6.5840545,7.7393517,119081415,thz1-r,True,5.0,5.0,0.0,True,4+ rings
pd-158780,4707,5.990665,7.7814913,4707,pd-158780,True,3.0,3.0,0.0,True,3 rings
sulphadimethoxine,5323,6.2623196,7.4359565,5323,sulphadimethoxine,True,2.0,2.0,0.0,True,2 rings
peramivir,154234,-1.9249169,6.9225073,154234,peramivir,True,1.0,0.0,1.0,True,1 ring
sulforaphane,9577379,-0.9344553,6.417327,9577379,sulforaphane,True,0.0,0.0,0.0,False,0 rings
menadione-bisulfite,1711949,7.206013,1.5789982,1711949,menadione-bisulfite,True,2.0,1.0,1.0,True,2 rings
upf-1069,25015515,9.549372,2.9858525,25015515,upf-1069,True,3.0,3.0,0.0,True,3 rings
mf-101,114829,10.631653,1.9392399,114829,mf-101,True,3.0,2.0,1.0,True,3 rings
dg051,72199860,9.45915,2.3591483,72199860,dg051,True,3.0,2.0,1.0,True,3 rings
dexloxiglumide,65937,7.014759,2.575085,65937,dexloxiglumide,True,1.0,1.0,0.0,True,1 ring
propranolol,62882,9.450885,2.5232553,62882,propranolol,True,2.0,2.0,0.0,True,2 rings
dirithromycin,132274085,-2.5650163,6.605217,132274085,dirithromycin,True,4.0,0.0,4.0,True,4+ rings
isoconazole,25273632,7.5380797,8.041788,25273632,isoconazole,True,3.0,3.0,0.0,True,3 rings
ptc-028,73427235,6.5204463,8.335589,73427235,ptc-028,True,4.0,4.0,0.0,True,4+ rings
beta-amyloid-synthesis-inhibitor,9882580,8.103626,6.760316,9882580,beta-amyloid-synthesis-inhibitor,True,3.0,3.0,0.0,True,3 rings
sulfanilamide,5333,6.4495096,3.2581985,5333,sulfanilamide,True,1.0,1.0,0.0,True,1 ring
fenobam,135659063,6.520431,3.6889277,135659063,fenobam,True,2.0,1.0,1.0,True,2 rings
ly288513,2802894,6.928718,3.6390321,2802894,ly288513,True,4.0,3.0,1.0,True,4+ rings
genistein,5280961,10.629378,1.9614196,5280961,genistein,True,3.0,3.0,0.0,True,3 rings
lumiracoxib,151166,7.846451,3.3188784,151166,lumiracoxib,True,2.0,2.0,0.0,True,2 rings
ly310762,4282258,7.2636747,3.4502742,4282258,ly310762,True,4.0,2.0,2.0,True,4+ rings
amg-319,68947304,6.2754436,8.306175,68947304,amg-319,True,5.0,5.0,0.0,True,4+ rings
emricasan,12000240,9.092432,3.3671582,12000240,emricasan,True,2.0,2.0,0.0,True,2 rings
sulpiride,643497,9.330544,3.1794116,643497,sulpiride,True,2.0,1.0,1.0,True,2 rings
fluphenazine-decanoate,3388,6.232452,3.3780856,3388,fluphenazine-decanoate,True,4.0,2.0,2.0,True,4+ rings
piricapiron,5545745,6.294316,7.5923505,5545745,piricapiron,True,4.0,1.0,3.0,True,4+ rings
cilengitide,176873,7.4639807,2.3276885,176873,cilengitide,True,2.0,1.0,1.0,True,2 rings
6-aminochrysene,17534,6.594462,2.8513281,17534,6-aminochrysene,True,4.0,4.0,0.0,True,4+ rings
creatinol-phosphate,23342,-1.2199388,6.455415,23342,creatinol-phosphate,True,0.0,0.0,0.0,False,0 rings
rwj-50271,9953357,6.5593495,7.5471225,9953357,rwj-50271,True,3.0,3.0,0.0,True,3 rings
acadesine,17513,5.01794,9.365228,17513,acadesine,True,2.0,1.0,1.0,True,2 rings
skf-38393,6603799,8.963122,2.0968745,6603799,skf-38393,True,3.0,2.0,1.0,True,3 rings
uki-1,9895193,7.0971365,2.3282678,9895193,uki-1,True,3.0,2.0,1.0,True,3 rings
tg-100801,11973736,8.253599,7.406734,11973736,tg-100801,True,6.0,5.0,1.0,True,4+ rings
amz30,44607965,6.014191,6.9972963,44607965,amz30,True,3.0,3.0,0.0,True,3 rings
dianhydrogalactitol,15942827,-1.5844563,5.520071,15942827,dianhydrogalactitol,True,2.0,0.0,2.0,True,2 rings
begacestat,11269353,-1.2560949,6.9772,11269353,begacestat,True,1.0,1.0,0.0,True,1 ring
pf-02413873,16662425,7.984185,6.560824,16662425,pf-02413873,True,3.0,2.0,1.0,True,3 rings
polyinosine,138454308,4.9932375,9.3534155,138454308,polyinosine,True,3.0,2.0,1.0,True,3 rings
ethaverine,3280,8.122539,6.7070765,3280,ethaverine,True,3.0,3.0,0.0,True,3 rings
entinostat,4261,6.714158,6.9344635,4261,entinostat,True,3.0,3.0,0.0,True,3 rings
indapamide,12598931,7.1126246,3.18295,12598931,indapamide,True,3.0,2.0,1.0,True,3 rings
metaproterenol,25271693,8.884599,2.0748265,25271693,metaproterenol,True,1.0,1.0,0.0,True,1 ring
gr46611,6160690,7.931613,6.4612417,6160690,gr46611,True,3.0,3.0,0.0,True,3 rings
er-27319,9799509,7.275121,3.4111073,9799509,er-27319,True,3.0,3.0,0.0,True,3 rings
iniparib,9796068,7.0199747,3.155627,9796068,iniparib,True,1.0,1.0,0.0,True,1 ring
cbl0137,44519124,6.560475,6.3252063,44519124,cbl0137,True,3.0,3.0,0.0,True,3 rings
metolazone,28125490,7.117424,3.3413498,28125490,metolazone,True,3.0,2.0,1.0,True,3 rings
amoxicillin,40467057,8.216243,2.5955756,40467057,amoxicillin,True,3.0,1.0,2.0,True,3 rings
nbi-74330-(+/-),45784923,8.274298,7.2262106,45784923,nbi-74330-(+/-),True,5.0,5.0,0.0,True,4+ rings
piperaquine-phosphate,122262,6.0229187,6.743256,122262,piperaquine-phosphate,True,6.0,4.0,2.0,True,4+ rings
sr-59230a,5311452,9.472633,2.6124375,5311452,sr-59230a,True,3.0,2.0,1.0,True,3 rings
acitretin,5284513,9.961387,1.8249629,5284513,acitretin,True,1.0,1.0,0.0,True,1 ring
"2,3-dcpe",2250975,9.51894,2.2183568,2250975,"2,3-dcpe",True,1.0,1.0,0.0,True,1 ring
rucinol,205912,9.51916,1.5244185,205912,rucinol,True,1.0,1.0,0.0,True,1 ring
sitagliptin,4369359,6.742986,7.8951244,4369359,sitagliptin,True,3.0,2.0,1.0,True,3 rings
sdz-21009,6604875,7.9733324,6.4065614,6604875,sdz-21009,True,2.0,2.0,0.0,True,2 rings
tetracycline,129396784,10.26535,1.6663083,129396784,tetracycline,True,4.0,1.0,3.0,True,4+ rings
r-121919,9821250,6.0254745,8.251827,9821250,r-121919,True,3.0,3.0,0.0,True,3 rings
zuranolone,86294073,-2.715566,5.0390725,86294073,zuranolone,True,5.0,1.0,4.0,True,4+ rings
bms-707035,54682040,6.9517727,2.4106228,54682040,bms-707035,True,3.0,2.0,1.0,True,3 rings
setipiprant,49843471,6.588948,6.3387775,49843471,setipiprant,True,5.0,4.0,1.0,True,4+ rings
mefexamide,4045,9.422062,2.4473693,4045,mefexamide,True,1.0,1.0,0.0,True,1 ring
afalanine,74839,7.499307,2.226472,74839,afalanine,True,1.0,1.0,0.0,True,1 ring
dichlorophen,3037,9.4287815,1.4958996,3037,dichlorophen,True,2.0,2.0,0.0,True,2 rings
l-755507,9829836,8.947272,3.2287734,9829836,l-755507,True,3.0,3.0,0.0,True,3 rings
bivalirudin,73952246,8.536236,2.362406,73952246,bivalirudin,True,6.0,3.0,3.0,True,4+ rings
3-anilinopropan-1-ol,410467,6.63452,3.586354,410467,3-anilinopropan-1-ol,True,1.0,1.0,0.0,True,1 ring
2-ethoxybenzoic-acid,67252,10.177322,2.0802832,67252,2-ethoxybenzoic-acid,True,1.0,1.0,0.0,True,1 ring
unc0737,52953431,8.795642,7.3467035,52953431,unc0737,True,5.0,2.0,3.0,True,4+ rings
ro-4987655,11548630,7.288224,3.3436296,11548630,ro-4987655,True,3.0,2.0,1.0,True,3 rings
jte-907,9867770,9.310262,3.3658402,9867770,jte-907,True,4.0,3.0,1.0,True,4+ rings
ganciclovir,135398740,4.9489636,9.338591,135398740,ganciclovir,True,2.0,2.0,0.0,True,2 rings
azd1480,16659841,5.5413213,8.574593,16659841,azd1480,True,3.0,3.0,0.0,True,3 rings
naphazoline,4436,6.455813,2.112949,4436,naphazoline,True,3.0,2.0,1.0,True,3 rings
ly3009120,71721540,6.069918,7.8911467,71721540,ly3009120,True,3.0,3.0,0.0,True,3 rings
guvacine,40468028,-1.6015471,6.642425,40468028,guvacine,True,1.0,0.0,1.0,True,1 ring
gw-7647,3392731,7.026443,2.2098558,3392731,gw-7647,True,3.0,1.0,2.0,True,3 rings
sb-268262,93475590,6.5110216,7.0171695,93475590,sb-268262,True,3.0,3.0,0.0,True,3 rings
bufexamac,2466,9.673585,2.5051744,2466,bufexamac,True,1.0,1.0,0.0,True,1 ring
sparteine-sulfate,442965,-1.471749,6.5862684,442965,sparteine-sulfate,True,4.0,0.0,4.0,True,4+ rings
8-hydroxy-pipat,15288637,8.992153,2.0559487,15288637,8-hydroxy-pipat,True,2.0,1.0,1.0,True,2 rings
hesperetin,72281,10.720259,1.7785438,72281,hesperetin,True,3.0,2.0,1.0,True,3 rings
manidipine,13632719,7.400332,0.718832,13632719,manidipine,True,5.0,3.0,2.0,True,4+ rings
pha-767491,11715767,6.4736123,6.6512017,11715767,pha-767491,True,3.0,2.0,1.0,True,3 rings
dextromethorphan,5360696,9.613614,2.6595047,5360696,dextromethorphan,True,4.0,1.0,3.0,True,4+ rings
gambogic-acid,9852185,10.641832,1.9072585,9852185,gambogic-acid,True,7.0,1.0,6.0,True,4+ rings
prt062070,44595079,6.319846,7.6579366,44595079,prt062070,True,4.0,2.0,2.0,True,4+ rings
etebenecid,14604,7.8368044,1.4810417,14604,etebenecid,True,1.0,1.0,0.0,True,1 ring
spiperone,5265,7.133965,3.514962,5265,spiperone,True,4.0,2.0,2.0,True,4+ rings
blz945,46184986,7.837775,7.535504,46184986,blz945,True,4.0,3.0,1.0,True,4+ rings
ephedrine,9294,8.229397,2.073255,9294,ephedrine,True,1.0,1.0,0.0,True,1 ring
c-751,99170,4.8871093,8.943033,99170,c-751,True,1.0,1.0,0.0,True,1 ring
eucatropine,42105272,7.880914,1.6314124,42105272,eucatropine,True,2.0,1.0,1.0,True,2 rings
tabimorelin,9810101,7.068707,2.3607454,9810101,tabimorelin,True,3.0,3.0,0.0,True,3 rings
omarigliptin,46209133,6.1276903,6.77201,46209133,omarigliptin,True,4.0,2.0,2.0,True,4+ rings
pentoxifylline,4740,4.8770776,9.217687,4740,pentoxifylline,True,2.0,2.0,0.0,True,2 rings
azd6765,9794203,5.9548965,6.9390893,9794203,azd6765,True,2.0,2.0,0.0,True,2 rings
buspirone,2477,5.4743686,8.608392,2477,buspirone,True,4.0,1.0,3.0,True,4+ rings
talabostat,6918572,-1.414801,6.8371725,6918572,talabostat,True,1.0,0.0,1.0,True,1 ring
bi-78d3,2747117,7.9225388,7.6118217,2747117,bi-78d3,True,4.0,3.0,1.0,True,4+ rings
flucytosine,3366,-1.0449631,6.491763,3366,flucytosine,True,1.0,1.0,0.0,True,1 ring
2-methyl-5-hydroxytryptamine,1574,7.8258038,6.341566,1574,2-methyl-5-hydroxytryptamine,True,2.0,2.0,0.0,True,2 rings
lincomycin,3000540,-2.0509682,6.90999,3000540,lincomycin,True,2.0,0.0,2.0,True,2 rings
sofosbuvir-impurity-m,131704521,9.037588,2.410181,131704521,sofosbuvir-impurity-m,True,3.0,2.0,1.0,True,3 rings
flosequinan,11776383,7.172825,3.3365877,11776383,flosequinan,True,2.0,2.0,0.0,True,2 rings
bms-777607,24794418,8.318755,7.260758,24794418,bms-777607,True,4.0,4.0,0.0,True,4+ rings
linaclotide,16158208,8.524013,2.3790839,16158208,linaclotide,True,6.0,2.0,4.0,True,4+ rings
tempol,5395,-1.8539743,6.324166,5395,tempol,True,1.0,0.0,1.0,True,1 ring
lonidamine,39562,6.7965956,6.2798905,39562,lonidamine,True,3.0,3.0,0.0,True,3 rings
ly303511,3971,9.893149,2.5620122,3971,ly303511,True,4.0,3.0,1.0,True,4+ rings
carbinoxamine,170336,6.4818687,6.8065596,170336,carbinoxamine,True,2.0,2.0,0.0,True,2 rings
ponatinib,24826799,6.537904,7.960804,24826799,ponatinib,True,5.0,4.0,1.0,True,4+ rings
pf-04995274,53354764,8.250749,4.2539296,53354764,pf-04995274,True,5.0,2.0,3.0,True,4+ rings
aminothiadiazole,19909,-0.97229177,6.338088,19909,aminothiadiazole,True,1.0,1.0,0.0,True,1 ring
bisantrene,5351322,6.4586663,2.036636,5351322,bisantrene,True,5.0,3.0,2.0,True,4+ rings
rilapladib,9918381,7.1903143,3.400658,9918381,rilapladib,True,6.0,5.0,1.0,True,4+ rings
examorelin,6918297,6.849348,7.2859883,6918297,examorelin,True,6.0,6.0,0.0,True,4+ rings
tezacaftor,46199646,7.9765673,6.427067,46199646,tezacaftor,True,5.0,3.0,2.0,True,4+ rings
1-octacosanol,68406,-1.8919913,5.946362,68406,1-octacosanol,True,0.0,0.0,0.0,False,0 rings
asp-6537,9922739,8.117076,7.488424,9922739,asp-6537,True,3.0,3.0,0.0,True,3 rings
xipamide,26618,8.393384,3.3518748,26618,xipamide,True,2.0,2.0,0.0,True,2 rings
rev-5901,40428144,7.876566,6.5940948,40428144,rev-5901,True,3.0,3.0,0.0,True,3 rings
cloperastine,688420,8.051261,1.9223627,688420,cloperastine,True,3.0,2.0,1.0,True,3 rings
gsk2879552,66571643,7.898233,1.9005672,66571643,gsk2879552,True,4.0,2.0,2.0,True,4+ rings
succinobucol,216325,9.933877,1.7353307,216325,succinobucol,True,2.0,2.0,0.0,True,2 rings
ethotoin,12309784,7.117574,2.3920302,12309784,ethotoin,True,2.0,1.0,1.0,True,2 rings
sm-108,13371802,-1.3190378,6.834613,13371802,sm-108,True,1.0,0.0,1.0,True,1 ring
huperzine-a,854026,-1.8841524,6.3332443,854026,huperzine-a,True,3.0,1.0,2.0,True,3 rings
micronomicin,3037206,-2.6417487,6.7588925,3037206,micronomicin,True,3.0,0.0,3.0,True,3 rings
tp-0903,56839178,6.1407537,7.614438,56839178,tp-0903,True,4.0,3.0,1.0,True,4+ rings
cardiogenol-c,11345983,8.206598,7.428663,11345983,cardiogenol-c,True,2.0,2.0,0.0,True,2 rings
trilaciclib,68029831,6.5223837,7.979799,68029831,trilaciclib,True,6.0,3.0,3.0,True,4+ rings
quinine,3034034,7.6273913,6.5565157,3034034,quinine,True,5.0,2.0,3.0,True,4+ rings
pf-8380,25265312,9.120812,3.630842,25265312,pf-8380,True,4.0,3.0,1.0,True,4+ rings
cyclocytidine,25051,-2.582967,8.067114,25051,cyclocytidine,True,3.0,1.0,2.0,True,3 rings
chlorproguanil,9571037,6.4511566,3.697842,9571037,chlorproguanil,True,1.0,1.0,0.0,True,1 ring
ibc-293,2736690,7.0231156,6.260156,2736690,ibc-293,True,2.0,2.0,0.0,True,2 rings
jnj-40411813,25195461,6.7746253,2.3077846,25195461,jnj-40411813,True,3.0,2.0,1.0,True,3 rings
dcpib,12761153,10.184391,1.8918153,12761153,dcpib,True,3.0,1.0,2.0,True,3 rings
rx-3117,11242315,-2.602484,8.073796,11242315,rx-3117,True,2.0,1.0,1.0,True,2 rings
arotinolol,12797283,6.6359506,6.841508,12797283,arotinolol,True,2.0,2.0,0.0,True,2 rings
cx-4945,24748573,6.8734183,7.1956635,24748573,cx-4945,True,4.0,4.0,0.0,True,4+ rings
unc1999,72551585,6.4136214,7.7724924,72551585,unc1999,True,5.0,4.0,1.0,True,4+ rings
wortmannin,312145,10.539281,1.8954146,312145,wortmannin,True,5.0,1.0,4.0,True,4+ rings
cinchonine,90454,7.270927,6.5550585,90454,cinchonine,True,5.0,2.0,3.0,True,4+ rings
pamabrom,11806,4.8494215,9.223004,11806,pamabrom,True,2.0,2.0,0.0,True,2 rings
tc-g-1008,91826086,6.070909,7.768439,91826086,tc-g-1008,True,3.0,3.0,0.0,True,3 rings
neomycin,8378,-2.6534212,6.7615385,8378,neomycin,True,4.0,0.0,4.0,True,4+ rings
monosodium-alpha-luminol,10638,7.183839,3.2836275,10638,monosodium-alpha-luminol,True,2.0,2.0,0.0,True,2 rings
butofilolol,66593644,9.420065,2.659688,66593644,butofilolol,True,1.0,1.0,0.0,True,1 ring
hp-228,9876430,6.8843603,7.372501,9876430,hp-228,True,4.0,4.0,0.0,True,4+ rings
methylthiouracil,667493,-1.2659931,6.723763,667493,methylthiouracil,True,1.0,1.0,0.0,True,1 ring
diphenhydramine,3100,8.085588,1.8734967,3100,diphenhydramine,True,2.0,2.0,0.0,True,2 rings
entacapone,5281081,8.822569,2.8167846,5281081,entacapone,True,1.0,1.0,0.0,True,1 ring
sr-140333,108167,9.647254,2.815106,108167,sr-140333,True,7.0,3.0,4.0,True,4+ rings
bcx-1470,9822205,9.813827,2.579896,9822205,bcx-1470,True,3.0,3.0,0.0,True,3 rings
halcinonide,443943,-3.7640605,5.0839806,443943,halcinonide,True,5.0,0.0,5.0,True,4+ rings
clorotepine,12765746,6.6384406,2.0235553,12765746,clorotepine,True,4.0,2.0,2.0,True,4+ rings
ft011,23648966,9.063806,3.5573173,23648966,ft011,True,2.0,2.0,0.0,True,2 rings
gsk2606414,53469448,6.5273404,7.915084,53469448,gsk2606414,True,5.0,4.0,1.0,True,4+ rings
a-485,118958122,7.479796,3.297134,118958122,a-485,True,4.0,2.0,2.0,True,4+ rings
apyramide,50204,7.9601007,6.427789,50204,apyramide,True,4.0,4.0,0.0,True,4+ rings
etp-46464,72199292,7.205803,6.551768,72199292,etp-46464,True,6.0,5.0,1.0,True,4+ rings
ipidacrine,604519,5.9766316,6.6757526,604519,ipidacrine,True,3.0,1.0,2.0,True,3 rings
apafant,65889,7.0107603,7.925047,65889,apafant,True,5.0,3.0,2.0,True,4+ rings
anlotinib,25017411,8.393206,6.678477,25017411,anlotinib,True,5.0,4.0,1.0,True,4+ rings
febuprol,36688222,9.718054,1.9706864,36688222,febuprol,True,1.0,1.0,0.0,True,1 ring
s-3304,10718956,6.6948733,6.245312,10718956,s-3304,True,4.0,4.0,0.0,True,4+ rings
a66,42636535,5.0975456,7.7846546,42636535,a66,True,3.0,2.0,1.0,True,3 rings
oxidopamine,4624,8.926805,2.0104606,4624,oxidopamine,True,1.0,1.0,0.0,True,1 ring
hordenine,68313,8.98058,1.9819591,68313,hordenine,True,1.0,1.0,0.0,True,1 ring
levetiracetam,5284583,-1.4046167,6.8582134,5284583,levetiracetam,True,1.0,0.0,1.0,True,1 ring
dutasteride,6918296,7.2593765,3.4426854,6918296,dutasteride,True,5.0,1.0,4.0,True,4+ rings
allicin,51399529,-1.0702871,6.204863,51399529,allicin,True,0.0,0.0,0.0,False,0 rings
nsc-625987,3004085,9.085923,3.2955356,3004085,nsc-625987,True,3.0,3.0,0.0,True,3 rings
declopramide,70177,7.174631,3.1307096,70177,declopramide,True,1.0,1.0,0.0,True,1 ring
bismuth-subsalicylate,53629521,10.212664,2.0921357,53629521,bismuth-subsalicylate,True,2.0,1.0,1.0,True,2 rings
palmitoylcarnitine,16903,-1.8742238,6.2446895,16903,palmitoylcarnitine,True,0.0,0.0,0.0,False,0 rings
metformin,4091,-0.9992681,6.4752903,4091,metformin,True,0.0,0.0,0.0,False,0 rings
5-fluoro-3-pyridyl-methanol,152449,6.807344,6.862015,152449,5-fluoro-3-pyridyl-methanol,True,1.0,1.0,0.0,True,1 ring
asiatic-acid,119034,-3.255769,5.1301064,119034,asiatic-acid,True,5.0,0.0,5.0,True,4+ rings
pentagastrin,9853654,6.706424,6.3890324,9853654,pentagastrin,True,3.0,3.0,0.0,True,3 rings
choline-alfoscerate,58381695,-1.4786142,6.3381324,58381695,choline-alfoscerate,True,0.0,0.0,0.0,False,0 rings
nms-873,71521142,8.19618,7.629635,71521142,nms-873,True,5.0,4.0,1.0,True,4+ rings
acedapsone,6477,6.533912,3.3206942,6477,acedapsone,True,2.0,2.0,0.0,True,2 rings
mk-5046,49871766,6.539225,8.291664,49871766,mk-5046,True,4.0,3.0,1.0,True,4+ rings
pipobroman,4842,-1.2852435,6.7612934,4842,pipobroman,True,1.0,0.0,1.0,True,1 ring
ibuprofen-piconol,76968625,6.9252877,6.7427406,76968625,ibuprofen-piconol,True,2.0,2.0,0.0,True,2 rings
doramapimod,156422,8.329885,7.231608,156422,doramapimod,True,5.0,4.0,1.0,True,4+ rings
jte-607,9938545,9.713739,3.0551763,9938545,jte-607,True,3.0,2.0,1.0,True,3 rings
sb-242235,9863367,6.359708,8.132709,9863367,sb-242235,True,4.0,3.0,1.0,True,4+ rings
lonafarnib,148195,5.975569,6.9169574,148195,lonafarnib,True,5.0,2.0,3.0,True,4+ rings
trimethoquinol,12224034,10.021004,2.9243329,12224034,trimethoquinol,True,3.0,2.0,1.0,True,3 rings
ku14r,92179136,7.863826,7.790121,92179136,ku14r,True,3.0,2.0,1.0,True,3 rings
epptb,25175634,9.15823,3.5921364,25175634,epptb,True,3.0,2.0,1.0,True,3 rings
leflunomide,3899,7.8716364,4.2912035,3899,leflunomide,True,2.0,2.0,0.0,True,2 rings
tetomilast,3025803,7.721485,6.946889,3025803,tetomilast,True,3.0,3.0,0.0,True,3 rings
prlx-93936,11559627,9.170339,3.5786932,11559627,prlx-93936,True,4.0,3.0,1.0,True,4+ rings
revaprazan,40462255,5.9550138,7.808001,40462255,revaprazan,True,4.0,3.0,1.0,True,4+ rings
chromanol-(+/-),90479790,9.6589155,2.6009102,90479790,chromanol-(+/-),True,4.0,2.0,2.0,True,4+ rings
statil,5278,7.1254654,2.4628556,5278,statil,True,3.0,3.0,0.0,True,3 rings
eact,3173542,7.642363,7.1867557,3173542,eact,True,3.0,3.0,0.0,True,3 rings
proquazone,31508,6.8509197,3.707784,31508,proquazone,True,3.0,3.0,0.0,True,3 rings
pf-573228,11612883,6.295689,7.659891,11612883,pf-573228,True,4.0,3.0,1.0,True,4+ rings
dantron,2950,10.296522,1.6481752,2950,dantron,True,3.0,2.0,1.0,True,3 rings
oxypurinol,135398752,4.951246,9.138817,135398752,oxypurinol,True,2.0,0.0,2.0,True,2 rings
selinexor,71481097,6.2678313,8.194605,71481097,selinexor,True,3.0,3.0,0.0,True,3 rings
mitapivat,59634741,6.4947968,6.686151,59634741,mitapivat,True,5.0,3.0,2.0,True,4+ rings
ns-9283,11998180,6.5959206,7.6185803,11998180,ns-9283,True,3.0,3.0,0.0,True,3 rings
betaine,248,-1.3976891,6.6185527,248,betaine,True,0.0,0.0,0.0,False,0 rings
vixotrigine,16046068,9.49636,2.910796,16046068,vixotrigine,True,3.0,2.0,1.0,True,3 rings
nefopam,184147,8.055738,1.9045317,184147,nefopam,True,3.0,2.0,1.0,True,3 rings
pimecrolimus,133659920,-2.7170336,6.324583,133659920,pimecrolimus,True,4.0,0.0,4.0,True,4+ rings
cyclosporin-a,5284373,-2.0228803,6.9537525,5284373,cyclosporin-a,True,1.0,0.0,1.0,True,1 ring
ly2365109,11552757,9.765366,2.5215468,11552757,ly2365109,True,3.0,2.0,1.0,True,3 rings
pf-06260414,76071881,5.9083943,6.8644347,76071881,pf-06260414,True,3.0,2.0,1.0,True,3 rings
rostafuroxine,153976,10.457392,1.8098847,153976,rostafuroxine,True,5.0,1.0,4.0,True,4+ rings
ly3023414,57519748,7.1689024,6.590567,57519748,ly3023414,True,4.0,4.0,0.0,True,4+ rings
skf-86002,5228,6.581602,8.106007,5228,skf-86002,True,4.0,3.0,1.0,True,4+ rings
gadoterate-meglumine,121841,-1.367406,6.645099,121841,gadoterate-meglumine,True,1.0,0.0,1.0,True,1 ring
celecoxib,2662,6.02151,6.8040614,2662,celecoxib,True,3.0,3.0,0.0,True,3 rings
sp-100030,9910975,6.35924,7.5949697,9910975,sp-100030,True,2.0,2.0,0.0,True,2 rings
voxtalisib,16123056,6.2020435,8.030972,16123056,voxtalisib,True,3.0,3.0,0.0,True,3 rings
astaxanthin,5281224,-2.4228694,5.9465747,5281224,astaxanthin,True,2.0,0.0,2.0,True,2 rings
cid-2745687,9581011,6.2776194,6.79861,9581011,cid-2745687,True,2.0,2.0,0.0,True,2 rings
triclocarban,7547,6.5288334,3.6911886,7547,triclocarban,True,2.0,2.0,0.0,True,2 rings
gant-58,253078,5.974615,6.934405,253078,gant-58,True,5.0,5.0,0.0,True,4+ rings
ly2828360,46833780,6.423849,8.50123,46833780,ly2828360,True,5.0,3.0,2.0,True,4+ rings
lmk-235,71520717,7.0831695,2.5816774,71520717,lmk-235,True,1.0,1.0,0.0,True,1 ring
riboflavin-tetrabutyrate,92140,7.1246753,3.3336961,92140,riboflavin-tetrabutyrate,True,3.0,1.0,2.0,True,3 rings
am211,44158492,9.643182,2.9559844,44158492,am211,True,3.0,3.0,0.0,True,3 rings
nicotine,89594,5.9723415,6.996323,89594,nicotine,True,2.0,1.0,1.0,True,2 rings
acalabrutinib,71226662,6.600645,7.9025116,71226662,acalabrutinib,True,5.0,4.0,1.0,True,4+ rings
aclarubicin,86289437,9.974597,3.4598129,86289437,aclarubicin,True,7.0,2.0,5.0,True,4+ rings
ocinaplon,216456,6.3261805,8.072226,216456,ocinaplon,True,4.0,4.0,0.0,True,4+ rings
sb-203580,40467016,6.574092,8.037199,40467016,sb-203580,True,4.0,4.0,0.0,True,4+ rings
pinaverium,73416161,9.921891,2.812296,73416161,pinaverium,True,5.0,1.0,4.0,True,4+ rings
letermovir,45138674,9.151428,3.5923457,45138674,letermovir,True,5.0,3.0,2.0,True,4+ rings
c106,11957647,7.0507984,6.6976724,11957647,c106,True,4.0,3.0,1.0,True,4+ rings
dabigatran-etexilate,9578572,6.7538137,7.958853,9578572,dabigatran-etexilate,True,4.0,4.0,0.0,True,4+ rings
tcs-2210,44607172,7.1918683,3.3922877,44607172,tcs-2210,True,3.0,3.0,0.0,True,3 rings
kp-1212,71167912,-2.5301282,7.9865847,71167912,kp-1212,True,2.0,0.0,2.0,True,2 rings
o-304,50923806,6.9338784,2.5201719,50923806,o-304,True,3.0,3.0,0.0,True,3 rings
mln9708,56844015,7.0538387,2.5354805,56844015,mln9708,True,2.0,1.0,1.0,True,2 rings
perhexiline,38988177,-0.95977205,6.60278,38988177,perhexiline,True,3.0,0.0,3.0,True,3 rings
ji-101,11691242,8.492694,7.5440407,11691242,ji-101,True,4.0,4.0,0.0,True,4+ rings
brequinar,57030,7.0186815,6.482651,57030,brequinar,True,4.0,4.0,0.0,True,4+ rings
amyleine,66584276,7.855481,1.6148492,66584276,amyleine,True,1.0,1.0,0.0,True,1 ring
enasidenib,89683805,6.0490675,7.929786,89683805,enasidenib,True,3.0,3.0,0.0,True,3 rings
lp-533401,124424929,8.265117,7.3778024,124424929,lp-533401,True,4.0,4.0,0.0,True,4+ rings
e-64,123985,-1.9227544,6.9842453,123985,e-64,True,1.0,0.0,1.0,True,1 ring
l-alanine,7311724,-1.5368305,7.0037704,7311724,l-alanine,True,0.0,0.0,0.0,False,0 rings
gdc-0980,25254071,6.324915,8.342289,25254071,gdc-0980,True,5.0,3.0,2.0,True,4+ rings
sofalcone,5282219,10.559159,1.9696231,5282219,sofalcone,True,2.0,2.0,0.0,True,2 rings
3-(4-methylbenzylidene)camphor,38988322,7.196375,1.5486555,38988322,3-(4-methylbenzylidene)camphor,True,3.0,1.0,2.0,True,3 rings
vincristine,5388993,8.1794195,6.2194195,5388993,vincristine,True,9.0,3.0,6.0,True,4+ rings
neohesperidin,442439,10.877627,1.6859756,442439,neohesperidin,True,5.0,2.0,3.0,True,4+ rings
nfkb-activation-inhibitor-ii,16760588,6.7252474,3.5450258,16760588,nfkb-activation-inhibitor-ii,True,2.0,2.0,0.0,True,2 rings
formoterol,3034756,9.016445,3.2034338,3034756,formoterol,True,2.0,2.0,0.0,True,2 rings
epz004777,56962336,6.3046594,8.637933,56962336,epz004777,True,4.0,3.0,1.0,True,4+ rings
gsk2837808a,71533725,8.401513,7.3010974,71533725,gsk2837808a,True,6.0,5.0,1.0,True,4+ rings
glecaprevir,66828839,7.817176,6.676696,66828839,glecaprevir,True,7.0,2.0,5.0,True,4+ rings
isopropyl-myristate,8042,-1.8838676,5.9810414,8042,isopropyl-myristate,True,0.0,0.0,0.0,False,0 rings
ag-555,5328770,8.932272,2.4585397,5328770,ag-555,True,2.0,2.0,0.0,True,2 rings
k-map,40510055,8.146282,3.3948588,40510055,k-map,True,2.0,1.0,1.0,True,2 rings
salazodine,65707,8.547226,3.3780828,65707,salazodine,True,3.0,3.0,0.0,True,3 rings
menadione,4055,7.2225966,1.561042,4055,menadione,True,2.0,1.0,1.0,True,2 rings
mericitabine,16122663,-2.601191,8.081393,16122663,mericitabine,True,2.0,1.0,1.0,True,2 rings
oxytocin,133698923,8.544484,2.358957,133698923,oxytocin,True,3.0,1.0,2.0,True,3 rings
zopolrestat,1613,6.6629386,6.6441407,1613,zopolrestat,True,4.0,4.0,0.0,True,4+ rings
alpha-linolenic-acid,5280934,-2.2380815,6.116378,5280934,alpha-linolenic-acid,True,0.0,0.0,0.0,False,0 rings
fenretinide,5288209,8.682992,3.2544289,5288209,fenretinide,True,2.0,1.0,1.0,True,2 rings
ibotenic-acid,6971210,-1.5907539,6.958344,6971210,ibotenic-acid,True,1.0,1.0,0.0,True,1 ring
imidapril,5464343,7.545216,2.285476,5464343,imidapril,True,2.0,1.0,1.0,True,2 rings
artemotil,3000469,-2.130932,5.4017377,3000469,artemotil,True,5.0,0.0,5.0,True,4+ rings
lasalocid,5360807,10.366253,1.775423,5360807,lasalocid,True,3.0,1.0,2.0,True,3 rings
mln8054,11712649,6.8273163,7.485278,11712649,mln8054,True,5.0,4.0,1.0,True,4+ rings
pyrrolidine-dithiocarbamate,65351,-0.99172455,6.5261984,65351,pyrrolidine-dithiocarbamate,True,1.0,0.0,1.0,True,1 ring
ectoine,6993223,-1.6454397,7.0700483,6993223,ectoine,True,1.0,0.0,1.0,True,1 ring
m-14157,1825,-1.9060667,5.973465,1825,m-14157,True,0.0,0.0,0.0,False,0 rings
cdppb,11245456,6.2657948,7.4657536,11245456,cdppb,True,4.0,4.0,0.0,True,4+ rings
cromoglicic-acid,2882,10.652096,1.9034417,2882,cromoglicic-acid,True,4.0,4.0,0.0,True,4+ rings
eucalyptol,2758,-2.1107028,5.672576,2758,eucalyptol,True,3.0,0.0,3.0,True,3 rings
propyphenazone,3778,6.704579,3.6351347,3778,propyphenazone,True,2.0,2.0,0.0,True,2 rings
adrafinil,25271624,6.8738933,1.8868625,25271624,adrafinil,True,2.0,2.0,0.0,True,2 rings
vernakalant,9930049,9.700121,2.6353068,9930049,vernakalant,True,3.0,1.0,2.0,True,3 rings
cym-50358,53358422,9.126174,3.573886,53358422,cym-50358,True,3.0,3.0,0.0,True,3 rings
apararenone,24744336,8.942112,3.293731,24744336,apararenone,True,3.0,2.0,1.0,True,3 rings
rg7834,134305955,10.032644,3.049771,134305955,rg7834,True,3.0,2.0,1.0,True,3 rings
alanosine,90657278,-1.5187649,6.9982376,90657278,alanosine,True,0.0,0.0,0.0,False,0 rings
dasotraline,9947999,6.6102366,2.124161,9947999,dasotraline,True,3.0,2.0,1.0,True,3 rings
pidotimod,65944,-1.7784765,7.183724,65944,pidotimod,True,2.0,0.0,2.0,True,2 rings
sew-2871,4077460,6.7194333,7.5418415,4077460,sew-2871,True,4.0,4.0,0.0,True,4+ rings
putrescine,1045,-1.0408556,6.51576,1045,putrescine,True,0.0,0.0,0.0,False,0 rings
mc-1,1051,7.1047974,6.7665496,1051,mc-1,True,1.0,1.0,0.0,True,1 ring
smer-28,1560402,5.923818,7.693131,1560402,smer-28,True,2.0,2.0,0.0,True,2 rings
nimesulide,4495,8.913238,3.1808941,4495,nimesulide,True,2.0,2.0,0.0,True,2 rings
vu591,44123657,6.6704674,8.467902,44123657,vu591,True,4.0,4.0,0.0,True,4+ rings
zacopride,9819593,9.225592,3.779203,9819593,zacopride,False,,,,,Invalid/missing SMILES
pikamilone,60608,6.594542,6.9430513,60608,pikamilone,True,1.0,1.0,0.0,True,1 ring
emetine,10219,10.027638,2.9660397,10219,emetine,True,5.0,2.0,3.0,True,4+ rings
kw-2478,23116322,10.175567,2.586016,23116322,kw-2478,True,3.0,2.0,1.0,True,3 rings
tivantinib,11494412,6.4894385,6.28273,11494412,tivantinib,True,6.0,4.0,2.0,True,4+ rings
mitoquinone,11388332,7.478472,1.493908,11388332,mitoquinone,True,4.0,3.0,1.0,True,4+ rings
adrenalone,7436,9.072186,2.0147824,7436,adrenalone,True,1.0,1.0,0.0,True,1 ring
ml297,56642816,6.060938,7.490231,56642816,ml297,True,3.0,3.0,0.0,True,3 rings
a740003,98050091,8.5845585,7.100742,98050091,a740003,True,3.0,3.0,0.0,True,3 rings
diatrizoic-acid,2140,7.9584713,3.332755,2140,diatrizoic-acid,True,1.0,1.0,0.0,True,1 ring
omega-3-acid-esters,9831415,-2.2245853,6.1145687,9831415,omega-3-acid-esters,True,0.0,0.0,0.0,False,0 rings
vedaprofen,25271747,7.6913967,1.4113665,25271747,vedaprofen,True,3.0,2.0,1.0,True,3 rings
integrin-antagonist-1,86272865,6.002885,7.841076,86272865,integrin-antagonist-1,True,5.0,3.0,2.0,True,4+ rings
chicago-sky-blue-6b,6817703,8.858475,3.255055,6817703,chicago-sky-blue-6b,True,6.0,4.0,2.0,True,4+ rings
l-nil,2733506,-1.745666,7.0899696,2733506,l-nil,True,0.0,0.0,0.0,False,0 rings
2-(1-adamantylamino)benzoic-acid,2847479,7.974817,3.388817,2847479,2-(1-adamantylamino)benzoic-acid,True,5.0,1.0,4.0,True,4+ rings
alpidem,54897,6.625734,8.054885,54897,alpidem,True,3.0,3.0,0.0,True,3 rings
rimonabant,104850,6.380066,6.4949174,104850,rimonabant,True,4.0,3.0,1.0,True,4+ rings
fosfomycin,446987,-1.2392334,6.0546355,446987,fosfomycin,True,1.0,0.0,1.0,True,1 ring
xylazine,5707,6.632924,3.6557355,5707,xylazine,True,2.0,1.0,1.0,True,2 rings
nsc-23766,7959890,5.9756,7.713218,7959890,nsc-23766,True,3.0,3.0,0.0,True,3 rings
dipyridamole,3108,5.4587464,9.068873,3108,dipyridamole,True,4.0,2.0,2.0,True,4+ rings
spironolactone,5833,-3.221878,4.727812,5833,spironolactone,True,5.0,0.0,5.0,True,4+ rings
timofibrate,51371472,9.437936,2.2204747,51371472,timofibrate,True,2.0,1.0,1.0,True,2 rings
carzenide,8739,7.873406,1.408262,8739,carzenide,True,1.0,1.0,0.0,True,1 ring
imazodan,55918,6.736954,8.121663,55918,imazodan,True,3.0,2.0,1.0,True,3 rings
alarelin,9855027,7.2826,7.174208,9855027,alarelin,True,6.0,4.0,2.0,True,4+ rings
hydroxyurea,3657,-1.1189902,6.2458425,3657,hydroxyurea,True,0.0,0.0,0.0,False,0 rings
pimozide,16362,6.9343276,3.6463757,16362,pimozide,True,5.0,4.0,1.0,True,4+ rings
pz-2891,132260806,6.101945,7.4513097,132260806,pz-2891,True,3.0,2.0,1.0,True,3 rings
uridine,6029,-2.457986,7.9432783,6029,uridine,True,2.0,1.0,1.0,True,2 rings
esomeprazole,9568614,8.169527,7.9068727,9568614,esomeprazole,True,3.0,3.0,0.0,True,3 rings
dioscin,119245,-3.30961,5.3123407,119245,dioscin,True,9.0,0.0,9.0,True,4+ rings
picartamide,76960918,5.9459085,7.0229564,76960918,picartamide,True,2.0,1.0,1.0,True,2 rings
aramchol,18738120,-2.7229693,5.053966,18738120,aramchol,True,4.0,0.0,4.0,True,4+ rings
aloe-emodin,10207,10.27098,1.6324466,10207,aloe-emodin,True,3.0,2.0,1.0,True,3 rings
mk-1064,44633765,8.064609,6.923538,44633765,mk-1064,True,4.0,4.0,0.0,True,4+ rings
sb-218795,6604858,6.884426,6.3485436,6604858,sb-218795,True,4.0,4.0,0.0,True,4+ rings
tecalcet,158797,9.50228,2.7930913,158797,tecalcet,True,2.0,2.0,0.0,True,2 rings
iocetamic-acid,76964490,6.7947173,3.659575,76964490,iocetamic-acid,True,1.0,1.0,0.0,True,1 ring
bictegravir,90311989,7.24499,2.3357158,90311989,bictegravir,True,5.0,2.0,3.0,True,4+ rings
a-7,2735313,6.7590127,1.950828,2735313,a-7,True,2.0,2.0,0.0,True,2 rings
d609,4234241,-2.1802483,5.5591545,4234241,d609,True,3.0,0.0,3.0,True,3 rings
pasireotide,9941444,7.7888985,6.577492,9941444,pasireotide,True,8.0,6.0,2.0,True,4+ rings
imidafenacin,6433090,6.8544645,8.065007,6433090,imidafenacin,True,3.0,3.0,0.0,True,3 rings
dasabuvir,56640146,9.014723,3.3111913,56640146,dasabuvir,True,4.0,4.0,0.0,True,4+ rings
telaprevir,3010818,4.917298,9.11172,3010818,telaprevir,True,5.0,1.0,4.0,True,4+ rings
cinalukast,6436135,6.6501865,6.804626,6436135,cinalukast,True,3.0,2.0,1.0,True,3 rings
nas-181,9955015,9.455782,2.4705486,9955015,nas-181,True,4.0,1.0,3.0,True,4+ rings
endo-iwr-1,44483163,6.514751,6.4204965,44483163,endo-iwr-1,True,6.0,3.0,3.0,True,4+ rings
t-5224,23626877,10.625224,1.9992847,23626877,t-5224,True,5.0,4.0,1.0,True,4+ rings
wwl-123,90209976,9.565587,2.9994805,90209976,wwl-123,True,4.0,4.0,0.0,True,4+ rings
carbaril,6129,9.578411,2.5203223,6129,carbaril,True,2.0,2.0,0.0,True,2 rings
nitrofurazone,5447130,9.561532,3.1753554,5447130,nitrofurazone,True,1.0,1.0,0.0,True,1 ring
cp-94253,4029677,7.974595,6.517437,4029677,cp-94253,True,3.0,2.0,1.0,True,3 rings
bms-688521,11699447,6.7768865,7.37711,11699447,bms-688521,True,5.0,3.0,2.0,True,4+ rings
eterobarb,33925,7.071721,2.262777,33925,eterobarb,True,2.0,1.0,1.0,True,2 rings
zimelidine,5365247,6.0095816,6.923497,5365247,zimelidine,True,2.0,2.0,0.0,True,2 rings
bay1125976,70817911,6.3538427,7.9785614,70817911,bay1125976,True,5.0,4.0,1.0,True,4+ rings
delphinidin,128853,10.745856,1.7911905,128853,delphinidin,True,3.0,3.0,0.0,True,3 rings
bms-265246,5329775,8.258874,7.571243,5329775,bms-265246,True,3.0,3.0,0.0,True,3 rings
xamoterol,6917710,9.402073,2.4442186,6917710,xamoterol,True,2.0,1.0,1.0,True,2 rings
gallopamil,1234,9.93577,2.794869,1234,gallopamil,True,2.0,2.0,0.0,True,2 rings
bts-71321,9863253,6.9397354,8.19651,9863253,bts-71321,True,2.0,2.0,0.0,True,2 rings
taladegib,49848070,6.467114,7.7100883,49848070,taladegib,True,5.0,4.0,1.0,True,4+ rings
cidofovir,60613,-2.5960023,8.077379,60613,cidofovir,True,1.0,1.0,0.0,True,1 ring
morinidazole,102486242,4.575587,8.823044,102486242,morinidazole,True,2.0,1.0,1.0,True,2 rings
jte-013,10223146,6.030556,8.277992,10223146,jte-013,True,3.0,3.0,0.0,True,3 rings
capromorelin,216208,7.6803603,2.2192612,216208,capromorelin,True,4.0,2.0,2.0,True,4+ rings
mnitmt,364622,4.589929,8.813699,364622,mnitmt,True,2.0,2.0,0.0,True,2 rings
indobufen,189556,7.5668144,3.3893313,189556,indobufen,True,3.0,2.0,1.0,True,3 rings
norgestrel,13109,-3.1624506,4.7329497,13109,norgestrel,True,4.0,0.0,4.0,True,4+ rings
ubp-296,6420161,7.4811773,2.6049647,6420161,ubp-296,True,2.0,2.0,0.0,True,2 rings
potassium-canrenoate,656615,-3.1824718,4.7359686,656615,potassium-canrenoate,True,4.0,0.0,4.0,True,4+ rings
etofylline-clofibrate,41109,8.025187,7.6992893,41109,etofylline-clofibrate,True,3.0,3.0,0.0,True,3 rings
itx5061,11786594,9.16463,3.487548,11786594,itx5061,True,4.0,3.0,1.0,True,4+ rings
jnj-42041935,45102710,8.232752,7.787199,45102710,jnj-42041935,True,3.0,3.0,0.0,True,3 rings
artemisinin,68827,-2.2748482,5.322795,68827,artemisinin,True,5.0,0.0,5.0,True,4+ rings
adiphenine,2031,7.7105956,1.6132662,2031,adiphenine,True,2.0,2.0,0.0,True,2 rings
gkt137831,58496428,6.8020062,3.5971253,58496428,gkt137831,True,4.0,4.0,0.0,True,4+ rings
mabuprofen,11391028,7.214643,2.2450197,11391028,mabuprofen,True,1.0,1.0,0.0,True,1 ring
desidustat,75593290,7.8021817,3.393706,75593290,desidustat,True,3.0,2.0,1.0,True,3 rings
icotinib,22024915,8.7687,7.3325286,22024915,icotinib,True,4.0,3.0,1.0,True,4+ rings
molsidomine,4239,-1.3283159,6.734348,4239,molsidomine,True,2.0,1.0,1.0,True,2 rings
n-(2-chlorophenyl)-2-({(2e)-2-[1-(2-pyridinyl)ethylidene]hydrazino}carbothioyl)hydrazinecarbothioamide,3006985,5.8308606,7.117915,3006985,n-(2-chlorophenyl)-2-({(2e)-2-[1-(2-pyridinyl)ethylidene]hydrazino}carbothioyl)hydrazinecarbothioamide,True,2.0,2.0,0.0,True,2 rings
acetylsalicylsalicylic-acid,10745,10.201741,2.0914834,10745,acetylsalicylsalicylic-acid,True,2.0,2.0,0.0,True,2 rings
castanospermine,54445,-2.1394374,6.589317,54445,castanospermine,True,2.0,0.0,2.0,True,2 rings
sdz-220-581,128019,7.4651847,1.8975877,128019,sdz-220-581,True,2.0,2.0,0.0,True,2 rings
cytochalasin-b,5311281,7.6486187,2.2948098,5311281,cytochalasin-b,True,4.0,1.0,3.0,True,4+ rings
ro-08-2750,17756791,7.1968703,3.3711467,17756791,ro-08-2750,True,3.0,1.0,2.0,True,3 rings
cp-640186,449097,7.0568585,2.3507934,449097,cp-640186,True,6.0,3.0,3.0,True,4+ rings
cefaclor,7048572,7.758077,2.5074172,7048572,cefaclor,True,3.0,1.0,2.0,True,3 rings
antimycin-a,14957,8.884893,3.486594,14957,antimycin-a,True,2.0,1.0,1.0,True,2 rings
n-benzylnaltrindole,10006324,8.173977,6.2153854,10006324,n-benzylnaltrindole,True,9.0,4.0,5.0,True,4+ rings
cct018159,984170,8.107382,6.2544203,984170,cct018159,True,4.0,3.0,1.0,True,4+ rings
curcumin,6971205,9.979671,1.8721825,6971205,curcumin,True,2.0,2.0,0.0,True,2 rings
cilostamide,2753,9.031084,3.4310365,2753,cilostamide,True,3.0,2.0,1.0,True,3 rings
no-asa,119032,10.193374,2.1679761,119032,no-asa,True,2.0,2.0,0.0,True,2 rings
darglitazone,60870,7.9522047,6.679033,60870,darglitazone,True,4.0,3.0,1.0,True,4+ rings
hlcl-61,2250650,7.907559,6.444073,2250650,hlcl-61,True,4.0,4.0,0.0,True,4+ rings
ns-018,46866319,6.169354,8.184172,46866319,ns-018,True,4.0,4.0,0.0,True,4+ rings
cot-inhibitor-1,11584834,5.9942436,6.6659203,11584834,cot-inhibitor-1,True,5.0,4.0,1.0,True,4+ rings
sorbitan-monostearate,16218600,-1.9351504,5.932688,16218600,sorbitan-monostearate,True,1.0,0.0,1.0,True,1 ring
belinostat,6918638,6.605502,3.204298,6918638,belinostat,True,2.0,2.0,0.0,True,2 rings
phenethicillin,8604,9.19541,2.5035636,8604,phenethicillin,True,3.0,1.0,2.0,True,3 rings
peretinoin,6437836,-2.133336,6.1032224,6437836,peretinoin,True,0.0,0.0,0.0,False,0 rings
nsc-3852,19103,7.524143,6.5185313,19103,nsc-3852,True,2.0,2.0,0.0,True,2 rings
u-99194,5626,9.909581,2.842358,5626,u-99194,True,2.0,1.0,1.0,True,2 rings
bopindolol,13302097,7.963495,6.413507,13302097,bopindolol,True,3.0,3.0,0.0,True,3 rings
crotamiton,688020,6.8915286,3.6011434,688020,crotamiton,True,1.0,1.0,0.0,True,1 ring
orbifloxacin,7061800,9.572847,4.5270743,7061800,orbifloxacin,True,4.0,2.0,2.0,True,4+ rings
ibuprofen,114864,7.6415977,1.4550267,114864,ibuprofen,True,1.0,1.0,0.0,True,1 ring
bimatoprost,5311027,7.865264,2.1473775,5311027,bimatoprost,True,2.0,1.0,1.0,True,2 rings
pmpa,11031538,-1.7209326,5.922425,11031538,pmpa,True,0.0,0.0,0.0,False,0 rings
osthol,10228,10.119479,1.9136301,10228,osthol,True,2.0,2.0,0.0,True,2 rings
medroxyprogesterone,10631,-3.185913,4.756455,10631,medroxyprogesterone,True,4.0,0.0,4.0,True,4+ rings
enciprazine,29919953,9.101895,3.232542,29919953,enciprazine,True,3.0,2.0,1.0,True,3 rings
jnj-54175446,90409366,6.5493765,7.8727145,90409366,jnj-54175446,True,4.0,3.0,1.0,True,4+ rings
anidulafungin,166548,9.55026,3.087958,166548,anidulafungin,True,7.0,4.0,3.0,True,4+ rings
droperidol,3168,7.1324077,3.5148776,3168,droperidol,True,4.0,3.0,1.0,True,4+ rings
amlodipine,9801597,7.569453,1.2847328,9801597,amlodipine,True,2.0,1.0,1.0,True,2 rings
gp1a,10252734,6.4141383,6.440546,10252734,gp1a,True,5.0,3.0,2.0,True,4+ rings
bardoxolone-methyl,400769,-3.201329,4.914457,400769,bardoxolone-methyl,True,5.0,0.0,5.0,True,4+ rings
ikk-2-inhibitor-v,5081913,8.418997,3.4209652,5081913,ikk-2-inhibitor-v,True,2.0,2.0,0.0,True,2 rings
eln-441958,11848206,6.496424,6.502034,11848206,eln-441958,True,6.0,3.0,3.0,True,4+ rings
flindokalner,214350,8.972753,3.568683,214350,flindokalner,True,3.0,2.0,1.0,True,3 rings
pivanex,60748,-1.6651962,5.9567924,60748,pivanex,True,0.0,0.0,0.0,False,0 rings
casanthranol-variant,132469060,10.078299,1.6553168,132469060,casanthranol-variant,True,4.0,3.0,1.0,True,4+ rings
ks-176,49779726,7.387983,3.3660364,49779726,ks-176,True,3.0,3.0,0.0,True,3 rings
pipotiazine,62867,6.123869,3.4461772,62867,pipotiazine,True,4.0,2.0,2.0,True,4+ rings
l-693403,4687238,6.552808,2.0743542,4687238,l-693403,True,4.0,2.0,2.0,True,4+ rings
delanzomib,24800541,6.5906057,6.687524,24800541,delanzomib,True,2.0,2.0,0.0,True,2 rings
jnj-678,118892432,6.1114125,6.5291004,118892432,jnj-678,True,4.0,4.0,0.0,True,4+ rings
ym-511,177865,6.6188426,3.6132972,177865,ym-511,True,3.0,3.0,0.0,True,3 rings
pk-thpp,53464059,6.3811955,7.712222,53464059,pk-thpp,True,5.0,3.0,2.0,True,4+ rings
bd-1047,188914,6.62312,2.166827,188914,bd-1047,True,1.0,1.0,0.0,True,1 ring
topilutamide,76958749,6.9226913,3.5878031,76958749,topilutamide,True,1.0,1.0,0.0,True,1 ring
amantadine,2130,-0.9534612,6.6027308,2130,amantadine,True,4.0,0.0,4.0,True,4+ rings
fluphenazine,3372,6.145675,3.4352312,3372,fluphenazine,True,4.0,2.0,2.0,True,4+ rings
uric-acid,1175,-1.2618344,6.8177342,1175,uric-acid,True,2.0,2.0,0.0,True,2 rings
j147,25229652,9.028673,3.4820917,25229652,j147,True,2.0,2.0,0.0,True,2 rings
arglabin,5574924,-2.7952495,5.883928,5574924,arglabin,True,4.0,0.0,4.0,True,4+ rings
bromindione,14369,7.1747427,1.5546213,14369,bromindione,True,3.0,2.0,1.0,True,3 rings
resveratrol,445154,9.524502,1.5096048,445154,resveratrol,True,2.0,2.0,0.0,True,2 rings
npc-01,94141,-3.2805138,4.954252,94141,npc-01,True,4.0,0.0,4.0,True,4+ rings
nibentan,1552287,7.1639524,3.2880242,1552287,nibentan,True,2.0,2.0,0.0,True,2 rings
eniluracil,43157,-1.2824904,6.7984457,43157,eniluracil,True,1.0,1.0,0.0,True,1 ring
lufenuron,51574136,8.961847,3.5575285,51574136,lufenuron,True,2.0,2.0,0.0,True,2 rings
su16f,5329150,6.7099323,6.230969,5329150,su16f,True,4.0,3.0,1.0,True,4+ rings
todralazine,5501,5.856617,7.131507,5501,todralazine,True,2.0,2.0,0.0,True,2 rings
oleamide,5283387,-1.9996709,6.3945317,5283387,oleamide,True,0.0,0.0,0.0,False,0 rings
pantothenic-acid,6613,-1.7276692,6.8686376,6613,pantothenic-acid,True,0.0,0.0,0.0,False,0 rings
2-methoxyestradiol,66414,10.14879,1.1926435,66414,2-methoxyestradiol,True,4.0,1.0,3.0,True,4+ rings
su11274,9549297,6.5351443,6.358907,9549297,su11274,True,5.0,3.0,2.0,True,4+ rings
km-0118,11953346,9.562549,2.5281117,11953346,km-0118,True,5.0,4.0,1.0,True,4+ rings
erbstatin-analog,5353609,9.732018,1.6414193,5353609,erbstatin-analog,True,1.0,1.0,0.0,True,1 ring
colforsin,47936,-3.4196668,5.2217846,47936,colforsin,True,3.0,0.0,3.0,True,3 rings
salmeterol,6604001,8.844324,2.101533,6604001,salmeterol,True,2.0,2.0,0.0,True,2 rings
tasquinimod,54682876,8.919689,3.4828117,54682876,tasquinimod,True,3.0,3.0,0.0,True,3 rings
zm-39923,3797,7.0065517,2.2513766,3797,zm-39923,True,3.0,3.0,0.0,True,3 rings
ten-010,54670351,6.9923177,7.9255743,54670351,ten-010,True,5.0,3.0,2.0,True,4+ rings
ca-4948,118224238,8.27881,7.6072445,118224238,ca-4948,True,5.0,4.0,1.0,True,4+ rings
iberdomide,67335295,9.518722,3.0964007,67335295,iberdomide,True,5.0,2.0,3.0,True,4+ rings
loteprednol,444025,-3.6786532,4.989198,444025,loteprednol,True,4.0,0.0,4.0,True,4+ rings
pefloxacin,6919009,9.570208,4.5185122,6919009,pefloxacin,True,3.0,2.0,1.0,True,3 rings
gbr-12783,5788723,8.045001,1.9112109,5788723,gbr-12783,True,4.0,3.0,1.0,True,4+ rings
etilevodopa,170345,8.884154,1.993709,170345,etilevodopa,True,1.0,1.0,0.0,True,1 ring
acebilustat,68488178,7.9901137,6.7874665,68488178,acebilustat,True,6.0,4.0,2.0,True,4+ rings
xl147,1893730,6.5217285,8.34378,1893730,xl147,True,5.0,5.0,0.0,True,4+ rings
betamethasone-acetate,443967,-3.6371276,4.939472,443967,betamethasone-acetate,True,4.0,0.0,4.0,True,4+ rings
azelnidipine,9873077,7.3996706,0.72493774,9873077,azelnidipine,True,5.0,3.0,2.0,True,4+ rings
broxaterol,13626987,7.9218955,4.237138,13626987,broxaterol,True,1.0,1.0,0.0,True,1 ring
valproic-acid,3121,-1.8113656,5.95683,3121,valproic-acid,True,0.0,0.0,0.0,False,0 rings
sulfinpyrazone,25273605,6.6751804,3.4952004,25273605,sulfinpyrazone,True,4.0,3.0,1.0,True,4+ rings
benproperine,14456347,9.584112,2.5795054,14456347,benproperine,True,3.0,2.0,1.0,True,3 rings
tipiracil,6323266,-1.2793003,6.8329587,6323266,tipiracil,True,2.0,1.0,1.0,True,2 rings
cetrimonium,2681,-1.0177552,6.5362716,2681,cetrimonium,True,0.0,0.0,0.0,False,0 rings
apc-100,99479,9.8898945,1.5908318,99479,apc-100,True,2.0,1.0,1.0,True,2 rings
balapiravir,53297462,-2.5687041,8.04983,53297462,balapiravir,True,2.0,1.0,1.0,True,2 rings
oxiracetam,3051965,-1.4997526,6.809797,3051965,oxiracetam,True,1.0,0.0,1.0,True,1 ring
tgr-1202,72950888,8.290646,7.6165147,72950888,tgr-1202,True,6.0,6.0,0.0,True,4+ rings
tolfenamic-acid,610479,7.979147,3.387341,610479,tolfenamic-acid,True,2.0,2.0,0.0,True,2 rings
cpi-1189,151118,7.209495,3.363288,151118,cpi-1189,True,1.0,1.0,0.0,True,1 ring
pf-06840003,118512017,6.5854816,6.2694783,118512017,pf-06840003,True,3.0,2.0,1.0,True,3 rings
emodepside,122594832,7.3710785,3.2694201,122594832,emodepside,True,5.0,2.0,3.0,True,4+ rings
methylparaben,7456,10.061214,2.002952,7456,methylparaben,True,1.0,1.0,0.0,True,1 ring
mdl-72832,6604720,9.605252,2.6872935,6604720,mdl-72832,True,4.0,1.0,3.0,True,4+ rings
tyrphostin-ag-1296,2049,8.205059,6.626849,2049,tyrphostin-ag-1296,True,3.0,3.0,0.0,True,3 rings
fenoprofen,41097863,10.063873,2.0187836,41097863,fenoprofen,True,2.0,2.0,0.0,True,2 rings
morniflumate,72106,6.936108,7.249283,72106,morniflumate,True,3.0,2.0,1.0,True,3 rings
resatorvid,11703255,8.156771,3.4226615,11703255,resatorvid,True,2.0,1.0,1.0,True,2 rings
cx-516,1370,9.92081,2.9940486,1370,cx-516,True,3.0,1.0,2.0,True,3 rings
mk-2461,44137946,6.418851,6.6301513,44137946,mk-2461,True,5.0,4.0,1.0,True,4+ rings
tryptophan,6923516,6.72513,6.2207403,6923516,tryptophan,True,2.0,2.0,0.0,True,2 rings
cyclobenzaprine,2895,6.56367,2.0185747,2895,cyclobenzaprine,True,3.0,2.0,1.0,True,3 rings
sdz-wag-994,164305,5.4363217,9.275685,164305,sdz-wag-994,True,4.0,2.0,2.0,True,4+ rings
ly2795050,56851583,8.101407,6.940765,56851583,ly2795050,True,4.0,3.0,1.0,True,4+ rings
bu-239,4520732,5.8889594,7.2261696,4520732,bu-239,True,3.0,2.0,1.0,True,3 rings
pfi-1,71271629,8.9004345,3.244697,71271629,pfi-1,True,3.0,2.0,1.0,True,3 rings
hki-357,11238512,8.648058,7.1196,11238512,hki-357,True,4.0,4.0,0.0,True,4+ rings
m-25,44250034,8.078116,6.501253,44250034,m-25,True,3.0,3.0,0.0,True,3 rings
epz015666,90241673,6.3881483,7.7325263,90241673,epz015666,True,4.0,2.0,2.0,True,4+ rings
solriamfetol,10130337,7.4516954,1.8685223,10130337,solriamfetol,True,1.0,1.0,0.0,True,1 ring
estradiol-acetate,9818306,10.155258,1.2406107,9818306,estradiol-acetate,True,4.0,1.0,3.0,True,4+ rings
pirinixic-acid,5694,6.023386,7.731701,5694,pirinixic-acid,True,2.0,2.0,0.0,True,2 rings
bms-191011,10474339,9.274087,2.006292,10474339,bms-191011,True,3.0,3.0,0.0,True,3 rings
clioquinol,2788,7.50838,6.5160856,2788,clioquinol,True,2.0,2.0,0.0,True,2 rings
fr-139317,107810,6.6877127,6.3196516,107810,fr-139317,True,4.0,3.0,1.0,True,4+ rings
norgestimate,6540478,-3.1422772,4.7332263,6540478,norgestimate,True,4.0,0.0,4.0,True,4+ rings
evobrutinib,71479709,8.247707,7.3890705,71479709,evobrutinib,True,4.0,3.0,1.0,True,4+ rings
rki-1447,60138149,7.159278,7.485274,60138149,rki-1447,True,3.0,3.0,0.0,True,3 rings
decloxizine,71135,6.771616,2.2390523,71135,decloxizine,True,3.0,2.0,1.0,True,3 rings
alx-5407,86306255,9.5346575,2.569757,86306255,alx-5407,True,3.0,3.0,0.0,True,3 rings
dihydrexidine,6603820,9.022444,2.1519427,6603820,dihydrexidine,True,4.0,2.0,2.0,True,4+ rings
dipt,26903,6.222913,6.3129373,26903,dipt,True,2.0,2.0,0.0,True,2 rings
firsocostat,71528744,7.936625,6.8099174,71528744,firsocostat,True,5.0,4.0,1.0,True,4+ rings
rn-1747,5068295,6.311645,3.1939538,5068295,rn-1747,True,3.0,2.0,1.0,True,3 rings
az20,46244454,6.252166,8.368509,46244454,az20,True,5.0,3.0,2.0,True,4+ rings
rs-17053,3894573,8.009475,6.4305563,3894573,rs-17053,True,4.0,3.0,1.0,True,4+ rings
alfuzosin,37888195,8.863199,7.3075786,37888195,alfuzosin,True,3.0,2.0,1.0,True,3 rings
troxerutin,5486699,10.903705,1.6780018,5486699,troxerutin,True,5.0,3.0,2.0,True,4+ rings
phenytoin,1775,7.068134,2.3675592,1775,phenytoin,True,3.0,2.0,1.0,True,3 rings
gs-9973,59473233,6.108021,8.350606,59473233,gs-9973,True,6.0,5.0,1.0,True,4+ rings
cudc-101,24756910,8.794277,7.294975,24756910,cudc-101,True,3.0,3.0,0.0,True,3 rings
cephalothin,6024,7.7004066,2.5133967,6024,cephalothin,True,3.0,1.0,2.0,True,3 rings
netilmicin,441306,-2.6562738,6.7641926,441306,netilmicin,True,3.0,0.0,3.0,True,3 rings
c-1,3545,5.890284,6.8612113,3545,c-1,True,3.0,2.0,1.0,True,3 rings
gadoteridol,101671780,-1.4353441,6.60312,101671780,gadoteridol,True,3.0,0.0,3.0,True,3 rings
cetilistat,9952916,8.1648655,3.4405417,9952916,cetilistat,True,2.0,2.0,0.0,True,2 rings
yl0919,54673543,7.003926,2.358269,54673543,yl0919,True,3.0,2.0,1.0,True,3 rings
stf-083010,135398515,9.454491,1.4869801,135398515,stf-083010,True,3.0,3.0,0.0,True,3 rings
gsk2982772,77108121,8.165136,7.553067,77108121,gsk2982772,True,4.0,3.0,1.0,True,4+ rings
proglumide,6603906,7.294234,2.5137494,6603906,proglumide,True,1.0,1.0,0.0,True,1 ring
nelarabine,3011155,5.3992295,9.204338,3011155,nelarabine,True,3.0,2.0,1.0,True,3 rings
way-600,25229526,6.0778475,8.3631115,25229526,way-600,True,7.0,5.0,2.0,True,4+ rings
"d,l-mevalonic-acid-lactone",6419891,-1.6730138,5.8552055,6419891,"d,l-mevalonic-acid-lactone",True,1.0,0.0,1.0,True,1 ring
nimodipine,157132,7.411819,0.76004493,157132,nimodipine,True,2.0,1.0,1.0,True,2 rings
pemetrexed,135410875,6.5237308,7.556159,135410875,pemetrexed,True,3.0,3.0,0.0,True,3 rings
metocurine,21233,10.152528,3.0531948,21233,metocurine,True,8.0,4.0,4.0,True,4+ rings
estradiol-cypionate,9403,10.123297,1.1659181,9403,estradiol-cypionate,True,5.0,1.0,4.0,True,4+ rings
pd-173212,9916734,9.573057,2.9303975,9916734,pd-173212,True,3.0,3.0,0.0,True,3 rings
bms-906024,66550890,7.056472,3.6512039,66550890,bms-906024,True,3.0,2.0,1.0,True,3 rings
pha-848125,16718576,6.505041,7.8868628,16718576,pha-848125,True,5.0,3.0,2.0,True,4+ rings
permethrin,40159,9.984,1.9484191,40159,permethrin,True,3.0,2.0,1.0,True,3 rings
benactyzine,9330,7.8357625,1.6001108,9330,benactyzine,True,2.0,2.0,0.0,True,2 rings
triptolide,107985,-3.3666794,5.2542768,107985,triptolide,True,7.0,0.0,7.0,True,4+ rings
acesulfame-potassium,36573,-1.4348011,6.5182977,36573,acesulfame-potassium,True,1.0,0.0,1.0,True,1 ring
ceftazidime,6321415,4.963716,7.6786466,6321415,ceftazidime,True,4.0,2.0,2.0,True,4+ rings
azathioprine,2265,5.176225,9.021976,2265,azathioprine,True,3.0,3.0,0.0,True,3 rings
2-methyl-5-nitrophenol,93576,8.77408,3.0000105,93576,2-methyl-5-nitrophenol,True,1.0,1.0,0.0,True,1 ring
cp-532623,10145345,6.9515724,3.6111858,10145345,cp-532623,True,3.0,2.0,1.0,True,3 rings
aurora-a-inhibitor-i,44139710,6.4385004,7.6830735,44139710,aurora-a-inhibitor-i,True,5.0,4.0,1.0,True,4+ rings
etc-159,86280523,6.338997,8.115312,86280523,etc-159,True,4.0,4.0,0.0,True,4+ rings
cabazitaxel,9854073,9.8065405,3.437476,9854073,cabazitaxel,True,6.0,2.0,4.0,True,4+ rings
midafotel,6435801,-1.4706788,6.832331,6435801,midafotel,True,1.0,0.0,1.0,True,1 ring
telmesteine,25271872,-1.7056682,7.252649,25271872,telmesteine,True,1.0,0.0,1.0,True,1 ring
bisphenol-a,6623,9.4956255,1.4795473,6623,bisphenol-a,True,2.0,2.0,0.0,True,2 rings
metazosin,51057264,8.827951,7.337759,51057264,metazosin,True,3.0,2.0,1.0,True,3 rings
nepicastat,9796181,6.561956,2.0780723,9796181,nepicastat,True,3.0,2.0,1.0,True,3 rings
iopromide,6604433,7.9125395,3.2638097,6604433,iopromide,True,1.0,1.0,0.0,True,1 ring
ibutamoren,178024,7.5798187,3.291645,178024,ibutamoren,True,4.0,2.0,2.0,True,4+ rings
selfotel,6604838,-1.6867164,6.995825,6604838,selfotel,True,1.0,0.0,1.0,True,1 ring
hexylene-glycol,5288845,-1.4276674,5.9748206,5288845,hexylene-glycol,True,0.0,0.0,0.0,False,0 rings
enrofloxacin,71188,9.569451,4.527343,71188,enrofloxacin,True,4.0,2.0,2.0,True,4+ rings
degarelix,16136245,6.624882,6.4173903,16136245,degarelix,True,8.0,6.0,2.0,True,4+ rings
adefovir-dipivoxil,60871,5.3619165,9.165969,60871,adefovir-dipivoxil,True,2.0,2.0,0.0,True,2 rings
ethamivan,9363,9.860255,2.9202273,9363,ethamivan,True,1.0,1.0,0.0,True,1 ring
mepiroxol,71668,6.8256936,6.908972,71668,mepiroxol,True,1.0,1.0,0.0,True,1 ring
ns-1643,10177784,8.630846,3.240959,10177784,ns-1643,True,2.0,2.0,0.0,True,2 rings
bromantan,4660557,6.6678467,3.4940472,4660557,bromantan,True,5.0,1.0,4.0,True,4+ rings
psoralen,6199,10.574282,1.9987601,6199,psoralen,True,3.0,3.0,0.0,True,3 rings
quinagolide,3086401,8.9993515,2.1371505,3086401,quinagolide,True,3.0,1.0,2.0,True,3 rings
lotamilast,24864553,8.647391,7.2334642,24864553,lotamilast,True,4.0,4.0,0.0,True,4+ rings
jnj-10191584,10446295,6.615591,8.350923,10446295,jnj-10191584,True,3.0,2.0,1.0,True,3 rings
parecoxib,119828,8.026123,4.2663913,119828,parecoxib,True,3.0,3.0,0.0,True,3 rings
clobetasone-butyrate,71386,-3.3290765,4.7531886,71386,clobetasone-butyrate,True,4.0,0.0,4.0,True,4+ rings
camptothecin,24360,7.4449086,6.059995,24360,camptothecin,True,5.0,3.0,2.0,True,4+ rings
clofibrate,2796,9.711073,1.9912947,2796,clofibrate,True,1.0,1.0,0.0,True,1 ring
trimetozine,12478,10.000778,2.9716349,12478,trimetozine,True,2.0,1.0,1.0,True,2 rings
orphanin-fq,56947112,7.5295224,2.1027772,56947112,orphanin-fq,True,2.0,2.0,0.0,True,2 rings
immethridine,9989505,6.588632,8.234944,9989505,immethridine,True,2.0,2.0,0.0,True,2 rings
dapansutrile,12714644,-1.0057791,6.2714863,12714644,dapansutrile,True,0.0,0.0,0.0,False,0 rings
gsk-j4,71729975,6.103009,7.915956,71729975,gsk-j4,True,4.0,3.0,1.0,True,4+ rings
ziritaxestat,90420193,6.5296636,8.095462,90420193,ziritaxestat,True,6.0,4.0,2.0,True,4+ rings
cintriamide,6154037,9.982948,2.1986794,6154037,cintriamide,True,1.0,1.0,0.0,True,1 ring
lylamine,62034,6.5365744,2.0283697,62034,lylamine,True,3.0,1.0,2.0,True,3 rings
perchlozone,6433252,5.8467336,7.066994,6433252,perchlozone,True,1.0,1.0,0.0,True,1 ring
dexrazoxane,71384,-1.3686026,6.824577,71384,dexrazoxane,True,2.0,0.0,2.0,True,2 rings
sklb-1028,54760385,6.3229427,8.311384,54760385,sklb-1028,True,5.0,4.0,1.0,True,4+ rings
px-478,11234795,7.64642,3.030718,11234795,px-478,True,1.0,1.0,0.0,True,1 ring
n-mppp,190901,7.0469394,2.3521457,190901,n-mppp,True,3.0,2.0,1.0,True,3 rings
guanidinopropionic-acid,67701,-1.4677367,6.670487,67701,guanidinopropionic-acid,True,0.0,0.0,0.0,False,0 rings
jnj-47965567,66553218,6.4940157,6.903948,66553218,jnj-47965567,True,5.0,3.0,2.0,True,4+ rings
tianeptine,37888263,7.26467,3.2016501,37888263,tianeptine,True,3.0,2.0,1.0,True,3 rings
paraxanthine,4687,4.8692417,9.211474,4687,paraxanthine,True,2.0,2.0,0.0,True,2 rings
bos-172722,73386890,8.352811,7.6133184,73386890,bos-172722,True,4.0,4.0,0.0,True,4+ rings
doramectin,9832750,-2.7707293,6.2206364,9832750,doramectin,True,8.0,0.0,8.0,True,4+ rings
tcs-2002,44247646,10.05304,2.504806,44247646,tcs-2002,True,4.0,4.0,0.0,True,4+ rings
iothalamic-acid-d3,3737,7.9759607,3.3015833,3737,iothalamic-acid-d3,True,1.0,1.0,0.0,True,1 ring
amiflamine,6336525,6.7109556,3.5126743,6336525,amiflamine,True,1.0,1.0,0.0,True,1 ring
wye-125132,25227469,6.1234994,8.368782,25227469,wye-125132,True,7.0,3.0,4.0,True,4+ rings
esaprazole,68835,-1.3419538,6.809662,68835,esaprazole,True,2.0,0.0,2.0,True,2 rings
cgp-20712a,91667713,8.166757,7.40832,91667713,cgp-20712a,True,3.0,3.0,0.0,True,3 rings
bicuculline-(+),10237,10.151477,3.044105,10237,bicuculline-(+),True,6.0,2.0,4.0,True,4+ rings
daucosterol,5742590,-3.295849,5.2806597,5742590,daucosterol,True,5.0,0.0,5.0,True,4+ rings
paricalcitol,5281104,-2.918964,5.371143,5281104,paricalcitol,True,3.0,0.0,3.0,True,3 rings
cefpodoxime,51546414,4.741404,7.7476974,51546414,cefpodoxime,True,3.0,1.0,2.0,True,3 rings
tapinarof,6439522,9.541102,1.5076104,6439522,tapinarof,True,2.0,2.0,0.0,True,2 rings
vitamin-e,14985,9.874698,1.5712852,14985,vitamin-e,True,2.0,1.0,1.0,True,2 rings
stepronin,37888256,7.474018,2.4341114,37888256,stepronin,True,1.0,1.0,0.0,True,1 ring
bvt-948,6604934,7.1329217,2.53755,6604934,bvt-948,True,3.0,1.0,2.0,True,3 rings
pki-179,76958312,6.078284,8.061951,76958312,pki-179,True,6.0,3.0,3.0,True,4+ rings
chlorambucil,2708,7.7009444,3.2391925,2708,chlorambucil,True,1.0,1.0,0.0,True,1 ring
ag-1024,2044,9.470108,1.4953285,2044,ag-1024,True,1.0,1.0,0.0,True,1 ring
guacetisal,68749,10.198842,2.1650872,68749,guacetisal,True,2.0,2.0,0.0,True,2 rings
rifaximin,46783403,8.422343,7.573574,46783403,rifaximin,True,6.0,4.0,2.0,True,4+ rings
amoxapine,2170,9.211178,3.2056344,2170,amoxapine,True,4.0,2.0,2.0,True,4+ rings
isobutyramide,68424,-1.4041439,6.6284575,68424,isobutyramide,True,0.0,0.0,0.0,False,0 rings
pa-452,9803242,8.281468,7.4351063,9803242,pa-452,True,3.0,2.0,1.0,True,3 rings
flopropione,3362,10.455925,1.8799943,3362,flopropione,True,1.0,1.0,0.0,True,1 ring
pd-128907,5311346,9.528412,2.4172685,5311346,pd-128907,True,3.0,1.0,2.0,True,3 rings
etonogestrel,6917715,-3.174637,4.732922,6917715,etonogestrel,True,4.0,0.0,4.0,True,4+ rings
sulfatinib,52920501,8.411664,7.6522465,52920501,sulfatinib,True,4.0,4.0,0.0,True,4+ rings
bendamustine,65628,6.6418824,8.3540745,65628,bendamustine,True,2.0,2.0,0.0,True,2 rings
tc-s-7006,9549300,6.0917544,7.9312334,9549300,tc-s-7006,True,4.0,4.0,0.0,True,4+ rings
edoxudine,66377,-2.4617739,7.9565215,66377,edoxudine,True,2.0,1.0,1.0,True,2 rings
ethinyl-estradiol,5991,10.165041,1.1408011,5991,ethinyl-estradiol,True,4.0,1.0,3.0,True,4+ rings
aminocaproic-acid,564,-1.6528986,6.9687166,564,aminocaproic-acid,True,0.0,0.0,0.0,False,0 rings
finafloxacin,11567473,9.574196,4.5305815,11567473,finafloxacin,True,5.0,2.0,3.0,True,4+ rings
naringin-dihydrochalcone,9894584,10.927718,1.7145526,9894584,naringin-dihydrochalcone,True,4.0,2.0,2.0,True,4+ rings
ib-meca,123683,6.2990847,8.721531,123683,ib-meca,True,4.0,3.0,1.0,True,4+ rings
pp242,135565635,8.0383415,7.685188,135565635,pp242,True,4.0,4.0,0.0,True,4+ rings
vs-4718,25073775,8.326414,7.3622575,25073775,vs-4718,True,4.0,3.0,1.0,True,4+ rings
vp-20629,3744,6.750507,6.2547584,3744,vp-20629,True,2.0,2.0,0.0,True,2 rings
talarozole,76958553,6.6405487,7.521221,76958553,talarozole,True,4.0,4.0,0.0,True,4+ rings
lcl-161,24737642,6.639528,6.934639,24737642,lcl-161,True,4.0,2.0,2.0,True,4+ rings
mivebresib,71600087,7.995273,6.689868,71600087,mivebresib,True,4.0,4.0,0.0,True,4+ rings
tcs-hdac6-20b,23636017,-1.5165945,6.907962,23636017,tcs-hdac6-20b,True,4.0,0.0,4.0,True,4+ rings
cinoxacin,2762,9.273715,3.5780299,2762,cinoxacin,True,3.0,2.0,1.0,True,3 rings
arachidonic-acid,444899,-2.2271237,6.127015,444899,arachidonic-acid,True,0.0,0.0,0.0,False,0 rings
siguazodan,6604007,6.855568,3.6242568,6604007,siguazodan,True,2.0,1.0,1.0,True,2 rings
uprosertib,51042438,8.088272,6.673116,51042438,uprosertib,True,3.0,3.0,0.0,True,3 rings
e-4031,3185,6.5177913,6.687889,3185,e-4031,True,3.0,2.0,1.0,True,3 rings
atpa,11345201,-1.7080274,7.051786,11345201,atpa,True,1.0,1.0,0.0,True,1 ring
remetinostat,24875489,9.927961,2.3344605,24875489,remetinostat,True,1.0,1.0,0.0,True,1 ring
ranirestat,153948,6.4689074,6.809011,153948,ranirestat,True,4.0,2.0,2.0,True,4+ rings
sodium-picosulfate,5243,7.270333,6.725656,5243,sodium-picosulfate,True,3.0,3.0,0.0,True,3 rings
avridine,37186,-1.5776452,6.457685,37186,avridine,True,0.0,0.0,0.0,False,0 rings
clindamycin,446598,-2.0386279,6.8765593,446598,clindamycin,True,2.0,0.0,2.0,True,2 rings
ha14-1,6976314,10.038905,2.102029,6976314,ha14-1,True,2.0,1.0,1.0,True,2 rings
onc201,73777259,6.839116,2.4467983,73777259,onc201,True,5.0,2.0,3.0,True,4+ rings
apto-253,11960271,6.416683,8.414365,11960271,apto-253,True,6.0,6.0,0.0,True,4+ rings
pf-5274857,56956240,6.2413583,7.566055,56956240,pf-5274857,True,3.0,2.0,1.0,True,3 rings
telotristat,25025298,8.322161,7.449336,25025298,telotristat,True,4.0,4.0,0.0,True,4+ rings
diethylstilbestrol,448537,9.466682,1.4903172,448537,diethylstilbestrol,True,2.0,2.0,0.0,True,2 rings
rhein,10168,10.270982,1.6146771,10168,rhein,True,3.0,2.0,1.0,True,3 rings
dbeq,676352,5.98988,7.7267056,676352,dbeq,True,4.0,4.0,0.0,True,4+ rings
chloroprocaine,8612,8.244041,3.4534469,8612,chloroprocaine,True,1.0,1.0,0.0,True,1 ring
cy208-243,58144,6.18846,6.2935,58144,cy208-243,True,5.0,3.0,2.0,True,4+ rings
09/01/92,7141881,7.919225,6.3914967,7141881,09/01/92,True,2.0,2.0,0.0,True,2 rings
darifenacin,444031,9.708383,2.8169277,444031,darifenacin,True,5.0,3.0,2.0,True,4+ rings
carmoxirole,86308157,6.940863,6.313239,86308157,carmoxirole,True,4.0,3.0,1.0,True,4+ rings
fpl-12495,164087,6.6013746,2.0912952,164087,fpl-12495,True,2.0,2.0,0.0,True,2 rings
puerarin,5281807,10.634829,1.90577,5281807,puerarin,True,4.0,3.0,1.0,True,4+ rings
transcrocetinate,5281232,-2.0868945,6.1361947,5281232,transcrocetinate,True,0.0,0.0,0.0,False,0 rings
iguratimod,124246,9.11097,3.5785873,124246,iguratimod,True,3.0,3.0,0.0,True,3 rings
halothane,4369439,-1.1841441,6.04217,4369439,halothane,True,0.0,0.0,0.0,False,0 rings
7-nitroindazole,1893,6.0059524,6.66116,1893,7-nitroindazole,True,2.0,2.0,0.0,True,2 rings
bupranolol,66601885,9.41376,2.4056451,66601885,bupranolol,True,1.0,1.0,0.0,True,1 ring
bi-224436,66561902,8.111468,6.6594744,66561902,bi-224436,True,5.0,4.0,1.0,True,4+ rings
chloroquine,444810,6.0101027,6.7357984,444810,chloroquine,True,2.0,2.0,0.0,True,2 rings
iloperidone,71360,8.202299,4.3217077,71360,iloperidone,True,4.0,3.0,1.0,True,4+ rings
linaprazan,9951066,6.6565785,7.9613476,9951066,linaprazan,True,3.0,3.0,0.0,True,3 rings
amn-082,1894361,6.5937104,2.183825,1894361,amn-082,True,4.0,4.0,0.0,True,4+ rings
taurolidine,29566,-1.025414,6.413514,29566,taurolidine,True,2.0,0.0,2.0,True,2 rings
ono-4817,9888141,9.623715,3.09946,9888141,ono-4817,True,2.0,2.0,0.0,True,2 rings
fluspirilene,3396,7.0165377,3.6406026,3396,fluspirilene,True,5.0,3.0,2.0,True,4+ rings
tc-mps1-12,70682875,6.4068375,7.5458465,70682875,tc-mps1-12,True,2.0,2.0,0.0,True,2 rings
sns-314,24995524,6.5409145,7.6552463,24995524,sns-314,True,4.0,4.0,0.0,True,4+ rings
e7820,196970,6.0889997,6.3692646,196970,e7820,True,3.0,3.0,0.0,True,3 rings
cresopirine,78094,10.234495,2.0923698,78094,cresopirine,True,1.0,1.0,0.0,True,1 ring
fludarabine,657237,5.40589,9.256634,657237,fludarabine,True,3.0,2.0,1.0,True,3 rings
ly393558,10347428,6.0792913,6.38572,10347428,ly393558,True,5.0,3.0,2.0,True,4+ rings
cxd101,16225380,6.375423,6.6565247,16225380,cxd101,True,4.0,3.0,1.0,True,4+ rings
picrotoxinin,7098683,-3.7098567,5.069666,7098683,picrotoxinin,True,5.0,0.0,5.0,True,4+ rings
nitrosodimethylurea,129010104,-1.1016994,6.378589,129010104,nitrosodimethylurea,True,0.0,0.0,0.0,False,0 rings
sulfabenzamide,5319,6.9673786,3.1104736,5319,sulfabenzamide,True,2.0,2.0,0.0,True,2 rings
"2,5-furandimethanol",74663,9.802216,2.022767,74663,"2,5-furandimethanol",True,1.0,1.0,0.0,True,1 ring
evodiamine,442088,6.579446,6.3309097,442088,evodiamine,True,5.0,3.0,2.0,True,4+ rings
thiocolchicoside,9915886,9.796924,2.6782265,9915886,thiocolchicoside,True,4.0,2.0,2.0,True,4+ rings
cadazolid,44242317,9.462026,4.176322,44242317,cadazolid,True,6.0,3.0,3.0,True,4+ rings
dihydromyricetin,161557,10.71932,1.7760681,161557,dihydromyricetin,True,3.0,2.0,1.0,True,3 rings
exatecan-mesylate,151115,7.438067,6.076869,151115,exatecan-mesylate,True,6.0,3.0,3.0,True,4+ rings
sulbactam,130313,-1.759145,7.31218,130313,sulbactam,True,2.0,0.0,2.0,True,2 rings
mafenide,3998,6.737541,2.0449505,3998,mafenide,True,1.0,1.0,0.0,True,1 ring
midostaurin,9829523,6.6076226,6.247801,9829523,midostaurin,True,9.0,6.0,3.0,True,4+ rings
ameltolide,13086,7.2112904,3.3383121,13086,ameltolide,True,2.0,2.0,0.0,True,2 rings
a-784168,11420211,6.4156833,7.4189467,11420211,a-784168,True,3.0,2.0,1.0,True,3 rings
oc000459,11462174,6.3248806,6.31968,11462174,oc000459,True,4.0,4.0,0.0,True,4+ rings
pf-477736,135565545,6.53908,6.3563786,135565545,pf-477736,True,5.0,3.0,2.0,True,4+ rings
carboxylosartan,108185,6.7954206,8.122208,108185,carboxylosartan,True,4.0,4.0,0.0,True,4+ rings
tg-100713,17751063,8.124483,7.5898595,17751063,tg-100713,True,3.0,3.0,0.0,True,3 rings
hpgds-in-1,46700750,6.3037,7.9379253,46700750,hpgds-in-1,True,4.0,4.0,0.0,True,4+ rings
gliclazide,931837,6.725038,1.9314775,931837,gliclazide,True,3.0,1.0,2.0,True,3 rings
cim-0216,25331887,7.888967,4.2181606,25331887,cim-0216,True,4.0,3.0,1.0,True,4+ rings
desloratadine,124087,5.9736266,6.9094334,124087,desloratadine,True,4.0,2.0,2.0,True,4+ rings
epacadostat,135564890,6.4405756,3.7994642,135564890,epacadostat,True,2.0,2.0,0.0,True,2 rings
mecamylamine,46912050,-0.9273737,6.6133556,46912050,mecamylamine,True,2.0,0.0,2.0,True,2 rings
y-11,427018,-1.2928665,6.543363,427018,y-11,True,4.0,0.0,4.0,True,4+ rings
darusentan,177236,8.179708,7.376764,177236,darusentan,True,3.0,3.0,0.0,True,3 rings
vby-825,70945511,7.3911347,2.3784404,70945511,vby-825,True,3.0,1.0,2.0,True,3 rings
btz043-racemate,42609849,6.657689,3.1013434,42609849,btz043-racemate,True,4.0,2.0,2.0,True,4+ rings
tenalisib,86291103,8.233815,7.6430693,86291103,tenalisib,True,5.0,5.0,0.0,True,4+ rings
cefiderocol,46195832,5.02724,7.6015177,46195832,cefiderocol,True,5.0,2.0,3.0,True,4+ rings
moracizine,34633,6.2118826,3.448231,34633,moracizine,True,4.0,2.0,2.0,True,4+ rings
selexipag,9913767,6.3491507,7.6646323,9913767,selexipag,True,3.0,3.0,0.0,True,3 rings
cyclopentolate,6604325,7.7102513,1.5902671,6604325,cyclopentolate,True,2.0,1.0,1.0,True,2 rings
actarit,2018,7.7470336,3.3356478,2018,actarit,True,1.0,1.0,0.0,True,1 ring
talnetant,5311424,7.2243304,6.4702535,5311424,talnetant,True,4.0,4.0,0.0,True,4+ rings
gentiopicrin,88708,-2.7791378,6.169128,88708,gentiopicrin,True,3.0,0.0,3.0,True,3 rings
diminazene-aceturate,2354,6.525558,3.5433877,2354,diminazene-aceturate,True,2.0,2.0,0.0,True,2 rings
sc-560,4306515,8.028169,6.529339,4306515,sc-560,True,3.0,3.0,0.0,True,3 rings
d-serine,71077,-1.583773,7.0098495,71077,d-serine,True,0.0,0.0,0.0,False,0 rings
add-233089,54155633,6.5299015,3.6485069,54155633,add-233089,True,3.0,2.0,1.0,True,3 rings
ni-57,91827373,9.004954,3.289236,91827373,ni-57,True,3.0,3.0,0.0,True,3 rings
vu0360172,53318624,6.4719605,6.897553,53318624,vu0360172,True,3.0,2.0,1.0,True,3 rings
mdms,9083,-1.132272,6.091023,9083,mdms,True,0.0,0.0,0.0,False,0 rings
loracarbef,5284585,7.4868145,2.4438753,5284585,loracarbef,True,3.0,1.0,2.0,True,3 rings
jk-184,1069686,8.046083,7.79459,1069686,jk-184,True,4.0,4.0,0.0,True,4+ rings
cilofexor,71228883,8.342708,7.234382,71228883,cilofexor,True,6.0,4.0,2.0,True,4+ rings
phenprocoumon,54681533,10.127485,2.051278,54681533,phenprocoumon,True,3.0,3.0,0.0,True,3 rings
sulmazole,11859211,8.127581,7.8994246,11859211,sulmazole,True,3.0,3.0,0.0,True,3 rings
vu0422288,73058507,8.138713,6.992473,73058507,vu0422288,True,3.0,3.0,0.0,True,3 rings
irsogladine,3752,6.514013,2.295806,3752,irsogladine,True,2.0,2.0,0.0,True,2 rings
tc-i-2014,135883253,6.703309,8.460409,135883253,tc-i-2014,True,5.0,3.0,2.0,True,4+ rings
cytarabine,6253,-2.5855794,8.064219,6253,cytarabine,True,2.0,1.0,1.0,True,2 rings
firocoxib,208910,7.878463,1.4552784,208910,firocoxib,True,3.0,1.0,2.0,True,3 rings
sennoside-a,132466065,10.794174,1.7376258,132466065,sennoside-a,True,8.0,6.0,2.0,True,4+ rings
trioxsalen,5585,10.553314,1.9832456,5585,trioxsalen,True,3.0,3.0,0.0,True,3 rings
m8-b,11675630,9.639024,3.1975257,11675630,m8-b,True,3.0,3.0,0.0,True,3 rings
dibutyl-phthalate,3026,7.881325,1.4298531,3026,dibutyl-phthalate,True,1.0,1.0,0.0,True,1 ring
flutamide,3397,6.8694806,3.585606,3397,flutamide,True,1.0,1.0,0.0,True,1 ring
gdc-0084,57384863,5.4007893,9.099,57384863,gdc-0084,True,5.0,3.0,2.0,True,4+ rings
ml9,4217,6.7235093,1.9696608,4217,ml9,True,3.0,2.0,1.0,True,3 rings
bms-986195,121293929,6.5347257,6.3734365,121293929,bms-986195,True,3.0,2.0,1.0,True,3 rings
at13387,11955716,9.364082,2.5804424,11955716,at13387,True,4.0,2.0,2.0,True,4+ rings
levobunolol-(+/-),5460339,9.421353,2.7220705,5460339,levobunolol-(+/-),True,2.0,1.0,1.0,True,2 rings
wye-687,25229450,6.08889,8.318188,25229450,wye-687,True,6.0,4.0,2.0,True,4+ rings
pantethine,452306,-1.6670485,6.9678926,452306,pantethine,True,0.0,0.0,0.0,False,0 rings
ppt,5040063,7.8780656,6.468769,5040063,ppt,True,4.0,4.0,0.0,True,4+ rings
cgh2466,5282339,6.3481483,7.3313704,5282339,cgh2466,True,3.0,3.0,0.0,True,3 rings
k02288,46173038,8.128552,7.279225,46173038,k02288,True,3.0,3.0,0.0,True,3 rings
gdc-0068,24788740,6.354561,7.9317856,24788740,gdc-0068,True,4.0,2.0,2.0,True,4+ rings
gallium-triquinolin-8-olate,9806063,7.5172753,6.554291,9806063,gallium-triquinolin-8-olate,True,6.0,6.0,0.0,True,4+ rings
torcitabine,13711,-2.593557,8.072702,13711,torcitabine,True,2.0,1.0,1.0,True,2 rings
rs-504393,9953769,7.8815947,6.6086516,9953769,rs-504393,True,5.0,3.0,2.0,True,4+ rings
seletalisib,56928390,6.085378,7.993787,56928390,seletalisib,True,5.0,5.0,0.0,True,4+ rings
erythrosine,3259,10.62929,1.8899218,3259,erythrosine,True,5.0,3.0,2.0,True,4+ rings
mometasone,441335,-3.5413706,4.9115896,441335,mometasone,True,4.0,0.0,4.0,True,4+ rings
evp4593,509554,8.481403,7.412255,509554,evp4593,True,4.0,4.0,0.0,True,4+ rings
pf-06305591,71666749,6.752739,8.395862,71666749,pf-06305591,True,2.0,2.0,0.0,True,2 rings
diperodon,40479653,6.6789427,3.4910817,40479653,diperodon,True,3.0,2.0,1.0,True,3 rings
mephenesin,6931199,9.829227,1.8802253,6931199,mephenesin,True,1.0,1.0,0.0,True,1 ring
tcs-pim-1-1,1235170,8.766824,2.9145854,1235170,tcs-pim-1-1,True,3.0,3.0,0.0,True,3 rings
gw-9508,11595431,9.066734,3.3966997,11595431,gw-9508,True,3.0,3.0,0.0,True,3 rings
ban-orl-24,10296561,7.741348,2.276851,10296561,ban-orl-24,True,5.0,2.0,3.0,True,4+ rings
etrasimod,44623998,7.852807,6.371811,44623998,etrasimod,True,5.0,3.0,2.0,True,4+ rings
bms-626529,11317439,8.325895,7.6223097,11317439,bms-626529,True,5.0,4.0,1.0,True,4+ rings
r-1487,11406590,8.346618,7.480331,11406590,r-1487,True,4.0,3.0,1.0,True,4+ rings
dilmapimod,10297982,6.1495066,7.7280974,10297982,dilmapimod,True,4.0,4.0,0.0,True,4+ rings
dithranol,10187,9.5545025,1.466268,10187,dithranol,True,3.0,3.0,0.0,True,3 rings
etodolac,688461,7.052656,6.2590756,688461,etodolac,True,3.0,2.0,1.0,True,3 rings
ardeparin,100942142,-2.508985,6.6636667,100942142,ardeparin,True,2.0,0.0,2.0,True,2 rings
n-(p-amylcinnamoyl)-anthranilic-acid,5353376,7.969029,3.354654,5353376,n-(p-amylcinnamoyl)-anthranilic-acid,True,2.0,2.0,0.0,True,2 rings
milnacipran,6917779,7.086907,2.2658615,6917779,milnacipran,True,2.0,1.0,1.0,True,2 rings
zamifenacin,3086618,9.943331,2.8236907,3086618,zamifenacin,True,5.0,3.0,2.0,True,4+ rings
rs-67333,183782,9.229122,3.8070781,183782,rs-67333,True,2.0,1.0,1.0,True,2 rings
clozapine,135398737,6.5285163,3.6437223,135398737,clozapine,True,4.0,2.0,2.0,True,4+ rings
pemafibrate,11526038,7.956051,6.5191145,11526038,pemafibrate,True,4.0,4.0,0.0,True,4+ rings
gaboxadol,3448,-1.5249977,6.846986,3448,gaboxadol,True,2.0,1.0,1.0,True,2 rings
ngb-2904,9891901,7.2216496,3.4159906,9891901,ngb-2904,True,5.0,3.0,2.0,True,4+ rings
debrisoquin,2966,6.5735407,2.139998,2966,debrisoquin,True,2.0,1.0,1.0,True,2 rings
bms-582949,10409068,6.4689946,7.900765,10409068,bms-582949,True,4.0,3.0,1.0,True,4+ rings
leucovorin,135398559,7.2784142,3.2446568,135398559,leucovorin,True,3.0,2.0,1.0,True,3 rings
sta-5326,10173277,6.0888653,8.027329,10173277,sta-5326,True,4.0,3.0,1.0,True,4+ rings
digoxigenin,15478,-3.359887,5.2880516,15478,digoxigenin,True,5.0,0.0,5.0,True,4+ rings
tioxolone,72139,9.552941,1.6328863,72139,tioxolone,True,2.0,2.0,0.0,True,2 rings
xl388,59604787,8.111532,7.0725536,59604787,xl388,True,4.0,3.0,1.0,True,4+ rings
ciprofibrate,9882424,9.951554,1.9541268,9882424,ciprofibrate,True,2.0,1.0,1.0,True,2 rings
propylhexedrine,71197,-0.96415794,6.6117525,71197,propylhexedrine,True,1.0,0.0,1.0,True,1 ring
ci-844,200510,7.7575684,6.8332376,200510,ci-844,True,2.0,2.0,0.0,True,2 rings
phenserine,192706,8.918579,3.297465,192706,phenserine,True,4.0,2.0,2.0,True,4+ rings
co-101244,6918409,9.621838,2.4973614,6918409,co-101244,True,3.0,2.0,1.0,True,3 rings
anethole,637563,9.801971,1.9236404,637563,anethole,True,1.0,1.0,0.0,True,1 ring
tranilast,5282230,9.038261,3.5564973,5282230,tranilast,True,2.0,2.0,0.0,True,2 rings
acitazanolast,2006,6.8200183,3.6799412,2006,acitazanolast,True,2.0,2.0,0.0,True,2 rings
acumapimod,11338127,6.3268003,7.455421,11338127,acumapimod,True,4.0,3.0,1.0,True,4+ rings
prenylamine,181757,6.594405,2.077713,181757,prenylamine,True,3.0,3.0,0.0,True,3 rings
molidustat,59603622,5.194556,9.036911,59603622,molidustat,True,4.0,3.0,1.0,True,4+ rings
acetarsol,1985,8.711702,3.238877,1985,acetarsol,True,1.0,1.0,0.0,True,1 ring
propiolactone,2365,-1.6449405,5.986246,2365,propiolactone,True,1.0,0.0,1.0,True,1 ring
sb-271046,5312149,9.011801,3.2139032,5312149,sb-271046,True,4.0,3.0,1.0,True,4+ rings
carbamazepine,2554,6.828291,3.6294725,2554,carbamazepine,True,3.0,2.0,1.0,True,3 rings
phenformin,8249,6.587135,2.1021757,8249,phenformin,True,1.0,1.0,0.0,True,1 ring
benzo[d]thiazole-2(3h)-thione,697993,6.263607,3.4286664,697993,benzo[d]thiazole-2(3h)-thione,True,2.0,2.0,0.0,True,2 rings
phortress,399465,6.6131682,6.780872,399465,phortress,True,3.0,3.0,0.0,True,3 rings
lactulose,11333,-1.6213975,5.471867,11333,lactulose,True,2.0,0.0,2.0,True,2 rings
edrophonium,3202,8.707831,3.192307,3202,edrophonium,True,1.0,1.0,0.0,True,1 ring
"1-(1,2-diphenylethyl)piperidine-(+/-)",44574903,6.590919,2.1456938,44574903,"1-(1,2-diphenylethyl)piperidine-(+/-)",True,3.0,2.0,1.0,True,3 rings
seclazone,76966156,9.721095,2.813195,76966156,seclazone,True,3.0,1.0,2.0,True,3 rings
budesonide,63006,-3.7594297,5.099963,63006,budesonide,True,5.0,0.0,5.0,True,4+ rings
necrostatin-2,11288934,6.5833015,6.2735453,11288934,necrostatin-2,True,3.0,2.0,1.0,True,3 rings
piconol,11474,6.9705224,6.8048453,11474,piconol,True,1.0,1.0,0.0,True,1 ring
cyclic-amp,40467852,5.388837,9.246475,40467852,cyclic-amp,True,4.0,2.0,2.0,True,4+ rings
pd-166793,9887870,7.09518,1.8953092,9887870,pd-166793,True,2.0,2.0,0.0,True,2 rings
2-hydroxyethyl-salicylate,6880,10.212174,2.060233,6880,2-hydroxyethyl-salicylate,True,1.0,1.0,0.0,True,1 ring
cordycepin,6303,5.3906865,9.249524,6303,cordycepin,True,3.0,2.0,1.0,True,3 rings
quinolinic-acid,1066,6.941969,6.786271,1066,quinolinic-acid,True,1.0,1.0,0.0,True,1 ring
sr-95639a,195165,5.925325,7.657771,195165,sr-95639a,True,4.0,2.0,2.0,True,4+ rings
verdinexor,71492799,6.2197213,8.131242,71492799,verdinexor,True,3.0,3.0,0.0,True,3 rings
azd7545,16741245,6.996696,3.3238637,16741245,azd7545,True,2.0,2.0,0.0,True,2 rings
agi-6780,71299339,6.6383424,3.2595756,71299339,agi-6780,True,4.0,3.0,1.0,True,4+ rings
linagliptin,10096344,6.5493107,8.15968,10096344,linagliptin,True,5.0,4.0,1.0,True,4+ rings
catharanthine,5458190,6.8724303,6.1936975,5458190,catharanthine,True,6.0,2.0,4.0,True,4+ rings
retinyl-palmitate,5280531,-2.4993856,6.010317,5280531,retinyl-palmitate,True,1.0,0.0,1.0,True,1 ring
piceatannol,667639,9.64635,1.6166778,667639,piceatannol,True,2.0,2.0,0.0,True,2 rings
firategrast,9935681,9.605776,3.0630517,9935681,firategrast,True,3.0,3.0,0.0,True,3 rings
nifenazone,4487,6.4612083,6.885907,4487,nifenazone,True,3.0,3.0,0.0,True,3 rings
gw-0742,9934458,7.7547774,7.051486,9934458,gw-0742,True,3.0,3.0,0.0,True,3 rings
cgp-25454a,9819591,9.455609,3.1031332,9819591,cgp-25454a,True,1.0,1.0,0.0,True,1 ring
vinblastine,13342,8.185717,6.2208858,13342,vinblastine,True,9.0,3.0,6.0,True,4+ rings
danirixin,24780598,8.746939,3.258489,24780598,danirixin,True,3.0,2.0,1.0,True,3 rings
larotrectinib,46188928,6.0906234,8.285421,46188928,larotrectinib,True,5.0,3.0,2.0,True,4+ rings
bc-11,60126757,6.678976,1.8994029,60126757,bc-11,True,1.0,1.0,0.0,True,1 ring
triciribine,65399,5.4489403,9.274392,65399,triciribine,True,4.0,2.0,2.0,True,4+ rings
eliglustat,23652731,9.721104,2.7090974,23652731,eliglustat,True,3.0,1.0,2.0,True,3 rings
gemcitabine,60750,-2.579425,8.059062,60750,gemcitabine,True,2.0,1.0,1.0,True,2 rings
acexamic-acid,2005,-1.709553,6.913977,2005,acexamic-acid,True,0.0,0.0,0.0,False,0 rings
guanaben-acetate,5702063,6.614786,2.0814228,5702063,guanaben-acetate,True,1.0,1.0,0.0,True,1 ring
bd-1008,126388,6.623332,2.1846411,126388,bd-1008,True,2.0,1.0,1.0,True,2 rings
brd7389,1080352,7.262493,3.4457574,1080352,brd7389,True,5.0,4.0,1.0,True,4+ rings
zotepine,5736,8.081043,1.9037777,5736,zotepine,True,3.0,2.0,1.0,True,3 rings
cis-urocanic-acid,736715,4.9151053,8.874194,736715,cis-urocanic-acid,True,1.0,1.0,0.0,True,1 ring
s-trityl-l-cysteine,7271796,7.196608,1.9006797,7271796,s-trityl-l-cysteine,True,3.0,3.0,0.0,True,3 rings
fluticasone-propionate,444036,-3.6759374,4.924937,444036,fluticasone-propionate,True,4.0,0.0,4.0,True,4+ rings
trodusquemine,9917968,-2.6894662,5.0660086,9917968,trodusquemine,True,4.0,0.0,4.0,True,4+ rings
splitomycin,5269,10.126674,2.0727725,5269,splitomycin,True,3.0,2.0,1.0,True,3 rings
cfi-400945,58486178,8.06871,6.514526,58486178,cfi-400945,True,7.0,4.0,3.0,True,4+ rings
azd8931,11488320,8.7709055,7.2633986,11488320,azd8931,True,4.0,3.0,1.0,True,4+ rings
triamcinolone-acetonide,6436,-3.7482326,5.0923877,6436,triamcinolone-acetonide,True,5.0,0.0,5.0,True,4+ rings
sb-202190,5169,7.824253,7.7981424,5169,sb-202190,True,4.0,4.0,0.0,True,4+ rings
valethamate,38989053,7.704708,1.5850279,38989053,valethamate,True,1.0,1.0,0.0,True,1 ring
l-760735,9809077,8.040956,1.9280858,9809077,l-760735,True,4.0,3.0,1.0,True,4+ rings
foscarnet,3415,-1.154056,6.1155944,3415,foscarnet,True,0.0,0.0,0.0,False,0 rings
lestaurtinib,9932888,6.5815296,6.2448645,9932888,lestaurtinib,True,8.0,5.0,3.0,True,4+ rings
phenylbutazone,4781,6.7820034,3.6094468,4781,phenylbutazone,True,3.0,2.0,1.0,True,3 rings
xbd173,6433109,6.4520025,7.9965806,6433109,xbd173,True,4.0,4.0,0.0,True,4+ rings
barasertib-hqpa,16007391,8.533442,7.377031,16007391,barasertib-hqpa,True,4.0,4.0,0.0,True,4+ rings
spizofurone,71755,10.454821,2.01951,71755,spizofurone,True,3.0,1.0,2.0,True,3 rings
indocyanine-green,9919342,6.651528,3.6313736,9919342,indocyanine-green,True,6.0,4.0,2.0,True,4+ rings
azacitidine,9444,-2.5377858,7.9907928,9444,azacitidine,True,2.0,1.0,1.0,True,2 rings
"cis-exo-camphanediol-2,3",21626088,-2.2173336,5.511767,21626088,"cis-exo-camphanediol-2,3",True,2.0,0.0,2.0,True,2 rings
merbarone,3000671,6.758491,3.6027374,3000671,merbarone,True,2.0,2.0,0.0,True,2 rings
epinephrine,5816,8.927961,2.0656862,5816,epinephrine,True,1.0,1.0,0.0,True,1 ring
lofepramine,3947,7.1111526,3.3255286,3947,lofepramine,True,4.0,3.0,1.0,True,4+ rings
haloprogin,3561,9.600641,1.9988288,3561,haloprogin,True,1.0,1.0,0.0,True,1 ring
tg100-115,10427712,8.15057,7.583099,10427712,tg100-115,True,4.0,4.0,0.0,True,4+ rings
bibx-1382,6918508,6.0330405,7.9212527,6918508,bibx-1382,True,4.0,3.0,1.0,True,4+ rings
ro-28-1675,9886086,6.698011,7.3750157,9886086,ro-28-1675,True,3.0,2.0,1.0,True,3 rings
oseltamivir-phosphate,65028,-2.0597003,6.852837,65028,oseltamivir-phosphate,True,1.0,0.0,1.0,True,1 ring
propylthiouracil,657298,-1.3239889,6.712812,657298,propylthiouracil,True,1.0,1.0,0.0,True,1 ring
perillyl-alcohol,369312,-2.1946132,5.840892,369312,perillyl-alcohol,True,1.0,0.0,1.0,True,1 ring
ibuproxam,11458696,7.2359014,2.0546296,11458696,ibuproxam,True,1.0,1.0,0.0,True,1 ring
thiram,5455,-0.9991777,6.3697844,5455,thiram,True,0.0,0.0,0.0,False,0 rings
palomid-529,86324425,10.704352,1.7865008,86324425,palomid-529,True,4.0,4.0,0.0,True,4+ rings
fit,84008,6.805516,3.550559,84008,fit,True,3.0,2.0,1.0,True,3 rings
cortisone-acetate,5745,-3.289624,4.7784925,5745,cortisone-acetate,True,4.0,0.0,4.0,True,4+ rings
phenylbutyrate,4775,7.6184225,1.5167443,4775,phenylbutyrate,True,1.0,1.0,0.0,True,1 ring
tomivosertib,118598754,5.5935063,8.567932,118598754,tomivosertib,True,4.0,2.0,2.0,True,4+ rings
allylisothiocyanate,5971,-0.9814249,6.480138,5971,allylisothiocyanate,True,0.0,0.0,0.0,False,0 rings
arcyriaflavin-a,5327723,6.644605,6.217757,5327723,arcyriaflavin-a,True,6.0,5.0,1.0,True,4+ rings
atenolol-(+/-),180559,9.492127,2.6265578,180559,atenolol-(+/-),True,1.0,1.0,0.0,True,1 ring
acelarin,134694283,9.217038,2.455287,134694283,acelarin,True,4.0,3.0,1.0,True,4+ rings
bms-207940,156690,7.942331,6.8603,156690,bms-207940,True,4.0,4.0,0.0,True,4+ rings
pazopanib,10113978,6.160899,8.311055,10113978,pazopanib,True,4.0,4.0,0.0,True,4+ rings
chromium-picolinate,56840998,6.842564,6.8068814,56840998,chromium-picolinate,True,3.0,3.0,0.0,True,3 rings
2-bfi,3080926,9.488117,3.0988421,3080926,2-bfi,True,3.0,2.0,1.0,True,3 rings
segesterone-acetate,108059,-3.2460818,4.710594,108059,segesterone-acetate,True,4.0,0.0,4.0,True,4+ rings
ly266097,92845961,7.9918694,6.4337945,92845961,ly266097,True,4.0,3.0,1.0,True,4+ rings
pf-06282999,71571306,9.403066,2.9721963,71571306,pf-06282999,True,2.0,2.0,0.0,True,2 rings
etomidate,667484,6.8768115,8.067428,667484,etomidate,True,2.0,2.0,0.0,True,2 rings
tc-ntr1-17,44157038,8.091561,6.632444,44157038,tc-ntr1-17,True,4.0,4.0,0.0,True,4+ rings
bendazol,12132,6.6887875,8.44786,12132,bendazol,True,3.0,3.0,0.0,True,3 rings
abt-639,46851313,7.0608063,3.264354,46851313,abt-639,True,4.0,2.0,2.0,True,4+ rings
fluprazine,71153,6.8988056,3.642525,71153,fluprazine,True,2.0,1.0,1.0,True,2 rings
ns-8593,11587013,6.677187,8.448536,11587013,ns-8593,True,4.0,3.0,1.0,True,4+ rings
naloxone,5284596,10.384926,3.2070203,5284596,naloxone,True,5.0,1.0,4.0,True,4+ rings
kbg,92461199,9.800192,1.623739,92461199,kbg,True,3.0,1.0,2.0,True,3 rings
ly2334737,11646777,-2.6151187,8.0965805,11646777,ly2334737,True,2.0,1.0,1.0,True,2 rings
thiamine-pyrophosphate,1132,5.419487,8.842889,1132,thiamine-pyrophosphate,True,2.0,2.0,0.0,True,2 rings
daidzin,107971,10.868891,1.7470733,107971,daidzin,True,4.0,3.0,1.0,True,4+ rings
geranyl-farnesylacetate,5282182,-2.2040894,6.0998387,5282182,geranyl-farnesylacetate,True,0.0,0.0,0.0,False,0 rings
etazolate,3277,6.2621274,8.055419,3277,etazolate,True,2.0,2.0,0.0,True,2 rings
t-62,855908,7.066863,2.8202813,855908,t-62,True,3.0,2.0,1.0,True,3 rings
4-aminohippuric-acid,2148,7.2988877,3.1381104,2148,4-aminohippuric-acid,True,1.0,1.0,0.0,True,1 ring
homoveratrylamine,8421,9.854994,2.5839121,8421,homoveratrylamine,True,1.0,1.0,0.0,True,1 ring
benzoclidine,6928653,7.907091,1.6865878,6928653,benzoclidine,True,4.0,1.0,3.0,True,4+ rings
proglumetacin,76965948,7.9703703,6.4571686,76965948,proglumetacin,True,5.0,4.0,1.0,True,4+ rings
dimercaptosuccinic-acid,2724354,-1.6769038,5.9368935,2724354,dimercaptosuccinic-acid,True,0.0,0.0,0.0,False,0 rings
isofloxythepin,969497,6.6951632,2.0367928,969497,isofloxythepin,True,4.0,2.0,2.0,True,4+ rings
velaresol,72162,10.364426,2.013529,72162,velaresol,True,1.0,1.0,0.0,True,1 ring
ningetinib-tosylate,60165029,8.454994,6.821566,60165029,ningetinib-tosylate,True,5.0,5.0,0.0,True,4+ rings
nvp-bgj398,53235510,8.563846,7.4551764,53235510,nvp-bgj398,True,4.0,3.0,1.0,True,4+ rings
2-iminobiotin,135678104,-1.7356251,7.1157427,135678104,2-iminobiotin,True,2.0,0.0,2.0,True,2 rings
folic-acid,6037,6.6631474,7.667514,6037,folic-acid,True,3.0,3.0,0.0,True,3 rings
mepacrine,446536,7.9721065,6.5740085,446536,mepacrine,True,3.0,3.0,0.0,True,3 rings
hexachlorophene,3598,9.445574,1.4702904,3598,hexachlorophene,True,2.0,2.0,0.0,True,2 rings
neratinib,9915743,8.598769,7.0887427,9915743,neratinib,True,4.0,4.0,0.0,True,4+ rings
"2,3-cis/exo-pinanediol",12518181,-2.2481067,5.485497,12518181,"2,3-cis/exo-pinanediol",True,3.0,0.0,3.0,True,3 rings
su3327,11837140,4.6485124,8.797581,11837140,su3327,True,2.0,2.0,0.0,True,2 rings
indiplon,6450813,6.425728,7.936566,6450813,indiplon,True,4.0,4.0,0.0,True,4+ rings
doripenem,73303,-1.9302275,7.2830963,73303,doripenem,True,3.0,0.0,3.0,True,3 rings
myricetin,5281672,10.720133,1.8206549,5281672,myricetin,True,3.0,3.0,0.0,True,3 rings
omega-(4-iodophenyl)pentadecanoic-acid,123810,7.5737686,1.5269201,123810,omega-(4-iodophenyl)pentadecanoic-acid,True,1.0,1.0,0.0,True,1 ring
ef5,389053,4.589468,8.810201,389053,ef5,True,1.0,1.0,0.0,True,1 ring
dipeptamin,7014883,-1.8325341,7.059974,7014883,dipeptamin,True,0.0,0.0,0.0,False,0 rings
clidinium,24867263,7.875062,1.6382976,24867263,clidinium,False,,,,,Invalid/missing SMILES
danegaptide,16656685,7.3339243,2.501919,16656685,danegaptide,True,2.0,1.0,1.0,True,2 rings
ingenol,442042,-2.7387776,5.9124804,442042,ingenol,True,4.0,0.0,4.0,True,4+ rings
npy-5ra972,9884833,6.2542777,6.335608,9884833,npy-5ra972,True,4.0,3.0,1.0,True,4+ rings
icomucret,5280724,-2.3063514,6.0810246,5280724,icomucret,True,0.0,0.0,0.0,False,0 rings
pinocembrin,68071,10.611045,1.9519995,68071,pinocembrin,True,3.0,2.0,1.0,True,3 rings
myristyl-nicotinate,531641,6.948285,6.8926964,531641,myristyl-nicotinate,True,1.0,1.0,0.0,True,1 ring
nebivolol,189562,9.519176,2.5695705,189562,nebivolol,True,4.0,2.0,2.0,True,4+ rings
brl-15572,92844253,6.7004023,3.420625,92844253,brl-15572,True,4.0,3.0,1.0,True,4+ rings
asapiprant,59232326,8.007352,6.711883,59232326,asapiprant,True,4.0,3.0,1.0,True,4+ rings
difloxacin,56206,9.5679,4.5333996,56206,difloxacin,True,4.0,3.0,1.0,True,4+ rings
ogerin,56707820,7.978762,2.0509527,56707820,ogerin,True,3.0,3.0,0.0,True,3 rings
opipramol,9417,6.7289824,3.5236216,9417,opipramol,True,4.0,2.0,2.0,True,4+ rings
sobetirome,9862248,9.96693,1.8335149,9862248,sobetirome,True,2.0,2.0,0.0,True,2 rings
decamethonium,2968,-0.9924901,6.572777,2968,decamethonium,True,0.0,0.0,0.0,False,0 rings
sulfisomidin,5343,6.1475377,7.517157,5343,sulfisomidin,True,2.0,2.0,0.0,True,2 rings
banoxantrone,9955116,8.34905,3.3693812,9955116,banoxantrone,True,3.0,2.0,1.0,True,3 rings
cenicriviroc,11285792,8.041166,7.6059146,11285792,cenicriviroc,True,5.0,4.0,1.0,True,4+ rings
10-debc,10521421,9.060322,3.2956853,10521421,10-debc,True,3.0,2.0,1.0,True,3 rings
methenamine,4101,-1.005288,6.443154,4101,methenamine,True,4.0,0.0,4.0,True,4+ rings
panobinostat,6918837,6.4139614,6.2625265,6918837,panobinostat,True,3.0,3.0,0.0,True,3 rings
tucidinostat,12136798,6.475362,6.921788,12136798,tucidinostat,True,3.0,3.0,0.0,True,3 rings
beta-ccb,128618,7.079204,6.345849,128618,beta-ccb,True,3.0,3.0,0.0,True,3 rings
iproniazid,3748,6.4223666,6.8880844,3748,iproniazid,True,1.0,1.0,0.0,True,1 ring
talniflumate,25273599,6.9714622,7.16645,25273599,talniflumate,True,4.0,3.0,1.0,True,4+ rings
metenkephalin,73265283,8.504486,2.3989022,73265283,metenkephalin,True,2.0,2.0,0.0,True,2 rings
a-887826,46919335,8.307575,7.291102,46919335,a-887826,True,4.0,3.0,1.0,True,4+ rings
cyclovirobuxin-d,260439,-2.6905873,5.0747423,260439,cyclovirobuxin-d,True,5.0,0.0,5.0,True,4+ rings
antazoline,2200,6.5496407,3.6772895,2200,antazoline,True,3.0,2.0,1.0,True,3 rings
eb-47,53229989,6.3371644,8.647128,53229989,eb-47,True,6.0,3.0,3.0,True,4+ rings
pepstatin,5478883,-1.9774008,6.9272985,5478883,pepstatin,True,0.0,0.0,0.0,False,0 rings
ici-162846,134778,5.299827,8.781264,134778,ici-162846,True,1.0,1.0,0.0,True,1 ring
betamethasone-dipropionate,21800,-3.6357412,4.9425006,21800,betamethasone-dipropionate,True,4.0,0.0,4.0,True,4+ rings
cadralazine,76968745,5.869562,7.734974,76968745,cadralazine,True,1.0,1.0,0.0,True,1 ring
eed226,123132228,8.293532,7.6258698,123132228,eed226,True,4.0,4.0,0.0,True,4+ rings
pirfenidone,40632,6.730499,3.6083834,40632,pirfenidone,True,2.0,2.0,0.0,True,2 rings
compound-58112,155931,9.623153,2.7041948,155931,compound-58112,True,2.0,1.0,1.0,True,2 rings
ridinilazole,16659285,6.477196,8.450068,16659285,ridinilazole,True,6.0,6.0,0.0,True,4+ rings
jq1-(+),46907787,7.0580516,7.9603844,46907787,jq1-(+),True,4.0,3.0,1.0,True,4+ rings
ly2606368,46700756,8.244003,7.336758,46700756,ly2606368,True,3.0,3.0,0.0,True,3 rings
tanespimycin,59996479,-2.195337,6.7476716,59996479,tanespimycin,True,2.0,0.0,2.0,True,2 rings
bropirimine,135413497,6.7069254,2.3423543,135413497,bropirimine,True,2.0,2.0,0.0,True,2 rings
"cp-945,598",10052040,6.4974265,8.211766,10052040,"cp-945,598",True,5.0,4.0,1.0,True,4+ rings
compound-w,16760376,9.158235,3.315518,16760376,compound-w,True,3.0,3.0,0.0,True,3 rings
sb-269970,6604889,8.969185,2.023294,6604889,sb-269970,True,3.0,1.0,2.0,True,3 rings
bentiromide,6957673,8.49175,3.4315915,6957673,bentiromide,True,3.0,3.0,0.0,True,3 rings
ciluprevir,9853710,7.805938,7.1482897,9853710,ciluprevir,True,7.0,3.0,4.0,True,4+ rings
fosfestrol,3032325,9.478007,1.5037972,3032325,fosfestrol,True,2.0,2.0,0.0,True,2 rings
lerisetron,65997,6.6048107,8.376613,65997,lerisetron,True,4.0,3.0,1.0,True,4+ rings
butylphthalide,9990075,7.905324,1.4073483,9990075,butylphthalide,True,2.0,1.0,1.0,True,2 rings
azd5991,131634760,7.9587517,6.389979,131634760,azd5991,True,7.0,6.0,1.0,True,4+ rings
ml347,44577753,8.273873,7.454592,44577753,ml347,True,5.0,5.0,0.0,True,4+ rings
tulrampator,24857397,9.22459,3.5063455,24857397,tulrampator,True,5.0,3.0,2.0,True,4+ rings
cgp-7930,5024764,9.487079,1.4854636,5024764,cgp-7930,True,1.0,1.0,0.0,True,1 ring
iox1,459617,7.4468484,6.530311,459617,iox1,True,2.0,2.0,0.0,True,2 rings
lidoflazine,3926,6.993502,3.6778457,3926,lidoflazine,True,4.0,3.0,1.0,True,4+ rings
orteronel,10335364,6.868431,7.926142,10335364,orteronel,True,4.0,3.0,1.0,True,4+ rings
s26948,9958279,9.081872,3.54128,9958279,s26948,True,4.0,4.0,0.0,True,4+ rings
bw-b70c,88473969,9.58071,2.488558,88473969,bw-b70c,True,2.0,2.0,0.0,True,2 rings
propidium-iodide,4939,6.054817,6.508236,4939,propidium-iodide,True,4.0,4.0,0.0,True,4+ rings
jnj-1661010,2809273,6.482901,7.9981804,2809273,jnj-1661010,True,4.0,3.0,1.0,True,4+ rings
lanatoside-c,73707447,-3.3671262,5.309453,73707447,lanatoside-c,True,9.0,0.0,9.0,True,4+ rings
pyrazolanthrone,8515,6.3781567,6.3882623,8515,pyrazolanthrone,True,4.0,3.0,1.0,True,4+ rings
ipsapirone,56971,6.4146776,7.6670876,56971,ipsapirone,True,4.0,2.0,2.0,True,4+ rings
loxoprofen,13049027,7.611834,1.4752585,13049027,loxoprofen,True,2.0,1.0,1.0,True,2 rings
cisapride,6917698,9.197989,3.7554398,6917698,cisapride,True,3.0,2.0,1.0,True,3 rings
ce3f4,73669656,6.8063345,3.6021597,73669656,ce3f4,True,2.0,1.0,1.0,True,2 rings
taranabant,11226090,8.015913,6.8065853,11226090,taranabant,True,3.0,3.0,0.0,True,3 rings
isosteviol,99514,-2.6010845,5.115645,99514,isosteviol,True,4.0,0.0,4.0,True,4+ rings
pimodivir,67286591,6.3977575,8.072724,67286591,pimodivir,True,6.0,3.0,3.0,True,4+ rings
sb-2343,46912230,6.3392115,8.450779,46912230,sb-2343,True,4.0,3.0,1.0,True,4+ rings
venlafaxine,11846746,9.645336,2.5811346,11846746,venlafaxine,True,2.0,1.0,1.0,True,2 rings
e7046,56944705,8.16314,6.5730906,56944705,e7046,True,3.0,3.0,0.0,True,3 rings
3-methyl-gaba,6604938,-1.683373,6.9831004,6604938,3-methyl-gaba,True,0.0,0.0,0.0,False,0 rings
sulfachlorpyridazine,6634,6.3715444,3.28461,6634,sulfachlorpyridazine,True,2.0,2.0,0.0,True,2 rings
lypressin,133588927,8.531644,2.3659155,133588927,lypressin,True,4.0,2.0,2.0,True,4+ rings
faropenem,14659032,-1.8544357,7.3083053,14659032,faropenem,True,3.0,0.0,3.0,True,3 rings
flumethasone-pivalate,443980,-3.6326475,4.9400516,443980,flumethasone-pivalate,True,4.0,0.0,4.0,True,4+ rings
topiroxostat,5288320,6.0349298,8.088004,5288320,topiroxostat,True,3.0,3.0,0.0,True,3 rings
felbinac-ethyl,26436,7.6738877,1.4342227,26436,felbinac-ethyl,True,2.0,2.0,0.0,True,2 rings
ml277,53347902,7.6860976,7.3359737,53347902,ml277,True,4.0,3.0,1.0,True,4+ rings
valsartan,60846,7.224469,2.2655704,60846,valsartan,True,3.0,3.0,0.0,True,3 rings
azd1446,96568205,9.477488,3.0855825,96568205,azd1446,True,3.0,1.0,2.0,True,3 rings
bupropion,688387,7.045009,2.5055566,688387,bupropion,True,1.0,1.0,0.0,True,1 ring
muscimol,4266,-1.4088478,6.7415338,4266,muscimol,True,1.0,1.0,0.0,True,1 ring
fosfosal,3418,10.274653,2.04979,3418,fosfosal,True,1.0,1.0,0.0,True,1 ring
promethazine,89044377,6.1327996,3.4196424,89044377,promethazine,True,3.0,2.0,1.0,True,3 rings
go-6983,3499,7.883713,6.446763,3499,go-6983,True,5.0,4.0,1.0,True,4+ rings
cetrorelix,25074887,7.1996245,7.029459,25074887,cetrorelix,True,6.0,5.0,1.0,True,4+ rings
ncx-1015,9850209,10.117064,1.4478166,9850209,ncx-1015,True,5.0,1.0,4.0,True,4+ rings
1-ebio,82320,6.6947603,3.743392,82320,1-ebio,True,2.0,2.0,0.0,True,2 rings
dcc-2618,46208890,8.212333,6.8087645,46208890,dcc-2618,True,5.0,4.0,1.0,True,4+ rings
prednisone,5865,-3.376646,4.8402944,5865,prednisone,True,4.0,0.0,4.0,True,4+ rings
ndt-9513727,10210160,8.145648,7.5453343,10210160,ndt-9513727,True,7.0,5.0,2.0,True,4+ rings
olmesartan,158781,6.8924747,8.064644,158781,olmesartan,True,4.0,4.0,0.0,True,4+ rings
besifloxacin,10178705,9.570642,4.5425873,10178705,besifloxacin,True,4.0,2.0,2.0,True,4+ rings
mavacamten,117761397,6.908535,2.39989,117761397,mavacamten,True,2.0,2.0,0.0,True,2 rings
clorgiline,4380,9.561292,2.1573255,4380,clorgiline,True,1.0,1.0,0.0,True,1 ring
chlorindione,70846,7.1468315,1.5784227,70846,chlorindione,True,3.0,2.0,1.0,True,3 rings
pr-619,2817763,5.9795923,7.277033,2817763,pr-619,True,1.0,1.0,0.0,True,1 ring
sulbentine,67686,6.596606,2.1027026,67686,sulbentine,True,3.0,2.0,1.0,True,3 rings
rlx,78144,7.3621745,3.356272,78144,rlx,True,3.0,2.0,1.0,True,3 rings
primidone,4909,7.09188,2.3195143,4909,primidone,True,2.0,1.0,1.0,True,2 rings
mitotane,6603772,6.6106052,1.9906741,6603772,mitotane,True,2.0,2.0,0.0,True,2 rings
primaquine,3044369,8.001704,6.542548,3044369,primaquine,True,2.0,2.0,0.0,True,2 rings
arsanilic-acid,7389,6.4675827,3.3999174,7389,arsanilic-acid,True,1.0,1.0,0.0,True,1 ring
ku-55933,5278396,8.135438,1.8782507,5278396,ku-55933,True,5.0,3.0,2.0,True,4+ rings
tcs-359,1048845,9.318095,3.5321834,1048845,tcs-359,True,3.0,2.0,1.0,True,3 rings
mk-8617,44230662,8.213191,6.844646,44230662,mk-8617,True,4.0,4.0,0.0,True,4+ rings
cyt-997,11351021,8.346879,7.5055757,11351021,cyt-997,True,3.0,3.0,0.0,True,3 rings
azd1981,11292191,6.4783297,6.3109736,11292191,azd1981,True,3.0,3.0,0.0,True,3 rings
imiloxan,76966048,7.8576355,7.828465,76966048,imiloxan,True,3.0,2.0,1.0,True,3 rings
acenocoumarol,54683745,9.173676,3.2436235,54683745,acenocoumarol,True,3.0,3.0,0.0,True,3 rings
nifursol,9570327,9.437684,3.2541523,9570327,nifursol,True,2.0,2.0,0.0,True,2 rings
ab-423,90259477,7.0899763,3.2365327,90259477,ab-423,True,2.0,2.0,0.0,True,2 rings
5-aminolevulinic-acid,7048523,-1.6537292,7.038581,7048523,5-aminolevulinic-acid,True,0.0,0.0,0.0,False,0 rings
kaf-156,49856296,6.599345,8.165004,49856296,kaf-156,True,4.0,3.0,1.0,True,4+ rings
vatinoxan,163952,9.515204,3.0944068,163952,vatinoxan,True,5.0,2.0,3.0,True,4+ rings
iodixanol,6604448,7.887941,3.2930703,6604448,iodixanol,True,2.0,2.0,0.0,True,2 rings
amyl-nitrite,129010055,-1.346147,6.0058966,129010055,amyl-nitrite,True,0.0,0.0,0.0,False,0 rings
tc-g-1000,10220232,6.7422557,8.264485,10220232,tc-g-1000,True,3.0,2.0,1.0,True,3 rings
a205804,9839311,6.477367,6.8138876,9839311,a205804,True,3.0,3.0,0.0,True,3 rings
ceftizoxim,6533629,4.740053,7.75051,6533629,ceftizoxim,True,3.0,1.0,2.0,True,3 rings
naftidrofuryl,12898282,7.7037015,1.6045017,12898282,naftidrofuryl,True,3.0,2.0,1.0,True,3 rings
cinromide,688145,6.9286523,2.2619388,688145,cinromide,True,1.0,1.0,0.0,True,1 ring
tilmicosin,16225190,-2.7030864,6.342307,16225190,tilmicosin,True,4.0,0.0,4.0,True,4+ rings
fasudil,3547,5.906052,6.864169,3547,fasudil,True,3.0,2.0,1.0,True,3 rings
nvp-dpp728,9796290,6.230499,7.634135,9796290,nvp-dpp728,True,2.0,1.0,1.0,True,2 rings
terbinafine,1549008,6.546986,2.0574384,1549008,terbinafine,True,2.0,2.0,0.0,True,2 rings
etofibrate,65777,7.864545,6.8568745,65777,etofibrate,True,2.0,2.0,0.0,True,2 rings
phtpp,11201035,8.010974,7.586914,11201035,phtpp,True,4.0,4.0,0.0,True,4+ rings
mitoflaxone,55748,10.290792,2.0877943,55748,mitoflaxone,True,3.0,3.0,0.0,True,3 rings
famciclovir,3324,5.356588,9.084115,3324,famciclovir,True,2.0,2.0,0.0,True,2 rings
enoxacin,3229,6.800955,7.3223863,3229,enoxacin,True,3.0,2.0,1.0,True,3 rings
pik-293,53245636,6.4958935,7.8931494,53245636,pik-293,True,5.0,5.0,0.0,True,4+ rings
a-803467,16038374,9.120797,3.6217804,16038374,a-803467,True,3.0,3.0,0.0,True,3 rings
sid-7969543,2149494,9.185111,3.5648718,2149494,sid-7969543,True,4.0,3.0,1.0,True,4+ rings
donitriptan,197706,7.9868555,6.466184,197706,donitriptan,True,4.0,3.0,1.0,True,4+ rings
albuterol,182176,8.829644,2.10637,182176,albuterol,True,1.0,1.0,0.0,True,1 ring
madecassoside,24825675,-3.323736,5.2562613,24825675,madecassoside,True,8.0,0.0,8.0,True,4+ rings
cefamandole-nafate,5284527,7.9559984,2.520843,5284527,cefamandole-nafate,True,4.0,2.0,2.0,True,4+ rings
cefonicid,43594,7.953558,2.5266728,43594,cefonicid,True,4.0,2.0,2.0,True,4+ rings
imirestat,65673,7.049785,2.3490746,65673,imirestat,True,4.0,2.0,2.0,True,4+ rings
a-769662,54708532,8.531234,3.2238452,54708532,a-769662,True,4.0,4.0,0.0,True,4+ rings
cholecalciferol,5280795,-2.9278247,5.3418083,5280795,cholecalciferol,True,3.0,0.0,3.0,True,3 rings
tibolone,124484332,-3.1585557,4.7200127,124484332,tibolone,True,4.0,0.0,4.0,True,4+ rings
ulifloxacin,40490637,9.578557,4.5363426,40490637,ulifloxacin,True,4.0,2.0,2.0,True,4+ rings
oxiniacic-acid,16976,6.9222302,6.9230986,16976,oxiniacic-acid,True,1.0,1.0,0.0,True,1 ring
vlx1570,71523377,6.902235,3.3400838,71523377,vlx1570,True,3.0,2.0,1.0,True,3 rings
bw-348u87,9554761,5.8462358,7.112437,9554761,bw-348u87,True,2.0,2.0,0.0,True,2 rings
trifluoperazine,5566,6.158801,3.4188097,5566,trifluoperazine,True,4.0,2.0,2.0,True,4+ rings
ccg-63808,5948316,7.7120705,7.37708,5948316,ccg-63808,True,5.0,5.0,0.0,True,4+ rings
naltrindole,5497186,8.188836,6.200607,5497186,naltrindole,True,8.0,3.0,5.0,True,4+ rings
pranidipine,29986494,7.4170113,0.7777534,29986494,pranidipine,True,3.0,2.0,1.0,True,3 rings
flutrimazole,3401,6.8529286,8.205247,3401,flutrimazole,True,4.0,4.0,0.0,True,4+ rings
ceftiofur,6328657,4.7796354,7.7294984,6328657,ceftiofur,True,4.0,2.0,2.0,True,4+ rings
propafenone,184819,9.560715,2.7316716,184819,propafenone,True,2.0,2.0,0.0,True,2 rings
vidarabine,21704,5.4000173,9.260189,21704,vidarabine,True,3.0,2.0,1.0,True,3 rings
tozasertib,5494449,6.015119,7.96977,5494449,tozasertib,True,5.0,3.0,2.0,True,4+ rings
gf109203x,2396,6.5653863,6.324044,2396,gf109203x,True,5.0,4.0,1.0,True,4+ rings
hetacillin,443387,7.760089,2.52247,443387,hetacillin,True,4.0,1.0,3.0,True,4+ rings
paroxetine,43815,9.621007,2.6241324,43815,paroxetine,True,4.0,2.0,2.0,True,4+ rings
rx-821002,67743720,9.474959,2.4219575,67743720,rx-821002,True,3.0,1.0,2.0,True,3 rings
perfluorohexyloctane,10477896,-1.2379142,6.057001,10477896,perfluorohexyloctane,True,0.0,0.0,0.0,False,0 rings
stavudine,18283,-2.4618638,7.957079,18283,stavudine,True,2.0,1.0,1.0,True,2 rings
bibu-1361,17756796,6.071121,7.9820805,17756796,bibu-1361,True,4.0,3.0,1.0,True,4+ rings
6-benzylaminopurine,62389,6.4096017,8.409147,62389,6-benzylaminopurine,True,3.0,3.0,0.0,True,3 rings
a-33903,6923850,6.9070263,3.730641,6923850,a-33903,True,3.0,2.0,1.0,True,3 rings
aminolevulinic-acid-benzyl-ester,9964521,7.8320765,1.7733545,9964521,aminolevulinic-acid-benzyl-ester,True,1.0,1.0,0.0,True,1 ring
kw-2449,11427553,6.3804975,6.507655,11427553,kw-2449,True,4.0,3.0,1.0,True,4+ rings
tiaramide,5469,6.3492546,3.57619,5469,tiaramide,True,3.0,2.0,1.0,True,3 rings
phenylacetylglutamine,92258,7.457785,2.2920039,92258,phenylacetylglutamine,True,1.0,1.0,0.0,True,1 ring
metaraminol,5906,8.938342,1.9756701,5906,metaraminol,True,1.0,1.0,0.0,True,1 ring
oxcarbazepine,34312,7.2336035,3.3599458,34312,oxcarbazepine,True,3.0,2.0,1.0,True,3 rings
pevonedistat,16720766,6.2844534,8.584824,16720766,pevonedistat,True,5.0,3.0,2.0,True,4+ rings
acetylcholine,187,-1.4263504,6.576463,187,acetylcholine,True,0.0,0.0,0.0,False,0 rings
pyridoxal,1050,7.0942736,6.750665,1050,pyridoxal,True,1.0,1.0,0.0,True,1 ring
salirasib,5469318,7.8072815,1.4114003,5469318,salirasib,True,1.0,1.0,0.0,True,1 ring
cbipes,9864510,5.9219112,6.898589,9864510,cbipes,True,3.0,3.0,0.0,True,3 rings
alprostadil,5280723,-2.6608932,5.9742575,5280723,alprostadil,True,1.0,0.0,1.0,True,1 ring
bml-284,11210285,8.272514,7.441383,11210285,bml-284,True,4.0,3.0,1.0,True,4+ rings
thymol,6989,9.482073,1.5082232,6989,thymol,True,1.0,1.0,0.0,True,1 ring
tropicamide,688595,6.455812,6.8402905,688595,tropicamide,True,2.0,2.0,0.0,True,2 rings
chloramphenicol,5959,8.1159115,2.3284416,5959,chloramphenicol,True,1.0,1.0,0.0,True,1 ring
glucaric-acid,33037,-1.7840259,5.5990863,33037,glucaric-acid,True,0.0,0.0,0.0,False,0 rings
emixustat,25221720,9.509698,2.368841,25221720,emixustat,True,2.0,1.0,1.0,True,2 rings
finasteride,57363,-3.0290642,4.8826256,57363,finasteride,True,4.0,0.0,4.0,True,4+ rings
acetophenazine,17676,6.3389816,3.3807015,17676,acetophenazine,True,4.0,2.0,2.0,True,4+ rings
xaliproden,128919,6.548733,2.069866,128919,xaliproden,True,4.0,3.0,1.0,True,4+ rings
hc-067047,2742550,6.640746,6.5115323,2742550,hc-067047,True,4.0,3.0,1.0,True,4+ rings
nps-2407,9948445,6.3909373,6.8760076,9948445,nps-2407,True,3.0,3.0,0.0,True,3 rings
benzyl-alcohol,244,8.612515,1.555288,244,benzyl-alcohol,True,1.0,1.0,0.0,True,1 ring
methazolamide,4100,-1.0562975,6.5125394,4100,methazolamide,True,1.0,1.0,0.0,True,1 ring
lobendazole,22752,6.778098,8.494904,22752,lobendazole,True,2.0,2.0,0.0,True,2 rings
edaglitazone,76961439,7.889245,6.771263,76961439,edaglitazone,True,5.0,4.0,1.0,True,4+ rings
clomesone,100651,-1.1648501,6.055454,100651,clomesone,True,0.0,0.0,0.0,False,0 rings
ezutromid,886736,6.0526457,6.4853797,886736,ezutromid,True,3.0,3.0,0.0,True,3 rings
impentamine,9793868,4.915062,8.858253,9793868,impentamine,True,1.0,1.0,0.0,True,1 ring
nifurtimox,6604371,9.5367365,3.1957116,6604371,nifurtimox,True,2.0,1.0,1.0,True,2 rings
pd-81723,122028,7.1134577,2.8826847,122028,pd-81723,True,2.0,2.0,0.0,True,2 rings
t-0156,5368,8.332553,7.3834753,5368,t-0156,True,5.0,5.0,0.0,True,4+ rings
vu152100,864492,7.7809896,6.819797,864492,vu152100,True,3.0,3.0,0.0,True,3 rings
rapastinel,14539800,-1.76173,6.96682,14539800,rapastinel,True,2.0,0.0,2.0,True,2 rings
abarelix,16131215,7.1706233,6.798941,16131215,abarelix,True,6.0,5.0,1.0,True,4+ rings
methysergide,9681,6.3911233,6.2451625,9681,methysergide,True,4.0,2.0,2.0,True,4+ rings
ne-100,9841596,9.853741,2.7411845,9841596,ne-100,True,2.0,2.0,0.0,True,2 rings
bithionol,2406,9.435957,1.5473233,2406,bithionol,True,2.0,2.0,0.0,True,2 rings
gne-7915,58539171,8.382623,7.3859854,58539171,gne-7915,True,3.0,2.0,1.0,True,3 rings
cilnidipine,28248392,7.4221845,0.7710145,28248392,cilnidipine,True,3.0,2.0,1.0,True,3 rings
chlorocresol,1732,9.420619,1.4961691,1732,chlorocresol,True,1.0,1.0,0.0,True,1 ring
nemorexant,91801202,8.207888,7.541255,91801202,nemorexant,True,5.0,4.0,1.0,True,4+ rings
lubiprostone,9800568,-2.249423,5.9681325,9800568,lubiprostone,True,1.0,0.0,1.0,True,1 ring
mibefradil,60663,6.7513566,8.465678,60663,mibefradil,True,4.0,3.0,1.0,True,4+ rings
11/01/2,16401161,-1.8652488,7.1096573,16401161,11/01/2,True,0.0,0.0,0.0,False,0 rings
irbesartan,3749,6.8518248,2.4532115,3749,irbesartan,True,5.0,3.0,2.0,True,4+ rings
lsn-2463359,72551298,6.445627,6.8743787,72551298,lsn-2463359,True,2.0,2.0,0.0,True,2 rings
trofosfamide,9576166,-1.234892,6.353424,9576166,trofosfamide,True,1.0,0.0,1.0,True,1 ring
bephenium-hydroxynaphthoate,19667,9.508079,2.6659734,19667,bephenium-hydroxynaphthoate,True,2.0,2.0,0.0,True,2 rings
remimazolam,9867812,6.6051135,8.144641,9867812,remimazolam,True,4.0,3.0,1.0,True,4+ rings
uprifosbuvir,117885113,9.040228,2.3823943,117885113,uprifosbuvir,True,3.0,2.0,1.0,True,3 rings
seladelpar,11236126,9.95411,1.8882205,11236126,seladelpar,True,2.0,2.0,0.0,True,2 rings
captamine,25799,-0.9793091,6.463158,25799,captamine,True,0.0,0.0,0.0,False,0 rings
rovazolac,89792952,6.1152434,6.7502985,89792952,rovazolac,True,3.0,3.0,0.0,True,3 rings
sam-315,10430623,6.091388,6.4358883,10430623,sam-315,True,5.0,4.0,1.0,True,4+ rings
ly3295668,121333423,6.042279,7.9716744,121333423,ly3295668,True,4.0,3.0,1.0,True,4+ rings
tc-g-1004,25074316,6.1245303,8.001354,25074316,tc-g-1004,True,4.0,3.0,1.0,True,4+ rings
elesclomol,300471,6.709102,2.165941,300471,elesclomol,True,2.0,2.0,0.0,True,2 rings
dacarbazine,135398738,4.8832912,9.150718,135398738,dacarbazine,True,1.0,1.0,0.0,True,1 ring
abx-1431,71657619,6.835466,3.6072016,71657619,abx-1431,True,3.0,1.0,2.0,True,3 rings
serdemetan,11609586,6.116199,6.3931603,11609586,serdemetan,True,4.0,4.0,0.0,True,4+ rings
daprodustat,24831508,-1.466459,6.910299,24831508,daprodustat,True,3.0,1.0,2.0,True,3 rings
ephedrine-(racemic),7028,8.225968,2.0563524,7028,ephedrine-(racemic),True,1.0,1.0,0.0,True,1 ring
l-690330,132449,9.671252,1.7737268,132449,l-690330,True,1.0,1.0,0.0,True,1 ring
bmy-7378,2419,9.049806,3.4125226,2419,bmy-7378,True,4.0,1.0,3.0,True,4+ rings
osilodrostat,44139752,6.6431413,8.22313,44139752,osilodrostat,True,3.0,2.0,1.0,True,3 rings
tolazoline,5504,6.480083,2.1491234,5504,tolazoline,True,2.0,1.0,1.0,True,2 rings
prt4165,207893,6.4822226,6.844548,207893,prt4165,True,3.0,2.0,1.0,True,3 rings
pf-06650833,118414016,8.02777,6.8513293,118414016,pf-06650833,True,3.0,2.0,1.0,True,3 rings
gpp-78,44819697,6.316322,6.629199,44819697,gpp-78,True,4.0,4.0,0.0,True,4+ rings
azd3264,91666658,8.275373,4.282939,91666658,azd3264,True,4.0,3.0,1.0,True,4+ rings
it1t,25147749,-0.8958616,6.5243363,25147749,it1t,True,4.0,0.0,4.0,True,4+ rings
pentacosanoic-acid,10468,-1.8838018,5.962933,10468,pentacosanoic-acid,True,0.0,0.0,0.0,False,0 rings
sulfameter,5326,6.1841407,7.4007435,5326,sulfameter,True,2.0,2.0,0.0,True,2 rings
l-aspartic-acid,5960,-1.5699862,6.9842873,5960,l-aspartic-acid,True,0.0,0.0,0.0,False,0 rings
haloperidol-decanoate,52919,7.975465,1.81823,52919,haloperidol-decanoate,True,3.0,2.0,1.0,True,3 rings
beclabuvir,56934415,7.963376,6.4501386,56934415,beclabuvir,False,,,,,Invalid/missing SMILES
flumecinol,76961845,9.374839,1.4736836,76961845,flumecinol,True,2.0,2.0,0.0,True,2 rings
glpg0187,53340771,8.383998,7.3898253,53340771,glpg0187,True,5.0,3.0,2.0,True,4+ rings
cridanimod,38072,7.4393563,3.34118,38072,cridanimod,True,3.0,3.0,0.0,True,3 rings
sodium-orthovanadate,417214,-1.1296268,6.1234355,417214,sodium-orthovanadate,True,0.0,0.0,0.0,False,0 rings
as-1269574,5332859,5.973489,7.7956715,5332859,as-1269574,True,2.0,2.0,0.0,True,2 rings
diazoxide,3019,6.2758265,3.246357,3019,diazoxide,True,2.0,1.0,1.0,True,2 rings
monensin,441145,-2.0644104,5.8043866,441145,monensin,True,5.0,0.0,5.0,True,4+ rings
nvp-bez235,11977753,6.226094,6.5065937,11977753,nvp-bez235,True,6.0,6.0,0.0,True,4+ rings
amg-487,24957182,8.265119,7.244142,24957182,amg-487,True,5.0,5.0,0.0,True,4+ rings
am-24,11862,9.453365,1.5632745,11862,am-24,True,1.0,1.0,0.0,True,1 ring
pci-24781,11749858,9.501898,3.1943944,11749858,pci-24781,True,3.0,3.0,0.0,True,3 rings
gonadorelin,638793,7.2897787,7.193712,638793,gonadorelin,True,6.0,4.0,2.0,True,4+ rings
chloramine-t,31388,6.743221,1.8989958,31388,chloramine-t,True,1.0,1.0,0.0,True,1 ring
docetaxel,148124,9.836815,3.4539697,148124,docetaxel,True,6.0,2.0,4.0,True,4+ rings
nppb,4549,8.020236,3.3573272,4549,nppb,True,2.0,2.0,0.0,True,2 rings
silibinin,31553,10.76301,1.732278,31553,silibinin,True,5.0,3.0,2.0,True,4+ rings
tc-s-7009,70697712,6.467567,3.8130784,70697712,tc-s-7009,True,3.0,3.0,0.0,True,3 rings
amprolium,2178,6.0038247,7.87685,2178,amprolium,True,2.0,2.0,0.0,True,2 rings
felbamate,3331,7.651072,1.5500394,3331,felbamate,True,1.0,1.0,0.0,True,1 ring
nn-dnj,501640,-2.0677803,6.5373125,501640,nn-dnj,True,1.0,0.0,1.0,True,1 ring
antagonist-g,163960,6.6974883,6.4633045,163960,antagonist-g,True,5.0,5.0,0.0,True,4+ rings
clofibric-acid,2797,9.707262,1.967457,2797,clofibric-acid,True,1.0,1.0,0.0,True,1 ring
rimantadine,7048786,-0.89492595,6.6302133,7048786,rimantadine,True,4.0,0.0,4.0,True,4+ rings
dexamethasone-acetate,236702,-3.6043003,4.913136,236702,dexamethasone-acetate,True,4.0,0.0,4.0,True,4+ rings
carbenicillin,12877824,7.8460426,2.5374565,12877824,carbenicillin,True,3.0,1.0,2.0,True,3 rings
nitroflurbiprofen,67513161,7.625346,1.4069594,67513161,nitroflurbiprofen,True,2.0,2.0,0.0,True,2 rings
azd6482,44137675,7.5758486,3.3696856,44137675,azd6482,True,4.0,3.0,1.0,True,4+ rings
lemborexant,56944144,8.26813,7.3280153,56944144,lemborexant,True,4.0,3.0,1.0,True,4+ rings
rocuronium,441290,-2.7668154,5.0832143,441290,rocuronium,True,6.0,0.0,6.0,True,4+ rings
pim-1-inhibitor-2,2765355,6.86757,7.5222435,2765355,pim-1-inhibitor-2,True,4.0,4.0,0.0,True,4+ rings
bendazac,2313,8.0473795,6.4488993,2313,bendazac,True,3.0,3.0,0.0,True,3 rings
d-7193,6995101,-1.7401208,7.225197,6995101,d-7193,True,0.0,0.0,0.0,False,0 rings
aminosalicylate,4649,8.550642,3.3267727,4649,aminosalicylate,True,1.0,1.0,0.0,True,1 ring
abt-072,57775240,8.981985,3.2603538,57775240,abt-072,True,3.0,3.0,0.0,True,3 rings
y-26763,121878,9.60087,2.5640426,121878,y-26763,True,2.0,1.0,1.0,True,2 rings
6-chloromelatonin,1858,7.9379187,6.4118805,1858,6-chloromelatonin,True,2.0,2.0,0.0,True,2 rings
vu0361737,44191096,8.054086,7.0100946,44191096,vu0361737,True,2.0,2.0,0.0,True,2 rings
pf-04447943,135564558,5.394399,8.823378,135564558,pf-04447943,True,5.0,3.0,2.0,True,4+ rings
butylated-hydroxytoluene,31404,9.493533,1.4840302,31404,butylated-hydroxytoluene,True,1.0,1.0,0.0,True,1 ring
levobunolol,39468,9.464524,2.7140841,39468,levobunolol,True,2.0,1.0,1.0,True,2 rings
sanazole,119163,-1.227143,6.7528157,119163,sanazole,True,1.0,1.0,0.0,True,1 ring
ym-298198-desmethyl,11716890,6.7224755,8.013031,11716890,ym-298198-desmethyl,True,4.0,3.0,1.0,True,4+ rings
nitenpyram,3034287,5.9385667,7.1274853,3034287,nitenpyram,True,1.0,1.0,0.0,True,1 ring
oxiconazole,5353853,7.359735,8.108782,5353853,oxiconazole,True,3.0,3.0,0.0,True,3 rings
cort-108297,44454750,6.0250874,6.787993,44454750,cort-108297,True,5.0,3.0,2.0,True,4+ rings
pp-1,1400,6.034554,8.242589,1400,pp-1,True,3.0,3.0,0.0,True,3 rings
nicaraven,1598447,6.4989734,6.9247394,1598447,nicaraven,True,2.0,2.0,0.0,True,2 rings
chlorphenoxamine,38988830,8.020861,1.8804824,38988830,chlorphenoxamine,True,2.0,2.0,0.0,True,2 rings
lb-100,11923097,-1.9151756,6.541527,11923097,lb-100,True,3.0,0.0,3.0,True,3 rings
bromhexine,2442,6.6900744,3.4044015,2442,bromhexine,True,2.0,1.0,1.0,True,2 rings
baclofen,6923772,7.404684,1.8777047,6923772,baclofen,True,1.0,1.0,0.0,True,1 ring
mtpg,10752093,7.5381594,1.7230023,10752093,mtpg,True,2.0,2.0,0.0,True,2 rings
azd7594,67041274,8.382891,6.715593,67041274,azd7594,True,6.0,4.0,2.0,True,4+ rings
coenzyme-q10,5281915,-2.201638,6.04583,5281915,coenzyme-q10,True,1.0,0.0,1.0,True,1 ring
iowh032,135565181,9.53647,3.0019114,135565181,iowh032,True,4.0,4.0,0.0,True,4+ rings
actinomycin-d,78357827,9.455997,3.8766985,78357827,actinomycin-d,True,7.0,1.0,6.0,True,4+ rings
isobutamben,7176,8.204195,3.4772277,7176,isobutamben,True,1.0,1.0,0.0,True,1 ring
triamterene,5546,6.0274334,7.868323,5546,triamterene,True,3.0,3.0,0.0,True,3 rings
miconazole,1150344,7.56184,8.034188,1150344,miconazole,True,3.0,3.0,0.0,True,3 rings
idf-11774,71542096,9.605188,2.5943484,71542096,idf-11774,True,6.0,1.0,5.0,True,4+ rings
ru-24969,108029,7.9747443,6.469328,108029,ru-24969,True,3.0,2.0,1.0,True,3 rings
nb-001,2815031,5.3547273,9.135893,2815031,nb-001,True,2.0,2.0,0.0,True,2 rings
azaperone,15443,6.5164175,7.510543,15443,azaperone,True,3.0,2.0,1.0,True,3 rings
tws-119,9549289,8.388111,7.574485,9549289,tws-119,True,4.0,4.0,0.0,True,4+ rings
ssr240612,9853583,9.986474,3.0294678,9853583,ssr240612,True,6.0,4.0,2.0,True,4+ rings
enbucrilate,23087,-1.8016065,6.1145935,23087,enbucrilate,True,0.0,0.0,0.0,False,0 rings
thiamine,1130,5.427086,8.710406,1130,thiamine,True,2.0,2.0,0.0,True,2 rings
guancydine,14211,-0.98896074,6.4958134,14211,guancydine,True,0.0,0.0,0.0,False,0 rings
presatovir,58029842,6.4484234,8.002802,58029842,presatovir,True,5.0,3.0,2.0,True,4+ rings
sumanirole,9818479,6.923761,3.6680992,9818479,sumanirole,True,3.0,2.0,1.0,True,3 rings
vtp-27999,16126898,8.046136,1.93961,16126898,vtp-27999,True,3.0,1.0,2.0,True,3 rings
dihydroxyacetone,670,-1.444835,6.000066,670,dihydroxyacetone,True,0.0,0.0,0.0,False,0 rings
temanogrel,11604525,8.235026,6.67637,11604525,temanogrel,True,4.0,3.0,1.0,True,4+ rings
algestone-acetophenide,5284538,-3.7384694,5.0820665,5284538,algestone-acetophenide,True,6.0,1.0,5.0,True,4+ rings
pivagabine,68888,-1.7042565,6.940294,68888,pivagabine,True,0.0,0.0,0.0,False,0 rings
methiopril,667560,-1.7696147,7.132569,667560,methiopril,True,1.0,0.0,1.0,True,1 ring
cgk-733,92509770,7.141172,3.5181441,92509770,cgk-733,True,3.0,3.0,0.0,True,3 rings
sapropterin,135398654,-2.2221112,7.403403,135398654,sapropterin,True,2.0,1.0,1.0,True,2 rings
methyl-salicylate,4133,10.217111,2.035857,4133,methyl-salicylate,True,1.0,1.0,0.0,True,1 ring
bw-616u,11722381,7.0119295,2.5076246,11722381,bw-616u,True,3.0,2.0,1.0,True,3 rings
dichlorisone-acetate,5388959,-3.4386332,4.8407154,5388959,dichlorisone-acetate,True,4.0,0.0,4.0,True,4+ rings
monobenzone,7638,9.822042,1.8239504,7638,monobenzone,True,2.0,2.0,0.0,True,2 rings
lacitol,157355,-1.6484773,5.4655495,157355,lacitol,True,1.0,0.0,1.0,True,1 ring
tuaminoheptane,6992808,-1.0123312,6.5754414,6992808,tuaminoheptane,True,0.0,0.0,0.0,False,0 rings
secoisolariciresinol-(-),65373,9.974459,1.78887,65373,secoisolariciresinol-(-),True,2.0,2.0,0.0,True,2 rings
ritonavir,392622,6.7044854,7.048482,392622,ritonavir,True,4.0,4.0,0.0,True,4+ rings
ochromycinone,11808929,10.28079,1.6486671,11808929,ochromycinone,True,4.0,2.0,2.0,True,4+ rings
methyclothiazide,12309469,6.24827,3.1732655,12309469,methyclothiazide,True,2.0,1.0,1.0,True,2 rings
phenethyl-isothiocyanate,16741,6.6240506,2.0404358,16741,phenethyl-isothiocyanate,True,1.0,1.0,0.0,True,1 ring
"isoquinoline,-6,7-dimethoxy-1-methyl-1,2,3,4-tetrahydro,",164752,9.979653,2.9034424,164752,"isoquinoline,-6,7-dimethoxy-1-methyl-1,2,3,4-tetrahydro,",True,2.0,1.0,1.0,True,2 rings
sipatrigine,60803,5.996159,7.7258744,60803,sipatrigine,True,3.0,2.0,1.0,True,3 rings
aptiganel,60840,6.6466546,3.6508489,60840,aptiganel,True,3.0,3.0,0.0,True,3 rings
ndd-094,10313324,6.421162,8.22259,10313324,ndd-094,True,2.0,2.0,0.0,True,2 rings
crizotinib-(s),56671814,8.263452,7.5445924,56671814,crizotinib-(s),True,4.0,3.0,1.0,True,4+ rings
pd-123319,5311345,6.8075337,7.9361987,5311345,pd-123319,True,5.0,4.0,1.0,True,4+ rings
tesaglitazar,208901,10.090316,1.9746155,208901,tesaglitazar,True,2.0,2.0,0.0,True,2 rings
2-chloro-n6-cyclopentyladenosine,123807,5.403711,9.267457,123807,2-chloro-n6-cyclopentyladenosine,True,4.0,2.0,2.0,True,4+ rings
adl5859,11417954,9.5187025,3.0380538,11417954,adl5859,True,4.0,2.0,2.0,True,4+ rings
nsc-405020,879610,6.9831486,2.5558078,879610,nsc-405020,True,1.0,1.0,0.0,True,1 ring
daptomycin,21585658,6.7818584,6.335927,21585658,daptomycin,True,4.0,3.0,1.0,True,4+ rings
nicodicosapent,50991753,6.4701076,6.897505,50991753,nicodicosapent,True,1.0,1.0,0.0,True,1 ring
1-azakenpaullone,6538897,6.484325,6.2994285,6538897,1-azakenpaullone,True,4.0,3.0,1.0,True,4+ rings
7-aminocephalosporanic-acid,7058093,-1.7819599,7.3108935,7058093,7-aminocephalosporanic-acid,True,2.0,0.0,2.0,True,2 rings
ch-170,139570,4.8603883,9.228143,139570,ch-170,True,3.0,3.0,0.0,True,3 rings
pik-294,24905149,7.6842055,7.6897078,24905149,pik-294,True,6.0,6.0,0.0,True,4+ rings
carglumic-acid,121396,-1.7993444,7.0957975,121396,carglumic-acid,True,0.0,0.0,0.0,False,0 rings
crolibulin,23649181,9.848355,2.7824237,23649181,crolibulin,True,3.0,2.0,1.0,True,3 rings
biotin,171548,-1.7387117,7.1617217,171548,biotin,True,2.0,0.0,2.0,True,2 rings
tetrahydropapaverine,688594,10.009017,2.9500635,688594,tetrahydropapaverine,True,3.0,2.0,1.0,True,3 rings
ro-5263397,56835991,7.2820444,1.9079937,56835991,ro-5263397,True,2.0,1.0,1.0,True,2 rings
procodazole,65708,6.7661276,8.473526,65708,procodazole,True,2.0,2.0,0.0,True,2 rings
piroximone,55263,6.439364,6.857015,55263,piroximone,True,2.0,2.0,0.0,True,2 rings
creatinine,588,-1.2055455,6.6837087,588,creatinine,True,1.0,0.0,1.0,True,1 ring
piperazine,4837,-1.0538094,6.5625606,4837,piperazine,True,1.0,0.0,1.0,True,1 ring
clanfenur,68684,7.1405396,3.4248538,68684,clanfenur,True,2.0,2.0,0.0,True,2 rings
pd-156707,9871594,10.707564,1.775235,9871594,pd-156707,True,4.0,3.0,1.0,True,4+ rings
sorbic-acid,643460,-1.7999258,6.1455855,643460,sorbic-acid,True,0.0,0.0,0.0,False,0 rings
fleroxacin,40466912,9.571731,4.5356603,40466912,fleroxacin,True,3.0,2.0,1.0,True,3 rings
streptomycin,19649,-2.658283,6.768641,19649,streptomycin,True,3.0,0.0,3.0,True,3 rings
neuropathiazol,11667240,7.0093613,7.2782626,11667240,neuropathiazol,True,3.0,3.0,0.0,True,3 rings
thioctic-acid,445125,-1.7993797,5.9826946,445125,thioctic-acid,True,1.0,0.0,1.0,True,1 ring
iopamidol,65492,7.901858,3.2899375,65492,iopamidol,True,1.0,1.0,0.0,True,1 ring
cyclizine,6726,6.635241,2.1616008,6726,cyclizine,True,3.0,2.0,1.0,True,3 rings
chlormezanone,6604211,6.9137096,2.338526,6604211,chlormezanone,True,2.0,1.0,1.0,True,2 rings
co-102862,9816959,9.631984,2.406997,9816959,co-102862,True,2.0,2.0,0.0,True,2 rings
ethionamide,2761171,5.9010925,7.018897,2761171,ethionamide,True,1.0,1.0,0.0,True,1 ring
netupitant,6451149,6.464988,7.6055546,6451149,netupitant,True,4.0,3.0,1.0,True,4+ rings
cefoperazone,44187,8.055214,2.5397234,44187,cefoperazone,True,5.0,2.0,3.0,True,4+ rings
taltobulin,6918637,7.360622,2.3222227,6918637,taltobulin,True,1.0,1.0,0.0,True,1 ring
cenerimod,49871973,8.266885,7.031439,49871973,cenerimod,True,4.0,3.0,1.0,True,4+ rings
pd-160170,9820766,5.97179,6.722482,9820766,pd-160170,True,3.0,3.0,0.0,True,3 rings
diosmetin,5281612,10.7141695,1.8283259,5281612,diosmetin,True,3.0,3.0,0.0,True,3 rings
terameprocol,476861,9.991523,1.9695548,476861,terameprocol,True,2.0,2.0,0.0,True,2 rings
secnidazole,667451,4.556764,8.826365,667451,secnidazole,True,1.0,1.0,0.0,True,1 ring
docebenone,1967,-2.2022495,6.047624,1967,docebenone,True,1.0,0.0,1.0,True,1 ring
azd7762,11152667,7.0953274,3.2940848,11152667,azd7762,True,3.0,2.0,1.0,True,3 rings
protriptyline,4976,6.5789924,2.0618463,4976,protriptyline,True,3.0,2.0,1.0,True,3 rings
pfk-158,71730058,6.418981,6.737968,71730058,pfk-158,True,3.0,3.0,0.0,True,3 rings
pf-429242,23661637,9.450769,3.11694,23661637,pf-429242,True,3.0,2.0,1.0,True,3 rings
deazaguanine,55710,4.883962,9.172631,55710,deazaguanine,True,2.0,2.0,0.0,True,2 rings
bay-1895344,118869362,6.0542665,8.258275,118869362,bay-1895344,True,5.0,4.0,1.0,True,4+ rings
2-deoxyglucose,9062,-1.6255296,5.4892716,9062,2-deoxyglucose,True,1.0,0.0,1.0,True,1 ring
liquiritin,503737,10.903944,1.714597,503737,liquiritin,True,4.0,2.0,2.0,True,4+ rings
spiradoline,55652,6.891083,2.4213164,55652,spiradoline,True,4.0,1.0,3.0,True,4+ rings
desoximetasone,5311067,-3.516595,4.907475,5311067,desoximetasone,True,4.0,0.0,4.0,True,4+ rings
gamma-linolenic-acid,5280933,-2.2541742,6.099677,5280933,gamma-linolenic-acid,True,0.0,0.0,0.0,False,0 rings
atenolol-(-),175540,9.503685,2.6281266,175540,atenolol-(-),True,1.0,1.0,0.0,True,1 ring
trifluridine,6256,-2.4360075,7.9289627,6256,trifluridine,True,2.0,1.0,1.0,True,2 rings
ro-48-6791,9953485,6.7502775,7.8804693,9953485,ro-48-6791,True,4.0,3.0,1.0,True,4+ rings
actinoquinol,23674,7.7363358,6.662238,23674,actinoquinol,True,2.0,2.0,0.0,True,2 rings
idebenone,3686,-2.278242,6.0685925,3686,idebenone,True,1.0,0.0,1.0,True,1 ring
"trans-4-[8-(3-fluorophenyl)-1,7-naphthyridin-6-yl]cyclohexanecarboxylic-acid",9924539,6.499667,6.6493096,9924539,"trans-4-[8-(3-fluorophenyl)-1,7-naphthyridin-6-yl]cyclohexanecarboxylic-acid",True,4.0,3.0,1.0,True,4+ rings
paclitaxel,36314,9.796532,3.4285443,36314,paclitaxel,True,7.0,3.0,4.0,True,4+ rings
vatalanib,151194,5.97048,7.576506,151194,vatalanib,True,4.0,4.0,0.0,True,4+ rings
ro-48-8071,1949,9.796252,2.5949616,1949,ro-48-8071,True,2.0,2.0,0.0,True,2 rings
levamlodipine,9822750,7.560786,1.2746307,9822750,levamlodipine,True,2.0,1.0,1.0,True,2 rings
myricitrin,5281673,10.9248905,1.6644928,5281673,myricitrin,True,4.0,3.0,1.0,True,4+ rings
regorafenib,11167602,8.250835,7.086711,11167602,regorafenib,True,3.0,3.0,0.0,True,3 rings
tepoxalin,59757,8.011475,6.47595,59757,tepoxalin,True,3.0,3.0,0.0,True,3 rings
ceritinib,57379345,8.316097,7.5609746,57379345,ceritinib,True,4.0,3.0,1.0,True,4+ rings
retagliptin,44193830,6.822983,8.023584,44193830,retagliptin,True,3.0,2.0,1.0,True,3 rings
ro-25-6981,6604887,8.810833,2.0823395,6604887,ro-25-6981,True,3.0,2.0,1.0,True,3 rings
sb-705498,9910486,6.200515,7.7048535,9910486,sb-705498,True,3.0,2.0,1.0,True,3 rings
trovirdine,3000870,5.9248405,7.4708285,3000870,trovirdine,True,2.0,2.0,0.0,True,2 rings
amtolmetin-guacil,65655,7.960989,6.6001773,65655,amtolmetin-guacil,True,3.0,3.0,0.0,True,3 rings
tcid,2729042,7.112162,1.6202135,2729042,tcid,True,2.0,1.0,1.0,True,2 rings
daa-1106,10430788,9.118364,3.2862616,10430788,daa-1106,True,3.0,3.0,0.0,True,3 rings
dydrogesterone,9051,-3.1798444,4.7625155,9051,dydrogesterone,True,4.0,0.0,4.0,True,4+ rings
pirlindole,667444,6.145766,6.365584,667444,pirlindole,True,4.0,2.0,2.0,True,4+ rings
mdl-27531,164013,6.5800443,2.3197594,164013,mdl-27531,True,2.0,2.0,0.0,True,2 rings
nsc-319726,5351307,5.8107038,7.1030636,5351307,nsc-319726,True,2.0,1.0,1.0,True,2 rings
sb-505124,9858940,8.073897,7.583602,9858940,sb-505124,True,4.0,3.0,1.0,True,4+ rings
ecabapide,65885,9.2085495,3.550375,65885,ecabapide,True,2.0,2.0,0.0,True,2 rings
nh125,10436840,6.913861,8.208567,10436840,nh125,True,2.0,2.0,0.0,True,2 rings
vigabatrin,40466946,-1.662038,7.024129,40466946,vigabatrin,True,0.0,0.0,0.0,False,0 rings
alpha-methylhistamine-dihydrobromide-(r)-(-),156615,4.9183846,8.850079,156615,alpha-methylhistamine-dihydrobromide-(r)-(-),True,1.0,1.0,0.0,True,1 ring
isotretinoin,5282379,-2.2756932,6.023163,5282379,isotretinoin,True,1.0,0.0,1.0,True,1 ring
pinacidil,12428581,5.9238687,7.213892,12428581,pinacidil,True,1.0,1.0,0.0,True,1 ring
r-268712,11703284,6.0143304,6.835114,11703284,r-268712,True,4.0,4.0,0.0,True,4+ rings
anagliptin,44513473,5.820623,8.428608,44513473,anagliptin,True,3.0,2.0,1.0,True,3 rings
3'-fluorobenzylspiperone,3248000,7.1902127,3.5239327,3248000,3'-fluorobenzylspiperone,True,5.0,3.0,2.0,True,4+ rings
benzocaine,2337,8.232592,3.4492111,2337,benzocaine,True,1.0,1.0,0.0,True,1 ring
alizapride,25323018,9.128119,3.8564355,25323018,alizapride,True,3.0,2.0,1.0,True,3 rings
halofuginone,456390,7.4088783,3.2859259,456390,halofuginone,True,3.0,2.0,1.0,True,3 rings
afloqualone,2040,7.3876734,3.390176,2040,afloqualone,True,3.0,3.0,0.0,True,3 rings
hydrocortisone-acetate,5744,-3.561805,5.015389,5744,hydrocortisone-acetate,True,4.0,0.0,4.0,True,4+ rings
gamma-aminobutyric-acid,6992099,-1.5786432,6.943463,6992099,gamma-aminobutyric-acid,True,0.0,0.0,0.0,False,0 rings
anacetrapib,11556427,9.5323,2.6445684,11556427,anacetrapib,True,4.0,3.0,1.0,True,4+ rings
apronal,76961142,-1.5258168,6.65269,76961142,apronal,True,0.0,0.0,0.0,False,0 rings
uridine-triacetate,20058,-2.4636235,7.9563527,20058,uridine-triacetate,True,2.0,1.0,1.0,True,2 rings
azacyclonol,15723,8.070318,1.9453819,15723,azacyclonol,True,3.0,2.0,1.0,True,3 rings
og-l002,56639570,9.077108,1.8202618,56639570,og-l002,True,3.0,2.0,1.0,True,3 rings
ddr1-in-1,72836888,9.246948,3.5525844,72836888,ddr1-in-1,True,5.0,3.0,2.0,True,4+ rings
nilutamide,4493,6.914788,3.653816,4493,nilutamide,True,2.0,1.0,1.0,True,2 rings
talopram,76958671,8.019533,1.8878317,76958671,talopram,True,3.0,2.0,1.0,True,3 rings
urethane,5641,-1.2879845,6.4001665,5641,urethane,True,0.0,0.0,0.0,False,0 rings
gsk2193874,53464483,6.5387907,6.3896303,53464483,gsk2193874,True,7.0,4.0,3.0,True,4+ rings
psi-697,12004316,7.1220036,6.458399,12004316,psi-697,True,4.0,3.0,1.0,True,4+ rings
oligomycin-a,133268482,-2.7701566,6.1508427,133268482,oligomycin-a,True,3.0,0.0,3.0,True,3 rings
incb-003284,11527661,8.029522,6.8160253,11527661,incb-003284,True,4.0,2.0,2.0,True,4+ rings
limki-3,56965901,6.5565553,7.5641427,56965901,limki-3,True,3.0,3.0,0.0,True,3 rings
trimetazidine,21109,9.988116,2.8993912,21109,trimetazidine,True,2.0,1.0,1.0,True,2 rings
enocitabine,71734,-2.5976405,8.079021,71734,enocitabine,True,2.0,1.0,1.0,True,2 rings
a-582941,44190553,5.939619,7.587554,44190553,a-582941,True,4.0,2.0,2.0,True,4+ rings
edasalonexent,44626120,9.022155,2.799603,44626120,edasalonexent,True,1.0,1.0,0.0,True,1 ring
zibotentan,9910224,6.9347334,7.247938,9910224,zibotentan,True,4.0,4.0,0.0,True,4+ rings
kn-62,5312126,7.065759,6.7946434,5312126,kn-62,True,7.0,6.0,1.0,True,4+ rings
palovarotene,10295295,6.9301424,6.4486556,10295295,palovarotene,True,4.0,3.0,1.0,True,4+ rings
bisindolylmaleimide-ix,5083,6.5410185,6.347182,5083,bisindolylmaleimide-ix,True,5.0,4.0,1.0,True,4+ rings
sb-649868,25195495,7.937324,6.7371936,25195495,sb-649868,True,5.0,4.0,1.0,True,4+ rings
temocapril,443874,7.6286545,2.3968148,443874,temocapril,True,3.0,2.0,1.0,True,3 rings
acemetacin,1981,7.9531636,6.3381367,1981,acemetacin,True,3.0,3.0,0.0,True,3 rings
nnc-55-0396,9957280,6.721134,8.441523,9957280,nnc-55-0396,True,5.0,3.0,2.0,True,4+ rings
pf-05089771,46840946,8.272643,7.4424086,46840946,pf-05089771,True,4.0,4.0,0.0,True,4+ rings
btk-in-1,68064155,6.3400464,8.233829,68064155,btk-in-1,True,4.0,3.0,1.0,True,4+ rings
acyclovir,135398513,4.911437,9.283201,135398513,acyclovir,True,2.0,2.0,0.0,True,2 rings
sulfacetamide,5320,6.52252,3.2441633,5320,sulfacetamide,True,1.0,1.0,0.0,True,1 ring
blu9931,72710839,8.506561,7.3789616,72710839,blu9931,True,4.0,4.0,0.0,True,4+ rings
repaglinide,65981,9.1828,3.6276703,65981,repaglinide,True,3.0,2.0,1.0,True,3 rings
sy-640,9837165,10.008669,2.871321,9837165,sy-640,True,2.0,1.0,1.0,True,2 rings
ast-1306,24739943,8.678424,7.275457,24739943,ast-1306,True,4.0,4.0,0.0,True,4+ rings
etofylline,1892,4.8924627,9.249344,1892,etofylline,True,2.0,2.0,0.0,True,2 rings
ml281,53377448,7.132621,3.316395,53377448,ml281,True,4.0,4.0,0.0,True,4+ rings
caramiphen,6472,7.749433,1.5612842,6472,caramiphen,True,2.0,1.0,1.0,True,2 rings
g007-lk,67960134,6.6814,7.7812805,67960134,g007-lk,True,5.0,5.0,0.0,True,4+ rings
t-0901317,447912,8.418196,2.887948,447912,t-0901317,True,2.0,2.0,0.0,True,2 rings
l-valine,71563,-1.6262873,7.0063996,71563,l-valine,True,0.0,0.0,0.0,False,0 rings
heptaminol,7033975,-1.6227789,6.539317,7033975,heptaminol,True,0.0,0.0,0.0,False,0 rings
adaprev,439284,-1.6280419,5.4369845,439284,adaprev,True,1.0,0.0,1.0,True,1 ring
chloroxylenol,2723,9.451443,1.4883327,2723,chloroxylenol,True,1.0,1.0,0.0,True,1 ring
dhbp,80263,5.9439125,6.9835577,80263,dhbp,True,2.0,2.0,0.0,True,2 rings
3-hydroxy-3-phenylpentanamide,101592120,7.8631854,1.6987522,101592120,3-hydroxy-3-phenylpentanamide,True,1.0,1.0,0.0,True,1 ring
fosinopril,6708482,7.512159,2.2649038,6708482,fosinopril,True,3.0,1.0,2.0,True,3 rings
rp-001,58344861,9.632729,3.1770124,58344861,rp-001,True,4.0,3.0,1.0,True,4+ rings
menbutone,71818,10.315693,1.9585322,71818,menbutone,True,2.0,2.0,0.0,True,2 rings
tak-715,9952773,6.630542,7.4641595,9952773,tak-715,True,4.0,4.0,0.0,True,4+ rings
cp-547632,9811611,9.464654,2.871291,9811611,cp-547632,True,3.0,2.0,1.0,True,3 rings
ngp555,46853593,6.6023283,7.696426,46853593,ngp555,True,4.0,4.0,0.0,True,4+ rings
diclazuril,25273624,6.725172,3.625066,25273624,diclazuril,True,3.0,3.0,0.0,True,3 rings
a-839977,53325875,8.309958,7.4863267,53325875,a-839977,True,4.0,4.0,0.0,True,4+ rings
psn-375963,2875918,6.5261803,7.5047407,2875918,psn-375963,True,3.0,2.0,1.0,True,3 rings
ku-60019,15953870,7.5684195,3.2824976,15953870,ku-60019,True,6.0,3.0,3.0,True,4+ rings
benzyldimethylhexadecylammonium,31203,6.579917,2.103375,31203,benzyldimethylhexadecylammonium,True,1.0,1.0,0.0,True,1 ring
cypermethrin,12617361,9.900907,2.0937462,12617361,cypermethrin,True,3.0,2.0,1.0,True,3 rings
sj-172550,1317464,9.015193,3.589747,1317464,sj-172550,True,3.0,2.0,1.0,True,3 rings
hydroxystilbamidine,5284571,9.3328,1.6790866,5284571,hydroxystilbamidine,True,2.0,2.0,0.0,True,2 rings
ufenamate,5632,8.027734,3.4325244,5632,ufenamate,True,2.0,2.0,0.0,True,2 rings
priralfinamide,5745207,9.454778,2.842407,5745207,priralfinamide,True,2.0,2.0,0.0,True,2 rings
nitroxoline,19910,7.5116777,6.51802,19910,nitroxoline,True,2.0,2.0,0.0,True,2 rings
wz4003,72200024,8.510627,7.5601535,72200024,wz4003,True,4.0,3.0,1.0,True,4+ rings
neostigmine,4456,8.897955,3.3026805,4456,neostigmine,True,1.0,1.0,0.0,True,1 ring
rimegepant,51049968,7.444843,7.288197,51049968,rimegepant,True,6.0,4.0,2.0,True,4+ rings
5-iodo-a-85380,6604876,7.66081,6.8068366,6604876,5-iodo-a-85380,True,2.0,1.0,1.0,True,2 rings
du-728,107775,-1.9371253,6.997584,107775,du-728,True,0.0,0.0,0.0,False,0 rings
d-(+)-maltose,6255,-1.6590617,5.470246,6255,d-(+)-maltose,True,2.0,0.0,2.0,True,2 rings
sulopenem,9950244,-1.8113184,7.298036,9950244,sulopenem,True,3.0,0.0,3.0,True,3 rings
am679,44627267,8.233974,7.464983,44627267,am679,True,6.0,5.0,1.0,True,4+ rings
ibuprofen-(s),39912,7.629289,1.4708998,39912,ibuprofen-(s),True,1.0,1.0,0.0,True,1 ring
tp-003,10001434,6.524146,8.27979,10001434,tp-003,True,4.0,4.0,0.0,True,4+ rings
fludarabine-phosphate,30751,5.3858967,9.237735,30751,fludarabine-phosphate,True,3.0,2.0,1.0,True,3 rings
trimethylolpropane-triacrylate,27423,-1.7826487,6.0521317,27423,trimethylolpropane-triacrylate,True,0.0,0.0,0.0,False,0 rings
isocarboxazid,3759,7.9770613,4.299509,3759,isocarboxazid,True,2.0,2.0,0.0,True,2 rings
teprenone,5282199,-2.1533473,6.0917997,5282199,teprenone,True,0.0,0.0,0.0,False,0 rings
marbofloxacin,60651,9.479377,4.165712,60651,marbofloxacin,True,4.0,2.0,2.0,True,4+ rings
alvespimycin,59996481,-2.09133,6.8773513,59996481,alvespimycin,True,2.0,0.0,2.0,True,2 rings
ici-89406,92211532,9.036423,3.334194,92211532,ici-89406,True,2.0,2.0,0.0,True,2 rings
cabotegravir,54713659,7.279528,2.3388438,54713659,cabotegravir,True,4.0,2.0,2.0,True,4+ rings
safranal,61041,-2.197717,6.0299063,61041,safranal,True,1.0,0.0,1.0,True,1 ring
zofenopril-calcium,92400,7.495879,2.3204854,92400,zofenopril-calcium,True,3.0,2.0,1.0,True,3 rings
sb-747651a,11393719,6.343154,8.340906,11393719,sb-747651a,True,4.0,3.0,1.0,True,4+ rings
am-251,2125,6.3822327,6.4600067,2125,am-251,True,4.0,3.0,1.0,True,4+ rings
semustine,124202178,-1.076443,6.641765,124202178,semustine,True,1.0,0.0,1.0,True,1 ring
fesoterodine,6918558,9.698152,2.5534608,6918558,fesoterodine,True,2.0,2.0,0.0,True,2 rings
oxyfedrine,5489013,9.387177,2.6729426,5489013,oxyfedrine,True,2.0,2.0,0.0,True,2 rings
amperozide,73333,6.740878,2.207745,73333,amperozide,True,3.0,2.0,1.0,True,3 rings
meglitinide,41214,9.440374,3.0882983,41214,meglitinide,True,2.0,2.0,0.0,True,2 rings
fipexide,3351,9.922581,2.861186,3351,fipexide,True,4.0,2.0,2.0,True,4+ rings
homidium,3624,6.019036,6.489235,3624,homidium,True,4.0,4.0,0.0,True,4+ rings
anthralin,2202,10.246726,1.6039952,2202,anthralin,True,3.0,2.0,1.0,True,3 rings
cx-5461,25257557,6.5481367,7.563611,25257557,cx-5461,True,6.0,5.0,1.0,True,4+ rings
etofenamate,35375,8.06365,3.3969681,35375,etofenamate,True,2.0,2.0,0.0,True,2 rings
olvanil,5311093,9.87276,2.8738415,5311093,olvanil,True,1.0,1.0,0.0,True,1 ring
pf-04418948,25114442,9.558047,3.0171008,25114442,pf-04418948,True,4.0,3.0,1.0,True,4+ rings
benzylpenicillin,5904,7.769412,2.51825,5904,benzylpenicillin,True,3.0,1.0,2.0,True,3 rings
npc-15199,1549477,7.519429,2.2093248,1549477,npc-15199,True,3.0,2.0,1.0,True,3 rings
lappaconite,90479327,8.166781,3.4089944,90479327,lappaconite,True,7.0,1.0,6.0,True,4+ rings
daunorubicin,30323,9.972675,3.4714582,30323,daunorubicin,True,5.0,2.0,3.0,True,4+ rings
ifenprodil,6604117,8.837401,2.0764925,6604117,ifenprodil,True,3.0,2.0,1.0,True,3 rings
eletriptan,77993,6.1356554,6.35513,77993,eletriptan,True,4.0,3.0,1.0,True,4+ rings
bix-01294,25150857,8.799997,7.333892,25150857,bix-01294,True,5.0,3.0,2.0,True,4+ rings
leonurine,161464,10.25517,2.013133,161464,leonurine,True,1.0,1.0,0.0,True,1 ring
roscovitine,160355,6.3439193,8.616971,160355,roscovitine,True,3.0,3.0,0.0,True,3 rings
asp-2535,9800113,6.1080165,8.368079,9800113,asp-2535,True,5.0,5.0,0.0,True,4+ rings
cgp-12177,76962943,8.971045,3.3050916,76962943,cgp-12177,True,2.0,2.0,0.0,True,2 rings
cym-50769,50904505,9.606554,2.5800571,50904505,cym-50769,True,5.0,4.0,1.0,True,4+ rings
dabrafenib,44462760,6.502242,7.6246634,44462760,dabrafenib,True,4.0,4.0,0.0,True,4+ rings
cefotaxime,5742673,4.753311,7.7387385,5742673,cefotaxime,True,3.0,1.0,2.0,True,3 rings
geniposidic-acid,443354,-2.743099,6.1290436,443354,geniposidic-acid,True,3.0,0.0,3.0,True,3 rings
sklb1002,71461003,8.799616,7.3220534,71461003,sklb1002,True,3.0,3.0,0.0,True,3 rings
tc-o-9311,3376937,9.087747,3.499494,3376937,tc-o-9311,True,3.0,3.0,0.0,True,3 rings
gatifloxacin,6971135,9.510974,4.2691946,6971135,gatifloxacin,True,4.0,2.0,2.0,True,4+ rings
yc-1,5712,8.028517,6.3980465,5712,yc-1,True,4.0,4.0,0.0,True,4+ rings
lobeline,101616,7.932786,1.8031216,101616,lobeline,True,3.0,2.0,1.0,True,3 rings
oglufanide,100094,6.7165437,6.2739887,100094,oglufanide,True,2.0,2.0,0.0,True,2 rings
perfluorodecalin,9386,-1.2243102,6.025532,9386,perfluorodecalin,True,2.0,0.0,2.0,True,2 rings
ulipristal,130904,7.549647,3.3647156,130904,ulipristal,True,5.0,1.0,4.0,True,4+ rings
a-939572,24905400,9.125509,3.6568975,24905400,a-939572,True,3.0,2.0,1.0,True,3 rings
bronopol,2450,-1.3916686,6.1588583,2450,bronopol,True,0.0,0.0,0.0,False,0 rings
lh846,851474,6.7156234,7.314997,851474,lh846,True,3.0,3.0,0.0,True,3 rings
cgp-13501,3519541,9.52898,1.4522103,3519541,cgp-13501,True,1.0,1.0,0.0,True,1 ring
kb-src-4,73349077,6.0351763,8.335048,73349077,kb-src-4,True,7.0,7.0,0.0,True,4+ rings
tandutinib,3038522,8.795746,7.3250413,3038522,tandutinib,True,5.0,3.0,2.0,True,4+ rings
pruvanserin,6433122,6.5506935,6.311402,6433122,pruvanserin,True,4.0,3.0,1.0,True,4+ rings
gestrinone,27812,-3.1759756,4.732485,27812,gestrinone,True,4.0,0.0,4.0,True,4+ rings
cathepsin-inhibitor-1,44224135,6.4075627,6.442581,44224135,cathepsin-inhibitor-1,True,2.0,2.0,0.0,True,2 rings
bevirimat-dimeglumine,457928,-2.8881052,5.090334,457928,bevirimat-dimeglumine,True,5.0,0.0,5.0,True,4+ rings
o-mercapto-benzoic-acid,5443,7.830064,1.4361722,5443,o-mercapto-benzoic-acid,True,1.0,1.0,0.0,True,1 ring
bifendate,108213,10.675219,1.8056921,108213,bifendate,True,4.0,2.0,2.0,True,4+ rings
az3146,56973724,8.415598,7.5147653,56973724,az3146,True,5.0,3.0,2.0,True,4+ rings
devazepide,443375,6.5148897,6.310751,443375,devazepide,True,5.0,4.0,1.0,True,4+ rings
mebendazole,4030,6.8114963,8.3216095,4030,mebendazole,True,3.0,3.0,0.0,True,3 rings
chloramphenicol-palmitate,443382,7.9053097,2.7263038,443382,chloramphenicol-palmitate,True,1.0,1.0,0.0,True,1 ring
ondansetron,667538,6.8192782,7.920605,667538,ondansetron,True,4.0,3.0,1.0,True,4+ rings
asciminib,72165228,8.2914715,7.322994,72165228,asciminib,True,4.0,3.0,1.0,True,4+ rings
basimglurant,11438771,6.5754676,8.185096,11438771,basimglurant,True,3.0,3.0,0.0,True,3 rings
adenosine,60961,5.4019504,9.248245,60961,adenosine,True,3.0,2.0,1.0,True,3 rings
perflubron,9873,-1.2040267,6.043384,9873,perflubron,True,0.0,0.0,0.0,False,0 rings
ami-1,67254,8.739027,3.212104,67254,ami-1,True,4.0,4.0,0.0,True,4+ rings
mebhydrolin,22530,6.1991277,6.391675,22530,mebhydrolin,True,4.0,3.0,1.0,True,4+ rings
apatinib,11315474,6.461541,7.540183,11315474,apatinib,True,4.0,3.0,1.0,True,4+ rings
letrazuril,76959723,6.7881966,3.6927972,76959723,letrazuril,True,3.0,3.0,0.0,True,3 rings
olmutinib,54758501,8.018774,7.58159,54758501,olmutinib,True,5.0,4.0,1.0,True,4+ rings
gramicidin,45479317,6.4325657,6.201973,45479317,gramicidin,True,8.0,8.0,0.0,True,4+ rings
tyrphostin-ag-825,6091659,7.7083125,7.2406945,6091659,tyrphostin-ag-825,True,3.0,3.0,0.0,True,3 rings
fananserin,60785,6.6385756,3.4137166,60785,fananserin,True,5.0,3.0,2.0,True,4+ rings
ibrutinib,24821094,8.289728,7.604906,24821094,ibrutinib,True,5.0,4.0,1.0,True,4+ rings
cilostazol,2754,9.026511,3.7751036,2754,cilostazol,True,4.0,2.0,2.0,True,4+ rings
teroxirone,11197252,-1.3533907,6.561892,11197252,teroxirone,True,4.0,1.0,3.0,True,4+ rings
cyclandelate,41097974,7.8515034,1.4907335,41097974,cyclandelate,True,2.0,1.0,1.0,True,2 rings
pranlukast,4887,9.103447,3.604244,4887,pranlukast,True,5.0,5.0,0.0,True,4+ rings
k-ras(g12c)-inhibitor-12,73555129,8.689373,3.272132,73555129,k-ras(g12c)-inhibitor-12,True,2.0,1.0,1.0,True,2 rings
c646,2871948,9.0532255,3.567504,2871948,c646,True,4.0,3.0,1.0,True,4+ rings
floctafenine,76958517,7.0633225,6.4470797,76958517,floctafenine,True,3.0,3.0,0.0,True,3 rings
cinoxate,5373773,9.939764,1.9061949,5373773,cinoxate,True,1.0,1.0,0.0,True,1 ring
alpha-methylhistamine-dihydrobromide-(s)-(+),6603865,4.9061675,8.855622,6603865,alpha-methylhistamine-dihydrobromide-(s)-(+),True,1.0,1.0,0.0,True,1 ring
eleclazine,71183216,8.2256975,7.2186093,71183216,eleclazine,True,4.0,3.0,1.0,True,4+ rings
eltanexor,117763569,6.2291584,8.014225,117763569,eltanexor,True,3.0,3.0,0.0,True,3 rings
pd-168393,4708,6.0536547,7.6593103,4708,pd-168393,True,3.0,3.0,0.0,True,3 rings
ro-10-5824,16759175,6.0375957,7.86814,16759175,ro-10-5824,True,3.0,2.0,1.0,True,3 rings
sc-19220,4336830,9.116484,3.3356209,4336830,sc-19220,True,3.0,2.0,1.0,True,3 rings
hyperin,5742688,10.86347,1.7016062,5742688,hyperin,True,4.0,3.0,1.0,True,4+ rings
mesalazine,4075,8.600453,3.2439735,4075,mesalazine,True,1.0,1.0,0.0,True,1 ring
sufugolix,3038517,7.1692843,3.4257743,3038517,sufugolix,True,6.0,6.0,0.0,True,4+ rings
cinflumide,6434871,6.865202,2.222399,6434871,cinflumide,True,2.0,1.0,1.0,True,2 rings
pocapavir,1455,9.740879,2.010415,1455,pocapavir,True,3.0,3.0,0.0,True,3 rings
gastrodin,115067,9.9009075,1.7420769,115067,gastrodin,True,2.0,1.0,1.0,True,2 rings
azd3463,56599293,8.506242,7.5940814,56599293,azd3463,True,5.0,4.0,1.0,True,4+ rings
stf-31,984333,6.4400697,6.880178,984333,stf-31,True,3.0,3.0,0.0,True,3 rings
4-chlorophenylguanidine,2757788,6.4244065,3.5816588,2757788,4-chlorophenylguanidine,True,1.0,1.0,0.0,True,1 ring
ethopabate,6034,9.061575,3.6501172,6034,ethopabate,True,1.0,1.0,0.0,True,1 ring
leteprinim,135409548,6.836169,7.896232,135409548,leteprinim,True,3.0,3.0,0.0,True,3 rings
tcs-5861528,1116244,6.6496053,8.066127,1116244,tcs-5861528,True,3.0,3.0,0.0,True,3 rings
tedizolid-phosphate,11476460,6.004256,6.9447317,11476460,tedizolid-phosphate,True,4.0,3.0,1.0,True,4+ rings
biapenem,71340,-1.8863316,7.3496966,71340,biapenem,True,4.0,1.0,3.0,True,4+ rings
mk-571,14325224,6.2042756,6.5253415,14325224,mk-571,True,3.0,3.0,0.0,True,3 rings
ly320135,5311257,10.577722,1.9873677,5311257,ly320135,True,4.0,4.0,0.0,True,4+ rings
mk-2048,54698642,6.705751,6.359026,54698642,mk-2048,True,4.0,3.0,1.0,True,4+ rings
ap26113,57390074,8.527599,7.5599923,57390074,ap26113,True,4.0,3.0,1.0,True,4+ rings
silymarin,11059920,10.761844,1.7317089,11059920,silymarin,True,5.0,3.0,2.0,True,4+ rings
dimemorfan,3037918,6.55483,2.036187,3037918,dimemorfan,True,4.0,1.0,3.0,True,4+ rings
taltirelin,114750,4.8913174,8.8626175,114750,taltirelin,True,3.0,1.0,2.0,True,3 rings
pirmenol,76962234,6.973147,6.731206,76962234,pirmenol,True,3.0,2.0,1.0,True,3 rings
dh-97,3467177,6.511704,6.2771616,3467177,dh-97,True,3.0,3.0,0.0,True,3 rings
me0328,136229577,7.3984017,3.3968673,136229577,me0328,True,3.0,3.0,0.0,True,3 rings
cgp-60474,644215,6.1188993,7.9393535,644215,cgp-60474,True,3.0,3.0,0.0,True,3 rings
darapladib,9939609,6.916936,2.4420094,9939609,darapladib,True,5.0,4.0,1.0,True,4+ rings
fk-888,107967,6.6472435,6.312351,107967,fk-888,True,6.0,5.0,1.0,True,4+ rings
fludroxycortide,15209,-3.7876422,5.0929217,15209,fludroxycortide,True,5.0,0.0,5.0,True,4+ rings
ebselen,3194,7.218001,3.371895,3194,ebselen,True,3.0,3.0,0.0,True,3 rings
cloprostenol-(+/-),5311053,9.872865,1.9226999,5311053,cloprostenol-(+/-),True,2.0,1.0,1.0,True,2 rings
tavaborole,11499245,8.68847,1.5158672,11499245,tavaborole,True,2.0,1.0,1.0,True,2 rings
vu0364770,836002,6.429918,6.9188476,836002,vu0364770,True,2.0,2.0,0.0,True,2 rings
l-mimosine,129010056,-1.4534068,6.7419786,129010056,l-mimosine,True,1.0,0.0,1.0,True,1 ring
wr99210,121750,9.583062,2.0743568,121750,wr99210,True,2.0,1.0,1.0,True,2 rings
dehydroepiandrosterone,5881,-3.2041032,5.0081315,5881,dehydroepiandrosterone,True,4.0,0.0,4.0,True,4+ rings
trim,1359,6.719094,8.224197,1359,trim,True,2.0,2.0,0.0,True,2 rings
sulindac,16046677,7.614885,1.4266713,16046677,sulindac,True,3.0,2.0,1.0,True,3 rings
gpr120-modulator-1,25017320,7.7076955,6.9923105,25017320,gpr120-modulator-1,True,3.0,3.0,0.0,True,3 rings
octodrine,6989209,-0.9634087,6.5816298,6989209,octodrine,True,0.0,0.0,0.0,False,0 rings
oseltamivir-carboxylate,449381,-2.1112237,6.8417196,449381,oseltamivir-carboxylate,True,1.0,0.0,1.0,True,1 ring
carmustine,59087767,-1.1112916,6.6094794,59087767,carmustine,True,0.0,0.0,0.0,False,0 rings
pentylenetetrazol,5917,-0.9886885,6.557098,5917,pentylenetetrazol,True,2.0,1.0,1.0,True,2 rings
cgp-55845,5311042,6.764406,2.1871862,5311042,cgp-55845,True,2.0,2.0,0.0,True,2 rings
frovatriptan,77992,6.5309935,6.2671194,77992,frovatriptan,True,3.0,2.0,1.0,True,3 rings
wwl-113,17759482,7.9928255,6.8704515,17759482,wwl-113,True,4.0,4.0,0.0,True,4+ rings
tecadenoson,158795,5.37637,9.290343,158795,tecadenoson,True,4.0,2.0,2.0,True,4+ rings
alaproclate,23622192,7.4928427,1.8491832,23622192,alaproclate,True,1.0,1.0,0.0,True,1 ring
preclamol,202478,8.917731,2.0362856,202478,preclamol,True,2.0,1.0,1.0,True,2 rings
danofloxacin,71335,9.573301,4.5329084,71335,danofloxacin,True,5.0,2.0,3.0,True,4+ rings
pelrinone,135413516,6.243545,7.215928,135413516,pelrinone,True,2.0,2.0,0.0,True,2 rings
betazole,7741,5.881497,6.9056473,7741,betazole,True,1.0,1.0,0.0,True,1 ring
ingenol-mebutate,6918670,-2.8347902,5.8799286,6918670,ingenol-mebutate,True,4.0,0.0,4.0,True,4+ rings
nsc-632839,5351363,6.780236,2.114192,5351363,nsc-632839,True,3.0,2.0,1.0,True,3 rings
telcagepant,11319053,6.531229,7.6840234,11319053,telcagepant,True,5.0,3.0,2.0,True,4+ rings
zolantidine,91769,7.7646008,7.4247036,91769,zolantidine,True,4.0,3.0,1.0,True,4+ rings
ammonium-perfluorocaprylate,9554,-1.8348271,5.927152,9554,ammonium-perfluorocaprylate,True,0.0,0.0,0.0,False,0 rings
rs-127445,196968,6.0139837,7.754309,196968,rs-127445,True,3.0,3.0,0.0,True,3 rings
or-486,3870203,8.733612,3.0220034,3870203,or-486,True,1.0,1.0,0.0,True,1 ring
r112,9904854,8.331139,7.5310326,9904854,r112,True,3.0,3.0,0.0,True,3 rings
argireline,11228338,-1.8555648,7.0851836,11228338,argireline,True,0.0,0.0,0.0,False,0 rings
mepazine,7047378,6.142986,3.4384038,7047378,mepazine,True,4.0,2.0,2.0,True,4+ rings
roxatidine-acetate,5105,9.494181,2.7051847,5105,roxatidine-acetate,True,2.0,1.0,1.0,True,2 rings
desogestrel,40973,-3.1058028,4.804089,40973,desogestrel,True,4.0,0.0,4.0,True,4+ rings
radafaxine,9795056,8.219096,2.0456119,9795056,radafaxine,True,2.0,1.0,1.0,True,2 rings
gsk369796,10316203,7.4052486,6.511736,10316203,gsk369796,True,3.0,3.0,0.0,True,3 rings
flavoxate,3354,9.9590435,2.510138,3354,flavoxate,True,4.0,3.0,1.0,True,4+ rings
sr-3306,57519510,6.0847774,8.266715,57519510,sr-3306,True,6.0,5.0,1.0,True,4+ rings
nikethamide,5497,6.510494,6.8932834,5497,nikethamide,True,1.0,1.0,0.0,True,1 ring
3-bromopyruvate,129924149,-1.6648444,6.0602903,129924149,3-bromopyruvate,True,0.0,0.0,0.0,False,0 rings
schisandrol-b,3001662,10.129783,1.8262671,3001662,schisandrol-b,True,4.0,2.0,2.0,True,4+ rings
remacemide,760423,6.9264574,2.3163714,760423,remacemide,True,2.0,2.0,0.0,True,2 rings
afimoxifene,449459,9.652589,2.4755728,449459,afimoxifene,True,3.0,3.0,0.0,True,3 rings
indoramin,33625,6.529706,6.336923,33625,indoramin,True,4.0,3.0,1.0,True,4+ rings
pinanediol,10219606,-2.2485268,5.474528,10219606,pinanediol,True,3.0,0.0,3.0,True,3 rings
lodenosine,72180,5.404349,9.205361,72180,lodenosine,True,3.0,2.0,1.0,True,3 rings
ciaftalan-zinc,518924,6.0435715,7.726733,518924,ciaftalan-zinc,True,10.0,6.0,4.0,True,4+ rings
pd-102807,92845316,7.9905725,6.3939915,92845316,pd-102807,True,5.0,3.0,2.0,True,4+ rings
iloprost,51397006,-2.6790826,5.9174986,51397006,iloprost,True,2.0,0.0,2.0,True,2 rings
sodium-tanshinone-ii-a-sulfonate,125782,10.368744,1.9826179,125782,sodium-tanshinone-ii-a-sulfonate,True,4.0,2.0,2.0,True,4+ rings
ml161,1048267,7.152718,3.4136748,1048267,ml161,True,2.0,2.0,0.0,True,2 rings
cl-218872,107950,5.9774923,8.1298275,107950,cl-218872,True,3.0,3.0,0.0,True,3 rings
aceclidine,1273944,-1.5360621,6.562497,1273944,aceclidine,True,3.0,0.0,3.0,True,3 rings
fadrozole,9815923,6.6686068,8.236601,9815923,fadrozole,True,3.0,2.0,1.0,True,3 rings
dsr-6434,25071151,8.140174,7.5823708,25071151,dsr-6434,True,3.0,3.0,0.0,True,3 rings
dihydroergocristine,107715,6.566797,6.237858,107715,dihydroergocristine,True,8.0,3.0,5.0,True,4+ rings
vaniprevir,24765256,7.505191,2.3123546,24765256,vaniprevir,True,6.0,1.0,5.0,True,4+ rings
s49076,49870909,6.5534472,6.3200564,49870909,s49076,True,5.0,2.0,3.0,True,4+ rings
allylthiourea,1549517,-1.0518478,6.5746655,1549517,allylthiourea,True,0.0,0.0,0.0,False,0 rings
amiprilose,121928,-1.6041499,5.4759393,121928,amiprilose,True,2.0,0.0,2.0,True,2 rings
lmi070,135565042,8.0750065,6.5116005,135565042,lmi070,True,4.0,3.0,1.0,True,4+ rings
buphenine,657392,8.8357725,2.143877,657392,buphenine,True,2.0,2.0,0.0,True,2 rings
pfk-015,25142799,6.396054,6.7464027,25142799,pfk-015,True,3.0,3.0,0.0,True,3 rings
nnc-711,4515,7.561282,1.8665105,4515,nnc-711,True,3.0,2.0,1.0,True,3 rings
pibenzimol,2392,7.7249594,7.8671756,2392,pibenzimol,True,6.0,5.0,1.0,True,4+ rings
ly334370,5311258,6.555905,6.314313,5311258,ly334370,True,4.0,3.0,1.0,True,4+ rings
eperisone,37888265,6.9958224,2.2390623,37888265,eperisone,True,2.0,1.0,1.0,True,2 rings
"3,4-methylenedioxy-beta-nitrostyrene",672296,10.067446,2.409119,672296,"3,4-methylenedioxy-beta-nitrostyrene",True,2.0,1.0,1.0,True,2 rings
my-5445,1348,5.9127927,7.549248,1348,my-5445,True,4.0,4.0,0.0,True,4+ rings
agi-5198,97161269,6.762902,7.966408,97161269,agi-5198,True,4.0,3.0,1.0,True,4+ rings
"cis-9,trans-11-conjugated-linoleic-acid",5280644,-2.2731206,6.102272,5280644,"cis-9,trans-11-conjugated-linoleic-acid",True,0.0,0.0,0.0,False,0 rings
ac-55541,129362181,7.062535,2.497044,129362181,ac-55541,True,4.0,4.0,0.0,True,4+ rings
sb-756050,1520267,9.450957,2.5245926,1520267,sb-756050,True,3.0,2.0,1.0,True,3 rings
osi-420,10317566,8.790122,7.305994,10317566,osi-420,True,3.0,3.0,0.0,True,3 rings
amg-837,46854655,10.062726,1.9759605,46854655,amg-837,True,3.0,3.0,0.0,True,3 rings
azlocillin,6479523,7.705502,2.4804873,6479523,azlocillin,True,4.0,1.0,3.0,True,4+ rings
pd-153035,4705,8.794569,7.3217554,4705,pd-153035,True,3.0,3.0,0.0,True,3 rings
ml228,46742353,6.1137075,8.169544,46742353,ml228,True,5.0,5.0,0.0,True,4+ rings
neu2000,9951955,8.359792,3.373492,9951955,neu2000,True,2.0,2.0,0.0,True,2 rings
epitiostanol,443935,-2.643467,5.053618,443935,epitiostanol,True,5.0,0.0,5.0,True,4+ rings
pf-670462,11681588,6.4551578,8.1589155,11681588,pf-670462,True,4.0,3.0,1.0,True,4+ rings
gsk2256294a,59448236,6.864542,2.4083097,59448236,gsk2256294a,True,3.0,2.0,1.0,True,3 rings
k-ras(g12c)-inhibitor-6,71815954,9.477105,2.2755122,71815954,k-ras(g12c)-inhibitor-6,True,2.0,1.0,1.0,True,2 rings
pde10-in-1,72709059,6.0411177,8.345441,72709059,pde10-in-1,True,6.0,5.0,1.0,True,4+ rings
at-9283,135398495,6.147676,8.300452,135398495,at-9283,True,5.0,3.0,2.0,True,4+ rings
idasanutlin,53358942,9.117622,3.6989372,53358942,idasanutlin,True,4.0,3.0,1.0,True,4+ rings
tak-779,183790,7.3381267,3.4470294,183790,tak-779,True,5.0,3.0,2.0,True,4+ rings
oxibendazole,4622,8.056995,7.9448643,4622,oxibendazole,True,2.0,2.0,0.0,True,2 rings
zatebradine,65637,9.912993,2.8598938,65637,zatebradine,True,3.0,2.0,1.0,True,3 rings
dpc-681,456215,7.1977673,3.1177866,456215,dpc-681,True,3.0,3.0,0.0,True,3 rings
lisadimate,25021707,8.205534,3.4368913,25021707,lisadimate,True,1.0,1.0,0.0,True,1 ring
iodoquinol,3728,7.4562974,6.555432,3728,iodoquinol,True,2.0,2.0,0.0,True,2 rings
isx-9,19582717,7.9842787,4.2445774,19582717,isx-9,True,3.0,2.0,1.0,True,3 rings
mg-624,5824382,9.633028,2.4818306,5824382,mg-624,True,2.0,2.0,0.0,True,2 rings
pd-0325901,9826528,7.302124,3.3817317,9826528,pd-0325901,True,2.0,2.0,0.0,True,2 rings
zm-336372,5730,8.402194,3.3822072,5730,zm-336372,True,3.0,3.0,0.0,True,3 rings
tagatose,92092,-1.7634587,5.644579,92092,tagatose,True,0.0,0.0,0.0,False,0 rings
etravirine,193962,8.367076,7.3707533,193962,etravirine,True,3.0,3.0,0.0,True,3 rings
phthalylsulfathiazole,4806,6.7326174,7.3775263,4806,phthalylsulfathiazole,True,3.0,3.0,0.0,True,3 rings
sb-334867,6604926,8.375766,7.544353,6604926,sb-334867,True,4.0,4.0,0.0,True,4+ rings
diarylpropionitrile,6604873,9.468311,1.5270135,6604873,diarylpropionitrile,True,2.0,2.0,0.0,True,2 rings
i-cbp-112,90488984,9.9327,2.8116145,90488984,i-cbp-112,True,4.0,2.0,2.0,True,4+ rings
naxagolide,57533,9.060505,2.1345117,57533,naxagolide,True,3.0,1.0,2.0,True,3 rings
zardaverine,5723,9.898831,2.2541096,5723,zardaverine,True,2.0,2.0,0.0,True,2 rings
macelignan,10404245,10.041411,1.9108688,10404245,macelignan,True,3.0,2.0,1.0,True,3 rings
snap-94847,16756754,9.103354,3.3518531,16756754,snap-94847,True,4.0,3.0,1.0,True,4+ rings
"5-amino-3-d-ribofuranosylthiazolo[4,5-d]pyrimidin-2,7(3h,6h)-dione",135409474,-2.5063002,7.933895,135409474,"5-amino-3-d-ribofuranosylthiazolo[4,5-d]pyrimidin-2,7(3h,6h)-dione",True,3.0,2.0,1.0,True,3 rings
azd3839,46202416,6.036203,7.8688307,46202416,azd3839,True,5.0,4.0,1.0,True,4+ rings
elagolix,11250647,9.605867,3.0589569,11250647,elagolix,True,4.0,4.0,0.0,True,4+ rings
cangrelor,9854012,5.381532,9.284959,9854012,cangrelor,True,3.0,2.0,1.0,True,3 rings
pitolisant,9948102,6.9811954,2.0842383,9948102,pitolisant,True,2.0,1.0,1.0,True,2 rings
bnc105,24786555,10.685828,1.860874,24786555,bnc105,True,3.0,3.0,0.0,True,3 rings
zuclopenthixol,5311507,6.6669655,1.9525831,5311507,zuclopenthixol,True,4.0,2.0,2.0,True,4+ rings
vu10010,714286,6.594173,6.4897017,714286,vu10010,True,3.0,3.0,0.0,True,3 rings
bupicomide,31447,6.444362,6.8563204,31447,bupicomide,True,1.0,1.0,0.0,True,1 ring
metrizoic-acid,2528,7.9243674,3.3331673,2528,metrizoic-acid,True,1.0,1.0,0.0,True,1 ring
amifampridine,5918,5.8449144,7.1232,5918,amifampridine,True,1.0,1.0,0.0,True,1 ring
pyroxamide,4996,6.049715,7.003553,4996,pyroxamide,True,1.0,1.0,0.0,True,1 ring
trientine,5565,-1.0165226,6.5405936,5565,trientine,True,0.0,0.0,0.0,False,0 rings
levosimendan,3033825,6.885768,3.473972,3033825,levosimendan,True,2.0,1.0,1.0,True,2 rings
5-methylhydantoin-(d),1615267,-1.282773,6.820685,1615267,5-methylhydantoin-(d),True,1.0,0.0,1.0,True,1 ring
sulfisoxazole-acetyl,6662,7.923554,4.2996635,6662,sulfisoxazole-acetyl,True,2.0,2.0,0.0,True,2 rings
salicylamide,5147,9.306239,2.687463,5147,salicylamide,True,1.0,1.0,0.0,True,1 ring
duvelisib,50905713,6.6511216,8.0506115,50905713,duvelisib,True,5.0,5.0,0.0,True,4+ rings
gsk-j2,73010924,6.083526,7.8194814,73010924,gsk-j2,True,4.0,3.0,1.0,True,4+ rings
polythiazide,12876779,6.2204576,3.168671,12876779,polythiazide,True,2.0,1.0,1.0,True,2 rings
sanguinarium-chloride,5154,8.13054,6.603035,5154,sanguinarium-chloride,True,6.0,4.0,2.0,True,4+ rings
ica-121431,998021,6.715731,7.36315,998021,ica-121431,True,4.0,4.0,0.0,True,4+ rings
formononetin,5280378,10.6158285,1.9451923,5280378,formononetin,True,3.0,3.0,0.0,True,3 rings
nmda,22880,-1.5905082,7.0356636,22880,nmda,True,0.0,0.0,0.0,False,0 rings
isoetharine,71466,8.899389,2.0693285,71466,isoetharine,True,1.0,1.0,0.0,True,1 ring
bts-72664,1480409,8.211797,7.613197,1480409,bts-72664,True,3.0,3.0,0.0,True,3 rings
rhc-80267,5063,-1.0734894,6.6256976,5063,rhc-80267,True,2.0,0.0,2.0,True,2 rings
eseroline-(-),119198,8.714855,3.1428814,119198,eseroline-(-),True,3.0,1.0,2.0,True,3 rings
jnj-26481585,11538455,6.4859867,7.8428974,11538455,jnj-26481585,True,4.0,3.0,1.0,True,4+ rings
eperezolid,73214,6.7051888,3.5593235,73214,eperezolid,True,3.0,1.0,2.0,True,3 rings
metrizamide,49800036,7.909854,3.2946491,49800036,metrizamide,True,2.0,1.0,1.0,True,2 rings
chir-99021,9956119,6.2247977,8.106876,9956119,chir-99021,True,4.0,4.0,0.0,True,4+ rings
ave-3085,3510704,9.874064,2.9927332,3510704,ave-3085,True,4.0,2.0,2.0,True,4+ rings
gsk461364,15983966,7.9439516,7.70649,15983966,gsk461364,True,5.0,4.0,1.0,True,4+ rings
ro-3,11289644,8.135974,7.4648366,11289644,ro-3,True,2.0,2.0,0.0,True,2 rings
mestranol,6291,10.153208,1.1857502,6291,mestranol,True,4.0,1.0,3.0,True,4+ rings
lynestrenol,5857,-3.0771575,4.8789086,5857,lynestrenol,True,4.0,0.0,4.0,True,4+ rings
m-3m3fbs,761523,6.5000334,3.1547937,761523,m-3m3fbs,True,2.0,2.0,0.0,True,2 rings
ml179,45100448,6.9768457,3.5476904,45100448,ml179,True,4.0,2.0,2.0,True,4+ rings
carnosine,6992100,4.9037786,8.8755455,6992100,carnosine,True,1.0,1.0,0.0,True,1 ring
amg900,24856041,8.295282,7.522996,24856041,amg900,True,6.0,6.0,0.0,True,4+ rings
khk-in-1,53348216,6.0218763,7.939077,53348216,khk-in-1,True,5.0,3.0,2.0,True,4+ rings
akba,11168203,-3.2065055,5.1375976,11168203,akba,True,5.0,0.0,5.0,True,4+ rings
mycophenolate-mofetil,5281078,10.571483,1.976437,5281078,mycophenolate-mofetil,True,3.0,1.0,2.0,True,3 rings
nitazoxanide,41684,7.7055483,7.552024,41684,nitazoxanide,True,2.0,2.0,0.0,True,2 rings
cianidanol,9064,10.085683,1.715367,9064,cianidanol,True,3.0,2.0,1.0,True,3 rings
nvp-hsp990,46216556,8.307401,7.2846365,46216556,nvp-hsp990,True,4.0,3.0,1.0,True,4+ rings
anthraquinone,6780,7.1961927,1.5469562,6780,anthraquinone,True,3.0,2.0,1.0,True,3 rings
azd2858,10138980,6.469409,7.533904,10138980,azd2858,True,4.0,3.0,1.0,True,4+ rings
benzoquinonium-dibromide,9394,6.827913,2.2859817,9394,benzoquinonium-dibromide,True,3.0,2.0,1.0,True,3 rings
trap-101,11494970,6.895347,3.6514106,11494970,trap-101,True,4.0,2.0,2.0,True,4+ rings
wz-4002,44607530,8.520179,7.570561,44607530,wz-4002,True,4.0,3.0,1.0,True,4+ rings
oxf-bd-02,70699441,8.115509,4.278828,70699441,oxf-bd-02,True,3.0,3.0,0.0,True,3 rings
resmetirom,15981237,8.9425745,3.4487653,15981237,resmetirom,True,3.0,3.0,0.0,True,3 rings
ethyl-paraben,8434,10.0404,1.9900205,8434,ethyl-paraben,True,1.0,1.0,0.0,True,1 ring
foropafant,119368,6.574893,7.5302205,119368,foropafant,True,3.0,3.0,0.0,True,3 rings
cpi-360,73442743,6.8311234,6.3328605,73442743,cpi-360,True,4.0,3.0,1.0,True,4+ rings
carvedilol,185394,8.094238,6.3114495,185394,carvedilol,True,4.0,4.0,0.0,True,4+ rings
sulfadoxine,17134,6.2672276,7.418177,17134,sulfadoxine,True,2.0,2.0,0.0,True,2 rings
genipin,442424,-2.6254692,6.007937,442424,genipin,True,2.0,0.0,2.0,True,2 rings
sr-57227a,131747,5.8930516,7.5973315,131747,sr-57227a,True,2.0,1.0,1.0,True,2 rings
guanosine,135398635,5.0131955,9.380758,135398635,guanosine,True,3.0,2.0,1.0,True,3 rings
chlorquinaldol,6301,7.52056,6.5399785,6301,chlorquinaldol,True,2.0,2.0,0.0,True,2 rings
alpha-glucosyl-hesperidin,53477097,10.879837,1.6894991,53477097,alpha-glucosyl-hesperidin,True,6.0,2.0,4.0,True,4+ rings
digitoxigenin,4369270,-3.3481243,5.2621827,4369270,digitoxigenin,True,5.0,0.0,5.0,True,4+ rings
proguanil,6178111,6.474985,3.6520443,6178111,proguanil,True,1.0,1.0,0.0,True,1 ring
prinaberel,656954,7.926776,6.51544,656954,prinaberel,True,3.0,3.0,0.0,True,3 rings
lucanthone,10180,7.081149,3.3087852,10180,lucanthone,True,3.0,3.0,0.0,True,3 rings
ivacaftor,16220172,8.384106,3.3896832,16220172,ivacaftor,True,3.0,3.0,0.0,True,3 rings
bms-806,5495818,8.305261,7.588257,5495818,bms-806,True,4.0,3.0,1.0,True,4+ rings
isoxicam,54677972,7.9285707,4.326468,54677972,isoxicam,True,3.0,2.0,1.0,True,3 rings
disopyramide,3114,6.3266325,6.776622,3114,disopyramide,True,2.0,2.0,0.0,True,2 rings
amg-510,137278711,7.974695,7.3551865,137278711,amg-510,True,5.0,4.0,1.0,True,4+ rings
ozagrel,5282440,6.8842697,8.178235,5282440,ozagrel,True,2.0,2.0,0.0,True,2 rings
pf-04937319,46916694,8.336661,7.5753207,46916694,pf-04937319,True,4.0,4.0,0.0,True,4+ rings
cefalonium,21744,6.435307,6.9661684,21744,cefalonium,True,4.0,2.0,2.0,True,4+ rings
eo-1428,9801969,7.1392875,3.404882,9801969,eo-1428,True,3.0,3.0,0.0,True,3 rings
dimethadione,3081,-1.4149889,6.6458383,3081,dimethadione,True,1.0,0.0,1.0,True,1 ring
gsk2239633a,46861584,8.026745,6.39085,46861584,gsk2239633a,True,4.0,4.0,0.0,True,4+ rings
basmisanil,57336276,7.964461,6.803401,57336276,basmisanil,True,4.0,3.0,1.0,True,4+ rings
alibendol,71916,9.775021,2.9306986,71916,alibendol,True,1.0,1.0,0.0,True,1 ring
a-1070722,49830684,8.514585,7.2938733,49830684,a-1070722,True,3.0,3.0,0.0,True,3 rings
revefenacin,11753673,7.274802,3.4354055,11753673,revefenacin,True,5.0,3.0,2.0,True,4+ rings
yz9,5289613,10.237301,1.9612242,5289613,yz9,True,2.0,2.0,0.0,True,2 rings
filgotinib,49831257,6.1907277,8.058836,49831257,filgotinib,True,5.0,3.0,2.0,True,4+ rings
pimobendan,7120080,7.978074,7.701615,7120080,pimobendan,True,4.0,3.0,1.0,True,4+ rings
timonacic,6973610,-1.6516609,7.26098,6973610,timonacic,True,1.0,0.0,1.0,True,1 ring
gramine,6890,6.1581287,6.315934,6890,gramine,True,2.0,2.0,0.0,True,2 rings
zm-241385,176407,8.340056,7.652945,176407,zm-241385,True,4.0,4.0,0.0,True,4+ rings
sodium-monofluorophosphate,24267,-1.1419295,6.1105,24267,sodium-monofluorophosphate,True,0.0,0.0,0.0,False,0 rings
celgosivir,60734,-2.1766,6.6419773,60734,celgosivir,True,2.0,0.0,2.0,True,2 rings
licarbazepine,9816485,7.514273,3.503104,9816485,licarbazepine,True,3.0,2.0,1.0,True,3 rings
lauric-acid,3893,-1.8450148,5.9391446,3893,lauric-acid,True,0.0,0.0,0.0,False,0 rings
eltoprazine,65853,8.973775,3.286896,65853,eltoprazine,True,3.0,1.0,2.0,True,3 rings
evocalcet,71242808,7.6814938,3.4116063,71242808,evocalcet,True,4.0,3.0,1.0,True,4+ rings
aa-29504,23188887,6.9688144,3.6191049,23188887,aa-29504,True,2.0,2.0,0.0,True,2 rings
clorprenaline,12463921,8.212599,2.0429502,12463921,clorprenaline,True,1.0,1.0,0.0,True,1 ring
ipriflavone,3747,10.625079,1.9516624,3747,ipriflavone,True,3.0,3.0,0.0,True,3 rings
bms-566419,9913339,6.4994416,7.5096173,9913339,bms-566419,True,5.0,4.0,1.0,True,4+ rings
ocaperidone,71351,8.096738,4.316952,71351,ocaperidone,True,5.0,4.0,1.0,True,4+ rings
mercaptosuccinic-acid,638130,-1.6691914,5.916938,638130,mercaptosuccinic-acid,True,0.0,0.0,0.0,False,0 rings
adavivint,135565709,6.2859635,8.23327,135565709,adavivint,True,6.0,6.0,0.0,True,4+ rings
sant-1,6878030,6.0053797,6.820234,6878030,sant-1,True,4.0,3.0,1.0,True,4+ rings
9-aminoacridine,7019,6.048509,6.6500897,7019,9-aminoacridine,True,3.0,3.0,0.0,True,3 rings
chlorthalidone,688424,7.7730956,2.740473,688424,chlorthalidone,True,3.0,2.0,1.0,True,3 rings
"4,4-pentamethylenepiperidine",417412,-0.92829716,6.6154804,417412,"4,4-pentamethylenepiperidine",True,2.0,0.0,2.0,True,2 rings
azilsartan,135415867,6.99782,8.064137,135415867,azilsartan,True,5.0,5.0,0.0,True,4+ rings
sd-0006,9865587,6.1186833,8.09393,9865587,sd-0006,True,4.0,3.0,1.0,True,4+ rings
curcumol,14240392,-2.865368,5.2703133,14240392,curcumol,True,3.0,0.0,3.0,True,3 rings
dwk-1339,24764491,10.586306,1.9904099,24764491,dwk-1339,True,3.0,3.0,0.0,True,3 rings
ar-12,10027278,6.2242093,6.612803,10027278,ar-12,True,5.0,5.0,0.0,True,4+ rings
estradiol,5757,10.149633,1.1641874,5757,estradiol,True,4.0,1.0,3.0,True,4+ rings
dbpr-211,71515460,6.3878818,6.4812503,71515460,dbpr-211,True,6.0,4.0,2.0,True,4+ rings
cr8-(r),10224714,6.363471,8.47648,10224714,cr8-(r),True,4.0,4.0,0.0,True,4+ rings
prx-07034,67147340,9.107988,3.107033,67147340,prx-07034,True,3.0,2.0,1.0,True,3 rings
cp-93129,124007,6.2614074,6.7758703,124007,cp-93129,True,3.0,2.0,1.0,True,3 rings
bms-986158,118196485,7.077105,6.5081244,118196485,bms-986158,True,6.0,5.0,1.0,True,4+ rings
pyrazinoylguanidine,137321773,4.8695683,9.155255,137321773,pyrazinoylguanidine,True,1.0,1.0,0.0,True,1 ring
dy131,5497124,8.653697,3.3529842,5497124,dy131,True,2.0,2.0,0.0,True,2 rings
phenylmethylsulfonyl-fluoride,4784,6.7679014,1.8418319,4784,phenylmethylsulfonyl-fluoride,True,1.0,1.0,0.0,True,1 ring
o4i1,2774690,9.749237,2.1769986,2774690,o4i1,True,2.0,2.0,0.0,True,2 rings
tozadenant,11618368,7.730159,7.480283,11618368,tozadenant,True,4.0,2.0,2.0,True,4+ rings
api-001,44247568,8.02665,6.564155,44247568,api-001,True,4.0,3.0,1.0,True,4+ rings
lxs196,118873253,6.4216905,7.7325163,118873253,lxs196,True,4.0,3.0,1.0,True,4+ rings
eldecalcitol,6918141,-2.9192758,5.3950725,6918141,eldecalcitol,True,3.0,0.0,3.0,True,3 rings
pumosetrag,154104,7.1040807,3.139531,154104,pumosetrag,True,5.0,2.0,3.0,True,4+ rings
hexaminolevulinate,6433083,-1.7094097,6.939984,6433083,hexaminolevulinate,True,0.0,0.0,0.0,False,0 rings
otilonium,72093,9.146984,3.6510184,72093,otilonium,True,2.0,2.0,0.0,True,2 rings
trans-4-hydroxycrotonic-acid,6155526,-1.7852967,6.136612,6155526,trans-4-hydroxycrotonic-acid,True,0.0,0.0,0.0,False,0 rings
id-8,791637,7.950991,6.3897104,791637,id-8,True,3.0,3.0,0.0,True,3 rings
sertaconazole,25273617,7.452299,8.079637,25273617,sertaconazole,True,4.0,4.0,0.0,True,4+ rings
ac-55649,1714884,7.864593,1.3914385,1714884,ac-55649,True,2.0,2.0,0.0,True,2 rings
thaliblastine,21470,10.178847,3.0526707,21470,thaliblastine,True,7.0,4.0,3.0,True,4+ rings
sulfanitran,5334,6.563085,3.3356676,5334,sulfanitran,True,2.0,2.0,0.0,True,2 rings
org-25543,5311287,9.911717,3.0298903,5311287,org-25543,True,3.0,2.0,1.0,True,3 rings
chrysophanic-acid,10208,10.299996,1.6362594,10208,chrysophanic-acid,True,3.0,2.0,1.0,True,3 rings
cp-91149,9843900,6.6199694,6.271978,9843900,cp-91149,True,3.0,3.0,0.0,True,3 rings
brl-37344,9841972,9.436288,2.5919645,9841972,brl-37344,True,2.0,2.0,0.0,True,2 rings
spirobromin,72115,-1.3248556,6.783142,72115,spirobromin,True,3.0,0.0,3.0,True,3 rings
benfluorex,6604374,7.827268,1.7923074,6604374,benfluorex,True,2.0,2.0,0.0,True,2 rings
andrographolide,5318517,-3.2688053,5.2288876,5318517,andrographolide,True,3.0,0.0,3.0,True,3 rings
benzotript,2060890,6.737404,6.2513323,2060890,benzotript,True,3.0,3.0,0.0,True,3 rings
"1,3-dipropyl-8-phenylxanthine",128784,6.644286,8.145519,128784,"1,3-dipropyl-8-phenylxanthine",True,3.0,3.0,0.0,True,3 rings
"ici-118,551",5311179,9.462595,2.4892974,5311179,"ici-118,551",True,2.0,1.0,1.0,True,2 rings
fexaramine,5326713,7.2779226,3.4629574,5326713,fexaramine,True,4.0,3.0,1.0,True,4+ rings
sn-6,93088127,9.245984,3.0471692,93088127,sn-6,True,3.0,2.0,1.0,True,3 rings
chloralose,7057995,-1.6214907,5.4504333,7057995,chloralose,True,2.0,0.0,2.0,True,2 rings
fenclonine-(+/-),736190,7.4858146,1.8894026,736190,fenclonine-(+/-),True,1.0,1.0,0.0,True,1 ring
norvancomycin,10419027,10.091817,3.1000645,10419027,norvancomycin,True,12.0,5.0,7.0,True,4+ rings
terodiline,9925740,6.607044,2.0720572,9925740,terodiline,True,2.0,2.0,0.0,True,2 rings
higenamine,440988,9.045334,2.1449668,440988,higenamine,True,3.0,2.0,1.0,True,3 rings
limaprost-alfadex,6438378,-2.6911561,5.941258,6438378,limaprost-alfadex,True,1.0,0.0,1.0,True,1 ring
unbs-5162,16048966,7.232077,3.433862,16048966,unbs-5162,True,3.0,2.0,1.0,True,3 rings
diroximel-fumarate,73330464,-1.6445402,6.4548373,73330464,diroximel-fumarate,True,1.0,0.0,1.0,True,1 ring
bay-41-2272,9798973,6.0472164,8.323255,9798973,bay-41-2272,True,5.0,4.0,1.0,True,4+ rings
tak-659,53252276,6.335457,7.917318,53252276,tak-659,True,4.0,2.0,2.0,True,4+ rings
abemaciclib,46220502,6.3724985,8.389998,46220502,abemaciclib,True,5.0,4.0,1.0,True,4+ rings
taselisib,51001932,8.295808,7.647281,51001932,taselisib,True,5.0,4.0,1.0,True,4+ rings
bms-470539,9915813,7.9757037,7.581895,9915813,bms-470539,True,4.0,3.0,1.0,True,4+ rings
vu0357121,2296132,9.043546,3.564349,2296132,vu0357121,True,2.0,2.0,0.0,True,2 rings
toyocamycin,11824,5.4240065,9.254751,11824,toyocamycin,True,3.0,2.0,1.0,True,3 rings
int-767,23642339,-2.6848514,5.0826216,23642339,int-767,True,4.0,0.0,4.0,True,4+ rings
isometheptene-mucate,6604597,-1.1633102,6.6164107,6604597,isometheptene-mucate,True,0.0,0.0,0.0,False,0 rings
mrs-1220,393595,8.317429,7.6566567,393595,mrs-1220,True,5.0,5.0,0.0,True,4+ rings
cyc065,24983461,6.3333,8.554091,24983461,cyc065,True,3.0,3.0,0.0,True,3 rings
propantheline,4934,9.781599,2.5126545,4934,propantheline,True,3.0,2.0,1.0,True,3 rings
mitiglinide,121891,7.4149666,2.2439888,121891,mitiglinide,True,3.0,1.0,2.0,True,3 rings
bms-813160,51039119,6.014485,8.235354,51039119,bms-813160,True,4.0,2.0,2.0,True,4+ rings
flucloxacillin,21319,8.080588,3.8560274,21319,flucloxacillin,True,4.0,2.0,2.0,True,4+ rings
trimethobenzamide,5577,9.893924,3.0414803,5577,trimethobenzamide,True,2.0,2.0,0.0,True,2 rings
sparsentan,10257882,7.997626,4.3105316,10257882,sparsentan,True,5.0,3.0,2.0,True,4+ rings
"chromanol-293b-(-)-[3r,4s]",121846,9.576742,2.5380907,121846,"chromanol-293b-(-)-[3r,4s]",True,2.0,1.0,1.0,True,2 rings
agp-103,8215,-1.8980584,6.003473,8215,agp-103,True,0.0,0.0,0.0,False,0 rings
cinnamaldehyde,637511,7.164785,1.718064,637511,cinnamaldehyde,True,1.0,1.0,0.0,True,1 ring
mivacurium,22839211,10.146016,3.0540233,22839211,mivacurium,True,6.0,4.0,2.0,True,4+ rings
pf-06651600,118115473,6.1070876,8.320457,118115473,pf-06651600,True,3.0,2.0,1.0,True,3 rings
enalapril,5388962,7.526605,2.2947602,5388962,enalapril,True,2.0,1.0,1.0,True,2 rings
troventol,16007396,7.746384,1.6144754,16007396,troventol,True,3.0,1.0,2.0,True,3 rings
ym-244769,11442117,7.9932175,6.8569126,11442117,ym-244769,True,4.0,4.0,0.0,True,4+ rings
gsk1562590,46846503,9.169817,3.5999937,46846503,gsk1562590,True,5.0,3.0,2.0,True,4+ rings
ym-750,9911716,6.83873,3.693338,9911716,ym-750,True,5.0,3.0,2.0,True,4+ rings
empagliflozin,11949646,9.846042,1.7544651,11949646,empagliflozin,True,4.0,2.0,2.0,True,4+ rings
pf-04885614,65459349,8.010431,7.6976857,65459349,pf-04885614,True,2.0,2.0,0.0,True,2 rings
lisinopril,5362119,7.5255117,2.3015516,5362119,lisinopril,True,2.0,1.0,1.0,True,2 rings
pf-04217903,17754438,6.0330815,8.378072,17754438,pf-04217903,True,5.0,5.0,0.0,True,4+ rings
brivanib-alaninate,11154925,8.351568,7.635279,11154925,brivanib-alaninate,True,4.0,4.0,0.0,True,4+ rings
uamc-00039,11232124,6.931858,2.4424193,11232124,uamc-00039,True,2.0,1.0,1.0,True,2 rings
"1,5-dicaffeoylquinic-acid",6474640,10.203903,1.7700238,6474640,"1,5-dicaffeoylquinic-acid",True,3.0,2.0,1.0,True,3 rings
clamikalant,3037766,9.391127,3.1427562,3037766,clamikalant,True,2.0,2.0,0.0,True,2 rings
bucillamine,656604,-1.6920748,7.2224107,656604,bucillamine,True,0.0,0.0,0.0,False,0 rings
equilin,41097932,10.090632,1.1844199,41097932,equilin,True,4.0,1.0,3.0,True,4+ rings
ciprofloxacin,4011971,9.574139,4.511098,4011971,ciprofloxacin,True,4.0,2.0,2.0,True,4+ rings
azasetron,25271863,9.211358,3.7139328,25271863,azasetron,True,5.0,1.0,4.0,True,4+ rings
hypoestoxide,11199742,-2.8574994,5.8088245,11199742,hypoestoxide,True,4.0,0.0,4.0,True,4+ rings
pf-06409577,71748255,6.8654094,6.348366,71748255,pf-06409577,True,4.0,3.0,1.0,True,4+ rings
tiracizine,71264,7.027316,3.6379547,71264,tiracizine,True,3.0,2.0,1.0,True,3 rings
butylated-hydroxyanisole,8456,9.773219,1.6758486,8456,butylated-hydroxyanisole,True,1.0,1.0,0.0,True,1 ring
retinol,445354,-2.2739468,5.939651,445354,retinol,True,1.0,0.0,1.0,True,1 ring
tylosin,134129704,-2.7387352,6.3040433,134129704,tylosin,True,4.0,0.0,4.0,True,4+ rings
pi3kd-in-2,91754520,8.458082,7.342849,91754520,pi3kd-in-2,True,5.0,3.0,2.0,True,4+ rings
salicylic-acid,338,10.162246,2.007189,338,salicylic-acid,True,1.0,1.0,0.0,True,1 ring
nsc-9965,31762,-2.4784572,6.102063,31762,nsc-9965,True,4.0,0.0,4.0,True,4+ rings
lintopride,65900,9.219672,3.813875,65900,lintopride,True,2.0,1.0,1.0,True,2 rings
gbr-12935,3456,8.047613,1.8791994,3456,gbr-12935,True,4.0,3.0,1.0,True,4+ rings
glycitein,5317750,10.696546,1.8392378,5317750,glycitein,True,3.0,3.0,0.0,True,3 rings
butein,5281222,10.441195,1.8458434,5281222,butein,True,2.0,2.0,0.0,True,2 rings
methiazole,6604471,6.827298,8.569082,6604471,methiazole,True,2.0,2.0,0.0,True,2 rings
atorvastatin,60823,6.7058053,6.358409,60823,atorvastatin,True,4.0,4.0,0.0,True,4+ rings
alrestatin,2120,7.1237154,2.4262707,2120,alrestatin,True,3.0,2.0,1.0,True,3 rings
escin,441903,-3.4127445,5.2617707,441903,escin,True,8.0,0.0,8.0,True,4+ rings
ngd-94-1,188942,6.4135494,8.212555,188942,ngd-94-1,True,4.0,3.0,1.0,True,4+ rings
savolitinib,68289010,6.0801144,8.3305645,68289010,savolitinib,True,5.0,5.0,0.0,True,4+ rings
azd8797,11965767,6.345115,8.370892,11965767,azd8797,True,3.0,3.0,0.0,True,3 rings
indeglitazar,11395145,7.9252586,6.5636277,11395145,indeglitazar,True,3.0,3.0,0.0,True,3 rings
phenolphthalein,4764,10.264591,1.8118623,4764,phenolphthalein,True,4.0,3.0,1.0,True,4+ rings
ketanserin,3822,7.178356,3.5030072,3822,ketanserin,True,4.0,3.0,1.0,True,4+ rings
macitentan-n-butyl-analogue,71449713,8.117132,7.4677863,71449713,macitentan-n-butyl-analogue,True,3.0,3.0,0.0,True,3 rings
unc0321,46901937,8.846351,7.334447,46901937,unc0321,True,4.0,2.0,2.0,True,4+ rings
erastin,91669533,9.182799,3.5386834,91669533,erastin,True,5.0,4.0,1.0,True,4+ rings
methylnaltrexone,16089915,10.373545,3.1894662,16089915,methylnaltrexone,True,6.0,1.0,5.0,True,4+ rings
ciq,40450008,10.036757,3.0416667,40450008,ciq,True,4.0,3.0,1.0,True,4+ rings
pioglitazone,29010894,7.971106,6.8742366,29010894,pioglitazone,True,3.0,2.0,1.0,True,3 rings
ah11110,6604792,9.587039,2.5819926,6604792,ah11110,True,3.0,2.0,1.0,True,3 rings
furaltadone,6604316,9.477247,3.2484057,6604316,furaltadone,True,3.0,1.0,2.0,True,3 rings
oxyquinoline,1923,7.467021,6.5497904,1923,oxyquinoline,True,2.0,2.0,0.0,True,2 rings
gsk-lsd-1,71522234,6.5836067,2.0924995,71522234,gsk-lsd-1,True,3.0,1.0,2.0,True,3 rings
"[sar9,met(o2)11]-substance-p",163829,7.405383,2.3685403,163829,"[sar9,met(o2)11]-substance-p",True,4.0,2.0,2.0,True,4+ rings
ctep,11646823,8.052072,7.739875,11646823,ctep,True,3.0,3.0,0.0,True,3 rings
jw-74,16013152,8.104423,7.6751266,16013152,jw-74,True,5.0,5.0,0.0,True,4+ rings
nimustine,129009979,5.2828135,8.830463,129009979,nimustine,True,1.0,1.0,0.0,True,1 ring
cetaben,47263,8.138269,3.381203,47263,cetaben,True,1.0,1.0,0.0,True,1 ring
trichloroacetic-acid,6421,-1.3050097,6.039278,6421,trichloroacetic-acid,True,0.0,0.0,0.0,False,0 rings
gluconolactone,1549082,-1.776592,5.631544,1549082,gluconolactone,True,1.0,0.0,1.0,True,1 ring
bms-536924,135440466,6.7983265,8.254411,135440466,bms-536924,True,5.0,4.0,1.0,True,4+ rings
ory-1001,71543365,6.5600657,2.096417,71543365,ory-1001,True,3.0,1.0,2.0,True,3 rings
indalpine,44668,6.148743,6.34805,44668,indalpine,True,3.0,2.0,1.0,True,3 rings
pbt-1033,10016012,7.5088844,6.5309744,10016012,pbt-1033,True,2.0,2.0,0.0,True,2 rings
gsk256066,9827968,8.03117,6.839446,9827968,gsk256066,True,4.0,4.0,0.0,True,4+ rings
xmd8-92,46843772,8.460401,7.46875,46843772,xmd8-92,True,5.0,3.0,2.0,True,4+ rings
betp,97182196,8.187583,7.3775096,97182196,betp,True,3.0,3.0,0.0,True,3 rings
capecitabine,60953,-2.5852807,8.064563,60953,capecitabine,True,2.0,1.0,1.0,True,2 rings
api-1,24773090,5.176776,9.288491,24773090,api-1,True,3.0,2.0,1.0,True,3 rings
carboplatin,73554252,-1.6583856,5.923274,73554252,carboplatin,True,2.0,0.0,2.0,True,2 rings
cinanserin,5475158,6.6663656,3.3975267,5475158,cinanserin,True,2.0,2.0,0.0,True,2 rings
strychnine,441071,7.4736547,3.393551,441071,strychnine,True,7.0,1.0,6.0,True,4+ rings
suplatast,9957601,8.865237,3.3658388,9957601,suplatast,True,1.0,1.0,0.0,True,1 ring
gsk1292263,24996872,8.089419,7.596307,24996872,gsk1292263,True,4.0,3.0,1.0,True,4+ rings
tacalcitol,5283734,-2.9230566,5.3540397,5283734,tacalcitol,True,3.0,0.0,3.0,True,3 rings
tricaprylin,10850,-1.8759575,5.9794517,10850,tricaprylin,True,0.0,0.0,0.0,False,0 rings
imetit,3692,4.883056,8.831044,3692,imetit,True,1.0,1.0,0.0,True,1 ring
dqp-1105,136902743,7.0967336,2.8748136,136902743,dqp-1105,True,5.0,4.0,1.0,True,4+ rings
fluorometholone-acetate,240767,-3.6355178,4.9298053,240767,fluorometholone-acetate,True,4.0,0.0,4.0,True,4+ rings
vinorelbine,5311497,8.165833,6.218626,5311497,vinorelbine,True,9.0,3.0,6.0,True,4+ rings
dinitolmide,3092,7.1225753,3.2495403,3092,dinitolmide,True,1.0,1.0,0.0,True,1 ring
lomustine,129009938,-1.0873315,6.6451006,129009938,lomustine,True,1.0,0.0,1.0,True,1 ring
cyamemazine,14050069,6.146437,3.4310637,14050069,cyamemazine,True,3.0,2.0,1.0,True,3 rings
torasemide,51371498,6.0087037,7.010189,51371498,torasemide,True,2.0,2.0,0.0,True,2 rings
bms-833923,57662985,6.3716373,7.669245,57662985,bms-833923,True,5.0,5.0,0.0,True,4+ rings
phlorizin,6072,10.856171,1.7443595,6072,phlorizin,True,3.0,2.0,1.0,True,3 rings
methylprednisolone,6741,-3.5138876,4.9069867,6741,methylprednisolone,True,4.0,0.0,4.0,True,4+ rings
entrectinib,25141092,6.3434296,7.1562095,25141092,entrectinib,True,6.0,4.0,2.0,True,4+ rings
pf-514273,11316919,7.6363335,6.405258,11316919,pf-514273,True,4.0,3.0,1.0,True,4+ rings
gdc-0834,25234917,7.1798277,3.367496,25234917,gdc-0834,True,6.0,4.0,2.0,True,4+ rings
way-629,6604933,6.121111,6.345047,6604933,way-629,True,4.0,2.0,2.0,True,4+ rings
nky-80,777417,8.1939745,7.3213453,777417,nky-80,True,3.0,2.0,1.0,True,3 rings
cobicistat,25151504,6.632465,7.23442,25151504,cobicistat,True,5.0,4.0,1.0,True,4+ rings
delta-tocotrienol,5282350,9.820053,1.6021432,5282350,delta-tocotrienol,True,2.0,1.0,1.0,True,2 rings
anethole-trithione,2194,9.752354,1.805057,2194,anethole-trithione,True,2.0,2.0,0.0,True,2 rings
dichlorvos,3039,-1.2054472,6.0786166,3039,dichlorvos,True,0.0,0.0,0.0,False,0 rings
abafungin,159326,7.708243,7.290946,159326,abafungin,True,4.0,3.0,1.0,True,4+ rings
cj-13610,9821945,6.7696576,7.934544,9821945,cj-13610,True,4.0,3.0,1.0,True,4+ rings
erk5-in-1,46844147,8.441068,7.50288,46844147,erk5-in-1,True,5.0,3.0,2.0,True,4+ rings
denotivir,39976,6.6000433,5.9451017,39976,denotivir,True,3.0,3.0,0.0,True,3 rings
nicotinamide,936,6.5055923,6.8979445,936,nicotinamide,True,1.0,1.0,0.0,True,1 ring
cloranolol,76964677,9.439352,2.3352516,76964677,cloranolol,True,1.0,1.0,0.0,True,1 ring
bicyclol,9821754,10.678931,1.7629825,9821754,bicyclol,True,4.0,2.0,2.0,True,4+ rings
"1s,2r-phenylpropanolamine",26934,8.272772,2.0313332,26934,"1s,2r-phenylpropanolamine",True,1.0,1.0,0.0,True,1 ring
sgc-0946,56962337,6.26022,8.672619,56962337,sgc-0946,True,4.0,3.0,1.0,True,4+ rings
diaveridine,21453,8.142748,7.461361,21453,diaveridine,True,2.0,2.0,0.0,True,2 rings
lusaperidone,3045401,9.3965435,3.2683291,3045401,lusaperidone,True,5.0,4.0,1.0,True,4+ rings
rs-102895,10000456,7.439836,3.4842417,10000456,rs-102895,True,4.0,2.0,2.0,True,4+ rings
tw-37,11455910,8.379661,3.358723,11455910,tw-37,True,4.0,4.0,0.0,True,4+ rings
h2l-5765834,1365686,9.104312,3.5055375,1365686,h2l-5765834,True,4.0,3.0,1.0,True,4+ rings
bms-587101,11635371,7.514673,3.2882874,11635371,bms-587101,True,5.0,3.0,2.0,True,4+ rings
nisoxetine,10107248,9.564179,2.556696,10107248,nisoxetine,True,2.0,2.0,0.0,True,2 rings
altiratinib,54576299,8.281306,7.2952433,54576299,altiratinib,True,5.0,3.0,2.0,True,4+ rings
ono-4059,54755438,8.271755,7.5445004,54755438,ono-4059,True,5.0,4.0,1.0,True,4+ rings
hydrocortisone,5754,-3.487281,4.8950105,5754,hydrocortisone,True,4.0,0.0,4.0,True,4+ rings
navarixin,9865554,9.114457,3.6518178,9865554,navarixin,True,3.0,3.0,0.0,True,3 rings
dynole-34-2,44157463,6.431651,6.2412367,44157463,dynole-34-2,True,2.0,2.0,0.0,True,2 rings
dehydroepiandrosterone-sulfate,12594,-3.2232044,4.9578233,12594,dehydroepiandrosterone-sulfate,True,4.0,0.0,4.0,True,4+ rings
talsaclidine,71792,-1.4651344,6.501613,71792,talsaclidine,True,3.0,0.0,3.0,True,3 rings
betulinic-acid,64971,-2.9054847,5.066151,64971,betulinic-acid,True,5.0,0.0,5.0,True,4+ rings
telmisartan,65999,6.9245524,8.002745,65999,telmisartan,True,6.0,6.0,0.0,True,4+ rings
fursultiamine,38988761,5.369495,8.846212,38988761,fursultiamine,True,2.0,1.0,1.0,True,2 rings
pd-198306,9956637,7.274659,3.394765,9956637,pd-198306,True,3.0,2.0,1.0,True,3 rings
trometamol,6503,-1.3908066,6.2313466,6503,trometamol,True,0.0,0.0,0.0,False,0 rings
tfc-007,16040067,8.404988,7.4815536,16040067,tfc-007,True,5.0,3.0,2.0,True,4+ rings
phloroglucin,359,9.473756,1.5696708,359,phloroglucin,True,1.0,1.0,0.0,True,1 ring
barnidipine,443869,7.396407,0.72995013,443869,barnidipine,True,4.0,2.0,2.0,True,4+ rings
phenindamine,57086802,6.541154,2.0117507,57086802,phenindamine,True,4.0,2.0,2.0,True,4+ rings
diphenylpyraline,3103,8.044124,1.8565903,3103,diphenylpyraline,True,3.0,2.0,1.0,True,3 rings
berberine,2353,8.194149,6.686656,2353,berberine,True,5.0,3.0,2.0,True,4+ rings
an2718,11845944,8.986199,1.516704,11845944,an2718,True,2.0,1.0,1.0,True,2 rings
bromosporine,72943187,6.0815973,8.23475,72943187,bromosporine,True,3.0,3.0,0.0,True,3 rings
dpc,57380301,5.8496885,7.101954,57380301,dpc,True,3.0,2.0,1.0,True,3 rings
ciclesonide,6918155,-3.757818,5.090135,6918155,ciclesonide,True,6.0,0.0,6.0,True,4+ rings
sb-243213,443391,7.953926,6.844397,443391,sb-243213,True,4.0,3.0,1.0,True,4+ rings
furegrelate,3437,7.9337854,6.7213683,3437,furegrelate,True,3.0,3.0,0.0,True,3 rings
triflupromazine,5568,6.155471,3.398234,5568,triflupromazine,True,3.0,2.0,1.0,True,3 rings
penfluridol,33630,8.067773,1.930059,33630,penfluridol,True,4.0,3.0,1.0,True,4+ rings
darunavir,213039,7.127073,2.9776752,213039,darunavir,True,4.0,2.0,2.0,True,4+ rings
micafungin,477468,8.405941,4.210243,477468,micafungin,True,7.0,4.0,3.0,True,4+ rings
meptazinol,25271754,8.969515,2.026352,25271754,meptazinol,True,2.0,1.0,1.0,True,2 rings
ec-23,10314719,7.9334764,1.3283383,10314719,ec-23,True,3.0,2.0,1.0,True,3 rings
av-412,9806229,6.105492,7.7986007,9806229,av-412,True,4.0,3.0,1.0,True,4+ rings
tolvaptan,443894,7.874748,3.3921883,443894,tolvaptan,True,4.0,3.0,1.0,True,4+ rings
hydroquinone,785,9.463958,1.5968068,785,hydroquinone,True,1.0,1.0,0.0,True,1 ring
tobramycin,36294,-2.6547892,6.7633348,36294,tobramycin,True,3.0,0.0,3.0,True,3 rings
cyanopindolol,6604791,7.993346,6.3306246,6604791,cyanopindolol,True,2.0,2.0,0.0,True,2 rings
cefadroxil,6560167,8.216653,2.5760689,6560167,cefadroxil,True,3.0,1.0,2.0,True,3 rings
mandelic-acid,11914,7.873404,1.4751517,11914,mandelic-acid,True,1.0,1.0,0.0,True,1 ring
daphnetin,5280569,10.195433,1.8554877,5280569,daphnetin,True,2.0,2.0,0.0,True,2 rings
levomequitazine,3246605,6.130539,3.4397962,3246605,levomequitazine,True,6.0,2.0,4.0,True,4+ rings
benzamil,108107,6.450319,7.922342,108107,benzamil,True,2.0,2.0,0.0,True,2 rings
benaxibine,7566768,8.166778,3.4106984,7566768,benaxibine,True,2.0,1.0,1.0,True,2 rings
anamorelin,9828911,6.6157775,6.3769174,9828911,anamorelin,True,4.0,3.0,1.0,True,4+ rings
jnj-27141491,11703589,7.8609033,4.375127,11703589,jnj-27141491,True,3.0,3.0,0.0,True,3 rings
oac1,789882,6.6700897,7.8797503,789882,oac1,True,3.0,3.0,0.0,True,3 rings
bismuth-subgallate,73415769,10.181695,1.8458598,73415769,bismuth-subgallate,True,2.0,1.0,1.0,True,2 rings
srpin340,2797577,6.469148,6.9224014,2797577,srpin340,True,3.0,2.0,1.0,True,3 rings
ns-5806,11642685,6.7913966,3.7227294,11642685,ns-5806,True,3.0,3.0,0.0,True,3 rings
trichostatin-a,444732,7.197639,3.3302724,444732,trichostatin-a,True,1.0,1.0,0.0,True,1 ring
ver-49009,4369536,8.049715,6.2639146,4369536,ver-49009,True,3.0,3.0,0.0,True,3 rings
propatylnitrate,66261,-1.3379229,5.999671,66261,propatylnitrate,True,0.0,0.0,0.0,False,0 rings
mepivacaine,6918904,7.0157294,3.6777635,6918904,mepivacaine,True,2.0,1.0,1.0,True,2 rings
phikan-083,4722579,6.2170973,6.293374,4722579,phikan-083,True,3.0,3.0,0.0,True,3 rings
pnu-89843,154689,6.1722713,8.227011,154689,pnu-89843,True,4.0,2.0,2.0,True,4+ rings
betamethasone,9782,-3.5294492,4.899219,9782,betamethasone,True,4.0,0.0,4.0,True,4+ rings
ellagic-acid,5281855,10.720996,1.8028241,5281855,ellagic-acid,True,4.0,4.0,0.0,True,4+ rings
thiothixene,941651,6.6600347,1.8989478,941651,thiothixene,True,4.0,2.0,2.0,True,4+ rings
alanine,7311725,-1.5390154,7.015182,7311725,alanine,True,0.0,0.0,0.0,False,0 rings
veralipride,989438,9.413051,3.1335948,989438,veralipride,True,2.0,1.0,1.0,True,2 rings
"3,4-dcpg-(+/-)",6604849,8.181703,1.8096303,6604849,"3,4-dcpg-(+/-)",True,1.0,1.0,0.0,True,1 ring
piperacillin,43672,7.777545,2.4972675,43672,piperacillin,True,4.0,1.0,3.0,True,4+ rings
semagacestat,9843750,7.4091773,2.3326933,9843750,semagacestat,True,2.0,1.0,1.0,True,2 rings
xanomeline,60809,9.54399,2.5148222,60809,xanomeline,True,2.0,1.0,1.0,True,2 rings
goserelin-acetate,5311128,7.2878385,7.192502,5311128,goserelin-acetate,True,6.0,4.0,2.0,True,4+ rings
bepotastine,25273609,6.9163594,6.733211,25273609,bepotastine,True,3.0,2.0,1.0,True,3 rings
methyldopa,6919173,8.903656,1.9875325,6919173,methyldopa,True,1.0,1.0,0.0,True,1 ring
amitriptyline,2160,6.5663385,2.0108585,2160,amitriptyline,True,3.0,2.0,1.0,True,3 rings
gk921,56682080,6.44923,8.4721985,56682080,gk921,True,4.0,3.0,1.0,True,4+ rings
benzonatate,7699,8.169684,3.4557161,7699,benzonatate,True,1.0,1.0,0.0,True,1 ring
4-carboxy-3-hydroxyphenylglycine-(rs),6604709,8.620504,1.8883008,6604709,4-carboxy-3-hydroxyphenylglycine-(rs),True,1.0,1.0,0.0,True,1 ring
dmab-anabaseine,9926048,5.9734836,6.8986382,9926048,dmab-anabaseine,True,3.0,2.0,1.0,True,3 rings
sarcosine,7311726,-1.371265,6.6905437,7311726,sarcosine,True,0.0,0.0,0.0,False,0 rings
tolonidine,72138,6.4943304,3.7094755,72138,tolonidine,True,2.0,1.0,1.0,True,2 rings
am-92016,6604771,9.1510105,2.905827,6604771,am-92016,True,2.0,2.0,0.0,True,2 rings
pyr-41,5335621,9.124628,3.5262768,5335621,pyr-41,True,3.0,2.0,1.0,True,3 rings
cirazoline,2765,9.51197,2.5230396,2765,cirazoline,True,3.0,1.0,2.0,True,3 rings
daminozide,72200802,-1.5837767,6.9599776,72200802,daminozide,True,0.0,0.0,0.0,False,0 rings
floxuridine,5790,-2.4555779,7.9419928,5790,floxuridine,True,2.0,1.0,1.0,True,2 rings
mirodenafil,135497803,8.0411215,6.8512025,135497803,mirodenafil,True,4.0,3.0,1.0,True,4+ rings
caracemide,54747,-1.2686968,6.7202663,54747,caracemide,True,0.0,0.0,0.0,False,0 rings
jnj-63533054,2548547,6.9960475,2.6138127,2548547,jnj-63533054,True,2.0,2.0,0.0,True,2 rings
l-168049,5311276,7.9731765,6.4762664,5311276,l-168049,True,4.0,4.0,0.0,True,4+ rings
acalisib,11618268,6.669444,8.007268,11618268,acalisib,True,5.0,5.0,0.0,True,4+ rings
methylergometrine,8226,6.3914866,6.230003,8226,methylergometrine,True,4.0,2.0,2.0,True,4+ rings
methylprednisolone-aceponate,63019,-3.63652,4.9740343,63019,methylprednisolone-aceponate,True,4.0,0.0,4.0,True,4+ rings
retaspimycin,25169033,8.895939,3.4082234,25169033,retaspimycin,True,2.0,1.0,1.0,True,2 rings
lasofoxifene,3081919,9.759329,2.4630542,3081919,lasofoxifene,True,5.0,3.0,2.0,True,4+ rings
xl228,59757974,6.061117,8.178194,59757974,xl228,True,5.0,3.0,2.0,True,4+ rings
fluocinonide,9642,-3.8003743,5.1065903,9642,fluocinonide,True,5.0,0.0,5.0,True,4+ rings
cd-1530,9952709,10.0926895,1.536362,9952709,cd-1530,True,7.0,3.0,4.0,True,4+ rings
ci-966,198693,7.9478264,1.7728446,198693,ci-966,True,3.0,2.0,1.0,True,3 rings
cyclothiazide,101691640,6.2306714,3.1870472,101691640,cyclothiazide,True,4.0,1.0,3.0,True,4+ rings
decernotinib,59422203,6.386306,8.166672,59422203,decernotinib,True,3.0,3.0,0.0,True,3 rings
kh-cb19,91899919,6.8989177,6.2631264,91899919,kh-cb19,True,2.0,2.0,0.0,True,2 rings
pf-06747775,91668194,5.3629107,9.084568,91668194,pf-06747775,True,4.0,3.0,1.0,True,4+ rings
avanafil,9869929,8.294201,7.520048,9869929,avanafil,True,4.0,3.0,1.0,True,4+ rings
dcp-la,53732028,-1.8723186,6.002462,53732028,dcp-la,True,2.0,0.0,2.0,True,2 rings
centpropazine,7032530,9.116949,3.5296376,7032530,centpropazine,True,3.0,2.0,1.0,True,3 rings
scmc-lys,193653,-1.6263491,7.2211375,193653,scmc-lys,True,0.0,0.0,0.0,False,0 rings
skf-96365,6604827,7.8780093,7.816332,6604827,skf-96365,True,3.0,3.0,0.0,True,3 rings
azd9272,9838729,6.6297436,7.6773934,9838729,azd9272,True,3.0,3.0,0.0,True,3 rings
sr-2211,51035449,6.6003423,6.7741084,51035449,sr-2211,True,4.0,3.0,1.0,True,4+ rings
idh-305,90415637,6.1489167,7.976952,90415637,idh-305,True,4.0,3.0,1.0,True,4+ rings
ar-42,6918848,7.2343774,3.3885264,6918848,ar-42,True,2.0,2.0,0.0,True,2 rings
toremifene,3005573,9.615126,2.4153228,3005573,toremifene,True,3.0,3.0,0.0,True,3 rings
12-o-tetradecanoylphorbol-13-acetate,27924,-3.3437896,5.2788424,27924,12-o-tetradecanoylphorbol-13-acetate,True,4.0,0.0,4.0,True,4+ rings
ethoxyquin,3293,9.042382,3.2816064,3293,ethoxyquin,True,2.0,1.0,1.0,True,2 rings
citiolone,7057882,-1.6524111,7.209532,7057882,citiolone,True,1.0,0.0,1.0,True,1 ring
exenatide,91935542,7.1844797,7.23734,91935542,exenatide,True,9.0,5.0,4.0,True,4+ rings
althiazide,6604323,6.2249055,3.1753397,6604323,althiazide,True,2.0,1.0,1.0,True,2 rings
isoprenaline,5808,8.883602,2.0428576,5808,isoprenaline,True,1.0,1.0,0.0,True,1 ring
dmnb,88505,9.322651,3.3592658,88505,dmnb,True,1.0,1.0,0.0,True,1 ring
cdk1-5-inhibitor,438981,6.086492,8.183505,438981,cdk1-5-inhibitor,True,3.0,3.0,0.0,True,3 rings
guanethidine,3518,-0.9508758,6.5731936,3518,guanethidine,True,1.0,0.0,1.0,True,1 ring
bms-986020,49792850,8.10399,4.2407494,49792850,bms-986020,True,5.0,4.0,1.0,True,4+ rings
cp-724714,9874913,8.502512,7.3493342,9874913,cp-724714,True,4.0,4.0,0.0,True,4+ rings
allopurinol-riboside,135407110,5.0612564,9.278569,135407110,allopurinol-riboside,True,3.0,2.0,1.0,True,3 rings
pemirolast,57697,-1.269905,6.737271,57697,pemirolast,True,3.0,3.0,0.0,True,3 rings
captopril,44093,-1.8132181,7.1475525,44093,captopril,True,1.0,0.0,1.0,True,1 ring
thioproperazine,9429,6.1114845,3.4446712,9429,thioproperazine,True,4.0,2.0,2.0,True,4+ rings
telratolimod,56833311,6.6367636,8.043131,56833311,telratolimod,True,3.0,3.0,0.0,True,3 rings
azd1208,58423153,7.00024,3.7125323,58423153,azd1208,True,4.0,2.0,2.0,True,4+ rings
warfarin,54688261,10.18546,2.061082,54688261,warfarin,True,3.0,3.0,0.0,True,3 rings
oxiperomide,68634,9.003983,3.3255875,68634,oxiperomide,True,4.0,3.0,1.0,True,4+ rings
isavuconazole,92043107,6.708717,7.5615406,92043107,isavuconazole,True,4.0,4.0,0.0,True,4+ rings
3-alpha-hydroxy-5-beta-androstan-17-one,5880,-2.6368225,5.083719,5880,3-alpha-hydroxy-5-beta-androstan-17-one,True,4.0,0.0,4.0,True,4+ rings
a-967079,42641861,6.64801,1.966338,42641861,a-967079,True,1.0,1.0,0.0,True,1 ring
proacipimox,3068148,4.752461,8.946342,3068148,proacipimox,True,1.0,1.0,0.0,True,1 ring
fluocinolone-acetonide,6215,-3.7731109,5.099098,6215,fluocinolone-acetonide,True,5.0,0.0,5.0,True,4+ rings
cu-cpt-4a,53242268,7.3784757,2.2785966,53242268,cu-cpt-4a,True,3.0,3.0,0.0,True,3 rings
guanidinoethyldisulfide-bicarbonate,3521,-0.9312429,6.4604716,3521,guanidinoethyldisulfide-bicarbonate,True,0.0,0.0,0.0,False,0 rings
ch-5183284,66555680,6.5849504,8.018778,66555680,ch-5183284,True,5.0,5.0,0.0,True,4+ rings
dehydrocholate-acid,6674,-2.7112086,5.061972,6674,dehydrocholate-acid,True,4.0,0.0,4.0,True,4+ rings
deflazacort,189821,-3.6309998,4.9629755,189821,deflazacort,True,5.0,0.0,5.0,True,4+ rings
gsk1059615,23582824,6.3106213,6.626376,23582824,gsk1059615,True,4.0,3.0,1.0,True,4+ rings
propylparaben,7175,10.05356,1.9841782,7175,propylparaben,True,1.0,1.0,0.0,True,1 ring
gs-39783,6604928,5.196704,8.984827,6604928,gs-39783,True,3.0,1.0,2.0,True,3 rings
tc-e-5002,71735843,-1.6370302,6.623299,71735843,tc-e-5002,True,1.0,0.0,1.0,True,1 ring
methyldopate,17277,8.868707,1.9483678,17277,methyldopate,True,1.0,1.0,0.0,True,1 ring
prednisolone-sodium-phosphate,72078,-3.5621147,4.900953,72078,prednisolone-sodium-phosphate,True,4.0,0.0,4.0,True,4+ rings
solcitinib,44603362,6.3702474,7.9191704,44603362,solcitinib,True,5.0,3.0,2.0,True,4+ rings
ct7001,91844733,6.149624,8.346201,91844733,ct7001,True,4.0,3.0,1.0,True,4+ rings
gsk656,133080621,9.506081,2.3000488,133080621,gsk656,True,2.0,1.0,1.0,True,2 rings
n-acetyl-d-glucosamine,1738118,-2.0945518,6.8329496,1738118,n-acetyl-d-glucosamine,True,0.0,0.0,0.0,False,0 rings
ty-52156,16046248,6.462848,3.630181,16046248,ty-52156,True,2.0,2.0,0.0,True,2 rings
azd8186,52913813,9.169644,3.6242816,52913813,azd8186,True,4.0,3.0,1.0,True,4+ rings
azeliragon,11180124,8.093856,7.683961,11180124,azeliragon,True,4.0,4.0,0.0,True,4+ rings
ml365,46785920,9.032003,3.596837,46785920,ml365,True,3.0,3.0,0.0,True,3 rings
5-fluoropyrimidine,69605,5.230583,8.792958,69605,5-fluoropyrimidine,True,1.0,1.0,0.0,True,1 ring
birinapant,49836020,6.531689,6.2572637,49836020,birinapant,True,6.0,4.0,2.0,True,4+ rings
ro-106-9920,92510314,6.388456,3.3545756,92510314,ro-106-9920,True,3.0,3.0,0.0,True,3 rings
sacubitrilat,10430040,7.4574795,2.1646729,10430040,sacubitrilat,True,2.0,2.0,0.0,True,2 rings
nk-252,71618700,8.123635,7.1145363,71618700,nk-252,True,3.0,3.0,0.0,True,3 rings
naringenin,439246,10.61445,1.9620124,439246,naringenin,True,3.0,2.0,1.0,True,3 rings
cyclophosphamide,9554282,-1.1425235,6.4538713,9554282,cyclophosphamide,True,1.0,0.0,1.0,True,1 ring
dr-4485,92211523,7.1951222,3.5040007,92211523,dr-4485,True,5.0,2.0,3.0,True,4+ rings
tyrphostin-ag-494,5328771,8.66007,3.09625,5328771,tyrphostin-ag-494,True,2.0,2.0,0.0,True,2 rings
icrt-14,5967294,6.2043314,6.7893806,5967294,icrt-14,True,4.0,3.0,1.0,True,4+ rings
bs-181,49867929,6.027117,8.287746,49867929,bs-181,True,3.0,3.0,0.0,True,3 rings
tg-101209,16722832,6.206405,7.594875,16722832,tg-101209,True,4.0,3.0,1.0,True,4+ rings
3-carboxy-4-hydroxyphenylglycine-(s),5311460,8.547962,1.915353,5311460,3-carboxy-4-hydroxyphenylglycine-(s),True,1.0,1.0,0.0,True,1 ring
mangafodipir,76967443,7.159847,6.721879,76967443,mangafodipir,True,3.0,2.0,1.0,True,3 rings
dimetindene,6604866,5.9742794,6.915109,6604866,dimetindene,True,3.0,2.0,1.0,True,3 rings
phenacemide,4753,7.034519,2.2614815,4753,phenacemide,True,1.0,1.0,0.0,True,1 ring
radezolid,11224409,6.1593895,6.6597915,11224409,radezolid,True,4.0,3.0,1.0,True,4+ rings
ezetimibe,150311,8.532945,3.3452952,150311,ezetimibe,True,4.0,3.0,1.0,True,4+ rings
trelagliptin,15983988,6.899641,2.4655151,15983988,trelagliptin,True,3.0,2.0,1.0,True,3 rings
etamsylate,17507,9.444468,1.5719371,17507,etamsylate,True,1.0,1.0,0.0,True,1 ring
phenolsulfonphthalein,4766,9.500957,1.4718854,4766,phenolsulfonphthalein,True,4.0,3.0,1.0,True,4+ rings
tcs-2314,11226207,7.32459,3.2881417,11226207,tcs-2314,True,4.0,2.0,2.0,True,4+ rings
dobutamine,65324,8.92178,2.117789,65324,dobutamine,True,2.0,2.0,0.0,True,2 rings
aloin,12305761,10.31514,1.6470473,12305761,aloin,True,4.0,2.0,2.0,True,4+ rings
efavirenz,64139,7.783807,3.4350045,64139,efavirenz,True,3.0,1.0,2.0,True,3 rings
rifamycin-sv,5282048,9.669053,3.6140435,5282048,rifamycin-sv,True,5.0,2.0,3.0,True,4+ rings
apraclonidine,2216,6.4386845,3.7270005,2216,apraclonidine,True,2.0,1.0,1.0,True,2 rings
chlorpromazine,2726,6.137729,3.4141212,2726,chlorpromazine,True,3.0,2.0,1.0,True,3 rings
tivozanib,9911830,8.687583,7.070686,9911830,tivozanib,True,4.0,4.0,0.0,True,4+ rings
lorglumide,13605417,7.069651,2.5283687,13605417,lorglumide,True,1.0,1.0,0.0,True,1 ring
chloroxine,2722,7.5036783,6.4988966,2722,chloroxine,True,2.0,2.0,0.0,True,2 rings
am-281,4302962,6.410352,6.4437857,4302962,am-281,True,4.0,3.0,1.0,True,4+ rings
moxisylyte,4260,9.710762,2.401466,4260,moxisylyte,True,1.0,1.0,0.0,True,1 ring
tc-a-2317,24783396,5.989527,8.145352,24783396,tc-a-2317,True,2.0,2.0,0.0,True,2 rings
dimercaprol,6971262,-1.3075182,6.0078716,6971262,dimercaprol,True,0.0,0.0,0.0,False,0 rings
isoniazid,3767,6.4044137,6.874642,3767,isoniazid,True,1.0,1.0,0.0,True,1 ring
cediranib,9933475,8.75247,7.3251824,9933475,cediranib,True,5.0,4.0,1.0,True,4+ rings
binimetinib,10288191,6.740164,8.028144,10288191,binimetinib,True,3.0,3.0,0.0,True,3 rings
ck-101,117909640,6.152065,7.735515,117909640,ck-101,True,5.0,4.0,1.0,True,4+ rings
vincamine,15376,6.899895,6.1849475,15376,vincamine,True,5.0,2.0,3.0,True,4+ rings
v-51,1376860,9.905161,2.918803,1376860,v-51,True,3.0,2.0,1.0,True,3 rings
tenovin-1,1013376,7.1595764,3.4100988,1013376,tenovin-1,True,2.0,2.0,0.0,True,2 rings
sodium-gualenate,2275,6.712043,1.8696944,2275,sodium-gualenate,True,2.0,0.0,2.0,True,2 rings
carboxypyridine-disulfide,85040,6.884032,6.896163,85040,carboxypyridine-disulfide,True,2.0,2.0,0.0,True,2 rings
a-804598,53325874,5.959905,7.3012238,53325874,a-804598,True,3.0,3.0,0.0,True,3 rings
adiporon,16307093,9.501047,3.0880787,16307093,adiporon,True,4.0,3.0,1.0,True,4+ rings
ica-069673,10149311,6.483229,7.6310153,10149311,ica-069673,True,2.0,2.0,0.0,True,2 rings
albendazole-oxide,13805917,6.806874,8.543198,13805917,albendazole-oxide,True,2.0,2.0,0.0,True,2 rings
gsk2838232,71580991,7.620204,1.8612372,71580991,gsk2838232,True,6.0,1.0,5.0,True,4+ rings
y-27152,6918184,9.678489,2.597088,6918184,y-27152,True,3.0,2.0,1.0,True,3 rings
tiratricol,5803,10.104456,2.0262847,5803,tiratricol,True,2.0,2.0,0.0,True,2 rings
domiphen,3149,9.495715,2.4465208,3149,domiphen,True,1.0,1.0,0.0,True,1 ring
dpo-1,21678144,6.5722585,1.99587,21678144,dpo-1,True,3.0,2.0,1.0,True,3 rings
hexylcaine,6604266,7.830028,1.7813601,6604266,hexylcaine,True,2.0,1.0,1.0,True,2 rings
niguldipine-(r)-(-),6918097,7.401427,0.7272053,6918097,niguldipine-(r)-(-),True,5.0,3.0,2.0,True,4+ rings
beta-lapachone,3885,7.893437,1.4221122,3885,beta-lapachone,True,3.0,1.0,2.0,True,3 rings
ethyl-vanillin,8467,10.035258,1.95298,8467,ethyl-vanillin,True,1.0,1.0,0.0,True,1 ring
doravirine,58460047,9.515089,2.4978824,58460047,doravirine,True,3.0,3.0,0.0,True,3 rings
avn-492,56655571,6.083669,8.018735,56655571,avn-492,True,3.0,3.0,0.0,True,3 rings
minocycline,129396801,8.447071,3.3736548,129396801,minocycline,True,4.0,1.0,3.0,True,4+ rings
vonoprazan,15981397,6.0321417,6.8371363,15981397,vonoprazan,True,3.0,3.0,0.0,True,3 rings
tyrphostin-ag-835,5328769,8.983579,2.5318518,5328769,tyrphostin-ag-835,True,2.0,2.0,0.0,True,2 rings
avapritinib,118023034,6.080123,8.319473,118023034,avapritinib,True,6.0,5.0,1.0,True,4+ rings
ru-58841,132981,6.9384775,3.5552607,132981,ru-58841,True,2.0,1.0,1.0,True,2 rings
nor-binaltorphimine,5480230,8.229749,6.147397,5480230,nor-binaltorphimine,True,13.0,3.0,10.0,True,4+ rings
dioxybenzone,8569,10.588411,1.9568304,8569,dioxybenzone,True,2.0,2.0,0.0,True,2 rings
digoxin,12940973,-3.3787372,5.303848,12940973,digoxin,True,8.0,0.0,8.0,True,4+ rings
oxolinic-acid,4628,9.306856,3.54037,4628,oxolinic-acid,True,3.0,2.0,1.0,True,3 rings
mr-16728,92211530,7.0626745,2.2741497,92211530,mr-16728,True,3.0,1.0,2.0,True,3 rings
tarafenacin,25147683,6.788383,3.5806336,25147683,tarafenacin,True,5.0,2.0,3.0,True,4+ rings
acrisorcin,24144,7.745472,6.5133805,24144,acrisorcin,True,4.0,4.0,0.0,True,4+ rings
ly2452473,24963749,6.24521,6.2796793,24963749,ly2452473,True,4.0,3.0,1.0,True,4+ rings
sdz-ser-082,9859407,6.7482533,3.4739616,9859407,sdz-ser-082,True,4.0,1.0,3.0,True,4+ rings
psb-603,44185871,6.615926,8.149536,44185871,psb-603,True,5.0,4.0,1.0,True,4+ rings
cholic-acid,221493,-2.6852212,5.073064,221493,cholic-acid,True,4.0,0.0,4.0,True,4+ rings
pnu-177864,9887351,9.003474,3.148632,9887351,pnu-177864,True,2.0,2.0,0.0,True,2 rings
terconazole,441383,7.9188805,7.7757525,441383,terconazole,True,5.0,3.0,2.0,True,4+ rings
ml193,1261822,6.558817,6.565555,1261822,ml193,True,5.0,5.0,0.0,True,4+ rings
prn1008,73388818,8.289976,7.498038,73388818,prn1008,True,7.0,4.0,3.0,True,4+ rings
avn-944,9918559,8.00542,6.485621,9918559,avn-944,True,3.0,3.0,0.0,True,3 rings
octadecan-1-ol,8221,-1.9158602,5.9121795,8221,octadecan-1-ol,True,0.0,0.0,0.0,False,0 rings
camylofine-chlorhydrate,51590030,7.516501,2.1781247,51590030,camylofine-chlorhydrate,True,1.0,1.0,0.0,True,1 ring
ro-04-5595,92169474,10.034051,2.9701912,92169474,ro-04-5595,True,3.0,2.0,1.0,True,3 rings
a-61603,10804826,8.858576,2.5144494,10804826,a-61603,True,3.0,1.0,2.0,True,3 rings
poziotinib,25127713,8.770194,7.2659187,25127713,poziotinib,True,4.0,3.0,1.0,True,4+ rings
exemestane,60198,-3.1530724,4.7926507,60198,exemestane,True,4.0,0.0,4.0,True,4+ rings
levothyroxine,5819,9.080506,2.1423745,5819,levothyroxine,True,2.0,2.0,0.0,True,2 rings
on123300,56649281,6.2946444,7.82409,56649281,on123300,True,5.0,3.0,2.0,True,4+ rings
az960,25099184,5.957868,7.9992914,25099184,az960,True,3.0,3.0,0.0,True,3 rings
atractylenolide-i,5321018,-2.51836,5.960062,5321018,atractylenolide-i,True,3.0,0.0,3.0,True,3 rings
lanoconazole,40729546,6.996014,8.195592,40729546,lanoconazole,True,3.0,2.0,1.0,True,3 rings
isopropamide-iodide,3775,7.0533247,2.2629762,3775,isopropamide-iodide,True,2.0,2.0,0.0,True,2 rings
disulfiram,3117,-0.9968708,6.5038204,3117,disulfiram,True,0.0,0.0,0.0,False,0 rings
mk-4074,24964679,7.9700446,6.546268,24964679,mk-4074,True,7.0,4.0,3.0,True,4+ rings
ceftibuten,5282242,4.777044,7.7458344,5282242,ceftibuten,True,3.0,1.0,2.0,True,3 rings
icosapent,446284,-2.2126987,6.1051946,446284,icosapent,True,0.0,0.0,0.0,False,0 rings
sgi-1776,24795070,8.166975,7.6812787,24795070,sgi-1776,True,4.0,3.0,1.0,True,4+ rings
isepamicin,3037209,-2.625789,6.7467723,3037209,isepamicin,True,3.0,0.0,3.0,True,3 rings
cudc-427,71600094,6.6935754,7.006998,71600094,cudc-427,True,5.0,3.0,2.0,True,4+ rings
adaptavir,184644,8.557631,2.3582373,184644,adaptavir,True,1.0,1.0,0.0,True,1 ring
mabuterol,11551355,8.240127,2.1184351,11551355,mabuterol,True,1.0,1.0,0.0,True,1 ring
pd-184352,6918454,7.360605,3.4060023,6918454,pd-184352,True,3.0,2.0,1.0,True,3 rings
dienestrol,667476,9.500204,1.4789778,667476,dienestrol,True,2.0,2.0,0.0,True,2 rings
tanshinone-iia,164676,10.459926,1.9108102,164676,tanshinone-iia,True,4.0,2.0,2.0,True,4+ rings
succinylcholine-chloride,5314,-1.514263,6.5166626,5314,succinylcholine-chloride,True,0.0,0.0,0.0,False,0 rings
efaproxiral,122335,9.021289,3.494974,122335,efaproxiral,True,2.0,2.0,0.0,True,2 rings
eipa,1795,4.8770046,9.186351,1795,eipa,True,1.0,1.0,0.0,True,1 ring
ipa-3,521106,9.489492,1.4365764,521106,ipa-3,True,4.0,4.0,0.0,True,4+ rings
sdz-205-557,5191,9.212704,3.801188,5191,sdz-205-557,True,1.0,1.0,0.0,True,1 ring
valnoctamide,36689722,-1.5562435,6.5834913,36689722,valnoctamide,True,0.0,0.0,0.0,False,0 rings
triamcinolone,31307,-3.5205433,4.8926845,31307,triamcinolone,True,4.0,0.0,4.0,True,4+ rings
ruxolitinib,25126798,6.0642586,8.316758,25126798,ruxolitinib,True,4.0,3.0,1.0,True,4+ rings
vasopressin,133698096,8.465145,2.3873136,133698096,vasopressin,True,4.0,2.0,2.0,True,4+ rings
nab-2,82017756,6.776611,7.961827,82017756,nab-2,True,4.0,4.0,0.0,True,4+ rings
zcl-278,1791111,8.155205,7.362947,1791111,zcl-278,True,3.0,3.0,0.0,True,3 rings
didanosine,135398739,4.9868755,9.353265,135398739,didanosine,True,3.0,2.0,1.0,True,3 rings
amrinone,3698,6.344883,6.9113383,3698,amrinone,True,2.0,2.0,0.0,True,2 rings
acolbifene,155435,9.667508,2.4915571,155435,acolbifene,True,5.0,3.0,2.0,True,4+ rings
bag-956,24882589,6.285933,8.377629,24882589,bag-956,True,5.0,5.0,0.0,True,4+ rings
cisatracurium,62887,10.106487,3.0287952,62887,cisatracurium,True,6.0,4.0,2.0,True,4+ rings
cis-acpd,231345,-1.6766522,7.0074496,231345,cis-acpd,True,1.0,0.0,1.0,True,1 ring
clofoctol,2799,9.470882,1.4723778,2799,clofoctol,True,2.0,2.0,0.0,True,2 rings
amg-perk-44,86583045,6.596217,6.4017067,86583045,amg-perk-44,True,6.0,6.0,0.0,True,4+ rings
phenylethyl-alcohol,6054,7.765017,1.4914664,6054,phenylethyl-alcohol,True,1.0,1.0,0.0,True,1 ring
decoquinate,29112,9.289036,3.631645,29112,decoquinate,True,2.0,2.0,0.0,True,2 rings
oleandrin,11541511,-3.3807042,5.3216867,11541511,oleandrin,True,6.0,0.0,6.0,True,4+ rings
indisulam,216468,6.114763,6.360832,216468,indisulam,True,3.0,3.0,0.0,True,3 rings
l-name,39836,-1.7132077,7.0847745,39836,l-name,True,0.0,0.0,0.0,False,0 rings
adenine,190,5.240779,9.040072,190,adenine,True,2.0,2.0,0.0,True,2 rings
ampalex,148184,6.4302974,6.772222,148184,ampalex,True,3.0,2.0,1.0,True,3 rings
sulfadiazine,5215,6.240338,7.407531,5215,sulfadiazine,True,2.0,2.0,0.0,True,2 rings
otenzepad,76966449,6.493097,7.5978584,76966449,otenzepad,True,4.0,2.0,2.0,True,4+ rings
licofelone,133021,6.769675,6.348524,133021,licofelone,True,4.0,3.0,1.0,True,4+ rings
cd-437,135411,9.991486,1.5315204,135411,cd-437,True,7.0,3.0,4.0,True,4+ rings
jlk-6,3803,8.176062,3.4458213,3803,jlk-6,True,2.0,2.0,0.0,True,2 rings
quinelorane,57242,5.8621144,7.9003253,57242,quinelorane,True,3.0,1.0,2.0,True,3 rings
motolimod,16049404,7.3275075,3.3849676,16049404,motolimod,True,4.0,2.0,2.0,True,4+ rings
tonabersat,6918324,9.5504265,2.9637642,6918324,tonabersat,True,3.0,2.0,1.0,True,3 rings
rita,374536,9.920256,2.146782,374536,rita,True,3.0,3.0,0.0,True,3 rings
sonidegib,24775005,8.177523,7.2240973,24775005,sonidegib,True,4.0,3.0,1.0,True,4+ rings
ebastine,3191,7.9478145,1.7900324,3191,ebastine,True,4.0,3.0,1.0,True,4+ rings
delgocitinib,50914062,6.1980104,8.246548,50914062,delgocitinib,True,4.0,2.0,2.0,True,4+ rings
deslorelin,25077495,7.317574,7.186148,25077495,deslorelin,True,8.0,6.0,2.0,True,4+ rings
"l-655,708",5311203,7.2499833,7.870042,5311203,"l-655,708",True,4.0,2.0,2.0,True,4+ rings
way-170523,9830392,9.15334,3.5292356,9830392,way-170523,True,5.0,5.0,0.0,True,4+ rings
nicorandil,47528,6.5055575,6.905494,47528,nicorandil,True,1.0,1.0,0.0,True,1 ring
meluadrine,92261245,8.682248,2.0674767,92261245,meluadrine,True,1.0,1.0,0.0,True,1 ring
elvitegravir,5277135,9.209497,3.7375152,5277135,elvitegravir,True,3.0,3.0,0.0,True,3 rings
brimonidine,2435,5.9265747,7.5013113,2435,brimonidine,True,3.0,2.0,1.0,True,3 rings
ranolazine,13560750,9.048946,3.373889,13560750,ranolazine,True,3.0,2.0,1.0,True,3 rings
n6-methyladenosine,102175,5.406014,9.266712,102175,n6-methyladenosine,True,3.0,2.0,1.0,True,3 rings
azd3759,78209992,8.808662,7.298325,78209992,azd3759,True,4.0,3.0,1.0,True,4+ rings
secoisolariciresinol-diglucoside,9917980,10.098914,1.7145529,9917980,secoisolariciresinol-diglucoside,True,4.0,2.0,2.0,True,4+ rings
drf053-(r),25168304,6.358199,8.502647,25168304,drf053-(r),True,4.0,4.0,0.0,True,4+ rings
hydrochlorothiazide,3639,6.2380342,3.1736982,3639,hydrochlorothiazide,True,2.0,1.0,1.0,True,2 rings
brexpiprazole,11978813,9.149084,3.3511217,11978813,brexpiprazole,True,5.0,4.0,1.0,True,4+ rings
ascomycin,134129697,-2.711945,6.3077517,134129697,ascomycin,True,4.0,0.0,4.0,True,4+ rings
hydroxyprogesterone-acetate,10156152,-3.2344604,4.749553,10156152,hydroxyprogesterone-acetate,True,4.0,0.0,4.0,True,4+ rings
leuprolide,657181,7.3032455,7.191684,657181,leuprolide,True,6.0,4.0,2.0,True,4+ rings
mrs-1334,6604859,7.414465,0.75189173,6604859,mrs-1334,True,4.0,3.0,1.0,True,4+ rings
triflusal,9458,10.234022,2.1113718,9458,triflusal,True,1.0,1.0,0.0,True,1 ring
rs-102221,3693566,9.19715,3.3854709,3693566,rs-102221,True,4.0,2.0,2.0,True,4+ rings
cyclopenthiazide,6604279,6.2390957,3.1750846,6604279,cyclopenthiazide,True,3.0,1.0,2.0,True,3 rings
minaprine,4199,5.9072046,7.5403957,4199,minaprine,True,3.0,2.0,1.0,True,3 rings
mannitol-d,6251,-1.5996807,5.650889,6251,mannitol-d,True,0.0,0.0,0.0,False,0 rings
way-207024,11496610,6.4072123,8.435451,11496610,way-207024,True,6.0,5.0,1.0,True,4+ rings
chir-124,135399748,6.7076144,8.217138,135399748,chir-124,True,7.0,4.0,3.0,True,4+ rings
deltarasin,73292904,8.187188,7.7710896,73292904,deltarasin,True,8.0,7.0,1.0,True,4+ rings
toloxatone,13753599,6.8388386,3.4429572,13753599,toloxatone,True,2.0,1.0,1.0,True,2 rings
pivampicillin,33478,7.726376,2.4810278,33478,pivampicillin,True,3.0,1.0,2.0,True,3 rings
levallorphan,5359371,9.007321,2.0854435,5359371,levallorphan,True,4.0,1.0,3.0,True,4+ rings
alinidine,36354,6.432431,3.7412674,36354,alinidine,True,2.0,1.0,1.0,True,2 rings
mubritinib,6444692,8.021013,6.8825617,6444692,mubritinib,True,4.0,4.0,0.0,True,4+ rings
zaldaride,92460626,6.707629,6.516473,92460626,zaldaride,True,6.0,4.0,2.0,True,4+ rings
farampator,4118151,7.2970057,3.4925745,4118151,farampator,True,3.0,2.0,1.0,True,3 rings
heclin,7464118,9.09226,3.5370033,7464118,heclin,True,2.0,2.0,0.0,True,2 rings
cyclopamine,442972,-2.9910972,5.2479076,442972,cyclopamine,True,6.0,0.0,6.0,True,4+ rings
maribavir,471161,6.38722,8.627504,471161,maribavir,True,3.0,2.0,1.0,True,3 rings
krn-633,9549295,8.778112,7.2636013,9549295,krn-633,True,3.0,3.0,0.0,True,3 rings
ym-155,10126189,6.836429,8.00695,10126189,ym-155,True,4.0,3.0,1.0,True,4+ rings
cct245737,72165232,6.112569,8.003523,72165232,cct245737,True,3.0,2.0,1.0,True,3 rings
piroxicam,54676228,6.8183064,7.4435205,54676228,piroxicam,True,3.0,2.0,1.0,True,3 rings
avatrombopag,9852519,6.606202,7.6266427,9852519,avatrombopag,True,6.0,3.0,3.0,True,4+ rings
ramipril,6992028,7.54093,2.2892034,6992028,ramipril,True,3.0,1.0,2.0,True,3 rings
gsk3179106,78427026,7.998294,4.322293,78427026,gsk3179106,True,3.0,3.0,0.0,True,3 rings
pelitinib,6445562,8.609075,7.0727863,6445562,pelitinib,True,3.0,3.0,0.0,True,3 rings
3-matida,92327883,7.781662,1.7273034,92327883,3-matida,True,1.0,1.0,0.0,True,1 ring
aceneuramic-acid,445063,-2.3188608,6.76876,445063,aceneuramic-acid,True,1.0,0.0,1.0,True,1 ring
anguidine,91518,-3.0721931,5.5955415,91518,anguidine,True,4.0,0.0,4.0,True,4+ rings
pgl5001,76969933,7.3787,7.5605507,76969933,pgl5001,True,5.0,4.0,1.0,True,4+ rings
etomoxir,9840324,9.822743,1.990496,9840324,etomoxir,True,2.0,1.0,1.0,True,2 rings
am-404,6604822,8.679311,3.2922034,6604822,am-404,True,1.0,1.0,0.0,True,1 ring
flumexadol,76971765,8.078875,1.9289808,76971765,flumexadol,True,2.0,1.0,1.0,True,2 rings
delcasertib,56843747,8.51824,2.3622804,56843747,delcasertib,True,3.0,3.0,0.0,True,3 rings
pf-3274167,11683187,8.153321,7.6754665,11683187,pf-3274167,True,4.0,3.0,1.0,True,4+ rings
odanacatib,10152654,6.9812627,2.3215098,10152654,odanacatib,True,3.0,2.0,1.0,True,3 rings
amsacrine,2179,7.960262,6.6080723,2179,amsacrine,True,4.0,4.0,0.0,True,4+ rings
temozolomide,5394,4.875706,9.192284,5394,temozolomide,True,2.0,2.0,0.0,True,2 rings
tepp-46,60156291,6.5690875,6.725785,60156291,tepp-46,True,4.0,4.0,0.0,True,4+ rings
glasdegib,25166913,6.6273484,8.427903,25166913,glasdegib,True,4.0,3.0,1.0,True,4+ rings
mk-8033,45142457,6.4255934,6.716043,45142457,mk-8033,True,5.0,5.0,0.0,True,4+ rings
dim-c-pphco2me,15637614,7.0202355,6.3295393,15637614,dim-c-pphco2me,True,5.0,5.0,0.0,True,4+ rings
moroxydine,71655,-1.1702976,6.579131,71655,moroxydine,True,1.0,0.0,1.0,True,1 ring
talazoparib,135565082,6.5514364,7.880441,135565082,talazoparib,True,5.0,4.0,1.0,True,4+ rings
cromakalim,76968376,9.742396,2.6211407,76968376,cromakalim,True,6.0,2.0,4.0,True,4+ rings
closantel,72715766,8.361483,3.4022245,72715766,closantel,True,3.0,3.0,0.0,True,3 rings
xmd17-109,71604307,8.416589,7.4157214,71604307,xmd17-109,True,7.0,3.0,4.0,True,4+ rings
h-151,7616033,6.1647058,6.407873,7616033,h-151,True,3.0,3.0,0.0,True,3 rings
bw-723c86,40418385,7.959882,6.5227356,40418385,bw-723c86,True,3.0,3.0,0.0,True,3 rings
"1,4-butanediol",8064,-1.3876189,5.986233,8064,"1,4-butanediol",True,0.0,0.0,0.0,False,0 rings
carfilzomib,11556711,7.525292,2.3127725,11556711,carfilzomib,True,4.0,2.0,2.0,True,4+ rings
nifenalol,202035,8.162283,2.2904663,202035,nifenalol,True,1.0,1.0,0.0,True,1 ring
2-hydroxysaclofen,7005135,7.9963827,2.0321407,7005135,2-hydroxysaclofen,True,1.0,1.0,0.0,True,1 ring
metamizole,3111,6.672385,3.68169,3111,metamizole,True,2.0,2.0,0.0,True,2 rings
ml130,1088438,6.6367736,8.370901,1088438,ml130,True,3.0,3.0,0.0,True,3 rings
inosine,135398641,4.990001,9.365261,135398641,inosine,True,3.0,2.0,1.0,True,3 rings
icaritin,5318980,10.623588,1.9575908,5318980,icaritin,True,3.0,3.0,0.0,True,3 rings
felbinac,3332,7.65886,1.4428612,3332,felbinac,True,2.0,2.0,0.0,True,2 rings
fumonisin-b1,2733487,-2.1025674,6.448943,2733487,fumonisin-b1,True,0.0,0.0,0.0,False,0 rings
fentiazac,28871,6.7964225,6.4911304,28871,fentiazac,True,3.0,3.0,0.0,True,3 rings
ly2228820,11539025,6.488727,8.395507,11539025,ly2228820,True,4.0,4.0,0.0,True,4+ rings
piretanide,4849,9.044851,3.394888,4849,piretanide,True,3.0,2.0,1.0,True,3 rings
pnu-74654,9836739,9.696677,2.8601694,9836739,pnu-74654,True,3.0,3.0,0.0,True,3 rings
pyrantel,8546,10.2454,1.6021801,8546,pyrantel,True,4.0,4.0,0.0,True,4+ rings
cpa-inhibitor,124386386,7.533292,2.033511,124386386,cpa-inhibitor,True,2.0,2.0,0.0,True,2 rings
bw-373u86,119029,8.862349,2.5450268,119029,bw-373u86,True,3.0,2.0,1.0,True,3 rings
eptifibatide,134812820,6.7365594,6.4225183,134812820,eptifibatide,True,4.0,2.0,2.0,True,4+ rings
lxr-623,16734800,6.0710425,6.4698124,16734800,lxr-623,True,4.0,4.0,0.0,True,4+ rings
gabazine,107896,9.62027,2.4618247,107896,gabazine,True,2.0,2.0,0.0,True,2 rings
cct196969,42628843,8.371461,7.2481627,42628843,cct196969,True,5.0,5.0,0.0,True,4+ rings
hepsulfam,100606,-1.7404867,5.9206166,100606,hepsulfam,True,0.0,0.0,0.0,False,0 rings
sultiame,5356,6.3835735,3.2337375,5356,sultiame,True,2.0,1.0,1.0,True,2 rings
ro-3306,135400873,6.3468666,6.7719502,135400873,ro-3306,True,4.0,3.0,1.0,True,4+ rings
perindopril,40466996,-1.912889,6.9394965,40466996,perindopril,True,2.0,0.0,2.0,True,2 rings
dup-697,3177,6.764532,1.8372715,3177,dup-697,True,3.0,3.0,0.0,True,3 rings
"1-((z)-3-chloroallyl)-1,3,5,7-tetraazaadamantan-1-ium",5846454,-1.0160396,6.531628,5846454,"1-((z)-3-chloroallyl)-1,3,5,7-tetraazaadamantan-1-ium",True,4.0,0.0,4.0,True,4+ rings
lazertinib,121269225,8.438533,7.6413655,121269225,lazertinib,True,5.0,4.0,1.0,True,4+ rings
teniposide,452548,10.764501,1.698854,452548,teniposide,True,8.0,3.0,5.0,True,4+ rings
nicergoline,34040,7.113194,6.3630514,34040,nicergoline,True,5.0,3.0,2.0,True,4+ rings
rg7800,89741565,6.133763,8.037622,89741565,rg7800,True,5.0,4.0,1.0,True,4+ rings
tiplaxtinin,6450819,7.837272,6.390167,6450819,tiplaxtinin,True,4.0,4.0,0.0,True,4+ rings
alexidine,40488318,-0.94887584,6.5528893,40488318,alexidine,True,0.0,0.0,0.0,False,0 rings
valaciclovir,135398742,4.886507,9.247952,135398742,valaciclovir,True,2.0,2.0,0.0,True,2 rings
5-octanoylsalicylic-acid,9838158,10.293644,1.9885256,9838158,5-octanoylsalicylic-acid,True,1.0,1.0,0.0,True,1 ring
carebastine,65820,7.9558496,1.7804419,65820,carebastine,True,4.0,3.0,1.0,True,4+ rings
ryuvidine,481747,6.6244645,6.726481,481747,ryuvidine,True,3.0,2.0,1.0,True,3 rings
sbi-115,18879973,8.166904,7.4385524,18879973,sbi-115,True,2.0,2.0,0.0,True,2 rings
epinastine,15629776,6.6306715,3.6156385,15629776,epinastine,True,4.0,2.0,2.0,True,4+ rings
colforsin-daproate,444029,-3.4615164,5.2180004,444029,colforsin-daproate,True,3.0,0.0,3.0,True,3 rings
gdc-0879,11717001,5.986368,6.843507,11717001,gdc-0879,True,4.0,3.0,1.0,True,4+ rings
guanadrel,45356255,-1.5362325,6.021706,45356255,guanadrel,True,2.0,0.0,2.0,True,2 rings
n-methylformamide,31254,-1.1328338,6.3328643,31254,n-methylformamide,True,0.0,0.0,0.0,False,0 rings
estramustine-phosphate,259329,10.151423,1.1815226,259329,estramustine-phosphate,True,4.0,1.0,3.0,True,4+ rings
apoptosis-activator-ii,1901244,7.252376,3.2600157,1901244,apoptosis-activator-ii,True,3.0,2.0,1.0,True,3 rings
tc-g-1005,71450251,7.9784007,6.912415,71450251,tc-g-1005,True,5.0,3.0,2.0,True,4+ rings
ametantrone,2134,7.4049907,3.3973444,2134,ametantrone,True,3.0,2.0,1.0,True,3 rings
pacritinib,46216796,8.37666,7.4986424,46216796,pacritinib,True,5.0,3.0,2.0,True,4+ rings
ruboxistaurin,153999,6.5184646,6.281759,153999,ruboxistaurin,True,6.0,4.0,2.0,True,4+ rings
abacavir,441300,5.4228425,9.144921,441300,abacavir,True,4.0,2.0,2.0,True,4+ rings
emoxipin,114681,7.276317,6.7094035,114681,emoxipin,True,1.0,1.0,0.0,True,1 ring
tyrphostin-ag-18,2052,9.513465,1.6500244,2052,tyrphostin-ag-18,True,1.0,1.0,0.0,True,1 ring
meticrane,4165,6.710387,1.8675432,4165,meticrane,True,2.0,1.0,1.0,True,2 rings
terazosin,1398859,8.853021,7.3348875,1398859,terazosin,True,4.0,2.0,2.0,True,4+ rings
thiamylal,3033021,-1.4689529,6.695492,3033021,thiamylal,True,1.0,0.0,1.0,True,1 ring
5-bdbd,9841560,9.163893,3.5862157,9841560,5-bdbd,True,4.0,3.0,1.0,True,4+ rings
thiopental,3033017,-1.5326551,6.746845,3033017,thiopental,True,1.0,0.0,1.0,True,1 ring
calcitriol,5280453,-2.9157786,5.3508153,5280453,calcitriol,True,3.0,0.0,3.0,True,3 rings
thiostrepton,16154490,6.9083133,6.9318852,16154490,thiostrepton,True,10.0,5.0,5.0,True,4+ rings
metharbital,4099,-1.434948,6.766884,4099,metharbital,True,1.0,0.0,1.0,True,1 ring
"3,4-dcpg-(r)",6604849,8.149886,1.8296937,6604849,"3,4-dcpg-(r)",True,1.0,1.0,0.0,True,1 ring
abt-737,11228183,7.142836,3.2880027,11228183,abt-737,True,6.0,5.0,1.0,True,4+ rings
octisalate,1550885,10.203586,2.035661,1550885,octisalate,True,1.0,1.0,0.0,True,1 ring
serotonin,5202,7.7691207,6.393441,5202,serotonin,True,2.0,2.0,0.0,True,2 rings
diclofensine,23872188,9.6852455,2.7613723,23872188,diclofensine,True,3.0,2.0,1.0,True,3 rings
mizolastine,65906,6.665557,8.265849,65906,mizolastine,True,5.0,4.0,1.0,True,4+ rings
desvenlafaxine,12018336,8.94967,1.9982847,12018336,desvenlafaxine,True,2.0,1.0,1.0,True,2 rings
fenofibric-acid,64929,10.125822,2.0525527,64929,fenofibric-acid,True,2.0,2.0,0.0,True,2 rings
licostinel,5486198,6.573511,3.6853378,5486198,licostinel,True,2.0,2.0,0.0,True,2 rings
mk-8245,24988881,8.362001,6.7945557,24988881,mk-8245,True,4.0,3.0,1.0,True,4+ rings
cyc116,6420138,6.469907,7.7465096,6420138,cyc116,True,4.0,3.0,1.0,True,4+ rings
hygromycin-b,91617579,-2.6521146,6.7643905,91617579,hygromycin-b,True,4.0,0.0,4.0,True,4+ rings
rigosertib,6918736,9.070412,3.2829723,6918736,rigosertib,True,2.0,2.0,0.0,True,2 rings
etosalamide,208946,9.775582,2.7335742,208946,etosalamide,True,1.0,1.0,0.0,True,1 ring
forskolin,47936,-3.4172375,5.2437787,47936,forskolin,True,3.0,0.0,3.0,True,3 rings
rsv604,5279172,6.983809,3.7136252,5279172,rsv604,True,4.0,3.0,1.0,True,4+ rings
dapoxetine,71353,9.532412,2.6740694,71353,dapoxetine,True,3.0,3.0,0.0,True,3 rings
sc-144,400169,6.3899946,8.118083,400169,sc-144,True,4.0,4.0,0.0,True,4+ rings
triamcinolone-hexacetonide,21826,-3.7708533,5.09404,21826,triamcinolone-hexacetonide,True,5.0,0.0,5.0,True,4+ rings
ly2584702,25118925,6.083093,8.320153,25118925,ly2584702,True,5.0,4.0,1.0,True,4+ rings
tak-901,16124208,6.5587115,7.8869543,16124208,tak-901,True,5.0,4.0,1.0,True,4+ rings
adx-47273,11383075,6.697112,7.508906,11383075,adx-47273,True,4.0,3.0,1.0,True,4+ rings
hbed,37336,8.851306,2.1829722,37336,hbed,True,2.0,2.0,0.0,True,2 rings
urea,1176,-1.1012132,6.25114,1176,urea,True,0.0,0.0,0.0,False,0 rings
fenoxaprop-p-ethyl,91707,7.9462667,6.453088,91707,fenoxaprop-p-ethyl,True,3.0,3.0,0.0,True,3 rings
cfm-1571,9844347,8.153021,6.557236,9844347,cfm-1571,True,3.0,3.0,0.0,True,3 rings
malotilate,4006,-1.7324508,6.022694,4006,malotilate,True,1.0,0.0,1.0,True,1 ring
amg319,133547162,6.2643027,8.284465,133547162,amg319,True,5.0,5.0,0.0,True,4+ rings
ethosuximide,10630591,-1.4876082,6.732458,10630591,ethosuximide,True,1.0,0.0,1.0,True,1 ring
indole-3-pyrubate,85336038,6.4779134,6.2423573,85336038,indole-3-pyrubate,True,2.0,2.0,0.0,True,2 rings
estradiol-3-o-sulfamate,6918339,10.153351,1.142811,6918339,estradiol-3-o-sulfamate,True,4.0,1.0,3.0,True,4+ rings
clocortolone-pivalate,5282493,-3.610085,4.893306,5282493,clocortolone-pivalate,True,4.0,0.0,4.0,True,4+ rings
butyl-paraben,7184,10.060634,1.9991388,7184,butyl-paraben,True,1.0,1.0,0.0,True,1 ring
aminomethyltransferase,7059445,-0.876472,6.429543,7059445,aminomethyltransferase,True,1.0,0.0,1.0,True,1 ring
diquafosol,148197,-2.4673965,7.9608216,148197,diquafosol,True,4.0,2.0,2.0,True,4+ rings
detomidine,56032,6.790757,8.269839,56032,detomidine,True,2.0,2.0,0.0,True,2 rings
navitoclax,24978538,7.0736203,3.330561,24978538,navitoclax,True,7.0,4.0,3.0,True,4+ rings
ampa-(s),7000183,-1.7490888,7.038664,7000183,ampa-(s),True,1.0,1.0,0.0,True,1 ring
carbetapentane,2562,7.7398353,1.5940095,2562,carbetapentane,True,2.0,1.0,1.0,True,2 rings
meparfylon,6494,-1.4258394,5.9679837,6494,meparfylon,True,0.0,0.0,0.0,False,0 rings
phenacetin,4754,8.884371,3.3630185,4754,phenacetin,True,1.0,1.0,0.0,True,1 ring
thiodiglycol,5447,-1.2803752,6.0225024,5447,thiodiglycol,True,0.0,0.0,0.0,False,0 rings
vortioxetine,9966051,6.184879,3.4261723,9966051,vortioxetine,True,3.0,2.0,1.0,True,3 rings
benserazide,657280,8.886882,1.9870956,657280,benserazide,True,1.0,1.0,0.0,True,1 ring
naquotinib,71667668,6.4400215,7.8322425,71667668,naquotinib,True,5.0,2.0,3.0,True,4+ rings
epristeride,68741,-3.1459742,4.788354,68741,epristeride,True,4.0,0.0,4.0,True,4+ rings
methoprene-(s),1711973,-2.56793,5.95958,1711973,methoprene-(s),True,0.0,0.0,0.0,False,0 rings
immepip,3035842,4.945385,8.835527,3035842,immepip,True,2.0,1.0,1.0,True,2 rings
dapiprazole,3033538,6.2414527,8.11392,3033538,dapiprazole,True,4.0,2.0,2.0,True,4+ rings
quinaprilat,107994,7.4714174,2.3241792,107994,quinaprilat,True,3.0,2.0,1.0,True,3 rings
trofinetide,3080768,-1.8405725,7.0653596,3080768,trofinetide,True,1.0,0.0,1.0,True,1 ring
wz-3146,44607360,8.437023,7.53469,44607360,wz-3146,True,4.0,3.0,1.0,True,4+ rings
ici-169369,122265,6.1242385,6.6776123,122265,ici-169369,True,3.0,3.0,0.0,True,3 rings
buramate,20787,7.064472,2.3132787,20787,buramate,True,1.0,1.0,0.0,True,1 ring
chromocarb,2741,10.198285,2.0996246,2741,chromocarb,True,2.0,2.0,0.0,True,2 rings
canagliflozin,24812758,9.778876,1.6312975,24812758,canagliflozin,True,4.0,3.0,1.0,True,4+ rings
aminopurvalanol-a,6604931,6.3718286,8.52546,6604931,aminopurvalanol-a,True,3.0,3.0,0.0,True,3 rings
fisogatinib,91885617,8.572021,7.3580313,91885617,fisogatinib,True,4.0,3.0,1.0,True,4+ rings
bia-10-2474,46831476,6.5289173,8.16512,46831476,bia-10-2474,True,3.0,2.0,1.0,True,3 rings
triclabendazole,50248,8.145138,7.927699,50248,triclabendazole,True,3.0,3.0,0.0,True,3 rings
rogaratinib,71611869,8.120557,7.7487946,71611869,rogaratinib,True,5.0,4.0,1.0,True,4+ rings
ciproxifan,6422124,7.9441047,7.6673303,6422124,ciproxifan,True,3.0,2.0,1.0,True,3 rings
defactinib,25117126,6.461812,7.737042,25117126,defactinib,True,3.0,3.0,0.0,True,3 rings
ifosfamide,9588020,-1.0703591,6.4952507,9588020,ifosfamide,True,1.0,0.0,1.0,True,1 ring
brigatinib,68165256,8.534161,7.6181755,68165256,brigatinib,True,5.0,3.0,2.0,True,4+ rings
raf265,11656518,8.170617,7.791036,11656518,raf265,True,5.0,5.0,0.0,True,4+ rings
sb-657510,11272107,9.038306,3.095343,11272107,sb-657510,True,3.0,2.0,1.0,True,3 rings
trazodone,5533,6.4998026,3.719127,5533,trazodone,True,4.0,3.0,1.0,True,4+ rings
diphenylguanidine,7594,6.456582,3.6391299,7594,diphenylguanidine,True,2.0,2.0,0.0,True,2 rings
lometrexol,135413518,7.2984977,2.8423417,135413518,lometrexol,True,3.0,2.0,1.0,True,3 rings
remoxipride,54477,9.370688,3.1474142,54477,remoxipride,True,2.0,1.0,1.0,True,2 rings
mepenzolate,13981865,7.902503,1.6579698,13981865,mepenzolate,True,3.0,2.0,1.0,True,3 rings
cgs-21680,3086599,6.3300257,8.70474,3086599,cgs-21680,True,4.0,3.0,1.0,True,4+ rings
"16,16-dimethylprostaglandin-e2",5283066,-2.6790612,5.9563465,5283066,"16,16-dimethylprostaglandin-e2",True,1.0,0.0,1.0,True,1 ring
bmy-45778,127861,7.932241,6.571658,127861,bmy-45778,True,5.0,5.0,0.0,True,4+ rings
lpa2-antagonist-1,24882686,6.3571215,7.8321457,24882686,lpa2-antagonist-1,True,4.0,3.0,1.0,True,4+ rings
chlorothiazide,2720,6.2386417,3.1825995,2720,chlorothiazide,True,2.0,1.0,1.0,True,2 rings
enoxolone,10114,-3.2166712,5.1059046,10114,enoxolone,True,5.0,0.0,5.0,True,4+ rings
copper-histidine,71083,4.914627,8.854795,71083,copper-histidine,True,1.0,1.0,0.0,True,1 ring
scs,135445765,9.13258,2.7641885,135445765,scs,True,2.0,2.0,0.0,True,2 rings
dalbavancin,16134627,10.054536,3.127931,16134627,dalbavancin,True,15.0,7.0,8.0,True,4+ rings
1-octanol,957,-1.9111518,5.917186,957,1-octanol,True,0.0,0.0,0.0,False,0 rings
"4-acetyl-1,1-dimethylpiperazinium",4392675,-1.2775089,6.700978,4392675,"4-acetyl-1,1-dimethylpiperazinium",True,1.0,0.0,1.0,True,1 ring
phenylmercuric-acetate,9905811,7.416487,1.575232,9905811,phenylmercuric-acetate,True,1.0,1.0,0.0,True,1 ring
vismodegib,24776445,6.4161754,6.8084226,24776445,vismodegib,True,3.0,3.0,0.0,True,3 rings
methanesulfonyl-fluoride,11207,-1.1182599,6.130417,11207,methanesulfonyl-fluoride,True,0.0,0.0,0.0,False,0 rings
thiamphenicol,27200,8.239014,2.0928092,27200,thiamphenicol,True,1.0,1.0,0.0,True,1 ring
enflurane,7059516,-1.1995767,6.0302587,7059516,enflurane,True,0.0,0.0,0.0,False,0 rings
pravadoline,56463,7.8742833,6.4616265,56463,pravadoline,True,4.0,3.0,1.0,True,4+ rings
apy-29,42627755,6.0818577,8.325437,42627755,apy-29,True,5.0,4.0,1.0,True,4+ rings
ipi549,91933883,6.456043,7.934954,91933883,ipi549,True,6.0,6.0,0.0,True,4+ rings
uk-356618,10370504,7.13995,2.3541481,10370504,uk-356618,True,3.0,3.0,0.0,True,3 rings
salicylanilide,6872,8.531697,3.3517044,6872,salicylanilide,True,2.0,2.0,0.0,True,2 rings
cj-033466,10429706,6.565214,7.922778,10429706,cj-033466,True,3.0,2.0,1.0,True,3 rings
bctc,9929425,6.053044,7.660645,9929425,bctc,True,3.0,2.0,1.0,True,3 rings
tebipenem,9892071,-1.8730321,7.3382926,9892071,tebipenem,True,4.0,0.0,4.0,True,4+ rings
alverine,3678,6.623938,2.0346882,3678,alverine,True,2.0,2.0,0.0,True,2 rings
enalaprilat,5462501,7.5236206,2.3263261,5462501,enalaprilat,True,2.0,1.0,1.0,True,2 rings
glyburide,3488,9.365099,3.1628394,3488,glyburide,True,3.0,2.0,1.0,True,3 rings
gsk3326595,90241742,6.4048343,7.7574015,90241742,gsk3326595,True,4.0,2.0,2.0,True,4+ rings
ubp-310,6420160,7.5781407,2.568429,6420160,ubp-310,True,2.0,2.0,0.0,True,2 rings
nimorazole,23009,4.5788355,8.818291,23009,nimorazole,True,2.0,1.0,1.0,True,2 rings
hth-01-015,78357766,6.473726,7.84591,78357766,hth-01-015,True,6.0,4.0,2.0,True,4+ rings
raltegravir,54671008,7.0844703,2.3476915,54671008,raltegravir,True,3.0,3.0,0.0,True,3 rings
cabagin,7098638,-1.5758471,7.227337,7098638,cabagin,True,0.0,0.0,0.0,False,0 rings
tetracaine,5411,8.1960745,3.450109,5411,tetracaine,True,1.0,1.0,0.0,True,1 ring
az-12080282,25253556,8.13193,7.5106835,25253556,az-12080282,True,4.0,4.0,0.0,True,4+ rings
tolterodine,443879,8.972147,2.020882,443879,tolterodine,True,2.0,2.0,0.0,True,2 rings
benzyl-isothiocyanate,2346,6.6073246,2.0758715,2346,benzyl-isothiocyanate,True,1.0,1.0,0.0,True,1 ring
upamostat,9852201,7.207706,2.3156402,9852201,upamostat,True,3.0,2.0,1.0,True,3 rings
dihydroxyphenylglycine,10197959,8.67289,1.8955084,10197959,dihydroxyphenylglycine,True,1.0,1.0,0.0,True,1 ring
monoctanoin,3085369,-1.9450718,5.9915433,3085369,monoctanoin,True,0.0,0.0,0.0,False,0 rings
carbenoxolone,636403,-3.241897,5.0835066,636403,carbenoxolone,True,5.0,0.0,5.0,True,4+ rings
nim811,6473876,-2.0091553,6.975236,6473876,nim811,True,1.0,0.0,1.0,True,1 ring
tinidazole,5479,4.583527,8.81932,5479,tinidazole,True,1.0,1.0,0.0,True,1 ring
pagoclone,25273635,6.5241966,7.865229,25273635,pagoclone,True,4.0,3.0,1.0,True,4+ rings
lixivaptan,172997,6.5267005,6.3836966,172997,lixivaptan,True,5.0,4.0,1.0,True,4+ rings
tiaprofenic-acid,181380,7.673497,1.5186869,181380,tiaprofenic-acid,True,2.0,2.0,0.0,True,2 rings
felodipine,941699,7.548508,1.1887488,941699,felodipine,True,2.0,1.0,1.0,True,2 rings
cefazolin,33255,-1.7731334,7.3680015,33255,cefazolin,True,4.0,2.0,2.0,True,4+ rings
amonafide,50515,7.2241077,3.2959473,50515,amonafide,True,3.0,2.0,1.0,True,3 rings
flupirtine,53276,6.092793,7.7386656,53276,flupirtine,True,2.0,2.0,0.0,True,2 rings
meropenem,441130,-1.9438219,7.282727,441130,meropenem,True,3.0,0.0,3.0,True,3 rings
clotrimazole,2812,7.061449,8.161987,2812,clotrimazole,True,4.0,4.0,0.0,True,4+ rings
clorsulon,43231,6.4107695,3.1902623,43231,clorsulon,True,1.0,1.0,0.0,True,1 ring
dppe,108092,9.5977955,2.4928317,108092,dppe,True,2.0,2.0,0.0,True,2 rings
kinetin,3830,8.239087,7.675348,3830,kinetin,True,3.0,3.0,0.0,True,3 rings
peposertib,86292849,8.574898,7.406304,86292849,peposertib,True,5.0,4.0,1.0,True,4+ rings
seclidemstat,135565033,8.970409,2.9174802,135565033,seclidemstat,True,3.0,2.0,1.0,True,3 rings
lenvatinib,9823820,8.415243,6.8906035,9823820,lenvatinib,True,4.0,3.0,1.0,True,4+ rings
verubulin,11414799,8.499635,7.3431206,11414799,verubulin,True,3.0,3.0,0.0,True,3 rings
calcifediol,5283731,-2.9368105,5.3079762,5283731,calcifediol,True,3.0,0.0,3.0,True,3 rings
ml3403,10938334,6.482524,8.200065,10938334,ml3403,True,4.0,4.0,0.0,True,4+ rings
birt-377,9803375,7.008233,3.4573848,9803375,birt-377,True,3.0,2.0,1.0,True,3 rings
desoxycortone,6166,-3.2357962,4.8563933,6166,desoxycortone,True,4.0,0.0,4.0,True,4+ rings
y16,989521,9.037988,3.5198236,989521,y16,True,4.0,3.0,1.0,True,4+ rings
mycophenolic-acid,446541,10.621747,1.8981285,446541,mycophenolic-acid,True,2.0,1.0,1.0,True,2 rings
rosoxacin,287180,6.8118634,6.8479004,287180,rosoxacin,True,3.0,3.0,0.0,True,3 rings
w-54011,59597209,9.143728,3.4431298,59597209,w-54011,True,4.0,3.0,1.0,True,4+ rings
piracetam,4843,-1.3573511,6.8029633,4843,piracetam,True,1.0,0.0,1.0,True,1 ring
salsolinol-1-carboxylic-acid,6992720,8.931803,1.9704702,6992720,salsolinol-1-carboxylic-acid,True,2.0,1.0,1.0,True,2 rings
alagebrium,216305,6.638689,6.8123617,216305,alagebrium,True,2.0,2.0,0.0,True,2 rings
nsc-697923,394449,9.592719,3.034949,394449,nsc-697923,True,2.0,2.0,0.0,True,2 rings
s-sulfo-l-cysteine,7068808,-1.5220675,7.172352,7068808,s-sulfo-l-cysteine,True,0.0,0.0,0.0,False,0 rings
5-fluorouracil,3385,-1.2103748,6.869552,3385,5-fluorouracil,True,1.0,1.0,0.0,True,1 ring
e-2001,129687,7.018585,2.2551224,129687,e-2001,True,4.0,3.0,1.0,True,4+ rings
ripazepam,33474,6.189351,6.6776643,33474,ripazepam,True,3.0,2.0,1.0,True,3 rings
phenylbenzimidazole-sulfonic-acid,33919,6.7230854,8.495692,33919,phenylbenzimidazole-sulfonic-acid,True,3.0,3.0,0.0,True,3 rings
cipamfylline,71356,4.8318367,9.246078,71356,cipamfylline,True,4.0,2.0,2.0,True,4+ rings
emiglitate,72004,9.636756,2.7992756,72004,emiglitate,True,2.0,1.0,1.0,True,2 rings
eg00229,44631827,6.6365128,6.4441423,44631827,eg00229,True,3.0,3.0,0.0,True,3 rings
ly2979165,53246986,-1.8700408,7.0239935,53246986,ly2979165,True,3.0,1.0,2.0,True,3 rings
sd-2590,9892815,9.476698,2.4645836,9892815,sd-2590,True,3.0,2.0,1.0,True,3 rings
"5-(4chlorophenyl)-4-ethyl-2,4-dihydro-3h-1,2,4-triazol-3-one",35793,6.68309,2.2014105,35793,"5-(4chlorophenyl)-4-ethyl-2,4-dihydro-3h-1,2,4-triazol-3-one",True,2.0,2.0,0.0,True,2 rings
ps178990,9882972,6.9641037,3.6865113,9882972,ps178990,True,3.0,1.0,2.0,True,3 rings
cv-1808,6917803,6.3093586,8.698368,6917803,cv-1808,True,4.0,3.0,1.0,True,4+ rings
sulisobenzone,19988,10.639257,1.933034,19988,sulisobenzone,True,2.0,2.0,0.0,True,2 rings
gr-103691,4302960,9.112564,3.5081353,4302960,gr-103691,True,4.0,3.0,1.0,True,4+ rings
k-247,25767227,8.125485,3.4152324,25767227,k-247,True,2.0,1.0,1.0,True,2 rings
bexarotene,82146,7.9314675,1.326659,82146,bexarotene,True,3.0,2.0,1.0,True,3 rings
compound-401,10039361,6.848778,2.4613318,10039361,compound-401,True,4.0,3.0,1.0,True,4+ rings
bi-d1870,44141268,8.136486,7.3909445,44141268,bi-d1870,True,3.0,2.0,1.0,True,3 rings
l-161982,9961192,7.075645,3.2631695,9961192,l-161982,True,5.0,5.0,0.0,True,4+ rings
altinicline,3036156,5.9730115,6.961511,3036156,altinicline,True,2.0,1.0,1.0,True,2 rings
econazole,6604378,7.557014,8.032597,6604378,econazole,True,3.0,3.0,0.0,True,3 rings
indoprofen,93283,7.5987062,3.3937323,93283,indoprofen,True,3.0,2.0,1.0,True,3 rings
tranylcypromine,26070,6.560035,2.047973,26070,tranylcypromine,True,2.0,1.0,1.0,True,2 rings
p276-00,23643976,10.557176,2.0731134,23643976,p276-00,True,4.0,3.0,1.0,True,4+ rings
dimethicone,24764,-1.1638421,6.0804324,24764,dimethicone,True,0.0,0.0,0.0,False,0 rings
kanamycin,6032,-2.648584,6.7541523,6032,kanamycin,True,3.0,0.0,3.0,True,3 rings
citicoline,13805,-2.5777707,8.073753,13805,citicoline,True,2.0,1.0,1.0,True,2 rings
t-0070907,2777391,6.3863544,6.8242855,2777391,t-0070907,True,2.0,2.0,0.0,True,2 rings
tiopronin,208825,-1.6513349,7.2070575,208825,tiopronin,True,0.0,0.0,0.0,False,0 rings
sch-202676,682802,6.48364,3.6379366,682802,sch-202676,True,3.0,3.0,0.0,True,3 rings
parsaclisib,86677874,8.32369,7.6348906,86677874,parsaclisib,True,4.0,3.0,1.0,True,4+ rings
dabigatran,216210,6.7529902,7.988707,216210,dabigatran,True,4.0,4.0,0.0,True,4+ rings
kb-r7943,4534086,9.151159,3.013203,4534086,kb-r7943,True,2.0,2.0,0.0,True,2 rings
mesulergine,68848,6.1356506,6.3172026,68848,mesulergine,True,4.0,2.0,2.0,True,4+ rings
gemcadiol,37147,-1.9478775,5.8372893,37147,gemcadiol,True,0.0,0.0,0.0,False,0 rings
nav-26,60201418,9.5156555,3.0507061,60201418,nav-26,True,4.0,2.0,2.0,True,4+ rings
arbutin,440936,9.762687,1.7655165,440936,arbutin,True,2.0,1.0,1.0,True,2 rings
ceftriaxone,5479530,4.739148,7.7502713,5479530,ceftriaxone,True,4.0,2.0,2.0,True,4+ rings
pyrvinium-pamoate,5281035,6.054078,6.4782715,5281035,pyrvinium-pamoate,True,4.0,4.0,0.0,True,4+ rings
obidoxime,8251,5.9675303,7.0016136,8251,obidoxime,True,2.0,2.0,0.0,True,2 rings
9-anthracenecarboxylic-acid,2201,7.8953104,1.338125,2201,9-anthracenecarboxylic-acid,True,3.0,3.0,0.0,True,3 rings
kpt-185,53495165,8.090972,7.610709,53495165,kpt-185,True,2.0,2.0,0.0,True,2 rings
dalfopristin,124201618,-1.950462,7.16161,124201618,dalfopristin,True,3.0,1.0,2.0,True,3 rings
octocrylene,40424580,7.7071667,1.4477645,40424580,octocrylene,True,2.0,2.0,0.0,True,2 rings
sar407899,15604510,9.5865755,3.0361109,15604510,sar407899,True,3.0,2.0,1.0,True,3 rings
amenamevir,11397521,6.4763846,7.8297567,11397521,amenamevir,True,4.0,3.0,1.0,True,4+ rings
cym-5541,17253208,7.9746046,4.282196,17253208,cym-5541,True,4.0,1.0,3.0,True,4+ rings
"3,3'-diindolylmethane",3071,6.1760955,6.3247857,3071,"3,3'-diindolylmethane",True,4.0,4.0,0.0,True,4+ rings
morantel,5353792,6.591641,2.0260246,5353792,morantel,True,2.0,1.0,1.0,True,2 rings
levobunolol-(+),5460339,9.422267,2.6732852,5460339,levobunolol-(+),True,2.0,1.0,1.0,True,2 rings
epicatechin-gallate-(-),107905,10.664467,1.7731004,107905,epicatechin-gallate-(-),True,4.0,3.0,1.0,True,4+ rings
cm-4620,122507647,8.139179,7.2908964,122507647,cm-4620,True,4.0,3.0,1.0,True,4+ rings
ditolylguanidine,7333,6.5515428,3.6811783,7333,ditolylguanidine,True,2.0,2.0,0.0,True,2 rings
sbha,5173,-1.5292735,6.6483216,5173,sbha,True,0.0,0.0,0.0,False,0 rings
propylene-glycol,259994,-1.4114797,6.00148,259994,propylene-glycol,True,0.0,0.0,0.0,False,0 rings
sch-58261,176408,8.288151,7.698327,176408,sch-58261,True,5.0,5.0,0.0,True,4+ rings
sulfamerazine,5325,6.1799765,7.477073,5325,sulfamerazine,True,2.0,2.0,0.0,True,2 rings
"4,4'-ddt",3036,6.6428056,1.9910313,3036,"4,4'-ddt",True,2.0,2.0,0.0,True,2 rings
riboflavin,493570,7.0168653,3.3641858,493570,riboflavin,True,3.0,1.0,2.0,True,3 rings
hexonic-acid,5311443,-1.7702029,5.629974,5311443,hexonic-acid,True,0.0,0.0,0.0,False,0 rings
uracil-mustard,6194,-1.263395,6.8111267,6194,uracil-mustard,True,1.0,1.0,0.0,True,1 ring
pradefovir,9604654,6.4141498,8.583641,9604654,pradefovir,True,4.0,3.0,1.0,True,4+ rings
lx7101,56962369,8.390929,7.686494,56962369,lx7101,True,4.0,3.0,1.0,True,4+ rings
mcpp,1355,6.4757895,3.6963549,1355,mcpp,True,2.0,1.0,1.0,True,2 rings
sb-203186,3272300,7.1492696,6.3484664,3272300,sb-203186,True,3.0,2.0,1.0,True,3 rings
sorbinil,337359,9.560569,2.8322968,337359,sorbinil,True,3.0,1.0,2.0,True,3 rings
2'-meccpa,10475082,5.4000087,9.2824,10475082,2'-meccpa,True,4.0,2.0,2.0,True,4+ rings
pavinetant,23649245,6.539508,6.471757,23649245,pavinetant,True,4.0,4.0,0.0,True,4+ rings
aprindine,2218,6.6842923,3.5093486,2218,aprindine,True,3.0,2.0,1.0,True,3 rings
levosulpiride,688272,9.290336,3.2176611,688272,levosulpiride,True,2.0,1.0,1.0,True,2 rings
ccmi,67042344,7.9817376,4.2663426,67042344,ccmi,True,3.0,3.0,0.0,True,3 rings
gsk189254,9798547,7.994204,6.8450627,9798547,gsk189254,True,4.0,2.0,2.0,True,4+ rings
sgc-707,90642938,6.1975265,6.606966,90642938,sgc-707,True,3.0,2.0,1.0,True,3 rings
butaclamol,37459,7.026654,2.0577943,37459,butaclamol,True,5.0,2.0,3.0,True,4+ rings
naringeninic-acid,637542,9.684865,1.6915028,637542,naringeninic-acid,True,1.0,1.0,0.0,True,1 ring
zk-164015,9806489,7.8669844,6.3839564,9806489,zk-164015,True,3.0,3.0,0.0,True,3 rings
proxymetacaine,4935,9.116926,3.3476365,4935,proxymetacaine,True,1.0,1.0,0.0,True,1 ring
niraparib,24958200,6.436883,6.561907,24958200,niraparib,True,4.0,3.0,1.0,True,4+ rings
pi3k-in-2,58507717,6.0069523,7.8708987,58507717,pi3k-in-2,True,4.0,2.0,2.0,True,4+ rings
astilbin,119258,10.900522,1.6801367,119258,astilbin,True,4.0,2.0,2.0,True,4+ rings
tanshinone-i,114917,10.462913,1.9916847,114917,tanshinone-i,True,4.0,3.0,1.0,True,4+ rings
prilocaine,6603976,6.924774,3.648238,6603976,prilocaine,True,1.0,1.0,0.0,True,1 ring
tifenazoxide,135410911,6.2522964,3.1372063,135410911,tifenazoxide,True,3.0,1.0,2.0,True,3 rings
mut056399,44208849,9.862432,2.1965423,44208849,mut056399,True,2.0,2.0,0.0,True,2 rings
glutathione,25246407,-1.861328,7.1318665,25246407,glutathione,True,0.0,0.0,0.0,False,0 rings
vt-464,78357816,9.900838,2.5631294,78357816,vt-464,True,3.0,3.0,0.0,True,3 rings
ana-12,6977265,7.1577826,3.292739,6977265,ana-12,True,4.0,3.0,1.0,True,4+ rings
safingol,91486,-1.8779365,6.3608294,91486,safingol,True,0.0,0.0,0.0,False,0 rings
prasugrel,51698431,9.555893,2.8110778,51698431,prasugrel,True,4.0,2.0,2.0,True,4+ rings
trepibutone,5536,10.692096,1.869934,5536,trepibutone,True,1.0,1.0,0.0,True,1 ring
riluzole,5070,7.6491866,7.3761873,5070,riluzole,True,2.0,2.0,0.0,True,2 rings
2-cmdo,32224,9.392249,2.800273,32224,2-cmdo,True,4.0,2.0,2.0,True,4+ rings
unc0646,53315882,8.844899,7.338907,53315882,unc0646,True,6.0,2.0,4.0,True,4+ rings
sb-206553,5163,6.1815224,6.413608,5163,sb-206553,True,4.0,3.0,1.0,True,4+ rings
iobenguane,60860,6.5638967,2.1058848,60860,iobenguane,True,1.0,1.0,0.0,True,1 ring
selamectin,9578507,-2.7806845,6.238158,9578507,selamectin,True,7.0,0.0,7.0,True,4+ rings
8-bromo-cgmp,135419186,5.0021005,9.382574,135419186,8-bromo-cgmp,True,4.0,2.0,2.0,True,4+ rings
sun-11602,22245705,7.2401366,3.502669,22245705,sun-11602,True,3.0,2.0,1.0,True,3 rings
pyrethrins,5281045,-2.614661,5.97085,5281045,pyrethrins,True,2.0,0.0,2.0,True,2 rings
entecavir,135398508,4.9596143,9.3583765,135398508,entecavir,True,3.0,2.0,1.0,True,3 rings
fluroxene,9844,-1.2517692,6.0032997,9844,fluroxene,True,0.0,0.0,0.0,False,0 rings
sotagliflozin,24831714,9.86721,1.7538753,24831714,sotagliflozin,True,3.0,2.0,1.0,True,3 rings
pentetic-acid,3053,-1.4043072,6.6831536,3053,pentetic-acid,True,0.0,0.0,0.0,False,0 rings
lomerizine,3949,10.035583,2.9582798,3949,lomerizine,True,4.0,3.0,1.0,True,4+ rings
flurbiprofen-(+/-),92337,7.6256146,1.407841,92337,flurbiprofen-(+/-),True,2.0,2.0,0.0,True,2 rings
gsk3787,2800647,6.4101315,6.906405,2800647,gsk3787,True,2.0,2.0,0.0,True,2 rings
ansamitocin-p-3,131857169,9.054259,3.655077,131857169,ansamitocin-p-3,True,4.0,1.0,3.0,True,4+ rings
d-157495,53258905,8.732761,7.339534,53258905,d-157495,True,4.0,3.0,1.0,True,4+ rings
afamelanotide,91898441,7.3132696,7.1647515,91898441,afamelanotide,True,6.0,5.0,1.0,True,4+ rings
vesnarinone,5663,9.273504,3.543241,5663,vesnarinone,True,4.0,2.0,2.0,True,4+ rings
chidamide,9800555,6.455742,6.9149513,9800555,chidamide,True,3.0,3.0,0.0,True,3 rings
imatinib,5291,6.4931064,7.68046,5291,imatinib,True,5.0,4.0,1.0,True,4+ rings
ibutilide,21149973,8.174826,2.3097818,21149973,ibutilide,True,1.0,1.0,0.0,True,1 ring
quiflapon,60923,7.921694,6.425677,60923,quiflapon,True,5.0,5.0,0.0,True,4+ rings
trapidil,5531,5.5077515,8.603288,5531,trapidil,True,2.0,2.0,0.0,True,2 rings
zd-7114,121877,9.380121,2.4167783,121877,zd-7114,True,2.0,2.0,0.0,True,2 rings
paritaprevir,45110509,7.9095693,6.6308966,45110509,paritaprevir,True,8.0,4.0,4.0,True,4+ rings
leq506,45100669,6.137551,7.9985847,45100669,leq506,True,4.0,3.0,1.0,True,4+ rings
ska-31,94880,6.585417,7.0810437,94880,ska-31,True,3.0,3.0,0.0,True,3 rings
3po,5720233,6.4655633,6.840884,5720233,3po,True,2.0,2.0,0.0,True,2 rings
gdc-0575,46917793,6.2942157,8.226762,46917793,gdc-0575,True,4.0,2.0,2.0,True,4+ rings
amezinium,71927,7.818676,6.8103786,71927,amezinium,True,2.0,2.0,0.0,True,2 rings
diadenosine-tetraphosphate,21706,5.3776774,9.244793,21706,diadenosine-tetraphosphate,True,6.0,4.0,2.0,True,4+ rings
altretamine,2123,-1.0179584,6.5219927,2123,altretamine,True,1.0,1.0,0.0,True,1 ring
gemifloxacin,42066947,6.793367,7.281696,42066947,gemifloxacin,True,4.0,2.0,2.0,True,4+ rings
yo-01027,11454028,7.133994,3.6019025,11454028,yo-01027,True,4.0,3.0,1.0,True,4+ rings
dfb,6604893,6.608234,2.0338395,6604893,dfb,True,2.0,2.0,0.0,True,2 rings
1-hexadecanol,2682,-1.9406346,5.930683,2682,1-hexadecanol,True,0.0,0.0,0.0,False,0 rings
ly3000328,67475270,9.187456,3.6417994,67475270,ly3000328,True,5.0,2.0,3.0,True,4+ rings
wye-354,44219749,6.117324,8.293491,44219749,wye-354,True,5.0,3.0,2.0,True,4+ rings
4-methylhistamine,37463,4.919831,8.831301,37463,4-methylhistamine,True,1.0,1.0,0.0,True,1 ring
pindolol,155030,7.999347,6.4020557,155030,pindolol,True,2.0,2.0,0.0,True,2 rings
"6,7-dehydro-17-acetoxy-progesterone",200136,-3.2545245,4.6937313,200136,"6,7-dehydro-17-acetoxy-progesterone",True,4.0,0.0,4.0,True,4+ rings
tetraethylenepentamine,8197,-1.0378819,6.532671,8197,tetraethylenepentamine,True,0.0,0.0,0.0,False,0 rings
mdl-29951,446916,6.8681874,6.239503,446916,mdl-29951,True,2.0,2.0,0.0,True,2 rings
mcc950,9910393,8.970015,3.3655329,9910393,mcc950,True,4.0,2.0,2.0,True,4+ rings
cetylpyridinium,2683,5.922976,7.018034,2683,cetylpyridinium,True,1.0,1.0,0.0,True,1 ring
trimipramine,6604024,6.727622,3.5024278,6604024,trimipramine,True,3.0,2.0,1.0,True,3 rings
moxaverine,70882,8.094817,6.6025853,70882,moxaverine,True,3.0,3.0,0.0,True,3 rings
tirapazamine,135413511,6.019076,7.8509746,135413511,tirapazamine,True,2.0,2.0,0.0,True,2 rings
bempedoic-acid,10472693,-1.9126939,6.014142,10472693,bempedoic-acid,True,0.0,0.0,0.0,False,0 rings
pik-93,6852167,6.7891116,7.3603997,6852167,pik-93,True,2.0,2.0,0.0,True,2 rings
tnp-470,369976,-2.858793,5.7537107,369976,tnp-470,True,3.0,0.0,3.0,True,3 rings
l-citrulline,9750,-1.8191843,7.1408243,9750,l-citrulline,True,0.0,0.0,0.0,False,0 rings
cym-5520,25110470,6.5643845,6.735995,25110470,cym-5520,True,3.0,3.0,0.0,True,3 rings
lacidipine,5311217,7.5608063,1.1196153,5311217,lacidipine,True,2.0,1.0,1.0,True,2 rings
acecainide,4342,7.214146,3.280944,4342,acecainide,True,1.0,1.0,0.0,True,1 ring
broxuridine,6035,-2.4616055,7.9544935,6035,broxuridine,True,2.0,1.0,1.0,True,2 rings
loxistatin-acid,123664,-1.9324408,6.9472938,123664,loxistatin-acid,True,1.0,0.0,1.0,True,1 ring
deslanoside,28620,-3.3711882,5.304812,28620,deslanoside,True,9.0,0.0,9.0,True,4+ rings
piperazinedione,7817,-1.2457585,6.7609234,7817,piperazinedione,True,1.0,0.0,1.0,True,1 ring
af38469,72706115,6.850564,7.2181473,72706115,af38469,True,2.0,2.0,0.0,True,2 rings
sch-51344,9995890,8.369291,7.5095615,9995890,sch-51344,True,3.0,3.0,0.0,True,3 rings
celiprolol,11406333,9.109956,3.5418854,11406333,celiprolol,True,1.0,1.0,0.0,True,1 ring
bicuculline-methochloride-(-),104872,10.134723,3.0068085,104872,bicuculline-methochloride-(-),True,6.0,2.0,4.0,True,4+ rings
a-867744,23642319,6.6236286,6.5190134,23642319,a-867744,True,3.0,3.0,0.0,True,3 rings
atuveciclib,121488167,8.272581,7.4644885,121488167,atuveciclib,True,3.0,3.0,0.0,True,3 rings
derazantinib,46834118,6.050578,7.85151,46834118,derazantinib,True,5.0,4.0,1.0,True,4+ rings
blebbistatin-(+/-),5287792,7.501837,3.3788638,5287792,blebbistatin-(+/-),True,4.0,2.0,2.0,True,4+ rings
idra-21,7048549,6.2613063,3.1635344,7048549,idra-21,True,2.0,1.0,1.0,True,2 rings
substance-p,36511,7.4006414,2.3732476,36511,substance-p,True,4.0,2.0,2.0,True,4+ rings
cefamandole,456255,8.005574,2.566832,456255,cefamandole,True,4.0,2.0,2.0,True,4+ rings
ly2090314,10029385,6.705305,7.88854,10029385,ly2090314,True,7.0,4.0,3.0,True,4+ rings
omdm-2,6604915,8.659607,2.3164608,6604915,omdm-2,True,1.0,1.0,0.0,True,1 ring
dofetilide,71329,9.048095,3.1687067,71329,dofetilide,True,2.0,2.0,0.0,True,2 rings
ltx-315,46200994,6.6416836,6.3989453,46200994,ltx-315,True,8.0,8.0,0.0,True,4+ rings
fg-2216,6914666,7.1102643,6.5065484,6914666,fg-2216,True,2.0,2.0,0.0,True,2 rings
prn1371,118295624,8.431425,7.4483466,118295624,prn1371,True,4.0,3.0,1.0,True,4+ rings
gnti,9826034,8.175891,6.211147,9826034,gnti,True,8.0,3.0,5.0,True,4+ rings
convallatoxin,441852,-3.4174984,5.2985964,441852,convallatoxin,True,6.0,0.0,6.0,True,4+ rings
tinazoline,68818,6.1357613,6.4380817,68818,tinazoline,True,3.0,2.0,1.0,True,3 rings
vu29,11610682,6.3139925,7.513242,11610682,vu29,True,4.0,4.0,0.0,True,4+ rings
ldc1267,56847486,8.3694315,6.74381,56847486,ldc1267,True,5.0,5.0,0.0,True,4+ rings
estradiol-valerate,13791,10.133227,1.1760058,13791,estradiol-valerate,True,4.0,1.0,3.0,True,4+ rings
cbs-1114,6338223,6.461179,3.5904272,6338223,cbs-1114,True,2.0,2.0,0.0,True,2 rings
acetohexamide,1989,7.002731,2.396662,1989,acetohexamide,True,2.0,1.0,1.0,True,2 rings
amiodarone,2157,10.044448,2.4810553,2157,amiodarone,True,3.0,3.0,0.0,True,3 rings
eflornithine,3009,-1.6962204,7.0415306,3009,eflornithine,True,0.0,0.0,0.0,False,0 rings
crystal-violet,3468,6.6514254,3.5632598,3468,crystal-violet,True,3.0,2.0,1.0,True,3 rings
pci-29732,22347110,8.280417,7.6144795,22347110,pci-29732,True,5.0,4.0,1.0,True,4+ rings
rutaecarpine,65752,6.5592446,6.3284917,65752,rutaecarpine,True,5.0,4.0,1.0,True,4+ rings
fenoterol,688469,8.8541155,2.1345859,688469,fenoterol,True,2.0,2.0,0.0,True,2 rings
sodium-butyrate,264,-1.6349458,5.983076,264,sodium-butyrate,True,0.0,0.0,0.0,False,0 rings
c-021,25141190,8.805801,7.3449006,25141190,c-021,True,5.0,2.0,3.0,True,4+ rings
cym-5442,93977386,9.684543,3.1081133,93977386,cym-5442,True,4.0,3.0,1.0,True,4+ rings
furvina,6438461,9.830789,2.311825,6438461,furvina,True,1.0,1.0,0.0,True,1 ring
sym-2081,95883,-1.7436653,7.0346813,95883,sym-2081,True,0.0,0.0,0.0,False,0 rings
ivabradine,132999,9.880117,2.859592,132999,ivabradine,True,4.0,2.0,2.0,True,4+ rings
hydroxytoluic-acid,6738,10.247503,2.0702324,6738,hydroxytoluic-acid,True,1.0,1.0,0.0,True,1 ring
ccg-1423,40782280,7.153078,3.3982956,40782280,ccg-1423,True,2.0,2.0,0.0,True,2 rings
tazemetostat,66558664,7.3578753,3.4370687,66558664,tazemetostat,True,5.0,3.0,2.0,True,4+ rings
sulfaguanidine,5324,6.44355,3.2503667,5324,sulfaguanidine,True,1.0,1.0,0.0,True,1 ring
azd5582,49847690,7.515259,2.2944567,49847690,azd5582,True,8.0,2.0,6.0,True,4+ rings
brucine,442021,9.26565,3.4655726,442021,brucine,True,7.0,1.0,6.0,True,4+ rings
tribomsalan,14868,8.458788,3.3251889,14868,tribomsalan,True,2.0,2.0,0.0,True,2 rings
sb-399885,6918649,8.974168,3.233135,6918649,sb-399885,True,3.0,2.0,1.0,True,3 rings
meglutol,1662,-1.6584041,5.8372355,1662,meglutol,True,0.0,0.0,0.0,False,0 rings
epiestriol,68929,10.148575,1.1562185,68929,epiestriol,True,4.0,1.0,3.0,True,4+ rings
prednisolone,5755,-3.5186615,4.9079676,5755,prednisolone,True,4.0,0.0,4.0,True,4+ rings
ercalcitriol,9547243,-2.8965774,5.3867016,9547243,ercalcitriol,True,3.0,0.0,3.0,True,3 rings
fluvastatin,446155,6.619036,6.243889,446155,fluvastatin,True,3.0,3.0,0.0,True,3 rings
melatonin,896,7.9534283,6.4856763,896,melatonin,True,2.0,2.0,0.0,True,2 rings
agomelatine,82148,9.600364,2.6088958,82148,agomelatine,True,2.0,2.0,0.0,True,2 rings
amd-3465,483559,5.9516277,6.952776,483559,amd-3465,True,3.0,2.0,1.0,True,3 rings
bipenamol,43961,8.236336,1.9780402,43961,bipenamol,True,2.0,2.0,0.0,True,2 rings
norfluoxetine,9797657,9.538578,2.4231675,9797657,norfluoxetine,True,2.0,2.0,0.0,True,2 rings
diiodothyropropionic-acid,160565,10.038974,2.033296,160565,diiodothyropropionic-acid,True,2.0,2.0,0.0,True,2 rings
vercirnon,10343454,6.4421573,6.7735105,10343454,vercirnon,True,3.0,3.0,0.0,True,3 rings
cmpd-1,11382492,8.510726,3.3075306,11382492,cmpd-1,True,3.0,3.0,0.0,True,3 rings
7-hydroxystaurosporine,3078519,6.6322904,6.254759,3078519,7-hydroxystaurosporine,True,8.0,5.0,3.0,True,4+ rings
mk-2295,11247522,6.029845,7.7871757,11247522,mk-2295,True,4.0,4.0,0.0,True,4+ rings
gpi-1046,445501,6.504224,6.8049355,445501,gpi-1046,True,2.0,1.0,1.0,True,2 rings
cefsulodin,656576,6.4443574,6.9403014,656576,cefsulodin,True,4.0,2.0,2.0,True,4+ rings
naftifine,47641,6.579418,2.095198,47641,naftifine,True,3.0,3.0,0.0,True,3 rings
atipamezole,71310,6.831826,8.323099,71310,atipamezole,True,3.0,2.0,1.0,True,3 rings
silver-sulfadiazine,5459124,6.1692376,7.4607553,5459124,silver-sulfadiazine,True,2.0,2.0,0.0,True,2 rings
wnt-c59,57519544,6.356663,6.7078443,57519544,wnt-c59,True,4.0,4.0,0.0,True,4+ rings
midodrine,13589226,9.212795,2.2776628,13589226,midodrine,True,1.0,1.0,0.0,True,1 ring
thalidomide,92142,7.1155014,2.509473,92142,thalidomide,True,3.0,1.0,2.0,True,3 rings
gw-501516,9803963,7.707399,7.0571694,9803963,gw-501516,True,3.0,3.0,0.0,True,3 rings
sari-59-801,92236766,7.7465286,6.323838,92236766,sari-59-801,True,3.0,3.0,0.0,True,3 rings
pipamperone,4830,7.0284796,2.3309522,4830,pipamperone,True,3.0,1.0,2.0,True,3 rings
kml29,71656212,9.969692,2.810628,71656212,kml29,True,5.0,2.0,3.0,True,4+ rings
tyrphostin-ag-1478,2051,8.749546,7.2827334,2051,tyrphostin-ag-1478,True,3.0,3.0,0.0,True,3 rings
hydroflumethiazide,3647,6.2909675,3.1909087,3647,hydroflumethiazide,True,2.0,1.0,1.0,True,2 rings
ldn193189,25195294,6.052505,8.37538,25195294,ldn193189,True,6.0,5.0,1.0,True,4+ rings
a-366,76285486,9.755451,2.9282064,76285486,a-366,True,4.0,1.0,3.0,True,4+ rings
dextrorotation-nimorazole-phosphate-ester,25191609,4.565564,8.823239,25191609,dextrorotation-nimorazole-phosphate-ester,True,2.0,1.0,1.0,True,2 rings
latrunculin-b,6436219,-2.1193213,6.923494,6436219,latrunculin-b,True,3.0,0.0,3.0,True,3 rings
ly3200882,121249291,8.377305,7.4965386,121249291,ly3200882,True,5.0,3.0,2.0,True,4+ rings
nevirapine,4463,6.496721,7.646541,4463,nevirapine,True,4.0,2.0,2.0,True,4+ rings
jw-642,71656520,9.492452,2.7723746,71656520,jw-642,True,3.0,2.0,1.0,True,3 rings
walrycin-b,3164070,6.781286,2.3475282,3164070,walrycin-b,True,3.0,1.0,2.0,True,3 rings
gefapixant,24764487,8.141961,7.4742775,24764487,gefapixant,True,2.0,2.0,0.0,True,2 rings
sulbactam-pivoxil,40537219,-1.7624032,7.2758365,40537219,sulbactam-pivoxil,True,2.0,0.0,2.0,True,2 rings
gr-235,146898,-3.1817608,4.7871733,146898,gr-235,True,4.0,0.0,4.0,True,4+ rings
acetylcysteine,12035,-1.6728773,7.226851,12035,acetylcysteine,True,0.0,0.0,0.0,False,0 rings
nizatidine,3033637,4.7909064,8.74652,3033637,nizatidine,True,1.0,1.0,0.0,True,1 ring
salicyl-alcohol,5146,9.407654,1.5312946,5146,salicyl-alcohol,True,1.0,1.0,0.0,True,1 ring
mk2-in-1,53475321,8.067496,6.7624083,53475321,mk2-in-1,True,5.0,4.0,1.0,True,4+ rings
azd1080,10065474,6.4277024,6.434444,10065474,azd1080,True,4.0,2.0,2.0,True,4+ rings
calpeptin,73364,7.664483,2.2005022,73364,calpeptin,True,1.0,1.0,0.0,True,1 ring
sr-1664,53239854,6.684503,6.2677183,53239854,sr-1664,True,5.0,5.0,0.0,True,4+ rings
8-hydroxy-dpat,10125797,9.007432,2.0702553,10125797,8-hydroxy-dpat,True,2.0,1.0,1.0,True,2 rings
tymazoline,34154,9.507448,2.5010161,34154,tymazoline,True,2.0,1.0,1.0,True,2 rings
4-(aminomethyl)benzoic-acid,65526,7.8630404,1.741195,65526,4-(aminomethyl)benzoic-acid,True,1.0,1.0,0.0,True,1 ring
linifanib,11485656,6.181403,6.7651663,11485656,linifanib,True,4.0,4.0,0.0,True,4+ rings
neurodazine,16112820,8.227996,7.5945783,16112820,neurodazine,True,5.0,5.0,0.0,True,4+ rings
s15535,132787,9.137314,3.2849474,132787,s15535,True,5.0,2.0,3.0,True,4+ rings
selonsertib,71245288,6.5277433,7.941858,71245288,selonsertib,True,5.0,4.0,1.0,True,4+ rings
necrostatin-1,738301,6.659046,6.382453,738301,necrostatin-1,True,3.0,2.0,1.0,True,3 rings
n-methylquipazine,5013,6.0231686,7.661322,5013,n-methylquipazine,True,3.0,2.0,1.0,True,3 rings
fruquintinib,44480399,8.774738,7.2788444,44480399,fruquintinib,True,4.0,4.0,0.0,True,4+ rings
levocarnitine-propionate,157837,-1.6896082,6.591705,157837,levocarnitine-propionate,True,0.0,0.0,0.0,False,0 rings
ido5l,135424953,6.3772435,3.6425774,135424953,ido5l,True,2.0,2.0,0.0,True,2 rings
faropenem-medoxomil,6918218,-1.8896561,7.320615,6918218,faropenem-medoxomil,True,4.0,1.0,3.0,True,4+ rings
benfotiamine,3032771,6.378493,7.7123365,3032771,benfotiamine,True,2.0,2.0,0.0,True,2 rings
pd-173074,1401,8.375299,7.423977,1401,pd-173074,True,3.0,3.0,0.0,True,3 rings
r-96544,10668211,9.650461,2.5397232,10668211,r-96544,True,3.0,2.0,1.0,True,3 rings
spiroxatrine,6603993,8.965833,3.2577107,6603993,spiroxatrine,True,5.0,2.0,3.0,True,4+ rings
mezlocillin,71729966,7.73406,2.4735441,71729966,mezlocillin,True,4.0,1.0,3.0,True,4+ rings
mitomycin-c,5746,-1.9920157,6.9081435,5746,mitomycin-c,True,4.0,0.0,4.0,True,4+ rings
ch55,6184667,7.8704157,1.3571166,6184667,ch55,True,2.0,2.0,0.0,True,2 rings
stemregenin-1,46199207,7.9036393,7.8545814,46199207,stemregenin-1,True,5.0,5.0,0.0,True,4+ rings
clomipramine,2801,6.722613,3.4674048,2801,clomipramine,True,3.0,2.0,1.0,True,3 rings
quizartinib,24889392,8.030824,7.6588244,24889392,quizartinib,True,6.0,5.0,1.0,True,4+ rings
tenovin-6,24772043,7.181971,3.4076185,24772043,tenovin-6,True,2.0,2.0,0.0,True,2 rings
sb-216641,3292447,8.480963,7.181823,3292447,sb-216641,True,4.0,4.0,0.0,True,4+ rings
sb-221284,443389,6.1201544,6.467263,443389,sb-221284,True,3.0,2.0,1.0,True,3 rings
benzoin,640038,7.853675,1.413882,640038,benzoin,True,2.0,2.0,0.0,True,2 rings
ampicillin,7048611,7.7079573,2.4934554,7048611,ampicillin,True,3.0,1.0,2.0,True,3 rings
fenbendazole,3334,6.799095,8.548286,3334,fenbendazole,True,3.0,3.0,0.0,True,3 rings
brinzolamide,68844,6.8066726,2.048011,68844,brinzolamide,True,2.0,1.0,1.0,True,2 rings
agn-192403,124581813,-0.94769275,6.599234,124581813,agn-192403,True,2.0,0.0,2.0,True,2 rings
caffeic-acid-phenethyl-ester,5281787,9.948816,1.683125,5281787,caffeic-acid-phenethyl-ester,True,2.0,2.0,0.0,True,2 rings
pentolinium,5850,-1.023628,6.57924,5850,pentolinium,True,2.0,0.0,2.0,True,2 rings
methapyrilene,4098,6.3063207,7.6015944,4098,methapyrilene,True,2.0,2.0,0.0,True,2 rings
ccg-50014,2733079,6.849615,3.6256332,2733079,ccg-50014,True,3.0,3.0,0.0,True,3 rings
pirenperone,4847,6.8187156,2.3980396,4847,pirenperone,True,4.0,3.0,1.0,True,4+ rings
gue-1654,5066134,6.683345,7.3115234,5066134,gue-1654,True,5.0,5.0,0.0,True,4+ rings
ew-7197,54766013,6.0832357,8.337767,54766013,ew-7197,True,5.0,5.0,0.0,True,4+ rings
spp301,9912992,8.144725,7.5350714,9912992,spp301,True,4.0,4.0,0.0,True,4+ rings
apd668,11705608,6.105154,8.246683,11705608,apd668,True,4.0,3.0,1.0,True,4+ rings
cefdinir,6915944,4.746967,7.747442,6915944,cefdinir,True,3.0,1.0,2.0,True,3 rings
gal-021,57340959,-1.039725,6.5752506,57340959,gal-021,True,1.0,1.0,0.0,True,1 ring
rosuvastatin,446157,6.641231,7.275321,446157,rosuvastatin,True,2.0,2.0,0.0,True,2 rings
gw-788388,10202642,6.366569,6.6943874,10202642,gw-788388,True,5.0,4.0,1.0,True,4+ rings
citco,9600409,7.170893,8.086073,9600409,citco,True,4.0,4.0,0.0,True,4+ rings
ru-28318,3034004,-3.224979,4.7489796,3034004,ru-28318,True,4.0,0.0,4.0,True,4+ rings
pralmorelin,6918245,6.66309,6.4276185,6918245,pralmorelin,True,5.0,5.0,0.0,True,4+ rings
1-hexadecanal,984,-1.9033816,5.9583044,984,1-hexadecanal,True,0.0,0.0,0.0,False,0 rings
aclidinium,11434515,9.418891,2.5271964,11434515,aclidinium,True,6.0,3.0,3.0,True,4+ rings
su4312,6450842,7.2528124,3.4023757,6450842,su4312,True,3.0,2.0,1.0,True,3 rings
lipoamide,446116,-1.5648544,6.559729,446116,lipoamide,True,1.0,0.0,1.0,True,1 ring
dimpylate,3017,5.4542813,8.6707,3017,dimpylate,True,1.0,1.0,0.0,True,1 ring
linsidomine,65388,-1.2817296,6.6877384,65388,linsidomine,True,2.0,1.0,1.0,True,2 rings
abt-702,1973,6.0402646,8.048174,1973,abt-702,True,5.0,4.0,1.0,True,4+ rings
cor-170,25033736,7.239482,3.3972826,25033736,cor-170,True,7.0,3.0,4.0,True,4+ rings
abt-202,39220800,5.8940716,7.038976,39220800,abt-202,True,2.0,1.0,1.0,True,2 rings
tauroglycocholate,119420,-2.6870737,5.0585747,119420,tauroglycocholate,True,4.0,0.0,4.0,True,4+ rings
ly225910,4355450,7.918751,6.4443173,4355450,ly225910,True,5.0,5.0,0.0,True,4+ rings
metaphit,114745,6.655799,3.4151266,114745,metaphit,True,3.0,1.0,2.0,True,3 rings
4egi-1,2831024,6.7773943,7.2156415,2831024,4egi-1,True,3.0,3.0,0.0,True,3 rings
pfi-4,40642506,9.091774,3.5653071,40642506,pfi-4,True,4.0,3.0,1.0,True,4+ rings
chlorhexidine,9552079,6.4595556,3.706519,9552079,chlorhexidine,True,2.0,2.0,0.0,True,2 rings
afn-1252,10407120,8.229003,7.268163,10407120,afn-1252,True,4.0,3.0,1.0,True,4+ rings
genz-123346,23652732,9.7737055,2.7719893,23652732,genz-123346,True,3.0,1.0,2.0,True,3 rings
pirozadil,68711,7.947799,6.584536,68711,pirozadil,True,3.0,3.0,0.0,True,3 rings
idazoxan,12866829,9.505096,2.4669268,12866829,idazoxan,True,3.0,1.0,2.0,True,3 rings
1-naphthyl-pp1,4877,6.0078454,8.256928,4877,1-naphthyl-pp1,True,4.0,4.0,0.0,True,4+ rings
s-17092,9929984,7.2353387,2.3094919,9929984,s-17092,True,5.0,1.0,4.0,True,4+ rings
flupentixol,5281881,6.666692,1.9875935,5281881,flupentixol,True,4.0,2.0,2.0,True,4+ rings
olaparib,23725625,7.0960426,2.4792387,23725625,olaparib,True,5.0,3.0,2.0,True,4+ rings
jd-5037,66553204,6.813168,2.1909244,66553204,jd-5037,True,4.0,3.0,1.0,True,4+ rings
amg-517,16007367,7.775207,7.5181813,16007367,amg-517,True,4.0,4.0,0.0,True,4+ rings
sgx523,24779724,6.015785,8.359044,24779724,sgx523,True,5.0,5.0,0.0,True,4+ rings
thiazovivin,46209426,6.585303,7.5046425,46209426,thiazovivin,True,3.0,3.0,0.0,True,3 rings
candesartan-cilexetil,51399532,6.902087,8.025327,51399532,candesartan-cilexetil,True,6.0,5.0,1.0,True,4+ rings
motesanib,11667893,6.5635295,7.677846,11667893,motesanib,True,4.0,3.0,1.0,True,4+ rings
uk-383367,9818682,-1.508127,6.776536,9818682,uk-383367,True,2.0,1.0,1.0,True,2 rings
erdosteine,40467037,-1.7070887,7.248834,40467037,erdosteine,True,1.0,0.0,1.0,True,1 ring
glycerol-monolaurate,656773,-1.9012305,5.969352,656773,glycerol-monolaurate,True,0.0,0.0,0.0,False,0 rings
hydroxyprogesterone,6238,-3.1644049,4.746594,6238,hydroxyprogesterone,True,4.0,0.0,4.0,True,4+ rings
uracil,1174,-1.2249076,6.7733436,1174,uracil,True,1.0,1.0,0.0,True,1 ring
bucladesine,9687,5.396541,9.260324,9687,bucladesine,True,4.0,2.0,2.0,True,4+ rings
iem1460,3248290,-0.9390639,6.6076818,3248290,iem1460,True,4.0,0.0,4.0,True,4+ rings
am-1241,23583507,6.5779486,6.399846,23583507,am-1241,True,4.0,3.0,1.0,True,4+ rings
lamotrigine,3878,6.0059624,7.8044696,3878,lamotrigine,True,2.0,2.0,0.0,True,2 rings
dihydroergotamine,10531,6.5556955,6.223375,10531,dihydroergotamine,True,8.0,3.0,5.0,True,4+ rings
baz2-icr,91654625,6.2127237,8.313249,91654625,baz2-icr,True,4.0,4.0,0.0,True,4+ rings
d-3263,44137358,8.97531,3.3822374,44137358,d-3263,True,3.0,2.0,1.0,True,3 rings
acetyl-l-leucine,70912,-1.7901195,7.039014,70912,acetyl-l-leucine,True,0.0,0.0,0.0,False,0 rings
cid-2011756,2011756,9.142456,3.6488125,2011756,cid-2011756,True,4.0,3.0,1.0,True,4+ rings
lm-22a4,2054170,7.134623,2.501707,2054170,lm-22a4,True,1.0,1.0,0.0,True,1 ring
trimethoprim,5578,8.155734,7.437522,5578,trimethoprim,True,2.0,2.0,0.0,True,2 rings
sangivamycin,14978,5.42753,9.237523,14978,sangivamycin,True,3.0,2.0,1.0,True,3 rings
l-monomethylarginine,73046,-1.7755804,7.0597205,73046,l-monomethylarginine,True,0.0,0.0,0.0,False,0 rings
ly2183240,11507802,6.645507,2.206811,11507802,ly2183240,True,3.0,3.0,0.0,True,3 rings
chlorpropamide,2727,6.8161006,2.121041,2727,chlorpropamide,True,1.0,1.0,0.0,True,1 ring
amiloride,16231,4.874351,9.188705,16231,amiloride,True,1.0,1.0,0.0,True,1 ring
nastorazepide,9872609,7.9550076,3.2764528,9872609,nastorazepide,True,4.0,2.0,2.0,True,4+ rings
nsc-5844,221354,6.020239,6.7233906,221354,nsc-5844,True,4.0,4.0,0.0,True,4+ rings
malic-acid,222656,-1.7143339,5.7195053,222656,malic-acid,True,0.0,0.0,0.0,False,0 rings
ergonovine,443884,6.388854,6.2360396,443884,ergonovine,True,4.0,2.0,2.0,True,4+ rings
pf-915275,23725123,6.0933185,7.4479704,23725123,pf-915275,True,3.0,3.0,0.0,True,3 rings
cym-50260,44620894,7.6387534,6.718059,44620894,cym-50260,True,2.0,2.0,0.0,True,2 rings
phentolamine,5775,8.744328,3.0503652,5775,phentolamine,True,3.0,2.0,1.0,True,3 rings
ractopamine,9862660,8.8105345,2.1344278,9862660,ractopamine,True,2.0,2.0,0.0,True,2 rings
fludrocortisone-acetate,225609,-3.6616867,4.9345613,225609,fludrocortisone-acetate,True,4.0,0.0,4.0,True,4+ rings
ntrc-824,101873359,6.630507,6.2788153,101873359,ntrc-824,True,3.0,3.0,0.0,True,3 rings
doconexent,445580,-2.1924827,6.1086345,445580,doconexent,True,0.0,0.0,0.0,False,0 rings
"2-ethyl-1,3-hexanediol",7057924,-1.9770811,5.835779,7057924,"2-ethyl-1,3-hexanediol",True,0.0,0.0,0.0,False,0 rings
adelmidrol,176874,-1.6316386,6.7459974,176874,adelmidrol,True,0.0,0.0,0.0,False,0 rings
2-oleoylglycerol,5319879,-2.2911847,6.0644975,5319879,2-oleoylglycerol,True,0.0,0.0,0.0,False,0 rings
mdl-73005ef,6604719,9.637849,2.6988022,6604719,mdl-73005ef,True,4.0,1.0,3.0,True,4+ rings
sinefungin,65482,5.405346,9.2680855,65482,sinefungin,True,3.0,2.0,1.0,True,3 rings
zd-2079,158794,9.474555,2.6606948,158794,zd-2079,True,2.0,2.0,0.0,True,2 rings
temefos,5392,9.434915,1.5280197,5392,temefos,True,2.0,2.0,0.0,True,2 rings
src-kinase-inhibitor-i,1474853,8.772979,7.309829,1474853,src-kinase-inhibitor-i,True,4.0,4.0,0.0,True,4+ rings
rimeporide,9799487,6.9789386,2.5012507,9799487,rimeporide,True,1.0,1.0,0.0,True,1 ring
ccg-63802,6057678,7.702789,7.3139954,6057678,ccg-63802,True,5.0,5.0,0.0,True,4+ rings
bfh772,24756034,8.313183,7.249106,24756034,bfh772,True,4.0,4.0,0.0,True,4+ rings
thonzonium,5456,8.068155,7.483621,5456,thonzonium,True,2.0,2.0,0.0,True,2 rings
ky02111,8582409,7.6337647,7.351417,8582409,ky02111,True,3.0,3.0,0.0,True,3 rings
7-chlorokynurenic-acid,1884,7.8385363,3.348265,1884,7-chlorokynurenic-acid,True,2.0,2.0,0.0,True,2 rings
pyrazinamide,1046,4.865178,9.142706,1046,pyrazinamide,True,1.0,1.0,0.0,True,1 ring
fexinidazole,68792,7.839124,7.8243446,68792,fexinidazole,True,2.0,2.0,0.0,True,2 rings
cct137690,25154041,6.403601,8.240656,25154041,cct137690,True,6.0,4.0,2.0,True,4+ rings
rs-39604,5145950,9.213861,3.8103092,5145950,rs-39604,True,3.0,2.0,1.0,True,3 rings
fk-962,9816738,7.042596,2.5236197,9816738,fk-962,True,2.0,1.0,1.0,True,2 rings
way-208466,10337743,6.3532233,8.061745,10337743,way-208466,True,3.0,3.0,0.0,True,3 rings
nefiracetam,71157,6.984101,3.6928916,71157,nefiracetam,True,2.0,1.0,1.0,True,2 rings
tocofersolan,9938056,9.889441,1.5974858,9938056,tocofersolan,True,2.0,1.0,1.0,True,2 rings
7-methylxanthine,68374,4.8837857,9.19263,68374,7-methylxanthine,True,2.0,2.0,0.0,True,2 rings
n-oxydiethylenebenzothiazole-2-sulfenamide,7619,6.5719714,6.9969406,7619,n-oxydiethylenebenzothiazole-2-sulfenamide,True,3.0,2.0,1.0,True,3 rings
bts-54505,9900576,6.587421,2.049341,9900576,bts-54505,True,2.0,1.0,1.0,True,2 rings
iacs-10759,86711931,8.208095,7.542289,86711931,iacs-10759,True,5.0,4.0,1.0,True,4+ rings
adipic-acid,22494954,-1.7117498,5.9008656,22494954,adipic-acid,True,0.0,0.0,0.0,False,0 rings
valpromide,71113,-1.5233469,6.6095786,71113,valpromide,True,0.0,0.0,0.0,False,0 rings
abametapir,15664,5.967522,6.9164605,15664,abametapir,True,2.0,2.0,0.0,True,2 rings
nepafenac,151075,7.1614637,3.1346714,151075,nepafenac,True,2.0,2.0,0.0,True,2 rings
oxyphencyclimine,688541,7.874391,1.5923122,688541,oxyphencyclimine,True,3.0,1.0,2.0,True,3 rings
fosamprenavir,131536,6.934203,3.1200156,131536,fosamprenavir,True,3.0,2.0,1.0,True,3 rings
ml314,53245590,8.828739,7.355762,53245590,ml314,True,5.0,3.0,2.0,True,4+ rings
bromperidol,2448,7.935842,1.9039487,2448,bromperidol,True,3.0,2.0,1.0,True,3 rings
avl-292,59174488,8.356328,7.4070826,59174488,avl-292,True,3.0,3.0,0.0,True,3 rings
nlg919,70874604,6.6396937,8.267973,70874604,nlg919,True,4.0,2.0,2.0,True,4+ rings
soraprazan,213054,6.441341,8.602373,213054,soraprazan,True,4.0,3.0,1.0,True,4+ rings
probenecid,4911,7.835476,1.4881094,4911,probenecid,True,1.0,1.0,0.0,True,1 ring
sib-1553a,10609936,8.9882555,1.9174447,10609936,sib-1553a,True,2.0,1.0,1.0,True,2 rings
pimonidazole,6713657,4.574425,8.822137,6713657,pimonidazole,True,2.0,1.0,1.0,True,2 rings
niguldipine-(s)-(+),60602,7.4021063,0.729187,60602,niguldipine-(s)-(+),True,5.0,3.0,2.0,True,4+ rings
piperine,638024,9.990724,2.8591669,638024,piperine,True,3.0,1.0,2.0,True,3 rings
nutlin-3,11433190,9.587286,2.9392104,11433190,nutlin-3,True,5.0,3.0,2.0,True,4+ rings
trans-4-methoxycinnamic-acid,699414,9.928831,1.925207,699414,trans-4-methoxycinnamic-acid,True,1.0,1.0,0.0,True,1 ring
lornoxicam,54690031,6.574312,7.468713,54690031,lornoxicam,True,3.0,2.0,1.0,True,3 rings
4sc-202,15985904,6.196604,6.870755,15985904,4sc-202,True,4.0,4.0,0.0,True,4+ rings
clonidine,2803,6.4329123,3.699504,2803,clonidine,True,2.0,1.0,1.0,True,2 rings
"3,3'-dichlorobenzaldazine",6861557,6.5815806,2.0395863,6861557,"3,3'-dichlorobenzaldazine",True,2.0,2.0,0.0,True,2 rings
uh-232-(+),6604756,9.527482,2.5637527,6604756,uh-232-(+),True,2.0,1.0,1.0,True,2 rings
valspodar,5281884,-1.9507742,6.9408817,5281884,valspodar,True,1.0,0.0,1.0,True,1 ring
nsi-189,50922681,6.4425364,7.5194945,50922681,nsi-189,True,3.0,2.0,1.0,True,3 rings
benzbromarone,2333,10.495601,2.056071,2333,benzbromarone,True,3.0,3.0,0.0,True,3 rings
diacerein,26248,10.367805,1.855273,26248,diacerein,True,3.0,2.0,1.0,True,3 rings
trifloxystrobin,11664966,7.691939,1.4691437,11664966,trifloxystrobin,True,2.0,2.0,0.0,True,2 rings
"trans-10,cis-12-conjugated-linoleic-acid",5282800,-2.2712739,6.1245313,5282800,"trans-10,cis-12-conjugated-linoleic-acid",True,0.0,0.0,0.0,False,0 rings
bio-1211,9961766,7.334694,3.1936808,9961766,bio-1211,True,3.0,2.0,1.0,True,3 rings
nalbuphine,5311304,10.378697,3.2054875,5311304,nalbuphine,True,6.0,1.0,5.0,True,4+ rings
bretylium,2431,6.528818,2.1751258,2431,bretylium,True,1.0,1.0,0.0,True,1 ring
ioxaglic-acid,3742,7.8973374,3.2536907,3742,ioxaglic-acid,True,2.0,2.0,0.0,True,2 rings
win-18446,15134,-1.2782702,6.6993384,15134,win-18446,True,0.0,0.0,0.0,False,0 rings
golgicide-a,1085377,5.960894,6.8861923,1085377,golgicide-a,True,4.0,2.0,2.0,True,4+ rings
cefmetazole,42008,-1.7989867,7.3623114,42008,cefmetazole,True,3.0,1.0,2.0,True,3 rings
pimethixene,4822,6.628091,1.9549636,4822,pimethixene,True,4.0,2.0,2.0,True,4+ rings
prisotinol,76965811,7.2741547,6.6963778,76965811,prisotinol,True,1.0,1.0,0.0,True,1 ring
sulfafurazole,5344,7.9328237,4.264255,5344,sulfafurazole,True,2.0,2.0,0.0,True,2 rings
beta-carotene,5280489,-2.223513,6.01403,5280489,beta-carotene,True,2.0,0.0,2.0,True,2 rings
cephalexin,6560168,7.775162,2.524658,6560168,cephalexin,True,3.0,1.0,2.0,True,3 rings
melanotan-ii,134812787,6.9370923,7.368725,134812787,melanotan-ii,True,5.0,4.0,1.0,True,4+ rings
iodophenpropit,3035746,6.7953606,8.231363,3035746,iodophenpropit,True,2.0,2.0,0.0,True,2 rings
vx-765,11398092,7.1974277,2.899794,11398092,vx-765,True,3.0,1.0,2.0,True,3 rings
bleomycetin,92135919,6.609545,7.5362678,92135919,bleomycetin,True,6.0,4.0,2.0,True,4+ rings
mexiletine,180621,9.552709,2.5265875,180621,mexiletine,True,1.0,1.0,0.0,True,1 ring
y-134,11784736,8.417718,3.3919036,11784736,y-134,True,5.0,4.0,1.0,True,4+ rings
fpl-62064,128268,8.272106,7.106191,128268,fpl-62064,True,3.0,3.0,0.0,True,3 rings
chlormadinone-acetate,9324,-3.2288814,4.7493668,9324,chlormadinone-acetate,True,4.0,0.0,4.0,True,4+ rings
prinomastat,466151,7.8883286,6.837305,466151,prinomastat,True,3.0,2.0,1.0,True,3 rings
givinostat,9804992,7.9429865,3.4416842,9804992,givinostat,True,3.0,3.0,0.0,True,3 rings
imexon,24822698,-1.1854129,6.7493634,24822698,imexon,True,2.0,0.0,2.0,True,2 rings
antioxine,10364,9.469807,1.5127498,10364,antioxine,True,1.0,1.0,0.0,True,1 ring
amthamine,126688,4.869443,8.750942,126688,amthamine,True,1.0,1.0,0.0,True,1 ring
bl-5583,95864,7.831817,1.4829332,95864,bl-5583,True,2.0,2.0,0.0,True,2 rings
robalzotan,3055171,9.557658,2.862117,3055171,robalzotan,True,4.0,1.0,3.0,True,4+ rings
indatraline,126280,6.626098,2.1396,126280,indatraline,True,3.0,2.0,1.0,True,3 rings
acetanilide,904,6.6477103,3.6075232,904,acetanilide,True,1.0,1.0,0.0,True,1 ring
riodipine,68909,9.992107,2.1521125,68909,riodipine,True,2.0,1.0,1.0,True,2 rings
clonixin-lysinate,9822751,6.8168874,7.3775883,9822751,clonixin-lysinate,True,2.0,2.0,0.0,True,2 rings
ro-9187,11514721,-2.5923078,8.071989,11514721,ro-9187,True,2.0,1.0,1.0,True,2 rings
cladribine,20279,5.404082,9.256009,20279,cladribine,True,3.0,2.0,1.0,True,3 rings
pipofezine,159977,8.242354,6.85397,159977,pipofezine,True,4.0,2.0,2.0,True,4+ rings
resorcinol,5054,9.449728,1.5795927,5054,resorcinol,True,1.0,1.0,0.0,True,1 ring
cinpa-1,969470,7.0220957,3.6757133,969470,cinpa-1,True,3.0,2.0,1.0,True,3 rings
salicin,439503,9.881117,1.712954,439503,salicin,True,2.0,1.0,1.0,True,2 rings
almorexant,23727689,9.941502,2.9966397,23727689,almorexant,True,4.0,3.0,1.0,True,4+ rings
levcromakalim,93504,9.611443,2.5007906,93504,levcromakalim,True,3.0,1.0,2.0,True,3 rings
o-acetyl-l-serine,99478,-1.5774765,7.0081215,99478,o-acetyl-l-serine,True,0.0,0.0,0.0,False,0 rings
php-501,46204221,5.912918,6.841822,46204221,php-501,True,4.0,3.0,1.0,True,4+ rings
chlorindanol,8961,9.441255,1.473567,8961,chlorindanol,True,2.0,1.0,1.0,True,2 rings
way-362450,10026128,6.949295,6.265031,10026128,way-362450,True,4.0,3.0,1.0,True,4+ rings
"l-732,138",44396853,6.952124,6.2507696,44396853,"l-732,138",True,3.0,3.0,0.0,True,3 rings
ospemifene,3036505,9.815911,1.9313425,3036505,ospemifene,True,3.0,3.0,0.0,True,3 rings
thioguanine,2723601,5.007287,8.963056,2723601,thioguanine,True,2.0,2.0,0.0,True,2 rings
sarafloxacin,56208,9.572857,4.5388083,56208,sarafloxacin,True,4.0,3.0,1.0,True,4+ rings
clevudine,73115,-2.4497073,7.9444327,73115,clevudine,True,2.0,1.0,1.0,True,2 rings
"hydroxytacrine-maleate-(r,s)",667530,7.1096067,6.4602637,667530,"hydroxytacrine-maleate-(r,s)",True,3.0,2.0,1.0,True,3 rings
droloxifene,3033767,9.672219,2.4503953,3033767,droloxifene,True,3.0,3.0,0.0,True,3 rings
dapsone,2955,6.470073,3.2626488,2955,dapsone,True,2.0,2.0,0.0,True,2 rings
xenalipin,55251,7.8361597,1.347352,55251,xenalipin,True,2.0,2.0,0.0,True,2 rings
bevenopran,10452732,8.018127,6.8384376,10452732,bevenopran,True,3.0,2.0,1.0,True,3 rings
gmx1778,148198,8.160827,7.309271,148198,gmx1778,True,2.0,2.0,0.0,True,2 rings
octopamine,657354,8.821675,2.0311713,657354,octopamine,True,1.0,1.0,0.0,True,1 ring
zileuton,10681296,6.8275046,2.0572681,10681296,zileuton,True,2.0,2.0,0.0,True,2 rings
mevastatin,64715,-2.662258,5.941811,64715,mevastatin,True,3.0,0.0,3.0,True,3 rings
decitabine,451668,-2.5420706,7.996406,451668,decitabine,True,2.0,1.0,1.0,True,2 rings
phenoxybenzamine,657233,9.533653,2.5959647,657233,phenoxybenzamine,True,2.0,2.0,0.0,True,2 rings
casin,1600664,6.2592683,6.256349,1600664,casin,True,4.0,3.0,1.0,True,4+ rings
sivelestat,107706,9.0381775,3.4408958,107706,sivelestat,True,2.0,2.0,0.0,True,2 rings
procaterol,688561,8.690182,2.9839268,688561,procaterol,True,2.0,2.0,0.0,True,2 rings
bemegride,2310,-1.525133,6.768745,2310,bemegride,True,1.0,0.0,1.0,True,1 ring
cudc-907,54575456,8.066918,7.572997,54575456,cudc-907,True,5.0,4.0,1.0,True,4+ rings
mdivi-1,3825829,9.169925,3.7083938,3825829,mdivi-1,True,3.0,3.0,0.0,True,3 rings
delafloxacin,487101,9.512527,4.6489434,487101,delafloxacin,True,4.0,3.0,1.0,True,4+ rings
oridonin,5321010,-3.5190604,5.1640096,5321010,oridonin,True,6.0,0.0,6.0,True,4+ rings
dolastatin-10,9810929,6.669505,6.9957647,9810929,dolastatin-10,True,3.0,2.0,1.0,True,3 rings
cleviprex,22884799,7.5341606,1.1812284,22884799,cleviprex,True,2.0,1.0,1.0,True,2 rings
fiacitabine,50312,-2.5914462,8.068692,50312,fiacitabine,True,2.0,1.0,1.0,True,2 rings
sclareol,56842011,-2.8565717,5.2354264,56842011,sclareol,True,2.0,0.0,2.0,True,2 rings
pirenoxine,4846,8.925365,3.372435,4846,pirenoxine,True,4.0,2.0,2.0,True,4+ rings
apixaban,10182969,8.127227,6.584397,10182969,apixaban,True,5.0,3.0,2.0,True,4+ rings
vx-11e,11634725,6.526471,7.723643,11634725,vx-11e,True,4.0,4.0,0.0,True,4+ rings
setiptiline,5205,6.4975233,2.0587924,5205,setiptiline,True,4.0,2.0,2.0,True,4+ rings
cgp-53353,6711154,7.202297,3.4004092,6711154,cgp-53353,True,4.0,3.0,1.0,True,4+ rings
bafetinib,11387605,6.4985056,7.7617874,11387605,bafetinib,True,5.0,4.0,1.0,True,4+ rings
brl-52537,14810948,6.843909,2.410465,14810948,brl-52537,True,3.0,1.0,2.0,True,3 rings
diosmin,5281613,10.880017,1.6846898,5281613,diosmin,True,5.0,3.0,2.0,True,4+ rings
ribostamycin,33042,-2.6460648,6.766452,33042,ribostamycin,True,3.0,0.0,3.0,True,3 rings
evatanepag,9890801,7.916694,6.771415,9890801,evatanepag,True,3.0,3.0,0.0,True,3 rings
sr-2640,128355,7.82558,6.58644,128355,sr-2640,True,4.0,4.0,0.0,True,4+ rings
sib-1893,5311432,6.0310717,6.871446,5311432,sib-1893,True,2.0,2.0,0.0,True,2 rings
anpirtoline,65854,5.964793,7.182367,65854,anpirtoline,True,2.0,1.0,1.0,True,2 rings
bci-540,214346,7.9834228,6.515741,214346,bci-540,True,4.0,2.0,2.0,True,4+ rings
gsk2126458,25167777,7.8987274,6.6856675,25167777,gsk2126458,True,5.0,5.0,0.0,True,4+ rings
indole-3-carbinol,3712,7.0147357,6.3147492,3712,indole-3-carbinol,True,2.0,2.0,0.0,True,2 rings
pf-03882845,101541332,7.9068923,3.4228973,101541332,pf-03882845,True,5.0,2.0,3.0,True,4+ rings
oritavancin,16136912,10.12,3.144367,16136912,oritavancin,True,15.0,7.0,8.0,True,4+ rings
n-hydroxynicotinamide,71211,6.525439,6.9034085,71211,n-hydroxynicotinamide,True,1.0,1.0,0.0,True,1 ring
betamethasone-phosphate,107782,-3.5704768,4.904866,107782,betamethasone-phosphate,True,4.0,0.0,4.0,True,4+ rings
symclosene,6909,-1.0819721,6.243726,6909,symclosene,True,1.0,1.0,0.0,True,1 ring
imreg-1,7021857,8.582309,2.3183074,7021857,imreg-1,True,1.0,1.0,0.0,True,1 ring
anisomycin,253602,9.433883,2.5295491,253602,anisomycin,True,2.0,1.0,1.0,True,2 rings
talinolol,156154,8.940698,3.290919,156154,talinolol,True,2.0,1.0,1.0,True,2 rings
androsterone,5879,-2.6415126,5.053745,5879,androsterone,True,4.0,0.0,4.0,True,4+ rings
n6022,44623946,6.8178015,7.952228,44623946,n6022,True,4.0,4.0,0.0,True,4+ rings
bitopertin,24946690,8.129016,7.155584,24946690,bitopertin,True,3.0,2.0,1.0,True,3 rings
4bp-tqs,6979017,6.552576,3.3881,6979017,4bp-tqs,True,4.0,2.0,2.0,True,4+ rings
glucosamine,441477,-2.4106152,6.649143,441477,glucosamine,True,1.0,0.0,1.0,True,1 ring
hyodeoxycholic-acid,5283820,-2.6707613,5.0693293,5283820,hyodeoxycholic-acid,True,4.0,0.0,4.0,True,4+ rings
loratadine,3957,5.9666367,6.9196353,3957,loratadine,True,4.0,2.0,2.0,True,4+ rings
asenapine,163091,9.553949,2.6775117,163091,asenapine,True,4.0,2.0,2.0,True,4+ rings
cinacalcet,156419,6.559174,2.1006582,156419,cinacalcet,True,3.0,3.0,0.0,True,3 rings
aliskiren-hemifumarate,5493444,9.746368,2.7374158,5493444,aliskiren-hemifumarate,True,1.0,1.0,0.0,True,1 ring
tenilsetam,52539208,7.30053,2.4673095,52539208,tenilsetam,True,2.0,1.0,1.0,True,2 rings
dcebio,656765,6.478305,3.734259,656765,dcebio,True,2.0,2.0,0.0,True,2 rings
sb-205384,15991599,7.145369,6.5035124,15991599,sb-205384,True,3.0,2.0,1.0,True,3 rings
lta,10219864,6.377333,3.3214233,10219864,lta,True,2.0,2.0,0.0,True,2 rings
benzydamine,12555,8.069064,6.483107,12555,benzydamine,True,3.0,3.0,0.0,True,3 rings
sulfamethizole,5328,6.4192753,3.2790623,5328,sulfamethizole,True,2.0,2.0,0.0,True,2 rings
methoxyflurane,4116,-1.2166744,6.00385,4116,methoxyflurane,True,0.0,0.0,0.0,False,0 rings
zln024,1825716,8.053773,7.4460373,1825716,zln024,True,2.0,2.0,0.0,True,2 rings
etifoxine,135564604,6.7039037,3.6653464,135564604,etifoxine,True,3.0,2.0,1.0,True,3 rings
amodiaquine,3647519,7.60912,6.580099,3647519,amodiaquine,True,3.0,3.0,0.0,True,3 rings
moxifloxacin,40467042,9.507479,4.2612886,40467042,moxifloxacin,True,5.0,2.0,3.0,True,4+ rings
apremilast,11561674,9.174751,3.5260298,11561674,apremilast,True,3.0,2.0,1.0,True,3 rings
sardomozide,9576789,6.4622426,2.1206236,9576789,sardomozide,True,2.0,1.0,1.0,True,2 rings
rg2833,56654642,7.158667,3.4406772,56654642,rg2833,True,2.0,2.0,0.0,True,2 rings
zafirlukast,5717,7.9108086,6.4845824,5717,zafirlukast,True,5.0,4.0,1.0,True,4+ rings
cgs-9896,108030,6.453239,6.403752,108030,cgs-9896,True,4.0,4.0,0.0,True,4+ rings
mk-1775,24856436,6.2933807,7.9637184,24856436,mk-1775,True,5.0,4.0,1.0,True,4+ rings
acepromazine,6077,6.313201,3.362946,6077,acepromazine,True,3.0,2.0,1.0,True,3 rings
methylbenactyzium-bromide,4134,7.840404,1.5991361,4134,methylbenactyzium-bromide,True,2.0,2.0,0.0,True,2 rings
tribromoethanol,6400,-1.2803171,5.9872923,6400,tribromoethanol,True,0.0,0.0,0.0,False,0 rings
oco-1112,3081027,9.565467,3.1259348,3081027,oco-1112,True,2.0,2.0,0.0,True,2 rings
exifone,40399,10.499306,1.8377521,40399,exifone,True,2.0,2.0,0.0,True,2 rings
rislenemdaz,11394238,7.2362,7.535679,11394238,rislenemdaz,True,3.0,2.0,1.0,True,3 rings
methoxamine,657286,9.134091,2.161327,657286,methoxamine,True,1.0,1.0,0.0,True,1 ring
2-phenylmelatonin,4018512,7.9775467,6.3822904,4018512,2-phenylmelatonin,True,3.0,3.0,0.0,True,3 rings
sx-011,9935015,6.5520473,6.3495502,9935015,sx-011,True,4.0,3.0,1.0,True,4+ rings
mofezolac,4237,8.213641,4.2278214,4237,mofezolac,True,3.0,3.0,0.0,True,3 rings
"4,5,6,7-tetrabromobenzotriazole",1694,6.469082,3.5506687,1694,"4,5,6,7-tetrabromobenzotriazole",True,2.0,2.0,0.0,True,2 rings
n-[2-(piperidinylamino)ethyl]-4-iodobenzamide,127898,7.0606966,2.5239723,127898,n-[2-(piperidinylamino)ethyl]-4-iodobenzamide,True,2.0,1.0,1.0,True,2 rings
argatroban,152951,7.261025,3.2566762,152951,argatroban,True,3.0,1.0,2.0,True,3 rings
dequalinium,2993,6.040637,6.5917826,2993,dequalinium,True,4.0,4.0,0.0,True,4+ rings
vx-702,10341154,6.487974,7.485027,10341154,vx-702,True,3.0,3.0,0.0,True,3 rings
sr-33805,9850876,7.998077,6.5518813,9850876,sr-33805,True,4.0,4.0,0.0,True,4+ rings
wp1130,11222830,6.269616,6.8616605,11222830,wp1130,True,2.0,2.0,0.0,True,2 rings
ns-19504,727750,6.486981,7.382289,727750,ns-19504,True,2.0,2.0,0.0,True,2 rings
broxaldine,77262,7.8026567,6.523426,77262,broxaldine,True,3.0,3.0,0.0,True,3 rings
rifapentine,136238508,9.705052,3.6520996,136238508,rifapentine,True,7.0,2.0,5.0,True,4+ rings
fh-535,3463933,6.483838,3.135725,3463933,fh-535,True,2.0,2.0,0.0,True,2 rings
pelanserin,65435,7.163572,3.4394512,65435,pelanserin,True,4.0,3.0,1.0,True,4+ rings
azd4282,750,-1.4397388,6.7793355,750,azd4282,True,0.0,0.0,0.0,False,0 rings
neohesperidin-dihydrochalcone,30231,10.86623,1.6885366,30231,neohesperidin-dihydrochalcone,True,4.0,2.0,2.0,True,4+ rings
cgp-37157,6604821,6.88564,3.540367,6604821,cgp-37157,True,3.0,2.0,1.0,True,3 rings
tandospirone,91273,5.5725727,8.560793,91273,tandospirone,True,5.0,1.0,4.0,True,4+ rings
sameridine,65996,7.050902,2.2651696,65996,sameridine,True,2.0,1.0,1.0,True,2 rings
hmn-214,9888590,7.8049903,6.9205475,9888590,hmn-214,True,3.0,3.0,0.0,True,3 rings
wdr5-0103,6457069,9.12137,3.582957,6457069,wdr5-0103,True,3.0,2.0,1.0,True,3 rings
tioguanine,2724387,5.1693087,9.349029,2724387,tioguanine,True,3.0,2.0,1.0,True,3 rings
difluprednate,443936,-3.674372,4.9473376,443936,difluprednate,True,4.0,0.0,4.0,True,4+ rings
befuraline,68664,9.449836,3.1872623,68664,befuraline,True,4.0,3.0,1.0,True,4+ rings
clopidogrel,60606,7.5035577,2.0296428,60606,clopidogrel,True,3.0,2.0,1.0,True,3 rings
tipelukast,9893228,10.60019,1.9726812,9893228,tipelukast,True,2.0,2.0,0.0,True,2 rings
jdtic,9956146,8.738445,2.4224377,9956146,jdtic,True,4.0,2.0,2.0,True,4+ rings
galeterone,11188409,6.7156253,8.358204,11188409,galeterone,True,6.0,2.0,4.0,True,4+ rings
nt157,135398520,8.953277,2.0541632,135398520,nt157,True,2.0,2.0,0.0,True,2 rings
17-hydroxyprogesterone-caproate,169870,-3.2424614,4.7283516,169870,17-hydroxyprogesterone-caproate,True,4.0,0.0,4.0,True,4+ rings
bay-k-8644-(s)-(-),6603728,7.472706,0.9296992,6603728,bay-k-8644-(s)-(-),True,2.0,1.0,1.0,True,2 rings
tariquidar,148201,8.365298,6.751584,148201,tariquidar,True,6.0,5.0,1.0,True,4+ rings
eribulin,11354606,-2.7502234,6.274084,11354606,eribulin,False,,,,,Invalid/missing SMILES
pexmetinib,24765037,8.288256,7.140316,24765037,pexmetinib,True,5.0,5.0,0.0,True,4+ rings
dinoprost,5280363,-2.6699862,5.9682803,5280363,dinoprost,True,1.0,0.0,1.0,True,1 ring
rifampin,135925261,9.70557,3.658865,135925261,rifampin,True,6.0,2.0,4.0,True,4+ rings
act-462206,40924317,8.96867,3.2909648,40924317,act-462206,True,3.0,2.0,1.0,True,3 rings
esi-09,6077765,7.9902697,4.2840824,6077765,esi-09,True,2.0,2.0,0.0,True,2 rings
ligustilide,5319022,-2.2596228,6.1049843,5319022,ligustilide,True,2.0,0.0,2.0,True,2 rings
prulifloxacin,6556267,9.57506,4.53221,6556267,prulifloxacin,True,5.0,3.0,2.0,True,4+ rings
mdl-11939,76958673,8.123156,1.9712012,76958673,mdl-11939,True,3.0,2.0,1.0,True,3 rings
badge,6994088,9.894876,1.9122958,6994088,badge,True,4.0,2.0,2.0,True,4+ rings
reversan,2298706,6.177911,8.120236,2298706,reversan,True,5.0,4.0,1.0,True,4+ rings
meglumine,8567,-2.188108,6.631484,8567,meglumine,True,0.0,0.0,0.0,False,0 rings
rq-00203078,49783953,8.032276,7.247783,49783953,rq-00203078,True,3.0,3.0,0.0,True,3 rings
5-hydroxydecanoic-acid,13309539,-1.9215958,5.9693246,13309539,5-hydroxydecanoic-acid,True,0.0,0.0,0.0,False,0 rings
gsk2981278,89875987,9.000791,3.1313136,89875987,gsk2981278,True,3.0,2.0,1.0,True,3 rings
bromopride,2446,9.17214,3.7330477,2446,bromopride,True,1.0,1.0,0.0,True,1 ring
psi-6130,6481236,-2.5998292,8.081649,6481236,psi-6130,True,2.0,1.0,1.0,True,2 rings
bay-85-8050,7005049,-1.7024494,7.041529,7005049,bay-85-8050,True,0.0,0.0,0.0,False,0 rings
c11-acetate,168049,-1.1359776,6.133666,168049,c11-acetate,True,0.0,0.0,0.0,False,0 rings
rebastinib,25066467,8.470262,7.3665266,25066467,rebastinib,True,5.0,5.0,0.0,True,4+ rings
risperidone,5073,8.078575,4.3221993,5073,risperidone,True,5.0,3.0,2.0,True,4+ rings
fr-122047,196841,7.772912,7.074132,196841,fr-122047,True,4.0,3.0,1.0,True,4+ rings
ditiocarb-sodium-trihydrate,8987,-1.0179149,6.4676948,8987,ditiocarb-sodium-trihydrate,True,0.0,0.0,0.0,False,0 rings
ibuprofen-lysine,15009332,7.5282927,1.8705255,15009332,ibuprofen-lysine,True,1.0,1.0,0.0,True,1 ring
1400w,1433,6.537141,2.1108005,1433,1400w,True,1.0,1.0,0.0,True,1 ring
nvp-auy922,135539077,8.201594,4.257296,135539077,nvp-auy922,True,4.0,3.0,1.0,True,4+ rings
reboxetine,127151,9.534581,2.5433908,127151,reboxetine,True,3.0,2.0,1.0,True,3 rings
ku-0063794,16736978,8.611452,7.4060283,16736978,ku-0063794,True,5.0,3.0,2.0,True,4+ rings
sb-225002,3854666,8.714421,3.180948,3854666,sb-225002,True,2.0,2.0,0.0,True,2 rings
cefetamet,5487888,4.738452,7.756203,5487888,cefetamet,True,3.0,1.0,2.0,True,3 rings
repsox,449054,5.997628,6.7435727,449054,repsox,True,4.0,4.0,0.0,True,4+ rings
perindoprilat,72022,-1.888018,7.0094633,72022,perindoprilat,True,2.0,0.0,2.0,True,2 rings
mertansine,131847656,9.065296,3.5991066,131847656,mertansine,True,4.0,1.0,3.0,True,4+ rings
homoharringtonine,285033,10.080001,2.9830256,285033,homoharringtonine,True,5.0,1.0,4.0,True,4+ rings
nvp-bsk805,46398810,6.0192256,6.779644,46398810,nvp-bsk805,True,6.0,4.0,2.0,True,4+ rings
mi-14,91758319,6.278212,8.190729,91758319,mi-14,True,3.0,3.0,0.0,True,3 rings
oprozomib,25067547,6.6600175,6.966707,25067547,oprozomib,True,3.0,2.0,1.0,True,3 rings
sch-28080,108137,8.065047,7.7253733,108137,sch-28080,True,3.0,3.0,0.0,True,3 rings
bms-387032,3025986,4.795838,8.5949135,3025986,bms-387032,True,3.0,2.0,1.0,True,3 rings
gzd824,51038269,6.379629,7.9143267,51038269,gzd824,True,5.0,4.0,1.0,True,4+ rings
cholesterol,5997,-3.0458555,5.1412663,5997,cholesterol,True,4.0,0.0,4.0,True,4+ rings
hexoprenaline,24993924,8.887237,2.0887852,24993924,hexoprenaline,True,2.0,2.0,0.0,True,2 rings
ml348,3238952,9.15772,3.671247,3238952,ml348,True,3.0,2.0,1.0,True,3 rings
org-26576,13584912,7.4396544,6.8616743,13584912,org-26576,True,3.0,1.0,2.0,True,3 rings
emd-66684,9892554,6.692396,8.0872755,9892554,emd-66684,True,5.0,5.0,0.0,True,4+ rings
azd9056,10161381,6.976762,2.5862782,10161381,azd9056,True,5.0,1.0,4.0,True,4+ rings
cinnarazine,1547484,6.5669284,2.1466696,1547484,cinnarazine,True,4.0,3.0,1.0,True,4+ rings
camicinal,15984937,7.206587,3.482838,15984937,camicinal,True,4.0,2.0,2.0,True,4+ rings
promazine,4926,6.1415915,3.43124,4926,promazine,True,3.0,2.0,1.0,True,3 rings
moguisteine,219046,9.367369,2.4702764,219046,moguisteine,True,2.0,1.0,1.0,True,2 rings
naringin,442428,10.897786,1.7110484,442428,naringin,True,5.0,2.0,3.0,True,4+ rings
pf-431396,11598628,6.517996,7.8413186,11598628,pf-431396,True,4.0,3.0,1.0,True,4+ rings
guaifenesin,6950715,9.674849,1.9375794,6950715,guaifenesin,True,1.0,1.0,0.0,True,1 ring
at-406,25022340,7.1821284,2.3489523,25022340,at-406,True,4.0,2.0,2.0,True,4+ rings
abt-724,5025739,6.4059434,8.354045,5025739,abt-724,True,4.0,3.0,1.0,True,4+ rings
doxepin,667468,9.596475,2.5168314,667468,doxepin,True,3.0,2.0,1.0,True,3 rings
azomycin-(2-nitroimidazole),10701,4.6271286,8.818633,10701,azomycin-(2-nitroimidazole),True,1.0,1.0,0.0,True,1 ring
enmd-2076,16041424,6.001266,8.064484,16041424,enmd-2076,True,4.0,3.0,1.0,True,4+ rings
sulfamethazine,5327,6.157614,7.510841,5327,sulfamethazine,True,2.0,2.0,0.0,True,2 rings
citric-acid,88113319,-1.7264844,5.6817403,88113319,citric-acid,True,0.0,0.0,0.0,False,0 rings
atizoram,9861730,9.780156,2.7763503,9861730,atizoram,True,4.0,1.0,3.0,True,4+ rings
oxantel,5281087,9.06956,1.9518812,5281087,oxantel,True,2.0,1.0,1.0,True,2 rings
gepefrine,10057685,8.927475,1.9840288,10057685,gepefrine,True,1.0,1.0,0.0,True,1 ring
metronidazole,4173,4.577876,8.811203,4173,metronidazole,True,1.0,1.0,0.0,True,1 ring
eslicarbazepine-acetate,179344,7.3950315,3.4927807,179344,eslicarbazepine-acetate,True,3.0,2.0,1.0,True,3 rings
fondaparinux,5282448,-2.5800142,6.6946125,5282448,fondaparinux,True,5.0,0.0,5.0,True,4+ rings
lesinurad,53465279,6.6911592,3.6367092,53465279,lesinurad,True,4.0,3.0,1.0,True,4+ rings
fenoverine,72098,9.929108,2.9597106,72098,fenoverine,True,6.0,3.0,3.0,True,4+ rings
ipag,4239764,6.5658536,3.6580815,4239764,ipag,True,5.0,1.0,4.0,True,4+ rings
tc-e-5006,97289132,7.703922,1.6286347,97289132,tc-e-5006,True,4.0,3.0,1.0,True,4+ rings
gw-1929,6518171,8.235936,7.216158,6518171,gw-1929,True,4.0,4.0,0.0,True,4+ rings
ranitidine,9883333,9.542655,2.9414115,9883333,ranitidine,True,1.0,1.0,0.0,True,1 ring
quinpirol-(-),54562,5.899049,6.8401885,54562,quinpirol-(-),True,3.0,1.0,2.0,True,3 rings
honokiol,72303,9.472453,1.4665693,72303,honokiol,True,2.0,2.0,0.0,True,2 rings
talipexole,5374,4.896496,8.723251,5374,talipexole,True,2.0,1.0,1.0,True,2 rings
sb-216763,176158,6.573946,6.3167667,176158,sb-216763,True,4.0,3.0,1.0,True,4+ rings
cay10505,1204893,9.752706,2.607884,1204893,cay10505,True,3.0,2.0,1.0,True,3 rings
naloxegol,56959087,10.375643,3.2052271,56959087,naloxegol,True,5.0,1.0,4.0,True,4+ rings
a-674563,11314340,8.097992,6.514619,11314340,a-674563,True,4.0,4.0,0.0,True,4+ rings
10-hydroxycamptothecin,97226,7.547017,6.1076293,97226,10-hydroxycamptothecin,True,5.0,3.0,2.0,True,4+ rings
chloramphenicol-sodium-succinate,656580,7.8654966,2.72417,656580,chloramphenicol-sodium-succinate,True,1.0,1.0,0.0,True,1 ring
nelotanserin,11683556,8.240436,6.735568,11683556,nelotanserin,True,3.0,3.0,0.0,True,3 rings
apricitabine,455041,-2.5969017,8.077981,455041,apricitabine,True,2.0,1.0,1.0,True,2 rings
sucrose,5988,-1.64327,5.474779,5988,sucrose,True,2.0,0.0,2.0,True,2 rings
pf-4800567,53472153,8.271507,7.6795173,53472153,pf-4800567,True,4.0,3.0,1.0,True,4+ rings
tc-i-2000,57326391,6.9417543,3.6448038,57326391,tc-i-2000,True,4.0,3.0,1.0,True,4+ rings
nu-1025,135398517,8.36792,3.259543,135398517,nu-1025,True,2.0,2.0,0.0,True,2 rings
bay-11-7082,5353431,6.7581472,1.8729706,5353431,bay-11-7082,True,1.0,1.0,0.0,True,1 ring
mm-102,54766613,7.1161942,2.3731346,54766613,mm-102,True,3.0,2.0,1.0,True,3 rings
rupatadine,133017,5.9495697,6.849835,133017,rupatadine,True,5.0,3.0,2.0,True,4+ rings
tamsulosin,129211,9.443382,2.5916634,129211,tamsulosin,True,2.0,2.0,0.0,True,2 rings
ly450108,9843690,7.122153,3.3484886,9843690,ly450108,True,2.0,2.0,0.0,True,2 rings
mj-15,59377482,6.3912168,6.5016255,59377482,mj-15,True,4.0,4.0,0.0,True,4+ rings
irganox-1010,64819,9.792019,1.4641939,64819,irganox-1010,True,4.0,4.0,0.0,True,4+ rings
tasuldine,65666,6.084277,7.7354927,65666,tasuldine,True,2.0,2.0,0.0,True,2 rings
desonide,5311066,-3.74643,5.089939,5311066,desonide,True,5.0,0.0,5.0,True,4+ rings
pipenzolate,16048561,7.9301624,1.6559455,16048561,pipenzolate,True,3.0,2.0,1.0,True,3 rings
tas-103,135413533,7.343793,7.096315,135413533,tas-103,True,4.0,3.0,1.0,True,4+ rings
exo-1,310557,8.023579,3.4142015,310557,exo-1,True,2.0,2.0,0.0,True,2 rings
lutein,5281243,-2.6933036,5.607995,5281243,lutein,True,2.0,0.0,2.0,True,2 rings
sb-683698,9912743,9.571095,3.047128,9912743,sb-683698,True,3.0,3.0,0.0,True,3 rings
exisulind,5472495,7.666539,1.4369714,5472495,exisulind,True,3.0,2.0,1.0,True,3 rings
adoprazine,9887537,8.1618595,6.726483,9887537,adoprazine,True,5.0,3.0,2.0,True,4+ rings
mupirocin,446596,-2.7572634,6.014487,446596,mupirocin,True,2.0,0.0,2.0,True,2 rings
irinotecan,60838,7.548949,6.122983,60838,irinotecan,True,7.0,3.0,4.0,True,4+ rings
zidovudine,35370,-2.4634569,7.960453,35370,zidovudine,True,2.0,1.0,1.0,True,2 rings
spermidine,1102,-1.0219798,6.5705676,1102,spermidine,True,0.0,0.0,0.0,False,0 rings
piketoprofen,68571753,6.5207386,7.5096717,68571753,piketoprofen,True,3.0,3.0,0.0,True,3 rings
roxarsone,5104,8.72392,3.0680196,5104,roxarsone,True,1.0,1.0,0.0,True,1 ring
radotinib,16063245,6.573934,7.8544025,16063245,radotinib,True,5.0,5.0,0.0,True,4+ rings
caroverin,65709,9.108913,3.5577042,65709,caroverin,True,3.0,3.0,0.0,True,3 rings
ziprasidone,60854,6.590312,6.0162973,60854,ziprasidone,True,5.0,3.0,2.0,True,4+ rings
isradipine,13773524,7.410094,0.75304955,13773524,isradipine,True,3.0,2.0,1.0,True,3 rings
veliflapon,123723,7.8685164,6.5883656,123723,veliflapon,True,4.0,3.0,1.0,True,4+ rings
imipramine,3696,6.773817,3.5244267,3696,imipramine,True,3.0,2.0,1.0,True,3 rings
nelociguat,11690019,6.0538526,8.305971,11690019,nelociguat,True,4.0,4.0,0.0,True,4+ rings
dodecyl-sulfate,8778,-1.8962636,5.8910723,8778,dodecyl-sulfate,True,0.0,0.0,0.0,False,0 rings
eit-hydrobromide,5139,-0.9214477,6.3774943,5139,eit-hydrobromide,True,0.0,0.0,0.0,False,0 rings
brl-26314,14259155,7.387696,2.122547,14259155,brl-26314,True,2.0,2.0,0.0,True,2 rings
emamectin,118704765,-2.7282503,6.337906,118704765,emamectin,True,7.0,0.0,7.0,True,4+ rings
aztreonam,5742832,4.7348995,7.753936,5742832,aztreonam,True,2.0,1.0,1.0,True,2 rings
apabetalone,135564749,8.986112,3.7229798,135564749,apabetalone,True,3.0,3.0,0.0,True,3 rings
thioridazine,66062,6.1269417,3.4404576,66062,thioridazine,True,4.0,2.0,2.0,True,4+ rings
arundic-acid,208925,-1.93591,5.9902277,208925,arundic-acid,True,0.0,0.0,0.0,False,0 rings
torin-2,51358113,6.173487,7.386389,51358113,torin-2,True,5.0,5.0,0.0,True,4+ rings
imidacloprid,86418,5.9541225,7.3542666,86418,imidacloprid,True,2.0,1.0,1.0,True,2 rings
tosufloxacin,488360,6.878445,7.287606,488360,tosufloxacin,True,4.0,3.0,1.0,True,4+ rings
2-pyridylethylamine,75919,5.8652415,7.0771494,75919,2-pyridylethylamine,True,1.0,1.0,0.0,True,1 ring
tienilic-acid,38409,10.204985,1.9945226,38409,tienilic-acid,True,2.0,2.0,0.0,True,2 rings
flunarizine,941361,6.6224103,2.1467865,941361,flunarizine,True,4.0,3.0,1.0,True,4+ rings
metatinib,44155856,8.28982,7.169416,44155856,metatinib,True,4.0,4.0,0.0,True,4+ rings
diphenidol,3055,8.043523,1.9448849,3055,diphenidol,True,3.0,2.0,1.0,True,3 rings
khs-101,71304818,6.5666895,7.613368,71304818,khs-101,True,3.0,3.0,0.0,True,3 rings
thonzylamine,5457,8.120897,7.486978,5457,thonzylamine,True,2.0,2.0,0.0,True,2 rings
dexlansoprazole,9578005,8.146012,7.9333525,9578005,dexlansoprazole,True,3.0,3.0,0.0,True,3 rings
phytosphingosine,122121,-2.0485086,6.3968496,122121,phytosphingosine,True,0.0,0.0,0.0,False,0 rings
sm-164,17756618,6.588728,6.6022205,17756618,sm-164,True,9.0,5.0,4.0,True,4+ rings
acetohydroxamic-acid,1990,-1.3247187,6.560771,1990,acetohydroxamic-acid,True,0.0,0.0,0.0,False,0 rings
clebopride,2780,9.21144,3.7577407,2780,clebopride,True,3.0,2.0,1.0,True,3 rings
eprinomectin,86289908,-2.7588904,6.2993207,86289908,eprinomectin,True,7.0,0.0,7.0,True,4+ rings
sumatriptan,5358,6.100312,6.3612375,5358,sumatriptan,True,2.0,2.0,0.0,True,2 rings
avasimibe,166558,9.239744,1.596663,166558,avasimibe,True,2.0,2.0,0.0,True,2 rings
wy-16922,198325,9.004198,3.5851505,198325,wy-16922,True,1.0,1.0,0.0,True,1 ring
phenelzine,3675,6.584858,2.0981193,3675,phenelzine,True,1.0,1.0,0.0,True,1 ring
acetazolamide,1986,-1.225838,6.635345,1986,acetazolamide,True,1.0,1.0,0.0,True,1 ring
penicillin-v-potassium,6869,9.152451,2.5693607,6869,penicillin-v-potassium,True,3.0,1.0,2.0,True,3 rings
aprepitant,135413536,8.041745,1.9407449,135413536,aprepitant,True,4.0,3.0,1.0,True,4+ rings
varenicline,5310966,5.925592,6.8298535,5310966,varenicline,True,4.0,2.0,2.0,True,4+ rings
diloxanide,19529,8.90366,3.4075673,19529,diloxanide,True,2.0,2.0,0.0,True,2 rings
prochlorperazine,4917,6.1278443,3.4400494,4917,prochlorperazine,True,4.0,2.0,2.0,True,4+ rings
flt3-in-1,90052320,6.341448,7.739644,90052320,flt3-in-1,True,2.0,2.0,0.0,True,2 rings
eprazinone,29962149,7.939016,1.7832094,29962149,eprazinone,True,3.0,2.0,1.0,True,3 rings
resorcinol-monoacetate,5055,9.751636,1.8252323,5055,resorcinol-monoacetate,True,1.0,1.0,0.0,True,1 ring
edtmp,15025,-1.1400098,6.422477,15025,edtmp,True,0.0,0.0,0.0,False,0 rings
iodoantipyrine,8522,6.6975265,3.6480286,8522,iodoantipyrine,True,2.0,2.0,0.0,True,2 rings
chlorogenic-acid,1794427,10.122367,1.774974,1794427,chlorogenic-acid,True,2.0,1.0,1.0,True,2 rings
tribenoside,12874922,9.845739,1.6495185,12874922,tribenoside,True,4.0,3.0,1.0,True,4+ rings
isoxsuprine,42066885,9.38843,2.497738,42066885,isoxsuprine,True,2.0,2.0,0.0,True,2 rings
nnc-63-0532,9803475,7.1159434,3.5833364,9803475,nnc-63-0532,True,5.0,3.0,2.0,True,4+ rings
efinaconazole,9819704,7.8918633,2.0128193,9819704,efinaconazole,True,3.0,2.0,1.0,True,3 rings
butoconazole,476417,7.2210164,8.124558,476417,butoconazole,True,3.0,3.0,0.0,True,3 rings
nizofenone,4514,6.8475046,8.0053835,4514,nizofenone,True,3.0,3.0,0.0,True,3 rings
sn-38,104842,7.5226674,6.106067,104842,sn-38,True,5.0,3.0,2.0,True,4+ rings
azd8835,76685059,5.139339,9.113048,76685059,azd8835,True,4.0,3.0,1.0,True,4+ rings
evans-blue,6804600,7.0095553,3.2805276,6804600,evans-blue,True,6.0,4.0,2.0,True,4+ rings
i-bza2,1816834,7.0633926,2.5216103,1816834,i-bza2,True,1.0,1.0,0.0,True,1 ring
pilaralisib,56599306,8.492489,7.3160195,56599306,pilaralisib,True,4.0,4.0,0.0,True,4+ rings
eluxadoline,130406582,8.13421,7.52524,130406582,eluxadoline,True,4.0,4.0,0.0,True,4+ rings
gnf-5837,59397065,6.5588593,6.2879934,59397065,gnf-5837,True,5.0,4.0,1.0,True,4+ rings
nilotinib,644241,6.576238,7.855365,644241,nilotinib,True,5.0,5.0,0.0,True,4+ rings
dinoprostone,5280360,-2.674732,5.952478,5280360,dinoprostone,True,1.0,0.0,1.0,True,1 ring
ozanimod,52938427,9.599538,3.2155397,52938427,ozanimod,True,4.0,3.0,1.0,True,4+ rings
p7c3,981442,6.199639,6.277007,981442,p7c3,True,4.0,4.0,0.0,True,4+ rings
gm-1485,9837656,-1.8451626,7.1124816,9837656,gm-1485,True,1.0,0.0,1.0,True,1 ring
aq-13,3805581,5.9892,6.735432,3805581,aq-13,True,2.0,2.0,0.0,True,2 rings
idelalisib,11625818,6.675818,8.060194,11625818,idelalisib,True,5.0,5.0,0.0,True,4+ rings
ym-90709,1103147,8.4254265,7.5124693,1103147,ym-90709,True,5.0,4.0,1.0,True,4+ rings
adefovir,60172,5.342383,9.133311,60172,adefovir,True,2.0,2.0,0.0,True,2 rings
ramosetron,135418340,6.773113,7.933554,135418340,ramosetron,True,4.0,3.0,1.0,True,4+ rings
tetroquinone,36689751,-1.7678295,5.631924,36689751,tetroquinone,True,1.0,0.0,1.0,True,1 ring
canrenone,13789,-3.2139866,4.704145,13789,canrenone,True,5.0,0.0,5.0,True,4+ rings
zomepirac,5733,6.759805,6.417832,5733,zomepirac,True,2.0,2.0,0.0,True,2 rings
sunitinib,5329102,6.610734,6.3516665,5329102,sunitinib,True,3.0,2.0,1.0,True,3 rings
sd-169,14973220,6.583769,6.2803836,14973220,sd-169,True,2.0,2.0,0.0,True,2 rings
vanillin,1183,10.059448,1.9605371,1183,vanillin,True,1.0,1.0,0.0,True,1 ring
tu-2100,4342838,10.18788,2.1528926,4342838,tu-2100,True,2.0,2.0,0.0,True,2 rings
rs-23597-190,182593,9.192186,3.8190312,182593,rs-23597-190,True,2.0,1.0,1.0,True,2 rings
gr-79236,9884817,5.3969035,9.263418,9884817,gr-79236,True,4.0,2.0,2.0,True,4+ rings
trimetrexate,5583,8.774088,7.33725,5583,trimetrexate,True,3.0,3.0,0.0,True,3 rings
prt062607,44462758,6.2592587,8.10541,44462758,prt062607,True,4.0,3.0,1.0,True,4+ rings
digitoxin,441207,-3.379861,5.3270373,441207,digitoxin,True,8.0,0.0,8.0,True,4+ rings
cinepazet,6434395,10.034344,2.8827655,6434395,cinepazet,True,2.0,1.0,1.0,True,2 rings
swainsonine,51683,-2.0979156,6.572169,51683,swainsonine,True,2.0,0.0,2.0,True,2 rings
ro-19-4605,127382,6.853821,7.9256697,127382,ro-19-4605,True,3.0,2.0,1.0,True,3 rings
ggstop,139340107,8.725067,1.9140073,139340107,ggstop,True,1.0,1.0,0.0,True,1 ring
zinc-undecylenate,11179,-2.2211032,6.0807986,11179,zinc-undecylenate,True,0.0,0.0,0.0,False,0 rings
afatinib,10184653,8.733093,7.2496676,10184653,afatinib,True,4.0,3.0,1.0,True,4+ rings
l-quisqualic-acid,6971145,-1.3839283,6.888876,6971145,l-quisqualic-acid,True,1.0,1.0,0.0,True,1 ring
snc-80,123924,9.507228,3.0535522,123924,snc-80,True,3.0,2.0,1.0,True,3 rings
2-apb,1598,6.614457,2.0133483,1598,2-apb,True,2.0,2.0,0.0,True,2 rings
meclofenoxate,4039,9.559593,2.1828315,4039,meclofenoxate,True,1.0,1.0,0.0,True,1 ring
lazabemide,71307,6.4127083,6.872624,71307,lazabemide,True,1.0,1.0,0.0,True,1 ring
quetiapine,5002,6.2142997,3.4275355,5002,quetiapine,True,4.0,2.0,2.0,True,4+ rings
17-pa,25068278,-3.0293934,5.133652,25068278,17-pa,True,5.0,1.0,4.0,True,4+ rings
rilmenidine,68712,-0.9797697,6.5689087,68712,rilmenidine,True,3.0,0.0,3.0,True,3 rings
hydroxocobalamin,139031134,7.0260935,7.3832097,139031134,hydroxocobalamin,True,8.0,2.0,6.0,True,4+ rings
oglemilast,11387409,8.142035,6.7124047,11387409,oglemilast,True,4.0,4.0,0.0,True,4+ rings
prazosin,4893,8.843139,7.3209653,4893,prazosin,True,4.0,3.0,1.0,True,4+ rings
tg-100572,11712625,8.200601,7.4913535,11712625,tg-100572,True,5.0,4.0,1.0,True,4+ rings
oxaloacetate,54676101,-1.745331,6.1401176,54676101,oxaloacetate,True,0.0,0.0,0.0,False,0 rings
solifenacin-succinate,154059,6.898425,2.1919966,154059,solifenacin-succinate,True,6.0,2.0,4.0,True,4+ rings
paroxypropione,6271,10.070849,1.8783935,6271,paroxypropione,True,1.0,1.0,0.0,True,1 ring
baricitinib,44205240,6.0956903,8.350193,44205240,baricitinib,True,4.0,3.0,1.0,True,4+ rings
cyclovalone,1550234,10.021077,1.8626556,1550234,cyclovalone,True,3.0,2.0,1.0,True,3 rings
ly456236,9926999,8.514177,7.3565936,9926999,ly456236,True,3.0,3.0,0.0,True,3 rings
pf-03758309,25227462,6.092344,8.109626,25227462,pf-03758309,True,5.0,4.0,1.0,True,4+ rings
amg-208,24864821,8.394001,7.4985657,24864821,amg-208,True,5.0,5.0,0.0,True,4+ rings
nnc-05-2090,9888030,7.8993263,6.3752856,9888030,nnc-05-2090,True,5.0,4.0,1.0,True,4+ rings
rufloxacin,58258,9.5888195,4.5248876,58258,rufloxacin,True,4.0,2.0,2.0,True,4+ rings
bornyl-acetate,247573,-2.182733,5.567686,247573,bornyl-acetate,True,2.0,0.0,2.0,True,2 rings
chlorpropham,2728,6.5953264,3.6620433,2728,chlorpropham,True,1.0,1.0,0.0,True,1 ring
sdm25n,9931601,8.187766,6.221674,9931601,sdm25n,False,,,,,Invalid/missing SMILES
sulfaphenazole,5335,6.0691514,7.396118,5335,sulfaphenazole,True,3.0,3.0,0.0,True,3 rings
xilobam,6434391,6.816064,3.720646,6434391,xilobam,True,2.0,1.0,1.0,True,2 rings
i-bet151,52912189,7.9663267,6.6051946,52912189,i-bet151,True,5.0,5.0,0.0,True,4+ rings
perzinfotel,6918236,-1.2670457,6.6432524,6918236,perzinfotel,True,2.0,1.0,1.0,True,2 rings
ketoprofen,180540,7.6843634,1.4285828,180540,ketoprofen,True,2.0,2.0,0.0,True,2 rings
zometapine,135410917,5.9697223,7.6968575,135410917,zometapine,True,3.0,2.0,1.0,True,3 rings
piperonyl-butoxide,5794,10.09846,1.89517,5794,piperonyl-butoxide,True,2.0,1.0,1.0,True,2 rings
gs-6201,11270783,6.382965,8.118829,11270783,gs-6201,True,4.0,4.0,0.0,True,4+ rings
pha-665752,10461815,6.6012506,6.400514,10461815,pha-665752,True,6.0,3.0,3.0,True,4+ rings
cinepazide,5282459,10.0254345,2.879003,5282459,cinepazide,True,3.0,1.0,2.0,True,3 rings
pidolic-acid,7405,-1.8741107,7.0867815,7405,pidolic-acid,True,1.0,0.0,1.0,True,1 ring
enzastaurin,176167,6.5957627,6.3526225,176167,enzastaurin,True,7.0,5.0,2.0,True,4+ rings
lxh254,90456533,8.245458,7.189182,90456533,lxh254,True,4.0,3.0,1.0,True,4+ rings
sb-590885,135421339,8.0833645,7.75297,135421339,sb-590885,True,5.0,4.0,1.0,True,4+ rings
nitecapone,5464105,8.835285,2.8613696,5464105,nitecapone,True,1.0,1.0,0.0,True,1 ring
otamixaban,5496659,6.493162,6.980844,5496659,otamixaban,True,3.0,3.0,0.0,True,3 rings
rosiglitazone,10021239,8.077709,7.315713,10021239,rosiglitazone,True,3.0,2.0,1.0,True,3 rings
trilostane,5311487,-2.6177118,5.071532,5311487,trilostane,True,5.0,0.0,5.0,True,4+ rings
ketorolac,181817,6.8090677,6.5483212,181817,ketorolac,True,3.0,2.0,1.0,True,3 rings
tanaproget,4369524,6.9608335,6.4402266,4369524,tanaproget,True,3.0,2.0,1.0,True,3 rings
imeglimin,24812808,-1.0132511,6.544437,24812808,imeglimin,True,1.0,0.0,1.0,True,1 ring
ropivacaine,175805,7.030327,3.6565688,175805,ropivacaine,True,2.0,1.0,1.0,True,2 rings
dasatinib,3062316,6.5413733,7.682954,3062316,dasatinib,True,4.0,3.0,1.0,True,4+ rings
ucl-2077,24868317,5.9930944,6.870122,24868317,ucl-2077,True,4.0,4.0,0.0,True,4+ rings
carprofen,6997572,6.709737,6.229574,6997572,carprofen,True,3.0,3.0,0.0,True,3 rings
iti214,42639643,6.252041,7.9960966,42639643,iti214,True,7.0,4.0,3.0,True,4+ rings
bay-2402234,134470179,9.199763,3.7681208,134470179,bay-2402234,True,3.0,3.0,0.0,True,3 rings
mk-3697,46190695,7.9596987,6.890773,46190695,mk-3697,True,4.0,4.0,0.0,True,4+ rings
org-12962,9796408,5.960166,7.610689,9796408,org-12962,True,2.0,1.0,1.0,True,2 rings
gw274150,9797017,-1.6363612,7.193529,9797017,gw274150,True,0.0,0.0,0.0,False,0 rings
bevantolol,36690919,9.552145,2.5687382,36690919,bevantolol,True,2.0,2.0,0.0,True,2 rings
debio-0932,44156921,8.118002,7.860845,44156921,debio-0932,True,4.0,3.0,1.0,True,4+ rings
dihydrostreptomycin,73707353,-2.6566274,6.7740316,73707353,dihydrostreptomycin,True,6.0,0.0,6.0,True,4+ rings
7-hydroxy-dpat,23928184,8.997172,2.058323,23928184,7-hydroxy-dpat,True,2.0,1.0,1.0,True,2 rings
gs-143,121513876,9.055403,3.5466213,121513876,gs-143,True,5.0,4.0,1.0,True,4+ rings
cipargamin,44469321,6.527163,6.2000165,44469321,cipargamin,True,5.0,3.0,2.0,True,4+ rings
vx-745,3038525,6.8591557,2.3882763,3038525,vx-745,True,4.0,4.0,0.0,True,4+ rings
flumequine,6918894,9.562025,4.5434813,6918894,flumequine,True,3.0,2.0,1.0,True,3 rings
beta-hydroxy-beta-methylbutyrate,129010087,-1.6512213,5.892166,129010087,beta-hydroxy-beta-methylbutyrate,True,0.0,0.0,0.0,False,0 rings
val-tyr,7009555,8.567251,2.3256366,7009555,val-tyr,True,1.0,1.0,0.0,True,1 ring
loxapine,3964,9.268452,3.0877688,3964,loxapine,True,4.0,2.0,2.0,True,4+ rings
jzl-184,25021165,9.9424,2.8836668,25021165,jzl-184,True,6.0,3.0,3.0,True,4+ rings
foretinib,42642645,8.436219,6.81026,42642645,foretinib,True,6.0,4.0,2.0,True,4+ rings
glipizide,3478,6.3899016,7.0146146,3478,glipizide,True,3.0,2.0,1.0,True,3 rings
propentofylline,4938,4.8583674,9.204238,4938,propentofylline,True,2.0,2.0,0.0,True,2 rings
5-hydroxymethyl-tolterodine,9819382,8.8866415,2.0620792,9819382,5-hydroxymethyl-tolterodine,True,2.0,2.0,0.0,True,2 rings
lycopene,446925,-2.1678078,5.991753,446925,lycopene,True,0.0,0.0,0.0,False,0 rings
az-628,11676786,7.3085184,3.4060671,11676786,az-628,True,4.0,4.0,0.0,True,4+ rings
fasoracetam,198695,-1.4998598,6.897848,198695,fasoracetam,True,2.0,0.0,2.0,True,2 rings
r-1485,11689373,8.938201,3.2584898,11689373,r-1485,True,4.0,2.0,2.0,True,4+ rings
r406,11213558,8.5994425,7.398819,11213558,r406,True,4.0,3.0,1.0,True,4+ rings
2-tedc,6069552,9.832423,1.7390947,6069552,2-tedc,True,2.0,2.0,0.0,True,2 rings
cabergoline,54746,6.426111,6.260976,54746,cabergoline,True,4.0,2.0,2.0,True,4+ rings
bacampicillin,66586207,7.7308927,2.4823782,66586207,bacampicillin,True,3.0,1.0,2.0,True,3 rings
hoku-81,3045414,8.697859,2.0867124,3045414,hoku-81,True,1.0,1.0,0.0,True,1 ring
as-703026,44187362,6.516599,6.9535584,44187362,as-703026,True,2.0,2.0,0.0,True,2 rings
alpelisib,56649450,6.583136,7.446972,56649450,alpelisib,True,3.0,2.0,1.0,True,3 rings
nilvadipine,10340038,7.412778,0.7573526,10340038,nilvadipine,True,2.0,1.0,1.0,True,2 rings
bms-214662,448545,6.5797772,7.8832603,448545,bms-214662,True,5.0,4.0,1.0,True,4+ rings
coti-2,91810660,5.963235,7.675948,91810660,coti-2,True,4.0,2.0,2.0,True,4+ rings
frax486,68060125,6.362253,7.720971,68060125,frax486,True,5.0,4.0,1.0,True,4+ rings
perifosine,148178,-1.812741,6.3525457,148178,perifosine,True,1.0,0.0,1.0,True,1 ring
sparteine-(-),644020,-1.4465871,6.5998206,644020,sparteine-(-),True,4.0,0.0,4.0,True,4+ rings
kg-5,53328059,8.283295,7.517947,53328059,kg-5,True,4.0,4.0,0.0,True,4+ rings
pilsicainide,4820,7.0066533,3.704792,4820,pilsicainide,True,3.0,1.0,2.0,True,3 rings
cftrinh-172,1554210,7.9768925,3.3524,1554210,cftrinh-172,True,3.0,2.0,1.0,True,3 rings
alogliptin,11450633,6.834117,2.4639783,11450633,alogliptin,True,3.0,2.0,1.0,True,3 rings
cyt387,25062766,6.400312,7.714021,25062766,cyt387,True,4.0,3.0,1.0,True,4+ rings
ai-10-49,49806644,8.217151,7.8235297,49806644,ai-10-49,True,6.0,6.0,0.0,True,4+ rings
at-1015,9805664,6.88459,2.2065027,9805664,at-1015,True,5.0,2.0,3.0,True,4+ rings
emd534085,23634407,7.4581027,3.346181,23634407,emd534085,True,4.0,2.0,2.0,True,4+ rings
azilsartan-medoxomil,135409642,6.949867,8.02531,135409642,azilsartan-medoxomil,True,6.0,6.0,0.0,True,4+ rings
enprofylline,1676,4.8691516,9.202645,1676,enprofylline,True,2.0,2.0,0.0,True,2 rings
bgp-15,92211270,5.99734,7.021211,92211270,bgp-15,True,2.0,1.0,1.0,True,2 rings
pirarubicin,11296583,9.977895,3.5077465,11296583,pirarubicin,True,6.0,2.0,4.0,True,4+ rings
pirodavir,71345,8.251586,6.6371536,71345,pirodavir,True,3.0,2.0,1.0,True,3 rings
tacrine,1935,6.0199857,6.587882,1935,tacrine,True,3.0,2.0,1.0,True,3 rings
ac260584,9928284,8.992995,3.297908,9928284,ac260584,True,3.0,1.0,2.0,True,3 rings
gw-6471,446738,7.8953066,6.637715,446738,gw-6471,True,4.0,4.0,0.0,True,4+ rings
zd-7288,123984,6.506816,3.6693897,123984,zd-7288,True,2.0,2.0,0.0,True,2 rings
acarbose,444254,-2.651965,6.753688,444254,acarbose,True,4.0,0.0,4.0,True,4+ rings
sulfamethoxazole,5329,7.774022,4.1861696,5329,sulfamethoxazole,True,2.0,2.0,0.0,True,2 rings
u-0521,21632,10.005105,1.740434,21632,u-0521,True,1.0,1.0,0.0,True,1 ring
xylose,644160,-1.7780246,5.6624556,644160,xylose,True,0.0,0.0,0.0,False,0 rings
megestrol-acetate,11683,-3.2251356,4.7259254,11683,megestrol-acetate,True,4.0,0.0,4.0,True,4+ rings
desipramine,2995,6.724392,3.567004,2995,desipramine,True,3.0,2.0,1.0,True,3 rings
dotmp,124761,-1.1619581,6.435226,124761,dotmp,True,1.0,0.0,1.0,True,1 ring
nms-e973,135566652,8.646726,4.0816593,135566652,nms-e973,True,4.0,3.0,1.0,True,4+ rings
clemizole,2782,6.6758704,8.34234,2782,clemizole,True,4.0,3.0,1.0,True,4+ rings
beclamide,10391,6.945956,2.3591185,10391,beclamide,True,1.0,1.0,0.0,True,1 ring
dynasore,135533054,10.172464,1.6864337,135533054,dynasore,True,3.0,3.0,0.0,True,3 rings
carazolol,13023331,8.057487,6.317251,13023331,carazolol,True,3.0,3.0,0.0,True,3 rings
her2-inhibitor-1,42598643,8.385039,7.61611,42598643,her2-inhibitor-1,True,6.0,6.0,0.0,True,4+ rings
n-acetylcarnosine,9903482,4.904996,8.869051,9903482,n-acetylcarnosine,True,1.0,1.0,0.0,True,1 ring
escitalopram,146570,8.038493,1.8583024,146570,escitalopram,True,3.0,2.0,1.0,True,3 rings
dapt,5311272,7.467389,2.3035448,5311272,dapt,True,2.0,2.0,0.0,True,2 rings
rifamycin,5282048,9.66832,3.605483,5282048,rifamycin,True,5.0,2.0,3.0,True,4+ rings
articaine,6604377,7.556608,2.6440332,6604377,articaine,True,1.0,1.0,0.0,True,1 ring
levomenol,442343,-2.3151495,5.859347,442343,levomenol,True,1.0,0.0,1.0,True,1 ring
gs-967,58118983,8.175234,7.642473,58118983,gs-967,True,3.0,3.0,0.0,True,3 rings
paquinimod,54684617,7.9649,3.3632846,54684617,paquinimod,True,3.0,3.0,0.0,True,3 rings
(r)-(-)-rolipram,448055,9.810203,2.8034325,448055,(r)-(-)-rolipram,True,3.0,1.0,2.0,True,3 rings
methionine,84815,-1.6152169,7.219042,84815,methionine,True,0.0,0.0,0.0,False,0 rings
mk-0773,11950726,6.667128,7.908355,11950726,mk-0773,True,6.0,2.0,4.0,True,4+ rings
niclosamide,4477,8.366961,3.4084322,4477,niclosamide,True,2.0,2.0,0.0,True,2 rings
pf-03814735,51346455,6.5677,7.9036026,51346455,pf-03814735,True,5.0,2.0,3.0,True,4+ rings
masitinib,10074640,6.583857,7.572362,10074640,masitinib,True,5.0,4.0,1.0,True,4+ rings
epothilone-b,118184795,-2.737169,5.9736805,118184795,epothilone-b,True,3.0,1.0,2.0,True,3 rings
metoxibutropate,836891,10.067023,2.0235918,836891,metoxibutropate,True,2.0,2.0,0.0,True,2 rings
sgi-1027,24858111,6.4295597,7.7222266,24858111,sgi-1027,True,5.0,5.0,0.0,True,4+ rings
flurbiprofen-(s)-(+),72099,7.652878,1.4163843,72099,flurbiprofen-(s)-(+),True,2.0,2.0,0.0,True,2 rings
aripiprazole-lauroxil,49831411,9.146592,3.6829765,49831411,aripiprazole-lauroxil,True,4.0,2.0,2.0,True,4+ rings
pd-168568,9928335,7.2752757,3.4520826,9928335,pd-168568,True,4.0,2.0,2.0,True,4+ rings
brd4770,72193870,6.946353,7.9965763,72193870,brd4770,True,4.0,4.0,0.0,True,4+ rings
fenigam,685623,7.5021577,1.9035017,685623,fenigam,True,1.0,1.0,0.0,True,1 ring
nefazodone,4449,9.141889,3.3431094,4449,nefazodone,True,4.0,3.0,1.0,True,4+ rings
hexylresorcinol,3610,9.47885,1.5221006,3610,hexylresorcinol,True,1.0,1.0,0.0,True,1 ring
ldn-27219,1150683,7.161388,3.28626,1150683,ldn-27219,True,4.0,4.0,0.0,True,4+ rings
bay-60-7550,135564787,8.033519,7.5992026,135564787,bay-60-7550,True,4.0,4.0,0.0,True,4+ rings
sp-141,59620153,7.9413495,6.494841,59620153,sp-141,True,5.0,5.0,0.0,True,4+ rings
gtp-14564,3385203,8.530522,4.274844,3385203,gtp-14564,True,4.0,4.0,0.0,True,4+ rings
pp-2,4878,6.0349383,8.233724,4878,pp-2,True,3.0,3.0,0.0,True,3 rings
ntzdpa,9954280,6.806674,6.251209,9954280,ntzdpa,True,4.0,4.0,0.0,True,4+ rings
docusate,40473171,-1.8584964,5.9420314,40473171,docusate,True,0.0,0.0,0.0,False,0 rings
endoxifen,10090750,9.568525,2.4731772,10090750,endoxifen,True,3.0,3.0,0.0,True,3 rings
gsk2256098,46214930,6.3022895,7.7840343,46214930,gsk2256098,True,3.0,3.0,0.0,True,3 rings
lgk-974,46926973,6.451686,7.633941,46926973,lgk-974,True,4.0,4.0,0.0,True,4+ rings
sr-1078,17980288,8.057377,3.3713222,17980288,sr-1078,True,2.0,2.0,0.0,True,2 rings
ethylnorepinephrine,25271661,8.886212,2.015759,25271661,ethylnorepinephrine,True,1.0,1.0,0.0,True,1 ring
quipazine,5011,5.9377146,7.6285114,5011,quipazine,True,3.0,2.0,1.0,True,3 rings
ethyl-2-(carbamoyloxy)benzoate,145917,10.144796,2.241205,145917,ethyl-2-(carbamoyloxy)benzoate,True,1.0,1.0,0.0,True,1 ring
triclosan,5564,9.626382,1.9305098,5564,triclosan,True,2.0,2.0,0.0,True,2 rings
zalcitabine,24066,-2.5940793,8.074066,24066,zalcitabine,True,2.0,1.0,1.0,True,2 rings
daclatasvir,25154714,6.839511,7.495573,25154714,daclatasvir,True,6.0,4.0,2.0,True,4+ rings
gw-627368,5312130,9.184037,3.5110195,5312130,gw-627368,True,5.0,4.0,1.0,True,4+ rings
ertugliflozin,44814423,9.843676,1.762132,44814423,ertugliflozin,True,4.0,2.0,2.0,True,4+ rings
gestodene,3033968,-3.170805,4.7013803,3033968,gestodene,True,4.0,0.0,4.0,True,4+ rings
sultopride,29010876,9.368302,3.1393142,29010876,sultopride,True,2.0,1.0,1.0,True,2 rings
pf-05175157,52934180,6.5156083,8.030386,52934180,pf-05175157,True,5.0,3.0,2.0,True,4+ rings
lsz-102,118574930,9.937488,1.8300848,118574930,lsz-102,True,4.0,4.0,0.0,True,4+ rings
3-deazaneplanocin-a,73087,6.324359,8.613148,73087,3-deazaneplanocin-a,True,3.0,2.0,1.0,True,3 rings
griseofulvin,441140,10.5934,1.9409186,441140,griseofulvin,True,3.0,1.0,2.0,True,3 rings
o-3m3fbs,770820,6.5394917,3.1763566,770820,o-3m3fbs,True,2.0,2.0,0.0,True,2 rings
fr-180204,53338808,6.0152483,8.305223,53338808,fr-180204,True,5.0,5.0,0.0,True,4+ rings
ore1001,448281,6.7870107,8.131849,448281,ore1001,True,2.0,2.0,0.0,True,2 rings
dvd-111,180496,7.4538875,2.328539,180496,dvd-111,True,2.0,1.0,1.0,True,2 rings
fgin-1-43,3995234,6.5507903,6.1934443,3995234,fgin-1-43,True,3.0,3.0,0.0,True,3 rings
tamibarotene,108143,7.924267,3.396142,108143,tamibarotene,True,3.0,2.0,1.0,True,3 rings
brivudine,446727,-2.4709487,7.9667997,446727,brivudine,True,2.0,1.0,1.0,True,2 rings
sparfosate,46936683,-1.6216934,7.0578513,46936683,sparfosate,True,0.0,0.0,0.0,False,0 rings
brl-50481,2921148,6.439278,3.166969,2921148,brl-50481,True,1.0,1.0,0.0,True,1 ring
gbr-13069,5974189,8.044666,1.8938279,5974189,gbr-13069,True,4.0,3.0,1.0,True,4+ rings
ambenonium,2131,6.9066725,2.406046,2131,ambenonium,True,2.0,2.0,0.0,True,2 rings
wz8040,44607531,6.292818,7.6358085,44607531,wz8040,True,4.0,3.0,1.0,True,4+ rings
acdpp,16759169,6.4756927,7.6732345,16759169,acdpp,True,2.0,2.0,0.0,True,2 rings
astx660,118169620,6.86977,6.529933,118169620,astx660,True,5.0,2.0,3.0,True,4+ rings
gw-441756,9943465,6.5663614,6.3686585,9943465,gw-441756,True,4.0,3.0,1.0,True,4+ rings
gdc-0623,42642654,6.6496463,7.977645,42642654,gdc-0623,True,3.0,3.0,0.0,True,3 rings
captan,25775509,-1.6511468,6.5727887,25775509,captan,True,2.0,0.0,2.0,True,2 rings
"1,12-besm",4283,-1.0284187,6.604209,4283,"1,12-besm",True,0.0,0.0,0.0,False,0 rings
caspofungin,16119814,8.589808,2.363997,16119814,caspofungin,True,4.0,1.0,3.0,True,4+ rings
metergoline,28693,6.4301615,6.2218776,28693,metergoline,True,5.0,3.0,2.0,True,4+ rings
ml213,1219187,7.08417,3.593576,1219187,ml213,True,3.0,1.0,2.0,True,3 rings
nm107,500902,-2.603272,8.085219,500902,nm107,True,2.0,1.0,1.0,True,2 rings
sitravatinib,25212148,8.076925,6.9541965,25212148,sitravatinib,True,6.0,5.0,1.0,True,4+ rings
telbivudine,159269,-2.4723585,7.9674587,159269,telbivudine,True,2.0,1.0,1.0,True,2 rings
ro-61-8048,5282337,7.685607,7.4284472,5282337,ro-61-8048,True,3.0,3.0,0.0,True,3 rings
amiselimod,16129483,9.53584,2.3824487,16129483,amiselimod,True,1.0,1.0,0.0,True,1 ring
centhaquin,162163,6.1021085,6.5957303,162163,centhaquin,True,4.0,3.0,1.0,True,4+ rings
metoprolol,157716,9.449579,2.4677324,157716,metoprolol,True,1.0,1.0,0.0,True,1 ring
3-carboxy-4-hydroxyphenylglycine-(r),6604713,8.550825,1.9095057,6604713,3-carboxy-4-hydroxyphenylglycine-(r),True,1.0,1.0,0.0,True,1 ring
gsk2578215a,68107965,8.082029,6.9161043,68107965,gsk2578215a,True,4.0,4.0,0.0,True,4+ rings
urolithin-a,5488186,10.601671,1.913497,5488186,urolithin-a,True,3.0,3.0,0.0,True,3 rings
thymopentin,451417,8.525573,2.3541734,451417,thymopentin,True,1.0,1.0,0.0,True,1 ring
indium-tri(2-propanolate),57346963,-1.34243,6.0208044,57346963,indium-tri(2-propanolate),True,0.0,0.0,0.0,False,0 rings
jnj-7777120,4908365,6.5454097,6.3191314,4908365,jnj-7777120,True,3.0,2.0,1.0,True,3 rings
cutamesine,9907323,9.96135,2.8060246,9907323,cutamesine,True,3.0,2.0,1.0,True,3 rings
actb-1003,23653175,6.208313,8.3436575,23653175,actb-1003,True,5.0,4.0,1.0,True,4+ rings
voclosporin,6918486,-2.008214,6.953339,6918486,voclosporin,True,1.0,0.0,1.0,True,1 ring
carbadox,135511839,5.860479,7.108281,135511839,carbadox,True,2.0,2.0,0.0,True,2 rings
pnu-142633,9845148,8.019884,3.449066,9845148,pnu-142633,True,4.0,2.0,2.0,True,4+ rings
skepinone-l,45279963,9.051816,3.5066333,45279963,skepinone-l,True,4.0,3.0,1.0,True,4+ rings
magnolol,72300,9.4920025,1.468855,72300,magnolol,True,2.0,2.0,0.0,True,2 rings
fmoc-l-leucine,1549133,7.533123,2.2138455,1549133,fmoc-l-leucine,True,3.0,2.0,1.0,True,3 rings
sc-12267,9820008,8.983182,3.4609816,9820008,sc-12267,True,3.0,2.0,1.0,True,3 rings
"2,6-dimethylpiperidine",641768,-0.9791046,6.577457,641768,"2,6-dimethylpiperidine",True,1.0,0.0,1.0,True,1 ring
apigenin,5280443,10.61449,1.9443591,5280443,apigenin,True,3.0,3.0,0.0,True,3 rings
tak-063,46848915,6.18866,6.802705,46848915,tak-063,True,5.0,5.0,0.0,True,4+ rings
pym50028,92095,-2.7321074,5.115726,92095,pym50028,True,6.0,0.0,6.0,True,4+ rings
tcs-3035,2295463,9.836965,2.0695496,2295463,tcs-3035,True,2.0,1.0,1.0,True,2 rings
fpl-55712,92460042,10.6525755,1.9002004,92460042,fpl-55712,True,3.0,3.0,0.0,True,3 rings
ki-20227,57881591,8.4056,6.892657,57881591,ki-20227,True,4.0,4.0,0.0,True,4+ rings
mecysteine,29145,-1.5847496,7.199369,29145,mecysteine,True,0.0,0.0,0.0,False,0 rings
dsm265,51347395,5.9315877,7.818861,51347395,dsm265,True,3.0,3.0,0.0,True,3 rings
flurothyl,9528,-1.2171382,6.015936,9528,flurothyl,True,0.0,0.0,0.0,False,0 rings
20-hydroxyecdysone,25749233,-3.463505,4.9108996,25749233,20-hydroxyecdysone,True,4.0,0.0,4.0,True,4+ rings
dantrolene,6914273,9.455724,3.2728548,6914273,dantrolene,True,3.0,2.0,1.0,True,3 rings
en460,1016023,8.993757,3.6304636,1016023,en460,True,4.0,3.0,1.0,True,4+ rings
2-oxoglutaric-acid,51,-1.6451699,5.8622246,51,2-oxoglutaric-acid,True,0.0,0.0,0.0,False,0 rings
diethyltoluamide,4284,7.0601807,2.4651995,4284,diethyltoluamide,True,1.0,1.0,0.0,True,1 ring
on-01500,11486204,9.109678,3.1163182,11486204,on-01500,True,2.0,2.0,0.0,True,2 rings
dipraglurant,44557636,6.463663,8.335872,44557636,dipraglurant,True,3.0,3.0,0.0,True,3 rings
pyritinol,14190,7.1676307,6.7239566,14190,pyritinol,True,2.0,2.0,0.0,True,2 rings
ro-60-0175,3045227,6.0302105,6.4773026,3045227,ro-60-0175,True,2.0,2.0,0.0,True,2 rings
spaglumic-acid,188803,-1.8723122,7.072382,188803,spaglumic-acid,True,0.0,0.0,0.0,False,0 rings
s1p1-agonist-iii,54764919,7.49365,7.063838,54764919,s1p1-agonist-iii,True,3.0,3.0,0.0,True,3 rings
tosedostat,15547703,7.4715023,2.2855718,15547703,tosedostat,True,2.0,1.0,1.0,True,2 rings
gpbar-a,11656002,8.002396,6.808466,11656002,gpbar-a,True,4.0,3.0,1.0,True,4+ rings
harringtonine,276389,10.10709,3.012248,276389,harringtonine,True,5.0,1.0,4.0,True,4+ rings
nafcillin,8982,9.059778,2.8107183,8982,nafcillin,True,4.0,2.0,2.0,True,4+ rings
dehydrocholate,7048656,-2.6921008,5.059193,7048656,dehydrocholate,True,4.0,0.0,4.0,True,4+ rings
vanoxerine,3455,8.026683,1.8720863,3455,vanoxerine,True,4.0,3.0,1.0,True,4+ rings
pf-06459988,71535003,8.159726,7.718101,71535003,pf-06459988,True,4.0,3.0,1.0,True,4+ rings
nbi-27914,176157,5.8943315,7.680798,176157,nbi-27914,True,3.0,2.0,1.0,True,3 rings
gw-311616,9800961,-1.5275921,6.767741,9800961,gw-311616,True,3.0,0.0,3.0,True,3 rings
regadenoson,219024,5.379134,9.243211,219024,regadenoson,True,4.0,3.0,1.0,True,4+ rings
4-propylbenzoic-acid,137601,7.815771,1.4106131,137601,4-propylbenzoic-acid,True,1.0,1.0,0.0,True,1 ring
caricotamide,403128,-1.3680807,6.752261,403128,caricotamide,True,1.0,0.0,1.0,True,1 ring
voruciclib,67409219,10.596683,2.0629601,67409219,voruciclib,True,4.0,3.0,1.0,True,4+ rings
benurestat,38000,7.009227,2.5591745,38000,benurestat,True,1.0,1.0,0.0,True,1 ring
dnqx,3899541,6.7201266,3.6329455,3899541,dnqx,True,2.0,2.0,0.0,True,2 rings
velpatasvir,67683363,7.501973,7.211254,67683363,velpatasvir,True,9.0,6.0,3.0,True,4+ rings
4-iodo-6-phenylpyrimidine,817368,6.000796,7.736416,817368,4-iodo-6-phenylpyrimidine,True,2.0,2.0,0.0,True,2 rings
cevipabulin,11488110,8.291555,7.6556163,11488110,cevipabulin,True,3.0,3.0,0.0,True,3 rings
zindotrine,41856,5.8646646,8.304831,41856,zindotrine,True,3.0,2.0,1.0,True,3 rings
beta-elemene,6918391,-2.2720563,5.896023,6918391,beta-elemene,True,1.0,0.0,1.0,True,1 ring
butamben,2482,8.256031,3.4795423,2482,butamben,True,1.0,1.0,0.0,True,1 ring
resminostat,11609955,6.297307,6.9028535,11609955,resminostat,True,2.0,2.0,0.0,True,2 rings
bardoxolone,400010,-3.2067955,4.9404817,400010,bardoxolone,True,5.0,0.0,5.0,True,4+ rings
tic10,336423,6.8558517,2.4673207,336423,tic10,True,5.0,2.0,3.0,True,4+ rings
lersivirine,16739244,8.054327,6.5221877,16739244,lersivirine,True,2.0,2.0,0.0,True,2 rings
gadobutrol,70678987,-1.4653772,6.6829433,70678987,gadobutrol,True,3.0,0.0,3.0,True,3 rings
loreclezole,3034012,6.5932636,2.0907202,3034012,loreclezole,True,2.0,2.0,0.0,True,2 rings
paliperidone,9823781,8.125417,4.32284,9823781,paliperidone,True,5.0,3.0,2.0,True,4+ rings
dicycloverine,3042,-1.8817103,6.098296,3042,dicycloverine,True,2.0,0.0,2.0,True,2 rings
cct129202,16202152,6.5434775,7.903448,16202152,cct129202,True,5.0,4.0,1.0,True,4+ rings
ketoconazole,47576,7.8960466,7.8347907,47576,ketoconazole,True,5.0,3.0,2.0,True,4+ rings
nuclomedone,76972174,6.8945136,2.3541052,76972174,nuclomedone,True,3.0,1.0,2.0,True,3 rings
gsk0660,46233311,8.924709,3.274085,46233311,gsk0660,True,3.0,3.0,0.0,True,3 rings
methoxsalen,4114,10.591005,1.9603055,4114,methoxsalen,True,3.0,3.0,0.0,True,3 rings
sb-525334,9967941,6.3767753,8.375723,9967941,sb-525334,True,4.0,4.0,0.0,True,4+ rings
synephrine,667452,8.778643,2.0801847,667452,synephrine,True,1.0,1.0,0.0,True,1 ring
triapine,9571836,5.8137,7.1011496,9571836,triapine,True,1.0,1.0,0.0,True,1 ring
clobetasol-propionate,32798,-3.649951,4.911481,32798,clobetasol-propionate,True,4.0,0.0,4.0,True,4+ rings
sultamicillin,444022,7.6945477,2.4503682,444022,sultamicillin,True,5.0,1.0,4.0,True,4+ rings
a-1120,25138295,7.9154234,3.371173,25138295,a-1120,True,3.0,2.0,1.0,True,3 rings
bd-1063,574780,6.62729,2.2002454,574780,bd-1063,True,2.0,1.0,1.0,True,2 rings
tadalafil,110635,8.098853,6.3951983,110635,tadalafil,True,6.0,3.0,3.0,True,4+ rings
tc-s-7004,57523919,6.462692,7.7119946,57523919,tc-s-7004,True,4.0,4.0,0.0,True,4+ rings
metitepine,969502,6.6568,1.9631519,969502,metitepine,True,4.0,2.0,2.0,True,4+ rings
procainamide,4913,7.2677093,3.213744,4913,procainamide,True,1.0,1.0,0.0,True,1 ring
bezafibrate,39042,9.529858,3.049272,39042,bezafibrate,True,2.0,2.0,0.0,True,2 rings
cisplatin,86820626,-1.0784115,6.165745,86820626,cisplatin,True,0.0,0.0,0.0,False,0 rings
isopropyl-palmitate,8907,-1.8841501,5.9755125,8907,isopropyl-palmitate,True,0.0,0.0,0.0,False,0 rings
danoprevir,11285588,7.498063,2.3530517,11285588,danoprevir,True,6.0,1.0,5.0,True,4+ rings
acamprosate,71158,-1.5695982,7.1238804,71158,acamprosate,True,0.0,0.0,0.0,False,0 rings
az191,72716071,8.375347,7.7297177,72716071,az191,True,5.0,4.0,1.0,True,4+ rings
squaric-acid-dibutyl-ester,65108,-1.784204,6.054093,65108,squaric-acid-dibutyl-ester,True,1.0,1.0,0.0,True,1 ring
chlorphenesin,6918886,9.684285,1.9239879,6918886,chlorphenesin,True,1.0,1.0,0.0,True,1 ring
hesperidin,10621,10.898929,1.6730998,10621,hesperidin,True,5.0,2.0,3.0,True,4+ rings
novobiocin,54675769,10.717565,2.050772,54675769,novobiocin,True,4.0,3.0,1.0,True,4+ rings
aai101,23653541,-1.7673937,7.289681,23653541,aai101,True,3.0,1.0,2.0,True,3 rings
arq-621,25110841,7.299785,3.3165152,25110841,arq-621,True,4.0,4.0,0.0,True,4+ rings
nvp-bhg712,16747388,6.4414515,7.9485817,16747388,nvp-bhg712,True,5.0,5.0,0.0,True,4+ rings
abiraterone,132971,6.1344943,6.905135,132971,abiraterone,True,5.0,1.0,4.0,True,4+ rings
rolipram,158758,9.818868,2.82907,158758,rolipram,True,3.0,1.0,2.0,True,3 rings
tc-sp-14,51346934,6.5936685,6.7170796,51346934,tc-sp-14,True,5.0,4.0,1.0,True,4+ rings
nsc-636819,6288112,6.53342,2.7233438,6288112,nsc-636819,True,3.0,3.0,0.0,True,3 rings
tolamolol,66743765,9.511625,3.0699127,66743765,tolamolol,True,2.0,2.0,0.0,True,2 rings
ha-966-(r)-(+),6603720,-1.4134694,6.8756404,6603720,ha-966-(r)-(+),True,1.0,0.0,1.0,True,1 ring
triciribine-phosphate,43860,5.4186406,9.270992,43860,triciribine-phosphate,True,4.0,2.0,2.0,True,4+ rings
zd-0947,9818432,7.0612216,2.0397089,9818432,zd-0947,True,3.0,1.0,2.0,True,3 rings
cc-401,10430360,8.350359,7.4281154,10430360,cc-401,True,5.0,4.0,1.0,True,4+ rings
dicoumarol,54676038,10.227713,1.9945514,54676038,dicoumarol,True,4.0,4.0,0.0,True,4+ rings
ftaxilide,71895,7.945824,3.3177752,71895,ftaxilide,True,2.0,2.0,0.0,True,2 rings
cki-7,129236,5.860865,6.8551826,129236,cki-7,True,2.0,2.0,0.0,True,2 rings
cyclopiazonic-acid,54682463,6.4940896,6.1817966,54682463,cyclopiazonic-acid,True,5.0,2.0,3.0,True,4+ rings
anastrozole,2187,6.6271024,2.203107,2187,anastrozole,True,2.0,2.0,0.0,True,2 rings
methylene-blue,4139,6.1646895,3.446028,4139,methylene-blue,True,3.0,1.0,2.0,True,3 rings
vuf10166,24278976,5.963554,7.735794,24278976,vuf10166,True,3.0,2.0,1.0,True,3 rings
desmethylclozapine,135409468,6.4946103,3.6898284,135409468,desmethylclozapine,True,4.0,2.0,2.0,True,4+ rings
mcoppb,24800108,6.600768,8.376428,24800108,mcoppb,True,5.0,2.0,3.0,True,4+ rings
oxybuprocaine,4633,8.912325,3.5678546,4633,oxybuprocaine,True,1.0,1.0,0.0,True,1 ring
bisoctrizole,3571576,7.827439,6.3014197,3571576,bisoctrizole,True,6.0,6.0,0.0,True,4+ rings
boceprevir,10324368,-1.5134254,6.8869705,10324368,boceprevir,True,3.0,0.0,3.0,True,3 rings
carmoterol,86306667,9.09828,3.2737145,86306667,carmoterol,True,3.0,3.0,0.0,True,3 rings
hc-070,85473309,7.8693023,7.7574635,85473309,hc-070,True,4.0,4.0,0.0,True,4+ rings
arecoline,2230,-1.8936565,6.2814794,2230,arecoline,True,1.0,0.0,1.0,True,1 ring
rubitecan,472335,7.446759,6.0798936,472335,rubitecan,True,5.0,3.0,2.0,True,4+ rings
vandetanib,3081361,8.811292,7.335973,3081361,vandetanib,True,4.0,3.0,1.0,True,4+ rings
bakuchiol,5468522,9.460805,1.5119828,5468522,bakuchiol,True,1.0,1.0,0.0,True,1 ring
esonarimod,9795701,7.661953,1.4434909,9795701,esonarimod,True,1.0,1.0,0.0,True,1 ring
nicainoprol,76956332,7.921526,6.8228965,76956332,nicainoprol,True,3.0,2.0,1.0,True,3 rings
tug-891,57522038,10.083407,1.977885,57522038,tug-891,True,3.0,3.0,0.0,True,3 rings
wp921,3035658,6.6176305,2.2818925,3035658,wp921,True,2.0,2.0,0.0,True,2 rings
aticaprant,44129648,9.534859,3.0698245,44129648,aticaprant,True,4.0,3.0,1.0,True,4+ rings
fenoldopam,30026875,8.925774,2.0925512,30026875,fenoldopam,True,3.0,2.0,1.0,True,3 rings
oicr-9429,91623360,7.1761727,3.4608884,91623360,oicr-9429,True,5.0,3.0,2.0,True,4+ rings
acifran,76969700,7.9220905,1.4146795,76969700,acifran,True,2.0,1.0,1.0,True,2 rings
m-344,3994,7.212676,3.2810893,3994,m-344,True,1.0,1.0,0.0,True,1 ring
sisomicin,36119,-2.6800964,6.7772584,36119,sisomicin,True,3.0,0.0,3.0,True,3 rings
metacetamol,12124,8.683013,3.2479448,12124,metacetamol,True,1.0,1.0,0.0,True,1 ring
rizatriptan,5078,6.192577,8.139854,5078,rizatriptan,True,3.0,3.0,0.0,True,3 rings
dexamethasone,5743,-3.566628,4.892957,5743,dexamethasone,True,4.0,0.0,4.0,True,4+ rings
atglistatin,71699712,6.8704967,3.665222,71699712,atglistatin,True,2.0,2.0,0.0,True,2 rings
azd5153,118693659,8.130207,7.686957,118693659,azd5153,True,5.0,3.0,2.0,True,4+ rings
vapendavir,504457,8.212425,6.341078,504457,vapendavir,True,4.0,3.0,1.0,True,4+ rings
niflumic-acid,4488,6.867177,7.276226,4488,niflumic-acid,True,2.0,2.0,0.0,True,2 rings
azatadine,19861,5.986721,6.89376,19861,azatadine,True,4.0,2.0,2.0,True,4+ rings
l-theanine,439378,-1.8174263,7.0917115,439378,l-theanine,True,0.0,0.0,0.0,False,0 rings
desoxypeganine,442894,6.554397,3.6323748,442894,desoxypeganine,True,3.0,1.0,2.0,True,3 rings
indinavir,5362440,6.6169314,6.6046767,5362440,indinavir,True,5.0,3.0,2.0,True,4+ rings
as-2444697,52913874,8.054046,6.795821,52913874,as-2444697,True,4.0,3.0,1.0,True,4+ rings
elacytarabine,6438895,-2.5917463,8.068003,6438895,elacytarabine,True,2.0,1.0,1.0,True,2 rings
g-15,25727983,9.952941,2.9268808,25727983,g-15,True,5.0,2.0,3.0,True,4+ rings
melphalan,6918992,7.5917706,3.1034942,6918992,melphalan,True,1.0,1.0,0.0,True,1 ring
4-pyrimidinecarbonitrile,10313094,5.396735,8.60103,10313094,4-pyrimidinecarbonitrile,True,1.0,1.0,0.0,True,1 ring
3-amino-benzamide,1645,7.1519275,3.1294303,1645,3-amino-benzamide,True,1.0,1.0,0.0,True,1 ring
ferb-033,135931707,9.422073,1.4869248,135931707,ferb-033,True,2.0,2.0,0.0,True,2 rings
ly2784544,46213929,6.029177,8.253489,46213929,ly2784544,True,5.0,4.0,1.0,True,4+ rings
lauric-diethanolamide,8430,-1.6057209,6.679289,8430,lauric-diethanolamide,True,0.0,0.0,0.0,False,0 rings
tcn201,4787937,7.0024004,2.5919654,4787937,tcn201,True,3.0,3.0,0.0,True,3 rings
deserpidine,8550,8.123598,6.295102,8550,deserpidine,True,6.0,3.0,3.0,True,4+ rings
valnemulin,9850878,-2.8373594,5.058879,9850878,valnemulin,True,3.0,0.0,3.0,True,3 rings
pazufloxacin,65957,9.475714,4.1640024,65957,pazufloxacin,True,4.0,2.0,2.0,True,4+ rings
bms-863233,135564632,9.221553,3.579174,135564632,bms-863233,True,4.0,3.0,1.0,True,4+ rings
abx464,49846599,8.539047,7.1531262,49846599,abx464,True,3.0,3.0,0.0,True,3 rings
carteolol,49852288,9.140567,3.5730822,49852288,carteolol,True,2.0,1.0,1.0,True,2 rings
sulfamonomethoxine,5332,6.2361355,7.4407086,5332,sulfamonomethoxine,True,2.0,2.0,0.0,True,2 rings
th-588,73389731,5.9533834,7.686704,73389731,th-588,True,3.0,2.0,1.0,True,3 rings
asaraldehyde,20525,10.605003,1.8933039,20525,asaraldehyde,True,1.0,1.0,0.0,True,1 ring
quinestrol,9046,10.155002,1.1839641,9046,quinestrol,True,5.0,1.0,4.0,True,4+ rings
ngd-98-2,9822241,8.095553,7.2722797,9822241,ngd-98-2,True,2.0,2.0,0.0,True,2 rings
imidazoacridinone,132127,7.458468,7.82845,132127,imidazoacridinone,True,4.0,4.0,0.0,True,4+ rings
jnj-39758979,24994634,5.7667193,8.246424,24994634,jnj-39758979,True,2.0,1.0,1.0,True,2 rings
azd9668,46861623,6.312561,6.8597546,46861623,azd9668,True,4.0,4.0,0.0,True,4+ rings
pritelivir,491941,6.6558123,7.411874,491941,pritelivir,True,3.0,3.0,0.0,True,3 rings
sr-3576,70702008,8.274079,6.740872,70702008,sr-3576,True,4.0,4.0,0.0,True,4+ rings
aeg3482,698112,6.418355,8.215677,698112,aeg3482,True,3.0,3.0,0.0,True,3 rings
tms,5354004,9.93587,1.8661569,5354004,tms,True,2.0,2.0,0.0,True,2 rings
mitoxantrone,4212,8.356668,3.3598623,4212,mitoxantrone,True,3.0,2.0,1.0,True,3 rings
bavisant,16061509,7.052521,2.4415643,16061509,bavisant,True,4.0,1.0,3.0,True,4+ rings
niacin,938,6.9339857,6.881832,938,niacin,True,1.0,1.0,0.0,True,1 ring
pci-27483,135425273,7.3467736,7.270675,135425273,pci-27483,True,4.0,4.0,0.0,True,4+ rings
u-75799e,9919153,6.8207884,7.2736363,9919153,u-75799e,True,6.0,6.0,0.0,True,4+ rings
pirenzepine,4848,6.497235,7.5846,4848,pirenzepine,True,4.0,2.0,2.0,True,4+ rings
idarubicin,42890,9.968045,3.460526,42890,idarubicin,True,5.0,2.0,3.0,True,4+ rings
carbachol,2551,-1.3631688,6.588224,2551,carbachol,True,0.0,0.0,0.0,False,0 rings
azelastine,12831281,7.002005,2.562951,12831281,azelastine,True,4.0,3.0,1.0,True,4+ rings
kevetrin,437740,-0.87821954,6.415156,437740,kevetrin,True,0.0,0.0,0.0,False,0 rings
tretazicar,89105,7.118643,3.3288107,89105,tretazicar,True,2.0,1.0,1.0,True,2 rings
ly294002,3973,9.943331,2.4830608,3973,ly294002,True,4.0,3.0,1.0,True,4+ rings
altrenogest,10041070,-3.145932,4.765666,10041070,altrenogest,True,4.0,0.0,4.0,True,4+ rings
pranoprofen,40467222,7.951021,6.77246,40467222,pranoprofen,True,3.0,2.0,1.0,True,3 rings
pyrantel-pamoate,708857,6.607128,2.0991197,708857,pyrantel-pamoate,True,2.0,1.0,1.0,True,2 rings
auranofin,6918453,-1.6986473,5.6458344,6918453,auranofin,True,1.0,0.0,1.0,True,1 ring
jib04,6519698,5.9815984,7.563802,6519698,jib04,True,3.0,3.0,0.0,True,3 rings
a-922500,24768261,7.718802,3.3980186,24768261,a-922500,True,4.0,3.0,1.0,True,4+ rings
salvianolic-acid-a,5281793,10.141385,1.7220646,5281793,salvianolic-acid-a,True,3.0,3.0,0.0,True,3 rings
tasisulam,10160238,6.9612446,2.6556299,10160238,tasisulam,True,2.0,2.0,0.0,True,2 rings
taxifolin,439533,10.760385,1.758756,439533,taxifolin,True,3.0,2.0,1.0,True,3 rings
alprenolol,203685,9.487507,2.49872,203685,alprenolol,True,1.0,1.0,0.0,True,1 ring
pramoxine,4886,9.507708,2.4236443,4886,pramoxine,True,2.0,1.0,1.0,True,2 rings
cyclamic-acid,7533,-1.0334847,6.5737433,7533,cyclamic-acid,True,1.0,0.0,1.0,True,1 ring
unc926,61041645,7.083038,2.49361,61041645,unc926,True,3.0,1.0,2.0,True,3 rings
l-cysteine,6419722,-1.5367386,7.132655,6419722,l-cysteine,True,0.0,0.0,0.0,False,0 rings
pramipexole,119570,4.867771,8.731462,119570,pramipexole,True,2.0,1.0,1.0,True,2 rings
pf-750,25154868,6.151361,6.653896,25154868,pf-750,True,4.0,3.0,1.0,True,4+ rings
tenoxicam,54677971,6.564158,7.413824,54677971,tenoxicam,True,3.0,2.0,1.0,True,3 rings
ergotamine,8223,6.569867,6.2187824,8223,ergotamine,True,8.0,3.0,5.0,True,4+ rings
mgcd-265,24901704,8.00013,7.628201,24901704,mgcd-265,True,5.0,5.0,0.0,True,4+ rings
parthenolide-(alternate-stereo),7251185,-2.7598631,5.943887,7251185,parthenolide-(alternate-stereo),True,3.0,0.0,3.0,True,3 rings
liranaftate,3936,8.161113,7.2591567,3936,liranaftate,True,3.0,2.0,1.0,True,3 rings
itraconazole,14179013,7.9559913,7.766732,14179013,itraconazole,True,7.0,5.0,2.0,True,4+ rings
amg-9810,680502,9.075226,3.3706574,680502,amg-9810,True,3.0,2.0,1.0,True,3 rings
fpl-64176,3423,7.131769,6.233715,3423,fpl-64176,True,3.0,3.0,0.0,True,3 rings
labetalol,134043,8.935218,2.3376155,134043,labetalol,True,2.0,2.0,0.0,True,2 rings
misoprostol,5282381,-2.682151,5.939166,5282381,misoprostol,True,1.0,0.0,1.0,True,1 ring
u-54494a,183470,6.9899626,2.5899763,183470,u-54494a,True,3.0,1.0,2.0,True,3 rings
tazarotene,5381,6.9940457,6.7974353,5381,tazarotene,True,3.0,2.0,1.0,True,3 rings
sch-23390,3036864,8.965802,2.0263298,3036864,sch-23390,True,3.0,2.0,1.0,True,3 rings
amifostine,29927142,-1.0526252,6.5138264,29927142,amifostine,True,0.0,0.0,0.0,False,0 rings
bu226,3410883,5.8804984,6.9747667,3410883,bu226,True,3.0,2.0,1.0,True,3 rings
pca-4248,6604734,7.612074,1.2810432,6604734,pca-4248,True,2.0,1.0,1.0,True,2 rings
bis(maltolato)oxovanadium(iv),3035454,-1.9442211,6.1166058,3035454,bis(maltolato)oxovanadium(iv),True,2.0,2.0,0.0,True,2 rings
edoxaban,10280735,6.5772614,7.507177,10280735,edoxaban,True,4.0,2.0,2.0,True,4+ rings
ei1,72199293,6.5069394,6.305714,72199293,ei1,True,3.0,3.0,0.0,True,3 rings
azd0156,118502708,7.8135395,6.735708,118502708,azd0156,True,5.0,4.0,1.0,True,4+ rings
fk-409,94621715,-1.4692482,6.7720966,94621715,fk-409,True,0.0,0.0,0.0,False,0 rings
n-methyllidocaine-iodide,168868,6.9496503,3.7100098,168868,n-methyllidocaine-iodide,True,1.0,1.0,0.0,True,1 ring
aripiprazole,60795,9.187912,3.7010326,60795,aripiprazole,True,4.0,2.0,2.0,True,4+ rings
amg-487-(+/-),24957182,8.268546,7.2167025,24957182,amg-487-(+/-),True,5.0,5.0,0.0,True,4+ rings
l-asparagine,6992089,-1.5768123,7.049975,6992089,l-asparagine,True,0.0,0.0,0.0,False,0 rings
bms-599626,10437018,6.093239,8.359973,10437018,bms-599626,True,6.0,5.0,1.0,True,4+ rings
monomethyl-fumarate,5369209,-1.8048446,6.1697187,5369209,monomethyl-fumarate,True,0.0,0.0,0.0,False,0 rings
cefpiramide,636405,8.147963,2.527393,636405,cefpiramide,True,5.0,3.0,2.0,True,4+ rings
octenidine,51167,-0.9904906,6.5823984,51167,octenidine,True,2.0,2.0,0.0,True,2 rings
picotamide,4814,8.069638,6.875894,4814,picotamide,True,3.0,3.0,0.0,True,3 rings
busulfan,2478,-1.2301108,6.010359,2478,busulfan,True,0.0,0.0,0.0,False,0 rings
tilorone,5475,9.857238,2.5434225,5475,tilorone,True,3.0,2.0,1.0,True,3 rings
tmc-353121,11249932,7.9121637,7.8759937,11249932,tmc-353121,True,5.0,4.0,1.0,True,4+ rings
pincainide,71267,6.9713144,3.6967587,71267,pincainide,True,2.0,1.0,1.0,True,2 rings
ki16198,92461210,8.075257,4.1930485,92461210,ki16198,True,3.0,3.0,0.0,True,3 rings
nomifensine,55993,6.672125,3.4560175,55993,nomifensine,True,3.0,2.0,1.0,True,3 rings
nemiralisib,49784002,7.2228847,6.408623,49784002,nemiralisib,True,6.0,5.0,1.0,True,4+ rings
tie2-kinase-inhibitor,92852530,8.031185,7.8545513,92852530,tie2-kinase-inhibitor,True,5.0,5.0,0.0,True,4+ rings
a-987306,25109291,5.9757233,7.851723,25109291,a-987306,True,5.0,1.0,4.0,True,4+ rings
dropropizine,65859,6.6830287,3.5125346,65859,dropropizine,True,2.0,1.0,1.0,True,2 rings
phenyl-aminosalicylate,8609,8.750849,3.408241,8609,phenyl-aminosalicylate,True,2.0,2.0,0.0,True,2 rings
nvp-tae684,16038120,8.551979,7.67151,16038120,nvp-tae684,True,5.0,3.0,2.0,True,4+ rings
rofecoxib,5090,7.783552,1.3847281,5090,rofecoxib,True,3.0,2.0,1.0,True,3 rings
ilepcimide,641115,10.003359,2.8391743,641115,ilepcimide,True,3.0,1.0,2.0,True,3 rings
mr-948,10443938,7.807515,7.8665233,10443938,mr-948,True,2.0,2.0,0.0,True,2 rings
tcn238,46911068,6.028604,7.778555,46911068,tcn238,True,2.0,2.0,0.0,True,2 rings
spermine,1103,-1.0134882,6.5580835,1103,spermine,True,0.0,0.0,0.0,False,0 rings
retinaldehyde,638015,-2.2760057,6.000624,638015,retinaldehyde,True,1.0,0.0,1.0,True,1 ring
atazanavir,148192,6.5453434,6.6613283,148192,atazanavir,True,3.0,3.0,0.0,True,3 rings
barium-6-o-phosphonato-d-glucose,439958,-1.7535274,5.614992,439958,barium-6-o-phosphonato-d-glucose,True,0.0,0.0,0.0,False,0 rings
gossypol,3503,10.260725,1.5857188,3503,gossypol,True,4.0,4.0,0.0,True,4+ rings
vu1545,11625520,6.2982726,7.508366,11625520,vu1545,True,4.0,4.0,0.0,True,4+ rings
flufenamic-acid,3371,7.9806232,3.3629627,3371,flufenamic-acid,True,2.0,2.0,0.0,True,2 rings
nu-7441,11327430,9.953735,2.5158362,11327430,nu-7441,True,6.0,5.0,1.0,True,4+ rings
methotrexate,126941,6.490294,7.8154564,126941,methotrexate,True,3.0,3.0,0.0,True,3 rings
allopurinol,135401907,4.9183407,9.102643,135401907,allopurinol,True,2.0,2.0,0.0,True,2 rings
olomoucine,4592,6.329794,8.609917,4592,olomoucine,True,3.0,3.0,0.0,True,3 rings
nvp-bvu972,44206063,6.026332,8.370473,44206063,nvp-bvu972,True,5.0,5.0,0.0,True,4+ rings
unc0638,46224516,8.797373,7.3473825,46224516,unc0638,True,5.0,2.0,3.0,True,4+ rings
levocetirizine,28145931,6.793173,2.2470436,28145931,levocetirizine,True,3.0,2.0,1.0,True,3 rings
uf-010,4596836,7.0820227,2.518429,4596836,uf-010,True,1.0,1.0,0.0,True,1 ring
y-29794,195609,6.605334,6.7212253,195609,y-29794,True,2.0,2.0,0.0,True,2 rings
chlorpyrifos,2730,6.732157,6.868919,2730,chlorpyrifos,True,1.0,1.0,0.0,True,1 ring
zebularine,100016,-2.5923686,8.0720415,100016,zebularine,True,2.0,1.0,1.0,True,2 rings
parethoxycaine,7183,9.88993,2.5343647,7183,parethoxycaine,True,1.0,1.0,0.0,True,1 ring
dienogest,68861,-3.181609,4.758817,68861,dienogest,True,4.0,0.0,4.0,True,4+ rings
zk-93423,121926,7.89848,6.481037,121926,zk-93423,True,4.0,4.0,0.0,True,4+ rings
medronic-acid,16124,-1.1190168,6.1783557,16124,medronic-acid,True,0.0,0.0,0.0,False,0 rings
maropitant,204108,9.6208725,2.6944697,204108,maropitant,True,6.0,3.0,3.0,True,4+ rings
reserpine,5770,8.160101,6.315059,5770,reserpine,True,6.0,3.0,3.0,True,4+ rings
lofexidine,3038503,9.483543,2.3516786,3038503,lofexidine,True,2.0,1.0,1.0,True,2 rings
mosapride,9979608,9.204984,3.7687788,9979608,mosapride,True,3.0,2.0,1.0,True,3 rings
mianserin,68551,6.6578836,3.4692316,68551,mianserin,True,4.0,2.0,2.0,True,4+ rings
zonisamide,5734,8.045807,4.27827,5734,zonisamide,True,2.0,2.0,0.0,True,2 rings
ck-636,588963,6.6209383,6.512256,588963,ck-636,True,3.0,3.0,0.0,True,3 rings
tc-n-1752,53361524,8.2743,7.458622,53361524,tc-n-1752,True,4.0,3.0,1.0,True,4+ rings
cryptotanshinone,160254,8.010539,1.353704,160254,cryptotanshinone,True,4.0,1.0,3.0,True,4+ rings
d-limonene,440917,-2.2319024,5.9655643,440917,d-limonene,True,1.0,0.0,1.0,True,1 ring
canertinib,156414,8.706286,7.247989,156414,canertinib,True,4.0,3.0,1.0,True,4+ rings
beta-naphthol,8663,9.50973,1.4350425,8663,beta-naphthol,True,2.0,2.0,0.0,True,2 rings
eugenol,3314,9.933516,1.9208168,3314,eugenol,True,1.0,1.0,0.0,True,1 ring
i-bet-762,46943432,7.931727,7.5301657,46943432,i-bet-762,True,4.0,3.0,1.0,True,4+ rings
pretomanid,456199,7.8782506,7.8636866,456199,pretomanid,True,3.0,2.0,1.0,True,3 rings
abt-751,3035714,7.9587865,7.3455815,3035714,abt-751,True,3.0,3.0,0.0,True,3 rings
morin,5281670,10.662218,1.9045888,5281670,morin,True,3.0,3.0,0.0,True,3 rings
rec-15/2615,9891980,8.846539,7.332984,9891980,rec-15/2615,True,4.0,3.0,1.0,True,4+ rings
pralatrexate,11155808,6.5244355,7.7463036,11155808,pralatrexate,True,3.0,3.0,0.0,True,3 rings
clotiapine,16351,6.200462,3.4427867,16351,clotiapine,True,4.0,2.0,2.0,True,4+ rings
oxaliplatin,43805,-1.5152814,7.004917,43805,oxaliplatin,True,3.0,0.0,3.0,True,3 rings
maxacalcitol,6398761,-2.9276888,5.378578,6398761,maxacalcitol,True,3.0,0.0,3.0,True,3 rings
coh29,44253415,7.5471234,7.249697,44253415,coh29,True,4.0,4.0,0.0,True,4+ rings
tcv-309,6918167,6.527725,6.8787475,6918167,tcv-309,True,4.0,3.0,1.0,True,4+ rings
sb-258585,3248571,8.947521,3.2165148,3248571,sb-258585,True,3.0,2.0,1.0,True,3 rings
eniporide,6433092,6.4843254,6.831865,6433092,eniporide,True,2.0,2.0,0.0,True,2 rings
n-acetyl-tyrosine,68310,8.663548,2.265971,68310,n-acetyl-tyrosine,True,1.0,1.0,0.0,True,1 ring
cgp-37849,6604869,-1.5538462,6.923191,6604869,cgp-37849,True,0.0,0.0,0.0,False,0 rings
terfenadine,6604035,8.034483,1.8956873,6604035,terfenadine,True,4.0,3.0,1.0,True,4+ rings
l-365260,5311201,6.9227295,3.7336884,5311201,l-365260,True,4.0,3.0,1.0,True,4+ rings
epiandrosterone,441302,-2.6056008,5.0542674,441302,epiandrosterone,True,4.0,0.0,4.0,True,4+ rings
spectinomycin,15541,-2.641175,6.7543797,15541,spectinomycin,True,3.0,0.0,3.0,True,3 rings
mps1-in-5,71599640,8.186257,7.5768385,71599640,mps1-in-5,True,5.0,5.0,0.0,True,4+ rings
chrysin,5281607,10.603454,1.9340377,5281607,chrysin,True,3.0,3.0,0.0,True,3 rings
2-oxopropanoate,37873,-1.6847249,6.0733666,37873,2-oxopropanoate,True,0.0,0.0,0.0,False,0 rings
didox,3045,9.517638,2.0243716,3045,didox,True,1.0,1.0,0.0,True,1 ring
denatonium-benzoate,15488,6.9867606,3.6866395,15488,denatonium-benzoate,True,2.0,2.0,0.0,True,2 rings
k-strophanthidin,6185,-3.4966016,5.1598864,6185,k-strophanthidin,True,5.0,0.0,5.0,True,4+ rings
3-methyladenine,135398661,4.987032,8.987816,135398661,3-methyladenine,True,2.0,2.0,0.0,True,2 rings
azimilide,9571004,9.611054,2.90006,9571004,azimilide,True,4.0,2.0,2.0,True,4+ rings
sd-208,10316032,6.0446444,7.9709496,10316032,sd-208,True,4.0,4.0,0.0,True,4+ rings
zanubrutinib,135565884,8.264023,6.932269,135565884,zanubrutinib,True,5.0,3.0,2.0,True,4+ rings
tridihexethyl,6604470,8.065735,1.9105344,6604470,tridihexethyl,True,2.0,1.0,1.0,True,2 rings
ro-5028442,59657596,6.8940554,6.361355,59657596,ro-5028442,True,5.0,3.0,2.0,True,4+ rings
gdc-0994,124583908,6.199761,8.045153,124583908,gdc-0994,True,4.0,4.0,0.0,True,4+ rings
aldoxorubicin,9810709,9.931049,3.533005,9810709,aldoxorubicin,True,6.0,2.0,4.0,True,4+ rings
tafluprost,9868491,9.941108,1.8690948,9868491,tafluprost,True,2.0,1.0,1.0,True,2 rings
seocalcitol,5288149,-2.897755,5.3913074,5288149,seocalcitol,True,3.0,0.0,3.0,True,3 rings
chlorfenson,6635,9.431462,1.5381691,6635,chlorfenson,True,2.0,2.0,0.0,True,2 rings
nicardipine,6603948,7.405976,0.7442796,6603948,nicardipine,True,3.0,2.0,1.0,True,3 rings
pardoprunox,6918525,8.932743,3.3223188,6918525,pardoprunox,True,3.0,2.0,1.0,True,3 rings
oxfenicine,89853,8.711178,1.9701945,89853,oxfenicine,True,1.0,1.0,0.0,True,1 ring
tramiprosate,6991996,-1.005221,6.4580154,6991996,tramiprosate,True,0.0,0.0,0.0,False,0 rings
telenzepine,5387,7.058192,3.287527,5387,telenzepine,True,4.0,2.0,2.0,True,4+ rings
nithiamide,8798,4.654239,8.776316,8798,nithiamide,True,1.0,1.0,0.0,True,1 ring
n-alpha-methylhistamine-dihydrochloride,912,4.9182487,8.857129,912,n-alpha-methylhistamine-dihydrochloride,True,1.0,1.0,0.0,True,1 ring
oxethazaine,4621,6.982543,2.2087703,4621,oxethazaine,True,2.0,2.0,0.0,True,2 rings
cnqx,3721046,6.848126,3.592746,3721046,cnqx,True,2.0,2.0,0.0,True,2 rings
terciprazine,30844635,6.7167354,3.4530876,30844635,terciprazine,True,3.0,1.0,2.0,True,3 rings
rabeprazole,9906855,8.13468,7.9583273,9906855,rabeprazole,True,3.0,3.0,0.0,True,3 rings
icg-001,11238147,8.593428,2.3576415,11238147,icg-001,True,6.0,4.0,2.0,True,4+ rings
pf-03084014,46224413,6.847616,8.145036,46224413,pf-03084014,True,3.0,2.0,1.0,True,3 rings
siramesine,9829526,7.058954,6.4221153,9829526,siramesine,True,6.0,4.0,2.0,True,4+ rings
phenindione,4760,7.192818,1.5470827,4760,phenindione,True,3.0,2.0,1.0,True,3 rings
gw-803430,9826520,9.305995,3.4758613,9826520,gw-803430,True,5.0,4.0,1.0,True,4+ rings
nitarsone,66826,6.51425,3.3272204,66826,nitarsone,True,1.0,1.0,0.0,True,1 ring
sar405,72709209,6.059267,7.521381,72709209,sar405,True,4.0,2.0,2.0,True,4+ rings
4-carboxy-3-hydroxyphenylglycine-(s),5311455,8.632023,1.8710207,5311455,4-carboxy-3-hydroxyphenylglycine-(s),True,1.0,1.0,0.0,True,1 ring
trimethadione,5576,-1.4069711,6.6184607,5576,trimethadione,True,1.0,0.0,1.0,True,1 ring
golvatinib,16118392,8.347887,7.2793603,16118392,golvatinib,True,6.0,3.0,3.0,True,4+ rings
creatine,586,-1.305937,6.63252,586,creatine,True,0.0,0.0,0.0,False,0 rings
atrasentan,159594,9.95726,2.9164343,159594,atrasentan,True,4.0,2.0,2.0,True,4+ rings
cinoctramide,6443803,10.006317,2.8372235,6443803,cinoctramide,True,2.0,1.0,1.0,True,2 rings
methylbenzethonium-chloride,4135,9.663796,2.6162148,4135,methylbenzethonium-chloride,True,2.0,2.0,0.0,True,2 rings
"hydrastine-(1r,9s)",197835,10.182854,3.073079,197835,"hydrastine-(1r,9s)",True,5.0,2.0,3.0,True,4+ rings
thymol-iodide,11088,9.478777,1.4608269,11088,thymol-iodide,True,2.0,2.0,0.0,True,2 rings
r-59022,3012,6.7833295,2.4128728,3012,r-59022,True,5.0,4.0,1.0,True,4+ rings
dyphylline,688353,4.9012356,9.282246,688353,dyphylline,True,2.0,2.0,0.0,True,2 rings
gsk2830371,70983932,6.4771004,6.8562684,70983932,gsk2830371,True,4.0,2.0,2.0,True,4+ rings
oxaceprol,65784,-1.8580735,7.0602574,65784,oxaceprol,True,1.0,0.0,1.0,True,1 ring
risdiplam,118513932,6.1360345,8.182998,118513932,risdiplam,True,6.0,4.0,2.0,True,4+ rings
xylometazoline,5709,6.42568,2.12979,5709,xylometazoline,True,2.0,1.0,1.0,True,2 rings
phccc,44572113,9.024988,3.5339851,44572113,phccc,True,4.0,2.0,2.0,True,4+ rings
at-7519,11338033,6.3670645,6.5204525,11338033,at-7519,True,3.0,2.0,1.0,True,3 rings
jnj-64619178,126637809,6.299569,8.579591,126637809,jnj-64619178,True,5.0,4.0,1.0,True,4+ rings
aspirin,2244,10.213579,2.1310701,2244,aspirin,True,1.0,1.0,0.0,True,1 ring
pacocf3,4670,-1.8410631,5.9582887,4670,pacocf3,True,0.0,0.0,0.0,False,0 rings
cytisine,10235,-1.5560856,6.562987,10235,cytisine,True,3.0,1.0,2.0,True,3 rings
nida-41020,11037861,7.8514557,6.436263,11037861,nida-41020,True,4.0,3.0,1.0,True,4+ rings
vorasidenib,117817422,5.9254184,7.7651,117817422,vorasidenib,True,2.0,2.0,0.0,True,2 rings
ci-953,130178,5.986473,6.992799,130178,ci-953,True,2.0,2.0,0.0,True,2 rings
fg-4592,11256664,7.7759776,6.598925,11256664,fg-4592,True,3.0,3.0,0.0,True,3 rings
lisuride,28864,6.271069,6.3096356,28864,lisuride,True,4.0,2.0,2.0,True,4+ rings
profenamine,667534,6.1277623,3.4359906,667534,profenamine,True,3.0,2.0,1.0,True,3 rings
c34,91691128,-2.4514632,6.714982,91691128,c34,True,1.0,0.0,1.0,True,1 ring
t-807,71059746,6.0616193,6.3732934,71059746,t-807,True,4.0,4.0,0.0,True,4+ rings
ramifenazone,5037,6.6991186,3.6753736,5037,ramifenazone,True,2.0,2.0,0.0,True,2 rings
cs-917,11289630,7.707685,7.089936,11289630,cs-917,True,2.0,2.0,0.0,True,2 rings
piribedil,4850,8.063119,7.48684,4850,piribedil,True,4.0,2.0,2.0,True,4+ rings
cephradine,12876371,-1.8633636,7.32792,12876371,cephradine,True,3.0,0.0,3.0,True,3 rings
croconazole,2880,7.8303413,7.858398,2880,croconazole,True,3.0,3.0,0.0,True,3 rings
picolamine,31018,5.9668097,7.0445123,31018,picolamine,True,1.0,1.0,0.0,True,1 ring
levofloxacin,6956357,9.492344,4.1878524,6956357,levofloxacin,True,4.0,2.0,2.0,True,4+ rings
plovamer-acetate,6942100,8.766934,2.0306027,6942100,plovamer-acetate,True,1.0,1.0,0.0,True,1 ring
famprofazone,6604370,6.7476106,3.6084557,6604370,famprofazone,True,3.0,3.0,0.0,True,3 rings
vgx-1027,92981775,7.631909,1.5448837,92981775,vgx-1027,True,2.0,1.0,1.0,True,2 rings
ly311727,155922,7.939613,6.394963,155922,ly311727,True,3.0,3.0,0.0,True,3 rings
oxotremorine-m,4629,-1.2909393,6.713644,4629,oxotremorine-m,True,1.0,0.0,1.0,True,1 ring
betamipron,71651,7.134237,2.4744706,71651,betamipron,True,1.0,1.0,0.0,True,1 ring
mometasone-furoate,441336,10.364891,1.7744828,441336,mometasone-furoate,True,5.0,1.0,4.0,True,4+ rings
naftopidil,6603939,9.150778,3.1582253,6603939,naftopidil,True,4.0,3.0,1.0,True,4+ rings
nifuroxazide,5337997,9.484241,3.222071,5337997,nifuroxazide,True,2.0,2.0,0.0,True,2 rings
rotigotine,59227,8.954304,1.9444295,59227,rotigotine,True,3.0,2.0,1.0,True,3 rings
ertapenem,124518153,7.8961735,2.7995384,124518153,ertapenem,True,4.0,1.0,3.0,True,4+ rings
ki-16425,40467027,8.104309,4.169948,40467027,ki-16425,True,3.0,3.0,0.0,True,3 rings
leucomethylene-blue,164695,6.1361175,3.4386656,164695,leucomethylene-blue,True,3.0,2.0,1.0,True,3 rings
ro-67-7476,32681978,6.669808,2.1068637,32681978,ro-67-7476,True,3.0,2.0,1.0,True,3 rings
fenthion,3346,9.487318,1.5360508,3346,fenthion,True,1.0,1.0,0.0,True,1 ring
tiprenolol,76966339,9.444977,2.4500675,76966339,tiprenolol,True,1.0,1.0,0.0,True,1 ring
delivert,78357780,7.3029656,7.2047725,78357780,delivert,True,4.0,3.0,1.0,True,4+ rings
norepinephrine,439260,8.897852,1.9995232,439260,norepinephrine,True,1.0,1.0,0.0,True,1 ring
clonixin,28718,6.905475,7.2184896,28718,clonixin,True,2.0,2.0,0.0,True,2 rings
zoxazolamine,6103,8.042735,6.5750937,6103,zoxazolamine,True,2.0,2.0,0.0,True,2 rings
vu0364439,46934289,6.411566,6.9091334,46934289,vu0364439,True,3.0,3.0,0.0,True,3 rings
chlorisondamine-diiodide,6244,6.588391,2.2018437,6244,chlorisondamine-diiodide,True,2.0,1.0,1.0,True,2 rings
apd597,11691484,6.5864058,7.5691824,11691484,apd597,True,3.0,2.0,1.0,True,3 rings
jtc-801,5311340,7.9261403,6.708511,5311340,jtc-801,True,4.0,4.0,0.0,True,4+ rings
2-(3-mercaptopropyl)pentanedioic-acid,11735892,-1.8372986,5.9748425,11735892,2-(3-mercaptopropyl)pentanedioic-acid,True,0.0,0.0,0.0,False,0 rings
emorfazone,3221,-1.4541813,6.566946,3221,emorfazone,True,2.0,1.0,1.0,True,2 rings
chr-6494,70679308,6.037262,8.320714,70679308,chr-6494,True,4.0,4.0,0.0,True,4+ rings
crisaborole,44591583,9.672085,2.1670475,44591583,crisaborole,True,3.0,2.0,1.0,True,3 rings
meta-cresyl-acetate,67406,9.848787,1.9870173,67406,meta-cresyl-acetate,True,1.0,1.0,0.0,True,1 ring
broxyquinoline,2453,7.5045457,6.5062594,2453,broxyquinoline,True,2.0,2.0,0.0,True,2 rings
way-316606,16727102,6.6897764,1.9293902,16727102,way-316606,True,3.0,2.0,1.0,True,3 rings
benperidol,16363,7.1760063,3.482457,16363,benperidol,True,4.0,3.0,1.0,True,4+ rings
ly231617,3968,8.989679,2.001304,3968,ly231617,True,1.0,1.0,0.0,True,1 ring
metoclopramide,4168,9.249726,3.8033953,4168,metoclopramide,True,1.0,1.0,0.0,True,1 ring
licogliflozin,52913524,10.006072,1.6967332,52913524,licogliflozin,True,4.0,2.0,2.0,True,4+ rings
azodicarbonamide,5462814,-1.116987,6.2961903,5462814,azodicarbonamide,True,0.0,0.0,0.0,False,0 rings
amygdalin,656516,9.835053,1.634864,656516,amygdalin,True,3.0,1.0,2.0,True,3 rings
a-381393,11301655,6.657001,8.492014,11301655,a-381393,True,4.0,3.0,1.0,True,4+ rings
ad-5467,6933882,9.115861,3.1906226,6933882,ad-5467,True,2.0,1.0,1.0,True,2 rings
salvianolic-acid-b,11629084,10.609647,1.7854438,11629084,salvianolic-acid-b,True,5.0,4.0,1.0,True,4+ rings
metixene,6604302,6.6327887,1.9643103,6604302,metixene,True,4.0,2.0,2.0,True,4+ rings
10-deacetylbaccatin,154272,10.346063,1.6596096,154272,10-deacetylbaccatin,True,5.0,1.0,4.0,True,4+ rings
y-39983,9810884,6.4890113,7.953527,9810884,y-39983,True,3.0,3.0,0.0,True,3 rings
nemonapride,156333,9.201387,3.7741487,156333,nemonapride,True,3.0,2.0,1.0,True,3 rings
gw-3965,72199895,9.588555,2.9292896,72199895,gw-3965,True,4.0,4.0,0.0,True,4+ rings
elemene,6431152,-2.238914,5.9072614,6431152,elemene,True,1.0,0.0,1.0,True,1 ring
safinamide,131682,9.450764,2.844904,131682,safinamide,True,2.0,2.0,0.0,True,2 rings
gsk2194069,67376285,9.22507,3.5632515,67376285,gsk2194069,True,6.0,4.0,2.0,True,4+ rings
ha-1004,3546,5.9093904,6.989447,3546,ha-1004,True,2.0,2.0,0.0,True,2 rings
paromomycin,165580,-2.6729875,6.772753,165580,paromomycin,True,4.0,0.0,4.0,True,4+ rings
capobenic-acid,30627,9.926282,2.9252958,30627,capobenic-acid,True,1.0,1.0,0.0,True,1 ring
evp-6124,46196517,7.0306396,2.5787845,46196517,evp-6124,True,5.0,2.0,3.0,True,4+ rings
ticagrelor,9871419,6.3041244,8.6447315,9871419,ticagrelor,True,5.0,3.0,2.0,True,4+ rings
mk-0812,11180808,6.46897,6.7064977,11180808,mk-0812,True,4.0,1.0,3.0,True,4+ rings
carumonam,6540466,4.735965,7.753267,6540466,carumonam,True,2.0,1.0,1.0,True,2 rings
az505,24961094,9.152955,3.43731,24961094,az505,True,4.0,2.0,2.0,True,4+ rings
cp-376395,9862166,7.9298987,6.6840563,9862166,cp-376395,True,2.0,2.0,0.0,True,2 rings
sodium-tetradecyl-sulfate,51382662,-1.940286,5.801458,51382662,sodium-tetradecyl-sulfate,True,0.0,0.0,0.0,False,0 rings
ibiglustat,60199242,6.6649976,7.0209346,60199242,ibiglustat,True,5.0,2.0,3.0,True,4+ rings
yil-781,23631116,9.132936,3.5633764,23631116,yil-781,True,4.0,3.0,1.0,True,4+ rings
nvs-pak1-1,137125241,6.6444697,3.6959796,137125241,nvs-pak1-1,True,4.0,2.0,2.0,True,4+ rings
l-689560,6604749,7.6632586,3.1477585,6604749,l-689560,True,3.0,2.0,1.0,True,3 rings
ag-556,5328775,8.957203,2.4552379,5328775,ag-556,True,2.0,2.0,0.0,True,2 rings
mmv-390048,53311393,6.294113,7.4978533,53311393,mmv-390048,True,3.0,3.0,0.0,True,3 rings
g-1,5322399,9.334007,3.517616,5322399,g-1,True,5.0,2.0,3.0,True,4+ rings
ml324,44143209,7.3943343,6.5332584,44143209,ml324,True,3.0,3.0,0.0,True,3 rings
halopemide,65490,7.137781,3.4804597,65490,halopemide,True,4.0,3.0,1.0,True,4+ rings
pravastatin,54687,-2.7182062,5.983525,54687,pravastatin,True,2.0,0.0,2.0,True,2 rings
zm-226600,92211533,6.5672574,3.3284507,92211533,zm-226600,True,2.0,2.0,0.0,True,2 rings
sen-1269,46835756,8.477275,7.50485,46835756,sen-1269,True,3.0,3.0,0.0,True,3 rings
az-7371,72792692,8.096282,7.757849,72792692,az-7371,True,3.0,3.0,0.0,True,3 rings
sertraline,68617,6.5795584,2.1538205,68617,sertraline,True,3.0,2.0,1.0,True,3 rings
troclosene,16726,-1.1002113,6.229,16726,troclosene,True,1.0,1.0,0.0,True,1 ring
siremadlin,71678098,6.738859,7.9484735,71678098,siremadlin,True,5.0,4.0,1.0,True,4+ rings
racecadotril,60561,7.6843724,2.0842984,60561,racecadotril,True,2.0,2.0,0.0,True,2 rings
80841-78-7,9855518,-1.2934203,5.990541,9855518,80841-78-7,True,1.0,1.0,0.0,True,1 ring
fli-06,6966819,7.4162807,0.7813763,6966819,fli-06,True,4.0,1.0,3.0,True,4+ rings
somantadine,50234,-0.9085606,6.631807,50234,somantadine,True,4.0,0.0,4.0,True,4+ rings
fosphenytoin,56339,7.07391,2.2981844,56339,fosphenytoin,True,3.0,2.0,1.0,True,3 rings
cpsi-1306-(+/-),52936269,7.6664443,1.6966034,52936269,cpsi-1306-(+/-),True,3.0,1.0,2.0,True,3 rings
d-alpha-tocopheryl-succinate,20353,9.907917,1.5892762,20353,d-alpha-tocopheryl-succinate,True,2.0,1.0,1.0,True,2 rings
ribociclib,44631912,6.457983,8.092178,44631912,ribociclib,True,5.0,3.0,2.0,True,4+ rings
