name,pubchem_cid,UMAP1,UMAP2,pubchem_cid_clean,name_clean,valid_smiles_ring,ring_count,aromatic_ring_count,aliphatic_ring_count,has_ring,ring_category
be-2254,86308637.0,9.51334,2.6293147,86308637,be-2254,True,3.0,2.0,1.0,True,3 rings
tasimelteon,10220503.0,9.782667,2.0932994,10220503,tasimelteon,True,3.0,1.0,2.0,True,3 rings
esaxerenone,25052023.0,9.814395,3.4658597,25052023,esaxerenone,True,3.0,3.0,0.0,True,3 rings
ixazomib-citrate,69040311.0,10.552727,2.2967227,69040311,ixazomib-citrate,True,2.0,1.0,1.0,True,2 rings
alendronate,44400013.0,9.950693,1.4262182,44400013,alendronate,True,0.0,0.0,0.0,False,0 rings
dazmegrel,53555.0,10.296234,2.159788,53555,dazmegrel,True,3.0,3.0,0.0,True,3 rings
nobiletin,72344.0,8.726894,2.8098645,72344,nobiletin,True,3.0,3.0,0.0,True,3 rings
azd7986,118253852.0,8.89334,1.3224721,118253852,azd7986,True,4.0,3.0,1.0,True,4+ rings
bebt-908,59474330.0,9.626883,2.5119932,59474330,bebt-908,True,5.0,4.0,1.0,True,4+ rings
nitromide,4511.0,8.412282,2.1253102,4511,nitromide,True,1.0,1.0,0.0,True,1 ring
saroglitazar,60151560.0,10.849949,2.387106,60151560,saroglitazar,True,3.0,3.0,0.0,True,3 rings
l-368899,9872389.0,9.314802,1.1435013,9872389,l-368899,True,4.0,1.0,3.0,True,4+ rings
betamethasone-valerate,16533.0,8.029983,-1.1928561,16533,betamethasone-valerate,True,4.0,0.0,4.0,True,4+ rings
2-methylimidazole,12749.0,8.970778,1.9224378,12749,2-methylimidazole,True,1.0,1.0,0.0,True,1 ring
pnu-282987,9795278.0,9.928674,2.4190934,9795278,pnu-282987,True,4.0,1.0,3.0,True,4+ rings
kx2-391,23635314.0,9.834005,3.1637104,23635314,kx2-391,True,4.0,3.0,1.0,True,4+ rings
asivatrep,56649347.0,10.101704,2.1714642,56649347,asivatrep,True,2.0,2.0,0.0,True,2 rings
diclofenac,3033.0,10.0505495,2.6666024,3033,diclofenac,True,2.0,2.0,0.0,True,2 rings
emeramide,21133161.0,10.009166,3.051964,21133161,emeramide,True,1.0,1.0,0.0,True,1 ring
hemado,10981286.0,10.414798,-0.6239635,10981286,hemado,True,3.0,2.0,1.0,True,3 rings
proadifen,4910.0,10.676813,3.1974368,4910,proadifen,True,2.0,2.0,0.0,True,2 rings
simvastatin,54454.0,9.881835,1.6122161,54454,simvastatin,True,3.0,0.0,3.0,True,3 rings
gabexate,3447.0,10.681706,2.715481,3447,gabexate,True,1.0,1.0,0.0,True,1 ring
cis-aconitic-acid,643757.0,10.240271,1.7618464,643757,cis-aconitic-acid,True,0.0,0.0,0.0,False,0 rings
thioperamide,6604452.0,9.268516,1.7814385,6604452,thioperamide,True,3.0,0.0,3.0,True,3 rings
methicillin,6087.0,13.255382,1.9106055,6087,methicillin,True,3.0,1.0,2.0,True,3 rings
capadenoson,9936489.0,9.632619,2.3487456,9936489,capadenoson,True,4.0,4.0,0.0,True,4+ rings
fluvoxamine,5324346.0,9.625455,1.9406548,5324346,fluvoxamine,True,1.0,1.0,0.0,True,1 ring
cp-316819,10273347.0,10.3625345,2.569223,10273347,cp-316819,True,3.0,3.0,0.0,True,3 rings
bay-11-7085,5353432.0,8.87268,2.2465692,5353432,bay-11-7085,True,1.0,1.0,0.0,True,1 ring
capsazepine,2733484.0,9.696563,2.4245188,2733484,capsazepine,True,3.0,2.0,1.0,True,3 rings
montelukast,5281040.0,9.987242,2.5543284,5281040,montelukast,True,5.0,4.0,1.0,True,4+ rings
cgp-52411,1697.0,9.438316,2.6241164,1697,cgp-52411,True,4.0,3.0,1.0,True,4+ rings
sym-2206,92209239.0,8.714185,2.5199227,92209239,sym-2206,True,4.0,2.0,2.0,True,4+ rings
pac-1,9675990.0,10.121276,2.8285108,9675990,pac-1,True,3.0,2.0,1.0,True,3 rings
tenofovir-disoproxil,5481350.0,10.287021,-0.31602198,5481350,tenofovir-disoproxil,True,2.0,2.0,0.0,True,2 rings
relebactam,44129647.0,9.359635,1.6940563,44129647,relebactam,True,3.0,0.0,3.0,True,3 rings
cerulenin,5282054.0,11.085779,1.220905,5282054,cerulenin,True,1.0,0.0,1.0,True,1 ring
gr-135531,4284525.0,11.316803,2.899854,4284525,gr-135531,True,2.0,2.0,0.0,True,2 rings
pipotiazine-palmitate,37767.0,8.730797,3.9929333,37767,pipotiazine-palmitate,True,4.0,2.0,2.0,True,4+ rings
erlotinib,176870.0,9.021968,4.1418037,176870,erlotinib,True,3.0,3.0,0.0,True,3 rings
farnesyl-thiosalicylic-acid-amide,25187973.0,10.128048,1.7245668,25187973,farnesyl-thiosalicylic-acid-amide,True,1.0,1.0,0.0,True,1 ring
losmapimod,11552706.0,10.025206,2.91075,11552706,losmapimod,True,3.0,2.0,1.0,True,3 rings
ru-42173,3086576.0,9.253767,1.7545841,3086576,ru-42173,True,3.0,2.0,1.0,True,3 rings
(r)-baclofen,6918881.0,10.4255705,2.1680882,6918881,(r)-baclofen,True,1.0,1.0,0.0,True,1 ring
raloxifene,5035.0,9.665159,2.8066266,5035,raloxifene,True,5.0,4.0,1.0,True,4+ rings
butaprost,5311035.0,11.016415,1.2348901,5311035,butaprost,True,2.0,0.0,2.0,True,2 rings
aee788,10297043.0,10.270059,2.994337,10297043,aee788,True,5.0,4.0,1.0,True,4+ rings
thiamet-g,24808478.0,9.741634,0.34045112,24808478,thiamet-g,True,2.0,0.0,2.0,True,2 rings
mek1-2-inhibitor,54483521.0,9.234302,2.211238,54483521,mek1-2-inhibitor,True,2.0,2.0,0.0,True,2 rings
abamectin,6858005.0,9.44632,0.93847597,6858005,abamectin,True,7.0,0.0,7.0,True,4+ rings
gsk356278,10252640.0,9.097042,1.7770215,10252640,gsk356278,True,5.0,4.0,1.0,True,4+ rings
salinomycin,3085092.0,10.417817,1.6809903,3085092,salinomycin,True,5.0,0.0,5.0,True,4+ rings
riodoxol,152256.0,9.42671,2.0545552,152256,riodoxol,True,1.0,1.0,0.0,True,1 ring
umeclidinium,11519070.0,10.064796,2.6467965,11519070,umeclidinium,True,6.0,3.0,3.0,True,4+ rings
a922500,24768273.0,9.865717,3.3809102,24768273,a922500,True,4.0,3.0,1.0,True,4+ rings
dextran,5460037.0,9.812567,0.38832107,5460037,dextran,True,2.0,0.0,2.0,True,2 rings
pf-4191834,24986635.0,9.747666,1.9720575,24986635,pf-4191834,True,4.0,3.0,1.0,True,4+ rings
ursodeoxycholyltaurine,9848818.0,8.926466,-0.36575285,9848818,ursodeoxycholyltaurine,True,4.0,0.0,4.0,True,4+ rings
ethynodiol-diacetate,9270.0,8.468611,-0.16656923,9270,ethynodiol-diacetate,True,4.0,0.0,4.0,True,4+ rings
oxyclozanide,16779.0,9.4326515,2.0783906,16779,oxyclozanide,True,2.0,2.0,0.0,True,2 rings
cb-5083,73051434.0,9.980612,2.8524315,73051434,cb-5083,True,5.0,4.0,1.0,True,4+ rings
pindolol-(-),688095.0,11.008757,3.9237301,688095,pindolol-(-),True,2.0,2.0,0.0,True,2 rings
ambrisentan,6918493.0,10.130254,2.614424,6918493,ambrisentan,True,3.0,3.0,0.0,True,3 rings
sevoflurane,5206.0,9.139209,1.635293,5206,sevoflurane,True,0.0,0.0,0.0,False,0 rings
sulfacarbamide,11033.0,8.422043,2.6502514,11033,sulfacarbamide,True,1.0,1.0,0.0,True,1 ring
r306465,10309899.0,9.7102165,2.7418048,10309899,r306465,True,4.0,3.0,1.0,True,4+ rings
dimethyl-fumarate,637568.0,9.729134,1.8625696,637568,dimethyl-fumarate,True,0.0,0.0,0.0,False,0 rings
relugolix,10348973.0,9.806816,3.4086938,10348973,relugolix,True,5.0,5.0,0.0,True,4+ rings
mirabegron,9865528.0,10.220571,2.9191039,9865528,mirabegron,True,3.0,3.0,0.0,True,3 rings
sasapyrine,5161.0,10.228224,3.1749463,5161,sasapyrine,True,2.0,2.0,0.0,True,2 rings
gdc-0927,87055263.0,9.466231,2.6494358,87055263,gdc-0927,True,5.0,3.0,2.0,True,4+ rings
gnf-2,5311510.0,9.776651,2.6659234,5311510,gnf-2,True,3.0,3.0,0.0,True,3 rings
mln0128,45375953.0,8.97781,2.3166473,45375953,mln0128,True,4.0,4.0,0.0,True,4+ rings
atropine-oxide,,10.653418,2.9464145,,atropine-oxide,True,3.0,1.0,2.0,True,3 rings
buclizine,3246096.0,10.180372,3.468251,3246096,buclizine,True,4.0,3.0,1.0,True,4+ rings
bremelanotide,,11.560546,2.6077805,,bremelanotide,True,5.0,4.0,1.0,True,4+ rings
decamethoxine,,10.180595,1.5071504,,decamethoxine,True,2.0,0.0,2.0,True,2 rings
mofegiline,6437850.0,9.777912,2.079442,6437850,mofegiline,True,1.0,1.0,0.0,True,1 ring
cefditoren-pivoxil,6437877.0,13.43041,1.5198551,6437877,cefditoren-pivoxil,True,4.0,2.0,2.0,True,4+ rings
bix-02189,,10.058712,3.151345,,bix-02189,True,4.0,3.0,1.0,True,4+ rings
ly344864,5311097.0,9.878511,3.4775643,5311097,ly344864,True,4.0,3.0,1.0,True,4+ rings
fenebrutinib,86567195.0,9.188284,1.4411777,86567195,fenebrutinib,True,8.0,4.0,4.0,True,4+ rings
shikimic-acid,11332752.0,9.684798,1.6926475,11332752,shikimic-acid,True,1.0,0.0,1.0,True,1 ring
tegaserod,135409453.0,9.105641,3.016715,135409453,tegaserod,True,2.0,2.0,0.0,True,2 rings
apramycin,3081545.0,9.649995,0.11210428,3081545,apramycin,True,4.0,0.0,4.0,True,4+ rings
alizarin,6293.0,9.314204,2.5392547,6293,alizarin,True,3.0,2.0,1.0,True,3 rings
azd3965,10369242.0,9.527208,1.6036571,10369242,azd3965,True,4.0,3.0,1.0,True,4+ rings
cid-5458317,,9.4689,2.1993458,,cid-5458317,True,4.0,2.0,2.0,True,4+ rings
roflumilast,449193.0,9.780323,2.932555,449193,roflumilast,True,3.0,2.0,1.0,True,3 rings
ssr128129e,11347895.0,10.039796,3.0582852,11347895,ssr128129e,True,3.0,3.0,0.0,True,3 rings
ombrabulin,6918405.0,8.807308,3.2326157,6918405,ombrabulin,True,2.0,2.0,0.0,True,2 rings
deferiprone,2972.0,9.346882,1.9950134,2972,deferiprone,True,1.0,1.0,0.0,True,1 ring
cevimeline,18642481.0,9.1196995,1.6631608,18642481,cevimeline,True,4.0,0.0,4.0,True,4+ rings
tc-f-2,25198728.0,9.162382,1.9849977,25198728,tc-f-2,True,6.0,5.0,1.0,True,4+ rings
gsk269962,16095342.0,9.626275,3.302223,16095342,gsk269962,True,6.0,5.0,1.0,True,4+ rings
cgp-54626,197584.0,10.7830305,2.8530185,197584,cgp-54626,True,2.0,1.0,1.0,True,2 rings
ticlopidine,5472.0,9.641037,2.5420542,5472,ticlopidine,True,3.0,2.0,1.0,True,3 rings
dofequidar,9960287.0,10.618792,3.7093234,9960287,dofequidar,True,5.0,4.0,1.0,True,4+ rings
tgx-221,51601993.0,9.058472,2.7359223,51601993,tgx-221,True,4.0,3.0,1.0,True,4+ rings
rs-100329,3567002.0,9.70617,3.983463,3567002,rs-100329,True,3.0,2.0,1.0,True,3 rings
sa-47,9840648.0,9.989453,2.2998219,9840648,sa-47,True,2.0,1.0,1.0,True,2 rings
olopatadine,5281071.0,9.056807,3.5762618,5281071,olopatadine,True,3.0,2.0,1.0,True,3 rings
khellin,3828.0,9.056262,2.0659027,3828,khellin,True,3.0,3.0,0.0,True,3 rings
osi-930,9868037.0,9.852896,3.4074974,9868037,osi-930,True,4.0,4.0,0.0,True,4+ rings
ammonium-lactate,10313098.0,10.410477,1.849322,10313098,ammonium-lactate,True,0.0,0.0,0.0,False,0 rings
azd4573,124155204.0,9.6291685,1.8381759,124155204,azd4573,True,4.0,2.0,2.0,True,4+ rings
cefoselis,9830520.0,13.427396,1.5240371,9830520,cefoselis,True,4.0,2.0,2.0,True,4+ rings
isoflurane,4369440.0,9.1625595,1.636156,4369440,isoflurane,True,0.0,0.0,0.0,False,0 rings
cp-775146,10410059.0,10.482703,2.5106976,10410059,cp-775146,True,3.0,2.0,1.0,True,3 rings
n-methylpyrrolidone,13387.0,9.187454,1.713272,13387,n-methylpyrrolidone,True,1.0,0.0,1.0,True,1 ring
clomifene,1548955.0,10.473231,3.2672935,1548955,clomifene,True,3.0,3.0,0.0,True,3 rings
minerval,11066464.0,11.140385,1.1349776,11066464,minerval,True,0.0,0.0,0.0,False,0 rings
pifithrin-alpha,4817.0,9.777672,2.2790647,4817,pifithrin-alpha,True,3.0,2.0,1.0,True,3 rings
way-161503,6604916.0,9.076055,1.652625,6604916,way-161503,True,3.0,1.0,2.0,True,3 rings
palonosetron,6337614.0,9.126975,1.8191699,6337614,palonosetron,True,6.0,1.0,5.0,True,4+ rings
quinethazone,6604207.0,8.218023,2.3517797,6604207,quinethazone,True,2.0,1.0,1.0,True,2 rings
xe-991,656732.0,9.437502,2.6073363,656732,xe-991,True,5.0,4.0,1.0,True,4+ rings
megestrol,19090.0,8.418639,-0.5243128,19090,megestrol,True,4.0,0.0,4.0,True,4+ rings
ac-7954-(+/-),10937426.0,9.132896,2.966473,10937426,ac-7954-(+/-),True,3.0,2.0,1.0,True,3 rings
edonerpic-maleate,9901946.0,9.474973,2.1435983,9901946,edonerpic-maleate,True,3.0,2.0,1.0,True,3 rings
norcyclobenzaprine,9918.0,9.222663,3.071793,9918,norcyclobenzaprine,True,3.0,2.0,1.0,True,3 rings
tucatinib,51039094.0,9.034212,4.1240234,51039094,tucatinib,True,6.0,5.0,1.0,True,4+ rings
ldn-209929,46871867.0,8.973676,2.658323,46871867,ldn-209929,True,3.0,3.0,0.0,True,3 rings
fosfructose,84951.0,10.058776,1.2113534,84951,fosfructose,True,0.0,0.0,0.0,False,0 rings
liothyronine,7048703.0,10.987706,2.222796,7048703,liothyronine,True,2.0,2.0,0.0,True,2 rings
deoxycorticosterone-acetate,5952.0,8.448545,-0.5474262,5952,deoxycorticosterone-acetate,True,4.0,0.0,4.0,True,4+ rings
ganetespib,135564985.0,9.57002,2.1268373,135564985,ganetespib,True,4.0,4.0,0.0,True,4+ rings
epirizole,3242.0,9.136358,1.8737103,3242,epirizole,True,2.0,2.0,0.0,True,2 rings
opc-21268,114904.0,9.979167,2.938546,114904,opc-21268,True,4.0,2.0,2.0,True,4+ rings
acrivastine,5284514.0,9.874045,2.3932407,5284514,acrivastine,True,3.0,2.0,1.0,True,3 rings
gsk1070916,46885626.0,9.823411,3.36622,46885626,gsk1070916,True,5.0,5.0,0.0,True,4+ rings
zolmitriptan,60857.0,11.483829,2.8618522,60857,zolmitriptan,True,3.0,2.0,1.0,True,3 rings
"2,4-dinitrochlorobenzene",6.0,8.383934,2.1268995,6,"2,4-dinitrochlorobenzene",True,1.0,1.0,0.0,True,1 ring
astragaloside-a,13943299.0,9.692925,0.2628799,13943299,astragaloside-a,True,8.0,0.0,8.0,True,4+ rings
chir-98014,53396311.0,8.487223,2.2627413,53396311,chir-98014,True,4.0,4.0,0.0,True,4+ rings
dizocilpine-(+),180081.0,9.276153,2.118736,180081,dizocilpine-(+),True,4.0,2.0,2.0,True,4+ rings
amineptine,38988248.0,10.566899,1.8608556,38988248,amineptine,True,3.0,2.0,1.0,True,3 rings
lb42708,10099206.0,9.586667,2.6974041,10099206,lb42708,True,6.0,5.0,1.0,True,4+ rings
p-dimethylinamyl-benzoate,26890.0,10.672107,2.966652,26890,p-dimethylinamyl-benzoate,True,1.0,1.0,0.0,True,1 ring
tc2559,9823180.0,9.222989,1.9434255,9823180,tc2559,True,1.0,1.0,0.0,True,1 ring
anisindione,2197.0,9.011593,2.7561712,2197,anisindione,True,3.0,2.0,1.0,True,3 rings
dmh1,50997747.0,9.093011,2.561254,50997747,dmh1,True,5.0,5.0,0.0,True,4+ rings
butabindide,9817923.0,10.498505,2.1245418,9817923,butabindide,True,2.0,1.0,1.0,True,2 rings
way-100635,5684.0,9.815642,3.979184,5684,way-100635,True,4.0,2.0,2.0,True,4+ rings
pivmecillinam,,13.096558,1.8999516,,pivmecillinam,True,3.0,0.0,3.0,True,3 rings
lercanidipine,9809926.0,12.22878,4.1851344,9809926,lercanidipine,True,4.0,3.0,1.0,True,4+ rings
asp-9521,25210792.0,9.06155,2.9920983,25210792,asp-9521,True,3.0,2.0,1.0,True,3 rings
sb-452533,9842609.0,9.868306,3.0231626,9842609,sb-452533,True,2.0,2.0,0.0,True,2 rings
resibufogenin,6917974.0,8.92198,0.03707115,6917974,resibufogenin,True,6.0,1.0,5.0,True,4+ rings
vinburnine,71203.0,9.477019,2.297386,71203,vinburnine,True,5.0,2.0,3.0,True,4+ rings
kl-001,1367681.0,9.748271,2.4594276,1367681,kl-001,True,4.0,4.0,0.0,True,4+ rings
fenspiride,3344.0,9.860686,2.8861327,3344,fenspiride,True,3.0,1.0,2.0,True,3 rings
rimcazole,53389.0,9.467866,2.6570349,53389,rimcazole,True,4.0,3.0,1.0,True,4+ rings
cgp-78608,6604872.0,9.7260065,1.5102332,6604872,cgp-78608,True,2.0,2.0,0.0,True,2 rings
mn-64,2802462.0,9.610483,2.520995,2802462,mn-64,True,3.0,3.0,0.0,True,3 rings
liraglutide,16153050.0,11.6050415,2.2960844,16153050,liraglutide,True,6.0,6.0,0.0,True,4+ rings
inarigivir,,10.439829,-0.574986,,inarigivir,True,5.0,3.0,2.0,True,4+ rings
bexagliflozin,25195624.0,9.713165,0.22892807,25195624,bexagliflozin,True,4.0,2.0,2.0,True,4+ rings
cinobufotalin,259776.0,9.183339,0.90022284,259776,cinobufotalin,True,6.0,1.0,5.0,True,4+ rings
alisertib,24771867.0,9.7153635,3.2811713,24771867,alisertib,True,5.0,4.0,1.0,True,4+ rings
butibufen,71314316.0,10.89427,2.3877766,71314316,butibufen,True,1.0,1.0,0.0,True,1 ring
miridesap,125516.0,10.643229,2.0784273,125516,miridesap,True,2.0,0.0,2.0,True,2 rings
efaroxan,11957548.0,8.628642,1.7987821,11957548,efaroxan,True,3.0,1.0,2.0,True,3 rings
am-580,2126.0,10.021102,3.5998309,2126,am-580,True,3.0,2.0,1.0,True,3 rings
l-152804,969478.0,9.292684,2.0055056,969478,l-152804,True,4.0,1.0,3.0,True,4+ rings
a61603,6604803.0,8.602041,1.8676493,6604803,a61603,True,3.0,1.0,2.0,True,3 rings
tangeritin,68077.0,8.826005,2.5751138,68077,tangeritin,True,3.0,3.0,0.0,True,3 rings
kaempferol,5280863.0,9.433397,0.6987396,5280863,kaempferol,True,3.0,3.0,0.0,True,3 rings
nialamide,4472.0,10.139627,2.8957026,4472,nialamide,True,2.0,2.0,0.0,True,2 rings
efatutazone,76962475.0,10.235491,2.4467726,76962475,efatutazone,True,5.0,4.0,1.0,True,4+ rings
doxercalciferol,46931009.0,2.5585976,2.4741588,46931009,doxercalciferol,True,3.0,0.0,3.0,True,3 rings
pf-06273340,66571548.0,9.458554,2.6085048,66571548,pf-06273340,True,4.0,4.0,0.0,True,4+ rings
cintirorgon,124126348.0,9.734338,2.884452,124126348,cintirorgon,True,4.0,3.0,1.0,True,4+ rings
neridronic-acid,71237.0,9.936059,1.4042665,71237,neridronic-acid,True,0.0,0.0,0.0,False,0 rings
tyrphostin-ag-99,5328768.0,8.746608,2.9314394,5328768,tyrphostin-ag-99,True,1.0,1.0,0.0,True,1 ring
nampt-in-1,92044379.0,9.444034,3.637177,92044379,nampt-in-1,True,3.0,2.0,1.0,True,3 rings
vanillylacetone,31211.0,8.808772,3.2950134,31211,vanillylacetone,True,1.0,1.0,0.0,True,1 ring
nsc-663284,379077.0,9.437087,3.0138829,379077,nsc-663284,True,3.0,1.0,2.0,True,3 rings
sitaxentan,216235.0,8.859547,2.3475544,216235,sitaxentan,True,4.0,3.0,1.0,True,4+ rings
osemozotan,198747.0,9.255883,2.124139,198747,osemozotan,True,4.0,2.0,2.0,True,4+ rings
drofenine,38988270.0,10.676569,3.2131283,38988270,drofenine,True,2.0,1.0,1.0,True,2 rings
semapimod,492132.0,10.462923,1.9644257,492132,semapimod,True,2.0,2.0,0.0,True,2 rings
erteberel,10286159.0,9.283099,2.3347511,10286159,erteberel,True,4.0,2.0,2.0,True,4+ rings
inc-280,25145656.0,9.375045,2.8066914,25145656,inc-280,True,5.0,5.0,0.0,True,4+ rings
acoziborole,44178354.0,9.828597,3.4829168,44178354,acoziborole,True,3.0,2.0,1.0,True,3 rings
merimepodib,153241.0,9.648916,3.4848642,153241,merimepodib,True,4.0,3.0,1.0,True,4+ rings
bqu57,,9.248007,2.072291,,bqu57,True,3.0,2.0,1.0,True,3 rings
cnx-2006,56968072.0,8.696122,3.746464,56968072,cnx-2006,True,4.0,3.0,1.0,True,4+ rings
s63845,122197581.0,10.204857,3.5298603,122197581,s63845,True,7.0,6.0,1.0,True,4+ rings
estrone,5870.0,8.392383,-0.10519926,5870,estrone,True,4.0,1.0,3.0,True,4+ rings
fk-3311,164009.0,9.57508,3.038591,164009,fk-3311,True,2.0,2.0,0.0,True,2 rings
tubocurarine,6000.0,8.668036,3.268278,6000,tubocurarine,True,8.0,4.0,4.0,True,4+ rings
clinofibrate,,10.175415,2.0643938,,clinofibrate,True,3.0,2.0,1.0,True,3 rings
indirubin,,9.283798,2.7057679,,indirubin,True,4.0,2.0,2.0,True,4+ rings
droxidopa,92974.0,11.132045,2.5212686,92974,droxidopa,True,1.0,1.0,0.0,True,1 ring
amphotericin-b,91827561.0,9.754987,1.3171922,91827561,amphotericin-b,True,3.0,0.0,3.0,True,3 rings
s18986,637863.0,9.373485,2.0828168,637863,s18986,True,3.0,1.0,2.0,True,3 rings
luzindole,122162.0,10.475122,2.7984684,122162,luzindole,True,3.0,3.0,0.0,True,3 rings
posaconazole,468595.0,9.400779,1.7414955,468595,posaconazole,True,7.0,5.0,2.0,True,4+ rings
diphemanil,6127.0,9.779075,2.7109761,6127,diphemanil,True,3.0,2.0,1.0,True,3 rings
methoxyamine,4113.0,9.169025,1.9380267,4113,methoxyamine,True,0.0,0.0,0.0,False,0 rings
perphenazine,4748.0,8.768294,3.9344735,4748,perphenazine,True,4.0,2.0,2.0,True,4+ rings
ap-18,9584673.0,9.321853,1.9761697,9584673,ap-18,True,1.0,1.0,0.0,True,1 ring
isoleucine,76551.0,10.496431,1.7757171,76551,isoleucine,True,0.0,0.0,0.0,False,0 rings
vlx600,6806409.0,9.40666,2.937159,6806409,vlx600,True,4.0,4.0,0.0,True,4+ rings
lamivudine,60825.0,10.612822,-0.64074755,60825,lamivudine,True,2.0,1.0,1.0,True,2 rings
hemomex-s,11468733.0,9.400021,0.77067864,11468733,hemomex-s,True,4.0,0.0,4.0,True,4+ rings
baloxavir-marboxil,124081896.0,9.771632,2.4348223,124081896,baloxavir-marboxil,True,6.0,3.0,3.0,True,4+ rings
allylestrenol,235905.0,8.525127,-0.011817964,235905,allylestrenol,True,4.0,0.0,4.0,True,4+ rings
fulvestrant,57300161.0,8.341016,-0.09237776,57300161,fulvestrant,True,4.0,1.0,3.0,True,4+ rings
rwj-21757,135410906.0,10.409426,-0.4736408,135410906,rwj-21757,True,3.0,2.0,1.0,True,3 rings
ttp-22,1536915.0,10.444115,1.8544238,1536915,ttp-22,True,3.0,3.0,0.0,True,3 rings
jnj-26990990,11687376.0,9.079181,2.4091146,11687376,jnj-26990990,True,2.0,2.0,0.0,True,2 rings
taurocholate,6675.0,8.920009,-0.35819286,6675,taurocholate,True,4.0,0.0,4.0,True,4+ rings
acy-1215,53340666.0,10.350516,2.7870088,53340666,acy-1215,True,3.0,3.0,0.0,True,3 rings
aniracetam,2196.0,8.871408,3.0760016,2196,aniracetam,True,2.0,1.0,1.0,True,2 rings
nocodazole,4122.0,7.9700503,2.835367,4122,nocodazole,True,3.0,3.0,0.0,True,3 rings
tenofovir,464205.0,10.287171,-0.3024649,464205,tenofovir,True,2.0,2.0,0.0,True,2 rings
opicapone,135565903.0,8.43862,2.1389415,135565903,opicapone,True,3.0,3.0,0.0,True,3 rings
trans-2-undecenoic-acid,5282728.0,11.135048,1.1574823,5282728,trans-2-undecenoic-acid,True,0.0,0.0,0.0,False,0 rings
brefeldin-a,5287620.0,9.258551,1.4388077,5287620,brefeldin-a,True,2.0,0.0,2.0,True,2 rings
xibenolol,12179892.0,11.155739,4.034576,12179892,xibenolol,True,1.0,1.0,0.0,True,1 ring
plx647,11545419.0,9.42805,3.2180166,11545419,plx647,True,4.0,4.0,0.0,True,4+ rings
ak-7,1328033.0,9.815813,3.2151103,1328033,ak-7,True,3.0,2.0,1.0,True,3 rings
bi-2536,11364421.0,8.589094,3.70768,11364421,bi-2536,True,5.0,2.0,3.0,True,4+ rings
d-delta-tocopherol,92094.0,10.122967,1.3621677,92094,d-delta-tocopherol,True,2.0,1.0,1.0,True,2 rings
yk-4-279,93948843.0,9.137013,2.8871827,93948843,yk-4-279,True,3.0,2.0,1.0,True,3 rings
ha-130,46911532.0,9.459239,2.4980772,46911532,ha-130,True,4.0,3.0,1.0,True,4+ rings
pd-407824,4369491.0,9.433133,2.5131202,4369491,pd-407824,True,5.0,4.0,1.0,True,4+ rings
bx-912,11754511.0,9.597321,3.31891,11754511,bx-912,True,4.0,3.0,1.0,True,4+ rings
itopride,3792.0,9.501455,3.3067162,3792,itopride,True,2.0,2.0,0.0,True,2 rings
azm-475271,5330175.0,8.984065,4.1985006,5330175,azm-475271,True,4.0,3.0,1.0,True,4+ rings
cilazapril,56330.0,11.171139,2.4118602,56330,cilazapril,True,3.0,1.0,2.0,True,3 rings
methylprednisolone-sodium-succinate,16923.0,8.17384,-0.972596,16923,methylprednisolone-sodium-succinate,True,4.0,0.0,4.0,True,4+ rings
benfluralin,2319.0,8.700541,1.8287506,2319,benfluralin,True,1.0,1.0,0.0,True,1 ring
"cp-105,696",9867257.0,10.046918,2.596075,9867257,"cp-105,696",True,5.0,3.0,2.0,True,4+ rings
nedocromil,50294.0,10.328334,1.9743736,50294,nedocromil,True,3.0,3.0,0.0,True,3 rings
l-ergothioneine,3037043.0,10.544851,1.7322074,3037043,l-ergothioneine,True,1.0,1.0,0.0,True,1 ring
ikk-2-inhibitor,2807869.0,9.821891,1.9771672,2807869,ikk-2-inhibitor,True,2.0,2.0,0.0,True,2 rings
modaline,17860.0,8.997024,2.0239499,17860,modaline,True,2.0,1.0,1.0,True,2 rings
ite,4668801.0,11.3442745,2.924666,4668801,ite,True,3.0,3.0,0.0,True,3 rings
istaroxime,9841834.0,8.84456,-0.05232153,9841834,istaroxime,True,4.0,0.0,4.0,True,4+ rings
antimonyl,,9.226693,1.4284077,,antimonyl,True,5.0,0.0,5.0,True,4+ rings
ro-90-7501,824226.0,8.622569,2.4681191,824226,ro-90-7501,True,5.0,5.0,0.0,True,4+ rings
edelfosine,6610230.0,10.699592,1.179093,6610230,edelfosine,True,0.0,0.0,0.0,False,0 rings
t-5601640,9438169.0,9.850543,3.6956668,9438169,t-5601640,True,3.0,3.0,0.0,True,3 rings
3-mppi,4013695.0,9.801804,4.0268884,4013695,3-mppi,True,5.0,4.0,1.0,True,4+ rings
asunaprevir,16076883.0,9.18293,2.3702962,16076883,asunaprevir,True,5.0,2.0,3.0,True,4+ rings
geniposide,107848.0,9.723889,0.24967727,107848,geniposide,True,3.0,0.0,3.0,True,3 rings
jnj-38877605,46911863.0,8.98859,2.5209985,46911863,jnj-38877605,True,5.0,5.0,0.0,True,4+ rings
treprostinil,6918140.0,10.947532,1.3997247,6918140,treprostinil,True,3.0,1.0,2.0,True,3 rings
morphothiadin,129387808.0,10.515579,2.5552013,129387808,morphothiadin,True,4.0,2.0,2.0,True,4+ rings
shp099,118238298.0,8.980283,2.131159,118238298,shp099,True,3.0,2.0,1.0,True,3 rings
fimasartan,9870652.0,10.984053,3.2944465,9870652,fimasartan,True,4.0,4.0,0.0,True,4+ rings
amfenac,2136.0,10.150171,2.6084015,2136,amfenac,True,2.0,2.0,0.0,True,2 rings
bismuth(iii)-trifluoromethanesulfonate,,9.270434,1.9830154,,bismuth(iii)-trifluoromethanesulfonate,True,0.0,0.0,0.0,False,0 rings
mirin,137319711.0,9.324891,2.4720697,137319711,mirin,True,2.0,1.0,1.0,True,2 rings
urb597,1383884.0,9.725094,2.427693,1383884,urb597,True,3.0,2.0,1.0,True,3 rings
atiprimod,129869.0,10.277461,1.345757,129869,atiprimod,True,2.0,0.0,2.0,True,2 rings
cyacetacide,8820.0,9.843116,1.8661207,8820,cyacetacide,True,0.0,0.0,0.0,False,0 rings
(r)-(-)-apomorphine,6005.0,9.243921,2.5411108,6005,(r)-(-)-apomorphine,True,4.0,2.0,2.0,True,4+ rings
a12b4c3,,10.783343,1.386494,,a12b4c3,True,4.0,2.0,2.0,True,4+ rings
sodium-nitrite,129009887.0,9.12601,1.6935756,129009887,sodium-nitrite,True,0.0,0.0,0.0,False,0 rings
iododexetimide,14479849.0,9.554536,2.4009783,14479849,iododexetimide,True,4.0,2.0,2.0,True,4+ rings
ly404187,66857735.0,9.299545,1.932074,66857735,ly404187,True,2.0,2.0,0.0,True,2 rings
fgin-1-27,132496.0,10.7451725,1.3154374,132496,fgin-1-27,True,3.0,3.0,0.0,True,3 rings
apy0201,56927660.0,9.10839,2.349633,56927660,apy0201,True,5.0,4.0,1.0,True,4+ rings
ethoxzolamide,3295.0,8.685506,2.378776,3295,ethoxzolamide,True,2.0,2.0,0.0,True,2 rings
methyl-aminolevulinate,157922.0,10.197067,1.7514606,157922,methyl-aminolevulinate,True,0.0,0.0,0.0,False,0 rings
inx-08189,49862762.0,10.546064,-0.530005,49862762,inx-08189,True,5.0,4.0,1.0,True,4+ rings
nhi-2,51355147.0,9.96922,2.8806264,51355147,nhi-2,True,3.0,3.0,0.0,True,3 rings
letrozole,3902.0,8.985743,1.873823,3902,letrozole,True,3.0,3.0,0.0,True,3 rings
dorsomorphin,11524144.0,9.434628,2.708037,11524144,dorsomorphin,True,5.0,4.0,1.0,True,4+ rings
nadifloxacin,9850038.0,12.199933,0.66865605,9850038,nadifloxacin,True,4.0,2.0,2.0,True,4+ rings
skf-81297,11957706.0,9.406868,2.2878728,11957706,skf-81297,True,3.0,2.0,1.0,True,3 rings
tolonium,91311512.0,9.076652,2.0260723,91311512,tolonium,True,3.0,1.0,2.0,True,3 rings
corticosterone,5753.0,8.370257,-0.66554916,5753,corticosterone,True,4.0,0.0,4.0,True,4+ rings
kpt-276,71496742.0,9.767818,1.9184933,71496742,kpt-276,True,3.0,2.0,1.0,True,3 rings
mozavaptan,11441742.0,9.905107,3.4768672,11441742,mozavaptan,True,4.0,3.0,1.0,True,4+ rings
ac-186,71245042.0,9.273072,2.4735277,71245042,ac-186,True,3.0,2.0,1.0,True,3 rings
dspc,5313335.0,10.879778,1.1707671,5313335,dspc,True,0.0,0.0,0.0,False,0 rings
kifunensine,130611.0,9.415921,1.4996074,130611,kifunensine,True,2.0,0.0,2.0,True,2 rings
gdc-0941,17755052.0,9.109338,2.532178,17755052,gdc-0941,True,6.0,4.0,2.0,True,4+ rings
oxyphenbutazone,448033.0,9.732988,2.391772,448033,oxyphenbutazone,True,3.0,2.0,1.0,True,3 rings
ec-144,11517212.0,9.452102,1.9827257,11517212,ec-144,True,3.0,3.0,0.0,True,3 rings
phenacaine,7588.0,9.821011,3.371947,7588,phenacaine,True,2.0,2.0,0.0,True,2 rings
ravuconazole,467825.0,9.430818,1.6725273,467825,ravuconazole,True,4.0,4.0,0.0,True,4+ rings
bms-ccr2-22,24801690.0,10.037865,3.0748625,24801690,bms-ccr2-22,True,3.0,2.0,1.0,True,3 rings
act-132577,25099191.0,8.693853,2.270924,25099191,act-132577,True,3.0,3.0,0.0,True,3 rings
kme-4,6438990.0,8.693925,1.8993257,6438990,kme-4,True,2.0,1.0,1.0,True,2 rings
ostarine,11326715.0,9.795918,3.617779,11326715,ostarine,True,2.0,2.0,0.0,True,2 rings
incb-3284,,10.107106,3.1449447,,incb-3284,True,4.0,2.0,2.0,True,4+ rings
cu-t12-9,91826088.0,8.322422,2.0924592,91826088,cu-t12-9,True,3.0,3.0,0.0,True,3 rings
sulbutiamine,3002120.0,10.084991,1.8380353,3002120,sulbutiamine,True,2.0,2.0,0.0,True,2 rings
ilaprazole,76968095.0,7.969534,2.5877388,76968095,ilaprazole,True,4.0,4.0,0.0,True,4+ rings
tacedinaline,2746.0,9.837633,3.5168312,2746,tacedinaline,True,2.0,2.0,0.0,True,2 rings
nbi-98782,14580381.0,8.6294775,3.2518406,14580381,nbi-98782,True,3.0,1.0,2.0,True,3 rings
clenbuterol,688428.0,11.166871,3.3724864,688428,clenbuterol,True,1.0,1.0,0.0,True,1 ring
galidesivir,10445549.0,9.390979,1.5306995,10445549,galidesivir,True,3.0,2.0,1.0,True,3 rings
tg-003,1893668.0,9.063661,3.1361146,1893668,tg-003,True,2.0,1.0,1.0,True,2 rings
valrocemide,6918293.0,10.46329,1.7816408,6918293,valrocemide,True,0.0,0.0,0.0,False,0 rings
bosutinib,5328940.0,9.091835,3.953656,5328940,bosutinib,True,4.0,3.0,1.0,True,4+ rings
parachlorophenol,4684.0,9.392152,2.4202244,4684,parachlorophenol,True,1.0,1.0,0.0,True,1 ring
pyridoxamine,11205997.0,9.550526,1.7326802,11205997,pyridoxamine,True,1.0,1.0,0.0,True,1 ring
plurisin-1,225362.0,9.730789,3.131031,225362,plurisin-1,True,2.0,2.0,0.0,True,2 rings
fenbufen,3335.0,10.411018,2.5308416,3335,fenbufen,True,2.0,2.0,0.0,True,2 rings
propranolol-(s),91536.0,10.930877,3.8890488,91536,propranolol-(s),True,2.0,2.0,0.0,True,2 rings
itx3,1362865.0,8.684979,2.9489675,1362865,itx3,True,5.0,5.0,0.0,True,4+ rings
sodium-danshensu,179536.0,10.727886,2.3692956,179536,sodium-danshensu,True,1.0,1.0,0.0,True,1 ring
lupanine,91471.0,8.863668,1.5473396,91471,lupanine,True,4.0,0.0,4.0,True,4+ rings
isodibut,145949.0,10.452313,1.8872037,145949,isodibut,True,3.0,2.0,1.0,True,3 rings
eliprodil,9798372.0,10.239134,2.7746294,9798372,eliprodil,True,3.0,2.0,1.0,True,3 rings
gw-542573x,24885053.0,9.9776,3.0981317,24885053,gw-542573x,True,2.0,1.0,1.0,True,2 rings
ttnpb,5289501.0,10.206398,3.786709,5289501,ttnpb,True,3.0,2.0,1.0,True,3 rings
riociguat,11304743.0,9.571934,3.0056314,11304743,riociguat,True,4.0,4.0,0.0,True,4+ rings
scopine,,9.348723,1.3347948,,scopine,True,3.0,0.0,3.0,True,3 rings
ko143,10322450.0,8.99682,3.103524,10322450,ko143,True,4.0,2.0,2.0,True,4+ rings
indium(iii)-isopropoxide,,9.807773,1.7518021,,indium(iii)-isopropoxide,True,0.0,0.0,0.0,False,0 rings
pf-04620110,,10.081233,1.8415486,,pf-04620110,True,4.0,2.0,2.0,True,4+ rings
e7449,135565981.0,9.428889,2.51296,135565981,e7449,True,5.0,3.0,2.0,True,4+ rings
benzoylpas,10718.0,9.8909235,3.4872198,10718,benzoylpas,True,2.0,2.0,0.0,True,2 rings
sj-733,89508529.0,9.385401,3.517209,89508529,sj-733,True,4.0,3.0,1.0,True,4+ rings
fosfluconazole,214356.0,9.529616,1.6135898,214356,fosfluconazole,True,3.0,3.0,0.0,True,3 rings
istradefylline,5311037.0,8.737844,3.2238164,5311037,istradefylline,True,3.0,3.0,0.0,True,3 rings
amcasertib,122412734.0,10.343256,3.4246519,122412734,amcasertib,True,5.0,4.0,1.0,True,4+ rings
moxidectin,9832912.0,9.466164,1.0717402,9832912,moxidectin,True,5.0,0.0,5.0,True,4+ rings
ono-ae3-208,92978378.0,10.551463,1.8991628,92978378,ono-ae3-208,True,3.0,3.0,0.0,True,3 rings
sb-415286,4210951.0,8.608576,2.1305678,4210951,sb-415286,True,3.0,2.0,1.0,True,3 rings
tboa-(dl),90479771.0,10.567309,2.5358374,90479771,tboa-(dl),True,2.0,2.0,0.0,True,2 rings
cc-115,58298318.0,8.997442,1.8487571,58298318,cc-115,True,4.0,2.0,2.0,True,4+ rings
azd5069,56645576.0,9.934175,1.4993057,56645576,azd5069,True,3.0,2.0,1.0,True,3 rings
blonanserin,125564.0,9.04258,2.113022,125564,blonanserin,True,4.0,2.0,2.0,True,4+ rings
bp-554,134117.0,9.489243,3.2762313,134117,bp-554,True,4.0,2.0,2.0,True,4+ rings
jhw-007,,10.466406,2.0738423,,jhw-007,True,4.0,2.0,2.0,True,4+ rings
diethylcarbamazine,3052.0,9.815423,2.2595055,3052,diethylcarbamazine,True,1.0,0.0,1.0,True,1 ring
glesatinib,25181472.0,9.623512,3.6764474,25181472,glesatinib,True,5.0,5.0,0.0,True,4+ rings
ursolic-acid,64945.0,9.363297,0.79298514,64945,ursolic-acid,True,5.0,0.0,5.0,True,4+ rings
vesamicol,659840.0,9.471614,2.299585,659840,vesamicol,True,3.0,1.0,2.0,True,3 rings
alovudine,33039.0,10.741087,-0.85551834,33039,alovudine,True,2.0,1.0,1.0,True,2 rings
pilocarpine,5910.0,9.110388,1.6816521,5910,pilocarpine,True,2.0,1.0,1.0,True,2 rings
purvalanol-a,456214.0,9.358299,3.3650062,456214,purvalanol-a,True,3.0,3.0,0.0,True,3 rings
benzethonium,2335.0,10.274389,2.411753,2335,benzethonium,True,2.0,2.0,0.0,True,2 rings
mefloquine,40692.0,9.332586,2.0978074,40692,mefloquine,True,3.0,2.0,1.0,True,3 rings
deoxyarbutin,11521237.0,9.3502655,2.4042826,11521237,deoxyarbutin,True,2.0,1.0,1.0,True,2 rings
ly3214996,121408882.0,8.949895,2.2343414,121408882,ly3214996,True,5.0,3.0,2.0,True,4+ rings
ns-11021,24825677.0,9.646103,3.0969415,24825677,ns-11021,True,3.0,3.0,0.0,True,3 rings
monocrotaline,9415.0,9.163761,1.381045,9415,monocrotaline,True,3.0,0.0,3.0,True,3 rings
masoprocol,688035.0,10.582917,2.474049,688035,masoprocol,True,2.0,2.0,0.0,True,2 rings
squalamine,72495.0,8.948851,-0.3090058,72495,squalamine,True,4.0,0.0,4.0,True,4+ rings
mc1568,71311876.0,9.700469,2.321378,71311876,mc1568,True,2.0,2.0,0.0,True,2 rings
targinine,46906075.0,11.274096,1.8725845,46906075,targinine,True,0.0,0.0,0.0,False,0 rings
xanthone,7020.0,9.372732,2.4781284,7020,xanthone,True,3.0,3.0,0.0,True,3 rings
alantolactone,72724.0,9.13021,1.3885797,72724,alantolactone,True,3.0,0.0,3.0,True,3 rings
mibampator,9889366.0,10.286536,2.5851593,9889366,mibampator,True,2.0,2.0,0.0,True,2 rings
karenitecin,148202.0,6.9459124,3.3479927,148202,karenitecin,True,5.0,3.0,2.0,True,4+ rings
sbe-13,4719406.0,8.7874365,3.3257134,4719406,sbe-13,True,3.0,3.0,0.0,True,3 rings
ozolinone,76959758.0,9.751075,1.7644268,76959758,ozolinone,True,2.0,0.0,2.0,True,2 rings
kw-3902,,8.883997,1.5533208,,kw-3902,True,6.0,2.0,4.0,True,4+ rings
abt-491,154087.0,9.49984,3.4591937,154087,abt-491,True,5.0,5.0,0.0,True,4+ rings
nonivamide,2998.0,10.85246,1.3858469,2998,nonivamide,True,1.0,1.0,0.0,True,1 ring
chiniofon,1550821.0,8.882234,2.8207629,1550821,chiniofon,True,2.0,2.0,0.0,True,2 rings
carbendazim,25429.0,8.207828,2.7478242,25429,carbendazim,True,2.0,2.0,0.0,True,2 rings
mercaptopurine,667490.0,8.66642,1.6828572,667490,mercaptopurine,True,2.0,2.0,0.0,True,2 rings
6-aminopenicillanic-acid,7057887.0,13.222522,1.8976823,7057887,6-aminopenicillanic-acid,True,2.0,0.0,2.0,True,2 rings
acriflavine,452192.0,8.998002,2.1861217,452192,acriflavine,True,6.0,6.0,0.0,True,4+ rings
linezolid,441401.0,9.8118,1.4304765,441401,linezolid,True,3.0,1.0,2.0,True,3 rings
trichlormethiazide,12444480.0,8.103557,2.3404126,12444480,trichlormethiazide,True,2.0,1.0,1.0,True,2 rings
2-thiouracil,1269845.0,9.091328,1.7342856,1269845,2-thiouracil,True,1.0,1.0,0.0,True,1 ring
methantheline,4097.0,10.514272,2.5892656,4097,methantheline,True,3.0,2.0,1.0,True,3 rings
3-indolebutyric-acid,8617.0,11.507987,2.791078,8617,3-indolebutyric-acid,True,2.0,2.0,0.0,True,2 rings
dehydrocorydaline,34781.0,8.715172,3.1523395,34781,dehydrocorydaline,True,4.0,3.0,1.0,True,4+ rings
nu-2058,4564.0,8.7084875,1.697868,4564,nu-2058,True,3.0,2.0,1.0,True,3 rings
tmn-355,44249042.0,9.645472,2.4054646,44249042,tmn-355,True,4.0,3.0,1.0,True,4+ rings
dixyrazine,9932302.0,8.794367,3.9247274,9932302,dixyrazine,True,4.0,2.0,2.0,True,4+ rings
isosorbide-mononitrate,27661.0,9.272555,1.4310822,27661,isosorbide-mononitrate,True,2.0,0.0,2.0,True,2 rings
alosetron,2099.0,9.30463,2.426319,2099,alosetron,True,4.0,3.0,1.0,True,4+ rings
editol,7014872.0,10.016738,1.4704683,7014872,editol,True,0.0,0.0,0.0,False,0 rings
s-38093,70941112.0,10.090804,2.5151234,70941112,s-38093,True,3.0,1.0,2.0,True,3 rings
gsk2816126,68210102.0,9.873471,2.2106795,68210102,gsk2816126,True,5.0,4.0,1.0,True,4+ rings
thiorphan,4369380.0,10.508038,2.6532915,4369380,thiorphan,True,1.0,1.0,0.0,True,1 ring
antalarmin,177990.0,10.528507,1.2576002,177990,antalarmin,True,3.0,3.0,0.0,True,3 rings
hydroxychloroquine,12947.0,9.165616,3.3766966,12947,hydroxychloroquine,True,2.0,2.0,0.0,True,2 rings
hematoxylin,442514.0,9.405799,2.039935,442514,hematoxylin,True,4.0,2.0,2.0,True,4+ rings
tetramisole,26879.0,9.436192,2.3625758,26879,tetramisole,True,3.0,1.0,2.0,True,3 rings
slv-319-(+/-),9826744.0,8.581295,2.643152,9826744,slv-319-(+/-),True,4.0,3.0,1.0,True,4+ rings
sapacitabine,153970.0,10.523172,-0.41385737,153970,sapacitabine,True,2.0,1.0,1.0,True,2 rings
ataluren,11219835.0,9.894557,2.7535107,11219835,ataluren,True,3.0,3.0,0.0,True,3 rings
l-glutamine,6992086.0,11.208757,1.8625249,6992086,l-glutamine,True,0.0,0.0,0.0,False,0 rings
prima1,322968.0,9.285679,1.6223588,322968,prima1,True,3.0,0.0,3.0,True,3 rings
filanesib,44224257.0,9.930612,2.8432007,44224257,filanesib,True,3.0,2.0,1.0,True,3 rings
ml133,781301.0,9.377569,2.847042,781301,ml133,True,3.0,3.0,0.0,True,3 rings
ouabain,11527152.0,9.138449,0.25601363,11527152,ouabain,True,6.0,0.0,6.0,True,4+ rings
retapamulin,,9.524218,1.369537,,retapamulin,True,5.0,0.0,5.0,True,4+ rings
tazobactam,123630.0,10.041201,1.5923169,123630,tazobactam,True,3.0,1.0,2.0,True,3 rings
tradipitant,9916461.0,9.714914,3.0040503,9916461,tradipitant,True,5.0,5.0,0.0,True,4+ rings
dpi-201106,10389826.0,10.373935,3.6375422,10389826,dpi-201106,True,5.0,4.0,1.0,True,4+ rings
m-chlorophenylbiguanide,1354.0,9.62529,2.791583,1354,m-chlorophenylbiguanide,True,1.0,1.0,0.0,True,1 ring
metacresol,342.0,9.400676,2.5830877,342,metacresol,True,1.0,1.0,0.0,True,1 ring
lobenzarit,3946.0,10.035448,3.2085736,3946,lobenzarit,True,2.0,2.0,0.0,True,2 rings
butalbital,2481.0,9.303032,1.523365,2481,butalbital,True,1.0,0.0,1.0,True,1 ring
cgp-74514,2794188.0,9.384528,3.2796469,2794188,cgp-74514,True,4.0,3.0,1.0,True,4+ rings
lanifibranor,68677842.0,10.618343,1.9351926,68677842,lanifibranor,True,4.0,4.0,0.0,True,4+ rings
ginkgolide-a,,9.238129,1.4422685,,ginkgolide-a,True,6.0,0.0,6.0,True,4+ rings
cs-110266,123692.0,9.316423,2.4922857,123692,cs-110266,True,4.0,2.0,2.0,True,4+ rings
vu0155069,25105713.0,10.214092,3.8928058,25105713,vu0155069,True,5.0,4.0,1.0,True,4+ rings
lapatinib,208908.0,9.0418625,4.098765,208908,lapatinib,True,5.0,5.0,0.0,True,4+ rings
fidaxomicin,10034073.0,9.865749,2.0125854,10034073,fidaxomicin,True,4.0,1.0,3.0,True,4+ rings
beta-glycerophosphoric-acid,2526.0,9.912889,1.2947001,2526,beta-glycerophosphoric-acid,True,0.0,0.0,0.0,False,0 rings
l-arginine,6322.0,11.216502,1.9503409,6322,l-arginine,True,0.0,0.0,0.0,False,0 rings
dipivefrine,969492.0,11.054748,3.123519,969492,dipivefrine,True,1.0,1.0,0.0,True,1 ring
phthalylsulfacetamide,8574.0,9.768567,3.4555316,8574,phthalylsulfacetamide,True,2.0,2.0,0.0,True,2 rings
flumethasone,16490.0,8.043611,-1.1745787,16490,flumethasone,True,4.0,0.0,4.0,True,4+ rings
n-salicoylaminophenol,4602.0,9.838218,3.4340823,4602,n-salicoylaminophenol,True,2.0,2.0,0.0,True,2 rings
ch5132799,49784945.0,8.95096,1.92,49784945,ch5132799,True,4.0,2.0,2.0,True,4+ rings
ckd-712,9861304.0,9.333467,2.595312,9861304,ckd-712,True,4.0,3.0,1.0,True,4+ rings
md-920,6466.0,9.812612,1.5586505,6466,md-920,True,5.0,0.0,5.0,True,4+ rings
ns-3623,9954236.0,9.851282,3.385739,9954236,ns-3623,True,3.0,3.0,0.0,True,3 rings
clobenpropit,2790.0,11.558387,2.2010634,2790,clobenpropit,True,2.0,2.0,0.0,True,2 rings
omtriptolide,6918522.0,10.492419,1.8460593,6918522,omtriptolide,True,7.0,0.0,7.0,True,4+ rings
bms-649,127019.0,10.205614,3.7220938,127019,bms-649,True,4.0,2.0,2.0,True,4+ rings
norfloxacin,6919051.0,12.148754,0.70486176,6919051,norfloxacin,True,3.0,2.0,1.0,True,3 rings
carsalam,16258.0,9.574107,2.5943859,16258,carsalam,True,2.0,2.0,0.0,True,2 rings
pf-04691502,,9.665454,1.9301827,,pf-04691502,True,4.0,3.0,1.0,True,4+ rings
ncs-382,6604757.0,9.713785,2.3060868,6604757,ncs-382,True,2.0,1.0,1.0,True,2 rings
ggti-298,9811606.0,10.782376,2.1930594,9811606,ggti-298,True,3.0,3.0,0.0,True,3 rings
siponimod,44599207.0,10.229864,2.5863352,44599207,siponimod,True,4.0,2.0,2.0,True,4+ rings
bms-817378,44137813.0,9.715555,3.46515,44137813,bms-817378,True,4.0,4.0,0.0,True,4+ rings
diftalone,30717.0,9.338488,2.5523105,30717,diftalone,True,4.0,2.0,2.0,True,4+ rings
doconexent-ethyl-ester,9831416.0,11.073566,1.2460892,9831416,doconexent-ethyl-ester,True,0.0,0.0,0.0,False,0 rings
hycanthone,3634.0,10.380495,3.207888,3634,hycanthone,True,3.0,3.0,0.0,True,3 rings
molindone,6604347.0,9.165599,1.6766318,6604347,molindone,True,3.0,1.0,2.0,True,3 rings
cedrol-(+),65575.0,9.290373,1.087718,65575,cedrol-(+),True,3.0,0.0,3.0,True,3 rings
dexchlorpheniramine,33036.0,9.4853115,3.2604918,33036,dexchlorpheniramine,True,2.0,2.0,0.0,True,2 rings
cb-03-01,11750009.0,8.396978,-0.58630335,11750009,cb-03-01,True,4.0,0.0,4.0,True,4+ rings
bilobalide,73581.0,9.294934,1.4257061,73581,bilobalide,True,4.0,0.0,4.0,True,4+ rings
latrepirdine,197033.0,9.144649,2.1001437,197033,latrepirdine,True,4.0,3.0,1.0,True,4+ rings
timolol,33624.0,11.170487,4.008157,33624,timolol,True,2.0,1.0,1.0,True,2 rings
eupatilin,5273755.0,9.381983,0.81775993,5273755,eupatilin,True,3.0,3.0,0.0,True,3 rings
yoda-1,2746822.0,9.158923,2.2074225,2746822,yoda-1,True,3.0,3.0,0.0,True,3 rings
ceramide,5497136.0,11.04339,1.1403403,5497136,ceramide,True,0.0,0.0,0.0,False,0 rings
"n-methyl-(-)ephedrine-[1r,2s]",64782.0,10.418283,2.8328433,64782,"n-methyl-(-)ephedrine-[1r,2s]",True,1.0,1.0,0.0,True,1 ring
palmatine-chloride,19009.0,8.730334,3.1599994,19009,palmatine-chloride,True,4.0,3.0,1.0,True,4+ rings
nifedipine,4485.0,12.041954,4.0455236,4485,nifedipine,True,2.0,1.0,1.0,True,2 rings
nifekalant,4486.0,8.40632,2.1708977,4486,nifekalant,True,2.0,2.0,0.0,True,2 rings
mephentermine,3677.0,10.017103,2.7125835,3677,mephentermine,True,1.0,1.0,0.0,True,1 ring
cefotiam,43708.0,13.353823,1.5928435,43708,cefotiam,True,4.0,2.0,2.0,True,4+ rings
tetrahydrozoline,716128.0,8.4354725,1.8812082,716128,tetrahydrozoline,True,3.0,1.0,2.0,True,3 rings
misonidazole,73050801.0,9.377787,1.4582211,73050801,misonidazole,True,1.0,1.0,0.0,True,1 ring
clavulanate,5280980.0,10.168257,1.4582257,5280980,clavulanate,True,2.0,0.0,2.0,True,2 rings
levopropoxyphene,133687039.0,10.157493,2.601259,133687039,levopropoxyphene,True,2.0,2.0,0.0,True,2 rings
dr-2313,135522417.0,9.059741,1.7252663,135522417,dr-2313,True,2.0,1.0,1.0,True,2 rings
drospirenone,68873.0,8.455152,-0.47717774,68873,drospirenone,True,7.0,0.0,7.0,True,4+ rings
ave-0991,9851724.0,10.754336,2.5226483,9851724,ave-0991,True,4.0,4.0,0.0,True,4+ rings
cts21166,445649.0,11.190563,2.240667,445649,cts21166,True,1.0,1.0,0.0,True,1 ring
lidamidine,47510.0,10.066455,3.6561856,47510,lidamidine,True,1.0,1.0,0.0,True,1 ring
salidroside,159278.0,9.720387,0.2531177,159278,salidroside,True,2.0,1.0,1.0,True,2 rings
ornidazole,688540.0,8.661495,1.4288764,688540,ornidazole,True,1.0,1.0,0.0,True,1 ring
rad140,44200882.0,9.464632,1.9642459,44200882,rad140,True,3.0,3.0,0.0,True,3 rings
flubendazole,35802.0,7.982563,2.832901,35802,flubendazole,True,3.0,3.0,0.0,True,3 rings
cantharidin,5944.0,9.15815,1.2017481,5944,cantharidin,True,3.0,0.0,3.0,True,3 rings
metirosine,6918925.0,10.295996,2.465648,6918925,metirosine,True,1.0,1.0,0.0,True,1 ring
glycopyrrolate,9933193.0,10.598484,2.9872704,9933193,glycopyrrolate,True,3.0,1.0,2.0,True,3 rings
nafamostat,4413.0,9.896876,3.1648526,4413,nafamostat,True,3.0,3.0,0.0,True,3 rings
aim-100,11501591.0,9.527962,2.588317,11501591,aim-100,True,5.0,4.0,1.0,True,4+ rings
n-acetylmannosamine,11869379.0,9.77173,0.34286293,11869379,n-acetylmannosamine,True,1.0,0.0,1.0,True,1 ring
bms-182874,122272.0,8.771295,2.4037757,122272,bms-182874,True,3.0,3.0,0.0,True,3 rings
stetaderm,92730.0,8.385041,-0.64373934,92730,stetaderm,True,4.0,0.0,4.0,True,4+ rings
cefuroxime,5479529.0,13.375978,1.566632,5479529,cefuroxime,True,3.0,1.0,2.0,True,3 rings
aminothiazole,2155.0,8.985655,1.9693054,2155,aminothiazole,True,1.0,1.0,0.0,True,1 ring
doxylamine,43833352.0,9.579916,3.124577,43833352,doxylamine,True,2.0,2.0,0.0,True,2 rings
icariin,5318997.0,9.56563,0.36984175,5318997,icariin,True,5.0,3.0,2.0,True,4+ rings
pi-828,25181195.0,9.130883,2.627014,25181195,pi-828,True,4.0,3.0,1.0,True,4+ rings
nxy-059,6913176.0,8.990947,2.2065907,6913176,nxy-059,True,1.0,1.0,0.0,True,1 ring
f-11440,208928.0,9.637027,3.8524528,208928,f-11440,True,3.0,2.0,1.0,True,3 rings
azd1283,23649325.0,10.49379,2.737744,23649325,azd1283,True,3.0,2.0,1.0,True,3 rings
ly2109761,11655119.0,9.439208,3.1434875,11655119,ly2109761,True,6.0,4.0,2.0,True,4+ rings
ym-201636,9956222.0,9.408522,3.1991565,9956222,ym-201636,True,6.0,5.0,1.0,True,4+ rings
tinoridine,5480.0,10.403852,2.7261958,5480,tinoridine,True,3.0,2.0,1.0,True,3 rings
aloxistatin,65663.0,10.617288,1.9702727,65663,aloxistatin,True,1.0,0.0,1.0,True,1 ring
anagrelide,135409400.0,8.990965,1.6939173,135409400,anagrelide,True,3.0,1.0,2.0,True,3 rings
dibenzothiophene,3023.0,9.27731,2.5354836,3023,dibenzothiophene,True,3.0,3.0,0.0,True,3 rings
bu-224,2457.0,8.529519,1.8642732,2457,bu-224,True,3.0,2.0,1.0,True,3 rings
brivanib,11234052.0,9.727458,2.023724,11234052,brivanib,True,4.0,4.0,0.0,True,4+ rings
talmapimod,9871074.0,9.604362,2.2515981,9871074,talmapimod,True,4.0,3.0,1.0,True,4+ rings
pf-06412562,74223726.0,8.957889,1.9028141,74223726,pf-06412562,True,4.0,4.0,0.0,True,4+ rings
kynurenic-acid,3845.0,9.575958,2.8929815,3845,kynurenic-acid,True,2.0,2.0,0.0,True,2 rings
denopamine,5311064.0,8.927711,3.2766974,5311064,denopamine,True,2.0,2.0,0.0,True,2 rings
pifithrin-cyclic,443278.0,9.007338,1.8651167,443278,pifithrin-cyclic,True,4.0,3.0,1.0,True,4+ rings
fusidic-acid,3000226.0,9.816472,1.1117622,3000226,fusidic-acid,True,4.0,0.0,4.0,True,4+ rings
scriptaid,5186.0,10.212862,2.1385171,5186,scriptaid,True,3.0,2.0,1.0,True,3 rings
gpi-688,24901657.0,9.680585,2.854217,24901657,gpi-688,True,4.0,3.0,1.0,True,4+ rings
mrs-3777,11771279.0,8.605206,1.7010976,11771279,mrs-3777,True,4.0,3.0,1.0,True,4+ rings
kd-023,115175.0,10.723872,1.6287447,115175,kd-023,True,1.0,1.0,0.0,True,1 ring
dolutegravir,54726191.0,9.488526,1.7042996,54726191,dolutegravir,True,4.0,2.0,2.0,True,4+ rings
purmorphamine,5284329.0,9.21554,2.6410067,5284329,purmorphamine,True,7.0,5.0,2.0,True,4+ rings
pha-568487,9932000.0,9.842926,2.256278,9932000,pha-568487,True,5.0,1.0,4.0,True,4+ rings
ripretinib,71584930.0,9.8335,3.1516237,71584930,ripretinib,True,4.0,4.0,0.0,True,4+ rings
nitrofurantoin,6604200.0,8.329779,1.9678344,6604200,nitrofurantoin,True,2.0,1.0,1.0,True,2 rings
skf-77434,6603997.0,9.507373,2.3658116,6603997,skf-77434,True,3.0,2.0,1.0,True,3 rings
2-chloropyrazine,73277.0,9.099102,1.9749583,73277,2-chloropyrazine,True,1.0,1.0,0.0,True,1 ring
oxytetracycline,,9.62207,1.9901935,,oxytetracycline,True,4.0,1.0,3.0,True,4+ rings
azd7687,,10.2454,1.8750584,,azd7687,True,3.0,2.0,1.0,True,3 rings
l-701324,54682505.0,9.526073,2.3103743,54682505,l-701324,True,4.0,4.0,0.0,True,4+ rings
nqdi-1,5522952.0,10.518002,2.7001798,5522952,nqdi-1,True,4.0,3.0,1.0,True,4+ rings
pf-4981517,71315139.0,8.905961,1.9055129,71315139,pf-4981517,True,6.0,4.0,2.0,True,4+ rings
lithocholic-acid,9903.0,8.898428,-0.29731864,9903,lithocholic-acid,True,4.0,0.0,4.0,True,4+ rings
betahistine,2366.0,9.469484,3.0204706,2366,betahistine,True,1.0,1.0,0.0,True,1 ring
ehop-016,51031035.0,9.458485,3.0331075,51031035,ehop-016,True,5.0,4.0,1.0,True,4+ rings
gka-50,11340230.0,10.261105,2.763686,11340230,gka-50,True,3.0,3.0,0.0,True,3 rings
oac2,2814138.0,9.916012,3.46171,2814138,oac2,True,3.0,3.0,0.0,True,3 rings
iwp-l6,71601111.0,9.901406,2.8218417,71601111,iwp-l6,True,5.0,4.0,1.0,True,4+ rings
treosulfan,9882105.0,9.767535,1.4507494,9882105,treosulfan,True,0.0,0.0,0.0,False,0 rings
temsirolimus,134812825.0,8.979465,1.0638053,134812825,temsirolimus,True,4.0,0.0,4.0,True,4+ rings
phenylpiracetam,781884.0,9.668552,2.2103462,781884,phenylpiracetam,True,2.0,1.0,1.0,True,2 rings
gilteritinib,49803313.0,9.141299,3.048905,49803313,gilteritinib,True,5.0,2.0,3.0,True,4+ rings
moexipril,91270.0,11.190271,2.4371734,91270,moexipril,True,3.0,2.0,1.0,True,3 rings
velneperit,,9.72816,2.8532488,,velneperit,True,2.0,1.0,1.0,True,2 rings
voglibose,444020.0,9.89534,1.2744678,444020,voglibose,True,1.0,0.0,1.0,True,1 ring
esculin,5281417.0,9.685816,0.2581493,5281417,esculin,True,3.0,2.0,1.0,True,3 rings
st-2825,24808138.0,9.915444,2.8746917,24808138,st-2825,True,5.0,2.0,3.0,True,4+ rings
st-1535,9860294.0,10.481891,1.2447923,9860294,st-1535,True,3.0,3.0,0.0,True,3 rings
gsk1838705a,25182616.0,8.895407,3.3913608,25182616,gsk1838705a,True,5.0,4.0,1.0,True,4+ rings
bafilomycin-a1,90656913.0,9.571487,1.4181056,90656913,bafilomycin-a1,True,2.0,0.0,2.0,True,2 rings
rivaroxaban,9875401.0,9.653516,1.5950768,9875401,rivaroxaban,True,4.0,2.0,2.0,True,4+ rings
mizoribine,11949547.0,10.379095,-0.46329772,11949547,mizoribine,True,2.0,0.0,2.0,True,2 rings
oxotremorine-sesquifumarate,4630.0,9.341078,1.6098455,4630,oxotremorine-sesquifumarate,True,2.0,0.0,2.0,True,2 rings
scabertopin,93959111.0,10.234534,1.7096535,93959111,scabertopin,True,3.0,0.0,3.0,True,3 rings
sodium-gluconate,10690.0,10.095517,1.0471346,10690,sodium-gluconate,True,0.0,0.0,0.0,False,0 rings
ly2140023,9834591.0,9.830568,1.631106,9834591,ly2140023,True,2.0,0.0,2.0,True,2 rings
lu-aa-47070,,10.09055,1.5748894,,lu-aa-47070,True,2.0,2.0,0.0,True,2 rings
sulconazole,6604421.0,7.8092036,2.370254,6604421,sulconazole,True,3.0,3.0,0.0,True,3 rings
vanitiolide,72146.0,8.918491,3.242745,72146,vanitiolide,True,2.0,1.0,1.0,True,2 rings
ve-821,51000408.0,9.490402,3.3803227,51000408,ve-821,True,3.0,3.0,0.0,True,3 rings
cp-471474,9907286.0,8.8472185,2.6092455,9907286,cp-471474,True,2.0,2.0,0.0,True,2 rings
artesunate,6917864.0,10.248157,1.5984272,6917864,artesunate,True,5.0,0.0,5.0,True,4+ rings
bms-779788,59251511.0,9.26975,2.333778,59251511,bms-779788,True,4.0,4.0,0.0,True,4+ rings
ampiroxicam,25273583.0,9.430247,3.0919418,25273583,ampiroxicam,True,3.0,2.0,1.0,True,3 rings
bq-788,5311032.0,10.863428,2.0092485,5311032,bq-788,True,3.0,2.0,1.0,True,3 rings
romidepsin,56840936.0,9.1728325,1.4355606,56840936,romidepsin,True,2.0,0.0,2.0,True,2 rings
rv1729,52913198.0,9.172642,2.3604064,52913198,rv1729,True,6.0,6.0,0.0,True,4+ rings
cariprazine,,9.894346,2.464747,,cariprazine,True,3.0,1.0,2.0,True,3 rings
ethimizol,6168.0,9.85352,1.8573344,6168,ethimizol,True,1.0,1.0,0.0,True,1 ring
jnj-7706621,5330790.0,8.664337,2.5441694,5330790,jnj-7706621,True,3.0,3.0,0.0,True,3 rings
lurasidone,213046.0,9.089612,2.4087036,213046,lurasidone,True,7.0,2.0,5.0,True,4+ rings
pi4kiii-beta-inhibitor-1,71549093.0,9.415727,2.789699,71549093,pi4kiii-beta-inhibitor-1,True,3.0,3.0,0.0,True,3 rings
phenyl-salicylate,8361.0,10.092126,3.2118676,8361,phenyl-salicylate,True,2.0,2.0,0.0,True,2 rings
alafosfalin,71957.0,10.289569,1.7929472,71957,alafosfalin,True,0.0,0.0,0.0,False,0 rings
cobimetinib,16222096.0,9.743398,1.3962312,16222096,cobimetinib,True,4.0,2.0,2.0,True,4+ rings
bhq,2374.0,9.184242,2.0789063,2374,bhq,True,1.0,1.0,0.0,True,1 ring
cyanocobalamin,,10.432045,-0.5741544,,cyanocobalamin,True,8.0,2.0,6.0,True,4+ rings
arbidol,28446253.0,10.406341,2.702645,28446253,arbidol,True,3.0,3.0,0.0,True,3 rings
o-1918,40469923.0,8.920563,2.0774534,40469923,o-1918,True,2.0,1.0,1.0,True,2 rings
mira-1,227681.0,10.089656,1.8070228,227681,mira-1,True,1.0,0.0,1.0,True,1 ring
oxymatrine,24864132.0,9.02038,1.6120869,24864132,oxymatrine,True,4.0,0.0,4.0,True,4+ rings
nu-6027,398148.0,9.305554,1.6249056,398148,nu-6027,True,2.0,1.0,1.0,True,2 rings
doxapram,28248394.0,9.552256,2.5216806,28248394,doxapram,True,4.0,2.0,2.0,True,4+ rings
rasagiline,3052776.0,9.495926,2.3316839,3052776,rasagiline,True,2.0,1.0,1.0,True,2 rings
titanocene-dichloride,11075829.0,9.197319,1.6089263,11075829,titanocene-dichloride,True,2.0,0.0,2.0,True,2 rings
cipemastat,9824350.0,9.560761,1.7378826,9824350,cipemastat,True,3.0,0.0,3.0,True,3 rings
motapizone,,9.10003,1.7480929,,motapizone,True,3.0,2.0,1.0,True,3 rings
mrs-1845,92220886.0,12.202954,4.1638975,92220886,mrs-1845,True,2.0,1.0,1.0,True,2 rings
hyaluronic-acid,6852395.0,9.725603,0.3257419,6852395,hyaluronic-acid,True,2.0,0.0,2.0,True,2 rings
alectinib,49806720.0,9.006194,1.6168739,49806720,alectinib,True,6.0,3.0,3.0,True,4+ rings
sertindole,60149.0,9.162327,2.032183,60149,sertindole,True,5.0,3.0,2.0,True,4+ rings
ceftaroline-fosamil,10033059.0,13.4157915,1.5339558,10033059,ceftaroline-fosamil,True,5.0,3.0,2.0,True,4+ rings
rolitetracycline,,9.568081,2.1945257,,rolitetracycline,True,5.0,1.0,4.0,True,4+ rings
benzoic-acid,243.0,9.945989,2.821494,243,benzoic-acid,True,1.0,1.0,0.0,True,1 ring
olsalazine,,10.116494,2.7124202,,olsalazine,True,2.0,2.0,0.0,True,2 rings
cabozantinib,25102847.0,9.317537,3.9025385,25102847,cabozantinib,True,5.0,4.0,1.0,True,4+ rings
stigmasterol,5280794.0,8.8737755,-0.11247169,5280794,stigmasterol,True,4.0,0.0,4.0,True,4+ rings
thz2,78357763.0,10.170581,3.4515178,78357763,thz2,True,5.0,5.0,0.0,True,4+ rings
ym-58483,2455.0,9.905637,3.9117885,2455,ym-58483,True,3.0,3.0,0.0,True,3 rings
pd-161570,5328135.0,10.461424,3.4023664,5328135,pd-161570,True,3.0,3.0,0.0,True,3 rings
olda,5282106.0,11.147321,1.1534758,5282106,olda,True,1.0,1.0,0.0,True,1 ring
gw-842166,10253143.0,9.711256,3.016895,10253143,gw-842166,True,3.0,2.0,1.0,True,3 rings
alpha-methylserotonin,14083218.0,11.421067,2.8260093,14083218,alpha-methylserotonin,True,2.0,2.0,0.0,True,2 rings
simurosertib,136443810.0,8.91316,1.7594073,136443810,simurosertib,True,6.0,3.0,3.0,True,4+ rings
tak-632,46209401.0,10.089818,3.0299995,46209401,tak-632,True,5.0,4.0,1.0,True,4+ rings
droxicam,65679.0,9.328832,2.8775334,65679,droxicam,True,4.0,3.0,1.0,True,4+ rings
eticlopride,57267.0,9.41681,4.4533334,57267,eticlopride,True,2.0,1.0,1.0,True,2 rings
delapril,5362116.0,11.116387,2.453224,5362116,delapril,True,3.0,2.0,1.0,True,3 rings
ly255283,122023.0,10.313393,1.9663523,122023,ly255283,True,2.0,2.0,0.0,True,2 rings
varespladib,155815.0,10.381771,2.8091578,155815,varespladib,True,3.0,3.0,0.0,True,3 rings
mg-132,462382.0,10.789938,2.4610934,462382,mg-132,True,1.0,1.0,0.0,True,1 ring
tromaril,31635.0,10.094346,3.0322533,31635,tromaril,True,2.0,2.0,0.0,True,2 rings
tubastatin-a,49850262.0,9.913729,2.65739,49850262,tubastatin-a,True,4.0,3.0,1.0,True,4+ rings
tak-875,24857286.0,10.060407,2.555315,24857286,tak-875,True,4.0,3.0,1.0,True,4+ rings
daidzein,5281708.0,9.429549,0.82131755,5281708,daidzein,True,3.0,3.0,0.0,True,3 rings
selegiline,26757.0,10.062585,2.798304,26757,selegiline,True,1.0,1.0,0.0,True,1 ring
terlipressin,133566182.0,11.850577,2.2691386,133566182,terlipressin,True,4.0,2.0,2.0,True,4+ rings
leucylleucine-methyl-ester,7016877.0,10.84614,2.10915,7016877,leucylleucine-methyl-ester,True,0.0,0.0,0.0,False,0 rings
camkii-in-1,50898538.0,9.971421,2.7621088,50898538,camkii-in-1,True,5.0,4.0,1.0,True,4+ rings
procaine,4914.0,10.711334,3.1765552,4914,procaine,True,1.0,1.0,0.0,True,1 ring
etacrynic-acid,3278.0,10.312005,1.9499354,3278,etacrynic-acid,True,1.0,1.0,0.0,True,1 ring
efloxate,8395.0,9.938987,2.5310583,8395,efloxate,True,3.0,3.0,0.0,True,3 rings
way-213613,11531745.0,11.141233,1.9155074,11531745,way-213613,True,2.0,2.0,0.0,True,2 rings
equol,91469.0,9.443123,2.3479755,91469,equol,True,3.0,2.0,1.0,True,3 rings
hydrocortisone-hemisuccinate,16623.0,8.266438,-0.83550507,16623,hydrocortisone-hemisuccinate,True,4.0,0.0,4.0,True,4+ rings
febuxostat,134018.0,10.378803,1.8982707,134018,febuxostat,True,2.0,2.0,0.0,True,2 rings
ethisterone,5284557.0,8.447798,-0.38852885,5284557,ethisterone,True,4.0,0.0,4.0,True,4+ rings
isoflurophate,5936.0,9.430764,1.5844246,5936,isoflurophate,True,0.0,0.0,0.0,False,0 rings
tartaric-acid,444305.0,10.475003,1.8503861,444305,tartaric-acid,True,0.0,0.0,0.0,False,0 rings
asp3026,25134326.0,8.468904,3.792875,25134326,asp3026,True,5.0,3.0,2.0,True,4+ rings
bvd-523,11719003.0,10.059777,2.9777982,11719003,bvd-523,True,3.0,3.0,0.0,True,3 rings
biperiden,12147323.0,10.074468,2.7258618,12147323,biperiden,True,4.0,1.0,3.0,True,4+ rings
dicloralurea,7059662.0,9.859757,1.675068,7059662,dicloralurea,True,0.0,0.0,0.0,False,0 rings
grazoprevir,44603531.0,8.85624,2.9557528,44603531,grazoprevir,True,7.0,2.0,5.0,True,4+ rings
pnu-120596,311434.0,9.572867,2.0817144,311434,pnu-120596,True,2.0,2.0,0.0,True,2 rings
exalamide,3316.0,10.656414,2.194501,3316,exalamide,True,1.0,1.0,0.0,True,1 ring
skf-83566,6604885.0,9.3837,2.4606814,6604885,skf-83566,True,3.0,2.0,1.0,True,3 rings
dimethindene-(s)-(+),6604866.0,9.3713,3.3102386,6604866,dimethindene-(s)-(+),True,3.0,2.0,1.0,True,3 rings
papaverine,4680.0,8.782313,3.2371445,4680,papaverine,True,3.0,3.0,0.0,True,3 rings
itacitinib,53380437.0,9.359841,1.9927487,53380437,itacitinib,True,6.0,4.0,2.0,True,4+ rings
vuf10460,25129523.0,8.985648,2.65645,25129523,vuf10460,True,3.0,2.0,1.0,True,3 rings
flecainide,46864232.0,9.546479,1.7918673,46864232,flecainide,True,2.0,1.0,1.0,True,2 rings
cycloheximide,6197.0,9.249948,1.3315636,6197,cycloheximide,True,2.0,0.0,2.0,True,2 rings
psb-1115,5311479.0,8.66404,1.9229802,5311479,psb-1115,True,3.0,3.0,0.0,True,3 rings
ibmx,3758.0,8.515019,1.3977579,3758,ibmx,True,2.0,2.0,0.0,True,2 rings
sb-328437,10474776.0,10.6173315,2.7253227,10474776,sb-328437,True,3.0,3.0,0.0,True,3 rings
8-bromo-camp,32014.0,10.324337,-0.4551035,32014,8-bromo-camp,True,4.0,2.0,2.0,True,4+ rings
rs-16566,6604794.0,9.89185,2.060963,6604794,rs-16566,True,5.0,2.0,3.0,True,4+ rings
7-methoxytacrine,119053.0,8.8210945,2.7352083,119053,7-methoxytacrine,True,3.0,2.0,1.0,True,3 rings
gsk2330672,53492727.0,10.631843,1.895995,53492727,gsk2330672,True,3.0,2.0,1.0,True,3 rings
mesna,598.0,9.586415,1.6275505,598,mesna,True,0.0,0.0,0.0,False,0 rings
pralidoxime-chloride,54072659.0,9.50991,2.328991,54072659,pralidoxime-chloride,True,1.0,1.0,0.0,True,1 ring
basic-fuchsin,12448.0,9.144459,2.196381,12448,basic-fuchsin,True,3.0,2.0,1.0,True,3 rings
bay-87-2243,67377767.0,8.828518,2.023404,67377767,bay-87-2243,True,6.0,4.0,2.0,True,4+ rings
vardenafil,135400189.0,8.707399,2.4152608,135400189,vardenafil,True,4.0,3.0,1.0,True,4+ rings
bacitracin-zinc,,11.480839,2.354244,,bacitracin-zinc,True,5.0,2.0,3.0,True,4+ rings
mk-8745,11676373.0,9.723988,2.7415078,11676373,mk-8745,True,4.0,3.0,1.0,True,4+ rings
hexestrol,192197.0,9.791592,2.4936013,192197,hexestrol,True,2.0,2.0,0.0,True,2 rings
erythritol,222285.0,9.940094,1.2883656,222285,erythritol,True,0.0,0.0,0.0,False,0 rings
deoxyepinephrine,4382.0,10.512569,2.458159,4382,deoxyepinephrine,True,1.0,1.0,0.0,True,1 ring
arc-239,609483.0,9.780662,3.9644709,609483,arc-239,True,4.0,2.0,2.0,True,4+ rings
fexofenadine,6603853.0,10.247522,3.2515764,6603853,fexofenadine,True,4.0,3.0,1.0,True,4+ rings
ar-a014418,448014.0,9.211096,3.0985057,448014,ar-a014418,True,2.0,2.0,0.0,True,2 rings
cf102,3035850.0,10.399921,-0.5945849,3035850,cf102,True,4.0,3.0,1.0,True,4+ rings
calcium-gluceptate,25588.0,10.133871,1.042508,25588,calcium-gluceptate,True,0.0,0.0,0.0,False,0 rings
parthenolide,6473881.0,8.932108,0.9626285,6473881,parthenolide,True,3.0,0.0,3.0,True,3 rings
epz005687,60160561.0,9.73713,2.6016717,60160561,epz005687,True,6.0,4.0,2.0,True,4+ rings
chlortetracycline,,10.334861,0.98420024,,chlortetracycline,True,4.0,1.0,3.0,True,4+ rings
buthionine-sulfoximine,1548918.0,11.178952,1.8322809,1548918,buthionine-sulfoximine,True,0.0,0.0,0.0,False,0 rings
tiotidine,50287.0,9.804262,1.750857,50287,tiotidine,True,1.0,1.0,0.0,True,1 ring
tofisopam,129009868.0,8.7919655,3.1744947,129009868,tofisopam,True,3.0,2.0,1.0,True,3 rings
az7550,71496459.0,9.580114,3.1930091,71496459,az7550,True,4.0,4.0,0.0,True,4+ rings
benzyldimethyloctylammonium,13741.0,10.594872,1.3891009,13741,benzyldimethyloctylammonium,True,1.0,1.0,0.0,True,1 ring
oltipraz,47318.0,9.010988,2.0246382,47318,oltipraz,True,2.0,2.0,0.0,True,2 rings
lrrk2-in-1,46843906.0,8.498315,3.7599833,46843906,lrrk2-in-1,True,6.0,3.0,3.0,True,4+ rings
t-1095,6918410.0,9.70252,0.25553545,6918410,t-1095,True,4.0,3.0,1.0,True,4+ rings
gr-144053,173614.0,10.055605,2.187052,173614,gr-144053,True,3.0,1.0,2.0,True,3 rings
ro-15-4513,5081.0,10.3694515,2.4260862,5081,ro-15-4513,True,3.0,2.0,1.0,True,3 rings
ta-01,91691129.0,8.91991,2.1994643,91691129,ta-01,True,4.0,4.0,0.0,True,4+ rings
edaravone,70335.0,8.924225,2.760265,70335,edaravone,True,2.0,2.0,0.0,True,2 rings
mk-0557,,9.397154,3.3388016,,mk-0557,True,5.0,3.0,2.0,True,4+ rings
zk-200775,208953.0,9.549843,1.4970853,208953,zk-200775,True,3.0,2.0,1.0,True,3 rings
pexidartinib,25151352.0,9.336303,2.100404,25151352,pexidartinib,True,4.0,4.0,0.0,True,4+ rings
ledipasvir,67505836.0,7.9986444,2.8084304,67505836,ledipasvir,True,10.0,5.0,5.0,True,4+ rings
brd9876,613000.0,9.158817,2.156197,613000,brd9876,True,2.0,2.0,0.0,True,2 rings
drotaverine,13492.0,8.85812,2.9948003,13492,drotaverine,True,3.0,2.0,1.0,True,3 rings
skf-91488,5227.0,9.804779,1.6865335,5227,skf-91488,True,0.0,0.0,0.0,False,0 rings
cl316243,5486546.0,10.919465,3.052537,5486546,cl316243,True,3.0,2.0,1.0,True,3 rings
caffeine,2519.0,8.3186,1.2517992,2519,caffeine,True,2.0,2.0,0.0,True,2 rings
pd-98059,4713.0,9.224263,2.8196924,4713,pd-98059,True,3.0,3.0,0.0,True,3 rings
reparixin,9838712.0,10.844889,2.4990783,9838712,reparixin,True,1.0,1.0,0.0,True,1 ring
4-galactosyllactose,67743883.0,9.69793,0.24853678,67743883,4-galactosyllactose,True,3.0,0.0,3.0,True,3 rings
cfm-2,4377504.0,8.683382,2.6870916,4377504,cfm-2,True,3.0,2.0,1.0,True,3 rings
bw-180c,6917707.0,11.204378,2.3472364,6917707,bw-180c,True,2.0,2.0,0.0,True,2 rings
polydatin,5281718.0,9.703663,0.25332233,5281718,polydatin,True,3.0,2.0,1.0,True,3 rings
menatetrenone,5282367.0,10.059702,1.7059996,5282367,menatetrenone,True,2.0,1.0,1.0,True,2 rings
isamoltane,6604790.0,10.971513,3.9171088,6604790,isamoltane,True,2.0,2.0,0.0,True,2 rings
pha-680632,11249084.0,9.783622,2.8528397,11249084,pha-680632,True,5.0,3.0,2.0,True,4+ rings
9-aminocamptothecin,72402.0,6.9379187,3.348306,72402,9-aminocamptothecin,True,5.0,3.0,2.0,True,4+ rings
histamine,774.0,11.567103,2.1899412,774,histamine,True,1.0,1.0,0.0,True,1 ring
4-hydroxy-phenazone,98889.0,8.368162,3.2207284,98889,4-hydroxy-phenazone,True,2.0,2.0,0.0,True,2 rings
tolnaftate,5510.0,9.438307,2.4995635,5510,tolnaftate,True,3.0,3.0,0.0,True,3 rings
ex-527,707029.0,9.804233,2.150723,707029,ex-527,True,3.0,2.0,1.0,True,3 rings
cafestol,108052.0,9.465355,1.3992561,108052,cafestol,True,5.0,1.0,4.0,True,4+ rings
indacaterol,6918554.0,10.842601,2.8860939,6918554,indacaterol,True,4.0,3.0,1.0,True,4+ rings
tak-960,53357478.0,8.574045,3.6511788,53357478,tak-960,True,5.0,2.0,3.0,True,4+ rings
rufinamide,129228.0,9.789388,2.0927546,129228,rufinamide,True,2.0,2.0,0.0,True,2 rings
trichloroethylene,6575.0,9.355439,1.5710825,6575,trichloroethylene,True,0.0,0.0,0.0,False,0 rings
remodelin,44442376.0,9.210132,1.9455222,44442376,remodelin,True,3.0,2.0,1.0,True,3 rings
prucalopride,3052762.0,10.311389,3.5311189,3052762,prucalopride,True,3.0,1.0,2.0,True,3 rings
bio-5192,10350459.0,10.9738455,2.4090788,10350459,bio-5192,True,4.0,3.0,1.0,True,4+ rings
oxacillin,6196.0,13.26531,1.9035037,6196,oxacillin,True,4.0,2.0,2.0,True,4+ rings
pleconaril,1684.0,9.170302,1.6534518,1684,pleconaril,True,3.0,3.0,0.0,True,3 rings
dexpanthenol,131204.0,10.171005,1.6567156,131204,dexpanthenol,True,0.0,0.0,0.0,False,0 rings
ritodrine,688570.0,10.500169,2.6955154,688570,ritodrine,True,2.0,2.0,0.0,True,2 rings
tolmetin,5509.0,10.30901,2.2072458,5509,tolmetin,True,2.0,2.0,0.0,True,2 rings
oxyphenonium,5748.0,10.611956,2.9752696,5748,oxyphenonium,True,2.0,1.0,1.0,True,2 rings
metrifonate,6604183.0,9.67548,1.5366974,6604183,metrifonate,True,0.0,0.0,0.0,False,0 rings
pi-103,9884685.0,9.201286,2.7415354,9884685,pi-103,True,5.0,4.0,1.0,True,4+ rings
guadecitabine,135564655.0,10.53601,-0.5935718,135564655,guadecitabine,True,5.0,3.0,2.0,True,4+ rings
ono-8130,9827317.0,10.157447,2.6202292,9827317,ono-8130,True,4.0,3.0,1.0,True,4+ rings
amlexanox,2161.0,10.54272,2.3399818,2161,amlexanox,True,3.0,3.0,0.0,True,3 rings
saccharin,5143.0,9.3417425,2.5260928,5143,saccharin,True,2.0,1.0,1.0,True,2 rings
jak3-inhibitor-v,3799.0,9.820526,2.6128972,3799,jak3-inhibitor-v,True,2.0,2.0,0.0,True,2 rings
mk-3207,25019940.0,9.498071,3.0477815,25019940,mk-3207,True,7.0,3.0,4.0,True,4+ rings
nexturastat-a,71462653.0,10.090623,3.1884544,71462653,nexturastat-a,True,2.0,2.0,0.0,True,2 rings
fumagillin,12015870.0,9.953336,1.689595,12015870,fumagillin,True,3.0,0.0,3.0,True,3 rings
wh-4-023,11844351.0,8.512767,3.657503,11844351,wh-4-023,True,5.0,4.0,1.0,True,4+ rings
ajmaline,98054312.0,9.470481,2.2319279,98054312,ajmaline,True,7.0,1.0,6.0,True,4+ rings
teijin-compound-1,44453327.0,10.202385,3.0865319,44453327,teijin-compound-1,True,3.0,2.0,1.0,True,3 rings
mpi-0479605,46909588.0,8.656979,1.706766,46909588,mpi-0479605,True,5.0,3.0,2.0,True,4+ rings
phenothrin,187827.0,10.169811,2.7273812,187827,phenothrin,True,3.0,2.0,1.0,True,3 rings
meclinertant,119192.0,9.360146,3.2880113,119192,meclinertant,True,8.0,4.0,4.0,True,4+ rings
oxfendazole,12940581.0,7.9358597,2.8435652,12940581,oxfendazole,True,3.0,3.0,0.0,True,3 rings
pd-168077,3645619.0,10.115786,2.9609838,3645619,pd-168077,True,3.0,2.0,1.0,True,3 rings
su014813,10138259.0,9.74348,3.0552711,10138259,su014813,True,4.0,2.0,2.0,True,4+ rings
cgs-15943,2690.0,9.383844,2.3533401,2690,cgs-15943,True,4.0,4.0,0.0,True,4+ rings
latanoprost,5311221.0,11.107511,1.2478982,5311221,latanoprost,True,2.0,1.0,1.0,True,2 rings
bamaquimast,184838.0,10.313785,2.9758072,184838,bamaquimast,True,2.0,2.0,0.0,True,2 rings
bvt-2733,6918651.0,9.491211,2.7236779,6918651,bvt-2733,True,3.0,2.0,1.0,True,3 rings
rutin,5280805.0,9.496227,0.42174628,5280805,rutin,True,5.0,3.0,2.0,True,4+ rings
aminophylline,2153.0,8.496394,1.4609286,2153,aminophylline,True,2.0,2.0,0.0,True,2 rings
pentostatin,439693.0,10.699251,-0.8127397,439693,pentostatin,True,3.0,1.0,2.0,True,3 rings
l-glutamic-acid,88747398.0,11.189526,1.8566006,88747398,l-glutamic-acid,True,0.0,0.0,0.0,False,0 rings
norethindrone-acetate,5832.0,8.433193,-0.22390124,5832,norethindrone-acetate,True,4.0,0.0,4.0,True,4+ rings
org-27569,44828492.0,9.975219,2.848056,44828492,org-27569,True,4.0,3.0,1.0,True,4+ rings
melperone,15387.0,10.180265,3.8287034,15387,melperone,True,2.0,1.0,1.0,True,2 rings
lirimilast,6433118.0,9.581566,2.1951468,6433118,lirimilast,True,3.0,3.0,0.0,True,3 rings
omeprazole-magnesium,9601083.0,8.268869,2.5726242,9601083,omeprazole-magnesium,True,6.0,6.0,0.0,True,4+ rings
sc-10,5175.0,10.558274,1.2590667,5175,sc-10,True,2.0,2.0,0.0,True,2 rings
moprolol,3034006.0,10.877734,3.8360162,3034006,moprolol,True,1.0,1.0,0.0,True,1 ring
naratriptan,4440.0,11.228935,2.8677719,4440,naratriptan,True,3.0,2.0,1.0,True,3 rings
napirimus,3047779.0,9.9673395,2.866969,3047779,napirimus,True,3.0,3.0,0.0,True,3 rings
ibandronate,60852.0,10.2993765,1.2584758,60852,ibandronate,True,0.0,0.0,0.0,False,0 rings
ac-264613,25108278.0,9.80951,2.8022857,25108278,ac-264613,True,3.0,2.0,1.0,True,3 rings
sulfanilate-zinc,64741.0,8.4813595,2.5733097,64741,sulfanilate-zinc,True,2.0,2.0,0.0,True,2 rings
ml167,44968231.0,9.07715,3.914774,44968231,ml167,True,4.0,4.0,0.0,True,4+ rings
srt1720,24180125.0,8.845091,2.4157076,24180125,srt1720,True,6.0,5.0,1.0,True,4+ rings
suritozole,25431.0,9.193332,2.1844988,25431,suritozole,True,2.0,2.0,0.0,True,2 rings
estetrol,27125.0,8.333362,-0.10422217,27125,estetrol,True,4.0,1.0,3.0,True,4+ rings
gw-5074,5034.0,9.41529,2.7133617,5034,gw-5074,True,3.0,2.0,1.0,True,3 rings
op-0595,73386748.0,9.737241,1.6307423,73386748,op-0595,True,2.0,0.0,2.0,True,2 rings
tyrphostin-ag-879,135419190.0,8.630943,2.05456,135419190,tyrphostin-ag-879,True,1.0,1.0,0.0,True,1 ring
azaguanine-8,135403646.0,9.021475,1.5979459,135403646,azaguanine-8,True,2.0,2.0,0.0,True,2 rings
milademetan,73297272.0,9.668593,1.9420762,73297272,milademetan,True,6.0,2.0,4.0,True,4+ rings
propoxur,4944.0,10.135513,2.7778053,4944,propoxur,True,1.0,1.0,0.0,True,1 ring
am-630,4302963.0,9.140394,3.3069654,4302963,am-630,True,4.0,3.0,1.0,True,4+ rings
enisamium-iodide,2132298.0,10.125184,2.927944,2132298,enisamium-iodide,True,2.0,2.0,0.0,True,2 rings
cefetamet-pivoxil,5486182.0,13.431823,1.5151036,5486182,cefetamet-pivoxil,True,3.0,1.0,2.0,True,3 rings
teicoplanin,,9.716598,0.22043368,,teicoplanin,True,16.0,7.0,9.0,True,4+ rings
pf-4708671,51371303.0,8.642239,2.5178468,51371303,pf-4708671,True,4.0,3.0,1.0,True,4+ rings
gdc-0349,59239165.0,9.79946,3.3500044,59239165,gdc-0349,True,5.0,2.0,3.0,True,4+ rings
ombitasvir,54767916.0,10.431998,2.3260818,54767916,ombitasvir,True,6.0,3.0,3.0,True,4+ rings
setmelanotide,,11.549369,2.4949055,,setmelanotide,True,5.0,4.0,1.0,True,4+ rings
carbidopa,34359.0,10.626357,2.402425,34359,carbidopa,True,1.0,1.0,0.0,True,1 ring
ly2874455,46944259.0,9.512971,1.9346336,46944259,ly2874455,True,4.0,4.0,0.0,True,4+ rings
clofedanol,688422.0,9.852782,2.753976,688422,clofedanol,True,2.0,2.0,0.0,True,2 rings
unc669,46931242.0,9.342335,2.4071953,46931242,unc669,True,3.0,1.0,2.0,True,3 rings
oxatomide,4615.0,10.180561,3.7990246,4615,oxatomide,True,5.0,4.0,1.0,True,4+ rings
tolcapone,4659569.0,8.455079,2.1608732,4659569,tolcapone,True,2.0,2.0,0.0,True,2 rings
gamithromycin,,9.137515,0.6782072,,gamithromycin,True,3.0,0.0,3.0,True,3 rings
methyllycaconitine,5288811.0,10.221042,3.0377467,5288811,methyllycaconitine,True,8.0,1.0,7.0,True,4+ rings
pf-05212384,44516953.0,9.698488,3.2978137,44516953,pf-05212384,True,6.0,3.0,3.0,True,4+ rings
valdecoxib,119607.0,8.777009,2.502671,119607,valdecoxib,True,3.0,3.0,0.0,True,3 rings
fotemustine,,9.9812,1.6431836,,fotemustine,True,0.0,0.0,0.0,False,0 rings
2-aminobenzenesulfonamide,72894.0,8.650136,2.4064975,72894,2-aminobenzenesulfonamide,True,1.0,1.0,0.0,True,1 ring
balaglitazone,76968728.0,10.27742,2.4313147,76968728,balaglitazone,True,4.0,3.0,1.0,True,4+ rings
relcovaptan,60943.0,8.761381,2.9250157,60943,relcovaptan,True,5.0,3.0,2.0,True,4+ rings
nanchangmycin,86278938.0,10.495827,1.8078532,86278938,nanchangmycin,True,6.0,0.0,6.0,True,4+ rings
fluoromethylcholine,404592.0,9.88581,1.3711505,404592,fluoromethylcholine,True,0.0,0.0,0.0,False,0 rings
l-745870,5311200.0,9.246686,3.0763714,5311200,l-745870,True,4.0,3.0,1.0,True,4+ rings
camobucol,9875498.0,8.6894455,1.925222,9875498,camobucol,True,2.0,2.0,0.0,True,2 rings
brl-44408,6604824.0,8.486212,1.8267657,6604824,brl-44408,True,3.0,1.0,2.0,True,3 rings
harmane,5281404.0,9.110865,2.596052,5281404,harmane,True,3.0,3.0,0.0,True,3 rings
uridine-5'-triphosphate,6133.0,10.44232,-0.50399375,6133,uridine-5'-triphosphate,True,2.0,1.0,1.0,True,2 rings
jnj-17203212,11339118.0,9.733517,3.4817905,11339118,jnj-17203212,True,3.0,2.0,1.0,True,3 rings
osimertinib,71496458.0,9.714835,3.186322,71496458,osimertinib,True,4.0,4.0,0.0,True,4+ rings
rolziracetam,71893.0,9.162079,1.6598343,71893,rolziracetam,True,2.0,0.0,2.0,True,2 rings
butenafine,2484.0,9.661437,2.6681929,2484,butenafine,True,3.0,3.0,0.0,True,3 rings
r-428,46215462.0,9.14834,2.4898963,46215462,r-428,True,7.0,4.0,3.0,True,4+ rings
ml786,50992247.0,9.723694,2.8986287,50992247,ml786,True,5.0,3.0,2.0,True,4+ rings
dacomitinib,11511120.0,9.070416,4.1501484,11511120,dacomitinib,True,4.0,3.0,1.0,True,4+ rings
pipemidic-acid,6921791.0,12.076681,0.7662479,6921791,pipemidic-acid,True,3.0,2.0,1.0,True,3 rings
gimeracil,54679224.0,9.249143,1.9322251,54679224,gimeracil,True,1.0,1.0,0.0,True,1 ring
bw-a4c,6438354.0,10.083841,2.730365,6438354,bw-a4c,True,2.0,2.0,0.0,True,2 rings
ds2-(806622),979718.0,9.826305,3.0740426,979718,ds2-(806622),True,4.0,4.0,0.0,True,4+ rings
"ici-185,282",5311390.0,11.0409565,1.3106093,5311390,"ici-185,282",True,2.0,1.0,1.0,True,2 rings
mk-0354,11159621.0,9.093162,1.6889656,11159621,mk-0354,True,3.0,2.0,1.0,True,3 rings
plx4720,24180719.0,9.22199,2.1221004,24180719,plx4720,True,3.0,3.0,0.0,True,3 rings
batefenterol,10372836.0,9.819936,3.3633027,10372836,batefenterol,True,6.0,5.0,1.0,True,4+ rings
acefylline,69550.0,8.220734,1.1733599,69550,acefylline,True,2.0,2.0,0.0,True,2 rings
fg-7142,4375.0,9.599879,2.9256823,4375,fg-7142,True,3.0,3.0,0.0,True,3 rings
dronedarone,208898.0,10.599423,3.0650358,208898,dronedarone,True,3.0,3.0,0.0,True,3 rings
pki-166,6918403.0,10.301988,2.6584284,6918403,pki-166,True,4.0,4.0,0.0,True,4+ rings
crisdesalazine,16042343.0,10.222981,2.9927783,16042343,crisdesalazine,True,2.0,2.0,0.0,True,2 rings
azd3988,,9.91402,3.3295045,,azd3988,True,4.0,3.0,1.0,True,4+ rings
halobetasol-propionate,6918178.0,8.033722,-1.1858878,6918178,halobetasol-propionate,True,4.0,0.0,4.0,True,4+ rings
azd5363,25227436.0,9.810606,2.2282355,25227436,azd5363,True,4.0,3.0,1.0,True,4+ rings
pk-44,46208486.0,10.570325,1.9668212,46208486,pk-44,True,4.0,3.0,1.0,True,4+ rings
clofilium,2798.0,10.586085,1.3303019,2798,clofilium,True,1.0,1.0,0.0,True,1 ring
unc0224,44251522.0,8.790696,4.315365,44251522,unc0224,True,4.0,2.0,2.0,True,4+ rings
pyrintegrin,46223724.0,8.628101,2.561489,46223724,pyrintegrin,True,5.0,3.0,2.0,True,4+ rings
ro-1138452,9839644.0,8.406683,1.6709683,9839644,ro-1138452,True,3.0,2.0,1.0,True,3 rings
sulfamethoxypyridazine,5330.0,8.209993,2.7368877,5330,sulfamethoxypyridazine,True,2.0,2.0,0.0,True,2 rings
bay-k-8644-(+/-),6604881.0,12.012041,4.0265336,6604881,bay-k-8644-(+/-),True,2.0,1.0,1.0,True,2 rings
10058-f4,1271002.0,8.863337,1.8328353,1271002,10058-f4,True,2.0,1.0,1.0,True,2 rings
sucrose-octaacetate,31340.0,10.115886,1.5128703,31340,sucrose-octaacetate,True,2.0,0.0,2.0,True,2 rings
avibactam,9835049.0,9.586803,1.6326778,9835049,avibactam,True,2.0,0.0,2.0,True,2 rings
azd2461,44199317.0,9.913132,2.781851,44199317,azd2461,True,4.0,3.0,1.0,True,4+ rings
chlormidazole,71821.0,9.299685,2.7141213,71821,chlormidazole,True,3.0,3.0,0.0,True,3 rings
cvt-10216,23661666.0,9.464632,0.80648476,23661666,cvt-10216,True,4.0,4.0,0.0,True,4+ rings
pg-9,,10.743132,2.8118594,,pg-9,True,3.0,1.0,2.0,True,3 rings
epigallocatechin-gallate-(-),65064.0,9.54471,0.9290235,65064,epigallocatechin-gallate-(-),True,4.0,3.0,1.0,True,4+ rings
cinchophen,8593.0,9.954384,2.859184,8593,cinchophen,True,3.0,3.0,0.0,True,3 rings
ioxilan,73416261.0,10.124968,1.3022664,73416261,ioxilan,True,1.0,1.0,0.0,True,1 ring
mln2480,25161177.0,10.1083145,1.7837006,25161177,mln2480,True,3.0,3.0,0.0,True,3 rings
bms-626531,59749702.0,9.931322,3.3743863,59749702,bms-626531,True,4.0,3.0,1.0,True,4+ rings
napamezole,55718.0,8.467648,1.8139826,55718,napamezole,True,3.0,1.0,2.0,True,3 rings
propyl-benzoate,16846.0,10.503094,2.9348447,16846,propyl-benzoate,True,1.0,1.0,0.0,True,1 ring
deferasirox,214348.0,9.97042,2.6937833,214348,deferasirox,True,4.0,4.0,0.0,True,4+ rings
perospirone,115368.0,9.598024,3.8657281,115368,perospirone,True,5.0,2.0,3.0,True,4+ rings
fomepizole,3406.0,8.9643,1.9513052,3406,fomepizole,True,1.0,1.0,0.0,True,1 ring
chlorzoxazone,2733.0,9.248141,2.092701,2733,chlorzoxazone,True,2.0,2.0,0.0,True,2 rings
mirogabalin-besylate,59509752.0,10.293437,1.7809336,59509752,mirogabalin-besylate,True,2.0,0.0,2.0,True,2 rings
cefmenoxime,9570757.0,13.374402,1.5684267,9570757,cefmenoxime,True,4.0,2.0,2.0,True,4+ rings
l-733060,132846.0,9.670658,2.8939898,132846,l-733060,True,3.0,2.0,1.0,True,3 rings
tenatoprazole,11552393.0,8.049996,2.5230403,11552393,tenatoprazole,True,3.0,3.0,0.0,True,3 rings
mrx-2843,,9.356411,2.3262906,,mrx-2843,True,6.0,3.0,3.0,True,4+ rings
calcium-levofolinate,135398559.0,11.379871,1.8688769,135398559,calcium-levofolinate,True,3.0,2.0,1.0,True,3 rings
s-14506,131906.0,9.966775,3.5062697,131906,s-14506,True,4.0,3.0,1.0,True,4+ rings
bml-190,2415.0,9.146198,3.534863,2415,bml-190,True,4.0,3.0,1.0,True,4+ rings
arctigenin,64981.0,8.757115,3.2712834,64981,arctigenin,True,3.0,2.0,1.0,True,3 rings
cefathiamidine,44537522.0,13.341175,1.596443,44537522,cefathiamidine,True,2.0,0.0,2.0,True,2 rings
jph203,24853505.0,11.093623,2.1862133,24853505,jph203,True,4.0,4.0,0.0,True,4+ rings
nvp-231,4096211.0,10.021431,3.1927445,4096211,nvp-231,True,7.0,3.0,4.0,True,4+ rings
bms-309403,16122583.0,10.165431,2.6480403,16122583,bms-309403,True,5.0,5.0,0.0,True,4+ rings
butylidenephthalide,642376.0,9.473086,2.406508,642376,butylidenephthalide,True,2.0,1.0,1.0,True,2 rings
gr-127935,107780.0,9.697295,3.5896652,107780,gr-127935,True,5.0,4.0,1.0,True,4+ rings
nvp-tae226,9934347.0,8.4791975,3.779012,9934347,nvp-tae226,True,4.0,3.0,1.0,True,4+ rings
bay1217389,78320750.0,9.327917,3.4144921,78320750,bay1217389,True,5.0,4.0,1.0,True,4+ rings
acriflavinium,2016.0,9.059835,2.1479137,2016,acriflavinium,True,3.0,3.0,0.0,True,3 rings
ly411575,10435235.0,10.327908,2.8245354,10435235,ly411575,True,4.0,3.0,1.0,True,4+ rings
levodopa,6971033.0,10.946296,2.3277147,6971033,levodopa,True,1.0,1.0,0.0,True,1 ring
7-hydroxy-pipat,10317104.0,9.407323,2.314765,10317104,7-hydroxy-pipat,True,2.0,1.0,1.0,True,2 rings
dibenzepine,9419.0,9.014928,3.5389998,9419,dibenzepine,True,3.0,2.0,1.0,True,3 rings
levomepromazine,72287.0,8.790468,3.861027,72287,levomepromazine,True,3.0,2.0,1.0,True,3 rings
meclofenamic-acid,4037.0,10.102052,3.2571476,4037,meclofenamic-acid,True,2.0,2.0,0.0,True,2 rings
chenodeoxycholic-acid,10133.0,8.9228115,-0.35973382,10133,chenodeoxycholic-acid,True,4.0,0.0,4.0,True,4+ rings
selenomethionine,53262363.0,11.152414,1.8495715,53262363,selenomethionine,True,0.0,0.0,0.0,False,0 rings
int-747,447715.0,8.914688,-0.36683354,447715,int-747,True,4.0,0.0,4.0,True,4+ rings
azd4547,51039095.0,9.1345825,3.0443668,51039095,azd4547,True,4.0,3.0,1.0,True,4+ rings
agmatine,199.0,10.804613,1.9356097,199,agmatine,True,0.0,0.0,0.0,False,0 rings
meprednisone,5284587.0,8.126893,-1.0593637,5284587,meprednisone,True,4.0,0.0,4.0,True,4+ rings
st-91,20864.0,8.459044,1.707299,20864,st-91,True,2.0,1.0,1.0,True,2 rings
4-phenolsulfonic-acid,4765.0,8.87081,2.5115592,4765,4-phenolsulfonic-acid,True,1.0,1.0,0.0,True,1 ring
benidipine,656667.0,12.215144,4.1719427,656667,benidipine,True,4.0,2.0,2.0,True,4+ rings
cefepime,5464263.0,13.4215145,1.5238318,5464263,cefepime,True,4.0,1.0,3.0,True,4+ rings
gemcitabine-elaidate,9828310.0,10.619117,-0.47854647,9828310,gemcitabine-elaidate,True,2.0,1.0,1.0,True,2 rings
chloropyramine,25295.0,9.38238,3.216417,25295,chloropyramine,True,2.0,2.0,0.0,True,2 rings
"1,2,3,4,5,6-hexabromocyclohexane",74603.0,9.190442,1.6279001,74603,"1,2,3,4,5,6-hexabromocyclohexane",True,1.0,0.0,1.0,True,1 ring
donepezil,1150567.0,9.332724,3.0343218,1150567,donepezil,True,4.0,2.0,2.0,True,4+ rings
verinurad,54767229.0,9.4961405,3.0130398,54767229,verinurad,True,3.0,3.0,0.0,True,3 rings
bismuth-subcitrate-potassium,129856537.0,10.2956505,1.7721014,129856537,bismuth-subcitrate-potassium,True,1.0,0.0,1.0,True,1 ring
cysteamine,6058.0,9.526114,1.6686867,6058,cysteamine,True,0.0,0.0,0.0,False,0 rings
tofacitinib,9926791.0,9.647628,1.924583,9926791,tofacitinib,True,3.0,2.0,1.0,True,3 rings
dicloxacillin,18381.0,13.2634735,1.9030317,18381,dicloxacillin,True,4.0,2.0,2.0,True,4+ rings
etc-206,71766360.0,9.31174,2.4536612,71766360,etc-206,True,5.0,4.0,1.0,True,4+ rings
a-438079,11673921.0,9.344653,3.553541,11673921,a-438079,True,3.0,3.0,0.0,True,3 rings
embelin,,10.692213,1.1749474,,embelin,True,1.0,0.0,1.0,True,1 ring
dopamine,681.0,10.472541,2.3853335,681,dopamine,True,1.0,1.0,0.0,True,1 ring
linoleic-acid,5280450.0,11.159746,1.1548206,5280450,linoleic-acid,True,0.0,0.0,0.0,False,0 rings
furamidine,126437.0,9.54153,2.0821507,126437,furamidine,True,3.0,3.0,0.0,True,3 rings
piboserod,177336.0,9.980633,3.1657114,177336,piboserod,True,4.0,2.0,2.0,True,4+ rings
gr-159897,9953599.0,11.507262,2.845748,9953599,gr-159897,True,4.0,3.0,1.0,True,4+ rings
norethindrone,6230.0,8.445475,-0.14620443,6230,norethindrone,True,4.0,0.0,4.0,True,4+ rings
bilastine,40467029.0,10.149331,3.2153623,40467029,bilastine,True,4.0,3.0,1.0,True,4+ rings
azd2014,25262792.0,9.60953,2.6643627,25262792,azd2014,True,5.0,3.0,2.0,True,4+ rings
sb-297006,9840971.0,10.715129,2.7160046,9840971,sb-297006,True,2.0,2.0,0.0,True,2 rings
lgd-6972,44625560.0,10.156532,3.3370454,44625560,lgd-6972,True,5.0,5.0,0.0,True,4+ rings
droxinostat,568416.0,9.917518,2.279698,568416,droxinostat,True,1.0,1.0,0.0,True,1 ring
pronethalol,25271722.0,10.933555,3.0714571,25271722,pronethalol,True,2.0,2.0,0.0,True,2 rings
mexeneone,71645.0,9.214021,3.0982928,71645,mexeneone,True,2.0,2.0,0.0,True,2 rings
aminohydroxybutyric-acid,6971281.0,10.686431,1.8858521,6971281,aminohydroxybutyric-acid,True,0.0,0.0,0.0,False,0 rings
sc-9,124172.0,10.031907,2.6196988,124172,sc-9,True,3.0,3.0,0.0,True,3 rings
beta-funaltrexamine,5311018.0,6.265098,5.2472253,5311018,beta-funaltrexamine,True,6.0,1.0,5.0,True,4+ rings
flibanserin,6918248.0,10.016819,3.5865946,6918248,flibanserin,True,4.0,3.0,1.0,True,4+ rings
4-iodo-l-phenylalanine,7047041.0,11.05688,2.2519486,7047041,4-iodo-l-phenylalanine,True,1.0,1.0,0.0,True,1 ring
betaxolol,6093355.0,10.935154,3.8409963,6093355,betaxolol,True,2.0,1.0,1.0,True,2 rings
cicloprofen,14694110.0,10.842911,2.595649,14694110,cicloprofen,True,3.0,2.0,1.0,True,3 rings
ikk-16,9549298.0,9.487959,2.8936377,9549298,ikk-16,True,6.0,4.0,2.0,True,4+ rings
dmp-543,9887884.0,9.396877,2.6587255,9887884,dmp-543,True,5.0,4.0,1.0,True,4+ rings
zaprinast,135399235.0,9.727908,2.5029705,135399235,zaprinast,True,3.0,3.0,0.0,True,3 rings
zm-447439,9914412.0,9.072468,4.1249733,9914412,zm-447439,True,5.0,4.0,1.0,True,4+ rings
cefcapene-pivoxil,5282438.0,13.404671,1.5413835,5282438,cefcapene-pivoxil,True,3.0,1.0,2.0,True,3 rings
adrenosterone,223997.0,8.457255,-0.53084344,223997,adrenosterone,True,4.0,0.0,4.0,True,4+ rings
sodium-stibogluconate,,10.0616255,1.2373284,,sodium-stibogluconate,True,4.0,0.0,4.0,True,4+ rings
betrixaban,10275777.0,9.420769,3.1158223,10275777,betrixaban,True,3.0,3.0,0.0,True,3 rings
czc-54252,44252734.0,8.47878,3.7745223,44252734,czc-54252,True,4.0,3.0,1.0,True,4+ rings
mkt-077,6912334.0,8.991391,3.1993122,6912334,mkt-077,True,4.0,3.0,1.0,True,4+ rings
piclamilast,154575.0,9.046134,3.507043,154575,piclamilast,True,3.0,2.0,1.0,True,3 rings
peruvoside,,9.08707,0.19765756,,peruvoside,True,6.0,0.0,6.0,True,4+ rings
skf-89976a,6604015.0,10.088874,2.7516997,6604015,skf-89976a,True,3.0,2.0,1.0,True,3 rings
landiolol,114905.0,10.865942,3.752568,114905,landiolol,True,3.0,1.0,2.0,True,3 rings
plerixafor,65015.0,9.241202,2.497311,65015,plerixafor,True,3.0,1.0,2.0,True,3 rings
cct128930,17751819.0,9.305374,2.2074282,17751819,cct128930,True,4.0,3.0,1.0,True,4+ rings
fagomine,72259.0,9.413323,1.4289609,72259,fagomine,True,1.0,0.0,1.0,True,1 ring
tecovirimat,16124688.0,9.840567,2.2665462,16124688,tecovirimat,True,6.0,1.0,5.0,True,4+ rings
tavilermide,9808372.0,10.513838,1.8447645,9808372,tavilermide,True,2.0,1.0,1.0,True,2 rings
letosteine,76956360.0,10.176641,1.767204,76956360,letosteine,True,1.0,0.0,1.0,True,1 ring
thk5351,91936858.0,10.666215,3.485347,91936858,thk5351,True,3.0,3.0,0.0,True,3 rings
choline,305.0,10.057817,1.3814098,305,choline,True,0.0,0.0,0.0,False,0 rings
alpha-tochopheryl-acetate,9804881.0,10.212226,1.2671827,9804881,alpha-tochopheryl-acetate,True,2.0,1.0,1.0,True,2 rings
naloxone-benzoylhydrazone,9601084.0,6.269252,5.2438436,9601084,naloxone-benzoylhydrazone,True,6.0,2.0,4.0,True,4+ rings
guaiacol,460.0,9.102904,3.060547,460,guaiacol,True,1.0,1.0,0.0,True,1 ring
paracetamol,1983.0,9.79095,3.4047594,1983,paracetamol,True,1.0,1.0,0.0,True,1 ring
gemfibrozil,3463.0,10.2948265,1.920158,3463,gemfibrozil,True,1.0,1.0,0.0,True,1 ring
l-670596,86295146.0,10.32727,1.9353218,86295146,l-670596,True,4.0,3.0,1.0,True,4+ rings
st-1859,14187.0,9.567289,2.6247501,14187,st-1859,True,4.0,4.0,0.0,True,4+ rings
tracazolate,5522.0,10.510264,2.300465,5522,tracazolate,True,2.0,2.0,0.0,True,2 rings
lithium-citrate,,10.34345,1.7460886,,lithium-citrate,True,0.0,0.0,0.0,False,0 rings
gw-9662,644213.0,8.499567,2.369439,644213,gw-9662,True,2.0,2.0,0.0,True,2 rings
ravoxertinib,71727581.0,9.171318,2.2444994,71727581,ravoxertinib,True,4.0,4.0,0.0,True,4+ rings
ly2886721,49837968.0,9.688391,3.2647858,49837968,ly2886721,True,4.0,2.0,2.0,True,4+ rings
isoxepac,41448.0,9.956435,2.7856033,41448,isoxepac,True,3.0,2.0,1.0,True,3 rings
grapiprant,11677589.0,8.500154,2.6721153,11677589,grapiprant,True,4.0,4.0,0.0,True,4+ rings
pitavastatin,5282452.0,10.635886,2.0094144,5282452,pitavastatin,True,4.0,3.0,1.0,True,4+ rings
l-701252,54687453.0,9.548927,2.120048,54687453,l-701252,True,3.0,2.0,1.0,True,3 rings
oncrasin-1,872445.0,9.440901,2.7029932,872445,oncrasin-1,True,3.0,3.0,0.0,True,3 rings
cpccoet,10106002.0,10.46816,2.729764,10106002,cpccoet,True,3.0,1.0,2.0,True,3 rings
chlorazanil,10374.0,8.971095,2.5056818,10374,chlorazanil,True,2.0,2.0,0.0,True,2 rings
dosulepin,5284550.0,8.91118,3.6756997,5284550,dosulepin,True,3.0,2.0,1.0,True,3 rings
rimexolone,5311412.0,8.158269,-1.0171931,5311412,rimexolone,True,4.0,0.0,4.0,True,4+ rings
ferulic-acid,445858.0,8.941077,3.1443613,445858,ferulic-acid,True,1.0,1.0,0.0,True,1 ring
lumefantrine,73416445.0,10.448904,1.3438685,73416445,lumefantrine,True,4.0,3.0,1.0,True,4+ rings
ergosterol,444679.0,8.994204,0.66472405,444679,ergosterol,True,4.0,0.0,4.0,True,4+ rings
bms-690514,11349170.0,9.081062,3.0611565,11349170,bms-690514,True,4.0,3.0,1.0,True,4+ rings
gsk1904529a,25124816.0,9.222323,3.9414103,25124816,gsk1904529a,True,8.0,6.0,2.0,True,4+ rings
gabapentin-enacarbil,66864580.0,10.381299,1.8353235,66864580,gabapentin-enacarbil,True,1.0,0.0,1.0,True,1 ring
orantinib,5329099.0,9.87075,2.7951524,5329099,orantinib,True,3.0,2.0,1.0,True,3 rings
ins316,10368038.0,10.444811,-0.50980777,10368038,ins316,True,2.0,1.0,1.0,True,2 rings
esmolol,28125476.0,10.907603,3.8228433,28125476,esmolol,True,1.0,1.0,0.0,True,1 ring
imipenem,104838.0,10.3721695,1.7552379,104838,imipenem,True,2.0,0.0,2.0,True,2 rings
sirolimus,134812764.0,9.006579,1.0927918,134812764,sirolimus,True,4.0,0.0,4.0,True,4+ rings
pha-543613,9930121.0,9.792872,2.1848302,9930121,pha-543613,True,5.0,2.0,3.0,True,4+ rings
ve-822,59472121.0,8.468771,2.6084487,59472121,ve-822,True,4.0,4.0,0.0,True,4+ rings
levo-phencynonate,,10.389006,2.979442,,levo-phencynonate,True,4.0,1.0,3.0,True,4+ rings
dmh4,5329447.0,9.53878,3.112398,5329447,dmh4,True,5.0,4.0,1.0,True,4+ rings
physostigmine,5983.0,9.616914,2.6271944,5983,physostigmine,True,3.0,1.0,2.0,True,3 rings
carnitine-(d/l),160907.0,10.684412,1.7398821,160907,carnitine-(d/l),True,0.0,0.0,0.0,False,0 rings
trametinib,11707110.0,9.814752,3.4657178,11707110,trametinib,True,5.0,4.0,1.0,True,4+ rings
fidarestat,449156.0,9.589449,1.8838485,449156,fidarestat,True,3.0,1.0,2.0,True,3 rings
as-1949490,44473434.0,10.353792,2.7425814,44473434,as-1949490,True,3.0,3.0,0.0,True,3 rings
bms-191095,9822753.0,8.397047,0.9334947,9822753,bms-191095,True,4.0,3.0,1.0,True,4+ rings
jnj-37822681,16058752.0,9.2795,1.849194,16058752,jnj-37822681,True,3.0,2.0,1.0,True,3 rings
vilazodone,6918314.0,11.462926,2.8244712,6918314,vilazodone,True,5.0,4.0,1.0,True,4+ rings
sparteine-(+),7014.0,8.971618,1.7847883,7014,sparteine-(+),True,4.0,0.0,4.0,True,4+ rings
maytansinol-isobutyrate,131857169.0,9.023827,1.4660559,131857169,maytansinol-isobutyrate,True,4.0,1.0,3.0,True,4+ rings
msx-122,11687907.0,9.349958,2.8870647,11687907,msx-122,True,3.0,3.0,0.0,True,3 rings
isosorbide-dinitrate,6883.0,9.171687,1.5457736,6883,isosorbide-dinitrate,True,2.0,0.0,2.0,True,2 rings
as-604850,5287855.0,8.850482,1.842512,5287855,as-604850,True,3.0,1.0,2.0,True,3 rings
ipragliflozin-l-proline,10453870.0,9.753926,0.27536052,10453870,ipragliflozin-l-proline,True,4.0,3.0,1.0,True,4+ rings
axitinib,6450551.0,9.740446,3.1037726,6450551,axitinib,True,4.0,4.0,0.0,True,4+ rings
kr-33494,25009726.0,10.197517,2.821921,25009726,kr-33494,True,3.0,3.0,0.0,True,3 rings
fantofarone,119349.0,8.815568,3.3268387,119349,fantofarone,True,4.0,4.0,0.0,True,4+ rings
gdc-0152,46940575.0,10.872902,2.2968297,46940575,gdc-0152,True,4.0,2.0,2.0,True,4+ rings
vinpocetine,443955.0,10.378151,2.753042,443955,vinpocetine,True,5.0,2.0,3.0,True,4+ rings
hypoxanthine,790.0,8.672061,1.6510966,790,hypoxanthine,True,2.0,2.0,0.0,True,2 rings
talaporfin,,10.791593,1.7376075,,talaporfin,True,5.0,3.0,2.0,True,4+ rings
orotic-acid,967.0,9.744791,1.9266306,967,orotic-acid,True,1.0,1.0,0.0,True,1 ring
gallic-acid,370.0,9.862332,2.3191302,370,gallic-acid,True,1.0,1.0,0.0,True,1 ring
orlistat,3034010.0,10.792801,1.19156,3034010,orlistat,True,1.0,0.0,1.0,True,1 ring
budipine,68778.0,9.689366,2.4472387,68778,budipine,True,3.0,2.0,1.0,True,3 rings
allantoin,439714.0,9.800291,1.5623575,439714,allantoin,True,1.0,0.0,1.0,True,1 ring
als-8176,89658382.0,10.598055,-0.6132154,89658382,als-8176,True,2.0,1.0,1.0,True,2 rings
methscopolamine,,10.704906,2.9486334,,methscopolamine,True,4.0,1.0,3.0,True,4+ rings
bina,86311024.0,10.301019,2.5523367,86311024,bina,True,5.0,3.0,2.0,True,4+ rings
miglustat,51634.0,10.277055,1.2010821,51634,miglustat,True,1.0,0.0,1.0,True,1 ring
levomenthol,16666.0,9.389285,1.3518054,16666,levomenthol,True,1.0,0.0,1.0,True,1 ring
cc4,91654624.0,9.224393,1.8073814,91654624,cc4,True,6.0,2.0,4.0,True,4+ rings
4-p-pdot,24750357.0,9.948369,2.4329724,24750357,4-p-pdot,True,3.0,2.0,1.0,True,3 rings
1-ethyl-2-pyrrolidone,17595.0,9.282057,1.6708937,17595,1-ethyl-2-pyrrolidone,True,1.0,0.0,1.0,True,1 ring
iu1,675434.0,9.7999325,2.373418,675434,iu1,True,3.0,2.0,1.0,True,3 rings
agn-195183,9867758.0,10.0219145,3.5771668,9867758,agn-195183,True,3.0,2.0,1.0,True,3 rings
crizotinib,11626560.0,9.071812,2.0254595,11626560,crizotinib,True,4.0,3.0,1.0,True,4+ rings
alx-40-4c,25077385.0,11.312543,2.0814357,25077385,alx-40-4c,True,0.0,0.0,0.0,False,0 rings
amrubicin,3035016.0,8.796446,2.798603,3035016,amrubicin,True,5.0,2.0,3.0,True,4+ rings
bp-897,3038495.0,9.889666,3.8762884,3038495,bp-897,True,4.0,3.0,1.0,True,4+ rings
icilin,161930.0,8.598631,2.2335036,161930,icilin,True,3.0,2.0,1.0,True,3 rings
l-phenylisopropyladenosine,93205.0,10.406351,-0.6232909,93205,l-phenylisopropyladenosine,True,4.0,3.0,1.0,True,4+ rings
ciglitazone,6604850.0,10.40139,2.363608,6604850,ciglitazone,True,3.0,1.0,2.0,True,3 rings
mk-6096,25128145.0,9.604469,3.0880349,25128145,mk-6096,True,4.0,3.0,1.0,True,4+ rings
sdz-220-040,6604839.0,11.073071,2.0821836,6604839,sdz-220-040,True,2.0,2.0,0.0,True,2 rings
carbarsone,8480.0,9.7607975,2.43812,8480,carbarsone,True,1.0,1.0,0.0,True,1 ring
colfosceril-palmitate,160339.0,10.892428,1.1612587,160339,colfosceril-palmitate,True,0.0,0.0,0.0,False,0 rings
dapivirine,214347.0,8.975794,2.2696965,214347,dapivirine,True,3.0,3.0,0.0,True,3 rings
sinomenine,5459308.0,9.1814,2.3407154,5459308,sinomenine,True,4.0,1.0,3.0,True,4+ rings
tetrahydrouridine,9543506.0,10.1340685,-0.16990586,9543506,tetrahydrouridine,True,2.0,0.0,2.0,True,2 rings
rta-408,71811910.0,9.248184,1.0369112,71811910,rta-408,True,5.0,0.0,5.0,True,4+ rings
andarine,9824562.0,9.806336,3.6199574,9824562,andarine,True,2.0,2.0,0.0,True,2 rings
fingolimod,107970.0,10.570637,1.3033094,107970,fingolimod,True,1.0,1.0,0.0,True,1 ring
pomalidomide,9965330.0,9.232616,2.5012052,9965330,pomalidomide,True,3.0,1.0,2.0,True,3 rings
macozinone,57331386.0,8.518639,1.945507,57331386,macozinone,True,4.0,2.0,2.0,True,4+ rings
encorafenib,50922675.0,9.205375,2.868285,50922675,encorafenib,True,3.0,3.0,0.0,True,3 rings
2-iodomelatonin,115348.0,11.059261,2.829576,115348,2-iodomelatonin,True,2.0,2.0,0.0,True,2 rings
terbutaline,11354816.0,11.171425,3.2760932,11354816,terbutaline,True,1.0,1.0,0.0,True,1 ring
ym-022,122130.0,9.823003,3.3002229,122130,ym-022,True,5.0,4.0,1.0,True,4+ rings
dibekacin,470999.0,9.64018,0.15391736,470999,dibekacin,True,3.0,0.0,3.0,True,3 rings
agn-194310,9867046.0,10.177059,2.6720943,9867046,agn-194310,True,4.0,3.0,1.0,True,4+ rings
amikacin,37768.0,9.670141,0.14463781,37768,amikacin,True,3.0,0.0,3.0,True,3 rings
2-[1-(4-piperonyl)piperazinyl]benzothiazole,127902.0,9.185312,2.7621002,127902,2-[1-(4-piperonyl)piperazinyl]benzothiazole,True,5.0,3.0,2.0,True,4+ rings
mecarbinate,616236.0,10.346241,2.4885712,616236,mecarbinate,True,2.0,2.0,0.0,True,2 rings
chlorothymol,6982.0,9.699038,2.107541,6982,chlorothymol,True,1.0,1.0,0.0,True,1 ring
noretynodrel,6231.0,8.494157,-0.062070284,6231,noretynodrel,True,4.0,0.0,4.0,True,4+ rings
fostemsavir,11319217.0,9.983387,3.1076646,11319217,fostemsavir,True,5.0,4.0,1.0,True,4+ rings
metipranolol,57185490.0,10.947534,3.8904238,57185490,metipranolol,True,1.0,1.0,0.0,True,1 ring
undecylenic-acid,5634.0,10.745126,1.6135978,5634,undecylenic-acid,True,0.0,0.0,0.0,False,0 rings
d-4476,6419753.0,9.668647,2.7548912,6419753,d-4476,True,5.0,4.0,1.0,True,4+ rings
verubecestat,51352361.0,9.778205,3.3958902,51352361,verubecestat,True,3.0,2.0,1.0,True,3 rings
arecaidine-propargyl-ester,2229.0,9.801894,1.8672124,2229,arecaidine-propargyl-ester,True,1.0,0.0,1.0,True,1 ring
inimur,72165119.0,8.376481,1.9504651,72165119,inimur,True,2.0,1.0,1.0,True,2 rings
ceruletide,16129675.0,11.582515,2.627302,16129675,ceruletide,True,5.0,4.0,1.0,True,4+ rings
losartan,3961.0,10.954947,3.2661388,3961,losartan,True,4.0,4.0,0.0,True,4+ rings
sb-612111,10047612.0,9.555021,1.3917407,10047612,sb-612111,True,4.0,2.0,2.0,True,4+ rings
oxaprozin,4614.0,10.398909,2.3777046,4614,oxaprozin,True,3.0,3.0,0.0,True,3 rings
luf-5834,135543624.0,9.364783,2.2755532,135543624,luf-5834,True,3.0,3.0,0.0,True,3 rings
trebenzomine,76963054.0,9.132955,1.3609666,76963054,trebenzomine,True,2.0,1.0,1.0,True,2 rings
emd-53998,446286.0,8.80014,3.163761,446286,emd-53998,True,4.0,2.0,2.0,True,4+ rings
mk-2894,24952929.0,10.151602,3.1214805,24952929,mk-2894,True,4.0,3.0,1.0,True,4+ rings
cnx-774,59174579.0,9.095082,3.6709187,59174579,cnx-774,True,4.0,4.0,0.0,True,4+ rings
moxalactam,157009.0,13.241743,1.6384355,157009,moxalactam,True,4.0,2.0,2.0,True,4+ rings
urmc-099,54764565.0,9.284028,2.6901667,54764565,urmc-099,True,6.0,5.0,1.0,True,4+ rings
eltanolone,31402.0,8.874805,-0.07394238,31402,eltanolone,True,4.0,0.0,4.0,True,4+ rings
way-255348,11543746.0,9.128724,1.8382868,11543746,way-255348,True,3.0,2.0,1.0,True,3 rings
mbx-2982,25025505.0,9.317944,2.177971,25025505,mbx-2982,True,5.0,4.0,1.0,True,4+ rings
proxyfan,6421522.0,11.561253,2.2094667,6421522,proxyfan,True,2.0,2.0,0.0,True,2 rings
cefminox,71141.0,13.1976595,1.627566,71141,cefminox,True,3.0,1.0,2.0,True,3 rings
ver-155008,25195348.0,10.394241,-0.6002697,25195348,ver-155008,True,5.0,4.0,1.0,True,4+ rings
visomitin,16679092.0,9.7160635,2.5515857,16679092,visomitin,True,4.0,3.0,1.0,True,4+ rings
epigallocatechin-(-),72277.0,9.528582,0.8915177,72277,epigallocatechin-(-),True,3.0,2.0,1.0,True,3 rings
delamanid,6480466.0,8.863165,1.8220383,6480466,delamanid,True,5.0,3.0,2.0,True,4+ rings
agm-1470,14942882.0,9.730276,1.709641,14942882,agm-1470,True,3.0,0.0,3.0,True,3 rings
1-acetyl-4-methylpiperazine,550758.0,9.5231695,2.525697,550758,1-acetyl-4-methylpiperazine,True,1.0,0.0,1.0,True,1 ring
l-asparagine-n-hydroxy,97663.0,11.127973,1.8491017,97663,l-asparagine-n-hydroxy,True,0.0,0.0,0.0,False,0 rings
z160,4988454.0,10.324354,3.2189333,4988454,z160,True,5.0,4.0,1.0,True,4+ rings
rs-67506,133076.0,10.441449,3.7718866,133076,rs-67506,True,2.0,1.0,1.0,True,2 rings
oxacyclohexadecan-2-one,235414.0,9.108495,1.6660612,235414,oxacyclohexadecan-2-one,True,1.0,0.0,1.0,True,1 ring
sjg-136,393111.0,9.186613,1.9560245,393111,sjg-136,True,6.0,2.0,4.0,True,4+ rings
az5104,71496460.0,11.384127,2.8775861,71496460,az5104,True,4.0,4.0,0.0,True,4+ rings
theobromine,5429.0,8.547041,1.5014607,5429,theobromine,True,2.0,2.0,0.0,True,2 rings
docosanol,12620.0,10.635105,1.2422137,12620,docosanol,True,0.0,0.0,0.0,False,0 rings
oxprenolol,94423.0,10.961735,3.918044,94423,oxprenolol,True,1.0,1.0,0.0,True,1 ring
dapagliflozin,9887712.0,9.754721,0.24412954,9887712,dapagliflozin,True,3.0,2.0,1.0,True,3 rings
secalciferol,5283748.0,2.557166,2.4745739,5283748,secalciferol,True,3.0,0.0,3.0,True,3 rings
sotalol,67108155.0,10.922986,3.0699012,67108155,sotalol,True,1.0,1.0,0.0,True,1 ring
xl019,57990869.0,9.0737915,2.8092096,57990869,xl019,True,5.0,3.0,2.0,True,4+ rings
iopanic-acid,12304727.0,10.441037,1.7957145,12304727,iopanic-acid,True,1.0,1.0,0.0,True,1 ring
sant-2,1367095.0,9.542424,3.437866,1367095,sant-2,True,4.0,4.0,0.0,True,4+ rings
cgp-39551,6438792.0,10.395329,1.7899351,6438792,cgp-39551,True,0.0,0.0,0.0,False,0 rings
ici-192605,6604763.0,10.409982,2.1829824,6604763,ici-192605,True,3.0,2.0,1.0,True,3 rings
chlorphenamine,33036.0,9.476731,3.349209,33036,chlorphenamine,True,2.0,2.0,0.0,True,2 rings
lopinavir,92727.0,10.741386,2.5461085,92727,lopinavir,True,4.0,3.0,1.0,True,4+ rings
sb-706375,21023902.0,8.69457,2.6477988,21023902,sb-706375,True,3.0,2.0,1.0,True,3 rings
sb-772077b,16095343.0,9.518661,1.9976655,16095343,sb-772077b,True,4.0,3.0,1.0,True,4+ rings
triacetin,5541.0,10.292279,1.6226943,5541,triacetin,True,0.0,0.0,0.0,False,0 rings
bambuterol,57515921.0,11.156629,3.2777712,57515921,bambuterol,True,1.0,1.0,0.0,True,1 ring
gsk-3-inhibitor-ix,,9.382028,2.5380678,,gsk-3-inhibitor-ix,True,4.0,2.0,2.0,True,4+ rings
securinine,442872.0,9.0913725,1.6261288,442872,securinine,True,4.0,0.0,4.0,True,4+ rings
lorediplon,12004146.0,9.762318,2.5833378,12004146,lorediplon,True,4.0,4.0,0.0,True,4+ rings
vu0240551,7211972.0,9.787727,2.9057584,7211972,vu0240551,True,3.0,3.0,0.0,True,3 rings
atomoxetine,54841.0,10.52866,3.000732,54841,atomoxetine,True,2.0,2.0,0.0,True,2 rings
ezatiostat,5310939.0,10.985307,2.2862663,5310939,ezatiostat,True,2.0,2.0,0.0,True,2 rings
alacepril,71992.0,11.173638,2.2869227,71992,alacepril,True,2.0,1.0,1.0,True,2 rings
n6-cyclopentyladenosine,657378.0,10.398257,-0.63569903,657378,n6-cyclopentyladenosine,True,4.0,2.0,2.0,True,4+ rings
cinchonidine,101744.0,8.060799,3.6308184,101744,cinchonidine,True,5.0,2.0,3.0,True,4+ rings
laurocapram,42981.0,10.41204,1.3621224,42981,laurocapram,True,1.0,0.0,1.0,True,1 ring
methsuximide,25271978.0,9.664606,2.442667,25271978,methsuximide,True,2.0,1.0,1.0,True,2 rings
bicifadine,11715257.0,9.077303,1.862132,11715257,bicifadine,True,3.0,1.0,2.0,True,3 rings
pf-06751979,118435360.0,9.865895,2.0560899,118435360,pf-06751979,True,4.0,2.0,2.0,True,4+ rings
bumetanide,2471.0,10.093349,2.7159817,2471,bumetanide,True,2.0,2.0,0.0,True,2 rings
kd025,11950170.0,9.985373,2.8462603,11950170,kd025,True,5.0,5.0,0.0,True,4+ rings
chlorcyclizine,688437.0,10.029476,3.3271205,688437,chlorcyclizine,True,3.0,2.0,1.0,True,3 rings
alclofenac,30951.0,10.260478,2.338465,30951,alclofenac,True,1.0,1.0,0.0,True,1 ring
hm-30181,11399764.0,9.074968,3.3618906,11399764,hm-30181,True,7.0,6.0,1.0,True,4+ rings
d-phenylalanine,71567.0,10.788537,2.4546268,71567,d-phenylalanine,True,1.0,1.0,0.0,True,1 ring
sha-68,52951680.0,10.113964,2.9035056,52951680,sha-68,True,5.0,3.0,2.0,True,4+ rings
ivermectin,6321424.0,9.472713,0.90891737,6321424,ivermectin,True,7.0,0.0,7.0,True,4+ rings
gsk923295,46898058.0,10.648667,2.9105012,46898058,gsk923295,True,4.0,4.0,0.0,True,4+ rings
medetomidine,60612.0,11.4803,2.1783972,60612,medetomidine,True,2.0,2.0,0.0,True,2 rings
sesamin,72307.0,9.014517,2.510337,72307,sesamin,True,6.0,2.0,4.0,True,4+ rings
refametinib,44182295.0,9.947088,1.2990763,44182295,refametinib,True,3.0,2.0,1.0,True,3 rings
ixazomib,25183872.0,10.589772,2.3101797,25183872,ixazomib,True,1.0,1.0,0.0,True,1 ring
bretazenil,107926.0,9.6872,2.0784957,107926,bretazenil,True,4.0,2.0,2.0,True,4+ rings
proxyphylline,158962.0,8.231409,1.177426,158962,proxyphylline,True,2.0,2.0,0.0,True,2 rings
dexmedetomidine,5311068.0,11.509345,2.1746995,5311068,dexmedetomidine,True,2.0,2.0,0.0,True,2 rings
4-ppbp,3035672.0,10.088336,3.163847,3035672,4-ppbp,True,3.0,2.0,1.0,True,3 rings
emedastine,3219.0,8.936526,2.853931,3219,emedastine,True,3.0,2.0,1.0,True,3 rings
anr-94,11805896.0,9.291422,1.6801468,11805896,anr-94,True,2.0,2.0,0.0,True,2 rings
naphthoquine-phosphate,9851775.0,9.198953,3.3219585,9851775,naphthoquine-phosphate,True,4.0,3.0,1.0,True,4+ rings
isopentyl-4-methoxycinnamate,1549789.0,8.974773,3.047285,1549789,isopentyl-4-methoxycinnamate,True,1.0,1.0,0.0,True,1 ring
u-0124,75645652.0,9.451731,1.6917644,75645652,u-0124,True,0.0,0.0,0.0,False,0 rings
vancomycin,14969.0,9.707133,0.24105735,14969,vancomycin,True,12.0,5.0,7.0,True,4+ rings
5-methylhydantoin-(l),6419931.0,9.224864,1.3857304,6419931,5-methylhydantoin-(l),True,1.0,0.0,1.0,True,1 ring
sar405838,,9.531989,2.4867892,,sar405838,True,5.0,2.0,3.0,True,4+ rings
asc-j9,74891315.0,8.814593,3.2018223,74891315,asc-j9,True,2.0,2.0,0.0,True,2 rings
carbimazole,31072.0,10.2839985,2.1525316,31072,carbimazole,True,1.0,1.0,0.0,True,1 ring
cefradine,40467109.0,13.301851,1.645332,40467109,cefradine,True,3.0,0.0,3.0,True,3 rings
bi-409306,135908617.0,9.4061985,3.0137434,135908617,bi-409306,True,4.0,3.0,1.0,True,4+ rings
gln-1062,44240142.0,9.871203,2.6993725,44240142,gln-1062,True,5.0,2.0,3.0,True,4+ rings
somatostatin,,11.54449,2.7552567,,somatostatin,True,6.0,5.0,1.0,True,4+ rings
doxofylline,50942.0,8.193559,1.1602917,50942,doxofylline,True,3.0,2.0,1.0,True,3 rings
tirasemtiv,23729157.0,8.7498,1.5482278,23729157,tirasemtiv,True,2.0,2.0,0.0,True,2 rings
sobrepin,854498.0,9.485901,1.4999509,854498,sobrepin,True,1.0,0.0,1.0,True,1 ring
veliparib,11960529.0,9.762399,2.3726196,11960529,veliparib,True,3.0,2.0,1.0,True,3 rings
5-carboxamidotryptamine,1809.0,11.435109,2.853603,1809,5-carboxamidotryptamine,True,2.0,2.0,0.0,True,2 rings
chuanxiongzine,14296.0,9.045867,2.0201101,14296,chuanxiongzine,True,1.0,1.0,0.0,True,1 ring
etoxybamide,522232.0,10.349411,1.8157059,522232,etoxybamide,True,0.0,0.0,0.0,False,0 rings
rgx-104,10218693.0,10.386392,2.6886263,10218693,rgx-104,True,4.0,4.0,0.0,True,4+ rings
ribavirin,37542.0,10.422315,-0.53077525,37542,ribavirin,True,2.0,1.0,1.0,True,2 rings
oleanolic-acid,10494.0,9.40987,0.8166589,10494,oleanolic-acid,True,5.0,0.0,5.0,True,4+ rings
n-cyclohexyl-2-benzothiazolesulfenamide,7232.0,9.181633,2.3990264,7232,n-cyclohexyl-2-benzothiazolesulfenamide,True,3.0,2.0,1.0,True,3 rings
pbi-4050,24749700.0,10.477387,2.428568,24749700,pbi-4050,True,1.0,1.0,0.0,True,1 ring
selumetinib,10127622.0,9.918278,1.3833523,10127622,selumetinib,True,3.0,3.0,0.0,True,3 rings
mifepristone,55245.0,8.8206005,0.437195,55245,mifepristone,True,5.0,1.0,4.0,True,4+ rings
scopolamine,,10.710697,3.0174224,,scopolamine,True,4.0,1.0,3.0,True,4+ rings
octamethyltrisiloxane,24705.0,9.097108,1.708625,24705,octamethyltrisiloxane,True,0.0,0.0,0.0,False,0 rings
scp-1,667575.0,9.695198,3.10802,667575,scp-1,True,3.0,2.0,1.0,True,3 rings
diphencyprone,65057.0,9.428016,2.5181417,65057,diphencyprone,True,3.0,3.0,0.0,True,3 rings
benzoyl-peroxide,7187.0,10.087919,2.8716896,7187,benzoyl-peroxide,True,2.0,2.0,0.0,True,2 rings
acetyl-farnesyl-cysteine,6438381.0,10.676301,1.8051579,6438381,acetyl-farnesyl-cysteine,True,0.0,0.0,0.0,False,0 rings
nonoxynol-9,72385.0,10.618078,1.565914,72385,nonoxynol-9,True,1.0,1.0,0.0,True,1 ring
cefozopran,5491955.0,13.422647,1.529464,5491955,cefozopran,True,5.0,3.0,2.0,True,4+ rings
nerbacadol,65865.0,9.152544,2.3917952,65865,nerbacadol,True,2.0,1.0,1.0,True,2 rings
wp1066,11210478.0,10.35023,2.8772757,11210478,wp1066,True,2.0,2.0,0.0,True,2 rings
acpc,6971063.0,9.831727,1.4959605,6971063,acpc,True,1.0,0.0,1.0,True,1 ring
etidronic-acid,3305.0,9.779655,1.4850668,3305,etidronic-acid,True,0.0,0.0,0.0,False,0 rings
lifitegrast,11965427.0,10.823809,2.4840233,11965427,lifitegrast,True,5.0,4.0,1.0,True,4+ rings
rg7112,57406853.0,9.875594,2.8625922,57406853,rg7112,True,5.0,3.0,2.0,True,4+ rings
thiethylperazine,5440.0,8.747604,3.9681416,5440,thiethylperazine,True,4.0,2.0,2.0,True,4+ rings
ethanolamine-oleate,5282489.0,11.131113,1.1822082,5282489,ethanolamine-oleate,True,0.0,0.0,0.0,False,0 rings
sirtinol,,9.789489,3.2299292,,sirtinol,True,4.0,4.0,0.0,True,4+ rings
4-damp,1734.0,10.640073,2.9546497,1734,4-damp,True,3.0,2.0,1.0,True,3 rings
para-toluenesulfonamide,6269.0,8.643708,2.4840844,6269,para-toluenesulfonamide,True,1.0,1.0,0.0,True,1 ring
volinanserin,5311271.0,10.117233,3.5048664,5311271,volinanserin,True,3.0,2.0,1.0,True,3 rings
zoledronic-acid,68740.0,9.836475,1.4873543,68740,zoledronic-acid,True,1.0,1.0,0.0,True,1 ring
nsp-805,,9.125186,1.7269279,,nsp-805,True,3.0,1.0,2.0,True,3 rings
oxymetazoline,4636.0,8.551087,1.872455,4636,oxymetazoline,True,2.0,1.0,1.0,True,2 rings
gsk2110183,46843057.0,10.356927,2.403008,46843057,gsk2110183,True,3.0,3.0,0.0,True,3 rings
cresol,2879.0,9.330059,2.3387482,2879,cresol,True,1.0,1.0,0.0,True,1 ring
mavatrep,17751090.0,8.947186,2.5131505,17751090,mavatrep,True,4.0,4.0,0.0,True,4+ rings
fosbretabulin,5351387.0,8.771814,3.1476045,5351387,fosbretabulin,True,2.0,2.0,0.0,True,2 rings
lorlatinib,78162481.0,8.736129,1.3467627,78162481,lorlatinib,True,4.0,3.0,1.0,True,4+ rings
ppy-a,16750094.0,9.475228,3.4320168,16750094,ppy-a,True,4.0,4.0,0.0,True,4+ rings
nesbuvir,11561383.0,9.777512,1.9378139,11561383,nesbuvir,True,4.0,3.0,1.0,True,4+ rings
tc-h-106,16070100.0,10.040192,3.253915,16070100,tc-h-106,True,2.0,2.0,0.0,True,2 rings
s-methylcysteine,7058174.0,11.1626005,1.8416432,7058174,s-methylcysteine,True,0.0,0.0,0.0,False,0 rings
methimazole,1349907.0,9.084104,1.704096,1349907,methimazole,True,1.0,1.0,0.0,True,1 ring
funapide,49836093.0,9.190281,2.2548537,49836093,funapide,True,6.0,3.0,3.0,True,4+ rings
coumophos,2871.0,9.157927,1.8706089,2871,coumophos,True,2.0,2.0,0.0,True,2 rings
pregnenolone,8955.0,8.854005,-0.13218677,8955,pregnenolone,True,4.0,0.0,4.0,True,4+ rings
epothilone-a,45489244.0,9.157949,1.1952707,45489244,epothilone-a,True,3.0,1.0,2.0,True,3 rings
fh1,94990.0,9.849449,3.3697028,94990,fh1,True,2.0,2.0,0.0,True,2 rings
upadacitinib,58557659.0,9.877522,1.86092,58557659,upadacitinib,True,4.0,3.0,1.0,True,4+ rings
tripelennamine,5587.0,9.522427,3.186683,5587,tripelennamine,True,2.0,2.0,0.0,True,2 rings
silodosin,5312125.0,10.374743,3.065898,5312125,silodosin,True,3.0,2.0,1.0,True,3 rings
litronesib,25167017.0,10.020275,2.7721062,25167017,litronesib,True,2.0,1.0,1.0,True,2 rings
pt-2385,91754484.0,9.26603,1.7482502,91754484,pt-2385,True,3.0,2.0,1.0,True,3 rings
a-317491,9829395.0,10.166666,2.746154,9829395,a-317491,True,5.0,4.0,1.0,True,4+ rings
amitifadine,11658655.0,9.182575,1.8147631,11658655,amitifadine,True,3.0,1.0,2.0,True,3 rings
baloxavir,124081876.0,9.473056,2.242989,124081876,baloxavir,True,6.0,3.0,3.0,True,4+ rings
cot-inhibitor-2,44143370.0,9.117395,3.3126948,44143370,cot-inhibitor-2,True,5.0,4.0,1.0,True,4+ rings
bms-935177,70647728.0,9.167926,2.440518,70647728,bms-935177,True,6.0,6.0,0.0,True,4+ rings
indibulin,2929.0,9.679465,3.0761983,2929,indibulin,True,4.0,4.0,0.0,True,4+ rings
iox2,54685215.0,10.265695,2.7228553,54685215,iox2,True,3.0,3.0,0.0,True,3 rings
propoxycaine,6843.0,10.723942,3.2304497,6843,propoxycaine,True,1.0,1.0,0.0,True,1 ring
abiraterone-acetate,9821849.0,8.869179,-0.08464159,9821849,abiraterone-acetate,True,5.0,1.0,4.0,True,4+ rings
gsk9027,24882669.0,9.792981,2.6071682,24882669,gsk9027,True,5.0,5.0,0.0,True,4+ rings
dbpr108,44201003.0,9.920747,1.9328703,44201003,dbpr108,True,2.0,0.0,2.0,True,2 rings
elacestrant,23642301.0,9.201633,2.7796564,23642301,elacestrant,True,4.0,3.0,1.0,True,4+ rings
tak-243,71715374.0,9.305215,2.1271355,71715374,tak-243,True,4.0,3.0,1.0,True,4+ rings
rolapitant,10311306.0,9.72349,2.600678,10311306,rolapitant,True,4.0,2.0,2.0,True,4+ rings
txa127,46878481.0,11.570132,2.2375667,46878481,txa127,True,3.0,2.0,1.0,True,3 rings
btb1,291461.0,8.736883,2.4018598,291461,btb1,True,2.0,2.0,0.0,True,2 rings
alfacalcidol,5282181.0,2.5569437,2.4746158,5282181,alfacalcidol,True,3.0,0.0,3.0,True,3 rings
apalutamide,24872560.0,9.690927,1.872268,24872560,apalutamide,True,4.0,2.0,2.0,True,4+ rings
bibn4096,6918509.0,9.427501,2.5756733,6918509,bibn4096,True,6.0,3.0,3.0,True,4+ rings
sitafloxacin,461399.0,12.200083,0.6681225,461399,sitafloxacin,True,5.0,2.0,3.0,True,4+ rings
mifobate,76958126.0,9.461318,1.6930722,76958126,mifobate,True,1.0,1.0,0.0,True,1 ring
prolylleucylglycinamide,51387302.0,10.780736,1.9475332,51387302,prolylleucylglycinamide,True,1.0,0.0,1.0,True,1 ring
sulfaquinoxaline,5338.0,8.219385,2.714099,5338,sulfaquinoxaline,True,3.0,3.0,0.0,True,3 rings
apocynin,2214.0,9.085176,3.255884,2214,apocynin,True,1.0,1.0,0.0,True,1 ring
win-64338,132928.0,10.116392,3.2224324,132928,win-64338,True,5.0,3.0,2.0,True,4+ rings
zolimidine,14652.0,8.788766,2.3517673,14652,zolimidine,True,3.0,3.0,0.0,True,3 rings
purvalanol-b,448991.0,9.516513,3.3274517,448991,purvalanol-b,True,3.0,3.0,0.0,True,3 rings
adenosine-triphosphate,5957.0,10.423623,-0.58431005,5957,adenosine-triphosphate,True,3.0,2.0,1.0,True,3 rings
i-bza,129424.0,10.457224,3.4361072,129424,i-bza,True,1.0,1.0,0.0,True,1 ring
tg-02,16739650.0,9.042166,1.8754311,16739650,tg-02,True,4.0,3.0,1.0,True,4+ rings
proflavine-hemisulfate,7099.0,8.95964,2.2565222,7099,proflavine-hemisulfate,True,3.0,3.0,0.0,True,3 rings
clofarabine,119182.0,10.433666,-0.6141142,119182,clofarabine,True,3.0,2.0,1.0,True,3 rings
l-798106,15551229.0,8.987553,3.107537,15551229,l-798106,True,4.0,4.0,0.0,True,4+ rings
veledimex,57751161.0,9.893419,3.1993122,57751161,veledimex,True,2.0,2.0,0.0,True,2 rings
domperidone,3151.0,10.182042,3.9305024,3151,domperidone,True,5.0,4.0,1.0,True,4+ rings
plumbagin,10205.0,9.289242,2.552402,10205,plumbagin,True,2.0,1.0,1.0,True,2 rings
pergolide,47811.0,11.106679,2.775099,47811,pergolide,True,4.0,2.0,2.0,True,4+ rings
pifithrin-mu,327653.0,8.889192,2.365454,327653,pifithrin-mu,True,1.0,1.0,0.0,True,1 ring
stattic,2779853.0,8.365048,2.0805044,2779853,stattic,True,2.0,1.0,1.0,True,2 rings
"5,7-dichlorokynurenic-acid",1779.0,10.000759,2.1710997,1779,"5,7-dichlorokynurenic-acid",True,2.0,2.0,0.0,True,2 rings
tioconazole,28125518.0,7.772259,2.3689935,28125518,tioconazole,True,3.0,3.0,0.0,True,3 rings
terguride,443951.0,11.130728,2.807138,443951,terguride,True,4.0,2.0,2.0,True,4+ rings
iclaprim,10247560.0,8.612517,3.0039823,10247560,iclaprim,True,4.0,2.0,2.0,True,4+ rings
tetrazol-5-yl-glycine-(rs),15024268.0,10.553649,1.8491318,15024268,tetrazol-5-yl-glycine-(rs),True,1.0,1.0,0.0,True,1 ring
s-07662,2732040.0,9.657613,2.5575984,2732040,s-07662,True,3.0,3.0,0.0,True,3 rings
pramiracetam,51712.0,9.659493,1.6774205,51712,pramiracetam,True,1.0,0.0,1.0,True,1 ring
gsk503,67469117.0,9.587385,2.3979802,67469117,gsk503,True,5.0,4.0,1.0,True,4+ rings
xd-14,52670832.0,9.9363985,2.4672215,52670832,xd-14,True,2.0,2.0,0.0,True,2 rings
nebracetam,25136943.0,9.860001,2.5464954,25136943,nebracetam,True,2.0,1.0,1.0,True,2 rings
adenosine-phosphate,6083.0,10.396137,-0.5624988,6083,adenosine-phosphate,True,3.0,2.0,1.0,True,3 rings
medorinone,5362132.0,8.946584,1.9383781,5362132,medorinone,True,2.0,2.0,0.0,True,2 rings
ormeloxifene,35805.0,9.613558,2.9855456,35805,ormeloxifene,True,5.0,3.0,2.0,True,4+ rings
benzofenac,91676.0,10.181676,2.893766,91676,benzofenac,True,2.0,2.0,0.0,True,2 rings
u-104,310360.0,9.752403,3.4753149,310360,u-104,True,2.0,2.0,0.0,True,2 rings
olprinone,4593.0,8.925947,1.7908212,4593,olprinone,True,3.0,3.0,0.0,True,3 rings
tcs-ox2-29,10408514.0,9.004224,3.182089,10408514,tcs-ox2-29,True,3.0,2.0,1.0,True,3 rings
epirubicin,41867.0,8.38311,2.8795147,41867,epirubicin,True,5.0,2.0,3.0,True,4+ rings
gly-gln,7018836.0,11.157991,1.935296,7018836,gly-gln,True,0.0,0.0,0.0,False,0 rings
fps-zm1,24752728.0,10.225411,2.696206,24752728,fps-zm1,True,3.0,2.0,1.0,True,3 rings
sphingosylphosphorylcholine,5280613.0,10.838014,1.1207434,5280613,sphingosylphosphorylcholine,True,0.0,0.0,0.0,False,0 rings
brl-54443,2438.0,10.716691,2.8211362,2438,brl-54443,True,3.0,2.0,1.0,True,3 rings
fenipentol,6999795.0,10.387201,2.8161616,6999795,fenipentol,True,1.0,1.0,0.0,True,1 ring
propiverine,4942.0,10.314633,2.9678698,4942,propiverine,True,3.0,2.0,1.0,True,3 rings
cephalomannine,6436208.0,10.469222,3.0600104,6436208,cephalomannine,True,6.0,2.0,4.0,True,4+ rings
phosphatidylcholine,446962.0,10.951175,1.1363803,446962,phosphatidylcholine,True,0.0,0.0,0.0,False,0 rings
jw-55,2946601.0,9.889041,3.5078878,2946601,jw-55,True,4.0,3.0,1.0,True,4+ rings
tetrindole,54792409.0,9.150278,1.7753139,54792409,tetrindole,True,5.0,2.0,3.0,True,4+ rings
cimetidine,2756.0,9.009748,1.8298324,2756,cimetidine,True,1.0,1.0,0.0,True,1 ring
pancuronium,441289.0,8.924212,0.08475367,441289,pancuronium,True,6.0,0.0,6.0,True,4+ rings
ro-20-1724,6998998.0,8.73082,3.3021138,6998998,ro-20-1724,True,2.0,1.0,1.0,True,2 rings
lithium-acetoacetate,96.0,10.290177,1.8535577,96,lithium-acetoacetate,True,0.0,0.0,0.0,False,0 rings
tofogliflozin,46908929.0,9.717396,0.37471586,46908929,tofogliflozin,True,4.0,2.0,2.0,True,4+ rings
tipifarnib,159324.0,9.203105,2.504267,159324,tipifarnib,True,5.0,5.0,0.0,True,4+ rings
tiquizium,72160.0,9.488696,2.3128726,72160,tiquizium,True,4.0,2.0,2.0,True,4+ rings
topotecan,60700.0,6.920698,3.3554869,60700,topotecan,True,5.0,3.0,2.0,True,4+ rings
"4-phenyl-1,2,3,4-tetrahydroisoquinoline",11820407.0,9.394364,2.3863091,11820407,"4-phenyl-1,2,3,4-tetrahydroisoquinoline",True,3.0,2.0,1.0,True,3 rings
palmitoleic-acid,445638.0,11.159724,1.1503495,445638,palmitoleic-acid,True,0.0,0.0,0.0,False,0 rings
naltriben,5486827.0,6.2673583,5.2448573,5486827,naltriben,True,8.0,3.0,5.0,True,4+ rings
l-838417,9908880.0,9.123192,2.0521753,9908880,l-838417,True,4.0,4.0,0.0,True,4+ rings
amg-548,11167112.0,9.593969,2.6076927,11167112,amg-548,True,5.0,5.0,0.0,True,4+ rings
zm-323881,16759369.0,9.341254,3.7258034,16759369,zm-323881,True,4.0,4.0,0.0,True,4+ rings
ftorafur,288216.0,9.127237,1.4298985,288216,ftorafur,True,2.0,1.0,1.0,True,2 rings
liarozole,76956376.0,9.0884695,2.2176259,76956376,liarozole,True,4.0,4.0,0.0,True,4+ rings
licochalcone-a,5318998.0,9.094037,2.820772,5318998,licochalcone-a,True,2.0,2.0,0.0,True,2 rings
aspartame,6992066.0,10.945803,2.4159193,6992066,aspartame,True,1.0,1.0,0.0,True,1 ring
jnj-10397049,9869934.0,9.852542,2.3724973,9869934,jnj-10397049,True,3.0,2.0,1.0,True,3 rings
meprylcaine,4065.0,10.441782,3.0029671,4065,meprylcaine,True,1.0,1.0,0.0,True,1 ring
rbc8,,8.864856,3.0242503,,rbc8,True,5.0,4.0,1.0,True,4+ rings
lifirafenib,89670174.0,8.987184,2.033041,89670174,lifirafenib,True,7.0,4.0,3.0,True,4+ rings
y-320,22227931.0,9.6684475,3.086306,22227931,y-320,True,5.0,3.0,2.0,True,4+ rings
isbufylline,65681.0,8.236569,1.1944962,65681,isbufylline,True,2.0,2.0,0.0,True,2 rings
dovitinib,135398510.0,8.725311,2.5393312,135398510,dovitinib,True,5.0,4.0,1.0,True,4+ rings
isosorbide,12597.0,9.254423,1.2708328,12597,isosorbide,True,2.0,0.0,2.0,True,2 rings
sb-228357,443390.0,9.395307,3.6501245,443390,sb-228357,True,4.0,3.0,1.0,True,4+ rings
lovastatin,53232.0,9.917362,1.5842645,53232,lovastatin,True,3.0,0.0,3.0,True,3 rings
furazolidone,5323714.0,8.368457,1.960224,5323714,furazolidone,True,2.0,1.0,1.0,True,2 rings
ym-976,6604918.0,9.073776,2.1385536,6604918,ym-976,True,3.0,3.0,0.0,True,3 rings
tryptanthrin,73549.0,9.06587,2.5571358,73549,tryptanthrin,True,4.0,3.0,1.0,True,4+ rings
alpha-d-glucopyranose,79025.0,9.735865,0.25012618,79025,alpha-d-glucopyranose,True,1.0,0.0,1.0,True,1 ring
vu0238429,42633508.0,8.928579,2.7867663,42633508,vu0238429,True,3.0,2.0,1.0,True,3 rings
prednisolone-hemisuccinate,656804.0,8.1783905,-0.9912997,656804,prednisolone-hemisuccinate,True,4.0,0.0,4.0,True,4+ rings
sobuzoxane,5233.0,10.191555,1.8296857,5233,sobuzoxane,True,2.0,0.0,2.0,True,2 rings
almotriptan,123606.0,11.471624,2.8689744,123606,almotriptan,True,3.0,2.0,1.0,True,3 rings
paramethadione,51380897.0,9.024428,1.5759953,51380897,paramethadione,True,1.0,0.0,1.0,True,1 ring
crenigacestat,71236992.0,9.75266,2.7722836,71236992,crenigacestat,True,3.0,2.0,1.0,True,3 rings
fevipiprant,23582412.0,10.097774,2.4819224,23582412,fevipiprant,True,3.0,3.0,0.0,True,3 rings
picrotin,,9.376374,1.3985864,,picrotin,True,5.0,0.0,5.0,True,4+ rings
dizocilpine-(-),6337640.0,9.289186,2.1038759,6337640,dizocilpine-(-),True,4.0,2.0,2.0,True,4+ rings
se-methylselenocysteine,45266674.0,11.127611,1.8516737,45266674,se-methylselenocysteine,True,0.0,0.0,0.0,False,0 rings
4-tert-butylphenol,7393.0,9.373937,2.377586,7393,4-tert-butylphenol,True,1.0,1.0,0.0,True,1 ring
mrk-016,6918583.0,9.065763,1.881952,6918583,mrk-016,True,4.0,4.0,0.0,True,4+ rings
tc-s-7005,24971422.0,10.41423,2.8695326,24971422,tc-s-7005,True,5.0,4.0,1.0,True,4+ rings
danazol,28417.0,8.438219,-0.2204643,28417,danazol,True,5.0,1.0,4.0,True,4+ rings
falecalcitriol,5282190.0,2.556843,2.4746382,5282190,falecalcitriol,True,3.0,0.0,3.0,True,3 rings
gw-405833,9911463.0,9.242932,3.4661531,9911463,gw-405833,True,4.0,3.0,1.0,True,4+ rings
dicyclohexylamine,7582.0,9.287645,1.7559831,7582,dicyclohexylamine,True,2.0,0.0,2.0,True,2 rings
telithromycin,,9.126302,0.7257602,,telithromycin,True,5.0,2.0,3.0,True,4+ rings
methylcobalamin,,10.4478,-0.5766164,,methylcobalamin,True,8.0,2.0,6.0,True,4+ rings
gw-438014a,6918627.0,10.13312,3.0315022,6918627,gw-438014a,True,4.0,4.0,0.0,True,4+ rings
dihydroartemisinin,3000518.0,9.236529,1.046439,3000518,dihydroartemisinin,True,5.0,0.0,5.0,True,4+ rings
bx-795,10077147.0,9.814694,3.2957544,10077147,bx-795,True,4.0,3.0,1.0,True,4+ rings
bay-w-9798,2167221.0,9.722771,2.4458349,2167221,bay-w-9798,True,2.0,1.0,1.0,True,2 rings
azd1390,126689157.0,9.405833,2.992271,126689157,azd1390,True,5.0,4.0,1.0,True,4+ rings
nadide,5893.0,10.419505,-0.5898094,5893,nadide,True,5.0,3.0,2.0,True,4+ rings
zset1446,10220323.0,9.302844,2.1821191,10220323,zset1446,True,4.0,1.0,3.0,True,4+ rings
sophocarpine,115269.0,9.023276,1.5993375,115269,sophocarpine,True,4.0,0.0,4.0,True,4+ rings
thiophanate,3032791.0,9.728773,3.1391625,3032791,thiophanate,True,1.0,1.0,0.0,True,1 ring
verapamil,2520.0,8.832717,3.321019,2520,verapamil,True,2.0,2.0,0.0,True,2 rings
tc-fpr-43,24776341.0,8.314253,3.2336876,24776341,tc-fpr-43,True,3.0,3.0,0.0,True,3 rings
dalfampridine,1727.0,9.073378,2.1916132,1727,dalfampridine,True,1.0,1.0,0.0,True,1 ring
dideoxyadenosine,20039.0,10.381502,-0.5398705,20039,dideoxyadenosine,True,3.0,2.0,1.0,True,3 rings
uc-112,3426979.0,8.835471,2.8214166,3426979,uc-112,True,4.0,3.0,1.0,True,4+ rings
5-hmf,237332.0,9.516599,1.818233,237332,5-hmf,True,1.0,1.0,0.0,True,1 ring
as-77,11302540.0,9.552867,2.2849753,11302540,as-77,True,4.0,4.0,0.0,True,4+ rings
tpca-1,9903786.0,9.871059,2.304675,9903786,tpca-1,True,2.0,2.0,0.0,True,2 rings
medrysone,247839.0,8.443025,-0.5613088,247839,medrysone,True,4.0,0.0,4.0,True,4+ rings
colistimethate,,10.362891,1.7622052,,colistimethate,True,1.0,0.0,1.0,True,1 ring
caffeic-acid,689043.0,9.01184,2.9454863,689043,caffeic-acid,True,1.0,1.0,0.0,True,1 ring
parcetasal,76961763.0,9.888567,3.4740362,76961763,parcetasal,True,3.0,2.0,1.0,True,3 rings
dyclonine,3180.0,9.979929,3.06979,3180,dyclonine,True,2.0,1.0,1.0,True,2 rings
tak-285,11620908.0,9.346269,3.8871796,11620908,tak-285,True,4.0,4.0,0.0,True,4+ rings
ilomastat,132519.0,11.608947,2.6985006,132519,ilomastat,True,2.0,2.0,0.0,True,2 rings
vicriviroc,3009355.0,9.642287,2.114978,3009355,vicriviroc,True,4.0,2.0,2.0,True,4+ rings
aminopentamide,176163.0,10.227017,2.4337516,176163,aminopentamide,True,2.0,2.0,0.0,True,2 rings
ax-024,56949412.0,8.898406,2.835162,56949412,ax-024,True,4.0,2.0,2.0,True,4+ rings
seratrodast,73346713.0,10.689973,1.7368004,73346713,seratrodast,True,2.0,1.0,1.0,True,2 rings
ccmq,3337816.0,9.981898,2.7430108,3337816,ccmq,True,2.0,2.0,0.0,True,2 rings
thz1,73602827.0,10.177732,3.501559,73602827,thz1,True,5.0,5.0,0.0,True,4+ rings
trequinsin,,8.877844,1.972172,,trequinsin,True,4.0,3.0,1.0,True,4+ rings
conivaptan,151171.0,9.902091,3.5044706,151171,conivaptan,True,6.0,5.0,1.0,True,4+ rings
urapidil,5639.0,9.78127,3.995892,5639,urapidil,True,3.0,2.0,1.0,True,3 rings
tropesin,12606305.0,9.256201,3.6285768,12606305,tropesin,True,4.0,4.0,0.0,True,4+ rings
ns-8,10176749.0,9.228883,2.2779195,10176749,ns-8,True,2.0,2.0,0.0,True,2 rings
7-keto-dhea,9798229.0,8.848308,-0.015364663,9798229,7-keto-dhea,True,4.0,0.0,4.0,True,4+ rings
pozanicline,178052.0,9.036925,2.0797775,178052,pozanicline,True,2.0,1.0,1.0,True,2 rings
citarinostat,53340426.0,10.206407,2.794638,53340426,citarinostat,True,3.0,3.0,0.0,True,3 rings
meldonium,123869.0,10.531878,1.8380189,123869,meldonium,True,0.0,0.0,0.0,False,0 rings
eltrombopag,,9.567616,2.6985307,,eltrombopag,True,4.0,3.0,1.0,True,4+ rings
fipi,16739265.0,10.210225,3.9351106,16739265,fipi,True,5.0,4.0,1.0,True,4+ rings
bromocriptine,31101.0,11.020594,2.7579777,31101,bromocriptine,True,7.0,2.0,5.0,True,4+ rings
otx015,9936746.0,9.564524,3.1223204,9936746,otx015,True,5.0,4.0,1.0,True,4+ rings
3-bromo-7-nitroindazole,1649.0,8.542392,2.0857859,1649,3-bromo-7-nitroindazole,True,2.0,2.0,0.0,True,2 rings
u-18666a,9954083.0,8.839911,-0.10776223,9954083,u-18666a,True,4.0,0.0,4.0,True,4+ rings
isoflupredone-acetate,224246.0,8.061414,-1.1465377,224246,isoflupredone-acetate,True,4.0,0.0,4.0,True,4+ rings
rociletinib,57335384.0,8.536891,3.7840838,57335384,rociletinib,True,4.0,3.0,1.0,True,4+ rings
pf-06447475,72706840.0,8.973275,2.324348,72706840,pf-06447475,True,4.0,3.0,1.0,True,4+ rings
tafamidis-meglumine,11001318.0,9.907632,2.6089368,11001318,tafamidis-meglumine,True,3.0,3.0,0.0,True,3 rings
sildenafil,135398744.0,8.624362,2.288164,135398744,sildenafil,True,4.0,3.0,1.0,True,4+ rings
tedizolid,11234049.0,9.829107,1.4398192,11234049,tedizolid,True,4.0,3.0,1.0,True,4+ rings
zaltoprofen,13306545.0,10.789726,2.605366,13306545,zaltoprofen,True,3.0,2.0,1.0,True,3 rings
cl-225385,64799.0,10.255564,2.767196,64799,cl-225385,True,1.0,1.0,0.0,True,1 ring
gabapentin,6919078.0,10.383657,1.8215836,6919078,gabapentin,True,1.0,0.0,1.0,True,1 ring
aut-1,53230344.0,8.894845,2.0118477,53230344,aut-1,True,3.0,2.0,1.0,True,3 rings
norelgestromin,9568628.0,8.44027,-0.15004784,9568628,norelgestromin,True,4.0,0.0,4.0,True,4+ rings
narlaprevir,11857239.0,10.537959,1.4825581,11857239,narlaprevir,True,4.0,0.0,4.0,True,4+ rings
sulfathiazole,5340.0,8.300758,2.7127664,5340,sulfathiazole,True,2.0,2.0,0.0,True,2 rings
ethenzamide,3282.0,10.192079,3.0719836,3282,ethenzamide,True,1.0,1.0,0.0,True,1 ring
roxithromycin,,9.150312,0.67378026,,roxithromycin,True,3.0,0.0,3.0,True,3 rings
colistin,,10.696834,1.7466271,,colistin,True,1.0,0.0,1.0,True,1 ring
procyclidine,3044369.0,8.921614,3.0018625,3044369,procyclidine,True,2.0,2.0,0.0,True,2 rings
suramin,5361.0,9.833396,3.395987,5361,suramin,True,8.0,8.0,0.0,True,4+ rings
miw-815,,10.384205,-0.5650983,,miw-815,True,7.0,4.0,3.0,True,4+ rings
rosmarinic-acid,5281792.0,10.670299,2.3853915,5281792,rosmarinic-acid,True,2.0,2.0,0.0,True,2 rings
troglitazone,9824580.0,10.282705,2.209324,9824580,troglitazone,True,4.0,2.0,2.0,True,4+ rings
"benzenemethanol,-2,5-dimethyl-[[(1-methylethyl)amino]methyl]",92279095.0,11.02026,3.0682135,92279095,"benzenemethanol,-2,5-dimethyl-[[(1-methylethyl)amino]methyl]",True,1.0,1.0,0.0,True,1 ring
azosemide,2273.0,8.513918,2.3430312,2273,azosemide,True,3.0,3.0,0.0,True,3 rings
trabodenoson,11610599.0,10.404978,-0.62357014,11610599,trabodenoson,True,4.0,2.0,2.0,True,4+ rings
verteporfin,,10.655855,1.7197729,,verteporfin,True,6.0,2.0,4.0,True,4+ rings
ricinoleic-acid,643684.0,11.143492,1.187181,643684,ricinoleic-acid,True,0.0,0.0,0.0,False,0 rings
padsevonil,52911611.0,9.238878,1.7583961,52911611,padsevonil,True,3.0,2.0,1.0,True,3 rings
palmitoylethanolamide,4671.0,10.750402,1.3799946,4671,palmitoylethanolamide,True,0.0,0.0,0.0,False,0 rings
tram-39,9861261.0,9.4859,2.279729,9861261,tram-39,True,3.0,3.0,0.0,True,3 rings
sclareolide,929262.0,9.108244,1.1869941,929262,sclareolide,True,3.0,0.0,3.0,True,3 rings
probucol,4912.0,8.62584,1.9681052,4912,probucol,True,2.0,2.0,0.0,True,2 rings
alvimopan,5488548.0,10.477612,2.5197127,5488548,alvimopan,True,3.0,2.0,1.0,True,3 rings
lidocaine,3676.0,10.096949,3.63525,3676,lidocaine,True,1.0,1.0,0.0,True,1 ring
6-diazo-5-oxo-l-norleucine,73707377.0,11.186584,1.8190771,73707377,6-diazo-5-oxo-l-norleucine,True,0.0,0.0,0.0,False,0 rings
gsk37647,743974.0,8.52654,2.8101737,743974,gsk37647,True,2.0,2.0,0.0,True,2 rings
valbenazine,24795069.0,8.678393,3.2412853,24795069,valbenazine,True,3.0,1.0,2.0,True,3 rings
azd9496,86287635.0,9.297114,2.9236238,86287635,azd9496,True,4.0,3.0,1.0,True,4+ rings
mln1117,70798655.0,9.228269,2.2229464,70798655,mln1117,True,5.0,4.0,1.0,True,4+ rings
gsk2334470,46215815.0,9.278805,1.8481344,46215815,gsk2334470,True,5.0,3.0,2.0,True,4+ rings
tetradecylthioacetic-acid,114924.0,10.95512,1.3992655,114924,tetradecylthioacetic-acid,True,0.0,0.0,0.0,False,0 rings
florfenicol,114811.0,10.154579,1.7105421,114811,florfenicol,True,1.0,1.0,0.0,True,1 ring
hydralazine,9351.0,9.254234,2.420781,9351,hydralazine,True,2.0,2.0,0.0,True,2 rings
av-608,9917079.0,9.861293,3.1342607,9917079,av-608,True,5.0,4.0,1.0,True,4+ rings
l-741742,133008.0,9.82717,3.2166436,133008,l-741742,True,4.0,3.0,1.0,True,4+ rings
rhodamine-123,,10.072538,2.784467,,rhodamine-123,True,4.0,4.0,0.0,True,4+ rings
sib-1757,132466061.0,9.744342,2.693033,132466061,sib-1757,True,2.0,1.0,1.0,True,2 rings
olanzapine,135398745.0,8.864625,2.8968716,135398745,olanzapine,True,4.0,2.0,2.0,True,4+ rings
tak-593,24767976.0,9.625522,2.1456454,24767976,tak-593,True,5.0,4.0,1.0,True,4+ rings
clopamide,12492.0,9.684506,2.5090764,12492,clopamide,True,2.0,1.0,1.0,True,2 rings
isaxonine,71169.0,9.110625,2.5889895,71169,isaxonine,True,1.0,1.0,0.0,True,1 ring
ebpc,6919079.0,10.598428,2.634981,6919079,ebpc,True,2.0,1.0,1.0,True,2 rings
cefpirome,6917675.0,13.426997,1.5251784,6917675,cefpirome,True,5.0,2.0,3.0,True,4+ rings
kt-433,3874929.0,10.252946,2.750856,3874929,kt-433,True,3.0,3.0,0.0,True,3 rings
l-proline,6971047.0,9.883638,1.6395127,6971047,l-proline,True,1.0,0.0,1.0,True,1 ring
benethamine,65055.0,9.960006,2.8134623,65055,benethamine,True,2.0,2.0,0.0,True,2 rings
napabucasin,10331844.0,9.409675,2.6159525,10331844,napabucasin,True,3.0,2.0,1.0,True,3 rings
erdafitinib,67462786.0,8.88995,2.6225553,67462786,erdafitinib,True,4.0,4.0,0.0,True,4+ rings
a77636,,9.569147,1.6461551,,a77636,True,6.0,1.0,5.0,True,4+ rings
sulmetozine,65790.0,8.903978,3.2256222,65790,sulmetozine,True,2.0,1.0,1.0,True,2 rings
ro-5126766,16719221.0,9.187506,2.3455777,16719221,ro-5126766,True,4.0,4.0,0.0,True,4+ rings
lasmiditan,11610526.0,9.812036,3.1990275,11610526,lasmiditan,True,3.0,2.0,1.0,True,3 rings
rg1530,,9.096054,2.1915126,,rg1530,True,4.0,2.0,2.0,True,4+ rings
malathion,12358970.0,10.066494,1.826633,12358970,malathion,True,0.0,0.0,0.0,False,0 rings
mavoglurant,9926832.0,9.667037,2.6074917,9926832,mavoglurant,True,3.0,1.0,2.0,True,3 rings
traxoprodil,219101.0,10.3423605,2.7966783,219101,traxoprodil,True,3.0,2.0,1.0,True,3 rings
sorafenib,216239.0,9.728156,3.5589054,216239,sorafenib,True,3.0,3.0,0.0,True,3 rings
tannic-acid,16129778.0,9.709882,2.0948143,16129778,tannic-acid,True,11.0,10.0,1.0,True,4+ rings
bunazosin,2472.0,8.769534,4.2687106,2472,bunazosin,True,3.0,2.0,1.0,True,3 rings
caroxazone,29083.0,9.681153,2.2031746,29083,caroxazone,True,2.0,1.0,1.0,True,2 rings
1-phenylbiguanide,4780.0,9.825307,2.5030437,4780,1-phenylbiguanide,True,1.0,1.0,0.0,True,1 ring
cw-008,59528098.0,9.374126,3.252258,59528098,cw-008,True,5.0,5.0,0.0,True,4+ rings
chf5074,9996409.0,10.289207,2.3380742,9996409,chf5074,True,3.0,2.0,1.0,True,3 rings
betamethasone-butyrate-propionate,71470.0,8.022266,-1.1998944,71470,betamethasone-butyrate-propionate,True,4.0,0.0,4.0,True,4+ rings
suprofen,688581.0,10.782561,2.4860203,688581,suprofen,True,2.0,2.0,0.0,True,2 rings
bromebric-acid,5284375.0,9.086766,3.0884285,5284375,bromebric-acid,True,1.0,1.0,0.0,True,1 ring
propagermanium,83030.0,10.50473,1.8508265,83030,propagermanium,True,0.0,0.0,0.0,False,0 rings
cardionogen-1,663145.0,9.169916,1.7766033,663145,cardionogen-1,True,4.0,3.0,1.0,True,4+ rings
flurizan,92337.0,10.756306,2.6255949,92337,flurizan,True,2.0,2.0,0.0,True,2 rings
benznidazole,31593.0,10.089374,2.8870504,31593,benznidazole,True,2.0,2.0,0.0,True,2 rings
torin-1,49836027.0,9.158973,2.5337372,49836027,torin-1,True,7.0,6.0,1.0,True,4+ rings
pyridoxal-isonicotinoyl-hydrazone,135409539.0,9.451393,1.976547,135409539,pyridoxal-isonicotinoyl-hydrazone,True,2.0,2.0,0.0,True,2 rings
pf-3845,25154867.0,9.550888,3.6328125,25154867,pf-3845,True,4.0,3.0,1.0,True,4+ rings
methyl-nicotinate,7151.0,9.476281,3.5749862,7151,methyl-nicotinate,True,1.0,1.0,0.0,True,1 ring
gw-583340,5329480.0,9.053761,4.078325,5329480,gw-583340,True,5.0,5.0,0.0,True,4+ rings
unc0631,53315868.0,8.807829,4.3070364,53315868,unc0631,True,6.0,2.0,4.0,True,4+ rings
hydroquinidine,91503.0,8.151717,3.6175125,91503,hydroquinidine,True,5.0,2.0,3.0,True,4+ rings
etp-45658,25229608.0,9.242281,2.7139773,25229608,etp-45658,True,4.0,3.0,1.0,True,4+ rings
sincalide,9833444.0,11.590511,2.6481066,9833444,sincalide,True,4.0,4.0,0.0,True,4+ rings
ci-923,76971447.0,9.570292,2.4926555,76971447,ci-923,True,3.0,2.0,1.0,True,3 rings
valganciclovir,135483663.0,10.455634,-0.08789205,135483663,valganciclovir,True,2.0,2.0,0.0,True,2 rings
promestriene,9883915.0,8.32195,-0.13483335,9883915,promestriene,True,4.0,1.0,3.0,True,4+ rings
mephenytoin,107921.0,9.613405,2.3963714,107921,mephenytoin,True,2.0,1.0,1.0,True,2 rings
iohexol,6604427.0,10.080265,1.2403629,6604427,iohexol,True,1.0,1.0,0.0,True,1 ring
elafibranor,9864881.0,9.269596,3.0704744,9864881,elafibranor,True,2.0,2.0,0.0,True,2 rings
bms-983970,73388374.0,9.803924,2.7124562,73388374,bms-983970,True,4.0,2.0,2.0,True,4+ rings
ginsenoside-re,441921.0,9.621086,0.34011316,441921,ginsenoside-re,True,7.0,0.0,7.0,True,4+ rings
stf-118804,20916937.0,9.431413,3.6281197,20916937,stf-118804,True,4.0,4.0,0.0,True,4+ rings
resiquimod,159603.0,9.516174,2.3168461,159603,resiquimod,True,3.0,3.0,0.0,True,3 rings
nan-190,4431.0,9.709142,3.9298067,4431,nan-190,True,4.0,2.0,2.0,True,4+ rings
halofantrine,36688213.0,10.497359,1.3265071,36688213,halofantrine,True,3.0,3.0,0.0,True,3 rings
flurofamide,51173.0,9.7867565,3.1790295,51173,flurofamide,True,1.0,1.0,0.0,True,1 ring
pimavanserin,10071196.0,10.888481,3.7587407,10071196,pimavanserin,True,3.0,2.0,1.0,True,3 rings
phenazone,2206.0,8.566745,3.009646,2206,phenazone,True,2.0,2.0,0.0,True,2 rings
indeloxazine,67212739.0,9.271391,1.8864892,67212739,indeloxazine,True,3.0,1.0,2.0,True,3 rings
kpt-9274,117779453.0,9.389277,3.140042,117779453,kpt-9274,True,6.0,5.0,1.0,True,4+ rings
clindamycin-phosphate,443385.0,10.092867,1.3998848,443385,clindamycin-phosphate,True,2.0,0.0,2.0,True,2 rings
leniolisib,57495353.0,9.854434,1.971297,57495353,leniolisib,True,4.0,2.0,2.0,True,4+ rings
darolutamide,121489720.0,10.271829,1.8873911,121489720,darolutamide,True,3.0,3.0,0.0,True,3 rings
alfadolone-acetate,24733.0,8.830513,-0.13318056,24733,alfadolone-acetate,True,4.0,0.0,4.0,True,4+ rings
idronoxil,219100.0,9.440582,2.4424136,219100,idronoxil,True,3.0,2.0,1.0,True,3 rings
pd-118057,9864959.0,10.120639,3.2764473,9864959,pd-118057,True,3.0,3.0,0.0,True,3 rings
cep-33779,57336812.0,8.846478,2.580497,57336812,cep-33779,True,5.0,4.0,1.0,True,4+ rings
mrk-409,22609888.0,9.158628,2.0471463,22609888,mrk-409,True,5.0,4.0,1.0,True,4+ rings
ubp-302,6420161.0,11.221619,1.8861924,6420161,ubp-302,True,2.0,2.0,0.0,True,2 rings
clindamycin-palmitate,16052039.0,10.800056,1.2855469,16052039,clindamycin-palmitate,True,2.0,0.0,2.0,True,2 rings
td139,73774610.0,9.75837,0.39010707,73774610,td139,True,6.0,4.0,2.0,True,4+ rings
succinic-acid,21952380.0,10.326463,1.9300157,21952380,succinic-acid,True,0.0,0.0,0.0,False,0 rings
bms-986142,86582336.0,9.319966,2.3653774,86582336,bms-986142,True,6.0,5.0,1.0,True,4+ rings
difenpiramide,100472.0,9.723984,3.0961318,100472,difenpiramide,True,3.0,3.0,0.0,True,3 rings
brincidofovir,483477.0,10.627134,1.2216157,483477,brincidofovir,True,1.0,1.0,0.0,True,1 ring
hexetidine,,10.476863,1.250388,,hexetidine,True,1.0,0.0,1.0,True,1 ring
riboflavin-5-phosphate-sodium,643976.0,10.025305,1.151754,643976,riboflavin-5-phosphate-sodium,True,3.0,1.0,2.0,True,3 rings
sacubitril,9811834.0,10.78091,2.3975306,9811834,sacubitril,True,2.0,2.0,0.0,True,2 rings
benztropine-mesylate,,10.541678,3.0090916,,benztropine-mesylate,True,4.0,2.0,2.0,True,4+ rings
dihomo-gamma-linolenic-acid,5280581.0,11.166402,1.145328,5280581,dihomo-gamma-linolenic-acid,True,0.0,0.0,0.0,False,0 rings
pyrazoloacridine,,8.606475,2.4221344,,pyrazoloacridine,True,4.0,3.0,1.0,True,4+ rings
gnf-5,44129660.0,9.916969,2.8638654,44129660,gnf-5,True,3.0,3.0,0.0,True,3 rings
ritanserin,5074.0,10.085322,3.690984,5074,ritanserin,True,5.0,4.0,1.0,True,4+ rings
alda-1,831629.0,9.3201885,2.8517034,831629,alda-1,True,3.0,2.0,1.0,True,3 rings
freselestat,46936829.0,10.352132,2.339169,46936829,freselestat,True,3.0,3.0,0.0,True,3 rings
cgp-57380,11644425.0,8.895783,1.8922391,11644425,cgp-57380,True,3.0,3.0,0.0,True,3 rings
erythromycin-estolate,,9.186818,0.6982503,,erythromycin-estolate,True,3.0,0.0,3.0,True,3 rings
verucerfont,11596613.0,8.893476,2.342442,11596613,verucerfont,True,4.0,4.0,0.0,True,4+ rings
toltrazuril,68591.0,9.0422325,1.8410704,68591,toltrazuril,True,3.0,3.0,0.0,True,3 rings
20-hete,5283157.0,11.161961,1.1784775,5283157,20-hete,True,0.0,0.0,0.0,False,0 rings
nbqx,3272524.0,8.498411,2.2105684,3272524,nbqx,True,3.0,3.0,0.0,True,3 rings
tirofiban,60947.0,10.844529,2.3361065,60947,tirofiban,True,2.0,1.0,1.0,True,2 rings
amg-337,44181686.0,8.72014,1.7297047,44181686,amg-337,True,5.0,5.0,0.0,True,4+ rings
florifenine,216222.0,10.335242,3.3852673,216222,florifenine,True,4.0,3.0,1.0,True,4+ rings
sdz-nkt-343,9851211.0,10.93008,2.3813894,9851211,sdz-nkt-343,True,5.0,4.0,1.0,True,4+ rings
bax-channel-blocker,981054.0,9.444583,2.0356755,981054,bax-channel-blocker,True,4.0,3.0,1.0,True,4+ rings
cb-839,71577426.0,9.833382,2.98532,71577426,cb-839,True,4.0,4.0,0.0,True,4+ rings
zk-93426,115210.0,10.637679,2.7578366,115210,zk-93426,True,3.0,3.0,0.0,True,3 rings
phytonadione,5284607.0,9.508271,2.463425,5284607,phytonadione,True,2.0,1.0,1.0,True,2 rings
xl041,49787490.0,9.255565,2.1521103,49787490,xl041,True,4.0,4.0,0.0,True,4+ rings
parbendazole,26596.0,7.9263763,2.8353846,26596,parbendazole,True,2.0,2.0,0.0,True,2 rings
cinaciguat,9808022.0,10.372774,2.5566602,9808022,cinaciguat,True,4.0,4.0,0.0,True,4+ rings
u-50488-(-),6604724.0,9.343001,2.6228864,6604724,u-50488-(-),True,3.0,1.0,2.0,True,3 rings
emd-386088,10131112.0,9.217018,1.9811357,10131112,emd-386088,True,3.0,2.0,1.0,True,3 rings
cortodoxone,440707.0,8.369732,-0.64922446,440707,cortodoxone,True,4.0,0.0,4.0,True,4+ rings
sotrastaurin,10296883.0,11.240704,2.9194527,10296883,sotrastaurin,True,6.0,4.0,2.0,True,4+ rings
bay-60-6583,11717831.0,9.658143,2.0029628,11717831,bay-60-6583,True,3.0,2.0,1.0,True,3 rings
sq-22536,22879197.0,10.313084,-0.4333027,22879197,sq-22536,True,3.0,2.0,1.0,True,3 rings
phensuximide,6604215.0,9.357468,2.3871903,6604215,phensuximide,True,2.0,1.0,1.0,True,2 rings
anandamide,5281969.0,11.164159,1.1759967,5281969,anandamide,True,0.0,0.0,0.0,False,0 rings
pralidoxime,4884.0,9.415247,2.2420897,4884,pralidoxime,True,1.0,1.0,0.0,True,1 ring
tafenoquine,76969188.0,9.078874,3.024234,76969188,tafenoquine,True,3.0,3.0,0.0,True,3 rings
zaltidine,56051.0,9.466857,1.9002936,56051,zaltidine,True,2.0,2.0,0.0,True,2 rings
ots514,67448836.0,9.799487,2.1856353,67448836,ots514,True,4.0,4.0,0.0,True,4+ rings
cefoxitin,441199.0,13.234417,1.6022849,441199,cefoxitin,True,3.0,1.0,2.0,True,3 rings
gyki-52466,3538.0,8.733924,2.3823698,3538,gyki-52466,True,4.0,2.0,2.0,True,4+ rings
gw-2580,11617559.0,8.741202,3.1775215,11617559,gw-2580,True,3.0,3.0,0.0,True,3 rings
formestane,,8.84947,-0.045755036,,formestane,True,4.0,0.0,4.0,True,4+ rings
l-methionine,6992087.0,11.208585,1.8370575,6992087,l-methionine,True,0.0,0.0,0.0,False,0 rings
nornicotine,93047.0,9.208255,3.3795018,93047,nornicotine,True,2.0,1.0,1.0,True,2 rings
idoxuridine,5905.0,10.749041,-0.8662924,5905,idoxuridine,True,2.0,1.0,1.0,True,2 rings
quinapril,54892.0,11.198071,2.4073303,54892,quinapril,True,3.0,2.0,1.0,True,3 rings
l-leucine,7045798.0,11.0089855,1.884586,7045798,l-leucine,True,0.0,0.0,0.0,False,0 rings
sal003,2252542.0,9.560881,2.97296,2252542,sal003,True,2.0,2.0,0.0,True,2 rings
vorinostat,5311.0,10.149989,3.1369338,5311,vorinostat,True,1.0,1.0,0.0,True,1 ring
calhex-231,11849514.0,10.117157,2.8318727,11849514,calhex-231,True,4.0,3.0,1.0,True,4+ rings
eprobemide,65659.0,9.652376,3.2479727,65659,eprobemide,True,2.0,1.0,1.0,True,2 rings
tba-354,49836057.0,8.762795,1.739882,49836057,tba-354,True,4.0,3.0,1.0,True,4+ rings
pyrotinib,51039030.0,9.2901945,3.8288321,51039030,pyrotinib,True,5.0,4.0,1.0,True,4+ rings
cct-031374,2853753.0,9.951663,2.6597683,2853753,cct-031374,True,5.0,3.0,2.0,True,4+ rings
balofloxacin,40490624.0,12.194168,0.671837,40490624,balofloxacin,True,4.0,2.0,2.0,True,4+ rings
mm-206,102514675.0,9.532235,2.5776322,102514675,mm-206,True,4.0,4.0,0.0,True,4+ rings
bosentan,104865.0,8.28477,2.780036,104865,bosentan,True,4.0,4.0,0.0,True,4+ rings
potassium-p-aminobenzoate,978.0,10.019026,2.5768611,978,potassium-p-aminobenzoate,True,1.0,1.0,0.0,True,1 ring
bendroflumethiazide,9845085.0,8.31152,2.3030605,9845085,bendroflumethiazide,True,3.0,2.0,1.0,True,3 rings
le-135,10410894.0,10.186959,3.7112613,10410894,le-135,True,5.0,3.0,2.0,True,4+ rings
nortriptyline,4543.0,9.025632,3.4906747,4543,nortriptyline,True,3.0,2.0,1.0,True,3 rings
gw-843682x,9826308.0,9.868316,2.855059,9826308,gw-843682x,True,4.0,4.0,0.0,True,4+ rings
avex-73,76968108.0,9.540021,2.421224,76968108,avex-73,True,3.0,2.0,1.0,True,3 rings
bifemelane,2377.0,10.0961275,2.9685733,2377,bifemelane,True,2.0,2.0,0.0,True,2 rings
dipyrocetyl,68093.0,10.048534,3.1552992,68093,dipyrocetyl,True,1.0,1.0,0.0,True,1 ring
glpg0492-r-enantiomer,59317173.0,9.720899,2.2458231,59317173,glpg0492-r-enantiomer,True,3.0,2.0,1.0,True,3 rings
ly2811376,44251605.0,9.09426,1.9603679,44251605,ly2811376,True,3.0,2.0,1.0,True,3 rings
unc0642,53315878.0,8.814571,4.334636,53315878,unc0642,True,5.0,2.0,3.0,True,4+ rings
k-858,686905.0,9.95433,3.0651927,686905,k-858,True,2.0,1.0,1.0,True,2 rings
caccinh-a01,747218.0,10.153217,2.4448922,747218,caccinh-a01,True,3.0,2.0,1.0,True,3 rings
gsk3117391,53630042.0,10.1938925,2.0668476,53630042,gsk3117391,True,3.0,1.0,2.0,True,3 rings
crt0044876,81409.0,8.584584,2.2418246,81409,crt0044876,True,2.0,2.0,0.0,True,2 rings
homoquinolinic-acid,3080554.0,10.02731,2.464674,3080554,homoquinolinic-acid,True,1.0,1.0,0.0,True,1 ring
dimesna,65626.0,9.663883,1.6406925,65626,dimesna,True,0.0,0.0,0.0,False,0 rings
pk-11195,24839733.0,9.747263,2.4243422,24839733,pk-11195,True,3.0,3.0,0.0,True,3 rings
amibegron,3035442.0,10.537644,2.9845552,3035442,amibegron,True,3.0,2.0,1.0,True,3 rings
coenzyme-a,87642.0,10.403388,-0.58821523,87642,coenzyme-a,True,3.0,2.0,1.0,True,3 rings
atenolol-(+),180559.0,10.8812065,3.7653484,180559,atenolol-(+),True,1.0,1.0,0.0,True,1 ring
8-m-pdot,92211535.0,9.812005,2.6061099,92211535,8-m-pdot,True,2.0,1.0,1.0,True,2 rings
ic261,5288600.0,9.188037,2.940338,5288600,ic261,True,3.0,2.0,1.0,True,3 rings
kainic-acid,44338126.0,10.540942,1.7322385,44338126,kainic-acid,True,1.0,0.0,1.0,True,1 ring
acetriazoic-acid,6806.0,10.097557,1.821093,6806,acetriazoic-acid,True,1.0,1.0,0.0,True,1 ring
piroctone-olamine,38988592.0,9.591947,1.585233,38988592,piroctone-olamine,True,1.0,1.0,0.0,True,1 ring
diphenyleneiodonium,,9.287657,2.5261106,,diphenyleneiodonium,True,3.0,2.0,1.0,True,3 rings
sofosbuvir,45375808.0,10.541437,-0.47507858,45375808,sofosbuvir,True,3.0,2.0,1.0,True,3 rings
snap-5089,10326374.0,12.206783,4.167283,10326374,snap-5089,True,5.0,3.0,2.0,True,4+ rings
arry-334543,42642648.0,9.027202,4.125829,42642648,arry-334543,True,5.0,4.0,1.0,True,4+ rings
epalrestat,1549120.0,10.108503,2.303821,1549120,epalrestat,True,2.0,1.0,1.0,True,2 rings
nsc-4644,72326.0,9.471065,1.1391784,72326,nsc-4644,True,5.0,0.0,5.0,True,4+ rings
piperacetazine,19675.0,8.73596,3.9779778,19675,piperacetazine,True,4.0,2.0,2.0,True,4+ rings
ml10302,5311299.0,10.4691,3.752506,5311299,ml10302,True,2.0,1.0,1.0,True,2 rings
cinchocaine,3025.0,10.534022,3.516065,3025,cinchocaine,True,2.0,2.0,0.0,True,2 rings
telatinib,9808844.0,9.665185,3.2615583,9808844,telatinib,True,4.0,4.0,0.0,True,4+ rings
dmp-777,177992.0,9.418981,2.6468,177992,dmp-777,True,5.0,2.0,3.0,True,4+ rings
avadomide,24967954.0,8.917244,2.2232397,24967954,avadomide,True,3.0,2.0,1.0,True,3 rings
sr-11302,9976842.0,10.49784,0.61823595,9976842,sr-11302,True,2.0,1.0,1.0,True,2 rings
estropipate,3001028.0,8.368143,-0.13012429,3001028,estropipate,True,4.0,1.0,3.0,True,4+ rings
mm77,3994476.0,9.69015,3.9543905,3994476,mm77,True,3.0,1.0,2.0,True,3 rings
ganoderic-acid-a,471002.0,10.619425,1.7800988,471002,ganoderic-acid-a,True,4.0,0.0,4.0,True,4+ rings
wehi-345-analog,56602558.0,9.043308,2.4196637,56602558,wehi-345-analog,True,4.0,4.0,0.0,True,4+ rings
pf-05190457,58438464.0,9.607247,2.068181,58438464,pf-05190457,True,7.0,4.0,3.0,True,4+ rings
alcaftadine,19371515.0,9.092636,2.8145456,19371515,alcaftadine,True,4.0,2.0,2.0,True,4+ rings
f-16915,14671646.0,9.408866,3.556567,14671646,f-16915,True,1.0,1.0,0.0,True,1 ring
dmeob,6891506.0,8.993874,2.9495058,6891506,dmeob,True,2.0,2.0,0.0,True,2 rings
hypericin,,9.455467,2.0119615,,hypericin,True,8.0,8.0,0.0,True,4+ rings
cariporide,151172.0,10.0067835,1.9891615,151172,cariporide,True,1.0,1.0,0.0,True,1 ring
sisomicin-sulfate,36119.0,9.5463705,0.34600097,36119,sisomicin-sulfate,True,3.0,0.0,3.0,True,3 rings
linopirdine,3932.0,9.6276865,2.730721,3932,linopirdine,True,5.0,4.0,1.0,True,4+ rings
zeatin,449093.0,8.641397,1.6555009,449093,zeatin,True,2.0,2.0,0.0,True,2 rings
vecabrutinib,72547837.0,9.750707,1.9610251,72547837,vecabrutinib,True,4.0,2.0,2.0,True,4+ rings
tmc647055,44556044.0,9.063541,2.4750724,44556044,tmc647055,True,6.0,3.0,3.0,True,4+ rings
ci-976,122327.0,10.811742,1.2096419,122327,ci-976,True,1.0,1.0,0.0,True,1 ring
2-pmdq,,9.373643,2.7296848,,2-pmdq,True,5.0,2.0,3.0,True,4+ rings
4-mu-8c,12934390.0,9.411522,2.1097376,12934390,4-mu-8c,True,2.0,2.0,0.0,True,2 rings
etafenone,3275.0,10.488889,3.1631866,3275,etafenone,True,2.0,2.0,0.0,True,2 rings
jw-67,644733.0,9.220872,2.2249563,644733,jw-67,True,6.0,2.0,4.0,True,4+ rings
2'-c-methylguanosine,135433495.0,10.473767,-0.47805163,135433495,2'-c-methylguanosine,True,3.0,2.0,1.0,True,3 rings
2-fluoro-2-deoxy-d-galactose,445913.0,9.767305,0.2677373,445913,2-fluoro-2-deoxy-d-galactose,True,1.0,0.0,1.0,True,1 ring
naproxen,156391.0,9.195168,3.140696,156391,naproxen,True,2.0,2.0,0.0,True,2 rings
azd5438,16747683.0,8.678315,2.448144,16747683,azd5438,True,3.0,3.0,0.0,True,3 rings
loperamide,3955.0,10.125971,2.8949761,3955,loperamide,True,4.0,3.0,1.0,True,4+ rings
lumateperone,21302490.0,10.248862,3.847018,21302490,lumateperone,True,5.0,2.0,3.0,True,4+ rings
ronidazole,5094.0,8.7422905,1.4821261,5094,ronidazole,True,1.0,1.0,0.0,True,1 ring
tenylidone,1550999.0,9.092824,2.0327532,1550999,tenylidone,True,3.0,2.0,1.0,True,3 rings
carboxyamidotriazole,108144.0,10.051994,2.3727825,108144,carboxyamidotriazole,True,3.0,3.0,0.0,True,3 rings
ki-8751,11317348.0,9.272172,3.9406967,11317348,ki-8751,True,4.0,4.0,0.0,True,4+ rings
fudosteine,36689154.0,11.219937,1.8047336,36689154,fudosteine,True,0.0,0.0,0.0,False,0 rings
palifosfamide,100427.0,9.75344,1.4280753,100427,palifosfamide,True,0.0,0.0,0.0,False,0 rings
nolatrexed,135400184.0,8.923867,1.9724312,135400184,nolatrexed,True,3.0,3.0,0.0,True,3 rings
gsk-j5,78243729.0,9.506441,3.6101382,78243729,gsk-j5,True,4.0,3.0,1.0,True,4+ rings
lx1031,23633604.0,10.929783,2.3694153,23633604,lx1031,True,4.0,4.0,0.0,True,4+ rings
pd1-pdl-inhibitor-1,91663303.0,9.63402,2.8427844,91663303,pd1-pdl-inhibitor-1,True,4.0,3.0,1.0,True,4+ rings
isovaleramide,10930.0,10.298116,1.7710744,10930,isovaleramide,True,0.0,0.0,0.0,False,0 rings
sonepiprazole,133079.0,8.808968,2.5021112,133079,sonepiprazole,True,4.0,2.0,2.0,True,4+ rings
trigonelline,5571.0,10.036394,2.6664562,5571,trigonelline,True,1.0,1.0,0.0,True,1 ring
camphor-(1r),5284500.0,9.115949,1.0349686,5284500,camphor-(1r),True,2.0,0.0,2.0,True,2 rings
doxifluridine,18343.0,10.6544485,-0.6401755,18343,doxifluridine,True,2.0,1.0,1.0,True,2 rings
trv130,66553195.0,9.267822,3.0343769,66553195,trv130,True,4.0,2.0,2.0,True,4+ rings
troxipide,40467000.0,8.949561,3.371069,40467000,troxipide,True,2.0,1.0,1.0,True,2 rings
lanabecestat,,9.016292,2.0093012,,lanabecestat,True,5.0,2.0,3.0,True,4+ rings
sucralose,71485.0,9.737398,0.25154895,71485,sucralose,True,2.0,0.0,2.0,True,2 rings
wb-4101,13305910.0,9.268392,2.3460298,13305910,wb-4101,True,3.0,2.0,1.0,True,3 rings
sp-420,135511704.0,9.567011,2.5974197,135511704,sp-420,True,2.0,1.0,1.0,True,2 rings
blebbistatin-(-),5287792.0,8.892433,2.8047304,5287792,blebbistatin-(-),True,4.0,2.0,2.0,True,4+ rings
tc-ot-39,135413563.0,9.364119,2.6829855,135413563,tc-ot-39,True,6.0,3.0,3.0,True,4+ rings
rosiptor,76965484.0,8.928231,0.18733741,76965484,rosiptor,True,3.0,0.0,3.0,True,3 rings
rebamipide,969464.0,11.163956,2.7576838,969464,rebamipide,True,3.0,3.0,0.0,True,3 rings
diflunisal,3059.0,10.254433,2.392023,3059,diflunisal,True,2.0,2.0,0.0,True,2 rings
zm-306416,5329006.0,9.054644,4.133916,5329006,zm-306416,True,3.0,3.0,0.0,True,3 rings
capreomycin,,10.240276,1.6179085,,capreomycin,True,2.0,0.0,2.0,True,2 rings
etanidazole,3276.0,9.564394,1.4541564,3276,etanidazole,True,1.0,1.0,0.0,True,1 ring
itd-1,71512660.0,10.619783,2.8206084,71512660,itd-1,True,4.0,2.0,2.0,True,4+ rings
s-isopropylisothiourea,445319.0,9.79598,1.692191,445319,s-isopropylisothiourea,True,0.0,0.0,0.0,False,0 rings
lomeguatrib,3025944.0,8.770518,1.7434273,3025944,lomeguatrib,True,3.0,3.0,0.0,True,3 rings
aceglutamide,182230.0,11.2421665,1.9859097,182230,aceglutamide,True,0.0,0.0,0.0,False,0 rings
cabaletta,7427.0,9.69465,0.26726383,7427,cabaletta,True,2.0,0.0,2.0,True,2 rings
protionamide,666418.0,9.507616,2.1734774,666418,protionamide,True,1.0,1.0,0.0,True,1 ring
lomefloxacin,6603903.0,12.189191,0.6774627,6603903,lomefloxacin,True,3.0,2.0,1.0,True,3 rings
sb-742457,11256720.0,8.752183,2.2185926,11256720,sb-742457,True,4.0,3.0,1.0,True,4+ rings
ethacridine-lactate-monohydrate,2017.0,8.826347,2.3623996,2017,ethacridine-lactate-monohydrate,True,3.0,3.0,0.0,True,3 rings
levodropropizine,65859.0,9.867398,3.278488,65859,levodropropizine,True,2.0,1.0,1.0,True,2 rings
ldn-57444,51537051.0,9.448961,2.2830052,51537051,ldn-57444,True,3.0,2.0,1.0,True,3 rings
cyclocreatine,2896.0,10.323855,1.8275006,2896,cyclocreatine,True,1.0,0.0,1.0,True,1 ring
tulobuterol,688591.0,11.071171,3.3071983,688591,tulobuterol,True,1.0,1.0,0.0,True,1 ring
miltefosine,3600.0,10.678054,1.1980214,3600,miltefosine,True,0.0,0.0,0.0,False,0 rings
gr-113808,119376.0,10.378244,3.0938315,119376,gr-113808,True,3.0,2.0,1.0,True,3 rings
orphenadrine,736041.0,10.062218,3.0186298,736041,orphenadrine,True,2.0,2.0,0.0,True,2 rings
rg108,702558.0,11.515307,2.8026583,702558,rg108,True,4.0,3.0,1.0,True,4+ rings
streptozotocin,124202159.0,9.766741,0.33366928,124202159,streptozotocin,True,1.0,0.0,1.0,True,1 ring
ldn-212854,60182388.0,8.920465,2.5259342,60182388,ldn-212854,True,6.0,5.0,1.0,True,4+ rings
e3330,6439397.0,10.934183,1.300939,6439397,e3330,True,1.0,0.0,1.0,True,1 ring
mequinol,9015.0,9.051759,2.8879826,9015,mequinol,True,1.0,1.0,0.0,True,1 ring
pht-427,44240850.0,10.52255,1.335431,44240850,pht-427,True,2.0,2.0,0.0,True,2 rings
sancycline,,10.369751,0.94010496,,sancycline,True,4.0,1.0,3.0,True,4+ rings
atracurium,73416109.0,8.693292,3.3109155,73416109,atracurium,True,6.0,4.0,2.0,True,4+ rings
cyproheptadine,2913.0,9.129691,2.8306596,2913,cyproheptadine,True,4.0,2.0,2.0,True,4+ rings
bgt226,11978790.0,8.801539,2.197466,11978790,bgt226,True,6.0,5.0,1.0,True,4+ rings
az-10606120,10310632.0,9.707173,2.0678062,10310632,az-10606120,True,6.0,2.0,4.0,True,4+ rings
enilconazole,6992070.0,7.788103,2.3895752,6992070,enilconazole,True,2.0,2.0,0.0,True,2 rings
kakonein,25790885.0,9.62502,0.39457667,25790885,kakonein,True,4.0,3.0,1.0,True,4+ rings
sb-743921,9936388.0,10.1513405,2.51461,9936388,sb-743921,True,4.0,4.0,0.0,True,4+ rings
sr-3677,93600633.0,9.637612,2.9195993,93600633,sr-3677,True,4.0,3.0,1.0,True,4+ rings
enzalutamide,15951529.0,9.784924,1.994032,15951529,enzalutamide,True,3.0,2.0,1.0,True,3 rings
glpg1837,117857370.0,9.86692,1.9736555,117857370,glpg1837,True,3.0,2.0,1.0,True,3 rings
ntncb,,8.89402,2.3245223,,ntncb,True,4.0,2.0,2.0,True,4+ rings
glpg0492,59317190.0,9.823279,2.2181644,59317190,glpg0492,True,3.0,2.0,1.0,True,3 rings
"3,4-dcpg-(s)",16062593.0,11.255149,2.3619115,16062593,"3,4-dcpg-(s)",True,1.0,1.0,0.0,True,1 ring
rgfp966,56650312.0,9.388492,3.0615919,56650312,rgfp966,True,3.0,3.0,0.0,True,3 rings
raclopride,3033769.0,9.434854,4.444051,3033769,raclopride,True,2.0,1.0,1.0,True,2 rings
ac-710,54760053.0,9.921215,3.5205984,54760053,ac-710,True,4.0,3.0,1.0,True,4+ rings
ammonium-glycyrrhizinate,14982.0,9.452247,0.66759056,14982,ammonium-glycyrrhizinate,True,7.0,0.0,7.0,True,4+ rings
aminoguanidine,2146.0,9.622108,1.8240436,2146,aminoguanidine,True,0.0,0.0,0.0,False,0 rings
crenolanib,10366136.0,8.884322,2.3820052,10366136,crenolanib,True,6.0,4.0,2.0,True,4+ rings
meisoindigo,,9.271007,2.7956104,,meisoindigo,True,4.0,2.0,2.0,True,4+ rings
2-hydroxyflutamide,91649.0,9.728863,3.64376,91649,2-hydroxyflutamide,True,1.0,1.0,0.0,True,1 ring
amg458,24764449.0,8.586826,3.355586,24764449,amg458,True,5.0,5.0,0.0,True,4+ rings
erythromycin-ethylsuccinate,132274075.0,9.17637,0.71991754,132274075,erythromycin-ethylsuccinate,True,3.0,0.0,3.0,True,3 rings
maprotiline,,9.466214,2.244959,,maprotiline,True,5.0,2.0,3.0,True,4+ rings
guanfacine,3519.0,9.920746,2.0061448,3519,guanfacine,True,1.0,1.0,0.0,True,1 ring
rs-56812,6604789.0,10.000127,2.3424995,6604789,rs-56812,True,5.0,2.0,3.0,True,4+ rings
2-deoxy-2-([methyl(nitroso)carbamoyl]amino)hexose,,10.087575,1.0466729,,2-deoxy-2-([methyl(nitroso)carbamoyl]amino)hexose,True,0.0,0.0,0.0,False,0 rings
lindane,,9.163318,1.6921895,,lindane,True,1.0,0.0,1.0,True,1 ring
4-methylgenistein,5280373.0,9.408926,0.7657773,5280373,4-methylgenistein,True,3.0,3.0,0.0,True,3 rings
zd-7155,4673492.0,10.933014,3.2793891,4673492,zd-7155,True,5.0,4.0,1.0,True,4+ rings
noscapine,275196.0,8.647999,3.0493155,275196,noscapine,True,5.0,2.0,3.0,True,4+ rings
dexniguldipine,6918097.0,12.221549,4.1779943,6918097,dexniguldipine,True,5.0,3.0,2.0,True,4+ rings
protoporphyrin-ix,,10.692945,1.6374141,,protoporphyrin-ix,True,5.0,3.0,2.0,True,4+ rings
estradiol-benzoate,222757.0,8.316861,-0.13041246,222757,estradiol-benzoate,True,5.0,2.0,3.0,True,4+ rings
efletirizine,66003.0,10.260818,3.624793,66003,efletirizine,True,3.0,2.0,1.0,True,3 rings
etretinate,5282375.0,10.0926485,1.9142579,5282375,etretinate,True,1.0,1.0,0.0,True,1 ring
moclobemide,4235.0,9.727422,3.2027807,4235,moclobemide,True,2.0,1.0,1.0,True,2 rings
cyproterone-acetate,9880.0,8.431323,-0.47850013,9880,cyproterone-acetate,True,5.0,0.0,5.0,True,4+ rings
homosalate,41097438.0,10.231013,3.113687,41097438,homosalate,True,2.0,1.0,1.0,True,2 rings
bergenin,66065.0,9.771615,0.26288387,66065,bergenin,True,3.0,1.0,2.0,True,3 rings
proxodolol,940099.0,11.123841,4.0021267,940099,proxodolol,True,2.0,2.0,0.0,True,2 rings
whi-p154,3795.0,9.036429,4.1528635,3795,whi-p154,True,3.0,3.0,0.0,True,3 rings
arofylline,166553.0,8.613368,1.5788207,166553,arofylline,True,3.0,3.0,0.0,True,3 rings
apck-110,24786010.0,8.823387,2.2564287,24786010,apck-110,True,4.0,4.0,0.0,True,4+ rings
gant-61,421610.0,9.328525,2.39437,421610,gant-61,True,4.0,3.0,1.0,True,4+ rings
gedunin,12004512.0,9.256033,1.1608018,12004512,gedunin,True,6.0,1.0,5.0,True,4+ rings
vadadustat,23634441.0,10.214081,2.663747,23634441,vadadustat,True,2.0,2.0,0.0,True,2 rings
gs-9620,46241268.0,9.790782,2.709212,46241268,gs-9620,True,4.0,2.0,2.0,True,4+ rings
mk-8998,24765479.0,10.674784,2.7524517,24765479,mk-8998,True,2.0,2.0,0.0,True,2 rings
rmc-4550,134183206.0,8.980662,2.2031493,134183206,rmc-4550,True,4.0,2.0,2.0,True,4+ rings
1e-1-(2-hydroxy-5-methylphenyl)-1-dodecanone-oxime,,10.626816,1.2419698,,1e-1-(2-hydroxy-5-methylphenyl)-1-dodecanone-oxime,True,1.0,1.0,0.0,True,1 ring
a-412997,10425450.0,9.740465,3.1958756,10425450,a-412997,True,3.0,2.0,1.0,True,3 rings
sis3,10138988.0,8.949428,3.1443396,10138988,sis3,True,5.0,4.0,1.0,True,4+ rings
amprenavir,65016.0,8.509256,2.6518993,65016,amprenavir,True,3.0,2.0,1.0,True,3 rings
acebutolol,657184.0,10.996924,3.9262893,657184,acebutolol,True,1.0,1.0,0.0,True,1 ring
edo-s101,46836227.0,10.414734,2.036215,46836227,edo-s101,True,2.0,2.0,0.0,True,2 rings
cephapirin,30699.0,13.333019,1.6072499,30699,cephapirin,True,3.0,1.0,2.0,True,3 rings
omeprazole-sulfide,155794.0,8.193344,2.5627112,155794,omeprazole-sulfide,True,3.0,3.0,0.0,True,3 rings
clopidol,18087.0,9.000712,1.7506453,18087,clopidol,True,1.0,1.0,0.0,True,1 ring
melevodopa,23497.0,10.731066,2.3601215,23497,melevodopa,True,1.0,1.0,0.0,True,1 ring
ys-035,5714.0,8.795099,3.2862883,5714,ys-035,True,2.0,2.0,0.0,True,2 rings
ginkgolide-b,,9.264535,1.3941709,,ginkgolide-b,True,6.0,0.0,6.0,True,4+ rings
rg4733,49867930.0,9.455059,2.719911,49867930,rg4733,True,3.0,2.0,1.0,True,3 rings
levobetaxolol,60657.0,10.939147,3.844167,60657,levobetaxolol,True,2.0,1.0,1.0,True,2 rings
vericiguat,54674461.0,9.685195,3.1185005,54674461,vericiguat,True,4.0,4.0,0.0,True,4+ rings
elbasvir,71661251.0,10.181691,2.6079369,71661251,elbasvir,True,9.0,6.0,3.0,True,4+ rings
l-694247,132059.0,11.424106,2.8547845,132059,l-694247,True,4.0,4.0,0.0,True,4+ rings
wz811,11565518.0,9.453335,3.0270886,11565518,wz811,True,3.0,3.0,0.0,True,3 rings
2-octyldodecan-1-ol,73415990.0,10.632224,1.1878293,73415990,2-octyldodecan-1-ol,True,0.0,0.0,0.0,False,0 rings
eprodisate,428573.0,9.540518,1.5145015,428573,eprodisate,True,0.0,0.0,0.0,False,0 rings
paeoniflorin,442534.0,9.725602,0.22547373,442534,paeoniflorin,True,8.0,1.0,7.0,True,4+ rings
vitamin-b12,,10.447076,-0.5775778,,vitamin-b12,True,8.0,2.0,6.0,True,4+ rings
hematoporphyrin,,10.670979,1.6860791,,hematoporphyrin,True,5.0,3.0,2.0,True,4+ rings
marimastat,119031.0,10.364847,1.8870249,119031,marimastat,True,0.0,0.0,0.0,False,0 rings
gw-4064,9893571.0,9.864064,2.7512567,9893571,gw-4064,True,4.0,4.0,0.0,True,4+ rings
lumacaftor,16678941.0,9.937138,2.9106836,16678941,lumacaftor,True,5.0,3.0,2.0,True,4+ rings
flavin-adenine-dinucleotide,643975.0,10.393663,-0.5296094,643975,flavin-adenine-dinucleotide,True,6.0,3.0,3.0,True,4+ rings
astemizole,2247.0,9.421913,3.1079586,2247,astemizole,True,5.0,4.0,1.0,True,4+ rings
s4,53342705.0,9.811405,3.4820735,53342705,s4,True,2.0,2.0,0.0,True,2 rings
trolox,688071.0,10.11626,1.5622286,688071,trolox,True,2.0,1.0,1.0,True,2 rings
nemorubicin,65907.0,8.396409,2.8922641,65907,nemorubicin,True,6.0,2.0,4.0,True,4+ rings
zstk-474,11647372.0,9.015623,2.2732852,11647372,zstk-474,True,5.0,3.0,2.0,True,4+ rings
cimaterol,10911051.0,11.022204,3.0494015,10911051,cimaterol,True,1.0,1.0,0.0,True,1 ring
bms-911543,50922691.0,8.719667,1.5508361,50922691,bms-911543,True,6.0,4.0,2.0,True,4+ rings
vecuronium,39765.0,8.916307,0.043948848,39765,vecuronium,True,6.0,0.0,6.0,True,4+ rings
rrx-001,15950826.0,9.831035,1.808266,15950826,rrx-001,True,1.0,0.0,1.0,True,1 ring
as-252424,11630874.0,8.882214,1.9709663,11630874,as-252424,True,3.0,2.0,1.0,True,3 rings
cp-99994,5311057.0,9.554008,2.7751217,5311057,cp-99994,True,3.0,2.0,1.0,True,3 rings
topiramate,5284627.0,9.315766,1.6349274,5284627,topiramate,True,3.0,0.0,3.0,True,3 rings
gadodiamide,24847884.0,9.938746,1.6766546,24847884,gadodiamide,True,2.0,0.0,2.0,True,2 rings
risedronate,5245.0,9.37492,3.6516402,5245,risedronate,True,1.0,1.0,0.0,True,1 ring
laropiprant,9867642.0,10.366341,2.0822513,9867642,laropiprant,True,4.0,3.0,1.0,True,4+ rings
diclofenamide,3038.0,8.406958,2.4239585,3038,diclofenamide,True,1.0,1.0,0.0,True,1 ring
hydrocortisone-valerate,5282494.0,8.311812,-0.74641764,5282494,hydrocortisone-valerate,True,4.0,0.0,4.0,True,4+ rings
barasertib,11497983.0,10.011935,3.595502,11497983,barasertib,True,4.0,4.0,0.0,True,4+ rings
pafuramidine,6529858.0,9.487334,1.9596605,6529858,pafuramidine,True,3.0,3.0,0.0,True,3 rings
natamycin,5284447.0,9.538942,1.2547573,5284447,natamycin,True,4.0,0.0,4.0,True,4+ rings
odq,1456.0,9.243082,2.2926037,1456,odq,True,3.0,3.0,0.0,True,3 rings
pf-06463922,78162481.0,8.656585,1.3155782,78162481,pf-06463922,True,4.0,3.0,1.0,True,4+ rings
mepyramine,4992.0,9.506519,3.120491,4992,mepyramine,True,2.0,2.0,0.0,True,2 rings
bitoscanate,19958.0,9.307856,1.8067303,19958,bitoscanate,True,1.0,1.0,0.0,True,1 ring
mk-5108,,9.764016,2.7507174,,mk-5108,True,4.0,3.0,1.0,True,4+ rings
gsk650394,25022668.0,9.9419,2.9709473,25022668,gsk650394,True,5.0,4.0,1.0,True,4+ rings
ozenoxacin,9863827.0,12.165019,0.7018222,9863827,ozenoxacin,True,4.0,3.0,1.0,True,4+ rings
ramatroban,123879.0,10.350329,2.1115391,123879,ramatroban,True,4.0,3.0,1.0,True,4+ rings
teneligliptin,11949652.0,9.965796,1.9701791,11949652,teneligliptin,True,5.0,2.0,3.0,True,4+ rings
sograzepide,9870520.0,9.657181,3.2363605,9870520,sograzepide,True,4.0,3.0,1.0,True,4+ rings
id-1101,6918732.0,10.486744,1.758051,6918732,id-1101,True,0.0,0.0,0.0,False,0 rings
gsk429286a,92472001.0,9.841629,3.509024,92472001,gsk429286a,True,4.0,3.0,1.0,True,4+ rings
hc-030031,1150897.0,8.199034,1.1696326,1150897,hc-030031,True,3.0,3.0,0.0,True,3 rings
eprosartan,5281037.0,10.325908,2.523977,5281037,eprosartan,True,3.0,3.0,0.0,True,3 rings
3-bromocamphor,3006542.0,9.06456,0.83266205,3006542,3-bromocamphor,True,2.0,0.0,2.0,True,2 rings
fk-866,6914657.0,9.474659,3.6147404,6914657,fk-866,True,3.0,2.0,1.0,True,3 rings
cdk9-in-6,,8.972892,2.0505517,,cdk9-in-6,True,4.0,2.0,2.0,True,4+ rings
zilpaterol,25218684.0,9.265909,1.7175686,25218684,zilpaterol,True,3.0,2.0,1.0,True,3 rings
cpp,6603754.0,9.983249,1.5623348,6603754,cpp,True,1.0,0.0,1.0,True,1 ring
nvp-tnks656,136237316.0,9.0945635,3.1724322,136237316,nvp-tnks656,True,5.0,2.0,3.0,True,4+ rings
cgs-20625,163844.0,8.831459,2.6834846,163844,cgs-20625,True,4.0,3.0,1.0,True,4+ rings
pizotifen,27400.0,9.119734,2.932023,27400,pizotifen,True,4.0,2.0,2.0,True,4+ rings
nms-1286937,49792852.0,8.688296,3.5701156,49792852,nms-1286937,True,5.0,3.0,2.0,True,4+ rings
ag-14361,9840076.0,8.831641,2.0925891,9840076,ag-14361,True,4.0,3.0,1.0,True,4+ rings
pf-03049423,24963293.0,9.917382,3.5727973,24963293,pf-03049423,True,4.0,3.0,1.0,True,4+ rings
aqw-051,50914822.0,9.130249,1.8996464,50914822,aqw-051,True,5.0,2.0,3.0,True,4+ rings
gnf-7,11478363.0,9.84198,3.6301908,11478363,gnf-7,True,5.0,4.0,1.0,True,4+ rings
propofol,4943.0,9.957155,2.3622098,4943,propofol,True,1.0,1.0,0.0,True,1 ring
luteolin,5280445.0,9.4319935,0.73463106,5280445,luteolin,True,3.0,3.0,0.0,True,3 rings
bethanechol,6603779.0,10.388856,1.7699206,6603779,bethanechol,True,0.0,0.0,0.0,False,0 rings
f351,11217901.0,9.303166,2.4134188,11217901,f351,True,2.0,2.0,0.0,True,2 rings
isoquercitrin,5280804.0,9.547516,0.3748884,5280804,isoquercitrin,True,4.0,3.0,1.0,True,4+ rings
cfi-402257,,9.400093,3.5770025,,cfi-402257,True,6.0,4.0,2.0,True,4+ rings
sulfapyridine,5336.0,8.276127,2.7423663,5336,sulfapyridine,True,2.0,2.0,0.0,True,2 rings
pfi-3,78243717.0,9.882642,3.1097388,78243717,pfi-3,True,4.0,2.0,2.0,True,4+ rings
pd-318088,17753852.0,9.944187,1.2113783,17753852,pd-318088,True,2.0,2.0,0.0,True,2 rings
tecastemizole,123618.0,9.108382,2.5582516,123618,tecastemizole,True,4.0,3.0,1.0,True,4+ rings
paopa,44281634.0,9.800281,1.6693112,44281634,paopa,True,2.0,0.0,2.0,True,2 rings
vl285,71667162.0,9.77723,2.3805099,71667162,vl285,True,5.0,3.0,2.0,True,4+ rings
btb06584,2799764.0,9.5266285,2.6549754,2799764,btb06584,True,3.0,3.0,0.0,True,3 rings
vorapaxar,10077130.0,10.16361,2.519292,10077130,vorapaxar,True,5.0,2.0,3.0,True,4+ rings
voriconazole,71616.0,9.446952,1.6344515,71616,voriconazole,True,3.0,3.0,0.0,True,3 rings
cytidine,6175.0,10.519921,-0.56981415,6175,cytidine,True,2.0,1.0,1.0,True,2 rings
bemotrizinol,136218979.0,9.163735,3.0452342,136218979,bemotrizinol,True,4.0,4.0,0.0,True,4+ rings
gadopentetic-acid,6857474.0,10.135441,1.5801066,6857474,gadopentetic-acid,True,2.0,0.0,2.0,True,2 rings
avagacestat,46883536.0,9.884885,2.2472122,46883536,avagacestat,True,3.0,3.0,0.0,True,3 rings
oxybenzone,4632.0,9.273774,3.1883485,4632,oxybenzone,True,2.0,2.0,0.0,True,2 rings
trandolapril,5484727.0,11.160784,2.4135597,5484727,trandolapril,True,3.0,1.0,2.0,True,3 rings
omecamtiv-mecarbil,11689883.0,9.920671,3.510746,11689883,omecamtiv-mecarbil,True,3.0,2.0,1.0,True,3 rings
cefprozil,5281006.0,13.286045,1.6605986,5281006,cefprozil,True,3.0,1.0,2.0,True,3 rings
ethacizin,107841.0,9.212055,3.7675917,107841,ethacizin,True,3.0,2.0,1.0,True,3 rings
lomitapide,9853053.0,10.132158,3.2072346,9853053,lomitapide,True,6.0,4.0,2.0,True,4+ rings
carbazochrome,,9.683551,1.8267194,,carbazochrome,True,2.0,0.0,2.0,True,2 rings
ganaxolone,6918305.0,8.867302,-0.03277743,6918305,ganaxolone,True,4.0,0.0,4.0,True,4+ rings
proscillaridin-a,5284613.0,9.138385,0.4759118,5284613,proscillaridin-a,True,6.0,1.0,5.0,True,4+ rings
hydrocortisone-butyrate,26133.0,8.310905,-0.7533079,26133,hydrocortisone-butyrate,True,4.0,0.0,4.0,True,4+ rings
camostat-mesilate,2536.0,10.053917,3.2279696,2536,camostat-mesilate,True,2.0,2.0,0.0,True,2 rings
stf-62247,704473.0,8.933095,2.4250715,704473,stf-62247,True,3.0,3.0,0.0,True,3 rings
ropinirole,5095.0,9.226951,1.891736,5095,ropinirole,True,2.0,1.0,1.0,True,2 rings
lodoxamide,44564.0,9.962231,1.9032073,44564,lodoxamide,True,1.0,1.0,0.0,True,1 ring
oxonic-acid,4604.0,9.865622,1.7467456,4604,oxonic-acid,True,1.0,1.0,0.0,True,1 ring
emodin,3220.0,9.268521,2.4550042,3220,emodin,True,3.0,2.0,1.0,True,3 rings
paeonol,11092.0,9.06593,3.0368595,11092,paeonol,True,1.0,1.0,0.0,True,1 ring
polymyxin-b-sulfate,,10.745501,2.1245987,,polymyxin-b-sulfate,True,2.0,1.0,1.0,True,2 rings
radiprodil,10200813.0,9.791255,3.3033016,10200813,radiprodil,True,4.0,3.0,1.0,True,4+ rings
medroxyprogesterone-acetate,6279.0,8.410753,-0.5358582,6279,medroxyprogesterone-acetate,True,4.0,0.0,4.0,True,4+ rings
cpi-203,71291068.0,9.701161,3.0393028,71291068,cpi-203,True,4.0,3.0,1.0,True,4+ rings
gemigliptin,11953153.0,10.19032,1.7886263,11953153,gemigliptin,True,3.0,1.0,2.0,True,3 rings
dimethyl-isosorbide,59968542.0,9.240702,1.3648479,59968542,dimethyl-isosorbide,True,2.0,0.0,2.0,True,2 rings
kn-93,5312122.0,8.7708845,2.9800227,5312122,kn-93,True,3.0,3.0,0.0,True,3 rings
icatibant-acetate,6918173.0,11.352652,2.0932763,6918173,icatibant-acetate,True,7.0,2.0,5.0,True,4+ rings
nps-2143,6918446.0,11.110897,4.0008307,6918446,nps-2143,True,3.0,3.0,0.0,True,3 rings
spp86,66549796.0,8.966087,2.3424435,66549796,spp86,True,3.0,3.0,0.0,True,3 rings
octreotide,,11.544051,2.7114005,,octreotide,True,5.0,4.0,1.0,True,4+ rings
"3,5-dhpg-(s)",71668376.0,11.198799,2.325493,71668376,"3,5-dhpg-(s)",True,1.0,1.0,0.0,True,1 ring
perfluamine,67645.0,9.198319,1.4815294,67645,perfluamine,True,0.0,0.0,0.0,False,0 rings
pf-02545920,11581936.0,9.820916,2.8266683,11581936,pf-02545920,True,5.0,5.0,0.0,True,4+ rings
tocainide,3080825.0,10.09935,3.5917,3080825,tocainide,True,1.0,1.0,0.0,True,1 ring
pf-06873600,134247638.0,9.001954,1.5552024,134247638,pf-06873600,True,4.0,2.0,2.0,True,4+ rings
zanamivir,60855.0,10.082492,1.2091743,60855,zanamivir,True,1.0,0.0,1.0,True,1 ring
ml204,230710.0,8.87965,2.6404452,230710,ml204,True,3.0,2.0,1.0,True,3 rings
dimethisoquin,6857.0,9.943491,2.8742514,6857,dimethisoquin,True,2.0,2.0,0.0,True,2 rings
ac1ndss5,4581100.0,10.629373,2.5735397,4581100,ac1ndss5,True,1.0,1.0,0.0,True,1 ring
azd3514,46893585.0,9.916422,2.8367777,46893585,azd3514,True,5.0,2.0,3.0,True,4+ rings
jx-401,1126109.0,10.026752,2.8508475,1126109,jx-401,True,3.0,2.0,1.0,True,3 rings
etilefrine,164652.0,10.878598,3.0290372,164652,etilefrine,True,1.0,1.0,0.0,True,1 ring
saxagliptin,,9.771096,1.6330525,,saxagliptin,True,6.0,0.0,6.0,True,4+ rings
al-8697,25060093.0,9.65062,2.00539,25060093,al-8697,True,4.0,3.0,1.0,True,4+ rings
candesartan,2541.0,10.925076,3.2872653,2541,candesartan,True,5.0,5.0,0.0,True,4+ rings
aurothioglucose,6916934.0,9.744836,0.29516077,6916934,aurothioglucose,True,1.0,0.0,1.0,True,1 ring
srt3190,59149652.0,9.937259,1.418346,59149652,srt3190,True,3.0,2.0,1.0,True,3 rings
jzl-195,46232606.0,9.965978,2.6290755,46232606,jzl-195,True,4.0,3.0,1.0,True,4+ rings
travoprost,5282226.0,11.155529,1.150039,5282226,travoprost,True,2.0,1.0,1.0,True,2 rings
a0001,2734086.0,9.906607,1.4263645,2734086,a0001,True,1.0,0.0,1.0,True,1 ring
ethylenediaminetetraacetic-acid,6049.0,10.352626,1.8751676,6049,ethylenediaminetetraacetic-acid,True,0.0,0.0,0.0,False,0 rings
pempidine,6603.0,9.108682,1.5672415,6603,pempidine,True,1.0,0.0,1.0,True,1 ring
ah6809,119461.0,10.035547,2.4331686,119461,ah6809,True,3.0,3.0,0.0,True,3 rings
aphidicolin,457964.0,9.287857,1.0964215,457964,aphidicolin,True,4.0,0.0,4.0,True,4+ rings
diosgenin,99474.0,8.886945,-0.106202126,99474,diosgenin,True,6.0,0.0,6.0,True,4+ rings
fluorescein,16850.0,9.319569,2.3729098,16850,fluorescein,True,5.0,3.0,2.0,True,4+ rings
atn-161,9960285.0,11.498482,2.202637,9960285,atn-161,True,2.0,1.0,1.0,True,2 rings
voreloxin,9952884.0,11.8745,0.97116345,9952884,voreloxin,True,4.0,3.0,1.0,True,4+ rings
glafenine,969495.0,10.101038,3.3901582,969495,glafenine,True,3.0,3.0,0.0,True,3 rings
bisoprolol,6604464.0,10.948038,3.8623333,6604464,bisoprolol,True,1.0,1.0,0.0,True,1 ring
hexamethonium,3604.0,10.137124,1.3726159,3604,hexamethonium,True,0.0,0.0,0.0,False,0 rings
l-778123,216454.0,9.086047,2.1386364,216454,l-778123,True,4.0,3.0,1.0,True,4+ rings
boronophenylalanine,150315.0,11.085924,2.2468476,150315,boronophenylalanine,True,1.0,1.0,0.0,True,1 ring
praziquantel,1917817.0,9.4212265,2.368507,1917817,praziquantel,True,4.0,1.0,3.0,True,4+ rings
balicatib,10201696.0,9.949645,3.0006354,10201696,balicatib,True,3.0,1.0,2.0,True,3 rings
of-1,35397514.0,8.753153,2.5144963,35397514,of-1,True,3.0,3.0,0.0,True,3 rings
ferroquine,92043331.0,9.164637,3.3096046,92043331,ferroquine,True,4.0,2.0,2.0,True,4+ rings
fluralaner,71300892.0,9.8226385,2.0253599,71300892,fluralaner,True,3.0,2.0,1.0,True,3 rings
cytochlor,92132144.0,10.703594,-0.81999195,92132144,cytochlor,True,2.0,1.0,1.0,True,2 rings
nitrendipine,157702.0,12.147202,4.1186843,157702,nitrendipine,True,2.0,1.0,1.0,True,2 rings
delpazolid,44205191.0,9.747862,1.3160129,44205191,delpazolid,True,3.0,1.0,2.0,True,3 rings
mk-7246,45268455.0,10.063219,2.5254161,45268455,mk-7246,True,4.0,3.0,1.0,True,4+ rings
acipimox,5310993.0,9.84804,2.004407,5310993,acipimox,True,1.0,1.0,0.0,True,1 ring
fluconazole,3365.0,9.319785,1.6309018,3365,fluconazole,True,3.0,3.0,0.0,True,3 rings
chpg,6604802.0,11.11934,2.2723188,6604802,chpg,True,1.0,1.0,0.0,True,1 ring
copanlisib,,9.281489,3.4749453,,copanlisib,True,5.0,2.0,3.0,True,4+ rings
corosolic-acid,6918774.0,9.356763,0.7816663,6918774,corosolic-acid,True,5.0,0.0,5.0,True,4+ rings
meloxicam,54677470.0,9.533681,3.0570815,54677470,meloxicam,True,3.0,2.0,1.0,True,3 rings
hqk-1001,11684.0,10.180863,1.922554,11684,hqk-1001,True,0.0,0.0,0.0,False,0 rings
sb-939,49855250.0,9.44267,2.8904474,49855250,sb-939,True,2.0,2.0,0.0,True,2 rings
ornithine,74765349.0,11.123249,1.8010381,74765349,ornithine,True,0.0,0.0,0.0,False,0 rings
alpha-asarone,636822.0,8.758484,2.9881294,636822,alpha-asarone,True,1.0,1.0,0.0,True,1 ring
pf-04457845,24771824.0,9.698051,3.55819,24771824,pf-04457845,True,4.0,3.0,1.0,True,4+ rings
mcn-5652-(+/-),6336338.0,9.114901,2.068629,6336338,mcn-5652-(+/-),True,4.0,2.0,2.0,True,4+ rings
chlorotrianisene,11289.0,8.981609,2.9501271,11289,chlorotrianisene,True,3.0,3.0,0.0,True,3 rings
chlorobutanol,5977.0,9.49761,1.6183958,5977,chlorobutanol,True,0.0,0.0,0.0,False,0 rings
deforolimus,,9.007485,1.0773994,,deforolimus,True,4.0,0.0,4.0,True,4+ rings
ici-199441,3082718.0,10.024251,2.6942534,3082718,ici-199441,True,3.0,2.0,1.0,True,3 rings
ripasudil,9863672.0,8.900398,1.9725387,9863672,ripasudil,True,3.0,2.0,1.0,True,3 rings
avoralstat,86566678.0,9.685782,3.4213047,86566678,avoralstat,True,4.0,3.0,1.0,True,4+ rings
uk-5099,6438504.0,9.974184,2.6010983,6438504,uk-5099,True,3.0,3.0,0.0,True,3 rings
gsk690693,16725726.0,9.251848,1.7433919,16725726,gsk690693,True,4.0,3.0,1.0,True,4+ rings
e-2012,11560787.0,8.857586,3.077204,11560787,e-2012,True,4.0,3.0,1.0,True,4+ rings
psi-7976,45375809.0,10.540071,-0.5008367,45375809,psi-7976,True,3.0,2.0,1.0,True,3 rings
n-acetylglycyl-d-glutamic-acid,6604718.0,11.214883,1.9737515,6604718,n-acetylglycyl-d-glutamic-acid,True,0.0,0.0,0.0,False,0 rings
amidopyrine,6009.0,8.298391,3.2257648,6009,amidopyrine,True,2.0,2.0,0.0,True,2 rings
pamidronate,4674.0,9.81381,1.3949968,4674,pamidronate,True,0.0,0.0,0.0,False,0 rings
ms-424,,9.4210005,3.675387,,ms-424,True,2.0,1.0,1.0,True,2 rings
estriol,5756.0,8.3364525,-0.11272347,5756,estriol,True,4.0,1.0,3.0,True,4+ rings
g-caryophyllene,5281515.0,9.036448,1.1046413,5281515,g-caryophyllene,True,2.0,0.0,2.0,True,2 rings
unc2327,71583615.0,9.578984,2.5018227,71583615,unc2327,True,3.0,2.0,1.0,True,3 rings
sulfametopyrazine,9047.0,8.256958,2.713868,9047,sulfametopyrazine,True,2.0,2.0,0.0,True,2 rings
sar-245409,49867926.0,8.445904,2.9585307,49867926,sar-245409,True,5.0,5.0,0.0,True,4+ rings
ski-ii,753704.0,9.101599,2.4353955,753704,ski-ii,True,3.0,3.0,0.0,True,3 rings
nms-p715,44556162.0,9.2641,3.4198616,44556162,nms-p715,True,6.0,4.0,2.0,True,4+ rings
gp2a,16094766.0,8.519159,3.004841,16094766,gp2a,True,5.0,3.0,2.0,True,4+ rings
dilazep,3074.0,9.046757,3.601568,3074,dilazep,True,3.0,2.0,1.0,True,3 rings
penbutolol,37464.0,11.153611,4.0417438,37464,penbutolol,True,2.0,1.0,1.0,True,2 rings
amorolfine,25790581.0,9.583369,1.8018475,25790581,amorolfine,True,2.0,1.0,1.0,True,2 rings
l-(+)-rhamnose-monohydrate,439710.0,9.415255,0.8594428,439710,l-(+)-rhamnose-monohydrate,True,1.0,0.0,1.0,True,1 ring
cdba,,9.752032,0.33905005,,cdba,True,21.0,0.0,21.0,True,4+ rings
trospium,,10.628477,2.952273,,trospium,True,5.0,2.0,3.0,True,4+ rings
dactinomycin,457193.0,9.898416,1.7683308,457193,dactinomycin,True,7.0,1.0,6.0,True,4+ rings
exo-iwr-1,1163034.0,9.495018,3.210528,1163034,exo-iwr-1,True,6.0,3.0,3.0,True,4+ rings
tipranavir,,9.896141,2.7780566,,tipranavir,True,4.0,3.0,1.0,True,4+ rings
ixabepilone,,9.157816,1.1735034,,ixabepilone,True,3.0,1.0,2.0,True,3 rings
epetraborole,46836890.0,9.637398,1.8003596,46836890,epetraborole,True,2.0,1.0,1.0,True,2 rings
benazepril,5362124.0,11.1173935,2.4652267,5362124,benazepril,True,3.0,2.0,1.0,True,3 rings
verdiperstat,11528958.0,9.054387,1.5815287,11528958,verdiperstat,True,2.0,2.0,0.0,True,2 rings
dehydroacetic-acid,54678494.0,9.544801,2.0517278,54678494,dehydroacetic-acid,True,1.0,1.0,0.0,True,1 ring
mmpx,155806.0,8.703456,1.4908519,155806,mmpx,True,2.0,2.0,0.0,True,2 rings
fenticonazole,36688220.0,7.767998,2.3813877,36688220,fenticonazole,True,4.0,4.0,0.0,True,4+ rings
aklomide,2075.0,8.335025,2.104217,2075,aklomide,True,1.0,1.0,0.0,True,1 ring
etoricoxib,123619.0,8.649142,2.3670716,123619,etoricoxib,True,3.0,3.0,0.0,True,3 rings
protirelin,638678.0,10.794717,1.9512751,638678,protirelin,True,3.0,1.0,2.0,True,3 rings
propranolol-(r),21138.0,10.956539,3.9149082,21138,propranolol-(r),True,2.0,2.0,0.0,True,2 rings
az-10417808,135665263.0,8.311553,2.1699796,135665263,az-10417808,True,3.0,3.0,0.0,True,3 rings
tolperisone,688589.0,10.02478,2.4621315,688589,tolperisone,True,2.0,1.0,1.0,True,2 rings
talampanel,164509.0,8.719794,2.5400944,164509,talampanel,True,4.0,2.0,2.0,True,4+ rings
atb-346,76963724.0,9.079723,3.0624013,76963724,atb-346,True,3.0,3.0,0.0,True,3 rings
4-ibp,132995.0,10.0858755,3.1280773,132995,4-ibp,True,3.0,2.0,1.0,True,3 rings
chloroxoquinoline,66593.0,9.188441,2.086654,66593,chloroxoquinoline,True,2.0,2.0,0.0,True,2 rings
balsalazide,,10.245267,2.6857777,,balsalazide,True,2.0,2.0,0.0,True,2 rings
zapa,6604703.0,10.034575,1.7163196,6604703,zapa,True,0.0,0.0,0.0,False,0 rings
ofloxacin,6956357.0,12.202604,0.66775054,6956357,ofloxacin,True,4.0,2.0,2.0,True,4+ rings
famotidine,5702160.0,9.824002,1.8310485,5702160,famotidine,True,1.0,1.0,0.0,True,1 ring
04/01/46,76965201.0,9.221546,1.5604185,76965201,04/01/46,True,3.0,0.0,3.0,True,3 rings
nateglinide,,10.877878,2.4471004,,nateglinide,True,2.0,1.0,1.0,True,2 rings
5-hydroxytryptophan,6971044.0,11.470285,2.746896,6971044,5-hydroxytryptophan,True,2.0,2.0,0.0,True,2 rings
fosinoprilat,62956.0,10.399771,2.519085,62956,fosinoprilat,True,3.0,1.0,2.0,True,3 rings
k145,71714682.0,10.375408,2.3535814,71714682,k145,True,2.0,1.0,1.0,True,2 rings
minodronic-acid,130956.0,9.8883705,1.443519,130956,minodronic-acid,True,2.0,2.0,0.0,True,2 rings
viloxazine,12226596.0,9.160744,1.8400279,12226596,viloxazine,True,2.0,1.0,1.0,True,2 rings
fostamatinib,11671467.0,8.868616,3.1572127,11671467,fostamatinib,True,4.0,3.0,1.0,True,4+ rings
anabasine,641266.0,9.203274,3.3609827,641266,anabasine,True,2.0,1.0,1.0,True,2 rings
cpi-444,44537963.0,9.143941,1.9976271,44537963,cpi-444,True,5.0,4.0,1.0,True,4+ rings
fosaprepitant-dimeglumine,135413538.0,9.52534,1.5470414,135413538,fosaprepitant-dimeglumine,True,4.0,3.0,1.0,True,4+ rings
gallamine-triethiodide,3450.0,9.837143,2.0831618,3450,gallamine-triethiodide,True,1.0,1.0,0.0,True,1 ring
stat3-inhibitor-vi,252682.0,9.730973,3.2036433,252682,stat3-inhibitor-vi,True,2.0,2.0,0.0,True,2 rings
meclizine,6604289.0,10.203507,3.455998,6604289,meclizine,True,4.0,3.0,1.0,True,4+ rings
simeprevir,24873435.0,8.672336,3.281723,24873435,simeprevir,True,7.0,3.0,4.0,True,4+ rings
tuftsin,156080.0,11.353828,2.0597377,156080,tuftsin,True,1.0,0.0,1.0,True,1 ring
4-hqn,135408753.0,9.347927,2.6007378,135408753,4-hqn,True,2.0,2.0,0.0,True,2 rings
bms-345541,9813758.0,9.267982,1.7653552,9813758,bms-345541,True,3.0,3.0,0.0,True,3 rings
isoguvacine,7059534.0,9.731939,1.8000183,7059534,isoguvacine,True,1.0,0.0,1.0,True,1 ring
ampyrone,2151.0,8.299294,3.2198727,2151,ampyrone,True,2.0,2.0,0.0,True,2 rings
p22077,46931953.0,8.473246,2.1180363,46931953,p22077,True,2.0,2.0,0.0,True,2 rings
oxybutynin,6098167.0,10.604898,3.1477494,6098167,oxybutynin,True,2.0,1.0,1.0,True,2 rings
ispinesib,6851740.0,10.217181,2.5582101,6851740,ispinesib,True,4.0,4.0,0.0,True,4+ rings
hjc-0350,22200891.0,8.863152,2.123025,22200891,hjc-0350,True,2.0,2.0,0.0,True,2 rings
glutathione-monoisopropyl-ester,40466869.0,11.117517,1.8609219,40466869,glutathione-monoisopropyl-ester,True,0.0,0.0,0.0,False,0 rings
pit,124334.0,9.465082,2.8201468,124334,pit,True,3.0,2.0,1.0,True,3 rings
ltb4,5280492.0,11.187704,1.1455716,5280492,ltb4,True,0.0,0.0,0.0,False,0 rings
plicamycin,457831.0,9.630889,1.2024301,457831,plicamycin,True,8.0,2.0,6.0,True,4+ rings
rivastigmine,77991.0,10.003976,2.6979027,77991,rivastigmine,True,1.0,1.0,0.0,True,1 ring
bupivacaine,92253.0,10.07121,3.675735,92253,bupivacaine,True,2.0,1.0,1.0,True,2 rings
cephalosporin-c-zn,,9.344861,1.5245463,,cephalosporin-c-zn,True,3.0,0.0,3.0,True,3 rings
cefixime,5362065.0,13.423254,1.521619,5362065,cefixime,True,3.0,1.0,2.0,True,3 rings
azd6738,54761305.0,9.108852,1.9267703,54761305,azd6738,True,5.0,3.0,2.0,True,4+ rings
dmps,1549058.0,9.674353,1.5836332,1549058,dmps,True,0.0,0.0,0.0,False,0 rings
daltroban,54343.0,9.163623,2.7089243,54343,daltroban,True,2.0,2.0,0.0,True,2 rings
oxelaidin,4619.0,10.672497,3.1989357,4619,oxelaidin,True,1.0,1.0,0.0,True,1 ring
pf-562271,11713159.0,9.074719,2.999908,11713159,pf-562271,True,4.0,3.0,1.0,True,4+ rings
nalmefene,5284594.0,6.2662334,5.245877,5284594,nalmefene,True,6.0,1.0,5.0,True,4+ rings
avacopan,49841217.0,10.014222,3.633005,49841217,avacopan,True,5.0,3.0,2.0,True,4+ rings
ar-c155858,10226546.0,9.431624,1.4423167,10226546,ar-c155858,True,4.0,3.0,1.0,True,4+ rings
clomethiazole,10783.0,9.19876,1.8077956,10783,clomethiazole,True,1.0,1.0,0.0,True,1 ring
cefuroxime-axetil,9806360.0,13.397075,1.5490112,9806360,cefuroxime-axetil,True,3.0,1.0,2.0,True,3 rings
gsk239512,9976892.0,9.167124,1.7103695,9976892,gsk239512,True,5.0,2.0,3.0,True,4+ rings
bruceantin,124605168.0,9.720664,1.3970692,124605168,bruceantin,True,5.0,0.0,5.0,True,4+ rings
glimepiride,,8.416626,2.7129116,,glimepiride,True,3.0,1.0,2.0,True,3 rings
metaxalone,25271694.0,9.143253,1.7735598,25271694,metaxalone,True,2.0,1.0,1.0,True,2 rings
l-cysteinesulfinic-acid,28167170.0,11.149097,1.8327128,28167170,l-cysteinesulfinic-acid,True,0.0,0.0,0.0,False,0 rings
apratastat,11452716.0,9.243393,2.4390235,11452716,apratastat,True,2.0,1.0,1.0,True,2 rings
ng-nitro-arginine,440005.0,11.232423,1.8454014,440005,ng-nitro-arginine,True,0.0,0.0,0.0,False,0 rings
sitosterol,222284.0,8.8623495,-0.1921528,222284,sitosterol,True,4.0,0.0,4.0,True,4+ rings
limonin,179651.0,9.137745,1.1595844,179651,limonin,True,7.0,1.0,6.0,True,4+ rings
reversine,210332.0,8.64497,1.7523514,210332,reversine,True,5.0,3.0,2.0,True,4+ rings
tc-s-7003,11785878.0,8.510002,3.6013947,11785878,tc-s-7003,True,7.0,6.0,1.0,True,4+ rings
oxolamine,13738.0,9.546474,2.5231092,13738,oxolamine,True,2.0,2.0,0.0,True,2 rings
alimemazine,6604496.0,8.768489,3.8993154,6604496,alimemazine,True,3.0,2.0,1.0,True,3 rings
adx-10059,10331863.0,9.10957,2.200919,10331863,adx-10059,True,2.0,2.0,0.0,True,2 rings
rn-1,45376076.0,9.870081,2.6543396,45376076,rn-1,True,4.0,2.0,2.0,True,4+ rings
fn-1501,72195175.0,9.580031,3.0982416,72195175,fn-1501,True,5.0,4.0,1.0,True,4+ rings
n-acetyltryptamine,70547.0,11.471721,2.82245,70547,n-acetyltryptamine,True,2.0,2.0,0.0,True,2 rings
krca-0008,72547474.0,8.514067,3.7563524,72547474,krca-0008,True,5.0,3.0,2.0,True,4+ rings
ginsenoside-rd,,9.647494,0.30302173,,ginsenoside-rd,True,7.0,0.0,7.0,True,4+ rings
vuf11207,97018453.0,8.927857,3.3799489,97018453,vuf11207,True,3.0,2.0,1.0,True,3 rings
bay-61-3606,10200390.0,9.892623,3.150084,10200390,bay-61-3606,True,4.0,4.0,0.0,True,4+ rings
hymecromone,5280567.0,9.295559,2.0752041,5280567,hymecromone,True,2.0,2.0,0.0,True,2 rings
bepridil,50088.0,9.996903,2.797626,50088,bepridil,True,3.0,2.0,1.0,True,3 rings
pnu-22394,27559.0,9.433603,2.216119,27559,pnu-22394,True,3.0,2.0,1.0,True,3 rings
succinylsulfathiazole,5315.0,8.410818,2.8207145,5315,succinylsulfathiazole,True,2.0,2.0,0.0,True,2 rings
levamisole,26879.0,9.451816,2.4252782,26879,levamisole,True,3.0,1.0,2.0,True,3 rings
amylene-hydrate,6405.0,9.67617,1.6443815,6405,amylene-hydrate,True,0.0,0.0,0.0,False,0 rings
at7867,11175137.0,9.122007,1.803297,11175137,at7867,True,4.0,3.0,1.0,True,4+ rings
zln005,899323.0,8.628205,2.5677645,899323,zln005,True,3.0,3.0,0.0,True,3 rings
stiripentol,25271730.0,9.026728,2.4889786,25271730,stiripentol,True,2.0,1.0,1.0,True,2 rings
nvp-aew541,,9.636138,2.6568663,,nvp-aew541,True,6.0,4.0,2.0,True,4+ rings
petcm,736879.0,9.570496,1.937475,736879,petcm,True,1.0,1.0,0.0,True,1 ring
valrubicin,454216.0,8.355689,2.8992562,454216,valrubicin,True,5.0,2.0,3.0,True,4+ rings
ampa-(rs),7059442.0,11.093629,1.8271658,7059442,ampa-(rs),True,1.0,1.0,0.0,True,1 ring
cetirizine,28145930.0,10.250021,3.6302323,28145930,cetirizine,True,3.0,2.0,1.0,True,3 rings
dexfosfoserine,68841.0,10.931203,1.7465051,68841,dexfosfoserine,True,0.0,0.0,0.0,False,0 rings
fanetizole,54339.0,9.807298,2.7465413,54339,fanetizole,True,3.0,3.0,0.0,True,3 rings
oleoylethanolamide,5283454.0,11.1287155,1.1709826,5283454,oleoylethanolamide,True,0.0,0.0,0.0,False,0 rings
altanserin,3033677.0,10.148922,3.813884,3033677,altanserin,True,4.0,3.0,1.0,True,4+ rings
pci-34051,24753719.0,9.144347,3.0988913,24753719,pci-34051,True,3.0,3.0,0.0,True,3 rings
cloxacillin,6098.0,13.265828,1.9045278,6098,cloxacillin,True,4.0,2.0,2.0,True,4+ rings
5-fp,101498.0,9.038725,1.7353629,101498,5-fp,True,1.0,1.0,0.0,True,1 ring
bedaquiline,5388906.0,10.033783,2.9877431,5388906,bedaquiline,True,5.0,5.0,0.0,True,4+ rings
clodronic-acid,25419.0,9.751855,1.4537835,25419,clodronic-acid,True,0.0,0.0,0.0,False,0 rings
czc24832,42623951.0,8.794504,2.154797,42623951,czc24832,True,3.0,3.0,0.0,True,3 rings
px-12,86308851.0,9.090523,1.8760293,86308851,px-12,True,1.0,1.0,0.0,True,1 ring
galantamine,9651.0,9.322406,1.8018674,9651,galantamine,True,4.0,1.0,3.0,True,4+ rings
tetrabenazine,11634155.0,8.607352,3.2804568,11634155,tetrabenazine,True,3.0,1.0,2.0,True,3 rings
zami-633,75743.0,10.053684,2.1048372,75743,zami-633,True,0.0,0.0,0.0,False,0 rings
ciclopirox,2749.0,9.146501,1.5104297,2749,ciclopirox,True,2.0,1.0,1.0,True,2 rings
buserelin,50225.0,11.665331,2.347598,50225,buserelin,True,6.0,4.0,2.0,True,4+ rings
methocarbamol,688484.0,10.652002,3.5221117,688484,methocarbamol,True,1.0,1.0,0.0,True,1 ring
aloperine,162147.0,8.893845,1.489998,162147,aloperine,True,4.0,0.0,4.0,True,4+ rings
isoliquiritigenin,638278.0,9.070824,2.884018,638278,isoliquiritigenin,True,2.0,2.0,0.0,True,2 rings
rotundine,72301.0,8.632447,3.2465558,72301,rotundine,True,4.0,2.0,2.0,True,4+ rings
bonaphthone,23384.0,9.314655,2.1148546,23384,bonaphthone,True,2.0,1.0,1.0,True,2 rings
taminadenant,53466958.0,9.024413,1.9405365,53466958,taminadenant,True,3.0,3.0,0.0,True,3 rings
maltobionic-acid,7314.0,9.877638,0.5002513,7314,maltobionic-acid,True,1.0,0.0,1.0,True,1 ring
5-methylfurmethiodide,4141.0,9.379623,1.8679023,4141,5-methylfurmethiodide,True,1.0,1.0,0.0,True,1 ring
ecabet,65781.0,10.082841,1.7666565,65781,ecabet,True,3.0,1.0,2.0,True,3 rings
etizolam,3307.0,9.324921,2.1491485,3307,etizolam,True,4.0,3.0,1.0,True,4+ rings
ap1903,16135625.0,8.968838,3.4017649,16135625,ap1903,True,8.0,6.0,2.0,True,4+ rings
kartogenin,2826191.0,9.817957,3.4203136,2826191,kartogenin,True,3.0,3.0,0.0,True,3 rings
tomelukast,3969.0,10.578657,2.1524713,3969,tomelukast,True,2.0,2.0,0.0,True,2 rings
sgs-742,130021.0,10.342734,1.2903751,130021,sgs-742,True,0.0,0.0,0.0,False,0 rings
pco-400,129348.0,8.398966,0.922644,129348,pco-400,True,3.0,1.0,2.0,True,3 rings
ha-966-(s)-(-),183351.0,9.436285,1.4898646,183351,ha-966-(s)-(-),True,1.0,0.0,1.0,True,1 ring
ag-490,5328779.0,8.70344,2.9343956,5328779,ag-490,True,2.0,2.0,0.0,True,2 rings
irl-2500,5311192.0,11.550731,2.7776854,5311192,irl-2500,True,5.0,5.0,0.0,True,4+ rings
tame,1550286.0,11.02821,2.007301,1550286,tame,True,1.0,1.0,0.0,True,1 ring
cycloserine-(d),6234.0,9.147183,1.5248696,6234,cycloserine-(d),True,1.0,0.0,1.0,True,1 ring
tc-i-15,90488948.0,10.576278,2.633015,90488948,tc-i-15,True,3.0,2.0,1.0,True,3 rings
ica-110381,4314115.0,9.802653,3.444368,4314115,ica-110381,True,2.0,2.0,0.0,True,2 rings
salvinorin-a,128563.0,9.301584,1.2445456,128563,salvinorin-a,True,4.0,1.0,3.0,True,4+ rings
pp-121,24905142.0,9.024498,2.1986215,24905142,pp-121,True,5.0,4.0,1.0,True,4+ rings
guanidine,3520.0,9.686331,1.8520135,3520,guanidine,True,0.0,0.0,0.0,False,0 rings
fenofibrate,3339.0,10.015073,2.5640378,3339,fenofibrate,True,2.0,2.0,0.0,True,2 rings
asimadoline,179340.0,10.339823,2.8659601,179340,asimadoline,True,4.0,3.0,1.0,True,4+ rings
ht-2157,,9.5093355,2.7371285,,ht-2157,True,4.0,3.0,1.0,True,4+ rings
kuromanin,441667.0,9.699049,0.23231967,441667,kuromanin,True,4.0,3.0,1.0,True,4+ rings
rose-bengal,25474.0,9.568051,1.9209305,25474,rose-bengal,True,4.0,2.0,2.0,True,4+ rings
bortezomib,387447.0,10.773815,2.4191558,387447,bortezomib,True,2.0,2.0,0.0,True,2 rings
obeticholic-acid,,8.909101,-0.36819038,,obeticholic-acid,True,4.0,0.0,4.0,True,4+ rings
"ici-215,001",164451.0,10.853804,3.713502,164451,"ici-215,001",True,2.0,2.0,0.0,True,2 rings
c188-9,1324494.0,8.822294,2.9119027,1324494,c188-9,True,5.0,5.0,0.0,True,4+ rings
suxibuzone,5362.0,10.75732,1.5612209,5362,suxibuzone,True,3.0,2.0,1.0,True,3 rings
belizatinib,,10.109835,3.3647048,,belizatinib,True,5.0,3.0,2.0,True,4+ rings
vemurafenib,42611257.0,8.924834,2.2407231,42611257,vemurafenib,True,4.0,4.0,0.0,True,4+ rings
ebrotidine,65869.0,9.84097,1.87389,65869,ebrotidine,True,2.0,2.0,0.0,True,2 rings
sb-431542,4521392.0,9.376285,2.553199,4521392,sb-431542,True,5.0,4.0,1.0,True,4+ rings
artemether,68911.0,9.172995,1.1403531,68911,artemether,True,5.0,0.0,5.0,True,4+ rings
desmopressin-acetate,,11.814747,2.2803905,,desmopressin-acetate,True,4.0,2.0,2.0,True,4+ rings
unc3230,46355372.0,9.899365,2.848985,46355372,unc3230,True,3.0,2.0,1.0,True,3 rings
1-(2-chloro-5-methylphenoxy)-3-(isopropylamino)-2-propanol,39359445.0,10.997009,3.9133167,39359445,1-(2-chloro-5-methylphenoxy)-3-(isopropylamino)-2-propanol,True,1.0,1.0,0.0,True,1 ring
norethisterone-enanthate,229295.0,8.433606,-0.21961483,229295,norethisterone-enanthate,True,4.0,0.0,4.0,True,4+ rings
ct-7758,10186367.0,10.887531,2.436106,10186367,ct-7758,True,5.0,3.0,2.0,True,4+ rings
naltrexone,5360515.0,6.2664757,5.2453527,5360515,naltrexone,True,6.0,1.0,5.0,True,4+ rings
palosuran,10173280.0,9.884493,2.8941464,10173280,palosuran,True,4.0,3.0,1.0,True,4+ rings
acrylate,,10.03974,1.677927,,acrylate,True,0.0,0.0,0.0,False,0 rings
elinogrel,16066663.0,9.84315,3.5340474,16066663,elinogrel,True,4.0,4.0,0.0,True,4+ rings
nafadotride,6604854.0,9.412965,4.494968,6604854,nafadotride,True,3.0,2.0,1.0,True,3 rings
th-302,11984561.0,8.903082,1.6224385,11984561,th-302,True,1.0,1.0,0.0,True,1 ring
monostearin,15560610.0,10.917226,1.1884216,15560610,monostearin,True,0.0,0.0,0.0,False,0 rings
pyrithyldione,4994.0,9.075784,1.527177,4994,pyrithyldione,True,1.0,0.0,1.0,True,1 ring
matrine,91466.0,8.978973,1.5909982,91466,matrine,True,4.0,0.0,4.0,True,4+ rings
thymalfasin,16130571.0,11.239874,2.01014,16130571,thymalfasin,True,0.0,0.0,0.0,False,0 rings
sb-408124,4331799.0,9.775754,3.4640253,4331799,sb-408124,True,3.0,3.0,0.0,True,3 rings
propacetamol,68865.0,9.879328,3.5300872,68865,propacetamol,True,1.0,1.0,0.0,True,1 ring
mebicar,122282.0,9.114787,1.7359114,122282,mebicar,True,2.0,0.0,2.0,True,2 rings
procysteine,72390.0,9.96662,1.5788168,72390,procysteine,True,1.0,0.0,1.0,True,1 ring
acedoben,19266.0,9.906148,3.3176212,19266,acedoben,True,1.0,1.0,0.0,True,1 ring
emd-1214063,25171648.0,9.286896,2.3130374,25171648,emd-1214063,True,5.0,4.0,1.0,True,4+ rings
pdp-ea,69724031.0,10.710827,1.4672606,69724031,pdp-ea,True,1.0,1.0,0.0,True,1 ring
chlorphensin-carbamate,73416025.0,10.5803585,3.3113327,73416025,chlorphensin-carbamate,True,1.0,1.0,0.0,True,1 ring
sc-236,9865808.0,8.544752,2.5467048,9865808,sc-236,True,3.0,3.0,0.0,True,3 rings
indomethacin,3715.0,9.184841,3.6423924,3715,indomethacin,True,3.0,3.0,0.0,True,3 rings
idalopirdine,21071390.0,11.477049,2.8170857,21071390,idalopirdine,True,3.0,3.0,0.0,True,3 rings
pdd-00017273,121398766.0,8.434196,2.515578,121398766,pdd-00017273,True,5.0,4.0,1.0,True,4+ rings
as-2034178,24808572.0,10.393528,2.3290074,24808572,as-2034178,True,4.0,3.0,1.0,True,4+ rings
ml323,60167849.0,9.524236,2.9109976,60167849,ml323,True,4.0,4.0,0.0,True,4+ rings
fluoxetine,657320.0,10.462314,2.9335124,657320,fluoxetine,True,2.0,2.0,0.0,True,2 rings
pim-447,44814409.0,9.447649,3.3902102,44814409,pim-447,True,4.0,3.0,1.0,True,4+ rings
hydroxyzine,1548976.0,10.175326,3.6135952,1548976,hydroxyzine,True,3.0,2.0,1.0,True,3 rings
benzyl-benzoate,2345.0,10.384824,2.8266652,2345,benzyl-benzoate,True,2.0,2.0,0.0,True,2 rings
bms-754807,24785538.0,9.665147,3.430472,24785538,bms-754807,True,6.0,4.0,2.0,True,4+ rings
bms-299897,11249248.0,10.574591,1.8823848,11249248,bms-299897,True,3.0,3.0,0.0,True,3 rings
verbascoside,5281800.0,9.701666,0.28406256,5281800,verbascoside,True,4.0,2.0,2.0,True,4+ rings
terutroban,9938840.0,10.37563,2.0289261,9938840,terutroban,True,3.0,2.0,1.0,True,3 rings
cefodizime,5361871.0,13.424522,1.5263376,5361871,cefodizime,True,4.0,2.0,2.0,True,4+ rings
elacridar,119373.0,9.576303,3.5424414,119373,elacridar,True,6.0,5.0,1.0,True,4+ rings
roquinimex,54676478.0,9.877009,2.696223,54676478,roquinimex,True,3.0,3.0,0.0,True,3 rings
psncbam-1,11560249.0,9.735609,3.3432405,11560249,psncbam-1,True,4.0,3.0,1.0,True,4+ rings
bazedoxifene,154257.0,9.507778,2.8585358,154257,bazedoxifene,True,5.0,4.0,1.0,True,4+ rings
raltitrexed,135400182.0,11.162288,1.9306649,135400182,raltitrexed,True,3.0,3.0,0.0,True,3 rings
cpi-613,70881528.0,10.653496,1.9964164,70881528,cpi-613,True,2.0,2.0,0.0,True,2 rings
thiomersal,67361.0,10.06284,2.954343,67361,thiomersal,True,1.0,1.0,0.0,True,1 ring
calcipotriol,5288783.0,2.5571363,2.4745362,5288783,calcipotriol,True,4.0,0.0,4.0,True,4+ rings
mimosine,6971294.0,11.114237,1.9347557,6971294,mimosine,True,1.0,1.0,0.0,True,1 ring
bay-1436032,118310260.0,10.494142,2.2559886,118310260,bay-1436032,True,4.0,3.0,1.0,True,4+ rings
imiquimod,57469.0,9.368824,2.4959397,57469,imiquimod,True,3.0,3.0,0.0,True,3 rings
quinine-ethyl-carbonate,5702001.0,8.147587,3.6260881,5702001,quinine-ethyl-carbonate,True,5.0,2.0,3.0,True,4+ rings
srt2104,25108829.0,9.417547,3.6597042,25108829,srt2104,True,6.0,5.0,1.0,True,4+ rings
vinflunine,11967282.0,8.908217,3.3896515,11967282,vinflunine,True,9.0,3.0,6.0,True,4+ rings
jnj-16259685,,9.305979,2.0872486,,jnj-16259685,True,4.0,2.0,2.0,True,4+ rings
hexamethylenebisacetamide,3616.0,10.428782,2.006017,3616,hexamethylenebisacetamide,True,0.0,0.0,0.0,False,0 rings
combretastatin-a-4,5351344.0,8.775894,3.2039895,5351344,combretastatin-a-4,True,2.0,2.0,0.0,True,2 rings
omapatrilat,656629.0,10.469885,2.6981053,656629,omapatrilat,True,3.0,1.0,2.0,True,3 rings
incb-057643,,9.236078,1.9536706,,incb-057643,True,4.0,1.0,3.0,True,4+ rings
pridinol,4904.0,9.936257,3.0152552,4904,pridinol,True,3.0,2.0,1.0,True,3 rings
msdc-0602k,90835967.0,9.074723,3.0637589,90835967,msdc-0602k,True,3.0,3.0,0.0,True,3 rings
flumazenil,3373.0,10.466494,2.4594793,3373,flumazenil,True,3.0,2.0,1.0,True,3 rings
ethyl-pyruvate,11228779.0,10.384132,2.1116762,11228779,ethyl-pyruvate,True,0.0,0.0,0.0,False,0 rings
ssr180711,9797360.0,9.252303,1.7005304,9797360,ssr180711,True,4.0,1.0,3.0,True,4+ rings
cep-40783,71576419.0,9.426742,3.9059799,71576419,cep-40783,True,5.0,5.0,0.0,True,4+ rings
zk-811752,512282.0,9.950208,2.713988,512282,zk-811752,True,3.0,2.0,1.0,True,3 rings
mebeverine,6604311.0,10.640386,3.1864874,6604311,mebeverine,True,2.0,2.0,0.0,True,2 rings
fomocaine,71693.0,9.643512,3.126483,71693,fomocaine,True,3.0,2.0,1.0,True,3 rings
flunixin-meglumin,38081.0,10.058738,3.357489,38081,flunixin-meglumin,True,2.0,2.0,0.0,True,2 rings
rs-45041-190,127951.0,8.534965,1.717015,127951,rs-45041-190,True,3.0,1.0,2.0,True,3 rings
gw-1100,11692123.0,10.609215,2.8727367,11692123,gw-1100,True,4.0,4.0,0.0,True,4+ rings
mebrofenin,54158.0,10.387557,1.9127301,54158,mebrofenin,True,1.0,1.0,0.0,True,1 ring
picolinic-acid,1018.0,9.643738,3.0421715,1018,picolinic-acid,True,1.0,1.0,0.0,True,1 ring
dpcpx,1329.0,8.71179,1.5363692,1329,dpcpx,True,3.0,2.0,1.0,True,3 rings
dazoxiben,53001.0,10.072915,2.583617,53001,dazoxiben,True,2.0,2.0,0.0,True,2 rings
ethambutol,14052.0,9.884264,1.3735608,14052,ethambutol,True,0.0,0.0,0.0,False,0 rings
delavirdine,5625.0,9.43073,2.8760695,5625,delavirdine,True,4.0,3.0,1.0,True,4+ rings
danusertib,11442891.0,10.109144,3.0887222,11442891,danusertib,True,5.0,3.0,2.0,True,4+ rings
favipiravir,492405.0,9.459329,1.678028,492405,favipiravir,True,1.0,1.0,0.0,True,1 ring
cqs,72462.0,8.214954,2.7141342,72462,cqs,True,3.0,3.0,0.0,True,3 rings
l-lysine,71774817.0,11.160776,1.8477002,71774817,l-lysine,True,0.0,0.0,0.0,False,0 rings
triprolidine,5282443.0,9.4606695,2.9323895,5282443,triprolidine,True,3.0,2.0,1.0,True,3 rings
p5091,2819993.0,8.643655,2.1771052,2819993,p5091,True,2.0,2.0,0.0,True,2 rings
u-0126,54539763.0,9.371976,2.0944963,54539763,u-0126,True,2.0,2.0,0.0,True,2 rings
4e1rcat,16195554.0,9.795456,2.5231934,16195554,4e1rcat,True,5.0,4.0,1.0,True,4+ rings
4-cmtb,854190.0,9.569529,2.6858904,854190,4-cmtb,True,2.0,2.0,0.0,True,2 rings
sb-200646,126769.0,9.470735,3.5969236,126769,sb-200646,True,3.0,3.0,0.0,True,3 rings
saquinavir,441243.0,10.74861,2.4908695,441243,saquinavir,True,5.0,3.0,2.0,True,4+ rings
ac-261066,11530459.0,10.44702,2.3756444,11530459,ac-261066,True,2.0,2.0,0.0,True,2 rings
dixanthogen,10404.0,9.8572445,1.6802505,10404,dixanthogen,True,0.0,0.0,0.0,False,0 rings
tideglusib,11313622.0,9.648955,2.564725,11313622,tideglusib,True,4.0,4.0,0.0,True,4+ rings
saclofen,57453816.0,9.988185,2.004126,57453816,saclofen,True,1.0,1.0,0.0,True,1 ring
androstenone,,8.882317,0.03307353,,androstenone,True,4.0,0.0,4.0,True,4+ rings
mps1-in-1,25195352.0,8.4846325,3.754983,25195352,mps1-in-1,True,5.0,4.0,1.0,True,4+ rings
mocetinostat,9865515.0,9.449816,3.6859574,9865515,mocetinostat,True,4.0,4.0,0.0,True,4+ rings
xav-939,135418940.0,8.999308,1.9750794,135418940,xav-939,True,3.0,2.0,1.0,True,3 rings
dalcetrapib,6918540.0,10.0666685,2.5830715,6918540,dalcetrapib,True,2.0,1.0,1.0,True,2 rings
levonorgestrel,13109.0,8.453604,-0.18359524,13109,levonorgestrel,True,4.0,0.0,4.0,True,4+ rings
flurbiprofen-axetil,40468023.0,10.818569,2.6517048,40468023,flurbiprofen-axetil,True,2.0,2.0,0.0,True,2 rings
deracoxib,3058754.0,8.596998,2.5884693,3058754,deracoxib,True,3.0,3.0,0.0,True,3 rings
lofemizole,71967.0,8.9219,2.1280046,71967,lofemizole,True,2.0,2.0,0.0,True,2 rings
ketotifen,57392700.0,9.216066,2.9200494,57392700,ketotifen,True,4.0,2.0,2.0,True,4+ rings
salubrinal,2305942.0,9.539494,2.9394343,2305942,salubrinal,True,3.0,3.0,0.0,True,3 rings
hsr6071,159466.0,9.461058,1.9831159,159466,hsr6071,True,3.0,2.0,1.0,True,3 rings
cibenzoline,57357423.0,8.471838,1.8072964,57357423,cibenzoline,True,4.0,2.0,2.0,True,4+ rings
gsk163090,11292933.0,8.917686,2.9647064,11292933,gsk163090,True,5.0,3.0,2.0,True,4+ rings
linalool,443158.0,9.623522,1.3333855,443158,linalool,True,0.0,0.0,0.0,False,0 rings
eplerenone,443872.0,8.502057,-0.39496455,443872,eplerenone,True,6.0,0.0,6.0,True,4+ rings
voxelotor,71602803.0,9.24261,2.6439896,71602803,voxelotor,True,3.0,3.0,0.0,True,3 rings
brilliant-green,12450.0,9.7668495,2.6185403,12450,brilliant-green,True,3.0,3.0,0.0,True,3 rings
mrs-2578,16078986.0,9.567026,2.2576177,16078986,mrs-2578,True,2.0,2.0,0.0,True,2 rings
podophyllotoxin,10607.0,8.724562,2.9041502,10607,podophyllotoxin,True,5.0,2.0,3.0,True,4+ rings
rivanicline,5310967.0,9.357371,3.5646243,5310967,rivanicline,True,1.0,1.0,0.0,True,1 ring
imidurea,6604401.0,9.731109,1.5966945,6604401,imidurea,True,2.0,0.0,2.0,True,2 rings
vaborbactam,56649692.0,10.409891,1.9860513,56649692,vaborbactam,True,2.0,1.0,1.0,True,2 rings
mm-11253,10389639.0,10.138484,3.6158528,10389639,mm-11253,True,5.0,3.0,2.0,True,4+ rings
su9516,5289419.0,9.101125,2.885012,5289419,su9516,True,3.0,2.0,1.0,True,3 rings
gefitinib,123631.0,9.042574,4.130143,123631,gefitinib,True,4.0,3.0,1.0,True,4+ rings
nitisinone,5289053.0,8.409282,2.087063,5289053,nitisinone,True,2.0,1.0,1.0,True,2 rings
methyl-5-hydroxytryptamine,14083218.0,11.409549,2.8257961,14083218,methyl-5-hydroxytryptamine,True,2.0,2.0,0.0,True,2 rings
aceclofenac,71771.0,10.078066,2.667336,71771,aceclofenac,True,2.0,2.0,0.0,True,2 rings
futibatinib,71621331.0,9.207011,2.2871342,71621331,futibatinib,True,4.0,3.0,1.0,True,4+ rings
fezolinetant,117604931.0,9.662854,2.0176616,117604931,fezolinetant,True,4.0,3.0,1.0,True,4+ rings
garenoxacin,40461170.0,12.20192,0.6681239,40461170,garenoxacin,True,5.0,3.0,2.0,True,4+ rings
metyrapone,4174.0,9.44998,3.6457891,4174,metyrapone,True,2.0,2.0,0.0,True,2 rings
preladenant,10117987.0,9.608607,3.056113,10117987,preladenant,True,6.0,5.0,1.0,True,4+ rings
avitinib,72734520.0,8.788806,3.7803206,72734520,avitinib,True,5.0,4.0,1.0,True,4+ rings
phenothiazine,7108.0,9.030688,2.992947,7108,phenothiazine,True,3.0,2.0,1.0,True,3 rings
camphor-(+),159055.0,9.12243,1.0629306,159055,camphor-(+),True,2.0,0.0,2.0,True,2 rings
deoxycholic-acid,222528.0,8.9115305,-0.32542065,222528,deoxycholic-acid,True,4.0,0.0,4.0,True,4+ rings
cpi-1205,78320408.0,9.831735,2.8220882,78320408,cpi-1205,True,4.0,3.0,1.0,True,4+ rings
l-cystine,6992103.0,11.179009,1.8421193,6992103,l-cystine,True,0.0,0.0,0.0,False,0 rings
6-iodo-nordihydrocapsaicin,5149140.0,10.852852,1.3587908,5149140,6-iodo-nordihydrocapsaicin,True,1.0,1.0,0.0,True,1 ring
penciclovir,135398748.0,10.402037,-0.08872819,135398748,penciclovir,True,2.0,2.0,0.0,True,2 rings
bifonazole,5459391.0,9.52815,2.4627194,5459391,bifonazole,True,4.0,4.0,0.0,True,4+ rings
ml141,7454812.0,8.564596,2.5284674,7454812,ml141,True,4.0,3.0,1.0,True,4+ rings
tacrolimus,445643.0,9.134386,1.317634,445643,tacrolimus,True,4.0,0.0,4.0,True,4+ rings
aminopterin,169371.0,11.349907,1.891415,169371,aminopterin,True,3.0,3.0,0.0,True,3 rings
brolitene,1550874.0,9.413981,3.0696764,1550874,brolitene,True,1.0,1.0,0.0,True,1 ring
fipronil,15278226.0,9.115413,1.7429024,15278226,fipronil,True,2.0,2.0,0.0,True,2 rings
sf-11,2936384.0,9.933817,3.2175024,2936384,sf-11,True,4.0,3.0,1.0,True,4+ rings
dc-260126,2843133.0,8.703568,2.6219666,2843133,dc-260126,True,2.0,2.0,0.0,True,2 rings
sodium-nitroprusside,,9.236583,1.6237609,,sodium-nitroprusside,True,0.0,0.0,0.0,False,0 rings
jnj-42165279,54576693.0,9.35082,2.7953255,54576693,jnj-42165279,True,4.0,2.0,2.0,True,4+ rings
n20c,6603827.0,10.409572,2.8411353,6603827,n20c,True,2.0,2.0,0.0,True,2 rings
er-50891,10094345.0,10.068707,2.7894819,10094345,er-50891,True,5.0,5.0,0.0,True,4+ rings
beclomethasone-dipropionate,21700.0,8.023342,-1.1939714,21700,beclomethasone-dipropionate,True,4.0,0.0,4.0,True,4+ rings
msdc-0160,36687794.0,10.356936,2.4485917,36687794,msdc-0160,True,3.0,2.0,1.0,True,3 rings
cyromazine,47866.0,9.011329,1.6648804,47866,cyromazine,True,2.0,1.0,1.0,True,2 rings
cycluc1,91885395.0,9.852619,1.652755,91885395,cycluc1,True,4.0,2.0,2.0,True,4+ rings
tomeglovir,475330.0,9.836976,3.3363805,475330,tomeglovir,True,3.0,3.0,0.0,True,3 rings
btt-3033,49841251.0,9.826207,3.3984957,49841251,btt-3033,True,4.0,4.0,0.0,True,4+ rings
chlorprothixene,667467.0,8.82666,3.792246,667467,chlorprothixene,True,3.0,2.0,1.0,True,3 rings
2-chloroadenosine,8974.0,10.415878,-0.60536176,8974,2-chloroadenosine,True,3.0,2.0,1.0,True,3 rings
q-203,68234908.0,10.08186,2.55478,68234908,q-203,True,5.0,4.0,1.0,True,4+ rings
cilastatin,6435415.0,11.178717,1.821429,6435415,cilastatin,True,1.0,0.0,1.0,True,1 ring
plx51107,90448953.0,9.860717,2.8971186,90448953,plx51107,True,5.0,5.0,0.0,True,4+ rings
hippuric-acid,464.0,10.209759,2.962947,464,hippuric-acid,True,1.0,1.0,0.0,True,1 ring
prasterone-acetate,14709.0,8.875353,-0.096274875,14709,prasterone-acetate,True,4.0,0.0,4.0,True,4+ rings
gaba-linoleamide,6438152.0,11.221552,1.0997866,6438152,gaba-linoleamide,True,0.0,0.0,0.0,False,0 rings
gentamycin,72395.0,9.550883,0.3665519,72395,gentamycin,True,3.0,0.0,3.0,True,3 rings
ns-11394,16747643.0,9.307721,2.244965,16747643,ns-11394,True,4.0,4.0,0.0,True,4+ rings
ubenimex,72172.0,10.987188,2.3583665,72172,ubenimex,True,1.0,1.0,0.0,True,1 ring
triptan,10044.0,9.405084,1.6251912,10044,triptan,True,0.0,0.0,0.0,False,0 rings
olodanrigan,9937291.0,10.942926,2.6481802,9937291,olodanrigan,True,5.0,4.0,1.0,True,4+ rings
doxazosin,6604102.0,8.764205,4.209221,6604102,doxazosin,True,5.0,3.0,2.0,True,4+ rings
diltiazem,39186.0,8.841395,3.732461,39186,diltiazem,True,3.0,2.0,1.0,True,3 rings
me-0328,135566764.0,10.371962,2.974064,135566764,me-0328,True,3.0,3.0,0.0,True,3 rings
lisofylline,501254.0,8.264307,1.2182034,501254,lisofylline,True,2.0,2.0,0.0,True,2 rings
azelaic-acid,2266.0,10.60934,1.8039176,2266,azelaic-acid,True,0.0,0.0,0.0,False,0 rings
tamoxifen,2733526.0,10.333381,3.183324,2733526,tamoxifen,True,3.0,3.0,0.0,True,3 rings
azd4635,86676119.0,9.088426,1.9678202,86676119,azd4635,True,3.0,3.0,0.0,True,3 rings
ay-9944,,9.614589,2.5391848,,ay-9944,True,3.0,2.0,1.0,True,3 rings
toceranib,5329106.0,9.9168005,2.9317982,5329106,toceranib,True,4.0,2.0,2.0,True,4+ rings
psb-06126,25124826.0,9.298167,2.4666889,25124826,psb-06126,True,5.0,4.0,1.0,True,4+ rings
ly364947,447966.0,9.219951,2.7266512,447966,ly364947,True,4.0,4.0,0.0,True,4+ rings
benzthiazide,132458842.0,8.202944,2.3438358,132458842,benzthiazide,True,3.0,2.0,1.0,True,3 rings
gdc-0810,56941241.0,9.129189,2.9644158,56941241,gdc-0810,True,4.0,4.0,0.0,True,4+ rings
mirtazapine,3085219.0,9.101807,2.748182,3085219,mirtazapine,True,4.0,2.0,2.0,True,4+ rings
amg-232,58573469.0,10.007727,2.3379724,58573469,amg-232,True,3.0,2.0,1.0,True,3 rings
progesterone,5994.0,8.510058,-0.4772665,5994,progesterone,True,4.0,0.0,4.0,True,4+ rings
r-1479,457388.0,10.607688,-0.63046855,457388,r-1479,True,2.0,1.0,1.0,True,2 rings
costunolide,5281437.0,8.922661,1.0252957,5281437,costunolide,True,2.0,0.0,2.0,True,2 rings
sodium-ascorbate,6857365.0,9.8584795,1.2031173,6857365,sodium-ascorbate,True,1.0,0.0,1.0,True,1 ring
fisetin,5281614.0,9.416815,0.8265778,5281614,fisetin,True,3.0,3.0,0.0,True,3 rings
dinaciclib,46926350.0,9.351247,1.8759738,46926350,dinaciclib,True,4.0,3.0,1.0,True,4+ rings
rwj-67657,3008319.0,9.749189,2.6686776,3008319,rwj-67657,True,4.0,4.0,0.0,True,4+ rings
triptorelin,25074470.0,11.706964,2.2945116,25074470,triptorelin,True,8.0,6.0,2.0,True,4+ rings
ibudilast,3671.0,10.027789,2.2505317,3671,ibudilast,True,2.0,2.0,0.0,True,2 rings
venetoclax,49846579.0,9.416611,3.13145,49846579,venetoclax,True,8.0,5.0,3.0,True,4+ rings
rucaparib,9931954.0,9.119245,1.9259069,9931954,rucaparib,True,4.0,3.0,1.0,True,4+ rings
bindarit,71354.0,10.06356,2.624953,71354,bindarit,True,3.0,3.0,0.0,True,3 rings
autotaxin-modulator-1,,10.321381,1.9027606,,autotaxin-modulator-1,True,5.0,2.0,3.0,True,4+ rings
ivosidenib,71657455.0,9.631246,2.9154902,71657455,ivosidenib,True,5.0,3.0,2.0,True,4+ rings
tizanidine,5487.0,8.4351015,1.7086762,5487,tizanidine,True,3.0,2.0,1.0,True,3 rings
mpep,3025961.0,9.021175,2.3282561,3025961,mpep,True,2.0,2.0,0.0,True,2 rings
gepotidacin,25101874.0,9.142565,1.5427471,25101874,gepotidacin,True,6.0,3.0,3.0,True,4+ rings
unc1215,57339144.0,9.58155,2.988089,57339144,unc1215,True,6.0,2.0,4.0,True,4+ rings
lenalidomide,12044976.0,9.119449,2.3987675,12044976,lenalidomide,True,3.0,1.0,2.0,True,3 rings
ah-7614,233085.0,8.644052,2.5693133,233085,ah-7614,True,4.0,3.0,1.0,True,4+ rings
medica-16,121871.0,10.444353,1.7052916,121871,medica-16,True,0.0,0.0,0.0,False,0 rings
kenpaullone,3820.0,9.213335,2.6025734,3820,kenpaullone,True,4.0,3.0,1.0,True,4+ rings
prx-08066,11502243.0,9.173463,1.9719124,11502243,prx-08066,True,4.0,3.0,1.0,True,4+ rings
miglitol,441314.0,9.419744,1.3888075,441314,miglitol,True,1.0,0.0,1.0,True,1 ring
cep-37440,71721648.0,8.487592,3.7882152,71721648,cep-37440,True,5.0,3.0,2.0,True,4+ rings
tetramethylthiuram-monosulfide,7347.0,9.556033,1.6503303,7347,tetramethylthiuram-monosulfide,True,0.0,0.0,0.0,False,0 rings
rose-bengal-lactone,69439.0,9.358272,2.0540652,69439,rose-bengal-lactone,True,5.0,3.0,2.0,True,4+ rings
palbociclib,5330286.0,9.0420885,1.8602242,5330286,palbociclib,True,5.0,3.0,2.0,True,4+ rings
chc,5328791.0,8.840335,2.8557227,5328791,chc,True,1.0,1.0,0.0,True,1 ring
tiapride,5467.0,10.418344,3.6738157,5467,tiapride,True,1.0,1.0,0.0,True,1 ring
pu-h71,9549213.0,9.507192,1.5140512,9549213,pu-h71,True,4.0,3.0,1.0,True,4+ rings
bergapten,2355.0,9.143074,2.1525135,2355,bergapten,True,3.0,3.0,0.0,True,3 rings
mefenamic-acid,4044.0,10.125309,3.288123,4044,mefenamic-acid,True,2.0,2.0,0.0,True,2 rings
indoximod,6920151.0,10.845438,2.2234056,6920151,indoximod,True,2.0,2.0,0.0,True,2 rings
tenapanor,71587953.0,9.449324,2.3390527,71587953,tenapanor,True,6.0,4.0,2.0,True,4+ rings
hydroxyfasudil,3064778.0,8.835137,2.0500796,3064778,hydroxyfasudil,True,3.0,2.0,1.0,True,3 rings
tolbutamide,5505.0,8.520619,2.6739469,5505,tolbutamide,True,1.0,1.0,0.0,True,1 ring
3-deazauridine,,10.361417,-0.4025427,,3-deazauridine,True,2.0,1.0,1.0,True,2 rings
demecarium,5966.0,9.923039,2.0655043,5966,demecarium,True,2.0,2.0,0.0,True,2 rings
lm11a-31,28174760.0,10.436112,1.9290413,28174760,lm11a-31,True,1.0,0.0,1.0,True,1 ring
ot-r-antagonist-1,9690136.0,10.385806,2.91494,9690136,ot-r-antagonist-1,True,4.0,3.0,1.0,True,4+ rings
etoposide-phosphate,6918092.0,9.218894,1.3002881,6918092,etoposide-phosphate,True,7.0,2.0,5.0,True,4+ rings
larazotide-acetate,9810532.0,11.103931,2.0085647,9810532,larazotide-acetate,True,1.0,0.0,1.0,True,1 ring
egf816,72703790.0,9.858888,3.1795409,72703790,egf816,True,4.0,3.0,1.0,True,4+ rings
gsk2656157,53469059.0,9.577593,2.34606,53469059,gsk2656157,True,5.0,4.0,1.0,True,4+ rings
vu0364739,46937439.0,10.1536,3.6115208,46937439,vu0364739,True,5.0,3.0,2.0,True,4+ rings
arq-092,53262401.0,9.41319,2.6307862,53262401,arq-092,True,6.0,5.0,1.0,True,4+ rings
als-8112,71621663.0,10.616383,-0.6364057,71621663,als-8112,True,2.0,1.0,1.0,True,2 rings
sorbitol,5780.0,10.054921,1.1362085,5780,sorbitol,True,0.0,0.0,0.0,False,0 rings
ly2608204,46832368.0,9.872575,3.1246295,46832368,ly2608204,True,6.0,2.0,4.0,True,4+ rings
olesoxime,9930827.0,8.5531645,-0.4643668,9930827,olesoxime,True,4.0,0.0,4.0,True,4+ rings
trimebutine,13248159.0,10.0583935,3.0018344,13248159,trimebutine,True,2.0,2.0,0.0,True,2 rings
ramelteon,208902.0,9.997127,1.9375647,208902,ramelteon,True,3.0,1.0,2.0,True,3 rings
cg-400549,11844916.0,9.140337,2.2116249,11844916,cg-400549,True,3.0,3.0,0.0,True,3 rings
gr125487,4284721.0,10.251221,3.6760597,4284721,gr125487,True,3.0,2.0,1.0,True,3 rings
tolimidone,39065.0,9.182506,2.2582512,39065,tolimidone,True,2.0,2.0,0.0,True,2 rings
milacemide,53569.0,10.700025,1.3024229,53569,milacemide,True,0.0,0.0,0.0,False,0 rings
pheniramine,667440.0,9.578246,3.3162465,667440,pheniramine,True,2.0,2.0,0.0,True,2 rings
taurine,4068592.0,9.607029,1.5854609,4068592,taurine,True,0.0,0.0,0.0,False,0 rings
tcs-21311,50925411.0,11.382681,2.8471687,50925411,tcs-21311,True,5.0,3.0,2.0,True,4+ rings
sarpogrelate,40468125.0,10.158671,2.9021175,40468125,sarpogrelate,True,2.0,2.0,0.0,True,2 rings
aq-ra741,129989.0,9.456396,2.7982643,129989,aq-ra741,True,4.0,2.0,2.0,True,4+ rings
ursodiol,31401.0,8.90614,-0.37727204,31401,ursodiol,True,4.0,0.0,4.0,True,4+ rings
dorzolamide,5284549.0,9.164331,1.7130569,5284549,dorzolamide,True,2.0,1.0,1.0,True,2 rings
roblitinib,118036971.0,9.626168,1.9255642,118036971,roblitinib,True,4.0,2.0,2.0,True,4+ rings
spautin-1,51037431.0,9.107134,3.8633883,51037431,spautin-1,True,3.0,3.0,0.0,True,3 rings
reynoutrin,5320861.0,9.457441,0.51178753,5320861,reynoutrin,True,4.0,3.0,1.0,True,4+ rings
clemastine,26987.0,9.840421,2.9417794,26987,clemastine,True,3.0,2.0,1.0,True,3 rings
cid-16020046,51436118.0,9.712838,2.549589,51436118,cid-16020046,True,5.0,4.0,1.0,True,4+ rings
pd-166285,5311382.0,10.497013,3.260955,5311382,pd-166285,True,4.0,4.0,0.0,True,4+ rings
nedaplatin,,9.327099,1.678644,,nedaplatin,True,1.0,0.0,1.0,True,1 ring
azapropazone,6604340.0,9.192443,1.9403173,6604340,azapropazone,True,3.0,1.0,2.0,True,3 rings
efonidipine,11764616.0,12.21912,4.1772604,11764616,efonidipine,True,5.0,3.0,2.0,True,4+ rings
mestinon,4991.0,9.918907,2.3356578,4991,mestinon,True,1.0,1.0,0.0,True,1 ring
laquinimod,54677946.0,9.7624655,2.7353776,54677946,laquinimod,True,3.0,3.0,0.0,True,3 rings
telotristat-ethyl,25181577.0,10.818236,2.3579876,25181577,telotristat-ethyl,True,4.0,4.0,0.0,True,4+ rings
2-iodohippuric-acid,8614.0,10.318966,2.721513,8614,2-iodohippuric-acid,True,1.0,1.0,0.0,True,1 ring
aminoglutethimide,1548995.0,9.115089,1.6057677,1548995,aminoglutethimide,True,2.0,1.0,1.0,True,2 rings
tiagabine,60648.0,9.942857,1.8798157,60648,tiagabine,True,3.0,2.0,1.0,True,3 rings
eglumetad,213056.0,9.932408,1.6267878,213056,eglumetad,True,2.0,0.0,2.0,True,2 rings
tetrandrine,73078.0,8.618734,3.2714183,73078,tetrandrine,True,8.0,4.0,4.0,True,4+ rings
carmofur,2577.0,10.7144985,1.3130352,2577,carmofur,True,1.0,1.0,0.0,True,1 ring
acetylspiramycin,,9.253246,0.84610087,,acetylspiramycin,True,4.0,0.0,4.0,True,4+ rings
zoliflodacin,76685216.0,9.091826,1.381672,76685216,zoliflodacin,True,6.0,2.0,4.0,True,4+ rings
asymmetrical-dimethylarginine,123831.0,11.296874,1.8519133,123831,asymmetrical-dimethylarginine,True,0.0,0.0,0.0,False,0 rings
ceforanide,43507.0,13.323743,1.6135051,43507,ceforanide,True,4.0,2.0,2.0,True,4+ rings
o6-benzylguanine,4578.0,8.599273,1.7531555,4578,o6-benzylguanine,True,3.0,3.0,0.0,True,3 rings
exherin,,11.568497,2.323053,,exherin,True,2.0,1.0,1.0,True,2 rings
abt-239,9818903.0,9.216295,1.7791111,9818903,abt-239,True,4.0,3.0,1.0,True,4+ rings
centazolone,72846.0,9.086672,2.4586394,72846,centazolone,True,3.0,3.0,0.0,True,3 rings
forodesine,135409409.0,9.340941,1.4426742,135409409,forodesine,True,3.0,2.0,1.0,True,3 rings
quercetin,5280343.0,9.442182,0.6601507,5280343,quercetin,True,3.0,3.0,0.0,True,3 rings
tc-ask-10,24944925.0,9.779394,3.4896376,24944925,tc-ask-10,True,4.0,4.0,0.0,True,4+ rings
tak-733,24963252.0,8.504194,1.113003,24963252,tak-733,True,3.0,3.0,0.0,True,3 rings
pre-084,126402.0,10.015264,3.1414223,126402,pre-084,True,3.0,1.0,2.0,True,3 rings
iso-1,5288525.0,9.397339,2.5578947,5288525,iso-1,True,2.0,1.0,1.0,True,2 rings
stobadine,108089.0,9.0544,1.9314246,108089,stobadine,True,3.0,1.0,2.0,True,3 rings
ly223982,6444688.0,9.102308,3.0537257,6444688,ly223982,True,3.0,3.0,0.0,True,3 rings
saracatinib,10302451.0,9.197584,3.2456138,10302451,saracatinib,True,6.0,3.0,3.0,True,4+ rings
asa-404,123964.0,10.141955,2.3548234,123964,asa-404,True,3.0,3.0,0.0,True,3 rings
sar131675,71295845.0,10.047445,1.6959654,71295845,sar131675,True,2.0,2.0,0.0,True,2 rings
sc-51089,132749.0,9.413078,2.8032804,132749,sc-51089,True,4.0,3.0,1.0,True,4+ rings
wiki4,2984337.0,8.94292,2.602695,2984337,wiki4,True,6.0,5.0,1.0,True,4+ rings
cenobamate,11962412.0,10.156972,2.5096724,11962412,cenobamate,True,2.0,2.0,0.0,True,2 rings
bet-bay-002,73425805.0,9.015687,2.2292025,73425805,bet-bay-002,True,5.0,4.0,1.0,True,4+ rings
dimaprit,3077.0,9.744515,1.6991624,3077,dimaprit,True,0.0,0.0,0.0,False,0 rings
butacaine,2480.0,10.698927,3.0459268,2480,butacaine,True,1.0,1.0,0.0,True,1 ring
levonordefrin,164739.0,10.925843,2.844941,164739,levonordefrin,True,1.0,1.0,0.0,True,1 ring
octinoxate,6993341.0,9.044527,3.0355303,6993341,octinoxate,True,1.0,1.0,0.0,True,1 ring
afobazole,9862937.0,8.599225,2.5786483,9862937,afobazole,True,3.0,2.0,1.0,True,3 rings
gdc-0077,124173720.0,9.888265,1.6723454,124173720,gdc-0077,True,4.0,2.0,2.0,True,4+ rings
haloperidol,3559.0,10.29216,3.9290555,3559,haloperidol,True,3.0,2.0,1.0,True,3 rings
taprenepag,18376177.0,9.400003,3.6267006,18376177,taprenepag,True,4.0,4.0,0.0,True,4+ rings
3-aqc,3073499.0,9.047205,2.2764287,3073499,3-aqc,True,3.0,2.0,1.0,True,3 rings
entasobulin,10203597.0,9.497856,3.038678,10203597,entasobulin,True,5.0,5.0,0.0,True,4+ rings
ethynylcytidine,176885.0,10.622897,-0.6403139,176885,ethynylcytidine,True,2.0,1.0,1.0,True,2 rings
lafutidine,40490609.0,9.811865,2.7836163,40490609,lafutidine,True,3.0,2.0,1.0,True,3 rings
adapalene,60164.0,9.748433,2.919226,60164,adapalene,True,7.0,3.0,4.0,True,4+ rings
plx8394,90116675.0,9.199234,1.7508626,90116675,plx8394,True,6.0,4.0,2.0,True,4+ rings
cloxyquin,2817.0,9.002431,2.8795168,2817,cloxyquin,True,2.0,2.0,0.0,True,2 rings
roluperidone,9799284.0,10.108344,3.600722,9799284,roluperidone,True,4.0,2.0,2.0,True,4+ rings
buflomedil,2467.0,9.149282,3.6410952,2467,buflomedil,True,2.0,1.0,1.0,True,2 rings
madrasin,135444382.0,8.761387,2.8848672,135444382,madrasin,True,3.0,3.0,0.0,True,3 rings
fucoxanthin,5364094.0,10.2375965,0.89929736,5364094,fucoxanthin,True,3.0,0.0,3.0,True,3 rings
ri-1,1074953.0,9.074931,1.8372293,1074953,ri-1,True,3.0,1.0,2.0,True,3 rings
sirreal-2,1096292.0,9.658617,2.8780482,1096292,sirreal-2,True,4.0,4.0,0.0,True,4+ rings
azd8330,16666708.0,9.922311,1.2620451,16666708,azd8330,True,2.0,2.0,0.0,True,2 rings
levalbuterol,123600.0,11.148832,3.2405758,123600,levalbuterol,True,1.0,1.0,0.0,True,1 ring
pixantrone,134019.0,9.578605,1.8276912,134019,pixantrone,True,3.0,2.0,1.0,True,3 rings
monepantel,44449087.0,9.732154,2.853495,44449087,monepantel,True,2.0,2.0,0.0,True,2 rings
ioversol,6604447.0,10.049144,1.2047803,6604447,ioversol,True,1.0,1.0,0.0,True,1 ring
bt-11,121299620.0,8.585621,2.6637037,121299620,bt-11,True,7.0,6.0,1.0,True,4+ rings
flunisolide,82153.0,8.148442,-1.0363302,82153,flunisolide,True,5.0,0.0,5.0,True,4+ rings
citalopram,146570.0,9.297207,2.1061144,146570,citalopram,True,3.0,2.0,1.0,True,3 rings
pnu-37883,64393.0,9.241235,1.5833977,64393,pnu-37883,True,6.0,0.0,6.0,True,4+ rings
mk-0608,3011893.0,10.470115,-0.56961405,3011893,mk-0608,True,3.0,2.0,1.0,True,3 rings
ticarcillin,36921.0,13.264327,1.9039916,36921,ticarcillin,True,3.0,1.0,2.0,True,3 rings
nitrocaramiphen,3941250.0,10.721419,3.2429068,3941250,nitrocaramiphen,True,2.0,1.0,1.0,True,2 rings
pik-75,10275789.0,8.345699,2.0153992,10275789,pik-75,True,3.0,3.0,0.0,True,3 rings
gts21,5310985.0,8.961875,3.2190604,5310985,gts21,True,3.0,2.0,1.0,True,3 rings
hesperadin,,10.309236,3.4530191,,hesperadin,True,5.0,3.0,2.0,True,4+ rings
cep-32496,56846693.0,9.062183,4.160826,56846693,cep-32496,True,4.0,4.0,0.0,True,4+ rings
udenafil,135564686.0,8.642794,2.2520685,135564686,udenafil,True,4.0,3.0,1.0,True,4+ rings
5-hydroxyectoine,40488256.0,9.816355,1.5981197,40488256,5-hydroxyectoine,True,1.0,0.0,1.0,True,1 ring
sr-27897,122077.0,9.882588,2.634614,122077,sr-27897,True,4.0,4.0,0.0,True,4+ rings
at13148,24905401.0,9.522231,1.6787919,24905401,at13148,True,3.0,3.0,0.0,True,3 rings
pamiparib,135565554.0,9.075936,1.6811918,135565554,pamiparib,True,5.0,2.0,3.0,True,4+ rings
hthq,119193.0,10.712244,1.3178294,119193,hthq,True,1.0,1.0,0.0,True,1 ring
l-hydroxyproline,6971053.0,9.968804,1.5909292,6971053,l-hydroxyproline,True,1.0,0.0,1.0,True,1 ring
nu-7026,9860529.0,9.174158,2.660574,9860529,nu-7026,True,4.0,3.0,1.0,True,4+ rings
pq-401,9549305.0,9.570731,3.1592317,9549305,pq-401,True,3.0,3.0,0.0,True,3 rings
nabumetone,4409.0,8.999246,3.139515,4409,nabumetone,True,2.0,2.0,0.0,True,2 rings
piromidic-acid,4855.0,12.05843,0.77748674,4855,piromidic-acid,True,3.0,2.0,1.0,True,3 rings
procyanidin-b-2,11250133.0,9.52066,0.9325035,11250133,procyanidin-b-2,True,6.0,4.0,2.0,True,4+ rings
ru-ski-43,93160320.0,9.987105,2.4583454,93160320,ru-ski-43,True,3.0,2.0,1.0,True,3 rings
penicillamine-(d),6926437.0,10.589797,1.7401785,6926437,penicillamine-(d),True,0.0,0.0,0.0,False,0 rings
cortisone,222786.0,8.32727,-0.7265427,222786,cortisone,True,4.0,0.0,4.0,True,4+ rings
gsk-j1,56963315.0,10.236141,3.004518,56963315,gsk-j1,True,4.0,3.0,1.0,True,4+ rings
dau-5884,,10.7273655,2.9615004,,dau-5884,True,4.0,1.0,3.0,True,4+ rings
pf-05180999,60143346.0,8.99148,1.9651827,60143346,pf-05180999,True,5.0,4.0,1.0,True,4+ rings
inh1,959043.0,9.9461155,3.2687438,959043,inh1,True,3.0,3.0,0.0,True,3 rings
disodium-sebacate,5192.0,10.576411,1.7908996,5192,disodium-sebacate,True,0.0,0.0,0.0,False,0 rings
rn-1734,3601086.0,9.411933,1.9289566,3601086,rn-1734,True,1.0,1.0,0.0,True,1 ring
thiotepa,5453.0,9.235444,1.6200643,5453,thiotepa,True,3.0,0.0,3.0,True,3 rings
tug-770,66553168.0,10.550691,2.1216,66553168,tug-770,True,2.0,2.0,0.0,True,2 rings
albendazole,2082.0,7.930478,2.8400135,2082,albendazole,True,2.0,2.0,0.0,True,2 rings
methacholine,6603706.0,10.342206,1.6744839,6603706,methacholine,True,0.0,0.0,0.0,False,0 rings
amd11070,11256587.0,8.629624,2.553798,11256587,amd11070,True,4.0,3.0,1.0,True,4+ rings
pargyline,4688.0,9.853785,2.6243052,4688,pargyline,True,1.0,1.0,0.0,True,1 ring
4-(4-fluorobenzoyl)-1-(4-phenylbutyl)-piperidine,5234410.0,10.226371,3.8042803,5234410,4-(4-fluorobenzoyl)-1-(4-phenylbutyl)-piperidine,True,3.0,2.0,1.0,True,3 rings
tropisetron,,11.169087,2.9342759,,tropisetron,True,4.0,2.0,2.0,True,4+ rings
tegobuvir,23649154.0,9.450258,2.4392865,23649154,tegobuvir,True,5.0,3.0,2.0,True,4+ rings
chlorophyllin-copper,,10.708795,1.6564322,,chlorophyllin-copper,True,6.0,2.0,4.0,True,4+ rings
gavestinel,6450546.0,9.843885,3.1306095,6450546,gavestinel,True,3.0,3.0,0.0,True,3 rings
senicapoc,216327.0,10.025936,2.5267234,216327,senicapoc,True,3.0,3.0,0.0,True,3 rings
alpha-tochopherol,1548900.0,10.25842,1.2460414,1548900,alpha-tochopherol,True,2.0,1.0,1.0,True,2 rings
fedratinib,16722836.0,9.344358,3.321109,16722836,fedratinib,True,4.0,3.0,1.0,True,4+ rings
azalomycin-b,6444206.0,9.501939,1.1587081,6444206,azalomycin-b,True,5.0,0.0,5.0,True,4+ rings
htmt,6604743.0,11.53872,2.2690551,6604743,htmt,True,2.0,2.0,0.0,True,2 rings
alisporivir,11513676.0,9.366816,1.2682177,11513676,alisporivir,True,1.0,0.0,1.0,True,1 ring
furagin,6870646.0,8.389536,1.9215739,6870646,furagin,True,2.0,1.0,1.0,True,2 rings
ademetionine,34756.0,10.408939,-0.59098744,34756,ademetionine,True,3.0,2.0,1.0,True,3 rings
pridopidine,9795739.0,9.158704,2.4385397,9795739,pridopidine,True,2.0,1.0,1.0,True,2 rings
evenamide,25105689.0,10.470616,2.652134,25105689,evenamide,True,1.0,1.0,0.0,True,1 ring
mk-886,3651377.0,10.493859,2.3245347,3651377,mk-886,True,3.0,3.0,0.0,True,3 rings
chlorophyllin,,10.709337,1.6666204,,chlorophyllin,True,5.0,2.0,3.0,True,4+ rings
bucetin,6918884.0,9.973788,3.3929186,6918884,bucetin,True,1.0,1.0,0.0,True,1 ring
adatanserin,130918.0,9.722056,3.7571008,130918,adatanserin,True,6.0,1.0,5.0,True,4+ rings
niridazole,6093.0,8.672618,1.6731398,6093,niridazole,True,2.0,1.0,1.0,True,2 rings
sulfamoxole,12894.0,8.197567,2.6922295,12894,sulfamoxole,True,2.0,2.0,0.0,True,2 rings
bts,95801.0,8.819508,2.6911967,95801,bts,True,2.0,2.0,0.0,True,2 rings
org-9768,22152353.0,9.406614,2.0183434,22152353,org-9768,True,2.0,1.0,1.0,True,2 rings
lucitanib,25031915.0,9.122161,3.9788804,25031915,lucitanib,True,5.0,4.0,1.0,True,4+ rings
fph1-(brd-6125),2210370.0,10.010867,3.5324857,2210370,fph1-(brd-6125),True,2.0,2.0,0.0,True,2 rings
ly2157299,10090485.0,9.592949,2.7617314,10090485,ly2157299,True,5.0,4.0,1.0,True,4+ rings
capsaicin,1548943.0,8.855897,3.289486,1548943,capsaicin,True,1.0,1.0,0.0,True,1 ring
trihexyphenidyl,207845.0,10.196447,3.0362575,207845,trihexyphenidyl,True,3.0,1.0,2.0,True,3 rings
flumatinib,46848036.0,9.64973,3.8253806,46848036,flumatinib,True,5.0,4.0,1.0,True,4+ rings
genz-644282,10294813.0,9.083621,1.906937,10294813,genz-644282,True,5.0,4.0,1.0,True,4+ rings
rheochrysidin,10639.0,9.098397,2.6973116,10639,rheochrysidin,True,3.0,2.0,1.0,True,3 rings
enoximone,53708.0,9.599319,1.811323,53708,enoximone,True,2.0,2.0,0.0,True,2 rings
oxa-06,24857242.0,9.535217,2.8704104,24857242,oxa-06,True,4.0,4.0,0.0,True,4+ rings
tributyrin,6050.0,10.780215,1.319923,6050,tributyrin,True,0.0,0.0,0.0,False,0 rings
ornipressin,,11.844385,2.2658303,,ornipressin,True,4.0,2.0,2.0,True,4+ rings
amuvatinib,11282283.0,9.188067,2.832679,11282283,amuvatinib,True,6.0,4.0,2.0,True,4+ rings
irosustat,5287541.0,9.01482,2.0753515,5287541,irosustat,True,3.0,2.0,1.0,True,3 rings
fendiline,36687769.0,10.530725,2.943081,36687769,fendiline,True,3.0,3.0,0.0,True,3 rings
arsenic-trioxide,261004.0,9.164814,1.6918391,261004,arsenic-trioxide,True,0.0,0.0,0.0,False,0 rings
ml298,53393916.0,10.112455,3.6124995,53393916,ml298,True,4.0,2.0,2.0,True,4+ rings
halazone,3552.0,10.107617,2.5386748,3552,halazone,True,1.0,1.0,0.0,True,1 ring
ici-63197,62824.0,9.074072,1.7064805,62824,ici-63197,True,2.0,2.0,0.0,True,2 rings
diacetamate,17499.0,9.875297,3.4834254,17499,diacetamate,True,1.0,1.0,0.0,True,1 ring
pyridoxine,1054.0,9.4142475,1.7662987,1054,pyridoxine,True,1.0,1.0,0.0,True,1 ring
cts-1027,3342298.0,9.455966,2.7606328,3342298,cts-1027,True,3.0,2.0,1.0,True,3 rings
tram-34,656734.0,9.437335,2.3135555,656734,tram-34,True,4.0,4.0,0.0,True,4+ rings
tmph,11207937.0,10.989935,1.261366,11207937,tmph,True,1.0,0.0,1.0,True,1 ring
way-200070,135418373.0,9.278718,2.3959932,135418373,way-200070,True,3.0,3.0,0.0,True,3 rings
puromycin,439530.0,10.388434,-0.63889503,439530,puromycin,True,4.0,3.0,1.0,True,4+ rings
amisulpride,5746246.0,9.466877,4.467571,5746246,amisulpride,True,2.0,1.0,1.0,True,2 rings
tak-220,5275766.0,10.047069,2.648708,5275766,tak-220,True,4.0,2.0,2.0,True,4+ rings
ibrolipim,131601.0,10.24527,2.6752977,131601,ibrolipim,True,2.0,2.0,0.0,True,2 rings
climbazole,25734913.0,9.751868,2.6656046,25734913,climbazole,True,2.0,2.0,0.0,True,2 rings
prednisolone-acetate,5834.0,8.180212,-0.98367685,5834,prednisolone-acetate,True,4.0,0.0,4.0,True,4+ rings
methoxyphenamine,6918906.0,9.632095,3.0242105,6918906,methoxyphenamine,True,1.0,1.0,0.0,True,1 ring
almitrine,33887.0,10.195325,3.5179648,33887,almitrine,True,4.0,3.0,1.0,True,4+ rings
quinidine,441074.0,8.008642,3.688361,441074,quinidine,True,5.0,2.0,3.0,True,4+ rings
nalfurafine,6445230.0,6.264739,5.2474356,6445230,nalfurafine,True,7.0,2.0,5.0,True,4+ rings
dacinostat,6445533.0,11.477359,2.852975,6445533,dacinostat,True,3.0,3.0,0.0,True,3 rings
rgb-286638,11285002.0,9.510388,3.0581331,11285002,rgb-286638,True,6.0,3.0,3.0,True,4+ rings
azithromycin,71206984.0,9.134264,0.65189767,71206984,azithromycin,True,3.0,0.0,3.0,True,3 rings
1-deoxymannojirimycin,72258.0,9.407131,1.3919685,72258,1-deoxymannojirimycin,True,1.0,0.0,1.0,True,1 ring
"2,4-dinitrophenol",1493.0,8.42388,2.1611614,1493,"2,4-dinitrophenol",True,1.0,1.0,0.0,True,1 ring
dextrose,107526.0,10.084631,1.0121536,107526,dextrose,True,0.0,0.0,0.0,False,0 rings
gliquidone,91610.0,8.431981,2.759355,91610,gliquidone,True,4.0,2.0,2.0,True,4+ rings
inca-6,230748.0,9.341313,2.2973814,230748,inca-6,True,6.0,2.0,4.0,True,4+ rings
rs-79948,9908992.0,8.496909,3.0485742,9908992,rs-79948,True,4.0,1.0,3.0,True,4+ rings
tremorine,5534.0,9.508996,2.2402203,5534,tremorine,True,2.0,0.0,2.0,True,2 rings
zoniporide,6433110.0,9.438806,3.5569818,6433110,zoniporide,True,4.0,3.0,1.0,True,4+ rings
sparfloxacin,6956367.0,12.194444,0.6695954,6956367,sparfloxacin,True,4.0,2.0,2.0,True,4+ rings
centanafadine,16095349.0,9.251712,2.0039792,16095349,centanafadine,True,4.0,2.0,2.0,True,4+ rings
2-fluorofucose,446098.0,9.341863,1.0818491,446098,2-fluorofucose,True,1.0,0.0,1.0,True,1 ring
nuvenzepine,65846.0,9.318057,2.746421,65846,nuvenzepine,True,4.0,2.0,2.0,True,4+ rings
qx-222,5014.0,10.081577,3.6607776,5014,qx-222,True,1.0,1.0,0.0,True,1 ring
nisoldipine,28248400.0,12.040217,4.042323,28248400,nisoldipine,True,2.0,1.0,1.0,True,2 rings
olumacostat-glasaretil,89497391.0,10.61827,2.642554,89497391,olumacostat-glasaretil,True,1.0,1.0,0.0,True,1 ring
beta-hydroxybutyrate,441.0,10.50426,1.8780327,441,beta-hydroxybutyrate,True,0.0,0.0,0.0,False,0 rings
ly215490,127894.0,10.0684595,1.620349,127894,ly215490,True,3.0,1.0,2.0,True,3 rings
duloxetine,60835.0,10.692615,3.4622223,60835,duloxetine,True,3.0,3.0,0.0,True,3 rings
cotinine,854019.0,9.329783,3.5654356,854019,cotinine,True,2.0,1.0,1.0,True,2 rings
rac-bhff,7023847.0,9.232513,1.7681587,7023847,rac-bhff,True,2.0,1.0,1.0,True,2 rings
desisobutyryl-ciclesonide,24848783.0,8.1618395,-1.0163296,24848783,desisobutyryl-ciclesonide,True,6.0,0.0,6.0,True,4+ rings
acivicin,16758175.0,10.471043,1.7882133,16758175,acivicin,True,1.0,0.0,1.0,True,1 ring
bmy-14802,10020651.0,10.192242,3.6686869,10020651,bmy-14802,True,3.0,2.0,1.0,True,3 rings
tolazamide,5503.0,8.479179,2.7333965,5503,tolazamide,True,2.0,1.0,1.0,True,2 rings
vx-222,,9.850858,1.8071623,,vx-222,True,3.0,1.0,2.0,True,3 rings
phenol,996.0,9.598058,2.6333117,996,phenol,True,1.0,1.0,0.0,True,1 ring
3-deazaadenosine,12769724.0,10.420498,-0.5890208,12769724,3-deazaadenosine,True,3.0,2.0,1.0,True,3 rings
clinafloxacin,969489.0,12.205534,0.66262335,969489,clinafloxacin,True,4.0,2.0,2.0,True,4+ rings
arv-825,124870683.0,9.54947,3.071218,124870683,arv-825,True,8.0,5.0,3.0,True,4+ rings
parthenolide-(-),5420805.0,8.887764,0.93527764,5420805,parthenolide-(-),True,3.0,0.0,3.0,True,3 rings
byk-204165,25113764.0,9.292887,2.660663,25113764,byk-204165,True,3.0,2.0,1.0,True,3 rings
omeprazole,9568614.0,7.9773197,2.561303,9568614,omeprazole,True,3.0,3.0,0.0,True,3 rings
tolrestat,53359.0,10.291638,2.5015674,53359,tolrestat,True,2.0,2.0,0.0,True,2 rings
vindesine,40839.0,8.910061,3.3385255,40839,vindesine,True,9.0,3.0,6.0,True,4+ rings
bekanamycin,439318.0,9.641042,0.12724234,439318,bekanamycin,True,3.0,0.0,3.0,True,3 rings
sch-900776,46239015.0,9.069144,1.693649,46239015,sch-900776,True,4.0,3.0,1.0,True,4+ rings
piperidolate,688565.0,10.560064,2.9987516,688565,piperidolate,True,3.0,2.0,1.0,True,3 rings
etrabamine,92274373.0,9.132978,1.5978812,92274373,etrabamine,True,2.0,1.0,1.0,True,2 rings
l-kynurenine,6971029.0,11.200761,1.8473781,6971029,l-kynurenine,True,1.0,1.0,0.0,True,1 ring
rilpivirine,6451164.0,9.000368,2.1501906,6451164,rilpivirine,True,3.0,3.0,0.0,True,3 rings
rauwolscine,643606.0,8.932771,3.371063,643606,rauwolscine,True,5.0,2.0,3.0,True,4+ rings
bicalutamide,2375.0,9.729834,3.5450125,2375,bicalutamide,True,2.0,2.0,0.0,True,2 rings
benzoxiquine,6855.0,9.711248,3.0767205,6855,benzoxiquine,True,3.0,3.0,0.0,True,3 rings
smi-4a,1361334.0,8.881781,2.0014555,1361334,smi-4a,True,2.0,1.0,1.0,True,2 rings
ergocalciferol,5280793.0,2.5583398,2.4741757,5280793,ergocalciferol,True,3.0,0.0,3.0,True,3 rings
tyrphostin-a9,5614.0,8.617785,2.0135343,5614,tyrphostin-a9,True,1.0,1.0,0.0,True,1 ring
nomegestrol-acetate,91668.0,8.420084,-0.4914533,91668,nomegestrol-acetate,True,4.0,0.0,4.0,True,4+ rings
5'-chloro-5'-deoxy-enba-(+/-),,10.400801,-0.6260958,,5'-chloro-5'-deoxy-enba-(+/-),True,5.0,2.0,3.0,True,4+ rings
pirquinozol,135449340.0,9.651923,2.8841474,135449340,pirquinozol,True,3.0,3.0,0.0,True,3 rings
epoprostenol,5282411.0,11.081125,1.2678654,5282411,epoprostenol,True,2.0,0.0,2.0,True,2 rings
onx-0914,23642227.0,10.988111,2.4261985,23642227,onx-0914,True,4.0,2.0,2.0,True,4+ rings
nicotinyl-alcohol-tartrate,7510.0,9.35808,3.5724728,7510,nicotinyl-alcohol-tartrate,True,1.0,1.0,0.0,True,1 ring
dichloroacetate,,10.3374,1.779206,,dichloroacetate,True,0.0,0.0,0.0,False,0 rings
bq-123,443289.0,11.560765,2.7961245,443289,bq-123,True,4.0,2.0,2.0,True,4+ rings
cpi-0610,57389999.0,9.521534,2.7295167,57389999,cpi-0610,True,4.0,3.0,1.0,True,4+ rings
as-1892802,46911016.0,10.020613,3.1161797,46911016,as-1892802,True,3.0,3.0,0.0,True,3 rings
hydroxyamphetamine,12234986.0,10.659443,2.449978,12234986,hydroxyamphetamine,True,1.0,1.0,0.0,True,1 ring
cp-673451,10158940.0,8.901051,2.424211,10158940,cp-673451,True,5.0,4.0,1.0,True,4+ rings
igmesine,6438340.0,9.8280325,2.563018,6438340,igmesine,True,3.0,2.0,1.0,True,3 rings
ym-298198,9819432.0,9.346522,1.9513948,9819432,ym-298198,True,4.0,3.0,1.0,True,4+ rings
pha-793887,46191454.0,10.182848,1.8115157,46191454,pha-793887,True,3.0,1.0,2.0,True,3 rings
gsk2636771,56949517.0,10.101946,3.1711245,56949517,gsk2636771,True,4.0,3.0,1.0,True,4+ rings
kf-38789,135565372.0,8.826669,3.1143038,135565372,kf-38789,True,3.0,2.0,1.0,True,3 rings
anecortave-acetate,111332.0,8.270707,-0.8210768,111332,anecortave-acetate,True,4.0,0.0,4.0,True,4+ rings
mk-0893,11570626.0,10.432961,2.772748,11570626,mk-0893,True,5.0,5.0,0.0,True,4+ rings
plinabulin,9949641.0,9.317709,2.3761723,9949641,plinabulin,True,3.0,3.0,0.0,True,3 rings
gsk2801,73010930.0,10.268342,2.8243957,73010930,gsk2801,True,3.0,3.0,0.0,True,3 rings
isotiquimide,76961135.0,9.226795,1.5490749,76961135,isotiquimide,True,2.0,1.0,1.0,True,2 rings
mesoridazine,57146948.0,8.738463,3.9580202,57146948,mesoridazine,True,4.0,2.0,2.0,True,4+ rings
tetrahydrofolic-acid,135398650.0,11.402948,1.8553144,135398650,tetrahydrofolic-acid,True,3.0,2.0,1.0,True,3 rings
l-threonine,6971019.0,10.436763,1.7527524,6971019,l-threonine,True,0.0,0.0,0.0,False,0 rings
qx-314,3925.0,10.0729,3.6868596,3925,qx-314,True,1.0,1.0,0.0,True,1 ring
bisacodyl,2391.0,9.721574,2.9222348,2391,bisacodyl,True,3.0,3.0,0.0,True,3 rings
levocarnitine,10918.0,10.652988,1.7735658,10918,levocarnitine,True,0.0,0.0,0.0,False,0 rings
belotecan,6456014.0,6.9420314,3.349572,6456014,belotecan,True,5.0,3.0,2.0,True,4+ rings
melphalan-n-oxide,11234795.0,11.11965,2.287709,11234795,melphalan-n-oxide,True,1.0,1.0,0.0,True,1 ring
jnj-38877618,57654476.0,8.973422,2.455697,57654476,jnj-38877618,True,5.0,5.0,0.0,True,4+ rings
pentamidine,4735.0,10.166427,2.5480227,4735,pentamidine,True,2.0,2.0,0.0,True,2 rings
selitrectinib,129103609.0,9.002222,1.7207017,129103609,selitrectinib,True,5.0,3.0,2.0,True,4+ rings
cepharanthine,10206.0,8.613195,3.1623185,10206,cepharanthine,True,9.0,4.0,5.0,True,4+ rings
caprylic-acid,379.0,10.862106,1.3923799,379,caprylic-acid,True,0.0,0.0,0.0,False,0 rings
azd8055,25262965.0,8.878546,3.0279288,25262965,azd8055,True,5.0,3.0,2.0,True,4+ rings
h-89,449241.0,9.107852,2.2997088,449241,h-89,True,3.0,3.0,0.0,True,3 rings
etifenin,170344.0,10.373486,2.1374562,170344,etifenin,True,1.0,1.0,0.0,True,1 ring
foxy-5,44628955.0,11.153356,1.9250531,44628955,foxy-5,True,0.0,0.0,0.0,False,0 rings
mk-7622,46207733.0,9.582219,2.5345206,46207733,mk-7622,True,5.0,4.0,1.0,True,4+ rings
s-111,11213350.0,9.457623,0.7651438,11213350,s-111,True,4.0,0.0,4.0,True,4+ rings
fenaclon,9376.0,10.194197,2.7949088,9376,fenaclon,True,1.0,1.0,0.0,True,1 ring
colchicine,6167.0,8.9117365,3.0928638,6167,colchicine,True,3.0,2.0,1.0,True,3 rings
tretinoin,444795.0,10.480162,0.60821265,444795,tretinoin,True,1.0,0.0,1.0,True,1 ring
coenzyme-i,439153.0,10.407092,-0.58448064,439153,coenzyme-i,True,5.0,2.0,3.0,True,4+ rings
ginsenoside-c-k,9852086.0,9.6690035,0.2840253,9852086,ginsenoside-c-k,True,5.0,0.0,5.0,True,4+ rings
gsk2881078,86709174.0,9.354715,1.5603853,86709174,gsk2881078,True,2.0,2.0,0.0,True,2 rings
bay-8002,992293.0,10.007713,3.3186057,992293,bay-8002,True,3.0,3.0,0.0,True,3 rings
fdcyd,515328.0,10.691653,-0.80468696,515328,fdcyd,True,2.0,1.0,1.0,True,2 rings
glycerol-phenylbutyrate,10482134.0,10.6887665,2.442882,10482134,glycerol-phenylbutyrate,True,3.0,3.0,0.0,True,3 rings
soblidotin,6918315.0,10.593646,2.6253943,6918315,soblidotin,True,2.0,1.0,1.0,True,2 rings
batimastat,5362422.0,10.93346,2.3769224,5362422,batimastat,True,2.0,2.0,0.0,True,2 rings
pat-1251,122536283.0,9.892742,2.3331766,122536283,pat-1251,True,3.0,2.0,1.0,True,3 rings
retinyl-acetate,638034.0,10.514934,0.5731079,638034,retinyl-acetate,True,1.0,0.0,1.0,True,1 ring
olmesartan-medoxomil,130881.0,10.932171,3.2859445,130881,olmesartan-medoxomil,True,5.0,5.0,0.0,True,4+ rings
"2,3-cis/exo-camphanediol",11768995.0,9.106429,0.6306733,11768995,"2,3-cis/exo-camphanediol",True,2.0,0.0,2.0,True,2 rings
pantoprazole,11181988.0,7.967242,2.609602,11181988,pantoprazole,True,3.0,3.0,0.0,True,3 rings
quazinone,135511466.0,8.654051,1.473656,135511466,quazinone,True,3.0,1.0,2.0,True,3 rings
nalidixic-acid,4421.0,12.042115,0.79735845,4421,nalidixic-acid,True,2.0,2.0,0.0,True,2 rings
d-64131,3921152.0,9.207042,3.1125789,3921152,d-64131,True,3.0,3.0,0.0,True,3 rings
polidocanol,656641.0,10.666976,1.1838121,656641,polidocanol,True,0.0,0.0,0.0,False,0 rings
buparlisib,16654980.0,8.993058,1.9468591,16654980,buparlisib,True,4.0,2.0,2.0,True,4+ rings
desoxycorticosterone-pivalate,11876263.0,8.449211,-0.54525524,11876263,desoxycorticosterone-pivalate,True,4.0,0.0,4.0,True,4+ rings
neca,448222.0,10.393096,-0.5965806,448222,neca,True,3.0,2.0,1.0,True,3 rings
sng-1153,71621167.0,9.42284,0.9792841,71621167,sng-1153,True,3.0,3.0,0.0,True,3 rings
ptc-209,1117196.0,9.020149,2.0616727,1117196,ptc-209,True,4.0,4.0,0.0,True,4+ rings
nsc-95397,262093.0,9.450697,2.4751346,262093,nsc-95397,True,2.0,1.0,1.0,True,2 rings
emtricitabine,60877.0,10.624486,-0.69400823,60877,emtricitabine,True,2.0,1.0,1.0,True,2 rings
sk&f-10047-(+),3036222.0,9.315564,2.3696234,3036222,sk&f-10047-(+),True,3.0,1.0,2.0,True,3 rings
wiskostatin,981326.0,9.574995,1.684102,981326,wiskostatin,True,3.0,3.0,0.0,True,3 rings
schisandrin-b,174277.0,8.718986,3.0221884,174277,schisandrin-b,True,4.0,2.0,2.0,True,4+ rings
hydrastinine,3397945.0,9.061762,1.8772455,3397945,hydrastinine,True,3.0,1.0,2.0,True,3 rings
cilomilast,,8.487878,3.448784,,cilomilast,True,3.0,1.0,2.0,True,3 rings
moxonidine,4810.0,8.46517,1.6791964,4810,moxonidine,True,2.0,1.0,1.0,True,2 rings
monastrol,794325.0,10.358911,2.664,794325,monastrol,True,2.0,1.0,1.0,True,2 rings
raf709,90408826.0,9.827771,3.6195738,90408826,raf709,True,5.0,3.0,2.0,True,4+ rings
pyronaridine,107771.0,9.256307,2.447939,107771,pyronaridine,True,6.0,4.0,2.0,True,4+ rings
biib021,16736529.0,8.468729,2.2783628,16736529,biib021,True,3.0,3.0,0.0,True,3 rings
amcinonide,40469418.0,8.052239,-1.1646394,40469418,amcinonide,True,6.0,0.0,6.0,True,4+ rings
lansoprazole,9578005.0,8.066772,2.616723,9578005,lansoprazole,True,3.0,3.0,0.0,True,3 rings
ginsenoside-re3,46887680.0,9.639084,0.3044718,46887680,ginsenoside-re3,True,6.0,0.0,6.0,True,4+ rings
cpi-169,71712226.0,9.817155,2.8079765,71712226,cpi-169,True,4.0,3.0,1.0,True,4+ rings
luliconazole,3003141.0,9.272934,2.038366,3003141,luliconazole,True,3.0,2.0,1.0,True,3 rings
ph-797804,22049997.0,9.824033,2.7396796,22049997,ph-797804,True,3.0,3.0,0.0,True,3 rings
amflutizole,54833.0,9.757801,3.0039468,54833,amflutizole,True,2.0,2.0,0.0,True,2 rings
sgc-cbp30,72201027.0,8.895627,3.2845514,72201027,sgc-cbp30,True,5.0,4.0,1.0,True,4+ rings
deferoxamine-mesylate,2973.0,10.44844,1.7251829,2973,deferoxamine-mesylate,True,0.0,0.0,0.0,False,0 rings
am095,46213949.0,10.421553,2.91696,46213949,am095,True,4.0,4.0,0.0,True,4+ rings
ly2603618,11955855.0,9.148007,1.8637766,11955855,ly2603618,True,3.0,2.0,1.0,True,3 rings
l-165041,6603901.0,10.621653,2.1513917,6603901,l-165041,True,2.0,2.0,0.0,True,2 rings
ribitol,,10.07196,1.1126126,,ribitol,True,0.0,0.0,0.0,False,0 rings
ruxolitinib-(s),50878566.0,9.09193,1.7437549,50878566,ruxolitinib-(s),True,4.0,3.0,1.0,True,4+ rings
arecaidine-but-2-ynyl-ester,4214594.0,9.855521,1.8795387,4214594,arecaidine-but-2-ynyl-ester,True,1.0,0.0,1.0,True,1 ring
nadolol,7048578.0,11.176217,4.0443926,7048578,nadolol,True,2.0,1.0,1.0,True,2 rings
ys-201,29942219.0,12.224244,4.180775,29942219,ys-201,True,3.0,1.0,2.0,True,3 rings
sb-222200,6604009.0,10.146557,2.877039,6604009,sb-222200,True,4.0,4.0,0.0,True,4+ rings
vipadenant,21874557.0,9.170607,2.026873,21874557,vipadenant,True,4.0,4.0,0.0,True,4+ rings
bibr-1532,9927531.0,9.924143,3.1770797,9927531,bibr-1532,True,3.0,3.0,0.0,True,3 rings
practolol,6918924.0,10.873013,3.8087416,6918924,practolol,True,1.0,1.0,0.0,True,1 ring
niceritrol,4476.0,9.448748,3.6655936,4476,niceritrol,True,4.0,4.0,0.0,True,4+ rings
gsk2190915,44473151.0,10.427016,2.4951003,44473151,gsk2190915,True,5.0,5.0,0.0,True,4+ rings
coumarin,323.0,9.282371,2.3704243,323,coumarin,True,2.0,2.0,0.0,True,2 rings
gynostemma-extract,46887681.0,9.615774,0.34230462,46887681,gynostemma-extract,True,7.0,0.0,7.0,True,4+ rings
iem1754,9887868.0,9.695536,1.3612187,9887868,iem1754,True,4.0,0.0,4.0,True,4+ rings
i-brd9,91668541.0,9.555854,2.6374614,91668541,i-brd9,True,4.0,3.0,1.0,True,4+ rings
sutezolid,465951.0,9.883717,1.4298928,465951,sutezolid,True,3.0,1.0,2.0,True,3 rings
aj76-(+),122334.0,9.027537,2.9777565,122334,aj76-(+),True,2.0,1.0,1.0,True,2 rings
g-749,78357765.0,9.380838,3.4315352,78357765,g-749,True,5.0,4.0,1.0,True,4+ rings
penicillamine-(racemic),6926437.0,10.619916,1.7682284,6926437,penicillamine-(racemic),True,0.0,0.0,0.0,False,0 rings
tiabendazole,5430.0,8.576299,2.5534663,5430,tiabendazole,True,3.0,3.0,0.0,True,3 rings
mk-1903,49763030.0,9.865443,1.601877,49763030,mk-1903,True,3.0,1.0,2.0,True,3 rings
r547,6918852.0,8.55168,2.7648203,6918852,r547,True,3.0,2.0,1.0,True,3 rings
clofazimine,,9.364682,2.6740854,,clofazimine,True,5.0,3.0,2.0,True,4+ rings
ferrostatin-1,4068248.0,10.588125,2.7729013,4068248,ferrostatin-1,True,2.0,1.0,1.0,True,2 rings
nelfinavir,64143.0,10.061305,3.2920523,64143,nelfinavir,True,4.0,2.0,2.0,True,4+ rings
adomeglivant,91933867.0,10.380862,2.5265825,91933867,adomeglivant,True,3.0,3.0,0.0,True,3 rings
melengestrol-acetate,,8.40705,-0.4786236,,melengestrol-acetate,True,4.0,0.0,4.0,True,4+ rings
yohimbine,8969.0,8.9574,3.3690526,8969,yohimbine,True,5.0,2.0,3.0,True,4+ rings
sb-366791,667594.0,9.160067,3.151322,667594,sb-366791,True,2.0,2.0,0.0,True,2 rings
bromfenac,60726.0,10.249705,2.5380478,60726,bromfenac,True,2.0,2.0,0.0,True,2 rings
pterostilbene,5281727.0,8.936344,2.9863808,5281727,pterostilbene,True,2.0,2.0,0.0,True,2 rings
(s)-(+)-rolipram,158758.0,8.494188,3.3779395,158758,(s)-(+)-rolipram,True,3.0,1.0,2.0,True,3 rings
rp67580,107686.0,9.684408,2.6646008,107686,rp67580,True,5.0,3.0,2.0,True,4+ rings
phenylephrine,6041.0,10.91536,3.0567641,6041,phenylephrine,True,1.0,1.0,0.0,True,1 ring
mps-bay-2a,57381882.0,9.604407,3.0999641,57381882,mps-bay-2a,True,6.0,5.0,1.0,True,4+ rings
alvocidib,5287969.0,9.375229,2.1177042,5287969,alvocidib,True,4.0,3.0,1.0,True,4+ rings
ecamsule-triethanolamine,131634633.0,9.255368,1.6412206,131634633,ecamsule-triethanolamine,True,5.0,1.0,4.0,True,4+ rings
l-655240,122070.0,10.42325,2.3745348,122070,l-655240,True,3.0,3.0,0.0,True,3 rings
cur-61414,10392802.0,9.132446,2.8499303,10392802,cur-61414,True,5.0,2.0,3.0,True,4+ rings
dimetridazole,3090.0,8.692248,1.5156156,3090,dimetridazole,True,1.0,1.0,0.0,True,1 ring
milrinone,4197.0,8.81126,1.926994,4197,milrinone,True,2.0,2.0,0.0,True,2 rings
cc-90003,90331177.0,8.778675,3.3969474,90331177,cc-90003,True,3.0,3.0,0.0,True,3 rings
dmso,21584481.0,9.124943,1.6934355,21584481,dmso,True,0.0,0.0,0.0,False,0 rings
iodipamide,3739.0,10.323556,1.872204,3739,iodipamide,True,2.0,2.0,0.0,True,2 rings
evacetrapib,,10.0041895,1.8221276,,evacetrapib,True,5.0,3.0,2.0,True,4+ rings
frentizole,33334.0,9.495646,3.3372583,33334,frentizole,True,3.0,3.0,0.0,True,3 rings
mk-2206,24964624.0,9.535379,2.564759,24964624,mk-2206,True,6.0,5.0,1.0,True,4+ rings
brompheniramine,16960.0,9.466192,3.308479,16960,brompheniramine,True,2.0,2.0,0.0,True,2 rings
tc-lpa5-4,66552906.0,9.151423,3.0942812,66552906,tc-lpa5-4,True,4.0,3.0,1.0,True,4+ rings
metafolin,135398561.0,11.413532,1.8935196,135398561,metafolin,True,3.0,2.0,1.0,True,3 rings
ceftobiprole,138319339.0,13.375374,1.5731623,138319339,ceftobiprole,True,5.0,1.0,4.0,True,4+ rings
furosemide,3440.0,10.015684,2.9898474,3440,furosemide,True,2.0,2.0,0.0,True,2 rings
ly2801653,44603533.0,9.698193,3.5912416,44603533,ly2801653,True,6.0,6.0,0.0,True,4+ rings
phloretin,4788.0,9.782579,2.1753542,4788,phloretin,True,2.0,2.0,0.0,True,2 rings
bromisoval,146955.0,10.241095,1.7486204,146955,bromisoval,True,0.0,0.0,0.0,False,0 rings
semaxanib,5329098.0,9.397953,2.8731952,5329098,semaxanib,True,3.0,2.0,1.0,True,3 rings
etoposide,36462.0,9.217551,1.333232,36462,etoposide,True,7.0,2.0,5.0,True,4+ rings
torcetrapib,159325.0,10.207225,2.1996176,159325,torcetrapib,True,3.0,2.0,1.0,True,3 rings
iopodic-acid,,10.522384,1.8028215,,iopodic-acid,True,1.0,1.0,0.0,True,1 ring
epz-5676,,10.407422,-0.5973647,,epz-5676,True,6.0,4.0,2.0,True,4+ rings
briciclib,11248490.0,8.740513,3.225729,11248490,briciclib,True,2.0,2.0,0.0,True,2 rings
troleandomycin,,9.263168,0.96941537,,troleandomycin,True,4.0,0.0,4.0,True,4+ rings
phenprobamate,4770.0,10.409075,2.7466152,4770,phenprobamate,True,1.0,1.0,0.0,True,1 ring
suloctidil,657255.0,10.564404,1.2670486,657255,suloctidil,True,1.0,1.0,0.0,True,1 ring
pyrimethamine,4993.0,9.07334,2.0698714,4993,pyrimethamine,True,2.0,2.0,0.0,True,2 rings
pj-34,4858.0,9.747359,3.147244,4858,pj-34,True,3.0,3.0,0.0,True,3 rings
macitentan,16004692.0,9.423656,2.0151498,16004692,macitentan,True,3.0,3.0,0.0,True,3 rings
thz1-r,119081415.0,10.127642,3.4997427,119081415,thz1-r,True,5.0,5.0,0.0,True,4+ rings
pd-158780,4707.0,9.02509,4.0498095,4707,pd-158780,True,3.0,3.0,0.0,True,3 rings
sulphadimethoxine,5323.0,8.196433,2.7261055,5323,sulphadimethoxine,True,2.0,2.0,0.0,True,2 rings
peramivir,154234.0,10.215081,1.7983497,154234,peramivir,True,1.0,0.0,1.0,True,1 ring
sulforaphane,9577379.0,9.311723,1.680848,9577379,sulforaphane,True,0.0,0.0,0.0,False,0 rings
menadione-bisulfite,1711949.0,9.177269,2.418823,1711949,menadione-bisulfite,True,2.0,1.0,1.0,True,2 rings
upf-1069,25015515.0,10.226387,2.8674548,25015515,upf-1069,True,3.0,3.0,0.0,True,3 rings
mf-101,114829.0,9.509626,1.0262309,114829,mf-101,True,3.0,2.0,1.0,True,3 rings
dg051,72199860.0,10.56192,2.0554562,72199860,dg051,True,3.0,2.0,1.0,True,3 rings
dexloxiglumide,65937.0,10.908655,1.5558935,65937,dexloxiglumide,True,1.0,1.0,0.0,True,1 ring
propranolol,62882.0,10.9263935,3.8930693,62882,propranolol,True,2.0,2.0,0.0,True,2 rings
dirithromycin,132274085.0,9.146138,0.6675775,132274085,dirithromycin,True,4.0,0.0,4.0,True,4+ rings
isoconazole,25273632.0,7.7380934,2.3867505,25273632,isoconazole,True,3.0,3.0,0.0,True,3 rings
ptc-028,73427235.0,9.087095,1.939271,73427235,ptc-028,True,4.0,4.0,0.0,True,4+ rings
beta-amyloid-synthesis-inhibitor,9882580.0,9.2750635,2.9636478,9882580,beta-amyloid-synthesis-inhibitor,True,3.0,3.0,0.0,True,3 rings
sulfanilamide,5333.0,8.527346,2.5052469,5333,sulfanilamide,True,1.0,1.0,0.0,True,1 ring
fenobam,135659063.0,9.72757,3.4135041,135659063,fenobam,True,2.0,1.0,1.0,True,2 rings
ly288513,2802894.0,9.770026,2.9922628,2802894,ly288513,True,4.0,3.0,1.0,True,4+ rings
genistein,5280961.0,9.420535,0.72284025,5280961,genistein,True,3.0,3.0,0.0,True,3 rings
lumiracoxib,151166.0,9.948588,2.6043978,151166,lumiracoxib,True,2.0,2.0,0.0,True,2 rings
ly310762,4282258.0,10.201702,3.8757353,4282258,ly310762,True,4.0,2.0,2.0,True,4+ rings
amg-319,68947304.0,8.425716,1.6562577,68947304,amg-319,True,5.0,5.0,0.0,True,4+ rings
emricasan,12000240.0,10.613307,2.4117513,12000240,emricasan,True,2.0,2.0,0.0,True,2 rings
sulpiride,643497.0,9.404919,4.430398,643497,sulpiride,True,2.0,1.0,1.0,True,2 rings
fluphenazine-decanoate,3388.0,8.753961,3.9896088,3388,fluphenazine-decanoate,True,4.0,2.0,2.0,True,4+ rings
piricapiron,5545745.0,9.679764,3.9511616,5545745,piricapiron,True,4.0,1.0,3.0,True,4+ rings
cilengitide,176873.0,11.333155,2.3166716,176873,cilengitide,True,2.0,1.0,1.0,True,2 rings
6-aminochrysene,17534.0,9.255076,2.4707532,17534,6-aminochrysene,True,4.0,4.0,0.0,True,4+ rings
creatinol-phosphate,23342.0,9.834001,1.5129662,23342,creatinol-phosphate,True,0.0,0.0,0.0,False,0 rings
rwj-50271,9953357.0,9.883584,3.1522155,9953357,rwj-50271,True,3.0,3.0,0.0,True,3 rings
acadesine,17513.0,10.471031,-0.5788882,17513,acadesine,True,2.0,1.0,1.0,True,2 rings
skf-38393,6603799.0,9.23238,2.461824,6603799,skf-38393,True,3.0,2.0,1.0,True,3 rings
uki-1,9895193.0,10.589849,2.4420838,9895193,uki-1,True,3.0,2.0,1.0,True,3 rings
tg-100801,11973736.0,9.876462,3.1343243,11973736,tg-100801,True,6.0,5.0,1.0,True,4+ rings
amz30,44607965.0,8.352481,2.1549494,44607965,amz30,True,3.0,3.0,0.0,True,3 rings
dianhydrogalactitol,15942827.0,9.458462,1.3025894,15942827,dianhydrogalactitol,True,2.0,0.0,2.0,True,2 rings
begacestat,11269353.0,9.587641,1.4735366,11269353,begacestat,True,1.0,1.0,0.0,True,1 ring
pf-02413873,16662425.0,9.062445,1.7260094,16662425,pf-02413873,True,3.0,2.0,1.0,True,3 rings
polyinosine,138454308.0,10.432189,-0.5345941,138454308,polyinosine,True,3.0,2.0,1.0,True,3 rings
ethaverine,3280.0,8.819786,3.1227791,3280,ethaverine,True,3.0,3.0,0.0,True,3 rings
entinostat,4261.0,9.466484,3.6005402,4261,entinostat,True,3.0,3.0,0.0,True,3 rings
indapamide,12598931.0,9.261497,2.667138,12598931,indapamide,True,3.0,2.0,1.0,True,3 rings
metaproterenol,25271693.0,11.050277,3.1529174,25271693,metaproterenol,True,1.0,1.0,0.0,True,1 ring
gr46611,6160690.0,11.45269,2.8974931,6160690,gr46611,True,3.0,3.0,0.0,True,3 rings
er-27319,9799509.0,9.38128,2.5106971,9799509,er-27319,True,3.0,3.0,0.0,True,3 rings
amg-176,,9.07713,1.7319486,,amg-176,True,6.0,2.0,4.0,True,4+ rings
iniparib,9796068.0,8.426293,2.131884,9796068,iniparib,True,1.0,1.0,0.0,True,1 ring
cbl0137,44519124.0,10.209924,2.0369406,44519124,cbl0137,True,3.0,3.0,0.0,True,3 rings
metolazone,28125490.0,8.422582,2.4499137,28125490,metolazone,True,3.0,2.0,1.0,True,3 rings
amoxicillin,40467057.0,13.263292,1.8873429,40467057,amoxicillin,True,3.0,1.0,2.0,True,3 rings
nbi-74330-(+/-),45784923.0,9.424069,3.6862664,45784923,nbi-74330-(+/-),True,5.0,5.0,0.0,True,4+ rings
piperaquine-phosphate,122262.0,9.183271,3.3269901,122262,piperaquine-phosphate,True,6.0,4.0,2.0,True,4+ rings
sr-59230a,5311452.0,10.945668,3.896866,5311452,sr-59230a,True,3.0,2.0,1.0,True,3 rings
acitretin,5284513.0,9.9711075,1.6576736,5284513,acitretin,True,1.0,1.0,0.0,True,1 ring
"2,3-dcpe",2250975.0,9.608549,1.6445221,2250975,"2,3-dcpe",True,1.0,1.0,0.0,True,1 ring
rucinol,205912.0,9.558218,2.236198,205912,rucinol,True,1.0,1.0,0.0,True,1 ring
sitagliptin,4369359.0,10.660967,1.892273,4369359,sitagliptin,True,3.0,2.0,1.0,True,3 rings
sdz-21009,6604875.0,11.155052,4.0345063,6604875,sdz-21009,True,2.0,2.0,0.0,True,2 rings
tetracycline,129396784.0,10.375141,0.9443815,129396784,tetracycline,True,4.0,1.0,3.0,True,4+ rings
r-121919,9821250.0,9.01931,1.8848528,9821250,r-121919,True,3.0,3.0,0.0,True,3 rings
zuranolone,86294073.0,9.107489,0.5919659,86294073,zuranolone,True,5.0,1.0,4.0,True,4+ rings
minoxidil,,8.936672,1.8924273,,minoxidil,True,2.0,1.0,1.0,True,2 rings
bms-707035,54682040.0,9.996511,2.8144107,54682040,bms-707035,True,3.0,2.0,1.0,True,3 rings
setipiprant,49843471.0,10.022576,2.6233335,49843471,setipiprant,True,5.0,4.0,1.0,True,4+ rings
mefexamide,4045.0,10.479977,3.5007417,4045,mefexamide,True,1.0,1.0,0.0,True,1 ring
afalanine,74839.0,10.891283,2.5153077,74839,afalanine,True,1.0,1.0,0.0,True,1 ring
dichlorophen,3037.0,9.4298725,2.378776,3037,dichlorophen,True,2.0,2.0,0.0,True,2 rings
l-755507,9829836.0,10.821661,3.7801332,9829836,l-755507,True,3.0,3.0,0.0,True,3 rings
bivalirudin,73952246.0,11.549115,2.2340071,73952246,bivalirudin,True,6.0,3.0,3.0,True,4+ rings
3-anilinopropan-1-ol,410467.0,9.754987,2.794681,410467,3-anilinopropan-1-ol,True,1.0,1.0,0.0,True,1 ring
spiramycin,,9.271582,0.85298145,,spiramycin,True,4.0,0.0,4.0,True,4+ rings
2-ethoxybenzoic-acid,67252.0,10.194373,3.1443782,67252,2-ethoxybenzoic-acid,True,1.0,1.0,0.0,True,1 ring
unc0737,52953431.0,8.959168,4.1564627,52953431,unc0737,True,5.0,2.0,3.0,True,4+ rings
ro-4987655,11548630.0,9.928666,1.1845233,11548630,ro-4987655,True,3.0,2.0,1.0,True,3 rings
jte-907,9867770.0,10.554007,2.0550175,9867770,jte-907,True,4.0,3.0,1.0,True,4+ rings
ganciclovir,135398740.0,10.4215765,-0.18874718,135398740,ganciclovir,True,2.0,2.0,0.0,True,2 rings
azd1480,16659841.0,9.05404,1.9151801,16659841,azd1480,True,3.0,3.0,0.0,True,3 rings
naphazoline,4436.0,8.515868,1.839735,4436,naphazoline,True,3.0,2.0,1.0,True,3 rings
ly3009120,71721540.0,9.774673,1.7877759,71721540,ly3009120,True,3.0,3.0,0.0,True,3 rings
guvacine,40468028.0,9.769189,1.798431,40468028,guvacine,True,1.0,0.0,1.0,True,1 ring
gw-7647,3392731.0,10.254801,2.1576438,3392731,gw-7647,True,3.0,1.0,2.0,True,3 rings
sb-268262,93475590.0,8.427544,2.0868912,93475590,sb-268262,True,3.0,3.0,0.0,True,3 rings
bufexamac,2466.0,10.43984,2.755848,2466,bufexamac,True,1.0,1.0,0.0,True,1 ring
sparteine-sulfate,442965.0,8.956896,1.6488396,442965,sparteine-sulfate,True,4.0,0.0,4.0,True,4+ rings
8-hydroxy-pipat,15288637.0,9.270982,2.62839,15288637,8-hydroxy-pipat,True,2.0,1.0,1.0,True,2 rings
hesperetin,72281.0,9.543904,0.75942826,72281,hesperetin,True,3.0,2.0,1.0,True,3 rings
manidipine,13632719.0,12.221032,4.1786475,13632719,manidipine,True,5.0,3.0,2.0,True,4+ rings
pha-767491,11715767.0,8.899707,1.9475689,11715767,pha-767491,True,3.0,2.0,1.0,True,3 rings
dextromethorphan,5360696.0,8.902181,2.6180422,5360696,dextromethorphan,True,4.0,1.0,3.0,True,4+ rings
gambogic-acid,9852185.0,9.785942,1.4272491,9852185,gambogic-acid,True,7.0,1.0,6.0,True,4+ rings
prt062070,44595079.0,8.722298,3.2216957,44595079,prt062070,True,4.0,2.0,2.0,True,4+ rings
etebenecid,14604.0,10.141599,2.50294,14604,etebenecid,True,1.0,1.0,0.0,True,1 ring
spiperone,5265.0,10.288418,3.9322338,5265,spiperone,True,4.0,2.0,2.0,True,4+ rings
blz945,46184986.0,9.544442,3.366438,46184986,blz945,True,4.0,3.0,1.0,True,4+ rings
ephedrine,9294.0,10.458752,2.915814,9294,ephedrine,True,1.0,1.0,0.0,True,1 ring
c-751,99170.0,10.714094,2.4413943,99170,c-751,True,1.0,1.0,0.0,True,1 ring
eucatropine,42105272.0,10.569528,3.0166306,42105272,eucatropine,True,2.0,1.0,1.0,True,2 rings
tabimorelin,9810101.0,10.180136,2.6611702,9810101,tabimorelin,True,3.0,3.0,0.0,True,3 rings
omarigliptin,46209133.0,9.052628,1.8650373,46209133,omarigliptin,True,4.0,2.0,2.0,True,4+ rings
pentoxifylline,4740.0,8.270754,1.2299925,4740,pentoxifylline,True,2.0,2.0,0.0,True,2 rings
azd6765,9794203.0,9.45554,3.0422704,9794203,azd6765,True,2.0,2.0,0.0,True,2 rings
buspirone,2477.0,9.646271,3.9654682,2477,buspirone,True,4.0,1.0,3.0,True,4+ rings
talabostat,6918572.0,10.455891,1.7630899,6918572,talabostat,True,1.0,0.0,1.0,True,1 ring
alclometasone-dipropionate,,8.097314,-1.1026483,,alclometasone-dipropionate,True,4.0,0.0,4.0,True,4+ rings
bi-78d3,2747117.0,8.744688,1.6985806,2747117,bi-78d3,True,4.0,3.0,1.0,True,4+ rings
flucytosine,3366.0,9.011484,1.7596965,3366,flucytosine,True,1.0,1.0,0.0,True,1 ring
2-methyl-5-hydroxytryptamine,1574.0,9.576831,2.2357411,1574,2-methyl-5-hydroxytryptamine,True,2.0,2.0,0.0,True,2 rings
lincomycin,3000540.0,10.230135,1.4713206,3000540,lincomycin,True,2.0,0.0,2.0,True,2 rings
sofosbuvir-impurity-m,131704521.0,10.516805,-0.45853156,131704521,sofosbuvir-impurity-m,True,3.0,2.0,1.0,True,3 rings
flosequinan,11776383.0,9.159464,1.832241,11776383,flosequinan,True,2.0,2.0,0.0,True,2 rings
bms-777607,24794418.0,9.7036705,3.5989532,24794418,bms-777607,True,4.0,4.0,0.0,True,4+ rings
linaclotide,16158208.0,11.734416,2.2987633,16158208,linaclotide,True,6.0,2.0,4.0,True,4+ rings
tempol,5395.0,9.289703,1.2315164,5395,tempol,True,1.0,0.0,1.0,True,1 ring
lonidamine,39562.0,9.845202,2.6507556,39562,lonidamine,True,3.0,3.0,0.0,True,3 rings
ly303511,3971.0,9.015332,2.4843075,3971,ly303511,True,4.0,3.0,1.0,True,4+ rings
carbinoxamine,170336.0,9.586437,3.3874648,170336,carbinoxamine,True,2.0,2.0,0.0,True,2 rings
ponatinib,24826799.0,9.724863,3.7408702,24826799,ponatinib,True,5.0,4.0,1.0,True,4+ rings
pf-04995274,53354764.0,9.269865,1.9435722,53354764,pf-04995274,True,5.0,2.0,3.0,True,4+ rings
aminothiadiazole,19909.0,9.112096,1.8680568,19909,aminothiadiazole,True,1.0,1.0,0.0,True,1 ring
bisantrene,5351322.0,8.423005,1.7276417,5351322,bisantrene,True,5.0,3.0,2.0,True,4+ rings
rilapladib,9918381.0,9.989246,2.9941714,9918381,rilapladib,True,6.0,5.0,1.0,True,4+ rings
examorelin,6918297.0,11.608816,2.5957668,6918297,examorelin,True,6.0,6.0,0.0,True,4+ rings
tezacaftor,46199646.0,9.871485,1.372073,46199646,tezacaftor,True,5.0,3.0,2.0,True,4+ rings
1-octacosanol,68406.0,10.645935,1.2249731,68406,1-octacosanol,True,0.0,0.0,0.0,False,0 rings
asp-6537,9922739.0,8.830179,2.6669033,9922739,asp-6537,True,3.0,3.0,0.0,True,3 rings
xipamide,26618.0,9.96341,3.5000951,26618,xipamide,True,2.0,2.0,0.0,True,2 rings
rev-5901,40428144.0,10.706124,2.9022949,40428144,rev-5901,True,3.0,3.0,0.0,True,3 rings
cloperastine,688420.0,10.171723,3.4971492,688420,cloperastine,True,3.0,2.0,1.0,True,3 rings
gsk2879552,66571643.0,10.024627,2.7253957,66571643,gsk2879552,True,4.0,2.0,2.0,True,4+ rings
succinobucol,216325.0,8.603215,1.8702599,216325,succinobucol,True,2.0,2.0,0.0,True,2 rings
ethotoin,12309784.0,9.520132,2.465389,12309784,ethotoin,True,2.0,1.0,1.0,True,2 rings
sm-108,13371802.0,9.751629,1.6482801,13371802,sm-108,True,1.0,0.0,1.0,True,1 ring
huperzine-a,854026.0,9.024003,1.7178041,854026,huperzine-a,True,3.0,1.0,2.0,True,3 rings
micronomicin,3037206.0,9.547801,0.3291802,3037206,micronomicin,True,3.0,0.0,3.0,True,3 rings
tp-0903,56839178.0,8.668537,3.6497705,56839178,tp-0903,True,4.0,3.0,1.0,True,4+ rings
cardiogenol-c,11345983.0,9.027971,2.8830583,11345983,cardiogenol-c,True,2.0,2.0,0.0,True,2 rings
trilaciclib,68029831.0,8.829191,2.3689115,68029831,trilaciclib,True,6.0,3.0,3.0,True,4+ rings
quinine,3034034.0,7.997634,3.6921816,3034034,quinine,True,5.0,2.0,3.0,True,4+ rings
pf-8380,25265312.0,9.742089,2.4494638,25265312,pf-8380,True,4.0,3.0,1.0,True,4+ rings
cyclocytidine,25051.0,10.305207,-0.3677879,25051,cyclocytidine,True,3.0,1.0,2.0,True,3 rings
chlorproguanil,9571037.0,9.768233,2.221968,9571037,chlorproguanil,True,1.0,1.0,0.0,True,1 ring
ibc-293,2736690.0,10.126048,2.3077319,2736690,ibc-293,True,2.0,2.0,0.0,True,2 rings
jnj-40411813,25195461.0,9.428372,2.470889,25195461,jnj-40411813,True,3.0,2.0,1.0,True,3 rings
dcpib,12761153.0,10.968758,1.35532,12761153,dcpib,True,3.0,1.0,2.0,True,3 rings
rx-3117,11242315.0,10.605304,-0.6311348,11242315,rx-3117,True,2.0,1.0,1.0,True,2 rings
arotinolol,12797283.0,11.255765,3.1981375,12797283,arotinolol,True,2.0,2.0,0.0,True,2 rings
cx-4945,24748573.0,9.567223,3.4377897,24748573,cx-4945,True,4.0,4.0,0.0,True,4+ rings
unc1999,72551585.0,9.931966,2.164475,72551585,unc1999,True,5.0,4.0,1.0,True,4+ rings
wortmannin,312145.0,9.229507,1.298859,312145,wortmannin,True,5.0,1.0,4.0,True,4+ rings
cinchonine,90454.0,8.037617,3.6297543,90454,cinchonine,True,5.0,2.0,3.0,True,4+ rings
pamabrom,11806.0,8.497044,1.3604857,11806,pamabrom,True,2.0,2.0,0.0,True,2 rings
tc-g-1008,91826086.0,9.411946,3.20191,91826086,tc-g-1008,True,3.0,3.0,0.0,True,3 rings
manitimus,,9.914019,3.3961985,,manitimus,True,1.0,1.0,0.0,True,1 ring
neomycin,8378.0,9.649283,0.11925439,8378,neomycin,True,4.0,0.0,4.0,True,4+ rings
monosodium-alpha-luminol,10638.0,9.134329,2.2680786,10638,monosodium-alpha-luminol,True,2.0,2.0,0.0,True,2 rings
butofilolol,66593644.0,11.150199,4.022133,66593644,butofilolol,True,1.0,1.0,0.0,True,1 ring
hp-228,9876430.0,11.592676,2.5150402,9876430,hp-228,True,4.0,4.0,0.0,True,4+ rings
methylthiouracil,667493.0,9.111319,1.7353541,667493,methylthiouracil,True,1.0,1.0,0.0,True,1 ring
diphenhydramine,3100.0,10.198657,3.2668188,3100,diphenhydramine,True,2.0,2.0,0.0,True,2 rings
entacapone,5281081.0,8.455678,2.2019284,5281081,entacapone,True,1.0,1.0,0.0,True,1 ring
sr-140333,108167.0,10.254059,2.6335158,108167,sr-140333,True,7.0,3.0,4.0,True,4+ rings
bcx-1470,9822205.0,9.716128,2.4077122,9822205,bcx-1470,True,3.0,3.0,0.0,True,3 rings
halcinonide,443943.0,8.08708,-1.1190237,443943,halcinonide,True,5.0,0.0,5.0,True,4+ rings
clorotepine,12765746.0,8.850711,3.526819,12765746,clorotepine,True,4.0,2.0,2.0,True,4+ rings
ft011,23648966.0,9.81622,3.2415771,23648966,ft011,True,2.0,2.0,0.0,True,2 rings
snx-2112,,9.6880865,1.7579472,,snx-2112,True,4.0,2.0,2.0,True,4+ rings
gsk2606414,53469448.0,9.902491,2.7202635,53469448,gsk2606414,True,5.0,4.0,1.0,True,4+ rings
a-485,118958122.0,9.889361,3.3641458,118958122,a-485,True,4.0,2.0,2.0,True,4+ rings
apyramide,50204.0,9.45638,3.6665192,50204,apyramide,True,4.0,4.0,0.0,True,4+ rings
etp-46464,72199292.0,9.025869,2.4349437,72199292,etp-46464,True,6.0,5.0,1.0,True,4+ rings
ipidacrine,604519.0,9.073997,1.8874432,604519,ipidacrine,True,3.0,1.0,2.0,True,3 rings
apafant,65889.0,9.457095,2.6272442,65889,apafant,True,5.0,3.0,2.0,True,4+ rings
anlotinib,25017411.0,8.973729,3.5899487,25017411,anlotinib,True,5.0,4.0,1.0,True,4+ rings
febuprol,36688222.0,10.604015,3.302078,36688222,febuprol,True,1.0,1.0,0.0,True,1 ring
s-3304,10718956.0,11.526992,2.8018265,10718956,s-3304,True,4.0,4.0,0.0,True,4+ rings
a66,42636535.0,9.944479,1.8354038,42636535,a66,True,3.0,2.0,1.0,True,3 rings
oxidopamine,4624.0,9.719779,1.8908392,4624,oxidopamine,True,1.0,1.0,0.0,True,1 ring
hordenine,68313.0,9.688473,2.620631,68313,hordenine,True,1.0,1.0,0.0,True,1 ring
levetiracetam,5284583.0,9.788301,1.6547953,5284583,levetiracetam,True,1.0,0.0,1.0,True,1 ring
dutasteride,6918296.0,8.819138,-0.050398134,6918296,dutasteride,True,5.0,1.0,4.0,True,4+ rings
allicin,51399529.0,9.465714,1.5294709,51399529,allicin,True,0.0,0.0,0.0,False,0 rings
nsc-625987,3004085.0,9.017223,2.8142493,3004085,nsc-625987,True,3.0,3.0,0.0,True,3 rings
declopramide,70177.0,10.557962,3.4996102,70177,declopramide,True,1.0,1.0,0.0,True,1 ring
bismuth-subsalicylate,53629521.0,9.472362,2.4215095,53629521,bismuth-subsalicylate,True,2.0,1.0,1.0,True,2 rings
palmitoylcarnitine,16903.0,10.9297905,1.3248506,16903,palmitoylcarnitine,True,0.0,0.0,0.0,False,0 rings
metformin,4091.0,9.71616,1.7900625,4091,metformin,True,0.0,0.0,0.0,False,0 rings
5-fluoro-3-pyridyl-methanol,152449.0,9.462551,1.9035454,152449,5-fluoro-3-pyridyl-methanol,True,1.0,1.0,0.0,True,1 ring
asiatic-acid,119034.0,9.390352,0.77472603,119034,asiatic-acid,True,5.0,0.0,5.0,True,4+ rings
pentagastrin,9853654.0,11.600212,2.6695127,9853654,pentagastrin,True,3.0,3.0,0.0,True,3 rings
choline-alfoscerate,58381695.0,10.41754,1.3701025,58381695,choline-alfoscerate,True,0.0,0.0,0.0,False,0 rings
nms-873,71521142.0,9.12262,3.3470087,71521142,nms-873,True,5.0,4.0,1.0,True,4+ rings
acedapsone,6477.0,9.657503,3.4809194,6477,acedapsone,True,2.0,2.0,0.0,True,2 rings
mk-5046,49871766.0,9.533457,1.876426,49871766,mk-5046,True,4.0,3.0,1.0,True,4+ rings
pipobroman,4842.0,9.986642,2.039923,4842,pipobroman,True,1.0,0.0,1.0,True,1 ring
ibuprofen-piconol,76968625.0,10.840855,2.4780707,76968625,ibuprofen-piconol,True,2.0,2.0,0.0,True,2 rings
terpene,,9.261642,1.0823586,,terpene,True,1.0,0.0,1.0,True,1 ring
doramapimod,156422.0,9.493363,3.377476,156422,doramapimod,True,5.0,4.0,1.0,True,4+ rings
jte-607,9938545.0,10.775147,2.6054983,9938545,jte-607,True,3.0,2.0,1.0,True,3 rings
sb-242235,9863367.0,9.024223,1.8304099,9863367,sb-242235,True,4.0,3.0,1.0,True,4+ rings
lonafarnib,148195.0,9.915046,1.7396631,148195,lonafarnib,True,5.0,2.0,3.0,True,4+ rings
trimethoquinol,12224034.0,8.668977,3.1623328,12224034,trimethoquinol,True,3.0,2.0,1.0,True,3 rings
ku14r,92179136.0,9.14364,1.9312593,92179136,ku14r,True,3.0,2.0,1.0,True,3 rings
epptb,25175634.0,9.793316,3.6354332,25175634,epptb,True,3.0,2.0,1.0,True,3 rings
leflunomide,3899.0,9.867928,3.5624123,3899,leflunomide,True,2.0,2.0,0.0,True,2 rings
tetomilast,3025803.0,9.968924,2.7645798,3025803,tetomilast,True,3.0,3.0,0.0,True,3 rings
prlx-93936,11559627.0,9.053513,2.6026146,11559627,prlx-93936,True,4.0,3.0,1.0,True,4+ rings
revaprazan,40462255.0,9.262307,2.1892533,40462255,revaprazan,True,4.0,3.0,1.0,True,4+ rings
chromanol-(+/-),90479790.0,8.43004,0.94898427,90479790,chromanol-(+/-),True,4.0,2.0,2.0,True,4+ rings
statil,5278.0,10.077708,2.5533805,5278,statil,True,3.0,3.0,0.0,True,3 rings
eact,3173542.0,9.253352,3.3117766,3173542,eact,True,3.0,3.0,0.0,True,3 rings
proquazone,31508.0,9.136959,2.4193354,31508,proquazone,True,3.0,3.0,0.0,True,3 rings
pf-573228,11612883.0,9.184241,3.1162937,11612883,pf-573228,True,4.0,3.0,1.0,True,4+ rings
dantron,2950.0,9.288906,2.4769044,2950,dantron,True,3.0,2.0,1.0,True,3 rings
oxypurinol,135398752.0,8.987151,1.7135508,135398752,oxypurinol,True,2.0,0.0,2.0,True,2 rings
selinexor,71481097.0,9.652788,2.0724819,71481097,selinexor,True,3.0,3.0,0.0,True,3 rings
mitapivat,59634741.0,9.474656,3.0763083,59634741,mitapivat,True,5.0,3.0,2.0,True,4+ rings
ns-9283,11998180.0,9.244818,3.4682362,11998180,ns-9283,True,3.0,3.0,0.0,True,3 rings
betaine,248.0,10.405902,1.7635064,248,betaine,True,0.0,0.0,0.0,False,0 rings
vixotrigine,16046068.0,9.915115,2.5274253,16046068,vixotrigine,True,3.0,2.0,1.0,True,3 rings
nefopam,184147.0,9.360608,2.5715616,184147,nefopam,True,3.0,2.0,1.0,True,3 rings
pimecrolimus,133659920.0,9.07907,1.2920718,133659920,pimecrolimus,True,4.0,0.0,4.0,True,4+ rings
cyclosporin-a,5284373.0,9.294473,1.2616954,5284373,cyclosporin-a,True,1.0,0.0,1.0,True,1 ring
ly2365109,11552757.0,10.171068,1.84323,11552757,ly2365109,True,3.0,2.0,1.0,True,3 rings
pf-06260414,76071881.0,8.976118,1.816173,76071881,pf-06260414,True,3.0,2.0,1.0,True,3 rings
rostafuroxine,153976.0,8.914559,-0.016157988,153976,rostafuroxine,True,5.0,1.0,4.0,True,4+ rings
ly3023414,57519748.0,8.949713,1.8734965,57519748,ly3023414,True,4.0,4.0,0.0,True,4+ rings
skf-86002,5228.0,8.808518,2.0726798,5228,skf-86002,True,4.0,3.0,1.0,True,4+ rings
gadoterate-meglumine,121841.0,9.978998,2.2493966,121841,gadoterate-meglumine,True,1.0,0.0,1.0,True,1 ring
celecoxib,2662.0,8.545629,2.5089564,2662,celecoxib,True,3.0,3.0,0.0,True,3 rings
sp-100030,9910975.0,9.769434,3.333157,9910975,sp-100030,True,2.0,2.0,0.0,True,2 rings
voxtalisib,16123056.0,9.170915,1.9393426,16123056,voxtalisib,True,3.0,3.0,0.0,True,3 rings
astaxanthin,5281224.0,10.384803,0.68338823,5281224,astaxanthin,True,2.0,0.0,2.0,True,2 rings
cid-2745687,9581011.0,9.644171,2.5100148,9581011,cid-2745687,True,2.0,2.0,0.0,True,2 rings
triclocarban,7547.0,9.725479,3.3647418,7547,triclocarban,True,2.0,2.0,0.0,True,2 rings
gant-58,253078.0,8.981981,2.0711696,253078,gant-58,True,5.0,5.0,0.0,True,4+ rings
bacitracin,,11.631183,2.3235316,,bacitracin,True,4.0,2.0,2.0,True,4+ rings
ly2828360,46833780.0,9.072612,2.7989292,46833780,ly2828360,True,5.0,3.0,2.0,True,4+ rings
lmk-235,71520717.0,10.364316,2.0495653,71520717,lmk-235,True,1.0,1.0,0.0,True,1 ring
riboflavin-tetrabutyrate,92140.0,10.413565,1.3570467,92140,riboflavin-tetrabutyrate,True,3.0,1.0,2.0,True,3 rings
repotrectinib,,9.0793705,1.5845721,,repotrectinib,True,4.0,3.0,1.0,True,4+ rings
am211,44158492.0,10.228928,2.8171802,44158492,am211,True,3.0,3.0,0.0,True,3 rings
nicotine,89594.0,9.23328,3.422953,89594,nicotine,True,2.0,1.0,1.0,True,2 rings
acalabrutinib,71226662.0,9.514225,3.1262546,71226662,acalabrutinib,True,5.0,4.0,1.0,True,4+ rings
aclarubicin,86289437.0,8.746629,2.7624114,86289437,aclarubicin,True,7.0,2.0,5.0,True,4+ rings
ocinaplon,216456.0,9.621396,2.8640232,216456,ocinaplon,True,4.0,4.0,0.0,True,4+ rings
sb-203580,40467016.0,8.758015,2.0877066,40467016,sb-203580,True,4.0,4.0,0.0,True,4+ rings
pinaverium,73416161.0,8.810624,2.9002144,73416161,pinaverium,True,5.0,1.0,4.0,True,4+ rings
letermovir,45138674.0,9.067757,3.2290761,45138674,letermovir,True,5.0,3.0,2.0,True,4+ rings
c106,11957647.0,9.359479,3.605309,11957647,c106,True,4.0,3.0,1.0,True,4+ rings
dabigatran-etexilate,9578572.0,10.654496,2.8369021,9578572,dabigatran-etexilate,True,4.0,4.0,0.0,True,4+ rings
tcs-2210,44607172.0,10.065669,2.7559736,44607172,tcs-2210,True,3.0,3.0,0.0,True,3 rings
kp-1212,71167912.0,10.696543,-0.812382,71167912,kp-1212,True,2.0,0.0,2.0,True,2 rings
o-304,50923806.0,9.89815,3.040874,50923806,o-304,True,3.0,3.0,0.0,True,3 rings
mln9708,56844015.0,10.633349,2.3385766,56844015,mln9708,True,2.0,1.0,1.0,True,2 rings
perhexiline,38988177.0,9.28448,1.5708919,38988177,perhexiline,True,3.0,0.0,3.0,True,3 rings
ji-101,11691242.0,9.220806,3.1956687,11691242,ji-101,True,4.0,4.0,0.0,True,4+ rings
brequinar,57030.0,10.1651945,2.7496593,57030,brequinar,True,4.0,4.0,0.0,True,4+ rings
amyleine,66584276.0,10.399692,2.8390245,66584276,amyleine,True,1.0,1.0,0.0,True,1 ring
enasidenib,89683805.0,9.386139,1.9734524,89683805,enasidenib,True,3.0,3.0,0.0,True,3 rings
lp-533401,124424929.0,10.9828205,2.3195238,124424929,lp-533401,True,4.0,4.0,0.0,True,4+ rings
e-64,123985.0,10.910197,1.9299524,123985,e-64,True,1.0,0.0,1.0,True,1 ring
imisopasem-manganese,,9.0209465,1.7778863,,imisopasem-manganese,True,7.0,1.0,6.0,True,4+ rings
l-alanine,7311724.0,10.549036,1.8632957,7311724,l-alanine,True,0.0,0.0,0.0,False,0 rings
gdc-0980,25254071.0,9.831248,1.8415595,25254071,gdc-0980,True,5.0,3.0,2.0,True,4+ rings
sofalcone,5282219.0,8.98112,3.0925922,5282219,sofalcone,True,2.0,2.0,0.0,True,2 rings
3-(4-methylbenzylidene)camphor,38988322.0,9.05762,1.4629223,38988322,3-(4-methylbenzylidene)camphor,True,3.0,1.0,2.0,True,3 rings
vincristine,5388993.0,8.889619,3.3984962,5388993,vincristine,True,9.0,3.0,6.0,True,4+ rings
neohesperidin,442439.0,9.623473,0.3623191,442439,neohesperidin,True,5.0,2.0,3.0,True,4+ rings
nfkb-activation-inhibitor-ii,16760588.0,10.086868,2.8127773,16760588,nfkb-activation-inhibitor-ii,True,2.0,2.0,0.0,True,2 rings
formoterol,3034756.0,11.046064,3.088181,3034756,formoterol,True,2.0,2.0,0.0,True,2 rings
epz004777,56962336.0,10.4433,-0.57125187,56962336,epz004777,True,4.0,3.0,1.0,True,4+ rings
ots167,,9.313375,2.237555,,ots167,True,4.0,3.0,1.0,True,4+ rings
gsk2837808a,71533725.0,9.869959,2.7869773,71533725,gsk2837808a,True,6.0,5.0,1.0,True,4+ rings
glecaprevir,66828839.0,9.248912,2.0957813,66828839,glecaprevir,True,7.0,2.0,5.0,True,4+ rings
isopropyl-myristate,8042.0,10.952332,1.2161286,8042,isopropyl-myristate,True,0.0,0.0,0.0,False,0 rings
ag-555,5328770.0,8.760511,2.9074287,5328770,ag-555,True,2.0,2.0,0.0,True,2 rings
k-map,40510055.0,9.756285,0.3282041,40510055,k-map,True,2.0,1.0,1.0,True,2 rings
salazodine,65707.0,10.018306,2.7906313,65707,salazodine,True,3.0,3.0,0.0,True,3 rings
menadione,4055.0,9.270285,2.5237012,4055,menadione,True,2.0,1.0,1.0,True,2 rings
mericitabine,16122663.0,10.6075115,-0.60368794,16122663,mericitabine,True,2.0,1.0,1.0,True,2 rings
oxytocin,133698923.0,11.857173,2.2684588,133698923,oxytocin,True,3.0,1.0,2.0,True,3 rings
zopolrestat,1613.0,9.854615,2.7920923,1613,zopolrestat,True,4.0,4.0,0.0,True,4+ rings
alpha-linolenic-acid,5280934.0,11.160941,1.187173,5280934,alpha-linolenic-acid,True,0.0,0.0,0.0,False,0 rings
fenretinide,5288209.0,10.493262,0.61307406,5288209,fenretinide,True,2.0,1.0,1.0,True,2 rings
ibotenic-acid,6971210.0,11.085056,2.1331768,6971210,ibotenic-acid,True,1.0,1.0,0.0,True,1 ring
imidapril,5464343.0,11.18681,2.4189668,5464343,imidapril,True,2.0,1.0,1.0,True,2 rings
artemotil,3000469.0,9.115943,1.1449715,3000469,artemotil,True,5.0,0.0,5.0,True,4+ rings
lasalocid,5360807.0,10.4634285,1.7165499,5360807,lasalocid,True,3.0,1.0,2.0,True,3 rings
mln8054,11712649.0,9.823188,3.0123706,11712649,mln8054,True,5.0,4.0,1.0,True,4+ rings
pyrrolidine-dithiocarbamate,65351.0,9.39048,2.0594091,65351,pyrrolidine-dithiocarbamate,True,1.0,0.0,1.0,True,1 ring
ectoine,6993223.0,9.9589615,1.5890003,6993223,ectoine,True,1.0,0.0,1.0,True,1 ring
m-14157,1825.0,11.007348,1.31954,1825,m-14157,True,0.0,0.0,0.0,False,0 rings
cdppb,11245456.0,9.950235,3.090524,11245456,cdppb,True,4.0,4.0,0.0,True,4+ rings
cromoglicic-acid,2882.0,10.529604,2.8633578,2882,cromoglicic-acid,True,4.0,4.0,0.0,True,4+ rings
eucalyptol,2758.0,9.145795,1.1179024,2758,eucalyptol,True,3.0,0.0,3.0,True,3 rings
propyphenazone,3778.0,8.272247,3.2627733,3778,propyphenazone,True,2.0,2.0,0.0,True,2 rings
adrafinil,25271624.0,10.410942,2.6188128,25271624,adrafinil,True,2.0,2.0,0.0,True,2 rings
everolimus,,8.94687,1.0767267,,everolimus,True,4.0,0.0,4.0,True,4+ rings
vernakalant,9930049.0,8.794133,3.2755072,9930049,vernakalant,True,3.0,1.0,2.0,True,3 rings
cym-50358,53358422.0,9.596105,3.2452466,53358422,cym-50358,True,3.0,3.0,0.0,True,3 rings
apararenone,24744336.0,9.025517,1.9261822,24744336,apararenone,True,3.0,2.0,1.0,True,3 rings
rg7834,134305955.0,10.32305,1.9311019,134305955,rg7834,True,3.0,2.0,1.0,True,3 rings
alanosine,90657278.0,11.148517,1.8493359,90657278,alanosine,True,0.0,0.0,0.0,False,0 rings
dasotraline,9947999.0,9.249902,2.0560155,9947999,dasotraline,True,3.0,2.0,1.0,True,3 rings
pidotimod,65944.0,9.87485,1.5716174,65944,pidotimod,True,2.0,0.0,2.0,True,2 rings
sew-2871,4077460.0,9.799556,2.8123202,4077460,sew-2871,True,4.0,4.0,0.0,True,4+ rings
putrescine,1045.0,9.680323,1.5714262,1045,putrescine,True,0.0,0.0,0.0,False,0 rings
mc-1,1051.0,9.597661,1.7231637,1051,mc-1,True,1.0,1.0,0.0,True,1 ring
smer-28,1560402.0,9.032015,3.9812844,1560402,smer-28,True,2.0,2.0,0.0,True,2 rings
nimesulide,4495.0,8.335214,2.2200367,4495,nimesulide,True,2.0,2.0,0.0,True,2 rings
vu591,44123657.0,8.359033,2.136249,44123657,vu591,True,4.0,4.0,0.0,True,4+ rings
pikamilone,60608.0,9.53189,3.6936278,60608,pikamilone,True,1.0,1.0,0.0,True,1 ring
emetine,10219.0,8.598032,3.2909455,10219,emetine,True,5.0,2.0,3.0,True,4+ rings
amdinocillin,,13.218146,1.9030833,,amdinocillin,True,3.0,0.0,3.0,True,3 rings
kw-2478,23116322.0,9.063324,3.3457196,23116322,kw-2478,True,3.0,2.0,1.0,True,3 rings
tivantinib,11494412.0,11.307804,2.8534112,11494412,tivantinib,True,6.0,4.0,2.0,True,4+ rings
mitoquinone,11388332.0,9.667297,2.5082052,11388332,mitoquinone,True,4.0,3.0,1.0,True,4+ rings
adrenalone,7436.0,10.045357,2.3856888,7436,adrenalone,True,1.0,1.0,0.0,True,1 ring
ml297,56642816.0,9.752429,3.3287263,56642816,ml297,True,3.0,3.0,0.0,True,3 rings
a740003,98050091.0,8.927497,3.327975,98050091,a740003,True,3.0,3.0,0.0,True,3 rings
diatrizoic-acid,2140.0,10.148544,1.6556475,2140,diatrizoic-acid,True,1.0,1.0,0.0,True,1 ring
omega-3-acid-esters,9831415.0,11.16699,1.1860328,9831415,omega-3-acid-esters,True,0.0,0.0,0.0,False,0 rings
vedaprofen,25271747.0,10.560741,2.5889244,25271747,vedaprofen,True,3.0,2.0,1.0,True,3 rings
integrin-antagonist-1,86272865.0,10.319844,2.91672,86272865,integrin-antagonist-1,True,5.0,3.0,2.0,True,4+ rings
chicago-sky-blue-6b,6817703.0,9.040917,2.3002667,6817703,chicago-sky-blue-6b,True,6.0,4.0,2.0,True,4+ rings
l-nil,2733506.0,11.28724,1.8349584,2733506,l-nil,True,0.0,0.0,0.0,False,0 rings
2-(1-adamantylamino)benzoic-acid,2847479.0,10.158027,3.2423894,2847479,2-(1-adamantylamino)benzoic-acid,True,5.0,1.0,4.0,True,4+ rings
alpidem,54897.0,9.667857,2.1178467,54897,alpidem,True,3.0,3.0,0.0,True,3 rings
rimonabant,104850.0,8.372612,3.061531,104850,rimonabant,True,4.0,3.0,1.0,True,4+ rings
fosfomycin,446987.0,9.4993925,1.1137034,446987,fosfomycin,True,1.0,0.0,1.0,True,1 ring
xylazine,5707.0,9.32498,2.1782286,5707,xylazine,True,2.0,1.0,1.0,True,2 rings
nsc-23766,7959890.0,9.118831,3.0873694,7959890,nsc-23766,True,3.0,3.0,0.0,True,3 rings
theaflavin,,9.536483,0.88823706,,theaflavin,True,6.0,2.0,4.0,True,4+ rings
dipyridamole,3108.0,9.381364,1.6321709,3108,dipyridamole,True,4.0,2.0,2.0,True,4+ rings
spironolactone,5833.0,8.455755,-0.4937525,5833,spironolactone,True,5.0,0.0,5.0,True,4+ rings
timofibrate,51371472.0,10.095927,2.3986933,51371472,timofibrate,True,2.0,1.0,1.0,True,2 rings
carzenide,8739.0,9.85662,2.616876,8739,carzenide,True,1.0,1.0,0.0,True,1 ring
baicalin,,9.739508,2.4087422,,baicalin,True,4.0,1.0,3.0,True,4+ rings
imazodan,55918.0,9.128688,1.7772404,55918,imazodan,True,3.0,2.0,1.0,True,3 rings
alarelin,9855027.0,11.68695,2.2961757,9855027,alarelin,True,6.0,4.0,2.0,True,4+ rings
hydroxyurea,3657.0,9.885976,1.8641397,3657,hydroxyurea,True,0.0,0.0,0.0,False,0 rings
pimozide,16362.0,10.212667,3.9075692,16362,pimozide,True,5.0,4.0,1.0,True,4+ rings
pz-2891,132260806.0,10.253738,1.9882283,132260806,pz-2891,True,3.0,2.0,1.0,True,3 rings
uridine,6029.0,10.479213,-0.48788345,6029,uridine,True,2.0,1.0,1.0,True,2 rings
esomeprazole,9568614.0,7.965111,2.5782354,9568614,esomeprazole,True,3.0,3.0,0.0,True,3 rings
dioscin,119245.0,9.028968,-0.03857582,119245,dioscin,True,9.0,0.0,9.0,True,4+ rings
picartamide,76960918.0,9.357804,2.8658903,76960918,picartamide,True,2.0,1.0,1.0,True,2 rings
aramchol,18738120.0,8.971842,-0.36315086,18738120,aramchol,True,4.0,0.0,4.0,True,4+ rings
pyrithione-zinc,,9.333123,2.163432,,pyrithione-zinc,True,4.0,2.0,2.0,True,4+ rings
bleomycin,,9.8781395,0.32639834,,bleomycin,True,6.0,4.0,2.0,True,4+ rings
aloe-emodin,10207.0,9.2652645,2.5168676,10207,aloe-emodin,True,3.0,2.0,1.0,True,3 rings
mk-1064,44633765.0,9.447007,3.3916612,44633765,mk-1064,True,4.0,4.0,0.0,True,4+ rings
sb-218795,6604858.0,10.046077,2.8019233,6604858,sb-218795,True,4.0,4.0,0.0,True,4+ rings
tecalcet,158797.0,10.472345,2.9241273,158797,tecalcet,True,2.0,2.0,0.0,True,2 rings
iocetamic-acid,76964490.0,10.496731,1.7705656,76964490,iocetamic-acid,True,1.0,1.0,0.0,True,1 ring
bictegravir,90311989.0,9.326469,1.5261074,90311989,bictegravir,True,5.0,2.0,3.0,True,4+ rings
a-7,2735313.0,9.7969885,1.4673204,2735313,a-7,True,2.0,2.0,0.0,True,2 rings
d609,4234241.0,9.209647,1.6135772,4234241,d609,True,3.0,0.0,3.0,True,3 rings
pasireotide,9941444.0,11.536943,2.7945547,9941444,pasireotide,True,8.0,6.0,2.0,True,4+ rings
imidafenacin,6433090.0,10.051551,2.4641123,6433090,imidafenacin,True,3.0,3.0,0.0,True,3 rings
dasabuvir,56640146.0,8.876847,2.0898325,56640146,dasabuvir,True,4.0,4.0,0.0,True,4+ rings
telaprevir,3010818.0,10.338548,1.7786978,3010818,telaprevir,True,5.0,1.0,4.0,True,4+ rings
cinalukast,6436135.0,9.804384,3.0201778,6436135,cinalukast,True,3.0,2.0,1.0,True,3 rings
nas-181,9955015.0,9.285254,1.9594084,9955015,nas-181,True,4.0,1.0,3.0,True,4+ rings
endo-iwr-1,44483163.0,9.50621,3.165438,44483163,endo-iwr-1,True,6.0,3.0,3.0,True,4+ rings
t-5224,23626877.0,9.341592,3.1508381,23626877,t-5224,True,5.0,4.0,1.0,True,4+ rings
wwl-123,90209976.0,10.244194,2.7846096,90209976,wwl-123,True,4.0,4.0,0.0,True,4+ rings
carbaril,6129.0,9.888994,2.874646,6129,carbaril,True,2.0,2.0,0.0,True,2 rings
nitrofurazone,5447130.0,8.424223,1.9801433,5447130,nitrofurazone,True,1.0,1.0,0.0,True,1 ring
cp-94253,4029677.0,9.021871,1.8516908,4029677,cp-94253,True,3.0,2.0,1.0,True,3 rings
bms-688521,11699447.0,10.020792,2.4723203,11699447,bms-688521,True,5.0,3.0,2.0,True,4+ rings
eterobarb,33925.0,9.626514,2.4574716,33925,eterobarb,True,2.0,1.0,1.0,True,2 rings
zimelidine,5365247.0,9.40197,3.7075784,5365247,zimelidine,True,2.0,2.0,0.0,True,2 rings
bay1125976,70817911.0,9.682613,2.5390043,70817911,bay1125976,True,5.0,4.0,1.0,True,4+ rings
delphinidin,128853.0,9.30709,2.0345552,128853,delphinidin,True,3.0,3.0,0.0,True,3 rings
bms-265246,5329775.0,10.725941,1.4303961,5329775,bms-265246,True,3.0,3.0,0.0,True,3 rings
xamoterol,6917710.0,10.762437,3.6669793,6917710,xamoterol,True,2.0,1.0,1.0,True,2 rings
gallopamil,1234.0,8.8134365,3.3077044,1234,gallopamil,True,2.0,2.0,0.0,True,2 rings
bts-71321,9863253.0,8.2517185,2.3301144,9863253,bts-71321,True,2.0,2.0,0.0,True,2 rings
taladegib,49848070.0,9.559817,2.5723772,49848070,taladegib,True,5.0,4.0,1.0,True,4+ rings
cidofovir,60613.0,9.986508,1.21168,60613,cidofovir,True,1.0,1.0,0.0,True,1 ring
morinidazole,102486242.0,8.636245,1.4126874,102486242,morinidazole,True,2.0,1.0,1.0,True,2 rings
jte-013,10223146.0,9.897807,1.9499382,10223146,jte-013,True,3.0,3.0,0.0,True,3 rings
capromorelin,216208.0,10.234403,2.6412466,216208,capromorelin,True,4.0,2.0,2.0,True,4+ rings
mnitmt,364622.0,8.826655,1.5865889,364622,mnitmt,True,2.0,2.0,0.0,True,2 rings
indobufen,189556.0,10.430116,2.4074404,189556,indobufen,True,3.0,2.0,1.0,True,3 rings
norgestrel,13109.0,8.448362,-0.16010183,13109,norgestrel,True,4.0,0.0,4.0,True,4+ rings
ubp-296,6420161.0,11.234999,1.8897524,6420161,ubp-296,True,2.0,2.0,0.0,True,2 rings
potassium-canrenoate,656615.0,8.466388,-0.45772374,656615,potassium-canrenoate,True,4.0,0.0,4.0,True,4+ rings
etofylline-clofibrate,41109.0,8.237154,1.1931665,41109,etofylline-clofibrate,True,3.0,3.0,0.0,True,3 rings
itx5061,11786594.0,9.434339,3.3642888,11786594,itx5061,True,4.0,3.0,1.0,True,4+ rings
jnj-42041935,45102710.0,9.951835,2.1174896,45102710,jnj-42041935,True,3.0,3.0,0.0,True,3 rings
artemisinin,68827.0,9.108585,0.9797082,68827,artemisinin,True,5.0,0.0,5.0,True,4+ rings
adiphenine,2031.0,10.658551,3.1850767,2031,adiphenine,True,2.0,2.0,0.0,True,2 rings
gkt137831,58496428.0,8.662942,2.7142785,58496428,gkt137831,True,4.0,4.0,0.0,True,4+ rings
mabuprofen,11391028.0,10.901199,2.4618475,11391028,mabuprofen,True,1.0,1.0,0.0,True,1 ring
desidustat,75593290.0,10.254677,2.6068935,75593290,desidustat,True,3.0,2.0,1.0,True,3 rings
icotinib,22024915.0,9.0491705,4.1320467,22024915,icotinib,True,4.0,3.0,1.0,True,4+ rings
molsidomine,4239.0,9.90827,2.0279443,4239,molsidomine,True,2.0,1.0,1.0,True,2 rings
nemazoline,,9.096128,1.6988336,,nemazoline,True,2.0,1.0,1.0,True,2 rings
n-(2-chlorophenyl)-2-({(2e)-2-[1-(2-pyridinyl)ethylidene]hydrazino}carbothioyl)hydrazinecarbothioamide,3006985.0,9.547395,3.1621199,3006985,n-(2-chlorophenyl)-2-({(2e)-2-[1-(2-pyridinyl)ethylidene]hydrazino}carbothioyl)hydrazinecarbothioamide,True,2.0,2.0,0.0,True,2 rings
acetylsalicylsalicylic-acid,10745.0,10.159231,3.1839511,10745,acetylsalicylsalicylic-acid,True,2.0,2.0,0.0,True,2 rings
castanospermine,54445.0,9.280101,1.4693477,54445,castanospermine,True,2.0,0.0,2.0,True,2 rings
teriflunomide,,9.9167185,3.5361362,,teriflunomide,True,1.0,1.0,0.0,True,1 ring
sdz-220-581,128019.0,11.108871,2.161894,128019,sdz-220-581,True,2.0,2.0,0.0,True,2 rings
cytochalasin-b,5311281.0,9.685373,2.4805427,5311281,cytochalasin-b,True,4.0,1.0,3.0,True,4+ rings
ro-08-2750,17756791.0,9.191213,1.6585999,17756791,ro-08-2750,True,3.0,1.0,2.0,True,3 rings
cp-640186,449097.0,9.452362,2.8664622,449097,cp-640186,True,6.0,3.0,3.0,True,4+ rings
cefaclor,7048572.0,13.29887,1.6487527,7048572,cefaclor,True,3.0,1.0,2.0,True,3 rings
antimycin-a,14957.0,10.811973,1.0949403,14957,antimycin-a,True,2.0,1.0,1.0,True,2 rings
n-benzylnaltrindole,10006324.0,6.264617,5.24752,10006324,n-benzylnaltrindole,True,9.0,4.0,5.0,True,4+ rings
cct018159,984170.0,9.352429,2.0465617,984170,cct018159,True,4.0,3.0,1.0,True,4+ rings
curcumin,6971205.0,8.8739195,3.2065496,6971205,curcumin,True,2.0,2.0,0.0,True,2 rings
cilostamide,2753.0,10.426051,2.3474748,2753,cilostamide,True,3.0,2.0,1.0,True,3 rings
no-asa,119032.0,10.110211,3.1490746,119032,no-asa,True,2.0,2.0,0.0,True,2 rings
darglitazone,60870.0,10.36249,2.5338075,60870,darglitazone,True,4.0,3.0,1.0,True,4+ rings
hlcl-61,2250650.0,9.079637,3.062369,2250650,hlcl-61,True,4.0,4.0,0.0,True,4+ rings
ns-018,46866319.0,9.065148,1.9456354,46866319,ns-018,True,4.0,4.0,0.0,True,4+ rings
cot-inhibitor-1,11584834.0,9.272879,3.63934,11584834,cot-inhibitor-1,True,5.0,4.0,1.0,True,4+ rings
sorbitan-monostearate,16218600.0,10.945527,1.2094077,16218600,sorbitan-monostearate,True,1.0,0.0,1.0,True,1 ring
belinostat,6918638.0,9.484361,2.8969352,6918638,belinostat,True,2.0,2.0,0.0,True,2 rings
phenethicillin,8604.0,13.265006,1.9061427,8604,phenethicillin,True,3.0,1.0,2.0,True,3 rings
peretinoin,6437836.0,10.205482,1.6678067,6437836,peretinoin,True,0.0,0.0,0.0,False,0 rings
nsc-3852,19103.0,8.887618,2.8531685,19103,nsc-3852,True,2.0,2.0,0.0,True,2 rings
u-99194,5626.0,8.700035,3.1654415,5626,u-99194,True,2.0,1.0,1.0,True,2 rings
bopindolol,13302097.0,11.124762,3.9921987,13302097,bopindolol,True,3.0,3.0,0.0,True,3 rings
crotamiton,688020.0,9.876011,2.6254737,688020,crotamiton,True,1.0,1.0,0.0,True,1 ring
orbifloxacin,7061800.0,12.192635,0.6747423,7061800,orbifloxacin,True,4.0,2.0,2.0,True,4+ rings
ibuprofen,114864.0,10.869535,2.46697,114864,ibuprofen,True,1.0,1.0,0.0,True,1 ring
tenofovir-alafenamide,,10.270179,-0.11835821,,tenofovir-alafenamide,True,3.0,3.0,0.0,True,3 rings
bimatoprost,5311027.0,11.174101,1.2029757,5311027,bimatoprost,True,2.0,1.0,1.0,True,2 rings
pmpa,11031538.0,10.558972,1.7516086,11031538,pmpa,True,0.0,0.0,0.0,False,0 rings
osthol,10228.0,9.353679,1.878192,10228,osthol,True,2.0,2.0,0.0,True,2 rings
medroxyprogesterone,10631.0,8.428765,-0.563987,10631,medroxyprogesterone,True,4.0,0.0,4.0,True,4+ rings
enciprazine,29919953.0,10.234074,3.8601892,29919953,enciprazine,True,3.0,2.0,1.0,True,3 rings
meclocycline-sulfosalicylate,,9.600535,2.0176508,,meclocycline-sulfosalicylate,True,4.0,1.0,3.0,True,4+ rings
jnj-54175446,90409366.0,9.795846,2.4882267,90409366,jnj-54175446,True,4.0,3.0,1.0,True,4+ rings
anidulafungin,166548.0,10.438813,2.7381363,166548,anidulafungin,True,7.0,4.0,3.0,True,4+ rings
droperidol,3168.0,10.248692,3.9409418,3168,droperidol,True,4.0,3.0,1.0,True,4+ rings
amlodipine,9801597.0,11.976089,3.989347,9801597,amlodipine,True,2.0,1.0,1.0,True,2 rings
gp1a,10252734.0,8.427607,3.0370755,10252734,gp1a,True,5.0,3.0,2.0,True,4+ rings
bardoxolone-methyl,400769.0,9.227785,1.0982422,400769,bardoxolone-methyl,True,5.0,0.0,5.0,True,4+ rings
ikk-2-inhibitor-v,5081913.0,9.779164,3.3363166,5081913,ikk-2-inhibitor-v,True,2.0,2.0,0.0,True,2 rings
solamargine,,9.035322,-0.038538985,,solamargine,True,9.0,0.0,9.0,True,4+ rings
eln-441958,11848206.0,9.49573,2.719788,11848206,eln-441958,True,6.0,3.0,3.0,True,4+ rings
inarigivir-soproxil,,10.40647,-0.53613836,,inarigivir-soproxil,True,5.0,3.0,2.0,True,4+ rings
flindokalner,214350.0,9.130563,2.7680473,214350,flindokalner,True,3.0,2.0,1.0,True,3 rings
pivanex,60748.0,10.404382,1.5563462,60748,pivanex,True,0.0,0.0,0.0,False,0 rings
casanthranol-variant,132469060.0,9.722428,0.21334544,132469060,casanthranol-variant,True,4.0,3.0,1.0,True,4+ rings
ks-176,49779726.0,9.85699,3.349113,49779726,ks-176,True,3.0,3.0,0.0,True,3 rings
pipotiazine,62867.0,8.718773,3.9814317,62867,pipotiazine,True,4.0,2.0,2.0,True,4+ rings
l-693403,4687238.0,9.687885,2.699933,4687238,l-693403,True,4.0,2.0,2.0,True,4+ rings
delanzomib,24800541.0,10.5917845,2.2489924,24800541,delanzomib,True,2.0,2.0,0.0,True,2 rings
jnj-678,118892432.0,8.913077,2.0112047,118892432,jnj-678,True,4.0,4.0,0.0,True,4+ rings
ym-511,177865.0,9.101688,1.751796,177865,ym-511,True,3.0,3.0,0.0,True,3 rings
pk-thpp,53464059.0,10.325091,2.53492,53464059,pk-thpp,True,5.0,3.0,2.0,True,4+ rings
bd-1047,188914.0,9.30685,2.6994708,188914,bd-1047,True,1.0,1.0,0.0,True,1 ring
topilutamide,76958749.0,9.725924,3.6360474,76958749,topilutamide,True,1.0,1.0,0.0,True,1 ring
amantadine,2130.0,9.565578,1.5091077,2130,amantadine,True,4.0,0.0,4.0,True,4+ rings
fluphenazine,3372.0,8.747852,3.9761512,3372,fluphenazine,True,4.0,2.0,2.0,True,4+ rings
uric-acid,1175.0,8.967997,1.5370544,1175,uric-acid,True,2.0,2.0,0.0,True,2 rings
j147,25229652.0,9.11046,2.8681276,25229652,j147,True,2.0,2.0,0.0,True,2 rings
arglabin,5574924.0,8.919201,0.92425096,5574924,arglabin,True,4.0,0.0,4.0,True,4+ rings
bromindione,14369.0,9.389113,2.5323997,14369,bromindione,True,3.0,2.0,1.0,True,3 rings
resveratrol,445154.0,9.007064,2.7742538,445154,resveratrol,True,2.0,2.0,0.0,True,2 rings
npc-01,94141.0,8.390325,-0.62811464,94141,npc-01,True,4.0,0.0,4.0,True,4+ rings
nibentan,1552287.0,10.60972,3.1690392,1552287,nibentan,True,2.0,2.0,0.0,True,2 rings
eniluracil,43157.0,8.97308,1.5630447,43157,eniluracil,True,1.0,1.0,0.0,True,1 ring
lufenuron,51574136.0,9.67583,2.1606,51574136,lufenuron,True,2.0,2.0,0.0,True,2 rings
su16f,5329150.0,10.003819,2.7569852,5329150,su16f,True,4.0,3.0,1.0,True,4+ rings
todralazine,5501.0,10.151443,2.6985471,5501,todralazine,True,2.0,2.0,0.0,True,2 rings
oleamide,5283387.0,11.151939,1.1182303,5283387,oleamide,True,0.0,0.0,0.0,False,0 rings
pantothenic-acid,6613.0,10.47431,1.8376309,6613,pantothenic-acid,True,0.0,0.0,0.0,False,0 rings
2-methoxyestradiol,66414.0,8.325769,-0.12645935,66414,2-methoxyestradiol,True,4.0,1.0,3.0,True,4+ rings
su11274,9549297.0,9.521201,2.9280863,9549297,su11274,True,5.0,3.0,2.0,True,4+ rings
km-0118,11953346.0,10.264662,2.4306805,11953346,km-0118,True,5.0,4.0,1.0,True,4+ rings
erbstatin-analog,5353609.0,9.063505,2.8038423,5353609,erbstatin-analog,True,1.0,1.0,0.0,True,1 ring
colforsin,47936.0,9.24598,1.0386206,47936,colforsin,True,3.0,0.0,3.0,True,3 rings
salmeterol,6604001.0,10.938965,3.0381038,6604001,salmeterol,True,2.0,2.0,0.0,True,2 rings
tasquinimod,54682876.0,9.509432,2.6843915,54682876,tasquinimod,True,3.0,3.0,0.0,True,3 rings
zm-39923,3797.0,10.183601,2.5507567,3797,zm-39923,True,3.0,3.0,0.0,True,3 rings
ten-010,54670351.0,9.507687,3.2523613,54670351,ten-010,True,5.0,3.0,2.0,True,4+ rings
ca-4948,118224238.0,9.3997135,3.2183616,118224238,ca-4948,True,5.0,4.0,1.0,True,4+ rings
iberdomide,67335295.0,9.315035,2.5981777,67335295,iberdomide,True,5.0,2.0,3.0,True,4+ rings
loteprednol,444025.0,8.185428,-0.98239607,444025,loteprednol,True,4.0,0.0,4.0,True,4+ rings
pefloxacin,6919009.0,12.160869,0.6975668,6919009,pefloxacin,True,3.0,2.0,1.0,True,3 rings
gbr-12783,5788723.0,10.223731,3.5123932,5788723,gbr-12783,True,4.0,3.0,1.0,True,4+ rings
antimony-potassium,,9.11524,1.4512641,,antimony-potassium,True,5.0,0.0,5.0,True,4+ rings
etilevodopa,170345.0,10.767221,2.4555595,170345,etilevodopa,True,1.0,1.0,0.0,True,1 ring
acebilustat,68488178.0,10.161552,2.5049095,68488178,acebilustat,True,6.0,4.0,2.0,True,4+ rings
xl147,1893730.0,8.269537,2.782588,1893730,xl147,True,5.0,5.0,0.0,True,4+ rings
betamethasone-acetate,443967.0,8.041837,-1.1765974,443967,betamethasone-acetate,True,4.0,0.0,4.0,True,4+ rings
azelnidipine,9873077.0,12.219123,4.176402,9873077,azelnidipine,True,5.0,3.0,2.0,True,4+ rings
gepon,,11.313835,1.9990536,,gepon,True,0.0,0.0,0.0,False,0 rings
broxaterol,13626987.0,11.144692,3.3034234,13626987,broxaterol,True,1.0,1.0,0.0,True,1 ring
valproic-acid,3121.0,10.496067,1.6986464,3121,valproic-acid,True,0.0,0.0,0.0,False,0 rings
sulfinpyrazone,25273605.0,9.560475,2.478548,25273605,sulfinpyrazone,True,4.0,3.0,1.0,True,4+ rings
benproperine,14456347.0,10.440404,3.415186,14456347,benproperine,True,3.0,2.0,1.0,True,3 rings
tipiracil,6323266.0,9.021198,1.6407409,6323266,tipiracil,True,2.0,1.0,1.0,True,2 rings
cetrimonium,2681.0,10.604887,1.2279346,2681,cetrimonium,True,0.0,0.0,0.0,False,0 rings
apc-100,99479.0,9.705755,1.5207249,99479,apc-100,True,2.0,1.0,1.0,True,2 rings
balapiravir,53297462.0,10.594409,-0.61118025,53297462,balapiravir,True,2.0,1.0,1.0,True,2 rings
oxiracetam,3051965.0,9.848518,1.7143466,3051965,oxiracetam,True,1.0,0.0,1.0,True,1 ring
tgr-1202,72950888.0,9.086038,2.3180373,72950888,tgr-1202,True,6.0,6.0,0.0,True,4+ rings
tolfenamic-acid,610479.0,10.114495,3.309462,610479,tolfenamic-acid,True,2.0,2.0,0.0,True,2 rings
cpi-1189,151118.0,9.896085,3.5175316,151118,cpi-1189,True,1.0,1.0,0.0,True,1 ring
pf-06840003,118512017.0,9.120738,1.6516945,118512017,pf-06840003,True,3.0,2.0,1.0,True,3 rings
emodepside,122594832.0,9.139136,1.6010406,122594832,emodepside,True,5.0,2.0,3.0,True,4+ rings
methylparaben,7456.0,9.830304,3.020861,7456,methylparaben,True,1.0,1.0,0.0,True,1 ring
mdl-72832,6604720.0,9.12408,2.2325294,6604720,mdl-72832,True,4.0,1.0,3.0,True,4+ rings
tyrphostin-ag-1296,2049.0,9.04632,3.0795376,2049,tyrphostin-ag-1296,True,3.0,3.0,0.0,True,3 rings
fenoprofen,41097863.0,10.416916,2.6678803,41097863,fenoprofen,True,2.0,2.0,0.0,True,2 rings
morniflumate,72106.0,10.166036,3.4317553,72106,morniflumate,True,3.0,2.0,1.0,True,3 rings
resatorvid,11703255.0,10.500943,2.7043004,11703255,resatorvid,True,2.0,1.0,1.0,True,2 rings
cx-516,1370.0,9.153813,2.7203217,1370,cx-516,True,3.0,1.0,2.0,True,3 rings
mk-2461,44137946.0,9.091486,1.7753339,44137946,mk-2461,True,5.0,4.0,1.0,True,4+ rings
tryptophan,6923516.0,11.537139,2.783203,6923516,tryptophan,True,2.0,2.0,0.0,True,2 rings
cyclobenzaprine,2895.0,8.928529,3.5483847,2895,cyclobenzaprine,True,3.0,2.0,1.0,True,3 rings
sdz-wag-994,164305.0,10.409422,-0.6269901,164305,sdz-wag-994,True,4.0,2.0,2.0,True,4+ rings
ly2795050,56851583.0,9.326939,3.5864806,56851583,ly2795050,True,4.0,3.0,1.0,True,4+ rings
bu-239,4520732.0,8.550949,1.9111267,4520732,bu-239,True,3.0,2.0,1.0,True,3 rings
pfi-1,71271629.0,8.74971,2.760566,71271629,pfi-1,True,3.0,2.0,1.0,True,3 rings
hki-357,11238512.0,9.205231,3.9937932,11238512,hki-357,True,4.0,4.0,0.0,True,4+ rings
m-25,44250034.0,9.112789,3.23047,44250034,m-25,True,3.0,3.0,0.0,True,3 rings
zotarolimus,,8.949302,1.0919548,,zotarolimus,True,5.0,1.0,4.0,True,4+ rings
epz015666,90241673.0,9.75866,2.7468724,90241673,epz015666,True,4.0,2.0,2.0,True,4+ rings
solriamfetol,10130337.0,10.573595,2.6109214,10130337,solriamfetol,True,1.0,1.0,0.0,True,1 ring
estradiol-acetate,9818306.0,8.32114,-0.121979244,9818306,estradiol-acetate,True,4.0,1.0,3.0,True,4+ rings
pirinixic-acid,5694.0,10.101822,3.0315323,5694,pirinixic-acid,True,2.0,2.0,0.0,True,2 rings
bms-191011,10474339.0,9.418921,2.331245,10474339,bms-191011,True,3.0,3.0,0.0,True,3 rings
clioquinol,2788.0,8.952244,2.698942,2788,clioquinol,True,2.0,2.0,0.0,True,2 rings
fr-139317,107810.0,10.857015,2.3504517,107810,fr-139317,True,4.0,3.0,1.0,True,4+ rings
norgestimate,6540478.0,8.435113,-0.18691358,6540478,norgestimate,True,4.0,0.0,4.0,True,4+ rings
evobrutinib,71479709.0,9.496657,2.6015408,71479709,evobrutinib,True,4.0,3.0,1.0,True,4+ rings
rki-1447,60138149.0,9.378439,2.547387,60138149,rki-1447,True,3.0,3.0,0.0,True,3 rings
decloxizine,71135.0,10.2321415,3.6422937,71135,decloxizine,True,3.0,2.0,1.0,True,3 rings
alx-5407,86306255.0,10.610626,2.8770757,86306255,alx-5407,True,3.0,3.0,0.0,True,3 rings
dihydrexidine,6603820.0,9.371919,2.3657413,6603820,dihydrexidine,True,4.0,2.0,2.0,True,4+ rings
dipt,26903.0,11.499125,2.844205,26903,dipt,True,2.0,2.0,0.0,True,2 rings
firsocostat,71528744.0,10.40291,3.3952265,71528744,firsocostat,True,5.0,4.0,1.0,True,4+ rings
rn-1747,5068295.0,9.701188,2.7824569,5068295,rn-1747,True,3.0,2.0,1.0,True,3 rings
az20,46244454.0,9.105253,2.0695667,46244454,az20,True,5.0,3.0,2.0,True,4+ rings
rs-17053,3894573.0,11.452336,2.839525,3894573,rs-17053,True,4.0,3.0,1.0,True,4+ rings
alfuzosin,37888195.0,8.782877,3.9196696,37888195,alfuzosin,True,3.0,2.0,1.0,True,3 rings
troxerutin,5486699.0,9.535913,0.38283223,5486699,troxerutin,True,5.0,3.0,2.0,True,4+ rings
phenytoin,1775.0,9.602664,2.3106265,1775,phenytoin,True,3.0,2.0,1.0,True,3 rings
gs-9973,59473233.0,8.73357,1.9940313,59473233,gs-9973,True,6.0,5.0,1.0,True,4+ rings
cudc-101,24756910.0,9.052196,4.1514254,24756910,cudc-101,True,3.0,3.0,0.0,True,3 rings
cephalothin,6024.0,13.338616,1.5983646,6024,cephalothin,True,3.0,1.0,2.0,True,3 rings
netilmicin,441306.0,9.523375,0.3961661,441306,netilmicin,True,3.0,0.0,3.0,True,3 rings
c-1,3545.0,8.786391,2.1549428,3545,c-1,True,3.0,2.0,1.0,True,3 rings
gadoteridol,101671780.0,9.977348,1.472584,101671780,gadoteridol,True,3.0,0.0,3.0,True,3 rings
cetilistat,9952916.0,10.775093,1.3058993,9952916,cetilistat,True,2.0,2.0,0.0,True,2 rings
yl0919,54673543.0,9.812778,2.6627386,54673543,yl0919,True,3.0,2.0,1.0,True,3 rings
teicoplanin-a2-1,,9.729486,0.23340018,,teicoplanin-a2-1,True,16.0,7.0,9.0,True,4+ rings
stf-083010,135398515.0,9.485529,2.6522315,135398515,stf-083010,True,3.0,3.0,0.0,True,3 rings
gsk2982772,77108121.0,10.018523,2.6631074,77108121,gsk2982772,True,4.0,3.0,1.0,True,4+ rings
proglumide,6603906.0,11.105981,1.9539338,6603906,proglumide,True,1.0,1.0,0.0,True,1 ring
nelarabine,3011155.0,10.441107,-0.60687095,3011155,nelarabine,True,3.0,2.0,1.0,True,3 rings
memantine,,9.207276,1.5889512,,memantine,True,4.0,0.0,4.0,True,4+ rings
way-600,25229526.0,9.312019,3.5197453,25229526,way-600,True,7.0,5.0,2.0,True,4+ rings
"d,l-mevalonic-acid-lactone",6419891.0,9.235339,1.2537496,6419891,"d,l-mevalonic-acid-lactone",True,1.0,0.0,1.0,True,1 ring
nimodipine,157132.0,12.216881,4.174636,157132,nimodipine,True,2.0,1.0,1.0,True,2 rings
pemetrexed,135410875.0,11.357809,1.907302,135410875,pemetrexed,True,3.0,3.0,0.0,True,3 rings
metocurine,21233.0,8.585765,3.2686696,21233,metocurine,True,8.0,4.0,4.0,True,4+ rings
estradiol-cypionate,9403.0,8.324421,-0.12267526,9403,estradiol-cypionate,True,5.0,1.0,4.0,True,4+ rings
pd-173212,9916734.0,10.896235,2.4593234,9916734,pd-173212,True,3.0,3.0,0.0,True,3 rings
bms-906024,66550890.0,9.729523,3.1331663,66550890,bms-906024,True,3.0,2.0,1.0,True,3 rings
pha-848125,16718576.0,8.559646,3.6264274,16718576,pha-848125,True,5.0,3.0,2.0,True,4+ rings
permethrin,40159.0,10.081324,2.6229153,40159,permethrin,True,3.0,2.0,1.0,True,3 rings
benactyzine,9330.0,10.64185,3.1993926,9330,benactyzine,True,2.0,2.0,0.0,True,2 rings
triptolide,107985.0,9.269084,1.3014293,107985,triptolide,True,7.0,0.0,7.0,True,4+ rings
acesulfame-potassium,36573.0,9.01315,1.6238507,36573,acesulfame-potassium,True,1.0,0.0,1.0,True,1 ring
ceftazidime,6321415.0,13.422669,1.5201085,6321415,ceftazidime,True,4.0,2.0,2.0,True,4+ rings
azathioprine,2265.0,8.630508,1.6017268,2265,azathioprine,True,3.0,3.0,0.0,True,3 rings
2-methyl-5-nitrophenol,93576.0,8.379163,2.1666965,93576,2-methyl-5-nitrophenol,True,1.0,1.0,0.0,True,1 ring
cp-532623,10145345.0,9.995476,1.8787335,10145345,cp-532623,True,3.0,2.0,1.0,True,3 rings
aurora-a-inhibitor-i,44139710.0,9.616633,3.5935082,44139710,aurora-a-inhibitor-i,True,5.0,4.0,1.0,True,4+ rings
etc-159,86280523.0,8.1971,1.1605504,86280523,etc-159,True,4.0,4.0,0.0,True,4+ rings
cabazitaxel,9854073.0,10.53383,3.0124662,9854073,cabazitaxel,True,6.0,2.0,4.0,True,4+ rings
midafotel,6435801.0,9.948752,1.5558981,6435801,midafotel,True,1.0,0.0,1.0,True,1 ring
telmesteine,25271872.0,10.21279,1.8590962,25271872,telmesteine,True,1.0,0.0,1.0,True,1 ring
bisphenol-a,6623.0,9.408808,2.3470137,6623,bisphenol-a,True,2.0,2.0,0.0,True,2 rings
nystatin,,9.568695,1.3013031,,nystatin,True,3.0,0.0,3.0,True,3 rings
metazosin,51057264.0,8.765536,4.287097,51057264,metazosin,True,3.0,2.0,1.0,True,3 rings
nepicastat,9796181.0,9.22795,1.5394832,9796181,nepicastat,True,3.0,2.0,1.0,True,3 rings
iopromide,6604433.0,10.099623,1.1939712,6604433,iopromide,True,1.0,1.0,0.0,True,1 ring
ibutamoren,178024.0,10.1551075,2.6287546,178024,ibutamoren,True,4.0,2.0,2.0,True,4+ rings
selfotel,6604838.0,10.014986,1.5218996,6604838,selfotel,True,1.0,0.0,1.0,True,1 ring
hexylene-glycol,5288845.0,9.773194,1.4563069,5288845,hexylene-glycol,True,0.0,0.0,0.0,False,0 rings
enrofloxacin,71188.0,12.175012,0.6846624,71188,enrofloxacin,True,4.0,2.0,2.0,True,4+ rings
degarelix,16136245.0,11.436352,2.3118896,16136245,degarelix,True,8.0,6.0,2.0,True,4+ rings
adefovir-dipivoxil,60871.0,10.310218,-0.40513766,60871,adefovir-dipivoxil,True,2.0,2.0,0.0,True,2 rings
ethamivan,9363.0,9.159887,3.355017,9363,ethamivan,True,1.0,1.0,0.0,True,1 ring
mepiroxol,71668.0,9.492982,1.9933589,71668,mepiroxol,True,1.0,1.0,0.0,True,1 ring
ns-1643,10177784.0,9.748565,3.224852,10177784,ns-1643,True,2.0,2.0,0.0,True,2 rings
ts-011,,9.269163,1.7013758,,ts-011,True,2.0,1.0,1.0,True,2 rings
bromantan,4660557.0,9.260424,1.6415086,4660557,bromantan,True,5.0,1.0,4.0,True,4+ rings
psoralen,6199.0,9.160527,2.131926,6199,psoralen,True,3.0,3.0,0.0,True,3 rings
quinagolide,3086401.0,9.419017,2.4717824,3086401,quinagolide,True,3.0,1.0,2.0,True,3 rings
lotamilast,24864553.0,9.613274,3.4427755,24864553,lotamilast,True,4.0,4.0,0.0,True,4+ rings
jnj-10191584,10446295.0,9.139383,2.7666082,10446295,jnj-10191584,True,3.0,2.0,1.0,True,3 rings
parecoxib,119828.0,8.741821,2.7006738,119828,parecoxib,True,3.0,3.0,0.0,True,3 rings
clobetasone-butyrate,71386.0,8.027139,-1.1958612,71386,clobetasone-butyrate,True,4.0,0.0,4.0,True,4+ rings
camptothecin,24360.0,6.9345937,3.3511655,24360,camptothecin,True,5.0,3.0,2.0,True,4+ rings
clofibrate,2796.0,10.144346,2.5653214,2796,clofibrate,True,1.0,1.0,0.0,True,1 ring
trimetozine,12478.0,9.037718,3.3328304,12478,trimetozine,True,2.0,1.0,1.0,True,2 rings
orphanin-fq,56947112.0,11.4698515,2.2310114,56947112,orphanin-fq,True,2.0,2.0,0.0,True,2 rings
immethridine,9989505.0,11.557634,2.2036202,9989505,immethridine,True,2.0,2.0,0.0,True,2 rings
dapansutrile,12714644.0,9.223338,1.554392,12714644,dapansutrile,True,0.0,0.0,0.0,False,0 rings
gsk-j4,71729975.0,10.121024,3.0628927,71729975,gsk-j4,True,4.0,3.0,1.0,True,4+ rings
ziritaxestat,90420193.0,9.536139,2.191012,90420193,ziritaxestat,True,6.0,4.0,2.0,True,4+ rings
cintriamide,6154037.0,8.818945,3.2269022,6154037,cintriamide,True,1.0,1.0,0.0,True,1 ring
lylamine,62034.0,9.59987,1.7094935,62034,lylamine,True,3.0,1.0,2.0,True,3 rings
perchlozone,6433252.0,9.478185,2.0235057,6433252,perchlozone,True,1.0,1.0,0.0,True,1 ring
dexrazoxane,71384.0,9.054327,1.5044168,71384,dexrazoxane,True,2.0,0.0,2.0,True,2 rings
sklb-1028,54760385.0,8.534799,3.5896344,54760385,sklb-1028,True,5.0,4.0,1.0,True,4+ rings
granisetron,,10.131197,2.5362551,,granisetron,True,4.0,2.0,2.0,True,4+ rings
px-478,11234795.0,11.089916,2.3146417,11234795,px-478,True,1.0,1.0,0.0,True,1 ring
n-mppp,190901.0,10.321163,2.6653292,190901,n-mppp,True,3.0,2.0,1.0,True,3 rings
guanidinopropionic-acid,67701.0,10.756556,1.9481876,67701,guanidinopropionic-acid,True,0.0,0.0,0.0,False,0 rings
jnj-47965567,66553218.0,9.994982,3.0391822,66553218,jnj-47965567,True,5.0,3.0,2.0,True,4+ rings
tianeptine,37888263.0,10.724945,1.6676967,37888263,tianeptine,True,3.0,2.0,1.0,True,3 rings
paraxanthine,4687.0,8.6718,1.4825395,4687,paraxanthine,True,2.0,2.0,0.0,True,2 rings
bos-172722,73386890.0,9.098297,1.9204459,73386890,bos-172722,True,4.0,4.0,0.0,True,4+ rings
doramectin,9832750.0,9.405929,0.9591744,9832750,doramectin,True,8.0,0.0,8.0,True,4+ rings
tiludronate,60937.0,9.578635,1.7564192,60937,tiludronate,True,1.0,1.0,0.0,True,1 ring
tcs-2002,44247646.0,9.119043,1.7172581,44247646,tcs-2002,True,4.0,4.0,0.0,True,4+ rings
iothalamic-acid-d3,3737.0,10.139178,1.6738802,3737,iothalamic-acid-d3,True,1.0,1.0,0.0,True,1 ring
amiflamine,6336525.0,9.729106,1.846475,6336525,amiflamine,True,1.0,1.0,0.0,True,1 ring
wye-125132,25227469.0,9.8066,3.4513927,25227469,wye-125132,True,7.0,3.0,4.0,True,4+ rings
esaprazole,68835.0,9.452087,1.6833378,68835,esaprazole,True,2.0,0.0,2.0,True,2 rings
cgp-20712a,91667713.0,10.866138,3.732881,91667713,cgp-20712a,True,3.0,3.0,0.0,True,3 rings
bicuculline-(+),10237.0,8.928639,2.2580047,10237,bicuculline-(+),True,6.0,2.0,4.0,True,4+ rings
daucosterol,5742590.0,8.995777,-0.09132766,5742590,daucosterol,True,5.0,0.0,5.0,True,4+ rings
paricalcitol,5281104.0,2.5580142,2.4742713,5281104,paricalcitol,True,3.0,0.0,3.0,True,3 rings
cefpodoxime,51546414.0,13.426337,1.5269407,51546414,cefpodoxime,True,3.0,1.0,2.0,True,3 rings
tapinarof,6439522.0,9.471349,2.5907054,6439522,tapinarof,True,2.0,2.0,0.0,True,2 rings
vitamin-e,14985.0,10.228848,1.1956,14985,vitamin-e,True,2.0,1.0,1.0,True,2 rings
stepronin,37888256.0,10.397717,2.1603029,37888256,stepronin,True,1.0,1.0,0.0,True,1 ring
bvt-948,6604934.0,9.321582,2.404598,6604934,bvt-948,True,3.0,1.0,2.0,True,3 rings
pki-179,76958312.0,9.816521,3.3827856,76958312,pki-179,True,6.0,3.0,3.0,True,4+ rings
chlorambucil,2708.0,10.651402,1.7838025,2708,chlorambucil,True,1.0,1.0,0.0,True,1 ring
ag-1024,2044.0,8.687434,1.96906,2044,ag-1024,True,1.0,1.0,0.0,True,1 ring
benzalkonium,2330.0,10.617109,1.4017915,2330,benzalkonium,True,1.0,1.0,0.0,True,1 ring
guacetisal,68749.0,10.088074,3.1681342,68749,guacetisal,True,2.0,2.0,0.0,True,2 rings
rifaximin,46783403.0,8.605523,0.6578347,46783403,rifaximin,True,6.0,4.0,2.0,True,4+ rings
amoxapine,2170.0,8.746085,2.7306736,2170,amoxapine,True,4.0,2.0,2.0,True,4+ rings
isobutyramide,68424.0,10.044614,1.8793118,68424,isobutyramide,True,0.0,0.0,0.0,False,0 rings
pa-452,9803242.0,10.863837,1.5323156,9803242,pa-452,True,3.0,2.0,1.0,True,3 rings
flopropione,3362.0,9.713484,2.1396825,3362,flopropione,True,1.0,1.0,0.0,True,1 ring
pd-128907,5311346.0,9.461933,2.4076936,5311346,pd-128907,True,3.0,1.0,2.0,True,3 rings
etonogestrel,6917715.0,8.442833,-0.16896294,6917715,etonogestrel,True,4.0,0.0,4.0,True,4+ rings
sulfatinib,52920501.0,9.172556,2.8854837,52920501,sulfatinib,True,4.0,4.0,0.0,True,4+ rings
bendamustine,65628.0,10.709411,1.7377002,65628,bendamustine,True,2.0,2.0,0.0,True,2 rings
tc-s-7006,9549300.0,9.281777,3.8032808,9549300,tc-s-7006,True,4.0,4.0,0.0,True,4+ rings
edoxudine,66377.0,10.744372,-0.86330736,66377,edoxudine,True,2.0,1.0,1.0,True,2 rings
ethinyl-estradiol,5991.0,8.377914,-0.12941435,5991,ethinyl-estradiol,True,4.0,1.0,3.0,True,4+ rings
aminocaproic-acid,564.0,10.677033,1.708729,564,aminocaproic-acid,True,0.0,0.0,0.0,False,0 rings
finafloxacin,11567473.0,12.203789,0.6651911,11567473,finafloxacin,True,5.0,2.0,3.0,True,4+ rings
naringin-dihydrochalcone,9894584.0,9.671758,0.2581887,9894584,naringin-dihydrochalcone,True,4.0,2.0,2.0,True,4+ rings
ib-meca,123683.0,10.388103,-0.615773,123683,ib-meca,True,4.0,3.0,1.0,True,4+ rings
pp242,135565635.0,9.116119,2.384453,135565635,pp242,True,4.0,4.0,0.0,True,4+ rings
vs-4718,25073775.0,8.570243,3.7169704,25073775,vs-4718,True,4.0,3.0,1.0,True,4+ rings
vp-20629,3744.0,11.482563,2.8289948,3744,vp-20629,True,2.0,2.0,0.0,True,2 rings
talarozole,76958553.0,9.228459,2.3008873,76958553,talarozole,True,4.0,4.0,0.0,True,4+ rings
lcl-161,24737642.0,10.500509,2.143005,24737642,lcl-161,True,4.0,2.0,2.0,True,4+ rings
ns-3861,,9.1575365,1.554993,,ns-3861,True,3.0,1.0,2.0,True,3 rings
mivebresib,71600087.0,8.988773,1.8206701,71600087,mivebresib,True,4.0,4.0,0.0,True,4+ rings
tcs-hdac6-20b,23636017.0,10.2870655,1.5682061,23636017,tcs-hdac6-20b,True,4.0,0.0,4.0,True,4+ rings
cinoxacin,2762.0,10.065923,1.8562295,2762,cinoxacin,True,3.0,2.0,1.0,True,3 rings
arachidonic-acid,444899.0,11.185012,1.1504699,444899,arachidonic-acid,True,0.0,0.0,0.0,False,0 rings
siguazodan,6604007.0,9.324857,1.5223521,6604007,siguazodan,True,2.0,1.0,1.0,True,2 rings
uprosertib,51042438.0,10.424787,2.3854094,51042438,uprosertib,True,3.0,3.0,0.0,True,3 rings
e-4031,3185.0,10.141552,3.7300873,3185,e-4031,True,3.0,2.0,1.0,True,3 rings
atpa,11345201.0,11.123144,1.8478782,11345201,atpa,True,1.0,1.0,0.0,True,1 ring
remetinostat,24875489.0,10.499536,2.3111775,24875489,remetinostat,True,1.0,1.0,0.0,True,1 ring
ranirestat,153948.0,9.033501,1.5423044,153948,ranirestat,True,4.0,2.0,2.0,True,4+ rings
sodium-picosulfate,5243.0,9.5857725,2.8484058,5243,sodium-picosulfate,True,3.0,3.0,0.0,True,3 rings
avridine,37186.0,10.620549,1.2395816,37186,avridine,True,0.0,0.0,0.0,False,0 rings
clindamycin,446598.0,10.297663,1.5087159,446598,clindamycin,True,2.0,0.0,2.0,True,2 rings
ha14-1,6976314.0,10.598922,2.4940848,6976314,ha14-1,True,2.0,1.0,1.0,True,2 rings
onc201,73777259.0,9.761476,2.6620412,73777259,onc201,True,5.0,2.0,3.0,True,4+ rings
apto-253,11960271.0,9.032611,2.6871147,11960271,apto-253,True,6.0,6.0,0.0,True,4+ rings
pf-5274857,56956240.0,9.435587,2.110297,56956240,pf-5274857,True,3.0,2.0,1.0,True,3 rings
telotristat,25025298.0,11.033425,2.263295,25025298,telotristat,True,4.0,4.0,0.0,True,4+ rings
diethylstilbestrol,448537.0,9.628494,2.4645305,448537,diethylstilbestrol,True,2.0,2.0,0.0,True,2 rings
rhein,10168.0,9.25926,2.5867903,10168,rhein,True,3.0,2.0,1.0,True,3 rings
dbeq,676352.0,9.563544,2.9908285,676352,dbeq,True,4.0,4.0,0.0,True,4+ rings
chloroprocaine,8612.0,10.70863,3.3440158,8612,chloroprocaine,True,1.0,1.0,0.0,True,1 ring
cy208-243,58144.0,11.167052,2.7661395,58144,cy208-243,True,5.0,3.0,2.0,True,4+ rings
09/01/92,7141881.0,9.854096,2.2507513,7141881,09/01/92,True,2.0,2.0,0.0,True,2 rings
darifenacin,444031.0,9.949341,2.9355488,444031,darifenacin,True,5.0,3.0,2.0,True,4+ rings
carmoxirole,86308157.0,11.481426,2.843432,86308157,carmoxirole,True,4.0,3.0,1.0,True,4+ rings
fpl-12495,164087.0,10.160868,2.6075873,164087,fpl-12495,True,2.0,2.0,0.0,True,2 rings
puerarin,5281807.0,9.616636,0.38196763,5281807,puerarin,True,4.0,3.0,1.0,True,4+ rings
transcrocetinate,5281232.0,10.064041,1.5100461,5281232,transcrocetinate,True,0.0,0.0,0.0,False,0 rings
iguratimod,124246.0,9.423505,2.5567381,124246,iguratimod,True,3.0,3.0,0.0,True,3 rings
halothane,4369439.0,9.195399,1.4862913,4369439,halothane,True,0.0,0.0,0.0,False,0 rings
7-nitroindazole,1893.0,8.614098,2.1498232,1893,7-nitroindazole,True,2.0,2.0,0.0,True,2 rings
bupranolol,66601885.0,11.145118,3.9376223,66601885,bupranolol,True,1.0,1.0,0.0,True,1 ring
bi-224436,66561902.0,9.670193,2.7735674,66561902,bi-224436,True,5.0,4.0,1.0,True,4+ rings
adarotene,9864378.0,9.057445,2.9436746,9864378,adarotene,True,6.0,2.0,4.0,True,4+ rings
chloroquine,444810.0,9.116834,3.3532465,444810,chloroquine,True,2.0,2.0,0.0,True,2 rings
iloperidone,71360.0,10.066656,4.001124,71360,iloperidone,True,4.0,3.0,1.0,True,4+ rings
linaprazan,9951066.0,10.056262,3.0472817,9951066,linaprazan,True,3.0,3.0,0.0,True,3 rings
amn-082,1894361.0,10.288936,2.943004,1894361,amn-082,True,4.0,4.0,0.0,True,4+ rings
taurolidine,29566.0,9.277815,1.542698,29566,taurolidine,True,2.0,0.0,2.0,True,2 rings
ono-4817,9888141.0,10.325618,2.896059,9888141,ono-4817,True,2.0,2.0,0.0,True,2 rings
xl888,,10.170283,2.297325,,xl888,True,5.0,2.0,3.0,True,4+ rings
fluspirilene,3396.0,10.240976,3.8204992,3396,fluspirilene,True,5.0,3.0,2.0,True,4+ rings
tc-mps1-12,70682875.0,10.088444,2.3451707,70682875,tc-mps1-12,True,2.0,2.0,0.0,True,2 rings
sns-314,24995524.0,9.642689,3.4464703,24995524,sns-314,True,4.0,4.0,0.0,True,4+ rings
e7820,196970.0,8.682178,2.3713274,196970,e7820,True,3.0,3.0,0.0,True,3 rings
cresopirine,78094.0,10.070669,3.1952305,78094,cresopirine,True,1.0,1.0,0.0,True,1 ring
fludarabine,657237.0,10.424053,-0.6093158,657237,fludarabine,True,3.0,2.0,1.0,True,3 rings
ly393558,10347428.0,8.7833395,2.4775767,10347428,ly393558,True,5.0,3.0,2.0,True,4+ rings
cxd101,16225380.0,9.987667,3.2694194,16225380,cxd101,True,4.0,3.0,1.0,True,4+ rings
picrotoxinin,7098683.0,9.276948,1.4274458,7098683,picrotoxinin,True,5.0,0.0,5.0,True,4+ rings
nitrosodimethylurea,129010104.0,9.806568,1.6108918,129010104,nitrosodimethylurea,True,0.0,0.0,0.0,False,0 rings
sulfabenzamide,5319.0,8.537229,2.7349439,5319,sulfabenzamide,True,2.0,2.0,0.0,True,2 rings
"2,5-furandimethanol",74663.0,9.489087,1.7687229,74663,"2,5-furandimethanol",True,1.0,1.0,0.0,True,1 ring
evodiamine,442088.0,8.999043,3.130652,442088,evodiamine,True,5.0,3.0,2.0,True,4+ rings
thiocolchicoside,9915886.0,9.703248,0.24149029,9915886,thiocolchicoside,True,4.0,2.0,2.0,True,4+ rings
doxycycline,,9.633699,2.173938,,doxycycline,True,4.0,1.0,3.0,True,4+ rings
cadazolid,44242317.0,12.113728,0.7141155,44242317,cadazolid,True,6.0,3.0,3.0,True,4+ rings
dihydromyricetin,161557.0,9.533427,0.87223935,161557,dihydromyricetin,True,3.0,2.0,1.0,True,3 rings
exatecan-mesylate,151115.0,6.921818,3.3564122,151115,exatecan-mesylate,True,6.0,3.0,3.0,True,4+ rings
sulbactam,130313.0,10.056469,1.5040329,130313,sulbactam,True,2.0,0.0,2.0,True,2 rings
mafenide,3998.0,8.626705,2.4820857,3998,mafenide,True,1.0,1.0,0.0,True,1 ring
midostaurin,9829523.0,9.71855,2.587779,9829523,midostaurin,True,9.0,6.0,3.0,True,4+ rings
bam7,,9.802454,2.6062133,,bam7,True,4.0,3.0,1.0,True,4+ rings
ameltolide,13086.0,9.993548,3.5925539,13086,ameltolide,True,2.0,2.0,0.0,True,2 rings
a-784168,11420211.0,9.805849,3.462377,11420211,a-784168,True,3.0,2.0,1.0,True,3 rings
oc000459,11462174.0,9.925808,2.5766718,11462174,oc000459,True,4.0,4.0,0.0,True,4+ rings
pf-477736,135565545.0,9.704584,1.7361301,135565545,pf-477736,True,5.0,3.0,2.0,True,4+ rings
carboxylosartan,108185.0,10.989331,3.2598639,108185,carboxylosartan,True,4.0,4.0,0.0,True,4+ rings
tg-100713,17751063.0,9.2976,2.3922768,17751063,tg-100713,True,3.0,3.0,0.0,True,3 rings
hpgds-in-1,46700750.0,9.978718,2.9657667,46700750,hpgds-in-1,True,4.0,4.0,0.0,True,4+ rings
gliclazide,931837.0,8.452263,2.6961064,931837,gliclazide,True,3.0,1.0,2.0,True,3 rings
cim-0216,25331887.0,10.110618,3.0752418,25331887,cim-0216,True,4.0,3.0,1.0,True,4+ rings
desloratadine,124087.0,8.979586,2.642978,124087,desloratadine,True,4.0,2.0,2.0,True,4+ rings
epacadostat,135564890.0,9.3862915,1.9710162,135564890,epacadostat,True,2.0,2.0,0.0,True,2 rings
mecamylamine,46912050.0,9.212913,1.259618,46912050,mecamylamine,True,2.0,0.0,2.0,True,2 rings
y-11,427018.0,9.536845,1.4640169,427018,y-11,True,4.0,0.0,4.0,True,4+ rings
darusentan,177236.0,10.096349,2.5722828,177236,darusentan,True,3.0,3.0,0.0,True,3 rings
vby-825,70945511.0,9.960495,2.0134194,70945511,vby-825,True,3.0,1.0,2.0,True,3 rings
btz043-racemate,42609849.0,8.529225,1.8756572,42609849,btz043-racemate,True,4.0,2.0,2.0,True,4+ rings
tenalisib,86291103.0,8.451403,1.6705282,86291103,tenalisib,True,5.0,5.0,0.0,True,4+ rings
cefiderocol,46195832.0,13.429444,1.5216575,46195832,cefiderocol,True,5.0,2.0,3.0,True,4+ rings
moracizine,34633.0,9.224023,3.6864347,34633,moracizine,True,4.0,2.0,2.0,True,4+ rings
selexipag,9913767.0,9.988737,2.6999998,9913767,selexipag,True,3.0,3.0,0.0,True,3 rings
cyclopentolate,6604325.0,10.449086,3.0802214,6604325,cyclopentolate,True,2.0,1.0,1.0,True,2 rings
actarit,2018.0,9.964401,3.3595965,2018,actarit,True,1.0,1.0,0.0,True,1 ring
talnetant,5311424.0,10.217053,2.829997,5311424,talnetant,True,4.0,4.0,0.0,True,4+ rings
gentiopicrin,88708.0,9.72701,0.2386654,88708,gentiopicrin,True,3.0,0.0,3.0,True,3 rings
diminazene-aceturate,2354.0,9.686021,2.1879854,2354,diminazene-aceturate,True,2.0,2.0,0.0,True,2 rings
sc-560,4306515.0,8.731937,2.7783954,4306515,sc-560,True,3.0,3.0,0.0,True,3 rings
d-serine,71077.0,11.176058,1.8508424,71077,d-serine,True,0.0,0.0,0.0,False,0 rings
felypressin,,11.798158,2.280092,,felypressin,True,4.0,2.0,2.0,True,4+ rings
add-233089,54155633.0,8.978977,1.7851397,54155633,add-233089,True,3.0,2.0,1.0,True,3 rings
ni-57,91827373.0,8.678801,2.60466,91827373,ni-57,True,3.0,3.0,0.0,True,3 rings
vu0360172,53318624.0,9.751402,3.1386356,53318624,vu0360172,True,3.0,2.0,1.0,True,3 rings
mdms,9083.0,9.394854,1.6279291,9083,mdms,True,0.0,0.0,0.0,False,0 rings
loracarbef,5284585.0,13.150504,1.7198616,5284585,loracarbef,True,3.0,1.0,2.0,True,3 rings
jk-184,1069686.0,8.960182,2.1912632,1069686,jk-184,True,4.0,4.0,0.0,True,4+ rings
cilofexor,71228883.0,9.9602995,2.6848872,71228883,cilofexor,True,6.0,4.0,2.0,True,4+ rings
phenprocoumon,54681533.0,9.956369,2.6540654,54681533,phenprocoumon,True,3.0,3.0,0.0,True,3 rings
sulmazole,11859211.0,8.900945,2.6638746,11859211,sulmazole,True,3.0,3.0,0.0,True,3 rings
clarithromycin,,9.197675,0.73928434,,clarithromycin,True,3.0,0.0,3.0,True,3 rings
vu0422288,73058507.0,9.563314,3.4995987,73058507,vu0422288,True,3.0,3.0,0.0,True,3 rings
irsogladine,3752.0,8.913659,2.1778703,3752,irsogladine,True,2.0,2.0,0.0,True,2 rings
tc-i-2014,135883253.0,9.223151,2.0481482,135883253,tc-i-2014,True,5.0,3.0,2.0,True,4+ rings
cytarabine,6253.0,10.54905,-0.5657337,6253,cytarabine,True,2.0,1.0,1.0,True,2 rings
firocoxib,208910.0,8.937033,1.8770175,208910,firocoxib,True,3.0,1.0,2.0,True,3 rings
sennoside-a,132466065.0,9.726362,0.20827009,132466065,sennoside-a,True,8.0,6.0,2.0,True,4+ rings
trioxsalen,5585.0,9.002346,1.8685838,5585,trioxsalen,True,3.0,3.0,0.0,True,3 rings
m8-b,11675630.0,9.915438,2.9271617,11675630,m8-b,True,3.0,3.0,0.0,True,3 rings
dibutyl-phthalate,3026.0,10.565443,2.9790826,3026,dibutyl-phthalate,True,1.0,1.0,0.0,True,1 ring
flutamide,3397.0,9.756844,3.5962684,3397,flutamide,True,1.0,1.0,0.0,True,1 ring
gdc-0084,57384863.0,8.954315,1.8193706,57384863,gdc-0084,True,5.0,3.0,2.0,True,4+ rings
ml9,4217.0,8.804516,1.9906268,4217,ml9,True,3.0,2.0,1.0,True,3 rings
bms-986195,121293929.0,9.823113,1.777089,121293929,bms-986195,True,3.0,2.0,1.0,True,3 rings
at13387,11955716.0,9.886044,2.282777,11955716,at13387,True,4.0,2.0,2.0,True,4+ rings
levobunolol-(+/-),5460339.0,11.18692,4.064382,5460339,levobunolol-(+/-),True,2.0,1.0,1.0,True,2 rings
wye-687,25229450.0,9.488735,3.5756652,25229450,wye-687,True,6.0,4.0,2.0,True,4+ rings
pantethine,452306.0,10.38914,1.7342145,452306,pantethine,True,0.0,0.0,0.0,False,0 rings
ppt,5040063.0,9.470891,2.4742963,5040063,ppt,True,4.0,4.0,0.0,True,4+ rings
cgh2466,5282339.0,8.913003,2.036118,5282339,cgh2466,True,3.0,3.0,0.0,True,3 rings
k02288,46173038.0,9.1104,2.742458,46173038,k02288,True,3.0,3.0,0.0,True,3 rings
gdc-0068,24788740.0,10.875262,3.005238,24788740,gdc-0068,True,4.0,2.0,2.0,True,4+ rings
gallium-triquinolin-8-olate,9806063.0,9.196926,2.7692506,9806063,gallium-triquinolin-8-olate,True,6.0,6.0,0.0,True,4+ rings
torcitabine,13711.0,10.613521,-0.6725434,13711,torcitabine,True,2.0,1.0,1.0,True,2 rings
rs-504393,9953769.0,9.177661,2.4349964,9953769,rs-504393,True,5.0,3.0,2.0,True,4+ rings
seletalisib,56928390.0,9.089138,2.7805672,56928390,seletalisib,True,5.0,5.0,0.0,True,4+ rings
erythrosine,3259.0,9.345384,2.2991297,3259,erythrosine,True,5.0,3.0,2.0,True,4+ rings
mometasone,441335.0,8.025959,-1.1930121,441335,mometasone,True,4.0,0.0,4.0,True,4+ rings
evp4593,509554.0,9.189269,3.7758272,509554,evp4593,True,4.0,4.0,0.0,True,4+ rings
pf-06305591,71666749.0,10.285255,1.7652488,71666749,pf-06305591,True,2.0,2.0,0.0,True,2 rings
diperodon,40479653.0,10.021558,3.123561,40479653,diperodon,True,3.0,2.0,1.0,True,3 rings
mephenesin,6931199.0,10.733848,3.680232,6931199,mephenesin,True,1.0,1.0,0.0,True,1 ring
tcs-pim-1-1,1235170.0,9.514379,2.3997583,1235170,tcs-pim-1-1,True,3.0,3.0,0.0,True,3 rings
gw-9508,11595431.0,10.286843,2.5853753,11595431,gw-9508,True,3.0,3.0,0.0,True,3 rings
ban-orl-24,10296561.0,10.232061,3.0655005,10296561,ban-orl-24,True,5.0,2.0,3.0,True,4+ rings
etrasimod,44623998.0,10.020448,2.202456,44623998,etrasimod,True,5.0,3.0,2.0,True,4+ rings
bms-626529,11317439.0,9.850339,3.1873689,11317439,bms-626529,True,5.0,4.0,1.0,True,4+ rings
r-1487,11406590.0,8.950144,1.5956061,11406590,r-1487,True,4.0,3.0,1.0,True,4+ rings
dilmapimod,10297982.0,9.608013,2.0604706,10297982,dilmapimod,True,4.0,4.0,0.0,True,4+ rings
dithranol,10187.0,9.371504,2.4347072,10187,dithranol,True,3.0,3.0,0.0,True,3 rings
etodolac,688461.0,10.33869,1.8882887,688461,etodolac,True,3.0,2.0,1.0,True,3 rings
ardeparin,100942142.0,9.896971,1.0969492,100942142,ardeparin,True,2.0,0.0,2.0,True,2 rings
hpph,,10.980524,1.3825744,,hpph,True,6.0,3.0,3.0,True,4+ rings
n-(p-amylcinnamoyl)-anthranilic-acid,5353376.0,10.011471,2.9768794,5353376,n-(p-amylcinnamoyl)-anthranilic-acid,True,2.0,2.0,0.0,True,2 rings
milnacipran,6917779.0,10.081881,2.1405594,6917779,milnacipran,True,2.0,1.0,1.0,True,2 rings
zamifenacin,3086618.0,10.198056,3.250809,3086618,zamifenacin,True,5.0,3.0,2.0,True,4+ rings
rs-67333,183782.0,10.485295,3.7635055,183782,rs-67333,True,2.0,1.0,1.0,True,2 rings
clozapine,135398737.0,8.85286,2.9699218,135398737,clozapine,True,4.0,2.0,2.0,True,4+ rings
pemafibrate,11526038.0,10.412504,3.003034,11526038,pemafibrate,True,4.0,4.0,0.0,True,4+ rings
gaboxadol,3448.0,9.002791,1.503603,3448,gaboxadol,True,2.0,1.0,1.0,True,2 rings
ngb-2904,9891901.0,9.835453,3.6497157,9891901,ngb-2904,True,5.0,3.0,2.0,True,4+ rings
debrisoquin,2966.0,9.387709,2.4895308,2966,debrisoquin,True,2.0,1.0,1.0,True,2 rings
bms-582949,10409068.0,10.078047,3.1024873,10409068,bms-582949,True,4.0,3.0,1.0,True,4+ rings
leucovorin,135398559.0,11.395398,1.8759425,135398559,leucovorin,True,3.0,2.0,1.0,True,3 rings
sta-5326,10173277.0,9.294268,2.843714,10173277,sta-5326,True,4.0,3.0,1.0,True,4+ rings
digoxigenin,15478.0,9.043319,0.1326419,15478,digoxigenin,True,5.0,0.0,5.0,True,4+ rings
tioxolone,72139.0,9.490828,2.133645,72139,tioxolone,True,2.0,2.0,0.0,True,2 rings
xl388,59604787.0,9.048623,2.1817076,59604787,xl388,True,4.0,3.0,1.0,True,4+ rings
ciprofibrate,9882424.0,10.073523,2.3123858,9882424,ciprofibrate,True,2.0,1.0,1.0,True,2 rings
propylhexedrine,71197.0,9.451634,1.5120306,71197,propylhexedrine,True,1.0,0.0,1.0,True,1 ring
ci-844,200510.0,9.323069,3.4750175,200510,ci-844,True,2.0,2.0,0.0,True,2 rings
phenserine,192706.0,9.892913,3.2614255,192706,phenserine,True,4.0,2.0,2.0,True,4+ rings
co-101244,6918409.0,9.436068,2.7351165,6918409,co-101244,True,3.0,2.0,1.0,True,3 rings
anethole,637563.0,8.898761,2.9859755,637563,anethole,True,1.0,1.0,0.0,True,1 ring
trovafloxacin,,12.162863,0.69903135,,trovafloxacin,True,5.0,3.0,2.0,True,4+ rings
tranilast,5282230.0,9.205035,3.1843944,5282230,tranilast,True,2.0,2.0,0.0,True,2 rings
acitazanolast,2006.0,9.849856,3.1519668,2006,acitazanolast,True,2.0,2.0,0.0,True,2 rings
acumapimod,11338127.0,9.928274,3.3426025,11338127,acumapimod,True,4.0,3.0,1.0,True,4+ rings
prenylamine,181757.0,10.398504,2.9339297,181757,prenylamine,True,3.0,3.0,0.0,True,3 rings
molidustat,59603622.0,9.020035,1.5731354,59603622,molidustat,True,4.0,3.0,1.0,True,4+ rings
acetarsol,1985.0,9.789337,3.1389804,1985,acetarsol,True,1.0,1.0,0.0,True,1 ring
propiolactone,2365.0,9.116785,1.6784966,2365,propiolactone,True,1.0,0.0,1.0,True,1 ring
sb-271046,5312149.0,8.506887,2.8150008,5312149,sb-271046,True,4.0,3.0,1.0,True,4+ rings
carbamazepine,2554.0,9.810632,2.1974106,2554,carbamazepine,True,3.0,2.0,1.0,True,3 rings
phenformin,8249.0,10.062889,2.6820662,8249,phenformin,True,1.0,1.0,0.0,True,1 ring
benzo[d]thiazole-2(3h)-thione,697993.0,9.180816,2.488041,697993,benzo[d]thiazole-2(3h)-thione,True,2.0,2.0,0.0,True,2 rings
phortress,399465.0,10.55501,1.745814,399465,phortress,True,3.0,3.0,0.0,True,3 rings
lactulose,11333.0,9.668168,0.21426204,11333,lactulose,True,2.0,0.0,2.0,True,2 rings
edrophonium,3202.0,9.640138,2.3552306,3202,edrophonium,True,1.0,1.0,0.0,True,1 ring
"1-(1,2-diphenylethyl)piperidine-(+/-)",44574903.0,10.328613,2.957792,44574903,"1-(1,2-diphenylethyl)piperidine-(+/-)",True,3.0,2.0,1.0,True,3 rings
seclazone,76966156.0,9.04982,1.6911197,76966156,seclazone,True,3.0,1.0,2.0,True,3 rings
teicoplanin-a2-3,,9.713833,0.21127495,,teicoplanin-a2-3,True,16.0,7.0,9.0,True,4+ rings
budesonide,63006.0,8.163691,-1.0122366,63006,budesonide,True,5.0,0.0,5.0,True,4+ rings
necrostatin-2,11288934.0,9.330286,1.945764,11288934,necrostatin-2,True,3.0,2.0,1.0,True,3 rings
piconol,11474.0,9.422908,2.965923,11474,piconol,True,1.0,1.0,0.0,True,1 ring
cyclic-amp,40467852.0,10.366578,-0.53997064,40467852,cyclic-amp,True,4.0,2.0,2.0,True,4+ rings
pd-166793,9887870.0,10.513177,1.8244368,9887870,pd-166793,True,2.0,2.0,0.0,True,2 rings
2-hydroxyethyl-salicylate,6880.0,10.347412,3.1946528,6880,2-hydroxyethyl-salicylate,True,1.0,1.0,0.0,True,1 ring
cordycepin,6303.0,10.3741045,-0.57303375,6303,cordycepin,True,3.0,2.0,1.0,True,3 rings
hydroxypropyl-beta-cyclodextrin,,9.833367,1.2794704,,hydroxypropyl-beta-cyclodextrin,True,21.0,0.0,21.0,True,4+ rings
quinolinic-acid,1066.0,9.8383255,3.1717007,1066,quinolinic-acid,True,1.0,1.0,0.0,True,1 ring
sr-95639a,195165.0,9.349713,2.9983013,195165,sr-95639a,True,4.0,2.0,2.0,True,4+ rings
verdinexor,71492799.0,9.811154,2.9879384,71492799,verdinexor,True,3.0,3.0,0.0,True,3 rings
azd7545,16741245.0,8.673996,2.5814984,16741245,azd7545,True,2.0,2.0,0.0,True,2 rings
agi-6780,71299339.0,9.792012,3.3351905,71299339,agi-6780,True,4.0,3.0,1.0,True,4+ rings
linagliptin,10096344.0,8.849514,2.310233,10096344,linagliptin,True,5.0,4.0,1.0,True,4+ rings
catharanthine,5458190.0,8.98629,3.365466,5458190,catharanthine,True,6.0,2.0,4.0,True,4+ rings
retinyl-palmitate,5280531.0,10.550083,0.6593689,5280531,retinyl-palmitate,True,1.0,0.0,1.0,True,1 ring
piceatannol,667639.0,8.912261,2.9194398,667639,piceatannol,True,2.0,2.0,0.0,True,2 rings
firategrast,9935681.0,10.869503,2.5523133,9935681,firategrast,True,3.0,3.0,0.0,True,3 rings
nifenazone,4487.0,8.373329,3.3364117,4487,nifenazone,True,3.0,3.0,0.0,True,3 rings
gw-0742,9934458.0,10.350295,2.0514877,9934458,gw-0742,True,3.0,3.0,0.0,True,3 rings
cgp-25454a,9819591.0,10.541133,3.6053615,9819591,cgp-25454a,True,1.0,1.0,0.0,True,1 ring
vinblastine,13342.0,8.883396,3.4185443,13342,vinblastine,True,9.0,3.0,6.0,True,4+ rings
ambazone,,9.598104,2.0307014,,ambazone,True,1.0,1.0,0.0,True,1 ring
danirixin,24780598.0,9.449564,2.3515825,24780598,danirixin,True,3.0,2.0,1.0,True,3 rings
larotrectinib,46188928.0,9.529559,1.6170473,46188928,larotrectinib,True,5.0,3.0,2.0,True,4+ rings
bc-11,60126757.0,9.623904,1.6970133,60126757,bc-11,True,1.0,1.0,0.0,True,1 ring
triciribine,65399.0,10.436582,-0.58427817,65399,triciribine,True,4.0,2.0,2.0,True,4+ rings
eliglustat,23652731.0,11.101993,1.2698957,23652731,eliglustat,True,3.0,1.0,2.0,True,3 rings
gemcitabine,60750.0,10.606309,-0.6189938,60750,gemcitabine,True,2.0,1.0,1.0,True,2 rings
acexamic-acid,2005.0,10.699279,1.7664062,2005,acexamic-acid,True,0.0,0.0,0.0,False,0 rings
guanaben-acetate,5702063.0,9.459948,2.0714152,5702063,guanaben-acetate,True,1.0,1.0,0.0,True,1 ring
bd-1008,126388.0,9.449904,2.7589521,126388,bd-1008,True,2.0,1.0,1.0,True,2 rings
brd7389,1080352.0,9.921898,2.6888955,1080352,brd7389,True,5.0,4.0,1.0,True,4+ rings
zotepine,5736.0,9.079195,3.4556546,5736,zotepine,True,3.0,2.0,1.0,True,3 rings
cis-urocanic-acid,736715.0,10.037795,1.8067212,736715,cis-urocanic-acid,True,1.0,1.0,0.0,True,1 ring
s-trityl-l-cysteine,7271796.0,11.183655,1.8500981,7271796,s-trityl-l-cysteine,True,3.0,3.0,0.0,True,3 rings
fluticasone-propionate,444036.0,8.0373535,-1.1819451,444036,fluticasone-propionate,True,4.0,0.0,4.0,True,4+ rings
trodusquemine,9917968.0,8.938833,-0.31944236,9917968,trodusquemine,True,4.0,0.0,4.0,True,4+ rings
splitomycin,5269.0,9.268293,2.621476,5269,splitomycin,True,3.0,2.0,1.0,True,3 rings
cfi-400945,58486178.0,8.858749,2.901987,58486178,cfi-400945,True,7.0,4.0,3.0,True,4+ rings
azd8931,11488320.0,9.02114,4.201558,11488320,azd8931,True,4.0,3.0,1.0,True,4+ rings
triamcinolone-acetonide,6436.0,8.068282,-1.1440703,6436,triamcinolone-acetonide,True,5.0,0.0,5.0,True,4+ rings
sb-202190,5169.0,8.853491,2.2415433,5169,sb-202190,True,4.0,4.0,0.0,True,4+ rings
valethamate,38989053.0,10.591522,2.7064176,38989053,valethamate,True,1.0,1.0,0.0,True,1 ring
l-760735,9809077.0,9.244137,1.672442,9809077,l-760735,True,4.0,3.0,1.0,True,4+ rings
foscarnet,3415.0,9.936997,1.5614887,3415,foscarnet,True,0.0,0.0,0.0,False,0 rings
lestaurtinib,9932888.0,9.417371,2.5218947,9932888,lestaurtinib,True,8.0,5.0,3.0,True,4+ rings
phenylbutazone,4781.0,9.815128,2.393982,4781,phenylbutazone,True,3.0,2.0,1.0,True,3 rings
xbd173,6433109.0,10.100939,3.343698,6433109,xbd173,True,4.0,4.0,0.0,True,4+ rings
barasertib-hqpa,16007391.0,9.383059,3.773059,16007391,barasertib-hqpa,True,4.0,4.0,0.0,True,4+ rings
spizofurone,71755.0,9.62079,2.0873597,71755,spizofurone,True,3.0,1.0,2.0,True,3 rings
indocyanine-green,9919342.0,9.427991,2.6431103,9919342,indocyanine-green,True,6.0,4.0,2.0,True,4+ rings
azacitidine,9444.0,10.447324,-0.56536597,9444,azacitidine,True,2.0,1.0,1.0,True,2 rings
"cis-exo-camphanediol-2,3",21626088.0,9.091405,0.6872379,21626088,"cis-exo-camphanediol-2,3",True,2.0,0.0,2.0,True,2 rings
merbarone,3000671.0,9.830943,3.2537518,3000671,merbarone,True,2.0,2.0,0.0,True,2 rings
epinephrine,5816.0,11.065826,3.0483487,5816,epinephrine,True,1.0,1.0,0.0,True,1 ring
lofepramine,3947.0,8.937682,3.7779846,3947,lofepramine,True,4.0,3.0,1.0,True,4+ rings
haloprogin,3561.0,9.296129,1.6729035,3561,haloprogin,True,1.0,1.0,0.0,True,1 ring
tg100-115,10427712.0,9.339588,2.389978,10427712,tg100-115,True,4.0,4.0,0.0,True,4+ rings
bibx-1382,6918508.0,9.06871,3.8879986,6918508,bibx-1382,True,4.0,3.0,1.0,True,4+ rings
ro-28-1675,9886086.0,8.452226,2.674435,9886086,ro-28-1675,True,3.0,2.0,1.0,True,3 rings
oseltamivir-phosphate,65028.0,10.573129,1.9675605,65028,oseltamivir-phosphate,True,1.0,0.0,1.0,True,1 ring
propylthiouracil,657298.0,9.09208,1.6938093,657298,propylthiouracil,True,1.0,1.0,0.0,True,1 ring
perillyl-alcohol,369312.0,9.480214,1.5298342,369312,perillyl-alcohol,True,1.0,0.0,1.0,True,1 ring
ibuproxam,11458696.0,10.919864,2.4865172,11458696,ibuproxam,True,1.0,1.0,0.0,True,1 ring
thiram,5455.0,9.424885,1.598626,5455,thiram,True,0.0,0.0,0.0,False,0 rings
palomid-529,86324425.0,8.865892,3.1703596,86324425,palomid-529,True,4.0,4.0,0.0,True,4+ rings
fit,84008.0,10.058584,2.8101015,84008,fit,True,3.0,2.0,1.0,True,3 rings
cortisone-acetate,5745.0,8.297901,-0.778947,5745,cortisone-acetate,True,4.0,0.0,4.0,True,4+ rings
phenylbutyrate,4775.0,10.504871,2.6034021,4775,phenylbutyrate,True,1.0,1.0,0.0,True,1 ring
tomivosertib,118598754.0,9.020816,1.6161698,118598754,tomivosertib,True,4.0,2.0,2.0,True,4+ rings
epothilone-d,,9.162452,1.1918985,,epothilone-d,True,2.0,1.0,1.0,True,2 rings
allylisothiocyanate,5971.0,9.36499,1.4875488,5971,allylisothiocyanate,True,0.0,0.0,0.0,False,0 rings
arcyriaflavin-a,5327723.0,9.1428385,2.6994276,5327723,arcyriaflavin-a,True,6.0,5.0,1.0,True,4+ rings
atenolol-(+/-),180559.0,10.881456,3.7650445,180559,atenolol-(+/-),True,1.0,1.0,0.0,True,1 ring
acelarin,134694283.0,10.608527,-0.5364763,134694283,acelarin,True,4.0,3.0,1.0,True,4+ rings
bms-207940,156690.0,9.163612,2.45683,156690,bms-207940,True,4.0,4.0,0.0,True,4+ rings
pazopanib,10113978.0,8.580255,2.3017917,10113978,pazopanib,True,4.0,4.0,0.0,True,4+ rings
chromium-picolinate,56840998.0,9.585282,3.056574,56840998,chromium-picolinate,True,3.0,3.0,0.0,True,3 rings
2-bfi,3080926.0,8.472371,1.8171544,3080926,2-bfi,True,3.0,2.0,1.0,True,3 rings
segesterone-acetate,108059.0,8.425198,-0.32436073,108059,segesterone-acetate,True,4.0,0.0,4.0,True,4+ rings
ly266097,92845961.0,8.7264805,3.107649,92845961,ly266097,True,4.0,3.0,1.0,True,4+ rings
pf-06282999,71571306.0,8.828819,2.6266453,71571306,pf-06282999,True,2.0,2.0,0.0,True,2 rings
etomidate,667484.0,10.607838,2.7751796,667484,etomidate,True,2.0,2.0,0.0,True,2 rings
tc-ntr1-17,44157038.0,10.850297,2.501375,44157038,tc-ntr1-17,True,4.0,4.0,0.0,True,4+ rings
bendazol,12132.0,8.680275,2.6057844,12132,bendazol,True,3.0,3.0,0.0,True,3 rings
abt-639,46851313.0,9.774274,2.8410983,46851313,abt-639,True,4.0,2.0,2.0,True,4+ rings
fluprazine,71153.0,9.895164,3.2340477,71153,fluprazine,True,2.0,1.0,1.0,True,2 rings
ns-8593,11587013.0,8.541788,2.5978682,11587013,ns-8593,True,4.0,3.0,1.0,True,4+ rings
naloxone,5284596.0,6.2678847,5.2441573,5284596,naloxone,True,5.0,1.0,4.0,True,4+ rings
kbg,92461199.0,9.334528,1.1758521,92461199,kbg,True,3.0,1.0,2.0,True,3 rings
ly2334737,11646777.0,10.5399685,-0.54506975,11646777,ly2334737,True,2.0,1.0,1.0,True,2 rings
thiamine-pyrophosphate,1132.0,9.657055,1.5901589,1132,thiamine-pyrophosphate,True,2.0,2.0,0.0,True,2 rings
daidzin,107971.0,9.609168,0.38542178,107971,daidzin,True,4.0,3.0,1.0,True,4+ rings
geranyl-farnesylacetate,5282182.0,10.143434,1.6412734,5282182,geranyl-farnesylacetate,True,0.0,0.0,0.0,False,0 rings
etazolate,3277.0,10.476315,2.3829496,3277,etazolate,True,2.0,2.0,0.0,True,2 rings
t-62,855908.0,9.894009,2.414881,855908,t-62,True,3.0,2.0,1.0,True,3 rings
4-aminohippuric-acid,2148.0,10.275946,2.8461246,2148,4-aminohippuric-acid,True,1.0,1.0,0.0,True,1 ring
homoveratrylamine,8421.0,8.756176,3.2826316,8421,homoveratrylamine,True,1.0,1.0,0.0,True,1 ring
benzoclidine,6928653.0,9.984726,2.5940669,6928653,benzoclidine,True,4.0,1.0,3.0,True,4+ rings
proglumetacin,76965948.0,9.250179,3.6615138,76965948,proglumetacin,True,5.0,4.0,1.0,True,4+ rings
dimercaptosuccinic-acid,2724354.0,10.38269,1.7734681,2724354,dimercaptosuccinic-acid,True,0.0,0.0,0.0,False,0 rings
isofloxythepin,969497.0,8.877587,3.724231,969497,isofloxythepin,True,4.0,2.0,2.0,True,4+ rings
velaresol,72162.0,10.7119255,1.7580612,72162,velaresol,True,1.0,1.0,0.0,True,1 ring
ningetinib-tosylate,60165029.0,8.375548,3.3334968,60165029,ningetinib-tosylate,True,5.0,5.0,0.0,True,4+ rings
nvp-bgj398,53235510.0,9.636365,3.541056,53235510,nvp-bgj398,True,4.0,3.0,1.0,True,4+ rings
2-iminobiotin,135678104.0,10.727874,1.6538036,135678104,2-iminobiotin,True,2.0,0.0,2.0,True,2 rings
folic-acid,6037.0,11.381383,1.8913513,6037,folic-acid,True,3.0,3.0,0.0,True,3 rings
mepacrine,446536.0,9.02212,3.3001156,446536,mepacrine,True,3.0,3.0,0.0,True,3 rings
hexachlorophene,3598.0,9.36713,2.098874,3598,hexachlorophene,True,2.0,2.0,0.0,True,2 rings
neratinib,9915743.0,9.300246,3.9590323,9915743,neratinib,True,4.0,4.0,0.0,True,4+ rings
"2,3-cis/exo-pinanediol",12518181.0,9.350221,1.1639684,12518181,"2,3-cis/exo-pinanediol",True,3.0,0.0,3.0,True,3 rings
su3327,11837140.0,8.772989,1.6151745,11837140,su3327,True,2.0,2.0,0.0,True,2 rings
indiplon,6450813.0,9.822348,2.5472424,6450813,indiplon,True,4.0,4.0,0.0,True,4+ rings
doripenem,73303.0,10.369051,1.7013474,73303,doripenem,True,3.0,0.0,3.0,True,3 rings
myricetin,5281672.0,9.438545,0.70514715,5281672,myricetin,True,3.0,3.0,0.0,True,3 rings
omega-(4-iodophenyl)pentadecanoic-acid,123810.0,10.7557125,1.85588,123810,omega-(4-iodophenyl)pentadecanoic-acid,True,1.0,1.0,0.0,True,1 ring
ef5,389053.0,9.452432,1.5231521,389053,ef5,True,1.0,1.0,0.0,True,1 ring
dipeptamin,7014883.0,11.123338,1.961506,7014883,dipeptamin,True,0.0,0.0,0.0,False,0 rings
danegaptide,16656685.0,10.30948,2.5979733,16656685,danegaptide,True,2.0,1.0,1.0,True,2 rings
ingenol,442042.0,9.343977,1.456309,442042,ingenol,True,4.0,0.0,4.0,True,4+ rings
npy-5ra972,9884833.0,9.915373,2.1867921,9884833,npy-5ra972,True,4.0,3.0,1.0,True,4+ rings
icomucret,5280724.0,11.219444,1.1409557,5280724,icomucret,True,0.0,0.0,0.0,False,0 rings
pinocembrin,68071.0,9.549759,0.85366064,68071,pinocembrin,True,3.0,2.0,1.0,True,3 rings
myristyl-nicotinate,531641.0,9.689926,3.6463096,531641,myristyl-nicotinate,True,1.0,1.0,0.0,True,1 ring
nebivolol,189562.0,9.429428,1.5106629,189562,nebivolol,True,4.0,2.0,2.0,True,4+ rings
brl-15572,92844253.0,10.170626,3.1737566,92844253,brl-15572,True,4.0,3.0,1.0,True,4+ rings
asapiprant,59232326.0,10.426314,1.8717238,59232326,asapiprant,True,4.0,3.0,1.0,True,4+ rings
difloxacin,56206.0,12.180417,0.6817441,56206,difloxacin,True,4.0,3.0,1.0,True,4+ rings
ogerin,56707820.0,9.691723,2.9109056,56707820,ogerin,True,3.0,3.0,0.0,True,3 rings
opipramol,9417.0,9.154686,3.7503338,9417,opipramol,True,4.0,2.0,2.0,True,4+ rings
sobetirome,9862248.0,10.350139,2.1550183,9862248,sobetirome,True,2.0,2.0,0.0,True,2 rings
decamethonium,2968.0,10.057529,1.3702842,2968,decamethonium,True,0.0,0.0,0.0,False,0 rings
sulfisomidin,5343.0,8.176259,2.7315435,5343,sulfisomidin,True,2.0,2.0,0.0,True,2 rings
banoxantrone,9955116.0,9.441205,2.3158698,9955116,banoxantrone,True,3.0,2.0,1.0,True,3 rings
cenicriviroc,11285792.0,10.0406065,3.4037204,11285792,cenicriviroc,True,5.0,4.0,1.0,True,4+ rings
10-debc,10521421.0,8.914329,3.565676,10521421,10-debc,True,3.0,2.0,1.0,True,3 rings
methenamine,4101.0,9.094715,1.7697691,4101,methenamine,True,4.0,0.0,4.0,True,4+ rings
panobinostat,6918837.0,10.189136,2.9630568,6918837,panobinostat,True,3.0,3.0,0.0,True,3 rings
tucidinostat,12136798.0,9.432035,3.566538,12136798,tucidinostat,True,3.0,3.0,0.0,True,3 rings
beta-ccb,128618.0,10.553439,2.9434652,128618,beta-ccb,True,3.0,3.0,0.0,True,3 rings
iproniazid,3748.0,9.782619,2.8461385,3748,iproniazid,True,1.0,1.0,0.0,True,1 ring
talniflumate,25273599.0,10.080934,3.3784168,25273599,talniflumate,True,4.0,3.0,1.0,True,4+ rings
metenkephalin,73265283.0,11.279299,2.3254392,73265283,metenkephalin,True,2.0,2.0,0.0,True,2 rings
a-887826,46919335.0,9.478318,3.653238,46919335,a-887826,True,4.0,3.0,1.0,True,4+ rings
cyclovirobuxin-d,260439.0,9.122068,0.7836324,260439,cyclovirobuxin-d,True,5.0,0.0,5.0,True,4+ rings
antazoline,2200.0,8.45993,1.8350074,2200,antazoline,True,3.0,2.0,1.0,True,3 rings
eb-47,53229989.0,10.38812,-0.5820846,53229989,eb-47,True,6.0,3.0,3.0,True,4+ rings
pepstatin,5478883.0,10.81379,1.8760617,5478883,pepstatin,True,0.0,0.0,0.0,False,0 rings
ici-162846,134778.0,10.476275,1.8525708,134778,ici-162846,True,1.0,1.0,0.0,True,1 ring
betamethasone-dipropionate,21800.0,8.03917,-1.1826826,21800,betamethasone-dipropionate,True,4.0,0.0,4.0,True,4+ rings
cadralazine,76968745.0,10.25118,2.0532842,76968745,cadralazine,True,1.0,1.0,0.0,True,1 ring
eed226,123132228.0,8.632168,2.2788832,123132228,eed226,True,4.0,4.0,0.0,True,4+ rings
pirfenidone,40632.0,8.858476,2.8123207,40632,pirfenidone,True,2.0,2.0,0.0,True,2 rings
compound-58112,155931.0,9.049378,2.9271142,155931,compound-58112,True,2.0,1.0,1.0,True,2 rings
ridinilazole,16659285.0,8.70279,2.2225702,16659285,ridinilazole,True,6.0,6.0,0.0,True,4+ rings
jq1-(+),46907787.0,9.71529,2.892948,46907787,jq1-(+),True,4.0,3.0,1.0,True,4+ rings
ly2606368,46700756.0,9.5605545,1.6162326,46700756,ly2606368,True,3.0,3.0,0.0,True,3 rings
tanespimycin,59996479.0,9.853842,1.6467036,59996479,tanespimycin,True,2.0,0.0,2.0,True,2 rings
bropirimine,135413497.0,9.362272,2.374828,135413497,bropirimine,True,2.0,2.0,0.0,True,2 rings
"cp-945,598",10052040.0,9.245911,2.3376787,10052040,"cp-945,598",True,5.0,4.0,1.0,True,4+ rings
compound-w,16760376.0,8.422925,2.268008,16760376,compound-w,True,3.0,3.0,0.0,True,3 rings
sb-269970,6604889.0,9.386381,2.530856,6604889,sb-269970,True,3.0,1.0,2.0,True,3 rings
bentiromide,6957673.0,10.496559,2.8552856,6957673,bentiromide,True,3.0,3.0,0.0,True,3 rings
ciluprevir,9853710.0,8.682912,3.1503952,9853710,ciluprevir,True,7.0,3.0,4.0,True,4+ rings
fosfestrol,3032325.0,9.76227,1.7896793,3032325,fosfestrol,True,2.0,2.0,0.0,True,2 rings
lerisetron,65997.0,8.783027,2.5257332,65997,lerisetron,True,4.0,3.0,1.0,True,4+ rings
butylphthalide,9990075.0,9.607476,2.2366126,9990075,butylphthalide,True,2.0,1.0,1.0,True,2 rings
azd5991,131634760.0,9.647876,2.8375456,131634760,azd5991,True,7.0,6.0,1.0,True,4+ rings
ml347,44577753.0,9.010277,2.7565682,44577753,ml347,True,5.0,5.0,0.0,True,4+ rings
tulrampator,24857397.0,9.258671,2.3800821,24857397,tulrampator,True,5.0,3.0,2.0,True,4+ rings
cgp-7930,5024764.0,8.632186,1.8694812,5024764,cgp-7930,True,1.0,1.0,0.0,True,1 ring
iox1,459617.0,9.337068,3.0459268,459617,iox1,True,2.0,2.0,0.0,True,2 rings
lidoflazine,3926.0,10.155853,3.7378535,3926,lidoflazine,True,4.0,3.0,1.0,True,4+ rings
maraviroc,,10.554134,2.933067,,maraviroc,True,5.0,2.0,3.0,True,4+ rings
orteronel,10335364.0,9.77758,2.8180447,10335364,orteronel,True,4.0,3.0,1.0,True,4+ rings
s26948,9958279.0,10.471557,2.7384808,9958279,s26948,True,4.0,4.0,0.0,True,4+ rings
bw-b70c,88473969.0,9.996572,2.2266471,88473969,bw-b70c,True,2.0,2.0,0.0,True,2 rings
propidium-iodide,4939.0,9.5241375,2.083323,4939,propidium-iodide,True,4.0,4.0,0.0,True,4+ rings
jnj-1661010,2809273.0,9.973386,3.2472172,2809273,jnj-1661010,True,4.0,3.0,1.0,True,4+ rings
lanatoside-c,73707447.0,9.212959,0.17947125,73707447,lanatoside-c,True,9.0,0.0,9.0,True,4+ rings
pyrazolanthrone,8515.0,9.355066,2.5576582,8515,pyrazolanthrone,True,4.0,3.0,1.0,True,4+ rings
ipsapirone,56971.0,9.70296,3.9387774,56971,ipsapirone,True,4.0,2.0,2.0,True,4+ rings
loxoprofen,13049027.0,10.84572,2.3973348,13049027,loxoprofen,True,2.0,1.0,1.0,True,2 rings
cisapride,6917698.0,10.480905,3.7797241,6917698,cisapride,True,3.0,2.0,1.0,True,3 rings
ce3f4,73669656.0,9.029847,1.5154659,73669656,ce3f4,True,2.0,1.0,1.0,True,2 rings
taranabant,11226090.0,10.696215,2.5785272,11226090,taranabant,True,3.0,3.0,0.0,True,3 rings
isosteviol,99514.0,9.191366,0.95477754,99514,isosteviol,True,4.0,0.0,4.0,True,4+ rings
pimodivir,67286591.0,9.974107,1.8436842,67286591,pimodivir,True,6.0,3.0,3.0,True,4+ rings
sb-2343,46912230.0,8.965597,1.8138716,46912230,sb-2343,True,4.0,3.0,1.0,True,4+ rings
venlafaxine,11846746.0,9.073547,2.9578514,11846746,venlafaxine,True,2.0,1.0,1.0,True,2 rings
cgm097,,8.574807,3.2941482,,cgm097,True,6.0,3.0,3.0,True,4+ rings
e7046,56944705.0,10.0410185,3.1236684,56944705,e7046,True,3.0,3.0,0.0,True,3 rings
3-methyl-gaba,6604938.0,10.620195,1.8043964,6604938,3-methyl-gaba,True,0.0,0.0,0.0,False,0 rings
sulfachlorpyridazine,6634.0,8.225187,2.6926095,6634,sulfachlorpyridazine,True,2.0,2.0,0.0,True,2 rings
lypressin,133588927.0,11.843143,2.2586274,133588927,lypressin,True,4.0,2.0,2.0,True,4+ rings
faropenem,14659032.0,10.376409,1.7034016,14659032,faropenem,True,3.0,0.0,3.0,True,3 rings
flumethasone-pivalate,443980.0,8.032059,-1.1894238,443980,flumethasone-pivalate,True,4.0,0.0,4.0,True,4+ rings
topiroxostat,5288320.0,8.913905,1.9771919,5288320,topiroxostat,True,3.0,3.0,0.0,True,3 rings
felbinac-ethyl,26436.0,10.522567,2.732893,26436,felbinac-ethyl,True,2.0,2.0,0.0,True,2 rings
ml277,53347902.0,8.667338,2.7873359,53347902,ml277,True,4.0,3.0,1.0,True,4+ rings
valsartan,60846.0,10.910797,3.223031,60846,valsartan,True,3.0,3.0,0.0,True,3 rings
azd1446,96568205.0,8.849007,1.3186312,96568205,azd1446,True,3.0,1.0,2.0,True,3 rings
bupropion,688387.0,10.0898485,2.7201893,688387,bupropion,True,1.0,1.0,0.0,True,1 ring
muscimol,4266.0,9.32593,1.6250631,4266,muscimol,True,1.0,1.0,0.0,True,1 ring
fosfosal,3418.0,10.114095,3.1849883,3418,fosfosal,True,1.0,1.0,0.0,True,1 ring
promethazine,89044377.0,8.752586,3.846345,89044377,promethazine,True,3.0,2.0,1.0,True,3 rings
go-6983,3499.0,11.254088,2.8748338,3499,go-6983,True,5.0,4.0,1.0,True,4+ rings
cetrorelix,25074887.0,11.606667,2.2597687,25074887,cetrorelix,True,6.0,5.0,1.0,True,4+ rings
ncx-1015,9850209.0,8.207852,-0.95748925,9850209,ncx-1015,True,5.0,1.0,4.0,True,4+ rings
1-ebio,82320.0,9.609972,2.7692761,82320,1-ebio,True,2.0,2.0,0.0,True,2 rings
dcc-2618,46208890.0,9.675979,3.403672,46208890,dcc-2618,True,5.0,4.0,1.0,True,4+ rings
prednisone,5865.0,8.22191,-0.91991234,5865,prednisone,True,4.0,0.0,4.0,True,4+ rings
ndt-9513727,10210160.0,10.046513,2.5459597,10210160,ndt-9513727,True,7.0,5.0,2.0,True,4+ rings
olmesartan,158781.0,10.965771,3.303645,158781,olmesartan,True,4.0,4.0,0.0,True,4+ rings
besifloxacin,10178705.0,12.2005415,0.6678318,10178705,besifloxacin,True,4.0,2.0,2.0,True,4+ rings
mavacamten,117761397.0,10.763946,3.0200052,117761397,mavacamten,True,2.0,2.0,0.0,True,2 rings
clorgiline,4380.0,9.374473,2.1914647,4380,clorgiline,True,1.0,1.0,0.0,True,1 ring
chlorindione,70846.0,9.139488,2.4179783,70846,chlorindione,True,3.0,2.0,1.0,True,3 rings
pr-619,2817763.0,9.12566,1.8695971,2817763,pr-619,True,1.0,1.0,0.0,True,1 ring
sulbentine,67686.0,9.83694,2.64182,67686,sulbentine,True,3.0,2.0,1.0,True,3 rings
rlx,78144.0,8.969426,2.6376812,78144,rlx,True,3.0,2.0,1.0,True,3 rings
primidone,4909.0,9.502899,2.3571818,4909,primidone,True,2.0,1.0,1.0,True,2 rings
mitotane,6603772.0,9.48563,2.1671224,6603772,mitotane,True,2.0,2.0,0.0,True,2 rings
primaquine,3044369.0,9.055771,2.9094064,3044369,primaquine,True,2.0,2.0,0.0,True,2 rings
arsanilic-acid,7389.0,8.613815,2.4139888,7389,arsanilic-acid,True,1.0,1.0,0.0,True,1 ring
ku-55933,5278396.0,9.051165,2.5890284,5278396,ku-55933,True,5.0,3.0,2.0,True,4+ rings
tcs-359,1048845.0,9.070849,3.3480034,1048845,tcs-359,True,3.0,2.0,1.0,True,3 rings
mk-8617,44230662.0,9.229242,3.318834,44230662,mk-8617,True,4.0,4.0,0.0,True,4+ rings
cyt-997,11351021.0,9.368748,3.644345,11351021,cyt-997,True,3.0,3.0,0.0,True,3 rings
azd1981,11292191.0,10.133352,2.9661133,11292191,azd1981,True,3.0,3.0,0.0,True,3 rings
threo-2-methylisocitrate-(dl),,10.745185,1.7161385,,threo-2-methylisocitrate-(dl),True,0.0,0.0,0.0,False,0 rings
imiloxan,76966048.0,9.0943,2.2910328,76966048,imiloxan,True,3.0,2.0,1.0,True,3 rings
acenocoumarol,54683745.0,9.909312,2.6585865,54683745,acenocoumarol,True,3.0,3.0,0.0,True,3 rings
cedrol,,9.282572,1.1339641,,cedrol,True,3.0,0.0,3.0,True,3 rings
nifursol,9570327.0,8.299576,2.1054509,9570327,nifursol,True,2.0,2.0,0.0,True,2 rings
ab-423,90259477.0,9.814125,3.5354154,90259477,ab-423,True,2.0,2.0,0.0,True,2 rings
5-aminolevulinic-acid,7048523.0,10.555941,1.7802519,7048523,5-aminolevulinic-acid,True,0.0,0.0,0.0,False,0 rings
kaf-156,49856296.0,9.986217,1.9905719,49856296,kaf-156,True,4.0,3.0,1.0,True,4+ rings
vatinoxan,163952.0,9.364015,2.2971523,163952,vatinoxan,True,5.0,2.0,3.0,True,4+ rings
iodixanol,6604448.0,10.062828,1.1920955,6604448,iodixanol,True,2.0,2.0,0.0,True,2 rings
amyl-nitrite,129010055.0,10.651264,1.185189,129010055,amyl-nitrite,True,0.0,0.0,0.0,False,0 rings
tc-g-1000,10220232.0,9.082684,1.6362662,10220232,tc-g-1000,True,3.0,2.0,1.0,True,3 rings
a205804,9839311.0,9.754304,2.0229533,9839311,a205804,True,3.0,3.0,0.0,True,3 rings
ceftizoxim,6533629.0,13.424568,1.5216302,6533629,ceftizoxim,True,3.0,1.0,2.0,True,3 rings
naftidrofuryl,12898282.0,10.739806,3.2576365,12898282,naftidrofuryl,True,3.0,2.0,1.0,True,3 rings
cinromide,688145.0,9.451909,2.8974838,688145,cinromide,True,1.0,1.0,0.0,True,1 ring
tilmicosin,16225190.0,9.375889,0.95361817,16225190,tilmicosin,True,4.0,0.0,4.0,True,4+ rings
fasudil,3547.0,8.7876835,2.160199,3547,fasudil,True,3.0,2.0,1.0,True,3 rings
nvp-dpp728,9796290.0,9.986815,1.7817271,9796290,nvp-dpp728,True,2.0,1.0,1.0,True,2 rings
terbinafine,1549008.0,9.568245,2.6080165,1549008,terbinafine,True,2.0,2.0,0.0,True,2 rings
etofibrate,65777.0,9.491933,3.5985181,65777,etofibrate,True,2.0,2.0,0.0,True,2 rings
phtpp,11201035.0,9.380386,2.453486,11201035,phtpp,True,4.0,4.0,0.0,True,4+ rings
mitoflaxone,55748.0,9.98103,2.5785499,55748,mitoflaxone,True,3.0,3.0,0.0,True,3 rings
famciclovir,3324.0,10.335451,1.7475766,3324,famciclovir,True,2.0,2.0,0.0,True,2 rings
enoxacin,3229.0,12.158581,0.7014099,3229,enoxacin,True,3.0,2.0,1.0,True,3 rings
pik-293,53245636.0,9.048987,2.3878903,53245636,pik-293,True,5.0,5.0,0.0,True,4+ rings
a-803467,16038374.0,9.383994,3.2275665,16038374,a-803467,True,3.0,3.0,0.0,True,3 rings
sid-7969543,2149494.0,9.964032,3.371277,2149494,sid-7969543,True,4.0,3.0,1.0,True,4+ rings
donitriptan,197706.0,11.447366,2.829865,197706,donitriptan,True,4.0,3.0,1.0,True,4+ rings
albuterol,182176.0,11.151992,3.2447138,182176,albuterol,True,1.0,1.0,0.0,True,1 ring
madecassoside,24825675.0,9.592522,0.36572722,24825675,madecassoside,True,8.0,0.0,8.0,True,4+ rings
cefamandole-nafate,5284527.0,13.323631,1.6162138,5284527,cefamandole-nafate,True,4.0,2.0,2.0,True,4+ rings
cefonicid,43594.0,13.318141,1.629847,43594,cefonicid,True,4.0,2.0,2.0,True,4+ rings
imirestat,65673.0,8.979522,1.8650904,65673,imirestat,True,4.0,2.0,2.0,True,4+ rings
a-769662,54708532.0,9.51374,2.4974859,54708532,a-769662,True,4.0,4.0,0.0,True,4+ rings
cholecalciferol,5280795.0,2.5568757,2.474592,5280795,cholecalciferol,True,3.0,0.0,3.0,True,3 rings
tibolone,124484332.0,8.656794,0.21178684,124484332,tibolone,True,4.0,0.0,4.0,True,4+ rings
ulifloxacin,40490637.0,12.129299,0.7049678,40490637,ulifloxacin,True,4.0,2.0,2.0,True,4+ rings
oxiniacic-acid,16976.0,10.0316105,2.4888003,16976,oxiniacic-acid,True,1.0,1.0,0.0,True,1 ring
vlx1570,71523377.0,9.495049,2.0207796,71523377,vlx1570,True,3.0,2.0,1.0,True,3 rings
bw-348u87,9554761.0,9.5749445,3.2412498,9554761,bw-348u87,True,2.0,2.0,0.0,True,2 rings
trifluoperazine,5566.0,8.735477,3.9879014,5566,trifluoperazine,True,4.0,2.0,2.0,True,4+ rings
ccg-63808,5948316.0,9.217143,2.4184387,5948316,ccg-63808,True,5.0,5.0,0.0,True,4+ rings
naltrindole,5497186.0,6.265756,5.246243,5497186,naltrindole,True,8.0,3.0,5.0,True,4+ rings
pranidipine,29986494.0,12.204404,4.1651416,29986494,pranidipine,True,3.0,2.0,1.0,True,3 rings
flutrimazole,3401.0,9.4278,2.3008769,3401,flutrimazole,True,4.0,4.0,0.0,True,4+ rings
ceftiofur,6328657.0,13.447148,1.5058899,6328657,ceftiofur,True,4.0,2.0,2.0,True,4+ rings
propafenone,184819.0,10.73524,3.6283834,184819,propafenone,True,2.0,2.0,0.0,True,2 rings
vidarabine,21704.0,10.388908,-0.58023375,21704,vidarabine,True,3.0,2.0,1.0,True,3 rings
tozasertib,5494449.0,9.066966,2.7793915,5494449,tozasertib,True,5.0,3.0,2.0,True,4+ rings
gf109203x,2396.0,11.262735,2.8471744,2396,gf109203x,True,5.0,4.0,1.0,True,4+ rings
hetacillin,443387.0,13.239492,1.912882,443387,hetacillin,True,4.0,1.0,3.0,True,4+ rings
paroxetine,43815.0,9.267189,1.9500253,43815,paroxetine,True,4.0,2.0,2.0,True,4+ rings
rx-821002,67743720.0,8.524027,1.8125156,67743720,rx-821002,True,3.0,1.0,2.0,True,3 rings
perfluorohexyloctane,10477896.0,10.707885,1.0933032,10477896,perfluorohexyloctane,True,0.0,0.0,0.0,False,0 rings
stavudine,18283.0,10.724251,-0.829227,18283,stavudine,True,2.0,1.0,1.0,True,2 rings
bibu-1361,17756796.0,9.02785,3.9114742,17756796,bibu-1361,True,4.0,3.0,1.0,True,4+ rings
6-benzylaminopurine,62389.0,8.511472,1.7007269,62389,6-benzylaminopurine,True,3.0,3.0,0.0,True,3 rings
a-33903,6923850.0,9.65156,2.8642666,6923850,a-33903,True,3.0,2.0,1.0,True,3 rings
aminolevulinic-acid-benzyl-ester,9964521.0,10.414069,2.6954846,9964521,aminolevulinic-acid-benzyl-ester,True,1.0,1.0,0.0,True,1 ring
kw-2449,11427553.0,8.986173,2.6061907,11427553,kw-2449,True,4.0,3.0,1.0,True,4+ rings
tiaramide,5469.0,9.905434,2.123237,5469,tiaramide,True,3.0,2.0,1.0,True,3 rings
phenylacetylglutamine,92258.0,11.039542,2.3163424,92258,phenylacetylglutamine,True,1.0,1.0,0.0,True,1 ring
metaraminol,5906.0,9.81641,2.4658957,5906,metaraminol,True,1.0,1.0,0.0,True,1 ring
oxcarbazepine,34312.0,9.598847,2.499264,34312,oxcarbazepine,True,3.0,2.0,1.0,True,3 rings
pevonedistat,16720766.0,9.411335,2.2104695,16720766,pevonedistat,True,5.0,3.0,2.0,True,4+ rings
acetylcholine,187.0,10.3306465,1.594419,187,acetylcholine,True,0.0,0.0,0.0,False,0 rings
pyridoxal,1050.0,9.519307,1.737725,1050,pyridoxal,True,1.0,1.0,0.0,True,1 ring
salirasib,5469318.0,10.194138,1.8735632,5469318,salirasib,True,1.0,1.0,0.0,True,1 ring
cbipes,9864510.0,9.283667,3.6182668,9864510,cbipes,True,3.0,3.0,0.0,True,3 rings
alprostadil,5280723.0,11.083432,1.250134,5280723,alprostadil,True,1.0,0.0,1.0,True,1 ring
bml-284,11210285.0,9.132965,2.9737873,11210285,bml-284,True,4.0,3.0,1.0,True,4+ rings
ambroxol,,9.3348875,1.5679668,,ambroxol,True,2.0,1.0,1.0,True,2 rings
thymol,6989.0,9.829519,2.1904693,6989,thymol,True,1.0,1.0,0.0,True,1 ring
tropicamide,688595.0,10.3041115,3.042378,688595,tropicamide,True,2.0,2.0,0.0,True,2 rings
chloramphenicol,5959.0,10.311361,1.5604315,5959,chloramphenicol,True,1.0,1.0,0.0,True,1 ring
glucaric-acid,33037.0,10.359796,1.6226168,33037,glucaric-acid,True,0.0,0.0,0.0,False,0 rings
emixustat,25221720.0,10.456339,2.6456337,25221720,emixustat,True,2.0,1.0,1.0,True,2 rings
finasteride,57363.0,8.788637,-0.12710299,57363,finasteride,True,4.0,0.0,4.0,True,4+ rings
acetophenazine,17676.0,8.71507,4.003577,17676,acetophenazine,True,4.0,2.0,2.0,True,4+ rings
xaliproden,128919.0,9.440052,2.8503342,128919,xaliproden,True,4.0,3.0,1.0,True,4+ rings
hc-067047,2742550.0,9.928257,3.4755743,2742550,hc-067047,True,4.0,3.0,1.0,True,4+ rings
nps-2407,9948445.0,10.207589,2.6716037,9948445,nps-2407,True,3.0,3.0,0.0,True,3 rings
benzyl-alcohol,244.0,9.949756,2.6993132,244,benzyl-alcohol,True,1.0,1.0,0.0,True,1 ring
methazolamide,4100.0,9.682173,1.8504083,4100,methazolamide,True,1.0,1.0,0.0,True,1 ring
lobendazole,22752.0,8.22263,2.8096707,22752,lobendazole,True,2.0,2.0,0.0,True,2 rings
edaglitazone,76961439.0,10.283049,2.5746,76961439,edaglitazone,True,5.0,4.0,1.0,True,4+ rings
clomesone,100651.0,9.25174,1.441303,100651,clomesone,True,0.0,0.0,0.0,False,0 rings
ezutromid,886736.0,9.122336,1.9488798,886736,ezutromid,True,3.0,3.0,0.0,True,3 rings
impentamine,9793868.0,11.555947,2.1934352,9793868,impentamine,True,1.0,1.0,0.0,True,1 ring
nifurtimox,6604371.0,8.35727,1.9338148,6604371,nifurtimox,True,2.0,1.0,1.0,True,2 rings
pd-81723,122028.0,9.949482,3.0787404,122028,pd-81723,True,2.0,2.0,0.0,True,2 rings
t-0156,5368.0,9.032169,3.134394,5368,t-0156,True,5.0,5.0,0.0,True,4+ rings
vu152100,864492.0,9.153453,3.1527708,864492,vu152100,True,3.0,3.0,0.0,True,3 rings
rapastinel,14539800.0,10.810661,1.9363347,14539800,rapastinel,True,2.0,0.0,2.0,True,2 rings
abarelix,16131215.0,11.369016,2.2859702,16131215,abarelix,True,6.0,5.0,1.0,True,4+ rings
methysergide,9681.0,10.295348,1.7090509,9681,methysergide,True,4.0,2.0,2.0,True,4+ rings
methylatropine-nitrate,,10.737775,2.9921114,,methylatropine-nitrate,True,3.0,1.0,2.0,True,3 rings
ne-100,9841596.0,8.874389,3.3086023,9841596,ne-100,True,2.0,2.0,0.0,True,2 rings
y-27632,,9.845726,2.7450023,,y-27632,True,2.0,1.0,1.0,True,2 rings
bithionol,2406.0,9.396596,2.0669446,2406,bithionol,True,2.0,2.0,0.0,True,2 rings
gne-7915,58539171.0,8.589073,3.6369536,58539171,gne-7915,True,3.0,2.0,1.0,True,3 rings
cilnidipine,28248392.0,12.222805,4.179214,28248392,cilnidipine,True,3.0,2.0,1.0,True,3 rings
chlorocresol,1732.0,9.458081,2.3834615,1732,chlorocresol,True,1.0,1.0,0.0,True,1 ring
nemorexant,91801202.0,8.951714,3.0942576,91801202,nemorexant,True,5.0,4.0,1.0,True,4+ rings
lubiprostone,9800568.0,11.028836,1.2950648,9800568,lubiprostone,True,1.0,0.0,1.0,True,1 ring
mibefradil,60663.0,8.491176,2.6760654,60663,mibefradil,True,4.0,3.0,1.0,True,4+ rings
satraplatin,,9.7122,1.6521935,,satraplatin,True,1.0,0.0,1.0,True,1 ring
11/01/2,16401161.0,11.200498,1.847662,16401161,11/01/2,True,0.0,0.0,0.0,False,0 rings
irbesartan,3749.0,10.970886,3.3444521,3749,irbesartan,True,5.0,3.0,2.0,True,4+ rings
lsn-2463359,72551298.0,9.656197,2.1189013,72551298,lsn-2463359,True,2.0,2.0,0.0,True,2 rings
trofosfamide,9576166.0,9.096406,1.5733079,9576166,trofosfamide,True,1.0,0.0,1.0,True,1 ring
bephenium-hydroxynaphthoate,19667.0,10.392146,2.325564,19667,bephenium-hydroxynaphthoate,True,2.0,2.0,0.0,True,2 rings
remimazolam,9867812.0,9.523593,3.134076,9867812,remimazolam,True,4.0,3.0,1.0,True,4+ rings
uprifosbuvir,117885113.0,10.530171,-0.48106554,117885113,uprifosbuvir,True,3.0,2.0,1.0,True,3 rings
seladelpar,11236126.0,10.402909,2.266549,11236126,seladelpar,True,2.0,2.0,0.0,True,2 rings
captamine,25799.0,9.600544,2.8100185,25799,captamine,True,0.0,0.0,0.0,False,0 rings
rovazolac,89792952.0,9.092293,2.3156974,89792952,rovazolac,True,3.0,3.0,0.0,True,3 rings
sam-315,10430623.0,8.7398405,2.2348022,10430623,sam-315,True,5.0,4.0,1.0,True,4+ rings
ly3295668,121333423.0,9.758229,2.5250902,121333423,ly3295668,True,4.0,3.0,1.0,True,4+ rings
tc-g-1004,25074316.0,9.7806,3.3179088,25074316,tc-g-1004,True,4.0,3.0,1.0,True,4+ rings
elesclomol,300471.0,10.317171,2.7607043,300471,elesclomol,True,2.0,2.0,0.0,True,2 rings
dacarbazine,135398738.0,9.840928,1.7822055,135398738,dacarbazine,True,1.0,1.0,0.0,True,1 ring
abx-1431,71657619.0,9.777424,2.9195597,71657619,abx-1431,True,3.0,1.0,2.0,True,3 rings
serdemetan,11609586.0,11.509857,2.8393757,11609586,serdemetan,True,4.0,4.0,0.0,True,4+ rings
"2-hydroxy-4-((e)-3-(4-hydroxyphenyl)acryloyl)-2-((2r,3r,4s,5s,6r)-3,4,5-trihydroxy-6-(hydroxymethyl)tetrahydro-2h-pyran-2-yl)-6-((2s,3r,4r,5s,6r)-3,4,5-trihydroxy-6-(hydroxymethyl)tetrahydro-2h-pyran-2-yl)cyclohexane-1,3,5-trione",,9.759482,0.29638317,,"2-hydroxy-4-((e)-3-(4-hydroxyphenyl)acryloyl)-2-((2r,3r,4s,5s,6r)-3,4,5-trihydroxy-6-(hydroxymethyl)tetrahydro-2h-pyran-2-yl)-6-((2s,3r,4r,5s,6r)-3,4,5-trihydroxy-6-(hydroxymethyl)tetrahydro-2h-pyran-2-yl)cyclohexane-1,3,5-trione",True,4.0,1.0,3.0,True,4+ rings
daprodustat,24831508.0,10.413092,2.0598598,24831508,daprodustat,True,3.0,1.0,2.0,True,3 rings
ephedrine-(racemic),7028.0,10.497965,2.9358523,7028,ephedrine-(racemic),True,1.0,1.0,0.0,True,1 ring
l-690330,132449.0,9.681707,2.3055284,132449,l-690330,True,1.0,1.0,0.0,True,1 ring
bmy-7378,2419.0,9.814521,4.037886,2419,bmy-7378,True,4.0,1.0,3.0,True,4+ rings
osilodrostat,44139752.0,9.002225,1.7271324,44139752,osilodrostat,True,3.0,2.0,1.0,True,3 rings
tolazoline,5504.0,8.470269,1.8136334,5504,tolazoline,True,2.0,1.0,1.0,True,2 rings
prt4165,207893.0,9.281296,3.5676987,207893,prt4165,True,3.0,2.0,1.0,True,3 rings
pf-06650833,118414016.0,10.044211,2.327021,118414016,pf-06650833,True,3.0,2.0,1.0,True,3 rings
indirubin-3-monoxime,,9.252236,2.7403347,,indirubin-3-monoxime,True,4.0,2.0,2.0,True,4+ rings
gpp-78,44819697.0,9.526799,3.601359,44819697,gpp-78,True,4.0,4.0,0.0,True,4+ rings
azd3264,91666658.0,9.907443,1.925777,91666658,azd3264,True,4.0,3.0,1.0,True,4+ rings
it1t,25147749.0,9.301567,1.541322,25147749,it1t,True,4.0,0.0,4.0,True,4+ rings
pentacosanoic-acid,10468.0,10.876235,1.383343,10468,pentacosanoic-acid,True,0.0,0.0,0.0,False,0 rings
sulfameter,5326.0,8.269738,2.7439578,5326,sulfameter,True,2.0,2.0,0.0,True,2 rings
l-aspartic-acid,5960.0,11.157384,1.8387156,5960,l-aspartic-acid,True,0.0,0.0,0.0,False,0 rings
haloperidol-decanoate,52919.0,10.293304,3.8526778,52919,haloperidol-decanoate,True,3.0,2.0,1.0,True,3 rings
flumecinol,76961845.0,9.876444,2.9890397,76961845,flumecinol,True,2.0,2.0,0.0,True,2 rings
glpg0187,53340771.0,8.540023,2.9173412,53340771,glpg0187,True,5.0,3.0,2.0,True,4+ rings
cridanimod,38072.0,9.851022,2.5539644,38072,cridanimod,True,3.0,3.0,0.0,True,3 rings
sodium-orthovanadate,417214.0,9.4403305,1.5175962,417214,sodium-orthovanadate,True,0.0,0.0,0.0,False,0 rings
sucralfate,,9.509307,1.5626414,,sucralfate,True,2.0,0.0,2.0,True,2 rings
as-1269574,5332859.0,9.346434,2.0051568,5332859,as-1269574,True,2.0,2.0,0.0,True,2 rings
diazoxide,3019.0,9.149162,1.8823645,3019,diazoxide,True,2.0,1.0,1.0,True,2 rings
monensin,441145.0,10.398037,1.6469969,441145,monensin,True,5.0,0.0,5.0,True,4+ rings
nvp-bez235,11977753.0,8.834042,2.3827798,11977753,nvp-bez235,True,6.0,6.0,0.0,True,4+ rings
amg-487,24957182.0,9.439818,3.695632,24957182,amg-487,True,5.0,5.0,0.0,True,4+ rings
am-24,11862.0,9.391936,2.0439692,11862,am-24,True,1.0,1.0,0.0,True,1 ring
pci-24781,11749858.0,10.175586,2.9845402,11749858,pci-24781,True,3.0,3.0,0.0,True,3 rings
gonadorelin,638793.0,11.700827,2.2766793,638793,gonadorelin,True,6.0,4.0,2.0,True,4+ rings
chloramine-t,31388.0,8.560621,2.5901754,31388,chloramine-t,True,1.0,1.0,0.0,True,1 ring
docetaxel,148124.0,10.58433,3.11167,148124,docetaxel,True,6.0,2.0,4.0,True,4+ rings
nppb,4549.0,10.23233,2.8032157,4549,nppb,True,2.0,2.0,0.0,True,2 rings
silibinin,31553.0,9.530096,0.77718806,31553,silibinin,True,5.0,3.0,2.0,True,4+ rings
tc-s-7009,70697712.0,8.775322,1.888108,70697712,tc-s-7009,True,3.0,3.0,0.0,True,3 rings
amprolium,2178.0,9.171022,2.0861716,2178,amprolium,True,2.0,2.0,0.0,True,2 rings
felbamate,3331.0,10.577644,2.8771122,3331,felbamate,True,1.0,1.0,0.0,True,1 ring
nn-dnj,501640.0,10.648757,1.1603553,501640,nn-dnj,True,1.0,0.0,1.0,True,1 ring
antagonist-g,163960.0,11.61463,2.5866208,163960,antagonist-g,True,5.0,5.0,0.0,True,4+ rings
clofibric-acid,2797.0,10.097422,2.5264144,2797,clofibric-acid,True,1.0,1.0,0.0,True,1 ring
rimantadine,7048786.0,9.526853,1.4547803,7048786,rimantadine,True,4.0,0.0,4.0,True,4+ rings
dexamethasone-acetate,236702.0,8.042328,-1.1753769,236702,dexamethasone-acetate,True,4.0,0.0,4.0,True,4+ rings
carbenicillin,12877824.0,13.266782,1.9041818,12877824,carbenicillin,True,3.0,1.0,2.0,True,3 rings
nitroflurbiprofen,67513161.0,10.986958,2.7040577,67513161,nitroflurbiprofen,True,2.0,2.0,0.0,True,2 rings
azd6482,44137675.0,10.213828,3.3086543,44137675,azd6482,True,4.0,3.0,1.0,True,4+ rings
lemborexant,56944144.0,9.582207,2.3617554,56944144,lemborexant,True,4.0,3.0,1.0,True,4+ rings
rocuronium,441290.0,8.887011,0.020772424,441290,rocuronium,True,6.0,0.0,6.0,True,4+ rings
pim-1-inhibitor-2,2765355.0,8.94949,2.3088052,2765355,pim-1-inhibitor-2,True,4.0,4.0,0.0,True,4+ rings
bendazac,2313.0,10.231468,2.7440908,2313,bendazac,True,3.0,3.0,0.0,True,3 rings
d-7193,6995101.0,11.108383,1.957344,6995101,d-7193,True,0.0,0.0,0.0,False,0 rings
aminosalicylate,4649.0,10.055318,2.6015267,4649,aminosalicylate,True,1.0,1.0,0.0,True,1 ring
abt-072,57775240.0,8.895684,2.8120065,57775240,abt-072,True,3.0,3.0,0.0,True,3 rings
y-26763,121878.0,8.404208,0.91157764,121878,y-26763,True,2.0,1.0,1.0,True,2 rings
6-chloromelatonin,1858.0,11.373257,2.8202124,1858,6-chloromelatonin,True,2.0,2.0,0.0,True,2 rings
vu0361737,44191096.0,9.527775,3.525869,44191096,vu0361737,True,2.0,2.0,0.0,True,2 rings
pf-04447943,135564558.0,8.972422,1.6174432,135564558,pf-04447943,True,5.0,3.0,2.0,True,4+ rings
butylated-hydroxytoluene,31404.0,8.647055,1.9546323,31404,butylated-hydroxytoluene,True,1.0,1.0,0.0,True,1 ring
levobunolol,39468.0,11.18551,4.0664153,39468,levobunolol,True,2.0,1.0,1.0,True,2 rings
sanazole,119163.0,9.678147,1.653524,119163,sanazole,True,1.0,1.0,0.0,True,1 ring
ym-298198-desmethyl,11716890.0,9.38497,2.009789,11716890,ym-298198-desmethyl,True,4.0,3.0,1.0,True,4+ rings
miocamycin,,9.242041,0.7998809,,miocamycin,True,3.0,0.0,3.0,True,3 rings
nitenpyram,3034287.0,9.383821,1.6015378,3034287,nitenpyram,True,1.0,1.0,0.0,True,1 ring
oxiconazole,5353853.0,7.9648676,2.3509927,5353853,oxiconazole,True,3.0,3.0,0.0,True,3 rings
cort-108297,44454750.0,8.639184,2.3869789,44454750,cort-108297,True,5.0,3.0,2.0,True,4+ rings
pp-1,1400.0,8.94214,2.2501974,1400,pp-1,True,3.0,3.0,0.0,True,3 rings
nicaraven,1598447.0,9.416098,3.678285,1598447,nicaraven,True,2.0,2.0,0.0,True,2 rings
chlorphenoxamine,38988830.0,9.598695,3.1068578,38988830,chlorphenoxamine,True,2.0,2.0,0.0,True,2 rings
lb-100,11923097.0,9.829552,1.8329394,11923097,lb-100,True,3.0,0.0,3.0,True,3 rings
bromhexine,2442.0,9.240979,1.5631024,2442,bromhexine,True,2.0,1.0,1.0,True,2 rings
baclofen,6923772.0,10.48384,2.1135025,6923772,baclofen,True,1.0,1.0,0.0,True,1 ring
mtpg,10752093.0,10.045841,2.2037055,10752093,mtpg,True,2.0,2.0,0.0,True,2 rings
azd7594,67041274.0,9.981825,3.0600314,67041274,azd7594,True,6.0,4.0,2.0,True,4+ rings
coenzyme-q10,5281915.0,10.023689,1.5663319,5281915,coenzyme-q10,True,1.0,0.0,1.0,True,1 ring
iowh032,135565181.0,10.218017,2.9596703,135565181,iowh032,True,4.0,4.0,0.0,True,4+ rings
actinomycin-d,78357827.0,9.805133,1.8095065,78357827,actinomycin-d,True,7.0,1.0,6.0,True,4+ rings
isobutamben,7176.0,10.691815,2.9111729,7176,isobutamben,True,1.0,1.0,0.0,True,1 ring
triamterene,5546.0,9.336629,2.3124895,5546,triamterene,True,3.0,3.0,0.0,True,3 rings
miconazole,1150344.0,7.7680244,2.3889601,1150344,miconazole,True,3.0,3.0,0.0,True,3 rings
polaprezinc,,11.551896,2.1836147,,polaprezinc,True,2.0,1.0,1.0,True,2 rings
idf-11774,71542096.0,9.955755,2.2215178,71542096,idf-11774,True,6.0,1.0,5.0,True,4+ rings
ru-24969,108029.0,8.97242,2.5486119,108029,ru-24969,True,3.0,2.0,1.0,True,3 rings
nb-001,2815031.0,10.261524,-0.25627428,2815031,nb-001,True,2.0,2.0,0.0,True,2 rings
azaperone,15443.0,10.210352,3.87095,15443,azaperone,True,3.0,2.0,1.0,True,3 rings
tws-119,9549289.0,9.43865,2.518275,9549289,tws-119,True,4.0,4.0,0.0,True,4+ rings
ssr240612,9853583.0,9.10015,3.0819468,9853583,ssr240612,True,6.0,4.0,2.0,True,4+ rings
enbucrilate,23087.0,10.765769,1.476848,23087,enbucrilate,True,0.0,0.0,0.0,False,0 rings
thiamine,1130.0,9.423956,1.5800743,1130,thiamine,True,2.0,2.0,0.0,True,2 rings
guancydine,14211.0,9.5915165,1.5274127,14211,guancydine,True,0.0,0.0,0.0,False,0 rings
presatovir,58029842.0,8.816807,2.2487264,58029842,presatovir,True,5.0,3.0,2.0,True,4+ rings
sumanirole,9818479.0,9.13282,1.7878356,9818479,sumanirole,True,3.0,2.0,1.0,True,3 rings
vtp-27999,16126898.0,10.056477,3.1717458,16126898,vtp-27999,True,3.0,1.0,2.0,True,3 rings
dihydroxyacetone,670.0,9.884913,1.63858,670,dihydroxyacetone,True,0.0,0.0,0.0,False,0 rings
temanogrel,11604525.0,9.458271,3.4665365,11604525,temanogrel,True,4.0,3.0,1.0,True,4+ rings
algestone-acetophenide,5284538.0,8.433498,-0.5515601,5284538,algestone-acetophenide,True,6.0,1.0,5.0,True,4+ rings
ml218,,9.87159,2.1107917,,ml218,True,3.0,1.0,2.0,True,3 rings
pivagabine,68888.0,10.619506,1.7292833,68888,pivagabine,True,0.0,0.0,0.0,False,0 rings
methiopril,667560.0,10.401342,1.823663,667560,methiopril,True,1.0,0.0,1.0,True,1 ring
eravacycline,,10.3402815,0.9319229,,eravacycline,True,5.0,1.0,4.0,True,4+ rings
cgk-733,92509770.0,9.755556,3.110303,92509770,cgk-733,True,3.0,3.0,0.0,True,3 rings
sapropterin,135398654.0,9.981601,1.541794,135398654,sapropterin,True,2.0,1.0,1.0,True,2 rings
methyl-salicylate,4133.0,10.009626,3.1964986,4133,methyl-salicylate,True,1.0,1.0,0.0,True,1 ring
bw-616u,11722381.0,9.38586,2.6055264,11722381,bw-616u,True,3.0,2.0,1.0,True,3 rings
dichlorisone-acetate,5388959.0,8.142931,-1.0303503,5388959,dichlorisone-acetate,True,4.0,0.0,4.0,True,4+ rings
monobenzone,7638.0,10.07851,2.8384836,7638,monobenzone,True,2.0,2.0,0.0,True,2 rings
lacitol,157355.0,9.791141,0.33894712,157355,lacitol,True,1.0,0.0,1.0,True,1 ring
tuaminoheptane,6992808.0,10.523624,1.1977447,6992808,tuaminoheptane,True,0.0,0.0,0.0,False,0 rings
secoisolariciresinol-(-),65373.0,8.859382,3.2774377,65373,secoisolariciresinol-(-),True,2.0,2.0,0.0,True,2 rings
ritonavir,392622.0,10.741806,2.545737,392622,ritonavir,True,4.0,4.0,0.0,True,4+ rings
ochromycinone,11808929.0,9.301077,2.5007346,11808929,ochromycinone,True,4.0,2.0,2.0,True,4+ rings
methyclothiazide,12309469.0,8.153133,2.357844,12309469,methyclothiazide,True,2.0,1.0,1.0,True,2 rings
phenethyl-isothiocyanate,16741.0,9.883015,2.6384947,16741,phenethyl-isothiocyanate,True,1.0,1.0,0.0,True,1 ring
epz020411,,9.1761,1.8771269,,epz020411,True,4.0,2.0,2.0,True,4+ rings
"isoquinoline,-6,7-dimethoxy-1-methyl-1,2,3,4-tetrahydro,",164752.0,8.638936,3.2116785,164752,"isoquinoline,-6,7-dimethoxy-1-methyl-1,2,3,4-tetrahydro,",True,2.0,1.0,1.0,True,2 rings
sipatrigine,60803.0,8.901185,2.3513587,60803,sipatrigine,True,3.0,2.0,1.0,True,3 rings
aptiganel,60840.0,9.807412,2.8034074,60840,aptiganel,True,3.0,3.0,0.0,True,3 rings
ndd-094,10313324.0,9.419346,2.9680367,10313324,ndd-094,True,2.0,2.0,0.0,True,2 rings
crizotinib-(s),56671814.0,8.8861,2.0664625,56671814,crizotinib-(s),True,4.0,3.0,1.0,True,4+ rings
pd-123319,5311345.0,10.455737,2.8134127,5311345,pd-123319,True,5.0,4.0,1.0,True,4+ rings
tesaglitazar,208901.0,10.839242,2.4035687,208901,tesaglitazar,True,2.0,2.0,0.0,True,2 rings
2-chloro-n6-cyclopentyladenosine,123807.0,10.411991,-0.6310316,123807,2-chloro-n6-cyclopentyladenosine,True,4.0,2.0,2.0,True,4+ rings
adl5859,11417954.0,9.536441,2.5951514,11417954,adl5859,True,4.0,2.0,2.0,True,4+ rings
nsc-405020,879610.0,10.42018,2.3070123,879610,nsc-405020,True,1.0,1.0,0.0,True,1 ring
daptomycin,21585658.0,11.60494,2.767956,21585658,daptomycin,True,4.0,3.0,1.0,True,4+ rings
nicodicosapent,50991753.0,9.469722,3.692806,50991753,nicodicosapent,True,1.0,1.0,0.0,True,1 ring
1-azakenpaullone,6538897.0,8.966808,2.7281322,6538897,1-azakenpaullone,True,4.0,3.0,1.0,True,4+ rings
7-aminocephalosporanic-acid,7058093.0,13.264955,1.6101227,7058093,7-aminocephalosporanic-acid,True,2.0,0.0,2.0,True,2 rings
ch-170,139570.0,8.19556,1.1620021,139570,ch-170,True,3.0,3.0,0.0,True,3 rings
pik-294,24905149.0,9.035503,2.3961143,24905149,pik-294,True,6.0,6.0,0.0,True,4+ rings
carglumic-acid,121396.0,11.224295,1.9099743,121396,carglumic-acid,True,0.0,0.0,0.0,False,0 rings
crolibulin,23649181.0,8.774211,3.1171389,23649181,crolibulin,True,3.0,2.0,1.0,True,3 rings
biotin,171548.0,10.7360115,1.6356022,171548,biotin,True,2.0,0.0,2.0,True,2 rings
tetrahydropapaverine,688594.0,8.637446,3.330714,688594,tetrahydropapaverine,True,3.0,2.0,1.0,True,3 rings
ro-5263397,56835991.0,9.193879,1.79884,56835991,ro-5263397,True,2.0,1.0,1.0,True,2 rings
procodazole,65708.0,8.608939,2.676042,65708,procodazole,True,2.0,2.0,0.0,True,2 rings
piroximone,55263.0,9.716815,1.882843,55263,piroximone,True,2.0,2.0,0.0,True,2 rings
creatinine,588.0,8.988491,1.5077349,588,creatinine,True,1.0,0.0,1.0,True,1 ring
piperazine,4837.0,8.911678,1.7714148,4837,piperazine,True,1.0,0.0,1.0,True,1 ring
clanfenur,68684.0,9.863606,3.4223318,68684,clanfenur,True,2.0,2.0,0.0,True,2 rings
pd-156707,9871594.0,8.928536,3.155638,9871594,pd-156707,True,4.0,3.0,1.0,True,4+ rings
m-thp,,9.383049,2.4555953,,m-thp,True,9.0,7.0,2.0,True,4+ rings
sorbic-acid,643460.0,10.060571,1.6970396,643460,sorbic-acid,True,0.0,0.0,0.0,False,0 rings
fleroxacin,40466912.0,12.190689,0.6761642,40466912,fleroxacin,True,3.0,2.0,1.0,True,3 rings
streptomycin,19649.0,9.7339945,0.3184761,19649,streptomycin,True,3.0,0.0,3.0,True,3 rings
neuropathiazol,11667240.0,10.62308,2.875635,11667240,neuropathiazol,True,3.0,3.0,0.0,True,3 rings
irgd-peptide,,10.828408,1.8782105,,irgd-peptide,True,2.0,0.0,2.0,True,2 rings
thioctic-acid,445125.0,10.807782,1.5991644,445125,thioctic-acid,True,1.0,0.0,1.0,True,1 ring
iopamidol,65492.0,10.114673,1.3104808,65492,iopamidol,True,1.0,1.0,0.0,True,1 ring
cyclizine,6726.0,9.618717,3.0505273,6726,cyclizine,True,3.0,2.0,1.0,True,3 rings
chlormezanone,6604211.0,9.096692,1.6430643,6604211,chlormezanone,True,2.0,1.0,1.0,True,2 rings
co-102862,9816959.0,9.82171,2.1428783,9816959,co-102862,True,2.0,2.0,0.0,True,2 rings
ethionamide,2761171.0,9.533675,1.9824866,2761171,ethionamide,True,1.0,1.0,0.0,True,1 ring
netupitant,6451149.0,9.251697,2.8716238,6451149,netupitant,True,4.0,3.0,1.0,True,4+ rings
cefoperazone,44187.0,13.317155,1.6404289,44187,cefoperazone,True,5.0,2.0,3.0,True,4+ rings
taltobulin,6918637.0,10.353308,2.8448474,6918637,taltobulin,True,1.0,1.0,0.0,True,1 ring
cenerimod,49871973.0,10.036338,1.2811737,49871973,cenerimod,True,4.0,3.0,1.0,True,4+ rings
sugammadex,,10.469977,1.7260945,,sugammadex,True,30.0,0.0,30.0,True,4+ rings
pd-160170,9820766.0,8.657757,2.6305895,9820766,pd-160170,True,3.0,3.0,0.0,True,3 rings
diosmetin,5281612.0,9.420713,0.7125298,5281612,diosmetin,True,3.0,3.0,0.0,True,3 rings
terameprocol,476861.0,8.759795,3.300689,476861,terameprocol,True,2.0,2.0,0.0,True,2 rings
secnidazole,667451.0,8.677206,1.4306322,667451,secnidazole,True,1.0,1.0,0.0,True,1 ring
docebenone,1967.0,9.52445,1.5255823,1967,docebenone,True,1.0,0.0,1.0,True,1 ring
azd7762,11152667.0,9.670101,2.4015045,11152667,azd7762,True,3.0,2.0,1.0,True,3 rings
protriptyline,4976.0,9.486082,2.5529134,4976,protriptyline,True,3.0,2.0,1.0,True,3 rings
pfk-158,71730058.0,9.655412,3.0397465,71730058,pfk-158,True,3.0,3.0,0.0,True,3 rings
pf-429242,23661637.0,10.177148,3.0909324,23661637,pf-429242,True,3.0,2.0,1.0,True,3 rings
deazaguanine,55710.0,8.915192,1.828582,55710,deazaguanine,True,2.0,2.0,0.0,True,2 rings
phenazopyridine,,9.204043,2.2238927,,phenazopyridine,True,2.0,2.0,0.0,True,2 rings
bay-1895344,118869362.0,9.096603,1.8891876,118869362,bay-1895344,True,5.0,4.0,1.0,True,4+ rings
sennoside-protonated,,9.737855,0.18815283,,sennoside-protonated,True,8.0,6.0,2.0,True,4+ rings
2-deoxyglucose,9062.0,9.72229,0.33690786,9062,2-deoxyglucose,True,1.0,0.0,1.0,True,1 ring
liquiritin,503737.0,9.675636,0.27776408,503737,liquiritin,True,4.0,2.0,2.0,True,4+ rings
spiradoline,55652.0,9.458604,2.5054784,55652,spiradoline,True,4.0,1.0,3.0,True,4+ rings
desoximetasone,5311067.0,8.047369,-1.1860422,5311067,desoximetasone,True,4.0,0.0,4.0,True,4+ rings
gamma-linolenic-acid,5280933.0,11.172481,1.1527712,5280933,gamma-linolenic-acid,True,0.0,0.0,0.0,False,0 rings
atenolol-(-),175540.0,10.925794,3.7589536,175540,atenolol-(-),True,1.0,1.0,0.0,True,1 ring
trifluridine,6256.0,10.752723,-0.873618,6256,trifluridine,True,2.0,1.0,1.0,True,2 rings
ro-48-6791,9953485.0,9.306944,1.9255323,9953485,ro-48-6791,True,4.0,3.0,1.0,True,4+ rings
actinoquinol,23674.0,8.924093,2.865433,23674,actinoquinol,True,2.0,2.0,0.0,True,2 rings
idebenone,3686.0,10.501285,1.1953636,3686,idebenone,True,1.0,0.0,1.0,True,1 ring
"trans-4-[8-(3-fluorophenyl)-1,7-naphthyridin-6-yl]cyclohexanecarboxylic-acid",9924539.0,9.5556,2.9522552,9924539,"trans-4-[8-(3-fluorophenyl)-1,7-naphthyridin-6-yl]cyclohexanecarboxylic-acid",True,4.0,3.0,1.0,True,4+ rings
paclitaxel,36314.0,10.4619,3.0160718,36314,paclitaxel,True,7.0,3.0,4.0,True,4+ rings
vatalanib,151194.0,9.297465,2.700229,151194,vatalanib,True,4.0,4.0,0.0,True,4+ rings
ro-48-8071,1949.0,10.197841,3.02177,1949,ro-48-8071,True,2.0,2.0,0.0,True,2 rings
levamlodipine,9822750.0,11.99218,3.9996216,9822750,levamlodipine,True,2.0,1.0,1.0,True,2 rings
myricitrin,5281673.0,9.497912,0.45231357,5281673,myricitrin,True,4.0,3.0,1.0,True,4+ rings
regorafenib,11167602.0,9.646018,3.6466634,11167602,regorafenib,True,3.0,3.0,0.0,True,3 rings
tepoxalin,59757.0,8.93127,2.9910986,59757,tepoxalin,True,3.0,3.0,0.0,True,3 rings
ceritinib,57379345.0,8.498118,3.715415,57379345,ceritinib,True,4.0,3.0,1.0,True,4+ rings
retagliptin,44193830.0,10.446837,1.9085176,44193830,retagliptin,True,3.0,2.0,1.0,True,3 rings
ro-25-6981,6604887.0,10.4368105,2.8172872,6604887,ro-25-6981,True,3.0,2.0,1.0,True,3 rings
sb-705498,9910486.0,9.817039,3.2551024,9910486,sb-705498,True,3.0,2.0,1.0,True,3 rings
trovirdine,3000870.0,9.481608,3.015272,3000870,trovirdine,True,2.0,2.0,0.0,True,2 rings
miriplatin,,11.039628,1.3875401,,miriplatin,True,1.0,0.0,1.0,True,1 ring
amtolmetin-guacil,65655.0,10.334151,3.038294,65655,amtolmetin-guacil,True,3.0,3.0,0.0,True,3 rings
tcid,2729042.0,9.087291,1.5039725,2729042,tcid,True,2.0,1.0,1.0,True,2 rings
abc-294640,,10.004355,2.583888,,abc-294640,True,6.0,2.0,4.0,True,4+ rings
daa-1106,10430788.0,9.282645,3.237507,10430788,daa-1106,True,3.0,3.0,0.0,True,3 rings
dydrogesterone,9051.0,8.482257,-0.48354533,9051,dydrogesterone,True,4.0,0.0,4.0,True,4+ rings
pirlindole,667444.0,9.216967,1.9482119,667444,pirlindole,True,4.0,2.0,2.0,True,4+ rings
mdl-27531,164013.0,8.922749,2.4612281,164013,mdl-27531,True,2.0,2.0,0.0,True,2 rings
nsc-319726,5351307.0,9.4433155,3.1878695,5351307,nsc-319726,True,2.0,1.0,1.0,True,2 rings
sb-505124,9858940.0,8.966925,2.2883193,9858940,sb-505124,True,4.0,3.0,1.0,True,4+ rings
ecabapide,65885.0,9.007093,3.3706927,65885,ecabapide,True,2.0,2.0,0.0,True,2 rings
nh125,10436840.0,10.687345,1.265918,10436840,nh125,True,2.0,2.0,0.0,True,2 rings
vigabatrin,40466946.0,10.6253605,1.6980473,40466946,vigabatrin,True,0.0,0.0,0.0,False,0 rings
alpha-methylhistamine-dihydrobromide-(r)-(-),156615.0,11.575467,2.2158568,156615,alpha-methylhistamine-dihydrobromide-(r)-(-),True,1.0,1.0,0.0,True,1 ring
isotretinoin,5282379.0,10.5034895,0.6056081,5282379,isotretinoin,True,1.0,0.0,1.0,True,1 ring
pinacidil,12428581.0,9.375008,1.9223057,12428581,pinacidil,True,1.0,1.0,0.0,True,1 ring
r-268712,11703284.0,9.160233,2.2851193,11703284,r-268712,True,4.0,4.0,0.0,True,4+ rings
anagliptin,44513473.0,9.939648,1.8680085,44513473,anagliptin,True,3.0,2.0,1.0,True,3 rings
3'-fluorobenzylspiperone,3248000.0,10.248634,3.9016657,3248000,3'-fluorobenzylspiperone,True,5.0,3.0,2.0,True,4+ rings
benzocaine,2337.0,10.595989,2.740488,2337,benzocaine,True,1.0,1.0,0.0,True,1 ring
alizapride,25323018.0,9.40375,4.4543843,25323018,alizapride,True,3.0,2.0,1.0,True,3 rings
halofuginone,456390.0,9.373726,1.4339551,456390,halofuginone,True,3.0,2.0,1.0,True,3 rings
afloqualone,2040.0,9.012158,2.4723225,2040,afloqualone,True,3.0,3.0,0.0,True,3 rings
hydrocortisone-acetate,5744.0,8.262508,-0.8321115,5744,hydrocortisone-acetate,True,4.0,0.0,4.0,True,4+ rings
gamma-aminobutyric-acid,6992099.0,10.594579,1.7124898,6992099,gamma-aminobutyric-acid,True,0.0,0.0,0.0,False,0 rings
anacetrapib,11556427.0,9.223323,2.7541983,11556427,anacetrapib,True,4.0,3.0,1.0,True,4+ rings
apronal,76961142.0,10.26349,1.6820382,76961142,apronal,True,0.0,0.0,0.0,False,0 rings
uridine-triacetate,20058.0,10.434142,-0.20205793,20058,uridine-triacetate,True,2.0,1.0,1.0,True,2 rings
azacyclonol,15723.0,9.691294,2.618853,15723,azacyclonol,True,3.0,2.0,1.0,True,3 rings
og-l002,56639570.0,9.385539,2.4100397,56639570,og-l002,True,3.0,2.0,1.0,True,3 rings
ddr1-in-1,72836888.0,9.846187,3.7304125,72836888,ddr1-in-1,True,5.0,3.0,2.0,True,4+ rings
nilutamide,4493.0,8.5637245,2.0517726,4493,nilutamide,True,2.0,1.0,1.0,True,2 rings
talopram,76958671.0,9.763638,2.6854782,76958671,talopram,True,3.0,2.0,1.0,True,3 rings
urethane,5641.0,10.283,2.126556,5641,urethane,True,0.0,0.0,0.0,False,0 rings
gsk2193874,53464483.0,10.029856,3.226765,53464483,gsk2193874,True,7.0,4.0,3.0,True,4+ rings
psi-697,12004316.0,9.887119,2.5947669,12004316,psi-697,True,4.0,3.0,1.0,True,4+ rings
oligomycin-a,133268482.0,9.304145,1.1505048,133268482,oligomycin-a,True,3.0,0.0,3.0,True,3 rings
incb-003284,11527661.0,10.146317,3.1607385,11527661,incb-003284,True,4.0,2.0,2.0,True,4+ rings
limki-3,56965901.0,9.6110325,2.7756057,56965901,limki-3,True,3.0,3.0,0.0,True,3 rings
trimetazidine,21109.0,8.645899,2.9188492,21109,trimetazidine,True,2.0,1.0,1.0,True,2 rings
enocitabine,71734.0,10.513241,-0.43950453,71734,enocitabine,True,2.0,1.0,1.0,True,2 rings
merbromin,,9.8197775,2.8310282,,merbromin,True,4.0,2.0,2.0,True,4+ rings
a-582941,44190553.0,9.458805,2.592509,44190553,a-582941,True,4.0,2.0,2.0,True,4+ rings
edasalonexent,44626120.0,11.106082,1.337825,44626120,edasalonexent,True,1.0,1.0,0.0,True,1 ring
zibotentan,9910224.0,8.690049,2.4287367,9910224,zibotentan,True,4.0,4.0,0.0,True,4+ rings
kn-62,5312126.0,9.904231,3.3052633,5312126,kn-62,True,7.0,6.0,1.0,True,4+ rings
palovarotene,10295295.0,10.110209,3.654815,10295295,palovarotene,True,4.0,3.0,1.0,True,4+ rings
bisindolylmaleimide-ix,5083.0,9.819963,1.8821589,5083,bisindolylmaleimide-ix,True,5.0,4.0,1.0,True,4+ rings
sb-649868,25195495.0,9.884465,3.2680101,25195495,sb-649868,True,5.0,4.0,1.0,True,4+ rings
temocapril,443874.0,11.083808,2.482798,443874,temocapril,True,3.0,2.0,1.0,True,3 rings
acemetacin,1981.0,9.201708,3.6714828,1981,acemetacin,True,3.0,3.0,0.0,True,3 rings
nnc-55-0396,9957280.0,8.500923,2.6506054,9957280,nnc-55-0396,True,5.0,3.0,2.0,True,4+ rings
cp-339818,,10.633244,1.3158269,,cp-339818,True,3.0,3.0,0.0,True,3 rings
pf-05089771,46840946.0,8.634423,2.4121544,46840946,pf-05089771,True,4.0,4.0,0.0,True,4+ rings
btk-in-1,68064155.0,9.564358,2.3527148,68064155,btk-in-1,True,4.0,3.0,1.0,True,4+ rings
acyclovir,135398513.0,10.403003,-0.18784876,135398513,acyclovir,True,2.0,2.0,0.0,True,2 rings
sulfacetamide,5320.0,8.406004,2.6869009,5320,sulfacetamide,True,1.0,1.0,0.0,True,1 ring
blu9931,72710839.0,9.6641245,3.355161,72710839,blu9931,True,4.0,4.0,0.0,True,4+ rings
repaglinide,65981.0,10.214147,3.0678318,65981,repaglinide,True,3.0,2.0,1.0,True,3 rings
sy-640,9837165.0,9.101894,2.7572215,9837165,sy-640,True,2.0,1.0,1.0,True,2 rings
ast-1306,24739943.0,9.074666,4.087283,24739943,ast-1306,True,4.0,4.0,0.0,True,4+ rings
etofylline,1892.0,8.220202,1.1757504,1892,etofylline,True,2.0,2.0,0.0,True,2 rings
ml281,53377448.0,8.646372,2.7007759,53377448,ml281,True,4.0,4.0,0.0,True,4+ rings
caramiphen,6472.0,10.753584,3.304019,6472,caramiphen,True,2.0,1.0,1.0,True,2 rings
g007-lk,67960134.0,8.586162,2.3623435,67960134,g007-lk,True,5.0,5.0,0.0,True,4+ rings
t-0901317,447912.0,9.8072195,2.8030906,447912,t-0901317,True,2.0,2.0,0.0,True,2 rings
l-valine,71563.0,10.584824,1.7672501,71563,l-valine,True,0.0,0.0,0.0,False,0 rings
heptaminol,7033975.0,9.849435,1.458536,7033975,heptaminol,True,0.0,0.0,0.0,False,0 rings
adaprev,439284.0,9.866721,0.4270165,439284,adaprev,True,1.0,0.0,1.0,True,1 ring
chloroxylenol,2723.0,9.403754,2.1418138,2723,chloroxylenol,True,1.0,1.0,0.0,True,1 ring
dhbp,80263.0,10.688073,1.2484912,80263,dhbp,True,2.0,2.0,0.0,True,2 rings
3-hydroxy-3-phenylpentanamide,101592120.0,10.308944,2.6109374,101592120,3-hydroxy-3-phenylpentanamide,True,1.0,1.0,0.0,True,1 ring
fosinopril,6708482.0,10.728677,2.5335739,6708482,fosinopril,True,3.0,1.0,2.0,True,3 rings
rp-001,58344861.0,10.46654,2.0221386,58344861,rp-001,True,4.0,3.0,1.0,True,4+ rings
menbutone,71818.0,10.4227,2.27721,71818,menbutone,True,2.0,2.0,0.0,True,2 rings
tak-715,9952773.0,10.089589,3.1314452,9952773,tak-715,True,4.0,4.0,0.0,True,4+ rings
ribostamycin-sulfate,,9.633025,0.115792714,,ribostamycin-sulfate,True,3.0,0.0,3.0,True,3 rings
cp-547632,9811611.0,10.165329,2.168599,9811611,cp-547632,True,3.0,2.0,1.0,True,3 rings
ngp555,46853593.0,8.966393,2.0497315,46853593,ngp555,True,4.0,4.0,0.0,True,4+ rings
diclazuril,25273624.0,9.184638,1.942458,25273624,diclazuril,True,3.0,3.0,0.0,True,3 rings
a-839977,53325875.0,9.329436,2.9744675,53325875,a-839977,True,4.0,4.0,0.0,True,4+ rings
psn-375963,2875918.0,10.490428,1.2603738,2875918,psn-375963,True,3.0,2.0,1.0,True,3 rings
ku-60019,15953870.0,9.314631,2.793369,15953870,ku-60019,True,6.0,3.0,3.0,True,4+ rings
benzyldimethylhexadecylammonium,31203.0,10.650137,1.3644066,31203,benzyldimethylhexadecylammonium,True,1.0,1.0,0.0,True,1 ring
cypermethrin,12617361.0,10.372662,2.8241963,12617361,cypermethrin,True,3.0,2.0,1.0,True,3 rings
sj-172550,1317464.0,10.116942,3.2330463,1317464,sj-172550,True,3.0,2.0,1.0,True,3 rings
hydroxystilbamidine,5284571.0,9.650883,2.1634192,5284571,hydroxystilbamidine,True,2.0,2.0,0.0,True,2 rings
ufenamate,5632.0,10.380682,3.389879,5632,ufenamate,True,2.0,2.0,0.0,True,2 rings
priralfinamide,5745207.0,10.471796,2.8219497,5745207,priralfinamide,True,2.0,2.0,0.0,True,2 rings
nitroxoline,19910.0,8.532464,2.5266294,19910,nitroxoline,True,2.0,2.0,0.0,True,2 rings
wz4003,72200024.0,8.461754,3.819194,72200024,wz4003,True,4.0,3.0,1.0,True,4+ rings
neostigmine,4456.0,9.808969,2.3335924,4456,neostigmine,True,1.0,1.0,0.0,True,1 ring
rimegepant,51049968.0,9.521302,3.4206016,51049968,rimegepant,True,6.0,4.0,2.0,True,4+ rings
5-iodo-a-85380,6604876.0,9.121915,1.6732814,6604876,5-iodo-a-85380,True,2.0,1.0,1.0,True,2 rings
du-728,107775.0,11.351187,2.0118487,107775,du-728,True,0.0,0.0,0.0,False,0 rings
d-(+)-maltose,6255.0,9.70364,0.23535094,6255,d-(+)-maltose,True,2.0,0.0,2.0,True,2 rings
sch-221510,,9.737157,2.5455272,,sch-221510,True,5.0,3.0,2.0,True,4+ rings
sulopenem,9950244.0,10.34828,1.7076702,9950244,sulopenem,True,3.0,0.0,3.0,True,3 rings
am679,44627267.0,10.47138,2.4825363,44627267,am679,True,6.0,5.0,1.0,True,4+ rings
ibuprofen-(s),39912.0,10.872867,2.4915652,39912,ibuprofen-(s),True,1.0,1.0,0.0,True,1 ring
tp-003,10001434.0,9.2994,1.9095018,10001434,tp-003,True,4.0,4.0,0.0,True,4+ rings
fludarabine-phosphate,30751.0,10.401411,-0.58168334,30751,fludarabine-phosphate,True,3.0,2.0,1.0,True,3 rings
trimethylolpropane-triacrylate,27423.0,10.092139,1.767903,27423,trimethylolpropane-triacrylate,True,0.0,0.0,0.0,False,0 rings
isocarboxazid,3759.0,10.158936,2.9173148,3759,isocarboxazid,True,2.0,2.0,0.0,True,2 rings
teprenone,5282199.0,9.986653,1.5326059,5282199,teprenone,True,0.0,0.0,0.0,False,0 rings
marbofloxacin,60651.0,12.199135,0.67109406,60651,marbofloxacin,True,4.0,2.0,2.0,True,4+ rings
alvespimycin,59996481.0,9.813979,1.6919712,59996481,alvespimycin,True,2.0,0.0,2.0,True,2 rings
ici-89406,92211532.0,10.8274355,3.7501502,92211532,ici-89406,True,2.0,2.0,0.0,True,2 rings
cabotegravir,54713659.0,9.64252,1.6819271,54713659,cabotegravir,True,4.0,2.0,2.0,True,4+ rings
safranal,61041.0,9.025838,1.5253496,61041,safranal,True,1.0,0.0,1.0,True,1 ring
zofenopril-calcium,92400.0,10.363013,2.671124,92400,zofenopril-calcium,True,3.0,2.0,1.0,True,3 rings
sb-747651a,11393719.0,9.042715,1.7214627,11393719,sb-747651a,True,4.0,3.0,1.0,True,4+ rings
am-251,2125.0,8.376297,3.0641828,2125,am-251,True,4.0,3.0,1.0,True,4+ rings
semustine,124202178.0,9.88214,1.5950843,124202178,semustine,True,1.0,0.0,1.0,True,1 ring
fesoterodine,6918558.0,10.433876,2.803587,6918558,fesoterodine,True,2.0,2.0,0.0,True,2 rings
oxyfedrine,5489013.0,10.464099,2.8420708,5489013,oxyfedrine,True,2.0,2.0,0.0,True,2 rings
amperozide,73333.0,10.308383,3.7221549,73333,amperozide,True,3.0,2.0,1.0,True,3 rings
meglitinide,41214.0,9.890478,3.139345,41214,meglitinide,True,2.0,2.0,0.0,True,2 rings
fipexide,3351.0,9.214421,2.8663902,3351,fipexide,True,4.0,2.0,2.0,True,4+ rings
homidium,3624.0,9.316319,2.3567204,3624,homidium,True,4.0,4.0,0.0,True,4+ rings
anthralin,2202.0,9.414779,2.456496,2202,anthralin,True,3.0,2.0,1.0,True,3 rings
cx-5461,25257557.0,9.08702,2.746938,25257557,cx-5461,True,6.0,5.0,1.0,True,4+ rings
etofenamate,35375.0,10.314451,3.320023,35375,etofenamate,True,2.0,2.0,0.0,True,2 rings
olvanil,5311093.0,11.1423435,1.1531805,5311093,olvanil,True,1.0,1.0,0.0,True,1 ring
lcq908,,10.361945,1.8900354,,lcq908,True,4.0,3.0,1.0,True,4+ rings
pf-04418948,25114442.0,9.041163,3.2108502,25114442,pf-04418948,True,4.0,3.0,1.0,True,4+ rings
benzylpenicillin,5904.0,13.261872,1.9158726,5904,benzylpenicillin,True,3.0,1.0,2.0,True,3 rings
bix-02188,,10.287922,2.9961476,,bix-02188,True,4.0,3.0,1.0,True,4+ rings
npc-15199,1549477.0,10.911994,2.2232273,1549477,npc-15199,True,3.0,2.0,1.0,True,3 rings
lappaconite,90479327.0,10.159159,3.3218293,90479327,lappaconite,True,7.0,1.0,6.0,True,4+ rings
daunorubicin,30323.0,8.405481,2.8304353,30323,daunorubicin,True,5.0,2.0,3.0,True,4+ rings
ifenprodil,6604117.0,10.443364,2.7702422,6604117,ifenprodil,True,3.0,2.0,1.0,True,3 rings
eletriptan,77993.0,11.510757,2.8648758,77993,eletriptan,True,4.0,3.0,1.0,True,4+ rings
bix-01294,25150857.0,8.773568,4.313583,25150857,bix-01294,True,5.0,3.0,2.0,True,4+ rings
leonurine,161464.0,10.866243,2.1845016,161464,leonurine,True,1.0,1.0,0.0,True,1 ring
roscovitine,160355.0,9.440029,3.2187812,160355,roscovitine,True,3.0,3.0,0.0,True,3 rings
dolasetron,,11.366609,2.890707,,dolasetron,True,6.0,2.0,4.0,True,4+ rings
asp-2535,9800113.0,9.127919,2.4851937,9800113,asp-2535,True,5.0,5.0,0.0,True,4+ rings
cgp-12177,76962943.0,11.174288,4.0463886,76962943,cgp-12177,True,2.0,2.0,0.0,True,2 rings
cym-50769,50904505.0,9.022255,2.6503878,50904505,cym-50769,True,5.0,4.0,1.0,True,4+ rings
dabrafenib,44462760.0,8.498247,2.5564048,44462760,dabrafenib,True,4.0,4.0,0.0,True,4+ rings
cefotaxime,5742673.0,13.44483,1.5058846,5742673,cefotaxime,True,3.0,1.0,2.0,True,3 rings
geniposidic-acid,443354.0,9.729537,0.24677676,443354,geniposidic-acid,True,3.0,0.0,3.0,True,3 rings
sklb1002,71461003.0,9.057213,4.1308103,71461003,sklb1002,True,3.0,3.0,0.0,True,3 rings
tc-o-9311,3376937.0,9.307824,3.207923,3376937,tc-o-9311,True,3.0,3.0,0.0,True,3 rings
gatifloxacin,6971135.0,12.207206,0.6607203,6971135,gatifloxacin,True,4.0,2.0,2.0,True,4+ rings
yc-1,5712.0,9.9948435,2.6370869,5712,yc-1,True,4.0,4.0,0.0,True,4+ rings
lobeline,101616.0,10.453259,2.925667,101616,lobeline,True,3.0,2.0,1.0,True,3 rings
amg-925,,9.15946,2.2418113,,amg-925,True,6.0,4.0,2.0,True,4+ rings
oglufanide,100094.0,11.595127,2.7022545,100094,oglufanide,True,2.0,2.0,0.0,True,2 rings
perfluorodecalin,9386.0,9.177762,1.5792385,9386,perfluorodecalin,True,2.0,0.0,2.0,True,2 rings
ulipristal,130904.0,8.425638,-0.4246065,130904,ulipristal,True,5.0,1.0,4.0,True,4+ rings
a-939572,24905400.0,9.787526,3.3850002,24905400,a-939572,True,3.0,2.0,1.0,True,3 rings
bronopol,2450.0,9.307886,1.5462844,2450,bronopol,True,0.0,0.0,0.0,False,0 rings
lh846,851474.0,10.067665,2.9923337,851474,lh846,True,3.0,3.0,0.0,True,3 rings
cgp-13501,3519541.0,8.618041,1.9239488,3519541,cgp-13501,True,1.0,1.0,0.0,True,1 ring
rosamicin,,9.29731,0.85348225,,rosamicin,True,3.0,0.0,3.0,True,3 rings
kb-src-4,73349077.0,9.324831,2.560526,73349077,kb-src-4,True,7.0,7.0,0.0,True,4+ rings
tandutinib,3038522.0,9.013257,4.1410856,3038522,tandutinib,True,5.0,3.0,2.0,True,4+ rings
pruvanserin,6433122.0,10.265208,3.4588952,6433122,pruvanserin,True,4.0,3.0,1.0,True,4+ rings
gestrinone,27812.0,8.498189,-0.046305127,27812,gestrinone,True,4.0,0.0,4.0,True,4+ rings
cathepsin-inhibitor-1,44224135.0,10.6173115,2.5755582,44224135,cathepsin-inhibitor-1,True,2.0,2.0,0.0,True,2 rings
bevirimat-dimeglumine,457928.0,10.044478,1.5192732,457928,bevirimat-dimeglumine,True,5.0,0.0,5.0,True,4+ rings
o-mercapto-benzoic-acid,5443.0,10.17312,3.1050825,5443,o-mercapto-benzoic-acid,True,1.0,1.0,0.0,True,1 ring
bifendate,108213.0,8.916181,2.8509307,108213,bifendate,True,4.0,2.0,2.0,True,4+ rings
az3146,56973724.0,8.447644,3.7441943,56973724,az3146,True,5.0,3.0,2.0,True,4+ rings
dalargin,,11.407346,2.2214441,,dalargin,True,2.0,2.0,0.0,True,2 rings
devazepide,443375.0,9.623358,3.0644846,443375,devazepide,True,5.0,4.0,1.0,True,4+ rings
mebendazole,4030.0,7.9633164,2.8360376,4030,mebendazole,True,3.0,3.0,0.0,True,3 rings
chloramphenicol-palmitate,443382.0,10.792555,1.3206863,443382,chloramphenicol-palmitate,True,1.0,1.0,0.0,True,1 ring
ondansetron,667538.0,9.3474,2.3374155,667538,ondansetron,True,4.0,3.0,1.0,True,4+ rings
asciminib,72165228.0,9.895913,3.5813277,72165228,asciminib,True,4.0,3.0,1.0,True,4+ rings
basimglurant,11438771.0,9.051308,2.0149493,11438771,basimglurant,True,3.0,3.0,0.0,True,3 rings
adenosine,60961.0,10.411882,-0.59062654,60961,adenosine,True,3.0,2.0,1.0,True,3 rings
perflubron,9873.0,9.257952,1.4367409,9873,perflubron,True,0.0,0.0,0.0,False,0 rings
ami-1,67254.0,9.773933,3.393632,67254,ami-1,True,4.0,4.0,0.0,True,4+ rings
mebhydrolin,22530.0,9.723784,2.6069448,22530,mebhydrolin,True,4.0,3.0,1.0,True,4+ rings
apatinib,11315474.0,9.747228,3.3859239,11315474,apatinib,True,4.0,3.0,1.0,True,4+ rings
letrazuril,76959723.0,9.048676,1.8233289,76959723,letrazuril,True,3.0,3.0,0.0,True,3 rings
olmutinib,54758501.0,8.6590185,3.705628,54758501,olmutinib,True,5.0,4.0,1.0,True,4+ rings
gramicidin,45479317.0,11.534586,2.7777421,45479317,gramicidin,True,8.0,8.0,0.0,True,4+ rings
tyrphostin-ag-825,6091659.0,8.960728,2.9578433,6091659,tyrphostin-ag-825,True,3.0,3.0,0.0,True,3 rings
fananserin,60785.0,9.896693,3.8191054,60785,fananserin,True,5.0,3.0,2.0,True,4+ rings
ibrutinib,24821094.0,9.289205,2.4362347,24821094,ibrutinib,True,5.0,4.0,1.0,True,4+ rings
cilostazol,2754.0,9.120876,1.8002104,2754,cilostazol,True,4.0,2.0,2.0,True,4+ rings
teroxirone,11197252.0,9.200214,1.5539631,11197252,teroxirone,True,4.0,1.0,3.0,True,4+ rings
cyclandelate,41097974.0,10.584693,2.9624856,41097974,cyclandelate,True,2.0,1.0,1.0,True,2 rings
pranlukast,4887.0,10.238135,2.7700815,4887,pranlukast,True,5.0,5.0,0.0,True,4+ rings
k-ras(g12c)-inhibitor-12,73555129.0,9.760889,1.9396429,73555129,k-ras(g12c)-inhibitor-12,True,2.0,1.0,1.0,True,2 rings
c646,2871948.0,9.978829,2.6966965,2871948,c646,True,4.0,3.0,1.0,True,4+ rings
floctafenine,76958517.0,10.456563,3.4146938,76958517,floctafenine,True,3.0,3.0,0.0,True,3 rings
sag,,9.85149,2.6423962,,sag,True,5.0,4.0,1.0,True,4+ rings
cinoxate,5373773.0,8.90305,3.0493712,5373773,cinoxate,True,1.0,1.0,0.0,True,1 ring
alpha-methylhistamine-dihydrobromide-(s)-(+),6603865.0,11.588566,2.2227218,6603865,alpha-methylhistamine-dihydrobromide-(s)-(+),True,1.0,1.0,0.0,True,1 ring
eleclazine,71183216.0,8.864375,2.0659103,71183216,eleclazine,True,4.0,3.0,1.0,True,4+ rings
eltanexor,117763569.0,9.804323,1.9484191,117763569,eltanexor,True,3.0,3.0,0.0,True,3 rings
pd-168393,4708.0,9.0146885,4.074058,4708,pd-168393,True,3.0,3.0,0.0,True,3 rings
ro-10-5824,16759175.0,9.138272,2.6358285,16759175,ro-10-5824,True,3.0,2.0,1.0,True,3 rings
sc-19220,4336830.0,9.189291,2.7549949,4336830,sc-19220,True,3.0,2.0,1.0,True,3 rings
hyperin,5742688.0,9.561777,0.3414422,5742688,hyperin,True,4.0,3.0,1.0,True,4+ rings
mesalazine,4075.0,10.181018,2.5545604,4075,mesalazine,True,1.0,1.0,0.0,True,1 ring
sufugolix,3038517.0,9.916044,3.3530893,3038517,sufugolix,True,6.0,6.0,0.0,True,4+ rings
cinflumide,6434871.0,9.454211,2.8897266,6434871,cinflumide,True,2.0,1.0,1.0,True,2 rings
pocapavir,1455.0,8.882892,3.310912,1455,pocapavir,True,3.0,3.0,0.0,True,3 rings
gastrodin,115067.0,9.7396555,0.2434988,115067,gastrodin,True,2.0,1.0,1.0,True,2 rings
azd3463,56599293.0,8.489697,3.8011365,56599293,azd3463,True,5.0,4.0,1.0,True,4+ rings
stf-31,984333.0,9.450785,3.5827444,984333,stf-31,True,3.0,3.0,0.0,True,3 rings
4-chlorophenylguanidine,2757788.0,9.612889,3.0100129,2757788,4-chlorophenylguanidine,True,1.0,1.0,0.0,True,1 ring
ethopabate,6034.0,9.843624,3.5051978,6034,ethopabate,True,1.0,1.0,0.0,True,1 ring
leteprinim,135409548.0,10.133331,2.738968,135409548,leteprinim,True,3.0,3.0,0.0,True,3 rings
tcs-5861528,1116244.0,8.1987295,1.1704657,1116244,tcs-5861528,True,3.0,3.0,0.0,True,3 rings
tedizolid-phosphate,11476460.0,9.798026,1.3171448,11476460,tedizolid-phosphate,True,4.0,3.0,1.0,True,4+ rings
biapenem,71340.0,10.423139,1.7313074,71340,biapenem,True,4.0,1.0,3.0,True,4+ rings
mk-571,14325224.0,10.380612,2.0978014,14325224,mk-571,True,3.0,3.0,0.0,True,3 rings
ly320135,5311257.0,8.993051,3.1695676,5311257,ly320135,True,4.0,4.0,0.0,True,4+ rings
mk-2048,54698642.0,9.562983,2.0236673,54698642,mk-2048,True,4.0,3.0,1.0,True,4+ rings
ap26113,57390074.0,8.44259,3.8186963,57390074,ap26113,True,4.0,3.0,1.0,True,4+ rings
silymarin,11059920.0,9.532727,0.79229486,11059920,silymarin,True,5.0,3.0,2.0,True,4+ rings
dimemorfan,3037918.0,9.003202,2.1443484,3037918,dimemorfan,True,4.0,1.0,3.0,True,4+ rings
taltirelin,114750.0,11.574509,2.1977284,114750,taltirelin,True,3.0,1.0,2.0,True,3 rings
pirmenol,76962234.0,9.839523,3.0070908,76962234,pirmenol,True,3.0,2.0,1.0,True,3 rings
dh-97,3467177.0,10.409882,2.6256452,3467177,dh-97,True,3.0,3.0,0.0,True,3 rings
me0328,136229577.0,10.376326,2.9543142,136229577,me0328,True,3.0,3.0,0.0,True,3 rings
cgp-60474,644215.0,9.305353,3.0503538,644215,cgp-60474,True,3.0,3.0,0.0,True,3 rings
darapladib,9939609.0,10.214562,2.502782,9939609,darapladib,True,5.0,4.0,1.0,True,4+ rings
fk-888,107967.0,10.7214775,2.4514575,107967,fk-888,True,6.0,5.0,1.0,True,4+ rings
fludroxycortide,15209.0,8.190323,-0.95532703,15209,fludroxycortide,True,5.0,0.0,5.0,True,4+ rings
ebselen,3194.0,9.218444,2.6595938,3194,ebselen,True,3.0,3.0,0.0,True,3 rings
cloprostenol-(+/-),5311053.0,11.192541,1.1756443,5311053,cloprostenol-(+/-),True,2.0,1.0,1.0,True,2 rings
tavaborole,11499245.0,9.355691,1.8178598,11499245,tavaborole,True,2.0,1.0,1.0,True,2 rings
vu0364770,836002.0,9.6283245,3.4506545,836002,vu0364770,True,2.0,2.0,0.0,True,2 rings
l-mimosine,129010056.0,11.167473,1.8027748,129010056,l-mimosine,True,1.0,0.0,1.0,True,1 ring
wr99210,121750.0,9.242389,1.7400411,121750,wr99210,True,2.0,1.0,1.0,True,2 rings
dehydroepiandrosterone,5881.0,8.836204,-0.13278133,5881,dehydroepiandrosterone,True,4.0,0.0,4.0,True,4+ rings
trim,1359.0,9.320043,2.2811284,1359,trim,True,2.0,2.0,0.0,True,2 rings
sulindac,16046677.0,10.4126,1.8723568,16046677,sulindac,True,3.0,2.0,1.0,True,3 rings
gpr120-modulator-1,25017320.0,9.826769,2.4113402,25017320,gpr120-modulator-1,True,3.0,3.0,0.0,True,3 rings
octodrine,6989209.0,10.038477,1.4973217,6989209,octodrine,True,0.0,0.0,0.0,False,0 rings
oseltamivir-carboxylate,449381.0,10.46203,1.8241016,449381,oseltamivir-carboxylate,True,1.0,0.0,1.0,True,1 ring
carmustine,59087767.0,9.895077,1.5538881,59087767,carmustine,True,0.0,0.0,0.0,False,0 rings
pentylenetetrazol,5917.0,9.062923,1.718585,5917,pentylenetetrazol,True,2.0,1.0,1.0,True,2 rings
cgp-55845,5311042.0,10.603129,3.010524,5311042,cgp-55845,True,2.0,2.0,0.0,True,2 rings
frovatriptan,77992.0,9.947578,2.2305799,77992,frovatriptan,True,3.0,2.0,1.0,True,3 rings
wwl-113,17759482.0,10.588423,2.9316318,17759482,wwl-113,True,4.0,4.0,0.0,True,4+ rings
tecadenoson,158795.0,10.40077,-0.64928615,158795,tecadenoson,True,4.0,2.0,2.0,True,4+ rings
alaproclate,23622192.0,10.382892,2.2642567,23622192,alaproclate,True,1.0,1.0,0.0,True,1 ring
preclamol,202478.0,9.566413,2.501773,202478,preclamol,True,2.0,1.0,1.0,True,2 rings
danofloxacin,71335.0,12.180879,0.6799959,71335,danofloxacin,True,5.0,2.0,3.0,True,4+ rings
pelrinone,135413516.0,9.295648,3.6440017,135413516,pelrinone,True,2.0,2.0,0.0,True,2 rings
betazole,7741.0,9.47253,1.7184496,7741,betazole,True,1.0,1.0,0.0,True,1 ring
ingenol-mebutate,6918670.0,9.586853,1.4365351,6918670,ingenol-mebutate,True,4.0,0.0,4.0,True,4+ rings
nsc-632839,5351363.0,8.867547,1.9728838,5351363,nsc-632839,True,3.0,2.0,1.0,True,3 rings
sm-21,,10.70862,2.9095974,,sm-21,True,3.0,1.0,2.0,True,3 rings
telcagepant,11319053.0,9.634485,3.3304708,11319053,telcagepant,True,5.0,3.0,2.0,True,4+ rings
zolantidine,91769.0,9.307305,2.7583544,91769,zolantidine,True,4.0,3.0,1.0,True,4+ rings
ammonium-perfluorocaprylate,9554.0,9.917742,1.6677799,9554,ammonium-perfluorocaprylate,True,0.0,0.0,0.0,False,0 rings
rs-127445,196968.0,9.15859,2.375562,196968,rs-127445,True,3.0,3.0,0.0,True,3 rings
or-486,3870203.0,8.361044,2.1183655,3870203,or-486,True,1.0,1.0,0.0,True,1 ring
r112,9904854.0,9.208708,3.2828104,9904854,r112,True,3.0,3.0,0.0,True,3 rings
argireline,11228338.0,11.304502,2.0072582,11228338,argireline,True,0.0,0.0,0.0,False,0 rings
snx-5422,,10.272121,2.0266554,,snx-5422,True,4.0,2.0,2.0,True,4+ rings
mepazine,7047378.0,8.779711,3.8680375,7047378,mepazine,True,4.0,2.0,2.0,True,4+ rings
roxatidine-acetate,5105.0,10.07627,2.85772,5105,roxatidine-acetate,True,2.0,1.0,1.0,True,2 rings
desogestrel,40973.0,8.4860735,-0.101026,40973,desogestrel,True,4.0,0.0,4.0,True,4+ rings
methacycline,,10.341086,0.98496926,,methacycline,True,4.0,1.0,3.0,True,4+ rings
radafaxine,9795056.0,9.294366,2.1170356,9795056,radafaxine,True,2.0,1.0,1.0,True,2 rings
gsk369796,10316203.0,9.130316,3.368508,10316203,gsk369796,True,3.0,3.0,0.0,True,3 rings
flavoxate,3354.0,10.298603,3.3380399,3354,flavoxate,True,4.0,3.0,1.0,True,4+ rings
sr-3306,57519510.0,8.717055,2.5397232,57519510,sr-3306,True,6.0,5.0,1.0,True,4+ rings
nikethamide,5497.0,9.404537,3.6423721,5497,nikethamide,True,1.0,1.0,0.0,True,1 ring
idramantone,,9.349656,1.5078678,,idramantone,True,4.0,0.0,4.0,True,4+ rings
3-bromopyruvate,129924149.0,10.1447115,1.6509861,129924149,3-bromopyruvate,True,0.0,0.0,0.0,False,0 rings
schisandrol-b,3001662.0,8.653404,2.9950736,3001662,schisandrol-b,True,4.0,2.0,2.0,True,4+ rings
remacemide,760423.0,10.302106,2.5709739,760423,remacemide,True,2.0,2.0,0.0,True,2 rings
afimoxifene,449459.0,10.382737,3.2248304,449459,afimoxifene,True,3.0,3.0,0.0,True,3 rings
indoramin,33625.0,11.521306,2.8635793,33625,indoramin,True,4.0,3.0,1.0,True,4+ rings
pinanediol,10219606.0,9.355611,1.2025968,10219606,pinanediol,True,3.0,0.0,3.0,True,3 rings
lodenosine,72180.0,10.374315,-0.6096281,72180,lodenosine,True,3.0,2.0,1.0,True,3 rings
ciaftalan-zinc,518924.0,9.367284,2.4289427,518924,ciaftalan-zinc,True,10.0,6.0,4.0,True,4+ rings
pd-102807,92845316.0,10.36512,2.5750518,92845316,pd-102807,True,5.0,3.0,2.0,True,4+ rings
iloprost,51397006.0,10.913474,1.4592297,51397006,iloprost,True,2.0,0.0,2.0,True,2 rings
sodium-tanshinone-ii-a-sulfonate,125782.0,9.101615,2.1220112,125782,sodium-tanshinone-ii-a-sulfonate,True,4.0,2.0,2.0,True,4+ rings
ml161,1048267.0,9.915093,3.4985776,1048267,ml161,True,2.0,2.0,0.0,True,2 rings
cl-218872,107950.0,9.130071,2.641903,107950,cl-218872,True,3.0,3.0,0.0,True,3 rings
aceclidine,1273944.0,9.689004,1.8527243,1273944,aceclidine,True,3.0,0.0,3.0,True,3 rings
fadrozole,9815923.0,9.001081,1.8251182,9815923,fadrozole,True,3.0,2.0,1.0,True,3 rings
dsr-6434,25071151.0,9.828932,2.7402382,25071151,dsr-6434,True,3.0,3.0,0.0,True,3 rings
dihydroergocristine,107715.0,11.091683,2.8057694,107715,dihydroergocristine,True,8.0,3.0,5.0,True,4+ rings
vaniprevir,24765256.0,9.321591,2.2069635,24765256,vaniprevir,True,6.0,1.0,5.0,True,4+ rings
s49076,49870909.0,9.22299,2.7099545,49870909,s49076,True,5.0,2.0,3.0,True,4+ rings
allylthiourea,1549517.0,9.591778,1.6411895,1549517,allylthiourea,True,0.0,0.0,0.0,False,0 rings
amiprilose,121928.0,10.011167,1.1606562,121928,amiprilose,True,2.0,0.0,2.0,True,2 rings
lmi070,135565042.0,9.311715,1.952598,135565042,lmi070,True,4.0,3.0,1.0,True,4+ rings
buphenine,657392.0,10.595507,2.8287768,657392,buphenine,True,2.0,2.0,0.0,True,2 rings
pfk-015,25142799.0,9.5939245,2.9445953,25142799,pfk-015,True,3.0,3.0,0.0,True,3 rings
nnc-711,4515.0,10.230751,2.8967214,4515,nnc-711,True,3.0,2.0,1.0,True,3 rings
pibenzimol,2392.0,8.662138,2.4935405,2392,pibenzimol,True,6.0,5.0,1.0,True,4+ rings
ly334370,5311258.0,9.950666,3.5764866,5311258,ly334370,True,4.0,3.0,1.0,True,4+ rings
eperisone,37888265.0,10.192538,2.599554,37888265,eperisone,True,2.0,1.0,1.0,True,2 rings
"3,4-methylenedioxy-beta-nitrostyrene",672296.0,8.904634,2.379563,672296,"3,4-methylenedioxy-beta-nitrostyrene",True,2.0,1.0,1.0,True,2 rings
my-5445,1348.0,9.473344,3.139576,1348,my-5445,True,4.0,4.0,0.0,True,4+ rings
agi-5198,97161269.0,9.876102,3.2128098,97161269,agi-5198,True,4.0,3.0,1.0,True,4+ rings
"cis-9,trans-11-conjugated-linoleic-acid",5280644.0,11.154824,1.1664197,5280644,"cis-9,trans-11-conjugated-linoleic-acid",True,0.0,0.0,0.0,False,0 rings
ac-55541,129362181.0,10.20599,2.931592,129362181,ac-55541,True,4.0,4.0,0.0,True,4+ rings
sb-756050,1520267.0,8.555943,2.9570682,1520267,sb-756050,True,3.0,2.0,1.0,True,3 rings
osi-420,10317566.0,9.04157,4.152436,10317566,osi-420,True,3.0,3.0,0.0,True,3 rings
amg-837,46854655.0,10.396341,2.8152182,46854655,amg-837,True,3.0,3.0,0.0,True,3 rings
azlocillin,6479523.0,13.2665825,1.9030945,6479523,azlocillin,True,4.0,1.0,3.0,True,4+ rings
pd-153035,4705.0,9.05283,4.157242,4705,pd-153035,True,3.0,3.0,0.0,True,3 rings
ml228,46742353.0,9.561484,3.065738,46742353,ml228,True,5.0,5.0,0.0,True,4+ rings
neu2000,9951955.0,10.272526,2.7465105,9951955,neu2000,True,2.0,2.0,0.0,True,2 rings
epitiostanol,443935.0,8.877559,0.01561396,443935,epitiostanol,True,5.0,0.0,5.0,True,4+ rings
pf-670462,11681588.0,9.068535,1.9730772,11681588,pf-670462,True,4.0,3.0,1.0,True,4+ rings
gsk2256294a,59448236.0,9.429975,1.8634279,59448236,gsk2256294a,True,3.0,2.0,1.0,True,3 rings
k-ras(g12c)-inhibitor-6,71815954.0,10.018554,2.2573588,71815954,k-ras(g12c)-inhibitor-6,True,2.0,1.0,1.0,True,2 rings
pde10-in-1,72709059.0,9.018688,2.258318,72709059,pde10-in-1,True,6.0,5.0,1.0,True,4+ rings
at-9283,135398495.0,8.380869,2.6551235,135398495,at-9283,True,5.0,3.0,2.0,True,4+ rings
avobenzone,,9.041064,3.0663955,,avobenzone,True,2.0,2.0,0.0,True,2 rings
idasanutlin,53358942.0,9.806018,2.9239297,53358942,idasanutlin,True,4.0,3.0,1.0,True,4+ rings
unc2025,,10.554267,1.3179312,,unc2025,True,5.0,3.0,2.0,True,4+ rings
tak-779,183790.0,9.883148,3.4297485,183790,tak-779,True,5.0,3.0,2.0,True,4+ rings
oxibendazole,4622.0,7.9417977,2.8258471,4622,oxibendazole,True,2.0,2.0,0.0,True,2 rings
zatebradine,65637.0,8.74057,3.3665082,65637,zatebradine,True,3.0,2.0,1.0,True,3 rings
dpc-681,456215.0,10.334175,2.650336,456215,dpc-681,True,3.0,3.0,0.0,True,3 rings
lisadimate,25021707.0,10.602204,2.9331663,25021707,lisadimate,True,1.0,1.0,0.0,True,1 ring
iodoquinol,3728.0,8.901921,2.706835,3728,iodoquinol,True,2.0,2.0,0.0,True,2 rings
isx-9,19582717.0,9.674316,1.8714461,19582717,isx-9,True,3.0,2.0,1.0,True,3 rings
mg-624,5824382.0,9.717811,2.6342807,5824382,mg-624,True,2.0,2.0,0.0,True,2 rings
pd-0325901,9826528.0,9.932006,1.1883696,9826528,pd-0325901,True,2.0,2.0,0.0,True,2 rings
zm-336372,5730.0,9.745959,3.6037638,5730,zm-336372,True,3.0,3.0,0.0,True,3 rings
tagatose,92092.0,10.09525,1.0183408,92092,tagatose,True,0.0,0.0,0.0,False,0 rings
etravirine,193962.0,8.984381,2.0309753,193962,etravirine,True,3.0,3.0,0.0,True,3 rings
beclomethasone,,8.029995,-1.1911206,,beclomethasone,True,4.0,0.0,4.0,True,4+ rings
phthalylsulfathiazole,4806.0,8.379479,2.8974686,4806,phthalylsulfathiazole,True,3.0,3.0,0.0,True,3 rings
sb-334867,6604926.0,9.420845,3.2057443,6604926,sb-334867,True,4.0,4.0,0.0,True,4+ rings
diarylpropionitrile,6604873.0,9.750543,2.361108,6604873,diarylpropionitrile,True,2.0,2.0,0.0,True,2 rings
i-cbp-112,90488984.0,8.758141,3.2913845,90488984,i-cbp-112,True,4.0,2.0,2.0,True,4+ rings
naxagolide,57533.0,9.436577,2.4141273,57533,naxagolide,True,3.0,1.0,2.0,True,3 rings
zardaverine,5723.0,8.708751,3.067945,5723,zardaverine,True,2.0,2.0,0.0,True,2 rings
macelignan,10404245.0,8.8124485,3.1926293,10404245,macelignan,True,3.0,2.0,1.0,True,3 rings
snap-94847,16756754.0,10.084213,3.3978064,16756754,snap-94847,True,4.0,3.0,1.0,True,4+ rings
"5-amino-3-d-ribofuranosylthiazolo[4,5-d]pyrimidin-2,7(3h,6h)-dione",135409474.0,10.420522,-0.4747443,135409474,"5-amino-3-d-ribofuranosylthiazolo[4,5-d]pyrimidin-2,7(3h,6h)-dione",True,3.0,2.0,1.0,True,3 rings
azd3839,46202416.0,9.065577,2.126617,46202416,azd3839,True,5.0,4.0,1.0,True,4+ rings
elagolix,11250647.0,10.611535,2.0762947,11250647,elagolix,True,4.0,4.0,0.0,True,4+ rings
cangrelor,9854012.0,10.429561,-0.58631575,9854012,cangrelor,True,3.0,2.0,1.0,True,3 rings
pitolisant,9948102.0,9.659805,3.1301408,9948102,pitolisant,True,2.0,1.0,1.0,True,2 rings
bnc105,24786555.0,8.810702,3.3999374,24786555,bnc105,True,3.0,3.0,0.0,True,3 rings
zuclopenthixol,5311507.0,8.802155,3.815279,5311507,zuclopenthixol,True,4.0,2.0,2.0,True,4+ rings
vu10010,714286.0,10.020373,2.8595123,714286,vu10010,True,3.0,3.0,0.0,True,3 rings
bupicomide,31447.0,10.62051,1.6140784,31447,bupicomide,True,1.0,1.0,0.0,True,1 ring
metrizoic-acid,2528.0,10.265506,1.7317109,2528,metrizoic-acid,True,1.0,1.0,0.0,True,1 ring
amifampridine,5918.0,9.019752,2.0843904,5918,amifampridine,True,1.0,1.0,0.0,True,1 ring
pyroxamide,4996.0,9.534514,3.6368413,4996,pyroxamide,True,1.0,1.0,0.0,True,1 ring
trientine,5565.0,9.62464,1.4662364,5565,trientine,True,0.0,0.0,0.0,False,0 rings
levosimendan,3033825.0,9.281225,1.5077567,3033825,levosimendan,True,2.0,1.0,1.0,True,2 rings
5-methylhydantoin-(d),1615267.0,9.203825,1.3659326,1615267,5-methylhydantoin-(d),True,1.0,0.0,1.0,True,1 ring
sulfisoxazole-acetyl,6662.0,8.301634,2.6582096,6662,sulfisoxazole-acetyl,True,2.0,2.0,0.0,True,2 rings
salicylamide,5147.0,9.872602,2.4390206,5147,salicylamide,True,1.0,1.0,0.0,True,1 ring
duvelisib,50905713.0,8.421252,1.6722817,50905713,duvelisib,True,5.0,5.0,0.0,True,4+ rings
gsk-j2,73010924.0,9.649526,3.5390673,73010924,gsk-j2,True,4.0,3.0,1.0,True,4+ rings
polythiazide,12876779.0,8.146405,2.3208728,12876779,polythiazide,True,2.0,1.0,1.0,True,2 rings
sanguinarium-chloride,5154.0,8.907594,1.9405767,5154,sanguinarium-chloride,True,6.0,4.0,2.0,True,4+ rings
ica-121431,998021.0,8.366543,2.8129098,998021,ica-121431,True,4.0,4.0,0.0,True,4+ rings
formononetin,5280378.0,9.415983,0.839992,5280378,formononetin,True,3.0,3.0,0.0,True,3 rings
nmda,22880.0,10.860974,1.8984554,22880,nmda,True,0.0,0.0,0.0,False,0 rings
isoetharine,71466.0,11.045726,2.8924596,71466,isoetharine,True,1.0,1.0,0.0,True,1 ring
bts-72664,1480409.0,9.296968,2.0539308,1480409,bts-72664,True,3.0,3.0,0.0,True,3 rings
rhc-80267,5063.0,10.385433,1.7611403,5063,rhc-80267,True,2.0,0.0,2.0,True,2 rings
eseroline-(-),119198.0,9.359236,2.3388445,119198,eseroline-(-),True,3.0,1.0,2.0,True,3 rings
jnj-26481585,11538455.0,10.121849,2.551226,11538455,jnj-26481585,True,4.0,3.0,1.0,True,4+ rings
eperezolid,73214.0,9.887896,1.4483129,73214,eperezolid,True,3.0,1.0,2.0,True,3 rings
metrizamide,49800036.0,9.825112,0.41393033,49800036,metrizamide,True,2.0,1.0,1.0,True,2 rings
chir-99021,9956119.0,8.671917,2.1649616,9956119,chir-99021,True,4.0,4.0,0.0,True,4+ rings
ave-3085,3510704.0,9.752908,2.66474,3510704,ave-3085,True,4.0,2.0,2.0,True,4+ rings
gsk461364,15983966.0,10.049457,2.49664,15983966,gsk461364,True,5.0,4.0,1.0,True,4+ rings
ro-3,11289644.0,8.570394,3.1142504,11289644,ro-3,True,2.0,2.0,0.0,True,2 rings
mestranol,6291.0,8.354583,-0.12947959,6291,mestranol,True,4.0,1.0,3.0,True,4+ rings
lynestrenol,5857.0,8.433117,-0.16075608,5857,lynestrenol,True,4.0,0.0,4.0,True,4+ rings
m-3m3fbs,761523.0,9.1143,2.789998,761523,m-3m3fbs,True,2.0,2.0,0.0,True,2 rings
bms-770767,,9.282797,2.3315358,,bms-770767,True,5.0,3.0,2.0,True,4+ rings
ml179,45100448.0,9.13599,2.2356496,45100448,ml179,True,4.0,2.0,2.0,True,4+ rings
carnosine,6992100.0,11.568151,2.2075026,6992100,carnosine,True,1.0,1.0,0.0,True,1 ring
amg900,24856041.0,9.0411005,2.6563349,24856041,amg900,True,6.0,6.0,0.0,True,4+ rings
khk-in-1,53348216.0,8.8224535,2.2810895,53348216,khk-in-1,True,5.0,3.0,2.0,True,4+ rings
akba,11168203.0,9.356166,0.7020106,11168203,akba,True,5.0,0.0,5.0,True,4+ rings
mycophenolate-mofetil,5281078.0,10.15523,1.8235846,5281078,mycophenolate-mofetil,True,3.0,1.0,2.0,True,3 rings
nitazoxanide,41684.0,10.034596,3.2984738,41684,nitazoxanide,True,2.0,2.0,0.0,True,2 rings
cianidanol,9064.0,9.518907,0.86133975,9064,cianidanol,True,3.0,2.0,1.0,True,3 rings
nvp-hsp990,46216556.0,9.125822,2.2069983,46216556,nvp-hsp990,True,4.0,3.0,1.0,True,4+ rings
anthraquinone,6780.0,9.25752,2.5262282,6780,anthraquinone,True,3.0,2.0,1.0,True,3 rings
azd2858,10138980.0,9.489576,3.6124747,10138980,azd2858,True,4.0,3.0,1.0,True,4+ rings
benzoquinonium-dibromide,9394.0,10.724774,1.5393232,9394,benzoquinonium-dibromide,True,3.0,2.0,1.0,True,3 rings
trap-101,11494970.0,9.379373,1.9214222,11494970,trap-101,True,4.0,2.0,2.0,True,4+ rings
wz-4002,44607530.0,8.4740095,3.8217573,44607530,wz-4002,True,4.0,3.0,1.0,True,4+ rings
oxf-bd-02,70699441.0,9.682906,2.5529404,70699441,oxf-bd-02,True,3.0,3.0,0.0,True,3 rings
prednisolone-tebutate,,8.18111,-0.9845196,,prednisolone-tebutate,True,4.0,0.0,4.0,True,4+ rings
resmetirom,15981237.0,9.381737,1.9905561,15981237,resmetirom,True,3.0,3.0,0.0,True,3 rings
ethyl-paraben,8434.0,10.468867,2.7225711,8434,ethyl-paraben,True,1.0,1.0,0.0,True,1 ring
hemin,,10.748073,1.593863,,hemin,True,6.0,2.0,4.0,True,4+ rings
foropafant,119368.0,9.268692,3.5902348,119368,foropafant,True,3.0,3.0,0.0,True,3 rings
cpi-360,73442743.0,9.7097845,2.8633285,73442743,cpi-360,True,4.0,3.0,1.0,True,4+ rings
carvedilol,185394.0,10.930849,3.8837752,185394,carvedilol,True,4.0,4.0,0.0,True,4+ rings
sulfadoxine,17134.0,8.254977,2.6763191,17134,sulfadoxine,True,2.0,2.0,0.0,True,2 rings
genipin,442424.0,9.599888,1.5494257,442424,genipin,True,2.0,0.0,2.0,True,2 rings
sr-57227a,131747.0,8.908144,2.152498,131747,sr-57227a,True,2.0,1.0,1.0,True,2 rings
guanosine,135398635.0,10.39829,-0.46639195,135398635,guanosine,True,3.0,2.0,1.0,True,3 rings
chlorquinaldol,6301.0,9.302572,2.2120483,6301,chlorquinaldol,True,2.0,2.0,0.0,True,2 rings
alpha-glucosyl-hesperidin,53477097.0,9.628352,0.36058563,53477097,alpha-glucosyl-hesperidin,True,6.0,2.0,4.0,True,4+ rings
digitoxigenin,4369270.0,9.035404,0.13404489,4369270,digitoxigenin,True,5.0,0.0,5.0,True,4+ rings
proguanil,6178111.0,9.8116045,2.4226909,6178111,proguanil,True,1.0,1.0,0.0,True,1 ring
prinaberel,656954.0,9.445775,2.4102166,656954,prinaberel,True,3.0,3.0,0.0,True,3 rings
lucanthone,10180.0,10.339032,3.3529859,10180,lucanthone,True,3.0,3.0,0.0,True,3 rings
ivacaftor,16220172.0,11.418037,2.8666146,16220172,ivacaftor,True,3.0,3.0,0.0,True,3 rings
bms-806,5495818.0,9.725511,3.3110547,5495818,bms-806,True,4.0,3.0,1.0,True,4+ rings
isoxicam,54677972.0,9.400518,2.9553726,54677972,isoxicam,True,3.0,2.0,1.0,True,3 rings
disopyramide,3114.0,10.153939,2.4356203,3114,disopyramide,True,2.0,2.0,0.0,True,2 rings
amg-510,137278711.0,9.405334,2.5414405,137278711,amg-510,True,5.0,4.0,1.0,True,4+ rings
sudan-iv,,9.691965,2.6093905,,sudan-iv,True,4.0,4.0,0.0,True,4+ rings
ozagrel,5282440.0,9.823609,2.015568,5282440,ozagrel,True,2.0,2.0,0.0,True,2 rings
pf-04937319,46916694.0,9.292421,1.90928,46916694,pf-04937319,True,4.0,4.0,0.0,True,4+ rings
cefalonium,21744.0,13.316452,1.6147224,21744,cefalonium,True,4.0,2.0,2.0,True,4+ rings
eo-1428,9801969.0,10.042364,3.2672014,9801969,eo-1428,True,3.0,3.0,0.0,True,3 rings
dimethadione,3081.0,9.00306,1.5510302,3081,dimethadione,True,1.0,0.0,1.0,True,1 ring
gsk2239633a,46861584.0,9.970622,3.051214,46861584,gsk2239633a,True,4.0,4.0,0.0,True,4+ rings
basmisanil,57336276.0,9.541798,2.682122,57336276,basmisanil,True,4.0,3.0,1.0,True,4+ rings
alibendol,71916.0,9.12245,3.0905309,71916,alibendol,True,1.0,1.0,0.0,True,1 ring
a-1070722,49830684.0,9.152825,3.480311,49830684,a-1070722,True,3.0,3.0,0.0,True,3 rings
revefenacin,11753673.0,10.1893425,2.938593,11753673,revefenacin,True,5.0,3.0,2.0,True,4+ rings
yz9,5289613.0,10.11092,2.4367793,5289613,yz9,True,2.0,2.0,0.0,True,2 rings
filgotinib,49831257.0,9.953346,2.7270432,49831257,filgotinib,True,5.0,3.0,2.0,True,4+ rings
pimobendan,7120080.0,8.671091,2.6117773,7120080,pimobendan,True,4.0,3.0,1.0,True,4+ rings
timonacic,6973610.0,9.939395,1.5718449,6973610,timonacic,True,1.0,0.0,1.0,True,1 ring
gramine,6890.0,11.4627905,2.8579037,6890,gramine,True,2.0,2.0,0.0,True,2 rings
zm-241385,176407.0,9.874958,2.763057,176407,zm-241385,True,4.0,4.0,0.0,True,4+ rings
sodium-monofluorophosphate,24267.0,9.766417,1.4579201,24267,sodium-monofluorophosphate,True,0.0,0.0,0.0,False,0 rings
celgosivir,60734.0,10.532178,1.6606053,60734,celgosivir,True,2.0,0.0,2.0,True,2 rings
licarbazepine,9816485.0,9.6364155,2.1316729,9816485,licarbazepine,True,3.0,2.0,1.0,True,3 rings
lauric-acid,3893.0,10.903975,1.3771309,3893,lauric-acid,True,0.0,0.0,0.0,False,0 rings
eltoprazine,65853.0,8.733362,2.2725558,65853,eltoprazine,True,3.0,1.0,2.0,True,3 rings
evocalcet,71242808.0,10.131108,2.7109506,71242808,evocalcet,True,4.0,3.0,1.0,True,4+ rings
aa-29504,23188887.0,10.476082,2.6777883,23188887,aa-29504,True,2.0,2.0,0.0,True,2 rings
clorprenaline,12463921.0,10.919802,3.0691175,12463921,clorprenaline,True,1.0,1.0,0.0,True,1 ring
ipriflavone,3747.0,9.501136,0.81229967,3747,ipriflavone,True,3.0,3.0,0.0,True,3 rings
bms-566419,9913339.0,9.566556,2.9186766,9913339,bms-566419,True,5.0,4.0,1.0,True,4+ rings
ocaperidone,71351.0,10.111419,3.9150958,71351,ocaperidone,True,5.0,4.0,1.0,True,4+ rings
mercaptosuccinic-acid,638130.0,10.702087,1.8299991,638130,mercaptosuccinic-acid,True,0.0,0.0,0.0,False,0 rings
adavivint,135565709.0,9.534963,3.2843435,135565709,adavivint,True,6.0,6.0,0.0,True,4+ rings
sn-2,,9.184387,1.6376851,,sn-2,True,4.0,1.0,3.0,True,4+ rings
peficitinib,,9.774302,1.8394877,,peficitinib,True,6.0,2.0,4.0,True,4+ rings
sant-1,6878030.0,9.973676,2.7382486,6878030,sant-1,True,4.0,3.0,1.0,True,4+ rings
9-aminoacridine,7019.0,9.052923,2.515539,7019,9-aminoacridine,True,3.0,3.0,0.0,True,3 rings
chlorthalidone,688424.0,8.848266,2.4786794,688424,chlorthalidone,True,3.0,2.0,1.0,True,3 rings
"4,4-pentamethylenepiperidine",417412.0,9.087801,1.5875133,417412,"4,4-pentamethylenepiperidine",True,2.0,0.0,2.0,True,2 rings
azilsartan,135415867.0,10.37473,3.114522,135415867,azilsartan,True,5.0,5.0,0.0,True,4+ rings
sd-0006,9865587.0,8.499717,1.9529527,9865587,sd-0006,True,4.0,3.0,1.0,True,4+ rings
curcumol,14240392.0,9.531632,1.4975406,14240392,curcumol,True,3.0,0.0,3.0,True,3 rings
dwk-1339,24764491.0,8.738955,3.2704492,24764491,dwk-1339,True,3.0,3.0,0.0,True,3 rings
ar-12,10027278.0,9.565478,3.0978627,10027278,ar-12,True,5.0,5.0,0.0,True,4+ rings
estradiol,5757.0,8.33134,-0.105222024,5757,estradiol,True,4.0,1.0,3.0,True,4+ rings
dbpr-211,71515460.0,8.416991,3.094602,71515460,dbpr-211,True,6.0,4.0,2.0,True,4+ rings
cr8-(r),10224714.0,9.38903,3.2172046,10224714,cr8-(r),True,4.0,4.0,0.0,True,4+ rings
prx-07034,67147340.0,8.602867,2.9986439,67147340,prx-07034,True,3.0,2.0,1.0,True,3 rings
cp-93129,124007.0,9.008782,1.6879873,124007,cp-93129,True,3.0,2.0,1.0,True,3 rings
bms-986158,118196485.0,10.142991,2.8486502,118196485,bms-986158,True,6.0,5.0,1.0,True,4+ rings
pyrazinoylguanidine,137321773.0,9.818857,1.9434272,137321773,pyrazinoylguanidine,True,1.0,1.0,0.0,True,1 ring
dy131,5497124.0,9.525422,2.6723022,5497124,dy131,True,2.0,2.0,0.0,True,2 rings
phenylmethylsulfonyl-fluoride,4784.0,9.889206,2.7023993,4784,phenylmethylsulfonyl-fluoride,True,1.0,1.0,0.0,True,1 ring
o4i1,2774690.0,9.021612,2.863348,2774690,o4i1,True,2.0,2.0,0.0,True,2 rings
tozadenant,11618368.0,9.0239725,2.8382492,11618368,tozadenant,True,4.0,2.0,2.0,True,4+ rings
hyoscyamine,,10.765768,2.9426045,,hyoscyamine,True,3.0,1.0,2.0,True,3 rings
api-001,44247568.0,9.489397,3.2634568,44247568,api-001,True,4.0,3.0,1.0,True,4+ rings
lxs196,118873253.0,9.536928,3.3909085,118873253,lxs196,True,4.0,3.0,1.0,True,4+ rings
eldecalcitol,6918141.0,2.553703,2.4756494,6918141,eldecalcitol,True,3.0,0.0,3.0,True,3 rings
pumosetrag,154104.0,9.878352,2.0798373,154104,pumosetrag,True,5.0,2.0,3.0,True,4+ rings
hexaminolevulinate,6433083.0,10.798829,1.3169326,6433083,hexaminolevulinate,True,0.0,0.0,0.0,False,0 rings
otilonium,72093.0,10.668156,3.0161695,72093,otilonium,True,2.0,2.0,0.0,True,2 rings
trans-4-hydroxycrotonic-acid,6155526.0,10.064072,1.6844903,6155526,trans-4-hydroxycrotonic-acid,True,0.0,0.0,0.0,False,0 rings
id-8,791637.0,9.079976,2.5470457,791637,id-8,True,3.0,3.0,0.0,True,3 rings
sertaconazole,25273617.0,7.7368507,2.3802774,25273617,sertaconazole,True,4.0,4.0,0.0,True,4+ rings
ac-55649,1714884.0,10.633281,2.1537108,1714884,ac-55649,True,2.0,2.0,0.0,True,2 rings
thaliblastine,21470.0,8.621062,3.242711,21470,thaliblastine,True,7.0,4.0,3.0,True,4+ rings
sulfanitran,5334.0,9.6881275,3.4166436,5334,sulfanitran,True,2.0,2.0,0.0,True,2 rings
bms-986205,,9.666045,3.4606228,,bms-986205,True,4.0,3.0,1.0,True,4+ rings
org-25543,5311287.0,10.263723,2.9479456,5311287,org-25543,True,3.0,2.0,1.0,True,3 rings
chrysophanic-acid,10208.0,9.157,2.6880794,10208,chrysophanic-acid,True,3.0,2.0,1.0,True,3 rings
cp-91149,9843900.0,10.401039,2.6217525,9843900,cp-91149,True,3.0,3.0,0.0,True,3 rings
brl-37344,9841972.0,10.96714,3.0699644,9841972,brl-37344,True,2.0,2.0,0.0,True,2 rings
spirobromin,72115.0,10.123577,1.7503742,72115,spirobromin,True,3.0,0.0,3.0,True,3 rings
benfluorex,6604374.0,10.436361,3.0510185,6604374,benfluorex,True,2.0,2.0,0.0,True,2 rings
andrographolide,5318517.0,9.262938,1.1971934,5318517,andrographolide,True,3.0,0.0,3.0,True,3 rings
benzotript,2060890.0,11.527585,2.7921293,2060890,benzotript,True,3.0,3.0,0.0,True,3 rings
"1,3-dipropyl-8-phenylxanthine",128784.0,8.662259,1.6113405,128784,"1,3-dipropyl-8-phenylxanthine",True,3.0,3.0,0.0,True,3 rings
"ici-118,551",5311179.0,10.107432,1.5086888,5311179,"ici-118,551",True,2.0,1.0,1.0,True,2 rings
fexaramine,5326713.0,9.360682,2.98677,5326713,fexaramine,True,4.0,3.0,1.0,True,4+ rings
sn-6,93088127.0,8.528383,2.3805332,93088127,sn-6,True,3.0,2.0,1.0,True,3 rings
chloralose,7057995.0,9.94626,1.1218461,7057995,chloralose,True,2.0,0.0,2.0,True,2 rings
fenclonine-(+/-),736190.0,10.768052,2.4022627,736190,fenclonine-(+/-),True,1.0,1.0,0.0,True,1 ring
norvancomycin,10419027.0,9.71309,0.23692377,10419027,norvancomycin,True,12.0,5.0,7.0,True,4+ rings
terodiline,9925740.0,10.4418335,2.9341953,9925740,terodiline,True,2.0,2.0,0.0,True,2 rings
higenamine,440988.0,9.300264,2.5220695,440988,higenamine,True,3.0,2.0,1.0,True,3 rings
limaprost-alfadex,6438378.0,11.176255,1.1474465,6438378,limaprost-alfadex,True,1.0,0.0,1.0,True,1 ring
unbs-5162,16048966.0,9.718456,2.38103,16048966,unbs-5162,True,3.0,2.0,1.0,True,3 rings
diroximel-fumarate,73330464.0,9.843234,1.7569063,73330464,diroximel-fumarate,True,1.0,0.0,1.0,True,1 ring
bay-41-2272,9798973.0,9.440698,3.0056028,9798973,bay-41-2272,True,5.0,4.0,1.0,True,4+ rings
tak-659,53252276.0,8.970333,1.6197848,53252276,tak-659,True,4.0,2.0,2.0,True,4+ rings
abemaciclib,46220502.0,9.10432,2.028688,46220502,abemaciclib,True,5.0,4.0,1.0,True,4+ rings
taselisib,51001932.0,10.0373535,1.7779316,51001932,taselisib,True,5.0,4.0,1.0,True,4+ rings
bms-470539,9915813.0,10.989668,2.3926644,9915813,bms-470539,True,4.0,3.0,1.0,True,4+ rings
vu0357121,2296132.0,9.840028,3.359284,2296132,vu0357121,True,2.0,2.0,0.0,True,2 rings
toyocamycin,11824.0,10.456642,-0.59426683,11824,toyocamycin,True,3.0,2.0,1.0,True,3 rings
int-767,23642339.0,8.932377,-0.34866676,23642339,int-767,True,4.0,0.0,4.0,True,4+ rings
isometheptene-mucate,6604597.0,9.6839905,1.4147604,6604597,isometheptene-mucate,True,0.0,0.0,0.0,False,0 rings
mrs-1220,393595.0,10.169497,2.859427,393595,mrs-1220,True,5.0,5.0,0.0,True,4+ rings
cyc065,24983461.0,9.341428,3.1529822,24983461,cyc065,True,3.0,3.0,0.0,True,3 rings
propantheline,4934.0,10.383104,1.9962853,4934,propantheline,True,3.0,2.0,1.0,True,3 rings
mitiglinide,121891.0,10.551333,2.632151,121891,mitiglinide,True,3.0,1.0,2.0,True,3 rings
bms-813160,51039119.0,9.992662,1.7410241,51039119,bms-813160,True,4.0,2.0,2.0,True,4+ rings
flucloxacillin,21319.0,13.275592,1.8923135,21319,flucloxacillin,True,4.0,2.0,2.0,True,4+ rings
trimethobenzamide,5577.0,10.189729,3.0967143,5577,trimethobenzamide,True,2.0,2.0,0.0,True,2 rings
sparsentan,10257882.0,9.6545725,2.31406,10257882,sparsentan,True,5.0,3.0,2.0,True,4+ rings
"chromanol-293b-(-)-[3r,4s]",121846.0,8.408151,0.9568536,121846,"chromanol-293b-(-)-[3r,4s]",True,2.0,1.0,1.0,True,2 rings
agp-103,8215.0,10.903971,1.3842316,8215,agp-103,True,0.0,0.0,0.0,False,0 rings
tigecycline,,10.339361,0.9309972,,tigecycline,True,4.0,1.0,3.0,True,4+ rings
cinnamaldehyde,637511.0,9.498712,2.7463555,637511,cinnamaldehyde,True,1.0,1.0,0.0,True,1 ring
mivacurium,22839211.0,8.647599,3.3379576,22839211,mivacurium,True,6.0,4.0,2.0,True,4+ rings
pf-06651600,118115473.0,9.681428,1.7393055,118115473,pf-06651600,True,3.0,2.0,1.0,True,3 rings
enalapril,5388962.0,11.156942,2.3836954,5388962,enalapril,True,2.0,1.0,1.0,True,2 rings
troventol,16007396.0,10.651749,2.9966884,16007396,troventol,True,3.0,1.0,2.0,True,3 rings
ym-244769,11442117.0,10.103269,2.7233174,11442117,ym-244769,True,4.0,4.0,0.0,True,4+ rings
gsk1562590,46846503.0,9.997429,2.5363102,46846503,gsk1562590,True,5.0,3.0,2.0,True,4+ rings
ym-750,9911716.0,10.088641,3.4477255,9911716,ym-750,True,5.0,3.0,2.0,True,4+ rings
carbetocin,,11.778431,2.2561977,,carbetocin,True,3.0,1.0,2.0,True,3 rings
empagliflozin,11949646.0,9.751288,0.21735038,11949646,empagliflozin,True,4.0,2.0,2.0,True,4+ rings
pf-04885614,65459349.0,8.889774,1.9596182,65459349,pf-04885614,True,2.0,2.0,0.0,True,2 rings
lisinopril,5362119.0,11.217463,2.2711146,5362119,lisinopril,True,2.0,1.0,1.0,True,2 rings
pf-04217903,17754438.0,9.251515,2.8138986,17754438,pf-04217903,True,5.0,5.0,0.0,True,4+ rings
brivanib-alaninate,11154925.0,10.401321,1.8941331,11154925,brivanib-alaninate,True,4.0,4.0,0.0,True,4+ rings
uamc-00039,11232124.0,10.499368,2.473124,11232124,uamc-00039,True,2.0,1.0,1.0,True,2 rings
"1,5-dicaffeoylquinic-acid",6474640.0,8.897863,3.0365212,6474640,"1,5-dicaffeoylquinic-acid",True,3.0,2.0,1.0,True,3 rings
clamikalant,3037766.0,8.995325,3.341404,3037766,clamikalant,True,2.0,2.0,0.0,True,2 rings
bucillamine,656604.0,10.76817,1.844103,656604,bucillamine,True,0.0,0.0,0.0,False,0 rings
equilin,41097932.0,8.59072,0.597256,41097932,equilin,True,4.0,1.0,3.0,True,4+ rings
ciprofloxacin,4011971.0,12.189642,0.67662364,4011971,ciprofloxacin,True,4.0,2.0,2.0,True,4+ rings
azasetron,25271863.0,9.808773,2.0812926,25271863,azasetron,True,5.0,1.0,4.0,True,4+ rings
hypoestoxide,11199742.0,9.211367,1.2264632,11199742,hypoestoxide,True,4.0,0.0,4.0,True,4+ rings
pf-06409577,71748255.0,10.192837,2.476718,71748255,pf-06409577,True,4.0,3.0,1.0,True,4+ rings
tiracizine,71264.0,9.284802,3.6972888,71264,tiracizine,True,3.0,2.0,1.0,True,3 rings
butylated-hydroxyanisole,8456.0,8.879508,2.9361901,8456,butylated-hydroxyanisole,True,1.0,1.0,0.0,True,1 ring
retinol,445354.0,10.480774,0.6022894,445354,retinol,True,1.0,0.0,1.0,True,1 ring
tylosin,134129704.0,9.279176,0.80684906,134129704,tylosin,True,4.0,0.0,4.0,True,4+ rings
pi3kd-in-2,91754520.0,8.818878,3.0355442,91754520,pi3kd-in-2,True,5.0,3.0,2.0,True,4+ rings
salicylic-acid,338.0,10.000231,2.9541495,338,salicylic-acid,True,1.0,1.0,0.0,True,1 ring
nsc-9965,31762.0,9.1488495,1.6003629,31762,nsc-9965,True,4.0,0.0,4.0,True,4+ rings
lintopride,65900.0,10.512462,3.751597,65900,lintopride,True,2.0,1.0,1.0,True,2 rings
gbr-12935,3456.0,10.230406,3.4667351,3456,gbr-12935,True,4.0,3.0,1.0,True,4+ rings
glycitein,5317750.0,9.438665,0.7934033,5317750,glycitein,True,3.0,3.0,0.0,True,3 rings
obatoclax,,9.099581,2.3409293,,obatoclax,True,4.0,3.0,1.0,True,4+ rings
butein,5281222.0,9.047757,2.8836727,5281222,butein,True,2.0,2.0,0.0,True,2 rings
methiazole,6604471.0,7.928445,2.831745,6604471,methiazole,True,2.0,2.0,0.0,True,2 rings
"tropanyl-3,5-dimethylbenzoate",,10.704245,2.8561108,,"tropanyl-3,5-dimethylbenzoate",True,3.0,1.0,2.0,True,3 rings
atorvastatin,60823.0,10.639919,2.095445,60823,atorvastatin,True,4.0,4.0,0.0,True,4+ rings
alrestatin,2120.0,10.04334,2.2482603,2120,alrestatin,True,3.0,2.0,1.0,True,3 rings
escin,441903.0,9.649948,0.29994103,441903,escin,True,8.0,0.0,8.0,True,4+ rings
bi-847325,,10.129437,3.2883036,,bi-847325,True,4.0,3.0,1.0,True,4+ rings
ngd-94-1,188942.0,9.362411,2.9211688,188942,ngd-94-1,True,4.0,3.0,1.0,True,4+ rings
savolitinib,68289010.0,9.030278,1.9768074,68289010,savolitinib,True,5.0,5.0,0.0,True,4+ rings
azd8797,11965767.0,10.467122,2.9175153,11965767,azd8797,True,3.0,3.0,0.0,True,3 rings
indeglitazar,11395145.0,10.323037,2.1000676,11395145,indeglitazar,True,3.0,3.0,0.0,True,3 rings
phenolphthalein,4764.0,9.274129,2.4467156,4764,phenolphthalein,True,4.0,3.0,1.0,True,4+ rings
ketanserin,3822.0,10.170032,3.9353714,3822,ketanserin,True,4.0,3.0,1.0,True,4+ rings
macitentan-n-butyl-analogue,71449713.0,10.092452,1.9520149,71449713,macitentan-n-butyl-analogue,True,3.0,3.0,0.0,True,3 rings
unc0321,46901937.0,8.785321,4.317971,46901937,unc0321,True,4.0,2.0,2.0,True,4+ rings
erastin,91669533.0,10.077783,2.9527597,91669533,erastin,True,5.0,4.0,1.0,True,4+ rings
methylnaltrexone,16089915.0,6.2884135,5.222778,16089915,methylnaltrexone,True,6.0,1.0,5.0,True,4+ rings
ciq,40450008.0,8.565575,3.4134293,40450008,ciq,True,4.0,3.0,1.0,True,4+ rings
pioglitazone,29010894.0,10.462324,2.3565397,29010894,pioglitazone,True,3.0,2.0,1.0,True,3 rings
ah11110,6604792.0,10.652247,3.6411443,6604792,ah11110,True,3.0,2.0,1.0,True,3 rings
furaltadone,6604316.0,8.363391,1.8984795,6604316,furaltadone,True,3.0,1.0,2.0,True,3 rings
oxyquinoline,1923.0,9.151229,2.8772907,1923,oxyquinoline,True,2.0,2.0,0.0,True,2 rings
gsk-lsd-1,71522234.0,9.414219,2.3793159,71522234,gsk-lsd-1,True,3.0,1.0,2.0,True,3 rings
"[sar9,met(o2)11]-substance-p",163829.0,11.452783,2.2014863,163829,"[sar9,met(o2)11]-substance-p",True,4.0,2.0,2.0,True,4+ rings
ctep,11646823.0,8.962676,2.004305,11646823,ctep,True,3.0,3.0,0.0,True,3 rings
jw-74,16013152.0,8.823269,2.5245273,16013152,jw-74,True,5.0,5.0,0.0,True,4+ rings
nimustine,129009979.0,9.889517,1.6572841,129009979,nimustine,True,1.0,1.0,0.0,True,1 ring
cetaben,47263.0,10.506005,2.318123,47263,cetaben,True,1.0,1.0,0.0,True,1 ring
trichloroacetic-acid,6421.0,10.073281,1.8545023,6421,trichloroacetic-acid,True,0.0,0.0,0.0,False,0 rings
gluconolactone,1549082.0,9.750237,0.3711635,1549082,gluconolactone,True,1.0,0.0,1.0,True,1 ring
bms-536924,135440466.0,10.748987,3.0635946,135440466,bms-536924,True,5.0,4.0,1.0,True,4+ rings
ory-1001,71543365.0,9.382137,2.4768379,71543365,ory-1001,True,3.0,1.0,2.0,True,3 rings
indalpine,44668.0,11.506314,2.842636,44668,indalpine,True,3.0,2.0,1.0,True,3 rings
pbt-1033,10016012.0,9.220712,2.2169578,10016012,pbt-1033,True,2.0,2.0,0.0,True,2 rings
gsk256066,9827968.0,9.417546,3.3502553,9827968,gsk256066,True,4.0,4.0,0.0,True,4+ rings
xmd8-92,46843772.0,8.46062,3.7969067,46843772,xmd8-92,True,5.0,3.0,2.0,True,4+ rings
betp,97182196.0,10.019134,2.8079283,97182196,betp,True,3.0,3.0,0.0,True,3 rings
capecitabine,60953.0,10.900381,1.4365507,60953,capecitabine,True,2.0,1.0,1.0,True,2 rings
api-1,24773090.0,10.444223,-0.5808476,24773090,api-1,True,3.0,2.0,1.0,True,3 rings
carboplatin,73554252.0,9.123479,1.5149536,73554252,carboplatin,True,2.0,0.0,2.0,True,2 rings
cinanserin,5475158.0,9.562408,3.0019984,5475158,cinanserin,True,2.0,2.0,0.0,True,2 rings
strychnine,441071.0,9.177904,2.1088758,441071,strychnine,True,7.0,1.0,6.0,True,4+ rings
suplatast,9957601.0,10.51874,3.6122942,9957601,suplatast,True,1.0,1.0,0.0,True,1 ring
gsk1292263,24996872.0,8.740865,2.3269365,24996872,gsk1292263,True,4.0,3.0,1.0,True,4+ rings
tacalcitol,5283734.0,2.5567575,2.4745986,5283734,tacalcitol,True,3.0,0.0,3.0,True,3 rings
tricaprylin,10850.0,10.917643,1.2020158,10850,tricaprylin,True,0.0,0.0,0.0,False,0 rings
imetit,3692.0,11.567709,2.1986601,3692,imetit,True,1.0,1.0,0.0,True,1 ring
dqp-1105,136902743.0,10.475852,2.1982772,136902743,dqp-1105,True,5.0,4.0,1.0,True,4+ rings
fluorometholone-acetate,240767.0,8.061682,-1.1467805,240767,fluorometholone-acetate,True,4.0,0.0,4.0,True,4+ rings
vinorelbine,5311497.0,8.889109,3.4327354,5311497,vinorelbine,True,9.0,3.0,6.0,True,4+ rings
dinitolmide,3092.0,8.3323345,2.0906687,3092,dinitolmide,True,1.0,1.0,0.0,True,1 ring
lomustine,129009938.0,9.901266,1.7065476,129009938,lomustine,True,1.0,0.0,1.0,True,1 ring
cyamemazine,14050069.0,8.760392,3.9086103,14050069,cyamemazine,True,3.0,2.0,1.0,True,3 rings
torasemide,51371498.0,9.375608,2.989727,51371498,torasemide,True,2.0,2.0,0.0,True,2 rings
bms-833923,57662985.0,9.805728,3.7421718,57662985,bms-833923,True,5.0,5.0,0.0,True,4+ rings
phlorizin,6072.0,9.708806,0.21482246,6072,phlorizin,True,3.0,2.0,1.0,True,3 rings
methylprednisolone,6741.0,8.1847,-0.98016804,6741,methylprednisolone,True,4.0,0.0,4.0,True,4+ rings
entrectinib,25141092.0,9.472576,2.936699,25141092,entrectinib,True,6.0,4.0,2.0,True,4+ rings
pf-514273,11316919.0,9.113315,2.3243685,11316919,pf-514273,True,4.0,3.0,1.0,True,4+ rings
gdc-0834,25234917.0,9.828065,3.4470782,25234917,gdc-0834,True,6.0,4.0,2.0,True,4+ rings
way-629,6604933.0,9.180573,2.2168028,6604933,way-629,True,4.0,2.0,2.0,True,4+ rings
nky-80,777417.0,9.007927,2.01339,777417,nky-80,True,3.0,2.0,1.0,True,3 rings
cobicistat,25151504.0,10.694595,2.558647,25151504,cobicistat,True,5.0,4.0,1.0,True,4+ rings
delta-tocotrienol,5282350.0,9.895555,1.5391479,5282350,delta-tocotrienol,True,2.0,1.0,1.0,True,2 rings
ch223191,,9.8162985,2.9437976,,ch223191,True,3.0,3.0,0.0,True,3 rings
anethole-trithione,2194.0,8.876311,2.7067297,2194,anethole-trithione,True,2.0,2.0,0.0,True,2 rings
dichlorvos,3039.0,9.546282,1.5070441,3039,dichlorvos,True,0.0,0.0,0.0,False,0 rings
abafungin,159326.0,8.4109955,1.8131065,159326,abafungin,True,4.0,3.0,1.0,True,4+ rings
cj-13610,9821945.0,9.673955,2.0574148,9821945,cj-13610,True,4.0,3.0,1.0,True,4+ rings
erk5-in-1,46844147.0,8.4487705,3.82355,46844147,erk5-in-1,True,5.0,3.0,2.0,True,4+ rings
denotivir,39976.0,9.876001,3.4025936,39976,denotivir,True,3.0,3.0,0.0,True,3 rings
nicotinamide,936.0,9.445242,3.6154685,936,nicotinamide,True,1.0,1.0,0.0,True,1 ring
cloranolol,76964677.0,11.156896,3.9613938,76964677,cloranolol,True,1.0,1.0,0.0,True,1 ring
bicyclol,9821754.0,9.563045,2.098635,9821754,bicyclol,True,4.0,2.0,2.0,True,4+ rings
"1s,2r-phenylpropanolamine",26934.0,10.465713,2.8942654,26934,"1s,2r-phenylpropanolamine",True,1.0,1.0,0.0,True,1 ring
sgc-0946,56962337.0,10.414053,-0.6094419,56962337,sgc-0946,True,4.0,3.0,1.0,True,4+ rings
diaveridine,21453.0,8.658407,3.157621,21453,diaveridine,True,2.0,2.0,0.0,True,2 rings
lusaperidone,3045401.0,9.44625,2.5528297,3045401,lusaperidone,True,5.0,4.0,1.0,True,4+ rings
rs-102895,10000456.0,9.783205,2.8501632,10000456,rs-102895,True,4.0,2.0,2.0,True,4+ rings
tw-37,11455910.0,9.861028,3.507807,11455910,tw-37,True,4.0,4.0,0.0,True,4+ rings
h2l-5765834,1365686.0,9.89364,2.5244994,1365686,h2l-5765834,True,4.0,3.0,1.0,True,4+ rings
bms-587101,11635371.0,10.000813,2.328024,11635371,bms-587101,True,5.0,3.0,2.0,True,4+ rings
nisoxetine,10107248.0,10.471819,3.056831,10107248,nisoxetine,True,2.0,2.0,0.0,True,2 rings
altiratinib,54576299.0,9.6920185,3.7322612,54576299,altiratinib,True,5.0,3.0,2.0,True,4+ rings
ono-4059,54755438.0,9.66992,2.6497796,54755438,ono-4059,True,5.0,4.0,1.0,True,4+ rings
hydrocortisone,5754.0,8.256632,-0.8401131,5754,hydrocortisone,True,4.0,0.0,4.0,True,4+ rings
navarixin,9865554.0,9.936196,3.1194456,9865554,navarixin,True,3.0,3.0,0.0,True,3 rings
dynole-34-2,44157463.0,10.781153,1.4686233,44157463,dynole-34-2,True,2.0,2.0,0.0,True,2 rings
dehydroepiandrosterone-sulfate,12594.0,8.862672,-0.08463503,12594,dehydroepiandrosterone-sulfate,True,4.0,0.0,4.0,True,4+ rings
talsaclidine,71792.0,9.292272,1.6879905,71792,talsaclidine,True,3.0,0.0,3.0,True,3 rings
betulinic-acid,64971.0,9.528241,1.0081522,64971,betulinic-acid,True,5.0,0.0,5.0,True,4+ rings
telmisartan,65999.0,10.240384,3.0865757,65999,telmisartan,True,6.0,6.0,0.0,True,4+ rings
fursultiamine,38988761.0,9.516884,1.5764675,38988761,fursultiamine,True,2.0,1.0,1.0,True,2 rings
pd-198306,9956637.0,9.915804,1.3853264,9956637,pd-198306,True,3.0,2.0,1.0,True,3 rings
trometamol,6503.0,9.6809635,1.525873,6503,trometamol,True,0.0,0.0,0.0,False,0 rings
tfc-007,16040067.0,9.832745,3.426474,16040067,tfc-007,True,5.0,3.0,2.0,True,4+ rings
phloroglucin,359.0,9.293403,2.1302867,359,phloroglucin,True,1.0,1.0,0.0,True,1 ring
hydrocortisone-phosphate,,8.281067,-0.81007004,,hydrocortisone-phosphate,True,4.0,0.0,4.0,True,4+ rings
barnidipine,443869.0,12.222717,4.1796584,443869,barnidipine,True,4.0,2.0,2.0,True,4+ rings
phenindamine,57086802.0,9.271648,2.6255982,57086802,phenindamine,True,4.0,2.0,2.0,True,4+ rings
diphenylpyraline,3103.0,10.267107,3.1480362,3103,diphenylpyraline,True,3.0,2.0,1.0,True,3 rings
berberine,2353.0,8.735071,2.9687238,2353,berberine,True,5.0,3.0,2.0,True,4+ rings
an2718,11845944.0,9.310236,1.9375142,11845944,an2718,True,2.0,1.0,1.0,True,2 rings
bromosporine,72943187.0,10.3915,2.5116944,72943187,bromosporine,True,3.0,3.0,0.0,True,3 rings
dpc,57380301.0,9.514397,3.091512,57380301,dpc,True,3.0,2.0,1.0,True,3 rings
ciclesonide,6918155.0,8.173011,-1.0002835,6918155,ciclesonide,True,6.0,0.0,6.0,True,4+ rings
sb-243213,443391.0,9.580084,3.642009,443391,sb-243213,True,4.0,3.0,1.0,True,4+ rings
furegrelate,3437.0,9.351954,3.6402693,3437,furegrelate,True,3.0,3.0,0.0,True,3 rings
triflupromazine,5568.0,8.73635,3.953178,5568,triflupromazine,True,3.0,2.0,1.0,True,3 rings
penfluridol,33630.0,10.271396,3.8228202,33630,penfluridol,True,4.0,3.0,1.0,True,4+ rings
darunavir,213039.0,8.479376,2.6304295,213039,darunavir,True,4.0,2.0,2.0,True,4+ rings
micafungin,477468.0,10.565354,2.8254187,477468,micafungin,True,7.0,4.0,3.0,True,4+ rings
meptazinol,25271754.0,9.513775,2.4305062,25271754,meptazinol,True,2.0,1.0,1.0,True,2 rings
ec-23,10314719.0,10.240847,3.7214835,10314719,ec-23,True,3.0,2.0,1.0,True,3 rings
av-412,9806229.0,9.054538,4.151919,9806229,av-412,True,4.0,3.0,1.0,True,4+ rings
tolvaptan,443894.0,9.886072,3.569845,443894,tolvaptan,True,4.0,3.0,1.0,True,4+ rings
fce-22250,,8.63426,0.6631683,,fce-22250,True,6.0,2.0,4.0,True,4+ rings
hydroquinone,785.0,9.348267,2.2082493,785,hydroquinone,True,1.0,1.0,0.0,True,1 ring
tobramycin,36294.0,9.654509,0.14567463,36294,tobramycin,True,3.0,0.0,3.0,True,3 rings
cyanopindolol,6604791.0,11.148967,4.0320864,6604791,cyanopindolol,True,2.0,2.0,0.0,True,2 rings
cefadroxil,6560167.0,13.287296,1.6634377,6560167,cefadroxil,True,3.0,1.0,2.0,True,3 rings
mandelic-acid,11914.0,10.45761,2.8201864,11914,mandelic-acid,True,1.0,1.0,0.0,True,1 ring
daphnetin,5280569.0,9.306352,2.0641901,5280569,daphnetin,True,2.0,2.0,0.0,True,2 rings
midecamycin,,9.26495,0.82294106,,midecamycin,True,3.0,0.0,3.0,True,3 rings
levomequitazine,3246605.0,8.869853,3.623017,3246605,levomequitazine,True,6.0,2.0,4.0,True,4+ rings
benzamil,108107.0,10.352287,2.6277726,108107,benzamil,True,2.0,2.0,0.0,True,2 rings
benaxibine,7566768.0,9.755978,0.34057775,7566768,benaxibine,True,2.0,1.0,1.0,True,2 rings
anamorelin,9828911.0,11.569881,2.8095834,9828911,anamorelin,True,4.0,3.0,1.0,True,4+ rings
jnj-27141491,11703589.0,9.929889,1.8156757,11703589,jnj-27141491,True,3.0,3.0,0.0,True,3 rings
oac1,789882.0,10.03414,3.3331413,789882,oac1,True,3.0,3.0,0.0,True,3 rings
bismuth-subgallate,73415769.0,9.852462,2.162034,73415769,bismuth-subgallate,True,2.0,1.0,1.0,True,2 rings
srpin340,2797577.0,9.778121,3.4500344,2797577,srpin340,True,3.0,2.0,1.0,True,3 rings
ns-5806,11642685.0,9.837467,3.3487854,11642685,ns-5806,True,3.0,3.0,0.0,True,3 rings
trichostatin-a,444732.0,9.86862,2.0359626,444732,trichostatin-a,True,1.0,1.0,0.0,True,1 ring
ver-49009,4369536.0,8.892167,2.98235,4369536,ver-49009,True,3.0,3.0,0.0,True,3 rings
geldanamycin,,9.81096,1.7554113,,geldanamycin,True,2.0,0.0,2.0,True,2 rings
propatylnitrate,66261.0,9.275716,1.5698509,66261,propatylnitrate,True,0.0,0.0,0.0,False,0 rings
mepivacaine,6918904.0,9.985661,3.5779161,6918904,mepivacaine,True,2.0,1.0,1.0,True,2 rings
phikan-083,4722579.0,9.543806,2.7398474,4722579,phikan-083,True,3.0,3.0,0.0,True,3 rings
tropifexor,,9.896168,2.75507,,tropifexor,True,7.0,4.0,3.0,True,4+ rings
pnu-89843,154689.0,8.9566,1.8243833,154689,pnu-89843,True,4.0,2.0,2.0,True,4+ rings
betamethasone,9782.0,8.026221,-1.1979485,9782,betamethasone,True,4.0,0.0,4.0,True,4+ rings
ellagic-acid,5281855.0,9.458582,1.9189687,5281855,ellagic-acid,True,4.0,4.0,0.0,True,4+ rings
thiothixene,941651.0,8.788581,3.828323,941651,thiothixene,True,4.0,2.0,2.0,True,4+ rings
alanine,7311725.0,10.603193,1.8500489,7311725,alanine,True,0.0,0.0,0.0,False,0 rings
veralipride,989438.0,9.414995,4.484642,989438,veralipride,True,2.0,1.0,1.0,True,2 rings
"3,4-dcpg-(+/-)",6604849.0,11.2461605,2.3856163,6604849,"3,4-dcpg-(+/-)",True,1.0,1.0,0.0,True,1 ring
piperacillin,43672.0,13.272132,1.9004538,43672,piperacillin,True,4.0,1.0,3.0,True,4+ rings
semagacestat,9843750.0,10.197378,2.4228523,9843750,semagacestat,True,2.0,1.0,1.0,True,2 rings
xanomeline,60809.0,10.674439,1.2215106,60809,xanomeline,True,2.0,1.0,1.0,True,2 rings
goserelin-acetate,5311128.0,11.730207,2.318462,5311128,goserelin-acetate,True,6.0,4.0,2.0,True,4+ rings
bepotastine,25273609.0,10.249181,3.602502,25273609,bepotastine,True,3.0,2.0,1.0,True,3 rings
methyldopa,6919173.0,10.673736,2.3942287,6919173,methyldopa,True,1.0,1.0,0.0,True,1 ring
amitriptyline,2160.0,8.847509,3.7306879,2160,amitriptyline,True,3.0,2.0,1.0,True,3 rings
gk921,56682080.0,9.679212,3.1926656,56682080,gk921,True,4.0,3.0,1.0,True,4+ rings
benzonatate,7699.0,10.697656,2.975762,7699,benzonatate,True,1.0,1.0,0.0,True,1 ring
4-carboxy-3-hydroxyphenylglycine-(rs),6604709.0,11.224254,2.4002109,6604709,4-carboxy-3-hydroxyphenylglycine-(rs),True,1.0,1.0,0.0,True,1 ring
deferasirox-iron-chelate,,10.058668,2.9478667,,deferasirox-iron-chelate,True,5.0,4.0,1.0,True,4+ rings
dmab-anabaseine,9926048.0,9.27061,3.4915483,9926048,dmab-anabaseine,True,3.0,2.0,1.0,True,3 rings
sarcosine,7311726.0,10.310273,2.0098479,7311726,sarcosine,True,0.0,0.0,0.0,False,0 rings
tolonidine,72138.0,8.388121,1.6905673,72138,tolonidine,True,2.0,1.0,1.0,True,2 rings
am-92016,6604771.0,10.556945,3.4514437,6604771,am-92016,True,2.0,2.0,0.0,True,2 rings
pyr-41,5335621.0,10.526042,2.834936,5335621,pyr-41,True,3.0,2.0,1.0,True,3 rings
cirazoline,2765.0,8.391483,1.8202484,2765,cirazoline,True,3.0,1.0,2.0,True,3 rings
daminozide,72200802.0,10.507041,1.8776467,72200802,daminozide,True,0.0,0.0,0.0,False,0 rings
floxuridine,5790.0,10.768836,-0.87816024,5790,floxuridine,True,2.0,1.0,1.0,True,2 rings
mirodenafil,135497803.0,8.574756,2.2461839,135497803,mirodenafil,True,4.0,3.0,1.0,True,4+ rings
caracemide,54747.0,9.900879,1.7324553,54747,caracemide,True,0.0,0.0,0.0,False,0 rings
jnj-63533054,2548547.0,10.388006,3.017239,2548547,jnj-63533054,True,2.0,2.0,0.0,True,2 rings
ralinepag,,10.186739,2.6893713,,ralinepag,True,3.0,2.0,1.0,True,3 rings
l-168049,5311276.0,8.83677,2.0959363,5311276,l-168049,True,4.0,4.0,0.0,True,4+ rings
acalisib,11618268.0,8.376486,1.6334019,11618268,acalisib,True,5.0,5.0,0.0,True,4+ rings
methylergometrine,8226.0,11.183807,2.717912,8226,methylergometrine,True,4.0,2.0,2.0,True,4+ rings
methylprednisolone-aceponate,63019.0,8.186465,-0.98861897,63019,methylprednisolone-aceponate,True,4.0,0.0,4.0,True,4+ rings
slv-320,,9.659597,2.2314248,,slv-320,True,4.0,3.0,1.0,True,4+ rings
retaspimycin,25169033.0,9.72308,1.7014371,25169033,retaspimycin,True,2.0,1.0,1.0,True,2 rings
lasofoxifene,3081919.0,9.744186,2.8596926,3081919,lasofoxifene,True,5.0,3.0,2.0,True,4+ rings
xl228,59757974.0,8.796794,2.294904,59757974,xl228,True,5.0,3.0,2.0,True,4+ rings
fluocinonide,9642.0,8.056293,-1.1581924,9642,fluocinonide,True,5.0,0.0,5.0,True,4+ rings
cd-1530,9952709.0,10.025314,2.6849597,9952709,cd-1530,True,7.0,3.0,4.0,True,4+ rings
ci-966,198693.0,10.290228,3.3200216,198693,ci-966,True,3.0,2.0,1.0,True,3 rings
cyclothiazide,101691640.0,8.104384,2.3342893,101691640,cyclothiazide,True,4.0,1.0,3.0,True,4+ rings
decernotinib,59422203.0,9.480763,3.4886513,59422203,decernotinib,True,3.0,3.0,0.0,True,3 rings
cefotiam-cilexetil,,13.366794,1.5845454,,cefotiam-cilexetil,True,5.0,2.0,3.0,True,4+ rings
kh-cb19,91899919.0,10.563452,2.4907196,91899919,kh-cb19,True,2.0,2.0,0.0,True,2 rings
pf-06747775,91668194.0,9.642666,1.718801,91668194,pf-06747775,True,4.0,3.0,1.0,True,4+ rings
avanafil,9869929.0,9.453374,4.1927414,9869929,avanafil,True,4.0,3.0,1.0,True,4+ rings
dcp-la,53732028.0,10.991053,1.3210076,53732028,dcp-la,True,2.0,0.0,2.0,True,2 rings
centpropazine,7032530.0,10.428956,3.4918623,7032530,centpropazine,True,3.0,2.0,1.0,True,3 rings
scmc-lys,193653.0,11.183494,1.7742523,193653,scmc-lys,True,0.0,0.0,0.0,False,0 rings
skf-96365,6604827.0,7.9959865,2.4722095,6604827,skf-96365,True,3.0,3.0,0.0,True,3 rings
azd9272,9838729.0,8.97478,1.8579512,9838729,azd9272,True,3.0,3.0,0.0,True,3 rings
sr-2211,51035449.0,9.459271,2.0188634,51035449,sr-2211,True,4.0,3.0,1.0,True,4+ rings
idh-305,90415637.0,9.151126,1.6386139,90415637,idh-305,True,4.0,3.0,1.0,True,4+ rings
ar-42,6918848.0,10.134829,3.2451658,6918848,ar-42,True,2.0,2.0,0.0,True,2 rings
toremifene,3005573.0,10.372907,3.2259543,3005573,toremifene,True,3.0,3.0,0.0,True,3 rings
12-o-tetradecanoylphorbol-13-acetate,27924.0,10.923286,1.230038,27924,12-o-tetradecanoylphorbol-13-acetate,True,4.0,0.0,4.0,True,4+ rings
ethoxyquin,3293.0,9.2536125,2.0004008,3293,ethoxyquin,True,2.0,1.0,1.0,True,2 rings
citiolone,7057882.0,9.865702,1.6731092,7057882,citiolone,True,1.0,0.0,1.0,True,1 ring
exenatide,91935542.0,11.657706,2.27301,91935542,exenatide,True,9.0,5.0,4.0,True,4+ rings
althiazide,6604323.0,8.114469,2.338635,6604323,althiazide,True,2.0,1.0,1.0,True,2 rings
isoprenaline,5808.0,11.052856,3.0795603,5808,isoprenaline,True,1.0,1.0,0.0,True,1 ring
dmnb,88505.0,8.577108,2.1892457,88505,dmnb,True,1.0,1.0,0.0,True,1 ring
cdk1-5-inhibitor,438981.0,9.068136,2.141091,438981,cdk1-5-inhibitor,True,3.0,3.0,0.0,True,3 rings
guanethidine,3518.0,10.1045885,2.492715,3518,guanethidine,True,1.0,0.0,1.0,True,1 ring
bms-986020,49792850.0,10.442874,2.9309628,49792850,bms-986020,True,5.0,4.0,1.0,True,4+ rings
cp-724714,9874913.0,9.032286,4.103486,9874913,cp-724714,True,4.0,4.0,0.0,True,4+ rings
allopurinol-riboside,135407110.0,10.383365,-0.5510237,135407110,allopurinol-riboside,True,3.0,2.0,1.0,True,3 rings
pemirolast,57697.0,9.097266,1.9511765,57697,pemirolast,True,3.0,3.0,0.0,True,3 rings
captopril,44093.0,10.762088,2.0287328,44093,captopril,True,1.0,0.0,1.0,True,1 ring
thioproperazine,9429.0,8.708277,3.9987605,9429,thioproperazine,True,4.0,2.0,2.0,True,4+ rings
telratolimod,56833311.0,10.902826,1.3460717,56833311,telratolimod,True,3.0,3.0,0.0,True,3 rings
azd1208,58423153.0,8.756685,2.2454398,58423153,azd1208,True,4.0,2.0,2.0,True,4+ rings
warfarin,54688261.0,9.917344,2.7760346,54688261,warfarin,True,3.0,3.0,0.0,True,3 rings
acetyl-11-keto-beta-boswellic-acid,,9.351193,0.7540561,,acetyl-11-keto-beta-boswellic-acid,True,5.0,0.0,5.0,True,4+ rings
oxiperomide,68634.0,10.112435,3.854185,68634,oxiperomide,True,4.0,3.0,1.0,True,4+ rings
isavuconazole,92043107.0,9.40217,1.6173967,92043107,isavuconazole,True,4.0,4.0,0.0,True,4+ rings
3-alpha-hydroxy-5-beta-androstan-17-one,5880.0,8.881789,-0.037573047,5880,3-alpha-hydroxy-5-beta-androstan-17-one,True,4.0,0.0,4.0,True,4+ rings
a-967079,42641861.0,9.227254,1.8585095,42641861,a-967079,True,1.0,1.0,0.0,True,1 ring
proacipimox,3068148.0,9.146975,1.936217,3068148,proacipimox,True,1.0,1.0,0.0,True,1 ring
fluocinolone-acetonide,6215.0,8.061763,-1.1561548,6215,fluocinolone-acetonide,True,5.0,0.0,5.0,True,4+ rings
cu-cpt-4a,53242268.0,10.775294,2.522596,53242268,cu-cpt-4a,True,3.0,3.0,0.0,True,3 rings
guanidinoethyldisulfide-bicarbonate,3521.0,10.580193,1.8372914,3521,guanidinoethyldisulfide-bicarbonate,True,0.0,0.0,0.0,False,0 rings
ch-5183284,66555680.0,9.06896,2.7419147,66555680,ch-5183284,True,5.0,5.0,0.0,True,4+ rings
dehydrocholate-acid,6674.0,8.916788,-0.3660185,6674,dehydrocholate-acid,True,4.0,0.0,4.0,True,4+ rings
deflazacort,189821.0,8.192681,-0.97833127,189821,deflazacort,True,5.0,0.0,5.0,True,4+ rings
gsk1059615,23582824.0,8.767984,1.9917192,23582824,gsk1059615,True,4.0,3.0,1.0,True,4+ rings
propylparaben,7175.0,10.645016,2.9401846,7175,propylparaben,True,1.0,1.0,0.0,True,1 ring
gs-39783,6604928.0,9.1847515,1.6108637,6604928,gs-39783,True,3.0,1.0,2.0,True,3 rings
tc-e-5002,71735843.0,10.7633915,1.6422632,71735843,tc-e-5002,True,1.0,0.0,1.0,True,1 ring
methyldopate,17277.0,10.6700535,2.4345975,17277,methyldopate,True,1.0,1.0,0.0,True,1 ring
prednisolone-sodium-phosphate,72078.0,8.182178,-0.9836781,72078,prednisolone-sodium-phosphate,True,4.0,0.0,4.0,True,4+ rings
solcitinib,44603362.0,9.785473,2.8816285,44603362,solcitinib,True,5.0,3.0,2.0,True,4+ rings
ct7001,91844733.0,9.77564,2.742397,91844733,ct7001,True,4.0,3.0,1.0,True,4+ rings
gsk656,133080621.0,9.472553,1.659498,133080621,gsk656,True,2.0,1.0,1.0,True,2 rings
n-acetyl-d-glucosamine,1738118.0,10.077088,0.93076265,1738118,n-acetyl-d-glucosamine,True,0.0,0.0,0.0,False,0 rings
tranexamic-acid,,10.03277,1.6534319,,tranexamic-acid,True,1.0,0.0,1.0,True,1 ring
ty-52156,16046248.0,9.805327,3.340186,16046248,ty-52156,True,2.0,2.0,0.0,True,2 rings
azd8186,52913813.0,9.634429,1.9052302,52913813,azd8186,True,4.0,3.0,1.0,True,4+ rings
azeliragon,11180124.0,10.442786,3.244991,11180124,azeliragon,True,4.0,4.0,0.0,True,4+ rings
ml365,46785920.0,9.785054,3.5415087,46785920,ml365,True,3.0,3.0,0.0,True,3 rings
hydroxysafflor-yellow-a,,9.721726,0.30708843,,hydroxysafflor-yellow-a,True,4.0,1.0,3.0,True,4+ rings
5-fluoropyrimidine,69605.0,9.019868,2.0009623,69605,5-fluoropyrimidine,True,1.0,1.0,0.0,True,1 ring
birinapant,49836020.0,10.210613,1.7491039,49836020,birinapant,True,6.0,4.0,2.0,True,4+ rings
ro-106-9920,92510314.0,9.428767,2.4566064,92510314,ro-106-9920,True,3.0,3.0,0.0,True,3 rings
sacubitrilat,10430040.0,10.760418,2.4047275,10430040,sacubitrilat,True,2.0,2.0,0.0,True,2 rings
nk-252,71618700.0,9.524429,3.1172247,71618700,nk-252,True,3.0,3.0,0.0,True,3 rings
naringenin,439246.0,9.521435,0.78899956,439246,naringenin,True,3.0,2.0,1.0,True,3 rings
cyclophosphamide,9554282.0,9.136904,1.5396953,9554282,cyclophosphamide,True,1.0,0.0,1.0,True,1 ring
dr-4485,92211523.0,9.145023,1.864265,92211523,dr-4485,True,5.0,2.0,3.0,True,4+ rings
tyrphostin-ag-494,5328771.0,8.701024,2.9897711,5328771,tyrphostin-ag-494,True,2.0,2.0,0.0,True,2 rings
icrt-14,5967294.0,9.192631,3.4483604,5967294,icrt-14,True,4.0,3.0,1.0,True,4+ rings
bs-181,49867929.0,9.808162,2.4351046,49867929,bs-181,True,3.0,3.0,0.0,True,3 rings
tg-101209,16722832.0,8.531952,3.6377807,16722832,tg-101209,True,4.0,3.0,1.0,True,4+ rings
3-carboxy-4-hydroxyphenylglycine-(s),5311460.0,11.216455,2.4424427,5311460,3-carboxy-4-hydroxyphenylglycine-(s),True,1.0,1.0,0.0,True,1 ring
mangafodipir,76967443.0,10.017065,1.5593821,76967443,mangafodipir,True,3.0,2.0,1.0,True,3 rings
dimetindene,6604866.0,9.36206,3.3389263,6604866,dimetindene,True,3.0,2.0,1.0,True,3 rings
phenacemide,4753.0,10.375237,2.708844,4753,phenacemide,True,1.0,1.0,0.0,True,1 ring
radezolid,11224409.0,9.80867,1.3303769,11224409,radezolid,True,4.0,3.0,1.0,True,4+ rings
ezetimibe,150311.0,9.825834,2.3969715,150311,ezetimibe,True,4.0,3.0,1.0,True,4+ rings
trelagliptin,15983988.0,9.20029,1.6085671,15983988,trelagliptin,True,3.0,2.0,1.0,True,3 rings
etamsylate,17507.0,9.204092,2.355033,17507,etamsylate,True,1.0,1.0,0.0,True,1 ring
phenolsulfonphthalein,4766.0,9.294403,2.356224,4766,phenolsulfonphthalein,True,4.0,3.0,1.0,True,4+ rings
tcs-2314,11226207.0,10.28424,3.2836416,11226207,tcs-2314,True,4.0,2.0,2.0,True,4+ rings
dobutamine,65324.0,10.6037445,2.6234317,65324,dobutamine,True,2.0,2.0,0.0,True,2 rings
aloin,12305761.0,9.752587,0.3025486,12305761,aloin,True,4.0,2.0,2.0,True,4+ rings
efavirenz,64139.0,9.245724,1.7906811,64139,efavirenz,True,3.0,1.0,2.0,True,3 rings
rifamycin-sv,5282048.0,8.572101,0.6188112,5282048,rifamycin-sv,True,5.0,2.0,3.0,True,4+ rings
apraclonidine,2216.0,8.470666,1.7066109,2216,apraclonidine,True,2.0,1.0,1.0,True,2 rings
chlorpromazine,2726.0,8.771666,3.9032657,2726,chlorpromazine,True,3.0,2.0,1.0,True,3 rings
tivozanib,9911830.0,9.149963,4.080243,9911830,tivozanib,True,4.0,4.0,0.0,True,4+ rings
lorglumide,13605417.0,10.907424,1.5282114,13605417,lorglumide,True,1.0,1.0,0.0,True,1 ring
chloroxine,2722.0,8.882509,2.7493734,2722,chloroxine,True,2.0,2.0,0.0,True,2 rings
am-281,4302962.0,8.389638,3.0309625,4302962,am-281,True,4.0,3.0,1.0,True,4+ rings
moxisylyte,4260.0,10.146712,2.2255175,4260,moxisylyte,True,1.0,1.0,0.0,True,1 ring
tc-a-2317,24783396.0,9.593091,1.5061147,24783396,tc-a-2317,True,2.0,2.0,0.0,True,2 rings
dimercaprol,6971262.0,9.920243,1.3107716,6971262,dimercaprol,True,0.0,0.0,0.0,False,0 rings
isoniazid,3767.0,9.669605,2.9479513,3767,isoniazid,True,1.0,1.0,0.0,True,1 ring
cediranib,9933475.0,9.059477,4.0205383,9933475,cediranib,True,5.0,4.0,1.0,True,4+ rings
binimetinib,10288191.0,9.945837,1.2725749,10288191,binimetinib,True,3.0,3.0,0.0,True,3 rings
ck-101,117909640.0,8.624251,3.7911034,117909640,ck-101,True,5.0,4.0,1.0,True,4+ rings
vincamine,15376.0,9.637905,2.7299888,15376,vincamine,True,5.0,2.0,3.0,True,4+ rings
v-51,1376860.0,8.958021,3.2370138,1376860,v-51,True,3.0,2.0,1.0,True,3 rings
tenovin-1,1013376.0,9.853276,3.572746,1013376,tenovin-1,True,2.0,2.0,0.0,True,2 rings
sodium-gualenate,2275.0,9.430265,2.076138,2275,sodium-gualenate,True,2.0,0.0,2.0,True,2 rings
carboxypyridine-disulfide,85040.0,10.148845,2.5714393,85040,carboxypyridine-disulfide,True,2.0,2.0,0.0,True,2 rings
a-804598,53325874.0,10.39509,2.9818668,53325874,a-804598,True,3.0,3.0,0.0,True,3 rings
adiporon,16307093.0,10.230985,2.9161465,16307093,adiporon,True,4.0,3.0,1.0,True,4+ rings
ica-069673,10149311.0,9.728218,3.5094392,10149311,ica-069673,True,2.0,2.0,0.0,True,2 rings
albendazole-oxide,13805917.0,7.906274,2.8582063,13805917,albendazole-oxide,True,2.0,2.0,0.0,True,2 rings
fk-33-824,,11.082102,2.3625507,,fk-33-824,True,2.0,2.0,0.0,True,2 rings
gsk2838232,71580991.0,10.188937,2.2614875,71580991,gsk2838232,True,6.0,1.0,5.0,True,4+ rings
y-27152,6918184.0,8.413104,0.91945255,6918184,y-27152,True,3.0,2.0,1.0,True,3 rings
tiratricol,5803.0,10.693603,2.1745782,5803,tiratricol,True,2.0,2.0,0.0,True,2 rings
domiphen,3149.0,10.6405,1.527011,3149,domiphen,True,1.0,1.0,0.0,True,1 ring
dpo-1,21678144.0,9.477174,1.7794917,21678144,dpo-1,True,3.0,2.0,1.0,True,3 rings
hexylcaine,6604266.0,10.361024,2.9291427,6604266,hexylcaine,True,2.0,1.0,1.0,True,2 rings
niguldipine-(r)-(-),6918097.0,12.224893,4.180521,6918097,niguldipine-(r)-(-),True,5.0,3.0,2.0,True,4+ rings
beta-lapachone,3885.0,9.211023,2.0967321,3885,beta-lapachone,True,3.0,1.0,2.0,True,3 rings
osi-027,,9.258455,2.709732,,osi-027,True,5.0,4.0,1.0,True,4+ rings
ethyl-vanillin,8467.0,8.99225,3.134219,8467,ethyl-vanillin,True,1.0,1.0,0.0,True,1 ring
doravirine,58460047.0,8.961195,1.8124006,58460047,doravirine,True,3.0,3.0,0.0,True,3 rings
avn-492,56655571.0,8.684176,2.5412874,56655571,avn-492,True,3.0,3.0,0.0,True,3 rings
minocycline,129396801.0,10.414118,0.9276213,129396801,minocycline,True,4.0,1.0,3.0,True,4+ rings
vonoprazan,15981397.0,9.176383,3.7633631,15981397,vonoprazan,True,3.0,3.0,0.0,True,3 rings
tyrphostin-ag-835,5328769.0,8.713777,3.0089912,5328769,tyrphostin-ag-835,True,2.0,2.0,0.0,True,2 rings
avapritinib,118023034.0,9.040977,1.9768696,118023034,avapritinib,True,6.0,5.0,1.0,True,4+ rings
ru-58841,132981.0,9.961208,1.600056,132981,ru-58841,True,2.0,1.0,1.0,True,2 rings
nor-binaltorphimine,5480230.0,6.27029,5.2415013,5480230,nor-binaltorphimine,True,13.0,3.0,10.0,True,4+ rings
dioxybenzone,8569.0,9.2759,3.257954,8569,dioxybenzone,True,2.0,2.0,0.0,True,2 rings
digoxin,12940973.0,9.057045,0.13617933,12940973,digoxin,True,8.0,0.0,8.0,True,4+ rings
oxolinic-acid,4628.0,12.075292,0.763484,4628,oxolinic-acid,True,3.0,2.0,1.0,True,3 rings
mr-16728,92211530.0,10.323051,3.1054995,92211530,mr-16728,True,3.0,1.0,2.0,True,3 rings
tarafenacin,25147683.0,9.595446,2.0270224,25147683,tarafenacin,True,5.0,2.0,3.0,True,4+ rings
acrisorcin,24144.0,9.7049675,2.2379043,24144,acrisorcin,True,4.0,4.0,0.0,True,4+ rings
ly2452473,24963749.0,9.48163,3.0834396,24963749,ly2452473,True,4.0,3.0,1.0,True,4+ rings
sdz-ser-082,9859407.0,9.226089,2.4729517,9859407,sdz-ser-082,True,4.0,1.0,3.0,True,4+ rings
psb-603,44185871.0,8.663437,1.9429346,44185871,psb-603,True,5.0,4.0,1.0,True,4+ rings
cholic-acid,221493.0,8.93457,-0.37500662,221493,cholic-acid,True,4.0,0.0,4.0,True,4+ rings
pnu-177864,9887351.0,8.885878,2.7500296,9887351,pnu-177864,True,2.0,2.0,0.0,True,2 rings
sb-239063,,9.090898,1.7649304,,sb-239063,True,4.0,3.0,1.0,True,4+ rings
terconazole,441383.0,9.441819,2.2975628,441383,terconazole,True,5.0,3.0,2.0,True,4+ rings
kasugamycin,,9.961762,1.6395801,,kasugamycin,True,2.0,0.0,2.0,True,2 rings
ml193,1261822.0,8.34214,2.8165236,1261822,ml193,True,5.0,5.0,0.0,True,4+ rings
prn1008,73388818.0,9.04941,2.3508391,73388818,prn1008,True,7.0,4.0,3.0,True,4+ rings
zosuquidar,,10.626087,3.7691243,,zosuquidar,True,7.0,4.0,3.0,True,4+ rings
avn-944,9918559.0,9.657596,3.499332,9918559,avn-944,True,3.0,3.0,0.0,True,3 rings
octadecan-1-ol,8221.0,10.634618,1.2170709,8221,octadecan-1-ol,True,0.0,0.0,0.0,False,0 rings
camylofine-chlorhydrate,51590030.0,10.598471,3.21849,51590030,camylofine-chlorhydrate,True,1.0,1.0,0.0,True,1 ring
ro-04-5595,92169474.0,8.640746,3.3747532,92169474,ro-04-5595,True,3.0,2.0,1.0,True,3 rings
a-61603,10804826.0,8.541772,1.8586483,10804826,a-61603,True,3.0,1.0,2.0,True,3 rings
poziotinib,25127713.0,9.00273,4.2244678,25127713,poziotinib,True,4.0,3.0,1.0,True,4+ rings
exemestane,60198.0,8.827785,-0.06469728,60198,exemestane,True,4.0,0.0,4.0,True,4+ rings
levothyroxine,5819.0,10.970333,2.177896,5819,levothyroxine,True,2.0,2.0,0.0,True,2 rings
on123300,56649281.0,8.4736185,3.6246345,56649281,on123300,True,5.0,3.0,2.0,True,4+ rings
az960,25099184.0,9.17094,1.914143,25099184,az960,True,3.0,3.0,0.0,True,3 rings
atractylenolide-i,5321018.0,9.061387,1.4736307,5321018,atractylenolide-i,True,3.0,0.0,3.0,True,3 rings
nvp-adw742,,9.581869,2.6332862,,nvp-adw742,True,6.0,4.0,2.0,True,4+ rings
lanoconazole,40729546.0,9.281911,1.9816996,40729546,lanoconazole,True,3.0,2.0,1.0,True,3 rings
isopropamide-iodide,3775.0,10.369782,2.2293172,3775,isopropamide-iodide,True,2.0,2.0,0.0,True,2 rings
disulfiram,3117.0,9.554907,1.5872898,3117,disulfiram,True,0.0,0.0,0.0,False,0 rings
mk-4074,24964679.0,9.256997,3.1942317,24964679,mk-4074,True,7.0,4.0,3.0,True,4+ rings
ceftibuten,5282242.0,13.397962,1.5192907,5282242,ceftibuten,True,3.0,1.0,2.0,True,3 rings
icosapent,446284.0,11.181775,1.1657143,446284,icosapent,True,0.0,0.0,0.0,False,0 rings
sgi-1776,24795070.0,9.350023,2.2698848,24795070,sgi-1776,True,4.0,3.0,1.0,True,4+ rings
isepamicin,3037209.0,9.56447,0.17729397,3037209,isepamicin,True,3.0,0.0,3.0,True,3 rings
cudc-427,71600094.0,10.803399,2.305156,71600094,cudc-427,True,5.0,3.0,2.0,True,4+ rings
adaptavir,184644.0,11.119043,2.2520134,184644,adaptavir,True,1.0,1.0,0.0,True,1 ring
mabuterol,11551355.0,11.180195,3.3399475,11551355,mabuterol,True,1.0,1.0,0.0,True,1 ring
pd-184352,6918454.0,9.883833,1.2795111,6918454,pd-184352,True,3.0,2.0,1.0,True,3 rings
dienestrol,667476.0,9.332114,2.3755589,667476,dienestrol,True,2.0,2.0,0.0,True,2 rings
tanshinone-iia,164676.0,9.011894,1.9548563,164676,tanshinone-iia,True,4.0,2.0,2.0,True,4+ rings
succinylcholine-chloride,5314.0,10.380788,1.5316381,5314,succinylcholine-chloride,True,0.0,0.0,0.0,False,0 rings
efaproxiral,122335.0,10.272724,2.6427307,122335,efaproxiral,True,2.0,2.0,0.0,True,2 rings
eipa,1795.0,10.2546425,1.7934536,1795,eipa,True,1.0,1.0,0.0,True,1 ring
ipa-3,521106.0,9.42818,2.6261795,521106,ipa-3,True,4.0,4.0,0.0,True,4+ rings
sdz-205-557,5191.0,10.584247,3.6905031,5191,sdz-205-557,True,1.0,1.0,0.0,True,1 ring
valnoctamide,36689722.0,10.331503,1.7492206,36689722,valnoctamide,True,0.0,0.0,0.0,False,0 rings
triamcinolone,31307.0,8.033772,-1.190332,31307,triamcinolone,True,4.0,0.0,4.0,True,4+ rings
ruxolitinib,25126798.0,9.075029,1.7232558,25126798,ruxolitinib,True,4.0,3.0,1.0,True,4+ rings
pregnenolone-succinate,,8.83864,-0.16334668,,pregnenolone-succinate,True,4.0,0.0,4.0,True,4+ rings
vasopressin,133698096.0,11.864543,2.254762,133698096,vasopressin,True,4.0,2.0,2.0,True,4+ rings
nab-2,82017756.0,10.025684,2.9036703,82017756,nab-2,True,4.0,4.0,0.0,True,4+ rings
zcl-278,1791111.0,8.301725,2.8478837,1791111,zcl-278,True,3.0,3.0,0.0,True,3 rings
didanosine,135398739.0,10.396834,-0.46659452,135398739,didanosine,True,3.0,2.0,1.0,True,3 rings
amrinone,3698.0,8.927294,1.8979286,3698,amrinone,True,2.0,2.0,0.0,True,2 rings
acolbifene,155435.0,9.4568405,2.8538816,155435,acolbifene,True,5.0,3.0,2.0,True,4+ rings
bag-956,24882589.0,9.235602,3.428777,24882589,bag-956,True,5.0,5.0,0.0,True,4+ rings
cisatracurium,62887.0,8.620474,3.3826983,62887,cisatracurium,True,6.0,4.0,2.0,True,4+ rings
procarbazine,4915.0,10.2681675,2.7644627,4915,procarbazine,True,1.0,1.0,0.0,True,1 ring
amitraz,,9.179878,2.0283403,,amitraz,True,2.0,2.0,0.0,True,2 rings
cis-acpd,231345.0,9.839324,1.5145017,231345,cis-acpd,True,1.0,0.0,1.0,True,1 ring
clofoctol,2799.0,9.382197,2.2393694,2799,clofoctol,True,2.0,2.0,0.0,True,2 rings
bay-1251152,,9.096635,2.5557346,,bay-1251152,True,3.0,3.0,0.0,True,3 rings
amg-perk-44,86583045.0,8.358754,3.1931534,86583045,amg-perk-44,True,6.0,6.0,0.0,True,4+ rings
tp-3654,,9.455775,2.6509538,,tp-3654,True,4.0,3.0,1.0,True,4+ rings
phenylethyl-alcohol,6054.0,10.020191,2.7475796,6054,phenylethyl-alcohol,True,1.0,1.0,0.0,True,1 ring
decoquinate,29112.0,10.6790085,2.1363447,29112,decoquinate,True,2.0,2.0,0.0,True,2 rings
oleandrin,11541511.0,9.070913,0.19017932,11541511,oleandrin,True,6.0,0.0,6.0,True,4+ rings
indisulam,216468.0,8.369707,2.5404682,216468,indisulam,True,3.0,3.0,0.0,True,3 rings
l-name,39836.0,11.0778675,1.8672888,39836,l-name,True,0.0,0.0,0.0,False,0 rings
adenine,190.0,8.578148,1.6695682,190,adenine,True,2.0,2.0,0.0,True,2 rings
ampalex,148184.0,9.375856,2.7220254,148184,ampalex,True,3.0,2.0,1.0,True,3 rings
sulfadiazine,5215.0,8.324283,2.7239091,5215,sulfadiazine,True,2.0,2.0,0.0,True,2 rings
otenzepad,76966449.0,9.318571,2.7837207,76966449,otenzepad,True,4.0,2.0,2.0,True,4+ rings
licofelone,133021.0,10.27826,2.362875,133021,licofelone,True,4.0,3.0,1.0,True,4+ rings
cd-437,135411.0,9.803619,2.6259568,135411,cd-437,True,7.0,3.0,4.0,True,4+ rings
jlk-6,3803.0,9.061673,2.1373441,3803,jlk-6,True,2.0,2.0,0.0,True,2 rings
quinelorane,57242.0,8.977292,1.7226847,57242,quinelorane,True,3.0,1.0,2.0,True,3 rings
motolimod,16049404.0,9.952007,2.622892,16049404,motolimod,True,4.0,2.0,2.0,True,4+ rings
tonabersat,6918324.0,9.776621,2.6114035,6918324,tonabersat,True,3.0,2.0,1.0,True,3 rings
rita,374536.0,9.624649,1.5964634,374536,rita,True,3.0,3.0,0.0,True,3 rings
sonidegib,24775005.0,9.88853,3.4993901,24775005,sonidegib,True,4.0,3.0,1.0,True,4+ rings
ebastine,3191.0,10.344655,3.499483,3191,ebastine,True,4.0,3.0,1.0,True,4+ rings
delgocitinib,50914062.0,9.750291,1.8933265,50914062,delgocitinib,True,4.0,2.0,2.0,True,4+ rings
deslorelin,25077495.0,11.688807,2.341778,25077495,deslorelin,True,8.0,6.0,2.0,True,4+ rings
"l-655,708",5311203.0,10.460153,2.33944,5311203,"l-655,708",True,4.0,2.0,2.0,True,4+ rings
way-170523,9830392.0,10.161017,2.9029036,9830392,way-170523,True,5.0,5.0,0.0,True,4+ rings
nicorandil,47528.0,9.479255,3.7003348,47528,nicorandil,True,1.0,1.0,0.0,True,1 ring
meluadrine,92261245.0,11.159291,3.3465502,92261245,meluadrine,True,1.0,1.0,0.0,True,1 ring
elvitegravir,5277135.0,10.227654,3.190896,5277135,elvitegravir,True,3.0,3.0,0.0,True,3 rings
brimonidine,2435.0,8.43628,1.6734593,2435,brimonidine,True,3.0,2.0,1.0,True,3 rings
ranolazine,13560750.0,10.686716,3.784279,13560750,ranolazine,True,3.0,2.0,1.0,True,3 rings
n6-methyladenosine,102175.0,10.400566,-0.64172375,102175,n6-methyladenosine,True,3.0,2.0,1.0,True,3 rings
azd3759,78209992.0,9.003392,4.2270317,78209992,azd3759,True,4.0,3.0,1.0,True,4+ rings
secoisolariciresinol-diglucoside,9917980.0,9.703726,0.25163975,9917980,secoisolariciresinol-diglucoside,True,4.0,2.0,2.0,True,4+ rings
drf053-(r),25168304.0,9.347004,3.256959,25168304,drf053-(r),True,4.0,4.0,0.0,True,4+ rings
hydrochlorothiazide,3639.0,8.136938,2.299692,3639,hydrochlorothiazide,True,2.0,1.0,1.0,True,2 rings
brexpiprazole,11978813.0,9.70143,3.8823404,11978813,brexpiprazole,True,5.0,4.0,1.0,True,4+ rings
ascomycin,134129697.0,9.130323,1.2447125,134129697,ascomycin,True,4.0,0.0,4.0,True,4+ rings
hydroxyprogesterone-acetate,10156152.0,8.424808,-0.53956,10156152,hydroxyprogesterone-acetate,True,4.0,0.0,4.0,True,4+ rings
leuprolide,657181.0,11.713529,2.32353,657181,leuprolide,True,6.0,4.0,2.0,True,4+ rings
mrs-1334,6604859.0,10.862699,3.040835,6604859,mrs-1334,True,4.0,3.0,1.0,True,4+ rings
triflusal,9458.0,10.006552,3.1063235,9458,triflusal,True,1.0,1.0,0.0,True,1 ring
rs-102221,3693566.0,9.143871,3.5195217,3693566,rs-102221,True,4.0,2.0,2.0,True,4+ rings
cyclopenthiazide,6604279.0,8.076613,2.3503637,6604279,cyclopenthiazide,True,3.0,1.0,2.0,True,3 rings
minaprine,4199.0,9.51674,3.0418434,4199,minaprine,True,3.0,2.0,1.0,True,3 rings
mannitol-d,6251.0,10.0851965,1.0884724,6251,mannitol-d,True,0.0,0.0,0.0,False,0 rings
way-207024,11496610.0,8.68902,2.620142,11496610,way-207024,True,6.0,5.0,1.0,True,4+ rings
chir-124,135399748.0,8.735991,2.6366634,135399748,chir-124,True,7.0,4.0,3.0,True,4+ rings
deltarasin,73292904.0,9.026952,2.57303,73292904,deltarasin,True,8.0,7.0,1.0,True,4+ rings
toloxatone,13753599.0,9.742799,1.6636395,13753599,toloxatone,True,2.0,1.0,1.0,True,2 rings
pivampicillin,33478.0,13.263549,1.9055436,33478,pivampicillin,True,3.0,1.0,2.0,True,3 rings
levallorphan,5359371.0,9.185805,2.4099367,5359371,levallorphan,True,4.0,1.0,3.0,True,4+ rings
alinidine,36354.0,8.489132,1.725154,36354,alinidine,True,2.0,1.0,1.0,True,2 rings
mubritinib,6444692.0,9.512,2.7048476,6444692,mubritinib,True,4.0,4.0,0.0,True,4+ rings
zaldaride,92460626.0,10.141291,3.8859155,92460626,zaldaride,True,6.0,4.0,2.0,True,4+ rings
farampator,4118151.0,9.449946,2.5900083,4118151,farampator,True,3.0,2.0,1.0,True,3 rings
heclin,7464118.0,9.951751,3.4667704,7464118,heclin,True,2.0,2.0,0.0,True,2 rings
cyclopamine,442972.0,8.912122,-0.05568021,442972,cyclopamine,True,6.0,0.0,6.0,True,4+ rings
maribavir,471161.0,10.314629,-0.3944931,471161,maribavir,True,3.0,2.0,1.0,True,3 rings
krn-633,9549295.0,9.068606,4.125623,9549295,krn-633,True,3.0,3.0,0.0,True,3 rings
ym-155,10126189.0,9.2554,3.1927397,10126189,ym-155,True,4.0,3.0,1.0,True,4+ rings
cct245737,72165232.0,9.077037,1.7957205,72165232,cct245737,True,3.0,2.0,1.0,True,3 rings
piroxicam,54676228.0,9.477861,3.2387474,54676228,piroxicam,True,3.0,2.0,1.0,True,3 rings
avatrombopag,9852519.0,10.014396,1.438492,9852519,avatrombopag,True,6.0,3.0,3.0,True,4+ rings
ramipril,6992028.0,11.186704,2.3759623,6992028,ramipril,True,3.0,1.0,2.0,True,3 rings
gsk3179106,78427026.0,9.95397,3.2231574,78427026,gsk3179106,True,3.0,3.0,0.0,True,3 rings
pelitinib,6445562.0,9.240984,3.9751265,6445562,pelitinib,True,3.0,3.0,0.0,True,3 rings
3-matida,92327883.0,11.122844,2.2026734,92327883,3-matida,True,1.0,1.0,0.0,True,1 ring
aceneuramic-acid,445063.0,10.063124,1.0832402,445063,aceneuramic-acid,True,1.0,0.0,1.0,True,1 ring
anguidine,91518.0,9.734156,1.4317921,91518,anguidine,True,4.0,0.0,4.0,True,4+ rings
pgl5001,76969933.0,9.377331,2.7952373,76969933,pgl5001,True,5.0,4.0,1.0,True,4+ rings
etomoxir,9840324.0,10.353448,2.8239944,9840324,etomoxir,True,2.0,1.0,1.0,True,2 rings
am-404,6604822.0,11.202613,1.1156658,6604822,am-404,True,1.0,1.0,0.0,True,1 ring
flumexadol,76971765.0,9.129021,1.8542814,76971765,flumexadol,True,2.0,1.0,1.0,True,2 rings
delcasertib,56843747.0,11.5178995,2.2246041,56843747,delcasertib,True,3.0,3.0,0.0,True,3 rings
pf-3274167,11683187.0,8.998623,2.1093335,11683187,pf-3274167,True,4.0,3.0,1.0,True,4+ rings
odanacatib,10152654.0,8.755144,2.3163338,10152654,odanacatib,True,3.0,2.0,1.0,True,3 rings
amsacrine,2179.0,9.027005,3.0298364,2179,amsacrine,True,4.0,4.0,0.0,True,4+ rings
temozolomide,5394.0,9.7628145,1.6989803,5394,temozolomide,True,2.0,2.0,0.0,True,2 rings
tepp-46,60156291.0,9.178101,2.3715322,60156291,tepp-46,True,4.0,4.0,0.0,True,4+ rings
glasdegib,25166913.0,8.590705,2.842798,25166913,glasdegib,True,4.0,3.0,1.0,True,4+ rings
mk-8033,45142457.0,9.350304,3.0004401,45142457,mk-8033,True,5.0,5.0,0.0,True,4+ rings
dim-c-pphco2me,15637614.0,11.398449,2.8600485,15637614,dim-c-pphco2me,True,5.0,5.0,0.0,True,4+ rings
moroxydine,71655.0,9.39872,1.9182807,71655,moroxydine,True,1.0,0.0,1.0,True,1 ring
talazoparib,135565082.0,8.79289,1.6330719,135565082,talazoparib,True,5.0,4.0,1.0,True,4+ rings
cromakalim,76968376.0,8.375297,0.8905229,76968376,cromakalim,True,6.0,2.0,4.0,True,4+ rings
closantel,72715766.0,9.44536,2.1663413,72715766,closantel,True,3.0,3.0,0.0,True,3 rings
xmd17-109,71604307.0,8.562177,3.7153172,71604307,xmd17-109,True,7.0,3.0,4.0,True,4+ rings
h-151,7616033.0,11.341835,2.9250126,7616033,h-151,True,3.0,3.0,0.0,True,3 rings
bw-723c86,40418385.0,11.443669,2.8115103,40418385,bw-723c86,True,3.0,3.0,0.0,True,3 rings
"1,4-butanediol",8064.0,9.717425,1.4072281,8064,"1,4-butanediol",True,0.0,0.0,0.0,False,0 rings
carfilzomib,11556711.0,10.919432,2.4248652,11556711,carfilzomib,True,4.0,2.0,2.0,True,4+ rings
nifenalol,202035.0,10.934385,3.0567741,202035,nifenalol,True,1.0,1.0,0.0,True,1 ring
2-hydroxysaclofen,7005135.0,9.694892,1.684131,7005135,2-hydroxysaclofen,True,1.0,1.0,0.0,True,1 ring
metamizole,3111.0,8.332575,3.205959,3111,metamizole,True,2.0,2.0,0.0,True,2 rings
ml130,1088438.0,8.605659,2.4627113,1088438,ml130,True,3.0,3.0,0.0,True,3 rings
inosine,135398641.0,10.406561,-0.57028246,135398641,inosine,True,3.0,2.0,1.0,True,3 rings
icaritin,5318980.0,9.412509,0.82060075,5318980,icaritin,True,3.0,3.0,0.0,True,3 rings
felbinac,3332.0,10.345354,2.6363134,3332,felbinac,True,2.0,2.0,0.0,True,2 rings
fumonisin-b1,2733487.0,10.877831,1.4599952,2733487,fumonisin-b1,True,0.0,0.0,0.0,False,0 rings
fentiazac,28871.0,10.279131,2.3787858,28871,fentiazac,True,3.0,3.0,0.0,True,3 rings
ly2228820,11539025.0,8.802866,2.2100787,11539025,ly2228820,True,4.0,4.0,0.0,True,4+ rings
piretanide,4849.0,9.907879,2.6255488,4849,piretanide,True,3.0,2.0,1.0,True,3 rings
pnu-74654,9836739.0,10.088459,3.1949506,9836739,pnu-74654,True,3.0,3.0,0.0,True,3 rings
pyrantel,8546.0,9.797621,2.8089535,8546,pyrantel,True,4.0,4.0,0.0,True,4+ rings
cpa-inhibitor,124386386.0,10.503938,2.6621647,124386386,cpa-inhibitor,True,2.0,2.0,0.0,True,2 rings
bw-373u86,119029.0,9.664685,2.891402,119029,bw-373u86,True,3.0,2.0,1.0,True,3 rings
eptifibatide,134812820.0,11.5707,2.6976151,134812820,eptifibatide,True,4.0,2.0,2.0,True,4+ rings
lxr-623,16734800.0,9.069553,2.1484349,16734800,lxr-623,True,4.0,4.0,0.0,True,4+ rings
gabazine,107896.0,10.68642,1.7473722,107896,gabazine,True,2.0,2.0,0.0,True,2 rings
cct196969,42628843.0,9.584866,3.452672,42628843,cct196969,True,5.0,5.0,0.0,True,4+ rings
hepsulfam,100606.0,9.443792,1.5287337,100606,hepsulfam,True,0.0,0.0,0.0,False,0 rings
sultiame,5356.0,8.566217,2.4685879,5356,sultiame,True,2.0,1.0,1.0,True,2 rings
ro-3306,135400873.0,9.107729,2.5606248,135400873,ro-3306,True,4.0,3.0,1.0,True,4+ rings
perindopril,40466996.0,11.122335,2.2688897,40466996,perindopril,True,2.0,0.0,2.0,True,2 rings
dup-697,3177.0,8.743098,2.3647027,3177,dup-697,True,3.0,3.0,0.0,True,3 rings
"1-((z)-3-chloroallyl)-1,3,5,7-tetraazaadamantan-1-ium",5846454.0,9.308776,1.5021499,5846454,"1-((z)-3-chloroallyl)-1,3,5,7-tetraazaadamantan-1-ium",True,4.0,0.0,4.0,True,4+ rings
lazertinib,121269225.0,9.069838,3.4519262,121269225,lazertinib,True,5.0,4.0,1.0,True,4+ rings
teniposide,452548.0,9.187531,1.3268546,452548,teniposide,True,8.0,3.0,5.0,True,4+ rings
nicergoline,34040.0,10.141218,3.2451472,34040,nicergoline,True,5.0,3.0,2.0,True,4+ rings
rg7800,89741565.0,8.820487,1.8099109,89741565,rg7800,True,5.0,4.0,1.0,True,4+ rings
tiplaxtinin,6450819.0,10.247615,2.616894,6450819,tiplaxtinin,True,4.0,4.0,0.0,True,4+ rings
alexidine,40488318.0,10.587888,1.3246721,40488318,alexidine,True,0.0,0.0,0.0,False,0 rings
valaciclovir,135398742.0,10.446271,-0.092658356,135398742,valaciclovir,True,2.0,2.0,0.0,True,2 rings
5-octanoylsalicylic-acid,9838158.0,10.988558,1.3729348,9838158,5-octanoylsalicylic-acid,True,1.0,1.0,0.0,True,1 ring
carebastine,65820.0,10.34014,3.4511998,65820,carebastine,True,4.0,3.0,1.0,True,4+ rings
ryuvidine,481747.0,8.80927,2.1943202,481747,ryuvidine,True,3.0,2.0,1.0,True,3 rings
sbi-115,18879973.0,9.557578,2.5531154,18879973,sbi-115,True,2.0,2.0,0.0,True,2 rings
epinastine,15629776.0,9.251484,2.1249864,15629776,epinastine,True,4.0,2.0,2.0,True,4+ rings
colforsin-daproate,444029.0,9.26273,1.100096,444029,colforsin-daproate,True,3.0,0.0,3.0,True,3 rings
gdc-0879,11717001.0,9.2109995,2.0271285,11717001,gdc-0879,True,4.0,3.0,1.0,True,4+ rings
guanadrel,45356255.0,9.805422,1.6925393,45356255,guanadrel,True,2.0,0.0,2.0,True,2 rings
n-methylformamide,31254.0,9.414699,1.6131715,31254,n-methylformamide,True,0.0,0.0,0.0,False,0 rings
estramustine-phosphate,259329.0,8.323643,-0.13915478,259329,estramustine-phosphate,True,4.0,1.0,3.0,True,4+ rings
apoptosis-activator-ii,1901244.0,9.371142,2.5669277,1901244,apoptosis-activator-ii,True,3.0,2.0,1.0,True,3 rings
sodium-dodecyl-sulfate,,10.701898,1.2299474,,sodium-dodecyl-sulfate,True,0.0,0.0,0.0,False,0 rings
tc-g-1005,71450251.0,9.488053,3.3064218,71450251,tc-g-1005,True,5.0,3.0,2.0,True,4+ rings
ametantrone,2134.0,9.562091,2.1986368,2134,ametantrone,True,3.0,2.0,1.0,True,3 rings
pacritinib,46216796.0,9.757472,3.090342,46216796,pacritinib,True,5.0,3.0,2.0,True,4+ rings
ruboxistaurin,153999.0,9.464757,2.634034,153999,ruboxistaurin,True,6.0,4.0,2.0,True,4+ rings
abacavir,441300.0,10.419374,-0.540147,441300,abacavir,True,4.0,2.0,2.0,True,4+ rings
emoxipin,114681.0,9.260454,1.9958425,114681,emoxipin,True,1.0,1.0,0.0,True,1 ring
tyrphostin-ag-18,2052.0,8.823548,2.9074328,2052,tyrphostin-ag-18,True,1.0,1.0,0.0,True,1 ring
meticrane,4165.0,8.611173,2.195802,4165,meticrane,True,2.0,1.0,1.0,True,2 rings
terazosin,1398859.0,8.758105,4.299243,1398859,terazosin,True,4.0,2.0,2.0,True,4+ rings
thiamylal,3033021.0,9.403183,1.4273249,3033021,thiamylal,True,1.0,0.0,1.0,True,1 ring
5-bdbd,9841560.0,9.415839,2.5222812,9841560,5-bdbd,True,4.0,3.0,1.0,True,4+ rings
thiopental,3033017.0,9.343642,1.4391847,3033017,thiopental,True,1.0,0.0,1.0,True,1 ring
calcitriol,5280453.0,2.556328,2.474687,5280453,calcitriol,True,3.0,0.0,3.0,True,3 rings
thiostrepton,16154490.0,9.943629,1.3740952,16154490,thiostrepton,True,10.0,5.0,5.0,True,4+ rings
metharbital,4099.0,9.010861,1.4737847,4099,metharbital,True,1.0,0.0,1.0,True,1 ring
"3,4-dcpg-(r)",6604849.0,11.262378,2.3839657,6604849,"3,4-dcpg-(r)",True,1.0,1.0,0.0,True,1 ring
abt-737,11228183.0,9.624555,3.1115701,11228183,abt-737,True,6.0,5.0,1.0,True,4+ rings
octisalate,1550885.0,10.421191,3.2230237,1550885,octisalate,True,1.0,1.0,0.0,True,1 ring
serotonin,5202.0,11.476785,2.8455758,5202,serotonin,True,2.0,2.0,0.0,True,2 rings
diclofensine,23872188.0,9.030507,2.7737494,23872188,diclofensine,True,3.0,2.0,1.0,True,3 rings
mizolastine,65906.0,8.863357,2.47158,65906,mizolastine,True,5.0,4.0,1.0,True,4+ rings
desvenlafaxine,12018336.0,9.517003,2.4960444,12018336,desvenlafaxine,True,2.0,1.0,1.0,True,2 rings
fenofibric-acid,64929.0,10.108591,2.457212,64929,fenofibric-acid,True,2.0,2.0,0.0,True,2 rings
licostinel,5486198.0,8.825489,1.7168019,5486198,licostinel,True,2.0,2.0,0.0,True,2 rings
mk-8245,24988881.0,10.313611,1.8820264,24988881,mk-8245,True,4.0,3.0,1.0,True,4+ rings
cyc116,6420138.0,8.694894,2.2546053,6420138,cyc116,True,4.0,3.0,1.0,True,4+ rings
hygromycin-b,91617579.0,9.681917,0.16532236,91617579,hygromycin-b,True,4.0,0.0,4.0,True,4+ rings
tenidap,,9.645455,2.1719844,,tenidap,True,3.0,2.0,1.0,True,3 rings
rigosertib,6918736.0,8.751651,3.22362,6918736,rigosertib,True,2.0,2.0,0.0,True,2 rings
etosalamide,208946.0,10.386912,2.9044774,208946,etosalamide,True,1.0,1.0,0.0,True,1 ring
forskolin,47936.0,9.26056,0.99693483,47936,forskolin,True,3.0,0.0,3.0,True,3 rings
rsv604,5279172.0,9.798704,2.9877825,5279172,rsv604,True,4.0,3.0,1.0,True,4+ rings
nkp-1339,,9.169047,1.9919578,,nkp-1339,True,4.0,4.0,0.0,True,4+ rings
dapoxetine,71353.0,10.867309,3.84258,71353,dapoxetine,True,3.0,3.0,0.0,True,3 rings
sc-144,400169.0,9.43754,2.7043815,400169,sc-144,True,4.0,4.0,0.0,True,4+ rings
triamcinolone-hexacetonide,21826.0,8.040651,-1.181033,21826,triamcinolone-hexacetonide,True,5.0,0.0,5.0,True,4+ rings
ly2584702,25118925.0,8.549424,1.703946,25118925,ly2584702,True,5.0,4.0,1.0,True,4+ rings
tak-901,16124208.0,8.998419,2.674181,16124208,tak-901,True,5.0,4.0,1.0,True,4+ rings
adx-47273,11383075.0,9.485468,2.7574477,11383075,adx-47273,True,4.0,3.0,1.0,True,4+ rings
hbed,37336.0,10.20438,2.3323267,37336,hbed,True,2.0,2.0,0.0,True,2 rings
urea,1176.0,9.852909,1.8027264,1176,urea,True,0.0,0.0,0.0,False,0 rings
fenoxaprop-p-ethyl,91707.0,10.178037,2.4428284,91707,fenoxaprop-p-ethyl,True,3.0,3.0,0.0,True,3 rings
cfm-1571,9844347.0,9.705921,3.1533058,9844347,cfm-1571,True,3.0,3.0,0.0,True,3 rings
malotilate,4006.0,10.123278,1.7000679,4006,malotilate,True,1.0,0.0,1.0,True,1 ring
amg319,133547162.0,8.415695,1.6344486,133547162,amg319,True,5.0,5.0,0.0,True,4+ rings
ethosuximide,10630591.0,9.060748,1.4302973,10630591,ethosuximide,True,1.0,0.0,1.0,True,1 ring
indole-3-pyrubate,85336038.0,11.346332,2.8668475,85336038,indole-3-pyrubate,True,2.0,2.0,0.0,True,2 rings
panipenem,,10.375877,1.734626,,panipenem,True,3.0,0.0,3.0,True,3 rings
estradiol-3-o-sulfamate,6918339.0,8.328028,-0.13193353,6918339,estradiol-3-o-sulfamate,True,4.0,1.0,3.0,True,4+ rings
clocortolone-pivalate,5282493.0,8.047869,-1.1686152,5282493,clocortolone-pivalate,True,4.0,0.0,4.0,True,4+ rings
butyl-paraben,7184.0,10.633661,2.9121,7184,butyl-paraben,True,1.0,1.0,0.0,True,1 ring
aminomethyltransferase,7059445.0,9.033316,1.5944889,7059445,aminomethyltransferase,True,1.0,0.0,1.0,True,1 ring
diquafosol,148197.0,10.463515,-0.51103646,148197,diquafosol,True,4.0,2.0,2.0,True,4+ rings
detomidine,56032.0,11.587882,2.1992617,56032,detomidine,True,2.0,2.0,0.0,True,2 rings
navitoclax,24978538.0,9.763039,3.2744162,24978538,navitoclax,True,7.0,4.0,3.0,True,4+ rings
ampa-(s),7000183.0,11.161622,1.8568809,7000183,ampa-(s),True,1.0,1.0,0.0,True,1 ring
carbetapentane,2562.0,10.702327,3.2511044,2562,carbetapentane,True,2.0,1.0,1.0,True,2 rings
meparfylon,6494.0,9.712974,1.497119,6494,meparfylon,True,0.0,0.0,0.0,False,0 rings
phenacetin,4754.0,9.851595,3.5211017,4754,phenacetin,True,1.0,1.0,0.0,True,1 ring
thiodiglycol,5447.0,9.621313,1.5134087,5447,thiodiglycol,True,0.0,0.0,0.0,False,0 rings
vortioxetine,9966051.0,8.803582,2.1437502,9966051,vortioxetine,True,3.0,2.0,1.0,True,3 rings
benserazide,657280.0,10.693187,2.0887666,657280,benserazide,True,1.0,1.0,0.0,True,1 ring
naquotinib,71667668.0,9.618671,2.4302523,71667668,naquotinib,True,5.0,2.0,3.0,True,4+ rings
epristeride,68741.0,8.715315,-0.26050884,68741,epristeride,True,4.0,0.0,4.0,True,4+ rings
methoprene-(s),1711973.0,9.993815,1.5752218,1711973,methoprene-(s),True,0.0,0.0,0.0,False,0 rings
immepip,3035842.0,11.603601,2.2001429,3035842,immepip,True,2.0,1.0,1.0,True,2 rings
dapiprazole,3033538.0,9.151433,2.4021919,3033538,dapiprazole,True,4.0,2.0,2.0,True,4+ rings
quinaprilat,107994.0,11.174363,2.4068213,107994,quinaprilat,True,3.0,2.0,1.0,True,3 rings
trofinetide,3080768.0,11.20674,2.0319226,3080768,trofinetide,True,1.0,0.0,1.0,True,1 ring
wz-3146,44607360.0,8.542584,3.783885,44607360,wz-3146,True,4.0,3.0,1.0,True,4+ rings
ici-169369,122265.0,9.345304,2.4219007,122265,ici-169369,True,3.0,3.0,0.0,True,3 rings
buramate,20787.0,10.243755,2.9152372,20787,buramate,True,1.0,1.0,0.0,True,1 ring
chromocarb,2741.0,9.781349,2.6314678,2741,chromocarb,True,2.0,2.0,0.0,True,2 rings
canagliflozin,24812758.0,9.749779,0.23661672,24812758,canagliflozin,True,4.0,3.0,1.0,True,4+ rings
aminopurvalanol-a,6604931.0,9.351506,3.173788,6604931,aminopurvalanol-a,True,3.0,3.0,0.0,True,3 rings
fisogatinib,91885617.0,8.881478,3.1999288,91885617,fisogatinib,True,4.0,3.0,1.0,True,4+ rings
bia-10-2474,46831476.0,9.319053,1.8397137,46831476,bia-10-2474,True,3.0,2.0,1.0,True,3 rings
triclabendazole,50248.0,9.106007,1.9274352,50248,triclabendazole,True,3.0,3.0,0.0,True,3 rings
mivobulin,,10.275624,2.4930396,,mivobulin,True,3.0,2.0,1.0,True,3 rings
rogaratinib,71611869.0,8.743045,1.9083911,71611869,rogaratinib,True,5.0,4.0,1.0,True,4+ rings
ciproxifan,6422124.0,11.5810795,2.2005415,6422124,ciproxifan,True,3.0,2.0,1.0,True,3 rings
defactinib,25117126.0,9.485686,3.3361866,25117126,defactinib,True,3.0,3.0,0.0,True,3 rings
ifosfamide,9588020.0,9.211737,1.6105137,9588020,ifosfamide,True,1.0,0.0,1.0,True,1 ring
brigatinib,68165256.0,8.43892,3.8269591,68165256,brigatinib,True,5.0,3.0,2.0,True,4+ rings
raf265,11656518.0,8.932741,2.0855563,11656518,raf265,True,5.0,5.0,0.0,True,4+ rings
sb-657510,11272107.0,8.671761,2.6708465,11272107,sb-657510,True,3.0,2.0,1.0,True,3 rings
trazodone,5533.0,9.300046,3.557142,5533,trazodone,True,4.0,3.0,1.0,True,4+ rings
diphenylguanidine,7594.0,9.839437,3.1693754,7594,diphenylguanidine,True,2.0,2.0,0.0,True,2 rings
lometrexol,135413518.0,11.405836,1.8826455,135413518,lometrexol,True,3.0,2.0,1.0,True,3 rings
"7,8,9,10-tetrahydroazepino[2,1-b]quinazolin-12(6h)-one",,9.260712,2.6538029,,"7,8,9,10-tetrahydroazepino[2,1-b]quinazolin-12(6h)-one",True,3.0,1.0,2.0,True,3 rings
remoxipride,54477.0,9.409031,4.503042,54477,remoxipride,True,2.0,1.0,1.0,True,2 rings
mepenzolate,13981865.0,10.592246,3.0416663,13981865,mepenzolate,True,3.0,2.0,1.0,True,3 rings
cgs-21680,3086599.0,10.432853,-0.6270219,3086599,cgs-21680,True,4.0,3.0,1.0,True,4+ rings
usniacin-(+),,9.731223,1.9615997,,usniacin-(+),True,3.0,1.0,2.0,True,3 rings
"16,16-dimethylprostaglandin-e2",5283066.0,11.158148,1.1689013,5283066,"16,16-dimethylprostaglandin-e2",True,1.0,0.0,1.0,True,1 ring
bmy-45778,127861.0,10.250809,2.5417879,127861,bmy-45778,True,5.0,5.0,0.0,True,4+ rings
lpa2-antagonist-1,24882686.0,8.657769,2.4134383,24882686,lpa2-antagonist-1,True,4.0,3.0,1.0,True,4+ rings
chlorothiazide,2720.0,8.237711,2.317475,2720,chlorothiazide,True,2.0,1.0,1.0,True,2 rings
enoxolone,10114.0,9.404409,0.7724038,10114,enoxolone,True,5.0,0.0,5.0,True,4+ rings
copper-histidine,71083.0,11.551075,2.198999,71083,copper-histidine,True,1.0,1.0,0.0,True,1 ring
scs,135445765.0,10.07407,3.360451,135445765,scs,True,2.0,2.0,0.0,True,2 rings
dalbavancin,16134627.0,9.674679,0.20066468,16134627,dalbavancin,True,15.0,7.0,8.0,True,4+ rings
1-octanol,957.0,10.651297,1.2209222,957,1-octanol,True,0.0,0.0,0.0,False,0 rings
"4-acetyl-1,1-dimethylpiperazinium",4392675.0,9.801669,1.7866361,4392675,"4-acetyl-1,1-dimethylpiperazinium",True,1.0,0.0,1.0,True,1 ring
phenylmercuric-acetate,9905811.0,9.975475,2.9420745,9905811,phenylmercuric-acetate,True,1.0,1.0,0.0,True,1 ring
vismodegib,24776445.0,9.666056,3.526643,24776445,vismodegib,True,3.0,3.0,0.0,True,3 rings
methanesulfonyl-fluoride,11207.0,8.818996,2.181478,11207,methanesulfonyl-fluoride,True,0.0,0.0,0.0,False,0 rings
thiamphenicol,27200.0,10.121544,1.3942024,27200,thiamphenicol,True,1.0,1.0,0.0,True,1 ring
enflurane,7059516.0,9.125546,1.5566763,7059516,enflurane,True,0.0,0.0,0.0,False,0 rings
pravadoline,56463.0,9.340442,3.3451374,56463,pravadoline,True,4.0,3.0,1.0,True,4+ rings
apy-29,42627755.0,8.847957,2.357639,42627755,apy-29,True,5.0,4.0,1.0,True,4+ rings
ipi549,91933883.0,8.3102665,3.1796114,91933883,ipi549,True,6.0,6.0,0.0,True,4+ rings
uk-356618,10370504.0,10.920123,2.7107584,10370504,uk-356618,True,3.0,3.0,0.0,True,3 rings
salicylanilide,6872.0,9.832629,3.4654193,6872,salicylanilide,True,2.0,2.0,0.0,True,2 rings
cj-033466,10429706.0,10.316109,1.8720978,10429706,cj-033466,True,3.0,2.0,1.0,True,3 rings
bctc,9929425.0,9.739954,3.4145267,9929425,bctc,True,3.0,2.0,1.0,True,3 rings
tebipenem,9892071.0,10.326372,1.6063186,9892071,tebipenem,True,4.0,0.0,4.0,True,4+ rings
alverine,3678.0,10.227356,3.0032043,3678,alverine,True,2.0,2.0,0.0,True,2 rings
enalaprilat,5462501.0,11.158722,2.390404,5462501,enalaprilat,True,2.0,1.0,1.0,True,2 rings
glyburide,3488.0,8.411491,2.8850648,3488,glyburide,True,3.0,2.0,1.0,True,3 rings
gsk3326595,90241742.0,9.723091,2.731042,90241742,gsk3326595,True,4.0,2.0,2.0,True,4+ rings
ubp-310,6420160.0,11.161194,1.8479024,6420160,ubp-310,True,2.0,2.0,0.0,True,2 rings
inositol,,9.450315,1.4423064,,inositol,True,1.0,0.0,1.0,True,1 ring
nimorazole,23009.0,8.73239,1.5404413,23009,nimorazole,True,2.0,1.0,1.0,True,2 rings
hth-01-015,78357766.0,9.119048,2.2008815,78357766,hth-01-015,True,6.0,4.0,2.0,True,4+ rings
raltegravir,54671008.0,10.077586,2.7663107,54671008,raltegravir,True,3.0,3.0,0.0,True,3 rings
cabagin,7098638.0,11.201973,1.812184,7098638,cabagin,True,0.0,0.0,0.0,False,0 rings
tetracaine,5411.0,10.684757,3.0154345,5411,tetracaine,True,1.0,1.0,0.0,True,1 ring
az-12080282,25253556.0,9.747789,3.3425078,25253556,az-12080282,True,4.0,4.0,0.0,True,4+ rings
tolterodine,443879.0,10.335353,2.5752797,443879,tolterodine,True,2.0,2.0,0.0,True,2 rings
benzyl-isothiocyanate,2346.0,9.887726,2.532249,2346,benzyl-isothiocyanate,True,1.0,1.0,0.0,True,1 ring
upamostat,9852201.0,10.607746,2.4882133,9852201,upamostat,True,3.0,2.0,1.0,True,3 rings
dihydroxyphenylglycine,10197959.0,11.223142,2.3120599,10197959,dihydroxyphenylglycine,True,1.0,1.0,0.0,True,1 ring
monoctanoin,3085369.0,10.92183,1.1725582,3085369,monoctanoin,True,0.0,0.0,0.0,False,0 rings
carbenoxolone,636403.0,10.597356,1.5190191,636403,carbenoxolone,True,5.0,0.0,5.0,True,4+ rings
nim811,6473876.0,9.329631,1.2585368,6473876,nim811,True,1.0,0.0,1.0,True,1 ring
tinidazole,5479.0,8.631154,1.4927156,5479,tinidazole,True,1.0,1.0,0.0,True,1 ring
pagoclone,25273635.0,9.372733,2.5539336,25273635,pagoclone,True,4.0,3.0,1.0,True,4+ rings
lixivaptan,172997.0,9.798584,3.566957,172997,lixivaptan,True,5.0,4.0,1.0,True,4+ rings
tiaprofenic-acid,181380.0,10.621323,2.5953746,181380,tiaprofenic-acid,True,2.0,2.0,0.0,True,2 rings
felodipine,941699.0,11.990396,3.997293,941699,felodipine,True,2.0,1.0,1.0,True,2 rings
cefazolin,33255.0,13.336382,1.610254,33255,cefazolin,True,4.0,2.0,2.0,True,4+ rings
amonafide,50515.0,9.309847,2.4437065,50515,amonafide,True,3.0,2.0,1.0,True,3 rings
flupirtine,53276.0,10.236842,2.495716,53276,flupirtine,True,2.0,2.0,0.0,True,2 rings
meropenem,441130.0,10.450887,1.701227,441130,meropenem,True,3.0,0.0,3.0,True,3 rings
clotrimazole,2812.0,9.331598,2.2987552,2812,clotrimazole,True,4.0,4.0,0.0,True,4+ rings
clorsulon,43231.0,8.738291,2.2830408,43231,clorsulon,True,1.0,1.0,0.0,True,1 ring
dppe,108092.0,10.45722,3.1741648,108092,dppe,True,2.0,2.0,0.0,True,2 rings
kinetin,3830.0,8.530191,1.6986964,3830,kinetin,True,3.0,3.0,0.0,True,3 rings
peposertib,86292849.0,8.974039,2.797493,86292849,peposertib,True,5.0,4.0,1.0,True,4+ rings
seclidemstat,135565033.0,9.696707,2.8960004,135565033,seclidemstat,True,3.0,2.0,1.0,True,3 rings
lenvatinib,9823820.0,9.163191,3.964597,9823820,lenvatinib,True,4.0,3.0,1.0,True,4+ rings
verubulin,11414799.0,9.023358,2.830257,11414799,verubulin,True,3.0,3.0,0.0,True,3 rings
calcifediol,5283731.0,2.5564847,2.4746368,5283731,calcifediol,True,3.0,0.0,3.0,True,3 rings
ml3403,10938334.0,10.547892,2.8987346,10938334,ml3403,True,4.0,4.0,0.0,True,4+ rings
birt-377,9803375.0,8.968147,1.6697583,9803375,birt-377,True,3.0,2.0,1.0,True,3 rings
desoxycortone,6166.0,8.477738,-0.5108578,6166,desoxycortone,True,4.0,0.0,4.0,True,4+ rings
y16,989521.0,9.307681,2.7708387,989521,y16,True,4.0,3.0,1.0,True,4+ rings
mycophenolic-acid,446541.0,10.543631,1.700194,446541,mycophenolic-acid,True,2.0,1.0,1.0,True,2 rings
rosoxacin,287180.0,11.977458,0.85605735,287180,rosoxacin,True,3.0,3.0,0.0,True,3 rings
w-54011,59597209.0,9.040506,3.130712,59597209,w-54011,True,4.0,3.0,1.0,True,4+ rings
piracetam,4843.0,9.767343,1.6484126,4843,piracetam,True,1.0,0.0,1.0,True,1 ring
salsolinol-1-carboxylic-acid,6992720.0,9.768058,1.8789958,6992720,salsolinol-1-carboxylic-acid,True,2.0,1.0,1.0,True,2 rings
alagebrium,216305.0,10.187155,2.8281343,216305,alagebrium,True,2.0,2.0,0.0,True,2 rings
nsc-697923,394449.0,8.508451,2.204755,394449,nsc-697923,True,2.0,2.0,0.0,True,2 rings
s-sulfo-l-cysteine,7068808.0,11.181319,1.8081899,7068808,s-sulfo-l-cysteine,True,0.0,0.0,0.0,False,0 rings
5-fluorouracil,3385.0,8.916027,1.6148595,3385,5-fluorouracil,True,1.0,1.0,0.0,True,1 ring
e-2001,129687.0,10.203749,3.8207946,129687,e-2001,True,4.0,3.0,1.0,True,4+ rings
ripazepam,33474.0,9.431151,2.3736918,33474,ripazepam,True,3.0,2.0,1.0,True,3 rings
phenylbenzimidazole-sulfonic-acid,33919.0,8.627687,2.4842162,33919,phenylbenzimidazole-sulfonic-acid,True,3.0,3.0,0.0,True,3 rings
cipamfylline,71356.0,8.89203,1.5213528,71356,cipamfylline,True,4.0,2.0,2.0,True,4+ rings
emiglitate,72004.0,10.630595,2.9555569,72004,emiglitate,True,2.0,1.0,1.0,True,2 rings
eg00229,44631827.0,11.219318,1.972488,44631827,eg00229,True,3.0,3.0,0.0,True,3 rings
ly2979165,53246986.0,10.375521,1.6896636,53246986,ly2979165,True,3.0,1.0,2.0,True,3 rings
sd-2590,9892815.0,9.394001,2.5462945,9892815,sd-2590,True,3.0,2.0,1.0,True,3 rings
"5-(4chlorophenyl)-4-ethyl-2,4-dihydro-3h-1,2,4-triazol-3-one",35793.0,8.740934,2.039308,35793,"5-(4chlorophenyl)-4-ethyl-2,4-dihydro-3h-1,2,4-triazol-3-one",True,2.0,2.0,0.0,True,2 rings
ps178990,9882972.0,9.237321,1.5450917,9882972,ps178990,True,3.0,1.0,2.0,True,3 rings
cv-1808,6917803.0,10.4219885,-0.6187703,6917803,cv-1808,True,4.0,3.0,1.0,True,4+ rings
sulisobenzone,19988.0,9.64497,3.1724756,19988,sulisobenzone,True,2.0,2.0,0.0,True,2 rings
gr-103691,4302960.0,9.83255,3.8265634,4302960,gr-103691,True,4.0,3.0,1.0,True,4+ rings
k-247,25767227.0,9.780062,0.3495602,25767227,k-247,True,2.0,1.0,1.0,True,2 rings
bexarotene,82146.0,10.161068,3.6587465,82146,bexarotene,True,3.0,2.0,1.0,True,3 rings
compound-401,10039361.0,9.178284,2.6593156,10039361,compound-401,True,4.0,3.0,1.0,True,4+ rings
bi-d1870,44141268.0,9.23155,1.9110886,44141268,bi-d1870,True,3.0,2.0,1.0,True,3 rings
l-161982,9961192.0,10.404514,2.736276,9961192,l-161982,True,5.0,5.0,0.0,True,4+ rings
altinicline,3036156.0,9.087051,1.6681099,3036156,altinicline,True,2.0,1.0,1.0,True,2 rings
econazole,6604378.0,7.761439,2.38645,6604378,econazole,True,3.0,3.0,0.0,True,3 rings
indoprofen,93283.0,10.731953,2.6012433,93283,indoprofen,True,3.0,2.0,1.0,True,3 rings
tranylcypromine,26070.0,9.435569,2.3579965,26070,tranylcypromine,True,2.0,1.0,1.0,True,2 rings
p276-00,23643976.0,9.3734045,2.2050986,23643976,p276-00,True,4.0,3.0,1.0,True,4+ rings
dimethicone,24764.0,8.999912,1.7892629,24764,dimethicone,True,0.0,0.0,0.0,False,0 rings
kanamycin,6032.0,9.635183,0.15837231,6032,kanamycin,True,3.0,0.0,3.0,True,3 rings
citicoline,13805.0,10.539106,-0.53445864,13805,citicoline,True,2.0,1.0,1.0,True,2 rings
t-0070907,2777391.0,8.334536,2.2440102,2777391,t-0070907,True,2.0,2.0,0.0,True,2 rings
tiopronin,208825.0,10.608122,1.9319252,208825,tiopronin,True,0.0,0.0,0.0,False,0 rings
sch-202676,682802.0,9.302415,2.3812582,682802,sch-202676,True,3.0,3.0,0.0,True,3 rings
parsaclisib,86677874.0,9.05326,1.6956143,86677874,parsaclisib,True,4.0,3.0,1.0,True,4+ rings
dabigatran,216210.0,10.504457,2.3924694,216210,dabigatran,True,4.0,4.0,0.0,True,4+ rings
kb-r7943,4534086.0,8.4607935,2.13029,4534086,kb-r7943,True,2.0,2.0,0.0,True,2 rings
mesulergine,68848.0,9.464983,2.2133024,68848,mesulergine,True,4.0,2.0,2.0,True,4+ rings
gemcadiol,37147.0,10.2359915,1.3501618,37147,gemcadiol,True,0.0,0.0,0.0,False,0 rings
nav-26,60201418.0,9.975109,2.6416,60201418,nav-26,True,4.0,2.0,2.0,True,4+ rings
arbutin,440936.0,9.696423,0.24301617,440936,arbutin,True,2.0,1.0,1.0,True,2 rings
ceftriaxone,5479530.0,13.445355,1.5093831,5479530,ceftriaxone,True,4.0,2.0,2.0,True,4+ rings
pyrvinium-pamoate,5281035.0,8.823814,2.5644224,5281035,pyrvinium-pamoate,True,4.0,4.0,0.0,True,4+ rings
obidoxime,8251.0,9.307642,1.7520097,8251,obidoxime,True,2.0,2.0,0.0,True,2 rings
9-anthracenecarboxylic-acid,2201.0,9.878886,2.819134,2201,9-anthracenecarboxylic-acid,True,3.0,3.0,0.0,True,3 rings
kpt-185,53495165.0,9.893953,1.9284931,53495165,kpt-185,True,2.0,2.0,0.0,True,2 rings
dalfopristin,124201618.0,9.417065,1.4794986,124201618,dalfopristin,True,3.0,1.0,2.0,True,3 rings
octocrylene,40424580.0,10.570198,2.7933497,40424580,octocrylene,True,2.0,2.0,0.0,True,2 rings
sar407899,15604510.0,9.022705,1.7328237,15604510,sar407899,True,3.0,2.0,1.0,True,3 rings
amenamevir,11397521.0,10.059608,3.6611788,11397521,amenamevir,True,4.0,3.0,1.0,True,4+ rings
cym-5541,17253208.0,9.229479,1.572313,17253208,cym-5541,True,4.0,1.0,3.0,True,4+ rings
"3,3'-diindolylmethane",3071.0,11.441296,2.8680851,3071,"3,3'-diindolylmethane",True,4.0,4.0,0.0,True,4+ rings
morantel,5353792.0,9.147918,1.9774866,5353792,morantel,True,2.0,1.0,1.0,True,2 rings
levobunolol-(+),5460339.0,11.195183,4.06662,5460339,levobunolol-(+),True,2.0,1.0,1.0,True,2 rings
epicatechin-gallate-(-),107905.0,9.567674,0.88328284,107905,epicatechin-gallate-(-),True,4.0,3.0,1.0,True,4+ rings
cm-4620,122507647.0,9.934986,3.574022,122507647,cm-4620,True,4.0,3.0,1.0,True,4+ rings
ditolylguanidine,7333.0,9.950619,3.0741203,7333,ditolylguanidine,True,2.0,2.0,0.0,True,2 rings
sbha,5173.0,10.443762,2.123045,5173,sbha,True,0.0,0.0,0.0,False,0 rings
epz011989,,9.764988,2.4761708,,epz011989,True,4.0,2.0,2.0,True,4+ rings
propylene-glycol,259994.0,10.009317,1.3524692,259994,propylene-glycol,True,0.0,0.0,0.0,False,0 rings
sch-58261,176408.0,9.916529,2.9000568,176408,sch-58261,True,5.0,5.0,0.0,True,4+ rings
inositol-hexanicotinate,,9.424845,3.6217494,,inositol-hexanicotinate,True,7.0,6.0,1.0,True,4+ rings
sulfamerazine,5325.0,8.217642,2.6803274,5325,sulfamerazine,True,2.0,2.0,0.0,True,2 rings
"4,4'-ddt",3036.0,9.280089,2.071592,3036,"4,4'-ddt",True,2.0,2.0,0.0,True,2 rings
riboflavin,493570.0,10.095856,1.0412858,493570,riboflavin,True,3.0,1.0,2.0,True,3 rings
hexonic-acid,5311443.0,10.136697,1.0314617,5311443,hexonic-acid,True,0.0,0.0,0.0,False,0 rings
uracil-mustard,6194.0,8.977038,1.5215085,6194,uracil-mustard,True,1.0,1.0,0.0,True,1 ring
pradefovir,9604654.0,10.333415,-0.45580512,9604654,pradefovir,True,4.0,3.0,1.0,True,4+ rings
lx7101,56962369.0,9.909027,3.2690878,56962369,lx7101,True,4.0,3.0,1.0,True,4+ rings
mcpp,1355.0,8.850175,2.2681744,1355,mcpp,True,2.0,1.0,1.0,True,2 rings
sb-203186,3272300.0,10.92734,3.2331681,3272300,sb-203186,True,3.0,2.0,1.0,True,3 rings
sorbinil,337359.0,9.040158,1.6747023,337359,sorbinil,True,3.0,1.0,2.0,True,3 rings
2'-meccpa,10475082.0,10.446723,-0.61953664,10475082,2'-meccpa,True,4.0,2.0,2.0,True,4+ rings
pavinetant,23649245.0,10.289095,2.7817585,23649245,pavinetant,True,4.0,4.0,0.0,True,4+ rings
aprindine,2218.0,9.913619,2.646919,2218,aprindine,True,3.0,2.0,1.0,True,3 rings
levosulpiride,688272.0,9.402993,4.45258,688272,levosulpiride,True,2.0,1.0,1.0,True,2 rings
ccmi,67042344.0,9.848934,3.2866228,67042344,ccmi,True,3.0,3.0,0.0,True,3 rings
gsk189254,9798547.0,9.604727,2.2423942,9798547,gsk189254,True,4.0,2.0,2.0,True,4+ rings
sgc-707,90642938.0,9.583349,3.37322,90642938,sgc-707,True,3.0,2.0,1.0,True,3 rings
butaclamol,37459.0,9.368064,2.3380618,37459,butaclamol,True,5.0,2.0,3.0,True,4+ rings
naringeninic-acid,637542.0,9.04064,2.9950016,637542,naringeninic-acid,True,1.0,1.0,0.0,True,1 ring
zk-164015,9806489.0,10.421004,1.3205386,9806489,zk-164015,True,3.0,3.0,0.0,True,3 rings
proxymetacaine,4935.0,10.754261,3.155699,4935,proxymetacaine,True,1.0,1.0,0.0,True,1 ring
niraparib,24958200.0,9.80073,2.170092,24958200,niraparib,True,4.0,3.0,1.0,True,4+ rings
pi3k-in-2,58507717.0,8.899646,1.9018517,58507717,pi3k-in-2,True,4.0,2.0,2.0,True,4+ rings
ns-309,,9.239099,1.8087395,,ns-309,True,2.0,1.0,1.0,True,2 rings
astilbin,119258.0,9.504393,0.7537755,119258,astilbin,True,4.0,2.0,2.0,True,4+ rings
tanshinone-i,114917.0,9.248773,2.4749737,114917,tanshinone-i,True,4.0,3.0,1.0,True,4+ rings
prilocaine,6603976.0,10.174162,3.145163,6603976,prilocaine,True,1.0,1.0,0.0,True,1 ring
tifenazoxide,135410911.0,9.008055,1.6413423,135410911,tifenazoxide,True,3.0,1.0,2.0,True,3 rings
isrib,,9.9552965,2.7360365,,isrib,True,3.0,2.0,1.0,True,3 rings
mut056399,44208849.0,10.026892,2.2620258,44208849,mut056399,True,2.0,2.0,0.0,True,2 rings
glutathione,25246407.0,11.219746,1.8541402,25246407,glutathione,True,0.0,0.0,0.0,False,0 rings
vt-464,78357816.0,9.076595,1.9466805,78357816,vt-464,True,3.0,3.0,0.0,True,3 rings
ana-12,6977265.0,9.56625,2.6650007,6977265,ana-12,True,4.0,3.0,1.0,True,4+ rings
safingol,91486.0,10.492537,1.0987136,91486,safingol,True,0.0,0.0,0.0,False,0 rings
prasugrel,51698431.0,9.930336,2.9057934,51698431,prasugrel,True,4.0,2.0,2.0,True,4+ rings
trepibutone,5536.0,10.5904255,1.9355159,5536,trepibutone,True,1.0,1.0,0.0,True,1 ring
riluzole,5070.0,8.783109,2.0508585,5070,riluzole,True,2.0,2.0,0.0,True,2 rings
2-cmdo,32224.0,8.863302,2.950824,32224,2-cmdo,True,4.0,2.0,2.0,True,4+ rings
unc0646,53315882.0,8.781686,4.3285995,53315882,unc0646,True,6.0,2.0,4.0,True,4+ rings
sb-206553,5163.0,9.467115,3.6926162,5163,sb-206553,True,4.0,3.0,1.0,True,4+ rings
iobenguane,60860.0,9.943002,2.3483837,60860,iobenguane,True,1.0,1.0,0.0,True,1 ring
sq-109,,9.741042,1.4153308,,sq-109,True,4.0,0.0,4.0,True,4+ rings
selamectin,9578507.0,9.405054,0.94170284,9578507,selamectin,True,7.0,0.0,7.0,True,4+ rings
8-bromo-cgmp,135419186.0,10.33484,-0.1846237,135419186,8-bromo-cgmp,True,4.0,2.0,2.0,True,4+ rings
sun-11602,22245705.0,10.137386,2.533581,22245705,sun-11602,True,3.0,2.0,1.0,True,3 rings
pyrethrins,5281045.0,9.767809,1.5892755,5281045,pyrethrins,True,2.0,0.0,2.0,True,2 rings
entecavir,135398508.0,10.43673,-0.38406777,135398508,entecavir,True,3.0,2.0,1.0,True,3 rings
fluroxene,9844.0,9.28892,1.5272329,9844,fluroxene,True,0.0,0.0,0.0,False,0 rings
sotagliflozin,24831714.0,9.706079,0.41110373,24831714,sotagliflozin,True,3.0,2.0,1.0,True,3 rings
pentetic-acid,3053.0,10.356244,1.8804718,3053,pentetic-acid,True,0.0,0.0,0.0,False,0 rings
lomerizine,3949.0,10.176065,3.5714219,3949,lomerizine,True,4.0,3.0,1.0,True,4+ rings
flurbiprofen-(+/-),92337.0,10.840546,2.6049829,92337,flurbiprofen-(+/-),True,2.0,2.0,0.0,True,2 rings
gsk3787,2800647.0,10.005496,2.9852881,2800647,gsk3787,True,2.0,2.0,0.0,True,2 rings
ansamitocin-p-3,131857169.0,9.1210575,1.4496623,131857169,ansamitocin-p-3,True,4.0,1.0,3.0,True,4+ rings
d-157495,53258905.0,8.938726,1.9592125,53258905,d-157495,True,4.0,3.0,1.0,True,4+ rings
afamelanotide,91898441.0,11.720029,2.3111308,91898441,afamelanotide,True,6.0,5.0,1.0,True,4+ rings
vesnarinone,5663.0,8.783806,3.2395492,5663,vesnarinone,True,4.0,2.0,2.0,True,4+ rings
chidamide,9800555.0,9.42532,3.5728247,9800555,chidamide,True,3.0,3.0,0.0,True,3 rings
imatinib,5291.0,9.609081,3.790409,5291,imatinib,True,5.0,4.0,1.0,True,4+ rings
ibutilide,21149973.0,10.709076,1.2904441,21149973,ibutilide,True,1.0,1.0,0.0,True,1 ring
quiflapon,60923.0,10.429106,2.654494,60923,quiflapon,True,5.0,5.0,0.0,True,4+ rings
trapidil,5531.0,8.955863,1.8097358,5531,trapidil,True,2.0,2.0,0.0,True,2 rings
zd-7114,121877.0,10.842953,3.7204838,121877,zd-7114,True,2.0,2.0,0.0,True,2 rings
paritaprevir,45110509.0,8.835096,2.8498943,45110509,paritaprevir,True,8.0,4.0,4.0,True,4+ rings
leq506,45100669.0,9.897152,2.6179612,45100669,leq506,True,4.0,3.0,1.0,True,4+ rings
ska-31,94880.0,9.06296,2.366631,94880,ska-31,True,3.0,3.0,0.0,True,3 rings
3po,5720233.0,9.392474,3.6090944,5720233,3po,True,2.0,2.0,0.0,True,2 rings
gdc-0575,46917793.0,9.801048,1.7504748,46917793,gdc-0575,True,4.0,2.0,2.0,True,4+ rings
amezinium,71927.0,8.946636,2.2888565,71927,amezinium,True,2.0,2.0,0.0,True,2 rings
diadenosine-tetraphosphate,21706.0,10.359019,-0.5754909,21706,diadenosine-tetraphosphate,True,6.0,4.0,2.0,True,4+ rings
altretamine,2123.0,9.008564,1.7886822,2123,altretamine,True,1.0,1.0,0.0,True,1 ring
gemifloxacin,42066947.0,12.193194,0.67445546,42066947,gemifloxacin,True,4.0,2.0,2.0,True,4+ rings
josamycin,,9.307756,0.8544626,,josamycin,True,3.0,0.0,3.0,True,3 rings
yo-01027,11454028.0,10.270958,2.5801127,11454028,yo-01027,True,4.0,3.0,1.0,True,4+ rings
solithromycin,,9.151458,0.7606881,,solithromycin,True,5.0,2.0,3.0,True,4+ rings
dfb,6604893.0,9.443589,2.1696675,6604893,dfb,True,2.0,2.0,0.0,True,2 rings
1-hexadecanol,2682.0,10.63599,1.2020139,2682,1-hexadecanol,True,0.0,0.0,0.0,False,0 rings
ly3000328,67475270.0,9.802694,2.4804735,67475270,ly3000328,True,5.0,2.0,3.0,True,4+ rings
wye-354,44219749.0,9.574171,3.4836419,44219749,wye-354,True,5.0,3.0,2.0,True,4+ rings
4-methylhistamine,37463.0,9.038064,1.6872587,37463,4-methylhistamine,True,1.0,1.0,0.0,True,1 ring
pindolol,155030.0,11.038555,3.948687,155030,pindolol,True,2.0,2.0,0.0,True,2 rings
"6,7-dehydro-17-acetoxy-progesterone",200136.0,8.409848,-0.5234469,200136,"6,7-dehydro-17-acetoxy-progesterone",True,4.0,0.0,4.0,True,4+ rings
tetraethylenepentamine,8197.0,9.59587,1.4849962,8197,tetraethylenepentamine,True,0.0,0.0,0.0,False,0 rings
mdl-29951,446916.0,10.548615,1.8592294,446916,mdl-29951,True,2.0,2.0,0.0,True,2 rings
mcc950,9910393.0,9.760367,1.5801792,9910393,mcc950,True,4.0,2.0,2.0,True,4+ rings
cetylpyridinium,2683.0,10.656692,1.2221228,2683,cetylpyridinium,True,1.0,1.0,0.0,True,1 ring
trimipramine,6604024.0,8.860359,3.8291595,6604024,trimipramine,True,3.0,2.0,1.0,True,3 rings
moxaverine,70882.0,8.93095,3.0592809,70882,moxaverine,True,3.0,3.0,0.0,True,3 rings
tirapazamine,135413511.0,9.091775,2.1009665,135413511,tirapazamine,True,2.0,2.0,0.0,True,2 rings
bempedoic-acid,10472693.0,10.568226,1.5771047,10472693,bempedoic-acid,True,0.0,0.0,0.0,False,0 rings
pik-93,6852167.0,9.840625,3.333074,6852167,pik-93,True,2.0,2.0,0.0,True,2 rings
tnp-470,369976.0,9.780029,1.6209985,369976,tnp-470,True,3.0,0.0,3.0,True,3 rings
liothyronine-(isomer),71212.0,10.998723,2.2111402,71212,liothyronine-(isomer),True,2.0,2.0,0.0,True,2 rings
l-citrulline,9750.0,11.252658,1.8866042,9750,l-citrulline,True,0.0,0.0,0.0,False,0 rings
cym-5520,25110470.0,10.26327,2.7913897,25110470,cym-5520,True,3.0,3.0,0.0,True,3 rings
lacidipine,5311217.0,11.906265,3.922792,5311217,lacidipine,True,2.0,1.0,1.0,True,2 rings
acecainide,4342.0,10.344962,3.5423217,4342,acecainide,True,1.0,1.0,0.0,True,1 ring
broxuridine,6035.0,10.748768,-0.8668141,6035,broxuridine,True,2.0,1.0,1.0,True,2 rings
loxistatin-acid,123664.0,10.751301,1.9012004,123664,loxistatin-acid,True,1.0,0.0,1.0,True,1 ring
deslanoside,28620.0,9.150234,0.14516573,28620,deslanoside,True,9.0,0.0,9.0,True,4+ rings
piperazinedione,7817.0,8.897132,1.6252162,7817,piperazinedione,True,1.0,0.0,1.0,True,1 ring
af38469,72706115.0,10.0259,3.4108725,72706115,af38469,True,2.0,2.0,0.0,True,2 rings
sch-51344,9995890.0,8.922164,2.984013,9995890,sch-51344,True,3.0,3.0,0.0,True,3 rings
celiprolol,11406333.0,11.157972,4.037253,11406333,celiprolol,True,1.0,1.0,0.0,True,1 ring
bicuculline-methochloride-(-),104872.0,8.874673,2.3603263,104872,bicuculline-methochloride-(-),True,6.0,2.0,4.0,True,4+ rings
a-867744,23642319.0,8.459117,2.5048995,23642319,a-867744,True,3.0,3.0,0.0,True,3 rings
atuveciclib,121488167.0,9.265411,3.0702329,121488167,atuveciclib,True,3.0,3.0,0.0,True,3 rings
derazantinib,46834118.0,9.649987,2.9739714,46834118,derazantinib,True,5.0,4.0,1.0,True,4+ rings
blebbistatin-(+/-),5287792.0,8.896497,2.9182339,5287792,blebbistatin-(+/-),True,4.0,2.0,2.0,True,4+ rings
idra-21,7048549.0,9.107538,1.756571,7048549,idra-21,True,2.0,1.0,1.0,True,2 rings
substance-p,36511.0,11.5188675,2.215336,36511,substance-p,True,4.0,2.0,2.0,True,4+ rings
cefamandole,456255.0,13.318883,1.6202742,456255,cefamandole,True,4.0,2.0,2.0,True,4+ rings
ly2090314,10029385.0,9.202146,2.3147235,10029385,ly2090314,True,7.0,4.0,3.0,True,4+ rings
omdm-2,6604915.0,11.1898775,1.1007378,6604915,omdm-2,True,1.0,1.0,0.0,True,1 ring
dofetilide,71329.0,9.784465,3.242961,71329,dofetilide,True,2.0,2.0,0.0,True,2 rings
ltx-315,46200994.0,11.634643,2.7315922,46200994,ltx-315,True,8.0,8.0,0.0,True,4+ rings
fg-2216,6914666.0,10.26565,2.6326058,6914666,fg-2216,True,2.0,2.0,0.0,True,2 rings
prn1371,118295624.0,8.867646,3.2967541,118295624,prn1371,True,4.0,3.0,1.0,True,4+ rings
gnti,9826034.0,6.2667656,5.245506,9826034,gnti,True,8.0,3.0,5.0,True,4+ rings
convallatoxin,441852.0,9.098336,0.2483854,441852,convallatoxin,True,6.0,0.0,6.0,True,4+ rings
tinazoline,68818.0,11.452706,2.8574436,68818,tinazoline,True,3.0,2.0,1.0,True,3 rings
vu29,11610682.0,9.872186,2.8434608,11610682,vu29,True,4.0,4.0,0.0,True,4+ rings
ldc1267,56847486.0,9.390603,3.8461826,56847486,ldc1267,True,5.0,5.0,0.0,True,4+ rings
estradiol-valerate,13791.0,8.316121,-0.13165917,13791,estradiol-valerate,True,4.0,1.0,3.0,True,4+ rings
calcitonin,,11.767046,2.2620873,,calcitonin,True,5.0,2.0,3.0,True,4+ rings
cbs-1114,6338223.0,9.862502,2.7454317,6338223,cbs-1114,True,2.0,2.0,0.0,True,2 rings
acetohexamide,1989.0,8.376329,2.703065,1989,acetohexamide,True,2.0,1.0,1.0,True,2 rings
amiodarone,2157.0,10.626515,3.1624908,2157,amiodarone,True,3.0,3.0,0.0,True,3 rings
eflornithine,3009.0,10.623357,1.6321777,3009,eflornithine,True,0.0,0.0,0.0,False,0 rings
crystal-violet,3468.0,9.265409,2.0291383,3468,crystal-violet,True,3.0,2.0,1.0,True,3 rings
pci-29732,22347110.0,9.027277,2.5295491,22347110,pci-29732,True,5.0,4.0,1.0,True,4+ rings
rutaecarpine,65752.0,8.927044,2.7515187,65752,rutaecarpine,True,5.0,4.0,1.0,True,4+ rings
fenoterol,688469.0,10.992479,3.0951614,688469,fenoterol,True,2.0,2.0,0.0,True,2 rings
sodium-butyrate,264.0,10.447649,1.9638518,264,sodium-butyrate,True,0.0,0.0,0.0,False,0 rings
echinomycin,,10.014313,2.2687566,,echinomycin,True,6.0,4.0,2.0,True,4+ rings
c-021,25141190.0,8.781359,4.2969627,25141190,c-021,True,5.0,2.0,3.0,True,4+ rings
cym-5442,93977386.0,9.552737,2.476703,93977386,cym-5442,True,4.0,3.0,1.0,True,4+ rings
furvina,6438461.0,9.336512,1.6934317,6438461,furvina,True,1.0,1.0,0.0,True,1 ring
sym-2081,95883.0,11.089323,1.815321,95883,sym-2081,True,0.0,0.0,0.0,False,0 rings
ivabradine,132999.0,8.590683,3.3394215,132999,ivabradine,True,4.0,2.0,2.0,True,4+ rings
hydroxytoluic-acid,6738.0,10.048232,3.2791789,6738,hydroxytoluic-acid,True,1.0,1.0,0.0,True,1 ring
ccg-1423,40782280.0,9.771318,3.4751627,40782280,ccg-1423,True,2.0,2.0,0.0,True,2 rings
tazemetostat,66558664.0,9.720039,2.709097,66558664,tazemetostat,True,5.0,3.0,2.0,True,4+ rings
sulfaguanidine,5324.0,8.36953,2.6513455,5324,sulfaguanidine,True,1.0,1.0,0.0,True,1 ring
azd5582,49847690.0,10.84715,2.2911465,49847690,azd5582,True,8.0,2.0,6.0,True,4+ rings
brucine,442021.0,9.056154,1.6904054,442021,brucine,True,7.0,1.0,6.0,True,4+ rings
tribomsalan,14868.0,9.835292,3.472981,14868,tribomsalan,True,2.0,2.0,0.0,True,2 rings
sb-399885,6918649.0,8.382959,2.8356118,6918649,sb-399885,True,3.0,2.0,1.0,True,3 rings
meglutol,1662.0,10.221751,1.6758429,1662,meglutol,True,0.0,0.0,0.0,False,0 rings
epiestriol,68929.0,8.324259,-0.11454184,68929,epiestriol,True,4.0,1.0,3.0,True,4+ rings
prednisolone,5755.0,8.17713,-0.99052054,5755,prednisolone,True,4.0,0.0,4.0,True,4+ rings
ercalcitriol,9547243.0,2.556491,2.4746025,9547243,ercalcitriol,True,3.0,0.0,3.0,True,3 rings
fluvastatin,446155.0,10.739503,1.894329,446155,fluvastatin,True,3.0,3.0,0.0,True,3 rings
melatonin,896.0,11.380996,2.9236405,896,melatonin,True,2.0,2.0,0.0,True,2 rings
agomelatine,82148.0,10.956968,2.9249184,82148,agomelatine,True,2.0,2.0,0.0,True,2 rings
amd-3465,483559.0,9.352738,2.9660156,483559,amd-3465,True,3.0,2.0,1.0,True,3 rings
bipenamol,43961.0,9.550026,1.7967539,43961,bipenamol,True,2.0,2.0,0.0,True,2 rings
norfluoxetine,9797657.0,10.4623995,2.856447,9797657,norfluoxetine,True,2.0,2.0,0.0,True,2 rings
diiodothyropropionic-acid,160565.0,10.691084,2.1579375,160565,diiodothyropropionic-acid,True,2.0,2.0,0.0,True,2 rings
vercirnon,10343454.0,8.762101,2.5634294,10343454,vercirnon,True,3.0,3.0,0.0,True,3 rings
cmpd-1,11382492.0,10.0464735,3.167953,11382492,cmpd-1,True,3.0,3.0,0.0,True,3 rings
7-hydroxystaurosporine,3078519.0,9.417024,2.4356835,3078519,7-hydroxystaurosporine,True,8.0,5.0,3.0,True,4+ rings
mk-2295,11247522.0,9.09723,3.944545,11247522,mk-2295,True,4.0,4.0,0.0,True,4+ rings
gpi-1046,445501.0,9.411923,3.5982037,445501,gpi-1046,True,2.0,1.0,1.0,True,2 rings
cefsulodin,656576.0,13.318956,1.6205466,656576,cefsulodin,True,4.0,2.0,2.0,True,4+ rings
naftifine,47641.0,9.583995,2.7093887,47641,naftifine,True,3.0,3.0,0.0,True,3 rings
atipamezole,71310.0,11.380624,2.1890974,71310,atipamezole,True,3.0,2.0,1.0,True,3 rings
silver-sulfadiazine,5459124.0,8.328975,2.6391294,5459124,silver-sulfadiazine,True,2.0,2.0,0.0,True,2 rings
wnt-c59,57519544.0,9.573537,3.65967,57519544,wnt-c59,True,4.0,4.0,0.0,True,4+ rings
midodrine,13589226.0,8.92974,3.2227266,13589226,midodrine,True,1.0,1.0,0.0,True,1 ring
thalidomide,92142.0,9.096469,2.3370543,92142,thalidomide,True,3.0,1.0,2.0,True,3 rings
gw-501516,9803963.0,10.414664,2.1512012,9803963,gw-501516,True,3.0,3.0,0.0,True,3 rings
sari-59-801,92236766.0,10.157286,2.4431856,92236766,sari-59-801,True,3.0,3.0,0.0,True,3 rings
vch-916,,9.8281975,1.6678466,,vch-916,True,4.0,1.0,3.0,True,4+ rings
pipamperone,4830.0,10.29509,3.96136,4830,pipamperone,True,3.0,1.0,2.0,True,3 rings
kml29,71656212.0,9.072922,2.5422823,71656212,kml29,True,5.0,2.0,3.0,True,4+ rings
tyrphostin-ag-1478,2051.0,9.047545,4.1411743,2051,tyrphostin-ag-1478,True,3.0,3.0,0.0,True,3 rings
hydroflumethiazide,3647.0,8.335554,2.2299352,3647,hydroflumethiazide,True,2.0,1.0,1.0,True,2 rings
ldn193189,25195294.0,8.904157,2.5975502,25195294,ldn193189,True,6.0,5.0,1.0,True,4+ rings
a-366,76285486.0,9.135274,3.8353417,76285486,a-366,True,4.0,1.0,3.0,True,4+ rings
dextrorotation-nimorazole-phosphate-ester,25191609.0,8.660763,1.385911,25191609,dextrorotation-nimorazole-phosphate-ester,True,2.0,1.0,1.0,True,2 rings
latrunculin-b,6436219.0,9.197267,1.3863399,6436219,latrunculin-b,True,3.0,0.0,3.0,True,3 rings
pf-04136309,,10.215823,3.281258,,pf-04136309,True,5.0,3.0,2.0,True,4+ rings
ly3200882,121249291.0,9.304481,1.9232619,121249291,ly3200882,True,5.0,3.0,2.0,True,4+ rings
nevirapine,4463.0,9.315347,2.7003326,4463,nevirapine,True,4.0,2.0,2.0,True,4+ rings
jw-642,71656520.0,10.137643,2.724935,71656520,jw-642,True,3.0,2.0,1.0,True,3 rings
walrycin-b,3164070.0,9.11237,1.9168953,3164070,walrycin-b,True,3.0,1.0,2.0,True,3 rings
gefapixant,24764487.0,8.501198,2.6528654,24764487,gefapixant,True,2.0,2.0,0.0,True,2 rings
sulbactam-pivoxil,40537219.0,10.035505,1.4960946,40537219,sulbactam-pivoxil,True,2.0,0.0,2.0,True,2 rings
gr-235,146898.0,8.451049,-0.5495099,146898,gr-235,True,4.0,0.0,4.0,True,4+ rings
acetylcysteine,12035.0,11.093436,1.9912509,12035,acetylcysteine,True,0.0,0.0,0.0,False,0 rings
nizatidine,3033637.0,9.343246,1.5747633,3033637,nizatidine,True,1.0,1.0,0.0,True,1 ring
salicyl-alcohol,5146.0,9.694203,2.518678,5146,salicyl-alcohol,True,1.0,1.0,0.0,True,1 ring
mk2-in-1,53475321.0,9.289982,3.0088272,53475321,mk2-in-1,True,5.0,4.0,1.0,True,4+ rings
azd1080,10065474.0,9.099747,2.473213,10065474,azd1080,True,4.0,2.0,2.0,True,4+ rings
calpeptin,73364.0,10.767463,2.5004306,73364,calpeptin,True,1.0,1.0,0.0,True,1 ring
sr-1664,53239854.0,10.3433695,2.9083629,53239854,sr-1664,True,5.0,5.0,0.0,True,4+ rings
8-hydroxy-dpat,10125797.0,9.2626295,2.6696155,10125797,8-hydroxy-dpat,True,2.0,1.0,1.0,True,2 rings
tymazoline,34154.0,8.484225,1.8270656,34154,tymazoline,True,2.0,1.0,1.0,True,2 rings
4-(aminomethyl)benzoic-acid,65526.0,10.183982,2.6724405,65526,4-(aminomethyl)benzoic-acid,True,1.0,1.0,0.0,True,1 ring
linifanib,11485656.0,9.883004,3.4461002,11485656,linifanib,True,4.0,4.0,0.0,True,4+ rings
neurodazine,16112820.0,8.797244,2.710154,16112820,neurodazine,True,5.0,5.0,0.0,True,4+ rings
s15535,132787.0,9.08832,2.2150323,132787,s15535,True,5.0,2.0,3.0,True,4+ rings
selonsertib,71245288.0,10.033278,3.5187342,71245288,selonsertib,True,5.0,4.0,1.0,True,4+ rings
unc2250,,10.572257,1.3110226,,unc2250,True,4.0,2.0,2.0,True,4+ rings
necrostatin-1,738301.0,11.597897,2.808645,738301,necrostatin-1,True,3.0,2.0,1.0,True,3 rings
n-methylquipazine,5013.0,8.803665,2.7836916,5013,n-methylquipazine,True,3.0,2.0,1.0,True,3 rings
fruquintinib,44480399.0,9.0320835,4.063497,44480399,fruquintinib,True,4.0,4.0,0.0,True,4+ rings
levocarnitine-propionate,157837.0,10.611257,1.7375301,157837,levocarnitine-propionate,True,0.0,0.0,0.0,False,0 rings
ido5l,135424953.0,9.339473,2.0351276,135424953,ido5l,True,2.0,2.0,0.0,True,2 rings
faropenem-medoxomil,6918218.0,10.0164,1.5280124,6918218,faropenem-medoxomil,True,4.0,1.0,3.0,True,4+ rings
benfotiamine,3032771.0,10.3174515,2.2579815,3032771,benfotiamine,True,2.0,2.0,0.0,True,2 rings
pd-173074,1401.0,10.440603,3.0719342,1401,pd-173074,True,3.0,3.0,0.0,True,3 rings
r-96544,10668211.0,9.196476,3.0641046,10668211,r-96544,True,3.0,2.0,1.0,True,3 rings
spiroxatrine,6603993.0,9.294656,2.548781,6603993,spiroxatrine,True,5.0,2.0,3.0,True,4+ rings
mezlocillin,71729966.0,13.283053,1.9212849,71729966,mezlocillin,True,4.0,1.0,3.0,True,4+ rings
mitomycin-c,5746.0,9.95463,1.7719575,5746,mitomycin-c,True,4.0,0.0,4.0,True,4+ rings
rifabutin,,8.597637,0.62482417,,rifabutin,True,6.0,1.0,5.0,True,4+ rings
ch55,6184667.0,9.24363,3.0355642,6184667,ch55,True,2.0,2.0,0.0,True,2 rings
stemregenin-1,46199207.0,9.83142,2.6384394,46199207,stemregenin-1,True,5.0,5.0,0.0,True,4+ rings
clomipramine,2801.0,8.858682,3.849128,2801,clomipramine,True,3.0,2.0,1.0,True,3 rings
quizartinib,24889392.0,9.761503,3.4651926,24889392,quizartinib,True,6.0,5.0,1.0,True,4+ rings
tenovin-6,24772043.0,10.0312605,3.4270556,24772043,tenovin-6,True,2.0,2.0,0.0,True,2 rings
sb-216641,3292447.0,9.50886,3.530462,3292447,sb-216641,True,4.0,4.0,0.0,True,4+ rings
sb-221284,443389.0,9.439499,3.684103,443389,sb-221284,True,3.0,2.0,1.0,True,3 rings
benzoin,640038.0,10.436131,2.9097126,640038,benzoin,True,2.0,2.0,0.0,True,2 rings
ampicillin,7048611.0,13.281495,1.8743933,7048611,ampicillin,True,3.0,1.0,2.0,True,3 rings
fenbendazole,3334.0,7.9024777,2.8550315,3334,fenbendazole,True,3.0,3.0,0.0,True,3 rings
brinzolamide,68844.0,9.220988,1.661241,68844,brinzolamide,True,2.0,1.0,1.0,True,2 rings
agn-192403,124581813.0,9.206342,1.4967266,124581813,agn-192403,True,2.0,0.0,2.0,True,2 rings
caffeic-acid-phenethyl-ester,5281787.0,8.979118,3.0630279,5281787,caffeic-acid-phenethyl-ester,True,2.0,2.0,0.0,True,2 rings
pentolinium,5850.0,9.542335,1.3912718,5850,pentolinium,True,2.0,0.0,2.0,True,2 rings
methapyrilene,4098.0,9.383159,3.2240994,4098,methapyrilene,True,2.0,2.0,0.0,True,2 rings
ccg-50014,2733079.0,8.945977,1.9236308,2733079,ccg-50014,True,3.0,3.0,0.0,True,3 rings
pirenperone,4847.0,10.181708,3.9210575,4847,pirenperone,True,4.0,3.0,1.0,True,4+ rings
gue-1654,5066134.0,10.398142,3.0324469,5066134,gue-1654,True,5.0,5.0,0.0,True,4+ rings
ew-7197,54766013.0,8.926908,2.202505,54766013,ew-7197,True,5.0,5.0,0.0,True,4+ rings
spp301,9912992.0,8.508373,2.6614857,9912992,spp301,True,4.0,4.0,0.0,True,4+ rings
apd668,11705608.0,9.389342,1.8884094,11705608,apd668,True,4.0,3.0,1.0,True,4+ rings
cefdinir,6915944.0,13.428022,1.5160073,6915944,cefdinir,True,3.0,1.0,2.0,True,3 rings
gal-021,57340959.0,9.252626,1.6556802,57340959,gal-021,True,1.0,1.0,0.0,True,1 ring
rosuvastatin,446157.0,10.710976,1.844638,446157,rosuvastatin,True,2.0,2.0,0.0,True,2 rings
sun-b-8155,,9.3591585,2.4508102,,sun-b-8155,True,2.0,2.0,0.0,True,2 rings
gw-788388,10202642.0,9.7501745,3.0645626,10202642,gw-788388,True,5.0,4.0,1.0,True,4+ rings
citco,9600409.0,8.960601,2.31183,9600409,citco,True,4.0,4.0,0.0,True,4+ rings
bimu-8,,10.552223,2.8433108,,bimu-8,True,4.0,2.0,2.0,True,4+ rings
ru-28318,3034004.0,8.456932,-0.49909943,3034004,ru-28318,True,4.0,0.0,4.0,True,4+ rings
pralmorelin,6918245.0,11.603398,2.7246644,6918245,pralmorelin,True,5.0,5.0,0.0,True,4+ rings
1-hexadecanal,984.0,10.697667,1.1294713,984,1-hexadecanal,True,0.0,0.0,0.0,False,0 rings
aclidinium,11434515.0,10.42735,2.744165,11434515,aclidinium,True,6.0,3.0,3.0,True,4+ rings
su4312,6450842.0,9.3040085,2.9241264,6450842,su4312,True,3.0,2.0,1.0,True,3 rings
lipoamide,446116.0,10.441551,1.7582802,446116,lipoamide,True,1.0,0.0,1.0,True,1 ring
dimpylate,3017.0,9.222938,1.6489646,3017,dimpylate,True,1.0,1.0,0.0,True,1 ring
linsidomine,65388.0,8.978328,1.7837363,65388,linsidomine,True,2.0,1.0,1.0,True,2 rings
abt-702,1973.0,8.952232,2.5132225,1973,abt-702,True,5.0,4.0,1.0,True,4+ rings
cor-170,25033736.0,10.983347,1.4557918,25033736,cor-170,True,7.0,3.0,4.0,True,4+ rings
abt-202,39220800.0,9.065392,3.2493386,39220800,abt-202,True,2.0,1.0,1.0,True,2 rings
tauroglycocholate,119420.0,8.902281,-0.3889902,119420,tauroglycocholate,True,4.0,0.0,4.0,True,4+ rings
ly225910,4355450.0,11.5243025,2.8731012,4355450,ly225910,True,5.0,5.0,0.0,True,4+ rings
metaphit,114745.0,9.322525,2.0802255,114745,metaphit,True,3.0,1.0,2.0,True,3 rings
4egi-1,2831024.0,8.785212,2.2849073,2831024,4egi-1,True,3.0,3.0,0.0,True,3 rings
pfi-4,40642506.0,9.879581,3.5550494,40642506,pfi-4,True,4.0,3.0,1.0,True,4+ rings
chlorhexidine,9552079.0,10.097778,2.2556663,9552079,chlorhexidine,True,2.0,2.0,0.0,True,2 rings
afn-1252,10407120.0,9.587546,2.6156476,10407120,afn-1252,True,4.0,3.0,1.0,True,4+ rings
xl647,,9.012759,4.2344313,,xl647,True,5.0,3.0,2.0,True,4+ rings
genz-123346,23652732.0,11.08021,1.2804351,23652732,genz-123346,True,3.0,1.0,2.0,True,3 rings
pirozadil,68711.0,9.09747,3.342954,68711,pirozadil,True,3.0,3.0,0.0,True,3 rings
idazoxan,12866829.0,8.502339,1.8496239,12866829,idazoxan,True,3.0,1.0,2.0,True,3 rings
potassium-iodide,,9.0794735,1.7070956,,potassium-iodide,True,0.0,0.0,0.0,False,0 rings
1-naphthyl-pp1,4877.0,9.043517,2.341163,4877,1-naphthyl-pp1,True,4.0,4.0,0.0,True,4+ rings
s-17092,9929984.0,9.634397,2.2424624,9929984,s-17092,True,5.0,1.0,4.0,True,4+ rings
flupentixol,5281881.0,8.785048,3.864632,5281881,flupentixol,True,4.0,2.0,2.0,True,4+ rings
olaparib,23725625.0,9.870793,2.4263494,23725625,olaparib,True,5.0,3.0,2.0,True,4+ rings
jd-5037,66553204.0,8.521818,2.6239336,66553204,jd-5037,True,4.0,3.0,1.0,True,4+ rings
amg-517,16007367.0,9.771835,3.3439271,16007367,amg-517,True,4.0,4.0,0.0,True,4+ rings
sgx523,24779724.0,9.03007,2.7299566,24779724,sgx523,True,5.0,5.0,0.0,True,4+ rings
thiazovivin,46209426.0,10.028341,2.9116006,46209426,thiazovivin,True,3.0,3.0,0.0,True,3 rings
candesartan-cilexetil,51399532.0,10.941554,3.2930446,51399532,candesartan-cilexetil,True,6.0,5.0,1.0,True,4+ rings
motesanib,11667893.0,9.689383,3.4050841,11667893,motesanib,True,4.0,3.0,1.0,True,4+ rings
uk-383367,9818682.0,10.069348,1.7724742,9818682,uk-383367,True,2.0,1.0,1.0,True,2 rings
erdosteine,40467037.0,10.373706,1.8165108,40467037,erdosteine,True,1.0,0.0,1.0,True,1 ring
glycerol-monolaurate,656773.0,10.904857,1.1750487,656773,glycerol-monolaurate,True,0.0,0.0,0.0,False,0 rings
hydroxyprogesterone,6238.0,8.414086,-0.562619,6238,hydroxyprogesterone,True,4.0,0.0,4.0,True,4+ rings
uracil,1174.0,9.02153,1.7003366,1174,uracil,True,1.0,1.0,0.0,True,1 ring
bucladesine,9687.0,10.381774,-0.59665644,9687,bucladesine,True,4.0,2.0,2.0,True,4+ rings
hexasodium-phytate,,9.773868,1.3675843,,hexasodium-phytate,True,1.0,0.0,1.0,True,1 ring
iem1460,3248290.0,9.726927,1.299194,3248290,iem1460,True,4.0,0.0,4.0,True,4+ rings
am-1241,23583507.0,9.887566,2.6547515,23583507,am-1241,True,4.0,3.0,1.0,True,4+ rings
lamotrigine,3878.0,8.850515,2.045863,3878,lamotrigine,True,2.0,2.0,0.0,True,2 rings
dihydroergotamine,10531.0,11.099487,2.7863426,10531,dihydroergotamine,True,8.0,3.0,5.0,True,4+ rings
baz2-icr,91654625.0,8.871932,1.7983433,91654625,baz2-icr,True,4.0,4.0,0.0,True,4+ rings
d-3263,44137358.0,9.025574,2.9518874,44137358,d-3263,True,3.0,2.0,1.0,True,3 rings
acetyl-l-leucine,70912.0,10.971101,2.0828748,70912,acetyl-l-leucine,True,0.0,0.0,0.0,False,0 rings
cid-2011756,2011756.0,9.629085,3.379063,2011756,cid-2011756,True,4.0,3.0,1.0,True,4+ rings
lm-22a4,2054170.0,10.137774,2.5935347,2054170,lm-22a4,True,1.0,1.0,0.0,True,1 ring
trimethoprim,5578.0,8.604384,3.0932128,5578,trimethoprim,True,2.0,2.0,0.0,True,2 rings
sangivamycin,14978.0,10.424334,-0.5827141,14978,sangivamycin,True,3.0,2.0,1.0,True,3 rings
l-monomethylarginine,73046.0,11.30622,2.0221841,73046,l-monomethylarginine,True,0.0,0.0,0.0,False,0 rings
ly2183240,11507802.0,10.287652,2.6122613,11507802,ly2183240,True,3.0,3.0,0.0,True,3 rings
ly2510924,,10.801944,2.4798317,,ly2510924,True,5.0,4.0,1.0,True,4+ rings
chlorpropamide,2727.0,8.569189,2.6917129,2727,chlorpropamide,True,1.0,1.0,0.0,True,1 ring
amiloride,16231.0,10.020016,1.8754886,16231,amiloride,True,1.0,1.0,0.0,True,1 ring
nastorazepide,9872609.0,10.035973,3.2934577,9872609,nastorazepide,True,4.0,2.0,2.0,True,4+ rings
nsc-5844,221354.0,9.13445,3.3714693,221354,nsc-5844,True,4.0,4.0,0.0,True,4+ rings
malic-acid,222656.0,10.695141,1.8336663,222656,malic-acid,True,0.0,0.0,0.0,False,0 rings
ergonovine,443884.0,11.093009,2.7322416,443884,ergonovine,True,4.0,2.0,2.0,True,4+ rings
pf-915275,23725123.0,8.264929,2.6988657,23725123,pf-915275,True,3.0,3.0,0.0,True,3 rings
cym-50260,44620894.0,9.093229,2.1371324,44620894,cym-50260,True,2.0,2.0,0.0,True,2 rings
phentolamine,5775.0,8.505406,1.7870772,5775,phentolamine,True,3.0,2.0,1.0,True,3 rings
ractopamine,9862660.0,10.98063,3.0869875,9862660,ractopamine,True,2.0,2.0,0.0,True,2 rings
fludrocortisone-acetate,225609.0,8.194932,-0.94269115,225609,fludrocortisone-acetate,True,4.0,0.0,4.0,True,4+ rings
ntrc-824,101873359.0,8.543622,2.675478,101873359,ntrc-824,True,3.0,3.0,0.0,True,3 rings
doconexent,445580.0,11.1360855,1.2224743,445580,doconexent,True,0.0,0.0,0.0,False,0 rings
"2-ethyl-1,3-hexanediol",7057924.0,10.257213,1.1117646,7057924,"2-ethyl-1,3-hexanediol",True,0.0,0.0,0.0,False,0 rings
adelmidrol,176874.0,10.42041,1.9477355,176874,adelmidrol,True,0.0,0.0,0.0,False,0 rings
2-oleoylglycerol,5319879.0,11.103876,1.0973922,5319879,2-oleoylglycerol,True,0.0,0.0,0.0,False,0 rings
mdl-73005ef,6604719.0,9.071835,2.323954,6604719,mdl-73005ef,True,4.0,1.0,3.0,True,4+ rings
sinefungin,65482.0,10.405627,-0.6020388,65482,sinefungin,True,3.0,2.0,1.0,True,3 rings
zd-2079,158794.0,10.438576,3.0028117,158794,zd-2079,True,2.0,2.0,0.0,True,2 rings
temefos,5392.0,9.046003,1.8802998,5392,temefos,True,2.0,2.0,0.0,True,2 rings
src-kinase-inhibitor-i,1474853.0,9.022558,4.157777,1474853,src-kinase-inhibitor-i,True,4.0,4.0,0.0,True,4+ rings
rimeporide,9799487.0,9.983949,1.822412,9799487,rimeporide,True,1.0,1.0,0.0,True,1 ring
ccg-63802,6057678.0,9.285045,2.4667904,6057678,ccg-63802,True,5.0,5.0,0.0,True,4+ rings
bfh772,24756034.0,9.950123,3.582757,24756034,bfh772,True,4.0,4.0,0.0,True,4+ rings
thonzonium,5456.0,10.613163,1.3515546,5456,thonzonium,True,2.0,2.0,0.0,True,2 rings
ky02111,8582409.0,8.808102,3.3144763,8582409,ky02111,True,3.0,3.0,0.0,True,3 rings
7-chlorokynurenic-acid,1884.0,9.869999,2.2097707,1884,7-chlorokynurenic-acid,True,2.0,2.0,0.0,True,2 rings
pyrazinamide,1046.0,9.765698,1.9942786,1046,pyrazinamide,True,1.0,1.0,0.0,True,1 ring
fexinidazole,68792.0,8.715583,1.5201534,68792,fexinidazole,True,2.0,2.0,0.0,True,2 rings
cct137690,25154041.0,8.786143,2.6971974,25154041,cct137690,True,6.0,4.0,2.0,True,4+ rings
rs-39604,5145950.0,10.463855,3.772139,5145950,rs-39604,True,3.0,2.0,1.0,True,3 rings
fk-962,9816738.0,9.872405,3.243888,9816738,fk-962,True,2.0,1.0,1.0,True,2 rings
way-208466,10337743.0,9.124668,2.9313793,10337743,way-208466,True,3.0,3.0,0.0,True,3 rings
nefiracetam,71157.0,10.072358,3.6805344,71157,nefiracetam,True,2.0,1.0,1.0,True,2 rings
tocofersolan,9938056.0,10.240085,1.2542077,9938056,tocofersolan,True,2.0,1.0,1.0,True,2 rings
7-methylxanthine,68374.0,8.704639,1.5718211,68374,7-methylxanthine,True,2.0,2.0,0.0,True,2 rings
n-oxydiethylenebenzothiazole-2-sulfenamide,7619.0,9.078229,2.4379556,7619,n-oxydiethylenebenzothiazole-2-sulfenamide,True,3.0,2.0,1.0,True,3 rings
bts-54505,9900576.0,9.814444,1.6983774,9900576,bts-54505,True,2.0,1.0,1.0,True,2 rings
neo-gilurytmal,,9.389889,2.2770262,,neo-gilurytmal,True,7.0,1.0,6.0,True,4+ rings
iacs-10759,86711931.0,8.83585,2.1580682,86711931,iacs-10759,True,5.0,4.0,1.0,True,4+ rings
adipic-acid,22494954.0,10.586636,1.8102456,22494954,adipic-acid,True,0.0,0.0,0.0,False,0 rings
valpromide,71113.0,10.370225,1.6703118,71113,valpromide,True,0.0,0.0,0.0,False,0 rings
abametapir,15664.0,8.825178,2.0710578,15664,abametapir,True,2.0,2.0,0.0,True,2 rings
nepafenac,151075.0,10.14941,2.6704106,151075,nepafenac,True,2.0,2.0,0.0,True,2 rings
oxyphencyclimine,688541.0,10.486257,3.1114547,688541,oxyphencyclimine,True,3.0,1.0,2.0,True,3 rings
fosamprenavir,131536.0,8.484162,2.6251326,131536,fosamprenavir,True,3.0,2.0,1.0,True,3 rings
ml314,53245590.0,9.067033,3.9770837,53245590,ml314,True,5.0,3.0,2.0,True,4+ rings
bromperidol,2448.0,10.326373,3.9857035,2448,bromperidol,True,3.0,2.0,1.0,True,3 rings
avl-292,59174488.0,9.035263,3.7353096,59174488,avl-292,True,3.0,3.0,0.0,True,3 rings
nlg919,70874604.0,9.580617,2.011828,70874604,nlg919,True,4.0,2.0,2.0,True,4+ rings
soraprazan,213054.0,9.491597,2.5591578,213054,soraprazan,True,4.0,3.0,1.0,True,4+ rings
probenecid,4911.0,10.162611,2.554434,4911,probenecid,True,1.0,1.0,0.0,True,1 ring
sib-1553a,10609936.0,9.2844305,2.504164,10609936,sib-1553a,True,2.0,1.0,1.0,True,2 rings
pimonidazole,6713657.0,9.450811,1.560959,6713657,pimonidazole,True,2.0,1.0,1.0,True,2 rings
niguldipine-(s)-(+),60602.0,12.225141,4.1810203,60602,niguldipine-(s)-(+),True,5.0,3.0,2.0,True,4+ rings
piperine,638024.0,9.08218,2.5822663,638024,piperine,True,3.0,1.0,2.0,True,3 rings
nutlin-3,11433190.0,8.982059,2.745821,11433190,nutlin-3,True,5.0,3.0,2.0,True,4+ rings
trans-4-methoxycinnamic-acid,699414.0,8.937251,3.0187569,699414,trans-4-methoxycinnamic-acid,True,1.0,1.0,0.0,True,1 ring
lornoxicam,54690031.0,9.516081,3.2052152,54690031,lornoxicam,True,3.0,2.0,1.0,True,3 rings
4sc-202,15985904.0,8.915578,2.9064734,15985904,4sc-202,True,4.0,4.0,0.0,True,4+ rings
clonidine,2803.0,8.374838,1.7341865,2803,clonidine,True,2.0,1.0,1.0,True,2 rings
"3,3'-dichlorobenzaldazine",6861557.0,9.271152,2.503496,6861557,"3,3'-dichlorobenzaldazine",True,2.0,2.0,0.0,True,2 rings
uh-232-(+),6604756.0,8.860451,3.1420388,6604756,uh-232-(+),True,2.0,1.0,1.0,True,2 rings
valspodar,5281884.0,9.347906,1.2613657,5281884,valspodar,True,1.0,0.0,1.0,True,1 ring
nsi-189,50922681.0,9.982935,3.0504835,50922681,nsi-189,True,3.0,2.0,1.0,True,3 rings
benzbromarone,2333.0,9.830923,2.6478312,2333,benzbromarone,True,3.0,3.0,0.0,True,3 rings
diacerein,26248.0,9.695357,2.8946,26248,diacerein,True,3.0,2.0,1.0,True,3 rings
trifloxystrobin,11664966.0,10.085774,3.1040146,11664966,trifloxystrobin,True,2.0,2.0,0.0,True,2 rings
"trans-10,cis-12-conjugated-linoleic-acid",5282800.0,11.140666,1.1784961,5282800,"trans-10,cis-12-conjugated-linoleic-acid",True,0.0,0.0,0.0,False,0 rings
bio-1211,9961766.0,11.060775,2.3628201,9961766,bio-1211,True,3.0,2.0,1.0,True,3 rings
nalbuphine,5311304.0,6.269761,5.2417974,5311304,nalbuphine,True,6.0,1.0,5.0,True,4+ rings
bretylium,2431.0,9.881401,1.6853317,2431,bretylium,True,1.0,1.0,0.0,True,1 ring
ioxaglic-acid,3742.0,10.2206545,1.4746568,3742,ioxaglic-acid,True,2.0,2.0,0.0,True,2 rings
win-18446,15134.0,10.383213,1.7576956,15134,win-18446,True,0.0,0.0,0.0,False,0 rings
golgicide-a,1085377.0,9.259487,3.5042865,1085377,golgicide-a,True,4.0,2.0,2.0,True,4+ rings
cefmetazole,42008.0,13.272164,1.5972226,42008,cefmetazole,True,3.0,1.0,2.0,True,3 rings
pimethixene,4822.0,9.045668,3.196691,4822,pimethixene,True,4.0,2.0,2.0,True,4+ rings
prisotinol,76965811.0,9.42726,2.3527393,76965811,prisotinol,True,1.0,1.0,0.0,True,1 ring
sulfafurazole,5344.0,8.192812,2.699462,5344,sulfafurazole,True,2.0,2.0,0.0,True,2 rings
beta-carotene,5280489.0,10.506109,0.58543605,5280489,beta-carotene,True,2.0,0.0,2.0,True,2 rings
psb-11,,9.341819,2.3601792,,psb-11,True,4.0,2.0,2.0,True,4+ rings
cephalexin,6560168.0,13.319706,1.6448566,6560168,cephalexin,True,3.0,1.0,2.0,True,3 rings
melanotan-ii,134812787.0,11.564379,2.5434055,134812787,melanotan-ii,True,5.0,4.0,1.0,True,4+ rings
iodophenpropit,3035746.0,11.567663,2.1949866,3035746,iodophenpropit,True,2.0,2.0,0.0,True,2 rings
vx-765,11398092.0,10.56667,2.422286,11398092,vx-765,True,3.0,1.0,2.0,True,3 rings
bleomycetin,92135919.0,9.853056,0.35104015,92135919,bleomycetin,True,6.0,4.0,2.0,True,4+ rings
mexiletine,180621.0,10.2987995,1.9965221,180621,mexiletine,True,1.0,1.0,0.0,True,1 ring
y-134,11784736.0,9.485037,2.396187,11784736,y-134,True,5.0,4.0,1.0,True,4+ rings
fpl-62064,128268.0,9.053519,2.9340217,128268,fpl-62064,True,3.0,3.0,0.0,True,3 rings
chlormadinone-acetate,9324.0,8.421225,-0.5256251,9324,chlormadinone-acetate,True,4.0,0.0,4.0,True,4+ rings
prinomastat,466151.0,8.919416,2.589101,466151,prinomastat,True,3.0,2.0,1.0,True,3 rings
givinostat,9804992.0,10.129547,3.505083,9804992,givinostat,True,3.0,3.0,0.0,True,3 rings
imexon,24822698.0,9.015315,1.5323069,24822698,imexon,True,2.0,0.0,2.0,True,2 rings
antioxine,10364.0,9.761198,2.1142724,10364,antioxine,True,1.0,1.0,0.0,True,1 ring
amthamine,126688.0,9.303314,1.5942413,126688,amthamine,True,1.0,1.0,0.0,True,1 ring
bl-5583,95864.0,9.798814,2.761603,95864,bl-5583,True,2.0,2.0,0.0,True,2 rings
robalzotan,3055171.0,9.84083,1.7476517,3055171,robalzotan,True,4.0,1.0,3.0,True,4+ rings
indatraline,126280.0,9.202298,2.1170943,126280,indatraline,True,3.0,2.0,1.0,True,3 rings
acetanilide,904.0,9.94382,3.3157246,904,acetanilide,True,1.0,1.0,0.0,True,1 ring
riodipine,68909.0,11.9751005,3.9979837,68909,riodipine,True,2.0,1.0,1.0,True,2 rings
clonixin-lysinate,9822751.0,10.848449,2.533953,9822751,clonixin-lysinate,True,2.0,2.0,0.0,True,2 rings
ro-9187,11514721.0,10.589684,-0.6158794,11514721,ro-9187,True,2.0,1.0,1.0,True,2 rings
cladribine,20279.0,10.487722,-0.6726895,20279,cladribine,True,3.0,2.0,1.0,True,3 rings
pipofezine,159977.0,8.903188,2.7851148,159977,pipofezine,True,4.0,2.0,2.0,True,4+ rings
resorcinol,5054.0,9.455361,2.4627628,5054,resorcinol,True,1.0,1.0,0.0,True,1 ring
cinpa-1,969470.0,9.504371,3.6801364,969470,cinpa-1,True,3.0,2.0,1.0,True,3 rings
salicin,439503.0,9.710141,0.18635808,439503,salicin,True,2.0,1.0,1.0,True,2 rings
almorexant,23727689.0,8.847598,3.377063,23727689,almorexant,True,4.0,3.0,1.0,True,4+ rings
levcromakalim,93504.0,8.38407,0.8854245,93504,levcromakalim,True,3.0,1.0,2.0,True,3 rings
o-acetyl-l-serine,99478.0,10.96229,1.7730564,99478,o-acetyl-l-serine,True,0.0,0.0,0.0,False,0 rings
php-501,46204221.0,9.385165,2.3701472,46204221,php-501,True,4.0,3.0,1.0,True,4+ rings
chlorindanol,8961.0,9.35581,2.2105184,8961,chlorindanol,True,2.0,1.0,1.0,True,2 rings
way-362450,10026128.0,9.631392,2.8579137,10026128,way-362450,True,4.0,3.0,1.0,True,4+ rings
"l-732,138",44396853.0,11.554983,2.8311422,44396853,"l-732,138",True,3.0,3.0,0.0,True,3 rings
ospemifene,3036505.0,10.392882,3.0964813,3036505,ospemifene,True,3.0,3.0,0.0,True,3 rings
thioguanine,2723601.0,8.656802,1.7154776,2723601,thioguanine,True,2.0,2.0,0.0,True,2 rings
sarafloxacin,56208.0,12.160253,0.6944678,56208,sarafloxacin,True,4.0,3.0,1.0,True,4+ rings
clevudine,73115.0,10.722385,-0.8178521,73115,clevudine,True,2.0,1.0,1.0,True,2 rings
"hydroxytacrine-maleate-(r,s)",667530.0,9.137112,2.5325346,667530,"hydroxytacrine-maleate-(r,s)",True,3.0,2.0,1.0,True,3 rings
droloxifene,3033767.0,10.334913,3.2186904,3033767,droloxifene,True,3.0,3.0,0.0,True,3 rings
dapsone,2955.0,8.438209,2.5723152,2955,dapsone,True,2.0,2.0,0.0,True,2 rings
xenalipin,55251.0,10.042305,3.2464273,55251,xenalipin,True,2.0,2.0,0.0,True,2 rings
candicidin,,10.241814,1.6062794,,candicidin,True,3.0,1.0,2.0,True,3 rings
bevenopran,10452732.0,8.670172,3.3613207,10452732,bevenopran,True,3.0,2.0,1.0,True,3 rings
gmx1778,148198.0,9.914299,2.5185583,148198,gmx1778,True,2.0,2.0,0.0,True,2 rings
octopamine,657354.0,10.202429,2.5488076,657354,octopamine,True,1.0,1.0,0.0,True,1 ring
zileuton,10681296.0,10.064775,2.120821,10681296,zileuton,True,2.0,2.0,0.0,True,2 rings
mevastatin,64715.0,9.925944,1.5933197,64715,mevastatin,True,3.0,0.0,3.0,True,3 rings
decitabine,451668.0,10.6340885,-0.75774217,451668,decitabine,True,2.0,1.0,1.0,True,2 rings
phenoxybenzamine,657233.0,10.254685,2.8020816,657233,phenoxybenzamine,True,2.0,2.0,0.0,True,2 rings
casin,1600664.0,9.816324,2.5885248,1600664,casin,True,4.0,3.0,1.0,True,4+ rings
sivelestat,107706.0,10.150246,3.0933547,107706,sivelestat,True,2.0,2.0,0.0,True,2 rings
procaterol,688561.0,10.847452,2.8609354,688561,procaterol,True,2.0,2.0,0.0,True,2 rings
bemegride,2310.0,9.0570755,1.4625186,2310,bemegride,True,1.0,0.0,1.0,True,1 ring
cudc-907,54575456.0,9.4150915,2.9380026,54575456,cudc-907,True,5.0,4.0,1.0,True,4+ rings
mdivi-1,3825829.0,9.106206,2.7710407,3825829,mdivi-1,True,3.0,3.0,0.0,True,3 rings
delafloxacin,487101.0,12.200512,0.6623257,487101,delafloxacin,True,4.0,3.0,1.0,True,4+ rings
oridonin,5321010.0,9.205285,1.1465225,5321010,oridonin,True,6.0,0.0,6.0,True,4+ rings
dolastatin-10,9810929.0,10.773085,2.4877458,9810929,dolastatin-10,True,3.0,2.0,1.0,True,3 rings
cleviprex,22884799.0,12.003429,4.010249,22884799,cleviprex,True,2.0,1.0,1.0,True,2 rings
fiacitabine,50312.0,10.616759,-0.72034466,50312,fiacitabine,True,2.0,1.0,1.0,True,2 rings
sclareol,56842011.0,9.417512,1.3108575,56842011,sclareol,True,2.0,0.0,2.0,True,2 rings
pirenoxine,4846.0,9.796848,2.2727766,4846,pirenoxine,True,4.0,2.0,2.0,True,4+ rings
apixaban,10182969.0,8.8986845,2.7731004,10182969,apixaban,True,5.0,3.0,2.0,True,4+ rings
vx-11e,11634725.0,9.701514,3.1928027,11634725,vx-11e,True,4.0,4.0,0.0,True,4+ rings
setiptiline,5205.0,9.178104,2.8073351,5205,setiptiline,True,4.0,2.0,2.0,True,4+ rings
cgp-53353,6711154.0,8.937162,2.0870726,6711154,cgp-53353,True,4.0,3.0,1.0,True,4+ rings
bafetinib,11387605.0,9.679676,3.8223007,11387605,bafetinib,True,5.0,4.0,1.0,True,4+ rings
brl-52537,14810948.0,9.513357,2.5203009,14810948,brl-52537,True,3.0,1.0,2.0,True,3 rings
narasin,,10.452492,1.7027552,,narasin,True,5.0,0.0,5.0,True,4+ rings
diosmin,5281613.0,9.519012,0.46889916,5281613,diosmin,True,5.0,3.0,2.0,True,4+ rings
ribostamycin,33042.0,9.670426,0.086830184,33042,ribostamycin,True,3.0,0.0,3.0,True,3 rings
evatanepag,9890801.0,9.374935,3.6594255,9890801,evatanepag,True,3.0,3.0,0.0,True,3 rings
sr-2640,128355.0,10.214409,3.2232635,128355,sr-2640,True,4.0,4.0,0.0,True,4+ rings
sib-1893,5311432.0,9.267616,2.482956,5311432,sib-1893,True,2.0,2.0,0.0,True,2 rings
anpirtoline,65854.0,8.994474,1.9880993,65854,anpirtoline,True,2.0,1.0,1.0,True,2 rings
bci-540,214346.0,9.742587,1.655485,214346,bci-540,True,4.0,2.0,2.0,True,4+ rings
gsk2126458,25167777.0,8.818429,2.462012,25167777,gsk2126458,True,5.0,5.0,0.0,True,4+ rings
indole-3-carbinol,3712.0,11.45765,2.8477855,3712,indole-3-carbinol,True,2.0,2.0,0.0,True,2 rings
pf-03882845,101541332.0,9.94397,2.326913,101541332,pf-03882845,True,5.0,2.0,3.0,True,4+ rings
oritavancin,16136912.0,9.67997,0.2202907,16136912,oritavancin,True,15.0,7.0,8.0,True,4+ rings
n-hydroxynicotinamide,71211.0,9.41481,3.6582696,71211,n-hydroxynicotinamide,True,1.0,1.0,0.0,True,1 ring
betamethasone-phosphate,107782.0,8.000879,-1.2244266,107782,betamethasone-phosphate,True,4.0,0.0,4.0,True,4+ rings
symclosene,6909.0,8.972509,1.7711147,6909,symclosene,True,1.0,1.0,0.0,True,1 ring
imreg-1,7021857.0,11.061087,2.328164,7021857,imreg-1,True,1.0,1.0,0.0,True,1 ring
anisomycin,253602.0,8.983435,2.950079,253602,anisomycin,True,2.0,1.0,1.0,True,2 rings
talinolol,156154.0,11.088387,3.9898067,156154,talinolol,True,2.0,1.0,1.0,True,2 rings
androsterone,5879.0,8.864287,-0.050355922,5879,androsterone,True,4.0,0.0,4.0,True,4+ rings
n6022,44623946.0,10.488565,1.8936201,44623946,n6022,True,4.0,4.0,0.0,True,4+ rings
bitopertin,24946690.0,8.798313,2.3962088,24946690,bitopertin,True,3.0,2.0,1.0,True,3 rings
4bp-tqs,6979017.0,8.547273,2.42001,6979017,4bp-tqs,True,4.0,2.0,2.0,True,4+ rings
glucosamine,441477.0,9.763853,0.24247277,441477,glucosamine,True,1.0,0.0,1.0,True,1 ring
hyodeoxycholic-acid,5283820.0,8.909971,-0.3718532,5283820,hyodeoxycholic-acid,True,4.0,0.0,4.0,True,4+ rings
loratadine,3957.0,9.20088,2.7766461,3957,loratadine,True,4.0,2.0,2.0,True,4+ rings
asenapine,163091.0,8.894939,2.8249958,163091,asenapine,True,4.0,2.0,2.0,True,4+ rings
cinacalcet,156419.0,10.264339,2.9011393,156419,cinacalcet,True,3.0,3.0,0.0,True,3 rings
aliskiren-hemifumarate,5493444.0,10.489131,2.290469,5493444,aliskiren-hemifumarate,True,1.0,1.0,0.0,True,1 ring
tenilsetam,52539208.0,8.985331,1.6467013,52539208,tenilsetam,True,2.0,1.0,1.0,True,2 rings
dcebio,656765.0,8.958143,1.722679,656765,dcebio,True,2.0,2.0,0.0,True,2 rings
tiotropium,,10.62756,2.8750541,,tiotropium,True,5.0,2.0,3.0,True,4+ rings
sb-205384,15991599.0,9.810864,1.7322012,15991599,sb-205384,True,3.0,2.0,1.0,True,3 rings
lta,10219864.0,9.892624,2.6652434,10219864,lta,True,2.0,2.0,0.0,True,2 rings
benzydamine,12555.0,9.861387,2.9116158,12555,benzydamine,True,3.0,3.0,0.0,True,3 rings
sulfamethizole,5328.0,8.218902,2.7050476,5328,sulfamethizole,True,2.0,2.0,0.0,True,2 rings
methoxyflurane,4116.0,9.166455,1.6122433,4116,methoxyflurane,True,0.0,0.0,0.0,False,0 rings
l-ascorbyl-6-palmitate,,10.916969,1.1630238,,l-ascorbyl-6-palmitate,True,1.0,0.0,1.0,True,1 ring
zln024,1825716.0,8.944745,2.1367776,1825716,zln024,True,2.0,2.0,0.0,True,2 rings
etifoxine,135564604.0,9.483676,2.390893,135564604,etifoxine,True,3.0,2.0,1.0,True,3 rings
amodiaquine,3647519.0,9.139999,3.389996,3647519,amodiaquine,True,3.0,3.0,0.0,True,3 rings
moxifloxacin,40467042.0,12.205361,0.6636649,40467042,moxifloxacin,True,5.0,2.0,3.0,True,4+ rings
apremilast,11561674.0,9.848661,3.538587,11561674,apremilast,True,3.0,2.0,1.0,True,3 rings
sardomozide,9576789.0,9.508825,2.1557705,9576789,sardomozide,True,2.0,1.0,1.0,True,2 rings
rg2833,56654642.0,10.343011,2.9355447,56654642,rg2833,True,2.0,2.0,0.0,True,2 rings
zafirlukast,5717.0,9.224321,3.5016198,5717,zafirlukast,True,5.0,4.0,1.0,True,4+ rings
cgs-9896,108030.0,8.978118,2.4609897,108030,cgs-9896,True,4.0,4.0,0.0,True,4+ rings
mk-1775,24856436.0,8.497815,3.6903882,24856436,mk-1775,True,5.0,4.0,1.0,True,4+ rings
acepromazine,6077.0,8.757495,3.941869,6077,acepromazine,True,3.0,2.0,1.0,True,3 rings
methylbenactyzium-bromide,4134.0,10.718892,2.9632382,4134,methylbenactyzium-bromide,True,2.0,2.0,0.0,True,2 rings
tribromoethanol,6400.0,9.5518,1.547582,6400,tribromoethanol,True,0.0,0.0,0.0,False,0 rings
oco-1112,3081027.0,10.356022,2.850866,3081027,oco-1112,True,2.0,2.0,0.0,True,2 rings
exifone,40399.0,9.919522,2.3640425,40399,exifone,True,2.0,2.0,0.0,True,2 rings
rislenemdaz,11394238.0,9.491827,2.845291,11394238,rislenemdaz,True,3.0,2.0,1.0,True,3 rings
methoxamine,657286.0,8.891077,3.2368147,657286,methoxamine,True,1.0,1.0,0.0,True,1 ring
2-phenylmelatonin,4018512.0,11.036599,2.954791,4018512,2-phenylmelatonin,True,3.0,3.0,0.0,True,3 rings
sx-011,9935015.0,9.607659,2.5670037,9935015,sx-011,True,4.0,3.0,1.0,True,4+ rings
clobutinol,,9.930064,1.9401455,,clobutinol,True,1.0,1.0,0.0,True,1 ring
mofezolac,4237.0,8.98053,2.8611271,4237,mofezolac,True,3.0,3.0,0.0,True,3 rings
"4,5,6,7-tetrabromobenzotriazole",1694.0,9.016467,1.6248058,1694,"4,5,6,7-tetrabromobenzotriazole",True,2.0,2.0,0.0,True,2 rings
n-[2-(piperidinylamino)ethyl]-4-iodobenzamide,127898.0,10.033717,3.219428,127898,n-[2-(piperidinylamino)ethyl]-4-iodobenzamide,True,2.0,1.0,1.0,True,2 rings
argatroban,152951.0,11.255505,1.9556831,152951,argatroban,True,3.0,1.0,2.0,True,3 rings
dequalinium,2993.0,9.259904,2.0788114,2993,dequalinium,True,4.0,4.0,0.0,True,4+ rings
incyclinide,,10.257438,1.0352913,,incyclinide,True,4.0,1.0,3.0,True,4+ rings
vx-702,10341154.0,9.866694,2.351786,10341154,vx-702,True,3.0,3.0,0.0,True,3 rings
sr-33805,9850876.0,8.809522,3.3706217,9850876,sr-33805,True,4.0,4.0,0.0,True,4+ rings
wp1130,11222830.0,10.32494,2.9549227,11222830,wp1130,True,2.0,2.0,0.0,True,2 rings
ns-19504,727750.0,8.980661,1.9314357,727750,ns-19504,True,2.0,2.0,0.0,True,2 rings
broxaldine,77262.0,10.221061,2.8921378,77262,broxaldine,True,3.0,3.0,0.0,True,3 rings
rifapentine,136238508.0,8.6282,0.68472296,136238508,rifapentine,True,7.0,2.0,5.0,True,4+ rings
fh-535,3463933.0,8.323692,2.1977298,3463933,fh-535,True,2.0,2.0,0.0,True,2 rings
pelanserin,65435.0,9.769078,3.6888819,65435,pelanserin,True,4.0,3.0,1.0,True,4+ rings
azd4282,750.0,10.307571,1.8500854,750,azd4282,True,0.0,0.0,0.0,False,0 rings
neohesperidin-dihydrochalcone,30231.0,9.656124,0.28126693,30231,neohesperidin-dihydrochalcone,True,4.0,2.0,2.0,True,4+ rings
cgp-37157,6604821.0,9.153223,2.3208425,6604821,cgp-37157,True,3.0,2.0,1.0,True,3 rings
tandospirone,91273.0,9.68602,4.0224676,91273,tandospirone,True,5.0,1.0,4.0,True,4+ rings
sameridine,65996.0,11.07622,1.3079818,65996,sameridine,True,2.0,1.0,1.0,True,2 rings
hmn-214,9888590.0,8.829396,3.0012686,9888590,hmn-214,True,3.0,3.0,0.0,True,3 rings
wdr5-0103,6457069.0,9.667326,3.451278,6457069,wdr5-0103,True,3.0,2.0,1.0,True,3 rings
tioguanine,2724387.0,10.454207,-0.53166336,2724387,tioguanine,True,3.0,2.0,1.0,True,3 rings
difluprednate,443936.0,8.051212,-1.1649346,443936,difluprednate,True,4.0,0.0,4.0,True,4+ rings
befuraline,68664.0,9.934452,2.8433814,68664,befuraline,True,4.0,3.0,1.0,True,4+ rings
clopidogrel,60606.0,9.85366,2.8361719,60606,clopidogrel,True,3.0,2.0,1.0,True,3 rings
tipelukast,9893228.0,10.746494,1.8333734,9893228,tipelukast,True,2.0,2.0,0.0,True,2 rings
jdtic,9956146.0,9.642399,2.4756496,9956146,jdtic,True,4.0,2.0,2.0,True,4+ rings
galeterone,11188409.0,8.879381,-0.103508174,11188409,galeterone,True,6.0,2.0,4.0,True,4+ rings
nt157,135398520.0,9.141312,2.444756,135398520,nt157,True,2.0,2.0,0.0,True,2 rings
17-hydroxyprogesterone-caproate,169870.0,8.418272,-0.5351191,169870,17-hydroxyprogesterone-caproate,True,4.0,0.0,4.0,True,4+ rings
bay-k-8644-(s)-(-),6603728.0,12.008557,4.025097,6603728,bay-k-8644-(s)-(-),True,2.0,1.0,1.0,True,2 rings
tariquidar,148201.0,9.615658,3.59577,148201,tariquidar,True,6.0,5.0,1.0,True,4+ rings
pexmetinib,24765037.0,9.517542,3.3443937,24765037,pexmetinib,True,5.0,5.0,0.0,True,4+ rings
dinoprost,5280363.0,11.192358,1.149736,5280363,dinoprost,True,1.0,0.0,1.0,True,1 ring
rifampin,135925261.0,8.642465,0.69128525,135925261,rifampin,True,6.0,2.0,4.0,True,4+ rings
act-462206,40924317.0,8.629098,2.921824,40924317,act-462206,True,3.0,2.0,1.0,True,3 rings
esi-09,6077765.0,9.801774,3.123785,6077765,esi-09,True,2.0,2.0,0.0,True,2 rings
ligustilide,5319022.0,9.446902,1.7381251,5319022,ligustilide,True,2.0,0.0,2.0,True,2 rings
prulifloxacin,6556267.0,12.119778,0.714429,6556267,prulifloxacin,True,5.0,3.0,2.0,True,4+ rings
euk-134,,9.069315,1.9651059,,euk-134,True,5.0,2.0,3.0,True,4+ rings
mdl-11939,76958673.0,10.314946,3.1129863,76958673,mdl-11939,True,3.0,2.0,1.0,True,3 rings
ponesimod,,10.780142,3.665199,,ponesimod,True,3.0,2.0,1.0,True,3 rings
badge,6994088.0,9.152517,1.8857929,6994088,badge,True,4.0,2.0,2.0,True,4+ rings
reversan,2298706.0,9.861105,3.1652431,2298706,reversan,True,5.0,4.0,1.0,True,4+ rings
meglumine,8567.0,10.0905285,1.021958,8567,meglumine,True,0.0,0.0,0.0,False,0 rings
rq-00203078,49783953.0,10.178231,2.6278212,49783953,rq-00203078,True,3.0,3.0,0.0,True,3 rings
5-hydroxydecanoic-acid,13309539.0,11.061984,1.3084834,13309539,5-hydroxydecanoic-acid,True,0.0,0.0,0.0,False,0 rings
gsk2981278,89875987.0,8.191271,2.3303623,89875987,gsk2981278,True,3.0,2.0,1.0,True,3 rings
bromopride,2446.0,10.558562,3.65895,2446,bromopride,True,1.0,1.0,0.0,True,1 ring
psi-6130,6481236.0,10.610099,-0.6160821,6481236,psi-6130,True,2.0,1.0,1.0,True,2 rings
bay-85-8050,7005049.0,11.18254,1.8308576,7005049,bay-85-8050,True,0.0,0.0,0.0,False,0 rings
c11-acetate,168049.0,9.141055,1.7460178,168049,c11-acetate,True,0.0,0.0,0.0,False,0 rings
rebastinib,25066467.0,9.4242115,3.5544126,25066467,rebastinib,True,5.0,5.0,0.0,True,4+ rings
risperidone,5073.0,10.123217,3.814721,5073,risperidone,True,5.0,3.0,2.0,True,4+ rings
fr-122047,196841.0,8.923598,2.946833,196841,fr-122047,True,4.0,3.0,1.0,True,4+ rings
atosiban,,11.87747,2.251753,,atosiban,True,3.0,1.0,2.0,True,3 rings
ditiocarb-sodium-trihydrate,8987.0,9.57446,1.5257568,8987,ditiocarb-sodium-trihydrate,True,0.0,0.0,0.0,False,0 rings
ibuprofen-lysine,15009332.0,11.020082,2.3155556,15009332,ibuprofen-lysine,True,1.0,1.0,0.0,True,1 ring
1400w,1433.0,9.855608,2.605489,1433,1400w,True,1.0,1.0,0.0,True,1 ring
nvp-auy922,135539077.0,9.739332,2.5164928,135539077,nvp-auy922,True,4.0,3.0,1.0,True,4+ rings
reboxetine,127151.0,10.380028,2.876811,127151,reboxetine,True,3.0,2.0,1.0,True,3 rings
ku-0063794,16736978.0,8.937971,2.9915342,16736978,ku-0063794,True,5.0,3.0,2.0,True,4+ rings
sb-225002,3854666.0,8.391848,2.204052,3854666,sb-225002,True,2.0,2.0,0.0,True,2 rings
cefetamet,5487888.0,13.408245,1.5395478,5487888,cefetamet,True,3.0,1.0,2.0,True,3 rings
repsox,449054.0,8.870772,2.3310773,449054,repsox,True,4.0,4.0,0.0,True,4+ rings
perindoprilat,72022.0,10.925214,2.0087423,72022,perindoprilat,True,2.0,0.0,2.0,True,2 rings
mertansine,131847656.0,9.066783,1.4063182,131847656,mertansine,True,4.0,1.0,3.0,True,4+ rings
homoharringtonine,285033.0,9.576555,1.6656289,285033,homoharringtonine,True,5.0,1.0,4.0,True,4+ rings
nvp-bsk805,46398810.0,8.784041,2.2902336,46398810,nvp-bsk805,True,6.0,4.0,2.0,True,4+ rings
mi-14,91758319.0,10.2825165,2.1201038,91758319,mi-14,True,3.0,3.0,0.0,True,3 rings
oprozomib,25067547.0,10.936674,2.449269,25067547,oprozomib,True,3.0,2.0,1.0,True,3 rings
sch-28080,108137.0,9.82362,2.7464035,108137,sch-28080,True,3.0,3.0,0.0,True,3 rings
bms-387032,3025986.0,9.82348,1.7489007,3025986,bms-387032,True,3.0,2.0,1.0,True,3 rings
gzd824,51038269.0,9.790931,3.7487528,51038269,gzd824,True,5.0,4.0,1.0,True,4+ rings
cholesterol,5997.0,8.865996,-0.2165217,5997,cholesterol,True,4.0,0.0,4.0,True,4+ rings
hexoprenaline,24993924.0,11.103515,3.084835,24993924,hexoprenaline,True,2.0,2.0,0.0,True,2 rings
ml348,3238952.0,10.067247,3.0865943,3238952,ml348,True,3.0,2.0,1.0,True,3 rings
org-26576,13584912.0,9.101203,1.9240929,13584912,org-26576,True,3.0,1.0,2.0,True,3 rings
emd-66684,9892554.0,11.033082,3.359241,9892554,emd-66684,True,5.0,5.0,0.0,True,4+ rings
azd9056,10161381.0,9.899092,1.4647651,10161381,azd9056,True,5.0,1.0,4.0,True,4+ rings
cinnarazine,1547484.0,10.286472,3.5976453,1547484,cinnarazine,True,4.0,3.0,1.0,True,4+ rings
camicinal,15984937.0,9.91884,3.223584,15984937,camicinal,True,4.0,2.0,2.0,True,4+ rings
promazine,4926.0,8.794488,3.8933582,4926,promazine,True,3.0,2.0,1.0,True,3 rings
moguisteine,219046.0,10.568802,3.472667,219046,moguisteine,True,2.0,1.0,1.0,True,2 rings
naringin,442428.0,9.626516,0.30397153,442428,naringin,True,5.0,2.0,3.0,True,4+ rings
pf-431396,11598628.0,9.093379,3.04333,11598628,pf-431396,True,4.0,3.0,1.0,True,4+ rings
guaifenesin,6950715.0,10.640991,3.6236837,6950715,guaifenesin,True,1.0,1.0,0.0,True,1 ring
at-406,25022340.0,10.500344,2.925282,25022340,at-406,True,4.0,2.0,2.0,True,4+ rings
abt-724,5025739.0,8.603333,2.676519,5025739,abt-724,True,4.0,3.0,1.0,True,4+ rings
doxepin,667468.0,8.906377,3.6363926,667468,doxepin,True,3.0,2.0,1.0,True,3 rings
azomycin-(2-nitroimidazole),10701.0,8.695156,1.6505585,10701,azomycin-(2-nitroimidazole),True,1.0,1.0,0.0,True,1 ring
enmd-2076,16041424.0,8.811636,2.6909275,16041424,enmd-2076,True,4.0,3.0,1.0,True,4+ rings
sulfamethazine,5327.0,8.226588,2.7684188,5327,sulfamethazine,True,2.0,2.0,0.0,True,2 rings
citric-acid,88113319.0,10.323499,1.6392223,88113319,citric-acid,True,0.0,0.0,0.0,False,0 rings
atizoram,9861730.0,8.454412,3.332579,9861730,atizoram,True,4.0,1.0,3.0,True,4+ rings
oxantel,5281087.0,9.203589,2.4180012,5281087,oxantel,True,2.0,1.0,1.0,True,2 rings
gepefrine,10057685.0,10.320692,2.3867364,10057685,gepefrine,True,1.0,1.0,0.0,True,1 ring
metronidazole,4173.0,8.638212,1.4350194,4173,metronidazole,True,1.0,1.0,0.0,True,1 ring
eslicarbazepine-acetate,179344.0,9.796894,2.2547133,179344,eslicarbazepine-acetate,True,3.0,2.0,1.0,True,3 rings
fondaparinux,5282448.0,9.820552,0.7243132,5282448,fondaparinux,True,5.0,0.0,5.0,True,4+ rings
lesinurad,53465279.0,10.299561,2.3014455,53465279,lesinurad,True,4.0,3.0,1.0,True,4+ rings
fenoverine,72098.0,9.094085,2.9069388,72098,fenoverine,True,6.0,3.0,3.0,True,4+ rings
ipag,4239764.0,9.228093,1.7916087,4239764,ipag,True,5.0,1.0,4.0,True,4+ rings
tc-e-5006,97289132.0,10.910507,2.6374671,97289132,tc-e-5006,True,4.0,3.0,1.0,True,4+ rings
azaserine,,11.115468,1.7765063,,azaserine,True,0.0,0.0,0.0,False,0 rings
gw-1929,6518171.0,10.524099,2.951087,6518171,gw-1929,True,4.0,4.0,0.0,True,4+ rings
ranitidine,9883333.0,9.449085,1.616511,9883333,ranitidine,True,1.0,1.0,0.0,True,1 ring
quinpirol-(-),54562.0,8.888527,1.7285967,54562,quinpirol-(-),True,3.0,1.0,2.0,True,3 rings
honokiol,72303.0,9.496406,2.2730737,72303,honokiol,True,2.0,2.0,0.0,True,2 rings
talipexole,5374.0,9.090901,1.6175447,5374,talipexole,True,2.0,1.0,1.0,True,2 rings
sb-216763,176158.0,9.178561,2.7174957,176158,sb-216763,True,4.0,3.0,1.0,True,4+ rings
cay10505,1204893.0,8.741566,1.8971037,1204893,cay10505,True,3.0,2.0,1.0,True,3 rings
naloxegol,56959087.0,6.2666297,5.245318,56959087,naloxegol,True,5.0,1.0,4.0,True,4+ rings
a-674563,11314340.0,10.155437,2.6262383,11314340,a-674563,True,4.0,4.0,0.0,True,4+ rings
10-hydroxycamptothecin,97226.0,6.9337034,3.3507493,97226,10-hydroxycamptothecin,True,5.0,3.0,2.0,True,4+ rings
chloramphenicol-sodium-succinate,656580.0,10.564494,1.7027452,656580,chloramphenicol-sodium-succinate,True,1.0,1.0,0.0,True,1 ring
nelotanserin,11683556.0,9.573466,3.5317826,11683556,nelotanserin,True,3.0,3.0,0.0,True,3 rings
apricitabine,455041.0,10.62889,-0.641803,455041,apricitabine,True,2.0,1.0,1.0,True,2 rings
sucrose,5988.0,9.7123785,0.20133375,5988,sucrose,True,2.0,0.0,2.0,True,2 rings
pf-4800567,53472153.0,9.178834,2.3312478,53472153,pf-4800567,True,4.0,3.0,1.0,True,4+ rings
tc-i-2000,57326391.0,9.899768,3.3058748,57326391,tc-i-2000,True,4.0,3.0,1.0,True,4+ rings
nu-1025,135398517.0,9.489461,2.458913,135398517,nu-1025,True,2.0,2.0,0.0,True,2 rings
bay-11-7082,5353431.0,8.617509,2.3261325,5353431,bay-11-7082,True,1.0,1.0,0.0,True,1 ring
mm-102,54766613.0,11.011641,1.9204696,54766613,mm-102,True,3.0,2.0,1.0,True,3 rings
safflower-yellow,,9.721044,0.25660476,,safflower-yellow,True,6.0,2.0,4.0,True,4+ rings
rupatadine,133017.0,9.110432,3.0096824,133017,rupatadine,True,5.0,3.0,2.0,True,4+ rings
tamsulosin,129211.0,10.368122,3.3414109,129211,tamsulosin,True,2.0,2.0,0.0,True,2 rings
ly450108,9843690.0,9.9456625,3.538239,9843690,ly450108,True,2.0,2.0,0.0,True,2 rings
dromostanolone-propionate,,8.90516,0.038255014,,dromostanolone-propionate,True,4.0,0.0,4.0,True,4+ rings
mj-15,59377482.0,8.562867,3.2787926,59377482,mj-15,True,4.0,4.0,0.0,True,4+ rings
irganox-1010,64819.0,8.542368,1.8476804,64819,irganox-1010,True,4.0,4.0,0.0,True,4+ rings
tasuldine,65666.0,9.354933,3.6223176,65666,tasuldine,True,2.0,2.0,0.0,True,2 rings
desonide,5311066.0,8.152237,-1.0293005,5311066,desonide,True,5.0,0.0,5.0,True,4+ rings
pipenzolate,16048561.0,10.535527,2.9376488,16048561,pipenzolate,True,3.0,2.0,1.0,True,3 rings
tas-103,135413533.0,9.416061,2.46319,135413533,tas-103,True,4.0,3.0,1.0,True,4+ rings
exo-1,310557.0,9.879636,3.4157987,310557,exo-1,True,2.0,2.0,0.0,True,2 rings
lutein,5281243.0,10.45449,0.6030587,5281243,lutein,True,2.0,0.0,2.0,True,2 rings
sb-683698,9912743.0,10.89397,2.5242274,9912743,sb-683698,True,3.0,3.0,0.0,True,3 rings
exisulind,5472495.0,10.367145,1.8632259,5472495,exisulind,True,3.0,2.0,1.0,True,3 rings
adoprazine,9887537.0,9.086133,2.577289,9887537,adoprazine,True,5.0,3.0,2.0,True,4+ rings
atovaquone,,9.328505,2.5343552,,atovaquone,True,4.0,2.0,2.0,True,4+ rings
mupirocin,446596.0,10.815262,1.5713726,446596,mupirocin,True,2.0,0.0,2.0,True,2 rings
cc-223,,9.221011,1.5270898,,cc-223,True,4.0,2.0,2.0,True,4+ rings
irinotecan,60838.0,6.9425464,3.3491747,60838,irinotecan,True,7.0,3.0,4.0,True,4+ rings
zidovudine,35370.0,10.752769,-0.8683348,35370,zidovudine,True,2.0,1.0,1.0,True,2 rings
spermidine,1102.0,9.775895,1.2955291,1102,spermidine,True,0.0,0.0,0.0,False,0 rings
piketoprofen,68571753.0,10.448693,2.947571,68571753,piketoprofen,True,3.0,3.0,0.0,True,3 rings
roxarsone,5104.0,8.406723,2.1059117,5104,roxarsone,True,1.0,1.0,0.0,True,1 ring
radotinib,16063245.0,9.670965,3.7375321,16063245,radotinib,True,5.0,5.0,0.0,True,4+ rings
caroverin,65709.0,9.490162,3.0830896,65709,caroverin,True,3.0,3.0,0.0,True,3 rings
ziprasidone,60854.0,9.046956,2.6924062,60854,ziprasidone,True,5.0,3.0,2.0,True,4+ rings
isradipine,13773524.0,12.048876,4.051823,13773524,isradipine,True,3.0,2.0,1.0,True,3 rings
veliflapon,123723.0,10.546009,3.0476015,123723,veliflapon,True,4.0,3.0,1.0,True,4+ rings
imipramine,3696.0,8.973774,3.7624247,3696,imipramine,True,3.0,2.0,1.0,True,3 rings
nelociguat,11690019.0,9.604125,3.0957158,11690019,nelociguat,True,4.0,4.0,0.0,True,4+ rings
dodecyl-sulfate,8778.0,10.692124,1.2217263,8778,dodecyl-sulfate,True,0.0,0.0,0.0,False,0 rings
eit-hydrobromide,5139.0,9.702254,1.5764639,5139,eit-hydrobromide,True,0.0,0.0,0.0,False,0 rings
brl-26314,14259155.0,10.777295,2.5558245,14259155,brl-26314,True,2.0,2.0,0.0,True,2 rings
emamectin,118704765.0,9.430594,0.9641563,118704765,emamectin,True,7.0,0.0,7.0,True,4+ rings
aztreonam,5742832.0,13.418263,1.5016453,5742832,aztreonam,True,2.0,1.0,1.0,True,2 rings
apabetalone,135564749.0,8.7881,2.2399406,135564749,apabetalone,True,3.0,3.0,0.0,True,3 rings
thioridazine,66062.0,8.74068,3.8957875,66062,thioridazine,True,4.0,2.0,2.0,True,4+ rings
arundic-acid,208925.0,10.754708,1.3302504,208925,arundic-acid,True,0.0,0.0,0.0,False,0 rings
torin-2,51358113.0,9.079172,2.4606338,51358113,torin-2,True,5.0,5.0,0.0,True,4+ rings
imidacloprid,86418.0,8.682441,1.5008647,86418,imidacloprid,True,2.0,1.0,1.0,True,2 rings
tosufloxacin,488360.0,12.148573,0.7150385,488360,tosufloxacin,True,4.0,3.0,1.0,True,4+ rings
2-pyridylethylamine,75919.0,9.338759,2.996408,75919,2-pyridylethylamine,True,1.0,1.0,0.0,True,1 ring
tienilic-acid,38409.0,10.193744,2.1832628,38409,tienilic-acid,True,2.0,2.0,0.0,True,2 rings
flunarizine,941361.0,10.235371,3.6281445,941361,flunarizine,True,4.0,3.0,1.0,True,4+ rings
metatinib,44155856.0,9.671247,3.6316037,44155856,metatinib,True,4.0,4.0,0.0,True,4+ rings
diphenidol,3055.0,10.003975,3.092434,3055,diphenidol,True,3.0,2.0,1.0,True,3 rings
khs-101,71304818.0,9.501588,2.9403281,71304818,khs-101,True,3.0,3.0,0.0,True,3 rings
thonzylamine,5457.0,9.195893,3.2018166,5457,thonzylamine,True,2.0,2.0,0.0,True,2 rings
dexlansoprazole,9578005.0,8.064825,2.646294,9578005,dexlansoprazole,True,3.0,3.0,0.0,True,3 rings
phytosphingosine,122121.0,10.470398,1.1059016,122121,phytosphingosine,True,0.0,0.0,0.0,False,0 rings
sm-164,17756618.0,10.460607,2.9603655,17756618,sm-164,True,9.0,5.0,4.0,True,4+ rings
acetohydroxamic-acid,1990.0,9.953865,1.896611,1990,acetohydroxamic-acid,True,0.0,0.0,0.0,False,0 rings
clebopride,2780.0,10.491384,3.776233,2780,clebopride,True,3.0,2.0,1.0,True,3 rings
eprinomectin,86289908.0,9.504155,0.948431,86289908,eprinomectin,True,7.0,0.0,7.0,True,4+ rings
sumatriptan,5358.0,11.505057,2.8895323,5358,sumatriptan,True,2.0,2.0,0.0,True,2 rings
avasimibe,166558.0,10.060845,1.9936156,166558,avasimibe,True,2.0,2.0,0.0,True,2 rings
wy-16922,198325.0,10.337766,3.0664148,198325,wy-16922,True,1.0,1.0,0.0,True,1 ring
nintedanib,,10.114275,3.2384558,,nintedanib,True,5.0,3.0,2.0,True,4+ rings
phenelzine,3675.0,10.027326,2.7564383,3675,phenelzine,True,1.0,1.0,0.0,True,1 ring
lymecycline,,11.048762,1.513116,,lymecycline,True,4.0,1.0,3.0,True,4+ rings
acetazolamide,1986.0,9.802306,1.9414015,1986,acetazolamide,True,1.0,1.0,0.0,True,1 ring
penicillin-v-potassium,6869.0,13.265491,1.9027145,6869,penicillin-v-potassium,True,3.0,1.0,2.0,True,3 rings
aprepitant,135413536.0,9.224944,1.6009796,135413536,aprepitant,True,4.0,3.0,1.0,True,4+ rings
varenicline,5310966.0,8.953038,1.6973301,5310966,varenicline,True,4.0,2.0,2.0,True,4+ rings
diloxanide,19529.0,10.018936,2.4821944,19529,diloxanide,True,2.0,2.0,0.0,True,2 rings
prochlorperazine,4917.0,8.777766,3.9252212,4917,prochlorperazine,True,4.0,2.0,2.0,True,4+ rings
flt3-in-1,90052320.0,10.020775,1.7851918,90052320,flt3-in-1,True,2.0,2.0,0.0,True,2 rings
eprazinone,29962149.0,10.491456,2.8858116,29962149,eprazinone,True,3.0,2.0,1.0,True,3 rings
resorcinol-monoacetate,5055.0,9.545163,2.7314517,5055,resorcinol-monoacetate,True,1.0,1.0,0.0,True,1 ring
temoporfin,,9.276068,2.475228,,temoporfin,True,9.0,6.0,3.0,True,4+ rings
edtmp,15025.0,9.76221,1.3290526,15025,edtmp,True,0.0,0.0,0.0,False,0 rings
iodoantipyrine,8522.0,8.321009,3.2561738,8522,iodoantipyrine,True,2.0,2.0,0.0,True,2 rings
chlorogenic-acid,1794427.0,8.89222,3.0371554,1794427,chlorogenic-acid,True,2.0,1.0,1.0,True,2 rings
tribenoside,12874922.0,10.269297,2.6876214,12874922,tribenoside,True,4.0,3.0,1.0,True,4+ rings
isoxsuprine,42066885.0,10.392017,2.8685644,42066885,isoxsuprine,True,2.0,2.0,0.0,True,2 rings
nnc-63-0532,9803475.0,9.852427,2.8149753,9803475,nnc-63-0532,True,5.0,3.0,2.0,True,4+ rings
efinaconazole,9819704.0,9.440721,1.4990447,9819704,efinaconazole,True,3.0,2.0,1.0,True,3 rings
butoconazole,476417.0,7.845826,2.3858316,476417,butoconazole,True,3.0,3.0,0.0,True,3 rings
nizofenone,4514.0,8.272314,2.1670132,4514,nizofenone,True,3.0,3.0,0.0,True,3 rings
sn-38,104842.0,6.9172277,3.3555653,104842,sn-38,True,5.0,3.0,2.0,True,4+ rings
azd8835,76685059.0,9.867592,1.6414003,76685059,azd8835,True,4.0,3.0,1.0,True,4+ rings
mk-0752,,10.53641,1.7761638,,mk-0752,True,3.0,2.0,1.0,True,3 rings
evans-blue,6804600.0,9.124749,2.2455766,6804600,evans-blue,True,6.0,4.0,2.0,True,4+ rings
i-bza2,1816834.0,10.555684,3.4843404,1816834,i-bza2,True,1.0,1.0,0.0,True,1 ring
pilaralisib,56599306.0,8.945298,3.2479916,56599306,pilaralisib,True,4.0,4.0,0.0,True,4+ rings
eluxadoline,130406582.0,10.38623,2.8400333,130406582,eluxadoline,True,4.0,4.0,0.0,True,4+ rings
gnf-5837,59397065.0,9.801855,3.3619428,59397065,gnf-5837,True,5.0,4.0,1.0,True,4+ rings
nilotinib,644241.0,9.611904,3.7823656,644241,nilotinib,True,5.0,5.0,0.0,True,4+ rings
dinoprostone,5280360.0,11.219945,1.1843808,5280360,dinoprostone,True,1.0,0.0,1.0,True,1 ring
ozanimod,52938427.0,9.548725,2.1772964,52938427,ozanimod,True,4.0,3.0,1.0,True,4+ rings
p7c3,981442.0,9.975453,2.7768714,981442,p7c3,True,4.0,4.0,0.0,True,4+ rings
gm-1485,9837656.0,10.298586,1.8816189,9837656,gm-1485,True,1.0,0.0,1.0,True,1 ring
aq-13,3805581.0,9.192252,3.4448597,3805581,aq-13,True,2.0,2.0,0.0,True,2 rings
levocabastine,,9.926007,2.6289148,,levocabastine,True,4.0,2.0,2.0,True,4+ rings
idelalisib,11625818.0,8.42978,1.6356229,11625818,idelalisib,True,5.0,5.0,0.0,True,4+ rings
ym-90709,1103147.0,8.861936,2.7127857,1103147,ym-90709,True,5.0,4.0,1.0,True,4+ rings
adefovir,60172.0,10.272788,-0.32618678,60172,adefovir,True,2.0,2.0,0.0,True,2 rings
ramosetron,135418340.0,9.780015,2.2825446,135418340,ramosetron,True,4.0,3.0,1.0,True,4+ rings
tetroquinone,36689751.0,9.324258,1.3652201,36689751,tetroquinone,True,1.0,0.0,1.0,True,1 ring
canrenone,13789.0,8.479849,-0.44994467,13789,canrenone,True,5.0,0.0,5.0,True,4+ rings
zomepirac,5733.0,10.3548155,2.199532,5733,zomepirac,True,2.0,2.0,0.0,True,2 rings
sunitinib,5329102.0,10.358508,3.4296749,5329102,sunitinib,True,3.0,2.0,1.0,True,3 rings
sd-169,14973220.0,10.024811,2.4423273,14973220,sd-169,True,2.0,2.0,0.0,True,2 rings
vanillin,1183.0,8.781025,3.2329636,1183,vanillin,True,1.0,1.0,0.0,True,1 ring
tu-2100,4342838.0,10.619282,2.7600615,4342838,tu-2100,True,2.0,2.0,0.0,True,2 rings
rs-23597-190,182593.0,10.468903,3.7674568,182593,rs-23597-190,True,2.0,1.0,1.0,True,2 rings
gr-79236,9884817.0,10.405123,-0.6555117,9884817,gr-79236,True,4.0,2.0,2.0,True,4+ rings
erythromycin,,9.178042,0.7073468,,erythromycin,True,3.0,0.0,3.0,True,3 rings
trimetrexate,5583.0,8.651372,3.0555882,5583,trimetrexate,True,3.0,3.0,0.0,True,3 rings
prt062607,44462758.0,9.555039,3.257206,44462758,prt062607,True,4.0,3.0,1.0,True,4+ rings
digitoxin,441207.0,9.089029,0.20783995,441207,digitoxin,True,8.0,0.0,8.0,True,4+ rings
cinepazet,6434395.0,8.761267,3.361058,6434395,cinepazet,True,2.0,1.0,1.0,True,2 rings
swainsonine,51683.0,9.049774,1.4976991,51683,swainsonine,True,2.0,0.0,2.0,True,2 rings
ro-19-4605,127382.0,9.693175,1.905033,127382,ro-19-4605,True,3.0,2.0,1.0,True,3 rings
ggstop,139340107.0,11.192664,1.863346,139340107,ggstop,True,1.0,1.0,0.0,True,1 ring
zinc-undecylenate,11179.0,10.574963,1.6187075,11179,zinc-undecylenate,True,0.0,0.0,0.0,False,0 rings
afatinib,10184653.0,9.061276,4.1623373,10184653,afatinib,True,4.0,3.0,1.0,True,4+ rings
l-quisqualic-acid,6971145.0,11.182146,1.8161459,6971145,l-quisqualic-acid,True,1.0,1.0,0.0,True,1 ring
snc-80,123924.0,9.65502,2.9675016,123924,snc-80,True,3.0,2.0,1.0,True,3 rings
2-apb,1598.0,9.910712,2.3987975,1598,2-apb,True,2.0,2.0,0.0,True,2 rings
meclofenoxate,4039.0,10.275974,3.075538,4039,meclofenoxate,True,1.0,1.0,0.0,True,1 ring
lazabemide,71307.0,9.780938,2.7227085,71307,lazabemide,True,1.0,1.0,0.0,True,1 ring
quetiapine,5002.0,8.94983,3.7019236,5002,quetiapine,True,4.0,2.0,2.0,True,4+ rings
17-pa,25068278.0,8.896287,-0.06431294,25068278,17-pa,True,5.0,1.0,4.0,True,4+ rings
rilmenidine,68712.0,9.046085,1.553922,68712,rilmenidine,True,3.0,0.0,3.0,True,3 rings
hydroxocobalamin,139031134.0,10.419387,-0.5963408,139031134,hydroxocobalamin,True,8.0,2.0,6.0,True,4+ rings
oglemilast,11387409.0,9.645678,3.4665182,11387409,oglemilast,True,4.0,4.0,0.0,True,4+ rings
prazosin,4893.0,8.738322,4.2667403,4893,prazosin,True,4.0,3.0,1.0,True,4+ rings
tg-100572,11712625.0,9.398497,2.8064024,11712625,tg-100572,True,5.0,4.0,1.0,True,4+ rings
oxaloacetate,54676101.0,10.097103,1.6155492,54676101,oxaloacetate,True,0.0,0.0,0.0,False,0 rings
solifenacin-succinate,154059.0,9.66116,2.275082,154059,solifenacin-succinate,True,6.0,2.0,4.0,True,4+ rings
paroxypropione,6271.0,9.828734,2.511762,6271,paroxypropione,True,1.0,1.0,0.0,True,1 ring
baricitinib,44205240.0,8.952502,1.7502443,44205240,baricitinib,True,4.0,3.0,1.0,True,4+ rings
cyclovalone,1550234.0,8.798707,3.2060492,1550234,cyclovalone,True,3.0,2.0,1.0,True,3 rings
ly456236,9926999.0,9.027389,4.034924,9926999,ly456236,True,3.0,3.0,0.0,True,3 rings
pf-03758309,25227462.0,10.469661,3.0393326,25227462,pf-03758309,True,5.0,4.0,1.0,True,4+ rings
amg-208,24864821.0,9.044069,3.1541185,24864821,amg-208,True,5.0,5.0,0.0,True,4+ rings
lfm-a13,,9.9625635,2.1214855,,lfm-a13,True,1.0,1.0,0.0,True,1 ring
nnc-05-2090,9888030.0,9.31918,3.4449263,9888030,nnc-05-2090,True,5.0,4.0,1.0,True,4+ rings
rufloxacin,58258.0,12.199125,0.6697426,58258,rufloxacin,True,4.0,2.0,2.0,True,4+ rings
bornyl-acetate,247573.0,9.138547,0.8175823,247573,bornyl-acetate,True,2.0,0.0,2.0,True,2 rings
chlorpropham,2728.0,9.790981,3.272315,2728,chlorpropham,True,1.0,1.0,0.0,True,1 ring
sulfaphenazole,5335.0,8.197966,2.7167225,5335,sulfaphenazole,True,3.0,3.0,0.0,True,3 rings
dg-172,57342889.0,8.9232,2.7816715,57342889,dg-172,True,3.0,2.0,1.0,True,3 rings
xilobam,6434391.0,10.10122,3.6895463,6434391,xilobam,True,2.0,1.0,1.0,True,2 rings
i-bet151,52912189.0,9.051442,2.7021134,52912189,i-bet151,True,5.0,5.0,0.0,True,4+ rings
perzinfotel,6918236.0,9.358735,1.3522948,6918236,perzinfotel,True,2.0,1.0,1.0,True,2 rings
ketoprofen,180540.0,10.745668,2.7277164,180540,ketoprofen,True,2.0,2.0,0.0,True,2 rings
zometapine,135410917.0,8.463333,1.799183,135410917,zometapine,True,3.0,2.0,1.0,True,3 rings
piperonyl-butoxide,5794.0,10.473889,1.3169003,5794,piperonyl-butoxide,True,2.0,1.0,1.0,True,2 rings
gs-6201,11270783.0,8.722038,1.6468105,11270783,gs-6201,True,4.0,4.0,0.0,True,4+ rings
pha-665752,10461815.0,9.695771,2.8974288,10461815,pha-665752,True,6.0,3.0,3.0,True,4+ rings
cinepazide,5282459.0,8.792037,3.3166127,5282459,cinepazide,True,3.0,1.0,2.0,True,3 rings
pidolic-acid,7405.0,9.885064,1.4827687,7405,pidolic-acid,True,1.0,0.0,1.0,True,1 ring
enzastaurin,176167.0,9.285495,2.9281528,176167,enzastaurin,True,7.0,5.0,2.0,True,4+ rings
lxh254,90456533.0,9.758409,3.6041903,90456533,lxh254,True,4.0,3.0,1.0,True,4+ rings
sb-590885,135421339.0,8.7527,2.302094,135421339,sb-590885,True,5.0,4.0,1.0,True,4+ rings
nitecapone,5464105.0,8.392934,2.0934842,5464105,nitecapone,True,1.0,1.0,0.0,True,1 ring
otamixaban,5496659.0,10.619481,2.3996253,5496659,otamixaban,True,3.0,3.0,0.0,True,3 rings
rosiglitazone,10021239.0,10.477045,2.5979629,10021239,rosiglitazone,True,3.0,2.0,1.0,True,3 rings
trilostane,5311487.0,8.942752,0.40221396,5311487,trilostane,True,5.0,0.0,5.0,True,4+ rings
ketorolac,181817.0,10.127631,2.6838193,181817,ketorolac,True,3.0,2.0,1.0,True,3 rings
tanaproget,4369524.0,8.972365,1.6312703,4369524,tanaproget,True,3.0,2.0,1.0,True,3 rings
linsitinib,,9.039069,2.6563742,,linsitinib,True,6.0,5.0,1.0,True,4+ rings
imeglimin,24812808.0,9.043604,1.6191252,24812808,imeglimin,True,1.0,0.0,1.0,True,1 ring
ropivacaine,175805.0,10.092003,3.7137675,175805,ropivacaine,True,2.0,1.0,1.0,True,2 rings
dasatinib,3062316.0,10.097924,3.6983678,3062316,dasatinib,True,4.0,3.0,1.0,True,4+ rings
ucl-2077,24868317.0,9.328735,3.602313,24868317,ucl-2077,True,4.0,4.0,0.0,True,4+ rings
carprofen,6997572.0,10.746888,2.4964213,6997572,carprofen,True,3.0,3.0,0.0,True,3 rings
iti214,42639643.0,9.662548,2.6720595,42639643,iti214,True,7.0,4.0,3.0,True,4+ rings
bay-2402234,134470179.0,10.007106,3.1594224,134470179,bay-2402234,True,3.0,3.0,0.0,True,3 rings
mk-3697,46190695.0,9.217478,3.2172513,46190695,mk-3697,True,4.0,4.0,0.0,True,4+ rings
org-12962,9796408.0,8.754441,2.066371,9796408,org-12962,True,2.0,1.0,1.0,True,2 rings
viomycin,,10.294678,1.626593,,viomycin,True,2.0,0.0,2.0,True,2 rings
gw274150,9797017.0,11.26699,1.8524369,9797017,gw274150,True,0.0,0.0,0.0,False,0 rings
bevantolol,36690919.0,10.782992,3.860074,36690919,bevantolol,True,2.0,2.0,0.0,True,2 rings
baicalein,,9.71865,2.41708,,baicalein,True,3.0,1.0,2.0,True,3 rings
debio-0932,44156921.0,8.931932,1.798155,44156921,debio-0932,True,4.0,3.0,1.0,True,4+ rings
dihydrostreptomycin,73707353.0,9.734861,0.27934155,73707353,dihydrostreptomycin,True,6.0,0.0,6.0,True,4+ rings
7-hydroxy-dpat,23928184.0,9.43322,2.4056983,23928184,7-hydroxy-dpat,True,2.0,1.0,1.0,True,2 rings
gs-143,121513876.0,10.018866,2.6513555,121513876,gs-143,True,5.0,4.0,1.0,True,4+ rings
anisotropine,,10.61145,1.753614,,anisotropine,True,2.0,0.0,2.0,True,2 rings
cipargamin,44469321.0,8.919549,1.9204538,44469321,cipargamin,True,5.0,3.0,2.0,True,4+ rings
vx-745,3038525.0,9.235721,1.9713314,3038525,vx-745,True,4.0,4.0,0.0,True,4+ rings
flumequine,6918894.0,12.187498,0.674889,6918894,flumequine,True,3.0,2.0,1.0,True,3 rings
dihydrotachysterol,,2.5587182,2.4739888,,dihydrotachysterol,True,3.0,0.0,3.0,True,3 rings
beta-hydroxy-beta-methylbutyrate,129010087.0,10.230544,1.7547443,129010087,beta-hydroxy-beta-methylbutyrate,True,0.0,0.0,0.0,False,0 rings
val-tyr,7009555.0,11.159109,2.36249,7009555,val-tyr,True,1.0,1.0,0.0,True,1 ring
loxapine,3964.0,8.785559,2.9449537,3964,loxapine,True,4.0,2.0,2.0,True,4+ rings
buparvaquone,,9.313332,2.5304713,,buparvaquone,True,3.0,1.0,2.0,True,3 rings
jzl-184,25021165.0,8.564117,2.260721,25021165,jzl-184,True,6.0,3.0,3.0,True,4+ rings
foretinib,42642645.0,9.268511,4.011502,42642645,foretinib,True,6.0,4.0,2.0,True,4+ rings
glipizide,3478.0,8.40046,2.703622,3478,glipizide,True,3.0,2.0,1.0,True,3 rings
propentofylline,4938.0,8.231491,1.1701313,4938,propentofylline,True,2.0,2.0,0.0,True,2 rings
5-hydroxymethyl-tolterodine,9819382.0,10.477878,2.763635,9819382,5-hydroxymethyl-tolterodine,True,2.0,2.0,0.0,True,2 rings
lycopene,446925.0,9.964448,1.3562423,446925,lycopene,True,0.0,0.0,0.0,False,0 rings
az-628,11676786.0,9.823226,3.6237762,11676786,az-628,True,4.0,4.0,0.0,True,4+ rings
fasoracetam,198695.0,9.452451,1.6849242,198695,fasoracetam,True,2.0,0.0,2.0,True,2 rings
r-1485,11689373.0,8.69812,2.127903,11689373,r-1485,True,4.0,2.0,2.0,True,4+ rings
r406,11213558.0,8.656094,2.8265357,11213558,r406,True,4.0,3.0,1.0,True,4+ rings
2-tedc,6069552.0,8.714407,2.9726813,6069552,2-tedc,True,2.0,2.0,0.0,True,2 rings
cabergoline,54746.0,11.196308,2.8009603,54746,cabergoline,True,4.0,2.0,2.0,True,4+ rings
bacampicillin,66586207.0,13.277467,1.9068944,66586207,bacampicillin,True,3.0,1.0,2.0,True,3 rings
hoku-81,3045414.0,11.165005,3.3501031,3045414,hoku-81,True,1.0,1.0,0.0,True,1 ring
as-703026,44187362.0,9.955165,1.2164574,44187362,as-703026,True,2.0,2.0,0.0,True,2 rings
bismuth-oxalate,,10.083491,1.7324964,,bismuth-oxalate,True,0.0,0.0,0.0,False,0 rings
alpelisib,56649450.0,9.847974,1.8901496,56649450,alpelisib,True,3.0,2.0,1.0,True,3 rings
nilvadipine,10340038.0,12.205977,4.165784,10340038,nilvadipine,True,2.0,1.0,1.0,True,2 rings
bms-214662,448545.0,11.569109,2.2096272,448545,bms-214662,True,5.0,4.0,1.0,True,4+ rings
coti-2,91810660.0,9.197157,2.7835298,91810660,coti-2,True,4.0,2.0,2.0,True,4+ rings
frax486,68060125.0,8.76314,2.5029557,68060125,frax486,True,5.0,4.0,1.0,True,4+ rings
perifosine,148178.0,10.71581,1.205476,148178,perifosine,True,1.0,0.0,1.0,True,1 ring
sparteine-(-),644020.0,8.912692,1.7244909,644020,sparteine-(-),True,4.0,0.0,4.0,True,4+ rings
kg-5,53328059.0,9.306611,3.010843,53328059,kg-5,True,4.0,4.0,0.0,True,4+ rings
pilsicainide,4820.0,10.078307,3.6895473,4820,pilsicainide,True,3.0,1.0,2.0,True,3 rings
cftrinh-172,1554210.0,9.903768,2.7680933,1554210,cftrinh-172,True,3.0,2.0,1.0,True,3 rings
alogliptin,11450633.0,9.251222,1.6766846,11450633,alogliptin,True,3.0,2.0,1.0,True,3 rings
cyt387,25062766.0,9.206799,2.874438,25062766,cyt387,True,4.0,3.0,1.0,True,4+ rings
ai-10-49,49806644.0,8.616189,2.1300251,49806644,ai-10-49,True,6.0,6.0,0.0,True,4+ rings
at-1015,9805664.0,9.409134,2.9486783,9805664,at-1015,True,5.0,2.0,3.0,True,4+ rings
emd534085,23634407.0,9.9791355,3.0515268,23634407,emd534085,True,4.0,2.0,2.0,True,4+ rings
azilsartan-medoxomil,135409642.0,10.630838,3.0074327,135409642,azilsartan-medoxomil,True,6.0,6.0,0.0,True,4+ rings
enprofylline,1676.0,8.613193,1.5243471,1676,enprofylline,True,2.0,2.0,0.0,True,2 rings
bgp-15,92211270.0,9.397913,3.69062,92211270,bgp-15,True,2.0,1.0,1.0,True,2 rings
pirarubicin,11296583.0,8.384473,2.8829627,11296583,pirarubicin,True,6.0,2.0,4.0,True,4+ rings
pirodavir,71345.0,10.568915,2.9047952,71345,pirodavir,True,3.0,2.0,1.0,True,3 rings
tacrine,1935.0,8.93349,2.5615203,1935,tacrine,True,3.0,2.0,1.0,True,3 rings
ac260584,9928284.0,9.640858,2.1800253,9928284,ac260584,True,3.0,1.0,2.0,True,3 rings
gw-6471,446738.0,10.742562,2.689794,446738,gw-6471,True,4.0,4.0,0.0,True,4+ rings
zd-7288,123984.0,9.548151,2.5610576,123984,zd-7288,True,2.0,2.0,0.0,True,2 rings
acarbose,444254.0,9.708772,0.2617773,444254,acarbose,True,4.0,0.0,4.0,True,4+ rings
sulfamethoxazole,5329.0,8.178924,2.7011297,5329,sulfamethoxazole,True,2.0,2.0,0.0,True,2 rings
u-0521,21632.0,10.024,2.3017614,21632,u-0521,True,1.0,1.0,0.0,True,1 ring
xylose,644160.0,10.085869,1.0261472,644160,xylose,True,0.0,0.0,0.0,False,0 rings
megestrol-acetate,11683.0,8.42735,-0.5336026,11683,megestrol-acetate,True,4.0,0.0,4.0,True,4+ rings
desipramine,2995.0,9.107072,3.6957967,2995,desipramine,True,3.0,2.0,1.0,True,3 rings
dotmp,124761.0,9.683188,1.4792293,124761,dotmp,True,1.0,0.0,1.0,True,1 ring
nms-e973,135566652.0,8.406927,2.2112958,135566652,nms-e973,True,4.0,3.0,1.0,True,4+ rings
clemizole,2782.0,9.178751,2.6659992,2782,clemizole,True,4.0,3.0,1.0,True,4+ rings
beclamide,10391.0,10.222286,2.8164067,10391,beclamide,True,1.0,1.0,0.0,True,1 ring
dynasore,135533054.0,9.373466,2.9515598,135533054,dynasore,True,3.0,3.0,0.0,True,3 rings
carazolol,13023331.0,11.048166,3.9843543,13023331,carazolol,True,3.0,3.0,0.0,True,3 rings
her2-inhibitor-1,42598643.0,9.036874,4.116755,42598643,her2-inhibitor-1,True,6.0,6.0,0.0,True,4+ rings
n-acetylcarnosine,9903482.0,11.4348135,2.1802678,9903482,n-acetylcarnosine,True,1.0,1.0,0.0,True,1 ring
escitalopram,146570.0,9.198129,2.1215723,146570,escitalopram,True,3.0,2.0,1.0,True,3 rings
dapt,5311272.0,10.47851,2.8306706,5311272,dapt,True,2.0,2.0,0.0,True,2 rings
rifamycin,5282048.0,8.564039,0.6131413,5282048,rifamycin,True,5.0,2.0,3.0,True,4+ rings
articaine,6604377.0,10.1135645,1.9265208,6604377,articaine,True,1.0,1.0,0.0,True,1 ring
levomenol,442343.0,9.495528,1.3374836,442343,levomenol,True,1.0,0.0,1.0,True,1 ring
gs-967,58118983.0,8.825482,1.90347,58118983,gs-967,True,3.0,3.0,0.0,True,3 rings
paquinimod,54684617.0,9.741289,2.645545,54684617,paquinimod,True,3.0,3.0,0.0,True,3 rings
(r)-(-)-rolipram,448055.0,8.509845,3.3460393,448055,(r)-(-)-rolipram,True,3.0,1.0,2.0,True,3 rings
methionine,84815.0,11.209028,1.8050015,84815,methionine,True,0.0,0.0,0.0,False,0 rings
mk-0773,11950726.0,8.811225,-0.09245141,11950726,mk-0773,True,6.0,2.0,4.0,True,4+ rings
niclosamide,4477.0,8.284509,2.1736753,4477,niclosamide,True,2.0,2.0,0.0,True,2 rings
pf-03814735,51346455.0,9.62884,3.4101117,51346455,pf-03814735,True,5.0,2.0,3.0,True,4+ rings
masitinib,10074640.0,9.604747,3.7294433,10074640,masitinib,True,5.0,4.0,1.0,True,4+ rings
epothilone-b,118184795.0,9.083551,1.0428478,118184795,epothilone-b,True,3.0,1.0,2.0,True,3 rings
metoxibutropate,836891.0,10.9555025,2.6222534,836891,metoxibutropate,True,2.0,2.0,0.0,True,2 rings
sgi-1027,24858111.0,9.922569,3.5291786,24858111,sgi-1027,True,5.0,5.0,0.0,True,4+ rings
flurbiprofen-(s)-(+),72099.0,10.850522,2.6034703,72099,flurbiprofen-(s)-(+),True,2.0,2.0,0.0,True,2 rings
aripiprazole-lauroxil,49831411.0,9.780789,3.664315,49831411,aripiprazole-lauroxil,True,4.0,2.0,2.0,True,4+ rings
pd-168568,9928335.0,9.157399,2.5365555,9928335,pd-168568,True,4.0,2.0,2.0,True,4+ rings
brd4770,72193870.0,10.214531,3.0370524,72193870,brd4770,True,4.0,4.0,0.0,True,4+ rings
fenigam,685623.0,10.559873,2.5553796,685623,fenigam,True,1.0,1.0,0.0,True,1 ring
nefazodone,4449.0,9.64567,3.3323164,4449,nefazodone,True,4.0,3.0,1.0,True,4+ rings
hexylresorcinol,3610.0,10.513048,1.3095877,3610,hexylresorcinol,True,1.0,1.0,0.0,True,1 ring
ldn-27219,1150683.0,9.948603,2.670191,1150683,ldn-27219,True,4.0,4.0,0.0,True,4+ rings
bay-60-7550,135564787.0,8.854282,3.380961,135564787,bay-60-7550,True,4.0,4.0,0.0,True,4+ rings
sp-141,59620153.0,9.113331,2.7196531,59620153,sp-141,True,5.0,5.0,0.0,True,4+ rings
gtp-14564,3385203.0,9.384484,2.5370653,3385203,gtp-14564,True,4.0,4.0,0.0,True,4+ rings
pp-2,4878.0,8.93259,2.2559092,4878,pp-2,True,3.0,3.0,0.0,True,3 rings
ntzdpa,9954280.0,10.436082,2.5441139,9954280,ntzdpa,True,4.0,4.0,0.0,True,4+ rings
docusate,40473171.0,10.718766,1.2658131,40473171,docusate,True,0.0,0.0,0.0,False,0 rings
endoxifen,10090750.0,10.367782,3.2102597,10090750,endoxifen,True,3.0,3.0,0.0,True,3 rings
gsk2256098,46214930.0,10.143172,3.2590609,46214930,gsk2256098,True,3.0,3.0,0.0,True,3 rings
lgk-974,46926973.0,9.440678,3.55343,46926973,lgk-974,True,4.0,4.0,0.0,True,4+ rings
sr-1078,17980288.0,9.818784,3.6534286,17980288,sr-1078,True,2.0,2.0,0.0,True,2 rings
ethylnorepinephrine,25271661.0,11.004887,2.8593507,25271661,ethylnorepinephrine,True,1.0,1.0,0.0,True,1 ring
quipazine,5011.0,8.716548,2.4077024,5011,quipazine,True,3.0,2.0,1.0,True,3 rings
ethyl-2-(carbamoyloxy)benzoate,145917.0,10.573117,2.8733037,145917,ethyl-2-(carbamoyloxy)benzoate,True,1.0,1.0,0.0,True,1 ring
triclosan,5564.0,9.332782,2.240068,5564,triclosan,True,2.0,2.0,0.0,True,2 rings
cgp-71683,,9.268641,2.5267675,,cgp-71683,True,5.0,4.0,1.0,True,4+ rings
zalcitabine,24066.0,10.583225,-0.63058335,24066,zalcitabine,True,2.0,1.0,1.0,True,2 rings
daclatasvir,25154714.0,10.348788,1.8208162,25154714,daclatasvir,True,6.0,4.0,2.0,True,4+ rings
gw-627368,5312130.0,10.414938,2.8018105,5312130,gw-627368,True,5.0,4.0,1.0,True,4+ rings
ertugliflozin,44814423.0,10.0201845,3.232966,44814423,ertugliflozin,True,4.0,2.0,2.0,True,4+ rings
gestodene,3033968.0,8.444871,-0.19057325,3033968,gestodene,True,4.0,0.0,4.0,True,4+ rings
sultopride,29010876.0,9.425249,4.4502177,29010876,sultopride,True,2.0,1.0,1.0,True,2 rings
pf-05175157,52934180.0,8.977784,2.6616943,52934180,pf-05175157,True,5.0,3.0,2.0,True,4+ rings
lsz-102,118574930.0,9.022608,2.9321864,118574930,lsz-102,True,4.0,4.0,0.0,True,4+ rings
3-deazaneplanocin-a,73087.0,9.591228,1.3840837,73087,3-deazaneplanocin-a,True,3.0,2.0,1.0,True,3 rings
griseofulvin,441140.0,8.93659,1.581764,441140,griseofulvin,True,3.0,1.0,2.0,True,3 rings
o-3m3fbs,770820.0,8.764891,2.5232751,770820,o-3m3fbs,True,2.0,2.0,0.0,True,2 rings
fr-180204,53338808.0,9.161072,2.3580148,53338808,fr-180204,True,5.0,5.0,0.0,True,4+ rings
ore1001,448281.0,10.776563,2.0097725,448281,ore1001,True,2.0,2.0,0.0,True,2 rings
dvd-111,180496.0,10.775239,2.4754179,180496,dvd-111,True,2.0,1.0,1.0,True,2 rings
fgin-1-43,3995234.0,10.780478,1.2698661,3995234,fgin-1-43,True,3.0,3.0,0.0,True,3 rings
tamibarotene,108143.0,10.006562,3.6217558,108143,tamibarotene,True,3.0,2.0,1.0,True,3 rings
brivudine,446727.0,10.761901,-0.8870138,446727,brivudine,True,2.0,1.0,1.0,True,2 rings
sparfosate,46936683.0,10.811487,1.7540011,46936683,sparfosate,True,0.0,0.0,0.0,False,0 rings
brl-50481,2921148.0,8.288558,2.1865938,2921148,brl-50481,True,1.0,1.0,0.0,True,1 ring
gbr-13069,5974189.0,10.315676,3.5692313,5974189,gbr-13069,True,4.0,3.0,1.0,True,4+ rings
ambenonium,2131.0,9.913241,2.4756682,2131,ambenonium,True,2.0,2.0,0.0,True,2 rings
wz8040,44607531.0,8.538294,3.7694178,44607531,wz8040,True,4.0,3.0,1.0,True,4+ rings
cebranopadol,,9.475001,2.2035525,,cebranopadol,True,5.0,3.0,2.0,True,4+ rings
acdpp,16759169.0,9.427702,3.7131412,16759169,acdpp,True,2.0,2.0,0.0,True,2 rings
astx660,118169620.0,9.5271225,1.9335496,118169620,astx660,True,5.0,2.0,3.0,True,4+ rings
gw-441756,9943465.0,9.252868,2.8478358,9943465,gw-441756,True,4.0,3.0,1.0,True,4+ rings
gdc-0623,42642654.0,9.952954,1.2450821,42642654,gdc-0623,True,3.0,3.0,0.0,True,3 rings
captan,25775509.0,9.102225,1.5180907,25775509,captan,True,2.0,0.0,2.0,True,2 rings
"1,12-besm",4283.0,9.666582,1.3081993,4283,"1,12-besm",True,0.0,0.0,0.0,False,0 rings
caspofungin,16119814.0,10.521268,2.5805237,16119814,caspofungin,True,4.0,1.0,3.0,True,4+ rings
metergoline,28693.0,10.422729,2.8251479,28693,metergoline,True,5.0,3.0,2.0,True,4+ rings
ml213,1219187.0,9.585503,1.5409799,1219187,ml213,True,3.0,1.0,2.0,True,3 rings
nm107,500902.0,10.593316,-0.602984,500902,nm107,True,2.0,1.0,1.0,True,2 rings
sitravatinib,25212148.0,9.679386,3.662994,25212148,sitravatinib,True,6.0,5.0,1.0,True,4+ rings
telbivudine,159269.0,10.749009,-0.87284803,159269,telbivudine,True,2.0,1.0,1.0,True,2 rings
ro-61-8048,5282337.0,8.350073,2.483048,5282337,ro-61-8048,True,3.0,3.0,0.0,True,3 rings
amiselimod,16129483.0,10.649399,1.2530568,16129483,amiselimod,True,1.0,1.0,0.0,True,1 ring
centhaquin,162163.0,8.826609,2.7376974,162163,centhaquin,True,4.0,3.0,1.0,True,4+ rings
metoprolol,157716.0,10.93241,3.8478277,157716,metoprolol,True,1.0,1.0,0.0,True,1 ring
3-carboxy-4-hydroxyphenylglycine-(r),6604713.0,11.206399,2.462804,6604713,3-carboxy-4-hydroxyphenylglycine-(r),True,1.0,1.0,0.0,True,1 ring
gsk2578215a,68107965.0,9.481388,3.7895417,68107965,gsk2578215a,True,4.0,4.0,0.0,True,4+ rings
urolithin-a,5488186.0,9.408913,2.0411344,5488186,urolithin-a,True,3.0,3.0,0.0,True,3 rings
thymopentin,451417.0,11.38054,2.157604,451417,thymopentin,True,1.0,1.0,0.0,True,1 ring
indium-tri(2-propanolate),57346963.0,9.191319,1.5733976,57346963,indium-tri(2-propanolate),True,0.0,0.0,0.0,False,0 rings
jnj-7777120,4908365.0,9.452007,2.539404,4908365,jnj-7777120,True,3.0,2.0,1.0,True,3 rings
cutamesine,9907323.0,9.061762,3.5119472,9907323,cutamesine,True,3.0,2.0,1.0,True,3 rings
actb-1003,23653175.0,9.675051,3.3911018,23653175,actb-1003,True,5.0,4.0,1.0,True,4+ rings
voclosporin,6918486.0,9.308724,1.2995896,6918486,voclosporin,True,1.0,0.0,1.0,True,1 ring
carbadox,135511839.0,9.756482,3.0563946,135511839,carbadox,True,2.0,2.0,0.0,True,2 rings
pnu-142633,9845148.0,9.695098,2.5179048,9845148,pnu-142633,True,4.0,2.0,2.0,True,4+ rings
volasertib,,8.520563,3.7498806,,volasertib,True,6.0,2.0,4.0,True,4+ rings
skepinone-l,45279963.0,10.594519,3.3697827,45279963,skepinone-l,True,4.0,3.0,1.0,True,4+ rings
magnolol,72300.0,9.714441,2.3160508,72300,magnolol,True,2.0,2.0,0.0,True,2 rings
oleuropein,,9.771376,0.26849487,,oleuropein,True,3.0,1.0,2.0,True,3 rings
fmoc-l-leucine,1549133.0,10.88381,2.2615278,1549133,fmoc-l-leucine,True,3.0,2.0,1.0,True,3 rings
sc-12267,9820008.0,9.525915,3.1997485,9820008,sc-12267,True,3.0,2.0,1.0,True,3 rings
"2,6-dimethylpiperidine",641768.0,9.143368,1.5163034,641768,"2,6-dimethylpiperidine",True,1.0,0.0,1.0,True,1 ring
apigenin,5280443.0,9.3836155,0.82194567,5280443,apigenin,True,3.0,3.0,0.0,True,3 rings
tak-063,46848915.0,8.753513,2.9690855,46848915,tak-063,True,5.0,5.0,0.0,True,4+ rings
pym50028,92095.0,8.902779,-0.036593743,92095,pym50028,True,6.0,0.0,6.0,True,4+ rings
tcs-3035,2295463.0,8.813011,1.9583998,2295463,tcs-3035,True,2.0,1.0,1.0,True,2 rings
fpl-55712,92460042.0,10.57229,2.082865,92460042,fpl-55712,True,3.0,3.0,0.0,True,3 rings
ki-20227,57881591.0,9.127157,3.9554865,57881591,ki-20227,True,4.0,4.0,0.0,True,4+ rings
mecysteine,29145.0,10.706545,1.8878906,29145,mecysteine,True,0.0,0.0,0.0,False,0 rings
dsm265,51347395.0,9.043998,1.8558502,51347395,dsm265,True,3.0,3.0,0.0,True,3 rings
flurothyl,9528.0,9.112659,1.670009,9528,flurothyl,True,0.0,0.0,0.0,False,0 rings
20-hydroxyecdysone,25749233.0,9.406461,0.92808974,25749233,20-hydroxyecdysone,True,4.0,0.0,4.0,True,4+ rings
dantrolene,6914273.0,8.340249,1.9747387,6914273,dantrolene,True,3.0,2.0,1.0,True,3 rings
en460,1016023.0,10.120145,3.0576017,1016023,en460,True,4.0,3.0,1.0,True,4+ rings
2-oxoglutaric-acid,51.0,10.460596,1.7878537,51,2-oxoglutaric-acid,True,0.0,0.0,0.0,False,0 rings
lusutrombopag,49843517.0,10.850559,1.5027965,49843517,lusutrombopag,True,3.0,3.0,0.0,True,3 rings
diethyltoluamide,4284.0,9.728586,3.0617077,4284,diethyltoluamide,True,1.0,1.0,0.0,True,1 ring
on-01500,11486204.0,8.715693,3.1945598,11486204,on-01500,True,2.0,2.0,0.0,True,2 rings
dipraglurant,44557636.0,9.434451,2.98976,44557636,dipraglurant,True,3.0,3.0,0.0,True,3 rings
pyritinol,14190.0,9.440228,1.7522964,14190,pyritinol,True,2.0,2.0,0.0,True,2 rings
ro-60-0175,3045227.0,9.79259,1.2792897,3045227,ro-60-0175,True,2.0,2.0,0.0,True,2 rings
spaglumic-acid,188803.0,11.238824,1.9337708,188803,spaglumic-acid,True,0.0,0.0,0.0,False,0 rings
s1p1-agonist-iii,54764919.0,9.609921,3.6086416,54764919,s1p1-agonist-iii,True,3.0,3.0,0.0,True,3 rings
tosedostat,15547703.0,10.628569,2.8433049,15547703,tosedostat,True,2.0,1.0,1.0,True,2 rings
gpbar-a,11656002.0,9.38717,2.6480906,11656002,gpbar-a,True,4.0,3.0,1.0,True,4+ rings
harringtonine,276389.0,9.618128,1.8191648,276389,harringtonine,True,5.0,1.0,4.0,True,4+ rings
nafcillin,8982.0,13.2688675,1.9133557,8982,nafcillin,True,4.0,2.0,2.0,True,4+ rings
cefotetan,,13.274618,1.6125349,,cefotetan,True,4.0,1.0,3.0,True,4+ rings
dehydrocholate,7048656.0,8.912297,-0.36981472,7048656,dehydrocholate,True,4.0,0.0,4.0,True,4+ rings
vanoxerine,3455.0,10.2508545,3.5630984,3455,vanoxerine,True,4.0,3.0,1.0,True,4+ rings
pf-06459988,71535003.0,9.490116,1.6836872,71535003,pf-06459988,True,4.0,3.0,1.0,True,4+ rings
nbi-27914,176157.0,9.131979,1.739741,176157,nbi-27914,True,3.0,2.0,1.0,True,3 rings
gw-311616,9800961.0,9.991926,1.5907183,9800961,gw-311616,True,3.0,0.0,3.0,True,3 rings
regadenoson,219024.0,10.432723,-0.6123976,219024,regadenoson,True,4.0,3.0,1.0,True,4+ rings
4-propylbenzoic-acid,137601.0,10.250489,2.7427585,137601,4-propylbenzoic-acid,True,1.0,1.0,0.0,True,1 ring
vildagliptin,,9.94635,1.6612481,,vildagliptin,True,5.0,0.0,5.0,True,4+ rings
caricotamide,403128.0,9.976619,1.7398955,403128,caricotamide,True,1.0,0.0,1.0,True,1 ring
voruciclib,67409219.0,9.425945,2.1201591,67409219,voruciclib,True,4.0,3.0,1.0,True,4+ rings
benurestat,38000.0,10.1720085,2.9171271,38000,benurestat,True,1.0,1.0,0.0,True,1 ring
dnqx,3899541.0,8.449155,2.043709,3899541,dnqx,True,2.0,2.0,0.0,True,2 rings
velpatasvir,67683363.0,10.5696125,2.8298252,67683363,velpatasvir,True,9.0,6.0,3.0,True,4+ rings
4-iodo-6-phenylpyrimidine,817368.0,9.342998,2.653452,817368,4-iodo-6-phenylpyrimidine,True,2.0,2.0,0.0,True,2 rings
cevipabulin,11488110.0,9.108711,1.5945966,11488110,cevipabulin,True,3.0,3.0,0.0,True,3 rings
zindotrine,41856.0,8.900805,1.7637805,41856,zindotrine,True,3.0,2.0,1.0,True,3 rings
beta-elemene,6918391.0,9.330993,1.2076417,6918391,beta-elemene,True,1.0,0.0,1.0,True,1 ring
butamben,2482.0,10.69579,3.023736,2482,butamben,True,1.0,1.0,0.0,True,1 ring
resminostat,11609955.0,9.094582,2.8745706,11609955,resminostat,True,2.0,2.0,0.0,True,2 rings
bardoxolone,400010.0,9.275355,0.9865432,400010,bardoxolone,True,5.0,0.0,5.0,True,4+ rings
tic10,336423.0,9.667818,2.6378844,336423,tic10,True,5.0,2.0,3.0,True,4+ rings
lersivirine,16739244.0,10.207496,1.2474606,16739244,lersivirine,True,2.0,2.0,0.0,True,2 rings
gadobutrol,70678987.0,10.0234995,1.1506866,70678987,gadobutrol,True,3.0,0.0,3.0,True,3 rings
loreclezole,3034012.0,9.305393,2.267784,3034012,loreclezole,True,2.0,2.0,0.0,True,2 rings
paliperidone,9823781.0,10.134555,3.8215237,9823781,paliperidone,True,5.0,3.0,2.0,True,4+ rings
dicycloverine,3042.0,10.727667,3.2582374,3042,dicycloverine,True,2.0,0.0,2.0,True,2 rings
cct129202,16202152.0,9.359637,2.8393426,16202152,cct129202,True,5.0,4.0,1.0,True,4+ rings
ketoconazole,47576.0,9.3104,2.334915,47576,ketoconazole,True,5.0,3.0,2.0,True,4+ rings
nuclomedone,76972174.0,9.2859125,1.6673509,76972174,nuclomedone,True,3.0,1.0,2.0,True,3 rings
gsk0660,46233311.0,9.600874,3.0964696,46233311,gsk0660,True,3.0,3.0,0.0,True,3 rings
methoxsalen,4114.0,9.043745,2.0819232,4114,methoxsalen,True,3.0,3.0,0.0,True,3 rings
sb-525334,9967941.0,8.820456,2.30442,9967941,sb-525334,True,4.0,4.0,0.0,True,4+ rings
synephrine,667452.0,10.936725,3.0731764,667452,synephrine,True,1.0,1.0,0.0,True,1 ring
triapine,9571836.0,9.453642,2.0537,9571836,triapine,True,1.0,1.0,0.0,True,1 ring
clobetasol-propionate,32798.0,8.00015,-1.223242,32798,clobetasol-propionate,True,4.0,0.0,4.0,True,4+ rings
sultamicillin,444022.0,13.25943,1.908241,444022,sultamicillin,True,5.0,1.0,4.0,True,4+ rings
a-1120,25138295.0,10.1734,3.2625194,25138295,a-1120,True,3.0,2.0,1.0,True,3 rings
bd-1063,574780.0,9.2621765,2.8564086,574780,bd-1063,True,2.0,1.0,1.0,True,2 rings
tadalafil,110635.0,9.04973,2.5901232,110635,tadalafil,True,6.0,3.0,3.0,True,4+ rings
tc-s-7004,57523919.0,9.736521,3.4604979,57523919,tc-s-7004,True,4.0,4.0,0.0,True,4+ rings
metitepine,969502.0,8.835287,3.5789342,969502,metitepine,True,4.0,2.0,2.0,True,4+ rings
procainamide,4913.0,10.486354,3.456151,4913,procainamide,True,1.0,1.0,0.0,True,1 ring
bezafibrate,39042.0,10.141299,2.6757812,39042,bezafibrate,True,2.0,2.0,0.0,True,2 rings
cisplatin,86820626.0,9.13253,1.6682987,86820626,cisplatin,True,0.0,0.0,0.0,False,0 rings
isopropyl-palmitate,8907.0,10.963238,1.2262762,8907,isopropyl-palmitate,True,0.0,0.0,0.0,False,0 rings
danoprevir,11285588.0,8.961228,2.3107457,11285588,danoprevir,True,6.0,1.0,5.0,True,4+ rings
acamprosate,71158.0,10.060743,1.7590467,71158,acamprosate,True,0.0,0.0,0.0,False,0 rings
az191,72716071.0,8.431349,3.7772498,72716071,az191,True,5.0,4.0,1.0,True,4+ rings
squaric-acid-dibutyl-ester,65108.0,10.463882,2.2542782,65108,squaric-acid-dibutyl-ester,True,1.0,1.0,0.0,True,1 ring
chlorphenesin,6918886.0,10.538537,3.2639887,6918886,chlorphenesin,True,1.0,1.0,0.0,True,1 ring
hesperidin,10621.0,9.564669,0.39974117,10621,hesperidin,True,5.0,2.0,3.0,True,4+ rings
novobiocin,54675769.0,9.7803335,2.5202584,54675769,novobiocin,True,4.0,3.0,1.0,True,4+ rings
aai101,23653541.0,10.058669,1.5740042,23653541,aai101,True,3.0,1.0,2.0,True,3 rings
arq-621,25110841.0,9.945719,3.1753895,25110841,arq-621,True,4.0,4.0,0.0,True,4+ rings
nvp-bhg712,16747388.0,9.697803,3.7855706,16747388,nvp-bhg712,True,5.0,5.0,0.0,True,4+ rings
abiraterone,132971.0,8.867591,-0.08866889,132971,abiraterone,True,5.0,1.0,4.0,True,4+ rings
rolipram,158758.0,8.504245,3.3477893,158758,rolipram,True,3.0,1.0,2.0,True,3 rings
tc-sp-14,51346934.0,9.841737,2.657129,51346934,tc-sp-14,True,5.0,4.0,1.0,True,4+ rings
nsc-636819,6288112.0,8.529889,2.1430247,6288112,nsc-636819,True,3.0,3.0,0.0,True,3 rings
tolamolol,66743765.0,10.866244,3.7590387,66743765,tolamolol,True,2.0,2.0,0.0,True,2 rings
ha-966-(r)-(+),6603720.0,9.394107,1.469243,6603720,ha-966-(r)-(+),True,1.0,0.0,1.0,True,1 ring
triciribine-phosphate,43860.0,10.404203,-0.5586157,43860,triciribine-phosphate,True,4.0,2.0,2.0,True,4+ rings
zd-0947,9818432.0,8.911874,1.6220906,9818432,zd-0947,True,3.0,1.0,2.0,True,3 rings
cc-401,10430360.0,9.885541,3.1148717,10430360,cc-401,True,5.0,4.0,1.0,True,4+ rings
dicoumarol,54676038.0,9.686168,2.5598872,54676038,dicoumarol,True,4.0,4.0,0.0,True,4+ rings
ftaxilide,71895.0,10.063228,3.5708368,71895,ftaxilide,True,2.0,2.0,0.0,True,2 rings
cki-7,129236.0,9.633964,1.6161377,129236,cki-7,True,2.0,2.0,0.0,True,2 rings
cyclopiazonic-acid,54682463.0,9.546339,2.2570531,54682463,cyclopiazonic-acid,True,5.0,2.0,3.0,True,4+ rings
anastrozole,2187.0,9.3958025,1.6376956,2187,anastrozole,True,2.0,2.0,0.0,True,2 rings
methylene-blue,4139.0,9.007966,1.9183632,4139,methylene-blue,True,3.0,1.0,2.0,True,3 rings
vuf10166,24278976.0,8.883069,2.8747997,24278976,vuf10166,True,3.0,2.0,1.0,True,3 rings
desmethylclozapine,135409468.0,8.740222,2.7256272,135409468,desmethylclozapine,True,4.0,2.0,2.0,True,4+ rings
mcoppb,24800108.0,8.850972,2.0081623,24800108,mcoppb,True,5.0,2.0,3.0,True,4+ rings
oxybuprocaine,4633.0,10.752199,3.1969824,4633,oxybuprocaine,True,1.0,1.0,0.0,True,1 ring
bisoctrizole,3571576.0,9.387213,2.2738497,3571576,bisoctrizole,True,6.0,6.0,0.0,True,4+ rings
boceprevir,10324368.0,10.2590065,1.7296574,10324368,boceprevir,True,3.0,0.0,3.0,True,3 rings
carmoterol,86306667.0,11.017992,3.0534275,86306667,carmoterol,True,3.0,3.0,0.0,True,3 rings
hc-070,85473309.0,8.304291,1.317885,85473309,hc-070,True,4.0,4.0,0.0,True,4+ rings
arecoline,2230.0,9.842514,1.909192,2230,arecoline,True,1.0,0.0,1.0,True,1 ring
rubitecan,472335.0,6.9319706,3.34704,472335,rubitecan,True,5.0,3.0,2.0,True,4+ rings
vandetanib,3081361.0,8.997804,4.21674,3081361,vandetanib,True,4.0,3.0,1.0,True,4+ rings
bakuchiol,5468522.0,9.215057,2.3548515,5468522,bakuchiol,True,1.0,1.0,0.0,True,1 ring
esonarimod,9795701.0,10.517967,1.8511457,9795701,esonarimod,True,1.0,1.0,0.0,True,1 ring
cb-10-277,,10.069874,2.5260851,,cb-10-277,True,1.0,1.0,0.0,True,1 ring
nicainoprol,76956332.0,10.952736,3.9162576,76956332,nicainoprol,True,3.0,2.0,1.0,True,3 rings
tug-891,57522038.0,10.536201,2.4875855,57522038,tug-891,True,3.0,3.0,0.0,True,3 rings
wp921,3035658.0,10.314214,1.8488384,3035658,wp921,True,2.0,2.0,0.0,True,2 rings
aticaprant,44129648.0,10.14602,2.4497435,44129648,aticaprant,True,4.0,3.0,1.0,True,4+ rings
fenoldopam,30026875.0,9.334604,2.3154187,30026875,fenoldopam,True,3.0,2.0,1.0,True,3 rings
oicr-9429,91623360.0,9.725176,3.4915242,91623360,oicr-9429,True,5.0,3.0,2.0,True,4+ rings
acifran,76969700.0,10.012694,2.830384,76969700,acifran,True,2.0,1.0,1.0,True,2 rings
m-344,3994.0,10.448966,2.611559,3994,m-344,True,1.0,1.0,0.0,True,1 ring
sisomicin,36119.0,9.532517,0.3715346,36119,sisomicin,True,3.0,0.0,3.0,True,3 rings
metacetamol,12124.0,9.683616,3.4541054,12124,metacetamol,True,1.0,1.0,0.0,True,1 ring
rizatriptan,5078.0,11.495323,2.899969,5078,rizatriptan,True,3.0,3.0,0.0,True,3 rings
dexamethasone,5743.0,8.02318,-1.2011385,5743,dexamethasone,True,4.0,0.0,4.0,True,4+ rings
atglistatin,71699712.0,9.761874,3.3497646,71699712,atglistatin,True,2.0,2.0,0.0,True,2 rings
sulfasalazine,,9.972325,2.940532,,sulfasalazine,True,3.0,3.0,0.0,True,3 rings
azd5153,118693659.0,9.184854,2.4035923,118693659,azd5153,True,5.0,3.0,2.0,True,4+ rings
vapendavir,504457.0,8.969796,1.9501841,504457,vapendavir,True,4.0,3.0,1.0,True,4+ rings
niflumic-acid,4488.0,9.908936,3.4690392,4488,niflumic-acid,True,2.0,2.0,0.0,True,2 rings
azatadine,19861.0,9.03051,2.895255,19861,azatadine,True,4.0,2.0,2.0,True,4+ rings
l-theanine,439378.0,11.214741,1.8293302,439378,l-theanine,True,0.0,0.0,0.0,False,0 rings
desoxypeganine,442894.0,9.070278,2.5448625,442894,desoxypeganine,True,3.0,1.0,2.0,True,3 rings
indinavir,5362440.0,9.379028,3.6463678,5362440,indinavir,True,5.0,3.0,2.0,True,4+ rings
as-2444697,52913874.0,9.786897,1.9537421,52913874,as-2444697,True,4.0,3.0,1.0,True,4+ rings
elacytarabine,6438895.0,10.595032,-0.44905645,6438895,elacytarabine,True,2.0,1.0,1.0,True,2 rings
g-15,25727983.0,9.138766,2.253715,25727983,g-15,True,5.0,2.0,3.0,True,4+ rings
tc1,,9.773369,2.5252943,,tc1,True,8.0,1.0,7.0,True,4+ rings
melphalan,6918992.0,11.090531,2.2601168,6918992,melphalan,True,1.0,1.0,0.0,True,1 ring
snap,,10.743592,1.83768,,snap,True,0.0,0.0,0.0,False,0 rings
4-pyrimidinecarbonitrile,10313094.0,8.991725,1.8486948,10313094,4-pyrimidinecarbonitrile,True,1.0,1.0,0.0,True,1 ring
3-amino-benzamide,1645.0,9.961439,2.438801,1645,3-amino-benzamide,True,1.0,1.0,0.0,True,1 ring
ferb-033,135931707.0,9.431822,2.1924665,135931707,ferb-033,True,2.0,2.0,0.0,True,2 rings
ly2784544,46213929.0,8.914761,2.545496,46213929,ly2784544,True,5.0,4.0,1.0,True,4+ rings
lauric-diethanolamide,8430.0,10.84522,1.1972785,8430,lauric-diethanolamide,True,0.0,0.0,0.0,False,0 rings
tcn201,4787937.0,9.951585,2.8900766,4787937,tcn201,True,3.0,3.0,0.0,True,3 rings
deserpidine,8550.0,8.919307,3.4189155,8550,deserpidine,True,6.0,3.0,3.0,True,4+ rings
valnemulin,9850878.0,9.820141,1.443561,9850878,valnemulin,True,3.0,0.0,3.0,True,3 rings
pazufloxacin,65957.0,12.199813,0.6700131,65957,pazufloxacin,True,4.0,2.0,2.0,True,4+ rings
bms-863233,135564632.0,9.167041,2.0542762,135564632,bms-863233,True,4.0,3.0,1.0,True,4+ rings
abx464,49846599.0,9.14206,2.525323,49846599,abx464,True,3.0,3.0,0.0,True,3 rings
carteolol,49852288.0,11.218166,4.090278,49852288,carteolol,True,2.0,1.0,1.0,True,2 rings
sulfamonomethoxine,5332.0,8.152264,2.7295012,5332,sulfamonomethoxine,True,2.0,2.0,0.0,True,2 rings
th-588,73389731.0,8.900266,2.1379545,73389731,th-588,True,3.0,2.0,1.0,True,3 rings
asaraldehyde,20525.0,8.690946,3.0818717,20525,asaraldehyde,True,1.0,1.0,0.0,True,1 ring
quinestrol,9046.0,8.368018,-0.15702811,9046,quinestrol,True,5.0,1.0,4.0,True,4+ rings
ngd-98-2,9822241.0,8.691483,2.7987056,9822241,ngd-98-2,True,2.0,2.0,0.0,True,2 rings
imidazoacridinone,132127.0,9.524207,2.698926,132127,imidazoacridinone,True,4.0,4.0,0.0,True,4+ rings
jnj-39758979,24994634.0,8.838278,2.0080445,24994634,jnj-39758979,True,2.0,1.0,1.0,True,2 rings
azd9668,46861623.0,9.790857,3.3466315,46861623,azd9668,True,4.0,4.0,0.0,True,4+ rings
pritelivir,491941.0,9.36633,2.9140563,491941,pritelivir,True,3.0,3.0,0.0,True,3 rings
sr-3576,70702008.0,9.516187,3.4261274,70702008,sr-3576,True,4.0,4.0,0.0,True,4+ rings
aeg3482,698112.0,9.074526,2.6026978,698112,aeg3482,True,3.0,3.0,0.0,True,3 rings
tms,5354004.0,8.799147,3.0701094,5354004,tms,True,2.0,2.0,0.0,True,2 rings
mitoxantrone,4212.0,9.626045,1.860502,4212,mitoxantrone,True,3.0,2.0,1.0,True,3 rings
bavisant,16061509.0,9.524855,3.0033062,16061509,bavisant,True,4.0,1.0,3.0,True,4+ rings
niacin,938.0,9.395474,3.6766973,938,niacin,True,1.0,1.0,0.0,True,1 ring
pci-27483,135425273.0,10.859534,1.9351286,135425273,pci-27483,True,4.0,4.0,0.0,True,4+ rings
u-75799e,9919153.0,11.652611,2.5458248,9919153,u-75799e,True,6.0,6.0,0.0,True,4+ rings
pirenzepine,4848.0,9.254295,2.8328378,4848,pirenzepine,True,4.0,2.0,2.0,True,4+ rings
idarubicin,42890.0,8.437452,2.9276202,42890,idarubicin,True,5.0,2.0,3.0,True,4+ rings
carbachol,2551.0,10.252918,1.6404481,2551,carbachol,True,0.0,0.0,0.0,False,0 rings
azelastine,12831281.0,9.382419,2.843743,12831281,azelastine,True,4.0,3.0,1.0,True,4+ rings
kevetrin,437740.0,9.739957,1.5865775,437740,kevetrin,True,0.0,0.0,0.0,False,0 rings
tretazicar,89105.0,8.426196,2.031008,89105,tretazicar,True,2.0,1.0,1.0,True,2 rings
ly294002,3973.0,9.183206,2.6543071,3973,ly294002,True,4.0,3.0,1.0,True,4+ rings
ly2857785,,8.944007,1.9490246,,ly2857785,True,5.0,3.0,2.0,True,4+ rings
altrenogest,10041070.0,8.972083,0.816686,10041070,altrenogest,True,4.0,0.0,4.0,True,4+ rings
pranoprofen,40467222.0,10.831412,2.5409107,40467222,pranoprofen,True,3.0,2.0,1.0,True,3 rings
pyrantel-pamoate,708857.0,8.969386,1.9595219,708857,pyrantel-pamoate,True,2.0,1.0,1.0,True,2 rings
auranofin,6918453.0,10.202335,1.4664876,6918453,auranofin,True,1.0,0.0,1.0,True,1 ring
jib04,6519698.0,9.514091,3.1204302,6519698,jib04,True,3.0,3.0,0.0,True,3 rings
a-922500,24768261.0,9.851729,3.4026432,24768261,a-922500,True,4.0,3.0,1.0,True,4+ rings
salvianolic-acid-a,5281793.0,10.597291,2.488422,5281793,salvianolic-acid-a,True,3.0,3.0,0.0,True,3 rings
tasisulam,10160238.0,9.703475,2.0020247,10160238,tasisulam,True,2.0,2.0,0.0,True,2 rings
taxifolin,439533.0,9.572279,0.82551664,439533,taxifolin,True,3.0,2.0,1.0,True,3 rings
alprenolol,203685.0,10.981973,3.9395661,203685,alprenolol,True,1.0,1.0,0.0,True,1 ring
pramoxine,4886.0,9.4942255,3.1990848,4886,pramoxine,True,2.0,1.0,1.0,True,2 rings
cyclamic-acid,7533.0,9.408521,1.8102984,7533,cyclamic-acid,True,1.0,0.0,1.0,True,1 ring
unc926,61041645.0,9.5137615,2.8523037,61041645,unc926,True,3.0,1.0,2.0,True,3 rings
l-cysteine,6419722.0,11.218855,1.8610615,6419722,l-cysteine,True,0.0,0.0,0.0,False,0 rings
pramipexole,119570.0,9.112419,1.5533495,119570,pramipexole,True,2.0,1.0,1.0,True,2 rings
pf-750,25154868.0,9.897959,3.450655,25154868,pf-750,True,4.0,3.0,1.0,True,4+ rings
tenoxicam,54677971.0,9.506185,3.0852683,54677971,tenoxicam,True,3.0,2.0,1.0,True,3 rings
ergotamine,8223.0,11.104709,2.8094304,8223,ergotamine,True,8.0,3.0,5.0,True,4+ rings
mgcd-265,24901704.0,9.944328,3.2644944,24901704,mgcd-265,True,5.0,5.0,0.0,True,4+ rings
parthenolide-(alternate-stereo),7251185.0,8.900617,0.9526178,7251185,parthenolide-(alternate-stereo),True,3.0,0.0,3.0,True,3 rings
liranaftate,3936.0,9.0701275,2.5066268,3936,liranaftate,True,3.0,2.0,1.0,True,3 rings
itraconazole,14179013.0,9.284973,2.1705587,14179013,itraconazole,True,7.0,5.0,2.0,True,4+ rings
amg-9810,680502.0,9.032676,2.909763,680502,amg-9810,True,3.0,2.0,1.0,True,3 rings
fpl-64176,3423.0,10.160391,2.9923587,3423,fpl-64176,True,3.0,3.0,0.0,True,3 rings
labetalol,134043.0,10.952688,3.0403068,134043,labetalol,True,2.0,2.0,0.0,True,2 rings
misoprostol,5282381.0,11.0721445,1.2296529,5282381,misoprostol,True,1.0,0.0,1.0,True,1 ring
u-54494a,183470.0,9.322515,2.1229036,183470,u-54494a,True,3.0,1.0,2.0,True,3 rings
tazarotene,5381.0,10.609682,2.835118,5381,tazarotene,True,3.0,2.0,1.0,True,3 rings
sch-23390,3036864.0,9.368047,2.423809,3036864,sch-23390,True,3.0,2.0,1.0,True,3 rings
amifostine,29927142.0,9.781056,1.3129909,29927142,amifostine,True,0.0,0.0,0.0,False,0 rings
bu226,3410883.0,8.432265,1.8124762,3410883,bu226,True,3.0,2.0,1.0,True,3 rings
pca-4248,6604734.0,11.932424,3.9693573,6604734,pca-4248,True,2.0,1.0,1.0,True,2 rings
bis(maltolato)oxovanadium(iv),3035454.0,8.946623,1.87397,3035454,bis(maltolato)oxovanadium(iv),True,2.0,2.0,0.0,True,2 rings
edoxaban,10280735.0,9.76955,2.359462,10280735,edoxaban,True,4.0,2.0,2.0,True,4+ rings
ei1,72199293.0,9.805009,2.2421784,72199293,ei1,True,3.0,3.0,0.0,True,3 rings
azd0156,118502708.0,8.876645,1.8887764,118502708,azd0156,True,5.0,4.0,1.0,True,4+ rings
fk-409,94621715.0,10.317625,1.6845267,94621715,fk-409,True,0.0,0.0,0.0,False,0 rings
n-methyllidocaine-iodide,168868.0,10.132778,3.743622,168868,n-methyllidocaine-iodide,True,1.0,1.0,0.0,True,1 ring
aripiprazole,60795.0,9.56475,3.6955476,60795,aripiprazole,True,4.0,2.0,2.0,True,4+ rings
amg-487-(+/-),24957182.0,9.426133,3.6999474,24957182,amg-487-(+/-),True,5.0,5.0,0.0,True,4+ rings
l-asparagine,6992089.0,11.136481,1.7767509,6992089,l-asparagine,True,0.0,0.0,0.0,False,0 rings
3-alpha-bis-(4-fluorophenyl)-methoxytropane,,9.350844,1.6720263,,3-alpha-bis-(4-fluorophenyl)-methoxytropane,True,4.0,2.0,2.0,True,4+ rings
bms-599626,10437018.0,9.735968,3.1294084,10437018,bms-599626,True,6.0,5.0,1.0,True,4+ rings
monomethyl-fumarate,5369209.0,9.973546,1.6509159,5369209,monomethyl-fumarate,True,0.0,0.0,0.0,False,0 rings
cefpiramide,636405.0,13.297994,1.6472684,636405,cefpiramide,True,5.0,3.0,2.0,True,4+ rings
octenidine,51167.0,10.734529,1.0836065,51167,octenidine,True,2.0,2.0,0.0,True,2 rings
picotamide,4814.0,9.403585,3.6990528,4814,picotamide,True,3.0,3.0,0.0,True,3 rings
busulfan,2478.0,9.4311285,1.4430757,2478,busulfan,True,0.0,0.0,0.0,False,0 rings
tilorone,5475.0,10.502767,3.1890721,5475,tilorone,True,3.0,2.0,1.0,True,3 rings
tmc-353121,11249932.0,9.492263,3.0799642,11249932,tmc-353121,True,5.0,4.0,1.0,True,4+ rings
pincainide,71267.0,10.089746,3.6227067,71267,pincainide,True,2.0,1.0,1.0,True,2 rings
ki16198,92461210.0,10.455294,3.0280383,92461210,ki16198,True,3.0,3.0,0.0,True,3 rings
nomifensine,55993.0,9.219076,2.4335275,55993,nomifensine,True,3.0,2.0,1.0,True,3 rings
nemiralisib,49784002.0,10.954218,3.212464,49784002,nemiralisib,True,6.0,5.0,1.0,True,4+ rings
tie2-kinase-inhibitor,92852530.0,8.775335,2.4826617,92852530,tie2-kinase-inhibitor,True,5.0,5.0,0.0,True,4+ rings
a-987306,25109291.0,9.056247,1.5738432,25109291,a-987306,True,5.0,1.0,4.0,True,4+ rings
dropropizine,65859.0,9.817417,3.298332,65859,dropropizine,True,2.0,1.0,1.0,True,2 rings
phenyl-aminosalicylate,8609.0,10.088318,2.9099586,8609,phenyl-aminosalicylate,True,2.0,2.0,0.0,True,2 rings
nvp-tae684,16038120.0,8.435365,3.8237202,16038120,nvp-tae684,True,5.0,3.0,2.0,True,4+ rings
rofecoxib,5090.0,8.660714,2.3915641,5090,rofecoxib,True,3.0,2.0,1.0,True,3 rings
ilepcimide,641115.0,8.956846,2.7077425,641115,ilepcimide,True,3.0,1.0,2.0,True,3 rings
mr-948,10443938.0,9.635964,2.410567,10443938,mr-948,True,2.0,2.0,0.0,True,2 rings
tcn238,46911068.0,9.212394,2.398221,46911068,tcn238,True,2.0,2.0,0.0,True,2 rings
spermine,1103.0,9.72807,1.2526267,1103,spermine,True,0.0,0.0,0.0,False,0 rings
cc-930,,9.06971,1.5042751,,cc-930,True,5.0,3.0,2.0,True,4+ rings
retinaldehyde,638015.0,10.478656,0.602253,638015,retinaldehyde,True,1.0,0.0,1.0,True,1 ring
atazanavir,148192.0,10.477358,2.7067318,148192,atazanavir,True,3.0,3.0,0.0,True,3 rings
barium-6-o-phosphonato-d-glucose,439958.0,10.06591,1.0845654,439958,barium-6-o-phosphonato-d-glucose,True,0.0,0.0,0.0,False,0 rings
gossypol,3503.0,9.615674,2.064931,3503,gossypol,True,4.0,4.0,0.0,True,4+ rings
vu1545,11625520.0,9.725341,3.112876,11625520,vu1545,True,4.0,4.0,0.0,True,4+ rings
flufenamic-acid,3371.0,10.070116,3.3809612,3371,flufenamic-acid,True,2.0,2.0,0.0,True,2 rings
nu-7441,11327430.0,9.114675,2.5979953,11327430,nu-7441,True,6.0,5.0,1.0,True,4+ rings
tpps4,,8.718433,2.283061,,tpps4,True,9.0,7.0,2.0,True,4+ rings
methotrexate,126941.0,11.312508,1.9159849,126941,methotrexate,True,3.0,3.0,0.0,True,3 rings
allopurinol,135401907.0,8.812423,1.6415567,135401907,allopurinol,True,2.0,2.0,0.0,True,2 rings
olomoucine,4592.0,9.515373,3.1057181,4592,olomoucine,True,3.0,3.0,0.0,True,3 rings
nvp-bvu972,44206063.0,8.994749,2.8991005,44206063,nvp-bvu972,True,5.0,5.0,0.0,True,4+ rings
unc0638,46224516.0,8.799844,4.334228,46224516,unc0638,True,5.0,2.0,3.0,True,4+ rings
levocetirizine,28145931.0,10.281362,3.6963522,28145931,levocetirizine,True,3.0,2.0,1.0,True,3 rings
uf-010,4596836.0,10.271857,2.3576236,4596836,uf-010,True,1.0,1.0,0.0,True,1 ring
y-29794,195609.0,10.096522,1.9917183,195609,y-29794,True,2.0,2.0,0.0,True,2 rings
chlorpyrifos,2730.0,9.048674,1.7641999,2730,chlorpyrifos,True,1.0,1.0,0.0,True,1 ring
zebularine,100016.0,10.445067,-0.5415048,100016,zebularine,True,2.0,1.0,1.0,True,2 rings
parethoxycaine,7183.0,10.6653185,3.1729875,7183,parethoxycaine,True,1.0,1.0,0.0,True,1 ring
dienogest,68861.0,8.744093,0.27358508,68861,dienogest,True,4.0,0.0,4.0,True,4+ rings
zk-93423,121926.0,10.530191,2.8627257,121926,zk-93423,True,4.0,4.0,0.0,True,4+ rings
medronic-acid,16124.0,9.844135,1.3783119,16124,medronic-acid,True,0.0,0.0,0.0,False,0 rings
maropitant,204108.0,10.340643,3.045362,204108,maropitant,True,6.0,3.0,3.0,True,4+ rings
reserpine,5770.0,8.938531,3.359871,5770,reserpine,True,6.0,3.0,3.0,True,4+ rings
omadacycline,,10.356691,0.9512309,,omadacycline,True,4.0,1.0,3.0,True,4+ rings
lofexidine,3038503.0,8.490398,1.7084112,3038503,lofexidine,True,2.0,1.0,1.0,True,2 rings
mosapride,9979608.0,10.458235,3.7112303,9979608,mosapride,True,3.0,2.0,1.0,True,3 rings
mianserin,68551.0,9.303472,2.623097,68551,mianserin,True,4.0,2.0,2.0,True,4+ rings
zonisamide,5734.0,8.962774,2.4919307,5734,zonisamide,True,2.0,2.0,0.0,True,2 rings
ck-636,588963.0,10.242634,2.929237,588963,ck-636,True,3.0,3.0,0.0,True,3 rings
tc-n-1752,53361524.0,9.939421,3.5047002,53361524,tc-n-1752,True,4.0,3.0,1.0,True,4+ rings
cryptotanshinone,160254.0,9.07516,1.6574403,160254,cryptotanshinone,True,4.0,1.0,3.0,True,4+ rings
d-limonene,440917.0,9.249816,1.3633733,440917,d-limonene,True,1.0,0.0,1.0,True,1 ring
canertinib,156414.0,9.099475,4.1583977,156414,canertinib,True,4.0,3.0,1.0,True,4+ rings
beta-naphthol,8663.0,9.383145,2.5437565,8663,beta-naphthol,True,2.0,2.0,0.0,True,2 rings
eugenol,3314.0,8.80556,3.2776778,3314,eugenol,True,1.0,1.0,0.0,True,1 ring
i-bet-762,46943432.0,9.457428,3.0479152,46943432,i-bet-762,True,4.0,3.0,1.0,True,4+ rings
pretomanid,456199.0,8.9409275,1.6891963,456199,pretomanid,True,3.0,2.0,1.0,True,3 rings
abt-751,3035714.0,8.416673,2.8360746,3035714,abt-751,True,3.0,3.0,0.0,True,3 rings
morin,5281670.0,9.418374,0.7544347,5281670,morin,True,3.0,3.0,0.0,True,3 rings
rec-15/2615,9891980.0,8.753281,4.291629,9891980,rec-15/2615,True,4.0,3.0,1.0,True,4+ rings
pralatrexate,11155808.0,11.280367,1.9270207,11155808,pralatrexate,True,3.0,3.0,0.0,True,3 rings
clotiapine,16351.0,8.741205,3.4620523,16351,clotiapine,True,4.0,2.0,2.0,True,4+ rings
oxaliplatin,43805.0,8.875669,1.3267775,43805,oxaliplatin,True,3.0,0.0,3.0,True,3 rings
maxacalcitol,6398761.0,2.5563571,2.4746234,6398761,maxacalcitol,True,3.0,0.0,3.0,True,3 rings
coh29,44253415.0,9.965014,3.0103643,44253415,coh29,True,4.0,4.0,0.0,True,4+ rings
tcv-309,6918167.0,10.281488,2.8308318,6918167,tcv-309,True,4.0,3.0,1.0,True,4+ rings
sb-258585,3248571.0,8.455778,2.8548784,3248571,sb-258585,True,3.0,2.0,1.0,True,3 rings
eniporide,6433092.0,9.871463,1.7406095,6433092,eniporide,True,2.0,2.0,0.0,True,2 rings
n-acetyl-tyrosine,68310.0,11.045694,2.4103332,68310,n-acetyl-tyrosine,True,1.0,1.0,0.0,True,1 ring
cgp-37849,6604869.0,10.732329,1.786254,6604869,cgp-37849,True,0.0,0.0,0.0,False,0 rings
terfenadine,6604035.0,10.172894,3.2100189,6604035,terfenadine,True,4.0,3.0,1.0,True,4+ rings
l-365260,5311201.0,9.791576,3.2319405,5311201,l-365260,True,4.0,3.0,1.0,True,4+ rings
epiandrosterone,441302.0,8.886681,-0.022744017,441302,epiandrosterone,True,4.0,0.0,4.0,True,4+ rings
spectinomycin,15541.0,9.330517,1.2042196,15541,spectinomycin,True,3.0,0.0,3.0,True,3 rings
mps1-in-5,71599640.0,9.4657135,3.116968,71599640,mps1-in-5,True,5.0,5.0,0.0,True,4+ rings
chrysin,5281607.0,9.453273,0.95024896,5281607,chrysin,True,3.0,3.0,0.0,True,3 rings
2-oxopropanoate,37873.0,10.018163,1.6208017,37873,2-oxopropanoate,True,0.0,0.0,0.0,False,0 rings
didox,3045.0,9.839476,2.8011029,3045,didox,True,1.0,1.0,0.0,True,1 ring
denatonium-benzoate,15488.0,10.140678,3.67615,15488,denatonium-benzoate,True,2.0,2.0,0.0,True,2 rings
k-strophanthidin,6185.0,9.076085,0.3929593,6185,k-strophanthidin,True,5.0,0.0,5.0,True,4+ rings
3-methyladenine,135398661.0,8.703664,1.5829072,135398661,3-methyladenine,True,2.0,2.0,0.0,True,2 rings
azimilide,9571004.0,9.213165,2.9860165,9571004,azimilide,True,4.0,2.0,2.0,True,4+ rings
sd-208,10316032.0,8.988272,2.3161945,10316032,sd-208,True,4.0,4.0,0.0,True,4+ rings
zanubrutinib,135565884.0,9.549978,2.7727983,135565884,zanubrutinib,True,5.0,3.0,2.0,True,4+ rings
tridihexethyl,6604470.0,10.167182,2.7891142,6604470,tridihexethyl,True,2.0,1.0,1.0,True,2 rings
ro-5028442,59657596.0,9.261132,3.029885,59657596,ro-5028442,True,5.0,3.0,2.0,True,4+ rings
gdc-0994,124583908.0,9.022227,2.19365,124583908,gdc-0994,True,4.0,4.0,0.0,True,4+ rings
aldoxorubicin,9810709.0,8.355842,2.8826942,9810709,aldoxorubicin,True,6.0,2.0,4.0,True,4+ rings
tafluprost,9868491.0,11.168642,1.1737515,9868491,tafluprost,True,2.0,1.0,1.0,True,2 rings
seocalcitol,5288149.0,2.556444,2.4746206,5288149,seocalcitol,True,3.0,0.0,3.0,True,3 rings
chlorfenson,6635.0,8.818125,2.5239406,6635,chlorfenson,True,2.0,2.0,0.0,True,2 rings
nicardipine,6603948.0,12.2253065,4.1806026,6603948,nicardipine,True,3.0,2.0,1.0,True,3 rings
pardoprunox,6918525.0,9.480053,2.8102386,6918525,pardoprunox,True,3.0,2.0,1.0,True,3 rings
oxfenicine,89853.0,11.106443,2.3598156,89853,oxfenicine,True,1.0,1.0,0.0,True,1 ring
tramiprosate,6991996.0,9.874802,1.4408514,6991996,tramiprosate,True,0.0,0.0,0.0,False,0 rings
telenzepine,5387.0,9.356742,2.7789183,5387,telenzepine,True,4.0,2.0,2.0,True,4+ rings
nithiamide,8798.0,9.5556,3.2399166,8798,nithiamide,True,1.0,1.0,0.0,True,1 ring
n-alpha-methylhistamine-dihydrochloride,912.0,11.552158,2.1842334,912,n-alpha-methylhistamine-dihydrochloride,True,1.0,1.0,0.0,True,1 ring
oxethazaine,4621.0,10.309826,2.4908803,4621,oxethazaine,True,2.0,2.0,0.0,True,2 rings
pf-06928215,,9.774522,2.906153,,pf-06928215,True,4.0,3.0,1.0,True,4+ rings
cnqx,3721046.0,8.640395,1.8480853,3721046,cnqx,True,2.0,2.0,0.0,True,2 rings
terciprazine,30844635.0,10.040147,3.3694928,30844635,terciprazine,True,3.0,1.0,2.0,True,3 rings
rabeprazole,9906855.0,8.012602,2.6359928,9906855,rabeprazole,True,3.0,3.0,0.0,True,3 rings
icg-001,11238147.0,9.940377,2.7170103,11238147,icg-001,True,6.0,4.0,2.0,True,4+ rings
pf-03084014,46224413.0,10.131218,1.7871377,46224413,pf-03084014,True,3.0,2.0,1.0,True,3 rings
siramesine,9829526.0,9.600599,2.858265,9829526,siramesine,True,6.0,4.0,2.0,True,4+ rings
phenindione,4760.0,9.329826,2.4826748,4760,phenindione,True,3.0,2.0,1.0,True,3 rings
gw-803430,9826520.0,9.055255,3.548225,9826520,gw-803430,True,5.0,4.0,1.0,True,4+ rings
nitarsone,66826.0,8.385502,2.1452634,66826,nitarsone,True,1.0,1.0,0.0,True,1 ring
sar405,72709209.0,9.051048,1.6437318,72709209,sar405,True,4.0,2.0,2.0,True,4+ rings
4-carboxy-3-hydroxyphenylglycine-(s),5311455.0,11.278494,2.4065666,5311455,4-carboxy-3-hydroxyphenylglycine-(s),True,1.0,1.0,0.0,True,1 ring
trimethadione,5576.0,8.917001,1.4982716,5576,trimethadione,True,1.0,0.0,1.0,True,1 ring
golvatinib,16118392.0,9.772415,3.6428244,16118392,golvatinib,True,6.0,3.0,3.0,True,4+ rings
creatine,586.0,10.150249,1.5597311,586,creatine,True,0.0,0.0,0.0,False,0 rings
atrasentan,159594.0,8.869487,2.8936822,159594,atrasentan,True,4.0,2.0,2.0,True,4+ rings
cinoctramide,6443803.0,8.781452,3.28747,6443803,cinoctramide,True,2.0,1.0,1.0,True,2 rings
methylbenzethonium-chloride,4135.0,10.295438,2.4470978,4135,methylbenzethonium-chloride,True,2.0,2.0,0.0,True,2 rings
"hydrastine-(1r,9s)",197835.0,8.592248,2.9831877,197835,"hydrastine-(1r,9s)",True,5.0,2.0,3.0,True,4+ rings
prednicarbate,,8.1983,-0.974779,,prednicarbate,True,4.0,0.0,4.0,True,4+ rings
thymol-iodide,11088.0,9.739573,1.9469293,11088,thymol-iodide,True,2.0,2.0,0.0,True,2 rings
r-59022,3012.0,10.112876,3.7215068,3012,r-59022,True,5.0,4.0,1.0,True,4+ rings
dyphylline,688353.0,8.189986,1.149549,688353,dyphylline,True,2.0,2.0,0.0,True,2 rings
gsk2830371,70983932.0,9.771434,1.9573836,70983932,gsk2830371,True,4.0,2.0,2.0,True,4+ rings
oxaceprol,65784.0,10.105228,1.7064701,65784,oxaceprol,True,1.0,0.0,1.0,True,1 ring
risdiplam,118513932.0,8.752508,1.9870478,118513932,risdiplam,True,6.0,4.0,2.0,True,4+ rings
xylometazoline,5709.0,8.58859,1.7599795,5709,xylometazoline,True,2.0,1.0,1.0,True,2 rings
phccc,44572113.0,9.815183,3.0848243,44572113,phccc,True,4.0,2.0,2.0,True,4+ rings
at-7519,11338033.0,9.155648,2.1170905,11338033,at-7519,True,3.0,2.0,1.0,True,3 rings
jnj-64619178,126637809.0,9.198255,1.6734308,126637809,jnj-64619178,True,5.0,4.0,1.0,True,4+ rings
aspirin,2244.0,10.169465,3.2437248,2244,aspirin,True,1.0,1.0,0.0,True,1 ring
pacocf3,4670.0,10.989643,1.2556456,4670,pacocf3,True,0.0,0.0,0.0,False,0 rings
cytisine,10235.0,8.985964,1.64152,10235,cytisine,True,3.0,1.0,2.0,True,3 rings
nida-41020,11037861.0,8.401456,3.0752263,11037861,nida-41020,True,4.0,3.0,1.0,True,4+ rings
vorasidenib,117817422.0,9.072061,1.7178437,117817422,vorasidenib,True,2.0,2.0,0.0,True,2 rings
strontium-ranelate,,9.272795,1.8466207,,strontium-ranelate,True,3.0,1.0,2.0,True,3 rings
ci-953,130178.0,9.979853,3.5702379,130178,ci-953,True,2.0,2.0,0.0,True,2 rings
fg-4592,11256664.0,10.292885,2.7805543,11256664,fg-4592,True,3.0,3.0,0.0,True,3 rings
lisuride,28864.0,11.151365,2.767742,28864,lisuride,True,4.0,2.0,2.0,True,4+ rings
profenamine,667534.0,8.783994,3.8641033,667534,profenamine,True,3.0,2.0,1.0,True,3 rings
c34,91691128.0,10.177987,1.4263364,91691128,c34,True,1.0,0.0,1.0,True,1 ring
t-807,71059746.0,8.850713,2.0073688,71059746,t-807,True,4.0,4.0,0.0,True,4+ rings
ramifenazone,5037.0,8.269534,3.2412996,5037,ramifenazone,True,2.0,2.0,0.0,True,2 rings
cs-917,11289630.0,9.963261,1.5744916,11289630,cs-917,True,2.0,2.0,0.0,True,2 rings
piribedil,4850.0,9.192945,2.9844368,4850,piribedil,True,4.0,2.0,2.0,True,4+ rings
cephradine,12876371.0,13.297338,1.6472685,12876371,cephradine,True,3.0,0.0,3.0,True,3 rings
croconazole,2880.0,10.207277,2.9355347,2880,croconazole,True,3.0,3.0,0.0,True,3 rings
picolamine,31018.0,9.31558,3.5811298,31018,picolamine,True,1.0,1.0,0.0,True,1 ring
levofloxacin,6956357.0,12.207898,0.66279525,6956357,levofloxacin,True,4.0,2.0,2.0,True,4+ rings
plovamer-acetate,6942100.0,11.060803,2.3138673,6942100,plovamer-acetate,True,1.0,1.0,0.0,True,1 ring
famprofazone,6604370.0,8.3075905,3.2186227,6604370,famprofazone,True,3.0,3.0,0.0,True,3 rings
vgx-1027,92981775.0,10.160162,2.5168333,92981775,vgx-1027,True,2.0,1.0,1.0,True,2 rings
ly311727,155922.0,10.3896265,2.808056,155922,ly311727,True,3.0,3.0,0.0,True,3 rings
oxotremorine-m,4629.0,9.271951,1.5658774,4629,oxotremorine-m,True,1.0,0.0,1.0,True,1 ring
betamipron,71651.0,10.253583,2.9687345,71651,betamipron,True,1.0,1.0,0.0,True,1 ring
mometasone-furoate,441336.0,8.015737,-1.208387,441336,mometasone-furoate,True,5.0,1.0,4.0,True,4+ rings
naftopidil,6603939.0,10.438691,3.8180892,6603939,naftopidil,True,4.0,3.0,1.0,True,4+ rings
nifuroxazide,5337997.0,8.455999,2.0814505,5337997,nifuroxazide,True,2.0,2.0,0.0,True,2 rings
rotigotine,59227.0,9.254301,2.5536084,59227,rotigotine,True,3.0,2.0,1.0,True,3 rings
ertapenem,124518153.0,10.276466,2.016074,124518153,ertapenem,True,4.0,1.0,3.0,True,4+ rings
ki-16425,40467027.0,10.632334,2.681634,40467027,ki-16425,True,3.0,3.0,0.0,True,3 rings
leucomethylene-blue,164695.0,8.949133,1.7180158,164695,leucomethylene-blue,True,3.0,2.0,1.0,True,3 rings
ro-67-7476,32681978.0,8.56392,2.512964,32681978,ro-67-7476,True,3.0,2.0,1.0,True,3 rings
fenthion,3346.0,8.976,1.9112322,3346,fenthion,True,1.0,1.0,0.0,True,1 ring
tiprenolol,76966339.0,10.965418,3.9073102,76966339,tiprenolol,True,1.0,1.0,0.0,True,1 ring
delivert,78357780.0,11.616025,2.2539828,78357780,delivert,True,4.0,3.0,1.0,True,4+ rings
norepinephrine,439260.0,11.064234,2.9146678,439260,norepinephrine,True,1.0,1.0,0.0,True,1 ring
clonixin,28718.0,10.176357,3.345316,28718,clonixin,True,2.0,2.0,0.0,True,2 rings
zoxazolamine,6103.0,9.087025,2.4519353,6103,zoxazolamine,True,2.0,2.0,0.0,True,2 rings
vu0364439,46934289.0,9.640064,3.3802705,46934289,vu0364439,True,3.0,3.0,0.0,True,3 rings
abbv-744,,9.618943,2.0425484,,abbv-744,True,4.0,2.0,2.0,True,4+ rings
chlorisondamine-diiodide,6244.0,9.646617,1.3020486,6244,chlorisondamine-diiodide,True,2.0,1.0,1.0,True,2 rings
apd597,11691484.0,9.774086,1.8044538,11691484,apd597,True,3.0,2.0,1.0,True,3 rings
jtc-801,5311340.0,9.929304,3.8759964,5311340,jtc-801,True,4.0,4.0,0.0,True,4+ rings
ascorbic-acid,,9.941441,1.1182307,,ascorbic-acid,True,1.0,0.0,1.0,True,1 ring
2-(3-mercaptopropyl)pentanedioic-acid,11735892.0,10.7361355,1.7263476,11735892,2-(3-mercaptopropyl)pentanedioic-acid,True,0.0,0.0,0.0,False,0 rings
emorfazone,3221.0,9.028937,1.6941935,3221,emorfazone,True,2.0,1.0,1.0,True,2 rings
chr-6494,70679308.0,8.944214,1.8790606,70679308,chr-6494,True,4.0,4.0,0.0,True,4+ rings
ketohexokinase-inhibitor-1,,10.389623,1.7401814,,ketohexokinase-inhibitor-1,True,4.0,1.0,3.0,True,4+ rings
crisaborole,44591583.0,9.119952,1.8334252,44591583,crisaborole,True,3.0,2.0,1.0,True,3 rings
"2-(chloromethyl)-5,6,7,8-tetrahydro[1]benzothieno[2,3-d]pyrimidin-4(3h)-one",,8.867013,1.4926922,,"2-(chloromethyl)-5,6,7,8-tetrahydro[1]benzothieno[2,3-d]pyrimidin-4(3h)-one",True,3.0,1.0,2.0,True,3 rings
meta-cresyl-acetate,67406.0,9.707884,2.83821,67406,meta-cresyl-acetate,True,1.0,1.0,0.0,True,1 ring
broxyquinoline,2453.0,8.895253,2.7915142,2453,broxyquinoline,True,2.0,2.0,0.0,True,2 rings
way-316606,16727102.0,8.96127,2.4488118,16727102,way-316606,True,3.0,2.0,1.0,True,3 rings
benperidol,16363.0,10.244462,3.9373372,16363,benperidol,True,4.0,3.0,1.0,True,4+ rings
ly231617,3968.0,8.511031,1.8748921,3968,ly231617,True,1.0,1.0,0.0,True,1 ring
metoclopramide,4168.0,10.537093,3.7464507,4168,metoclopramide,True,1.0,1.0,0.0,True,1 ring
licogliflozin,52913524.0,9.741862,0.2859737,52913524,licogliflozin,True,4.0,2.0,2.0,True,4+ rings
azodicarbonamide,5462814.0,9.897938,1.8132737,5462814,azodicarbonamide,True,0.0,0.0,0.0,False,0 rings
amygdalin,656516.0,9.760277,0.23928975,656516,amygdalin,True,3.0,1.0,2.0,True,3 rings
a-381393,11301655.0,8.559957,2.6615143,11301655,a-381393,True,4.0,3.0,1.0,True,4+ rings
ad-5467,6933882.0,10.311883,1.9083241,6933882,ad-5467,True,2.0,1.0,1.0,True,2 rings
salvianolic-acid-b,11629084.0,10.722533,2.3656306,11629084,salvianolic-acid-b,True,5.0,4.0,1.0,True,4+ rings
metixene,6604302.0,8.925486,3.3896966,6604302,metixene,True,4.0,2.0,2.0,True,4+ rings
10-deacetylbaccatin,154272.0,10.433803,3.1315556,154272,10-deacetylbaccatin,True,5.0,1.0,4.0,True,4+ rings
y-39983,9810884.0,10.344908,1.9564568,9810884,y-39983,True,3.0,3.0,0.0,True,3 rings
mrk-560,,8.779889,2.2694519,,mrk-560,True,3.0,2.0,1.0,True,3 rings
nemonapride,156333.0,10.213117,3.245971,156333,nemonapride,True,3.0,2.0,1.0,True,3 rings
gw-3965,72199895.0,10.500138,2.561632,72199895,gw-3965,True,4.0,4.0,0.0,True,4+ rings
elemene,6431152.0,9.29675,1.2253565,6431152,elemene,True,1.0,0.0,1.0,True,1 ring
safinamide,131682.0,10.459587,2.80004,131682,safinamide,True,2.0,2.0,0.0,True,2 rings
gsk2194069,67376285.0,9.801393,1.5771073,67376285,gsk2194069,True,6.0,4.0,2.0,True,4+ rings
ha-1004,3546.0,9.481144,2.0659242,3546,ha-1004,True,2.0,2.0,0.0,True,2 rings
paromomycin,165580.0,9.667577,0.12999247,165580,paromomycin,True,4.0,0.0,4.0,True,4+ rings
capobenic-acid,30627.0,10.686819,2.0639482,30627,capobenic-acid,True,1.0,1.0,0.0,True,1 ring
evp-6124,46196517.0,9.927162,2.2178018,46196517,evp-6124,True,5.0,2.0,3.0,True,4+ rings
ticagrelor,9871419.0,10.389128,1.1661149,9871419,ticagrelor,True,5.0,3.0,2.0,True,4+ rings
mk-0812,11180808.0,9.676742,1.5816411,11180808,mk-0812,True,4.0,1.0,3.0,True,4+ rings
carumonam,6540466.0,13.369036,1.4950546,6540466,carumonam,True,2.0,1.0,1.0,True,2 rings
az505,24961094.0,9.359362,2.7778993,24961094,az505,True,4.0,2.0,2.0,True,4+ rings
cp-376395,9862166.0,9.024105,1.7129333,9862166,cp-376395,True,2.0,2.0,0.0,True,2 rings
demeclocycline,,10.353871,0.96142745,,demeclocycline,True,4.0,1.0,3.0,True,4+ rings
sodium-tetradecyl-sulfate,51382662.0,10.619847,1.1513442,51382662,sodium-tetradecyl-sulfate,True,0.0,0.0,0.0,False,0 rings
ibiglustat,60199242.0,9.702484,2.0679471,60199242,ibiglustat,True,5.0,2.0,3.0,True,4+ rings
yil-781,23631116.0,8.936241,2.0081906,23631116,yil-781,True,4.0,3.0,1.0,True,4+ rings
nvs-pak1-1,137125241.0,10.060454,2.2837982,137125241,nvs-pak1-1,True,4.0,2.0,2.0,True,4+ rings
l-689560,6604749.0,9.878832,3.3153057,6604749,l-689560,True,3.0,2.0,1.0,True,3 rings
ag-556,5328775.0,8.726564,3.0082924,5328775,ag-556,True,2.0,2.0,0.0,True,2 rings
mmv-390048,53311393.0,8.706517,2.436027,53311393,mmv-390048,True,3.0,3.0,0.0,True,3 rings
g-1,5322399.0,9.185491,2.5031044,5322399,g-1,True,5.0,2.0,3.0,True,4+ rings
ml324,44143209.0,10.137753,3.1314137,44143209,ml324,True,3.0,3.0,0.0,True,3 rings
halopemide,65490.0,10.219861,3.9124036,65490,halopemide,True,4.0,3.0,1.0,True,4+ rings
pravastatin,54687.0,10.649721,1.6571598,54687,pravastatin,True,2.0,0.0,2.0,True,2 rings
zm-226600,92211533.0,9.708875,3.5865104,92211533,zm-226600,True,2.0,2.0,0.0,True,2 rings
sen-1269,46835756.0,9.268873,3.103308,46835756,sen-1269,True,3.0,3.0,0.0,True,3 rings
az-7371,72792692.0,10.016218,1.9111738,72792692,az-7371,True,3.0,3.0,0.0,True,3 rings
sertraline,68617.0,9.268521,2.0646858,68617,sertraline,True,3.0,2.0,1.0,True,3 rings
troclosene,16726.0,8.901752,1.5851895,16726,troclosene,True,1.0,1.0,0.0,True,1 ring
siremadlin,71678098.0,8.819615,2.011571,71678098,siremadlin,True,5.0,4.0,1.0,True,4+ rings
racecadotril,60561.0,10.470576,2.740273,60561,racecadotril,True,2.0,2.0,0.0,True,2 rings
80841-78-7,9855518.0,8.99024,1.5617146,9855518,80841-78-7,True,1.0,1.0,0.0,True,1 ring
fli-06,6966819.0,8.476818,1.9674015,6966819,fli-06,True,4.0,1.0,3.0,True,4+ rings
somantadine,50234.0,9.529799,1.4606649,50234,somantadine,True,4.0,0.0,4.0,True,4+ rings
fosphenytoin,56339.0,9.645404,2.5482464,56339,fosphenytoin,True,3.0,2.0,1.0,True,3 rings
cpsi-1306-(+/-),52936269.0,9.519202,1.8220826,52936269,cpsi-1306-(+/-),True,3.0,1.0,2.0,True,3 rings
d-alpha-tocopheryl-succinate,20353.0,10.287097,1.2901139,20353,d-alpha-tocopheryl-succinate,True,2.0,1.0,1.0,True,2 rings
ribociclib,44631912.0,9.052449,2.030004,44631912,ribociclib,True,5.0,3.0,2.0,True,4+ rings
