name,pubchem_cid,TSNE1,TSNE2
be-2254,86308637.0,-24.2513,31.346226
tasimelteon,10220503.0,-25.76884,23.368767
esaxerenone,25052023.0,7.0893416,-71.24314
ixazomib-citrate,69040311.0,-31.031565,14.077982
alendronate,44400013.0,-25.671328,-49.923244
dazmegrel,53555.0,20.88613,54.49324
nobiletin,72344.0,-52.461914,-45.60773
azd7986,118253852.0,31.228256,29.44667
bebt-908,59474330.0,52.81684,12.883651
nitromide,4511.0,24.421843,-44.97148
saroglitazar,60151560.0,-2.0393682,41.524258
l-368899,9872389.0,24.416092,-73.58442
betamethasone-valerate,16533.0,-92.103004,4.434479
2-methylimidazole,12749.0,-3.0726469,-0.023605835
pnu-282987,9795278.0,42.226482,46.932125
kx2-391,23635314.0,28.072641,34.264153
asivatrep,56649347.0,-10.207528,-73.34159
diclofenac,3033.0,-31.29212,-1.9539139
emeramide,21133161.0,-35.33717,15.935294
hemado,10981286.0,68.550064,-12.127603
proadifen,4910.0,-15.423347,62.407112
simvastatin,54454.0,-81.40415,3.39851
gabexate,3447.0,-40.832546,26.48141
cis-aconitic-acid,643757.0,-48.220085,-16.037941
thioperamide,6604452.0,16.638462,59.844376
methicillin,6087.0,46.013897,-37.112648
capadenoson,9936489.0,5.987988,-20.977736
fluvoxamine,5324346.0,-21.673254,61.50856
cp-316819,10273347.0,21.638386,0.7581144
bay-11-7085,5353432.0,-14.251021,-65.55277
capsazepine,2733484.0,-23.09925,33.17935
montelukast,5281040.0,-74.635735,-16.930002
cgp-52411,1697.0,8.324699,-30.095806
sym-2206,92209239.0,18.4509,-8.522939
pac-1,9675990.0,25.944893,35.730507
tenofovir-disoproxil,5481350.0,66.23772,2.8532157
relebactam,44129647.0,28.734125,-68.45685
cerulenin,5282054.0,-52.053177,22.789806
gr-135531,4284525.0,-1.6948702,19.5784
pipotiazine-palmitate,37767.0,12.657634,-76.1683
erlotinib,176870.0,21.17968,9.322158
farnesyl-thiosalicylic-acid-amide,25187973.0,-58.9038,-5.407946
losmapimod,11552706.0,50.700176,55.030876
ru-42173,3086576.0,39.2383,7.0700693
(r)-baclofen,6918881.0,-50.84734,9.86268
raloxifene,5035.0,8.1214285,44.325287
butaprost,5311035.0,-65.63157,-14.617193
aee788,10297043.0,23.608221,64.3398
thiamet-g,24808478.0,-55.897804,31.810173
mek1-2-inhibitor,54483521.0,-14.181075,5.374371
abamectin,6858005.0,-78.940834,13.403743
gsk356278,10252640.0,44.748264,19.991856
salinomycin,3085092.0,-78.54905,8.860385
riodoxol,152256.0,-41.857544,-26.840754
umeclidinium,11519070.0,4.302983,54.948425
a922500,24768273.0,-33.03824,1.291921
dextran,5460037.0,-63.76413,-45.603863
pf-4191834,24986635.0,42.117706,37.67614
ursodeoxycholyltaurine,9848818.0,-10.28117,-55.125435
ethynodiol-diacetate,9270.0,-84.19788,-2.0813174
oxyclozanide,16779.0,-31.744831,-9.042934
cb-5083,73051434.0,36.614346,36.61331
pindolol-(-),688095.0,-37.203415,40.742817
ambrisentan,6918493.0,-9.649651,-22.231874
sevoflurane,5206.0,-29.109203,-34.93147
sulfacarbamide,11033.0,-10.078729,-69.02522
r306465,10309899.0,12.614786,-82.96972
dimethyl-fumarate,637568.0,-37.14845,-33.90358
relugolix,10348973.0,51.131615,-21.137339
mirabegron,9865528.0,19.763994,14.108064
sasapyrine,5161.0,-49.901302,-31.45334
gdc-0927,87055263.0,6.395129,45.13648
gnf-2,5311510.0,-2.680132,-23.696325
mln0128,45375953.0,13.533461,-7.995576
atropine-oxide,,-5.949562,47.197372
buclizine,3246096.0,8.013015,63.045567
bremelanotide,,49.295383,-8.255361
decamethoxine,,-14.251764,57.640285
mofegiline,6437850.0,-18.446465,18.833838
cefditoren-pivoxil,6437877.0,57.192047,-40.216057
bix-02189,,26.74724,-1.0854025
ly344864,5311097.0,42.503143,52.123165
fenebrutinib,86567195.0,53.615158,15.835236
shikimic-acid,11332752.0,-53.753864,-33.98385
tegaserod,135409453.0,-5.3703814,18.544947
apramycin,3081545.0,-54.76478,32.913723
alizarin,6293.0,-47.950726,-37.391544
azd3965,10369242.0,53.740944,-20.912458
cid-5458317,,-22.322422,28.097965
roflumilast,449193.0,-3.0866566,-26.596136
ssr128129e,11347895.0,25.19221,-3.5461557
ombrabulin,6918405.0,-33.58141,6.243529
deferiprone,2972.0,-23.334991,-28.015726
cevimeline,18642481.0,10.709649,64.55306
tc-f-2,25198728.0,37.332905,32.797646
gsk269962,16095342.0,48.688244,14.940377
cgp-54626,197584.0,-43.742794,34.454945
ticlopidine,5472.0,15.374294,64.17904
dofequidar,9960287.0,26.79475,34.356052
tgx-221,51601993.0,33.127033,36.464672
rs-100329,3567002.0,62.369373,29.024586
sa-47,9840648.0,36.606403,34.65726
olopatadine,5281071.0,-1.0117272,73.55539
khellin,3828.0,-52.243084,-43.362514
osi-930,9868037.0,1.6390756,-29.147284
ammonium-lactate,10313098.0,-36.286526,-35.57387
azd4573,124155204.0,46.672398,35.864727
cefoselis,9830520.0,56.84006,-42.812935
isoflurane,4369440.0,-29.924894,-34.42065
cp-775146,10410059.0,-3.5024858,53.420986
n-methylpyrrolidone,13387.0,10.858117,29.4472
clomifene,1548955.0,-11.157296,60.480576
minerval,11066464.0,-54.30984,-13.753465
pifithrin-alpha,4817.0,19.133362,57.804165
way-161503,6604916.0,50.953037,41.668312
palonosetron,6337614.0,34.899876,43.84434
quinethazone,6604207.0,-1.1057832,-80.2835
xe-991,656732.0,-12.786011,-20.626133
megestrol,19090.0,-77.29227,-1.2301518
ac-7954-(+/-),10937426.0,-4.164167,61.750362
edonerpic-maleate,9901946.0,9.716683,46.03336
norcyclobenzaprine,9918.0,-21.500227,16.265705
tucatinib,51039094.0,36.48642,-24.374813
ldn-209929,46871867.0,-16.676235,29.667423
fosfructose,84951.0,-29.118368,-48.57252
liothyronine,7048703.0,-40.913025,0.9491314
deoxycorticosterone-acetate,5952.0,-85.67041,-0.47527263
ganetespib,135564985.0,31.374306,-18.14917
epirizole,3242.0,29.477276,-19.258438
opc-21268,114904.0,25.740599,26.496653
acrivastine,5284514.0,10.004382,58.736645
gsk1070916,46885626.0,29.207676,0.83327556
zolmitriptan,60857.0,19.448769,36.866325
"2,4-dinitrochlorobenzene",6.0,22.887318,-44.805035
astragaloside-a,13943299.0,-81.9726,14.153809
chir-98014,53396311.0,32.338257,-34.690933
dizocilpine-(+),180081.0,-17.653685,11.582368
amineptine,38988248.0,-30.075335,18.854055
lb42708,10099206.0,44.750084,40.390728
p-dimethylinamyl-benzoate,26890.0,-17.413248,61.733322
tc2559,9823180.0,-26.252546,39.358852
anisindione,2197.0,-48.870926,-39.921803
dmh1,50997747.0,14.310883,-12.692209
butabindide,9817923.0,7.196846,28.681253
way-100635,5684.0,48.561848,21.61197
pivmecillinam,,47.80113,-33.66063
lercanidipine,9809926.0,30.66696,-52.637123
asp-9521,25210792.0,26.89906,22.212488
sb-452533,9842609.0,-21.422974,43.05478
resibufogenin,6917974.0,-77.53037,-9.689892
vinburnine,71203.0,33.5522,41.62844
kl-001,1367681.0,9.6544285,-78.33758
fenspiride,3344.0,28.247555,39.718197
rimcazole,53389.0,7.900524,69.33961
cgp-78608,6604872.0,57.892647,-12.900239
mn-64,2802462.0,-45.740723,-42.842957
liraglutide,16153050.0,50.264515,-8.772817
inarigivir,,59.81719,-14.841635
bexagliflozin,25195624.0,-62.971695,-52.529823
cinobufotalin,259776.0,-77.704796,8.374306
alisertib,24771867.0,0.86529034,-22.56628
butibufen,71314316.0,-33.64511,-36.36978
miridesap,125516.0,11.729498,24.133266
efaroxan,11957548.0,-11.158305,26.756636
am-580,2126.0,-24.371689,-1.5164659
l-152804,969478.0,-82.5453,-15.672572
a61603,6604803.0,6.208626,-80.82492
tangeritin,68077.0,-52.461887,-45.607704
kaempferol,5280863.0,-49.049126,-48.879112
nialamide,4472.0,-36.260727,18.78879
efatutazone,76962475.0,39.50532,-0.27252853
doxercalciferol,46931009.0,-74.80052,2.998098
pf-06273340,66571548.0,37.595276,-0.43241835
cintirorgon,124126348.0,5.947926,-60.763245
neridronic-acid,71237.0,-25.59713,-50.006413
tyrphostin-ag-99,5328768.0,-33.522278,-12.263031
nampt-in-1,92044379.0,18.726233,-71.5941
vanillylacetone,31211.0,-57.491005,-22.726337
nsc-663284,379077.0,67.27881,32.179165
sitaxentan,216235.0,0.047863353,-69.10555
osemozotan,198747.0,-17.646393,33.560158
drofenine,38988270.0,-15.565496,61.81729
semapimod,492132.0,-26.401453,17.247158
erteberel,10286159.0,-46.682037,-48.408485
inc-280,25145656.0,22.190079,-14.895411
acoziborole,44178354.0,-6.6089745,-28.933342
merimepodib,153241.0,29.961435,3.6190944
bqu57,,22.27506,-14.698287
cnx-2006,56968072.0,61.84181,25.611288
s63845,122197581.0,59.768158,16.9117
estrone,5870.0,-75.043465,-10.848818
fk-3311,164009.0,-5.416241,-63.73054
tubocurarine,6000.0,1.2864324,42.397472
clinofibrate,,-61.536877,-25.348248
indirubin,,6.542694,-32.07403
droxidopa,92974.0,-42.91315,-2.996014
amphotericin-b,91827561.0,-55.715584,36.65211
s18986,637863.0,10.1679325,-82.814545
luzindole,122162.0,-0.17949876,20.135777
posaconazole,468595.0,61.278305,11.853582
diphemanil,6127.0,9.572843,66.3437
methoxyamine,4113.0,-27.353737,-37.670303
perphenazine,4748.0,13.496696,53.381584
ap-18,9584673.0,-26.46186,-32.135838
isoleucine,76551.0,-47.93639,5.7996716
vlx600,6806409.0,6.5021644,-5.535094
lamivudine,60825.0,72.96076,-20.3257
hemomex-s,11468733.0,-75.14154,1.2331642
baloxavir-marboxil,124081896.0,60.521877,16.712145
allylestrenol,235905.0,-71.58819,-1.84721
fulvestrant,57300161.0,-73.35064,-12.253991
rwj-21757,135410906.0,69.68233,-15.176412
ttp-22,1536915.0,-13.006029,-4.19021
jnj-26990990,11687376.0,-11.796482,-69.95997
taurocholate,6675.0,-10.28117,-55.125435
acy-1215,53340666.0,17.258276,16.093077
aniracetam,2196.0,13.770874,28.139362
nocodazole,4122.0,-2.5593238,-34.16259
tenofovir,464205.0,66.616714,1.9403069
opicapone,135565903.0,20.201475,-41.198437
trans-2-undecenoic-acid,5282728.0,-54.746197,-10.964879
brefeldin-a,5287620.0,-68.104,-16.510954
xibenolol,12179892.0,-36.94229,36.93377
plx647,11545419.0,-1.0579884,-3.3298736
ak-7,1328033.0,13.277765,-84.034744
bi-2536,11364421.0,53.617214,22.13974
d-delta-tocopherol,92094.0,-80.028656,-11.671756
yk-4-279,93948843.0,-19.827442,0.16646734
ha-130,46911532.0,8.919788,-36.805508
pd-407824,4369491.0,3.1979527,-31.248032
bx-912,11754511.0,50.70532,47.005116
itopride,3792.0,-15.706513,53.590446
azm-475271,5330175.0,65.90059,21.01249
cilazapril,56330.0,16.621073,21.381227
methylprednisolone-sodium-succinate,16923.0,-86.64838,6.7943234
benfluralin,2319.0,29.056402,-48.516956
"cp-105,696",9867257.0,-57.822773,-51.54866
nedocromil,50294.0,14.446061,13.843679
l-ergothioneine,3037043.0,3.222163,7.487324
ikk-2-inhibitor,2807869.0,1.3051702,-11.858445
modaline,17860.0,21.112965,64.68279
ite,4668801.0,-18.620584,-23.98601
istaroxime,9841834.0,-22.024715,61.439648
antimonyl,,-37.578487,-48.696983
ro-90-7501,824226.0,-0.9407756,-1.366952
edelfosine,6610230.0,-20.854725,69.25582
t-5601640,9438169.0,18.930822,-28.450922
3-mppi,4013695.0,51.15495,22.608114
asunaprevir,16076883.0,20.791681,-70.17769
geniposide,107848.0,-67.32507,-47.37022
jnj-38877605,46911863.0,10.385598,-6.4976473
treprostinil,6918140.0,-75.84063,-12.893911
morphothiadin,129387808.0,35.22042,56.86942
shp099,118238298.0,19.70487,69.08733
fimasartan,9870652.0,45.299156,22.011522
amfenac,2136.0,-31.708426,-0.99584496
bismuth(iii)-trifluoromethanesulfonate,,-19.662136,-54.773754
mirin,137319711.0,4.3593273,-30.36697
urb597,1383884.0,-33.218533,1.615722
atiprimod,129869.0,1.3243314,66.913956
cyacetacide,8820.0,-19.811796,-10.2954855
(r)-(-)-apomorphine,6005.0,1.6114498,48.674522
a12b4c3,,35.796455,-40.661106
sodium-nitrite,129009887.0,-27.21291,-37.603874
iododexetimide,14479849.0,54.37283,43.53415
ly404187,66857735.0,-12.888573,-70.98635
fgin-1-27,132496.0,41.396545,52.426872
apy0201,56927660.0,28.41643,58.286892
ethoxzolamide,3295.0,-11.052989,-60.48807
methyl-aminolevulinate,157922.0,-49.389515,15.0803585
inx-08189,49862762.0,59.7478,-16.03181
nhi-2,51355147.0,33.001556,-21.456984
letrozole,3902.0,8.707254,-6.040649
dorsomorphin,11524144.0,27.788862,49.780846
nadifloxacin,9850038.0,75.52628,23.834925
skf-81297,11957706.0,-23.421234,32.50865
tolonium,91311512.0,-6.474425,5.508652
corticosterone,5753.0,-88.58781,8.046369
kpt-276,71496742.0,20.672138,-18.500006
mozavaptan,11441742.0,25.926443,43.25844
ac-186,71245042.0,-40.922997,-24.720146
dspc,5313335.0,-20.67818,69.158295
kifunensine,130611.0,66.40949,-15.637338
gdc-0941,17755052.0,13.383169,-78.62292
oxyphenbutazone,448033.0,30.329187,-25.79287
ec-144,11517212.0,42.947617,-7.5682635
phenacaine,7588.0,-37.264053,-7.11212
ravuconazole,467825.0,15.421215,2.5568242
bms-ccr2-22,24801690.0,-27.125097,19.400347
act-132577,25099191.0,7.298714,-66.93279
kme-4,6438990.0,-81.92187,-16.625916
ostarine,11326715.0,-34.431114,4.5984955
incb-3284,,64.48252,38.676273
cu-t12-9,91826088.0,26.710258,-37.69416
sulbutiamine,3002120.0,71.204445,2.3594015
ilaprazole,76968095.0,5.512692,-53.07665
tacedinaline,2746.0,-24.818281,-4.1844354
nbi-98782,14580381.0,0.16519333,44.8797
clenbuterol,688428.0,-40.652332,35.867485
galidesivir,10445549.0,66.3654,-12.693747
tg-003,1893668.0,12.252271,12.107474
valrocemide,6918293.0,-38.408363,18.700552
bosutinib,5328940.0,66.10361,21.061419
parachlorophenol,4684.0,-42.47984,-24.967726
pyridoxamine,11205997.0,-36.022,-18.098682
plurisin-1,225362.0,-15.471457,-8.786582
fenbufen,3335.0,-36.468224,-28.301342
propranolol-(s),91536.0,-36.819557,39.39289
itx3,1362865.0,22.2372,-9.541888
sodium-danshensu,179536.0,-54.579884,-32.823673
lupanine,91471.0,34.420288,44.83388
isodibut,145949.0,14.5803175,17.205395
eliprodil,9798372.0,8.170279,56.24337
gw-542573x,24885053.0,25.034458,30.137543
ttnpb,5289501.0,-60.15873,-3.4719143
riociguat,11304743.0,38.665215,-15.667607
scopine,,-7.4705586,46.66336
ko143,10322450.0,27.500051,20.906244
indium(iii)-isopropoxide,,-32.562572,-37.345676
pf-04620110,,54.577744,11.37601
e7449,135565981.0,43.91803,30.845827
benzoylpas,10718.0,-33.25404,-9.431084
sj-733,89508529.0,28.946537,-9.053906
fosfluconazole,214356.0,14.55915,2.725091
istradefylline,5311037.0,34.52659,3.0392935
amcasertib,122412734.0,53.092052,34.675922
moxidectin,9832912.0,-79.264305,15.465458
ono-ae3-208,92978378.0,-29.694656,0.5677848
sb-415286,4210951.0,20.49916,-41.842575
tboa-(dl),90479771.0,-42.486866,4.811636
cc-115,58298318.0,42.855087,7.4609613
azd5069,56645576.0,8.396046,-67.864876
blonanserin,125564.0,21.412712,69.6237
bp-554,134117.0,19.956429,49.867004
jhw-007,,-7.318556,50.361557
diethylcarbamazine,3052.0,1.9567767,64.54988
glesatinib,25181472.0,51.759304,8.364021
ursolic-acid,64945.0,-77.12678,0.46718845
vesamicol,659840.0,3.400585,54.310524
alovudine,33039.0,70.53602,-22.182165
pilocarpine,5910.0,6.7015543,7.7484827
purvalanol-a,456214.0,7.8373756,14.237982
benzethonium,2335.0,-10.910189,58.813675
mefloquine,40692.0,-17.40208,26.274782
deoxyarbutin,11521237.0,-64.935524,-21.77039
ly3214996,121408882.0,51.747837,14.573486
ns-11021,24825677.0,4.543778,-7.591671
monocrotaline,9415.0,-5.552145,41.509716
masoprocol,688035.0,-53.527596,-28.599617
squalamine,72495.0,-11.043675,-55.121086
mc1568,71311876.0,1.6253997,-39.29077
targinine,46906075.0,-52.408665,13.605736
xanthone,7020.0,-45.363956,-43.00342
alantolactone,72724.0,-84.745155,-5.3665147
mibampator,9889366.0,-13.137798,-71.22846
karenitecin,148202.0,31.284925,13.304224
sbe-13,4719406.0,-19.772963,31.917154
ozolinone,76959758.0,47.998028,-32.556183
kw-3902,,40.725025,3.8384385
abt-491,154087.0,32.912834,-0.555258
nonivamide,2998.0,-31.16907,25.16086
chiniofon,1550821.0,-12.313216,-60.900475
carbendazim,25429.0,-2.2493696,-34.093647
mercaptopurine,667490.0,-1.7916259,1.8811252
6-aminopenicillanic-acid,7057887.0,46.65245,-36.47421
acriflavine,452192.0,-5.840879,3.3610034
linezolid,441401.0,68.28783,29.238802
trichlormethiazide,12444480.0,-1.7284634,-80.91986
2-thiouracil,1269845.0,-6.7820625,-19.852453
methantheline,4097.0,-13.078393,62.077244
3-indolebutyric-acid,8617.0,-13.401833,-3.5316987
dehydrocorydaline,34781.0,-1.0898914,43.77374
nu-2058,4564.0,9.123183,-20.194223
tmn-355,44249042.0,-6.874628,-8.466514
dixyrazine,9932302.0,14.725001,53.1984
isosorbide-mononitrate,27661.0,14.402529,-45.855446
alosetron,2099.0,39.290455,26.150385
editol,7014872.0,-19.603191,66.10499
s-38093,70941112.0,29.971684,38.92207
gsk2816126,68210102.0,47.012825,24.496033
thiorphan,4369380.0,-37.85004,13.988219
antalarmin,177990.0,23.88373,64.486885
hydroxychloroquine,12947.0,18.554499,75.819145
hematoxylin,442514.0,-52.56127,-51.88369
tetramisole,26879.0,16.374973,60.304466
slv-319-(+/-),9826744.0,0.7267341,-77.199776
sapacitabine,153970.0,72.73553,-22.931953
ataluren,11219835.0,18.723574,-23.145594
l-glutamine,6992086.0,-43.10595,12.447021
prima1,322968.0,-1.7513784,50.05997
filanesib,44224257.0,38.260582,-11.602059
ml133,781301.0,-42.6998,-28.953829
ouabain,11527152.0,-81.70793,12.928179
retapamulin,,-4.623288,45.136265
tazobactam,123630.0,46.054504,-41.630848
tradipitant,9916461.0,11.353971,0.284252
dpi-201106,10389826.0,10.048908,46.147453
m-chlorophenylbiguanide,1354.0,-12.397472,6.6879473
metacresol,342.0,-44.97826,-29.672985
lobenzarit,3946.0,-30.580797,-3.2863247
butalbital,2481.0,-9.870911,-18.520779
cgp-74514,2794188.0,24.069336,68.32651
lanifibranor,68677842.0,8.113228,-73.7527
ginkgolide-a,,-89.39677,-8.481513
cs-110266,123692.0,11.639812,63.876225
vu0155069,25105713.0,55.865704,37.64848
lapatinib,208908.0,12.964685,-71.86503
fidaxomicin,10034073.0,-76.252525,10.485307
beta-glycerophosphoric-acid,2526.0,-29.16689,-48.65401
l-arginine,6322.0,-51.990917,13.442739
dipivefrine,969492.0,-36.73126,32.933456
phthalylsulfacetamide,8574.0,-8.829455,-67.602295
flumethasone,16490.0,-92.33996,6.8144226
n-salicoylaminophenol,4602.0,-33.00581,-9.402247
ch5132799,49784945.0,13.633796,-78.58308
ckd-712,9861304.0,-22.922024,31.23848
md-920,6466.0,-80.97986,9.284353
ns-3623,9954236.0,21.569687,-16.60829
clobenpropit,2790.0,-9.5765505,21.341906
omtriptolide,6918522.0,-83.44489,7.5443482
bms-649,127019.0,-41.262207,-17.92525
norfloxacin,6919051.0,74.68229,25.32574
carsalam,16258.0,-14.104338,-23.204378
pf-04691502,,56.18262,18.98532
ncs-382,6604757.0,-44.212193,-36.671047
ggti-298,9811606.0,-37.379436,8.740752
siponimod,44599207.0,4.4706454,60.311478
bms-817378,44137813.0,57.426167,-18.01678
diftalone,30717.0,33.768444,43.923706
doconexent-ethyl-ester,9831416.0,-58.04477,-10.406967
hycanthone,3634.0,13.59362,38.88154
molindone,6604347.0,13.612786,41.24025
cedrol-(+),65575.0,-72.92216,-6.574362
dexchlorpheniramine,33036.0,5.703937,74.65094
cb-03-01,11750009.0,-87.6197,5.667169
bilobalide,73581.0,-89.38179,-8.442754
latrepirdine,197033.0,9.076639,69.44215
timolol,33624.0,50.549973,12.216788
eupatilin,5273755.0,-52.22194,-46.85135
yoda-1,2746822.0,2.448108,1.563671
ceramide,5497136.0,-40.646034,18.992046
"n-methyl-(-)ephedrine-[1r,2s]",64782.0,-14.719721,45.2471
palmatine-chloride,19009.0,-1.1028987,43.75002
nifedipine,4485.0,28.241665,-52.870823
nifekalant,4486.0,34.8302,-40.529697
mephentermine,3677.0,-20.889318,12.253316
cefotiam,43708.0,55.307133,-43.69104
tetrahydrozoline,716128.0,-10.436689,24.87445
misonidazole,73050801.0,30.840359,-38.813442
clavulanate,5280980.0,45.876762,-31.25925
levopropoxyphene,133687039.0,-15.104839,65.97627
dr-2313,135522417.0,32.58114,47.03095
drospirenone,68873.0,-85.28038,-4.913155
ave-0991,9851724.0,21.681767,-75.68714
cts21166,445649.0,-43.10449,14.43966
lidamidine,47510.0,-11.767004,4.9540877
salidroside,159278.0,-63.217384,-47.695644
ornidazole,688540.0,30.824183,-38.338158
rad140,44200882.0,20.042982,-28.06334
flubendazole,35802.0,-2.750093,-33.509014
cantharidin,5944.0,-87.270676,-7.5700126
metirosine,6918925.0,-44.529076,1.3497441
glycopyrrolate,9933193.0,-3.8018982,50.834904
nafamostat,4413.0,-27.565453,-18.635756
aim-100,11501591.0,35.86635,36.233353
n-acetylmannosamine,11869379.0,-53.37395,29.131931
bms-182874,122272.0,-0.8017988,-70.18656
stetaderm,92730.0,-77.95082,-1.7720119
cefuroxime,5479529.0,56.114037,-39.311714
aminothiazole,2155.0,-1.5613396,3.8953648
doxylamine,43833352.0,-10.077529,63.772755
icariin,5318997.0,-57.063675,-48.14465
pi-828,25181195.0,31.163652,36.542267
nxy-059,6913176.0,-13.148474,-65.33249
f-11440,208928.0,51.080868,25.212606
azd1283,23649325.0,17.111586,-78.302666
ly2109761,11655119.0,27.521252,49.38347
ym-201636,9956222.0,35.112484,37.6141
tinoridine,5480.0,16.052689,50.130238
aloxistatin,65663.0,-43.59619,21.503708
anagrelide,135409400.0,29.974361,-2.1417696
dibenzothiophene,3023.0,-32.30129,-29.767933
bu-224,2457.0,-10.067434,24.66773
brivanib,11234052.0,37.7335,-20.129534
talmapimod,9871074.0,32.3091,26.30546
pf-06412562,74223726.0,24.460524,-23.947113
kynurenic-acid,3845.0,-14.444438,-25.535246
denopamine,5311064.0,-27.58854,31.934944
pifithrin-cyclic,443278.0,4.6873655,2.4330308
fusidic-acid,3000226.0,-79.05701,1.0268034
scriptaid,5186.0,15.436184,16.881998
gpi-688,24901657.0,68.2538,35.707108
mrs-3777,11771279.0,9.017327,-19.27769
kd-023,115175.0,-60.813057,-20.960375
dolutegravir,54726191.0,68.44154,33.11411
purmorphamine,5284329.0,34.082195,36.443893
pha-568487,9932000.0,31.350746,41.144848
ripretinib,71584930.0,30.015707,-8.823086
nitrofurantoin,6604200.0,28.975985,-42.879677
skf-77434,6603997.0,1.6787806,48.69897
2-chloropyrazine,73277.0,-5.2693777,-2.577724
oxytetracycline,,-24.225449,1.9645742
azd7687,,-28.465294,16.449594
l-701324,54682505.0,-9.535335,-25.831173
nqdi-1,5522952.0,-12.962081,-23.265654
pf-4981517,71315139.0,25.386202,63.450348
lithocholic-acid,9903.0,-75.90447,-7.3173375
betahistine,2366.0,-13.8012295,18.292332
ehop-016,51031035.0,26.306324,56.025776
gka-50,11340230.0,-35.72746,-10.947489
oac2,2814138.0,-2.9747355,-12.326829
iwp-l6,71601111.0,39.18342,-7.802309
treosulfan,9882105.0,-22.849218,-56.77644
temsirolimus,134812825.0,-40.36819,49.183342
phenylpiracetam,781884.0,9.5435705,26.67143
gilteritinib,49803313.0,53.1077,18.870104
moexipril,91270.0,18.738754,23.24567
velneperit,,-8.060598,-77.75447
voglibose,444020.0,-51.856285,31.908825
esculin,5281417.0,-59.77788,-49.445084
st-2825,24808138.0,68.292496,35.707592
st-1535,9860294.0,14.481512,-3.4349496
gsk1838705a,25182616.0,57.29651,23.745079
bafilomycin-a1,90656913.0,-76.51966,10.108949
rivaroxaban,9875401.0,68.55341,29.256704
mizoribine,11949547.0,67.43545,-16.41089
oxotremorine-sesquifumarate,4630.0,10.48106,28.599136
scabertopin,93959111.0,-87.31161,-5.1850295
sodium-gluconate,10690.0,-65.56161,-38.289055
ly2140023,9834591.0,-21.330574,-51.137333
lu-aa-47070,,55.495396,-20.612629
sulconazole,6604421.0,8.786458,3.0919828
vanitiolide,72146.0,4.5593905,43.994953
ve-821,51000408.0,-1.5675523,-67.95366
cp-471474,9907286.0,-15.17834,-72.97917
artesunate,6917864.0,-84.57427,-10.883106
bms-779788,59251511.0,3.4646187,-72.432434
ampiroxicam,25273583.0,2.0488627,-63.78607
bq-788,5311032.0,28.31524,20.621828
romidepsin,56840936.0,-45.589386,23.696476
rv1729,52913198.0,57.167446,15.101739
cariprazine,,50.876034,49.97006
ethimizol,6168.0,36.118942,-2.3607037
jnj-7706621,5330790.0,-0.0801575,-74.41028
lurasidone,213046.0,41.374275,32.94088
pi4kiii-beta-inhibitor-1,71549093.0,0.014596317,-63.452244
phenyl-salicylate,8361.0,-49.606064,-31.095558
alafosfalin,71957.0,-23.933979,-42.765385
cobimetinib,16222096.0,55.97973,42.08243
bhq,2374.0,-46.87945,-23.41294
cyanocobalamin,,52.668846,-14.590052
arbidol,28446253.0,14.088875,10.372541
o-1918,40469923.0,-51.58448,-26.79656
mira-1,227681.0,14.27373,27.326124
oxymatrine,24864132.0,34.695755,45.304485
nu-6027,398148.0,9.584329,-20.159882
doxapram,28248394.0,33.407963,41.389126
rasagiline,3052776.0,-17.220194,18.481314
titanocene-dichloride,11075829.0,-29.738092,-32.936493
cipemastat,9824350.0,27.755455,18.642796
motapizone,,26.647999,-27.742151
mrs-1845,92220886.0,29.092602,-52.33437
hyaluronic-acid,6852395.0,-53.0939,29.78845
alectinib,49806720.0,34.437534,33.1412
sertindole,60149.0,55.177208,38.73781
ceftaroline-fosamil,10033059.0,56.494106,-41.61659
rolitetracycline,,34.858753,15.6906595
benzoic-acid,243.0,-34.018456,-32.727833
olsalazine,,-40.173313,-6.609933
cabozantinib,25102847.0,0.6313119,-26.53056
stigmasterol,5280794.0,-73.26252,0.094661735
thz2,78357763.0,27.024609,0.9969921
ym-58483,2455.0,25.293335,-16.8266
pd-161570,5328135.0,50.952984,50.867123
olda,5282106.0,-31.75841,25.01314
gw-842166,10253143.0,48.237583,57.10189
alpha-methylserotonin,14083218.0,-6.0060143,15.460454
simurosertib,136443810.0,44.313766,30.454649
tak-632,46209401.0,7.1210656,-25.247732
droxicam,65679.0,2.405226,-63.168068
eticlopride,57267.0,12.804937,34.207123
delapril,5362116.0,15.327286,21.458975
ly255283,122023.0,20.832586,5.450229
varespladib,155815.0,28.096668,10.55282
mg-132,462382.0,-39.104416,10.32441
tromaril,31635.0,-30.60299,18.586521
tubastatin-a,49850262.0,42.326134,25.991346
tak-875,24857286.0,-20.165905,-60.564568
daidzein,5281708.0,-48.256725,-48.403824
selegiline,26757.0,-2.0393395,69.584
terlipressin,133566182.0,51.512905,-4.7089667
leucylleucine-methyl-ester,7016877.0,-41.205776,11.05527
camkii-in-1,50898538.0,15.8214035,-82.006226
procaine,4914.0,-17.297783,60.694775
etacrynic-acid,3278.0,-57.396564,-30.87943
efloxate,8395.0,-50.337624,-42.721252
way-213613,11531745.0,-35.481968,3.6408286
equol,91469.0,-47.064835,-49.081394
hydrocortisone-hemisuccinate,16623.0,-86.925,6.996744
febuxostat,134018.0,-13.806719,-35.606403
ethisterone,5284557.0,-72.71698,-2.3148267
isoflurophate,5936.0,-29.788149,-39.870525
tartaric-acid,444305.0,-37.31256,-36.493626
asp3026,25134326.0,15.6031065,-72.379776
bvd-523,11719003.0,-11.411558,-13.524636
biperiden,12147323.0,3.9490645,55.667953
dicloralurea,7059662.0,-20.290226,-6.2179103
grazoprevir,44603531.0,20.875893,-70.97775
pnu-120596,311434.0,11.944705,-25.861837
exalamide,3316.0,-52.446606,22.163097
skf-83566,6604885.0,-1.5263203,58.63707
dimethindene-(s)-(+),6604866.0,3.972138,72.82928
papaverine,4680.0,-17.029274,-30.903854
itacitinib,53380437.0,50.01064,36.868874
vuf10460,25129523.0,18.793106,70.04811
flecainide,46864232.0,-18.404467,28.453405
cycloheximide,6197.0,-49.38802,24.21646
psb-1115,5311479.0,20.68303,-77.24083
ibmx,3758.0,35.277992,-0.91740036
sb-328437,10474776.0,25.533241,-47.63549
8-bromo-camp,32014.0,61.975693,-17.372986
rs-16566,6604794.0,47.475,43.41018
7-methoxytacrine,119053.0,-4.656495,11.026893
gsk2330672,53492727.0,18.552914,-67.06821
mesna,598.0,-22.930363,-54.704643
pralidoxime-chloride,54072659.0,-21.387468,-30.298834
basic-fuchsin,12448.0,-13.103417,5.082471
bay-87-2243,67377767.0,60.391647,12.941901
vardenafil,135400189.0,20.076859,-74.17828
bacitracin-zinc,,48.478718,-5.7548423
mk-8745,11676373.0,50.053482,46.541
hexestrol,192197.0,-43.15262,-30.980686
erythritol,222285.0,-65.64218,-37.39778
deoxyepinephrine,4382.0,-31.189363,34.6179
arc-239,609483.0,25.652504,30.40676
fexofenadine,6603853.0,2.9681647,56.4212
ar-a014418,448014.0,27.663322,-40.88829
cf102,3035850.0,72.17893,-14.0589
calcium-gluceptate,25588.0,-65.56256,-38.289505
parthenolide,6473881.0,-86.362785,-6.050861
epz005687,60160561.0,46.13429,14.974818
chlortetracycline,,-23.049263,1.9652313
buthionine-sulfoximine,1548918.0,-21.443995,-52.69785
tiotidine,50287.0,-9.543083,19.469473
tofisopam,129009868.0,-15.510203,-31.102283
az7550,71496459.0,51.409843,19.298147
benzyldimethyloctylammonium,13741.0,-1.1706547,67.91742
oltipraz,47318.0,1.1269112,2.5155275
lrrk2-in-1,46843906.0,54.67389,21.248251
t-1095,6918410.0,-58.773434,-47.56879
gr-144053,173614.0,17.945868,55.50785
ro-15-4513,5081.0,31.646631,6.5469084
ta-01,91691129.0,2.6346393,-1.9488435
edaravone,70335.0,27.684961,-18.9838
mk-0557,,58.583412,7.2107844
zk-200775,208953.0,64.42026,28.096329
pexidartinib,25151352.0,-0.9664716,-3.3708277
ledipasvir,67505836.0,30.989412,21.692312
brd9876,613000.0,-30.944489,-28.850601
drotaverine,13492.0,-5.24558,37.170643
skf-91488,5227.0,-17.561424,39.94216
cl316243,5486546.0,-31.216887,30.252148
caffeine,2519.0,34.116478,-2.4942946
pd-98059,4713.0,-24.334871,-21.060509
reparixin,9838712.0,-13.453116,-69.75572
4-galactosyllactose,67743883.0,-63.670532,-45.881603
cfm-2,4377504.0,23.895496,-24.920746
bw-180c,6917707.0,-38.022694,23.97115
polydatin,5281718.0,-62.974064,-47.1251
menatetrenone,5282367.0,-80.28657,-4.43201
isamoltane,6604790.0,-38.02744,40.780273
pha-680632,11249084.0,45.30974,25.474915
9-aminocamptothecin,72402.0,31.702608,11.52596
histamine,774.0,-12.317495,19.934408
4-hydroxy-phenazone,98889.0,28.595392,-20.013311
tolnaftate,5510.0,-27.354939,-20.88792
ex-527,707029.0,3.1626618,-14.976818
cafestol,108052.0,-72.402306,-11.541194
indacaterol,6918554.0,-18.481037,4.0707974
tak-960,53357478.0,56.82869,24.437214
rufinamide,129228.0,36.545998,-13.59753
trichloroethylene,6575.0,-30.070877,-32.77916
remodelin,44442376.0,-2.6110811,6.3717256
prucalopride,3052762.0,65.47951,30.854916
bio-5192,10350459.0,25.254166,-74.48817
oxacillin,6196.0,44.331623,-36.58886
pleconaril,1684.0,42.702225,-22.568598
dexpanthenol,131204.0,-43.965797,20.04046
ritodrine,688570.0,-31.923807,32.65174
tolmetin,5509.0,10.304478,9.836995
oxyphenonium,5748.0,-14.564302,63.510597
metrifonate,6604183.0,-29.534018,-41.075523
pi-103,9884685.0,33.424603,36.52067
guadecitabine,135564655.0,60.093174,-15.126143
ono-8130,9827317.0,12.814676,-67.76554
amlexanox,2161.0,4.030265,-24.817535
saccharin,5143.0,-10.106517,-64.74894
jak3-inhibitor-v,3799.0,-33.434517,-30.273935
mk-3207,25019940.0,55.333786,41.281044
nexturastat-a,71462653.0,-23.998482,-12.034497
fumagillin,12015870.0,-83.036285,6.076495
wh-4-023,11844351.0,54.967194,21.513817
ajmaline,98054312.0,16.063978,32.19886
teijin-compound-1,44453327.0,53.141586,43.413765
mpi-0479605,46909588.0,26.401472,56.228596
phenothrin,187827.0,-51.451927,-24.081413
meclinertant,119192.0,34.922874,-19.168898
oxfendazole,12940581.0,-2.8267224,-35.194397
pd-168077,3645619.0,41.412575,43.143467
su014813,10138259.0,69.27725,32.50778
cgs-15943,2690.0,6.1218,-10.0743065
latanoprost,5311221.0,-67.53494,-14.938983
bamaquimast,184838.0,18.997833,23.797237
bvt-2733,6918651.0,17.131796,-81.26128
rutin,5280805.0,-58.695805,-49.580257
aminophylline,2153.0,34.128456,-2.76092
pentostatin,439693.0,67.65151,-10.9177885
l-glutamic-acid,88747398.0,-44.785122,11.032748
norethindrone-acetate,5832.0,-83.914474,-2.783419
org-27569,44828492.0,50.675163,43.13732
melperone,15387.0,7.1729813,60.363304
lirimilast,6433118.0,-4.0882497,-65.32058
omeprazole-magnesium,9601083.0,5.4504385,-53.499027
sc-10,5175.0,8.829598,-87.030426
moprolol,3034006.0,-36.428818,36.514168
naratriptan,4440.0,10.750128,-77.447075
napirimus,3047779.0,9.9639,10.057106
ibandronate,60852.0,-21.44642,69.70782
ac-264613,25108278.0,14.705051,-24.539581
sulfanilate-zinc,64741.0,-10.657465,-67.87007
ml167,44968231.0,-3.1749341,-3.3476398
srt1720,24180125.0,41.195393,35.430546
suritozole,25431.0,8.196521,-2.5616784
estetrol,27125.0,-72.90825,-10.766369
gw-5074,5034.0,-7.823011,-28.56397
op-0595,73386748.0,28.73125,-68.44162
tyrphostin-ag-879,135419190.0,-45.541195,-21.778896
azaguanine-8,135403646.0,12.6851845,-21.546911
milademetan,73297272.0,51.414,5.9326134
propoxur,4944.0,-38.13614,-10.993108
am-630,4302963.0,14.996872,42.188465
enisamium-iodide,2132298.0,-18.341663,47.34291
cefetamet-pivoxil,5486182.0,57.17019,-40.076866
teicoplanin,,-2.3959253,31.197968
pf-4708671,51371303.0,23.79993,67.205795
gdc-0349,59239165.0,37.54519,35.74886
ombitasvir,54767916.0,30.627718,22.056803
setmelanotide,,48.767654,-7.850838
carbidopa,34359.0,-43.62555,1.4277117
ly2874455,46944259.0,15.910497,4.9337316
clofedanol,688422.0,-7.1126947,65.29829
unc669,46931242.0,43.07921,43.471287
oxatomide,4615.0,38.95191,32.83893
tolcapone,4659569.0,19.391747,-44.805058
gamithromycin,,-37.74391,50.608517
methyllycaconitine,5288811.0,30.533455,16.142815
pf-05212384,44516953.0,36.969574,35.023
valdecoxib,119607.0,-2.4538653,-70.67375
fotemustine,,-18.46903,-44.519436
2-aminobenzenesulfonamide,72894.0,-9.428072,-69.41443
balaglitazone,76968728.0,39.485085,-0.2414677
relcovaptan,60943.0,20.437191,-69.75004
nanchangmycin,86278938.0,-80.938866,12.932428
fluoromethylcholine,404592.0,-18.658596,65.43909
l-745870,5311200.0,21.808775,67.35355
camobucol,9875498.0,-55.8819,-26.813625
brl-44408,6604824.0,-9.042095,26.499834
harmane,5281404.0,-1.7980406,-0.04203829
uridine-5'-triphosphate,6133.0,60.0096,-17.734203
jnj-17203212,11339118.0,52.58585,47.659615
osimertinib,71496458.0,51.436512,19.211245
rolziracetam,71893.0,11.97985,28.446905
butenafine,2484.0,-1.9296501,71.1941
r-428,46215462.0,24.880156,61.725307
ml786,50992247.0,6.343656,-26.423111
dacomitinib,11511120.0,63.123962,24.198534
pipemidic-acid,6921791.0,73.188354,25.552637
gimeracil,54679224.0,-9.36657,-25.773668
bw-a4c,6438354.0,-25.861355,-14.137485
ds2-(806622),979718.0,25.366617,-12.23645
"ici-185,282",5311390.0,-64.474686,-52.569584
mk-0354,11159621.0,9.651411,-3.5933056
plx4720,24180719.0,3.306876,-79.43381
batefenterol,10372836.0,66.08241,34.1697
acefylline,69550.0,35.52908,1.7419527
fg-7142,4375.0,-3.0629888,-12.803908
dronedarone,208898.0,13.884767,-66.31122
pki-166,6918403.0,6.8462706,-18.404602
crisdesalazine,16042343.0,-41.34412,-8.691929
azd3988,,22.475267,-30.383137
halobetasol-propionate,6918178.0,-92.14324,2.5953004
azd5363,25227436.0,50.620075,43.822254
pk-44,46208486.0,50.706726,36.97066
clofilium,2798.0,-0.49993053,68.40584
unc0224,44251522.0,67.3169,17.683332
pyrintegrin,46223724.0,9.403195,-83.74308
ro-1138452,9839644.0,-6.8643923,19.503593
sulfamethoxypyridazine,5330.0,-1.0565774,-65.562836
bay-k-8644-(+/-),6604881.0,27.602554,-53.041523
10058-f4,1271002.0,8.293507,-34.525345
sucrose-octaacetate,31340.0,-59.307907,-40.825935
avibactam,9835049.0,28.719328,-68.48219
azd2461,44199317.0,59.910717,35.476944
chlormidazole,71821.0,7.5076723,3.182096
cvt-10216,23661666.0,-4.403536,-64.194595
pg-9,,-7.165869,49.199997
epigallocatechin-gallate-(-),65064.0,-51.598953,-49.916283
cinchophen,8593.0,-17.021133,-22.242662
ioxilan,73416261.0,-29.438583,10.642385
mln2480,25161177.0,2.2379727,-12.425743
bms-626531,59749702.0,23.204811,-16.685137
napamezole,55718.0,-10.879848,24.507069
propyl-benzoate,16846.0,-57.68376,-12.068902
deferasirox,214348.0,29.32111,-22.871387
perospirone,115368.0,41.374557,32.9411
fomepizole,3406.0,7.360009,-7.6836925
chlorzoxazone,2733.0,-9.517356,-29.68086
mirogabalin-besylate,59509752.0,-49.97591,11.356121
cefmenoxime,9570757.0,55.941254,-41.33979
l-733060,132846.0,-16.966887,27.74462
tenatoprazole,11552393.0,5.019543,-53.14805
mrx-2843,,25.811283,53.360943
calcium-levofolinate,135398559.0,61.257954,-4.5022893
s-14506,131906.0,62.942547,33.548744
bml-190,2415.0,22.394663,33.61486
arctigenin,64981.0,-56.632263,-42.20513
cefathiamidine,44537522.0,54.127064,-37.731716
jph203,24853505.0,-18.245234,-0.4446855
nvp-231,4096211.0,-0.93000686,-14.189337
bms-309403,16122583.0,29.816902,-24.085272
butylidenephthalide,642376.0,-71.32644,-22.680412
gr-127935,107780.0,51.030857,16.298058
nvp-tae226,9934347.0,61.704964,26.370512
bay1217389,78320750.0,55.48009,7.791816
acriflavinium,2016.0,-5.8495817,3.3672009
ly411575,10435235.0,23.934122,0.90225047
levodopa,6971033.0,-43.610203,0.65451556
7-hydroxy-pipat,10317104.0,-7.308013,55.058342
dibenzepine,9419.0,25.719465,43.13265
levomepromazine,72287.0,11.958782,75.26217
meclofenamic-acid,4037.0,-30.784172,-3.4791267
chenodeoxycholic-acid,10133.0,-76.315,-7.1129518
selenomethionine,53262363.0,-49.120277,7.4939632
int-747,447715.0,-76.22512,-6.737724
azd4547,51039095.0,49.473606,17.590872
agmatine,199.0,-13.918513,14.397258
meprednisone,5284587.0,-87.45464,9.042285
st-91,20864.0,-8.081698,20.787199
4-phenolsulfonic-acid,4765.0,-14.039271,-61.07633
benidipine,656667.0,31.031227,-52.39046
cefepime,5464263.0,57.189583,-42.257256
gemcitabine-elaidate,9828310.0,72.05459,-23.925924
chloropyramine,25295.0,7.097762,75.35041
"1,2,3,4,5,6-hexabromocyclohexane",74603.0,-29.90977,-32.07084
donepezil,1150567.0,2.462715,44.988674
verinurad,54767229.0,-39.998314,-19.568083
bismuth-subcitrate-potassium,129856537.0,-31.888565,-49.83521
cysteamine,6058.0,-17.148329,16.689552
tofacitinib,9926791.0,41.826046,29.10499
dicloxacillin,18381.0,44.16489,-36.55293
etc-206,71766360.0,35.682594,40.438133
a-438079,11673921.0,11.05947,-0.26269302
embelin,,-66.84197,-13.38551
dopamine,681.0,-30.703867,34.825546
linoleic-acid,5280450.0,-53.70638,-12.152963
furamidine,126437.0,-13.647794,3.494257
piboserod,177336.0,28.658892,38.63044
gr-159897,9953599.0,9.406866,-77.0553
norethindrone,6230.0,-72.35843,-2.4772038
bilastine,40467029.0,17.601288,46.85029
azd2014,25262792.0,37.196857,35.245773
sb-297006,9840971.0,25.656944,-47.6493
lgd-6972,44625560.0,-9.132527,-57.979557
droxinostat,568416.0,-25.40447,-14.480031
pronethalol,25271722.0,-39.632942,34.340252
mexeneone,71645.0,-50.481518,-29.17179
aminohydroxybutyric-acid,6971281.0,-48.343807,10.061779
sc-9,124172.0,8.892461,-86.82439
beta-funaltrexamine,5311018.0,5.9198055,35.42229
flibanserin,6918248.0,55.34641,38.49635
4-iodo-l-phenylalanine,7047041.0,-46.15331,6.5129156
betaxolol,6093355.0,-34.436966,37.03586
cicloprofen,14694110.0,-34.82258,-30.040289
ikk-16,9549298.0,41.57715,35.190895
dmp-543,9887884.0,-12.74704,-20.551756
zaprinast,135399235.0,39.94642,-22.85897
zm-447439,9914412.0,55.741642,18.343554
cefcapene-pivoxil,5282438.0,57.431038,-39.079563
adrenosterone,223997.0,-82.15846,-4.759535
sodium-stibogluconate,,-32.293438,-50.558056
betrixaban,10275777.0,-2.2523632,-22.599897
czc-54252,44252734.0,15.692671,-71.92446
mkt-077,6912334.0,21.844282,-9.636997
piclamilast,154575.0,-2.8209763,-27.102982
peruvoside,,-80.34152,12.412401
skf-89976a,6604015.0,9.340574,57.93924
landiolol,114905.0,23.436127,23.57874
plerixafor,65015.0,13.795469,58.00304
cct128930,17751819.0,21.765928,67.45081
fagomine,72259.0,-51.584908,32.036255
tecovirimat,16124688.0,11.105704,-34.34467
tavilermide,9808372.0,34.564304,-42.468483
letosteine,76956360.0,-36.28595,10.382385
thk5351,91936858.0,-0.1291001,-19.995111
choline,305.0,-18.496113,65.42742
alpha-tochopheryl-acetate,9804881.0,-81.33659,-11.655822
naloxone-benzoylhydrazone,9601084.0,6.950491,35.61358
guaiacol,460.0,-49.141525,-27.909204
paracetamol,1983.0,-34.32635,-8.152954
gemfibrozil,3463.0,-57.67221,-21.265127
l-670596,86295146.0,8.146733,-74.383575
st-1859,14187.0,-44.43637,-34.171772
tracazolate,5522.0,29.115435,6.6739106
lithium-citrate,,-37.254333,-39.34305
gw-9662,644213.0,23.510935,-44.492664
ravoxertinib,71727581.0,40.197052,-17.087305
ly2886721,49837968.0,9.584565,-22.994043
isoxepac,41448.0,-49.303886,-43.42703
grapiprant,11677589.0,14.993066,-80.546
pitavastatin,5282452.0,-22.340118,-23.334032
l-701252,54687453.0,-9.649296,-25.862658
oncrasin-1,872445.0,7.8448124,3.9280927
cpccoet,10106002.0,-20.996332,-36.598454
chlorazanil,10374.0,0.5794299,-6.3396
dosulepin,5284550.0,0.500409,73.23276
rimexolone,5311412.0,-78.378006,-1.6096151
ferulic-acid,445858.0,-49.319572,-29.19262
lumefantrine,73416445.0,-5.655253,65.35465
ergosterol,444679.0,-73.49517,-0.59539956
bms-690514,11349170.0,41.896652,14.017492
gsk1904529a,25124816.0,18.403343,-74.353294
gabapentin-enacarbil,66864580.0,-42.60687,18.228369
orantinib,5329099.0,-35.93603,0.12919694
ins316,10368038.0,60.00963,-17.734196
esmolol,28125476.0,-34.93964,36.55916
imipenem,104838.0,49.941185,-32.66663
sirolimus,134812764.0,-40.522667,49.436916
pha-543613,9930121.0,37.562054,41.46632
ve-822,59472121.0,1.9404304,-71.48132
levo-phencynonate,,-3.3875825,49.6089
dmh4,5329447.0,27.763092,49.798607
physostigmine,5983.0,0.87294906,34.480877
carnitine-(d/l),160907.0,-17.167738,67.43608
trametinib,11707110.0,31.228292,-9.871384
fidarestat,449156.0,7.4280014,-27.355604
as-1949490,44473434.0,-30.718855,-10.795896
bms-191095,9822753.0,43.191605,-7.5014896
jnj-37822681,16058752.0,25.516703,67.11606
vilazodone,6918314.0,37.43628,41.378376
sparteine-(+),7014.0,12.650594,61.51959
maytansinol-isobutyrate,131857169.0,-43.0656,50.704185
msx-122,11687907.0,-2.789631,-4.801998
isosorbide-dinitrate,6883.0,14.443345,-45.846127
as-604850,5287855.0,8.277445,-35.838097
ipragliflozin-l-proline,10453870.0,-60.31141,-53.6274
axitinib,6450551.0,-2.5422878,-13.904955
kr-33494,25009726.0,39.99785,-11.225826
fantofarone,119349.0,12.191972,-69.23266
gdc-0152,46940575.0,33.674156,23.64899
vinpocetine,443955.0,17.06204,46.795734
hypoxanthine,790.0,11.948369,-21.817036
talaporfin,,-37.03174,0.31803706
orotic-acid,967.0,-7.408506,-21.722198
gallic-acid,370.0,-49.698883,-33.438644
orlistat,3034010.0,-51.083828,24.689499
budipine,68778.0,4.0265713,65.38029
allantoin,439714.0,11.902917,-28.917536
als-8176,89658382.0,65.93834,-23.019764
methscopolamine,,-6.815479,46.10906
bina,86311024.0,-59.9435,-25.316912
miglustat,51634.0,-9.879437,41.848213
levomenthol,16666.0,-71.89308,-6.95869
cc4,91654624.0,34.57088,43.813644
4-p-pdot,24750357.0,-12.807072,-11.022959
1-ethyl-2-pyrrolidone,17595.0,10.501601,29.210812
iu1,675434.0,37.160435,54.25868
agn-195183,9867758.0,-23.341745,-0.45081532
crizotinib,11626560.0,63.624546,15.131384
alx-40-4c,25077385.0,-41.021896,21.33911
amrubicin,3035016.0,-54.362324,37.81095
bp-897,3038495.0,26.023994,28.528492
icilin,161930.0,21.566566,-40.799965
l-phenylisopropyladenosine,93205.0,68.31031,-12.26517
ciglitazone,6604850.0,6.1577964,-40.325985
mk-6096,25128145.0,56.54993,29.624552
sdz-220-040,6604839.0,-39.69309,2.2666786
carbarsone,8480.0,-24.160759,-42.608837
colfosceril-palmitate,160339.0,-20.67818,69.158295
dapivirine,214347.0,-2.2107902,-7.057536
sinomenine,5459308.0,-0.88729644,45.542374
tetrahydrouridine,9543506.0,70.948814,-18.505198
rta-408,71811910.0,-66.509384,3.9653654
andarine,9824562.0,22.650948,-47.190407
fingolimod,107970.0,-47.679157,18.831568
pomalidomide,9965330.0,41.538177,10.3455715
macozinone,57331386.0,34.456017,-46.315067
encorafenib,50922675.0,4.3674717,-74.88861
2-iodomelatonin,115348.0,-2.8439462,19.995539
terbutaline,11354816.0,-37.26024,34.40301
ym-022,122130.0,30.298409,-4.9451494
dibekacin,470999.0,-53.49589,32.277077
agn-194310,9867046.0,-39.99733,-19.634365
amikacin,37768.0,-53.327946,31.646412
2-[1-(4-piperonyl)piperazinyl]benzothiazole,127902.0,21.439533,49.184498
mecarbinate,616236.0,12.354318,12.317424
chlorothymol,6982.0,-43.65646,-24.364872
noretynodrel,6231.0,-72.35868,-2.4813468
fostemsavir,11319217.0,49.744713,15.384681
metipranolol,57185490.0,-35.98655,36.330433
undecylenic-acid,5634.0,-50.62586,-13.6512575
d-4476,6419753.0,10.296259,-16.283411
verubecestat,51352361.0,-0.11755655,-78.5574
arecaidine-propargyl-ester,2229.0,1.4280198,61.46318
inimur,72165119.0,30.282043,-43.865536
ceruletide,16129675.0,23.35348,-65.43126
losartan,3961.0,40.10418,17.60938
sb-612111,10047612.0,-1.1585255,58.344364
oxaprozin,4614.0,-9.9998255,-36.619793
luf-5834,135543624.0,6.0126057,-20.715824
trebenzomine,76963054.0,-14.59956,45.388077
emd-53998,446286.0,23.319695,30.999887
mk-2894,24952929.0,-28.358988,2.809574
cnx-774,59174579.0,-1.2683827,-24.226366
moxalactam,157009.0,54.46357,-42.302753
urmc-099,54764565.0,13.178951,68.34352
eltanolone,31402.0,-74.32206,-8.054392
way-255348,11543746.0,25.60593,-9.95669
mbx-2982,25025505.0,28.837076,50.37714
proxyfan,6421522.0,-13.626357,24.19673
cefminox,71141.0,54.224476,-41.656124
ver-155008,25195348.0,71.24484,-12.863375
visomitin,16679092.0,-67.38676,-10.802558
epigallocatechin-(-),72277.0,-50.85949,-51.094822
delamanid,6480466.0,35.862644,-45.85525
agm-1470,14942882.0,-75.693726,18.058838
1-acetyl-4-methylpiperazine,550758.0,2.0591552,64.56932
l-asparagine-n-hydroxy,97663.0,-22.006083,-17.122854
z160,4988454.0,36.80386,45.135242
rs-67506,133076.0,16.810936,-68.61441
oxacyclohexadecan-2-one,235414.0,-64.85414,-21.878262
sjg-136,393111.0,29.738306,27.193237
az5104,71496460.0,51.421505,19.203955
theobromine,5429.0,34.128456,-2.76092
docosanol,12620.0,-52.13634,-9.264064
oxprenolol,94423.0,-36.489773,36.532677
dapagliflozin,9887712.0,-62.154835,-52.78521
secalciferol,5283748.0,-75.69339,1.3508284
sotalol,67108155.0,-13.52303,-71.04838
xl019,57990869.0,36.97081,38.516113
iopanic-acid,12304727.0,-31.713978,-2.4684324
sant-2,1367095.0,4.579794,-22.972385
cgp-39551,6438792.0,-25.139685,-46.976646
ici-192605,6604763.0,-64.35788,-52.591354
chlorphenamine,33036.0,5.7039247,74.65121
lopinavir,92727.0,24.461246,23.720589
sb-706375,21023902.0,15.418089,-68.692154
sb-772077b,16095343.0,41.542206,24.073093
triacetin,5541.0,-59.086098,-15.808562
bambuterol,57515921.0,-37.105984,31.986288
gsk-3-inhibitor-ix,,15.894405,-33.27218
securinine,442872.0,-3.290061,46.962437
lorediplon,12004146.0,24.542526,-13.960891
vu0240551,7211972.0,-0.15261957,-13.279829
atomoxetine,54841.0,-27.888954,37.032513
ezatiostat,5310939.0,-39.70754,14.189607
alacepril,71992.0,12.1487,22.634842
n6-cyclopentyladenosine,657378.0,68.52047,-10.5985985
cinchonidine,101744.0,5.323493,52.476986
laurocapram,42981.0,10.471678,29.394743
methsuximide,25271978.0,12.180316,30.015228
bicifadine,11715257.0,-18.26201,21.567406
pf-06751979,118435360.0,9.497436,-22.980959
bumetanide,2471.0,15.776532,-64.60892
kd025,11950170.0,22.674332,-24.875563
chlorcyclizine,688437.0,8.243049,64.30174
alclofenac,30951.0,-57.07577,-30.806757
hm-30181,11399764.0,48.788986,16.030363
d-phenylalanine,71567.0,-45.85936,6.506843
sha-68,52951680.0,57.403053,43.481426
ivermectin,6321424.0,-80.471375,13.42702
gsk923295,46898058.0,25.95982,15.101992
medetomidine,60612.0,-3.5281806,-0.53435344
sesamin,72307.0,-54.14404,-42.736813
refametinib,44182295.0,14.429456,-63.974937
ixazomib,25183872.0,-32.17499,13.393688
bretazenil,107926.0,33.32212,5.9491167
proxyphylline,158962.0,35.709587,1.4510462
dexmedetomidine,5311068.0,-3.5277061,-0.5344745
4-ppbp,3035672.0,10.068031,61.69931
emedastine,3219.0,30.379272,62.70757
anr-94,11805896.0,34.073277,-6.0911837
naphthoquine-phosphate,9851775.0,3.8358274,11.719553
isopentyl-4-methoxycinnamate,1549789.0,-58.593792,-21.26392
u-0124,75645652.0,-12.844615,9.268859
vancomycin,14969.0,-2.5034745,30.076569
5-methylhydantoin-(l),6419931.0,11.663238,-29.218056
sar405838,,51.445335,5.8661165
asc-j9,74891315.0,-51.77281,-28.102297
carbimazole,31072.0,6.312671,7.4761295
cefradine,40467109.0,52.71227,-36.71854
bi-409306,135908617.0,45.478104,18.4936
gln-1062,44240142.0,2.2139227,40.39616
somatostatin,,49.25148,-4.706798
doxofylline,50942.0,35.419357,3.303252
tirasemtiv,23729157.0,34.46717,-5.0887156
sobrepin,854498.0,-68.66286,-5.9319706
veliparib,11960529.0,1.2978022,19.69713
5-carboxamidotryptamine,1809.0,-0.6616482,20.558702
chuanxiongzine,14296.0,-4.5245957,-1.0872259
etoxybamide,522232.0,-39.772064,16.675652
rgx-104,10218693.0,-6.90962,58.59674
ribavirin,37542.0,67.55698,-16.106094
oleanolic-acid,10494.0,-77.12673,0.46704954
n-cyclohexyl-2-benzothiazolesulfenamide,7232.0,-2.747364,6.6202426
pbi-4050,24749700.0,-55.414696,-11.633742
selumetinib,10127622.0,57.49736,1.1039537
mifepristone,55245.0,-75.13039,-1.2452605
scopolamine,,-6.862037,46.256752
octamethyltrisiloxane,24705.0,-29.509132,-38.70198
scp-1,667575.0,11.107053,-65.18281
diphencyprone,65057.0,-43.140667,-34.194973
benzoyl-peroxide,7187.0,-36.56674,-30.050163
acetyl-farnesyl-cysteine,6438381.0,-43.378983,16.669477
nonoxynol-9,72385.0,-58.64862,-18.918676
cefozopran,5491955.0,56.24559,-41.463303
nerbacadol,65865.0,42.16886,41.09309
wp1066,11210478.0,-10.426005,-7.9505067
acpc,6971063.0,-44.48494,7.3624663
etidronic-acid,3305.0,-29.484818,-46.2132
lifitegrast,11965427.0,9.783078,-74.002846
rg7112,57406853.0,18.925262,-75.568275
thiethylperazine,5440.0,12.76563,72.13996
ethanolamine-oleate,5282489.0,-47.402004,17.33382
sirtinol,,-32.851437,-10.398952
4-damp,1734.0,-2.1944523,52.91661
para-toluenesulfonamide,6269.0,-11.880961,-68.65112
volinanserin,5311271.0,3.2704604,46.528366
zoledronic-acid,68740.0,-28.887781,-50.876873
nsp-805,,25.904737,-27.770323
oxymetazoline,4636.0,-12.715437,26.404827
gsk2110183,46843057.0,37.945454,-12.99648
cresol,2879.0,-44.978344,-29.67299
mavatrep,17751090.0,8.490968,-11.995988
fosbretabulin,5351387.0,-32.18014,-46.380962
lorlatinib,78162481.0,37.749844,-17.961609
ppy-a,16750094.0,30.315767,-13.062735
nesbuvir,11561383.0,7.217173,-71.12065
tc-h-106,16070100.0,-26.515604,16.57443
s-methylcysteine,7058174.0,-48.17588,7.4693203
methimazole,1349907.0,2.5283933,3.199091
funapide,49836093.0,25.61932,5.0927114
coumophos,2871.0,-41.289436,-49.32997
pregnenolone,8955.0,-73.50101,-1.7482598
epothilone-a,45489244.0,-72.90511,12.84898
fh1,94990.0,-24.45335,-4.8443675
upadacitinib,58557659.0,54.15079,51.755642
tripelennamine,5587.0,7.5440564,75.50849
silodosin,5312125.0,54.59219,25.714895
litronesib,25167017.0,25.365915,-72.907234
pt-2385,91754484.0,-13.254111,-61.244766
a-317491,9829395.0,15.376511,18.37192
amitifadine,11658655.0,-18.253695,21.432379
baloxavir,124081876.0,60.706806,16.562313
cot-inhibitor-2,44143370.0,26.36283,66.24152
bms-935177,70647728.0,27.772774,-6.7270713
indibulin,2929.0,22.880373,-1.6317114
iox2,54685215.0,26.1301,11.529358
propoxycaine,6843.0,-16.50776,58.352295
abiraterone-acetate,9821849.0,-83.908134,-3.9308116
gsk9027,24882669.0,1.1431115,-75.66688
dbpr108,44201003.0,7.75439,27.090488
elacestrant,23642301.0,-8.911875,54.054714
tak-243,71715374.0,27.465046,-64.07526
rolapitant,10311306.0,-11.354699,31.987354
txa127,46878481.0,51.87108,-7.901117
btb1,291461.0,-3.8419483,-59.842846
alfacalcidol,5282181.0,-74.68729,2.805111
apalutamide,24872560.0,39.64672,-5.199138
bibn4096,6918509.0,66.16078,34.188805
sitafloxacin,461399.0,75.84475,26.711397
mifobate,76958126.0,-29.527548,-41.09426
prolylleucylglycinamide,51387302.0,-38.021515,19.133516
sulfaquinoxaline,5338.0,-4.493681,-73.390396
apocynin,2214.0,-49.554367,-28.015388
win-64338,132928.0,-26.457531,18.894873
zolimidine,14652.0,-4.5218887,-69.401855
purvalanol-b,448991.0,8.1877985,14.03715
adenosine-triphosphate,5957.0,61.51203,-16.354576
i-bza,129424.0,-21.394045,43.66965
tg-02,16739650.0,23.647388,50.46862
proflavine-hemisulfate,7099.0,-6.3952947,1.861781
clofarabine,119182.0,71.63323,-12.167234
l-798106,15551229.0,-5.7929835,-65.4668
veledimex,57751161.0,-30.63943,21.772263
domperidone,3151.0,55.875427,38.33607
plumbagin,10205.0,-43.912918,-37.47571
pergolide,47811.0,7.858499,69.480675
pifithrin-mu,327653.0,-11.860816,-68.65766
stattic,2779853.0,-4.392575,-58.43231
"5,7-dichlorokynurenic-acid",1779.0,-13.509703,-25.87715
tioconazole,28125518.0,10.045565,4.320001
terguride,443951.0,22.16299,39.90774
iclaprim,10247560.0,2.964563,-20.056503
tetrazol-5-yl-glycine-(rs),15024268.0,12.887495,-17.850563
s-07662,2732040.0,-0.9708447,-15.589463
pramiracetam,51712.0,8.443389,27.192806
gsk503,67469117.0,47.16054,24.612585
xd-14,52670832.0,23.081524,-68.511345
nebracetam,25136943.0,10.088816,27.609234
adenosine-phosphate,6083.0,61.643414,-16.425875
medorinone,5362132.0,-5.3894205,-17.77591
ormeloxifene,35805.0,3.7636778,42.201275
benzofenac,91676.0,-56.720654,-30.669954
u-104,310360.0,-10.010325,-70.374115
olprinone,4593.0,28.030548,-11.813574
tcs-ox2-29,10408514.0,20.404064,32.190918
epirubicin,41867.0,-53.946266,37.7715
gly-gln,7018836.0,-41.233894,16.039728
fps-zm1,24752728.0,41.29898,48.089397
sphingosylphosphorylcholine,5280613.0,-21.411306,69.060196
brl-54443,2438.0,25.002165,52.42502
fenipentol,6999795.0,-51.676926,-10.732232
propiverine,4942.0,-2.4987283,52.543663
cephalomannine,6436208.0,-72.609604,18.965824
phosphatidylcholine,446962.0,-20.678946,69.13897
jw-55,2946601.0,29.754797,3.8908238
tetrindole,54792409.0,-8.233659,27.200027
cimetidine,2756.0,-9.403263,19.791458
pancuronium,441289.0,-4.130392,44.007584
ro-20-1724,6998998.0,-27.900412,25.76716
lithium-acetoacetate,96.0,-35.85424,-38.440987
tofogliflozin,46908929.0,-60.81326,-51.062233
tipifarnib,159324.0,25.77861,-10.220785
tiquizium,72160.0,11.171272,65.99706
topotecan,60700.0,31.390127,12.625092
"4-phenyl-1,2,3,4-tetrahydroisoquinoline",11820407.0,-19.007431,22.506039
palmitoleic-acid,445638.0,-53.705956,-12.153564
naltriben,5486827.0,6.1088037,37.078705
l-838417,9908880.0,37.61702,-21.947336
amg-548,11167112.0,30.917936,-7.59603
zm-323881,16759369.0,-0.5683112,-21.167515
ftorafur,288216.0,70.65371,-22.755917
liarozole,76956376.0,6.996422,2.2259617
licochalcone-a,5318998.0,-52.156345,-25.746933
aspartame,6992066.0,-42.518856,11.450295
jnj-10397049,9869934.0,-12.551994,-13.422662
meprylcaine,4065.0,-19.594995,61.944077
rbc8,,24.300518,-24.02204
lifirafenib,89670174.0,6.645039,-26.467754
y-320,22227931.0,48.334854,32.17777
isbufylline,65681.0,35.05241,-0.9704584
dovitinib,135398510.0,52.617607,28.264502
isosorbide,12597.0,-61.684597,-41.40923
sb-228357,443390.0,44.73366,4.4097075
lovastatin,53232.0,-81.51883,3.011059
furazolidone,5323714.0,30.364536,-43.86595
ym-976,6604918.0,29.659037,-8.254156
tryptanthrin,73549.0,28.139982,-11.439766
alpha-d-glucopyranose,79025.0,-64.57072,-45.272396
vu0238429,42633508.0,25.533361,4.93337
prednisolone-hemisuccinate,656804.0,-86.92304,6.996478
sobuzoxane,5233.0,18.923664,27.335735
almotriptan,123606.0,10.639436,-77.41084
paramethadione,51380897.0,18.24726,10.9363165
crenigacestat,71236992.0,60.554592,-6.0988297
fevipiprant,23582412.0,7.768114,-74.71699
picrotin,,-89.007866,-8.031817
dizocilpine-(-),6337640.0,-17.653685,11.582368
se-methylselenocysteine,45266674.0,-48.149464,7.446962
4-tert-butylphenol,7393.0,-46.823803,-23.881588
mrk-016,6918583.0,37.124474,-22.315979
tc-s-7005,24971422.0,11.789356,-11.001944
danazol,28417.0,-70.91656,-0.20987354
falecalcitriol,5282190.0,-73.71227,3.7583754
gw-405833,9911463.0,22.2746,33.715744
dicyclohexylamine,7582.0,-19.818428,10.153009
telithromycin,,32.539757,15.367261
methylcobalamin,,52.6671,-14.595947
gw-438014a,6918627.0,37.362904,23.858376
dihydroartemisinin,3000518.0,-84.84064,-10.729854
bx-795,10077147.0,50.510227,46.622673
bay-w-9798,2167221.0,-30.929842,-21.99582
azd1390,126689157.0,55.69631,28.54881
nadide,5893.0,61.36005,-16.141483
zset1446,10220323.0,28.307192,-11.292545
sophocarpine,115269.0,34.304256,44.849854
thiophanate,3032791.0,-26.884005,-4.0714345
verapamil,2520.0,-11.52444,56.74143
tc-fpr-43,24776341.0,30.253105,-17.141283
dalfampridine,1727.0,-6.8047595,1.0686709
dideoxyadenosine,20039.0,69.51606,-8.945089
uc-112,3426979.0,9.265493,44.701447
5-hmf,237332.0,-62.2392,-37.74424
as-77,11302540.0,-50.749958,-42.366783
tpca-1,9903786.0,1.691509,-11.778651
medrysone,247839.0,-77.95099,-1.7725143
colistimethate,,-9.830322,-54.796547
caffeic-acid,689043.0,-49.75408,-33.121555
parcetasal,76961763.0,-14.1436825,-22.99633
dyclonine,3180.0,-0.5553324,52.847153
tak-285,11620908.0,60.132965,22.233145
ilomastat,132519.0,-19.221066,-13.575452
vicriviroc,3009355.0,48.78721,50.866665
aminopentamide,176163.0,-24.70934,48.846577
ax-024,56949412.0,6.2211847,45.68022
seratrodast,73346713.0,-68.12277,-14.34445
ccmq,3337816.0,-22.488987,-24.295462
thz1,73602827.0,27.024683,0.9970098
trequinsin,,56.73415,20.277924
conivaptan,151171.0,39.066345,22.579325
urapidil,5639.0,53.56884,22.954288
tropesin,12606305.0,23.940908,3.6439261
ns-8,10176749.0,3.1923623,-3.2748945
7-keto-dhea,9798229.0,-84.20435,-2.0816576
pozanicline,178052.0,-15.380082,28.458307
citarinostat,53340426.0,17.300228,16.07884
meldonium,123869.0,-16.75312,68.89801
eltrombopag,,28.918846,-21.961752
fipi,16739265.0,56.23543,38.27784
bromocriptine,31101.0,33.897774,16.056816
otx015,9936746.0,26.049013,-14.057384
3-bromo-7-nitroindazole,1649.0,25.524212,-37.89558
u-18666a,9954083.0,-12.631403,60.71606
isoflupredone-acetate,224246.0,-92.046104,5.1343226
rociletinib,57335384.0,60.6776,25.723927
pf-06447475,72706840.0,28.835669,57.166874
tafamidis-meglumine,11001318.0,-9.362747,-29.335455
sildenafil,135398744.0,19.919004,-74.234825
tedizolid,11234049.0,55.117805,-17.723469
zaltoprofen,13306545.0,-45.763924,-39.356686
cl-225385,64799.0,-31.987959,-31.831074
gabapentin,6919078.0,-49.29485,12.106386
aut-1,53230344.0,33.625248,1.0000987
norelgestromin,9568628.0,-68.545815,-0.7026831
narlaprevir,11857239.0,25.171606,-72.90549
sulfathiazole,5340.0,-2.9461458,-73.32159
ethenzamide,3282.0,-36.626644,-8.6004925
roxithromycin,,-37.12356,50.253777
colistin,,-44.55401,23.1135
procyclidine,3044369.0,-3.818171,17.410137
suramin,5361.0,-8.6239395,-66.53443
miw-815,,62.0929,-16.534363
rosmarinic-acid,5281792.0,-54.891087,-32.6875
troglitazone,9824580.0,6.190824,-40.45775
"benzenemethanol,-2,5-dimethyl-[[(1-methylethyl)amino]methyl]",92279095.0,-39.965996,34.863132
azosemide,2273.0,1.869548,-74.92334
trabodenoson,11610599.0,63.488144,-13.585102
verteporfin,,-37.069344,-0.10370028
ricinoleic-acid,643684.0,-53.979485,-13.22983
padsevonil,52911611.0,59.00566,17.148014
palmitoylethanolamide,4671.0,-39.995476,18.66447
tram-39,9861261.0,-29.73227,-30.781303
sclareolide,929262.0,-81.00555,-8.083818
probucol,4912.0,-47.661438,-23.641134
alvimopan,5488548.0,24.917543,22.0671
lidocaine,3676.0,-22.054811,46.01764
6-diazo-5-oxo-l-norleucine,73707377.0,-46.258007,11.582219
gsk37647,743974.0,-5.397087,-63.53849
valbenazine,24795069.0,0.09454845,44.23222
azd9496,86287635.0,13.270945,8.750347
mln1117,70798655.0,35.123695,37.610237
gsk2334470,46215815.0,44.305218,27.671385
tetradecylthioacetic-acid,114924.0,-53.24853,-10.842152
florfenicol,114811.0,-14.063158,-75.067986
hydralazine,9351.0,6.2619724,-5.8823195
av-608,9917079.0,53.601246,45.177013
l-741742,133008.0,36.993057,54.359085
rhodamine-123,,-24.326572,-21.038033
sib-1757,132466061.0,5.404307,-17.155941
olanzapine,135398745.0,14.638491,70.01487
tak-593,24767976.0,33.040333,-16.641144
clopamide,12492.0,-7.3835797,-75.53856
isaxonine,71169.0,-8.181757,2.8677244
ebpc,6919079.0,14.403903,27.262222
cefpirome,6917675.0,56.97474,-42.415493
kt-433,3874929.0,-50.152416,-43.701717
l-proline,6971047.0,-46.82291,13.885977
benethamine,65055.0,-19.173319,17.301857
napabucasin,10331844.0,-47.182823,-41.829243
erdafitinib,67462786.0,23.69154,12.09752
a77636,,-23.371023,30.145798
sulmetozine,65790.0,4.4619184,43.88992
ro-5126766,16719221.0,3.4442246,-66.41234
lasmiditan,11610526.0,46.658142,48.29185
rg1530,,15.692921,-14.189178
malathion,12358970.0,-23.069353,-57.85259
mavoglurant,9926832.0,-5.0635066,48.42033
traxoprodil,219101.0,2.2070003,54.359123
sorafenib,216239.0,-0.91617316,-24.89388
tannic-acid,16129778.0,-61.817253,-47.446068
bunazosin,2472.0,55.146152,19.96006
caroxazone,29083.0,29.502192,30.282043
1-phenylbiguanide,4780.0,-12.136006,6.117343
cw-008,59528098.0,32.49785,-18.827765
chf5074,9996409.0,-37.014915,-25.264042
betamethasone-butyrate-propionate,71470.0,-91.93725,3.9170303
suprofen,688581.0,-36.813717,-31.5194
bromebric-acid,5284375.0,-48.034542,-29.320152
propagermanium,83030.0,-33.2205,-43.246162
cardionogen-1,663145.0,9.9232235,-4.664619
flurizan,92337.0,-36.51545,-25.449516
benznidazole,31593.0,31.207148,-41.068027
torin-1,49836027.0,56.906612,32.405735
pyridoxal-isonicotinoyl-hydrazone,135409539.0,-32.994118,-15.72796
pf-3845,25154867.0,58.401077,47.84329
methyl-nicotinate,7151.0,-23.486311,-26.67559
gw-583340,5329480.0,12.926562,-71.84969
unc0631,53315868.0,67.22703,17.664497
hydroquinidine,91503.0,3.8962235,50.61364
etp-45658,25229608.0,27.895367,50.568146
sincalide,9833444.0,23.341562,-65.372314
ci-923,76971447.0,13.215643,39.869328
valganciclovir,135483663.0,64.884735,-7.9208684
promestriene,9883915.0,-77.0632,-11.931889
mephenytoin,107921.0,37.018833,-3.1558037
iohexol,6604427.0,-29.374775,10.400962
elafibranor,9864881.0,-53.770103,-26.225172
bms-983970,73388374.0,28.467958,-3.6619036
ginsenoside-re,441921.0,-83.003624,12.977524
stf-118804,20916937.0,0.91711646,-70.502266
resiquimod,159603.0,9.499899,15.885094
nan-190,4431.0,26.755342,30.144796
halofantrine,36688213.0,-5.745853,65.300766
flurofamide,51173.0,-20.528322,-6.821023
pimavanserin,10071196.0,57.489365,49.02345
phenazone,2206.0,27.992159,-19.2785
indeloxazine,67212739.0,-17.02894,33.3787
kpt-9274,117779453.0,45.606052,43.902206
clindamycin-phosphate,443385.0,4.0166225,25.142805
leniolisib,57495353.0,56.264614,34.792953
darolutamide,121489720.0,38.076084,-13.234118
alfadolone-acetate,24733.0,-77.677185,-6.247249
idronoxil,219100.0,-46.9761,-49.410454
pd-118057,9864959.0,-30.947412,-3.2253096
cep-33779,57336812.0,12.772992,-78.79187
mrk-409,22609888.0,37.932533,-21.750334
ubp-302,6420161.0,57.78419,-4.294375
clindamycin-palmitate,16052039.0,4.039008,25.313517
td139,73774610.0,65.614006,-14.646928
succinic-acid,21952380.0,-48.667828,-15.468139
bms-986142,86582336.0,51.46091,4.025594
difenpiramide,100472.0,-11.400461,-10.580502
brincidofovir,483477.0,57.769146,-14.965128
hexetidine,,1.8541845,66.66615
riboflavin-5-phosphate-sodium,643976.0,58.46931,-13.68177
sacubitril,9811834.0,-40.358345,13.865542
benztropine-mesylate,,-6.604605,49.48077
dihomo-gamma-linolenic-acid,5280581.0,-53.35691,-12.177023
pyrazoloacridine,,23.669088,11.962278
gnf-5,44129660.0,-4.4249926,-25.061136
ritanserin,5074.0,55.055275,32.38197
alda-1,831629.0,-8.0743265,-31.277771
freselestat,46936829.0,44.224262,-14.709364
cgp-57380,11644425.0,5.6514792,-5.878073
erythromycin-estolate,,-37.60785,51.710938
verucerfont,11596613.0,35.947117,-22.485855
toltrazuril,68591.0,33.09029,-10.399857
20-hete,5283157.0,-49.053036,-13.607586
nbqx,3272524.0,-1.0600164,-58.902313
tirofiban,60947.0,16.943754,-64.95578
amg-337,44181686.0,38.37015,-20.937725
florifenine,216222.0,33.134468,56.304367
sdz-nkt-343,9851211.0,33.581665,-40.589188
bax-channel-blocker,981054.0,12.645465,54.757763
cb-839,71577426.0,6.967145,-24.85263
zk-93426,115210.0,-15.540286,-33.15884
phytonadione,5284607.0,-80.28657,-4.43201
xl041,49787490.0,3.5936491,-72.40179
parbendazole,26596.0,-1.5917753,-34.919945
cinaciguat,9808022.0,-26.070427,33.844273
u-50488-(-),6604724.0,39.29895,50.600674
emd-386088,10131112.0,-16.023745,23.472849
cortodoxone,440707.0,-87.89142,8.994037
sotrastaurin,10296883.0,37.50559,28.943169
bay-60-6583,11717831.0,5.875596,-21.068773
sq-22536,22879197.0,34.540092,38.31027
phensuximide,6604215.0,12.13895,29.990364
anandamide,5281969.0,-40.052963,18.676037
pralidoxime,4884.0,-21.415754,-30.286997
tafenoquine,76969188.0,-3.357102,17.661186
zaltidine,56051.0,-2.082755,4.1389103
ots514,67448836.0,1.3756629,-29.831951
cefoxitin,441199.0,54.71237,-37.61958
gyki-52466,3538.0,18.148155,-8.739183
gw-2580,11617559.0,2.6979134,-20.088196
formestane,,-81.80623,-6.2384186
l-methionine,6992087.0,-49.132748,7.4800167
nornicotine,93047.0,-14.320872,20.717882
idoxuridine,5905.0,70.7701,-21.356018
quinapril,54892.0,15.562991,21.34543
l-leucine,7045798.0,-47.706356,6.622607
sal003,2252542.0,-5.1040745,-9.815429
vorinostat,5311.0,-22.362413,-13.758708
calhex-231,11849514.0,-7.868216,10.66827
eprobemide,65659.0,41.55885,45.903885
tba-354,49836057.0,35.94065,-45.78607
pyrotinib,51039030.0,64.90318,23.736412
cct-031374,2853753.0,19.145565,57.806694
balofloxacin,40490624.0,76.162315,24.69277
mm-206,102514675.0,-6.3260527,-64.88279
bosentan,104865.0,6.2517524,-65.45563
potassium-p-aminobenzoate,978.0,-35.09224,-3.0761127
bendroflumethiazide,9845085.0,-1.0892367,-80.99616
le-135,10410894.0,15.04801,7.584457
nortriptyline,4543.0,-21.500235,16.265692
gw-843682x,9826308.0,35.154865,-9.360373
avex-73,76968108.0,-3.863518,63.289482
bifemelane,2377.0,-27.268906,36.723694
dipyrocetyl,68093.0,-50.945408,-30.669449
glpg0492-r-enantiomer,59317173.0,40.756172,-3.5481558
ly2811376,44251605.0,-9.1160755,13.588343
unc0642,53315878.0,66.205185,17.268488
k-858,686905.0,25.816658,-17.738174
caccinh-a01,747218.0,5.966679,-42.94875
gsk3117391,53630042.0,-23.251635,-14.672657
crt0044876,81409.0,24.998356,-38.62192
homoquinolinic-acid,3080554.0,-22.548582,-24.564966
dimesna,65626.0,-22.641,-54.96036
pk-11195,24839733.0,20.65641,-2.223137
amibegron,3035442.0,-30.019217,30.015669
coenzyme-a,87642.0,60.163013,-14.262094
atenolol-(+),180559.0,-36.50207,28.94007
8-m-pdot,92211535.0,-28.725554,22.955011
ic261,5288600.0,4.475606,-33.46195
kainic-acid,44338126.0,-46.350555,15.22124
acetriazoic-acid,6806.0,-28.29404,-4.1240296
piroctone-olamine,38988592.0,-21.810165,-32.57412
diphenyleneiodonium,,-32.011997,-29.838333
sofosbuvir,45375808.0,57.593307,-19.35729
snap-5089,10326374.0,31.249872,-51.184723
arry-334543,42642648.0,8.986486,-21.833378
epalrestat,1549120.0,45.135704,-31.099182
nsc-4644,72326.0,-73.24234,1.8005801
piperacetazine,19675.0,14.691378,53.204548
ml10302,5311299.0,14.07388,46.01177
cinchocaine,3025.0,17.668827,36.053238
telatinib,9808844.0,21.256014,-24.887491
dmp-777,177992.0,31.350756,14.301368
avadomide,24967954.0,40.91624,10.1635065
sr-11302,9976842.0,-60.8458,-5.1056194
estropipate,3001028.0,-17.884098,-60.139484
mm77,3994476.0,26.661978,30.126228
ganoderic-acid-a,471002.0,-78.729805,0.8481286
wehi-345-analog,56602558.0,29.380821,0.5043752
pf-05190457,58438464.0,40.979527,35.408085
alcaftadine,19371515.0,12.265692,67.78164
f-16915,14671646.0,-59.07281,-11.921405
dmeob,6891506.0,-45.821083,-27.57549
hypericin,,-47.21616,-38.248295
cariporide,151172.0,-11.779356,-66.20376
sisomicin-sulfate,36119.0,-54.280617,34.262154
linopirdine,3932.0,24.712257,-8.406278
zeatin,449093.0,-2.5372896,-3.0882678
vecabrutinib,72547837.0,57.82096,40.28577
tmc647055,44556044.0,20.770086,-73.81365
ci-976,122327.0,-30.661316,21.827185
2-pmdq,,39.461994,32.484924
4-mu-8c,12934390.0,-48.393578,-44.838398
etafenone,3275.0,-12.512716,59.302876
jw-67,644733.0,31.511702,10.483441
2'-c-methylguanosine,135433495.0,68.75006,-15.198517
2-fluoro-2-deoxy-d-galactose,445913.0,-65.08798,-44.6007
naproxen,156391.0,-47.54478,-30.246988
azd5438,16747683.0,0.9308752,-72.62752
loperamide,3955.0,21.502537,43.900127
lumateperone,21302490.0,10.8614855,70.09468
ronidazole,5094.0,30.212736,-39.77781
tenylidone,1550999.0,-41.534237,-36.191006
carboxyamidotriazole,108144.0,36.46985,-13.688673
ki-8751,11317348.0,0.26200223,-24.090712
fudosteine,36689154.0,-47.751934,12.905299
palifosfamide,100427.0,-24.53891,-50.947773
nolatrexed,135400184.0,-3.9570255,-19.86289
gsk-j5,78243729.0,23.05374,54.499065
lx1031,23633604.0,-4.188202,-24.034126
pd1-pdl-inhibitor-1,91663303.0,-2.1352036,41.453854
isovaleramide,10930.0,-22.288826,-6.196788
sonepiprazole,133079.0,12.39961,-81.89826
trigonelline,5571.0,-23.421093,-27.358982
camphor-(1r),5284500.0,-80.338,-7.915941
doxifluridine,18343.0,69.54136,-23.002983
trv130,66553195.0,-16.214136,32.028267
troxipide,40467000.0,-29.650314,27.12147
lanabecestat,,10.581741,-13.084781
sucralose,71485.0,-63.867466,-43.71391
wb-4101,13305910.0,-17.617355,33.33993
sp-420,135511704.0,-4.2412877,39.202023
blebbistatin-(-),5287792.0,10.185282,38.101597
tc-ot-39,135413563.0,45.12985,25.540741
rosiptor,76965484.0,-72.46119,2.0728557
rebamipide,969464.0,-17.024258,-2.3880596
diflunisal,3059.0,-40.97319,-27.406244
zm-306416,5329006.0,0.47491598,-21.438656
capreomycin,,55.573757,-6.3596816
etanidazole,3276.0,31.712063,-40.879868
itd-1,71512660.0,-33.069893,-21.342237
s-isopropylisothiourea,445319.0,-12.522246,9.468749
lomeguatrib,3025944.0,8.843907,-21.000362
aceglutamide,182230.0,-42.71664,12.608123
cabaletta,7427.0,-63.670532,-45.881603
protionamide,666418.0,-9.031129,0.060496364
lomefloxacin,6603903.0,74.923584,24.647516
sb-742457,11256720.0,11.3938055,-83.42186
ethacridine-lactate-monohydrate,2017.0,-1.2029847,-18.851427
levodropropizine,65859.0,10.504994,52.347034
ldn-57444,51537051.0,24.265913,-1.415952
cyclocreatine,2896.0,17.846508,55.521137
tulobuterol,688591.0,-40.347637,36.07864
miltefosine,3600.0,-20.828003,69.21573
gr-113808,119376.0,22.61008,-72.44032
orphenadrine,736041.0,-10.610586,62.467823
rg108,702558.0,13.762025,17.57478
streptozotocin,124202159.0,-17.285322,-41.828262
ldn-212854,60182388.0,24.323336,61.624683
e3330,6439397.0,-67.04954,-12.685707
mequinol,9015.0,-45.844322,-28.698753
pht-427,44240850.0,-2.4473486,-74.477486
sancycline,,-23.287731,2.614791
atracurium,73416109.0,0.3744438,43.08465
cyproheptadine,2913.0,10.681944,67.01687
bgt226,11978790.0,56.624012,35.02736
az-10606120,10310632.0,38.583595,38.418533
enilconazole,6992070.0,10.340465,4.0248485
kakonein,25790885.0,-59.19452,-50.847927
sb-743921,9936388.0,62.4356,36.081738
sr-3677,93600633.0,47.32356,12.477156
enzalutamide,15951529.0,39.618908,-5.2245827
glpg1837,117857370.0,42.705456,-36.30392
ntncb,,11.171367,-86.43103
glpg0492,59317190.0,40.756172,-3.5481558
"3,4-dcpg-(s)",16062593.0,-41.29267,-2.406529
rgfp966,56650312.0,36.712864,-13.972208
raclopride,3033769.0,12.794592,34.223156
ac-710,54760053.0,64.67261,3.086702
ammonium-glycyrrhizinate,14982.0,-79.36057,10.771903
aminoguanidine,2146.0,-10.996237,8.236254
crenolanib,10366136.0,67.04886,14.491072
meisoindigo,,22.591982,-7.5837455
2-hydroxyflutamide,91649.0,23.145256,-46.361824
amg458,24764449.0,44.052284,-14.438115
erythromycin-ethylsuccinate,132274075.0,-37.70809,50.741447
maprotiline,,-20.990198,15.471083
guanfacine,3519.0,-18.741186,-5.3159933
rs-56812,6604789.0,37.555702,41.46968
2-deoxy-2-([methyl(nitroso)carbamoyl]amino)hexose,,-17.386766,-41.867043
lindane,,-29.836563,-31.978365
4-methylgenistein,5280373.0,-51.437256,-47.12319
zd-7155,4673492.0,42.72299,21.583162
noscapine,275196.0,0.5237427,40.141182
dexniguldipine,6918097.0,30.810389,-51.802975
protoporphyrin-ix,,-37.090126,-0.07705317
estradiol-benzoate,222757.0,-75.10568,-11.676855
efletirizine,66003.0,9.044193,54.662857
etretinate,5282375.0,-50.11761,-26.447994
moclobemide,4235.0,41.5073,45.93429
cyproterone-acetate,9880.0,-89.364944,0.75513166
homosalate,41097438.0,-53.874302,-23.963425
bergenin,66065.0,-59.203987,-48.61153
proxodolol,940099.0,47.786476,1.0972574
whi-p154,3795.0,0.5676492,-21.394846
arofylline,166553.0,41.249466,2.9049568
apck-110,24786010.0,15.299575,-13.707502
gant-61,421610.0,21.94456,65.13041
gedunin,12004512.0,-86.06444,-8.566738
vadadustat,23634441.0,-19.401308,2.403162
gs-9620,46241268.0,51.12809,20.460192
mk-8998,24765479.0,-6.281039,-25.566637
rmc-4550,134183206.0,43.469112,57.019756
1e-1-(2-hydroxy-5-methylphenyl)-1-dodecanone-oxime,,-61.329994,-18.851496
a-412997,10425450.0,38.98369,44.565166
sis3,10138988.0,30.58869,24.865713
amprenavir,65016.0,18.251236,-63.826244
acebutolol,657184.0,-36.0213,29.843374
edo-s101,46836227.0,42.415802,25.876696
cephapirin,30699.0,53.754948,-37.735252
omeprazole-sulfide,155794.0,4.8975058,-51.7464
clopidol,18087.0,-11.586794,-27.795708
melevodopa,23497.0,-43.251644,0.59508187
ys-035,5714.0,-11.622382,56.968784
ginkgolide-b,,-89.332,-8.404953
rg4733,49867930.0,9.017185,-28.606705
levobetaxolol,60657.0,-34.43492,37.040382
vericiguat,54674461.0,38.653168,-15.647743
elbasvir,71661251.0,31.066135,21.35526
l-694247,132059.0,6.416687,-82.11431
wz811,11565518.0,-2.6341672,-4.717726
2-octyldodecan-1-ol,73415990.0,-52.495293,-8.638186
eprodisate,428573.0,-22.814526,-54.79291
paeoniflorin,442534.0,-81.9364,14.874684
vitamin-b12,,52.66851,-14.589859
hematoporphyrin,,-37.167545,-0.060688723
marimastat,119031.0,-23.876192,-16.75566
gw-4064,9893571.0,-9.3658285,-38.588993
lumacaftor,16678941.0,-4.7579627,-30.528486
flavin-adenine-dinucleotide,643975.0,60.07288,-15.083037
astemizole,2247.0,64.07965,18.853283
s4,53342705.0,-7.7696424,-65.159325
trolox,688071.0,-80.738556,-12.865005
nemorubicin,65907.0,-2.7244713,40.85105
zstk-474,11647372.0,31.929752,57.045185
cimaterol,10911051.0,-40.31377,34.903515
bms-911543,50922691.0,42.157055,21.647038
vecuronium,39765.0,-4.1303673,44.00762
rrx-001,15950826.0,30.766901,-42.065033
as-252424,11630874.0,8.414459,-35.922462
cp-99994,5311057.0,-20.453997,29.84777
topiramate,5284627.0,-32.09928,-51.924038
gadodiamide,24847884.0,-11.14607,38.179913
risedronate,5245.0,-29.414268,-47.672234
laropiprant,9867642.0,8.164579,-74.365974
diclofenamide,3038.0,-9.103666,-70.35754
hydrocortisone-valerate,5282494.0,-87.720375,6.140066
barasertib,11497983.0,57.522625,10.916598
pafuramidine,6529858.0,-13.944712,3.0933099
natamycin,5284447.0,-56.21048,36.491432
odq,1456.0,14.259857,-20.269777
pf-06463922,78162481.0,37.749718,-17.96169
mepyramine,4992.0,7.605135,78.43173
bitoscanate,19958.0,-14.373611,7.639576
mk-5108,,6.9979362,-24.730751
gsk650394,25022668.0,-16.33066,-18.301218
ozenoxacin,9863827.0,25.37235,-3.6700592
ramatroban,123879.0,8.53121,-73.80959
teneligliptin,11949652.0,44.05406,33.839664
sograzepide,9870520.0,30.329525,-4.847551
id-1101,6918732.0,-47.559326,3.8782008
gsk429286a,92472001.0,9.806727,-31.911894
hc-030031,1150897.0,34.810802,0.31883624
eprosartan,5281037.0,17.856327,48.686718
3-bromocamphor,3006542.0,-79.80233,-8.0781975
fk-866,6914657.0,39.394917,46.35355
cdk9-in-6,,47.409492,57.883648
zilpaterol,25218684.0,39.23852,7.06979
cpp,6603754.0,-10.811485,36.150883
nvp-tnks656,136237316.0,32.06056,31.061666
cgs-20625,163844.0,44.917397,12.419077
pizotifen,27400.0,11.424089,66.3285
nms-1286937,49792852.0,56.790047,15.280579
ag-14361,9840076.0,39.443348,26.00674
pf-03049423,24963293.0,52.86619,21.010166
aqw-051,50914822.0,2.9418802,51.927822
gnf-7,11478363.0,30.077545,-8.840164
propofol,4943.0,-45.95694,-24.017601
luteolin,5280445.0,-49.588467,-49.30095
bethanechol,6603779.0,-16.687836,65.94504
f351,11217901.0,24.926771,-6.7134833
isoquercitrin,5280804.0,-59.30982,-50.00729
cfi-402257,,44.001778,-14.230419
sulfapyridine,5336.0,-4.6368604,-72.79475
pfi-3,78243717.0,71.98631,25.624243
pd-318088,17753852.0,-28.923029,6.3789597
tecastemizole,123618.0,24.221245,68.184685
paopa,44281634.0,9.115736,25.395573
vl285,71667162.0,25.780497,16.013653
btb06584,2799764.0,-3.9218862,-60.38876
vorapaxar,10077130.0,-16.809586,-0.63594556
voriconazole,71616.0,15.226881,3.0004113
cytidine,6175.0,69.07957,-17.870506
bemotrizinol,136218979.0,-1.732158,13.335828
gadopentetic-acid,6857474.0,-11.167785,37.845497
avagacestat,46883536.0,15.963213,-83.83799
oxybenzone,4632.0,-50.33882,-29.435083
trandolapril,5484727.0,14.027428,21.608086
omecamtiv-mecarbil,11689883.0,55.711037,49.10572
cefprozil,5281006.0,52.563625,-36.940243
ethacizin,107841.0,25.504177,38.742405
lomitapide,9853053.0,53.35934,45.247894
carbazochrome,,27.543737,-70.23313
ganaxolone,6918305.0,-74.3225,-8.054654
proscillaridin-a,5284613.0,-80.09203,11.329487
hydrocortisone-butyrate,26133.0,-87.720375,6.140147
camostat-mesilate,2536.0,-22.3381,53.738903
stf-62247,704473.0,-1.3134464,3.8287647
ropinirole,5095.0,7.9622464,29.754387
lodoxamide,44564.0,-28.613485,-3.3870685
oxonic-acid,4604.0,-7.434786,-21.742119
emodin,3220.0,-47.09084,-37.9611
paeonol,11092.0,-49.850376,-28.653337
polymyxin-b-sulfate,,-44.532936,23.134241
radiprodil,10200813.0,58.18714,42.627926
medroxyprogesterone-acetate,6279.0,-84.780365,-1.6065934
cpi-203,71291068.0,25.9415,-14.104183
gemigliptin,11953153.0,57.97815,38.470394
dimethyl-isosorbide,59968542.0,-60.45216,-41.213547
kn-93,5312122.0,15.546872,-67.047295
icatibant-acetate,6918173.0,52.93636,-5.9961305
nps-2143,6918446.0,-37.995983,38.15515
spp86,66549796.0,13.027406,-6.8194613
octreotide,,49.282524,-4.7000117
"3,5-dhpg-(s)",71668376.0,-43.401604,-2.828944
perfluamine,67645.0,-29.126528,-33.576668
pf-02545920,11581936.0,13.641477,-14.071041
tocainide,3080825.0,-24.648796,-4.102836
pf-06873600,134247638.0,18.290615,-73.53748
zanamivir,60855.0,-52.289444,28.931263
ml204,230710.0,20.368586,64.68126
dimethisoquin,6857.0,17.573452,36.22816
ac1ndss5,4581100.0,-58.2574,-6.9357123
azd3514,46893585.0,60.365685,13.407815
jx-401,1126109.0,3.4282725,45.06651
etilefrine,164652.0,-34.62863,33.37975
saxagliptin,,15.506581,30.813303
al-8697,25060093.0,23.254929,-15.578666
candesartan,2541.0,61.270576,3.3917868
aurothioglucose,6916934.0,-65.20642,-45.365875
srt3190,59149652.0,8.462655,-68.0093
jzl-195,46232606.0,32.530045,-46.157574
travoprost,5282226.0,-65.06472,-26.596123
a0001,2734086.0,-76.03321,-0.09830695
ethylenediaminetetraacetic-acid,6049.0,-13.251142,37.775505
pempidine,6603.0,3.819383,66.366615
ah6809,119461.0,-47.40294,-44.208275
aphidicolin,457964.0,-87.75544,10.334816
diosgenin,99474.0,-75.46643,-3.4612632
fluorescein,16850.0,-45.24561,-46.159813
atn-161,9960285.0,8.756081,22.567804
voreloxin,9952884.0,49.20309,8.41913
glafenine,969495.0,-28.353294,7.999154
bisoprolol,6604464.0,-34.6836,36.898857
hexamethonium,3604.0,-1.0030395,67.5811
l-778123,216454.0,53.43806,40.124104
boronophenylalanine,150315.0,-45.121582,5.774835
praziquantel,1917817.0,34.743546,43.867718
balicatib,10201696.0,39.555965,44.734898
of-1,35397514.0,1.9783236,-65.52415
ferroquine,92043331.0,4.426935,75.35218
fluralaner,71300892.0,17.367392,-19.992546
cytochlor,92132144.0,71.41342,-21.232908
nitrendipine,157702.0,28.671377,-52.541325
delpazolid,44205191.0,63.847145,9.084855
mk-7246,45268455.0,8.308841,-74.23571
acipimox,5310993.0,-22.635654,-29.748919
fluconazole,3365.0,15.07154,2.9281392
chpg,6604802.0,-42.770504,-1.8599353
copanlisib,,55.047718,17.936338
corosolic-acid,6918774.0,-77.20387,1.2560016
meloxicam,54677470.0,3.0322852,-63.78275
hqk-1001,11684.0,-33.611496,-36.831146
sb-939,49855250.0,42.379528,25.824535
ornithine,74765349.0,-47.448845,11.981166
alpha-asarone,636822.0,-50.662415,-27.65615
pf-04457845,24771824.0,58.756916,48.072067
mcn-5652-(+/-),6336338.0,11.837173,64.89104
chlorotrianisene,11289.0,-50.219185,-25.053701
chlorobutanol,5977.0,-30.744202,-35.621326
deforolimus,,-40.395668,49.37278
ici-199441,3082718.0,39.334724,50.27239
ripasudil,9863672.0,10.967831,-84.75918
avoralstat,86566678.0,26.263275,8.452223
uk-5099,6438504.0,8.853869,8.905383
gsk690693,16725726.0,50.416496,11.957762
e-2012,11560787.0,58.524624,26.095274
psi-7976,45375809.0,57.59415,-19.357403
n-acetylglycyl-d-glutamic-acid,6604718.0,-41.10968,16.332447
amidopyrine,6009.0,27.626383,-19.71587
pamidronate,4674.0,-25.676598,-49.9162
ms-424,,25.511219,-19.50707
estriol,5756.0,-73.343925,-10.999005
g-caryophyllene,5281515.0,-62.701527,-6.025221
unc2327,71583615.0,42.58695,35.31728
sulfametopyrazine,9047.0,-0.8043058,-65.37526
sar-245409,49867926.0,0.62488294,-64.27546
ski-ii,753704.0,5.8357525,-14.046893
nms-p715,44556162.0,56.06311,24.076088
gp2a,16094766.0,46.61795,32.703114
dilazep,3074.0,1.7460449,43.670662
penbutolol,37464.0,-36.10811,37.722904
amorolfine,25790581.0,-4.1763964,56.93761
l-(+)-rhamnose-monohydrate,439710.0,-51.404644,-35.05938
cdba,,-62.797894,-45.454243
trospium,,-2.939678,48.747215
dactinomycin,457193.0,33.71029,17.716072
exo-iwr-1,1163034.0,23.599384,-8.110456
tipranavir,,5.8384237,-60.363422
ixabepilone,,-72.93979,13.20193
epetraborole,46836890.0,-60.10153,22.637056
benazepril,5362124.0,16.214386,21.411642
verdiperstat,11528958.0,38.56296,7.776657
dehydroacetic-acid,54678494.0,-51.209988,-31.723999
mmpx,155806.0,35.874424,0.079572804
fenticonazole,36688220.0,10.076992,4.328708
aklomide,2075.0,23.731472,-44.749004
etoricoxib,123619.0,-6.7137322,-71.47578
protirelin,638678.0,8.911133,24.669987
propranolol-(r),21138.0,-36.819447,39.39333
az-10417808,135665263.0,19.592192,-39.966053
tolperisone,688589.0,3.781365,62.811115
talampanel,164509.0,18.31349,-8.653729
atb-346,76963724.0,-27.427238,-20.623018
4-ibp,132995.0,42.029068,47.334846
chloroxoquinoline,66593.0,-12.144134,-27.58007
balsalazide,,-34.523575,22.97611
zapa,6604703.0,-11.92686,9.694037
ofloxacin,6956357.0,75.184494,22.379032
famotidine,5702160.0,4.5706005,-84.15014
04/01/46,76965201.0,-1.8717444,50.136406
nateglinide,,-41.22897,13.758244
5-hydroxytryptophan,6971044.0,-13.360137,-1.7637601
fosinoprilat,62956.0,13.5106,25.191761
k145,71714682.0,19.614025,20.875698
minodronic-acid,130956.0,-28.898537,-50.899406
viloxazine,12226596.0,-17.151329,32.84353
fostamatinib,11671467.0,57.310898,-19.502993
anabasine,641266.0,-14.920929,20.646362
cpi-444,44537963.0,65.36983,12.866888
fosaprepitant-dimeglumine,135413538.0,59.606003,9.716412
gallamine-triethiodide,3450.0,-12.593803,58.70011
stat3-inhibitor-vi,252682.0,-7.337331,-61.248466
meclizine,6604289.0,8.31107,62.95959
simeprevir,24873435.0,20.99336,-71.88734
tuftsin,156080.0,53.782925,-6.797641
4-hqn,135408753.0,-5.4097204,-17.854378
bms-345541,9813758.0,7.583528,17.472294
isoguvacine,7059534.0,-22.775137,21.03616
ampyrone,2151.0,27.759678,-18.950026
p22077,46931953.0,21.909826,-44.69835
oxybutynin,6098167.0,-14.604217,63.611324
ispinesib,6851740.0,62.383286,36.08237
hjc-0350,22200891.0,-2.9850698,-69.86668
glutathione-monoisopropyl-ester,40466869.0,-41.898758,16.847092
pit,124334.0,21.909506,-36.821968
ltb4,5280492.0,-54.2221,-13.455036
plicamycin,457831.0,-76.713356,8.241739
rivastigmine,77991.0,-20.637217,53.07653
bupivacaine,92253.0,29.522226,45.672134
cephalosporin-c-zn,,54.359295,-37.440845
cefixime,5362065.0,55.270496,-40.061905
azd6738,54761305.0,13.840631,-78.52474
dmps,1549058.0,-23.096365,-54.734314
daltroban,54343.0,-11.900398,-75.80353
oxelaidin,4619.0,-15.687873,62.753437
pf-562271,11713159.0,4.7853627,-77.41132
nalmefene,5284594.0,5.676315,37.202396
avacopan,49841217.0,52.974667,45.97546
ar-c155858,10226546.0,53.693554,-20.926699
clomethiazole,10783.0,1.2053653,3.522919
cefuroxime-axetil,9806360.0,56.277737,-39.267334
gsk239512,9976892.0,31.438255,34.287067
bruceantin,124605168.0,-79.006676,13.255424
glimepiride,,24.960842,-71.759254
metaxalone,25271694.0,-38.962494,29.672092
l-cysteinesulfinic-acid,28167170.0,-21.672598,-51.428707
apratastat,11452716.0,20.703846,-67.02499
ng-nitro-arginine,440005.0,-16.347652,-43.956314
sitosterol,222284.0,-73.262314,0.09486357
limonin,179651.0,-86.00854,-8.768947
reversine,210332.0,26.277487,56.269344
tc-s-7003,11785878.0,47.925224,26.71454
oxolamine,13738.0,44.290565,38.10714
alimemazine,6604496.0,11.873907,74.54638
adx-10059,10331863.0,1.6186951,-5.0567045
rn-1,45376076.0,25.96307,28.70673
fn-1501,72195175.0,43.46787,29.102385
n-acetyltryptamine,70547.0,-0.58964723,20.289986
krca-0008,72547474.0,59.99104,24.96824
ginsenoside-rd,,-83.00405,12.978275
vuf11207,97018453.0,19.66089,30.413845
bay-61-3606,10200390.0,29.88985,-13.213065
hymecromone,5280567.0,-47.052933,-44.617348
bepridil,50088.0,1.9772209,58.75028
pnu-22394,27559.0,8.934489,69.96777
succinylsulfathiazole,5315.0,-3.5030072,-75.59759
levamisole,26879.0,16.374973,60.304466
amylene-hydrate,6405.0,-33.661907,-38.542236
at7867,11175137.0,-15.769344,22.616547
zln005,899323.0,9.847971,-11.73209
stiripentol,25271730.0,-55.25834,-38.8763
nvp-aew541,,25.775839,49.70983
petcm,736879.0,-27.734732,-28.66314
valrubicin,454216.0,-3.161327,31.596199
ampa-(rs),7059442.0,-3.2298305,-41.97422
cetirizine,28145930.0,9.032626,54.59663
dexfosfoserine,68841.0,-24.552269,-48.005238
fanetizole,54339.0,-0.9256136,5.9011254
oleoylethanolamide,5283454.0,-40.052963,18.676037
altanserin,3033677.0,58.917946,38.114704
pci-34051,24753719.0,1.5848716,-39.26777
cloxacillin,6098.0,44.164883,-36.55304
5-fp,101498.0,-5.4004436,-20.82812
bedaquiline,5388906.0,20.507263,43.410904
clodronic-acid,25419.0,-28.907894,-45.69431
czc24832,42623951.0,-1.0170784,-75.53455
px-12,86308851.0,-0.17587413,2.81557
galantamine,9651.0,2.3857262,40.306046
tetrabenazine,11634155.0,0.2343765,44.570717
zami-633,75743.0,-20.777946,-9.810562
ciclopirox,2749.0,-21.844587,-32.499413
buserelin,50225.0,51.453075,-9.571246
methocarbamol,688484.0,-41.48145,3.3358645
aloperine,162147.0,12.491589,60.58194
isoliquiritigenin,638278.0,-48.369072,-33.92006
rotundine,72301.0,0.6162106,44.387417
bonaphthone,23384.0,-42.351303,-39.5528
taminadenant,53466958.0,6.6116896,-3.4668934
maltobionic-acid,7314.0,-63.926792,-45.31112
5-methylfurmethiodide,4141.0,-15.161941,67.12658
ecabet,65781.0,-17.5334,-60.969944
etizolam,3307.0,13.643023,-0.30523816
ap1903,16135625.0,20.2093,27.215832
kartogenin,2826191.0,-28.96343,-5.175163
tomelukast,3969.0,20.96837,5.5364914
sgs-742,130021.0,-24.527483,-51.145157
pco-400,129348.0,-82.18571,-16.12571
ha-966-(s)-(-),183351.0,15.643214,-29.622324
ag-490,5328779.0,-33.721455,-12.32621
irl-2500,5311192.0,13.044751,18.713974
tame,1550286.0,-10.432936,-79.19952
cycloserine-(d),6234.0,15.497246,-29.336254
tc-i-15,90488948.0,26.41837,-72.42263
ica-110381,4314115.0,-8.998511,-8.940678
salvinorin-a,128563.0,-86.0125,-8.808278
pp-121,24905142.0,11.237745,-3.8899271
guanidine,3520.0,-12.079963,8.865159
fenofibrate,3339.0,-51.591427,-22.405502
asimadoline,179340.0,17.211018,30.567211
ht-2157,,24.99309,-9.125505
kuromanin,441667.0,-59.4778,-50.181847
rose-bengal,25474.0,-44.931152,-48.49154
bortezomib,387447.0,-17.306475,-12.201133
obeticholic-acid,,-76.22438,-6.7375135
"ici-215,001",164451.0,-28.679308,31.732271
c188-9,1324494.0,-5.888256,-64.130066
suxibuzone,5362.0,30.191769,-25.912922
belizatinib,,37.790817,14.125705
vemurafenib,42611257.0,3.3143969,-79.42994
ebrotidine,65869.0,4.5931964,-84.15119
sb-431542,4521392.0,10.283585,-16.280233
artemether,68911.0,-84.98634,-10.675287
desmopressin-acetate,,52.316563,-5.8973446
unc3230,46355372.0,21.980808,14.623631
1-(2-chloro-5-methylphenoxy)-3-(isopropylamino)-2-propanol,39359445.0,-38.091778,37.130047
norethisterone-enanthate,229295.0,-83.44437,-2.7043052
ct-7758,10186367.0,-16.69699,-15.998571
naltrexone,5360515.0,5.9138546,36.955883
palosuran,10173280.0,39.951736,39.86182
acrylate,,-34.03084,-33.8475
elinogrel,16066663.0,2.8544083,-67.38714
nafadotride,6604854.0,14.682473,33.584312
th-302,11984561.0,32.025524,-40.066208
monostearin,15560610.0,-56.92281,-15.8170395
pyrithyldione,4994.0,-10.189208,-18.117485
matrine,91466.0,34.420135,44.83177
thymalfasin,16130571.0,-43.114555,20.5694
sb-408124,4331799.0,-5.756581,-7.4405074
propacetamol,68865.0,-20.879509,53.95886
mebicar,122282.0,33.746376,-2.1425614
procysteine,72390.0,-36.13655,11.518782
acedoben,19266.0,-28.144434,-5.3669014
emd-1214063,25171648.0,47.942265,21.57552
pdp-ea,69724031.0,-32.409428,24.494644
chlorphensin-carbamate,73416025.0,-41.442688,3.4028933
sc-236,9865808.0,0.6213203,-75.04738
indomethacin,3715.0,23.892107,3.4445922
idalopirdine,21071390.0,-16.38567,28.887438
pdd-00017273,121398766.0,21.895477,-74.212814
as-2034178,24808572.0,72.31502,29.598171
ml323,60167849.0,13.622428,-4.310847
fluoxetine,657320.0,-28.47341,37.993908
pim-447,44814409.0,-8.848952,-10.252776
hydroxyzine,1548976.0,9.358235,54.70636
benzyl-benzoate,2345.0,-35.04038,-28.278221
bms-754807,24785538.0,48.43372,35.60084
bms-299897,11249248.0,-10.760749,-75.671326
verbascoside,5281800.0,-62.55071,-48.86372
terutroban,9938840.0,-10.795416,-75.81053
cefodizime,5361871.0,55.771267,-40.972843
elacridar,119373.0,34.703064,19.947535
roquinimex,54676478.0,26.29987,-4.8968863
psncbam-1,11560249.0,50.58981,47.857525
bazedoxifene,154257.0,9.068375,44.377842
raltitrexed,135400182.0,60.817028,-2.65282
cpi-613,70881528.0,-50.18707,-14.004087
thiomersal,67361.0,-35.12102,-32.287727
calcipotriol,5288783.0,-74.08038,3.210726
mimosine,6971294.0,-7.1332455,34.09818
bay-1436032,118310260.0,50.612118,3.9820712
imiquimod,57469.0,13.428095,-5.8739114
quinine-ethyl-carbonate,5702001.0,3.9587657,50.175983
srt2104,25108829.0,40.838978,35.574486
vinflunine,11967282.0,31.48547,17.27132
jnj-16259685,,-1.6492907,14.988547
hexamethylenebisacetamide,3616.0,-37.80757,18.20061
combretastatin-a-4,5351344.0,-51.712627,-28.037167
omapatrilat,656629.0,52.95332,-34.736347
incb-057643,,2.567189,-61.91245
pridinol,4904.0,3.9259424,55.738148
msdc-0602k,90835967.0,6.7919497,-38.692898
flumazenil,3373.0,31.744951,6.5682077
ethyl-pyruvate,11228779.0,-35.242504,-34.334614
ssr180711,9797360.0,58.168316,47.005566
cep-40783,71576419.0,31.760183,-10.269941
zk-811752,512282.0,63.784973,30.25332
mebeverine,6604311.0,-12.298532,57.17223
fomocaine,71693.0,2.4574285,52.398388
flunixin-meglumin,38081.0,-13.822397,-15.209762
rs-45041-190,127951.0,-6.452977,22.731031
gw-1100,11692123.0,33.277466,-10.714842
mebrofenin,54158.0,-28.736887,12.31936
picolinic-acid,1018.0,-23.31875,-26.272562
dpcpx,1329.0,40.56338,3.5874095
dazoxiben,53001.0,11.562083,44.99376
ethambutol,14052.0,-46.884914,18.26087
delavirdine,5625.0,15.560655,-80.016075
danusertib,11442891.0,49.52062,16.926752
favipiravir,492405.0,-5.585162,-21.811802
cqs,72462.0,-5.1340613,-74.00206
l-lysine,71774817.0,-47.499744,12.157908
triprolidine,5282443.0,10.094075,60.40478
p5091,2819993.0,21.937292,-44.683506
u-0126,54539763.0,-14.090868,5.361175
4e1rcat,16195554.0,22.544142,-40.66418
4-cmtb,854190.0,1.1646372,-13.040452
sb-200646,126769.0,-1.3827024,-10.616179
saquinavir,441243.0,25.737284,19.892431
ac-261066,11530459.0,-13.4375925,-37.322796
dixanthogen,10404.0,-28.38502,-35.81267
tideglusib,11313622.0,37.761604,-8.225624
saclofen,57453816.0,-24.31949,-54.010147
androstenone,,-81.31746,-6.377139
mps1-in-1,25195352.0,16.518377,-72.73048
mocetinostat,9865515.0,-6.2982874,-13.852541
xav-939,135418940.0,32.561653,47.139065
dalcetrapib,6918540.0,-22.336403,7.666018
levonorgestrel,13109.0,-70.744026,-2.6478372
flurbiprofen-axetil,40468023.0,-35.91413,-25.346743
deracoxib,3058754.0,2.5302186,-69.17797
lofemizole,71967.0,2.573637,-1.4546676
ketotifen,57392700.0,11.466233,66.21067
salubrinal,2305942.0,-4.751646,-9.966467
hsr6071,159466.0,44.008312,35.29914
cibenzoline,57357423.0,-10.920088,25.073112
gsk163090,11292933.0,39.26629,32.34902
linalool,443158.0,-65.1305,-4.488181
eplerenone,443872.0,-86.01411,-4.303249
voxelotor,71602803.0,29.691418,-23.811031
brilliant-green,12450.0,-2.866158,69.95086
mrs-2578,16078986.0,-12.77035,14.662435
podophyllotoxin,10607.0,-55.24254,-44.008068
rivanicline,5310967.0,-13.833563,18.246197
imidurea,6604401.0,66.35558,-16.288967
vaborbactam,56649692.0,-35.211315,10.826729
mm-11253,10389639.0,-41.02474,-18.42424
su9516,5289419.0,5.604899,-32.495136
gefitinib,123631.0,65.34862,21.597336
nitisinone,5289053.0,20.378733,-45.210854
methyl-5-hydroxytryptamine,14083218.0,-6.0060143,15.460454
aceclofenac,71771.0,-30.930176,-1.2945454
futibatinib,71621331.0,48.49166,17.970142
fezolinetant,117604931.0,48.142967,36.821148
garenoxacin,40461170.0,77.179794,24.957443
metyrapone,4174.0,-7.6344905,-3.1438253
preladenant,10117987.0,65.55605,12.999269
avitinib,72734520.0,57.908752,24.27755
phenothiazine,7108.0,-3.8185318,2.9927378
camphor-(+),159055.0,-80.33523,-7.9156938
deoxycholic-acid,222528.0,-76.31386,-7.1149287
cpi-1205,78320408.0,32.891678,19.62772
l-cystine,6992103.0,-45.366856,9.817019
6-iodo-nordihydrocapsaicin,5149140.0,-31.054426,25.057333
penciclovir,135398748.0,65.47394,-7.4662323
bifonazole,5459391.0,5.9837136,1.2326251
ml141,7454812.0,2.4149506,-69.0285
tacrolimus,445643.0,-40.555065,49.53297
aminopterin,169371.0,62.459476,-3.526587
brolitene,1550874.0,-36.526394,15.488953
fipronil,15278226.0,1.3165044,-74.51181
sf-11,2936384.0,1.6630435,54.655342
dc-260126,2843133.0,-10.651224,-72.33061
sodium-nitroprusside,,-27.030523,-37.511833
jnj-42165279,54576693.0,57.91417,42.657803
n20c,6603827.0,-34.288284,15.580541
er-50891,10094345.0,-17.849377,-21.81375
beclomethasone-dipropionate,21700.0,-91.44958,3.6584148
msdc-0160,36687794.0,6.6897025,-39.15852
cyromazine,47866.0,-7.480426,1.4058071
cycluc1,91885395.0,-10.370679,22.395819
tomeglovir,475330.0,-14.832462,-70.49461
btt-3033,49841251.0,0.006761235,-74.71012
chlorprothixene,667467.0,0.90728563,73.3934
2-chloroadenosine,8974.0,71.15298,-12.755484
q-203,68234908.0,56.171715,35.639465
cilastatin,6435415.0,-43.459816,16.691715
plx51107,90448953.0,11.606391,-9.584981
hippuric-acid,464.0,-37.51743,13.78229
prasterone-acetate,14709.0,-84.00816,-2.5100734
gaba-linoleamide,6438152.0,-40.700394,17.819145
gentamycin,72395.0,-54.51813,35.049404
ns-11394,16747643.0,15.213452,-8.03706
ubenimex,72172.0,-43.133053,14.34427
triptan,10044.0,-30.850443,-36.73864
olodanrigan,9937291.0,18.50234,23.005434
doxazosin,6604102.0,55.468674,18.895239
diltiazem,39186.0,22.96502,30.733162
me-0328,135566764.0,-7.219802,-16.68938
lisofylline,501254.0,37.211018,3.3482027
azelaic-acid,2266.0,-48.96888,-14.921176
tamoxifen,2733526.0,-10.449942,61.174267
azd4635,86676119.0,2.0098948,-6.298216
ay-9944,,-18.57878,19.140976
toceranib,5329106.0,53.30927,35.080807
psb-06126,25124826.0,-7.3286734,-64.43041
ly364947,447966.0,8.358972,-7.773465
benzthiazide,132458842.0,-1.3959515,-81.38559
gdc-0810,56941241.0,-16.984156,-20.60691
mirtazapine,3085219.0,12.959622,68.78938
amg-232,58573469.0,8.281702,-59.45949
progesterone,5994.0,-81.995056,-4.7195024
r-1479,457388.0,67.59688,-18.608519
costunolide,5281437.0,-85.114815,-5.9585752
sodium-ascorbate,6857365.0,-64.10921,-42.447857
fisetin,5281614.0,-49.50035,-48.749104
dinaciclib,46926350.0,42.988586,14.887798
rwj-67657,3008319.0,12.305624,4.5584927
triptorelin,25074470.0,51.766632,-8.975308
ibudilast,3671.0,11.038373,-8.954257
venetoclax,49846579.0,20.233828,-75.562874
rucaparib,9931954.0,-1.9113055,21.313932
bindarit,71354.0,16.396755,7.6420817
autotaxin-modulator-1,,-7.8286047,49.481796
ivosidenib,71657455.0,42.421032,-1.5715177
tizanidine,5487.0,-8.064534,22.3703
mpep,3025961.0,-6.936293,-2.4839146
gepotidacin,25101874.0,32.388172,31.329273
unc1215,57339144.0,42.005707,43.024174
lenalidomide,12044976.0,41.628426,10.438234
ah-7614,233085.0,-9.039393,-64.08551
medica-16,121871.0,-62.158752,-13.258438
kenpaullone,3820.0,3.3544965,-15.641486
prx-08066,11502243.0,22.636986,67.6987
miglitol,441314.0,-9.761449,41.71858
cep-37440,71721648.0,61.367836,23.540064
tetramethylthiuram-monosulfide,7347.0,-15.593374,43.247917
rose-bengal-lactone,69439.0,-44.469845,-46.669224
palbociclib,5330286.0,50.30412,23.348381
chc,5328791.0,-46.48847,-30.996687
tiapride,5467.0,24.276926,-69.12015
pu-h71,9549213.0,38.71463,60.866764
bergapten,2355.0,-51.801052,-43.157513
mefenamic-acid,4044.0,-30.695778,-4.139761
indoximod,6920151.0,-13.080511,-1.6312807
tenapanor,71587953.0,11.414428,-74.026344
hydroxyfasudil,3064778.0,10.41985,-83.72538
tolbutamide,5505.0,-9.886574,-79.12031
3-deazauridine,,69.90894,-18.0069
demecarium,5966.0,-16.444765,56.06077
lm11a-31,28174760.0,39.877087,45.08963
ot-r-antagonist-1,9690136.0,24.968626,16.126152
etoposide-phosphate,6918092.0,-56.62009,-45.666416
larazotide-acetate,9810532.0,11.125072,22.36536
egf816,72703790.0,48.061478,42.3611
gsk2656157,53469059.0,49.090473,38.3395
vu0364739,46937439.0,54.966812,41.785194
arq-092,53262401.0,15.720105,-1.6160479
als-8112,71621663.0,68.75611,-22.144686
sorbitol,5780.0,-65.48422,-37.479744
ly2608204,46832368.0,14.766671,-83.69806
olesoxime,9930827.0,-68.38101,-0.4683742
trimebutine,13248159.0,-12.515455,56.23538
ramelteon,208902.0,-25.765026,23.35211
cg-400549,11844916.0,19.825134,20.815205
gr125487,4284721.0,22.5361,-72.39569
tolimidone,39065.0,-5.6516542,-18.864153
milacemide,53569.0,-38.61103,18.673483
pheniramine,667440.0,5.8575144,74.420006
taurine,4068592.0,-23.09032,-53.770775
tcs-21311,50925411.0,36.511845,13.877311
sarpogrelate,40468125.0,-12.9371195,56.93014
aq-ra741,129989.0,40.04372,28.735043
ursodiol,31401.0,-76.31405,-7.116051
dorzolamide,5284549.0,1.2138774,-81.79659
roblitinib,118036971.0,52.690746,20.367119
spautin-1,51037431.0,-0.5636722,-4.0052986
reynoutrin,5320861.0,-58.3083,-50.285637
clemastine,26987.0,-4.091552,63.32913
cid-16020046,51436118.0,28.98515,-21.930788
pd-166285,5311382.0,59.97369,27.130514
nedaplatin,,-22.042635,-44.560978
azapropazone,6604340.0,32.051,-5.098686
efonidipine,11764616.0,31.445866,-52.250526
mestinon,4991.0,-20.580647,52.468365
laquinimod,54677946.0,26.42207,-4.7495775
telotristat-ethyl,25181577.0,42.042583,-18.249008
2-iodohippuric-acid,8614.0,-36.980267,13.609833
aminoglutethimide,1548995.0,-25.286476,7.0082417
tiagabine,60648.0,9.672171,58.386295
eglumetad,213056.0,-44.120296,7.542414
tetrandrine,73078.0,1.2486768,42.534523
carmofur,2577.0,60.71338,39.26376
acetylspiramycin,,-38.35764,51.312725
zoliflodacin,76685216.0,57.020687,-19.879425
asymmetrical-dimethylarginine,123831.0,-52.83945,13.2379875
ceforanide,43507.0,53.167046,-40.972603
o6-benzylguanine,4578.0,8.886724,-20.448912
exherin,,48.04979,-6.374443
abt-239,9818903.0,9.280461,68.2051
centazolone,72846.0,27.657562,-16.488909
forodesine,135409409.0,66.063095,-13.082306
quercetin,5280343.0,-49.58877,-49.299976
tc-ask-10,24944925.0,15.333838,-7.4172144
tak-733,24963252.0,60.279045,-7.393862
pre-084,126402.0,4.9677305,54.164276
iso-1,5288525.0,-9.191301,-39.562843
stobadine,108089.0,8.392312,69.81391
ly223982,6444688.0,-59.720848,-27.04389
saracatinib,10302451.0,65.661064,21.862936
asa-404,123964.0,-48.893147,-44.27179
sar131675,71295845.0,32.744045,11.203565
sc-51089,132749.0,44.005302,-10.917493
wiki4,2984337.0,47.792973,17.645418
cenobamate,11962412.0,36.41551,-13.078332
bet-bay-002,73425805.0,18.514008,-16.677069
dimaprit,3077.0,-17.561298,39.944233
butacaine,2480.0,-17.524687,60.784424
levonordefrin,164739.0,-44.505028,-1.5864795
octinoxate,6993341.0,-59.530235,-20.326635
afobazole,9862937.0,23.826567,47.96701
gdc-0077,124173720.0,58.625927,19.71246
haloperidol,3559.0,4.812899,57.760777
taprenepag,18376177.0,8.692388,-62.649437
3-aqc,3073499.0,20.87016,64.776886
entasobulin,10203597.0,22.89204,-1.6402518
ethynylcytidine,176885.0,68.62954,-17.995796
lafutidine,40490609.0,28.366455,34.097916
adapalene,60164.0,-50.585587,-38.574783
plx8394,90116675.0,15.600937,-82.98978
cloxyquin,2817.0,-12.8846035,-27.646639
roluperidone,9799284.0,52.004566,39.56917
buflomedil,2467.0,2.9772432,44.120296
madrasin,135444382.0,1.8365092,-23.765856
fucoxanthin,5364094.0,-80.9962,4.021796
ri-1,1074953.0,53.4333,39.543335
sirreal-2,1096292.0,-0.18142036,-13.507704
azd8330,16666708.0,56.84517,0.57792604
levalbuterol,123600.0,-37.547646,35.338627
pixantrone,134019.0,1.2138927,14.65528
monepantel,44449087.0,-33.815815,4.2841563
ioversol,6604447.0,-29.577105,10.80025
bt-11,121299620.0,35.85405,40.819637
flunisolide,82153.0,-95.10402,5.1118293
citalopram,146570.0,-3.6187208,63.0834
pnu-37883,64393.0,15.347534,55.95522
mk-0608,3011893.0,68.58183,-14.939763
ticarcillin,36921.0,46.49507,-36.611805
nitrocaramiphen,3941250.0,29.328325,-49.26953
pik-75,10275789.0,-2.527437,-58.76414
gts21,5310985.0,-3.7973416,37.55129
hesperadin,,19.881401,-80.890305
cep-32496,56846693.0,11.668177,-25.846308
udenafil,135564686.0,19.958656,-73.67499
5-hydroxyectoine,40488256.0,-57.915665,33.73093
sr-27897,122077.0,19.244154,1.0123099
at13148,24905401.0,14.20239,3.848183
pamiparib,135565554.0,48.78699,34.907166
hthq,119193.0,-60.19611,-19.840544
l-hydroxyproline,6971053.0,-46.74374,14.262996
nu-7026,9860529.0,31.036064,36.432648
pq-401,9549305.0,0.45784298,-24.140574
nabumetone,4409.0,-57.443367,-23.551456
piromidic-acid,4855.0,72.33778,25.568779
procyanidin-b-2,11250133.0,-50.868107,-51.13469
ru-ski-43,93160320.0,19.648865,25.405079
penicillamine-(d),6926437.0,-48.531956,3.9570162
cortisone,222786.0,-87.89121,8.99435
gsk-j1,56963315.0,22.659286,55.561943
dau-5884,,-1.3956621,35.390392
pf-05180999,60143346.0,27.53271,65.95611
inh1,959043.0,0.58345604,-12.668728
disodium-sebacate,5192.0,-48.96886,-14.921458
rn-1734,3601086.0,-12.137416,-73.32848
thiotepa,5453.0,14.894848,60.51766
tug-770,66553168.0,-37.206314,-24.219006
albendazole,2082.0,-1.8625633,-35.014076
methacholine,6603706.0,-16.231153,66.543816
amd11070,11256587.0,22.648012,60.5663
pargyline,4688.0,-2.0917614,69.93925
4-(4-fluorobenzoyl)-1-(4-phenylbutyl)-piperidine,5234410.0,7.4992394,60.26343
tropisetron,,-6.621586,49.017303
tegobuvir,23649154.0,11.299717,-0.019020425
chlorophyllin-copper,,-37.17022,-0.9746874
gavestinel,6450546.0,-17.632196,-2.944492
senicapoc,216327.0,-24.982765,-7.361685
alpha-tochopherol,1548900.0,-80.058754,-11.72281
fedratinib,16722836.0,16.102215,-73.03726
azalomycin-b,6444206.0,-77.7434,9.781657
htmt,6604743.0,51.590942,53.587257
alisporivir,11513676.0,3.689644,27.587833
furagin,6870646.0,28.970055,-42.88836
ademetionine,34756.0,67.85607,-9.095145
pridopidine,9795739.0,11.058684,-78.81569
evenamide,25105689.0,-16.750462,53.628647
mk-886,3651377.0,13.0457325,8.705285
chlorophyllin,,-37.218475,-0.03813117
bucetin,6918884.0,-35.809715,-7.4502616
adatanserin,130918.0,39.689182,40.550465
niridazole,6093.0,28.670914,-41.743015
sulfamoxole,12894.0,-2.0141428,-71.28743
bts,95801.0,-12.118303,-70.163864
org-9768,22152353.0,-19.629166,13.42582
lucitanib,25031915.0,-17.30735,0.99356335
fph1-(brd-6125),2210370.0,-11.557796,-73.359886
ly2157299,10090485.0,42.295273,22.143253
capsaicin,1548943.0,-30.802208,25.563635
trihexyphenidyl,207845.0,3.9004564,55.66756
flumatinib,46848036.0,47.654747,50.536
genz-644282,10294813.0,29.24644,13.923828
rheochrysidin,10639.0,-47.64416,-38.658768
enoximone,53708.0,11.795906,-30.41962
oxa-06,24857242.0,0.2216793,-3.2511683
tributyrin,6050.0,-59.123684,-15.452664
ornipressin,,51.512985,-4.7089596
amuvatinib,11282283.0,21.582962,49.213017
irosustat,5287541.0,-10.0944195,-63.01265
fendiline,36687769.0,-19.853476,16.427193
arsenic-trioxide,261004.0,-28.632479,-37.373257
ml298,53393916.0,55.248436,41.626617
halazone,3552.0,-13.008092,-68.22769
ici-63197,62824.0,32.72406,-6.5704384
diacetamate,17499.0,-35.02244,-8.109227
pyridoxine,1054.0,-36.035854,-18.17699
cts-1027,3342298.0,19.871489,-65.60301
tram-34,656734.0,8.961243,0.15645044
tmph,11207937.0,-51.355675,24.49717
way-200070,135418373.0,-9.0817795,-28.920849
puromycin,439530.0,67.835236,-12.286332
amisulpride,5746246.0,23.951508,-69.43538
tak-220,5275766.0,45.897644,48.809883
ibrolipim,131601.0,-26.439356,-9.833336
climbazole,25734913.0,33.166702,5.444134
prednisolone-acetate,5834.0,-86.64849,6.794417
methoxyphenamine,6918906.0,-41.019455,31.30622
almitrine,33887.0,18.614386,65.53584
quinidine,441074.0,3.9740639,50.828186
nalfurafine,6445230.0,5.884128,35.382126
dacinostat,6445533.0,1.2703193,21.74629
rgb-286638,11285002.0,49.85377,16.67587
azithromycin,71206984.0,-37.536453,51.32121
1-deoxymannojirimycin,72258.0,-51.85821,31.970327
"2,4-dinitrophenol",1493.0,19.483852,-45.242336
dextrose,107526.0,-65.461975,-37.923847
gliquidone,91610.0,19.793388,-70.730515
inca-6,230748.0,-43.104034,-37.986225
rs-79948,9908992.0,13.5461445,-74.65187
tremorine,5534.0,13.983039,60.397552
zoniporide,6433110.0,23.216848,-18.523174
sparfloxacin,6956367.0,75.62879,25.030546
centanafadine,16095349.0,-18.304428,21.639324
2-fluorofucose,446098.0,-51.5484,-35.180923
nuvenzepine,65846.0,40.58413,28.636799
qx-222,5014.0,-22.132704,46.572857
nisoldipine,28248400.0,28.717928,-52.73322
olumacostat-glasaretil,89497391.0,-14.632793,55.90329
beta-hydroxybutyrate,441.0,-35.890438,-38.496418
ly215490,127894.0,5.4355326,19.12685
duloxetine,60835.0,-27.810986,37.60203
cotinine,854019.0,11.911696,30.144606
rac-bhff,7023847.0,-55.149338,-38.894253
desisobutyryl-ciclesonide,24848783.0,-83.20885,8.930386
acivicin,16758175.0,-9.001309,-40.581043
bmy-14802,10020651.0,18.126165,64.93526
tolazamide,5503.0,7.8906903,-82.79854
vx-222,,5.2820907,-43.607265
phenol,996.0,-44.865395,-30.026339
3-deazaadenosine,12769724.0,68.78931,-13.787415
clinafloxacin,969489.0,75.787605,26.588495
arv-825,124870683.0,55.930363,13.997564
parthenolide-(-),5420805.0,-86.36274,-6.0507
byk-204165,25113764.0,22.596823,-7.637641
omeprazole,9568614.0,5.065172,-53.2146
tolrestat,53359.0,-6.230422,58.963898
vindesine,40839.0,30.910568,17.091269
bekanamycin,439318.0,-53.939827,32.178825
sch-900776,46239015.0,26.43844,65.524124
piperidolate,688565.0,0.48754573,52.73756
etrabamine,92274373.0,-4.220823,8.583736
l-kynurenine,6971029.0,-32.06215,-0.71679115
rilpivirine,6451164.0,-2.1895065,-7.0104575
rauwolscine,643606.0,6.0253224,39.82365
bicalutamide,2375.0,-14.549338,-73.942245
benzoxiquine,6855.0,-15.394587,-26.538643
smi-4a,1361334.0,8.533256,-35.1185
ergocalciferol,5280793.0,-73.50354,-0.58010095
tyrphostin-a9,5614.0,-45.584854,-22.187227
nomegestrol-acetate,91668.0,-84.77592,-1.6007962
5'-chloro-5'-deoxy-enba-(+/-),,68.99175,-9.749846
pirquinozol,135449340.0,14.003174,-20.33638
epoprostenol,5282411.0,-67.83265,-16.445246
onx-0914,23642227.0,22.788685,22.414639
nicotinyl-alcohol-tartrate,7510.0,-27.04516,-27.076538
dichloroacetate,,-32.458683,-34.12287
bq-123,443289.0,25.545803,18.114077
cpi-0610,57389999.0,17.196308,-19.074837
as-1892802,46911016.0,-11.815482,-12.688636
hydroxyamphetamine,12234986.0,-46.86223,-1.6121689
cp-673451,10158940.0,66.999825,14.652962
igmesine,6438340.0,-2.253724,68.38618
ym-298198,9819432.0,22.479733,14.441971
pha-793887,46191454.0,44.609665,24.716022
gsk2636771,56949517.0,33.193886,57.19739
kf-38789,135565372.0,-3.8174932,38.50663
anecortave-acetate,111332.0,-86.57099,6.309589
mk-0893,11570626.0,53.972992,3.7514598
plinabulin,9949641.0,7.5436525,-32.12128
gsk2801,73010930.0,11.455731,-68.67894
isotiquimide,76961135.0,-4.6928525,9.182684
mesoridazine,57146948.0,12.89381,72.836784
tetrahydrofolic-acid,135398650.0,62.202454,-4.266476
l-threonine,6971019.0,-47.45767,3.8884542
qx-314,3925.0,-22.0586,46.094265
bisacodyl,2391.0,-19.245354,-26.767115
levocarnitine,10918.0,-17.167738,67.43608
belotecan,6456014.0,31.81074,12.987577
melphalan-n-oxide,11234795.0,-33.10621,9.033255
jnj-38877618,57654476.0,10.051034,-6.5745454
pentamidine,4735.0,-41.512897,27.81933
selitrectinib,129103609.0,50.050495,34.888653
cepharanthine,10206.0,1.1136165,41.29952
caprylic-acid,379.0,-53.705353,-11.607972
azd8055,25262965.0,69.344505,17.445623
h-89,449241.0,9.066928,-85.68927
etifenin,170344.0,-28.609804,12.660003
foxy-5,44628955.0,-42.65946,19.84644
mk-7622,46207733.0,26.63883,35.67929
s-111,11213350.0,-74.77705,1.1393363
fenaclon,9376.0,-34.707886,17.250595
colchicine,6167.0,-28.851559,22.677475
tretinoin,444795.0,-60.868217,-5.353896
coenzyme-i,439153.0,61.536137,-15.842462
ginsenoside-c-k,9852086.0,-83.37068,12.821957
gsk2881078,86709174.0,7.4845247,-76.0317
bay-8002,992293.0,-7.7319407,-68.07712
fdcyd,515328.0,71.2203,-21.437704
glycerol-phenylbutyrate,10482134.0,-60.547005,-24.338959
soblidotin,6918315.0,16.661531,24.395897
batimastat,5362422.0,-19.267452,-13.58303
pat-1251,122536283.0,64.68397,39.135994
retinyl-acetate,638034.0,-60.1988,-6.74111
olmesartan-medoxomil,130881.0,61.64135,4.9800777
"2,3-cis/exo-camphanediol",11768995.0,-70.54993,-7.9989157
pantoprazole,11181988.0,4.8281155,-53.717567
quazinone,135511466.0,30.002617,-2.198355
nalidixic-acid,4421.0,14.137664,14.03156
d-64131,3921152.0,-16.17519,-28.22357
polidocanol,656641.0,-56.15332,-15.476634
buparlisib,16654980.0,31.88107,56.560787
desoxycorticosterone-pivalate,11876263.0,-85.70419,-0.3985091
neca,448222.0,70.616905,-14.106539
sng-1153,71621167.0,-54.311672,-48.017082
ptc-209,1117196.0,18.96938,-12.182878
nsc-95397,262093.0,-59.88015,-29.175804
emtricitabine,60877.0,72.79581,-20.746407
sk&f-10047-(+),3036222.0,0.18047385,49.35427
wiskostatin,981326.0,7.462235,11.275098
schisandrin-b,174277.0,-55.660034,-43.057465
hydrastinine,3397945.0,0.5243902,38.599762
cilomilast,,-74.377464,-13.520261
moxonidine,4810.0,-6.061539,21.00911
monastrol,794325.0,-31.942707,-22.615469
raf709,90408826.0,62.20024,29.455574
pyronaridine,107771.0,62.80486,23.506252
biib021,16736529.0,42.7747,-7.648757
amcinonide,40469418.0,-94.26554,4.4482603
lansoprazole,9578005.0,4.7560554,-54.418648
ginsenoside-re3,46887680.0,-83.00403,12.9780035
cpi-169,71712226.0,20.86979,-72.73111
luliconazole,3003141.0,8.368524,1.8256832
ph-797804,22049997.0,32.60652,-11.348448
amflutizole,54833.0,3.4503427,-11.233868
sgc-cbp30,72201027.0,15.624871,41.891388
deferoxamine-mesylate,2973.0,-22.74505,-13.099843
am095,46213949.0,21.618565,-30.6608
ly2603618,11955855.0,64.61992,26.128696
l-165041,6603901.0,-60.74634,-26.868479
ribitol,,-65.64406,-37.363247
ruxolitinib-(s),50878566.0,10.57901,-3.6393275
arecaidine-but-2-ynyl-ester,4214594.0,1.420862,61.47495
nadolol,7048578.0,-35.753674,38.54392
ys-201,29942219.0,30.432476,-51.754726
sb-222200,6604009.0,-12.650696,-10.949144
vipadenant,21874557.0,15.738373,-4.8466887
bibr-1532,9927531.0,-29.631796,-5.6532354
practolol,6918924.0,-36.468166,29.575142
niceritrol,4476.0,-20.157635,-26.69233
gsk2190915,44473151.0,34.64276,8.280587
coumarin,323.0,-45.23783,-43.068707
gynostemma-extract,46887681.0,-83.00357,12.977385
iem1754,9887868.0,-16.878218,17.963037
i-brd9,91668541.0,16.862526,-83.06075
sutezolid,465951.0,68.37165,29.233812
aj76-(+),122334.0,-26.339243,36.398277
g-749,78357765.0,58.39621,23.942352
penicillamine-(racemic),6926437.0,-48.531788,3.957122
tiabendazole,5430.0,-1.2273368,0.87870747
mk-1903,49763030.0,-15.386771,-19.826897
r547,6918852.0,16.471088,-71.7509
clofazimine,,5.2866755,-1.9564238
ferrostatin-1,4068248.0,-26.196527,16.00899
nelfinavir,64143.0,25.5909,20.570395
adomeglivant,91933867.0,-36.69943,5.494201
melengestrol-acetate,,-84.830124,-1.7005544
yohimbine,8969.0,6.0250697,39.82273
sb-366791,667594.0,-29.879808,-10.091201
bromfenac,60726.0,-31.46839,-1.3059213
pterostilbene,5281727.0,-46.718407,-28.03752
(s)-(+)-rolipram,158758.0,-27.261139,25.574009
rp67580,107686.0,9.198738,40.14924
phenylephrine,6041.0,-34.85486,33.344612
mps-bay-2a,57381882.0,39.852314,23.122765
alvocidib,5287969.0,6.8814683,41.858692
ecamsule-triethanolamine,131634633.0,-18.57176,-59.9853
l-655240,122070.0,13.090277,8.700875
cur-61414,10392802.0,30.57681,14.100989
dimetridazole,3090.0,27.875525,-38.083725
milrinone,4197.0,-5.1720195,-17.402544
cc-90003,90331177.0,-1.2679151,-23.857168
dmso,21584481.0,-29.230663,-38.78962
iodipamide,3739.0,-29.743145,0.60385174
evacetrapib,,29.148508,66.50242
frentizole,33334.0,3.9232783,-27.998775
mk-2206,24964624.0,38.8625,10.2206335
brompheniramine,16960.0,5.7046,74.61884
tc-lpa5-4,66552906.0,31.266994,-21.68104
metafolin,135398561.0,61.18974,-4.5777264
ceftobiprole,138319339.0,56.986343,-43.12962
furosemide,3440.0,-7.2915974,-68.96816
ly2801653,44603533.0,33.08383,-19.286802
phloretin,4788.0,-48.19698,-33.64142
bromisoval,146955.0,-20.211851,-6.050699
semaxanib,5329098.0,6.186341,-32.318386
etoposide,36462.0,-56.359158,-45.37998
torcetrapib,159325.0,23.752745,37.297665
iopodic-acid,,-33.089775,-2.3361225
epz-5676,,52.08909,1.183485
briciclib,11248490.0,-14.853229,-60.344242
troleandomycin,,-37.499676,52.887035
phenprobamate,4770.0,-41.10576,6.348111
suloctidil,657255.0,-46.807945,18.411572
pyrimethamine,4993.0,0.64427847,-6.8274455
pj-34,4858.0,24.756672,42.63813
macitentan,16004692.0,7.439842,-67.05564
thz1-r,119081415.0,27.062016,1.2598261
pd-158780,4707.0,1.936098,-4.5618453
sulphadimethoxine,5323.0,-1.0739473,-65.50546
peramivir,154234.0,-43.24181,24.528345
sulforaphane,9577379.0,-19.934816,-56.638397
menadione-bisulfite,1711949.0,-14.740737,-61.5117
upf-1069,25015515.0,-12.979723,-23.263931
mf-101,114829.0,-47.677807,-47.94796
dg051,72199860.0,8.083011,53.84781
dexloxiglumide,65937.0,-28.029686,13.763071
propranolol,62882.0,-36.819447,39.39333
dirithromycin,132274085.0,-37.67344,49.856514
isoconazole,25273632.0,10.404769,4.101317
ptc-028,73427235.0,6.170025,-1.4958009
beta-amyloid-synthesis-inhibitor,9882580.0,5.695518,-17.660717
sulfanilamide,5333.0,-10.59596,-68.89446
fenobam,135659063.0,30.532831,-1.5337319
ly288513,2802894.0,30.159641,-16.4854
genistein,5280961.0,-48.401867,-48.57489
lumiracoxib,151166.0,-31.388887,-2.0570276
ly310762,4282258.0,52.027607,39.585564
amg-319,68947304.0,2.766386,-3.2822785
emricasan,12000240.0,-35.038223,4.93453
sulpiride,643497.0,23.87366,-69.7638
fluphenazine-decanoate,3388.0,15.234174,51.86263
piricapiron,5545745.0,41.0484,31.075773
cilengitide,176873.0,52.984344,-7.583921
6-aminochrysene,17534.0,-15.917586,6.955974
creatinol-phosphate,23342.0,-22.18323,68.80663
rwj-50271,9953357.0,39.946133,-11.238608
acadesine,17513.0,68.04402,-16.357346
skf-38393,6603799.0,-23.462141,31.757797
uki-1,9895193.0,24.60586,-76.50504
tg-100801,11973736.0,62.743965,13.328531
amz30,44607965.0,-3.4717526,-59.464256
dianhydrogalactitol,15942827.0,-64.39563,-38.411255
begacestat,11269353.0,-13.138791,-75.552025
pf-02413873,16662425.0,10.559562,-70.072945
polyinosine,138454308.0,60.997494,-16.617893
ethaverine,3280.0,-17.218678,-31.147655
entinostat,4261.0,-9.330549,-14.61254
indapamide,12598931.0,-7.1867447,-75.41735
metaproterenol,25271693.0,-36.82799,34.20088
gr46611,6160690.0,19.18875,36.69346
er-27319,9799509.0,12.38688,39.924107
amg-176,,17.380157,-69.85481
iniparib,9796068.0,23.812471,-44.829453
cbl0137,44519124.0,5.0356164,70.920555
metolazone,28125490.0,-0.8457946,-79.25739
amoxicillin,40467057.0,46.449947,-36.76281
nbi-74330-(+/-),45784923.0,58.276062,28.346313
piperaquine-phosphate,122262.0,19.41916,65.73424
sr-59230a,5311452.0,-27.230896,31.178093
acitretin,5284513.0,-50.15396,-26.821262
"2,3-dcpe",2250975.0,-28.185732,32.992393
rucinol,205912.0,-62.196903,-18.39437
sitagliptin,4369359.0,50.67138,36.973747
sdz-21009,6604875.0,-36.641834,41.26011
tetracycline,129396784.0,-23.2703,2.56692
r-121919,9821250.0,25.030993,63.832794
zuranolone,86294073.0,11.729204,42.195732
minoxidil,,32.73986,60.425495
bms-707035,54682040.0,17.473988,-74.10777
setipiprant,49843471.0,45.223415,41.032173
mefexamide,4045.0,-16.784353,53.66998
afalanine,74839.0,-40.589977,11.220367
dichlorophen,3037.0,-41.53544,-26.016764
l-755507,9829836.0,16.639736,-64.90441
bivalirudin,73952246.0,51.890667,-7.937317
3-anilinopropan-1-ol,410467.0,-30.915892,18.58748
spiramycin,,-38.35764,51.312725
2-ethoxybenzoic-acid,67252.0,-47.978718,-27.276571
unc0737,52953431.0,66.88927,17.118088
ro-4987655,11548630.0,56.714123,0.49780035
jte-907,9867770.0,28.927021,12.701701
ganciclovir,135398740.0,65.27428,-8.052004
azd1480,16659841.0,4.408079,-6.2202287
naphazoline,4436.0,-10.64671,24.489761
ly3009120,71721540.0,50.824753,54.57104
guvacine,40468028.0,-22.779896,21.040234
gw-7647,3392731.0,-25.768553,47.027245
sb-268262,93475590.0,-3.182694,-58.227684
bufexamac,2466.0,-25.38543,-14.20687
sparteine-sulfate,442965.0,12.650327,61.519352
8-hydroxy-pipat,15288637.0,-7.256676,55.03866
hesperetin,72281.0,-51.837444,-47.530865
manidipine,13632719.0,30.63764,-51.947376
pha-767491,11715767.0,-1.0777185,22.180227
dextromethorphan,5360696.0,-0.023657478,49.262276
gambogic-acid,9852185.0,-81.84345,7.540532
prt062070,44595079.0,16.6387,-78.98411
etebenecid,14604.0,-14.743856,-68.31403
spiperone,5265.0,54.782303,41.91275
blz945,46184986.0,8.739922,-25.046013
ephedrine,9294.0,-47.41941,1.2474145
c-751,99170.0,-20.25217,-21.661604
eucatropine,42105272.0,-9.936178,47.794918
tabimorelin,9810101.0,-25.01837,49.069736
omarigliptin,46209133.0,13.130258,-81.05682
pentoxifylline,4740.0,37.249683,3.13549
azd6765,9794203.0,-7.4727364,-0.20380287
buspirone,2477.0,40.495712,31.74671
talabostat,6918572.0,10.62556,21.519976
alclometasone-dipropionate,,-92.286354,2.7683575
bi-78d3,2747117.0,34.81998,-45.6134
flucytosine,3366.0,-4.2641034,-21.401985
2-methyl-5-hydroxytryptamine,1574.0,-5.6373897,16.51556
lincomycin,3000540.0,4.0434604,25.38594
sofosbuvir-impurity-m,131704521.0,58.372448,-18.955923
flosequinan,11776383.0,-2.9882545,-54.47675
bms-777607,24794418.0,32.840557,-11.584997
linaclotide,16158208.0,50.849197,-4.6293607
tempol,5395.0,-10.477586,47.665386
lonidamine,39562.0,12.490514,6.4796553
ly303511,3971.0,31.561266,35.829582
carbinoxamine,170336.0,-9.760408,63.925484
ponatinib,24826799.0,49.278633,35.989494
pf-04995274,53354764.0,7.222384,35.88557
aminothiadiazole,19909.0,-1.7854857,4.217955
bisantrene,5351322.0,-9.155893,23.439184
rilapladib,9918381.0,57.43585,31.203741
examorelin,6918297.0,2.5684896,19.46785
tezacaftor,46199646.0,38.19464,14.06723
1-octacosanol,68406.0,-52.136803,-9.264356
asp-6537,9922739.0,30.175274,-19.121529
xipamide,26618.0,-6.4519405,-66.332726
rev-5901,40428144.0,-4.0981865,14.032015
cloperastine,688420.0,7.4020367,56.563892
gsk2879552,66571643.0,10.907635,57.020382
succinobucol,216325.0,-55.77454,-26.477713
ethotoin,12309784.0,36.811653,-3.135521
sm-108,13371802.0,11.997847,-28.850883
huperzine-a,854026.0,-3.0647266,-17.124132
micronomicin,3037206.0,-54.281727,34.649155
tp-0903,56839178.0,16.891209,-80.36586
cardiogenol-c,11345983.0,0.9507796,12.101212
trilaciclib,68029831.0,44.486683,28.173618
quinine,3034034.0,3.9738517,50.828957
pf-8380,25265312.0,23.426434,34.508644
cyclocytidine,25051.0,69.62037,-16.538813
chlorproguanil,9571037.0,-12.26314,6.5786924
ibc-293,2736690.0,11.240827,-9.089642
jnj-40411813,25195461.0,58.814537,32.60313
dcpib,12761153.0,-76.07639,-13.171913
rx-3117,11242315.0,68.411736,-21.301039
arotinolol,12797283.0,19.304419,14.084875
cx-4945,24748573.0,-14.013891,-16.480839
unc1999,72551585.0,46.71535,24.475945
wortmannin,312145.0,-82.532166,6.555423
cinchonine,90454.0,5.322821,52.47743
pamabrom,11806.0,36.824463,-0.17330977
tc-g-1008,91826086.0,3.6197934,-75.47291
manitimus,,-26.22225,-6.720241
neomycin,8378.0,-54.372528,32.139874
monosodium-alpha-luminol,10638.0,13.735678,-23.353071
butofilolol,66593644.0,-37.942978,37.440483
hp-228,9876430.0,48.63274,-8.607088
methylthiouracil,667493.0,-6.8088613,-19.821852
diphenhydramine,3100.0,-10.510081,62.461784
entacapone,5281081.0,19.044003,-43.8916
sr-140333,108167.0,21.388302,43.703617
bcx-1470,9822205.0,-27.531855,-18.6741
halcinonide,443943.0,-94.48698,4.2872157
clorotepine,12765746.0,14.064377,70.865555
ft011,23648966.0,-35.132694,-10.3068285
snx-2112,,52.37223,4.781045
gsk2606414,53469448.0,49.14391,38.29835
a-485,118958122.0,36.104553,13.393606
apyramide,50204.0,23.913343,3.2298748
etp-46464,72199292.0,26.700739,-7.810531
ipidacrine,604519.0,-5.011894,10.17113
apafant,65889.0,46.919952,38.849354
anlotinib,25017411.0,-17.279648,0.88742113
febuprol,36688222.0,-58.66592,-18.957516
s-3304,10718956.0,-3.943808,-76.139854
a66,42636535.0,34.466137,22.398386
oxidopamine,4624.0,-30.664986,34.810066
hordenine,68313.0,-7.9366007,61.35608
levetiracetam,5284583.0,9.053096,26.713474
dutasteride,6918296.0,-66.31635,4.0687504
allicin,51399529.0,-19.479887,-55.793472
nsc-625987,3004085.0,-16.474371,-28.093103
declopramide,70177.0,-21.445261,43.489677
bismuth-subsalicylate,53629521.0,-38.84894,-48.642574
palmitoylcarnitine,16903.0,-18.04509,67.40299
metformin,4091.0,-9.457175,4.892927
5-fluoro-3-pyridyl-methanol,152449.0,-27.099169,-27.288563
asiatic-acid,119034.0,-86.96499,9.350695
pentagastrin,9853654.0,23.61719,19.050354
choline-alfoscerate,58381695.0,-21.333471,69.19291
nms-873,71521142.0,15.423364,-73.92427
acedapsone,6477.0,-9.692793,-67.59771
mk-5046,49871766.0,19.00174,4.068768
pipobroman,4842.0,36.565666,45.208992
ibuprofen-piconol,76968625.0,-25.826183,-25.763094
terpene,,-71.902275,-6.946506
doramapimod,156422.0,51.504944,13.815537
jte-607,9938545.0,21.606703,26.187819
sb-242235,9863367.0,57.120365,35.06179
lonafarnib,148195.0,54.053345,44.929867
trimethoquinol,12224034.0,-21.175335,31.758694
ku14r,92179136.0,0.27793968,0.28278112
epptb,25175634.0,61.876274,45.18411
leflunomide,3899.0,18.991493,-28.432041
tetomilast,3025803.0,-13.812566,-35.719967
prlx-93936,11559627.0,52.315807,21.16461
revaprazan,40462255.0,22.217686,70.10663
chromanol-(+/-),90479790.0,6.1422176,-61.555923
statil,5278.0,48.17703,4.7959356
eact,3173542.0,45.834797,8.751706
proquazone,31508.0,27.028164,-8.057361
pf-573228,11612883.0,4.8149614,-77.559784
dantron,2950.0,-46.93933,-37.672825
oxypurinol,135398752.0,12.441783,-21.90659
selinexor,71481097.0,20.801031,-17.639833
mitapivat,59634741.0,12.599715,-82.88873
ns-9283,11998180.0,18.406607,-22.465551
betaine,248.0,-16.600185,66.907295
vixotrigine,16046068.0,-31.390905,3.7688074
nefopam,184147.0,9.443398,67.6426
pimecrolimus,133659920.0,-41.029835,49.79185
cyclosporin-a,5284373.0,3.7520568,27.58886
ly2365109,11552757.0,-0.6545982,39.760063
pf-06260414,76071881.0,10.063454,-80.93153
rostafuroxine,153976.0,-76.78029,-9.477804
ly3023414,57519748.0,36.234367,1.5100152
skf-86002,5228.0,5.427161,2.953477
gadoterate-meglumine,121841.0,-12.976906,37.794548
celecoxib,2662.0,0.4636695,-74.95908
sp-100030,9910975.0,-7.493701,-9.960471
voxtalisib,16123056.0,32.59067,-7.1328874
astaxanthin,5281224.0,-68.36534,-5.7190742
cid-2745687,9581011.0,25.83745,-15.847937
triclocarban,7547.0,-7.088147,-8.841016
gant-58,253078.0,1.0663692,2.4812026
bacitracin,,48.56462,-5.8634925
ly2828360,46833780.0,29.018017,64.17506
lmk-235,71520717.0,-22.95768,-13.902676
riboflavin-tetrabutyrate,92140.0,35.088577,3.5188503
repotrectinib,,37.423187,-18.300892
am211,44158492.0,-33.575935,20.840893
nicotine,89594.0,6.068175,67.2534
acalabrutinib,71226662.0,39.30728,22.541851
aclarubicin,86289437.0,-36.66211,51.514645
ocinaplon,216456.0,10.001091,-7.8158636
sb-203580,40467016.0,-6.237094,-70.74138
pinaverium,73416161.0,3.323688,42.678284
letermovir,45138674.0,76.14789,21.617031
c106,11957647.0,-0.23626497,40.902153
dabigatran-etexilate,9578572.0,37.175793,21.187752
tcs-2210,44607172.0,2.3067136,15.212812
kp-1212,71167912.0,71.36749,-18.992802
o-304,50923806.0,37.560406,-8.383131
mln9708,56844015.0,-31.018198,14.084643
perhexiline,38988177.0,-16.15857,19.774103
ji-101,11691242.0,41.562183,-8.246272
brequinar,57030.0,-17.923704,-20.175344
amyleine,66584276.0,-15.605682,66.23973
enasidenib,89683805.0,1.3907658,9.704569
lp-533401,124424929.0,-4.1637683,-24.085812
e-64,123985.0,-41.79259,22.703772
imisopasem-manganese,,16.382292,63.681942
l-alanine,7311724.0,-47.595814,4.4055104
gdc-0980,25254071.0,37.991615,36.21324
sofalcone,5282219.0,-56.633293,-27.100498
3-(4-methylbenzylidene)camphor,38988322.0,-63.091774,-4.0331397
vincristine,5388993.0,31.080605,17.004156
neohesperidin,442439.0,-58.359917,-48.726784
nfkb-activation-inhibitor-ii,16760588.0,-20.287355,17.885399
formoterol,3034756.0,-33.115356,28.401089
epz004777,56962336.0,52.070297,1.2281533
ots167,,69.357086,22.065735
gsk2837808a,71533725.0,3.6618288,-66.541214
glecaprevir,66828839.0,21.534315,-70.74021
isopropyl-myristate,8042.0,-58.858017,-9.084882
ag-555,5328770.0,-34.518795,24.688019
k-map,40510055.0,-53.565525,29.053116
salazodine,65707.0,-0.8639956,-64.196625
menadione,4055.0,-43.25032,-37.845493
mericitabine,16122663.0,65.94113,-22.98125
oxytocin,133698923.0,51.01206,-3.3823078
zopolrestat,1613.0,48.18713,4.7693253
alpha-linolenic-acid,5280934.0,-52.333687,-12.80795
fenretinide,5288209.0,-63.25973,-1.9751962
ibotenic-acid,6971210.0,-3.3195956,-41.51581
imidapril,5464343.0,14.80047,22.919878
artemotil,3000469.0,-84.96421,-10.9504
lasalocid,5360807.0,-78.480606,8.5248995
mln8054,11712649.0,-13.674866,-16.621336
pyrrolidine-dithiocarbamate,65351.0,14.649629,60.353664
ectoine,6993223.0,-52.789383,14.929
m-14157,1825.0,-54.22558,-12.996512
cdppb,11245456.0,23.977026,-18.116816
cromoglicic-acid,2882.0,-49.964096,-42.8477
eucalyptol,2758.0,-80.46083,-9.2933445
propyphenazone,3778.0,27.885555,-19.488821
adrafinil,25271624.0,-21.47222,-12.1478615
everolimus,,-40.441174,49.219543
vernakalant,9930049.0,6.9020557,47.856903
cym-50358,53358422.0,-9.830506,-12.644265
apararenone,24744336.0,2.1336658,-61.93702
rg7834,134305955.0,-0.280517,42.69804
alanosine,90657278.0,-21.92099,-17.258696
dasotraline,9947999.0,-18.316616,8.029734
pidotimod,65944.0,10.996699,24.234367
sew-2871,4077460.0,18.691023,-22.865503
putrescine,1045.0,-16.7783,16.791891
mc-1,1051.0,-31.879725,-47.79631
smer-28,1560402.0,-0.6502862,-4.0569825
nimesulide,4495.0,-3.937375,-61.80971
vu591,44123657.0,25.301685,-38.88158
pikamilone,60608.0,-37.358032,16.447124
emetine,10219.0,1.0733665,45.08113
amdinocillin,,47.833622,-33.501736
kw-2478,23116322.0,21.084122,27.354591
tivantinib,11494412.0,36.526707,27.689528
mitoquinone,11388332.0,-67.23026,-11.451073
adrenalone,7436.0,-35.589573,33.36735
ml297,56642816.0,22.229721,-16.566257
a740003,98050091.0,2.5156999,-23.624168
diatrizoic-acid,2140.0,-28.266489,-3.6594355
omega-3-acid-esters,9831415.0,-58.04463,-10.406985
vedaprofen,25271747.0,-34.692837,-29.573828
integrin-antagonist-1,86272865.0,22.13376,55.705933
chicago-sky-blue-6b,6817703.0,-6.6699634,-63.88663
l-nil,2733506.0,-52.39533,14.328122
2-(1-adamantylamino)benzoic-acid,2847479.0,-29.817068,-5.8838
alpidem,54897.0,45.841892,39.69517
rimonabant,104850.0,47.292645,32.704994
fosfomycin,446987.0,-30.056118,-46.266373
xylazine,5707.0,-9.435974,14.067889
nsc-23766,7959890.0,17.946798,73.63594
theaflavin,,-50.87771,-50.98964
dipyridamole,3108.0,24.196812,56.33837
spironolactone,5833.0,-85.45694,-4.311099
timofibrate,51371472.0,15.217233,10.693739
carzenide,8739.0,-12.627865,-68.24338
baicalin,,-50.653965,-48.832115
imazodan,55918.0,26.725504,-27.729412
alarelin,9855027.0,51.6054,-8.998288
hydroxyurea,3657.0,-19.453285,-8.372802
pimozide,16362.0,55.551266,38.03487
pz-2891,132260806.0,38.51322,44.15163
uridine,6029.0,69.4711,-18.443798
esomeprazole,9568614.0,5.065172,-53.2146
dioscin,119245.0,-82.61664,13.418476
picartamide,76960918.0,-4.235842,8.451755
aramchol,18738120.0,-76.15217,-5.832145
pyrithione-zinc,,24.7459,-34.725056
bleomycin,,47.328358,-3.0884643
aloe-emodin,10207.0,-46.428944,-37.28889
mk-1064,44633765.0,-0.9809939,-28.446089
sb-218795,6604858.0,-15.7565365,-22.15545
tecalcet,158797.0,-27.543062,36.297356
iocetamic-acid,76964490.0,-27.954376,-2.747498
bictegravir,90311989.0,68.22876,33.058422
a-7,2735313.0,8.962968,-86.64056
d609,4234241.0,-66.481964,-22.740688
pasireotide,9941444.0,31.22894,29.400045
imidafenacin,6433090.0,38.433243,24.259623
dasabuvir,56640146.0,0.80531645,-62.887737
telaprevir,3010818.0,26.698196,19.16475
cinalukast,6436135.0,-28.359804,2.887962
nas-181,9955015.0,-16.524534,33.790565
endo-iwr-1,44483163.0,23.599413,-8.110491
t-5224,23626877.0,45.654686,0.2629289
wwl-123,90209976.0,-21.99833,53.2127
carbaril,6129.0,-27.443392,-20.608862
nitrofurazone,5447130.0,22.562977,-42.466286
cp-94253,4029677.0,-1.9160063,25.180202
bms-688521,11699447.0,42.476177,-4.187274
eterobarb,33925.0,18.127645,26.74025
zimelidine,5365247.0,4.8629775,75.04009
bay1125976,70817911.0,38.847755,10.243446
delphinidin,128853.0,-49.393944,-49.785305
bms-265246,5329775.0,39.545666,-22.279749
xamoterol,6917710.0,23.663008,23.81024
gallopamil,1234.0,-11.555719,56.647434
bts-71321,9863253.0,4.2726345,70.15073
taladegib,49848070.0,48.76206,36.37285
cidofovir,60613.0,57.870514,-14.9475355
morinidazole,102486242.0,32.124878,-38.75892
jte-013,10223146.0,20.072247,-15.105839
capromorelin,216208.0,28.076792,17.35726
mnitmt,364622.0,27.902992,-38.075005
indobufen,189556.0,23.788202,-5.2134256
norgestrel,13109.0,-70.744026,-2.6478372
ubp-296,6420161.0,57.784496,-4.294354
potassium-canrenoate,656615.0,-79.018555,0.39588776
etofylline-clofibrate,41109.0,35.19815,5.092933
itx5061,11786594.0,18.52355,-71.6422
jnj-42041935,45102710.0,32.079758,-20.35879
artemisinin,68827.0,-84.90438,-10.6655855
adiphenine,2031.0,-15.39037,61.7034
gkt137831,58496428.0,29.229078,-17.328693
mabuprofen,11391028.0,-36.479233,15.578672
desidustat,75593290.0,26.156624,11.5563
icotinib,22024915.0,20.468626,9.547818
molsidomine,4239.0,44.207615,16.519403
nemazoline,,-7.309314,21.631725
n-(2-chlorophenyl)-2-({(2e)-2-[1-(2-pyridinyl)ethylidene]hydrazino}carbothioyl)hydrazinecarbothioamide,3006985.0,3.1694117,-7.400629
acetylsalicylsalicylic-acid,10745.0,-50.203377,-31.04481
castanospermine,54445.0,-8.828555,41.092407
teriflunomide,,-26.246342,-6.6522117
sdz-220-581,128019.0,-39.64773,2.310173
cytochalasin-b,5311281.0,-74.63864,14.685693
ro-08-2750,17756791.0,33.65267,-2.914953
cp-640186,449097.0,32.024315,37.165573
cefaclor,7048572.0,52.342587,-36.249035
antimycin-a,14957.0,-50.686214,25.61766
n-benzylnaltrindole,10006324.0,6.4585934,37.179577
cct018159,984170.0,21.95564,6.0483193
curcumin,6971205.0,-51.811897,-28.48368
cilostamide,2753.0,-1.5495235,15.225324
no-asa,119032.0,18.23066,-47.27106
darglitazone,60870.0,6.9069343,-40.056004
hlcl-61,2250650.0,12.227307,12.485986
ns-018,46866319.0,4.9292507,-5.4235854
cot-inhibitor-1,11584834.0,26.214075,66.284485
sorbitan-monostearate,16218600.0,-65.69021,-17.496689
belinostat,6918638.0,-9.488315,-67.63572
phenethicillin,8604.0,46.241467,-37.062653
peretinoin,6437836.0,-60.66442,-7.3670897
nsc-3852,19103.0,16.981798,-41.350918
u-99194,5626.0,-9.030071,55.36613
bopindolol,13302097.0,-36.584076,41.281105
crotamiton,688020.0,-19.962246,46.83448
orbifloxacin,7061800.0,75.545654,24.921629
ibuprofen,114864.0,-33.62427,-36.23421
tenofovir-alafenamide,,65.738304,2.8339472
bimatoprost,5311027.0,-32.36085,25.348162
pmpa,11031538.0,-27.78208,-47.984264
osthol,10228.0,-54.05749,-46.752583
medroxyprogesterone,10631.0,-77.292206,-1.2301946
enciprazine,29919953.0,8.573228,48.481693
meclocycline-sulfosalicylate,,-23.899515,1.6923805
jnj-54175446,90409366.0,48.420406,36.304398
anidulafungin,166548.0,49.907738,-2.125694
droperidol,3168.0,56.70375,37.952515
amlodipine,9801597.0,-22.760214,25.008259
gp1a,10252734.0,47.046528,32.81252
bardoxolone-methyl,400769.0,-83.45101,-1.1063248
ikk-2-inhibitor-v,5081913.0,-31.355124,-8.948109
solamargine,,-83.40211,14.479057
eln-441958,11848206.0,52.994694,40.994656
inarigivir-soproxil,,59.648514,-14.802459
flindokalner,214350.0,-7.052522,-28.876753
pivanex,60748.0,-59.371502,-15.063118
casanthranol-variant,132469060.0,-60.583557,-49.05503
ks-176,49779726.0,23.797026,-48.35152
pipotiazine,62867.0,12.228306,-76.38252
l-693403,4687238.0,10.796091,62.277878
delanzomib,24800541.0,-17.318163,-12.211571
jnj-678,118892432.0,19.128027,-79.54263
ym-511,177865.0,10.64947,-0.6325066
pk-thpp,53464059.0,39.669575,29.369627
bd-1047,188914.0,1.2482307,69.36917
topilutamide,76958749.0,22.75351,-47.225403
amantadine,2130.0,-19.3846,11.777239
fluphenazine,3372.0,13.608259,53.192753
uric-acid,1175.0,11.901664,-22.24496
j147,25229652.0,-29.301373,-12.952858
arglabin,5574924.0,-86.2988,-5.931832
bromindione,14369.0,-42.545315,-39.85738
resveratrol,445154.0,-45.578968,-32.26221
npc-01,94141.0,-77.88472,-1.9391041
nibentan,1552287.0,27.90474,-48.030476
eniluracil,43157.0,-6.2909126,-21.11438
lufenuron,51574136.0,-30.595152,-8.897805
su16f,5329150.0,-35.87887,0.14037123
todralazine,5501.0,-0.5533654,-33.414227
oleamide,5283387.0,-24.733551,10.0805645
pantothenic-acid,6613.0,-43.897377,20.038818
2-methoxyestradiol,66414.0,-73.960144,-11.38267
su11274,9549297.0,19.132448,-80.86993
km-0118,11953346.0,-16.01538,53.14357
erbstatin-analog,5353609.0,-49.277596,-29.327131
colforsin,47936.0,-76.6908,9.197371
salmeterol,6604001.0,-28.000074,32.178493
tasquinimod,54682876.0,31.996336,-10.15414
zm-39923,3797.0,-3.6609826,67.178314
ten-010,54670351.0,47.463516,39.42814
ca-4948,118224238.0,35.264378,37.614773
iberdomide,67335295.0,30.958319,30.490923
loteprednol,444025.0,-88.391685,4.703534
pefloxacin,6919009.0,74.89413,23.16328
gbr-12783,5788723.0,6.6667943,55.39722
antimony-potassium,,-37.577274,-48.697342
etilevodopa,170345.0,-43.05314,0.71088934
acebilustat,68488178.0,25.320879,33.785656
xl147,1893730.0,-1.7336178,-73.477234
betamethasone-acetate,443967.0,-92.04601,5.134301
azelnidipine,9873077.0,30.158253,-53.51174
gepon,,-41.513504,22.608034
broxaterol,13626987.0,-41.49363,37.47916
valproic-acid,3121.0,-54.371304,-10.748004
sulfinpyrazone,25273605.0,30.21047,-26.87835
benproperine,14456347.0,-0.12968113,53.602764
tipiracil,6323266.0,60.446228,40.239258
cetrimonium,2681.0,-1.0419506,67.695206
apc-100,99479.0,-80.13513,-12.06711
balapiravir,53297462.0,65.60408,-22.13235
oxiracetam,3051965.0,9.94606,25.835442
tgr-1202,72950888.0,33.81853,-18.047237
tolfenamic-acid,610479.0,-30.784145,-3.4790945
cpi-1189,151118.0,-23.575798,-4.456742
pf-06840003,118512017.0,3.2301962,-16.015724
emodepside,122594832.0,21.124348,28.781174
methylparaben,7456.0,-47.28204,-29.213491
mdl-72832,6604720.0,30.36603,30.865164
tyrphostin-ag-1296,2049.0,-16.295685,-30.080357
fenoprofen,41097863.0,-47.12753,-29.69321
morniflumate,72106.0,32.945972,56.29707
resatorvid,11703255.0,-10.692526,-75.2464
cx-516,1370.0,30.136747,41.249065
mk-2461,44137946.0,14.262837,-77.42267
tryptophan,6923516.0,-13.179711,-1.8772184
cyclobenzaprine,2895.0,0.048139464,73.02255
sdz-wag-994,164305.0,68.70589,-10.628052
ly2795050,56851583.0,61.70935,44.742317
bu-239,4520732.0,-9.997451,24.607016
pfi-1,71271629.0,1.0090846,-62.492756
hki-357,11238512.0,72.231094,14.684028
m-25,44250034.0,45.11496,12.49404
zotarolimus,,33.731056,15.035881
epz015666,90241673.0,38.53434,38.087093
solriamfetol,10130337.0,-41.227776,6.2393813
estradiol-acetate,9818306.0,-75.15902,-11.627207
pirinixic-acid,5694.0,-14.571295,-15.7364
bms-191011,10474339.0,41.796906,-19.069372
clioquinol,2788.0,-12.947535,-27.914886
fr-139317,107810.0,28.652136,20.42594
norgestimate,6540478.0,-68.53339,-0.72059625
evobrutinib,71479709.0,49.12894,20.576065
rki-1447,60138149.0,4.2536445,-29.025518
decloxizine,71135.0,9.7474165,54.061703
alx-5407,86306255.0,-7.036478,58.720833
dihydrexidine,6603820.0,-22.938536,31.219767
dipt,26903.0,5.279154,70.910385
firsocostat,71528744.0,35.590843,8.923602
rn-1747,5068295.0,18.313921,-83.87239
az20,46244454.0,13.763835,-78.49752
rs-17053,3894573.0,-18.76268,30.53695
alfuzosin,37888195.0,54.723526,17.73629
troxerutin,5486699.0,-60.27225,-50.57314
phenytoin,1775.0,10.860931,-29.261013
gs-9973,59473233.0,28.343773,58.087494
cudc-101,24756910.0,45.790764,0.29653323
cephalothin,6024.0,53.928783,-37.789764
netilmicin,441306.0,-54.273758,34.358086
c-1,3545.0,10.825775,-83.853584
gadoteridol,101671780.0,-11.162428,37.99983
cetilistat,9952916.0,-1.7934304,14.473981
yl0919,54673543.0,26.429861,35.60027
teicoplanin-a2-1,,-2.39365,31.208454
stf-083010,135398515.0,-12.612566,-62.464184
gsk2982772,77108121.0,42.099415,-13.024125
proglumide,6603906.0,-28.349197,13.608538
nelarabine,3011155.0,68.14835,-13.460625
memantine,,-19.623817,11.890681
way-600,25229526.0,28.297161,57.98384
"d,l-mevalonic-acid-lactone",6419891.0,-65.81104,-20.833427
nimodipine,157132.0,29.759981,-52.67982
pemetrexed,135410875.0,62.61166,-3.7334135
metocurine,21233.0,1.2776201,42.45423
estradiol-cypionate,9403.0,-75.76483,-11.90053
pd-173212,9916734.0,-16.189915,52.585594
bms-906024,66550890.0,28.520645,-3.6769733
pha-848125,16718576.0,45.701843,27.211088
permethrin,40159.0,-51.378548,-23.728863
benactyzine,9330.0,-14.70638,63.207558
triptolide,107985.0,-82.74865,7.621006
acesulfame-potassium,36573.0,-10.2600355,-64.549446
ceftazidime,6321415.0,57.12721,-41.112415
azathioprine,2265.0,27.855053,-37.9578
2-methyl-5-nitrophenol,93576.0,19.22675,-45.257637
cp-532623,10145345.0,23.736805,37.27734
aurora-a-inhibitor-i,44139710.0,47.05855,49.253944
etc-159,86280523.0,34.672253,0.21767893
cabazitaxel,9854073.0,-72.61405,18.977121
midafotel,6435801.0,-10.848736,36.10746
telmesteine,25271872.0,12.7607765,24.138086
bisphenol-a,6623.0,-47.449463,-24.24752
nystatin,,-55.7142,36.651985
metazosin,51057264.0,55.605167,19.816153
nepicastat,9796181.0,24.50801,68.58305
iopromide,6604433.0,-29.239502,10.611874
ibutamoren,178024.0,22.030294,-72.24386
selfotel,6604838.0,-10.965189,35.77927
hexylene-glycol,5288845.0,-34.10088,-38.76133
enrofloxacin,71188.0,74.66999,23.607634
degarelix,16136245.0,53.16861,-10.275764
adefovir-dipivoxil,60871.0,66.398895,3.0229325
ethamivan,9363.0,-20.30783,53.483784
mepiroxol,71668.0,-23.137789,-29.629936
ns-1643,10177784.0,-30.566116,-8.821597
ts-011,,33.173714,53.811172
bromantan,4660557.0,-16.076962,7.031448
psoralen,6199.0,-46.09038,-43.49636
quinagolide,3086401.0,17.44596,-66.6693
lotamilast,24864553.0,2.038329,-23.94694
jnj-10191584,10446295.0,42.468655,50.472763
parecoxib,119828.0,0.16375181,-70.38627
clobetasone-butyrate,71386.0,-90.531746,1.7105325
camptothecin,24360.0,31.403778,11.76268
clofibrate,2796.0,-51.912613,-22.034063
trimetozine,12478.0,19.525576,28.561237
orphanin-fq,56947112.0,-40.862617,23.543102
immethridine,9989505.0,-2.8005438,0.27424315
dapansutrile,12714644.0,-20.06718,-56.502922
gsk-j4,71729975.0,23.054476,54.49451
ziritaxestat,90420193.0,55.607784,34.152557
cintriamide,6154037.0,-38.050953,-10.917535
lylamine,62034.0,-20.178827,14.060698
perchlozone,6433252.0,-9.439577,7.734766
dexrazoxane,71384.0,5.612229,27.435366
sklb-1028,54760385.0,24.445549,64.75291
granisetron,,45.741943,31.590412
px-478,11234795.0,-33.106182,9.033224
n-mppp,190901.0,36.765835,46.594715
guanidinopropionic-acid,67701.0,-51.760883,13.2557335
jnj-47965567,66553218.0,41.915283,37.809135
tianeptine,37888263.0,9.146585,-73.792
paraxanthine,4687.0,34.128456,-2.76092
bos-172722,73386890.0,36.527283,-24.494816
doramectin,9832750.0,-80.05556,12.855681
tiludronate,60937.0,-28.55708,-45.429966
tcs-2002,44247646.0,0.17267856,-54.439323
iothalamic-acid-d3,3737.0,-28.090195,-3.863341
amiflamine,6336525.0,-21.89583,47.92787
wye-125132,25227469.0,43.236137,17.837553
esaprazole,68835.0,39.53723,45.1368
cgp-20712a,91667713.0,23.375177,-66.68349
bicuculline-(+),10237.0,0.5318359,39.875877
daucosterol,5742590.0,-83.64137,12.983043
paricalcitol,5281104.0,-74.84193,3.0538824
cefpodoxime,51546414.0,56.931713,-40.11694
tapinarof,6439522.0,-46.4476,-32.958515
vitamin-e,14985.0,-80.058754,-11.72281
stepronin,37888256.0,-38.398888,12.735521
bvt-948,6604934.0,5.18588,-33.837498
pki-179,76958312.0,35.902443,37.811626
chlorambucil,2708.0,-32.607872,8.719769
ag-1024,2044.0,-45.414585,-22.210241
benzalkonium,2330.0,-1.1705583,67.91751
guacetisal,68749.0,-51.402363,-29.533949
rifaximin,46783403.0,3.7498884,-34.674675
amoxapine,2170.0,17.932636,67.9267
isobutyramide,68424.0,-22.493681,-6.1623173
pa-452,9803242.0,69.56683,17.005442
flopropione,3362.0,-48.490864,-32.81166
pd-128907,5311346.0,1.2782991,50.744072
etonogestrel,6917715.0,-70.736565,-2.6405494
sulfatinib,52920501.0,19.088963,-72.12357
bendamustine,65628.0,20.973673,54.615585
tc-s-7006,9549300.0,-0.17152698,-3.9921498
edoxudine,66377.0,70.556786,-20.374453
ethinyl-estradiol,5991.0,-74.01909,-10.793322
aminocaproic-acid,564.0,-48.660957,12.139219
finafloxacin,11567473.0,75.02896,26.799524
naringin-dihydrochalcone,9894584.0,-62.37732,-48.738876
ib-meca,123683.0,72.11626,-14.083868
pp242,135565635.0,13.927874,-11.260359
vs-4718,25073775.0,62.127888,26.744297
vp-20629,3744.0,-13.4018955,-3.5317333
talarozole,76958553.0,11.966141,-5.3725657
lcl-161,24737642.0,33.586704,24.431625
ns-3861,,12.392345,66.05475
mivebresib,71600087.0,2.564644,-66.06542
tcs-hdac6-20b,23636017.0,-44.14785,17.56611
cinoxacin,2762.0,14.500067,13.25343
arachidonic-acid,444899.0,-53.253334,-12.088697
siguazodan,6604007.0,25.363749,-27.204155
uprosertib,51042438.0,38.01656,-13.109842
e-4031,3185.0,11.596848,-79.8281
atpa,11345201.0,-3.3218632,-42.00448
remetinostat,24875489.0,-23.685335,-14.542386
ranirestat,153948.0,47.668358,5.4499435
sodium-picosulfate,5243.0,-12.365886,-60.6712
avridine,37186.0,-19.7689,65.731255
clindamycin,446598.0,4.0380874,25.3294
ha14-1,6976314.0,-31.344572,-20.004116
onc201,73777259.0,37.615417,30.586569
apto-253,11960271.0,2.626875,-2.872733
pf-5274857,56956240.0,17.51688,-80.24439
telotristat,25025298.0,41.88564,-18.41865
diethylstilbestrol,448537.0,-43.128826,-31.081465
rhein,10168.0,-47.03476,-37.72709
dbeq,676352.0,-2.6494572,-4.668903
chloroprocaine,8612.0,-17.160387,59.7074
cy208-243,58144.0,7.650684,70.30378
09/01/92,7141881.0,-17.854576,-23.096315
darifenacin,444031.0,29.458017,39.241455
carmoxirole,86308157.0,10.381717,58.394375
fpl-12495,164087.0,-20.39022,12.176821
puerarin,5281807.0,-59.194653,-50.847996
transcrocetinate,5281232.0,-37.10822,-34.240444
iguratimod,124246.0,-4.1047487,-64.27885
halothane,4369439.0,-29.787794,-33.699463
7-nitroindazole,1893.0,25.570364,-38.16291
bupranolol,66601885.0,-38.253674,37.267742
bi-224436,66561902.0,-40.92719,-17.123173
adarotene,9864378.0,-50.4544,-38.54534
chloroquine,444810.0,18.484028,75.785545
iloperidone,71360.0,16.093307,41.229668
linaprazan,9951066.0,37.631798,19.15738
amn-082,1894361.0,-19.272146,17.30432
taurolidine,29566.0,9.892381,-82.4903
ono-4817,9888141.0,-25.186892,-13.598557
xl888,,39.82408,21.779026
fluspirilene,3396.0,54.730606,41.910183
tc-mps1-12,70682875.0,-2.8659441,-8.4738655
sns-314,24995524.0,-0.4546481,7.9252563
e7820,196970.0,-3.0352693,-73.59145
cresopirine,78094.0,-50.843494,-30.83517
fludarabine,657237.0,71.0533,-12.757524
ly393558,10347428.0,18.877125,-80.921234
cxd101,16225380.0,46.07692,50.01282
picrotoxinin,7098683.0,-88.69236,-7.5577793
nitrosodimethylurea,129010104.0,-18.95791,-40.79451
sulfabenzamide,5319.0,-9.845498,-68.32037
"2,5-furandimethanol",74663.0,-62.283882,-37.770313
evodiamine,442088.0,38.607944,25.082678
thiocolchicoside,9915886.0,-52.866333,38.159714
doxycycline,,-24.225378,1.9646726
cadazolid,44242317.0,66.39646,28.683275
dihydromyricetin,161557.0,-49.589115,-49.300083
exatecan-mesylate,151115.0,33.20585,12.728945
sulbactam,130313.0,46.211075,-39.964817
mafenide,3998.0,-11.8834715,-69.76851
midostaurin,9829523.0,29.51744,9.897981
bam7,,34.048317,-23.20314
ameltolide,13086.0,-24.666533,-4.341366
a-784168,11420211.0,15.107564,-83.94243
oc000459,11462174.0,12.033932,7.928375
pf-477736,135565545.0,44.270046,11.90956
carboxylosartan,108185.0,40.11339,17.640818
tg-100713,17751063.0,6.2104244,-18.42503
hpgds-in-1,46700750.0,17.643314,-26.222126
gliclazide,931837.0,7.9974875,-82.777855
cim-0216,25331887.0,40.565365,24.335323
desloratadine,124087.0,-16.021734,23.413652
epacadostat,135564890.0,4.857523,-83.04904
mecamylamine,46912050.0,-21.677399,9.688692
y-11,427018.0,14.226231,54.886105
darusentan,177236.0,-9.634846,-22.228878
vby-825,70945511.0,-15.286039,-75.54165
btz043-racemate,42609849.0,34.688747,-46.12423
tenalisib,86291103.0,15.935383,-16.470316
cefiderocol,46195832.0,57.927155,-42.21787
moracizine,34633.0,25.742514,38.678303
selexipag,9913767.0,17.331366,-77.99054
cyclopentolate,6604325.0,-12.97031,63.996506
actarit,2018.0,-27.996874,-5.4727592
talnetant,5311424.0,-10.040596,-24.189627
gentiopicrin,88708.0,-66.94289,-47.344833
diminazene-aceturate,2354.0,-10.475245,6.8335805
sc-560,4306515.0,31.4048,-20.94942
d-serine,71077.0,-46.855312,8.959467
felypressin,,51.622513,-4.65559
add-233089,54155633.0,56.739704,40.027218
ni-57,91827373.0,0.4947685,-62.473534
vu0360172,53318624.0,-10.329692,-7.8540606
mdms,9083.0,-22.736721,-57.232544
loracarbef,5284585.0,52.213737,-35.810818
jk-184,1069686.0,19.164318,-11.987248
cilofexor,71228883.0,61.8008,10.466659
phenprocoumon,54681533.0,-48.871056,-44.84959
sulmazole,11859211.0,3.8503053,-52.443954
clarithromycin,,-37.60255,51.821686
vu0422288,73058507.0,-2.0650866,-26.797968
irsogladine,3752.0,0.72585356,-6.5953355
tc-i-2014,135883253.0,-6.882821,-38.420746
cytarabine,6253.0,69.07954,-17.87078
firocoxib,208910.0,-17.539232,-63.803715
sennoside-a,132466065.0,-60.251644,-49.68741
trioxsalen,5585.0,-46.45468,-43.205894
m8-b,11675630.0,13.991281,32.595894
dibutyl-phthalate,3026.0,-59.891727,-22.47347
flutamide,3397.0,23.69625,-45.561855
gdc-0084,57384863.0,30.700705,58.170296
ml9,4217.0,10.747228,-84.703064
bms-986195,121293929.0,49.443546,42.37912
at13387,11955716.0,15.511122,33.54653
levobunolol-(+/-),5460339.0,-35.288067,38.69417
wye-687,25229450.0,43.253487,17.795074
pantethine,452306.0,-43.739857,20.126019
ppt,5040063.0,29.946644,-24.292439
cgh2466,5282339.0,2.2141616,0.64445883
k02288,46173038.0,2.4010296,-20.833977
gdc-0068,24788740.0,60.93978,22.541864
gallium-triquinolin-8-olate,9806063.0,-15.649021,-27.082407
torcitabine,13711.0,71.34431,-20.131586
rs-504393,9953769.0,34.76361,32.708534
seletalisib,56928390.0,16.882013,-11.474764
erythrosine,3259.0,-44.478714,-46.590454
mometasone,441335.0,-90.80538,5.4075103
evp4593,509554.0,0.78865486,13.3475
pf-06305591,71666749.0,-2.385172,-9.903242
diperodon,40479653.0,27.908194,32.93506
mephenesin,6931199.0,-60.66586,-32.495754
tcs-pim-1-1,1235170.0,-9.190179,-25.68153
gw-9508,11595431.0,-29.996977,31.84696
ban-orl-24,10296561.0,29.059381,38.945995
etrasimod,44623998.0,-15.441068,-4.8155627
bms-626529,11317439.0,48.83072,16.242386
r-1487,11406590.0,63.62496,24.95918
dilmapimod,10297982.0,60.308033,-7.3569093
dithranol,10187.0,-46.15174,-36.1654
etodolac,688461.0,-74.57963,-16.744505
ardeparin,100942142.0,-14.752725,-53.023266
hpph,,-37.55937,-0.00089794537
n-(p-amylcinnamoyl)-anthranilic-acid,5353376.0,-29.645426,-5.165992
milnacipran,6917779.0,-19.977993,46.050972
zamifenacin,3086618.0,7.777166,44.92926
rs-67333,183782.0,14.066549,46.0019
clozapine,135398737.0,17.687912,69.268524
pemafibrate,11526038.0,32.38289,7.94295
gaboxadol,3448.0,0.43877757,25.172756
ngb-2904,9891901.0,50.987312,42.962196
debrisoquin,2966.0,15.753621,57.04726
bms-582949,10409068.0,41.25797,21.79854
leucovorin,135398559.0,61.258064,-4.5022426
sta-5326,10173277.0,30.12646,50.291466
digoxigenin,15478.0,-81.327995,10.076062
tioxolone,72139.0,-45.627678,-44.400307
xl388,59604787.0,16.582067,-75.80303
ciprofibrate,9882424.0,-51.28216,-22.199648
propylhexedrine,71197.0,-22.461851,11.236735
ci-844,200510.0,-15.353451,-27.11238
phenserine,192706.0,0.8752134,34.447205
co-101244,6918409.0,2.1829276,54.368153
anethole,637563.0,-45.740883,-28.310637
trovafloxacin,,76.34399,27.059078
tranilast,5282230.0,-34.78751,-10.258606
acitazanolast,2006.0,13.208894,-17.943373
acumapimod,11338127.0,23.724936,-17.625227
prenylamine,181757.0,-19.88718,16.31829
molidustat,59603622.0,45.95705,16.614523
acetarsol,1985.0,-24.0698,-41.996384
propiolactone,2365.0,-64.8541,-21.995743
sb-271046,5312149.0,15.418518,-70.484955
carbamazepine,2554.0,20.26458,-5.1213613
phenformin,8249.0,-13.624441,14.320947
benzo[d]thiazole-2(3h)-thione,697993.0,-1.250567,2.760153
phortress,399465.0,20.131104,16.88296
lactulose,11333.0,-63.73887,-44.048843
edrophonium,3202.0,-7.71923,61.448246
"1-(1,2-diphenylethyl)piperidine-(+/-)",44574903.0,10.100723,61.6608
seclazone,76966156.0,17.546183,39.888733
teicoplanin-a2-3,,-2.264441,31.023424
budesonide,63006.0,-83.34079,8.706841
necrostatin-2,11288934.0,36.542107,-4.339747
piconol,11474.0,-26.923052,-26.923567
cyclic-amp,40467852.0,61.917503,-16.618397
pd-166793,9887870.0,-14.354414,-72.5232
2-hydroxyethyl-salicylate,6880.0,-59.7491,-28.503237
cordycepin,6303.0,69.05798,-13.050662
hydroxypropyl-beta-cyclodextrin,,-62.239677,-44.983494
quinolinic-acid,1066.0,-22.481586,-25.181688
sr-95639a,195165.0,26.998833,58.560463
verdinexor,71492799.0,20.801489,-17.639395
azd7545,16741245.0,-14.765931,-73.47571
agi-6780,71299339.0,-8.953975,-74.10535
linagliptin,10096344.0,50.686714,24.043476
catharanthine,5458190.0,16.87346,46.749626
retinyl-palmitate,5280531.0,-60.004883,-7.0946965
piceatannol,667639.0,-48.870213,-34.335323
firategrast,9935681.0,-37.25291,4.2310786
nifenazone,4487.0,28.212011,-18.731337
gw-0742,9934458.0,-13.729229,-37.04529
cgp-25454a,9819591.0,11.525857,34.52954
vinblastine,13342.0,31.194992,17.10989
ambazone,,-10.147038,7.7373333
danirixin,24780598.0,14.386256,-63.241238
larotrectinib,46188928.0,58.41392,9.05086
bc-11,60126757.0,-12.068335,10.555918
triciribine,65399.0,67.351555,-14.026958
eliglustat,23652731.0,21.344074,23.971258
gemcitabine,60750.0,68.90723,-22.012503
acexamic-acid,2005.0,-40.764183,17.598879
guanaben-acetate,5702063.0,-11.418709,7.586359
bd-1008,126388.0,2.1606145,69.241714
brd7389,1080352.0,1.3599688,14.819008
zotepine,5736.0,-9.304609,62.067055
cis-urocanic-acid,736715.0,-19.058527,-22.251635
s-trityl-l-cysteine,7271796.0,-45.64964,6.5642195
fluticasone-propionate,444036.0,-92.19911,2.3858092
trodusquemine,9917968.0,-11.043675,-55.121086
splitomycin,5269.0,-44.79549,-43.17722
cfi-400945,58486178.0,46.81108,12.324428
azd8931,11488320.0,62.86639,24.234056
triamcinolone-acetonide,6436.0,-94.7646,5.087112
sb-202190,5169.0,7.7834635,-13.621011
valethamate,38989053.0,-16.435001,62.97373
l-760735,9809077.0,60.089638,10.295631
foscarnet,3415.0,-29.424536,-46.071934
lestaurtinib,9932888.0,30.761135,11.394693
phenylbutazone,4781.0,30.267645,-26.036734
xbd173,6433109.0,37.568275,2.0351923
barasertib-hqpa,16007391.0,57.501778,10.936249
spizofurone,71755.0,-47.61316,-41.53997
indocyanine-green,9919342.0,10.4624,-76.35071
azacitidine,9444.0,69.22388,-18.006937
"cis-exo-camphanediol-2,3",21626088.0,-70.54993,-7.9989157
merbarone,3000671.0,-4.343366,-20.041317
epinephrine,5816.0,-35.517082,33.458908
lofepramine,3947.0,10.801105,70.78103
haloprogin,3561.0,-43.040768,-25.973503
tg100-115,10427712.0,6.085653,-18.517963
bibx-1382,6918508.0,19.512999,69.49344
ro-28-1675,9886086.0,-2.8826663,-75.33682
oseltamivir-phosphate,65028.0,-46.491615,25.478876
propylthiouracil,657298.0,-7.370009,-19.531637
perillyl-alcohol,369312.0,-53.03478,-8.4185295
ibuproxam,11458696.0,-21.443583,-9.31313
thiram,5455.0,-15.610741,43.251198
palomid-529,86324425.0,-53.5215,-45.238895
fit,84008.0,37.42317,45.45581
cortisone-acetate,5745.0,-86.57099,6.309589
phenylbutyrate,4775.0,-50.501396,-14.314059
tomivosertib,118598754.0,40.685802,10.18638
epothilone-d,,-72.88537,12.81591
allylisothiocyanate,5971.0,-15.009868,9.685428
arcyriaflavin-a,5327723.0,8.121304,-30.12142
atenolol-(+/-),180559.0,-36.50207,28.94007
acelarin,134694283.0,57.452744,-18.48249
bms-207940,156690.0,1.8635886,-71.13963
pazopanib,10113978.0,0.26766065,-72.88517
chromium-picolinate,56840998.0,-20.386007,-26.512342
2-bfi,3080926.0,-10.369248,25.42311
segesterone-acetate,108059.0,-84.82933,-1.6991165
ly266097,92845961.0,-19.183805,30.77864
pf-06282999,71571306.0,34.686512,-10.286275
etomidate,667484.0,6.6886992,7.4947424
tc-ntr1-17,44157038.0,35.217094,-19.14707
bendazol,12132.0,-2.2296228,0.26003852
abt-639,46851313.0,13.651016,-83.78163
fluprazine,71153.0,53.117176,49.220592
ns-8593,11587013.0,-7.3515706,23.950102
naloxone,5284596.0,5.8342614,36.939846
kbg,92461199.0,-60.627792,-46.455902
ly2334737,11646777.0,71.82138,-23.61068
thiamine-pyrophosphate,1132.0,70.940445,2.134573
daidzin,107971.0,-59.309902,-50.00726
geranyl-farnesylacetate,5282182.0,-60.04542,-7.820393
etazolate,3277.0,29.125492,6.630315
t-62,855908.0,1.5443913,-10.098423
4-aminohippuric-acid,2148.0,-37.446396,13.645598
homoveratrylamine,8421.0,-29.107557,36.12173
benzoclidine,6928653.0,1.4629391,52.417786
proglumetacin,76965948.0,21.636179,26.10273
dimercaptosuccinic-acid,2724354.0,-37.318836,-36.671783
isofloxythepin,969497.0,13.587661,53.0693
velaresol,72162.0,-59.94382,-27.77887
ningetinib-tosylate,60165029.0,36.229607,-19.54342
nvp-bgj398,53235510.0,59.858402,24.973091
2-iminobiotin,135678104.0,-9.590536,16.782213
folic-acid,6037.0,62.316307,-4.097079
mepacrine,446536.0,18.549868,76.13064
hexachlorophene,3598.0,-41.53563,-26.016716
neratinib,9915743.0,72.21616,14.702859
"2,3-cis/exo-pinanediol",12518181.0,-69.57494,-6.8511252
su3327,11837140.0,27.103127,-38.95815
indiplon,6450813.0,24.489817,-13.881641
doripenem,73303.0,27.055193,-70.27868
myricetin,5281672.0,-49.58883,-49.29997
omega-(4-iodophenyl)pentadecanoic-acid,123810.0,-50.61541,-14.347665
ef5,389053.0,31.105457,-41.15978
dipeptamin,7014883.0,-42.804924,12.698511
danegaptide,16656685.0,10.63589,23.057568
ingenol,442042.0,-87.27525,12.40841
npy-5ra972,9884833.0,36.764465,37.03625
icomucret,5280724.0,-53.979336,-13.22994
pinocembrin,68071.0,-47.758152,-47.980816
myristyl-nicotinate,531641.0,-59.070644,-11.949661
nebivolol,189562.0,-24.3163,32.69453
brl-15572,92844253.0,9.376072,55.769714
asapiprant,59232326.0,16.430378,-74.09412
difloxacin,56206.0,75.03596,23.09276
ogerin,56707820.0,-3.00443,-5.4961905
opipramol,9417.0,14.110315,54.390106
sobetirome,9862248.0,-56.39584,-27.076366
decamethonium,2968.0,-1.0030038,67.58109
sulfisomidin,5343.0,-4.1919327,-72.38773
banoxantrone,9955116.0,14.534813,37.393215
cenicriviroc,11285792.0,20.792917,-74.33237
10-debc,10521421.0,11.011344,70.75254
methenamine,4101.0,12.704872,62.076904
panobinostat,6918837.0,0.9146902,21.428848
tucidinostat,12136798.0,-8.975927,-12.917147
beta-ccb,128618.0,-20.386177,-21.494932
iproniazid,3748.0,-15.597351,-8.760898
talniflumate,25273599.0,-4.489119,-30.81869
metenkephalin,73265283.0,-37.08956,24.39984
a-887826,46919335.0,60.489742,27.447472
cyclovirobuxin-d,260439.0,-73.704506,-6.1785703
antazoline,2200.0,-8.356641,25.343384
eb-47,53229989.0,67.580315,-9.700694
pepstatin,5478883.0,-42.55286,14.037764
ici-162846,134778.0,51.773453,52.92072
betamethasone-dipropionate,21800.0,-91.93717,3.917003
cadralazine,76968745.0,67.64794,5.1787014
eed226,123132228.0,8.998794,-79.2148
pirfenidone,40632.0,24.910725,-6.863971
compound-58112,155931.0,-4.189774,56.862347
ridinilazole,16659285.0,-1.3748711,0.12333469
jq1-(+),46907787.0,25.9539,-14.423747
ly2606368,46700756.0,24.912903,8.465433
tanespimycin,59996479.0,-47.653538,27.72264
bropirimine,135413497.0,-3.838552,-21.332909
"cp-945,598",10052040.0,49.8067,43.607536
compound-w,16760376.0,18.981598,-46.075306
sb-269970,6604889.0,13.379322,-74.38954
bentiromide,6957673.0,-40.399197,8.927917
ciluprevir,9853710.0,48.664524,8.661162
fosfestrol,3032325.0,-32.420048,-46.228004
lerisetron,65997.0,22.065857,62.25605
butylphthalide,9990075.0,-71.26019,-22.713957
azd5991,131634760.0,15.692688,43.6398
ml347,44577753.0,14.327748,-12.784989
tulrampator,24857397.0,60.963497,15.91188
cgp-7930,5024764.0,-47.18379,-22.598373
iox1,459617.0,-14.967746,-25.921646
lidoflazine,3926.0,45.580097,46.828735
maraviroc,,46.90737,36.03816
orteronel,10335364.0,28.496601,23.681814
s26948,9958279.0,16.219198,27.351568
bw-b70c,88473969.0,-29.268478,-14.8482
propidium-iodide,4939.0,17.135317,73.0436
jnj-1661010,2809273.0,43.080765,34.663597
lanatoside-c,73707447.0,-81.66955,12.848802
pyrazolanthrone,8515.0,8.535363,-8.476874
ipsapirone,56971.0,13.920959,-82.79345
loxoprofen,13049027.0,-64.12378,-21.346367
cisapride,6917698.0,64.61348,30.965723
ce3f4,73669656.0,35.41989,49.977806
taranabant,11226090.0,-6.275685,-25.579437
isosteviol,99514.0,-76.64336,-7.9617114
pimodivir,67286591.0,-16.187754,-17.807808
sb-2343,46912230.0,30.604212,58.18906
venlafaxine,11846746.0,-7.2656684,63.142414
cgm097,,22.517271,32.133865
e7046,56944705.0,33.26597,-19.99908
3-methyl-gaba,6604938.0,-49.46838,10.495562
sulfachlorpyridazine,6634.0,-5.0873756,-73.81562
lypressin,133588927.0,51.51297,-4.7090335
faropenem,14659032.0,46.25793,-31.896608
flumethasone-pivalate,443980.0,-92.809525,5.1850586
topiroxostat,5288320.0,8.333629,-6.6778755
felbinac-ethyl,26436.0,-35.04534,-28.04024
ml277,53347902.0,18.942207,-69.45003
valsartan,60846.0,40.80052,18.72693
azd1446,96568205.0,43.22857,44.924023
bupropion,688387.0,-40.942596,-13.302098
muscimol,4266.0,16.383936,-27.458858
fosfosal,3418.0,-31.537922,-46.813232
promethazine,89044377.0,11.9170475,74.39947
go-6983,3499.0,34.708355,27.528128
cetrorelix,25074887.0,52.661396,-9.865324
ncx-1015,9850209.0,-90.82099,10.376319
1-ebio,82320.0,35.45126,-5.364488
dcc-2618,46208890.0,33.545677,-19.52452
prednisone,5865.0,-87.891396,8.993986
ndt-9513727,10210160.0,19.88989,47.68397
olmesartan,158781.0,40.72777,18.583212
besifloxacin,10178705.0,75.5444,26.233421
mavacamten,117761397.0,28.363165,-6.673968
clorgiline,4380.0,-8.5569,58.584263
chlorindione,70846.0,-42.47188,-39.952686
pr-619,2817763.0,-6.0084324,0.6315419
sulbentine,67686.0,13.556081,63.515896
rlx,78144.0,33.051506,45.487434
primidone,4909.0,-9.756546,-18.099327
mitotane,6603772.0,-29.715641,-30.894083
primaquine,3044369.0,-3.818171,17.410137
arsanilic-acid,7389.0,-24.315645,-42.628723
ku-55933,5278396.0,30.589682,36.085163
tcs-359,1048845.0,2.4733977,-28.647148
mk-8617,44230662.0,24.254293,-23.459087
cyt-997,11351021.0,18.181326,-1.8445919
azd1981,11292191.0,19.398443,1.022926
threo-2-methylisocitrate-(dl),,-37.037804,-39.44993
imiloxan,76966048.0,19.865896,47.178043
acenocoumarol,54683745.0,18.345472,-45.938927
cedrol,,-72.92216,-6.574362
nifursol,9570327.0,21.546762,-42.329807
ab-423,90259477.0,-10.634108,-73.00866
5-aminolevulinic-acid,7048523.0,-48.339115,12.223443
kaf-156,49856296.0,49.05896,43.96835
vatinoxan,163952.0,21.978243,-73.24312
iodixanol,6604448.0,-29.226233,10.272421
amyl-nitrite,129010055.0,-50.528553,-9.158692
tc-g-1000,10220232.0,-0.42509255,1.4583666
a205804,9839311.0,-2.3789952,-13.485715
ceftizoxim,6533629.0,55.92955,-40.387352
naftidrofuryl,12898282.0,-14.432805,61.26585
cinromide,688145.0,-23.937208,-6.689288
tilmicosin,16225190.0,-39.595463,50.435005
fasudil,3547.0,10.71678,-83.90615
nvp-dpp728,9796290.0,39.668007,43.37929
terbinafine,1549008.0,-1.9103246,71.21441
etofibrate,65777.0,-52.760887,-21.636227
phtpp,11201035.0,15.770257,-12.517069
mitoflaxone,55748.0,-48.74936,-43.603237
famciclovir,3324.0,66.5916,3.2757568
enoxacin,3229.0,74.32679,25.455824
pik-293,53245636.0,32.53667,-7.2155623
a-803467,16038374.0,-29.087181,-10.720786
sid-7969543,2149494.0,26.195215,25.583246
donitriptan,197706.0,32.347248,33.065296
albuterol,182176.0,-37.547646,35.338627
madecassoside,24825675.0,-82.81373,12.512645
cefamandole-nafate,5284527.0,54.180195,-42.187546
cefonicid,43594.0,52.125565,-41.18134
imirestat,65673.0,10.098189,-29.242298
a-769662,54708532.0,3.192842,-30.7497
cholecalciferol,5280795.0,-73.43636,-0.07713893
tibolone,124484332.0,-72.71343,-2.3141208
ulifloxacin,40490637.0,74.688995,25.596521
oxiniacic-acid,16976.0,-22.979546,-29.607523
vlx1570,71523377.0,31.223091,-46.901825
bw-348u87,9554761.0,3.1694117,-7.400629
trifluoperazine,5566.0,13.281268,71.69195
ccg-63808,5948316.0,21.120424,-10.570403
naltrindole,5497186.0,6.5142813,37.19249
pranidipine,29986494.0,28.6829,-52.59539
flutrimazole,3401.0,7.293817,0.7873764
ceftiofur,6328657.0,56.095493,-40.670544
propafenone,184819.0,-27.778484,31.415304
vidarabine,21704.0,68.78938,-13.78762
tozasertib,5494449.0,43.266224,34.447407
gf109203x,2396.0,34.920307,27.642689
hetacillin,443387.0,46.227577,-36.3199
paroxetine,43815.0,-17.985756,33.72677
rx-821002,67743720.0,-11.196392,27.472374
perfluorohexyloctane,10477896.0,-55.588226,-8.692084
stavudine,18283.0,69.016525,-20.279392
bibu-1361,17756796.0,21.592669,69.739265
6-benzylaminopurine,62389.0,-2.276875,-3.2847226
a-33903,6923850.0,15.643398,-22.51506
aminolevulinic-acid-benzyl-ester,9964521.0,-49.05538,15.086865
kw-2449,11427553.0,43.900276,31.787697
tiaramide,5469.0,67.95664,35.806828
phenylacetylglutamine,92258.0,-42.71651,12.851362
metaraminol,5906.0,-44.948532,-1.5696871
oxcarbazepine,34312.0,20.530075,-4.9943867
pevonedistat,16720766.0,27.466768,-64.13858
acetylcholine,187.0,-16.93996,64.471985
pyridoxal,1050.0,-35.94523,-18.166529
salirasib,5469318.0,-59.347183,-5.830672
cbipes,9864510.0,11.303358,-79.94716
alprostadil,5280723.0,-66.20271,-15.709927
bml-284,11210285.0,3.344999,-19.258781
ambroxol,,-28.958118,33.697594
thymol,6989.0,-45.956787,-24.017397
tropicamide,688595.0,-18.416159,47.32125
chloramphenicol,5959.0,22.373209,-49.175205
glucaric-acid,33037.0,-37.31256,-36.493626
emixustat,25221720.0,-29.024298,33.028275
finasteride,57363.0,-66.42336,4.0154266
acetophenazine,17676.0,14.634812,53.24721
xaliproden,128919.0,9.009433,61.649643
hc-067047,2742550.0,37.886475,53.817062
nps-2407,9948445.0,-13.027106,-9.493126
benzyl-alcohol,244.0,-28.83493,-27.125896
methazolamide,4100.0,-1.0436757,-72.138725
lobendazole,22752.0,-1.4284446,-34.069675
edaglitazone,76961439.0,6.7925544,-40.029087
clomesone,100651.0,-22.345566,-57.126366
ezutromid,886736.0,13.875301,-4.449088
impentamine,9793868.0,-12.612262,20.982084
nifurtimox,6604371.0,30.64358,-44.363552
pd-81723,122028.0,1.5514991,-10.418739
t-0156,5368.0,34.240074,3.2237175
vu152100,864492.0,1.5501492,-29.465002
rapastinel,14539800.0,10.306373,21.97533
abarelix,16131215.0,53.251423,-10.344093
methysergide,9681.0,20.415174,39.401527
methylatropine-nitrate,,-5.9031653,47.481632
ne-100,9841596.0,-11.704606,57.50864
y-27632,,-6.6739073,10.1817255
bithionol,2406.0,-41.514313,-26.006937
gne-7915,58539171.0,62.221672,26.666388
cilnidipine,28248392.0,29.707,-52.566746
chlorocresol,1732.0,-42.68369,-25.010002
nemorexant,91801202.0,54.357563,8.503043
lubiprostone,9800568.0,-65.67371,-15.828401
mibefradil,60663.0,17.914402,42.978916
satraplatin,,-19.607101,-44.75766
11/01/2,16401161.0,-41.186893,16.148888
irbesartan,3749.0,43.47681,21.403028
lsn-2463359,72551298.0,-12.801733,-8.942476
trofosfamide,9576166.0,33.14473,52.775127
bephenium-hydroxynaphthoate,19667.0,-10.558463,60.06246
remimazolam,9867812.0,8.873404,6.9334173
uprifosbuvir,117885113.0,57.777786,-19.333654
seladelpar,11236126.0,-56.15096,-28.493586
captamine,25799.0,-1.6826903,68.77692
rovazolac,89792952.0,6.5755734,-72.52249
sam-315,10430623.0,11.448718,-83.30067
ly3295668,121333423.0,39.821815,17.29538
tc-g-1004,25074316.0,51.35619,16.56917
elesclomol,300471.0,-19.73656,-10.880945
dacarbazine,135398738.0,26.207891,-18.952644
abx-1431,71657619.0,56.77919,46.99532
serdemetan,11609586.0,-12.175634,22.411367
"2-hydroxy-4-((e)-3-(4-hydroxyphenyl)acryloyl)-2-((2r,3r,4s,5s,6r)-3,4,5-trihydroxy-6-(hydroxymethyl)tetrahydro-2h-pyran-2-yl)-6-((2s,3r,4r,5s,6r)-3,4,5-trihydroxy-6-(hydroxymethyl)tetrahydro-2h-pyran-2-yl)cyclohexane-1,3,5-trione",,-65.18971,-49.384094
daprodustat,24831508.0,58.611607,-4.3980503
ephedrine-(racemic),7028.0,-47.418278,1.2474327
l-690330,132449.0,-31.435724,-46.606937
bmy-7378,2419.0,26.657667,30.242895
osilodrostat,44139752.0,5.7499003,2.2530696
tolazoline,5504.0,-11.168054,24.351873
prt4165,207893.0,-42.766605,-37.885273
pf-06650833,118414016.0,-17.40335,0.21644066
indirubin-3-monoxime,,15.873601,-33.28341
gpp-78,44819697.0,44.590317,33.553497
azd3264,91666658.0,47.142647,-3.1560407
it1t,25147749.0,16.810799,59.560608
pentacosanoic-acid,10468.0,-53.488056,-11.54702
sulfameter,5326.0,-1.5133388,-65.5638
l-aspartic-acid,5960.0,-44.528023,9.765234
haloperidol-decanoate,52919.0,-2.782628,54.818333
flumecinol,76961845.0,-27.995613,-28.98482
glpg0187,53340771.0,17.619492,-72.71551
cridanimod,38072.0,13.834519,15.547146
sodium-orthovanadate,417214.0,-29.288624,-45.857376
sucralfate,,-32.229553,-51.12948
as-1269574,5332859.0,0.6224015,9.931295
diazoxide,3019.0,-2.2697637,-80.2418
monensin,441145.0,-81.36411,14.162723
nvp-bez235,11977753.0,26.83848,-8.097528
amg-487,24957182.0,58.260178,28.365335
am-24,11862.0,-42.42857,-25.153156
pci-24781,11749858.0,27.010605,13.280576
gonadorelin,638793.0,51.766632,-8.975308
chloramine-t,31388.0,-12.006454,-68.67455
docetaxel,148124.0,-72.61311,18.973553
nppb,4549.0,23.798067,-48.418175
silibinin,31553.0,-56.957073,-49.397995
tc-s-7009,70697712.0,25.408445,-37.52264
amprolium,2178.0,18.479635,72.68636
felbamate,3331.0,-41.356754,5.899944
nn-dnj,501640.0,-9.916206,41.87706
antagonist-g,163960.0,47.86319,-9.608304
clofibric-acid,2797.0,-51.366123,-22.2045
rimantadine,7048786.0,-19.371832,12.361153
dexamethasone-acetate,236702.0,-92.045906,5.134364
carbenicillin,12877824.0,46.49179,-36.652527
nitroflurbiprofen,67513161.0,17.77157,-48.306355
azd6482,44137675.0,54.55695,11.463439
lemborexant,56944144.0,-2.4898767,-25.624384
rocuronium,441290.0,-4.3767066,43.492516
pim-1-inhibitor-2,2765355.0,5.95452,-10.1547165
bendazac,2313.0,17.230394,7.632696
d-7193,6995101.0,-40.60754,11.953442
aminosalicylate,4649.0,-40.716652,-5.586771
abt-072,57775240.0,0.66261166,-63.015083
y-26763,121878.0,-20.13445,-35.19586
6-chloromelatonin,1858.0,-2.8945527,20.01322
vu0361737,44191096.0,-1.9148554,-26.85264
pf-04447943,135564558.0,45.679127,18.840477
butylated-hydroxytoluene,31404.0,-46.53333,-23.463669
levobunolol,39468.0,-35.28775,38.694122
sanazole,119163.0,32.07827,-41.018673
ym-298198-desmethyl,11716890.0,22.364962,14.4949045
miocamycin,,-38.094006,52.647
nitenpyram,3034287.0,30.308933,-35.601933
oxiconazole,5353853.0,11.213255,2.8779821
cort-108297,44454750.0,18.444967,-81.82085
pp-1,1400.0,13.445145,-7.0396867
nicaraven,1598447.0,-13.163899,-9.617088
chlorphenoxamine,38988830.0,-9.933075,63.410057
lb-100,11923097.0,17.233427,29.037394
bromhexine,2442.0,8.493095,72.97663
baclofen,6923772.0,-50.84734,9.86268
mtpg,10752093.0,13.005183,-17.83754
azd7594,67041274.0,47.71066,11.760029
coenzyme-q10,5281915.0,-67.16224,-12.011655
iowh032,135565181.0,19.043734,-25.275877
actinomycin-d,78357827.0,33.710354,17.716326
isobutamben,7176.0,-36.531418,-4.297318
triamterene,5546.0,-1.0780115,-6.5574265
miconazole,1150344.0,10.404769,4.101317
polaprezinc,,5.7083044,21.021397
idf-11774,71542096.0,26.194427,31.502813
ru-24969,108029.0,-2.0375621,25.323252
nb-001,2815031.0,24.019007,57.58365
azaperone,15443.0,18.244076,65.13297
tws-119,9549289.0,7.268887,-18.781326
ssr240612,9853583.0,20.829226,-72.477936
enbucrilate,23087.0,-58.25396,-11.2249565
thiamine,1130.0,72.08072,2.8935962
guancydine,14211.0,-13.4788,9.393694
presatovir,58029842.0,15.874584,-81.606834
sumanirole,9818479.0,37.0902,25.08916
vtp-27999,16126898.0,23.145731,23.828123
dihydroxyacetone,670.0,-64.80474,-37.345715
temanogrel,11604525.0,47.06677,15.28769
algestone-acetophenide,5284538.0,-85.9758,-7.304071
ml218,,41.58382,50.050407
pivagabine,68888.0,-42.24993,18.014679
methiopril,667560.0,12.3755665,23.474615
eravacycline,,35.414906,12.961333
cgk-733,92509770.0,23.409428,-43.750427
sapropterin,135398654.0,62.659393,-4.9097395
methyl-salicylate,4133.0,-49.501617,-29.344877
bw-616u,11722381.0,-9.507815,-64.20945
dichlorisone-acetate,5388959.0,-91.178,4.4518695
monobenzone,7638.0,-43.413033,-29.432344
lacitol,157355.0,-63.90089,-45.283916
tuaminoheptane,6992808.0,-22.919918,11.249707
secoisolariciresinol-(-),65373.0,-60.034187,-32.99391
ritonavir,392622.0,22.22803,19.068617
ochromycinone,11808929.0,-46.593452,-38.758293
methyclothiazide,12309469.0,-0.5327846,-80.6084
phenethyl-isothiocyanate,16741.0,-15.178427,9.791087
epz020411,,24.551268,8.64636
"isoquinoline,-6,7-dimethoxy-1-methyl-1,2,3,4-tetrahydro,",164752.0,-21.072636,32.11435
sipatrigine,60803.0,19.189466,69.52996
aptiganel,60840.0,-11.269256,4.298668
ndd-094,10313324.0,6.6636944,4.197828
crizotinib-(s),56671814.0,63.624546,15.131384
pd-123319,5311345.0,29.076233,20.465918
tesaglitazar,208901.0,-20.75313,-59.386364
2-chloro-n6-cyclopentyladenosine,123807.0,70.2189,-10.750011
adl5859,11417954.0,5.892744,34.389755
nsc-405020,879610.0,-27.468668,0.23722915
daptomycin,21585658.0,49.062595,-4.493236
nicodicosapent,50991753.0,-36.63018,18.603756
1-azakenpaullone,6538897.0,3.430062,-15.673628
7-aminocephalosporanic-acid,7058093.0,53.386295,-37.32266
ch-170,139570.0,34.868423,-0.98054945
pik-294,24905149.0,32.5558,-7.4166927
carglumic-acid,121396.0,-44.20116,12.4639435
crolibulin,23649181.0,1.3057582,-25.057875
biotin,171548.0,-9.578782,16.693789
tetrahydropapaverine,688594.0,-20.928312,31.88764
ro-5263397,56835991.0,-10.673532,29.668497
procodazole,65708.0,-13.243265,-3.5612662
piroximone,55263.0,11.866452,-30.470823
creatinine,588.0,30.649324,-1.5052885
piperazine,4837.0,-15.594374,20.197313
clanfenur,68684.0,-6.4288864,-8.0271225
pd-156707,9871594.0,-54.754745,-44.22468
m-thp,,-7.304517,-34.4586
sorbic-acid,643460.0,-34.074917,-33.79716
fleroxacin,40466912.0,74.96183,23.108505
streptomycin,19649.0,-56.122425,33.230198
neuropathiazol,11667240.0,5.672678,7.3197684
irgd-peptide,,53.269394,-6.0915833
thioctic-acid,445125.0,-49.99928,-13.428084
iopamidol,65492.0,-29.655651,10.075977
cyclizine,6726.0,8.645582,65.01584
chlormezanone,6604211.0,8.345271,-59.417625
co-102862,9816959.0,-29.308794,-14.882989
ethionamide,2761171.0,-8.921013,0.040400732
netupitant,6451149.0,48.68421,50.45808
cefoperazone,44187.0,54.08842,-43.065285
taltobulin,6918637.0,-25.291876,1.2090111
cenerimod,49871973.0,47.43312,0.7858846
sugammadex,,-64.99007,-46.667152
pd-160170,9820766.0,-2.286463,-58.894745
diosmetin,5281612.0,-51.60481,-47.30085
terameprocol,476861.0,-53.07723,-27.869974
secnidazole,667451.0,30.743717,-38.39544
docebenone,1967.0,-67.86236,-12.671902
azd7762,11152667.0,50.907574,46.153748
protriptyline,4976.0,-21.19613,15.930157
pfk-158,71730058.0,-12.74297,-20.174698
pf-429242,23661637.0,14.030457,33.614044
deazaguanine,55710.0,7.71265,-19.207438
phenazopyridine,,-1.0023196,-6.1537724
bay-1895344,118869362.0,28.968636,60.216713
sennoside-protonated,,-60.251644,-49.68741
2-deoxyglucose,9062.0,-64.46346,-45.074543
liquiritin,503737.0,-59.309925,-50.007298
spiradoline,55652.0,38.638477,51.338787
desoximetasone,5311067.0,-92.00834,6.142786
gamma-linolenic-acid,5280933.0,-53.35691,-12.177023
atenolol-(-),175540.0,-36.501957,28.94017
trifluridine,6256.0,70.620346,-21.487577
ro-48-6791,9953485.0,53.44884,30.308315
actinoquinol,23674.0,-11.791959,-60.612244
idebenone,3686.0,-67.90992,-12.641397
"trans-4-[8-(3-fluorophenyl)-1,7-naphthyridin-6-yl]cyclohexanecarboxylic-acid",9924539.0,-17.846066,-18.909678
paclitaxel,36314.0,-72.60955,18.965788
vatalanib,151194.0,3.0360665,-5.3160057
ro-48-8071,1949.0,-8.368682,58.589825
levamlodipine,9822750.0,-22.760214,25.008259
myricitrin,5281673.0,-50.90893,-48.66035
regorafenib,11167602.0,-0.91577816,-24.894207
tepoxalin,59757.0,31.355791,-22.491362
ceritinib,57379345.0,15.221503,-71.66957
retagliptin,44193830.0,51.66678,37.14678
ro-25-6981,6604887.0,0.59229517,54.34396
sb-705498,9910486.0,51.138287,47.359554
trovirdine,3000870.0,-0.50562346,8.069635
miriplatin,,-49.857265,18.908195
amtolmetin-guacil,65655.0,28.146494,10.277288
tcid,2729042.0,-42.25438,-39.88551
abc-294640,,-8.571901,-6.5739055
daa-1106,10430788.0,-29.24217,-12.844035
dydrogesterone,9051.0,-81.99492,-4.7193365
pirlindole,667444.0,-8.212622,27.218721
mdl-27531,164013.0,1.2151659,-72.74536
nsc-319726,5351307.0,18.637836,60.37591
sb-505124,9858940.0,10.220673,-12.111177
ecabapide,65885.0,-30.034977,27.302122
nh125,10436840.0,5.9680715,65.55756
vigabatrin,40466946.0,-47.69367,10.859228
alpha-methylhistamine-dihydrobromide-(r)-(-),156615.0,-4.0432043,1.1871558
isotretinoin,5282379.0,-60.868217,-5.353896
pinacidil,12428581.0,-8.436081,3.07866
r-268712,11703284.0,15.738329,4.7126946
anagliptin,44513473.0,44.366413,24.097212
3'-fluorobenzylspiperone,3248000.0,54.177925,41.21518
benzocaine,2337.0,-36.51506,-4.2903075
alizapride,25323018.0,48.433186,19.280165
halofuginone,456390.0,66.49594,33.95453
afloqualone,2040.0,28.64211,-9.359184
hydrocortisone-acetate,5744.0,-86.64849,6.794417
gamma-aminobutyric-acid,6992099.0,-48.491642,11.738927
anacetrapib,11556427.0,26.695478,4.725107
apronal,76961142.0,-20.145203,-5.866096
uridine-triacetate,20058.0,65.9484,-21.884535
azacyclonol,15723.0,-16.78991,20.686594
og-l002,56639570.0,-46.638664,-2.262209
ddr1-in-1,72836888.0,54.933117,25.58609
nilutamide,4493.0,26.239777,-42.757515
talopram,76958671.0,-21.799068,15.124799
urethane,5641.0,-41.096424,6.1840043
gsk2193874,53464483.0,53.443165,45.255756
psi-697,12004316.0,-12.001256,-26.17909
oligomycin-a,133268482.0,-78.16817,9.320658
incb-003284,11527661.0,64.48252,38.676273
limki-3,56965901.0,25.306862,-16.709436
trimetazidine,21109.0,1.7598974,45.678337
enocitabine,71734.0,72.79009,-22.99335
merbromin,,-44.96003,-48.56785
a-582941,44190553.0,25.76455,62.53116
edasalonexent,44626120.0,-32.894176,25.83138
zibotentan,9910224.0,0.21414013,-65.40422
kn-62,5312126.0,14.1874895,-74.920296
palovarotene,10295295.0,15.540498,7.85015
bisindolylmaleimide-ix,5083.0,35.85246,28.568047
sb-649868,25195495.0,33.597256,24.611069
temocapril,443874.0,13.663329,23.309788
acemetacin,1981.0,23.91306,3.5464833
nnc-55-0396,9957280.0,17.923866,42.981445
cp-339818,,15.757897,73.40803
pf-05089771,46840946.0,2.71528,-69.44685
btk-in-1,68064155.0,50.510628,43.484398
acyclovir,135398513.0,65.256195,-7.544805
sulfacetamide,5320.0,-10.0264225,-68.48448
blu9931,72710839.0,0.9602756,-24.473442
repaglinide,65981.0,24.075937,26.652578
sy-640,9837165.0,0.5810924,37.670082
ast-1306,24739943.0,-2.9422052,-25.820452
etofylline,1892.0,35.80923,2.7768967
ml281,53377448.0,7.004425,-31.131187
caramiphen,6472.0,-15.817212,62.46307
g007-lk,67960134.0,2.3474793,-72.99895
t-0901317,447912.0,-11.362124,-71.22944
l-valine,71563.0,-47.82485,4.360034
heptaminol,7033975.0,-23.630234,11.77133
adaprev,439284.0,-31.917767,-49.93056
chloroxylenol,2723.0,-42.99091,-24.812347
dhbp,80263.0,4.695203,64.53751
3-hydroxy-3-phenylpentanamide,101592120.0,-35.584007,-6.664868
fosinopril,6708482.0,13.721878,25.158379
rp-001,58344861.0,47.01617,0.4046622
menbutone,71818.0,-57.678787,-24.995024
tak-715,9952773.0,0.38342732,-12.679056
ribostamycin-sulfate,,-54.372528,32.139874
cp-547632,9811611.0,60.99141,40.92368
ngp555,46853593.0,4.9552684,-0.73228085
diclazuril,25273624.0,30.69985,-16.22435
a-839977,53325875.0,35.478,-14.689792
psn-375963,2875918.0,18.265198,-22.10781
ku-60019,15953870.0,29.989845,35.76135
benzyldimethylhexadecylammonium,31203.0,-1.1705897,67.9175
cypermethrin,12617361.0,-51.23787,-23.58388
sj-172550,1317464.0,32.766144,-26.339134
hydroxystilbamidine,5284571.0,-46.43695,-3.2885711
ufenamate,5632.0,-34.805492,-4.765099
priralfinamide,5745207.0,-31.903433,4.0911202
nitroxoline,19910.0,17.122784,-41.426334
wz4003,72200024.0,59.797356,25.48419
neostigmine,4456.0,-20.537779,52.585514
rimegepant,51049968.0,57.140404,39.210606
5-iodo-a-85380,6604876.0,-15.9392605,28.510525
du-728,107775.0,-41.425922,22.268932
d-(+)-maltose,6255.0,-63.670532,-45.881603
sch-221510,,-5.7482333,50.313103
sulopenem,9950244.0,46.49386,-32.09678
am679,44627267.0,34.696846,8.237016
ibuprofen-(s),39912.0,-33.624165,-36.230873
tp-003,10001434.0,8.571827,-11.765063
fludarabine-phosphate,30751.0,61.99455,-17.238523
trimethylolpropane-triacrylate,27423.0,-38.788815,-33.919254
isocarboxazid,3759.0,16.890093,-26.721361
teprenone,5282199.0,-61.551903,-7.3163314
marbofloxacin,60651.0,75.108345,21.989729
alvespimycin,59996481.0,-41.074005,47.84005
ici-89406,92211532.0,-28.030258,29.722645
cabotegravir,54713659.0,68.519035,33.124817
safranal,61041.0,-62.086334,-5.085053
zofenopril-calcium,92400.0,12.547378,23.708574
sb-747651a,11393719.0,41.58711,24.018993
am-251,2125.0,47.29575,32.70665
semustine,124202178.0,-17.977776,-44.49692
fesoterodine,6918558.0,-11.993301,54.666275
oxyfedrine,5489013.0,-31.865185,32.81292
amperozide,73333.0,53.214314,49.41453
meglitinide,41214.0,-37.24521,5.239851
fipexide,3351.0,23.28948,34.37872
homidium,3624.0,-5.687163,3.6294713
anthralin,2202.0,-46.362186,-36.964783
cx-5461,25257557.0,48.39122,25.521357
etofenamate,35375.0,-30.960716,7.1290727
olvanil,5311093.0,-31.2086,25.155794
lcq908,,-17.911041,-18.633398
pf-04418948,25114442.0,24.421568,4.77238
benzylpenicillin,5904.0,47.092304,-36.8896
bix-02188,,26.739195,-1.0943426
npc-15199,1549477.0,-38.4191,9.084601
lappaconite,90479327.0,30.47057,16.152452
daunorubicin,30323.0,-54.59359,37.844112
ifenprodil,6604117.0,0.6641179,54.218365
eletriptan,77993.0,10.30494,-77.39157
bix-01294,25150857.0,67.12935,18.053734
leonurine,161464.0,-40.798172,26.493261
roscovitine,160355.0,7.4148192,15.060378
dolasetron,,15.10179,48.674656
asp-2535,9800113.0,12.36221,-7.826476
cgp-12177,76962943.0,-36.648056,41.74232
cym-50769,50904505.0,30.780716,-21.151
dabrafenib,44462760.0,-0.80073684,-75.501564
cefotaxime,5742673.0,56.305576,-40.42072
geniposidic-acid,443354.0,-67.15657,-47.347717
sklb1002,71461003.0,4.743372,-51.370148
tc-o-9311,3376937.0,-30.697577,-15.6888485
gatifloxacin,6971135.0,76.08206,24.547016
yc-1,5712.0,16.875504,6.860315
lobeline,101616.0,-5.698697,50.679028
amg-925,,37.718815,36.353214
oglufanide,100094.0,-14.721343,-1.9387039
perfluorodecalin,9386.0,-30.148706,-31.3529
ulipristal,130904.0,-84.061905,-0.13091706
a-939572,24905400.0,64.02133,31.187366
bronopol,2450.0,20.294853,-49.869785
lh846,851474.0,1.2798026,-13.967994
cgp-13501,3519541.0,-46.985447,-23.040243
rosamicin,,-38.07916,51.981213
kb-src-4,73349077.0,11.686925,-0.9430229
tandutinib,3038522.0,54.63946,19.853884
pruvanserin,6433122.0,43.727905,42.98244
gestrinone,27812.0,-70.48774,-2.6867156
cathepsin-inhibitor-1,44224135.0,38.391857,-13.141179
bevirimat-dimeglumine,457928.0,-79.19143,1.1424533
o-mercapto-benzoic-acid,5443.0,-35.105846,-32.31381
bifendate,108213.0,-55.05929,-43.92819
az3146,56973724.0,54.507847,21.06568
dalargin,,-40.268677,23.81081
devazepide,443375.0,30.04768,-5.7120557
mebendazole,4030.0,-2.5299172,-33.891544
chloramphenicol-palmitate,443382.0,22.765293,-49.5884
ondansetron,667538.0,19.01334,46.030052
asciminib,72165228.0,58.58182,9.22188
basimglurant,11438771.0,5.844917,-1.3307548
adenosine,60961.0,68.78938,-13.78762
perflubron,9873.0,-29.716055,-33.768593
ami-1,67254.0,-7.7782454,-65.19517
mebhydrolin,22530.0,9.217464,69.323006
apatinib,11315474.0,-5.4699078,-14.230765
letrazuril,76959723.0,30.692518,-16.197357
olmutinib,54758501.0,49.56799,27.046108
gramicidin,45479317.0,3.3706315,19.334244
tyrphostin-ag-825,6091659.0,2.169988,-30.407503
fananserin,60785.0,13.845524,-83.11709
ibrutinib,24821094.0,48.40941,18.289213
cilostazol,2754.0,45.98397,17.785458
teroxirone,11197252.0,66.3161,-20.922731
cyclandelate,41097974.0,-53.89443,-23.88779
pranlukast,4887.0,40.142567,-23.10153
k-ras(g12c)-inhibitor-12,73555129.0,65.82937,32.667793
c646,2871948.0,22.68389,-40.790287
floctafenine,76958517.0,-28.37695,7.995165
sag,,41.02831,52.196938
cinoxate,5373773.0,-59.267776,-20.400951
alpha-methylhistamine-dihydrobromide-(s)-(+),6603865.0,-4.0432043,1.1871558
eleclazine,71183216.0,61.049305,30.316153
eltanexor,117763569.0,20.731577,-18.218887
pd-168393,4708.0,-4.325244,-10.533018
ro-10-5824,16759175.0,21.166138,65.2261
sc-19220,4336830.0,43.981686,-10.933656
hyperin,5742688.0,-59.30982,-50.00729
mesalazine,4075.0,-40.787487,-5.5294538
sufugolix,3038517.0,51.129597,-21.136768
cinflumide,6434871.0,-24.507488,-6.9491835
pocapavir,1455.0,-43.227478,-26.36625
gastrodin,115067.0,-63.24732,-46.766357
azd3463,56599293.0,64.077065,19.058681
stf-31,984333.0,-12.509132,-71.73258
4-chlorophenylguanidine,2757788.0,-12.474652,6.782449
ethopabate,6034.0,-36.531593,-9.4297695
leteprinim,135409548.0,60.994884,-3.0463548
tcs-5861528,1116244.0,34.782475,0.41532758
tedizolid-phosphate,11476460.0,55.62618,-17.922913
biapenem,71340.0,52.932976,-42.180664
mk-571,14325224.0,22.125986,44.2657
ly320135,5311257.0,-52.865948,-43.957237
mk-2048,54698642.0,38.996754,-19.236881
ap26113,57390074.0,61.737377,20.138319
silymarin,11059920.0,-56.953304,-49.398136
dimemorfan,3037918.0,4.239504,66.398796
taltirelin,114750.0,8.587301,24.177046
pirmenol,76962234.0,2.6494474,55.714863
dh-97,3467177.0,-0.07443818,20.196466
me0328,136229577.0,-7.219802,-16.68938
cgp-60474,644215.0,0.53378296,9.890539
darapladib,9939609.0,56.764885,31.82404
fk-888,107967.0,25.74173,16.382095
fludroxycortide,15209.0,-94.7646,5.087112
ebselen,3194.0,24.656855,-8.39588
cloprostenol-(+/-),5311053.0,-64.58704,-27.069977
tavaborole,11499245.0,-39.540962,-45.749672
vu0364770,836002.0,-9.018816,-8.990966
l-mimosine,129010056.0,-7.148438,34.12474
wr99210,121750.0,61.881546,19.445902
dehydroepiandrosterone,5881.0,-73.10901,-2.082156
trim,1359.0,6.487893,-0.2818017
sulindac,16046677.0,-18.23078,-65.76917
gpr120-modulator-1,25017320.0,-14.017908,-36.84341
octodrine,6989209.0,-23.047457,11.515777
oseltamivir-carboxylate,449381.0,-46.489742,25.498169
carmustine,59087767.0,-17.952545,-44.46999
pentylenetetrazol,5917.0,10.304933,-3.4319289
cgp-55845,5311042.0,-43.730553,34.463375
frovatriptan,77992.0,-0.22979337,19.488354
wwl-113,17759482.0,-21.987278,53.052616
tecadenoson,158795.0,68.27376,-10.455827
alaproclate,23622192.0,-40.96336,-13.290426
preclamol,202478.0,-0.23378901,54.73815
danofloxacin,71335.0,75.2197,23.20587
pelrinone,135413516.0,-5.8882966,-14.685441
betazole,7741.0,-12.651166,19.776299
ingenol-mebutate,6918670.0,-87.27387,12.408338
nsc-632839,5351363.0,-20.120476,22.77509
sm-21,,-7.3798146,49.076855
telcagepant,11319053.0,56.891533,38.925335
zolantidine,91769.0,23.966045,47.97312
ammonium-perfluorocaprylate,9554.0,-31.715576,-34.366566
rs-127445,196968.0,1.0410593,-4.9709864
or-486,3870203.0,19.487194,-44.8391
r112,9904854.0,-1.4408497,-21.44199
argireline,11228338.0,-41.10578,21.335537
snx-5422,,52.521152,4.8294063
mepazine,7047378.0,12.495665,72.14833
roxatidine-acetate,5105.0,27.532658,33.273342
desogestrel,40973.0,-70.83306,-2.1002822
methacycline,,-24.18309,1.9782071
radafaxine,9795056.0,-40.21645,37.55544
gsk369796,10316203.0,3.8941357,11.71646
flavoxate,3354.0,6.814987,44.629517
sr-3306,57519510.0,28.513014,58.054012
nikethamide,5497.0,-18.739231,47.178185
idramantone,,-67.36865,-23.292253
3-bromopyruvate,129924149.0,-36.410072,-35.517605
schisandrol-b,3001662.0,-56.00245,-43.1083
remacemide,760423.0,-34.047707,15.166087
afimoxifene,449459.0,-10.436045,61.172024
indoramin,33625.0,38.53722,41.286274
pinanediol,10219606.0,-69.57494,-6.8511252
lodenosine,72180.0,72.00057,-11.893324
ciaftalan-zinc,518924.0,8.561934,-5.8655553
pd-102807,92845316.0,29.083117,13.910557
iloprost,51397006.0,-68.2687,-16.353271
sodium-tanshinone-ii-a-sulfonate,125782.0,-17.352852,-61.06876
ml161,1048267.0,-28.587643,0.1890378
cl-218872,107950.0,10.167152,-6.4632807
aceclidine,1273944.0,1.1861806,52.443928
fadrozole,9815923.0,5.115412,2.1808858
dsr-6434,25071151.0,51.325066,19.796053
dihydroergocristine,107715.0,33.182014,16.045727
vaniprevir,24765256.0,22.354279,-70.69373
s49076,49870909.0,34.73789,30.080254
allylthiourea,1549517.0,-12.683793,10.971665
amiprilose,121928.0,-5.324096,40.73233
lmi070,135565042.0,24.92585,-24.417618
buphenine,657392.0,-32.339897,32.379433
pfk-015,25142799.0,-7.0935817,-3.3244367
nnc-711,4515.0,8.010115,52.114418
pibenzimol,2392.0,25.22332,52.54461
ly334370,5311258.0,42.6089,50.84243
eperisone,37888265.0,3.7678635,62.830097
"3,4-methylenedioxy-beta-nitrostyrene",672296.0,15.1601305,-45.60816
my-5445,1348.0,3.0233943,-5.309314
agi-5198,97161269.0,47.67309,45.93533
"cis-9,trans-11-conjugated-linoleic-acid",5280644.0,-53.35691,-12.177023
ac-55541,129362181.0,13.902142,-23.556177
sb-756050,1520267.0,13.71273,-74.13013
osi-420,10317566.0,21.328867,9.29602
amg-837,46854655.0,-56.0961,-29.28957
azlocillin,6479523.0,48.838062,-35.201233
pd-153035,4705.0,0.554908,-21.316425
ml228,46742353.0,-1.6140736,-5.4688706
neu2000,9951955.0,-41.40198,-8.775081
epitiostanol,443935.0,-73.49735,-8.3586855
pf-670462,11681588.0,6.5511646,-0.7845884
gsk2256294a,59448236.0,50.940037,54.27839
k-ras(g12c)-inhibitor-6,71815954.0,65.60183,32.500286
pde10-in-1,72709059.0,11.4401045,-7.5559506
at-9283,135398495.0,39.309055,36.297398
avobenzone,,-51.786427,-25.302025
idasanutlin,53358942.0,-35.312363,4.9743886
unc2025,,25.839787,53.374676
tak-779,183790.0,26.669825,41.157402
oxibendazole,4622.0,-1.3878568,-35.045387
zatebradine,65637.0,20.421764,30.400434
dpc-681,456215.0,-15.350181,-74.75364
lisadimate,25021707.0,-42.37591,4.7784796
iodoquinol,3728.0,-13.072029,-27.909452
isx-9,19582717.0,16.332031,-26.024992
mg-624,5824382.0,-11.648032,59.974556
pd-0325901,9826528.0,-28.923492,6.3798103
zm-336372,5730.0,-34.005333,-10.276189
tagatose,92092.0,-65.44192,-37.728214
etravirine,193962.0,-1.8634338,-22.829084
beclomethasone,,-91.315414,6.711299
phthalylsulfathiazole,4806.0,-3.5020196,-74.82219
sb-334867,6604926.0,-2.161176,-11.515107
diarylpropionitrile,6604873.0,-44.214222,-31.242924
i-cbp-112,90488984.0,21.272638,29.343443
naxagolide,57533.0,1.2662672,50.79301
zardaverine,5723.0,26.606043,-23.334461
macelignan,10404245.0,-55.830235,-42.917248
snap-94847,16756754.0,61.417633,45.243313
"5-amino-3-d-ribofuranosylthiazolo[4,5-d]pyrimidin-2,7(3h,6h)-dione",135409474.0,70.29437,-15.478079
azd3839,46202416.0,1.8492475,-3.1381927
elagolix,11250647.0,64.486595,37.766613
cangrelor,9854012.0,60.380157,-13.620378
pitolisant,9948102.0,7.307766,56.81605
bnc105,24786555.0,-53.14344,-43.840015
zuclopenthixol,5311507.0,13.155619,53.33549
vu10010,714286.0,2.0295281,-13.541507
bupicomide,31447.0,-13.523942,-7.675372
metrizoic-acid,2528.0,-28.031332,-3.3596425
amifampridine,5918.0,-6.395666,0.7809306
pyroxamide,4996.0,-22.138472,-14.10449
trientine,5565.0,-16.491964,16.953705
levosimendan,3033825.0,25.474768,-27.280602
5-methylhydantoin-(d),1615267.0,11.663123,-29.218058
sulfisoxazole-acetyl,6662.0,-1.0464817,-70.61748
salicylamide,5147.0,-33.424725,-8.766822
duvelisib,50905713.0,26.080084,-11.240608
gsk-j2,73010924.0,22.638618,55.561916
polythiazide,12876779.0,-0.384625,-80.690056
sanguinarium-chloride,5154.0,1.2322237,38.45832
ica-121431,998021.0,-3.2999392,-74.36448
formononetin,5280378.0,-51.4879,-46.41062
nmda,22880.0,-44.292637,9.673671
isoetharine,71466.0,-44.737785,-0.03588226
bts-72664,1480409.0,15.253995,-13.055406
rhc-80267,5063.0,-15.958139,-44.12824
eseroline-(-),119198.0,0.8966627,34.6037
jnj-26481585,11538455.0,42.333702,26.19896
eperezolid,73214.0,68.1212,29.282335
metrizamide,49800036.0,-53.82335,27.974337
chir-99021,9956119.0,-0.4612818,9.796367
ave-3085,3510704.0,-7.178358,-30.428904
gsk461364,15983966.0,50.244606,26.968285
ro-3,11289644.0,2.5986958,-20.195993
mestranol,6291.0,-74.43578,-11.140181
lynestrenol,5857.0,-71.97361,-1.793185
m-3m3fbs,761523.0,-10.457767,-71.96915
bms-770767,,59.26463,6.9606524
ml179,45100448.0,58.3147,40.086823
carnosine,6992100.0,5.8647513,21.162575
amg900,24856041.0,7.273931,-22.742237
khk-in-1,53348216.0,21.46249,62.54994
akba,11168203.0,-82.47116,-0.2794271
mycophenolate-mofetil,5281078.0,-4.3057914,41.979256
nitazoxanide,41684.0,27.516052,-40.757103
cianidanol,9064.0,-50.85976,-51.097843
nvp-hsp990,46216556.0,0.60615295,-23.701939
anthraquinone,6780.0,-43.184593,-38.76409
azd2858,10138980.0,16.60549,-79.4121
benzoquinonium-dibromide,9394.0,-9.635773,53.471508
trap-101,11494970.0,38.022156,32.299797
wz-4002,44607530.0,59.545002,25.353304
oxf-bd-02,70699441.0,-8.848558,-38.60275
prednisolone-tebutate,,-86.3137,6.913207
resmetirom,15981237.0,31.325445,-16.70538
ethyl-paraben,8434.0,-47.601303,-27.488268
hemin,,-37.12486,-1.1382394
foropafant,119368.0,9.050826,75.559525
cpi-360,73442743.0,32.846424,19.577972
carvedilol,185394.0,-26.433786,31.468346
sulfadoxine,17134.0,-0.43806928,-65.08571
genipin,442424.0,-67.725685,-47.361656
sr-57227a,131747.0,20.4646,67.5644
guanosine,135398635.0,69.40111,-14.445675
chlorquinaldol,6301.0,-12.975101,-27.957733
alpha-glucosyl-hesperidin,53477097.0,-58.440235,-48.72399
digitoxigenin,4369270.0,-81.30723,9.960256
proguanil,6178111.0,-12.314881,6.6361995
prinaberel,656954.0,-8.794745,-28.741686
lucanthone,10180.0,13.495912,39.013752
ivacaftor,16220172.0,4.072758,-24.83988
bms-806,5495818.0,30.671972,24.698893
isoxicam,54677972.0,3.036892,-63.76002
disopyramide,3114.0,-24.311474,48.77014
amg-510,137278711.0,56.805725,26.117636
sudan-iv,,-35.318054,-14.57003
ozagrel,5282440.0,6.928411,6.0956945
pf-04937319,46916694.0,30.714735,-12.247262
cefalonium,21744.0,53.318413,-39.217453
eo-1428,9801969.0,-25.60915,-3.024479
dimethadione,3081.0,18.24743,10.873509
gsk2239633a,46861584.0,20.662119,-69.20234
basmisanil,57336276.0,17.693512,-75.75988
alibendol,71916.0,-34.40686,26.989086
a-1070722,49830684.0,-0.44731915,-23.539362
revefenacin,11753673.0,24.807276,28.558167
yz9,5289613.0,-49.715134,-44.16663
filgotinib,49831257.0,14.1857,-82.6532
pimobendan,7120080.0,23.898726,-24.88949
timonacic,6973610.0,-46.711937,13.917721
gramine,6890.0,6.194066,70.86137
zm-241385,176407.0,16.360064,-4.707152
sodium-monofluorophosphate,24267.0,-29.157282,-45.37787
celgosivir,60734.0,-8.984513,41.275745
licarbazepine,9816485.0,20.475842,-4.9840236
lauric-acid,3893.0,-53.488056,-11.54702
eltoprazine,65853.0,19.587133,50.587345
evocalcet,71242808.0,21.383892,55.48717
aa-29504,23188887.0,-9.412508,-14.7471485
clorprenaline,12463921.0,-40.281265,35.766846
ipriflavone,3747.0,-51.8073,-45.454838
bms-566419,9913339.0,56.486942,27.310316
ocaperidone,71351.0,53.9288,30.214584
mercaptosuccinic-acid,638130.0,-37.69248,-37.93567
adavivint,135565709.0,20.079687,-16.14131
sn-2,,-7.194001,-38.460297
peficitinib,,7.7627487,-18.007666
sant-1,6878030.0,25.738415,63.49459
9-aminoacridine,7019.0,-6.412492,1.8304522
chlorthalidone,688424.0,-6.169323,-66.92434
"4,4-pentamethylenepiperidine",417412.0,-16.58229,20.345459
azilsartan,135415867.0,61.29985,3.3948112
sd-0006,9865587.0,48.671436,32.335304
curcumol,14240392.0,-75.208885,-2.9920673
dwk-1339,24764491.0,-55.69315,-42.60956
ar-12,10027278.0,37.065247,-14.438524
estradiol,5757.0,-74.01472,-10.795878
dbpr-211,71515460.0,15.795546,-83.10072
cr8-(r),10224714.0,7.380855,15.084854
prx-07034,67147340.0,15.306758,-70.68357
cp-93129,124007.0,-1.8438652,25.03984
bms-986158,118196485.0,30.204918,59.70133
pyrazinoylguanidine,137321773.0,-12.650273,-7.585314
dy131,5497124.0,-21.082968,54.50458
phenylmethylsulfonyl-fluoride,4784.0,-19.351402,-55.289455
o4i1,2774690.0,-43.22338,-29.096458
tozadenant,11618368.0,48.971554,8.709652
hyoscyamine,,-6.064445,47.444702
api-001,44247568.0,46.34334,15.862069
lxs196,118873253.0,52.0838,48.041656
eldecalcitol,6918141.0,-86.39707,10.081793
pumosetrag,154104.0,35.28234,29.903322
hexaminolevulinate,6433083.0,-49.329857,15.208196
otilonium,72093.0,-16.378338,56.120102
trans-4-hydroxycrotonic-acid,6155526.0,-34.94692,-34.25928
id-8,791637.0,22.34555,-39.274414
sertaconazole,25273617.0,10.09105,4.5371294
ac-55649,1714884.0,-56.070923,-11.496606
thaliblastine,21470.0,1.2500744,43.075447
sulfanitran,5334.0,-9.515039,-67.21829
bms-986205,,-7.2948756,10.304431
org-25543,5311287.0,-14.643822,53.084335
chrysophanic-acid,10208.0,-47.014736,-38.078568
cp-91149,9843900.0,21.645935,0.77307564
brl-37344,9841972.0,-30.744633,30.294075
spirobromin,72115.0,36.40752,45.1247
benfluorex,6604374.0,-21.118849,61.57791
andrographolide,5318517.0,-82.7169,11.052499
benzotript,2060890.0,-17.100044,-2.4123282
"1,3-dipropyl-8-phenylxanthine",128784.0,40.64224,3.5138843
"ici-118,551",5311179.0,-34.906532,38.175976
fexaramine,5326713.0,-18.943892,55.235123
sn-6,93088127.0,26.250284,-47.28098
chloralose,7057995.0,-63.760098,-42.728607
fenclonine-(+/-),736190.0,-46.228703,6.4863
norvancomycin,10419027.0,-2.514004,30.064695
terodiline,9925740.0,-20.703987,12.241321
higenamine,440988.0,-22.87592,31.232803
limaprost-alfadex,6438378.0,-66.19537,-15.548138
unbs-5162,16048966.0,25.063309,42.781605
diroximel-fumarate,73330464.0,14.057266,27.644619
bay-41-2272,9798973.0,11.819615,-1.011955
tak-659,53252276.0,50.4435,34.721622
abemaciclib,46220502.0,22.116693,69.71172
taselisib,51001932.0,43.999645,23.049566
bms-470539,9915813.0,30.145597,18.237602
vu0357121,2296132.0,-34.54985,-4.997514
toyocamycin,11824.0,68.84491,-14.090457
int-767,23642339.0,-18.672543,-59.794903
isometheptene-mucate,6604597.0,-23.006002,11.899235
mrs-1220,393595.0,18.573336,-16.816511
cyc065,24983461.0,7.616415,15.040035
propantheline,4934.0,-12.97221,62.129913
mitiglinide,121891.0,12.0584955,25.442959
bms-813160,51039119.0,46.427525,28.359283
flucloxacillin,21319.0,44.147522,-36.54475
trimethobenzamide,5577.0,-15.671388,53.587322
sparsentan,10257882.0,19.674772,-75.01124
"chromanol-293b-(-)-[3r,4s]",121846.0,6.118786,-61.53697
agp-103,8215.0,-53.631832,-11.576148
tigecycline,,-22.938095,3.7280262
cinnamaldehyde,637511.0,-31.886553,-32.134052
mivacurium,22839211.0,0.24600665,42.920727
pf-06651600,118115473.0,43.142803,27.951387
enalapril,5388962.0,13.517015,22.40807
troventol,16007396.0,-5.784204,47.520638
ym-244769,11442117.0,-3.7832148,-26.04703
gsk1562590,46846503.0,22.774199,33.568413
ym-750,9911716.0,28.046501,44.20671
carbetocin,,51.045696,-3.1794224
empagliflozin,11949646.0,-62.9072,-52.512665
pf-04885614,65459349.0,8.051023,-12.805467
lisinopril,5362119.0,10.973093,22.774332
pf-04217903,17754438.0,16.927025,6.290827
brivanib-alaninate,11154925.0,37.717022,-20.093609
uamc-00039,11232124.0,41.706882,46.798397
"1,5-dicaffeoylquinic-acid",6474640.0,-54.79255,-33.764435
clamikalant,3037766.0,14.352777,-62.716866
bucillamine,656604.0,-40.072613,11.917675
equilin,41097932.0,-72.801414,-3.8252444
ciprofloxacin,4011971.0,75.12894,25.84252
azasetron,25271863.0,66.07106,30.831697
hypoestoxide,11199742.0,-86.435196,-4.0120482
pf-06409577,71748255.0,-15.379913,-4.6529365
tiracizine,71264.0,24.874113,38.917538
butylated-hydroxyanisole,8456.0,-46.824757,-23.439505
retinol,445354.0,-61.022636,-6.0343456
tylosin,134129704.0,-38.740612,52.04739
pi3kd-in-2,91754520.0,18.30772,-73.37678
salicylic-acid,338.0,-48.788273,-32.45399
nsc-9965,31762.0,-3.3159993,46.955296
lintopride,65900.0,12.531249,34.519325
gbr-12935,3456.0,6.6493764,55.388046
glycitein,5317750.0,-51.61537,-47.04431
obatoclax,,-15.16129,-30.70889
butein,5281222.0,-48.88991,-34.28739
methiazole,6604471.0,-2.504999,-34.512676
"tropanyl-3,5-dimethylbenzoate",,-6.670604,48.81794
atorvastatin,60823.0,39.08506,13.04176
alrestatin,2120.0,14.354912,17.004196
escin,441903.0,-82.99442,12.367593
bi-847325,,26.767708,-1.0667063
ngd-94-1,188942.0,22.009794,61.585205
savolitinib,68289010.0,11.248384,-6.8074265
azd8797,11965767.0,6.358364,14.293824
indeglitazar,11395145.0,10.550909,-67.541084
phenolphthalein,4764.0,-45.27821,-46.141365
ketanserin,3822.0,58.840176,38.212753
macitentan-n-butyl-analogue,71449713.0,7.4269104,-67.04893
unc0321,46901937.0,67.48065,17.686377
erastin,91669533.0,59.80049,27.669157
methylnaltrexone,16089915.0,4.9754486,36.886955
ciq,40450008.0,21.3767,32.94493
pioglitazone,29010894.0,6.638309,-39.429527
ah11110,6604792.0,7.7050004,50.608406
furaltadone,6604316.0,30.583796,-44.016544
oxyquinoline,1923.0,-15.009614,-27.01535
gsk-lsd-1,71522234.0,-15.344671,20.568249
"[sar9,met(o2)11]-substance-p",163829.0,25.135778,-73.61595
ctep,11646823.0,18.384775,-12.553626
jw-74,16013152.0,34.3857,-23.103508
nimustine,129009979.0,32.37021,-33.951702
cetaben,47263.0,-48.117302,16.440624
trichloroacetic-acid,6421.0,-31.97909,-34.29664
gluconolactone,1549082.0,-64.55014,-45.297646
bms-536924,135440466.0,61.10683,22.701399
ory-1001,71543365.0,-19.657745,9.987682
indalpine,44668.0,-12.560124,22.676914
pbt-1033,10016012.0,-2.399415,59.467613
gsk256066,9827968.0,0.3836748,-62.31591
xmd8-92,46843772.0,53.07386,20.915249
betp,97182196.0,4.3283224,-55.932476
capecitabine,60953.0,72.13424,-23.886671
api-1,24773090.0,69.22659,-14.638232
carboplatin,73554252.0,-21.819946,-44.577923
cinanserin,5475158.0,-24.079878,47.223724
strychnine,441071.0,29.79389,27.85131
suplatast,9957601.0,-35.223644,29.88274
gsk1292263,24996872.0,16.051447,-74.22652
tacalcitol,5283734.0,-74.54305,2.4065843
tricaprylin,10850.0,-59.06841,-15.501591
imetit,3692.0,-10.179375,20.689257
dqp-1105,136902743.0,54.036804,3.6292152
fluorometholone-acetate,240767.0,-90.96408,2.6065779
vinorelbine,5311497.0,31.417767,17.213291
dinitolmide,3092.0,24.36235,-44.965164
lomustine,129009938.0,-17.967571,-44.491043
cyamemazine,14050069.0,11.871311,74.54841
torasemide,51371498.0,-4.204299,-71.492836
bms-833923,57662985.0,-5.8913965,-13.749534
phlorizin,6072.0,-62.536724,-48.477577
methylprednisolone,6741.0,-87.505135,8.99299
entrectinib,25141092.0,50.8683,32.596287
pf-514273,11316919.0,60.707367,14.549824
gdc-0834,25234917.0,48.30409,25.479824
way-629,6604933.0,15.065542,62.45909
nky-80,777417.0,7.0530186,-17.068567
cobicistat,25151504.0,22.283098,19.043272
delta-tocotrienol,5282350.0,-79.849976,-11.613159
ch223191,,26.471027,-19.07669
anethole-trithione,2194.0,-44.90491,-28.084461
dichlorvos,3039.0,-29.536926,-40.961433
abafungin,159326.0,-6.909206,19.315641
cj-13610,9821945.0,41.998684,37.723083
erk5-in-1,46844147.0,54.7338,21.214136
denotivir,39976.0,2.3092866,-12.57292
nicotinamide,936.0,-12.904135,-7.8393493
cloranolol,76964677.0,-38.253674,37.267742
bicyclol,9821754.0,-55.221878,-44.061592
"1s,2r-phenylpropanolamine",26934.0,-47.29875,1.2300764
sgc-0946,56962337.0,52.06647,1.2683836
diaveridine,21453.0,2.5978372,-20.160173
lusaperidone,3045401.0,39.172794,27.69224
rs-102895,10000456.0,57.6887,45.782196
tw-37,11455910.0,-7.6548715,-60.994576
h2l-5765834,1365686.0,22.515238,-39.842377
bms-587101,11635371.0,42.45143,-4.1882653
nisoxetine,10107248.0,-28.013823,36.97616
altiratinib,54576299.0,0.44443622,-26.595514
ono-4059,54755438.0,50.757416,22.199001
hydrocortisone,5754.0,-87.89109,8.994189
navarixin,9865554.0,-25.375278,3.8023036
dynole-34-2,44157463.0,21.278732,40.37088
dehydroepiandrosterone-sulfate,12594.0,-18.402859,-60.007412
talsaclidine,71792.0,2.1116211,52.466396
betulinic-acid,64971.0,-77.02502,0.4073615
telmisartan,65999.0,18.489538,47.1369
fursultiamine,38988761.0,72.01327,2.8518317
pd-198306,9956637.0,-28.78922,5.5783234
trometamol,6503.0,-46.865192,9.001254
tfc-007,16040067.0,28.94059,34.85145
phloroglucin,359.0,-45.542393,-31.709154
hydrocortisone-phosphate,,-91.14995,10.038644
barnidipine,443869.0,31.18859,-52.401447
phenindamine,57086802.0,10.732683,66.95707
diphenylpyraline,3103.0,-1.2746527,53.099804
berberine,2353.0,1.1315851,39.37256
an2718,11845944.0,-39.540134,-45.74453
bromosporine,72943187.0,0.63118726,-67.66193
dpc,57380301.0,18.778307,60.3826
ciclesonide,6918155.0,-83.21954,7.792749
sb-243213,443391.0,44.76051,4.4817767
furegrelate,3437.0,-17.287275,-23.252687
triflupromazine,5568.0,11.689322,72.981476
penfluridol,33630.0,4.9001555,57.937477
darunavir,213039.0,18.303047,-63.81383
micafungin,477468.0,23.41953,-66.111465
meptazinol,25271754.0,-0.64742607,54.989006
ec-23,10314719.0,-60.055252,-3.357143
av-412,9806229.0,48.829178,50.086372
tolvaptan,443894.0,42.209515,-0.38190892
fce-22250,,35.65971,16.756727
hydroquinone,785.0,-45.124878,-30.653723
tobramycin,36294.0,-53.83613,32.24544
cyanopindolol,6604791.0,-36.914745,41.126827
cefadroxil,6560167.0,52.577076,-36.90759
mandelic-acid,11914.0,-36.295025,-35.32709
daphnetin,5280569.0,-49.570972,-47.809574
midecamycin,,-38.20739,52.24094
levomequitazine,3246605.0,13.527632,63.850693
benzamil,108107.0,-7.033167,-12.036167
benaxibine,7566768.0,-53.565605,29.0532
anamorelin,9828911.0,27.676868,17.73731
jnj-27141491,11703589.0,37.57261,-11.172559
oac1,789882.0,-2.8021584,-11.550321
bismuth-subgallate,73415769.0,-38.274704,-48.630062
srpin340,2797577.0,52.849815,47.55391
ns-5806,11642685.0,21.568296,-16.608469
trichostatin-a,444732.0,-22.380053,-9.516172
ver-49009,4369536.0,19.174335,-25.289635
geldanamycin,,-47.665627,27.69444
propatylnitrate,66261.0,20.049072,-49.903625
mepivacaine,6918904.0,29.287117,45.59302
phikan-083,4722579.0,6.288994,70.96032
tropifexor,,73.17242,20.90155
pnu-89843,154689.0,24.419994,64.75931
betamethasone,9782.0,-91.852295,6.775469
ellagic-acid,5281855.0,-49.464886,-47.39301
thiothixene,941651.0,12.341313,-76.98416
alanine,7311725.0,-47.595867,4.4055824
veralipride,989438.0,23.847124,-69.8282
"3,4-dcpg-(+/-)",6604849.0,-41.292656,-2.406391
piperacillin,43672.0,48.82881,-35.160183
semagacestat,9843750.0,22.498056,30.668028
xanomeline,60809.0,46.295357,21.609623
goserelin-acetate,5311128.0,51.49255,-10.025963
bepotastine,25273609.0,8.278363,54.12166
methyldopa,6919173.0,-43.667072,1.0702922
amitriptyline,2160.0,0.048139464,73.02255
gk921,56682080.0,26.634079,47.68435
benzonatate,7699.0,-18.780481,60.95479
4-carboxy-3-hydroxyphenylglycine-(rs),6604709.0,-42.721107,-3.2130368
deferasirox-iron-chelate,,11.97092,-10.229437
dmab-anabaseine,9926048.0,21.722532,65.63153
sarcosine,7311726.0,-48.85644,9.048407
tolonidine,72138.0,-7.5748534,21.650738
am-92016,6604771.0,15.736969,-66.98223
pyr-41,5335621.0,23.12757,-41.035706
cirazoline,2765.0,-13.204772,27.088552
daminozide,72200802.0,-41.774765,12.244885
floxuridine,5790.0,70.718025,-21.617296
mirodenafil,135497803.0,19.808725,-73.65761
caracemide,54747.0,-19.026545,-40.842342
jnj-63533054,2548547.0,-33.75347,14.991743
ralinepag,,-31.431494,7.563171
l-168049,5311276.0,-11.983591,-32.815563
acalisib,11618268.0,26.205877,-11.285302
methylergometrine,8226.0,20.364347,39.390038
methylprednisolone-aceponate,63019.0,-87.49428,5.588158
slv-320,,8.606661,-18.456625
retaspimycin,25169033.0,-47.655148,27.721004
lasofoxifene,3081919.0,7.892144,44.108875
xl228,59757974.0,27.332539,61.74063
fluocinonide,9642.0,-94.88788,4.606888
cd-1530,9952709.0,-50.466938,-38.556168
ci-966,198693.0,8.589425,57.27957
cyclothiazide,101691640.0,-1.5759779,-81.45803
decernotinib,59422203.0,52.23493,53.941658
cefotiam-cilexetil,,55.3062,-43.806145
kh-cb19,91899919.0,7.8685102,7.4532094
pf-06747775,91668194.0,56.35822,7.874021
avanafil,9869929.0,61.441734,23.670834
dcp-la,53732028.0,-54.20881,-11.793356
centpropazine,7032530.0,8.99984,48.912453
scmc-lys,193653.0,-45.340996,9.99756
skf-96365,6604827.0,11.55474,44.95163
azd9272,9838729.0,18.565548,-22.702396
sr-2211,51035449.0,6.0541406,58.998447
idh-305,90415637.0,22.909563,-12.490022
ar-42,6918848.0,-22.13123,-9.436219
toremifene,3005573.0,-10.195586,61.3102
12-o-tetradecanoylphorbol-13-acetate,27924.0,-86.52737,8.006038
ethoxyquin,3293.0,-34.12786,-21.666002
citiolone,7057882.0,-34.9287,11.830628
exenatide,91935542.0,50.72162,-9.184509
althiazide,6604323.0,-0.98219424,-81.268745
isoprenaline,5808.0,-36.214375,34.2843
dmnb,88505.0,19.03627,-45.17565
cdk1-5-inhibitor,438981.0,6.4129167,-5.792745
guanethidine,3518.0,15.7991705,57.095875
bms-986020,49792850.0,21.46723,-30.698513
cp-724714,9874913.0,21.413502,8.407154
allopurinol-riboside,135407110.0,67.043304,-14.5107765
pemirolast,57697.0,28.038557,-12.686219
captopril,44093.0,12.093162,23.72394
thioproperazine,9429.0,12.360836,-76.91746
telratolimod,56833311.0,46.314148,18.870577
azd1208,58423153.0,35.347572,29.772085
warfarin,54688261.0,-48.883846,-44.58824
acetyl-11-keto-beta-boswellic-acid,,-82.47067,-0.2800181
oxiperomide,68634.0,34.52541,34.62262
isavuconazole,92043107.0,15.421215,2.5568242
3-alpha-hydroxy-5-beta-androstan-17-one,5880.0,-74.28154,-8.378036
a-967079,42641861.0,-26.425407,-32.144035
proacipimox,3068148.0,-22.247688,-30.029268
fluocinolone-acetonide,6215.0,-95.10402,5.1118293
cu-cpt-4a,53242268.0,-17.511885,-2.4559546
guanidinoethyldisulfide-bicarbonate,3521.0,-13.97388,14.438002
ch-5183284,66555680.0,13.120993,-8.615066
dehydrocholate-acid,6674.0,-77.33634,-7.1816034
deflazacort,189821.0,-74.80313,14.78911
gsk1059615,23582824.0,6.107207,-30.549011
propylparaben,7175.0,-59.250965,-21.390884
gs-39783,6604928.0,28.103445,-37.511936
tc-e-5002,71735843.0,-22.2963,-13.020166
methyldopate,17277.0,-43.003433,0.8392117
prednisolone-sodium-phosphate,72078.0,-91.14995,10.038644
solcitinib,44603362.0,45.83018,27.457664
ct7001,91844733.0,41.866245,14.012886
gsk656,133080621.0,-60.102077,22.635958
n-acetyl-d-glucosamine,1738118.0,-44.989723,19.957708
tranexamic-acid,,-49.18319,12.244458
ty-52156,16046248.0,-13.292105,1.1916283
azd8186,52913813.0,30.058842,36.960606
azeliragon,11180124.0,67.357086,20.568226
ml365,46785920.0,-34.135426,-10.172523
hydroxysafflor-yellow-a,,-65.13596,-49.352505
5-fluoropyrimidine,69605.0,-5.2747793,-2.6242173
birinapant,49836020.0,25.872646,15.486618
ro-106-9920,92510314.0,0.24096347,-54.073837
sacubitrilat,10430040.0,-40.524937,13.801935
nk-252,71618700.0,16.9835,-26.699371
naringenin,439246.0,-47.758167,-47.98082
cyclophosphamide,9554282.0,33.134174,52.5992
dr-4485,92211523.0,52.809998,41.436474
tyrphostin-ag-494,5328771.0,-33.527397,-11.9940605
icrt-14,5967294.0,22.421255,-9.440449
bs-181,49867929.0,23.773323,60.02216
tg-101209,16722832.0,16.56044,-79.83887
3-carboxy-4-hydroxyphenylglycine-(s),5311460.0,-42.7207,-3.212877
mangafodipir,76967443.0,-9.999443,36.310913
dimetindene,6604866.0,3.9721377,72.82594
phenacemide,4753.0,-19.436405,-5.834446
radezolid,11224409.0,54.806667,-17.636784
ezetimibe,150311.0,-30.363356,1.7765211
trelagliptin,15983988.0,58.743008,39.8087
etamsylate,17507.0,-14.237126,-61.097404
phenolsulfonphthalein,4766.0,-13.44409,-62.05138
tcs-2314,11226207.0,28.632118,32.10911
dobutamine,65324.0,-31.034037,32.86219
aloin,12305761.0,-59.356316,-50.943726
efavirenz,64139.0,-7.2380533,-29.918379
rifamycin-sv,5282048.0,3.6874456,-34.456112
apraclonidine,2216.0,-7.5572224,21.745728
chlorpromazine,2726.0,11.346135,72.848114
tivozanib,9911830.0,11.842058,-25.849258
lorglumide,13605417.0,-28.110735,13.715877
chloroxine,2722.0,-12.949699,-27.909977
am-281,4302962.0,48.081814,32.135136
moxisylyte,4260.0,-13.030945,57.953552
tc-a-2317,24783396.0,20.002876,4.8457737
dimercaprol,6971262.0,-65.09847,-36.251648
isoniazid,3767.0,-15.58741,-8.743944
cediranib,9933475.0,63.6424,22.696222
binimetinib,10288191.0,57.485607,1.0933523
ck-101,117909640.0,39.620613,37.74791
vincamine,15376.0,26.927786,22.38441
v-51,1376860.0,3.3428319,46.452053
tenovin-1,1013376.0,-23.216726,-4.1712265
sodium-gualenate,2275.0,-14.2734165,-64.90622
carboxypyridine-disulfide,85040.0,-21.56932,-25.833357
a-804598,53325874.0,-7.550112,2.414447
adiporon,16307093.0,27.668495,33.459667
ica-069673,10149311.0,-7.6414022,-9.948454
albendazole-oxide,13805917.0,-2.4295926,-35.575577
fk-33-824,,-36.91877,24.588316
gsk2838232,71580991.0,-90.17356,4.8767858
y-27152,6918184.0,-20.102896,-35.150074
tiratricol,5803.0,-56.353355,-30.558758
domiphen,3149.0,-11.170733,59.431637
dpo-1,21678144.0,-63.392498,-5.5959473
hexylcaine,6604266.0,-48.37591,15.933031
niguldipine-(r)-(-),6918097.0,30.810389,-51.802975
beta-lapachone,3885.0,-82.42357,-15.750131
osi-027,,14.751466,-10.601855
ethyl-vanillin,8467.0,-48.133396,-27.178797
doravirine,58460047.0,42.089096,-16.532587
avn-492,56655571.0,0.8716766,-72.50538
minocycline,129396801.0,-23.274939,2.6947222
vonoprazan,15981397.0,2.2807975,-76.07765
tyrphostin-ag-835,5328769.0,-33.548836,-12.153934
avapritinib,118023034.0,27.518192,65.97943
ru-58841,132981.0,41.083916,-2.8126216
nor-binaltorphimine,5480230.0,6.468121,37.085487
dioxybenzone,8569.0,-50.48173,-29.621864
digoxin,12940973.0,-80.884445,12.220437
oxolinic-acid,4628.0,14.391019,13.440363
mr-16728,92211530.0,39.836777,46.36286
tarafenacin,25147683.0,57.756184,46.02322
acrisorcin,24144.0,-4.456023,11.590522
ly2452473,24963749.0,22.079268,38.446568
sdz-ser-082,9859407.0,9.759584,68.94693
psb-603,44185871.0,20.325357,-77.2244
cholic-acid,221493.0,-76.314575,-7.1141443
pnu-177864,9887351.0,15.946924,-65.69745
sb-239063,,57.741417,34.702866
terconazole,441383.0,61.829765,11.846462
kasugamycin,,-57.801655,33.8607
ml193,1261822.0,-0.8512201,-69.885025
prn1008,73388818.0,59.931118,14.021581
zosuquidar,,10.277416,49.651573
avn-944,9918559.0,30.17705,3.3010013
octadecan-1-ol,8221.0,-52.13634,-9.264064
camylofine-chlorhydrate,51590030.0,-18.144344,61.881813
ro-04-5595,92169474.0,-1.7353646,58.30757
a-61603,10804826.0,6.208626,-80.82492
poziotinib,25127713.0,63.25313,24.192726
exemestane,60198.0,-82.038185,-4.793933
levothyroxine,5819.0,-40.914227,0.9491958
on123300,56649281.0,47.96981,26.826084
az960,25099184.0,4.525068,-6.078468
atractylenolide-i,5321018.0,-84.750626,-5.4931803
nvp-adw742,,25.775198,49.709938
lanoconazole,40729546.0,8.368524,1.8256832
isopropamide-iodide,3775.0,-24.535484,48.66254
disulfiram,3117.0,-16.423061,43.179287
mk-4074,24964679.0,28.202244,28.340788
ceftibuten,5282242.0,53.487206,-39.15194
icosapent,446284.0,-52.333622,-12.80839
sgi-1776,24795070.0,64.12859,17.211536
isepamicin,3037209.0,-53.851902,34.014465
cudc-427,71600094.0,33.646214,23.72445
adaptavir,184644.0,-36.526997,27.580343
mabuterol,11551355.0,-40.73587,35.88265
pd-184352,6918454.0,-28.790718,5.5857105
dienestrol,667476.0,-43.38915,-31.138218
tanshinone-iia,164676.0,-83.36609,-7.89833
succinylcholine-chloride,5314.0,-17.065147,64.369286
efaproxiral,122335.0,-36.57201,6.4282002
eipa,1795.0,-6.7485533,-11.66562
ipa-3,521106.0,-44.640537,-34.716366
sdz-205-557,5191.0,-16.855837,58.75914
valnoctamide,36689722.0,-24.66323,9.938174
triamcinolone,31307.0,-91.79326,7.0571713
ruxolitinib,25126798.0,10.578956,-3.6393862
pregnenolone-succinate,,-79.835144,0.70536554
vasopressin,133698096.0,52.283936,-5.839443
nab-2,82017756.0,22.171701,-2.8046525
zcl-278,1791111.0,6.784772,-66.56425
didanosine,135398739.0,69.22212,-9.183395
amrinone,3698.0,-4.7896233,-16.567038
acolbifene,155435.0,6.46586,44.970165
bag-956,24882589.0,14.884013,-7.717608
cisatracurium,62887.0,0.37414473,43.08477
procarbazine,4915.0,-21.672863,-8.256214
amitraz,,-10.95942,3.300278
cis-acpd,231345.0,-44.127346,7.5771394
clofoctol,2799.0,-44.094185,-23.726812
bay-1251152,,5.694386,-68.27817
amg-perk-44,86583045.0,28.817081,-18.145494
tp-3654,,19.158445,4.1633973
phenylethyl-alcohol,6054.0,-28.957094,-27.013569
decoquinate,29112.0,-1.8148996,13.863127
oleandrin,11541511.0,-80.28025,12.324434
indisulam,216468.0,-5.7226596,-74.495026
l-name,39836.0,-16.36459,-43.957237
adenine,190.0,-0.9718149,-1.3261414
ampalex,148184.0,35.815018,44.159065
sulfadiazine,5215.0,-4.268757,-72.66359
otenzepad,76966449.0,40.076164,28.731684
licofelone,133021.0,12.721458,8.573451
cd-437,135411.0,-50.466934,-38.556087
jlk-6,3803.0,-24.315535,-21.083473
quinelorane,57242.0,17.655329,73.31741
motolimod,16049404.0,38.89297,29.715471
tonabersat,6918324.0,-23.03036,0.016319107
rita,374536.0,-62.13492,-37.678646
sonidegib,24775005.0,58.538174,27.731464
ebastine,3191.0,-2.6541247,53.323853
delgocitinib,50914062.0,41.833164,29.286428
deslorelin,25077495.0,51.6054,-8.998288
"l-655,708",5311203.0,32.323334,7.1744695
way-170523,9830392.0,12.511724,-64.99404
nicorandil,47528.0,31.887571,-42.214993
meluadrine,92261245.0,-39.75697,36.509888
elvitegravir,5277135.0,16.551962,12.603511
brimonidine,2435.0,-7.964695,22.464792
ranolazine,13560750.0,23.538277,27.190498
n6-methyladenosine,102175.0,68.31262,-13.232547
azd3759,78209992.0,57.533195,25.12519
secoisolariciresinol-diglucoside,9917980.0,-61.59713,-48.397736
drf053-(r),25168304.0,7.314285,15.044681
hydrochlorothiazide,3639.0,-1.8991977,-81.2586
brexpiprazole,11978813.0,31.520529,34.509716
ascomycin,134129697.0,-40.558903,49.605137
hydroxyprogesterone-acetate,10156152.0,-84.785194,-1.6129183
leuprolide,657181.0,51.6054,-8.998288
mrs-1334,6604859.0,28.740807,-52.27723
triflusal,9458.0,-51.506695,-31.076569
rs-102221,3693566.0,20.369844,-71.13978
cyclopenthiazide,6604279.0,-0.9085306,-81.69809
minaprine,4199.0,26.997581,58.611576
mannitol-d,6251.0,-65.48422,-37.479744
way-207024,11496610.0,23.41901,63.758167
chir-124,135399748.0,50.563965,41.792652
deltarasin,73292904.0,26.466887,48.08619
toloxatone,13753599.0,21.398859,2.9003534
pivampicillin,33478.0,46.848225,-37.858177
levallorphan,5359371.0,0.5367545,49.497738
alinidine,36354.0,-6.968973,22.197935
mubritinib,6444692.0,59.984226,12.813101
zaldaride,92460626.0,34.88964,32.764362
farampator,4118151.0,42.15288,41.059875
heclin,7464118.0,-25.093761,-5.304927
cyclopamine,442972.0,-71.36561,1.8777683
maribavir,471161.0,71.7748,-12.966653
krn-633,9549295.0,18.153515,-1.8793623
ym-155,10126189.0,14.562747,42.072124
cct245737,72165232.0,47.937042,57.39723
piroxicam,54676228.0,2.7912977,-63.7208
avatrombopag,9852519.0,49.97853,46.280308
ramipril,6992028.0,13.855588,21.673489
gsk3179106,78427026.0,43.230824,-22.464945
pelitinib,6445562.0,72.2334,14.682798
3-matida,92327883.0,-40.883022,-2.3966079
aceneuramic-acid,445063.0,-53.041332,29.133701
anguidine,91518.0,-82.7756,7.1804323
pgl5001,76969933.0,23.708769,48.068676
etomoxir,9840324.0,-53.555836,-21.389618
am-404,6604822.0,-31.943272,23.937235
flumexadol,76971765.0,-17.015463,27.533075
delcasertib,56843747.0,-40.67064,23.741005
pf-3274167,11683187.0,40.31252,-17.676504
odanacatib,10152654.0,-13.892563,-74.003
amsacrine,2179.0,-3.0857742,-64.30476
temozolomide,5394.0,33.83183,-3.4447505
tepp-46,60156291.0,36.219265,-29.00339
glasdegib,25166913.0,44.08505,27.971024
mk-8033,45142457.0,9.656432,-79.916794
dim-c-pphco2me,15637614.0,-17.93617,-22.033073
moroxydine,71655.0,15.669113,56.305264
talazoparib,135565082.0,28.53846,-15.528074
cromakalim,76968376.0,28.392889,25.51801
closantel,72715766.0,-31.699072,-9.133008
xmd17-109,71604307.0,53.93171,21.030602
h-151,7616033.0,-2.1920376,-11.233894
bw-723c86,40418385.0,-6.0640287,15.317545
"1,4-butanediol",8064.0,-48.73294,-12.782666
carfilzomib,11556711.0,22.752296,22.324333
nifenalol,202035.0,21.570972,-48.483448
2-hydroxysaclofen,7005135.0,-24.45268,-53.98906
metamizole,3111.0,10.079443,-70.200134
ml130,1088438.0,-1.2830678,-73.318886
inosine,135398641.0,68.27949,-14.155614
icaritin,5318980.0,-54.429657,-47.711956
felbinac,3332.0,-36.013298,-28.507164
fumonisin-b1,2733487.0,-49.827477,18.943882
fentiazac,28871.0,-15.160426,-36.804394
ly2228820,11539025.0,6.7514267,-1.8887801
piretanide,4849.0,14.120738,-68.20228
pnu-74654,9836739.0,-32.66046,-15.144401
pyrantel,8546.0,-47.490784,-37.00631
cpa-inhibitor,124386386.0,-21.99309,-12.580914
bw-373u86,119029.0,18.643621,33.02152
eptifibatide,134812820.0,53.042435,-6.027882
lxr-623,16734800.0,11.151318,0.21926855
gabazine,107896.0,25.480993,8.420441
cct196969,42628843.0,33.29499,-18.063433
hepsulfam,100606.0,-22.04742,-54.94028
sultiame,5356.0,10.447239,-81.82002
ro-3306,135400873.0,5.739304,-30.118984
perindopril,40466996.0,13.76076,21.588379
dup-697,3177.0,-15.958733,-65.4477
"1-((z)-3-chloroallyl)-1,3,5,7-tetraazaadamantan-1-ium",5846454.0,12.641731,62.242195
lazertinib,121269225.0,51.65545,15.674267
teniposide,452548.0,-56.393166,-45.493828
nicergoline,34040.0,14.947605,42.75775
rg7800,89741565.0,45.13895,22.062592
tiplaxtinin,6450819.0,25.121988,5.273793
alexidine,40488318.0,-14.756363,14.77484
valaciclovir,135398742.0,64.78577,-7.626878
5-octanoylsalicylic-acid,9838158.0,-63.764088,-17.889084
carebastine,65820.0,-3.0511773,53.30784
ryuvidine,481747.0,6.792643,-31.311157
sbi-115,18879973.0,4.091116,-58.061634
epinastine,15629776.0,-7.0233064,24.502779
colforsin-daproate,444029.0,-38.5573,50.68594
gdc-0879,11717001.0,16.938456,5.8554063
guanadrel,45356255.0,-11.120806,29.281532
n-methylformamide,31254.0,-22.611433,-6.2524047
estramustine-phosphate,259329.0,17.75522,18.842243
apoptosis-activator-ii,1901244.0,23.165058,-1.6361561
sodium-dodecyl-sulfate,,-21.865929,-57.854393
tc-g-1005,71450251.0,30.721706,33.494457
ametantrone,2134.0,-26.76658,29.840258
pacritinib,46216796.0,23.831913,49.862072
ruboxistaurin,153999.0,34.325237,27.452063
abacavir,441300.0,6.9105797,15.902734
emoxipin,114681.0,-48.67582,-2.1371315
tyrphostin-ag-18,2052.0,-47.282795,-32.12061
meticrane,4165.0,-10.097265,-63.309864
terazosin,1398859.0,55.221786,18.701025
thiamylal,3033021.0,-9.085213,-19.113369
5-bdbd,9841560.0,17.135347,-19.068819
thiopental,3033017.0,-9.105549,-19.121328
calcitriol,5280453.0,-74.54307,2.4065356
thiostrepton,16154490.0,47.84662,-5.249579
metharbital,4099.0,-10.145523,-18.578112
"3,4-dcpg-(r)",6604849.0,-41.291878,-2.4062927
abt-737,11228183.0,18.699585,-83.46087
octisalate,1550885.0,-60.15429,-20.02877
serotonin,5202.0,-5.7552767,16.317049
diclofensine,23872188.0,-1.8463812,59.360523
mizolastine,65906.0,55.550594,36.06558
desvenlafaxine,12018336.0,-7.240611,63.148296
fenofibric-acid,64929.0,-51.53628,-22.375406
licostinel,5486198.0,19.842682,-39.729797
mk-8245,24988881.0,61.76007,10.614431
cyc116,6420138.0,30.69511,56.715145
hygromycin-b,91617579.0,-55.05416,32.92827
tenidap,,21.899841,-4.5695844
rigosertib,6918736.0,-6.439295,-61.64546
etosalamide,208946.0,-52.469948,22.134813
forskolin,47936.0,-76.69217,9.197269
rsv604,5279172.0,15.64288,-22.521156
nkp-1339,,9.343982,-6.6089053
dapoxetine,71353.0,-9.797367,60.279762
sc-144,400169.0,20.28453,-16.968458
triamcinolone-hexacetonide,21826.0,-94.39982,4.522978
ly2584702,25118925.0,27.335405,65.9699
tak-901,16124208.0,15.8085985,-79.1829
adx-47273,11383075.0,43.110744,41.524925
hbed,37336.0,-26.046137,33.843666
urea,1176.0,-19.639807,-6.5624022
fenoxaprop-p-ethyl,91707.0,-9.811699,-30.137474
cfm-1571,9844347.0,47.897358,13.096211
malotilate,4006.0,-37.720352,-32.909256
amg319,133547162.0,2.7662315,-3.2824252
ethosuximide,10630591.0,-25.273727,6.8357487
indole-3-pyrubate,85336038.0,-17.872566,-23.015713
panipenem,,49.869896,-32.650185
estradiol-3-o-sulfamate,6918339.0,-17.695517,-59.942894
clocortolone-pivalate,5282493.0,-92.544754,2.9733386
butyl-paraben,7184.0,-59.26046,-21.341166
aminomethyltransferase,7059445.0,-9.442892,13.944617
diquafosol,148197.0,60.022884,-17.698935
detomidine,56032.0,-3.5133986,-0.24906242
navitoclax,24978538.0,19.118525,-83.16303
ampa-(s),7000183.0,-3.2298305,-41.97422
carbetapentane,2562.0,-15.7072525,62.64996
meparfylon,6494.0,-33.626053,-38.541134
phenacetin,4754.0,-35.883175,-7.823833
thiodiglycol,5447.0,-48.708664,-12.711292
vortioxetine,9966051.0,20.563307,62.985767
benserazide,657280.0,-36.070034,27.008974
naquotinib,71667668.0,53.063057,18.80501
epristeride,68741.0,-67.446304,3.5102856
methoprene-(s),1711973.0,-60.250122,-8.040554
immepip,3035842.0,-13.086595,21.481163
dapiprazole,3033538.0,25.354029,63.284645
quinaprilat,107994.0,15.270349,20.933884
trofinetide,3080768.0,10.859532,22.891447
wz-3146,44607360.0,59.351276,25.30354
ici-169369,122265.0,11.234967,73.82556
buramate,20787.0,-38.528522,15.581275
chromocarb,2741.0,-47.31975,-44.99361
canagliflozin,24812758.0,-60.36962,-53.644794
aminopurvalanol-a,6604931.0,7.841979,14.213794
fisogatinib,91885617.0,64.719864,26.079697
bia-10-2474,46831476.0,50.458523,28.737112
triclabendazole,50248.0,4.871594,-50.852516
mivobulin,,-8.949047,-15.194992
rogaratinib,71611869.0,55.40984,14.550241
ciproxifan,6422124.0,-13.800791,24.38161
defactinib,25117126.0,4.1268926,-75.65405
ifosfamide,9588020.0,33.135624,52.62237
brigatinib,68165256.0,61.70366,20.227621
raf265,11656518.0,18.466852,-12.535685
sb-657510,11272107.0,15.460151,-68.69408
trazodone,5533.0,54.131092,37.791252
diphenylguanidine,7594.0,-12.327637,5.3797603
lometrexol,135413518.0,62.296337,-4.183443
"7,8,9,10-tetrahydroazepino[2,1-b]quinazolin-12(6h)-one",,33.006798,45.569023
remoxipride,54477.0,12.933562,34.148968
mepenzolate,13981865.0,-2.92078,52.03306
cgs-21680,3086599.0,67.087776,-9.432729
usniacin-(+),,-53.458336,-38.17777
"16,16-dimethylprostaglandin-e2",5283066.0,-65.49488,-14.481525
bmy-45778,127861.0,-9.957474,-36.878563
lpa2-antagonist-1,24882686.0,16.131447,-81.686806
chlorothiazide,2720.0,-1.9522996,-80.78442
enoxolone,10114.0,-78.10284,0.7460892
copper-histidine,71083.0,-12.413774,-1.7437251
scs,135445765.0,-32.652702,-14.891866
dalbavancin,16134627.0,-1.7623194,30.965406
1-octanol,957.0,-52.135773,-9.264005
"4-acetyl-1,1-dimethylpiperazinium",4392675.0,2.0842931,64.63014
phenylmercuric-acetate,9905811.0,-33.85648,-32.638363
vismodegib,24776445.0,-7.211901,-71.99286
methanesulfonyl-fluoride,11207.0,-19.401043,-55.07207
thiamphenicol,27200.0,-13.993491,-75.201996
enflurane,7059516.0,-29.927465,-34.41999
pravadoline,56463.0,14.552363,42.056942
apy-29,42627755.0,6.5748897,-5.5540752
ipi549,91933883.0,29.21968,-14.058637
uk-356618,10370504.0,-20.645237,-13.963566
salicylanilide,6872.0,-32.92906,-9.370086
cj-033466,10429706.0,48.351997,42.918743
bctc,9929425.0,50.852516,50.048946
tebipenem,9892071.0,47.77879,-33.642376
alverine,3678.0,-2.7891436,67.81214
enalaprilat,5462501.0,11.796567,22.587423
glyburide,3488.0,14.391256,-62.897484
gsk3326595,90241742.0,38.54034,38.01036
ubp-310,6420160.0,57.52777,-4.2810006
inositol,,-50.631134,-34.44251
nimorazole,23009.0,32.16613,-38.67658
hth-01-015,78357766.0,45.534576,28.581606
raltegravir,54671008.0,43.62089,-16.052128
cabagin,7098638.0,-49.256207,7.3789024
tetracaine,5411.0,-18.063797,61.66944
az-12080282,25253556.0,5.221167,-21.953197
tolterodine,443879.0,-11.80886,54.494137
benzyl-isothiocyanate,2346.0,-15.053636,9.628607
upamostat,9852201.0,24.614197,-76.51316
dihydroxyphenylglycine,10197959.0,-43.401604,-2.828944
monoctanoin,3085369.0,-56.923126,-15.817101
carbenoxolone,636403.0,-78.97483,1.1011059
nim811,6473876.0,3.7520568,27.58886
tinidazole,5479.0,32.066536,-37.896088
pagoclone,25273635.0,44.000877,3.5219939
lixivaptan,172997.0,45.816425,42.469578
tiaprofenic-acid,181380.0,-36.81375,-31.520624
felodipine,941699.0,-31.762598,-21.16987
cefazolin,33255.0,53.312492,-41.042706
amonafide,50515.0,25.156208,42.83159
flupirtine,53276.0,-9.241458,-14.779012
meropenem,441130.0,50.387093,-33.970997
clotrimazole,2812.0,7.4702945,0.9885904
clorsulon,43231.0,-9.037975,-69.69415
dppe,108092.0,-11.597959,59.85787
kinetin,3830.0,-2.4746425,-3.2286768
peposertib,86292849.0,61.11402,15.8757305
seclidemstat,135565033.0,16.52667,-70.16876
lenvatinib,9823820.0,0.20756872,-25.475317
verubulin,11414799.0,0.9005466,-19.206959
calcifediol,5283731.0,-74.41294,1.08046
ml3403,10938334.0,3.843294,-1.5800087
birt-377,9803375.0,40.377968,-3.941969
desoxycortone,6166.0,-88.79421,7.8726015
y16,989521.0,31.236008,-25.814505
mycophenolic-acid,446541.0,-84.80573,5.9475517
rosoxacin,287180.0,14.169756,14.027407
w-54011,59597209.0,-18.975039,55.169434
piracetam,4843.0,9.270484,26.541887
salsolinol-1-carboxylic-acid,6992720.0,-22.23024,31.011803
alagebrium,216305.0,4.9494514,5.337865
nsc-697923,394449.0,-4.2764754,-58.375557
s-sulfo-l-cysteine,7068808.0,-21.73717,-51.440536
5-fluorouracil,3385.0,-5.713801,-21.442017
e-2001,129687.0,7.5208044,59.935204
ripazepam,33474.0,42.856346,7.4395227
phenylbenzimidazole-sulfonic-acid,33919.0,-4.521817,-69.79779
cipamfylline,71356.0,49.472958,23.661457
emiglitate,72004.0,-9.773983,41.827145
eg00229,44631827.0,5.0369887,-82.737785
ly2979165,53246986.0,13.773627,-17.856112
sd-2590,9892815.0,19.91337,-65.80417
"5-(4chlorophenyl)-4-ethyl-2,4-dihydro-3h-1,2,4-triazol-3-one",35793.0,36.012306,-6.341684
ps178990,9882972.0,42.170044,-0.57604945
cv-1808,6917803.0,69.2819,-13.839576
sulisobenzone,19988.0,-14.340031,-60.831707
gr-103691,4302960.0,25.816437,28.512428
k-247,25767227.0,-53.703045,28.978828
bexarotene,82146.0,-60.183247,-3.5006378
compound-401,10039361.0,33.10975,36.500687
bi-d1870,44141268.0,56.70448,25.89589
l-161982,9961192.0,19.700052,-76.825096
altinicline,3036156.0,6.068241,67.25316
econazole,6604378.0,10.404769,4.101317
indoprofen,93283.0,23.78801,-5.269076
tranylcypromine,26070.0,-19.498821,9.879683
p276-00,23643976.0,6.921146,41.880665
dimethicone,24764.0,-29.532034,-38.666164
kanamycin,6032.0,-53.939827,32.178825
citicoline,13805.0,58.751564,-16.154541
t-0070907,2777391.0,23.5778,-44.17733
tiopronin,208825.0,-38.831116,12.704281
sch-202676,682802.0,8.250194,-2.7655294
parsaclisib,86677874.0,55.776737,6.8597364
dabigatran,216210.0,37.67679,21.574265
kb-r7943,4534086.0,19.631268,-47.492584
mesulergine,68848.0,11.676452,-78.022026
gemcadiol,37147.0,-52.376804,-7.830942
nav-26,60201418.0,61.894936,30.073654
arbutin,440936.0,-63.25194,-46.79982
ceftriaxone,5479530.0,55.75104,-41.560387
pyrvinium-pamoate,5281035.0,-5.6936893,5.475322
obidoxime,8251.0,7.9859276,51.74686
9-anthracenecarboxylic-acid,2201.0,-34.841408,-30.000235
kpt-185,53495165.0,30.92652,-19.739628
dalfopristin,124201618.0,25.909655,-70.143845
octocrylene,40424580.0,-59.029644,-10.854278
sar407899,15604510.0,-0.7215081,25.70795
amenamevir,11397521.0,16.926363,-77.24649
cym-5541,17253208.0,42.14083,40.62771
"3,3'-diindolylmethane",3071.0,-1.8375616,-0.13830948
morantel,5353792.0,7.2431946,66.65663
levobunolol-(+),5460339.0,-35.28789,38.694202
epicatechin-gallate-(-),107905.0,-51.59895,-49.916317
cm-4620,122507647.0,-4.7996855,-30.560476
ditolylguanidine,7333.0,-12.115603,5.041781
sbha,5173.0,-22.39369,-13.589186
epz011989,,24.865103,26.096441
propylene-glycol,259994.0,-64.46254,-36.773975
sch-58261,176408.0,15.96621,-4.765709
inositol-hexanicotinate,,-19.565367,-26.76414
sulfamerazine,5325.0,-4.1627984,-72.51805
"4,4'-ddt",3036.0,-29.576265,-31.077097
riboflavin,493570.0,59.438026,-9.533351
hexonic-acid,5311443.0,-65.56256,-38.289505
uracil-mustard,6194.0,60.361504,40.205597
pradefovir,9604654.0,65.04562,12.512904
lx7101,56962369.0,52.442326,23.164042
mcpp,1355.0,19.675577,67.20555
sb-203186,3272300.0,15.267021,48.859257
sorbinil,337359.0,7.3684454,-27.280529
2'-meccpa,10475082.0,70.30929,-10.651883
pavinetant,23649245.0,-0.997402,-69.24458
aprindine,2218.0,9.181702,72.52001
levosulpiride,688272.0,23.87366,-69.7638
ccmi,67042344.0,19.298183,-28.430458
gsk189254,9798547.0,30.703934,33.51745
sgc-707,90642938.0,38.713547,40.35707
butaclamol,37459.0,-0.20117272,48.289333
naringeninic-acid,637542.0,-46.38482,-30.824106
zk-164015,9806489.0,12.265964,-69.59226
proxymetacaine,4935.0,-16.44027,58.381004
niraparib,24958200.0,44.024326,31.965363
pi3k-in-2,58507717.0,31.88107,56.560787
ns-309,,15.960681,-33.26556
astilbin,119258.0,-50.90893,-48.66035
tanshinone-i,114917.0,-47.144444,-41.820774
prilocaine,6603976.0,-23.251354,44.08351
tifenazoxide,135410911.0,-2.743075,-80.12441
isrib,,-30.77116,28.767685
mut056399,44208849.0,-33.021854,-6.694953
glutathione,25246407.0,-41.23985,16.155603
vt-464,78357816.0,34.19316,-21.11905
ana-12,6977265.0,21.440016,16.001482
safingol,91486.0,-47.887867,18.80874
prasugrel,51698431.0,12.945106,48.818226
trepibutone,5536.0,-60.133892,-26.748753
riluzole,5070.0,5.8321166,-14.083205
2-cmdo,32224.0,16.450506,68.72914
unc0646,53315882.0,67.22774,17.665167
sb-206553,5163.0,37.184006,24.17619
iobenguane,60860.0,-13.632367,11.396796
sq-109,,-18.334736,14.969345
selamectin,9578507.0,-79.287094,15.491183
8-bromo-cgmp,135419186.0,61.80746,-17.483713
sun-11602,22245705.0,45.587635,49.395466
pyrethrins,5281045.0,-82.13471,-2.0784643
entecavir,135398508.0,69.77403,-12.210889
fluroxene,9844.0,-29.082758,-34.911785
sotagliflozin,24831714.0,-61.984383,-53.1909
pentetic-acid,3053.0,-13.226944,37.77906
lomerizine,3949.0,3.2207475,46.368343
flurbiprofen-(+/-),92337.0,-36.51527,-25.4492
gsk3787,2800647.0,7.691304,-85.87132
ansamitocin-p-3,131857169.0,-43.0656,50.704185
d-157495,53258905.0,64.14899,19.713482
afamelanotide,91898441.0,51.082073,-9.001782
vesnarinone,5663.0,25.673643,28.08968
chidamide,9800555.0,-8.975929,-12.917134
imatinib,5291.0,46.93456,50.80599
ibutilide,21149973.0,17.038038,-66.36087
quiflapon,60923.0,14.221411,10.251023
trapidil,5531.0,13.719443,-4.746645
zd-7114,121877.0,-31.840452,27.806948
paritaprevir,45110509.0,20.652615,-71.03959
leq506,45100669.0,28.613554,62.375652
ska-31,94880.0,-1.5400413,3.3768883
3po,5720233.0,-7.1103506,-3.0913978
gdc-0575,46917793.0,50.122314,42.374405
amezinium,71927.0,27.847235,-18.163465
diadenosine-tetraphosphate,21706.0,61.480564,-16.203596
altretamine,2123.0,-8.499514,3.6800678
gemifloxacin,42066947.0,76.55792,27.634731
josamycin,,-38.249275,52.25952
yo-01027,11454028.0,23.930964,0.8943128
solithromycin,,57.52966,4.782862
dfb,6604893.0,-27.958712,-31.11372
1-hexadecanol,2682.0,-52.136116,-9.264142
ly3000328,67475270.0,66.077934,29.894928
wye-354,44219749.0,43.237022,17.802307
4-methylhistamine,37463.0,-11.879686,19.689941
pindolol,155030.0,-37.19697,40.743225
"6,7-dehydro-17-acetoxy-progesterone",200136.0,-84.779884,-1.6061043
tetraethylenepentamine,8197.0,-16.492002,16.953695
mdl-29951,446916.0,-15.2599325,-3.8137708
mcc950,9910393.0,-7.6823707,-78.72119
cetylpyridinium,2683.0,4.5655427,64.35108
trimipramine,6604024.0,9.657524,72.090576
moxaverine,70882.0,-16.968761,-30.842266
tirapazamine,135413511.0,21.195295,-36.489037
bempedoic-acid,10472693.0,-62.190567,-13.261187
pik-93,6852167.0,7.028489,-71.13366
tnp-470,369976.0,-75.693726,18.058838
liothyronine-(isomer),71212.0,-40.914227,0.9491958
l-citrulline,9750.0,-44.861694,12.775167
cym-5520,25110470.0,31.892347,1.6504745
lacidipine,5311217.0,-32.39018,-21.409615
acecainide,4342.0,-22.004856,44.156147
broxuridine,6035.0,70.76779,-21.368034
loxistatin-acid,123664.0,-43.570236,21.509039
deslanoside,28620.0,-81.76794,12.975626
piperazinedione,7817.0,-32.13088,16.590395
af38469,72706115.0,-13.599007,-14.901611
sch-51344,9995890.0,41.779842,13.907119
celiprolol,11406333.0,-37.007954,31.23669
bicuculline-methochloride-(-),104872.0,0.39289692,39.9816
a-867744,23642319.0,0.43612716,-75.4415
atuveciclib,121488167.0,5.692786,-68.25848
derazantinib,46834118.0,47.42622,57.888184
blebbistatin-(+/-),5287792.0,10.185282,38.101597
idra-21,7048549.0,-2.0634143,-80.34295
substance-p,36511.0,47.82959,-9.710812
cefamandole,456255.0,54.024963,-42.244442
ly2090314,10029385.0,57.200874,37.602333
omdm-2,6604915.0,-32.260727,24.363888
dofetilide,71329.0,15.642599,-66.15319
ltx-315,46200994.0,2.6955125,19.425798
fg-2216,6914666.0,-19.35131,2.436946
prn1371,118295624.0,59.72762,24.458233
gnti,9826034.0,7.1997814,37.470676
convallatoxin,441852.0,-80.8794,12.015003
tinazoline,68818.0,-10.0485735,22.11458
vu29,11610682.0,25.623932,-40.688732
ldc1267,56847486.0,36.125523,-19.766315
estradiol-valerate,13791.0,-76.02226,-11.973502
calcitonin,,51.444256,-7.7770467
cbs-1114,6338223.0,-10.4502325,6.8487625
acetohexamide,1989.0,-8.142065,-78.45481
amiodarone,2157.0,-13.355391,59.901176
eflornithine,3009.0,-47.30978,11.851263
crystal-violet,3468.0,-11.108628,3.10972
pci-29732,22347110.0,14.452443,-10.8189
rutaecarpine,65752.0,38.550724,25.17336
fenoterol,688469.0,-32.623936,32.00094
sodium-butyrate,264.0,-51.984657,-11.911782
echinomycin,,53.25573,-32.131054
c-021,25141190.0,66.63565,18.550304
cym-5442,93977386.0,47.162697,0.5506409
furvina,6438461.0,15.694209,-45.426662
sym-2081,95883.0,-45.35128,8.890436
ivabradine,132999.0,20.424908,30.401608
hydroxytoluic-acid,6738.0,-48.792686,-32.321117
ccg-1423,40782280.0,-26.501923,-9.277029
tazemetostat,66558664.0,24.963308,26.105705
sulfaguanidine,5324.0,-10.278377,-69.23135
azd5582,49847690.0,19.813711,23.100622
brucine,442021.0,29.706984,27.617155
tribomsalan,14868.0,-31.868208,-9.063438
sb-399885,6918649.0,15.502516,-70.49138
meglutol,1662.0,-36.168392,-39.16319
epiestriol,68929.0,-73.343925,-10.999005
prednisolone,5755.0,-87.89144,8.99408
ercalcitriol,9547243.0,-74.8309,3.055039
fluvastatin,446155.0,11.307229,8.990601
melatonin,896.0,-2.6365325,19.762636
agomelatine,82148.0,-28.274641,23.107864
amd-3465,483559.0,13.767411,58.005756
bipenamol,43961.0,-52.89399,8.301447
norfluoxetine,9797657.0,-28.625145,38.11356
diiodothyropropionic-acid,160565.0,-56.26909,-30.337843
vercirnon,10343454.0,-0.253542,-61.215992
cmpd-1,11382492.0,-30.41477,1.581555
7-hydroxystaurosporine,3078519.0,29.578161,9.8469715
mk-2295,11247522.0,1.6515899,-3.8754618
gpi-1046,445501.0,14.899718,24.986998
cefsulodin,656576.0,51.859566,-41.032013
naftifine,47641.0,-1.9669647,70.7884
atipamezole,71310.0,0.13435091,0.3092717
silver-sulfadiazine,5459124.0,-4.186655,-72.6435
wnt-c59,57519544.0,-11.554018,-10.608184
midodrine,13589226.0,-34.50773,27.017742
thalidomide,92142.0,41.68065,10.372766
gw-501516,9803963.0,-13.723015,-37.029835
sari-59-801,92236766.0,7.64549,10.80542
vch-916,,5.148793,-43.642994
pipamperone,4830.0,54.351906,43.38892
kml29,71656212.0,29.774538,41.893208
tyrphostin-ag-1478,2051.0,0.5574493,-21.383316
hydroflumethiazide,3647.0,-1.950628,-81.39774
ldn193189,25195294.0,24.323309,61.6248
a-366,76285486.0,9.36992,39.961437
dextrorotation-nimorazole-phosphate-ester,25191609.0,32.268616,-39.175022
latrunculin-b,6436219.0,-73.41577,13.604475
pf-04136309,,64.20765,39.103592
ly3200882,121249291.0,51.057137,12.556609
nevirapine,4463.0,28.160334,-10.014845
jw-642,71656520.0,58.140865,47.07531
walrycin-b,3164070.0,33.09699,-3.457978
gefapixant,24764487.0,-0.57785,-64.73818
sulbactam-pivoxil,40537219.0,46.279633,-39.830654
gr-235,146898.0,-81.99497,-4.719491
acetylcysteine,12035.0,-40.20854,11.9125595
nizatidine,3033637.0,34.452152,-36.60544
salicyl-alcohol,5146.0,-45.538013,-32.887733
mk2-in-1,53475321.0,44.98171,45.292862
azd1080,10065474.0,33.696796,35.199852
calpeptin,73364.0,-39.075905,10.459267
sr-1664,53239854.0,23.076942,-39.65126
8-hydroxy-dpat,10125797.0,-7.3423185,55.013702
tymazoline,34154.0,-13.148155,26.94093
4-(aminomethyl)benzoic-acid,65526.0,-49.92053,9.963487
linifanib,11485656.0,21.546179,-16.313332
neurodazine,16112820.0,7.8490195,-13.925049
s15535,132787.0,19.759161,50.52725
selonsertib,71245288.0,23.515453,-15.948906
unc2250,,26.786644,54.037407
necrostatin-1,738301.0,36.525635,-4.3947163
n-methylquipazine,5013.0,13.523104,68.67067
fruquintinib,44480399.0,3.2081544,-26.101694
levocarnitine-propionate,157837.0,-17.711397,67.40986
ido5l,135424953.0,24.827377,-36.445713
faropenem-medoxomil,6918218.0,46.392136,-31.796593
benfotiamine,3032771.0,71.01866,2.2034132
pd-173074,1401.0,52.998215,22.980534
r-96544,10668211.0,6.7488813,47.80205
spiroxatrine,6603993.0,32.434357,32.423615
mezlocillin,71729966.0,26.569448,-72.16797
mitomycin-c,5746.0,55.468544,-36.921936
rifabutin,,35.198666,16.239855
ch55,6184667.0,-37.793396,-29.892147
stemregenin-1,46199207.0,8.026622,17.782795
clomipramine,2801.0,10.268865,71.84154
quizartinib,24889392.0,51.67487,13.627477
tenovin-6,24772043.0,-25.482632,47.185356
sb-216641,3292447.0,48.31836,13.122659
sb-221284,443389.0,36.775784,24.197435
benzoin,640038.0,-36.033997,-30.078789
ampicillin,7048611.0,46.62638,-36.6593
fenbendazole,3334.0,-2.5094829,-34.36897
brinzolamide,68844.0,23.089815,-71.28725
agn-192403,124581813.0,-21.627335,9.694631
caffeic-acid-phenethyl-ester,5281787.0,-59.07229,-29.236883
pentolinium,5850.0,1.2670037,66.94714
methapyrilene,4098.0,8.5136385,75.5918
ccg-50014,2733079.0,37.64758,-8.299596
pirenperone,4847.0,56.141724,29.876629
gue-1654,5066134.0,-0.6762927,-13.8007345
ew-7197,54766013.0,12.074155,-1.132098
spp301,9912992.0,0.13869111,-65.0398
apd668,11705608.0,17.3129,-75.00866
cefdinir,6915944.0,55.54679,-40.200314
gal-021,57340959.0,1.3670349,12.045215
rosuvastatin,446157.0,4.313949,-66.925064
sun-b-8155,,19.231445,-37.221058
gw-788388,10202642.0,48.138844,31.05697
citco,9600409.0,11.431375,2.5460484
bimu-8,,38.750755,4.9966016
ru-28318,3034004.0,-79.12948,0.52481085
pralmorelin,6918245.0,2.734692,19.413595
1-hexadecanal,984.0,-55.431374,-9.615895
aclidinium,11434515.0,-2.7809753,48.613304
su4312,6450842.0,22.082466,-7.45013
lipoamide,446116.0,-34.298798,12.337869
dimpylate,3017.0,-9.342076,-46.188824
linsidomine,65388.0,44.44207,16.506056
abt-702,1973.0,29.337994,56.801205
cor-170,25033736.0,41.092903,4.8752475
abt-202,39220800.0,21.200659,60.619663
tauroglycocholate,119420.0,-10.120043,-55.010666
ly225910,4355450.0,44.21104,3.724443
metaphit,114745.0,11.524016,63.00905
4egi-1,2831024.0,24.32035,-37.45798
pfi-4,40642506.0,50.995808,22.360529
chlorhexidine,9552079.0,-12.62348,14.804366
afn-1252,10407120.0,37.311466,4.970598
xl647,,65.69716,20.879166
genz-123346,23652732.0,21.34418,23.971582
pirozadil,68711.0,-17.659138,-31.330442
idazoxan,12866829.0,-11.109165,27.282856
potassium-iodide,,-30.51434,-33.000797
1-naphthyl-pp1,4877.0,13.445259,-7.039993
s-17092,9929984.0,35.53877,42.35026
flupentixol,5281881.0,13.210449,53.226734
olaparib,23725625.0,59.752563,35.756973
jd-5037,66553204.0,0.64730257,-77.2648
amg-517,16007367.0,4.272964,-27.383423
sgx523,24779724.0,11.093912,-5.9279156
thiazovivin,46209426.0,-0.8013008,-12.640247
candesartan-cilexetil,51399532.0,61.34393,3.7266798
motesanib,11667893.0,-5.326545,-14.024964
uk-383367,9818682.0,-21.734413,-14.661769
erdosteine,40467037.0,-35.47284,11.0824795
glycerol-monolaurate,656773.0,-56.923256,-15.817164
hydroxyprogesterone,6238.0,-77.29222,-1.2298883
uracil,1174.0,-6.4715157,-21.019169
bucladesine,9687.0,60.756844,-14.752605
hexasodium-phytate,,-31.19378,-46.64459
iem1460,3248290.0,-1.3623116,66.7167
am-1241,23583507.0,30.791927,-36.4183
lamotrigine,3878.0,1.7021695,-6.5215116
dihydroergotamine,10531.0,33.228123,16.066946
baz2-icr,91654625.0,12.8053255,-3.0545573
d-3263,44137358.0,37.84938,3.7058368
acetyl-l-leucine,70912.0,-41.002472,11.442521
cid-2011756,2011756.0,44.928635,45.194798
lm-22a4,2054170.0,-36.814674,15.333469
trimethoprim,5578.0,2.6626318,-20.237581
sangivamycin,14978.0,68.90179,-14.262451
l-monomethylarginine,73046.0,-52.45338,13.687426
ly2183240,11507802.0,26.370604,-19.91242
ly2510924,,49.33883,-9.942404
chlorpropamide,2727.0,-9.8382435,-79.10793
amiloride,16231.0,-6.9960275,-11.812214
nastorazepide,9872609.0,26.178291,20.1407
nsc-5844,221354.0,-0.7041704,9.775505
malic-acid,222656.0,-37.53848,-38.45578
ergonovine,443884.0,20.355183,39.373745
pf-915275,23725123.0,-4.6034446,-72.59747
cym-50260,44620894.0,-11.999331,-32.823597
phentolamine,5775.0,-8.024069,25.393356
ractopamine,9862660.0,-31.820536,32.37759
fludrocortisone-acetate,225609.0,-92.046104,5.1343226
ntrc-824,101873359.0,8.770346,-72.66899
doconexent,445580.0,-52.277477,-12.7802105
"2-ethyl-1,3-hexanediol",7057924.0,-51.689476,-8.798382
adelmidrol,176874.0,-39.99423,16.524487
2-oleoylglycerol,5319879.0,-57.020798,-15.833544
mdl-73005ef,6604719.0,30.371077,30.834965
sinefungin,65482.0,68.1655,-9.373886
zd-2079,158794.0,-28.933777,31.733297
temefos,5392.0,-14.613493,-59.021275
src-kinase-inhibitor-i,1474853.0,0.9867595,-20.725216
rimeporide,9799487.0,-11.761671,-66.19805
ccg-63802,6057678.0,21.167871,-10.503175
bfh772,24756034.0,-3.9911573,-25.192394
thonzonium,5456.0,7.6338987,78.57567
ky02111,8582409.0,7.3093367,-25.357061
7-chlorokynurenic-acid,1884.0,-13.509691,-25.87756
pyrazinamide,1046.0,-12.907411,-7.86253
fexinidazole,68792.0,29.047678,-38.386425
cct137690,25154041.0,28.825039,64.254105
rs-39604,5145950.0,16.800474,-68.61027
fk-962,9816738.0,43.111427,47.863125
way-208466,10337743.0,8.132216,-76.62029
nefiracetam,71157.0,8.394417,28.282372
tocofersolan,9938056.0,-82.15432,-11.704454
7-methylxanthine,68374.0,34.474182,-3.0285838
n-oxydiethylenebenzothiazole-2-sulfenamide,7619.0,22.723455,48.227352
bts-54505,9900576.0,-21.131458,11.082049
neo-gilurytmal,,16.049671,32.29788
iacs-10759,86711931.0,17.420063,-75.129295
adipic-acid,22494954.0,-48.854237,-15.14272
valpromide,71113.0,-24.676228,9.990411
abametapir,15664.0,-6.496028,-2.4014473
nepafenac,151075.0,-29.028004,-0.88793766
oxyphencyclimine,688541.0,-2.4102075,51.031174
fosamprenavir,131536.0,18.237309,-63.840008
ml314,53245590.0,66.44942,18.787832
bromperidol,2448.0,4.803426,57.756027
avl-292,59174488.0,-3.8465068,-27.336979
nlg919,70874604.0,-6.6258206,28.48169
soraprazan,213054.0,23.12568,10.417801
probenecid,4911.0,-14.8747,-68.285995
sib-1553a,10609936.0,-0.8779725,55.199726
pimonidazole,6713657.0,32.15985,-38.853477
niguldipine-(s)-(+),60602.0,30.810389,-51.802975
piperine,638024.0,30.130333,41.269417
nutlin-3,11433190.0,59.56385,23.522785
trans-4-methoxycinnamic-acid,699414.0,-47.418606,-29.204527
lornoxicam,54690031.0,3.2175314,-64.14716
4sc-202,15985904.0,-0.49971268,-72.82467
clonidine,2803.0,-7.573982,21.768364
"3,3'-dichlorobenzaldazine",6861557.0,-27.992905,-31.116848
uh-232-(+),6604756.0,-8.948836,55.32526
valspodar,5281884.0,4.0080814,27.584328
nsi-189,50922681.0,45.587677,50.892025
benzbromarone,2333.0,-43.945774,-45.143314
diacerein,26248.0,-47.52728,-38.83076
trifloxystrobin,11664966.0,17.71725,-48.353603
"trans-10,cis-12-conjugated-linoleic-acid",5282800.0,-53.370335,-12.183449
bio-1211,9961766.0,25.06592,18.213305
nalbuphine,5311304.0,5.933045,37.058716
bretylium,2431.0,-0.59393,69.65863
ioxaglic-acid,3742.0,-28.924253,11.829428
win-18446,15134.0,-35.72625,17.47907
golgicide-a,1085377.0,1.3019558,-2.7411993
cefmetazole,42008.0,54.182613,-41.690464
pimethixene,4822.0,11.295298,66.64739
prisotinol,76965811.0,-48.48935,-2.0048459
sulfafurazole,5344.0,-1.3800799,-70.91047
beta-carotene,5280489.0,-62.512115,-5.5549374
psb-11,,33.886326,-5.1777806
cephalexin,6560168.0,52.662785,-36.878727
melanotan-ii,134812787.0,49.073994,-8.247064
iodophenpropit,3035746.0,-9.642851,21.337173
vx-765,11398092.0,35.25183,12.552098
bleomycetin,92135919.0,47.31061,-3.126251
mexiletine,180621.0,-41.01574,31.311638
y-134,11784736.0,9.664408,43.23372
fpl-62064,128268.0,14.201044,-12.04787
chlormadinone-acetate,9324.0,-89.37717,0.76633865
prinomastat,466151.0,20.72627,-67.065
givinostat,9804992.0,-24.369547,-11.816929
imexon,24822698.0,31.177273,-2.1507926
antioxine,10364.0,-45.95676,-24.017445
amthamine,126688.0,-9.796569,18.84143
bl-5583,95864.0,-35.222225,-30.873846
robalzotan,3055171.0,35.29705,49.462482
indatraline,126280.0,-18.288733,7.9678936
acetanilide,904.0,-23.970589,-5.6782637
riodipine,68909.0,-31.01512,-22.006163
clonixin-lysinate,9822751.0,-16.635271,-15.79115
ro-9187,11514721.0,67.59688,-18.608519
cladribine,20279.0,71.10914,-11.632716
pipofezine,159977.0,29.344477,60.779026
resorcinol,5054.0,-45.43763,-31.628895
cinpa-1,969470.0,24.947834,38.870388
salicin,439503.0,-62.89794,-47.090218
almorexant,23727689.0,20.749556,32.50665
levcromakalim,93504.0,28.396599,25.549852
o-acetyl-l-serine,99478.0,-45.73156,8.956854
php-501,46204221.0,43.177868,31.975916
chlorindanol,8961.0,-41.9998,-24.33767
way-362450,10026128.0,31.827646,4.782834
"l-732,138",44396853.0,-16.8706,-1.1984582
ospemifene,3036505.0,-59.520855,-30.79511
thioguanine,2723601.0,-1.907235,2.3148396
sarafloxacin,56208.0,75.11831,25.835732
clevudine,73115.0,69.555534,-22.151867
"hydroxytacrine-maleate-(r,s)",667530.0,-4.572214,11.26557
droloxifene,3033767.0,-10.436045,61.172024
dapsone,2955.0,-10.728299,-68.14854
xenalipin,55251.0,-36.64929,-25.515352
candicidin,,-55.553493,36.488773
bevenopran,10452732.0,-3.7198381,27.291794
gmx1778,148198.0,-11.530436,15.494134
octopamine,657354.0,-34.910328,33.797314
zileuton,10681296.0,-19.128372,-8.637232
mevastatin,64715.0,-81.51883,3.011059
decitabine,451668.0,71.251854,-20.033049
phenoxybenzamine,657233.0,-10.127449,59.373577
casin,1600664.0,-12.650392,23.250845
sivelestat,107706.0,-7.3887653,-61.047253
procaterol,688561.0,-18.30792,4.138712
bemegride,2310.0,-25.272917,6.862194
cudc-907,54575456.0,52.763206,12.924155
mdivi-1,3825829.0,34.130505,-10.222423
delafloxacin,487101.0,76.84282,26.631762
oridonin,5321010.0,-81.808914,11.605095
dolastatin-10,9810929.0,16.74336,24.377922
cleviprex,22884799.0,-31.777704,-21.05441
fiacitabine,50312.0,69.02305,-21.923859
sclareol,56842011.0,-74.48649,0.8038356
pirenoxine,4846.0,-14.379078,-25.184769
apixaban,10182969.0,47.938667,15.935911
vx-11e,11634725.0,-11.436419,-13.474834
setiptiline,5205.0,10.53704,66.960236
cgp-53353,6711154.0,8.595632,-29.995485
bafetinib,11387605.0,47.81304,50.472332
brl-52537,14810948.0,39.456585,49.87183
narasin,,-78.54905,8.860385
diosmin,5281613.0,-58.249187,-48.634518
ribostamycin,33042.0,-54.372303,32.139244
evatanepag,9890801.0,8.62209,-62.591454
sr-2640,128355.0,-11.797191,-24.294043
sib-1893,5311432.0,-6.9624863,-2.5386765
anpirtoline,65854.0,-15.55874,22.107271
bci-540,214346.0,33.180153,31.007502
gsk2126458,25167777.0,1.7153829,-66.129326
indole-3-carbinol,3712.0,-11.553086,-3.4797087
pf-03882845,101541332.0,17.23842,0.6458127
oritavancin,16136912.0,-2.440396,30.154177
n-hydroxynicotinamide,71211.0,-16.589373,-8.996816
betamethasone-phosphate,107782.0,-91.45115,9.750116
symclosene,6909.0,22.246878,-21.379816
imreg-1,7021857.0,-37.617573,23.923487
anisomycin,253602.0,-45.97933,30.81361
talinolol,156154.0,-33.505577,38.509502
androsterone,5879.0,-74.281166,-8.377727
n6022,44623946.0,38.251877,21.88134
bitopertin,24946690.0,17.035679,-75.05983
4bp-tqs,6979017.0,-5.9645653,-74.53567
glucosamine,441477.0,-54.05582,30.28982
hyodeoxycholic-acid,5283820.0,-76.31395,-7.11561
loratadine,3957.0,15.340905,66.22157
asenapine,163091.0,-1.636307,59.790565
cinacalcet,156419.0,-20.334108,15.975314
aliskiren-hemifumarate,5493444.0,-38.25654,27.088682
tenilsetam,52539208.0,-32.045376,16.597246
dcebio,656765.0,35.670837,-5.630179
tiotropium,,-6.967919,45.774143
sb-205384,15991599.0,8.960448,-25.195742
lta,10219864.0,-13.25744,4.035588
benzydamine,12555.0,17.355742,36.44366
sulfamethizole,5328.0,-2.5583315,-73.25203
methoxyflurane,4116.0,-30.054834,-34.69888
l-ascorbyl-6-palmitate,,-65.71296,-17.40174
zln024,1825716.0,-11.970984,-32.93463
etifoxine,135564604.0,-8.285805,-6.431349
amodiaquine,3647519.0,4.278745,11.809003
moxifloxacin,40467042.0,76.11643,25.722475
apremilast,11561674.0,12.482658,-65.90329
sardomozide,9576789.0,-10.389384,8.394094
rg2833,56654642.0,-26.523155,16.585506
zafirlukast,5717.0,10.954215,-67.03594
cgs-9896,108030.0,28.800629,-16.793674
mk-1775,24856436.0,52.29877,15.310519
acepromazine,6077.0,11.54348,73.84932
methylbenactyzium-bromide,4134.0,-14.5827055,63.379795
tribromoethanol,6400.0,-28.99897,-34.736984
oco-1112,3081027.0,-34.624844,28.48221
exifone,40399.0,-48.941998,-34.30654
rislenemdaz,11394238.0,55.799824,49.065525
methoxamine,657286.0,-44.52033,-1.7471739
2-phenylmelatonin,4018512.0,-2.747308,19.846943
sx-011,9935015.0,32.327343,26.331753
clobutinol,,-7.196322,65.340996
mofezolac,4237.0,-9.172645,-38.780025
"4,5,6,7-tetrabromobenzotriazole",1694.0,8.289843,-7.385391
n-[2-(piperidinylamino)ethyl]-4-iodobenzamide,127898.0,41.7313,46.958336
argatroban,152951.0,24.865807,-75.902824
dequalinium,2993.0,17.220547,73.07335
incyclinide,,-31.298922,-6.657197
vx-702,10341154.0,-6.6409717,-10.163256
sr-33805,9850876.0,12.187599,-69.224556
wp1130,11222830.0,-10.454644,-7.843342
ns-19504,727750.0,-0.97774005,3.81044
broxaldine,77262.0,-13.5414095,-27.688051
rifapentine,136238508.0,35.741833,16.839706
fh-535,3463933.0,-3.8723142,-59.8028
pelanserin,65435.0,50.40577,24.77861
azd4282,750.0,-48.722942,9.620224
neohesperidin-dihydrochalcone,30231.0,-62.127735,-48.87015
cgp-37157,6604821.0,1.4958749,-14.631798
tandospirone,91273.0,40.297592,31.882812
sameridine,65996.0,2.3436966,64.69291
hmn-214,9888590.0,-0.29277262,-62.038307
wdr5-0103,6457069.0,24.760508,28.659824
tioguanine,2724387.0,70.274826,-15.016575
difluprednate,443936.0,-91.93725,3.9170303
befuraline,68664.0,36.447113,42.15351
clopidogrel,60606.0,13.011605,48.88894
tipelukast,9893228.0,-60.79971,-26.857481
jdtic,9956146.0,25.385368,21.44126
galeterone,11188409.0,-70.85099,0.45361075
nt157,135398520.0,-41.951904,-9.320348
17-hydroxyprogesterone-caproate,169870.0,-85.390076,-1.1428185
bay-k-8644-(s)-(-),6603728.0,27.602554,-53.041523
tariquidar,148201.0,34.693657,19.965334
pexmetinib,24765037.0,55.444138,7.8290615
dinoprost,5280363.0,-66.297035,-15.87899
rifampin,135925261.0,35.6092,16.86507
act-462206,40924317.0,18.955536,-69.32483
esi-09,6077765.0,20.186136,-28.18058
ligustilide,5319022.0,-71.39789,-22.623053
prulifloxacin,6556267.0,73.69634,21.532352
euk-134,,17.063269,40.16757
mdl-11939,76958673.0,4.6868653,55.637592
ponesimod,,46.222076,8.110458
badge,6994088.0,-58.374004,-40.892357
reversan,2298706.0,35.515335,39.650135
meglumine,8567.0,-66.728836,-36.994087
rq-00203078,49783953.0,3.8907714,-58.529095
5-hydroxydecanoic-acid,13309539.0,-54.22558,-12.996512
gsk2981278,89875987.0,14.607868,-66.26397
bromopride,2446.0,11.484251,34.565784
psi-6130,6481236.0,68.744644,-22.221233
bay-85-8050,7005049.0,-45.1547,8.849834
c11-acetate,168049.0,-30.733498,-32.989063
rebastinib,25066467.0,33.2812,-18.013071
risperidone,5073.0,53.96487,30.210186
fr-122047,196841.0,23.443523,30.104837
atosiban,,50.99564,-3.2860506
ditiocarb-sodium-trihydrate,8987.0,-16.487043,43.167652
ibuprofen-lysine,15009332.0,-44.386147,14.860219
1400w,1433.0,-13.725286,11.521585
nvp-auy922,135539077.0,46.25387,14.351741
reboxetine,127151.0,-17.15414,32.79343
ku-0063794,16736978.0,69.34403,17.459084
sb-225002,3854666.0,20.649277,-43.198826
cefetamet,5487888.0,56.133484,-40.37296
repsox,449054.0,8.358851,-7.80319
perindoprilat,72022.0,13.4540415,21.420317
mertansine,131847656.0,-42.97573,50.643326
homoharringtonine,285033.0,-4.875468,41.100815
nvp-bsk805,46398810.0,27.390482,59.664383
mi-14,91758319.0,15.83636,-81.09928
oprozomib,25067547.0,21.79427,19.323645
sch-28080,108137.0,13.015666,-13.738049
bms-387032,3025986.0,19.673254,14.112614
gzd824,51038269.0,49.260883,35.90311
cholesterol,5997.0,-73.42916,-0.096815035
hexoprenaline,24993924.0,-27.788214,32.07206
ml348,3238952.0,45.592163,45.726185
org-26576,13584912.0,31.171764,38.953236
emd-66684,9892554.0,45.0051,22.258251
azd9056,10161381.0,-34.22865,17.815313
cinnarazine,1547484.0,9.951389,61.446926
camicinal,15984937.0,43.37504,47.90916
promazine,4926.0,11.655258,73.455376
moguisteine,219046.0,16.061447,27.349327
naringin,442428.0,-59.049152,-49.578632
pf-431396,11598628.0,4.7950616,-77.43057
guaifenesin,6950715.0,-60.609707,-32.566467
at-406,25022340.0,26.123816,17.788437
abt-724,5025739.0,22.358164,61.959274
doxepin,667468.0,-0.6594391,73.37648
azomycin-(2-nitroimidazole),10701.0,26.439337,-38.50492
enmd-2076,16041424.0,26.491915,62.260506
sulfamethazine,5327.0,-4.127087,-72.35016
citric-acid,88113319.0,-37.25679,-39.344757
atizoram,9861730.0,-26.806168,25.85469
oxantel,5281087.0,-0.05474633,56.032764
gepefrine,10057685.0,-46.875225,-1.5985302
metronidazole,4173.0,31.390078,-38.446995
eslicarbazepine-acetate,179344.0,20.539799,-4.943153
fondaparinux,5282448.0,-14.753178,-53.01936
lesinurad,53465279.0,17.549057,1.2207625
fenoverine,72098.0,30.168427,40.69767
ipag,4239764.0,-13.202697,6.619123
tc-e-5006,97289132.0,4.9204984,60.205517
azaserine,,-45.727757,10.229476
gw-1929,6518171.0,21.690668,9.930788
ranitidine,9883333.0,34.435417,-36.6487
quinpirol-(-),54562.0,7.590391,69.283714
honokiol,72303.0,-44.151627,-33.55177
talipexole,5374.0,16.84138,61.239166
sb-216763,176158.0,22.653969,-7.3626184
cay10505,1204893.0,8.494491,-35.58642
naloxegol,56959087.0,4.877577,37.083714
a-674563,11314340.0,13.696414,-14.477536
10-hydroxycamptothecin,97226.0,31.393625,11.720476
chloramphenicol-sodium-succinate,656580.0,22.69928,-49.470917
nelotanserin,11683556.0,31.845873,-19.394615
apricitabine,455041.0,73.11477,-20.265278
sucrose,5988.0,-63.737522,-44.088833
pf-4800567,53472153.0,64.46595,12.84629
tc-i-2000,57326391.0,53.44599,46.42178
nu-1025,135398517.0,-5.401067,-18.51559
bay-11-7082,5353431.0,-14.293029,-65.69903
mm-102,54766613.0,-26.979757,19.28008
safflower-yellow,,-65.17872,-49.411915
rupatadine,133017.0,15.308535,66.27894
tamsulosin,129211.0,15.814021,-65.21658
ly450108,9843690.0,-12.208971,-72.0575
dromostanolone-propionate,,-79.574005,-6.4983916
mj-15,59377482.0,35.92938,-14.21495
irganox-1010,64819.0,-60.496784,-25.542107
tasuldine,65666.0,-6.1575627,-1.1489791
desonide,5311066.0,-83.259544,8.495933
pipenzolate,16048561.0,-2.8111174,52.119354
tas-103,135413533.0,14.2731085,38.06566
exo-1,310557.0,-27.915564,-4.517618
lutein,5281243.0,-68.51204,-5.819773
sb-683698,9912743.0,-37.287437,4.2975364
exisulind,5472495.0,-18.194407,-65.753845
adoprazine,9887537.0,19.75763,51.52791
atovaquone,,-42.41692,-40.35593
mupirocin,446596.0,-78.0973,11.281681
cc-223,,53.723824,15.904618
irinotecan,60838.0,31.85725,13.346834
zidovudine,35370.0,68.39447,-19.826155
spermidine,1102.0,-16.24234,16.523787
piketoprofen,68571753.0,-11.376866,-9.669645
roxarsone,5104.0,19.870594,-45.583176
radotinib,16063245.0,22.60899,-13.1859255
caroverin,65709.0,19.858976,32.156116
ziprasidone,60854.0,49.838875,40.02152
isradipine,13773524.0,13.34281,-38.565598
veliflapon,123723.0,-15.875088,-25.8643
imipramine,3696.0,9.656297,71.968735
nelociguat,11690019.0,38.65311,-15.648111
dodecyl-sulfate,8778.0,-21.863173,-57.858406
eit-hydrobromide,5139.0,-12.540762,10.582071
brl-26314,14259155.0,-51.060944,9.059169
emamectin,118704765.0,-78.21634,14.152186
aztreonam,5742832.0,46.983353,-43.56477
apabetalone,135564749.0,21.738874,8.319989
thioridazine,66062.0,12.513266,72.476685
arundic-acid,208925.0,-54.395447,-10.839524
torin-2,51358113.0,28.46552,-9.341532
imidacloprid,86418.0,32.379395,-34.73006
tosufloxacin,488360.0,75.972595,26.83758
2-pyridylethylamine,75919.0,-14.073043,18.729876
tienilic-acid,38409.0,-56.990128,-31.3003
flunarizine,941361.0,8.590408,61.98794
metatinib,44155856.0,-2.1982777,-23.985573
diphenidol,3055.0,3.9321258,55.645664
khs-101,71304818.0,-0.45175755,5.793503
thonzylamine,5457.0,7.6283092,78.52746
dexlansoprazole,9578005.0,4.7560554,-54.418648
phytosphingosine,122121.0,-48.03221,18.8782
sm-164,17756618.0,26.764132,17.651
acetohydroxamic-acid,1990.0,-20.830555,-9.447306
clebopride,2780.0,64.27722,31.224937
eprinomectin,86289908.0,-77.86126,14.367613
sumatriptan,5358.0,10.639059,-77.16589
avasimibe,166558.0,-7.4640813,-62.106174
wy-16922,198325.0,-36.440296,-9.676292
nintedanib,,34.807766,17.880072
phenelzine,3675.0,-17.76871,16.78746
lymecycline,,-22.798212,4.0500317
acetazolamide,1986.0,-2.0947018,-72.69482
penicillin-v-potassium,6869.0,47.160656,-37.310013
aprepitant,135413536.0,59.53497,9.787867
varenicline,5310966.0,-18.898409,22.6047
diloxanide,19529.0,-28.997614,-10.773674
prochlorperazine,4917.0,13.668337,71.25073
flt3-in-1,90052320.0,45.864666,51.316177
eprazinone,29962149.0,1.972577,58.404118
resorcinol-monoacetate,5055.0,-47.180073,-29.395401
temoporfin,,-7.315395,-34.476658
edtmp,15025.0,-12.074635,36.712692
iodoantipyrine,8522.0,28.398771,-19.135698
chlorogenic-acid,1794427.0,-54.727226,-33.826324
tribenoside,12874922.0,-57.512657,-41.712322
isoxsuprine,42066885.0,-32.70315,32.15209
nnc-63-0532,9803475.0,27.672226,29.984531
efinaconazole,9819704.0,15.49928,3.3808217
butoconazole,476417.0,8.740888,3.029329
nizofenone,4514.0,30.629984,-36.387886
sn-38,104842.0,31.479313,12.089345
azd8835,76685059.0,50.35977,13.003221
mk-0752,,-10.492993,-76.09114
evans-blue,6804600.0,-6.919899,-64.001
i-bza2,1816834.0,-21.353992,43.550156
pilaralisib,56599306.0,1.1063479,-64.78073
eluxadoline,130406582.0,27.518002,9.208176
gnf-5837,59397065.0,9.608542,-31.79824
nilotinib,644241.0,22.608969,-13.186319
dinoprostone,5280360.0,-66.20271,-15.709927
ozanimod,52938427.0,47.15591,0.5315359
p7c3,981442.0,7.2808247,11.589403
gm-1485,9837656.0,14.55466,24.749794
aq-13,3805581.0,18.469387,75.72166
levocabastine,,4.9279866,60.18136
idelalisib,11625818.0,26.291176,-11.283686
ym-90709,1103147.0,11.997258,-13.497727
adefovir,60172.0,66.70559,1.8175945
ramosetron,135418340.0,-6.660871,28.442734
tetroquinone,36689751.0,-50.58324,-34.28497
canrenone,13789.0,-85.24141,-4.9031425
zomepirac,5733.0,10.483171,9.7189865
sunitinib,5329102.0,53.23893,34.95028
sd-169,14973220.0,-3.0023437,-12.593709
vanillin,1183.0,-49.361153,-28.169758
tu-2100,4342838.0,-60.240086,-25.37935
rs-23597-190,182593.0,14.072028,46.009468
gr-79236,9884817.0,68.52047,-10.5985985
erythromycin,,-37.60785,51.710938
trimetrexate,5583.0,3.0349958,-19.718966
prt062607,44462758.0,44.836155,33.48515
digitoxin,441207.0,-80.75079,12.136302
cinepazet,6434395.0,19.794945,27.83888
swainsonine,51683.0,-8.809275,41.087017
ro-19-4605,127382.0,33.529602,6.2356615
ggstop,139340107.0,-44.398407,3.64388
zinc-undecylenate,11179.0,-33.34056,-43.106586
afatinib,10184653.0,64.57664,23.746689
l-quisqualic-acid,6971145.0,-2.9131658,-42.450047
snc-80,123924.0,18.701824,32.975212
2-apb,1598.0,-19.230171,17.477558
meclofenoxate,4039.0,-9.233784,58.55862
lazabemide,71307.0,-33.443718,15.557659
quetiapine,5002.0,15.196931,53.343685
17-pa,25068278.0,-71.94376,-1.1311803
rilmenidine,68712.0,-10.9561825,29.360632
hydroxocobalamin,139031134.0,52.66941,-14.5902195
oglemilast,11387409.0,2.4036648,-66.41164
prazosin,4893.0,55.121624,18.896786
tg-100572,11712625.0,62.84347,13.443304
oxaloacetate,54676101.0,-37.324432,-36.249096
solifenacin-succinate,154059.0,32.387215,39.47658
paroxypropione,6271.0,-45.420197,-29.596375
baricitinib,44205240.0,10.928661,-80.243614
cyclovalone,1550234.0,-52.183033,-28.62716
ly456236,9926999.0,0.7772086,-19.585299
pf-03758309,25227462.0,44.818157,25.733786
amg-208,24864821.0,13.812221,-13.649266
lfm-a13,,-26.479704,-6.3543906
nnc-05-2090,9888030.0,8.963375,40.35372
rufloxacin,58258.0,74.51283,22.836746
bornyl-acetate,247573.0,-80.50017,-7.8760815
chlorpropham,2728.0,-28.688599,-7.8550076
sulfaphenazole,5335.0,-0.83583325,-73.54996
dg-172,57342889.0,15.684131,68.33388
xilobam,6434391.0,28.468489,45.255653
i-bet151,52912189.0,30.588413,-13.635229
perzinfotel,6918236.0,-10.495608,37.067616
ketoprofen,180540.0,-36.616707,-30.168526
zometapine,135410917.0,13.706691,-0.33468568
piperonyl-butoxide,5794.0,-61.35771,-21.35927
gs-6201,11270783.0,41.039143,3.5050673
pha-665752,10461815.0,19.417374,-80.8313
cinepazide,5282459.0,19.697775,28.105051
pidolic-acid,7405.0,-35.933014,11.507033
enzastaurin,176167.0,37.34381,28.976711
lxh254,90456533.0,63.06769,27.259293
sb-590885,135421339.0,23.317177,10.514159
nitecapone,5464105.0,19.30323,-44.51113
otamixaban,5496659.0,19.375149,-36.49591
rosiglitazone,10021239.0,45.703968,8.804355
trilostane,5311487.0,-74.964424,-8.799273
ketorolac,181817.0,9.768431,10.40934
tanaproget,4369524.0,15.971802,-8.219311
linsitinib,,8.2947855,-16.590261
imeglimin,24812808.0,-9.049653,4.4312425
ropivacaine,175805.0,29.52659,45.672215
dasatinib,3062316.0,47.79549,40.528126
ucl-2077,24868317.0,-7.8740897,-1.0594993
carprofen,6997572.0,-17.452847,-21.199493
iti214,42639643.0,50.51685,34.795235
bay-2402234,134470179.0,42.6624,-17.854362
mk-3697,46190695.0,0.50801754,-29.559597
org-12962,9796408.0,19.735565,67.33006
viomycin,,55.573856,-6.353645
gw274150,9797017.0,-52.338936,14.492084
bevantolol,36690919.0,-27.497068,31.812443
baicalein,,-49.690403,-48.69979
debio-0932,44156921.0,38.70632,60.86206
dihydrostreptomycin,73707353.0,-56.038876,33.26431
7-hydroxy-dpat,23928184.0,-7.4306717,55.027996
gs-143,121513876.0,33.171513,-26.83203
anisotropine,,-6.4925337,48.25464
cipargamin,44469321.0,3.7961013,-15.698967
vx-745,3038525.0,27.734419,-14.505238
flumequine,6918894.0,16.446594,13.121612
dihydrotachysterol,,-73.49558,-0.59799516
beta-hydroxy-beta-methylbutyrate,129010087.0,-35.509235,-39.226208
val-tyr,7009555.0,-40.562664,9.292853
loxapine,3964.0,16.974333,68.76041
buparvaquone,,-82.83824,-7.7443814
jzl-184,25021165.0,32.769753,-46.010338
foretinib,42642645.0,65.81359,29.371721
glipizide,3478.0,7.521146,-82.83701
propentofylline,4938.0,37.271397,3.060926
5-hydroxymethyl-tolterodine,9819382.0,-11.879102,54.520084
lycopene,446925.0,-62.064327,-6.8812685
az-628,11676786.0,27.932295,-6.758962
fasoracetam,198695.0,9.18171,26.361732
r-1485,11689373.0,13.054693,-81.186424
r406,11213558.0,2.2273297,-25.181284
2-tedc,6069552.0,-59.00035,-29.403214
cabergoline,54746.0,21.494917,40.36256
bacampicillin,66586207.0,46.853214,-37.886536
hoku-81,3045414.0,-39.756813,36.50996
as-703026,44187362.0,-28.837202,8.921433
bismuth-oxalate,,-37.00208,-36.141624
alpelisib,56649450.0,34.477592,22.391449
nilvadipine,10340038.0,28.26561,-52.979176
bms-214662,448545.0,11.498996,-82.180016
coti-2,91810660.0,23.905539,61.291416
frax486,68060125.0,55.933903,36.522526
perifosine,148178.0,-20.348984,69.75599
sparteine-(-),644020.0,12.650594,61.51959
kg-5,53328059.0,7.2090673,-22.909327
pilsicainide,4820.0,7.969145,29.76516
cftrinh-172,1554210.0,9.556297,-36.054504
alogliptin,11450633.0,50.88632,24.730635
cyt387,25062766.0,36.91547,38.50074
ai-10-49,49806644.0,11.015011,47.564117
at-1015,9805664.0,39.14827,46.46999
emd534085,23634407.0,40.65157,39.09739
azilsartan-medoxomil,135409642.0,61.345844,3.5087242
enprofylline,1676.0,40.295113,3.2900114
bgp-15,92211270.0,8.041916,51.43664
pirarubicin,11296583.0,-53.770473,37.79152
pirodavir,71345.0,29.63705,50.287193
tacrine,1935.0,-4.9945245,10.214579
ac260584,9928284.0,59.82058,30.211409
gw-6471,446738.0,-11.186015,32.073174
zd-7288,123984.0,-10.136397,3.0401332
acarbose,444254.0,-54.548553,30.652735
sulfamethoxazole,5329.0,-2.5790148,-71.844894
u-0521,21632.0,-48.5128,-26.03662
xylose,644160.0,-65.46155,-37.923744
megestrol-acetate,11683.0,-84.78165,-1.6087619
desipramine,2995.0,9.227454,71.426155
dotmp,124761.0,-11.777495,36.784214
nms-e973,135566652.0,35.464336,-40.62786
clemizole,2782.0,16.010912,64.03105
beclamide,10391.0,-34.707817,17.250908
dynasore,135533054.0,-32.560963,-14.7407465
carazolol,13023331.0,-37.159313,40.700596
her2-inhibitor-1,42598643.0,13.120025,-71.96432
n-acetylcarnosine,9903482.0,5.9320636,21.210947
escitalopram,146570.0,-3.6187208,63.0834
dapt,5311272.0,-35.484768,6.1422276
rifamycin,5282048.0,3.687426,-34.456127
articaine,6604377.0,-23.750277,43.854683
levomenol,442343.0,-65.26677,-4.4608645
gs-967,58118983.0,15.544852,-12.644479
paquinimod,54684617.0,26.388222,-4.7933927
(r)-(-)-rolipram,448055.0,-27.261139,25.574009
methionine,84815.0,-49.13187,7.480125
mk-0773,11950726.0,48.79669,44.465786
niclosamide,4477.0,20.69156,-43.000954
pf-03814735,51346455.0,48.366077,45.526123
masitinib,10074640.0,46.988384,51.095383
epothilone-b,118184795.0,-72.90567,12.848877
metoxibutropate,836891.0,-53.063736,-27.59687
sgi-1027,24858111.0,-3.3673716,-10.917899
flurbiprofen-(s)-(+),72099.0,-36.515377,-25.449043
aripiprazole-lauroxil,49831411.0,59.872852,28.139479
pd-168568,9928335.0,39.144207,31.89994
brd4770,72193870.0,37.256794,23.41724
fenigam,685623.0,-49.82818,10.374116
nefazodone,4449.0,61.63347,12.7610445
hexylresorcinol,3610.0,-62.171886,-18.397566
ldn-27219,1150683.0,39.125225,-7.844067
bay-60-7550,135564787.0,42.255474,-13.900307
sp-141,59620153.0,-16.040947,-28.917135
gtp-14564,3385203.0,8.759448,-8.46126
pp-2,4878.0,13.504502,-6.971772
ntzdpa,9954280.0,11.957077,7.1062727
docusate,40473171.0,-22.108799,-57.953934
endoxifen,10090750.0,-26.347992,39.367645
gsk2256098,46214930.0,24.085705,-16.056927
lgk-974,46926973.0,-11.2110815,-10.719083
sr-1078,17980288.0,-25.83718,-7.6260023
ethylnorepinephrine,25271661.0,-44.38601,0.08756445
quipazine,5011.0,22.228863,62.019154
ethyl-2-(carbamoyloxy)benzoate,145917.0,-36.96089,-8.900828
triclosan,5564.0,-41.949265,-25.853325
cgp-71683,,9.1779995,-84.29389
zalcitabine,24066.0,71.870346,-20.124544
daclatasvir,25154714.0,30.735882,21.835962
gw-627368,5312130.0,12.280779,-65.738655
ertugliflozin,44814423.0,-61.843357,-52.445683
gestodene,3033968.0,-70.53959,-2.742447
sultopride,29010876.0,24.082554,-69.432556
pf-05175157,52934180.0,44.317955,23.296576
lsz-102,118574930.0,-43.864452,-46.609886
3-deazaneplanocin-a,73087.0,66.93724,-12.806939
griseofulvin,441140.0,-53.791374,-40.34395
o-3m3fbs,770820.0,-10.457734,-71.96882
fr-180204,53338808.0,7.162066,-5.7570148
ore1001,448281.0,9.576653,13.189837
dvd-111,180496.0,13.328356,22.534006
fgin-1-43,3995234.0,41.314888,52.37151
tamibarotene,108143.0,-24.371655,-1.5164422
brivudine,446727.0,70.68017,-20.70203
sparfosate,46936683.0,-24.453705,-48.098053
brl-50481,2921148.0,-4.7309384,-59.40816
gbr-13069,5974189.0,7.3568335,56.067772
ambenonium,2131.0,-21.101477,43.18123
wz8040,44607531.0,47.32266,51.465313
cebranopadol,,18.70496,52.929844
acdpp,16759169.0,-6.5768023,-11.301558
astx660,118169620.0,38.124462,14.231026
gw-441756,9943465.0,22.49682,-7.885893
gdc-0623,42642654.0,57.4948,1.085309
captan,25775509.0,11.032922,-34.42918
"1,12-besm",4283.0,-15.998769,15.859764
caspofungin,16119814.0,50.017708,-2.230454
metergoline,28693.0,21.93641,38.664116
ml213,1219187.0,-22.231981,7.8045783
nm107,500902.0,68.50498,-17.965496
sitravatinib,25212148.0,51.758488,8.335772
telbivudine,159269.0,70.595955,-20.366055
ro-61-8048,5282337.0,-2.431839,-61.872814
amiselimod,16129483.0,-43.154922,30.081612
centhaquin,162163.0,20.051977,64.93388
metoprolol,157716.0,-34.74421,36.785946
3-carboxy-4-hydroxyphenylglycine-(r),6604713.0,-42.721443,-3.2128193
gsk2578215a,68107965.0,-2.6181011,-26.269022
urolithin-a,5488186.0,-47.15846,-45.218628
thymopentin,451417.0,-40.590355,23.725266
indium-tri(2-propanolate),57346963.0,-29.813524,-39.583355
jnj-7777120,4908365.0,42.418068,50.491055
cutamesine,9907323.0,2.6696713,45.469196
actb-1003,23653175.0,50.97892,32.471172
voclosporin,6918486.0,3.7457252,27.591017
carbadox,135511839.0,20.310015,-36.405643
pnu-142633,9845148.0,31.510923,37.32722
volasertib,,53.512756,22.319304
skepinone-l,45279963.0,-29.587593,29.754293
magnolol,72300.0,-44.114872,-33.489983
oleuropein,,-63.19472,-49.543972
fmoc-l-leucine,1549133.0,-38.419205,9.084768
sc-12267,9820008.0,-31.227352,1.1182193
"2,6-dimethylpiperidine",641768.0,-22.368193,11.1122055
apigenin,5280443.0,-47.485443,-47.39167
tak-063,46848915.0,31.25461,-21.042524
pym50028,92095.0,-75.572235,-4.0554795
tcs-3035,2295463.0,7.2468715,-38.044754
fpl-55712,92460042.0,-61.260166,-27.078075
ki-20227,57881591.0,3.6273587,-27.930017
mecysteine,29145.0,-47.743046,7.984816
dsm265,51347395.0,10.577076,-5.728726
flurothyl,9528.0,-28.97077,-35.03465
20-hydroxyecdysone,25749233.0,-76.29914,1.4187481
dantrolene,6914273.0,28.872858,-42.79062
en460,1016023.0,33.19983,-26.85649
2-oxoglutaric-acid,51.0,-48.63663,-15.537387
lusutrombopag,49843517.0,3.9156423,-42.6783
diethyltoluamide,4284.0,-19.595856,46.808002
on-01500,11486204.0,-6.3174934,-61.836807
dipraglurant,44557636.0,5.841825,2.2752044
pyritinol,14190.0,-36.134537,-18.260197
ro-60-0175,3045227.0,7.4090223,3.232058
spaglumic-acid,188803.0,-42.61082,12.86204
s1p1-agonist-iii,54764919.0,-0.89548004,-24.694221
tosedostat,15547703.0,-23.796192,-15.165359
gpbar-a,11656002.0,60.64849,30.520714
harringtonine,276389.0,-4.8321157,40.97712
nafcillin,8982.0,46.270363,-37.78272
cefotetan,,54.49956,-41.936874
dehydrocholate,7048656.0,-77.33631,-7.1814923
vanoxerine,3455.0,7.3663874,56.076134
pf-06459988,71535003.0,57.770107,14.953275
nbi-27914,176157.0,20.939642,70.311195
gw-311616,9800961.0,22.782434,-74.47621
regadenoson,219024.0,67.57248,-14.030116
4-propylbenzoic-acid,137601.0,-57.007393,-12.186145
vildagliptin,,15.531029,30.763374
caricotamide,403128.0,38.342155,47.07803
voruciclib,67409219.0,6.928565,41.87875
benurestat,38000.0,-32.37925,13.364122
dnqx,3899541.0,19.921879,-39.42498
velpatasvir,67683363.0,31.154104,21.159931
4-iodo-6-phenylpyrimidine,817368.0,-5.2864356,-2.7103999
cevipabulin,11488110.0,64.48745,16.90868
zindotrine,41856.0,25.412773,62.55699
beta-elemene,6918391.0,-62.48175,-5.859763
butamben,2482.0,-36.390656,-4.35007
resminostat,11609955.0,-14.286451,-69.78791
bardoxolone,400010.0,-80.74788,-0.27459362
tic10,336423.0,37.615417,30.586569
lersivirine,16739244.0,11.563964,42.742912
gadobutrol,70678987.0,-10.692313,37.71773
loreclezole,3034012.0,8.947579,0.16242144
paliperidone,9823781.0,54.026424,30.085335
dicycloverine,3042.0,-15.711735,62.416122
cct129202,16202152.0,47.783978,40.53354
ketoconazole,47576.0,62.73146,11.709174
nuclomedone,76972174.0,54.582996,32.592033
gsk0660,46233311.0,-4.8504663,-63.457943
methoxsalen,4114.0,-51.91277,-43.190437
sb-525334,9967941.0,9.987007,-11.859897
synephrine,667452.0,-34.85485,33.34463
triapine,9571836.0,-9.289051,7.6333604
clobetasol-propionate,32798.0,-91.47459,2.9998393
sultamicillin,444022.0,46.44388,-39.453995
a-1120,25138295.0,53.639477,47.358597
bd-1063,574780.0,8.027651,64.397385
tadalafil,110635.0,22.745771,28.53359
tc-s-7004,57523919.0,-0.072619624,-25.383614
metitepine,969502.0,13.142351,71.01124
procainamide,4913.0,-21.917953,44.114536
bezafibrate,39042.0,-37.0488,5.622917
cisplatin,86820626.0,-25.294914,-38.941334
isopropyl-palmitate,8907.0,-58.855362,-9.084864
danoprevir,11285588.0,21.535484,-70.568146
acamprosate,71158.0,-22.818903,-53.529984
az191,72716071.0,55.720387,21.646332
squaric-acid-dibutyl-ester,65108.0,-59.758297,-22.741514
chlorphenesin,6918886.0,-60.78876,-32.148743
hesperidin,10621.0,-58.249187,-48.634518
novobiocin,54675769.0,2.884492,-34.876434
aai101,23653541.0,46.05043,-41.6264
arq-621,25110841.0,59.09234,36.729473
nvp-bhg712,16747388.0,22.347935,-15.043923
abiraterone,132971.0,-71.239975,-0.018523365
rolipram,158758.0,-27.260239,25.573584
tc-sp-14,51346934.0,11.815648,7.1245203
nsc-636819,6288112.0,22.857208,-44.723938
tolamolol,66743765.0,-31.677298,27.836805
ha-966-(r)-(+),6603720.0,15.643214,-29.622324
triciribine-phosphate,43860.0,62.331814,-15.863869
zd-0947,9818432.0,-19.270786,26.316746
cc-401,10430360.0,27.798576,49.786983
dicoumarol,54676038.0,-48.771336,-45.709637
ftaxilide,71895.0,-28.875114,-5.093885
cki-7,129236.0,8.804511,-85.75518
cyclopiazonic-acid,54682463.0,5.158961,-34.29
anastrozole,2187.0,12.577087,-3.463087
methylene-blue,4139.0,-6.5307336,5.5019393
vuf10166,24278976.0,17.951193,69.32015
desmethylclozapine,135409468.0,18.59477,67.76531
mcoppb,24800108.0,22.542692,63.18739
oxybuprocaine,4633.0,-16.440758,58.382256
bisoctrizole,3571576.0,35.676334,-24.37715
boceprevir,10324368.0,27.13084,19.039469
carmoterol,86306667.0,-18.556963,4.0196943
hc-070,85473309.0,35.434254,4.9128275
arecoline,2230.0,1.4340742,61.509274
rubitecan,472335.0,35.26241,-43.48974
vandetanib,3081361.0,65.76463,20.99894
bakuchiol,5468522.0,-63.30056,-3.7371607
esonarimod,9795701.0,-37.488613,-31.56246
cb-10-277,,-34.022186,-2.6441102
nicainoprol,76956332.0,26.145447,24.512568
tug-891,57522038.0,-56.276302,-29.88547
wp921,3035658.0,16.293943,2.3141942
aticaprant,44129648.0,61.694828,44.99749
fenoldopam,30026875.0,-23.463104,32.510574
oicr-9429,91623360.0,62.52937,28.40098
acifran,76969700.0,-53.2386,-37.306538
m-344,3994.0,-23.185112,-12.8115015
sisomicin,36119.0,-54.280617,34.262154
metacetamol,12124.0,-34.162674,-8.256573
rizatriptan,5078.0,6.5536222,70.14036
dexamethasone,5743.0,-91.85393,6.775514
atglistatin,71699712.0,-11.318477,2.334172
sulfasalazine,,-1.3331344,-63.96269
azd5153,118693659.0,51.553593,16.554695
vapendavir,504457.0,48.739227,14.885845
niflumic-acid,4488.0,-13.821931,-15.2353735
azatadine,19861.0,11.0983,67.33102
l-theanine,439378.0,-40.83243,17.015535
desoxypeganine,442894.0,13.6883135,61.795563
indinavir,5362440.0,25.956324,20.03557
as-2444697,52913874.0,48.389137,30.566036
elacytarabine,6438895.0,72.59259,-23.60333
g-15,25727983.0,-8.223593,-31.594128
tc1,,3.8640702,31.657158
melphalan,6918992.0,-32.835865,8.880016
snap,,-23.836765,-17.359158
4-pyrimidinecarbonitrile,10313094.0,-5.463309,-1.8629103
3-amino-benzamide,1645.0,-23.95351,-5.4909577
ferb-033,135931707.0,-40.633705,-26.474619
ly2784544,46213929.0,28.052282,60.28783
lauric-diethanolamide,8430.0,-39.75499,19.337162
tcn201,4787937.0,-9.154177,-71.62843
deserpidine,8550.0,4.606788,40.24192
valnemulin,9850878.0,-44.341335,17.671062
pazufloxacin,65957.0,77.67274,25.185709
bms-863233,135564632.0,-0.945801,22.887318
abx464,49846599.0,-0.669452,-22.141096
carteolol,49852288.0,-34.437023,39.260456
sulfamonomethoxine,5332.0,-1.2075286,-65.65691
th-588,73389731.0,0.64207536,-6.859855
asaraldehyde,20525.0,-50.69702,-27.959452
quinestrol,9046.0,-74.41292,-10.979925
ngd-98-2,9822241.0,-1.72738,-25.075163
imidazoacridinone,132127.0,14.038176,38.42727
jnj-39758979,24994634.0,21.253193,60.60143
azd9668,46861623.0,4.64969,-75.16466
pritelivir,491941.0,-0.13622333,-71.6701
sr-3576,70702008.0,30.8122,-18.570463
aeg3482,698112.0,-2.395151,-72.97739
tms,5354004.0,-51.47426,-27.758694
mitoxantrone,4212.0,-26.76093,29.833258
bavisant,16061509.0,37.084103,44.251247
niacin,938.0,-23.375866,-26.459036
pci-27483,135425273.0,10.228727,-64.750916
u-75799e,9919153.0,2.6075728,19.459389
pirenzepine,4848.0,40.44385,28.610683
idarubicin,42890.0,-54.57658,37.83786
carbachol,2551.0,-16.924276,65.3064
azelastine,12831281.0,58.84225,32.68513
kevetrin,437740.0,-12.461245,11.614781
tretazicar,89105.0,25.068094,-44.53166
ly294002,3973.0,31.036064,36.432648
ly2857785,,30.21258,59.315136
altrenogest,10041070.0,-71.13946,-2.637349
pranoprofen,40467222.0,-15.650789,-23.362207
pyrantel-pamoate,708857.0,7.2350545,66.644646
auranofin,6918453.0,-59.331856,-40.73575
jib04,6519698.0,3.0788696,-5.7374644
a-922500,24768261.0,-33.03824,1.291921
salvianolic-acid-a,5281793.0,-54.89127,-32.68726
tasisulam,10160238.0,-8.713964,-70.78957
taxifolin,439533.0,-49.58877,-49.299976
alprenolol,203685.0,-36.5019,36.645573
pramoxine,4886.0,-0.28989768,52.69744
cyclamic-acid,7533.0,-21.825966,-54.02455
unc926,61041645.0,43.026783,43.67124
l-cysteine,6419722.0,-47.16643,8.830181
pramipexole,119570.0,-9.778986,18.719769
pf-750,25154868.0,39.038433,40.72423
tenoxicam,54677971.0,3.0327528,-63.804836
ergotamine,8223.0,33.7482,16.060204
mgcd-265,24901704.0,34.984726,-9.659037
parthenolide-(alternate-stereo),7251185.0,-86.362816,-6.050719
liranaftate,3936.0,0.63249797,-17.535357
itraconazole,14179013.0,61.52656,11.855709
amg-9810,680502.0,-40.781166,-16.720337
fpl-64176,3423.0,-19.073671,-24.87269
labetalol,134043.0,-33.037067,26.18617
misoprostol,5282381.0,-65.58731,-14.524937
u-54494a,183470.0,39.36234,50.608032
tazarotene,5381.0,-40.523815,-18.765238
sch-23390,3036864.0,-1.5365267,58.66027
amifostine,29927142.0,-24.602566,-51.054775
bu226,3410883.0,-10.067612,24.66888
pca-4248,6604734.0,-32.07789,-21.457909
bis(maltolato)oxovanadium(iv),3035454.0,-40.243652,-48.930874
edoxaban,10280735.0,47.735275,41.25257
ei1,72199293.0,31.848026,1.5274882
azd0156,118502708.0,52.367493,17.417336
fk-409,94621715.0,-18.701038,-40.393246
n-methyllidocaine-iodide,168868.0,-22.134962,46.236523
aripiprazole,60795.0,63.60646,32.998665
amg-487-(+/-),24957182.0,58.259827,28.365974
l-asparagine,6992089.0,-43.35988,10.881535
3-alpha-bis-(4-fluorophenyl)-methoxytropane,,-7.18074,49.769806
bms-599626,10437018.0,51.046143,32.107403
monomethyl-fumarate,5369209.0,-37.0898,-33.977554
cefpiramide,636405.0,54.086666,-42.394794
octenidine,51167.0,15.751805,73.39887
picotamide,4814.0,-1.1008542,-28.66437
busulfan,2478.0,-22.441954,-57.36474
tilorone,5475.0,-12.924844,59.732048
tmc-353121,11249932.0,27.384718,53.521103
pincainide,71267.0,8.283161,28.74302
ki16198,92461210.0,22.625599,-30.678621
nomifensine,55993.0,7.667537,71.79597
nemiralisib,49784002.0,44.28472,37.93474
tie2-kinase-inhibitor,92852530.0,3.8124702,-52.458332
a-987306,25109291.0,25.480055,57.05219
dropropizine,65859.0,10.505678,52.34702
phenyl-aminosalicylate,8609.0,-40.5288,-5.8067117
nvp-tae684,16038120.0,15.530243,-72.0397
rofecoxib,5090.0,-17.46088,-63.881054
ilepcimide,641115.0,30.130333,41.269417
mr-948,10443938.0,11.551122,44.991543
tcn238,46911068.0,-7.149785,1.4844481
spermine,1103.0,-16.242348,16.523779
cc-930,,68.89148,24.318556
retinaldehyde,638015.0,-62.16209,-5.4594655
atazanavir,148192.0,24.066208,19.475245
barium-6-o-phosphonato-d-glucose,439958.0,-29.125227,-48.52783
gossypol,3503.0,-48.564335,-37.754276
vu1545,11625520.0,25.58642,-40.692375
flufenamic-acid,3371.0,-31.102097,-4.0767307
nu-7441,11327430.0,30.761541,36.02722
tpps4,,-4.49123,-69.8814
methotrexate,126941.0,62.057117,-3.1245382
allopurinol,135401907.0,12.420837,-21.723572
olomoucine,4592.0,7.0089135,15.934207
nvp-bvu972,44206063.0,11.151329,-6.5679774
unc0638,46224516.0,66.87525,17.148876
levocetirizine,28145931.0,9.032627,54.594715
uf-010,4596836.0,-27.082382,0.35732725
y-29794,195609.0,10.108282,74.933136
chlorpyrifos,2730.0,-9.3559265,-46.185505
zebularine,100016.0,69.59262,-18.295238
parethoxycaine,7183.0,-13.133419,59.0279
dienogest,68861.0,-71.65727,-2.8726254
zk-93423,121926.0,-15.545334,-33.19607
medronic-acid,16124.0,-29.004591,-47.000706
maropitant,204108.0,1.1407858,46.265648
reserpine,5770.0,4.596071,40.242325
omadacycline,,-23.025024,3.4595947
lofexidine,3038503.0,-13.306592,27.210129
mosapride,9979608.0,64.76312,30.923725
mianserin,68551.0,11.854431,68.981285
zonisamide,5734.0,-2.8653686,-70.74456
ck-636,588963.0,-0.47471997,20.241354
tc-n-1752,53361524.0,62.24567,26.874048
cryptotanshinone,160254.0,-84.02223,-7.8020062
d-limonene,440917.0,-62.45691,-6.4681897
canertinib,156414.0,63.514584,24.39636
beta-naphthol,8663.0,-43.857166,-32.27952
eugenol,3314.0,-49.101994,-27.743876
i-bet-762,46943432.0,55.689796,6.596249
pretomanid,456199.0,35.973736,-45.77584
abt-751,3035714.0,-1.2857347,-64.56755
morin,5281670.0,-49.049126,-48.879112
rec-15/2615,9891980.0,55.279877,19.50497
pralatrexate,11155808.0,62.565353,-3.4019227
clotiapine,16351.0,15.300884,70.21004
oxaliplatin,43805.0,-21.451523,-44.654312
maxacalcitol,6398761.0,-86.17694,10.078864
coh29,44253415.0,3.879819,-30.060097
tcv-309,6918167.0,25.821903,38.650887
sb-258585,3248571.0,15.810656,-70.68128
eniporide,6433092.0,-0.48170578,-71.85402
n-acetyl-tyrosine,68310.0,-40.56964,9.384456
cgp-37849,6604869.0,-25.120232,-47.00619
terfenadine,6604035.0,3.049003,56.31015
l-365260,5311201.0,30.157,-5.468909
epiandrosterone,441302.0,-74.28187,-8.378201
spectinomycin,15541.0,-56.54098,36.42334
mps1-in-5,71599640.0,2.0070536,-65.74883
chrysin,5281607.0,-47.485443,-47.39167
2-oxopropanoate,37873.0,-36.430805,-35.511185
didox,3045.0,-32.261677,-13.481139
denatonium-benzoate,15488.0,-22.136826,46.10863
k-strophanthidin,6185.0,-81.28455,9.896155
3-methyladenine,135398661.0,-0.08946577,-1.2579399
azimilide,9571004.0,63.684746,9.692404
sd-208,10316032.0,1.9296534,-4.051887
zanubrutinib,135565884.0,48.53636,19.121096
tridihexethyl,6604470.0,-6.1727743,63.808617
ro-5028442,59657596.0,38.37114,51.58415
gdc-0994,124583908.0,40.196835,-17.087286
aldoxorubicin,9810709.0,28.717373,16.823597
tafluprost,9868491.0,-65.0581,-26.581285
seocalcitol,5288149.0,-74.758316,3.3747897
chlorfenson,6635.0,-13.606782,-60.66262
nicardipine,6603948.0,30.22866,-52.326473
pardoprunox,6918525.0,48.947826,27.48021
oxfenicine,89853.0,-43.75729,-2.1866937
tramiprosate,6991996.0,-23.02427,-53.80826
telenzepine,5387.0,40.632317,28.22352
nithiamide,8798.0,27.271505,-40.018158
n-alpha-methylhistamine-dihydrochloride,912.0,-12.190003,19.527302
oxethazaine,4621.0,-16.759165,52.001938
pf-06928215,,54.679928,2.852397
cnqx,3721046.0,19.931171,-39.448463
terciprazine,30844635.0,10.1959915,49.84525
rabeprazole,9906855.0,5.267897,-53.8054
icg-001,11238147.0,32.444294,30.26935
pf-03084014,46224413.0,48.72542,43.682648
siramesine,9829526.0,19.777798,51.845074
phenindione,4760.0,-43.108616,-39.1703
gw-803430,9826520.0,63.512917,22.402143
nitarsone,66826.0,20.438824,-46.249638
sar405,72709209.0,59.85974,29.225409
4-carboxy-3-hydroxyphenylglycine-(s),5311455.0,-42.72124,-3.2129889
trimethadione,5576.0,18.248766,10.90454
golvatinib,16118392.0,61.89445,28.348896
creatine,586.0,-53.053226,12.680419
atrasentan,159594.0,21.932507,28.775003
cinoctramide,6443803.0,19.305439,28.975195
methylbenzethonium-chloride,4135.0,-11.230129,58.178493
"hydrastine-(1r,9s)",197835.0,0.44029796,40.12838
prednicarbate,,-87.76812,5.2334332
thymol-iodide,11088.0,-45.848473,-24.93819
r-59022,3012.0,55.055275,32.38197
dyphylline,688353.0,59.42611,-9.488074
gsk2830371,70983932.0,20.131018,16.88465
oxaceprol,65784.0,11.473294,24.422762
risdiplam,118513932.0,45.885723,28.5568
xylometazoline,5709.0,-12.263075,25.898445
phccc,44572113.0,-20.930628,-36.471752
at-7519,11338033.0,47.423206,33.228035
jnj-64619178,126637809.0,70.029816,-7.516347
aspirin,2244.0,-50.709442,-30.914082
pacocf3,4670.0,-55.582874,-8.770343
cytisine,10235.0,33.46632,44.604294
nida-41020,11037861.0,47.30368,32.090973
vorasidenib,117817422.0,1.0046719,-5.70113
strontium-ranelate,,45.637684,-32.39212
ci-953,130178.0,-7.2310205,-9.459473
fg-4592,11256664.0,-19.173449,2.7067041
lisuride,28864.0,22.131874,39.96776
profenamine,667534.0,12.459828,74.03215
c34,91691128.0,-52.14266,26.99547
t-807,71059746.0,1.2814023,-2.55238
ramifenazone,5037.0,27.72963,-19.383633
cs-917,11289630.0,20.60634,-31.541422
piribedil,4850.0,21.288118,49.21417
cephradine,12876371.0,52.71227,-36.71854
croconazole,2880.0,10.265671,3.4106162
picolamine,31018.0,-7.932068,-0.83554226
levofloxacin,6956357.0,75.184494,22.379032
plovamer-acetate,6942100.0,-44.591095,1.1703553
famprofazone,6604370.0,27.369085,-20.458887
vgx-1027,92981775.0,-9.13799,-40.002617
ly311727,155922.0,17.805214,18.872097
oxotremorine-m,4629.0,10.315394,29.004446
betamipron,71651.0,-37.42452,15.963001
mometasone-furoate,441336.0,-93.57641,3.4905314
naftopidil,6603939.0,8.800325,48.610645
nifuroxazide,5337997.0,21.757868,-42.347572
rotigotine,59227.0,-6.8842196,54.91779
ertapenem,124518153.0,50.40765,-34.14956
ki-16425,40467027.0,22.490501,-30.602629
leucomethylene-blue,164695.0,-6.409668,5.5262303
ro-67-7476,32681978.0,2.1995738,-76.92141
fenthion,3346.0,-14.643451,-58.95594
tiprenolol,76966339.0,-36.56818,36.5243
delivert,78357780.0,51.815136,-7.975596
norepinephrine,439260.0,-35.285904,33.98229
clonixin,28718.0,-14.295678,-15.768855
zoxazolamine,6103.0,5.3877945,-10.45301
vu0364439,46934289.0,-7.477743,-72.28484
abbv-744,,26.99534,4.7148075
chlorisondamine-diiodide,6244.0,1.8431935,69.418755
apd597,11691484.0,16.353632,-74.45481
jtc-801,5311340.0,-1.4991834,-18.849745
ascorbic-acid,,-64.1331,-42.404552
2-(3-mercaptopropyl)pentanedioic-acid,11735892.0,-48.92018,-14.544
emorfazone,3221.0,47.078766,15.301782
chr-6494,70679308.0,14.005893,-2.4943507
ketohexokinase-inhibitor-1,,33.354107,57.41141
crisaborole,44591583.0,-39.587097,-45.865963
"2-(chloromethyl)-5,6,7,8-tetrahydro[1]benzothieno[2,3-d]pyrimidin-4(3h)-one",,-4.1687655,-9.387342
meta-cresyl-acetate,67406.0,-46.72259,-29.016825
broxyquinoline,2453.0,-13.067216,-27.909763
way-316606,16727102.0,10.822704,-85.85495
benperidol,16363.0,56.48253,38.14116
ly231617,3968.0,-38.27521,34.54936
metoclopramide,4168.0,11.497672,34.562653
licogliflozin,52913524.0,-59.833546,-51.64007
azodicarbonamide,5462814.0,-19.422152,-7.264829
amygdalin,656516.0,-63.674694,-46.371117
a-381393,11301655.0,22.440937,62.713184
ad-5467,6933882.0,12.845395,15.19386
salvianolic-acid-b,11629084.0,-54.418438,-50.422356
metixene,6604302.0,12.37954,71.86556
10-deacetylbaccatin,154272.0,-80.83209,5.0003004
y-39983,9810884.0,-3.1348145,-11.111501
mrk-560,,-9.993887,-75.45495
nemonapride,156333.0,13.341401,34.050865
gw-3965,72199895.0,-6.833608,58.5328
elemene,6431152.0,-62.48229,-5.8599467
safinamide,131682.0,-31.931662,4.1354465
gsk2194069,67376285.0,47.21486,19.923212
ha-1004,3546.0,8.830095,-85.12271
paromomycin,165580.0,-54.372528,32.139874
capobenic-acid,30627.0,-30.756773,25.755737
evp-6124,46196517.0,43.06707,46.53915
ticagrelor,9871419.0,56.46078,13.077005
mk-0812,11180808.0,53.616558,26.339924
carumonam,6540466.0,47.039867,-43.621372
az505,24961094.0,67.51831,32.7408
cp-376395,9862166.0,-2.1346614,-18.890003
demeclocycline,,-23.078093,1.8840168
sodium-tetradecyl-sulfate,51382662.0,-21.761679,-58.14121
ibiglustat,60199242.0,57.5606,44.075867
yil-781,23631116.0,56.251827,29.569918
nvs-pak1-1,137125241.0,47.61033,43.83278
l-689560,6604749.0,-17.009108,-3.1020231
ag-556,5328775.0,-34.487442,24.713009
mmv-390048,53311393.0,-6.0700636,-71.588264
g-1,5322399.0,-8.203993,-31.56504
ml324,44143209.0,18.930193,36.579906
halopemide,65490.0,56.043705,38.015614
pravastatin,54687.0,-80.78735,2.2487822
zm-226600,92211533.0,-14.658939,-73.39662
sen-1269,46835756.0,1.214101,-18.978083
az-7371,72792692.0,37.509617,18.947834
sertraline,68617.0,-18.319103,8.0045395
troclosene,16726.0,22.245314,-21.379934
siremadlin,71678098.0,31.363352,-10.537972
racecadotril,60561.0,-38.893307,14.269578
80841-78-7,9855518.0,-58.67152,-36.437584
fli-06,6966819.0,31.15072,-53.365303
somantadine,50234.0,-19.88842,11.988194
fosphenytoin,56339.0,60.283356,-18.3648
cpsi-1306-(+/-),52936269.0,43.860825,40.81699
d-alpha-tocopheryl-succinate,20353.0,-81.79113,-11.687227
ribociclib,44631912.0,45.212643,28.682297
