source,signature_id,signature_compound_query,signature_brd_primary,signature_compound_query_norm
L1000,L1000::LY-2835219::HAP1.CDK4::::24H::3.33uM::MOAR017::F03::BRD-K33622447,LY-2835219,brd-k33622447,ly-2835219
L1000,L1000::palbociclib::HAP1.CDK4::::24H::3.33uM::MOAR017::K03::BRD-K51313569,palbociclib,brd-k51313569,palbociclib
L1000,L1000::BRD-K06023321::HT29::::24H::3.33uM::PBIOA018::P02::BRD-K06023321,BRD-K06023321,brd-k06023321,brd-k06023321
L1000,L1000::trametinib::HT29::::24H::10uM::PBIOA018::A19::BRD-K12343256,trametinib,brd-k12343256,trametinib
L1000,L1000::regorafenib::HT29::::24H::0.125uM::PBIOA018::G05::BRD-K16730910,regorafenib,brd-k16730910,regorafenib
L1000,L1000::vorinostat::HT29::::24H::10uM::PBIOA018::O01::BRD-K81418486,vorinostat,brd-k81418486,vorinostat
L1000,L1000::trametinib::HT29::::24H::3.33uM::PBIOA018::A20::BRD-K12343256,trametinib,brd-k12343256,trametinib
L1000,L1000::BRD-K59037718::HT29::::24H::0.125uM::PBIOA018::L11::BRD-K59037718,BRD-K59037718,brd-k59037718,brd-k59037718
L1000,L1000::trametinib::HT29::::24H::1.11uM::PBIOA018::A21::BRD-K12343256,trametinib,brd-k12343256,trametinib
L1000,L1000::fluorouracil::HT29::::24H::10uM::PBIOA018::L19::BRD-K24844714,fluorouracil,brd-k24844714,fluorouracil
L1000,L1000::trametinib::HT29::::24H::0.04uM::PBIOA018::A24::BRD-K12343256,trametinib,brd-k12343256,trametinib
L1000,L1000::bexarotene::HT29::::24H::10uM::PBIOA018::M19::BRD-K92441787,bexarotene,brd-k92441787,bexarotene
L1000,L1000::BRD-K06023321::HT29::::24H::1.11uM::PBIOA018::P03::BRD-K06023321,BRD-K06023321,brd-k06023321,brd-k06023321
L1000,L1000::BRD-K90618376::HT29::::24H::10uM::PBIOA018::P07::BRD-K90618376,BRD-K90618376,brd-k90618376,brd-k90618376
L1000,L1000::GSK-J4::HT29::::24H::10uM::PBIOA018::H07::BRD-K98203492,GSK-J4,brd-k98203492,gsk-j4
L1000,L1000::trametinib::HT29::::24H::0.125uM::PBIOA018::A23::BRD-K12343256,trametinib,brd-k12343256,trametinib
L1000,L1000::BRD-K06023321::HT29::::24H::10uM::PBIOA018::P01::BRD-K06023321,BRD-K06023321,brd-k06023321,brd-k06023321
L1000,L1000::BRD-K06023321::HT29::::24H::0.37uM::PBIOA018::P04::BRD-K06023321,BRD-K06023321,brd-k06023321,brd-k06023321
L1000,L1000::trametinib::HT29::::24H::0.37uM::PBIOA018::A22::BRD-K12343256,trametinib,brd-k12343256,trametinib
L1000,L1000::PD-173074::HT29::::24H::10uM::PBIOA018::B07::BRD-K97764662,PD-173074,brd-k97764662,pd-173074
L1000,L1000::regorafenib::HT29::::24H::10uM::PBIOA018::G01::BRD-K16730910,regorafenib,brd-k16730910,regorafenib
L1000,L1000::BRD-K95597153::HT29::::24H::0.12uM::PBIOA018::E11::BRD-K95597153,BRD-K95597153,brd-k95597153,brd-k95597153
L1000,L1000::troglitazone::HT29::::24H::10uM::PBIOA018::K10::BRD-A13084692,troglitazone,brd-a13084692,troglitazone
L1000,L1000::BRD-K97938674::HT29::::24H::10uM::PBIOA018::A07::BRD-K97938674,BRD-K97938674,brd-k97938674,brd-k97938674
L1000,L1000::BRD-K72005960::HT29::::24H::0.04uM::PBIOA018::I18::BRD-K72005960,BRD-K72005960,brd-k72005960,brd-k72005960
L1000,L1000::BRD-K57701450::MCF7::::24H::1.11uM::PBIOA013::M09::BRD-K57701450,BRD-K57701450,brd-k57701450,brd-k57701450
L1000,L1000::BRD-K19926581::MCF7::::24H::10uM::PBIOA013::I01::BRD-K19926581,BRD-K19926581,brd-k19926581,brd-k19926581
L1000,L1000::BRD-K27398334::MCF7::::24H::3.33uM::PBIOA013::A08::BRD-K27398334,BRD-K27398334,brd-k27398334,brd-k27398334
L1000,L1000::BRD-K35558836::MCF7::::24H::10uM::PBIOA013::J07::BRD-K35558836,BRD-K35558836,brd-k35558836,brd-k35558836
L1000,L1000::BRD-K34485477::MCF7::::24H::10uM::PBIOA013::H07::BRD-K34485477,BRD-K34485477,brd-k34485477,brd-k34485477
L1000,L1000::BRD-A69127847::MCF7::::24H::1.11uM::PBIOA013::M15::BRD-A69127847,BRD-A69127847,brd-a69127847,brd-a69127847
L1000,L1000::vorinostat::MCF7::::24H::10uM::PBIOA013::O01::BRD-K81418486,vorinostat,brd-k81418486,vorinostat
L1000,L1000::BRD-K59385073::MCF7::::24H::10uM::PBIOA013::A19::BRD-K59385073,BRD-K59385073,brd-k59385073,brd-k59385073
L1000,L1000::BRD-K64360401::MCF7::::24H::10uM::PBIOA013::P01::BRD-K64360401,BRD-K64360401,brd-k64360401,brd-k64360401
L1000,L1000::vorinostat::HEPG2::::24H::0.66uM::CRCGN012::K12::BRD-K81418486,vorinostat,brd-k81418486,vorinostat
L1000,L1000::rotenone::HEPG2::::24H::1.25uM::CRCGN012::G06::BRD-K08316444,rotenone,brd-k08316444,rotenone
L1000,L1000::BRD-K53581917::HEPG2::::24H::40uM::CRCGN012::H01::BRD-K53581917,BRD-K53581917,brd-k53581917,brd-k53581917
L1000,L1000::vorinostat::HEPG2::::24H::1.25uM::CRCGN012::K11::BRD-K81418486,vorinostat,brd-k81418486,vorinostat
L1000,L1000::rotenone::HEPG2::::24H::4uM::CRCGN012::G04::BRD-K08316444,rotenone,brd-k08316444,rotenone
L1000,L1000::rotenone::HEPG2::::24H::2.5uM::CRCGN012::G05::BRD-K08316444,rotenone,brd-k08316444,rotenone
L1000,L1000::BRD-K88135829::HEPG2::::24H::2.5uM::CRCGN012::J22::BRD-K88135829,BRD-K88135829,brd-k88135829,brd-k88135829
L1000,L1000::BRD-A06416737::HEPG2::::24H::40uM::CRCGN012::D01::BRD-A06416737,BRD-A06416737,brd-a06416737,brd-a06416737
L1000,L1000::BRD-A08316103::HEPG2::::24H::40uM::CRCGN012::G07::BRD-A08316103,BRD-A08316103,brd-a08316103,brd-a08316103
L1000,L1000::iq::HEPG2::::24H::20uM::CRCGN012::E01::BRD-K91692376,iq,brd-k91692376,iq
L1000,L1000::endosulfan::HEPG2::::24H::40uM::CRCGN012::G19::BRD-A63289646,endosulfan,brd-a63289646,endosulfan
L1000,L1000::BRD-K88135829::HEPG2::::24H::0.66uM::CRCGN012::J24::BRD-K88135829,BRD-K88135829,brd-k88135829,brd-k88135829
L1000,L1000::rotenone::HEPG2::::24H::10uM::CRCGN012::G03::BRD-K08316444,rotenone,brd-k08316444,rotenone
L1000,L1000::BRD-K88135829::HEPG2::::24H::10uM::CRCGN012::J20::BRD-K88135829,BRD-K88135829,brd-k88135829,brd-k88135829
L1000,L1000::BRD-K69464193::HEPG2::::24H::10uM::CRCGN012::P03::BRD-K69464193,BRD-K69464193,brd-k69464193,brd-k69464193
L1000,L1000::vorinostat::HEPG2::::24H::20uM::CRCGN012::K07::BRD-K81418486,vorinostat,brd-k81418486,vorinostat
L1000,L1000::BRD-K22300345::HEPG2::::24H::12.5uM::CRCGN012::O20::BRD-K22300345,BRD-K22300345,brd-k22300345,brd-k22300345
L1000,L1000::BRD-K88135829::HEPG2::::24H::20uM::CRCGN012::J19::BRD-K88135829,BRD-K88135829,brd-k88135829,brd-k88135829
L1000,L1000::vorinostat::HEPG2::::24H::4uM::CRCGN012::K09::BRD-K81418486,vorinostat,brd-k81418486,vorinostat
L1000,L1000::BRD-K45689979::HEPG2::::24H::40uM::CRCGN012::M13::BRD-K45689979,BRD-K45689979,brd-k45689979,brd-k45689979
L1000,L1000::hexachlorocyclopentadiene::HEPG2::::24H::20uM::CRCGN012::D08::BRD-K38101625,hexachlorocyclopentadiene,brd-k38101625,hexachlorocyclopentadiene
L1000,L1000::vorinostat::HEPG2::::24H::10uM::CRCGN012::K08::BRD-K81418486,vorinostat,brd-k81418486,vorinostat
L1000,L1000::BRD-A08316103::HEPG2::::24H::10uM::CRCGN012::G09::BRD-A08316103,BRD-A08316103,brd-a08316103,brd-a08316103
L1000,L1000::rotenone::HEPG2::::24H::20uM::CRCGN012::G02::BRD-K08316444,rotenone,brd-k08316444,rotenone
L1000,L1000::BRD-K45689979::HEPG2::::24H::20uM::CRCGN012::M14::BRD-K45689979,BRD-K45689979,brd-k45689979,brd-k45689979
L1000,L1000::vorinostat::HEPG2::::24H::2.5uM::CRCGN012::K10::BRD-K81418486,vorinostat,brd-k81418486,vorinostat
L1000,L1000::bisphenol-a::HEPG2::::24H::1.25uM::CRCGN012::H24::BRD-K41494493,bisphenol-a,brd-k41494493,bisphenol-a
L1000,L1000::hexachlorocyclopentadiene::HEPG2::::24H::10uM::CRCGN012::D09::BRD-K38101625,hexachlorocyclopentadiene,brd-k38101625,hexachlorocyclopentadiene
L1000,L1000::rotenone::HEPG2::::24H::40uM::CRCGN012::G01::BRD-K08316444,rotenone,brd-k08316444,rotenone
L1000,L1000::BRD-K02093472::HEPG2::::24H::40uM::CRCGN012::P07::BRD-K02093472,BRD-K02093472,brd-k02093472,brd-k02093472
L1000,L1000::BRD-K88135829::HEPG2::::24H::4uM::CRCGN012::J21::BRD-K88135829,BRD-K88135829,brd-k88135829,brd-k88135829
L1000,L1000::AT-406::HA1E::::24H::10uM::PBIOA020::I01::BRD-K83030136,AT-406,brd-k83030136,at-406
L1000,L1000::BRD-K81491172::HA1E::::24H::10uM::PBIOA020::M13::BRD-K81491172,BRD-K81491172,brd-k81491172,brd-k81491172
L1000,L1000::KU-55933::HA1E::::24H::10uM::PBIOA020::B07::BRD-K25311561,KU-55933,brd-k25311561,ku-55933
L1000,L1000::vorinostat::HA1E::::24H::10uM::PBIOA020::O01::BRD-K81418486,vorinostat,brd-k81418486,vorinostat
L1000,L1000::NVP-TAE684::HA1E::::24H::3.33uM::PBIOA020::P02::BRD-K50140147,NVP-TAE684,brd-k50140147,nvp-tae684
L1000,L1000::BRD-K89637195::HA1E::::24H::3.33uM::PBIOA020::L02::BRD-K89637195,BRD-K89637195,brd-k89637195,brd-k89637195
L1000,L1000::NVP-TAE684::HA1E::::24H::1.11uM::PBIOA020::P03::BRD-K50140147,NVP-TAE684,brd-k50140147,nvp-tae684
L1000,L1000::CGP-60474::MCF7::::3H::1.11uM::LJP005::F03::BRD-K79090631,CGP-60474,brd-k79090631,cgp-60474
L1000,L1000::LDN-193189::MCF7::::3H::10uM::LJP005::G01::BRD-K04853698,LDN-193189,brd-k04853698,ldn-193189
L1000,L1000::erlotinib::MCF7::::3H::0.37uM::LJP005::M22::BRD-K70401845,erlotinib,brd-k70401845,erlotinib
L1000,L1000::TG-101348::MCF7::::3H::10uM::LJP005::L01::BRD-K12502280,TG-101348,brd-k12502280,tg-101348
L1000,L1000::CGP-60474::MCF7::::3H::0.37uM::LJP005::F04::BRD-K79090631,CGP-60474,brd-k79090631,cgp-60474
L1000,L1000::BX-912::MCF7::::3H::10uM::LJP005::L19::BRD-K49669041,BX-912,brd-k49669041,bx-912
L1000,L1000::LDN-193189::MCF7::::3H::3.33uM::LJP005::G02::BRD-K04853698,LDN-193189,brd-k04853698,ldn-193189
L1000,L1000::CGP-60474::MCF7::::3H::10uM::LJP005::F01::BRD-K79090631,CGP-60474,brd-k79090631,cgp-60474
L1000,L1000::PF-02545920::MCF10A::::24H::10uM::REP.A009::K19::BRD-K31519811,PF-02545920,brd-k31519811,pf-02545920
L1000,L1000::amlexanox::MCF10A::::24H::10uM::REP.A009::E07::BRD-K29530284,amlexanox,brd-k29530284,amlexanox
L1000,L1000::KX-2391::MCF10A::::24H::1.11uM::REP.A009::F21::BRD-K29968218,KX-2391,brd-k29968218,kx-2391
L1000,L1000::KX-2391::MCF10A::::24H::3.33uM::REP.A009::F20::BRD-K29968218,KX-2391,brd-k29968218,kx-2391
L1000,L1000::bisindolylmaleimide::MCF10A::::24H::3.33uM::REP.A009::B14::BRD-K31342827,bisindolylmaleimide,brd-k31342827,bisindolylmaleimide
L1000,L1000::KX-2391::MCF10A::::24H::0.37uM::REP.A009::F22::BRD-K29968218,KX-2391,brd-k29968218,kx-2391
L1000,L1000::apafant::MCF10A::::24H::10uM::REP.A009::I01::BRD-K28115081,apafant,brd-k28115081,apafant
L1000,L1000::PF-02545920::MCF10A::::24H::0.125uM::REP.A009::K23::BRD-K31519811,PF-02545920,brd-k31519811,pf-02545920
L1000,L1000::bisindolylmaleimide::MCF10A::::24H::0.125uM::REP.A009::B17::BRD-K31342827,bisindolylmaleimide,brd-k31342827,bisindolylmaleimide
L1000,L1000::KX-2391::MCF10A::::24H::10uM::REP.A009::F19::BRD-K29968218,KX-2391,brd-k29968218,kx-2391
L1000,L1000::bisindolylmaleimide::MCF10A::::24H::10uM::REP.A009::B13::BRD-K31342827,bisindolylmaleimide,brd-k31342827,bisindolylmaleimide
L1000,L1000::CGP-60474::LNCAP::::3H::0.37uM::LJP006::G04::BRD-K79090631,CGP-60474,brd-k79090631,cgp-60474
L1000,L1000::WZ-4-145::LNCAP::::3H::3.33uM::LJP006::J20::BRD-U61997977,WZ-4-145,brd-u61997977,wz-4-145
L1000,L1000::dasatinib::LNCAP::::3H::10uM::LJP006::I01::BRD-K49328571,dasatinib,brd-k49328571,dasatinib
L1000,L1000::gefitinib::LNCAP::::3H::3.33uM::LJP006::N08::BRD-K64052750,gefitinib,brd-k64052750,gefitinib
L1000,L1000::BI-2536::LNCAP::::3H::10uM::LJP006::D13::BRD-K64890080,BI-2536,brd-k64890080,bi-2536
L1000,L1000::alvocidib::LNCAP::::3H::0.04uM::LJP006::A18::BRD-K87909389,alvocidib,brd-k87909389,alvocidib
L1000,L1000::alvocidib::LNCAP::::3H::0.37uM::LJP006::A16::BRD-K87909389,alvocidib,brd-k87909389,alvocidib
L1000,L1000::imatinib::LNCAP::::3H::3.33uM::LJP006::N14::BRD-K92723993,imatinib,brd-k92723993,imatinib
L1000,L1000::palbociclib::LNCAP::::3H::1.11uM::LJP006::E15::BRD-K51313569,palbociclib,brd-k51313569,palbociclib
L1000,L1000::AZD-7762::LNCAP::::3H::1.11uM::LJP006::L03::BRD-K46056750,AZD-7762,brd-k46056750,azd-7762
L1000,L1000::alvocidib::LNCAP::::3H::10uM::LJP006::A13::BRD-K87909389,alvocidib,brd-k87909389,alvocidib
L1000,L1000::NVP-TAE684::LNCAP::::3H::10uM::LJP006::K13::BRD-K50140147,NVP-TAE684,brd-k50140147,nvp-tae684
L1000,L1000::BI-2536::LNCAP::::3H::3.33uM::LJP006::D14::BRD-K64890080,BI-2536,brd-k64890080,bi-2536
L1000,L1000::alvocidib::LNCAP::::3H::3.33uM::LJP006::A14::BRD-K87909389,alvocidib,brd-k87909389,alvocidib
L1000,L1000::PD-173074::LNCAP::::3H::10uM::LJP006::I07::BRD-K97764662,PD-173074,brd-k97764662,pd-173074
L1000,L1000::selumetinib::LNCAP::::3H::3.33uM::LJP006::M08::BRD-K57080016,selumetinib,brd-k57080016,selumetinib
L1000,L1000::saracatinib::LNCAP::::3H::0.04uM::LJP006::D12::BRD-K19540840,saracatinib,brd-k19540840,saracatinib
L1000,L1000::PI-103::LNCAP::::3H::3.33uM::LJP006::I14::BRD-K67868012,PI-103,brd-k67868012,pi-103
L1000,L1000::CGP-60474::LNCAP::::3H::0.12uM::LJP006::G05::BRD-K79090631,CGP-60474,brd-k79090631,cgp-60474
L1000,L1000::XMD-1185H::LNCAP::::3H::0.04uM::LJP006::P24::BRD-U22633929,XMD-1185H,brd-u22633929,xmd-1185h
L1000,L1000::BRD-K93425199::HCC515::::24H::3.33uM::PCL001::J02::BRD-K93425199,BRD-K93425199,brd-k93425199,brd-k93425199
L1000,L1000::BRD-K59023263::HCC515::::24H::10uM::PCL001::I01::BRD-K59023263,BRD-K59023263,brd-k59023263,brd-k59023263
L1000,L1000::BRD-K93425199::HCC515::::24H::10uM::PCL001::J01::BRD-K93425199,BRD-K93425199,brd-k93425199,brd-k93425199
L1000,L1000::BRD-K59023263::HCC515::::24H::3.33uM::PCL001::I02::BRD-K59023263,BRD-K59023263,brd-k59023263,brd-k59023263
L1000,L1000::TG-101209::HCC515::::24H::0.12uM::PCL001::A23::BRD-K39841531,TG-101209,brd-k39841531,tg-101209
L1000,L1000::BRD-K38292946::HCC515::::24H::1.11uM::PCL001::E21::BRD-K38292946,BRD-K38292946,brd-k38292946,brd-k38292946
L1000,L1000::BRD-K91583156::HCC515::::24H::10uM::PCL001::E01::BRD-K91583156,BRD-K91583156,brd-k91583156,brd-k91583156
L1000,L1000::BRD-K45962729::HCC515::::24H::10uM::PCL001::B19::BRD-K45962729,BRD-K45962729,brd-k45962729,brd-k45962729
L1000,L1000::TG-101209::HCC515::::24H::10uM::PCL001::A19::BRD-K39841531,TG-101209,brd-k39841531,tg-101209
L1000,L1000::BRD-K50817946::HCC515::::24H::10uM::PCL001::G19::BRD-K50817946,BRD-K50817946,brd-k50817946,brd-k50817946
L1000,L1000::BRD-A59468452::HCC515::::24H::10uM::PCL001::D13::BRD-A59468452,BRD-A59468452,brd-a59468452,brd-a59468452
L1000,L1000::TG-101209::HCC515::::24H::3.33uM::PCL001::A20::BRD-K39841531,TG-101209,brd-k39841531,tg-101209
L1000,L1000::BRD-K30842649::HCC515::::24H::10uM::PCL001::E07::BRD-K30842649,BRD-K30842649,brd-k30842649,brd-k30842649
L1000,L1000::BRD-K45962729::HCC515::::24H::3.33uM::PCL001::B20::BRD-K45962729,BRD-K45962729,brd-k45962729,brd-k45962729
L1000,L1000::I-BET-151::HCC515::::24H::10uM::PCL001::H19::BRD-K36363294,I-BET-151,brd-k36363294,i-bet-151
L1000,L1000::BRD-K84633118::HCC515::::24H::10uM::PCL001::F01::BRD-K84633118,BRD-K84633118,brd-k84633118,brd-k84633118
L1000,L1000::vorinostat::HCC515::::24H::10uM::PCL001::A03::BRD-K81418486,vorinostat,brd-k81418486,vorinostat
L1000,L1000::vorinostat::HCC515::::24H::10uM::DOSVAL006::G14::BRD-K81418486,vorinostat,brd-k81418486,vorinostat
L1000,L1000::vorinostat::HCC515::::24H::20uM::DOSVAL006::G13::BRD-K81418486,vorinostat,brd-k81418486,vorinostat
L1000,L1000::vorinostat::HCC515::::24H::4uM::DOSVAL006::G15::BRD-K81418486,vorinostat,brd-k81418486,vorinostat
L1000,L1000::zardaverine::MCF7::::24H::10uM::REP.A013::A19::BRD-K37561857,zardaverine,brd-k37561857,zardaverine
L1000,L1000::BMS-536924::A549::::24H::4uM::PBIOA021::N02::BRD-K34581968,BMS-536924,brd-k34581968,bms-536924
L1000,L1000::BRD-K41723848::A549::::24H::0.125uM::PBIOA021::C05::BRD-K41723848,BRD-K41723848,brd-k41723848,brd-k41723848
L1000,L1000::GO-6976::A549::::24H::0.125uM::PBIOA021::D23::BRD-K59304176,GO-6976,brd-k59304176,go-6976
L1000,L1000::saracatinib::A549::::24H::10uM::PBIOA021::P01::BRD-K19540840,saracatinib,brd-k19540840,saracatinib
L1000,L1000::vorinostat::A549::::24H::10uM::PBIOA021::O01::BRD-K81418486,vorinostat,brd-k81418486,vorinostat
L1000,L1000::CYT-387::A549::::24H::3.33uM::PBIOA021::C08::BRD-K87737963,CYT-387,brd-k87737963,cyt-387
L1000,L1000::CYT-387::A549::::24H::10uM::PBIOA021::C07::BRD-K87737963,CYT-387,brd-k87737963,cyt-387
L1000,L1000::BMS-536924::A549::::24H::12uM::PBIOA021::N01::BRD-K34581968,BMS-536924,brd-k34581968,bms-536924
L1000,L1000::BRD-K94199083::SKMEL5::::24H::10uM::EMU001::H13::BRD-K94199083,BRD-K94199083,brd-k94199083,brd-k94199083
L1000,L1000::gefitinib::SKMEL5::::24H::10uM::EMU001::J13::BRD-K64052750,gefitinib,brd-k64052750,gefitinib
L1000,L1000::GDC-0199::SKMEL5::::24H::10uM::EMU001::N19::BRD-K62391742,GDC-0199,brd-k62391742,gdc-0199
L1000,L1000::bosutinib::SKMEL5::::24H::10uM::EMU001::J19::BRD-K99964838,bosutinib,brd-k99964838,bosutinib
L1000,L1000::dasatinib::SKMEL5::::24H::10uM::EMU001::I19::BRD-K49328571,dasatinib,brd-k49328571,dasatinib
L1000,L1000::bosutinib::SKMEL5::::24H::2.5uM::EMU001::J20::BRD-K99964838,bosutinib,brd-k99964838,bosutinib
L1000,L1000::LCB-03-0110::SKMEL5::::24H::10uM::EMU001::O13::BRD-K11357827,LCB-03-0110,brd-k11357827,lcb-03-0110
L1000,L1000::vorinostat::SKMEL5::::24H::2.5uM::EMU001::O02::BRD-K81418486,vorinostat,brd-k81418486,vorinostat
L1000,L1000::I-BET-762::SKMEL5::::24H::10uM::EMU001::K19::BRD-K08109215,I-BET-762,brd-k08109215,i-bet-762
L1000,L1000::I-BET-762::SKMEL5::::24H::2.5uM::EMU001::K20::BRD-K08109215,I-BET-762,brd-k08109215,i-bet-762
L1000,L1000::vorinostat::SKMEL5::::24H::0.66uM::EMU001::O03::BRD-K81418486,vorinostat,brd-k81418486,vorinostat
L1000,L1000::vorinostat::SKMEL5::::24H::10uM::EMU001::O01::BRD-K81418486,vorinostat,brd-k81418486,vorinostat
L1000,L1000::gossypol::SKMEL5::::24H::10uM::EMU001::M01::BRD-K19295594,gossypol,brd-k19295594,gossypol
L1000,L1000::PF-06465469::SKMEL5::::24H::10uM::EMU001::N07::BRD-K77503770,PF-06465469,brd-k77503770,pf-06465469
L1000,L1000::brequinar::YAPC::::24H::0.74uM::REP.B028::K20::BRD-K96123349,brequinar,brd-k96123349,brequinar
L1000,L1000::brequinar::YAPC::::24H::2.22uM::REP.B028::K19::BRD-K96123349,brequinar,brd-k96123349,brequinar
L1000,L1000::eflornithine::YAPC::::24H::0.01uM::REP.B028::L24::BRD-A96292436,eflornithine,brd-a96292436,eflornithine
L1000,L1000::AZD-7762::HA1E::::24H::3.33uM::PBIOA016::I08::BRD-K86525559,AZD-7762,brd-k86525559,azd-7762
L1000,L1000::BRD-K87550320::HA1E::::24H::10uM::PBIOA016::G01::BRD-K87550320,BRD-K87550320,brd-k87550320,brd-k87550320
L1000,L1000::BRD-K84165644::HA1E::::24H::10uM::PBIOA016::L01::BRD-K84165644,BRD-K84165644,brd-k84165644,brd-k84165644
L1000,L1000::vorinostat::HA1E::::24H::10uM::PBIOA016::O01::BRD-K81418486,vorinostat,brd-k81418486,vorinostat
L1000,L1000::AZD-7762::HA1E::::24H::1.11uM::PBIOA016::I09::BRD-K86525559,AZD-7762,brd-k86525559,azd-7762
L1000,L1000::trifluoperazine::HA1E::::24H::10uM::PBIOA016::B07::BRD-K89732114,trifluoperazine,brd-k89732114,trifluoperazine
L1000,L1000::BRD-K87550320::HA1E::::24H::3.33uM::PBIOA016::G02::BRD-K87550320,BRD-K87550320,brd-k87550320,brd-k87550320
L1000,L1000::vorinostat::HT29::::24H::4uM::DOSVAL002::G15::BRD-K81418486,vorinostat,brd-k81418486,vorinostat
L1000,L1000::BRD-K77279904::HT29::::24H::20uM::DOSVAL002::B10::BRD-K77279904,BRD-K77279904,brd-k77279904,brd-k77279904
L1000,L1000::vorinostat::HT29::::24H::20uM::DOSVAL002::G13::BRD-K81418486,vorinostat,brd-k81418486,vorinostat
L1000,L1000::vorinostat::HT29::::24H::10uM::DOSVAL002::G14::BRD-K81418486,vorinostat,brd-k81418486,vorinostat
L1000,L1000::MEK-162::HT29::::24H::0.37uM::REP.A021::E16::BRD-K82244583,MEK-162,brd-k82244583,mek-162
L1000,L1000::nilotinib::HT29::::24H::10uM::REP.A021::C13::BRD-K81528515,nilotinib,brd-k81528515,nilotinib
L1000,L1000::MEK-162::HT29::::24H::0.04uM::REP.A021::E18::BRD-K82244583,MEK-162,brd-k82244583,mek-162
L1000,L1000::almorexant::HT29::::24H::0.04uM::REP.A021::K24::BRD-K84810405,almorexant,brd-k84810405,almorexant
L1000,L1000::MEK-162::HT29::::24H::10uM::REP.A021::E13::BRD-K82244583,MEK-162,brd-k82244583,mek-162
L1000,L1000::AZD-7762::HT29::::24H::10uM::REP.A021::P07::BRD-K86525559,AZD-7762,brd-k86525559,azd-7762
L1000,L1000::tetrahydrouridine::HT29::::24H::1.11uM::REP.A021::P03::BRD-A86248581,tetrahydrouridine,brd-a86248581,tetrahydrouridine
L1000,L1000::MEK-162::HT29::::24H::0.125uM::REP.A021::E17::BRD-K82244583,MEK-162,brd-k82244583,mek-162
L1000,L1000::MEK-162::HT29::::24H::1.11uM::REP.A021::E15::BRD-K82244583,MEK-162,brd-k82244583,mek-162
L1000,L1000::MEK-162::HT29::::24H::3.33uM::REP.A021::E14::BRD-K82244583,MEK-162,brd-k82244583,mek-162
L1000,L1000::tetrahydrouridine::HT29::::24H::3.33uM::REP.A021::P02::BRD-A86248581,tetrahydrouridine,brd-a86248581,tetrahydrouridine
L1000,L1000::AZD-7762::HT29::::24H::1.11uM::REP.A021::P09::BRD-K86525559,AZD-7762,brd-k86525559,azd-7762
L1000,L1000::AZD-7762::HT29::::24H::3.33uM::REP.A021::P08::BRD-K86525559,AZD-7762,brd-k86525559,azd-7762
L1000,L1000::loratadine::HT29::::24H::0.37uM::REP.A021::G10::BRD-K82795137,loratadine,brd-k82795137,loratadine
L1000,L1000::KX-2391::PC3::::24H::10uM::REP.A009::F19::BRD-K29968218,KX-2391,brd-k29968218,kx-2391
L1000,L1000::chlorambucil::PC3::::24H::0.125uM::REP.A009::D23::BRD-K29458283,chlorambucil,brd-k29458283,chlorambucil
L1000,L1000::KX-2391::PC3::::24H::1.11uM::REP.A009::F21::BRD-K29968218,KX-2391,brd-k29968218,kx-2391
L1000,L1000::temozolomide::PC3::::24H::1.11uM::REP.A009::K03::BRD-K32107296,temozolomide,brd-k32107296,temozolomide
L1000,L1000::ampalex::PC3::::24H::10uM::REP.A009::A13::BRD-K24771047,ampalex,brd-k24771047,ampalex
L1000,L1000::KX-2391::PC3::::24H::0.125uM::REP.A009::F23::BRD-K29968218,KX-2391,brd-k29968218,kx-2391
L1000,L1000::KX-2391::PC3::::24H::3.33uM::REP.A009::F20::BRD-K29968218,KX-2391,brd-k29968218,kx-2391
L1000,L1000::bisindolylmaleimide::PC3::::24H::10uM::REP.A009::B13::BRD-K31342827,bisindolylmaleimide,brd-k31342827,bisindolylmaleimide
L1000,L1000::KX-2391::PC3::::24H::0.37uM::REP.A009::F22::BRD-K29968218,KX-2391,brd-k29968218,kx-2391
L1000,L1000::vorinostat::NPC.177::::24H::10uM::CEGS001::C19::BRD-K81418486,vorinostat,brd-k81418486,vorinostat
L1000,L1000::ruboxistaurin::NPC.177::::24H::4uM::CEGS001::P15::BRD-K27677357,ruboxistaurin,brd-k27677357,ruboxistaurin
L1000,L1000::valproic-acid::NPC.177::::24H::2500uM::CEGS001::P20::BRD-K41260949,valproic-acid,brd-k41260949,valproic-acid
L1000,L1000::I-BET-151::NPC.177::::24H::0.3uM::CEGS001::H12::BRD-K36363294,I-BET-151,brd-k36363294,i-bet-151
L1000,L1000::tacedinaline::NPC.177::::24H::10uM::CEGS001::G13::BRD-K52313696,tacedinaline,brd-k52313696,tacedinaline
L1000,L1000::ruboxistaurin::NPC.177::::24H::20uM::CEGS001::P13::BRD-K27677357,ruboxistaurin,brd-k27677357,ruboxistaurin
L1000,L1000::vorinostat::NPC.177::::24H::4uM::CEGS001::C20::BRD-K81418486,vorinostat,brd-k81418486,vorinostat
L1000,L1000::I-BET-151::NPC.177::::24H::10uM::CEGS001::H07::BRD-K36363294,I-BET-151,brd-k36363294,i-bet-151
L1000,L1000::ruboxistaurin::NPC.177::::24H::10uM::CEGS001::P14::BRD-K27677357,ruboxistaurin,brd-k27677357,ruboxistaurin
L1000,L1000::17-AAG::NPC.177::::24H::2.5uM::CEGS001::C03::BRD-K42840900,17-AAG,brd-k42840900,17-aag
L1000,L1000::tacedinaline::NPC.177::::24H::2.5uM::CEGS001::G15::BRD-K52313696,tacedinaline,brd-k52313696,tacedinaline
L1000,L1000::BIX-01294::NPC.177::::24H::4uM::CEGS001::G02::BRD-K26818574,BIX-01294,brd-k26818574,bix-01294
L1000,L1000::vorinostat::NPC.177::::24H::1.25uM::CEGS001::C22::BRD-K81418486,vorinostat,brd-k81418486,vorinostat
L1000,L1000::BRD-A90543464::NPC.177::::24H::150uM::CEGS001::B19::BRD-A90543464,BRD-A90543464,brd-a90543464,brd-a90543464
L1000,L1000::tretinoin::NPC.177::::24H::1.67uM::CEGS001::K17::BRD-K71879491,tretinoin,brd-k71879491,tretinoin
L1000,L1000::17-AAG::NPC.177::::24H::4uM::CEGS001::C02::BRD-K42840900,17-AAG,brd-k42840900,17-aag
L1000,L1000::I-BET-151::NPC.177::::24H::0.66uM::CEGS001::H11::BRD-K36363294,I-BET-151,brd-k36363294,i-bet-151
L1000,L1000::ruboxistaurin::NPC.177::::24H::2.5uM::CEGS001::P16::BRD-K27677357,ruboxistaurin,brd-k27677357,ruboxistaurin
L1000,L1000::17-AAG::NPC.177::::24H::10uM::CEGS001::C01::BRD-K42840900,17-AAG,brd-k42840900,17-aag
L1000,L1000::BIX-01294::NPC.177::::24H::10uM::CEGS001::G01::BRD-K26818574,BIX-01294,brd-k26818574,bix-01294
L1000,L1000::I-BET-151::NPC.177::::24H::2.5uM::CEGS001::H09::BRD-K36363294,I-BET-151,brd-k36363294,i-bet-151
L1000,L1000::tacedinaline::NPC.177::::24H::4uM::CEGS001::G14::BRD-K52313696,tacedinaline,brd-k52313696,tacedinaline
L1000,L1000::flunarizine::NPC.177::::24H::25uM::CEGS001::C07::BRD-K29582677,flunarizine,brd-k29582677,flunarizine
L1000,L1000::BRD-A26030894::NPC.177::::24H::250uM::CEGS001::N01::BRD-A26030894,BRD-A26030894,brd-a26030894,brd-a26030894
L1000,L1000::I-BET-151::NPC.177::::24H::4uM::CEGS001::H08::BRD-K36363294,I-BET-151,brd-k36363294,i-bet-151
L1000,L1000::valproic-acid::NPC.177::::24H::1250uM::CEGS001::P21::BRD-K41260949,valproic-acid,brd-k41260949,valproic-acid
L1000,L1000::vorinostat::NPC.177::::24H::2.5uM::CEGS001::C21::BRD-K81418486,vorinostat,brd-k81418486,vorinostat
L1000,L1000::vorinostat::NPC.177::::24H::0.3uM::CEGS001::C24::BRD-K81418486,vorinostat,brd-k81418486,vorinostat
L1000,L1000::cordycepin::A549::::24H::0.04uM::REP.A018::L12::BRD-K65428967,cordycepin,brd-k65428967,cordycepin
L1000,L1000::BI-2536::A549::::24H::10uM::REP.A018::I19::BRD-K64890080,BI-2536,brd-k64890080,bi-2536
L1000,L1000::RG-7388::A549::::24H::10uM::REP.A018::C07::BRD-K62627508,RG-7388,brd-k62627508,rg-7388
L1000,L1000::BI-2536::A549::::24H::0.125uM::REP.A018::I23::BRD-K64890080,BI-2536,brd-k64890080,bi-2536
L1000,L1000::BI-2536::A549::::24H::3.33uM::REP.A018::I20::BRD-K64890080,BI-2536,brd-k64890080,bi-2536
L1000,L1000::RG-7388::A549::::24H::3.33uM::REP.A018::C08::BRD-K62627508,RG-7388,brd-k62627508,rg-7388
L1000,L1000::BI-2536::A549::::24H::1.11uM::REP.A018::I21::BRD-K64890080,BI-2536,brd-k64890080,bi-2536
L1000,L1000::BI-2536::A549::::24H::0.37uM::REP.A018::I22::BRD-K64890080,BI-2536,brd-k64890080,bi-2536
L1000,L1000::vorinostat::A375::::24H::20uM::DOSVAL006::G13::BRD-K81418486,vorinostat,brd-k81418486,vorinostat
L1000,L1000::troglitazone::A375::::24H::20uM::DOSVAL006::K10::BRD-A13084692,troglitazone,brd-a13084692,troglitazone
L1000,L1000::vorinostat::A375::::24H::4uM::DOSVAL006::G15::BRD-K81418486,vorinostat,brd-k81418486,vorinostat
L1000,L1000::vorinostat::A375::::24H::10uM::DOSVAL006::G14::BRD-K81418486,vorinostat,brd-k81418486,vorinostat
L1000,L1000::TG-101348::HS578T::::24H::3.33uM::LJP005::L02::BRD-K12502280,TG-101348,brd-k12502280,tg-101348
L1000,L1000::TG-101348::HS578T::::24H::0.04uM::LJP005::L06::BRD-K12502280,TG-101348,brd-k12502280,tg-101348
L1000,L1000::TG-101348::HS578T::::24H::10uM::LJP005::L01::BRD-K12502280,TG-101348,brd-k12502280,tg-101348
L1000,L1000::dasatinib::HS578T::::24H::0.12uM::LJP005::D05::BRD-K49328571,dasatinib,brd-k49328571,dasatinib
L1000,L1000::nilotinib::HS578T::::24H::10uM::LJP005::N13::BRD-K81528515,nilotinib,brd-k81528515,nilotinib
L1000,L1000::dasatinib::HS578T::::24H::1.11uM::LJP005::D03::BRD-K49328571,dasatinib,brd-k49328571,dasatinib
L1000,L1000::erlotinib::HS578T::::24H::10uM::LJP005::M19::BRD-K70401845,erlotinib,brd-k70401845,erlotinib
L1000,L1000::YM-201636::HS578T::::24H::3.33uM::LJP005::N08::BRD-K48488978,YM-201636,brd-k48488978,ym-201636
L1000,L1000::CGP-60474::HS578T::::24H::0.37uM::LJP005::F04::BRD-K79090631,CGP-60474,brd-k79090631,cgp-60474
L1000,L1000::CGP-60474::HS578T::::24H::3.33uM::LJP005::F02::BRD-K79090631,CGP-60474,brd-k79090631,cgp-60474
L1000,L1000::CGP-60474::HS578T::::24H::0.04uM::LJP005::F06::BRD-K79090631,CGP-60474,brd-k79090631,cgp-60474
L1000,L1000::CYT-387::HS578T::::24H::3.33uM::LJP005::P08::BRD-K87737963,CYT-387,brd-k87737963,cyt-387
L1000,L1000::trametinib::HS578T::::24H::0.12uM::LJP005::P23::BRD-K12343256,trametinib,brd-k12343256,trametinib
L1000,L1000::CYT-387::HS578T::::24H::10uM::LJP005::P07::BRD-K87737963,CYT-387,brd-k87737963,cyt-387
L1000,L1000::CGP-60474::HS578T::::24H::0.12uM::LJP005::F05::BRD-K79090631,CGP-60474,brd-k79090631,cgp-60474
L1000,L1000::foretinib::HS578T::::24H::10uM::LJP005::H07::BRD-K03449891,foretinib,brd-k03449891,foretinib
L1000,L1000::SU-11274::HS578T::::24H::10uM::LJP005::J07::BRD-K02965346,SU-11274,brd-k02965346,su-11274
L1000,L1000::PD-184352::HS578T::::24H::10uM::LJP005::L07::BRD-K05104363,PD-184352,brd-k05104363,pd-184352
L1000,L1000::dasatinib::HS578T::::24H::0.37uM::LJP005::D04::BRD-K49328571,dasatinib,brd-k49328571,dasatinib
L1000,L1000::dasatinib::HS578T::::24H::3.33uM::LJP005::D02::BRD-K49328571,dasatinib,brd-k49328571,dasatinib
L1000,L1000::CYT-387::HS578T::::24H::0.04uM::LJP005::P12::BRD-K87737963,CYT-387,brd-k87737963,cyt-387
L1000,L1000::CGP-60474::HS578T::::24H::10uM::LJP005::F01::BRD-K79090631,CGP-60474,brd-k79090631,cgp-60474
L1000,L1000::enzastaurin::HS578T::::24H::10uM::LJP005::D13::BRD-K79404599,enzastaurin,brd-k79404599,enzastaurin
L1000,L1000::trametinib::HS578T::::24H::3.33uM::LJP005::P20::BRD-K12343256,trametinib,brd-k12343256,trametinib
L1000,L1000::LDN-193189::HS578T::::24H::3.33uM::LJP005::G02::BRD-K04853698,LDN-193189,brd-k04853698,ldn-193189
L1000,L1000::vemurafenib::HS578T::::24H::10uM::LJP005::C13::BRD-K56343971,vemurafenib,brd-k56343971,vemurafenib
L1000,L1000::trametinib::HS578T::::24H::0.37uM::LJP005::P22::BRD-K12343256,trametinib,brd-k12343256,trametinib
L1000,L1000::YM-201636::HS578T::::24H::10uM::LJP005::N07::BRD-K48488978,YM-201636,brd-k48488978,ym-201636
L1000,L1000::YM-201636::HS578T::::24H::1.11uM::LJP005::N09::BRD-K48488978,YM-201636,brd-k48488978,ym-201636
L1000,L1000::dasatinib::HS578T::::24H::10uM::LJP005::D01::BRD-K49328571,dasatinib,brd-k49328571,dasatinib
L1000,L1000::BX-912::HS578T::::24H::10uM::LJP005::L19::BRD-K49669041,BX-912,brd-k49669041,bx-912
L1000,L1000::LDN-193189::HS578T::::24H::10uM::LJP005::G01::BRD-K04853698,LDN-193189,brd-k04853698,ldn-193189
L1000,L1000::trametinib::HS578T::::24H::10uM::LJP005::P19::BRD-K12343256,trametinib,brd-k12343256,trametinib
L1000,L1000::vorinostat::HAP1.PIK3CA::::24H::3.33uM::MOAR015::A11::BRD-K81418486,vorinostat,brd-k81418486,vorinostat
L1000,L1000::vorinostat::TMD8::::24H::0.66uM::AICHI001::G15::BRD-K81418486,vorinostat,brd-k81418486,vorinostat
L1000,L1000::midostaurin::TMD8::::24H::2.5uM::AICHI001::F20::BRD-K13646352,midostaurin,brd-k13646352,midostaurin
L1000,L1000::GDC-834::TMD8::::24H::10uM::AICHI001::P07::BRD-K32428408,GDC-834,brd-k32428408,gdc-834
L1000,L1000::GDC-0941::TMD8::::24H::2.5uM::AICHI001::A08::BRD-K52911425,GDC-0941,brd-k52911425,gdc-0941
L1000,L1000::BRD-K16277767::TMD8::::24H::2.5uM::AICHI001::L08::BRD-K16277767,BRD-K16277767,brd-k16277767,brd-k16277767
L1000,L1000::AZ-628::TMD8::::24H::0.66uM::AICHI001::M15::BRD-K05804044,AZ-628,brd-k05804044,az-628
L1000,L1000::BRD-A75976779::TMD8::::24H::10uM::AICHI001::I07::BRD-A75976779,BRD-A75976779,brd-a75976779,brd-a75976779
L1000,L1000::AZ-628::TMD8::::24H::10uM::AICHI001::M13::BRD-K05804044,AZ-628,brd-k05804044,az-628
L1000,L1000::sotrastaurin::TMD8::::24H::10uM::AICHI001::D19::BRD-K16761703,sotrastaurin,brd-k16761703,sotrastaurin
L1000,L1000::midostaurin::TMD8::::24H::10uM::AICHI001::F19::BRD-K13646352,midostaurin,brd-k13646352,midostaurin
L1000,L1000::vorinostat::TMD8::::24H::2.5uM::AICHI001::G14::BRD-K81418486,vorinostat,brd-k81418486,vorinostat
L1000,L1000::CX-4945::TMD8::::24H::10uM::AICHI001::M01::BRD-K81458380,CX-4945,brd-k81458380,cx-4945
L1000,L1000::vorinostat::TMD8::::24H::10uM::AICHI001::G13::BRD-K81418486,vorinostat,brd-k81418486,vorinostat
L1000,L1000::GDC-834::TMD8::::24H::2.5uM::AICHI001::P08::BRD-K32428408,GDC-834,brd-k32428408,gdc-834
L1000,L1000::CX-4945::TMD8::::24H::2.5uM::AICHI001::M02::BRD-K81458380,CX-4945,brd-k81458380,cx-4945
L1000,L1000::GDC-0941::TMD8::::24H::10uM::AICHI001::I13::BRD-K52911425,GDC-0941,brd-k52911425,gdc-0941
L1000,L1000::vorinostat::HCC515::::24H::4uM::DOSVAL002::G15::BRD-K81418486,vorinostat,brd-k81418486,vorinostat
L1000,L1000::vorinostat::HCC515::::24H::10uM::DOSVAL002::G14::BRD-K81418486,vorinostat,brd-k81418486,vorinostat
L1000,L1000::vorinostat::HCC515::::24H::20uM::DOSVAL002::G13::BRD-K81418486,vorinostat,brd-k81418486,vorinostat
L1000,L1000::dasatinib::MCF10A::::24H::0.37uM::REP.A019::L16::BRD-K49328571,dasatinib,brd-k49328571,dasatinib
L1000,L1000::dasatinib::MCF10A::::24H::1.11uM::REP.A019::L15::BRD-K49328571,dasatinib,brd-k49328571,dasatinib
L1000,L1000::dasatinib::MCF10A::::24H::10uM::REP.A019::L13::BRD-K49328571,dasatinib,brd-k49328571,dasatinib
L1000,L1000::dasatinib::MCF10A::::24H::3.33uM::REP.A019::L14::BRD-K49328571,dasatinib,brd-k49328571,dasatinib
L1000,L1000::alvocidib::WI38::::24H::10uM::LUNG001::G07::BRD-K87909389,alvocidib,brd-k87909389,alvocidib
L1000,L1000::gossypol::WI38::::24H::10uM::LUNG001::I14::BRD-K19295594,gossypol,brd-k19295594,gossypol
L1000,L1000::cediranib::WI38::::24H::10uM::LUNG001::E15::BRD-K86930074,cediranib,brd-k86930074,cediranib
L1000,L1000::TPCA-1::WI38::::24H::10uM::LUNG001::N06::BRD-K51575138,TPCA-1,brd-k51575138,tpca-1
L1000,L1000::MK-2206::WI38::::24H::10uM::LUNG001::C12::BRD-K68065987,MK-2206,brd-k68065987,mk-2206
L1000,L1000::navitoclax::WI38::::24H::10uM::LUNG001::L19::BRD-K82746043,navitoclax,brd-k82746043,navitoclax
L1000,L1000::enzastaurin::WI38::::24H::10uM::LUNG001::N13::BRD-K79404599,enzastaurin,brd-k79404599,enzastaurin
L1000,L1000::SB-216763::WI38::::24H::10uM::LUNG001::C10::BRD-K59184148,SB-216763,brd-k59184148,sb-216763
L1000,L1000::saracatinib::WI38::::24H::10uM::LUNG001::O06::BRD-K19540840,saracatinib,brd-k19540840,saracatinib
L1000,L1000::bisindolylmaleimide::WI38::::24H::10uM::LUNG001::K09::BRD-K31342827,bisindolylmaleimide,brd-k31342827,bisindolylmaleimide
L1000,L1000::ispinesib::WI38::::24H::10uM::LUNG001::G17::BRD-K64881305,ispinesib,brd-k64881305,ispinesib
L1000,L1000::BI-2536::WI38::::24H::10uM::LUNG001::L14::BRD-K64890080,BI-2536,brd-k64890080,bi-2536
L1000,L1000::IKK-2-inhibitor-V::WI38::::24H::10uM::LUNG001::L17::BRD-K74305673,IKK-2-inhibitor-V,brd-k74305673,ikk-2-inhibitor-v
L1000,L1000::olaparib::WI38::::24H::10uM::LUNG001::O08::BRD-K02113016,olaparib,brd-k02113016,olaparib
L1000,L1000::mocetinostat::WI38::::24H::10uM::LUNG001::E13::BRD-K16485616,mocetinostat,brd-k16485616,mocetinostat
L1000,L1000::panobinostat::WI38::::24H::10uM::LUNG001::B07::BRD-K02130563,panobinostat,brd-k02130563,panobinostat
L1000,L1000::JNJ-7706621::WI38::::24H::10uM::LUNG001::H19::BRD-K11636097,JNJ-7706621,brd-k11636097,jnj-7706621
L1000,L1000::midostaurin::WI38::::24H::10uM::LUNG001::K05::BRD-K13646352,midostaurin,brd-k13646352,midostaurin
L1000,L1000::masitinib::WI38::::24H::10uM::LUNG001::C19::BRD-K71035033,masitinib,brd-k71035033,masitinib
L1000,L1000::PP-1::WI38::::24H::10uM::LUNG001::K07::BRD-K47598052,PP-1,brd-k47598052,pp-1
L1000,L1000::NVP-TAE684::WI38::::24H::10uM::LUNG001::C21::BRD-K50140147,NVP-TAE684,brd-k50140147,nvp-tae684
L1000,L1000::ABT-737::WI38::::24H::10uM::LUNG001::I16::BRD-K56301217,ABT-737,brd-k56301217,abt-737
L1000,L1000::BCI-hydrochloride::WI38::::24H::10uM::LUNG001::D03::BRD-A11007541,BCI-hydrochloride,brd-a11007541,bci-hydrochloride
L1000,L1000::alvocidib::HA1E::::24H::3.33uM::LJP006::A14::BRD-K87909389,alvocidib,brd-k87909389,alvocidib
L1000,L1000::MK-2206::HA1E::::24H::0.12uM::LJP006::F05::BRD-K68065987,MK-2206,brd-k68065987,mk-2206
L1000,L1000::alvocidib::HA1E::::24H::0.12uM::LJP006::A17::BRD-K87909389,alvocidib,brd-k87909389,alvocidib
L1000,L1000::Y-39983::HA1E::::24H::0.37uM::LJP006::P04::BRD-K56751279,Y-39983,brd-k56751279,y-39983
L1000,L1000::saracatinib::HA1E::::24H::3.33uM::LJP006::D08::BRD-K19540840,saracatinib,brd-k19540840,saracatinib
L1000,L1000::PD-173074::HA1E::::24H::3.33uM::LJP006::I08::BRD-K97764662,PD-173074,brd-k97764662,pd-173074
L1000,L1000::alvocidib::HA1E::::24H::0.04uM::LJP006::A18::BRD-K87909389,alvocidib,brd-k87909389,alvocidib
L1000,L1000::BI-2536::HA1E::::24H::1.11uM::LJP006::D15::BRD-K64890080,BI-2536,brd-k64890080,bi-2536
L1000,L1000::PD-173074::HA1E::::24H::10uM::LJP006::I07::BRD-K97764662,PD-173074,brd-k97764662,pd-173074
L1000,L1000::AS-605240::HA1E::::24H::3.33uM::LJP006::O08::BRD-K41895714,AS-605240,brd-k41895714,as-605240
L1000,L1000::CGP-60474::HA1E::::24H::0.37uM::LJP006::G04::BRD-K79090631,CGP-60474,brd-k79090631,cgp-60474
L1000,L1000::PI-103::HA1E::::24H::10uM::LJP006::I13::BRD-K67868012,PI-103,brd-k67868012,pi-103
L1000,L1000::XMD-1185H::HA1E::::24H::0.12uM::LJP006::P23::BRD-U22633929,XMD-1185H,brd-u22633929,xmd-1185h
L1000,L1000::NVP-TAE684::HA1E::::24H::3.33uM::LJP006::K14::BRD-K50140147,NVP-TAE684,brd-k50140147,nvp-tae684
L1000,L1000::lapatinib::HA1E::::24H::10uM::LJP006::M19::BRD-K19687926,lapatinib,brd-k19687926,lapatinib
L1000,L1000::dasatinib::HA1E::::24H::1.11uM::LJP006::I03::BRD-K49328571,dasatinib,brd-k49328571,dasatinib
L1000,L1000::BI-2536::HA1E::::24H::3.33uM::LJP006::D14::BRD-K64890080,BI-2536,brd-k64890080,bi-2536
L1000,L1000::AZD-7762::HA1E::::24H::1.11uM::LJP006::L03::BRD-K46056750,AZD-7762,brd-k46056750,azd-7762
L1000,L1000::WZ-4-145::HA1E::::24H::10uM::LJP006::J19::BRD-U61997977,WZ-4-145,brd-u61997977,wz-4-145
L1000,L1000::WZ-4-145::HA1E::::24H::0.37uM::LJP006::J22::BRD-U61997977,WZ-4-145,brd-u61997977,wz-4-145
L1000,L1000::alvocidib::HA1E::::24H::0.37uM::LJP006::A16::BRD-K87909389,alvocidib,brd-k87909389,alvocidib
L1000,L1000::Y-39983::HA1E::::24H::0.12uM::LJP006::P05::BRD-K56751279,Y-39983,brd-k56751279,y-39983
L1000,L1000::NVP-TAE684::HA1E::::24H::1.11uM::LJP006::K15::BRD-K50140147,NVP-TAE684,brd-k50140147,nvp-tae684
L1000,L1000::BI-2536::HA1E::::24H::0.12uM::LJP006::D17::BRD-K64890080,BI-2536,brd-k64890080,bi-2536
L1000,L1000::BI-2536::HA1E::::24H::10uM::LJP006::D13::BRD-K64890080,BI-2536,brd-k64890080,bi-2536
L1000,L1000::XMD-1185H::HA1E::::24H::10uM::LJP006::P19::BRD-U22633929,XMD-1185H,brd-u22633929,xmd-1185h
L1000,L1000::CGP-60474::HA1E::::24H::3.33uM::LJP006::G02::BRD-K79090631,CGP-60474,brd-k79090631,cgp-60474
L1000,L1000::WZ-4-145::HA1E::::24H::0.12uM::LJP006::J23::BRD-U61997977,WZ-4-145,brd-u61997977,wz-4-145
L1000,L1000::saracatinib::HA1E::::24H::0.12uM::LJP006::D11::BRD-K19540840,saracatinib,brd-k19540840,saracatinib
L1000,L1000::BI-2536::HA1E::::24H::0.04uM::LJP006::D18::BRD-K64890080,BI-2536,brd-k64890080,bi-2536
L1000,L1000::CGP-60474::HA1E::::24H::0.12uM::LJP006::G05::BRD-K79090631,CGP-60474,brd-k79090631,cgp-60474
L1000,L1000::AZD-7762::HA1E::::24H::0.04uM::LJP006::L06::BRD-K46056750,AZD-7762,brd-k46056750,azd-7762
L1000,L1000::NVP-TAE684::HA1E::::24H::10uM::LJP006::K13::BRD-K50140147,NVP-TAE684,brd-k50140147,nvp-tae684
L1000,L1000::MK-2206::HA1E::::24H::10uM::LJP006::F01::BRD-K68065987,MK-2206,brd-k68065987,mk-2206
L1000,L1000::AS-605240::HA1E::::24H::0.04uM::LJP006::O12::BRD-K41895714,AS-605240,brd-k41895714,as-605240
L1000,L1000::dasatinib::HA1E::::24H::0.04uM::LJP006::I06::BRD-K49328571,dasatinib,brd-k49328571,dasatinib
L1000,L1000::CGP-60474::HA1E::::24H::10uM::LJP006::G01::BRD-K79090631,CGP-60474,brd-k79090631,cgp-60474
L1000,L1000::AZD-7762::HA1E::::24H::0.37uM::LJP006::L04::BRD-K46056750,AZD-7762,brd-k46056750,azd-7762
L1000,L1000::CGP-60474::HA1E::::24H::0.04uM::LJP006::G06::BRD-K79090631,CGP-60474,brd-k79090631,cgp-60474
L1000,L1000::alvocidib::HA1E::::24H::10uM::LJP006::A13::BRD-K87909389,alvocidib,brd-k87909389,alvocidib
L1000,L1000::WZ-4-145::HA1E::::24H::1.11uM::LJP006::J21::BRD-U61997977,WZ-4-145,brd-u61997977,wz-4-145
L1000,L1000::Y-39983::HA1E::::24H::10uM::LJP006::P01::BRD-K56751279,Y-39983,brd-k56751279,y-39983
L1000,L1000::AZD-7762::HA1E::::24H::0.12uM::LJP006::L05::BRD-K46056750,AZD-7762,brd-k46056750,azd-7762
L1000,L1000::dasatinib::HA1E::::24H::10uM::LJP006::I01::BRD-K49328571,dasatinib,brd-k49328571,dasatinib
L1000,L1000::AZD-7762::HA1E::::24H::3.33uM::LJP006::L02::BRD-K46056750,AZD-7762,brd-k46056750,azd-7762
L1000,L1000::saracatinib::HA1E::::24H::10uM::LJP006::D07::BRD-K19540840,saracatinib,brd-k19540840,saracatinib
L1000,L1000::selumetinib::HA1E::::24H::10uM::LJP006::M07::BRD-K57080016,selumetinib,brd-k57080016,selumetinib
L1000,L1000::dasatinib::HA1E::::24H::0.12uM::LJP006::I05::BRD-K49328571,dasatinib,brd-k49328571,dasatinib
L1000,L1000::PI-103::HA1E::::24H::3.33uM::LJP006::I14::BRD-K67868012,PI-103,brd-k67868012,pi-103
L1000,L1000::alvocidib::HA1E::::24H::1.11uM::LJP006::A15::BRD-K87909389,alvocidib,brd-k87909389,alvocidib
L1000,L1000::NVP-TAE684::HA1E::::24H::0.37uM::LJP006::K16::BRD-K50140147,NVP-TAE684,brd-k50140147,nvp-tae684
L1000,L1000::BI-2536::HA1E::::24H::0.37uM::LJP006::D16::BRD-K64890080,BI-2536,brd-k64890080,bi-2536
L1000,L1000::AZD-7762::HA1E::::24H::10uM::LJP006::L01::BRD-K46056750,AZD-7762,brd-k46056750,azd-7762
L1000,L1000::GDC-0941::HA1E::::24H::10uM::LJP006::D19::BRD-K52911425,GDC-0941,brd-k52911425,gdc-0941
L1000,L1000::GDC-0941::HA1E::::24H::0.37uM::LJP006::D22::BRD-K52911425,GDC-0941,brd-k52911425,gdc-0941
L1000,L1000::gefitinib::HA1E::::24H::3.33uM::LJP006::N08::BRD-K64052750,gefitinib,brd-k64052750,gefitinib
L1000,L1000::saracatinib::HA1E::::24H::1.11uM::LJP006::D09::BRD-K19540840,saracatinib,brd-k19540840,saracatinib
L1000,L1000::WZ-4-145::HA1E::::24H::3.33uM::LJP006::J20::BRD-U61997977,WZ-4-145,brd-u61997977,wz-4-145
L1000,L1000::gefitinib::HA1E::::24H::10uM::LJP006::N07::BRD-K64052750,gefitinib,brd-k64052750,gefitinib
L1000,L1000::dasatinib::HA1E::::24H::0.37uM::LJP006::I04::BRD-K49328571,dasatinib,brd-k49328571,dasatinib
L1000,L1000::tipifarnib-P2::HA1E::::24H::10uM::REP.A017::F19::BRD-K62965247,tipifarnib-P2,brd-k62965247,tipifarnib-p2
L1000,L1000::prazosin::HA1E::::24H::10uM::REP.A017::D19::BRD-K49111258,prazosin,brd-k49111258,prazosin
L1000,L1000::tipifarnib-P2::HA1E::::24H::0.125uM::REP.A017::F23::BRD-K62965247,tipifarnib-P2,brd-k62965247,tipifarnib-p2
L1000,L1000::ORE-1001::HA1E::::24H::0.37uM::REP.A017::L22::BRD-K67068943,ORE-1001,brd-k67068943,ore-1001
L1000,L1000::GDC-0199::HA1E::::24H::10uM::REP.A017::G01::BRD-K62391742,GDC-0199,brd-k62391742,gdc-0199
L1000,L1000::gabapentin::HA1E::::24H::0.04uM::REP.A017::M24::BRD-K62737565,gabapentin,brd-k62737565,gabapentin
L1000,L1000::oxybutynin::HA1E::::24H::1.11uM::REP.A017::I21::BRD-A65013509,oxybutynin,brd-a65013509,oxybutynin
L1000,L1000::GDC-0199::HA1E::::24H::0.04uM::REP.A017::G06::BRD-K62391742,GDC-0199,brd-k62391742,gdc-0199
L1000,L1000::ORE-1001::HA1E::::24H::0.125uM::REP.A017::L23::BRD-K67068943,ORE-1001,brd-k67068943,ore-1001
L1000,L1000::tipifarnib-P2::HA1E::::24H::1.11uM::REP.A017::F21::BRD-K62965247,tipifarnib-P2,brd-k62965247,tipifarnib-p2
L1000,L1000::pirenoxine::HA1E::::24H::0.125uM::REP.A017::L05::BRD-K65992024,pirenoxine,brd-k65992024,pirenoxine
L1000,L1000::BI-2536::HAP1.TP53::::24H::0.66uM::MOAR013::L22::BRD-K64890080,BI-2536,brd-k64890080,bi-2536
L1000,L1000::ACY-1215::HAP1.TP53::::24H::3.33uM::MOAR013::E21::BRD-K82928847,ACY-1215,brd-k82928847,acy-1215
L1000,L1000::TG-101348::HAP1.TP53::::24H::3.33uM::MOAR013::I21::BRD-K12502280,TG-101348,brd-k12502280,tg-101348
L1000,L1000::tacedinaline::HAP1.TP53::::24H::3.33uM::MOAR013::J21::BRD-K52313696,tacedinaline,brd-k52313696,tacedinaline
L1000,L1000::BI-2536::HAP1.TP53::::24H::3.33uM::MOAR013::L21::BRD-K64890080,BI-2536,brd-k64890080,bi-2536
L1000,L1000::UNC-0638::THP1::::24H::10uM::LJP008::M07::BRD-K86856088,UNC-0638,brd-k86856088,unc-0638
L1000,L1000::MK-1775::THP1::::24H::3.33uM::LJP008::A20::BRD-K54256913,MK-1775,brd-k54256913,mk-1775
L1000,L1000::I-BET-151::THP1::::24H::0.04uM::LJP008::K06::BRD-K36363294,I-BET-151,brd-k36363294,i-bet-151
L1000,L1000::ABT-737::THP1::::24H::10uM::LJP008::E01::BRD-K56301217,ABT-737,brd-k56301217,abt-737
L1000,L1000::mocetinostat::THP1::::24H::0.12uM::LJP008::I11::BRD-K16485616,mocetinostat,brd-k16485616,mocetinostat
L1000,L1000::vorinostat::THP1::::24H::3.33uM::LJP008::G08::BRD-K81418486,vorinostat,brd-k81418486,vorinostat
L1000,L1000::vorinostat::THP1::::24H::10uM::LJP008::A03::BRD-K81418486,vorinostat,brd-k81418486,vorinostat
L1000,L1000::KU-55933::THP1::::24H::3.33uM::LJP008::B14::BRD-K25311561,KU-55933,brd-k25311561,ku-55933
L1000,L1000::resveratrol::THP1::::24H::10uM::LJP008::M01::BRD-K80738081,resveratrol,brd-k80738081,resveratrol
L1000,L1000::I-BET-762::THP1::::24H::0.37uM::LJP008::I04::BRD-K08109215,I-BET-762,brd-k08109215,i-bet-762
L1000,L1000::dasatinib::THP1::::24H::10uM::LJP008::G13::BRD-K49328571,dasatinib,brd-k49328571,dasatinib
L1000,L1000::olaparib::THP1::::24H::10uM::LJP008::D01::BRD-K02113016,olaparib,brd-k02113016,olaparib
L1000,L1000::mocetinostat::THP1::::24H::10uM::LJP008::I07::BRD-K16485616,mocetinostat,brd-k16485616,mocetinostat
L1000,L1000::I-BET-151::THP1::::24H::3.33uM::LJP008::K02::BRD-K36363294,I-BET-151,brd-k36363294,i-bet-151
L1000,L1000::I-BET-762::THP1::::24H::3.33uM::LJP008::I02::BRD-K08109215,I-BET-762,brd-k08109215,i-bet-762
L1000,L1000::mocetinostat::THP1::::24H::0.37uM::LJP008::I10::BRD-K16485616,mocetinostat,brd-k16485616,mocetinostat
L1000,L1000::PFI-1::THP1::::24H::1.11uM::LJP008::G03::BRD-K13094524,PFI-1,brd-k13094524,pfi-1
L1000,L1000::vorinostat::THP1::::24H::10uM::LJP008::G07::BRD-K81418486,vorinostat,brd-k81418486,vorinostat
L1000,L1000::mocetinostat::THP1::::24H::1.11uM::LJP008::I09::BRD-K16485616,mocetinostat,brd-k16485616,mocetinostat
L1000,L1000::ACY-1215::THP1::::24H::3.33uM::LJP008::F02::BRD-K82928847,ACY-1215,brd-k82928847,acy-1215
L1000,L1000::ABT-737::THP1::::24H::3.33uM::LJP008::E02::BRD-K56301217,ABT-737,brd-k56301217,abt-737
L1000,L1000::I-BET-762::THP1::::24H::1.11uM::LJP008::I03::BRD-K08109215,I-BET-762,brd-k08109215,i-bet-762
L1000,L1000::PFI-1::THP1::::24H::0.37uM::LJP008::G04::BRD-K13094524,PFI-1,brd-k13094524,pfi-1
L1000,L1000::MK-1775::THP1::::24H::10uM::LJP008::A19::BRD-K54256913,MK-1775,brd-k54256913,mk-1775
L1000,L1000::PFI-1::THP1::::24H::10uM::LJP008::G01::BRD-K13094524,PFI-1,brd-k13094524,pfi-1
L1000,L1000::I-BET-762::THP1::::24H::10uM::LJP008::I01::BRD-K08109215,I-BET-762,brd-k08109215,i-bet-762
L1000,L1000::mocetinostat::THP1::::24H::0.04uM::LJP008::I12::BRD-K16485616,mocetinostat,brd-k16485616,mocetinostat
L1000,L1000::I-BET-762::THP1::::24H::0.12uM::LJP008::I05::BRD-K08109215,I-BET-762,brd-k08109215,i-bet-762
L1000,L1000::I-BET-151::THP1::::24H::0.12uM::LJP008::K05::BRD-K36363294,I-BET-151,brd-k36363294,i-bet-151
L1000,L1000::ACY-1215::THP1::::24H::10uM::LJP008::F01::BRD-K82928847,ACY-1215,brd-k82928847,acy-1215
L1000,L1000::I-BET-151::THP1::::24H::1.11uM::LJP008::K03::BRD-K36363294,I-BET-151,brd-k36363294,i-bet-151
L1000,L1000::ACY-1215::THP1::::24H::1.11uM::LJP008::F03::BRD-K82928847,ACY-1215,brd-k82928847,acy-1215
L1000,L1000::vorinostat::THP1::::24H::0.12uM::LJP008::G11::BRD-K81418486,vorinostat,brd-k81418486,vorinostat
L1000,L1000::I-BET-151::THP1::::24H::10uM::LJP008::K01::BRD-K36363294,I-BET-151,brd-k36363294,i-bet-151
L1000,L1000::mocetinostat::THP1::::24H::3.33uM::LJP008::I08::BRD-K16485616,mocetinostat,brd-k16485616,mocetinostat
L1000,L1000::CGP-60474::MDAMB231::::24H::0.04uM::LJP007::C24::BRD-K79090631,CGP-60474,brd-k79090631,cgp-60474
L1000,L1000::MLN-0128::MDAMB231::::24H::1.11uM::LJP007::L09::BRD-K59317601,MLN-0128,brd-k59317601,mln-0128
L1000,L1000::vandetanib::MDAMB231::::24H::10uM::LJP007::P13::BRD-K77625799,vandetanib,brd-k77625799,vandetanib
L1000,L1000::CGP-60474::MDAMB231::::24H::0.37uM::LJP007::C22::BRD-K79090631,CGP-60474,brd-k79090631,cgp-60474
L1000,L1000::PHA-767491::MDAMB231::::24H::3.33uM::LJP007::J02::BRD-K50000283,PHA-767491,brd-k50000283,pha-767491
L1000,L1000::PHA-767491::MDAMB231::::24H::10uM::LJP007::J01::BRD-K50000283,PHA-767491,brd-k50000283,pha-767491
L1000,L1000::vorinostat::MDAMB231::::24H::10uM::LJP007::A03::BRD-K81418486,vorinostat,brd-k81418486,vorinostat
L1000,L1000::OTS-167::MDAMB231::::24H::0.37uM::LJP007::O16::BRD-K53417444,OTS-167,brd-k53417444,ots-167
L1000,L1000::masitinib::MDAMB231::::24H::0.12uM::LJP007::I17::BRD-K71035033,masitinib,brd-k71035033,masitinib
L1000,L1000::dasatinib::MDAMB231::::24H::10uM::LJP007::G13::BRD-K49328571,dasatinib,brd-k49328571,dasatinib
L1000,L1000::MLN-0128::MDAMB231::::24H::10uM::LJP007::L07::BRD-K59317601,MLN-0128,brd-k59317601,mln-0128
L1000,L1000::bosutinib::MDAMB231::::24H::10uM::LJP007::D19::BRD-K99964838,bosutinib,brd-k99964838,bosutinib
L1000,L1000::dasatinib::MDAMB231::::24H::0.12uM::LJP007::G17::BRD-K49328571,dasatinib,brd-k49328571,dasatinib
L1000,L1000::OTS-167::MDAMB231::::24H::1.11uM::LJP007::O15::BRD-K53417444,OTS-167,brd-k53417444,ots-167
L1000,L1000::CGP-60474::MDAMB231::::24H::1.11uM::LJP007::C21::BRD-K79090631,CGP-60474,brd-k79090631,cgp-60474
L1000,L1000::dasatinib::MDAMB231::::24H::0.37uM::LJP007::G16::BRD-K49328571,dasatinib,brd-k49328571,dasatinib
L1000,L1000::OTS-167::MDAMB231::::24H::10uM::LJP007::O13::BRD-K53417444,OTS-167,brd-k53417444,ots-167
L1000,L1000::bosutinib::MDAMB231::::24H::3.33uM::LJP007::D20::BRD-K99964838,bosutinib,brd-k99964838,bosutinib
L1000,L1000::dasatinib::MDAMB231::::24H::3.33uM::LJP007::G14::BRD-K49328571,dasatinib,brd-k49328571,dasatinib
L1000,L1000::CGP-60474::MDAMB231::::24H::0.12uM::LJP007::C23::BRD-K79090631,CGP-60474,brd-k79090631,cgp-60474
L1000,L1000::CGP-60474::MDAMB231::::24H::3.33uM::LJP007::C20::BRD-K79090631,CGP-60474,brd-k79090631,cgp-60474
L1000,L1000::dasatinib::MDAMB231::::24H::0.04uM::LJP007::G18::BRD-K49328571,dasatinib,brd-k49328571,dasatinib
L1000,L1000::TPCA-1::MDAMB231::::24H::10uM::LJP007::A19::BRD-K51575138,TPCA-1,brd-k51575138,tpca-1
L1000,L1000::NVP-TAE226::MDAMB231::::24H::10uM::LJP007::M13::BRD-K21025364,NVP-TAE226,brd-k21025364,nvp-tae226
L1000,L1000::OTS-167::MDAMB231::::24H::0.12uM::LJP007::O17::BRD-K53417444,OTS-167,brd-k53417444,ots-167
L1000,L1000::AZ-628::MDAMB231::::24H::3.33uM::LJP007::E14::BRD-K05804044,AZ-628,brd-k05804044,az-628
L1000,L1000::CGP-60474::MDAMB231::::24H::10uM::LJP007::C19::BRD-K79090631,CGP-60474,brd-k79090631,cgp-60474
L1000,L1000::OTS-167::MDAMB231::::24H::0.04uM::LJP007::O18::BRD-K53417444,OTS-167,brd-k53417444,ots-167
L1000,L1000::OTS-167::MDAMB231::::24H::3.33uM::LJP007::O14::BRD-K53417444,OTS-167,brd-k53417444,ots-167
L1000,L1000::PHA-767491::MDAMB231::::24H::1.11uM::LJP007::J03::BRD-K50000283,PHA-767491,brd-k50000283,pha-767491
L1000,L1000::colchicine::A549::::24H::3.33uM::REP.A012::A20::BRD-K00259736,colchicine,brd-k00259736,colchicine
L1000,L1000::foretinib::A549::::24H::0.125uM::REP.A012::P23::BRD-K03449891,foretinib,brd-k03449891,foretinib
L1000,L1000::foretinib::A549::::24H::10uM::REP.A012::P19::BRD-K03449891,foretinib,brd-k03449891,foretinib
L1000,L1000::colchicine::A549::::24H::10uM::REP.A012::A19::BRD-K00259736,colchicine,brd-k00259736,colchicine
L1000,L1000::amoxapine::A549::::24H::0.04uM::REP.A012::I18::BRD-K02265150,amoxapine,brd-k02265150,amoxapine
L1000,L1000::colchicine::A549::::24H::1.11uM::REP.A012::A21::BRD-K00259736,colchicine,brd-k00259736,colchicine
L1000,L1000::caffeine::A549::::24H::1.11uM::REP.A012::L09::BRD-K02404261,caffeine,brd-k02404261,caffeine
L1000,L1000::JNJ-38877605::A549::::24H::10uM::REP.A012::J07::BRD-K02123250,JNJ-38877605,brd-k02123250,jnj-38877605
L1000,L1000::CL-218872::A549::::24H::0.37uM::REP.A012::D16::BRD-K00662280,CL-218872,brd-k00662280,cl-218872
L1000,L1000::BRD-A19231254::P1A82::::24H::40uM::MUC.CP007::A19::BRD-A19231254,BRD-A19231254,brd-a19231254,brd-a19231254
L1000,L1000::BRD-K50919475::P1A82::::24H::20uM::MUC.CP007::P14::BRD-K50919475,BRD-K50919475,brd-k50919475,brd-k50919475
L1000,L1000::BRD-K26347562::P1A82::::24H::2.5uM::MUC.CP007::L17::BRD-K26347562,BRD-K26347562,brd-k26347562,brd-k26347562
L1000,L1000::BRD-A34345572::P1A82::::24H::40uM::MUC.CP007::D19::BRD-A34345572,BRD-A34345572,brd-a34345572,brd-a34345572
L1000,L1000::BRD-K49687815::P1A82::::24H::40uM::MUC.CP007::O13::BRD-K49687815,BRD-K49687815,brd-k49687815,brd-k49687815
L1000,L1000::BRD-A09391610::P1A82::::24H::40uM::MUC.CP007::B13::BRD-A09391610,BRD-A09391610,brd-a09391610,brd-a09391610
L1000,L1000::BRD-K26347562::P1A82::::24H::20uM::MUC.CP007::L14::BRD-K26347562,BRD-K26347562,brd-k26347562,brd-k26347562
L1000,L1000::BRD-A55639867::P1A82::::24H::40uM::MUC.CP007::F19::BRD-A55639867,BRD-A55639867,brd-a55639867,brd-a55639867
L1000,L1000::BRD-K91237281::P1A82::::24H::40uM::MUC.CP007::N13::BRD-K91237281,BRD-K91237281,brd-k91237281,brd-k91237281
L1000,L1000::BRD-K50919475::P1A82::::24H::40uM::MUC.CP007::P13::BRD-K50919475,BRD-K50919475,brd-k50919475,brd-k50919475
L1000,L1000::BRD-A77065707::P1A82::::24H::10uM::MUC.CP007::I15::BRD-A77065707,BRD-A77065707,brd-a77065707,brd-a77065707
L1000,L1000::BRD-A45134043::P1A82::::24H::10uM::MUC.CP007::H15::BRD-A45134043,BRD-A45134043,brd-a45134043,brd-a45134043
L1000,L1000::BRD-K50919475::P1A82::::24H::10uM::MUC.CP007::P15::BRD-K50919475,BRD-K50919475,brd-k50919475,brd-k50919475
L1000,L1000::BRD-K26347562::P1A82::::24H::10uM::MUC.CP007::L15::BRD-K26347562,BRD-K26347562,brd-k26347562,brd-k26347562
L1000,L1000::BRD-K85339825::P1A82::::24H::10uM::MUC.CP007::D15::BRD-K85339825,BRD-K85339825,brd-k85339825,brd-k85339825
L1000,L1000::BRD-K85339825::P1A82::::24H::40uM::MUC.CP007::D13::BRD-K85339825,BRD-K85339825,brd-k85339825,brd-k85339825
L1000,L1000::BRD-K26347562::P1A82::::24H::4uM::MUC.CP007::L16::BRD-K26347562,BRD-K26347562,brd-k26347562,brd-k26347562
L1000,L1000::BRD-K26347562::P1A82::::24H::40uM::MUC.CP007::L13::BRD-K26347562,BRD-K26347562,brd-k26347562,brd-k26347562
L1000,L1000::BRD-A77065707::P1A82::::24H::20uM::MUC.CP007::I14::BRD-A77065707,BRD-A77065707,brd-a77065707,brd-a77065707
L1000,L1000::BRD-K07378204::P1A82::::24H::20uM::MUC.CP007::L20::BRD-K07378204,BRD-K07378204,brd-k07378204,brd-k07378204
L1000,L1000::BRD-K13397460::P1A82::::24H::40uM::MUC.CP007::N19::BRD-K13397460,BRD-K13397460,brd-k13397460,brd-k13397460
L1000,L1000::BRD-A45134043::P1A82::::24H::40uM::MUC.CP007::H13::BRD-A45134043,BRD-A45134043,brd-a45134043,brd-a45134043
L1000,L1000::BRD-K81424019::P1A82::::24H::40uM::MUC.CP007::E13::BRD-K81424019,BRD-K81424019,brd-k81424019,brd-k81424019
L1000,L1000::BRD-A19231254::P1A82::::24H::10uM::MUC.CP007::A21::BRD-A19231254,BRD-A19231254,brd-a19231254,brd-a19231254
L1000,L1000::AZD-7762::HA1E::::24H::0.74uM::REP.B021::P08::BRD-K86525559,AZD-7762,brd-k86525559,azd-7762
L1000,L1000::AZD-7762::HA1E::::24H::2.22uM::REP.B021::P07::BRD-K86525559,AZD-7762,brd-k86525559,azd-7762
L1000,L1000::CX-4945::HA1E::::24H::2.22uM::REP.B021::C07::BRD-K81458380,CX-4945,brd-k81458380,cx-4945
L1000,L1000::tetrahydrouridine::HA1E::::24H::0.25uM::REP.B021::P03::BRD-A86248581,tetrahydrouridine,brd-a86248581,tetrahydrouridine
L1000,L1000::zaldaride::HELA::::24H::0.74uM::REP.B001::C14::BRD-A26032986,zaldaride,brd-a26032986,zaldaride
L1000,L1000::topiramate::HELA::::24H::2.22uM::REP.B001::M07::BRD-K29653726,topiramate,brd-k29653726,topiramate
L1000,L1000::aminoglutethimide::HELA::::24H::0.25uM::REP.B001::B15::BRD-A25234499,aminoglutethimide,brd-a25234499,aminoglutethimide
L1000,L1000::vorinostat::A549::::24H::4uM::DOSVAL005::G15::BRD-K81418486,vorinostat,brd-k81418486,vorinostat
L1000,L1000::vorinostat::A549::::24H::10uM::DOSVAL005::G14::BRD-K81418486,vorinostat,brd-k81418486,vorinostat
L1000,L1000::vorinostat::A549::::24H::20uM::DOSVAL005::G13::BRD-K81418486,vorinostat,brd-k81418486,vorinostat
L1000,L1000::vorinostat::HA1E::::24H::10uM::PBIOA013::O01::BRD-K81418486,vorinostat,brd-k81418486,vorinostat
L1000,L1000::BRD-K19926581::HA1E::::24H::0.125uM::PBIOA013::I05::BRD-K19926581,BRD-K19926581,brd-k19926581,brd-k19926581
L1000,L1000::BRD-K19926581::HA1E::::24H::10uM::PBIOA013::I01::BRD-K19926581,BRD-K19926581,brd-k19926581,brd-k19926581
L1000,L1000::BRD-K11675166::HA1E::::24H::10uM::PBIOA013::I13::BRD-K11675166,BRD-K11675166,brd-k11675166,brd-k11675166
L1000,L1000::indometacin::HA1E::::24H::1.11uM::PBIOA013::N15::BRD-K57222227,indometacin,brd-k57222227,indometacin
L1000,L1000::BRD-K59385073::HA1E::::24H::10uM::PBIOA013::A19::BRD-K59385073,BRD-K59385073,brd-k59385073,brd-k59385073
L1000,L1000::BRD-K64360401::HA1E::::24H::1.11uM::PBIOA013::P03::BRD-K64360401,BRD-K64360401,brd-k64360401,brd-k64360401
L1000,L1000::malotilate::JURKAT::::24H::2.22uM::REP.B027::P13::BRD-K97884852,malotilate,brd-k97884852,malotilate
L1000,L1000::ranolazine::JURKAT::::24H::0.03uM::REP.B027::J23::BRD-A97674275,ranolazine,brd-a97674275,ranolazine
L1000,L1000::KX-2391::A375::::24H::0.74uM::REP.B009::F20::BRD-K29968218,KX-2391,brd-k29968218,kx-2391
L1000,L1000::KX-2391::A375::::24H::2.22uM::REP.B009::F19::BRD-K29968218,KX-2391,brd-k29968218,kx-2391
L1000,L1000::KX-2391::A375::::24H::0.25uM::REP.B009::F21::BRD-K29968218,KX-2391,brd-k29968218,kx-2391
L1000,L1000::KX-2391::A375::::24H::0.08uM::REP.B009::F22::BRD-K29968218,KX-2391,brd-k29968218,kx-2391
L1000,L1000::17-AAG::HIMG001::::24H::1.25uM::CEGS002::C04::BRD-K42840900,17-AAG,brd-k42840900,17-aag
L1000,L1000::vorinostat::HIMG001::::24H::10uM::CEGS002::C19::BRD-K81418486,vorinostat,brd-k81418486,vorinostat
L1000,L1000::tianeptine::HIMG001::::24H::125uM::CEGS002::F20::BRD-A53077924,tianeptine,brd-a53077924,tianeptine
L1000,L1000::17-AAG::HIMG001::::24H::0.3uM::CEGS002::C06::BRD-K42840900,17-AAG,brd-k42840900,17-aag
L1000,L1000::BRD-A26030894::HIMG001::::24H::125uM::CEGS002::N02::BRD-A26030894,BRD-A26030894,brd-a26030894,brd-a26030894
L1000,L1000::tianeptine::HIMG001::::24H::60uM::CEGS002::F21::BRD-A53077924,tianeptine,brd-a53077924,tianeptine
L1000,L1000::PF-02545920::HIMG001::::24H::10uM::CEGS002::E13::BRD-K31519811,PF-02545920,brd-k31519811,pf-02545920
L1000,L1000::tacedinaline::HIMG001::::24H::2.5uM::CEGS002::G15::BRD-K52313696,tacedinaline,brd-k52313696,tacedinaline
L1000,L1000::17-AAG::HIMG001::::24H::2.5uM::CEGS002::C03::BRD-K42840900,17-AAG,brd-k42840900,17-aag
L1000,L1000::tretinoin::HIMG001::::24H::1.67uM::CEGS002::K17::BRD-K71879491,tretinoin,brd-k71879491,tretinoin
L1000,L1000::17-AAG::HIMG001::::24H::10uM::CEGS002::C01::BRD-K42840900,17-AAG,brd-k42840900,17-aag
L1000,L1000::bizine::HIMG001::::24H::25uM::CEGS002::H01::BRD-K73114621,bizine,brd-k73114621,bizine
L1000,L1000::flunarizine::HIMG001::::24H::6.66uM::CEGS002::C09::BRD-K29582677,flunarizine,brd-k29582677,flunarizine
L1000,L1000::bizine::HIMG001::::24H::1.67uM::CEGS002::H05::BRD-K73114621,bizine,brd-k73114621,bizine
L1000,L1000::aripiprazole::HIMG001::::24H::3.33uM::CEGS002::F04::BRD-K70358946,aripiprazole,brd-k70358946,aripiprazole
L1000,L1000::oxiracetam::HIMG001::::24H::15uM::CEGS002::C16::BRD-A72085271,oxiracetam,brd-a72085271,oxiracetam
L1000,L1000::I-BET-151::HIMG001::::24H::0.66uM::CEGS002::H11::BRD-K36363294,I-BET-151,brd-k36363294,i-bet-151
L1000,L1000::BRD-A90543464::HIMG001::::24H::4uM::CEGS002::B24::BRD-A90543464,BRD-A90543464,brd-a90543464,brd-a90543464
L1000,L1000::aripiprazole::HIMG001::::24H::12.5uM::CEGS002::F02::BRD-K70358946,aripiprazole,brd-k70358946,aripiprazole
L1000,L1000::BRD-A26030894::HIMG001::::24H::60uM::CEGS002::N03::BRD-A26030894,BRD-A26030894,brd-a26030894,brd-a26030894
L1000,L1000::tacedinaline::HIMG001::::24H::1.25uM::CEGS002::G16::BRD-K52313696,tacedinaline,brd-k52313696,tacedinaline
L1000,L1000::methylphenidate::HIMG001::::24H::25uM::CEGS002::P07::BRD-A19585813,methylphenidate,brd-a19585813,methylphenidate
L1000,L1000::BRD-A58781082::HIMG001::::24H::10uM::CEGS002::P23::BRD-A58781082,BRD-A58781082,brd-a58781082,brd-a58781082
L1000,L1000::BRD-K01543453::HIMG001::::24H::1.67uM::CEGS002::A24::BRD-K01543453,BRD-K01543453,brd-k01543453,brd-k01543453
L1000,L1000::troglitazone::HIMG001::::24H::25uM::CEGS002::I19::BRD-A13084692,troglitazone,brd-a13084692,troglitazone
L1000,L1000::BRD-A58781082::HIMG001::::24H::60uM::CEGS002::P21::BRD-A58781082,BRD-A58781082,brd-a58781082,brd-a58781082
L1000,L1000::BIX-01294::HIMG001::::24H::10uM::CEGS002::G01::BRD-K26818574,BIX-01294,brd-k26818574,bix-01294
L1000,L1000::tianeptine::HIMG001::::24H::250uM::CEGS002::F19::BRD-A53077924,tianeptine,brd-a53077924,tianeptine
L1000,L1000::BRD-A26030894::HIMG001::::24H::15uM::CEGS002::N05::BRD-A26030894,BRD-A26030894,brd-a26030894,brd-a26030894
L1000,L1000::I-BET-151::HIMG001::::24H::1.25uM::CEGS002::H10::BRD-K36363294,I-BET-151,brd-k36363294,i-bet-151
L1000,L1000::vorinostat::HIMG001::::24H::4uM::CEGS002::C20::BRD-K81418486,vorinostat,brd-k81418486,vorinostat
L1000,L1000::amitriptyline::HIMG001::::24H::25uM::CEGS002::E01::BRD-K53737926,amitriptyline,brd-k53737926,amitriptyline
L1000,L1000::tacedinaline::HIMG001::::24H::10uM::CEGS002::G13::BRD-K52313696,tacedinaline,brd-k52313696,tacedinaline
L1000,L1000::citalopram::HIMG001::::24H::25uM::CEGS002::J01::BRD-A47598013,citalopram,brd-a47598013,citalopram
L1000,L1000::BRD-K01543453::HIMG001::::24H::6.66uM::CEGS002::A22::BRD-K01543453,BRD-K01543453,brd-k01543453,brd-k01543453
L1000,L1000::tacedinaline::HIMG001::::24H::0.66uM::CEGS002::G17::BRD-K52313696,tacedinaline,brd-k52313696,tacedinaline
L1000,L1000::BRD-A90543464::HIMG001::::24H::150uM::CEGS002::B19::BRD-A90543464,BRD-A90543464,brd-a90543464,brd-a90543464
L1000,L1000::ruboxistaurin::HIMG001::::24H::2.5uM::CEGS002::P16::BRD-K27677357,ruboxistaurin,brd-k27677357,ruboxistaurin
L1000,L1000::vorinostat::HIMG001::::24H::0.3uM::CEGS002::C24::BRD-K81418486,vorinostat,brd-k81418486,vorinostat
L1000,L1000::PF-02545920::HIMG001::::24H::2.5uM::CEGS002::E15::BRD-K31519811,PF-02545920,brd-k31519811,pf-02545920
L1000,L1000::tretinoin::HIMG001::::24H::3.33uM::CEGS002::K16::BRD-K71879491,tretinoin,brd-k71879491,tretinoin
L1000,L1000::tretinoin::HIMG001::::24H::25uM::CEGS002::K13::BRD-K71879491,tretinoin,brd-k71879491,tretinoin
L1000,L1000::flunarizine::HIMG001::::24H::12.5uM::CEGS002::C08::BRD-K29582677,flunarizine,brd-k29582677,flunarizine
L1000,L1000::aripiprazole::HIMG001::::24H::6.66uM::CEGS002::F03::BRD-K70358946,aripiprazole,brd-k70358946,aripiprazole
L1000,L1000::17-AAG::HIMG001::::24H::4uM::CEGS002::C02::BRD-K42840900,17-AAG,brd-k42840900,17-aag
L1000,L1000::vorinostat::HIMG001::::24H::2.5uM::CEGS002::C21::BRD-K81418486,vorinostat,brd-k81418486,vorinostat
L1000,L1000::BRD-A58781082::HIMG001::::24H::1.11uM::CEGS002::P24::BRD-A58781082,BRD-A58781082,brd-a58781082,brd-a58781082
L1000,L1000::BRD-A26030894::HIMG001::::24H::250uM::CEGS002::N01::BRD-A26030894,BRD-A26030894,brd-a26030894,brd-a26030894
L1000,L1000::ruboxistaurin::HIMG001::::24H::4uM::CEGS002::P15::BRD-K27677357,ruboxistaurin,brd-k27677357,ruboxistaurin
L1000,L1000::methylphenidate::HIMG001::::24H::6.66uM::CEGS002::P09::BRD-A19585813,methylphenidate,brd-a19585813,methylphenidate
L1000,L1000::aripiprazole::HIMG001::::24H::25uM::CEGS002::F01::BRD-K70358946,aripiprazole,brd-k70358946,aripiprazole
L1000,L1000::methylphenidate::HIMG001::::24H::1.67uM::CEGS002::P11::BRD-A19585813,methylphenidate,brd-a19585813,methylphenidate
L1000,L1000::tretinoin::HIMG001::::24H::6.66uM::CEGS002::K15::BRD-K71879491,tretinoin,brd-k71879491,tretinoin
L1000,L1000::I-BET-151::HIMG001::::24H::2.5uM::CEGS002::H09::BRD-K36363294,I-BET-151,brd-k36363294,i-bet-151
L1000,L1000::flunarizine::HIMG001::::24H::25uM::CEGS002::C07::BRD-K29582677,flunarizine,brd-k29582677,flunarizine
L1000,L1000::haloperidol::HIMG001::::24H::0.74uM::CEGS002::G12::BRD-K67783091,haloperidol,brd-k67783091,haloperidol
L1000,L1000::haloperidol::HIMG001::::24H::25uM::CEGS002::G07::BRD-K67783091,haloperidol,brd-k67783091,haloperidol
L1000,L1000::vorinostat::HIMG001::::24H::0.66uM::CEGS002::C23::BRD-K81418486,vorinostat,brd-k81418486,vorinostat
L1000,L1000::tretinoin::HIMG001::::24H::0.74uM::CEGS002::K18::BRD-K71879491,tretinoin,brd-k71879491,tretinoin
L1000,L1000::I-BET-151::HIMG001::::24H::4uM::CEGS002::H08::BRD-K36363294,I-BET-151,brd-k36363294,i-bet-151
L1000,L1000::tacedinaline::HIMG001::::24H::4uM::CEGS002::G14::BRD-K52313696,tacedinaline,brd-k52313696,tacedinaline
L1000,L1000::troglitazone::HIMG001::::24H::6.66uM::CEGS002::I21::BRD-A13084692,troglitazone,brd-a13084692,troglitazone
L1000,L1000::I-BET-151::HIMG001::::24H::0.3uM::CEGS002::H12::BRD-K36363294,I-BET-151,brd-k36363294,i-bet-151
L1000,L1000::aripiprazole::HIMG001::::24H::1.67uM::CEGS002::F05::BRD-K70358946,aripiprazole,brd-k70358946,aripiprazole
L1000,L1000::troglitazone::HIMG001::::24H::12.5uM::CEGS002::I20::BRD-A13084692,troglitazone,brd-a13084692,troglitazone
L1000,L1000::BRD-A58781082::HIMG001::::24H::40uM::CEGS002::P22::BRD-A58781082,BRD-A58781082,brd-a58781082,brd-a58781082
L1000,L1000::I-BET-151::HIMG001::::24H::10uM::CEGS002::H07::BRD-K36363294,I-BET-151,brd-k36363294,i-bet-151
L1000,L1000::17-AAG::HIMG001::::24H::0.66uM::CEGS002::C05::BRD-K42840900,17-AAG,brd-k42840900,17-aag
L1000,L1000::BRD-A26030894::HIMG001::::24H::30uM::CEGS002::N04::BRD-A26030894,BRD-A26030894,brd-a26030894,brd-a26030894
L1000,L1000::BRD-A26030894::HIMG001::::24H::8uM::CEGS002::N06::BRD-A26030894,BRD-A26030894,brd-a26030894,brd-a26030894
L1000,L1000::tretinoin::HIMG001::::24H::12.5uM::CEGS002::K14::BRD-K71879491,tretinoin,brd-k71879491,tretinoin
L1000,L1000::ruboxistaurin::HIMG001::::24H::1.25uM::CEGS002::P17::BRD-K27677357,ruboxistaurin,brd-k27677357,ruboxistaurin
L1000,L1000::vorinostat::HIMG001::::24H::1.25uM::CEGS002::C22::BRD-K81418486,vorinostat,brd-k81418486,vorinostat
L1000,L1000::LGX-818::A375::::24H::0.04uM::REP.A014::A24::BRD-A56085258,LGX-818,brd-a56085258,lgx-818
L1000,L1000::LGX-818::A375::::24H::10uM::REP.A014::A19::BRD-A56085258,LGX-818,brd-a56085258,lgx-818
L1000,L1000::triclosan::A375::::24H::10uM::REP.A014::P19::BRD-K41731458,triclosan,brd-k41731458,triclosan
L1000,L1000::SC-12267::A375::::24H::10uM::REP.A014::O07::BRD-K40797222,SC-12267,brd-k40797222,sc-12267
L1000,L1000::thalidomide::HCC515::::24H::3.33uM::PBIOA021::G02::BRD-A93255169,thalidomide,brd-a93255169,thalidomide
L1000,L1000::BRD-K28456706::HCC515::::24H::10uM::PBIOA021::E01::BRD-K28456706,BRD-K28456706,brd-k28456706,brd-k28456706
L1000,L1000::RG-4733::HCC515::::24H::1.11uM::PBIOA021::F21::BRD-K22024824,RG-4733,brd-k22024824,rg-4733
L1000,L1000::GO-6976::HCC515::::24H::0.37uM::PBIOA021::D22::BRD-K59304176,GO-6976,brd-k59304176,go-6976
L1000,L1000::GO-6976::HCC515::::24H::3.33uM::PBIOA021::D20::BRD-K59304176,GO-6976,brd-k59304176,go-6976
L1000,L1000::CYT-387::HCC515::::24H::10uM::PBIOA021::C07::BRD-K87737963,CYT-387,brd-k87737963,cyt-387
L1000,L1000::BMS-536924::HCC515::::24H::4uM::PBIOA021::N02::BRD-K34581968,BMS-536924,brd-k34581968,bms-536924
L1000,L1000::GO-6976::HCC515::::24H::1.11uM::PBIOA021::I03::BRD-K59304176,GO-6976,brd-k59304176,go-6976
L1000,L1000::BRD-K47503321::HCC515::::24H::10uM::PBIOA021::C13::BRD-K47503321,BRD-K47503321,brd-k47503321,brd-k47503321
L1000,L1000::GO-6976::HCC515::::24H::10uM::PBIOA021::D19::BRD-K59304176,GO-6976,brd-k59304176,go-6976
L1000,L1000::GO-6976::HCC515::::24H::0.125uM::PBIOA021::I05::BRD-K59304176,GO-6976,brd-k59304176,go-6976
L1000,L1000::BRD-K51831558::HCC515::::24H::0.04uM::PBIOA021::A12::BRD-K51831558,BRD-K51831558,brd-k51831558,brd-k51831558
L1000,L1000::thalidomide::HCC515::::24H::10uM::PBIOA021::G01::BRD-A93255169,thalidomide,brd-a93255169,thalidomide
L1000,L1000::RG-4733::HCC515::::24H::3.33uM::PBIOA021::F20::BRD-K22024824,RG-4733,brd-k22024824,rg-4733
L1000,L1000::GO-6976::HCC515::::24H::0.125uM::PBIOA021::D23::BRD-K59304176,GO-6976,brd-k59304176,go-6976
L1000,L1000::CYT-387::HCC515::::24H::1.11uM::PBIOA021::C09::BRD-K87737963,CYT-387,brd-k87737963,cyt-387
L1000,L1000::saracatinib::HCC515::::24H::0.37uM::PBIOA021::P04::BRD-K19540840,saracatinib,brd-k19540840,saracatinib
L1000,L1000::BMS-536924::HCC515::::24H::12uM::PBIOA021::N01::BRD-K34581968,BMS-536924,brd-k34581968,bms-536924
L1000,L1000::saracatinib::HCC515::::24H::10uM::PBIOA021::P01::BRD-K19540840,saracatinib,brd-k19540840,saracatinib
L1000,L1000::saracatinib::HCC515::::24H::3.33uM::PBIOA021::P02::BRD-K19540840,saracatinib,brd-k19540840,saracatinib
L1000,L1000::vorinostat::HCC515::::24H::10uM::PBIOA021::O01::BRD-K81418486,vorinostat,brd-k81418486,vorinostat
L1000,L1000::GO-6976::HCC515::::24H::1.11uM::PBIOA021::D21::BRD-K59304176,GO-6976,brd-k59304176,go-6976
L1000,L1000::saracatinib::HCC515::::24H::1.11uM::PBIOA021::P03::BRD-K19540840,saracatinib,brd-k19540840,saracatinib
L1000,L1000::saracatinib::HCC515::::24H::0.125uM::PBIOA021::P05::BRD-K19540840,saracatinib,brd-k19540840,saracatinib
L1000,L1000::GO-6976::HCC515::::24H::10uM::PBIOA021::I01::BRD-K59304176,GO-6976,brd-k59304176,go-6976
L1000,L1000::GO-6976::HCC515::::24H::3.33uM::PBIOA021::I02::BRD-K59304176,GO-6976,brd-k59304176,go-6976
L1000,L1000::lesinurad::MCF7::::24H::0.08uM::REP.B008::I22::BRD-K75024268,lesinurad,brd-k75024268,lesinurad
L1000,L1000::GSK-923295::MCF7::::24H::2.22uM::REP.B008::J07::BRD-K89015388,GSK-923295,brd-k89015388,gsk-923295
L1000,L1000::ecabet::MCF7::::24H::0.25uM::REP.B008::K15::BRD-K03353589,ecabet,brd-k03353589,ecabet
L1000,L1000::alvocidib::MCF7::::24H::0.08uM::REP.B026::B22::BRD-K87909389,alvocidib,brd-k87909389,alvocidib
L1000,L1000::alvocidib::MCF7::::24H::2.22uM::REP.B026::B19::BRD-K87909389,alvocidib,brd-k87909389,alvocidib
L1000,L1000::alvocidib::MCF7::::24H::0.74uM::REP.B026::B20::BRD-K87909389,alvocidib,brd-k87909389,alvocidib
L1000,L1000::KD-025::MCF7::::24H::2.22uM::REP.B026::C13::BRD-K88506063,KD-025,brd-k88506063,kd-025
L1000,L1000::alvocidib::MCF7::::24H::0.25uM::REP.B026::B21::BRD-K87909389,alvocidib,brd-k87909389,alvocidib
L1000,L1000::TG-101348::MCF7::::24H::3.33uM::MUC.CP008::N14::BRD-K12502280,TG-101348,brd-k12502280,tg-101348
L1000,L1000::TG-101348::MCF7::::24H::10uM::MUC.CP008::N13::BRD-K12502280,TG-101348,brd-k12502280,tg-101348
L1000,L1000::palbociclib::XC.P904::::24H::10uM::ASG003::K16::BRD-K51313569,palbociclib,brd-k51313569,palbociclib
L1000,L1000::trifluoperazine::XC.P904::::24H::10uM::ASG003::P19::BRD-K89732114,trifluoperazine,brd-k89732114,trifluoperazine
L1000,L1000::trametinib::XC.P904::::24H::0.12uM::ASG003::N18::BRD-K12343256,trametinib,brd-k12343256,trametinib
L1000,L1000::alvocidib::XC.P904::::24H::1.11uM::ASG003::J20::BRD-K87909389,alvocidib,brd-k87909389,alvocidib
L1000,L1000::vorinostat::XC.P904::::24H::1.11uM::ASG003::F05::BRD-K81418486,vorinostat,brd-k81418486,vorinostat
L1000,L1000::vorinostat::XC.P904::::24H::10uM::ASG003::F04::BRD-K81418486,vorinostat,brd-k81418486,vorinostat
L1000,L1000::ponatinib::XC.P904::::24H::0.12uM::ASG003::P15::BRD-K44227013,ponatinib,brd-k44227013,ponatinib
L1000,L1000::ABT-737::XC.P904::::24H::1.11uM::ASG003::L02::BRD-K56301217,ABT-737,brd-k56301217,abt-737
L1000,L1000::ponatinib::XC.P904::::24H::1.11uM::ASG003::P14::BRD-K44227013,ponatinib,brd-k44227013,ponatinib
L1000,L1000::BI-2536::XC.P904::::24H::10uM::ASG003::D04::BRD-K64890080,BI-2536,brd-k64890080,bi-2536
L1000,L1000::dabrafenib::XC.P904::::24H::10uM::ASG003::H16::BRD-K09951645,dabrafenib,brd-k09951645,dabrafenib
L1000,L1000::palbociclib::XC.P904::::24H::1.11uM::ASG003::K17::BRD-K51313569,palbociclib,brd-k51313569,palbociclib
L1000,L1000::RITA::XC.P904::::24H::0.12uM::ASG003::A24::BRD-K00317371,RITA,brd-k00317371,rita
L1000,L1000::panobinostat::XC.P904::::24H::0.12uM::ASG003::P03::BRD-K02130563,panobinostat,brd-k02130563,panobinostat
L1000,L1000::alvocidib::XC.P904::::24H::0.12uM::ASG003::J21::BRD-K87909389,alvocidib,brd-k87909389,alvocidib
L1000,L1000::thioridazine::XC.P904::::24H::10uM::ASG003::M01::BRD-A84481105,thioridazine,brd-a84481105,thioridazine
L1000,L1000::dasatinib::XC.P904::::24H::1.11uM::ASG003::N02::BRD-K49328571,dasatinib,brd-k49328571,dasatinib
L1000,L1000::nocodazole::XC.P904::::24H::10uM::ASG003::I01::BRD-K12539581,nocodazole,brd-k12539581,nocodazole
L1000,L1000::raloxifene::XC.P904::::24H::10uM::ASG003::I13::BRD-K63828191,raloxifene,brd-k63828191,raloxifene
L1000,L1000::gefitinib::XC.P904::::24H::10uM::ASG003::C13::BRD-K64052750,gefitinib,brd-k64052750,gefitinib
L1000,L1000::trametinib::XC.P904::::24H::10uM::ASG003::N16::BRD-K12343256,trametinib,brd-k12343256,trametinib
L1000,L1000::AZ-628::XC.P904::::24H::1.11uM::ASG003::J14::BRD-K05804044,AZ-628,brd-k05804044,az-628
L1000,L1000::nocodazole::XC.P904::::24H::1.11uM::ASG003::I02::BRD-K12539581,nocodazole,brd-k12539581,nocodazole
L1000,L1000::AZ-628::XC.P904::::24H::10uM::ASG003::J13::BRD-K05804044,AZ-628,brd-k05804044,az-628
L1000,L1000::vemurafenib::XC.P904::::24H::10uM::ASG003::H07::BRD-K56343971,vemurafenib,brd-k56343971,vemurafenib
L1000,L1000::PI-103::XC.P904::::24H::10uM::ASG003::F13::BRD-K67868012,PI-103,brd-k67868012,pi-103
L1000,L1000::masitinib::XC.P904::::24H::10uM::ASG003::P22::BRD-K71035033,masitinib,brd-k71035033,masitinib
L1000,L1000::nocodazole::XC.P904::::24H::0.12uM::ASG003::I03::BRD-K12539581,nocodazole,brd-k12539581,nocodazole
L1000,L1000::dabrafenib::XC.P904::::24H::1.11uM::ASG003::H17::BRD-K09951645,dabrafenib,brd-k09951645,dabrafenib
L1000,L1000::RITA::XC.P904::::24H::10uM::ASG003::A22::BRD-K00317371,RITA,brd-k00317371,rita
L1000,L1000::panobinostat::XC.P904::::24H::1.11uM::ASG003::P02::BRD-K02130563,panobinostat,brd-k02130563,panobinostat
L1000,L1000::dasatinib::XC.P904::::24H::10uM::ASG003::N01::BRD-K49328571,dasatinib,brd-k49328571,dasatinib
L1000,L1000::imatinib::XC.P904::::24H::10uM::ASG003::K04::BRD-K92723993,imatinib,brd-k92723993,imatinib
L1000,L1000::erlotinib::XC.P904::::24H::10uM::ASG003::B16::BRD-K70401845,erlotinib,brd-k70401845,erlotinib
L1000,L1000::tandutinib::XC.P904::::24H::10uM::ASG003::D13::BRD-K89162000,tandutinib,brd-k89162000,tandutinib
L1000,L1000::lapatinib::XC.P904::::24H::10uM::ASG003::O07::BRD-K19687926,lapatinib,brd-k19687926,lapatinib
L1000,L1000::JNJ-7706621::XC.P904::::24H::10uM::ASG003::L22::BRD-K11636097,JNJ-7706621,brd-k11636097,jnj-7706621
L1000,L1000::dasatinib::XC.P904::::24H::0.12uM::ASG003::N03::BRD-K49328571,dasatinib,brd-k49328571,dasatinib
L1000,L1000::ponatinib::XC.P904::::24H::10uM::ASG003::P13::BRD-K44227013,ponatinib,brd-k44227013,ponatinib
L1000,L1000::amlodipine::XC.P904::::24H::10uM::ASG003::G04::BRD-A22032524,amlodipine,brd-a22032524,amlodipine
L1000,L1000::selumetinib::XC.P904::::24H::10uM::ASG003::E04::BRD-K57080016,selumetinib,brd-k57080016,selumetinib
L1000,L1000::alvocidib::XC.P904::::24H::10uM::ASG003::J19::BRD-K87909389,alvocidib,brd-k87909389,alvocidib
L1000,L1000::ABT-737::XC.P904::::24H::10uM::ASG003::L01::BRD-K56301217,ABT-737,brd-k56301217,abt-737
L1000,L1000::BI-2536::XC.P904::::24H::0.12uM::ASG003::D06::BRD-K64890080,BI-2536,brd-k64890080,bi-2536
L1000,L1000::panobinostat::XC.P904::::24H::10uM::ASG003::P01::BRD-K02130563,panobinostat,brd-k02130563,panobinostat
L1000,L1000::BI-2536::XC.P904::::24H::1.11uM::ASG003::D05::BRD-K64890080,BI-2536,brd-k64890080,bi-2536
L1000,L1000::trametinib::XC.P904::::24H::1.11uM::ASG003::N17::BRD-K12343256,trametinib,brd-k12343256,trametinib
L1000,L1000::JNJ-7706621::XC.P904::::24H::1.11uM::ASG003::L23::BRD-K11636097,JNJ-7706621,brd-k11636097,jnj-7706621
L1000,L1000::edaravone::OCILY3::::24H::0.01uM::EMU001::D24::BRD-K35458079,edaravone,brd-k35458079,edaravone
L1000,L1000::vorinostat::OCILY3::::24H::10uM::EMU001::O01::BRD-K81418486,vorinostat,brd-k81418486,vorinostat
L1000,L1000::BRD-K98039984::OCILY3::::24H::2.5uM::EMU001::K02::BRD-K98039984,BRD-K98039984,brd-k98039984,brd-k98039984
L1000,L1000::GDC-0199::OCILY3::::24H::10uM::EMU001::N19::BRD-K62391742,GDC-0199,brd-k62391742,gdc-0199
L1000,L1000::I-BET-762::OCILY3::::24H::2.5uM::EMU001::K20::BRD-K08109215,I-BET-762,brd-k08109215,i-bet-762
L1000,L1000::dasatinib::OCILY3::::24H::10uM::EMU001::I19::BRD-K49328571,dasatinib,brd-k49328571,dasatinib
L1000,L1000::LCB-03-0110::OCILY3::::24H::10uM::EMU001::O13::BRD-K11357827,LCB-03-0110,brd-k11357827,lcb-03-0110
L1000,L1000::BRD-K98039984::OCILY3::::24H::0.66uM::EMU001::K03::BRD-K98039984,BRD-K98039984,brd-k98039984,brd-k98039984
L1000,L1000::PF-06465469::OCILY3::::24H::10uM::EMU001::N07::BRD-K77503770,PF-06465469,brd-k77503770,pf-06465469
L1000,L1000::gefitinib::OCILY3::::24H::10uM::EMU001::J13::BRD-K64052750,gefitinib,brd-k64052750,gefitinib
L1000,L1000::bosutinib::OCILY3::::24H::2.5uM::EMU001::J20::BRD-K99964838,bosutinib,brd-k99964838,bosutinib
L1000,L1000::LCB-03-0110::OCILY3::::24H::2.5uM::EMU001::O14::BRD-K11357827,LCB-03-0110,brd-k11357827,lcb-03-0110
L1000,L1000::saracatinib::OCILY3::::24H::0.66uM::EMU001::M21::BRD-K19540840,saracatinib,brd-k19540840,saracatinib
L1000,L1000::I-BET-762::OCILY3::::24H::10uM::EMU001::K19::BRD-K08109215,I-BET-762,brd-k08109215,i-bet-762
L1000,L1000::PF-06465469::OCILY3::::24H::2.5uM::EMU001::N08::BRD-K77503770,PF-06465469,brd-k77503770,pf-06465469
L1000,L1000::BRD-K98039984::OCILY3::::24H::10uM::EMU001::K01::BRD-K98039984,BRD-K98039984,brd-k98039984,brd-k98039984
L1000,L1000::vorinostat::OCILY3::::24H::2.5uM::EMU001::O02::BRD-K81418486,vorinostat,brd-k81418486,vorinostat
L1000,L1000::vorinostat::OCILY3::::24H::0.66uM::EMU001::O03::BRD-K81418486,vorinostat,brd-k81418486,vorinostat
L1000,L1000::gossypol::OCILY3::::24H::10uM::EMU001::M01::BRD-K19295594,gossypol,brd-k19295594,gossypol
L1000,L1000::BRD-K98039984::OCILY3::::24H::0.125uM::EMU001::K04::BRD-K98039984,BRD-K98039984,brd-k98039984,brd-k98039984
L1000,L1000::bosutinib::OCILY3::::24H::10uM::EMU001::J19::BRD-K99964838,bosutinib,brd-k99964838,bosutinib
L1000,L1000::I-BET-762::OCILY3::::24H::0.66uM::EMU001::K21::BRD-K08109215,I-BET-762,brd-k08109215,i-bet-762
L1000,L1000::macitentan::MDAMB231::::24H::0.25uM::REP.B020::P03::BRD-K48812570,macitentan,brd-k48812570,macitentan
L1000,L1000::podophyllotoxin::MDAMB231::::24H::2.22uM::REP.B020::N01::BRD-K47869605,podophyllotoxin,brd-k47869605,podophyllotoxin
L1000,L1000::podophyllotoxin::MDAMB231::::24H::0.08uM::REP.B020::N04::BRD-K47869605,podophyllotoxin,brd-k47869605,podophyllotoxin
L1000,L1000::N-6022::MDAMB231::::24H::2.22uM::REP.B020::A07::BRD-K82522873,N-6022,brd-k82522873,n-6022
L1000,L1000::macitentan::MDAMB231::::24H::0.08uM::REP.B020::P04::BRD-K48812570,macitentan,brd-k48812570,macitentan
L1000,L1000::macitentan::MDAMB231::::24H::2.22uM::REP.B020::P01::BRD-K48812570,macitentan,brd-k48812570,macitentan
L1000,L1000::macitentan::MDAMB231::::24H::0.03uM::REP.B020::P05::BRD-K48812570,macitentan,brd-k48812570,macitentan
L1000,L1000::podophyllotoxin::MDAMB231::::24H::0.03uM::REP.B020::N05::BRD-K47869605,podophyllotoxin,brd-k47869605,podophyllotoxin
L1000,L1000::podophyllotoxin::MDAMB231::::24H::0.25uM::REP.B020::N03::BRD-K47869605,podophyllotoxin,brd-k47869605,podophyllotoxin
L1000,L1000::LY-2090314::HA1E::::24H::0.04uM::REP.A024::L18::BRD-K78055238,LY-2090314,brd-k78055238,ly-2090314
L1000,L1000::fluspirilene::HA1E::::24H::10uM::REP.A024::L07::BRD-K77947974,fluspirilene,brd-k77947974,fluspirilene
L1000,L1000::IKK-2-inhibitor-V::HA1E::::24H::10uM::REP.A024::C13::BRD-K74305673,IKK-2-inhibitor-V,brd-k74305673,ikk-2-inhibitor-v
L1000,L1000::LY-2090314::HA1E::::24H::10uM::REP.A024::L13::BRD-K78055238,LY-2090314,brd-k78055238,ly-2090314
L1000,L1000::LY-2090314::HA1E::::24H::3.33uM::REP.A024::L14::BRD-K78055238,LY-2090314,brd-k78055238,ly-2090314
L1000,L1000::LY-2090314::HA1E::::24H::0.37uM::REP.A024::L16::BRD-K78055238,LY-2090314,brd-k78055238,ly-2090314
L1000,L1000::doramapimod::HA1E::::24H::10uM::REP.A024::C01::BRD-K74065929,doramapimod,brd-k74065929,doramapimod
L1000,L1000::IKK-2-inhibitor-V::HA1E::::24H::1.11uM::REP.A024::C15::BRD-K74305673,IKK-2-inhibitor-V,brd-k74305673,ikk-2-inhibitor-v
L1000,L1000::enzastaurin::HA1E::::24H::1.11uM::REP.A024::P03::BRD-K79404599,enzastaurin,brd-k79404599,enzastaurin
L1000,L1000::IKK-2-inhibitor-V::HA1E::::24H::3.33uM::REP.A024::C14::BRD-K74305673,IKK-2-inhibitor-V,brd-k74305673,ikk-2-inhibitor-v
L1000,L1000::LY-2090314::HA1E::::24H::0.125uM::REP.A024::L17::BRD-K78055238,LY-2090314,brd-k78055238,ly-2090314
L1000,L1000::enzastaurin::HA1E::::24H::10uM::REP.A024::P01::BRD-K79404599,enzastaurin,brd-k79404599,enzastaurin
L1000,L1000::IKK-2-inhibitor-V::HA1E::::24H::0.37uM::REP.A024::C16::BRD-K74305673,IKK-2-inhibitor-V,brd-k74305673,ikk-2-inhibitor-v
L1000,L1000::LY-2090314::HA1E::::24H::1.11uM::REP.A024::L15::BRD-K78055238,LY-2090314,brd-k78055238,ly-2090314
L1000,L1000::BRD-M90295809::A549::::24H::20uM::ERAM001::K01::BRD-M90295809,BRD-M90295809,brd-m90295809,brd-m90295809
L1000,L1000::trametinib::A549::::24H::6.66uM::ERAM001::B10::BRD-K12343256,trametinib,brd-k12343256,trametinib
L1000,L1000::SF-11003-A1::A549::::24H::2.5uM::ERAM001::C18::BRD-K26975650,SF-11003-A1,brd-k26975650,sf-11003-a1
L1000,L1000::BRD-K33668505::A549::::24H::20uM::ERAM001::F01::BRD-K33668505,BRD-K33668505,brd-k33668505,brd-k33668505
L1000,L1000::BRD-K43513122::A549::::24H::20uM::ERAM001::E07::BRD-K43513122,BRD-K43513122,brd-k43513122,brd-k43513122
L1000,L1000::BRD-K56569077::A549::::24H::20uM::ERAM001::I01::BRD-K56569077,BRD-K56569077,brd-k56569077,brd-k56569077
L1000,L1000::trametinib::A549::::24H::2.5uM::ERAM001::B12::BRD-K12343256,trametinib,brd-k12343256,trametinib
L1000,L1000::BRD-K24238120::A549::::24H::8uM::ERAM001::G21::BRD-K24238120,BRD-K24238120,brd-k24238120,brd-k24238120
L1000,L1000::brequinar::A549::::24H::1.67uM::ERAM001::G03::BRD-K96123349,brequinar,brd-k96123349,brequinar
L1000,L1000::BRD-K91041732::A549::::24H::8uM::ERAM001::C03::BRD-K91041732,BRD-K91041732,brd-k91041732,brd-k91041732
L1000,L1000::BRD-K24238120::A549::::24H::20uM::ERAM001::G19::BRD-K24238120,BRD-K24238120,brd-k24238120,brd-k24238120
L1000,L1000::BRD-K96884956::A549::::24H::4uM::ERAM001::L11::BRD-K96884956,BRD-K96884956,brd-k96884956,brd-k96884956
L1000,L1000::brequinar::A549::::24H::1.25uM::ERAM001::G04::BRD-K96123349,brequinar,brd-k96123349,brequinar
L1000,L1000::BRD-K91041732::A549::::24H::4uM::ERAM001::C05::BRD-K91041732,BRD-K91041732,brd-k91041732,brd-k91041732
L1000,L1000::brequinar::A549::::24H::2.5uM::ERAM001::G02::BRD-K96123349,brequinar,brd-k96123349,brequinar
L1000,L1000::BRD-K03587208::A549::::24H::20uM::ERAM001::L19::BRD-K03587208,BRD-K03587208,brd-k03587208,brd-k03587208
L1000,L1000::BRD-K60807836::A549::::24H::20uM::ERAM001::F13::BRD-K60807836,BRD-K60807836,brd-k60807836,brd-k60807836
L1000,L1000::BRD-K91041732::A549::::24H::12.5uM::ERAM001::C02::BRD-K91041732,BRD-K91041732,brd-k91041732,brd-k91041732
L1000,L1000::erlotinib::A549::::24H::12.5uM::ERAM001::L02::BRD-K70401845,erlotinib,brd-k70401845,erlotinib
L1000,L1000::BRD-K91041732::A549::::24H::2.5uM::ERAM001::C06::BRD-K91041732,BRD-K91041732,brd-k91041732,brd-k91041732
L1000,L1000::trametinib::A549::::24H::4uM::ERAM001::B11::BRD-K12343256,trametinib,brd-k12343256,trametinib
L1000,L1000::BRD-K88615478::A549::::24H::8uM::ERAM001::M21::BRD-K88615478,BRD-K88615478,brd-k88615478,brd-k88615478
L1000,L1000::BRD-K24238120::A549::::24H::12.5uM::ERAM001::G20::BRD-K24238120,BRD-K24238120,brd-k24238120,brd-k24238120
L1000,L1000::trametinib::A549::::24H::12.5uM::ERAM001::B08::BRD-K12343256,trametinib,brd-k12343256,trametinib
L1000,L1000::brequinar::A549::::24H::4uM::ERAM001::G01::BRD-K96123349,brequinar,brd-k96123349,brequinar
L1000,L1000::brequinar::A549::::24H::0.5uM::ERAM001::G06::BRD-K96123349,brequinar,brd-k96123349,brequinar
L1000,L1000::BRD-K91041732::A549::::24H::20uM::ERAM001::C01::BRD-K91041732,BRD-K91041732,brd-k91041732,brd-k91041732
L1000,L1000::erlotinib::A549::::24H::20uM::ERAM001::L01::BRD-K70401845,erlotinib,brd-k70401845,erlotinib
L1000,L1000::trametinib::A549::::24H::8uM::ERAM001::B09::BRD-K12343256,trametinib,brd-k12343256,trametinib
L1000,L1000::BRD-K56869709::A549::::24H::20uM::ERAM001::F19::BRD-K56869709,BRD-K56869709,brd-k56869709,brd-k56869709
L1000,L1000::BRD-K96884956::A549::::24H::20uM::ERAM001::L07::BRD-K96884956,BRD-K96884956,brd-k96884956,brd-k96884956
L1000,L1000::BRD-K91041732::A549::::24H::6.66uM::ERAM001::C04::BRD-K91041732,BRD-K91041732,brd-k91041732,brd-k91041732
L1000,L1000::brequinar::A549::::24H::0.74uM::ERAM001::G05::BRD-K96123349,brequinar,brd-k96123349,brequinar
L1000,L1000::trametinib::A549::::24H::20uM::ERAM001::B07::BRD-K12343256,trametinib,brd-k12343256,trametinib
L1000,L1000::KU-55933::HFL1::::24H::10uM::LUNG001::O09::BRD-K25311561,KU-55933,brd-k25311561,ku-55933
L1000,L1000::saracatinib::HFL1::::24H::10uM::LUNG001::O06::BRD-K19540840,saracatinib,brd-k19540840,saracatinib
L1000,L1000::midostaurin::HFL1::::24H::10uM::LUNG001::K05::BRD-K13646352,midostaurin,brd-k13646352,midostaurin
L1000,L1000::indirubin-3-monoxime::HFL1::::24H::10uM::LUNG001::N12::BRD-K19136521,indirubin-3-monoxime,brd-k19136521,indirubin-3-monoxime
L1000,L1000::enzastaurin::HFL1::::24H::10uM::LUNG001::N13::BRD-K79404599,enzastaurin,brd-k79404599,enzastaurin
L1000,L1000::navitoclax::HFL1::::24H::10uM::LUNG001::L19::BRD-K82746043,navitoclax,brd-k82746043,navitoclax
L1000,L1000::panobinostat::HFL1::::24H::10uM::LUNG001::B07::BRD-K02130563,panobinostat,brd-k02130563,panobinostat
L1000,L1000::BCI-hydrochloride::HFL1::::24H::10uM::LUNG001::D03::BRD-A11007541,BCI-hydrochloride,brd-a11007541,bci-hydrochloride
L1000,L1000::selumetinib::HFL1::::24H::10uM::LUNG001::K10::BRD-K57080016,selumetinib,brd-k57080016,selumetinib
L1000,L1000::BI-2536::HFL1::::24H::10uM::LUNG001::L14::BRD-K64890080,BI-2536,brd-k64890080,bi-2536
L1000,L1000::GDC-0941::HFL1::::24H::10uM::LUNG001::B20::BRD-K52911425,GDC-0941,brd-k52911425,gdc-0941
L1000,L1000::alvocidib::HFL1::::24H::10uM::LUNG001::G07::BRD-K87909389,alvocidib,brd-k87909389,alvocidib
L1000,L1000::SB-216763::HFL1::::24H::10uM::LUNG001::C10::BRD-K59184148,SB-216763,brd-k59184148,sb-216763
L1000,L1000::cediranib::HFL1::::24H::10uM::LUNG001::E15::BRD-K86930074,cediranib,brd-k86930074,cediranib
L1000,L1000::mocetinostat::HFL1::::24H::10uM::LUNG001::E13::BRD-K16485616,mocetinostat,brd-k16485616,mocetinostat
L1000,L1000::SU-11274::HFL1::::24H::10uM::LUNG001::E03::BRD-K02965346,SU-11274,brd-k02965346,su-11274
L1000,L1000::PD-184352::HFL1::::24H::10uM::LUNG001::J12::BRD-K05104363,PD-184352,brd-k05104363,pd-184352
L1000,L1000::JNJ-7706621::HFL1::::24H::10uM::LUNG001::H19::BRD-K11636097,JNJ-7706621,brd-k11636097,jnj-7706621
L1000,L1000::gossypol::HFL1::::24H::10uM::LUNG001::I14::BRD-K19295594,gossypol,brd-k19295594,gossypol
L1000,L1000::bisindolylmaleimide::HFL1::::24H::10uM::LUNG001::K09::BRD-K31342827,bisindolylmaleimide,brd-k31342827,bisindolylmaleimide
L1000,L1000::masitinib::A549::::24H::10uM::PBIOA017::P13::BRD-K71035033,masitinib,brd-k71035033,masitinib
L1000,L1000::vorinostat::A549::::24H::10uM::PBIOA017::O01::BRD-K81418486,vorinostat,brd-k81418486,vorinostat
L1000,L1000::BRD-K19826688::A549::::24H::10uM::PBIOA017::B13::BRD-K19826688,BRD-K19826688,brd-k19826688,brd-k19826688
L1000,L1000::fasudil::A549::::24H::10uM::PBIOA017::H19::BRD-K76617868,fasudil,brd-k76617868,fasudil
L1000,L1000::MK-2206::A549::::24H::10uM::PBIOA017::N13::BRD-K68065987,MK-2206,brd-k68065987,mk-2206
L1000,L1000::BRD-K70650803::A549::::24H::10uM::PBIOA017::O19::BRD-K70650803,BRD-K70650803,brd-k70650803,brd-k70650803
L1000,L1000::PF-4800567::A549::::24H::0.37uM::PBIOA017::M16::BRD-K43428468,PF-4800567,brd-k43428468,pf-4800567
L1000,L1000::CX-4945::A549::::24H::10uM::PBIOA017::A19::BRD-K81458380,CX-4945,brd-k81458380,cx-4945
L1000,L1000::AEG-3482::A549::::24H::10uM::PBIOA017::G07::BRD-K77634909,AEG-3482,brd-k77634909,aeg-3482
L1000,L1000::PLX-4720::A549::::24H::10uM::PBIOA017::N01::BRD-K16478699,PLX-4720,brd-k16478699,plx-4720
L1000,L1000::tacedinaline::HELA::::24H::3.33uM::REP.A016::E08::BRD-K52313696,tacedinaline,brd-k52313696,tacedinaline
L1000,L1000::econazole::HELA::::24H::3.33uM::REP.A016::D14::BRD-A51820102,econazole,brd-a51820102,econazole
L1000,L1000::econazole::HELA::::24H::10uM::REP.A016::D13::BRD-A51820102,econazole,brd-a51820102,econazole
L1000,L1000::OTS-167::HELA::::24H::0.04uM::REP.A016::O12::BRD-K53417444,OTS-167,brd-k53417444,ots-167
L1000,L1000::MK-1775::HELA::::24H::0.125uM::REP.A016::I23::BRD-K54256913,MK-1775,brd-k54256913,mk-1775
L1000,L1000::palbociclib::HELA::::24H::0.37uM::REP.A016::A22::BRD-K51313569,palbociclib,brd-k51313569,palbociclib
L1000,L1000::apocynin::HELA::::24H::3.33uM::REP.A016::P20::BRD-K64990520,apocynin,brd-k64990520,apocynin
L1000,L1000::tacedinaline::HELA::::24H::0.37uM::REP.A016::E10::BRD-K52313696,tacedinaline,brd-k52313696,tacedinaline
L1000,L1000::MK-1775::HELA::::24H::3.33uM::REP.A016::I20::BRD-K54256913,MK-1775,brd-k54256913,mk-1775
L1000,L1000::vortioxetine::HELA::::24H::10uM::REP.A016::I07::BRD-K53963539,vortioxetine,brd-k53963539,vortioxetine
L1000,L1000::MK-1775::HELA::::24H::10uM::REP.A016::I19::BRD-K54256913,MK-1775,brd-k54256913,mk-1775
L1000,L1000::apocynin::HELA::::24H::0.37uM::REP.A016::P22::BRD-K64990520,apocynin,brd-k64990520,apocynin
L1000,L1000::venlafaxine::HELA::::24H::0.37uM::REP.A016::D10::BRD-A51714012,venlafaxine,brd-a51714012,venlafaxine
L1000,L1000::tacedinaline::HELA::::24H::1.11uM::REP.A016::E09::BRD-K52313696,tacedinaline,brd-k52313696,tacedinaline
L1000,L1000::MK-1775::HELA::::24H::1.11uM::REP.A016::I21::BRD-K54256913,MK-1775,brd-k54256913,mk-1775
L1000,L1000::apocynin::HELA::::24H::10uM::REP.A016::P19::BRD-K64990520,apocynin,brd-k64990520,apocynin
L1000,L1000::tacedinaline::HELA::::24H::10uM::REP.A016::E07::BRD-K52313696,tacedinaline,brd-k52313696,tacedinaline
L1000,L1000::AS-605240::HELA::::24H::10uM::REP.A016::N19::BRD-K41895714,AS-605240,brd-k41895714,as-605240
L1000,L1000::tacedinaline::HELA::::24H::0.04uM::REP.A016::E12::BRD-K52313696,tacedinaline,brd-k52313696,tacedinaline
L1000,L1000::MK-1775::HELA::::24H::0.37uM::REP.A016::I22::BRD-K54256913,MK-1775,brd-k54256913,mk-1775
L1000,L1000::palbociclib::HAP1.RELA::::24H::3.33uM::MOAR017::K17::BRD-K51313569,palbociclib,brd-k51313569,palbociclib
L1000,L1000::LY-2835219::HAP1.RELA::::24H::3.33uM::MOAR017::F17::BRD-K33622447,LY-2835219,brd-k33622447,ly-2835219
L1000,L1000::PK-11195::JURKAT::::24H::0.08uM::REP.B013::I22::BRD-A41451487,PK-11195,brd-a41451487,pk-11195
L1000,L1000::valproic-acid::JURKAT::::24H::0.08uM::REP.B013::I10::BRD-K41260949,valproic-acid,brd-k41260949,valproic-acid
L1000,L1000::tolnaftate::JURKAT::::24H::0.08uM::REP.B013::P16::BRD-K44273375,tolnaftate,brd-k44273375,tolnaftate
L1000,L1000::valproic-acid::JURKAT::::24H::0.01uM::REP.B013::I12::BRD-K41260949,valproic-acid,brd-k41260949,valproic-acid
L1000,L1000::mocetinostat::CD34::::24H::1.11uM::LJP008::I09::BRD-K16485616,mocetinostat,brd-k16485616,mocetinostat
L1000,L1000::dasatinib::CD34::::24H::0.04uM::LJP008::G18::BRD-K49328571,dasatinib,brd-k49328571,dasatinib
L1000,L1000::VE-821::CD34::::24H::10uM::LJP008::P07::BRD-K26756394,VE-821,brd-k26756394,ve-821
L1000,L1000::mocetinostat::CD34::::24H::3.33uM::LJP008::I08::BRD-K16485616,mocetinostat,brd-k16485616,mocetinostat
L1000,L1000::NU-7026::CD34::::24H::0.12uM::LJP008::O23::BRD-K09537769,NU-7026,brd-k09537769,nu-7026
L1000,L1000::AGK-2::CD34::::24H::10uM::LJP008::E19::BRD-K32536677,AGK-2,brd-k32536677,agk-2
L1000,L1000::mocetinostat::CD34::::24H::10uM::LJP008::I07::BRD-K16485616,mocetinostat,brd-k16485616,mocetinostat
L1000,L1000::PFI-1::CD34::::24H::10uM::LJP008::G01::BRD-K13094524,PFI-1,brd-k13094524,pfi-1
L1000,L1000::GSK-J4::CD34::::24H::10uM::LJP008::F19::BRD-K98203492,GSK-J4,brd-k98203492,gsk-j4
L1000,L1000::KU-55933::CD34::::24H::10uM::LJP008::B13::BRD-K25311561,KU-55933,brd-k25311561,ku-55933
L1000,L1000::olaparib::CD34::::24H::0.12uM::LJP008::D05::BRD-K02113016,olaparib,brd-k02113016,olaparib
L1000,L1000::olaparib::CD34::::24H::10uM::LJP008::D01::BRD-K02113016,olaparib,brd-k02113016,olaparib
L1000,L1000::resveratrol::CD34::::24H::0.37uM::LJP008::M04::BRD-K80738081,resveratrol,brd-k80738081,resveratrol
L1000,L1000::I-BET-151::CD34::::24H::3.33uM::LJP008::K02::BRD-K36363294,I-BET-151,brd-k36363294,i-bet-151
L1000,L1000::mocetinostat::CD34::::24H::0.12uM::LJP008::I11::BRD-K16485616,mocetinostat,brd-k16485616,mocetinostat
L1000,L1000::vorinostat::CD34::::24H::10uM::LJP008::G07::BRD-K81418486,vorinostat,brd-k81418486,vorinostat
L1000,L1000::CGP-60474::CD34::::24H::0.04uM::LJP008::C24::BRD-K79090631,CGP-60474,brd-k79090631,cgp-60474
L1000,L1000::VE-821::CD34::::24H::0.04uM::LJP008::P12::BRD-K26756394,VE-821,brd-k26756394,ve-821
L1000,L1000::dasatinib::CD34::::24H::1.11uM::LJP008::G15::BRD-K49328571,dasatinib,brd-k49328571,dasatinib
L1000,L1000::dasatinib::CD34::::24H::0.12uM::LJP008::G17::BRD-K49328571,dasatinib,brd-k49328571,dasatinib
L1000,L1000::I-BET-151::CD34::::24H::10uM::LJP008::K01::BRD-K36363294,I-BET-151,brd-k36363294,i-bet-151
L1000,L1000::I-BET-762::CD34::::24H::10uM::LJP008::I01::BRD-K08109215,I-BET-762,brd-k08109215,i-bet-762
L1000,L1000::I-BET-151::CD34::::24H::1.11uM::LJP008::K03::BRD-K36363294,I-BET-151,brd-k36363294,i-bet-151
L1000,L1000::AGK-2::CD34::::24H::3.33uM::LJP008::E20::BRD-K32536677,AGK-2,brd-k32536677,agk-2
L1000,L1000::dasatinib::CD34::::24H::10uM::LJP008::G13::BRD-K49328571,dasatinib,brd-k49328571,dasatinib
L1000,L1000::VE-821::CD34::::24H::3.33uM::LJP008::P08::BRD-K26756394,VE-821,brd-k26756394,ve-821
L1000,L1000::mocetinostat::CD34::::24H::0.37uM::LJP008::I10::BRD-K16485616,mocetinostat,brd-k16485616,mocetinostat
L1000,L1000::vorinostat::CD34::::24H::3.33uM::LJP008::G08::BRD-K81418486,vorinostat,brd-k81418486,vorinostat
L1000,L1000::dasatinib::CD34::::24H::3.33uM::LJP008::G14::BRD-K49328571,dasatinib,brd-k49328571,dasatinib
L1000,L1000::vorinostat::CD34::::24H::0.37uM::LJP008::G10::BRD-K81418486,vorinostat,brd-k81418486,vorinostat
L1000,L1000::ACY-1215::CD34::::24H::3.33uM::LJP008::F02::BRD-K82928847,ACY-1215,brd-k82928847,acy-1215
L1000,L1000::CGP-60474::CD34::::24H::0.12uM::LJP008::C23::BRD-K79090631,CGP-60474,brd-k79090631,cgp-60474
L1000,L1000::UNC-0638::CD34::::24H::10uM::LJP008::M07::BRD-K86856088,UNC-0638,brd-k86856088,unc-0638
L1000,L1000::NU-7026::CD34::::24H::3.33uM::LJP008::O20::BRD-K09537769,NU-7026,brd-k09537769,nu-7026
L1000,L1000::KU-55933::CD34::::24H::0.12uM::LJP008::B17::BRD-K25311561,KU-55933,brd-k25311561,ku-55933
L1000,L1000::I-BET-151::CD34::::24H::0.37uM::LJP008::K04::BRD-K36363294,I-BET-151,brd-k36363294,i-bet-151
L1000,L1000::MK-1775::CD34::::24H::10uM::LJP008::A19::BRD-K54256913,MK-1775,brd-k54256913,mk-1775
L1000,L1000::vorinostat::CD34::::24H::10uM::LJP008::A03::BRD-K81418486,vorinostat,brd-k81418486,vorinostat
L1000,L1000::UNC-1215::CD34::::24H::3.33uM::LJP008::F14::BRD-K83189926,UNC-1215,brd-k83189926,unc-1215
L1000,L1000::ACY-1215::CD34::::24H::10uM::LJP008::F01::BRD-K82928847,ACY-1215,brd-k82928847,acy-1215
L1000,L1000::dasatinib::CD34::::24H::0.37uM::LJP008::G16::BRD-K49328571,dasatinib,brd-k49328571,dasatinib
L1000,L1000::GSK-J4::CD34::::24H::3.33uM::LJP008::F20::BRD-K98203492,GSK-J4,brd-k98203492,gsk-j4
L1000,L1000::troglitazone::PC3::::24H::10uM::DOSVAL006::K11::BRD-A13084692,troglitazone,brd-a13084692,troglitazone
L1000,L1000::troglitazone::PC3::::24H::20uM::DOSVAL006::K10::BRD-A13084692,troglitazone,brd-a13084692,troglitazone
L1000,L1000::vorinostat::PC3::::24H::4uM::DOSVAL006::G15::BRD-K81418486,vorinostat,brd-k81418486,vorinostat
L1000,L1000::troglitazone::PC3::::24H::4uM::DOSVAL006::K12::BRD-A13084692,troglitazone,brd-a13084692,troglitazone
L1000,L1000::vorinostat::PC3::::24H::20uM::DOSVAL006::G13::BRD-K81418486,vorinostat,brd-k81418486,vorinostat
L1000,L1000::vorinostat::PC3::::24H::10uM::DOSVAL006::G14::BRD-K81418486,vorinostat,brd-k81418486,vorinostat
L1000,L1000::alvocidib::MCF7::::6H::0.12uM::ASG003::J21::BRD-K87909389,alvocidib,brd-k87909389,alvocidib
L1000,L1000::thioridazine::MCF7::::6H::10uM::ASG003::M01::BRD-A84481105,thioridazine,brd-a84481105,thioridazine
L1000,L1000::panobinostat::MCF7::::6H::1.11uM::ASG003::P02::BRD-K02130563,panobinostat,brd-k02130563,panobinostat
L1000,L1000::lapatinib::MCF7::::6H::10uM::ASG003::O07::BRD-K19687926,lapatinib,brd-k19687926,lapatinib
L1000,L1000::ABT-737::MCF7::::6H::1.11uM::ASG003::L02::BRD-K56301217,ABT-737,brd-k56301217,abt-737
L1000,L1000::ponatinib::MCF7::::6H::10uM::ASG003::P13::BRD-K44227013,ponatinib,brd-k44227013,ponatinib
L1000,L1000::amlodipine::MCF7::::6H::10uM::ASG003::G04::BRD-A22032524,amlodipine,brd-a22032524,amlodipine
L1000,L1000::alvocidib::MCF7::::6H::1.11uM::ASG003::J20::BRD-K87909389,alvocidib,brd-k87909389,alvocidib
L1000,L1000::JNJ-7706621::MCF7::::6H::10uM::ASG003::L22::BRD-K11636097,JNJ-7706621,brd-k11636097,jnj-7706621
L1000,L1000::panobinostat::MCF7::::6H::0.12uM::ASG003::P03::BRD-K02130563,panobinostat,brd-k02130563,panobinostat
L1000,L1000::ABT-737::MCF7::::6H::10uM::ASG003::L01::BRD-K56301217,ABT-737,brd-k56301217,abt-737
L1000,L1000::palbociclib::MCF7::::6H::1.11uM::ASG003::K17::BRD-K51313569,palbociclib,brd-k51313569,palbociclib
L1000,L1000::vandetanib::MCF7::::6H::10uM::ASG003::N22::BRD-K77625799,vandetanib,brd-k77625799,vandetanib
L1000,L1000::vorinostat::MCF7::::6H::1.11uM::ASG003::F05::BRD-K81418486,vorinostat,brd-k81418486,vorinostat
L1000,L1000::palbociclib::MCF7::::6H::10uM::ASG003::K16::BRD-K51313569,palbociclib,brd-k51313569,palbociclib
L1000,L1000::selumetinib::MCF7::::6H::10uM::ASG003::E04::BRD-K57080016,selumetinib,brd-k57080016,selumetinib
L1000,L1000::ponatinib::MCF7::::6H::1.11uM::ASG003::P14::BRD-K44227013,ponatinib,brd-k44227013,ponatinib
L1000,L1000::BI-2536::MCF7::::6H::1.11uM::ASG003::D05::BRD-K64890080,BI-2536,brd-k64890080,bi-2536
L1000,L1000::dasatinib::MCF7::::6H::10uM::ASG003::N01::BRD-K49328571,dasatinib,brd-k49328571,dasatinib
L1000,L1000::nocodazole::MCF7::::6H::10uM::ASG003::I01::BRD-K12539581,nocodazole,brd-k12539581,nocodazole
L1000,L1000::alvocidib::MCF7::::6H::10uM::ASG003::J19::BRD-K87909389,alvocidib,brd-k87909389,alvocidib
L1000,L1000::vorinostat::MCF7::::6H::10uM::ASG003::F04::BRD-K81418486,vorinostat,brd-k81418486,vorinostat
L1000,L1000::tandutinib::MCF7::::6H::10uM::ASG003::D13::BRD-K89162000,tandutinib,brd-k89162000,tandutinib
L1000,L1000::RITA::MCF7::::6H::1.11uM::ASG003::A23::BRD-K00317371,RITA,brd-k00317371,rita
L1000,L1000::BI-2536::MCF7::::6H::10uM::ASG003::D04::BRD-K64890080,BI-2536,brd-k64890080,bi-2536
L1000,L1000::AZ-628::MCF7::::6H::10uM::ASG003::J13::BRD-K05804044,AZ-628,brd-k05804044,az-628
L1000,L1000::raloxifene::MCF7::::6H::10uM::ASG003::I13::BRD-K63828191,raloxifene,brd-k63828191,raloxifene
L1000,L1000::panobinostat::MCF7::::6H::10uM::ASG003::P01::BRD-K02130563,panobinostat,brd-k02130563,panobinostat
L1000,L1000::RITA::MCF7::::6H::10uM::ASG003::A22::BRD-K00317371,RITA,brd-k00317371,rita
L1000,L1000::nocodazole::MCF7::::6H::1.11uM::ASG003::I02::BRD-K12539581,nocodazole,brd-k12539581,nocodazole
L1000,L1000::AZD-7762::YAPC::::24H::0.74uM::REP.B021::P08::BRD-K86525559,AZD-7762,brd-k86525559,azd-7762
L1000,L1000::MEK-162::YAPC::::24H::2.22uM::REP.B021::E13::BRD-K82244583,MEK-162,brd-k82244583,mek-162
L1000,L1000::MEK-162::YAPC::::24H::0.74uM::REP.B021::E14::BRD-K82244583,MEK-162,brd-k82244583,mek-162
L1000,L1000::AZD-7762::YAPC::::24H::2.22uM::REP.B021::P07::BRD-K86525559,AZD-7762,brd-k86525559,azd-7762
L1000,L1000::tetrahydrouridine::YAPC::::24H::0.74uM::REP.B021::P02::BRD-A86248581,tetrahydrouridine,brd-a86248581,tetrahydrouridine
L1000,L1000::MEK-162::YAPC::::24H::0.25uM::REP.B021::E15::BRD-K82244583,MEK-162,brd-k82244583,mek-162
L1000,L1000::riociguat::YAPC::::24H::2.22uM::REP.B021::L07::BRD-K84783599,riociguat,brd-k84783599,riociguat
L1000,L1000::MEK-162::YAPC::::24H::0.08uM::REP.B021::E16::BRD-K82244583,MEK-162,brd-k82244583,mek-162
L1000,L1000::BRD-K48407125::XC.R10::::24H::10uM::PBIOA011::C07::BRD-K48407125,BRD-K48407125,brd-k48407125,brd-k48407125
L1000,L1000::panobinostat::XC.R10::::24H::10uM::PBIOA011::J07::BRD-K02130563,panobinostat,brd-k02130563,panobinostat
L1000,L1000::BRD-K21448636::XC.R10::::24H::1.11uM::PBIOA011::G06::BRD-K21448636,BRD-K21448636,brd-k21448636,brd-k21448636
L1000,L1000::BRD-K57701450::XC.R10::::24H::1.11uM::PBIOA011::N06::BRD-K57701450,BRD-K57701450,brd-k57701450,brd-k57701450
L1000,L1000::panobinostat::XC.R10::::24H::3.33uM::PBIOA011::J08::BRD-K02130563,panobinostat,brd-k02130563,panobinostat
L1000,L1000::BMS-536924::XC.R10::::24H::12uM::PBIOA011::P16::BRD-K34581968,BMS-536924,brd-k34581968,bms-536924
L1000,L1000::panobinostat::XC.R10::::24H::10uM::PBIOA011::M04::BRD-K02130563,panobinostat,brd-k02130563,panobinostat
L1000,L1000::vorinostat::XC.R10::::24H::10uM::PBIOA011::O02::BRD-K81418486,vorinostat,brd-k81418486,vorinostat
L1000,L1000::tacedinaline::XC.R10::::24H::3.33uM::PBIOA011::H02::BRD-K52313696,tacedinaline,brd-k52313696,tacedinaline
L1000,L1000::panobinostat::XC.R10::::24H::1.11uM::PBIOA011::M06::BRD-K02130563,panobinostat,brd-k02130563,panobinostat
L1000,L1000::panobinostat::XC.R10::::24H::1.11uM::PBIOA011::J09::BRD-K02130563,panobinostat,brd-k02130563,panobinostat
L1000,L1000::panobinostat::XC.R10::::24H::3.33uM::PBIOA011::M05::BRD-K02130563,panobinostat,brd-k02130563,panobinostat
L1000,L1000::vorinostat::A375::::24H::10uM::PBIOA014::O01::BRD-K81418486,vorinostat,brd-k81418486,vorinostat
L1000,L1000::dasatinib::A375::::24H::0.125uM::PBIOA014::K17::BRD-K49328571,dasatinib,brd-k49328571,dasatinib
L1000,L1000::dasatinib::A375::::24H::3.33uM::PBIOA014::K14::BRD-K49328571,dasatinib,brd-k49328571,dasatinib
L1000,L1000::TPCA-1::A375::::24H::3.33uM::PBIOA014::I02::BRD-K51575138,TPCA-1,brd-k51575138,tpca-1
L1000,L1000::gefitinib::A375::::24H::10uM::PBIOA014::C01::BRD-K64052750,gefitinib,brd-k64052750,gefitinib
L1000,L1000::BRD-K31455027::A375::::24H::0.37uM::PBIOA014::M10::BRD-K31455027,BRD-K31455027,brd-k31455027,brd-k31455027
L1000,L1000::TPCA-1::A375::::24H::10uM::PBIOA014::I01::BRD-K51575138,TPCA-1,brd-k51575138,tpca-1
L1000,L1000::dasatinib::A375::::24H::1.11uM::PBIOA014::K15::BRD-K49328571,dasatinib,brd-k49328571,dasatinib
L1000,L1000::BRD-K31455027::A375::::24H::0.125uM::PBIOA014::M11::BRD-K31455027,BRD-K31455027,brd-k31455027,brd-k31455027
L1000,L1000::BRD-K41717353::A375::::24H::3.33uM::PBIOA014::I14::BRD-K41717353,BRD-K41717353,brd-k41717353,brd-k41717353
L1000,L1000::BRD-K31455027::A375::::24H::3.33uM::PBIOA014::M08::BRD-K31455027,BRD-K31455027,brd-k31455027,brd-k31455027
L1000,L1000::dasatinib::A375::::24H::0.04uM::PBIOA014::K18::BRD-K49328571,dasatinib,brd-k49328571,dasatinib
L1000,L1000::dasatinib::A375::::24H::10uM::PBIOA014::K13::BRD-K49328571,dasatinib,brd-k49328571,dasatinib
L1000,L1000::bromosporine::HAP1.PIK3CA::::24H::3.33uM::MOAR014::F11::BRD-K44665581,bromosporine,brd-k44665581,bromosporine
L1000,L1000::bosutinib::HAP1.PIK3CA::::24H::3.33uM::MOAR014::E11::BRD-K99964838,bosutinib,brd-k99964838,bosutinib
L1000,L1000::IKK-2-inhibitor-V::HAP1.PIK3CA::::24H::3.33uM::MOAR014::K11::BRD-K74305673,IKK-2-inhibitor-V,brd-k74305673,ikk-2-inhibitor-v
L1000,L1000::masitinib::HAP1.PIK3CA::::24H::3.33uM::MOAR014::N11::BRD-K71035033,masitinib,brd-k71035033,masitinib
L1000,L1000::troglitazone::PC3::::24H::0.74uM::REP.B010::F20::BRD-A13084692,troglitazone,brd-a13084692,troglitazone
L1000,L1000::dabrafenib::XC.P932::::24H::10uM::ASG003::H16::BRD-K09951645,dabrafenib,brd-k09951645,dabrafenib
L1000,L1000::nocodazole::XC.P932::::24H::10uM::ASG003::I01::BRD-K12539581,nocodazole,brd-k12539581,nocodazole
L1000,L1000::dasatinib::XC.P932::::24H::10uM::ASG003::N01::BRD-K49328571,dasatinib,brd-k49328571,dasatinib
L1000,L1000::trametinib::XC.P932::::24H::0.12uM::ASG003::N18::BRD-K12343256,trametinib,brd-k12343256,trametinib
L1000,L1000::dasatinib::XC.P932::::24H::0.12uM::ASG003::N03::BRD-K49328571,dasatinib,brd-k49328571,dasatinib
L1000,L1000::raloxifene::XC.P932::::24H::10uM::ASG003::I13::BRD-K63828191,raloxifene,brd-k63828191,raloxifene
L1000,L1000::trametinib::XC.P932::::24H::10uM::ASG003::N16::BRD-K12343256,trametinib,brd-k12343256,trametinib
L1000,L1000::ponatinib::XC.P932::::24H::1.11uM::ASG003::P14::BRD-K44227013,ponatinib,brd-k44227013,ponatinib
L1000,L1000::AZ-628::XC.P932::::24H::0.12uM::ASG003::J15::BRD-K05804044,AZ-628,brd-k05804044,az-628
L1000,L1000::JNJ-7706621::XC.P932::::24H::10uM::ASG003::L22::BRD-K11636097,JNJ-7706621,brd-k11636097,jnj-7706621
L1000,L1000::trametinib::XC.P932::::24H::1.11uM::ASG003::N17::BRD-K12343256,trametinib,brd-k12343256,trametinib
L1000,L1000::BI-2536::XC.P932::::24H::10uM::ASG003::D04::BRD-K64890080,BI-2536,brd-k64890080,bi-2536
L1000,L1000::vorinostat::XC.P932::::24H::10uM::ASG003::F04::BRD-K81418486,vorinostat,brd-k81418486,vorinostat
L1000,L1000::ABT-737::XC.P932::::24H::10uM::ASG003::L01::BRD-K56301217,ABT-737,brd-k56301217,abt-737
L1000,L1000::panobinostat::XC.P932::::24H::1.11uM::ASG003::P02::BRD-K02130563,panobinostat,brd-k02130563,panobinostat
L1000,L1000::nocodazole::XC.P932::::24H::1.11uM::ASG003::I02::BRD-K12539581,nocodazole,brd-k12539581,nocodazole
L1000,L1000::panobinostat::XC.P932::::24H::10uM::ASG003::P01::BRD-K02130563,panobinostat,brd-k02130563,panobinostat
L1000,L1000::BI-2536::XC.P932::::24H::1.11uM::ASG003::D05::BRD-K64890080,BI-2536,brd-k64890080,bi-2536
L1000,L1000::alvocidib::XC.P932::::24H::0.12uM::ASG003::J21::BRD-K87909389,alvocidib,brd-k87909389,alvocidib
L1000,L1000::AZ-628::XC.P932::::24H::10uM::ASG003::J13::BRD-K05804044,AZ-628,brd-k05804044,az-628
L1000,L1000::erlotinib::XC.P932::::24H::10uM::ASG003::B16::BRD-K70401845,erlotinib,brd-k70401845,erlotinib
L1000,L1000::palbociclib::XC.P932::::24H::10uM::ASG003::K16::BRD-K51313569,palbociclib,brd-k51313569,palbociclib
L1000,L1000::vorinostat::XC.P932::::24H::1.11uM::ASG003::F05::BRD-K81418486,vorinostat,brd-k81418486,vorinostat
L1000,L1000::lapatinib::XC.P932::::24H::10uM::ASG003::O07::BRD-K19687926,lapatinib,brd-k19687926,lapatinib
L1000,L1000::vandetanib::XC.P932::::24H::10uM::ASG003::N22::BRD-K77625799,vandetanib,brd-k77625799,vandetanib
L1000,L1000::JNJ-7706621::XC.P932::::24H::1.11uM::ASG003::L23::BRD-K11636097,JNJ-7706621,brd-k11636097,jnj-7706621
L1000,L1000::palbociclib::XC.P932::::24H::1.11uM::ASG003::K17::BRD-K51313569,palbociclib,brd-k51313569,palbociclib
L1000,L1000::panobinostat::XC.P932::::24H::0.12uM::ASG003::P03::BRD-K02130563,panobinostat,brd-k02130563,panobinostat
L1000,L1000::gefitinib::XC.P932::::24H::10uM::ASG003::C13::BRD-K64052750,gefitinib,brd-k64052750,gefitinib
L1000,L1000::JNJ-7706621::A549::::24H::10uM::LUNG001::H19::BRD-K11636097,JNJ-7706621,brd-k11636097,jnj-7706621
L1000,L1000::mocetinostat::A549::::24H::10uM::LUNG001::E13::BRD-K16485616,mocetinostat,brd-k16485616,mocetinostat
L1000,L1000::NVP-TAE684::A549::::24H::10uM::LUNG001::C21::BRD-K50140147,NVP-TAE684,brd-k50140147,nvp-tae684
L1000,L1000::bisindolylmaleimide::A549::::24H::10uM::LUNG001::K09::BRD-K31342827,bisindolylmaleimide,brd-k31342827,bisindolylmaleimide
L1000,L1000::panobinostat::A549::::24H::10uM::LUNG001::B07::BRD-K02130563,panobinostat,brd-k02130563,panobinostat
L1000,L1000::vorinostat::PC3::::24H::1.11uM::ERG021::O03::BRD-K81418486,vorinostat,brd-k81418486,vorinostat
L1000,L1000::vorinostat::PC3::::24H::10uM::ERG021::O01::BRD-K81418486,vorinostat,brd-k81418486,vorinostat
L1000,L1000::TG-101348::PC3::::24H::3.33uM::ERG021::K20::BRD-K12502280,TG-101348,brd-k12502280,tg-101348
L1000,L1000::saracatinib::PC3::::24H::1.11uM::ERG021::P03::BRD-K19540840,saracatinib,brd-k19540840,saracatinib
L1000,L1000::panobinostat::PC3::::24H::10uM::ERG021::K07::BRD-K02130563,panobinostat,brd-k02130563,panobinostat
L1000,L1000::panobinostat::PC3::::24H::0.04uM::ERG021::K12::BRD-K02130563,panobinostat,brd-k02130563,panobinostat
L1000,L1000::panobinostat::PC3::::24H::3.33uM::ERG021::K08::BRD-K02130563,panobinostat,brd-k02130563,panobinostat
L1000,L1000::BI-2536::PC3::::24H::10uM::ERG021::J01::BRD-K64890080,BI-2536,brd-k64890080,bi-2536
L1000,L1000::WAY-170523::PC3::::24H::3.33uM::ERG021::P14::BRD-K36198571,WAY-170523,brd-k36198571,way-170523
L1000,L1000::panobinostat::PC3::::24H::0.12uM::ERG021::K11::BRD-K02130563,panobinostat,brd-k02130563,panobinostat
L1000,L1000::panobinostat::PC3::::24H::1.11uM::ERG021::K09::BRD-K02130563,panobinostat,brd-k02130563,panobinostat
L1000,L1000::vorinostat::PC3::::24H::3.33uM::ERG021::O02::BRD-K81418486,vorinostat,brd-k81418486,vorinostat
L1000,L1000::BI-2536::PC3::::24H::3.33uM::ERG021::J02::BRD-K64890080,BI-2536,brd-k64890080,bi-2536
L1000,L1000::WAY-170523::PC3::::24H::10uM::ERG021::P13::BRD-K36198571,WAY-170523,brd-k36198571,way-170523
L1000,L1000::saracatinib::PC3::::24H::3.33uM::ERG021::P02::BRD-K19540840,saracatinib,brd-k19540840,saracatinib
L1000,L1000::vorinostat::PC3::::24H::0.12uM::ERG021::O05::BRD-K81418486,vorinostat,brd-k81418486,vorinostat
L1000,L1000::saracatinib::PC3::::24H::0.37uM::ERG021::P04::BRD-K19540840,saracatinib,brd-k19540840,saracatinib
L1000,L1000::vorinostat::PC3::::24H::0.37uM::ERG021::O04::BRD-K81418486,vorinostat,brd-k81418486,vorinostat
L1000,L1000::TG-101348::PC3::::24H::10uM::ERG021::K19::BRD-K12502280,TG-101348,brd-k12502280,tg-101348
L1000,L1000::BI-2536::PC3::::24H::1.11uM::ERG021::J03::BRD-K64890080,BI-2536,brd-k64890080,bi-2536
L1000,L1000::panobinostat::PC3::::24H::0.37uM::ERG021::K10::BRD-K02130563,panobinostat,brd-k02130563,panobinostat
L1000,L1000::TG-101348::PC3::::24H::1.11uM::ERG021::K21::BRD-K12502280,TG-101348,brd-k12502280,tg-101348
L1000,L1000::foretinib::A375::::24H::2.22uM::REP.B012::P19::BRD-K03449891,foretinib,brd-k03449891,foretinib
L1000,L1000::caffeine::A375::::24H::0.01uM::REP.B012::L12::BRD-K02404261,caffeine,brd-k02404261,caffeine
L1000,L1000::colchicine::A375::::24H::0.03uM::REP.B012::A23::BRD-K00259736,colchicine,brd-k00259736,colchicine
L1000,L1000::colchicine::A375::::24H::0.74uM::REP.B012::A20::BRD-K00259736,colchicine,brd-k00259736,colchicine
L1000,L1000::colchicine::A375::::24H::0.08uM::REP.B012::A22::BRD-K00259736,colchicine,brd-k00259736,colchicine
L1000,L1000::colchicine::A375::::24H::0.25uM::REP.B012::A21::BRD-K00259736,colchicine,brd-k00259736,colchicine
L1000,L1000::colchicine::A375::::24H::2.22uM::REP.B012::A19::BRD-K00259736,colchicine,brd-k00259736,colchicine
L1000,L1000::dasatinib::PC3::::24H::10uM::REP.A019::L13::BRD-K49328571,dasatinib,brd-k49328571,dasatinib
L1000,L1000::LY-2157299::HA1E::::24H::10uM::REP.A025::N01::BRD-K78118466,LY-2157299,brd-k78118466,ly-2157299
L1000,L1000::tosedostat::HA1E::::24H::0.04uM::REP.A025::D18::BRD-K92241597,tosedostat,brd-k92241597,tosedostat
L1000,L1000::vandetanib::HA1E::::24H::10uM::REP.A025::K19::BRD-K77625799,vandetanib,brd-k77625799,vandetanib
L1000,L1000::lomitapide::HA1E::::24H::10uM::REP.A025::C13::BRD-K92213669,lomitapide,brd-k92213669,lomitapide
L1000,L1000::LY-2157299::HA1E::::24H::3.33uM::REP.A025::N02::BRD-K78118466,LY-2157299,brd-k78118466,ly-2157299
L1000,L1000::tosedostat::HA1E::::24H::3.33uM::REP.A025::D14::BRD-K92241597,tosedostat,brd-k92241597,tosedostat
L1000,L1000::MK-1775::HA1E::::24H::0.74uM::REP.B016::I20::BRD-K54256913,MK-1775,brd-k54256913,mk-1775
L1000,L1000::OTS-167::HA1E::::24H::0.03uM::REP.B016::O11::BRD-K53417444,OTS-167,brd-k53417444,ots-167
L1000,L1000::OTS-167::HA1E::::24H::0.01uM::REP.B016::O12::BRD-K53417444,OTS-167,brd-k53417444,ots-167
L1000,L1000::MK-1775::HA1E::::24H::2.22uM::REP.B016::I19::BRD-K54256913,MK-1775,brd-k54256913,mk-1775
L1000,L1000::vorinostat::A549::::24H::4uM::DOSVAL003::G15::BRD-K81418486,vorinostat,brd-k81418486,vorinostat
L1000,L1000::vorinostat::A549::::24H::20uM::DOSVAL003::G13::BRD-K81418486,vorinostat,brd-k81418486,vorinostat
L1000,L1000::vorinostat::A549::::24H::10uM::DOSVAL003::G14::BRD-K81418486,vorinostat,brd-k81418486,vorinostat
L1000,L1000::BRD-K80643530::A549::::24H::20uM::DOSVAL003::K19::BRD-K80643530,BRD-K80643530,brd-k80643530,brd-k80643530
L1000,L1000::BMS-299897::YAPC::::24H::0.04uM::REP.A012::N06::BRD-K02950022,BMS-299897,brd-k02950022,bms-299897
L1000,L1000::colchicine::YAPC::::24H::0.37uM::REP.A012::A22::BRD-K00259736,colchicine,brd-k00259736,colchicine
L1000,L1000::colchicine::YAPC::::24H::3.33uM::REP.A012::A20::BRD-K00259736,colchicine,brd-k00259736,colchicine
L1000,L1000::colchicine::YAPC::::24H::0.125uM::REP.A012::A23::BRD-K00259736,colchicine,brd-k00259736,colchicine
L1000,L1000::colchicine::YAPC::::24H::1.11uM::REP.A012::A21::BRD-K00259736,colchicine,brd-k00259736,colchicine
L1000,L1000::BMS-299897::YAPC::::24H::3.33uM::REP.A012::N02::BRD-K02950022,BMS-299897,brd-k02950022,bms-299897
L1000,L1000::foretinib::YAPC::::24H::10uM::REP.A012::P19::BRD-K03449891,foretinib,brd-k03449891,foretinib
L1000,L1000::colchicine::YAPC::::24H::10uM::REP.A012::A19::BRD-K00259736,colchicine,brd-k00259736,colchicine
L1000,L1000::saracatinib::NALM6::::24H::10uM::EMU001::M19::BRD-K19540840,saracatinib,brd-k19540840,saracatinib
L1000,L1000::gefitinib::NALM6::::24H::10uM::EMU001::J13::BRD-K64052750,gefitinib,brd-k64052750,gefitinib
L1000,L1000::imatinib::NALM6::::24H::10uM::EMU001::F19::BRD-K92723993,imatinib,brd-k92723993,imatinib
L1000,L1000::LCB-03-0110::NALM6::::24H::10uM::EMU001::O13::BRD-K11357827,LCB-03-0110,brd-k11357827,lcb-03-0110
L1000,L1000::BRD-K94199083::NALM6::::24H::10uM::EMU001::H13::BRD-K94199083,BRD-K94199083,brd-k94199083,brd-k94199083
L1000,L1000::GDC-0199::NALM6::::24H::10uM::EMU001::N19::BRD-K62391742,GDC-0199,brd-k62391742,gdc-0199
L1000,L1000::I-BET-762::NALM6::::24H::0.66uM::EMU001::K21::BRD-K08109215,I-BET-762,brd-k08109215,i-bet-762
L1000,L1000::BRD-K98039984::NALM6::::24H::2.5uM::EMU001::K02::BRD-K98039984,BRD-K98039984,brd-k98039984,brd-k98039984
L1000,L1000::vorinostat::NALM6::::24H::0.125uM::EMU001::O04::BRD-K81418486,vorinostat,brd-k81418486,vorinostat
L1000,L1000::vorinostat::NALM6::::24H::10uM::EMU001::O01::BRD-K81418486,vorinostat,brd-k81418486,vorinostat
L1000,L1000::gossypol::NALM6::::24H::10uM::EMU001::M01::BRD-K19295594,gossypol,brd-k19295594,gossypol
L1000,L1000::I-BET-762::NALM6::::24H::10uM::EMU001::K19::BRD-K08109215,I-BET-762,brd-k08109215,i-bet-762
L1000,L1000::I-BET-762::NALM6::::24H::2.5uM::EMU001::K20::BRD-K08109215,I-BET-762,brd-k08109215,i-bet-762
L1000,L1000::BRD-K98039984::NALM6::::24H::0.66uM::EMU001::K03::BRD-K98039984,BRD-K98039984,brd-k98039984,brd-k98039984
L1000,L1000::lapatinib::NALM6::::24H::10uM::EMU001::L13::BRD-K19687926,lapatinib,brd-k19687926,lapatinib
L1000,L1000::dasatinib::NALM6::::24H::10uM::EMU001::I19::BRD-K49328571,dasatinib,brd-k49328571,dasatinib
L1000,L1000::I-BET-762::NALM6::::24H::0.125uM::EMU001::K22::BRD-K08109215,I-BET-762,brd-k08109215,i-bet-762
L1000,L1000::vorinostat::NALM6::::24H::2.5uM::EMU001::O02::BRD-K81418486,vorinostat,brd-k81418486,vorinostat
L1000,L1000::erlotinib::NALM6::::24H::10uM::EMU001::C13::BRD-K70401845,erlotinib,brd-k70401845,erlotinib
L1000,L1000::bosutinib::NALM6::::24H::2.5uM::EMU001::J20::BRD-K99964838,bosutinib,brd-k99964838,bosutinib
L1000,L1000::dasatinib::NALM6::::24H::0.66uM::EMU001::I21::BRD-K49328571,dasatinib,brd-k49328571,dasatinib
L1000,L1000::PF-06465469::NALM6::::24H::10uM::EMU001::N07::BRD-K77503770,PF-06465469,brd-k77503770,pf-06465469
L1000,L1000::vorinostat::NALM6::::24H::0.66uM::EMU001::O03::BRD-K81418486,vorinostat,brd-k81418486,vorinostat
L1000,L1000::saracatinib::NALM6::::24H::0.125uM::EMU001::M22::BRD-K19540840,saracatinib,brd-k19540840,saracatinib
L1000,L1000::bosutinib::NALM6::::24H::10uM::EMU001::J19::BRD-K99964838,bosutinib,brd-k99964838,bosutinib
L1000,L1000::lapatinib::NALM6::::24H::0.01uM::EMU001::L18::BRD-K19687926,lapatinib,brd-k19687926,lapatinib
L1000,L1000::BRD-K98039984::NALM6::::24H::10uM::EMU001::K01::BRD-K98039984,BRD-K98039984,brd-k98039984,brd-k98039984
L1000,L1000::KPT-330::HT29::::24H::0.74uM::REP.B004::E14::BRD-K21361524,KPT-330,brd-k21361524,kpt-330
L1000,L1000::camicinal::HT29::::24H::2.22uM::REP.B004::M07::BRD-K23248433,camicinal,brd-k23248433,camicinal
L1000,L1000::KPT-330::HT29::::24H::2.22uM::REP.B004::E13::BRD-K21361524,KPT-330,brd-k21361524,kpt-330
L1000,L1000::chlortalidone::HT29::::24H::0.74uM::REP.B004::O08::BRD-A26384407,chlortalidone,brd-a26384407,chlortalidone
L1000,L1000::CX-516::YAPC::::24H::10uM::REP.A001::B07::BRD-K25140590,CX-516,brd-k25140590,cx-516
L1000,L1000::tegobuvir::YAPC::::24H::10uM::REP.A001::F13::BRD-K26701552,tegobuvir,brd-k26701552,tegobuvir
L1000,L1000::colchicine::HA1E::::24H::1.11uM::REP.A012::A21::BRD-K00259736,colchicine,brd-k00259736,colchicine
L1000,L1000::amoxapine::HA1E::::24H::1.11uM::REP.A012::I15::BRD-K02265150,amoxapine,brd-k02265150,amoxapine
L1000,L1000::colchicine::HA1E::::24H::0.125uM::REP.A012::A23::BRD-K00259736,colchicine,brd-k00259736,colchicine
L1000,L1000::amoxapine::HA1E::::24H::0.04uM::REP.A012::I18::BRD-K02265150,amoxapine,brd-k02265150,amoxapine
L1000,L1000::colchicine::HA1E::::24H::3.33uM::REP.A012::A20::BRD-K00259736,colchicine,brd-k00259736,colchicine
L1000,L1000::olaparib::HA1E::::24H::10uM::REP.A012::I07::BRD-K02113016,olaparib,brd-k02113016,olaparib
L1000,L1000::BMS-299897::HA1E::::24H::3.33uM::REP.A012::N02::BRD-K02950022,BMS-299897,brd-k02950022,bms-299897
L1000,L1000::colchicine::HA1E::::24H::10uM::REP.A012::A19::BRD-K00259736,colchicine,brd-k00259736,colchicine
L1000,L1000::colchicine::HA1E::::24H::0.37uM::REP.A012::A22::BRD-K00259736,colchicine,brd-k00259736,colchicine
L1000,L1000::BMS-299897::HA1E::::24H::10uM::REP.A012::N01::BRD-K02950022,BMS-299897,brd-k02950022,bms-299897
L1000,L1000::foretinib::HA1E::::24H::10uM::REP.A012::P19::BRD-K03449891,foretinib,brd-k03449891,foretinib
L1000,L1000::colchicine::PC3::::24H::0.08uM::REP.B012::A22::BRD-K00259736,colchicine,brd-k00259736,colchicine
L1000,L1000::colchicine::PC3::::24H::2.22uM::REP.B012::A19::BRD-K00259736,colchicine,brd-k00259736,colchicine
L1000,L1000::BRD-K65694520::PC3::::24H::10uM::PBIOA017::P07::BRD-K65694520,BRD-K65694520,brd-k65694520,brd-k65694520
L1000,L1000::MK-2206::PC3::::24H::10uM::PBIOA017::N13::BRD-K68065987,MK-2206,brd-k68065987,mk-2206
L1000,L1000::CX-4945::PC3::::24H::3.33uM::PBIOA017::A20::BRD-K81458380,CX-4945,brd-k81458380,cx-4945
L1000,L1000::CX-4945::PC3::::24H::10uM::PBIOA017::A19::BRD-K81458380,CX-4945,brd-k81458380,cx-4945
L1000,L1000::troglitazone::PC3::::24H::10uM::PBIOA017::K10::BRD-A13084692,troglitazone,brd-a13084692,troglitazone
L1000,L1000::vorinostat::PC3::::24H::10uM::PBIOA017::O01::BRD-K81418486,vorinostat,brd-k81418486,vorinostat
L1000,L1000::erlotinib::MCF10A::::24H::10uM::REP.A022::G01::BRD-K70401845,erlotinib,brd-k70401845,erlotinib
L1000,L1000::erlotinib::MCF10A::::24H::1.11uM::REP.A022::G03::BRD-K70401845,erlotinib,brd-k70401845,erlotinib
L1000,L1000::phorbol-myristate-acetate::MCF10A::::24H::2.5uM::REP.A022::D14::BRD-K68552125,phorbol-myristate-acetate,brd-k68552125,phorbol-myristate-acetate
L1000,L1000::erlotinib::MCF10A::::24H::3.33uM::REP.A022::G02::BRD-K70401845,erlotinib,brd-k70401845,erlotinib
L1000,L1000::XMD-1185H::HME1::::24H::10uM::LJP006::P19::BRD-U22633929,XMD-1185H,brd-u22633929,xmd-1185h
L1000,L1000::saracatinib::HME1::::24H::10uM::LJP006::D07::BRD-K19540840,saracatinib,brd-k19540840,saracatinib
L1000,L1000::WZ-4-145::HME1::::24H::10uM::LJP006::J19::BRD-U61997977,WZ-4-145,brd-u61997977,wz-4-145
L1000,L1000::BI-2536::HME1::::24H::0.37uM::LJP006::D16::BRD-K64890080,BI-2536,brd-k64890080,bi-2536
L1000,L1000::AS-605240::HME1::::24H::3.33uM::LJP006::O08::BRD-K41895714,AS-605240,brd-k41895714,as-605240
L1000,L1000::alvocidib::HME1::::24H::0.37uM::LJP006::A16::BRD-K87909389,alvocidib,brd-k87909389,alvocidib
L1000,L1000::NVP-TAE684::HME1::::24H::3.33uM::LJP006::K14::BRD-K50140147,NVP-TAE684,brd-k50140147,nvp-tae684
L1000,L1000::Y-39983::HME1::::24H::10uM::LJP006::P01::BRD-K56751279,Y-39983,brd-k56751279,y-39983
L1000,L1000::AZD-7762::HME1::::24H::10uM::LJP006::L01::BRD-K46056750,AZD-7762,brd-k46056750,azd-7762
L1000,L1000::selumetinib::HME1::::24H::10uM::LJP006::M07::BRD-K57080016,selumetinib,brd-k57080016,selumetinib
L1000,L1000::WZ-4-145::HME1::::24H::3.33uM::LJP006::J20::BRD-U61997977,WZ-4-145,brd-u61997977,wz-4-145
L1000,L1000::lapatinib::HME1::::24H::10uM::LJP006::M19::BRD-K19687926,lapatinib,brd-k19687926,lapatinib
L1000,L1000::BI-2536::HME1::::24H::10uM::LJP006::D13::BRD-K64890080,BI-2536,brd-k64890080,bi-2536
L1000,L1000::CGP-60474::HME1::::24H::0.37uM::LJP006::G04::BRD-K79090631,CGP-60474,brd-k79090631,cgp-60474
L1000,L1000::dasatinib::HME1::::24H::0.37uM::LJP006::I04::BRD-K49328571,dasatinib,brd-k49328571,dasatinib
L1000,L1000::AS-605240::HME1::::24H::0.04uM::LJP006::O12::BRD-K41895714,AS-605240,brd-k41895714,as-605240
L1000,L1000::alvocidib::HME1::::24H::0.12uM::LJP006::A17::BRD-K87909389,alvocidib,brd-k87909389,alvocidib
L1000,L1000::BI-2536::HME1::::24H::1.11uM::LJP006::D15::BRD-K64890080,BI-2536,brd-k64890080,bi-2536
L1000,L1000::CGP-60474::HME1::::24H::10uM::LJP006::G01::BRD-K79090631,CGP-60474,brd-k79090631,cgp-60474
L1000,L1000::palbociclib::HME1::::24H::0.37uM::LJP006::E16::BRD-K51313569,palbociclib,brd-k51313569,palbociclib
L1000,L1000::imatinib::HME1::::24H::10uM::LJP006::N13::BRD-K92723993,imatinib,brd-k92723993,imatinib
L1000,L1000::avasimibe::YAPC::::24H::10uM::REP.A023::B07::BRD-K67901620,avasimibe,brd-k67901620,avasimibe
L1000,L1000::MK-2206::YAPC::::24H::10uM::REP.A023::A19::BRD-K68065987,MK-2206,brd-k68065987,mk-2206
L1000,L1000::sertindole::YAPC::::24H::10uM::REP.A023::E19::BRD-K69116396,sertindole,brd-k69116396,sertindole
L1000,L1000::MK-2206::YAPC::::24H::3.33uM::REP.A023::A20::BRD-K68065987,MK-2206,brd-k68065987,mk-2206
L1000,L1000::levamisole::YAPC::::24H::10uM::REP.A023::O19::BRD-K73107279,levamisole,brd-k73107279,levamisole
L1000,L1000::I-BET-762::YAPC::::24H::2.22uM::REP.B005::A19::BRD-K08109215,I-BET-762,brd-k08109215,i-bet-762
L1000,L1000::alectinib::YAPC::::24H::2.22uM::REP.B005::P07::BRD-K11267252,alectinib,brd-k11267252,alectinib
L1000,L1000::MLN-0128::ASC::::24H::0.37uM::LJP007::L10::BRD-K59317601,MLN-0128,brd-k59317601,mln-0128
L1000,L1000::NVP-TAE226::ASC::::24H::10uM::LJP007::M13::BRD-K21025364,NVP-TAE226,brd-k21025364,nvp-tae226
L1000,L1000::vorinostat::ASC::::24H::10uM::LJP007::A03::BRD-K81418486,vorinostat,brd-k81418486,vorinostat
L1000,L1000::bosutinib::ASC::::24H::10uM::LJP007::D19::BRD-K99964838,bosutinib,brd-k99964838,bosutinib
L1000,L1000::OTS-167::ASC::::24H::10uM::LJP007::O13::BRD-K53417444,OTS-167,brd-k53417444,ots-167
L1000,L1000::CGP-60474::ASC::::24H::3.33uM::LJP007::C20::BRD-K79090631,CGP-60474,brd-k79090631,cgp-60474
L1000,L1000::dasatinib::ASC::::24H::10uM::LJP007::G13::BRD-K49328571,dasatinib,brd-k49328571,dasatinib
L1000,L1000::dasatinib::ASC::::24H::3.33uM::LJP007::G14::BRD-K49328571,dasatinib,brd-k49328571,dasatinib
L1000,L1000::OTS-167::ASC::::24H::0.37uM::LJP007::O16::BRD-K53417444,OTS-167,brd-k53417444,ots-167
L1000,L1000::PHA-767491::ASC::::24H::10uM::LJP007::J01::BRD-K50000283,PHA-767491,brd-k50000283,pha-767491
L1000,L1000::NVP-BGJ398::ASC::::24H::1.11uM::LJP007::P21::BRD-K42728290,NVP-BGJ398,brd-k42728290,nvp-bgj398
L1000,L1000::CGP-60474::ASC::::24H::0.04uM::LJP007::C24::BRD-K79090631,CGP-60474,brd-k79090631,cgp-60474
L1000,L1000::NVP-TAE226::ASC::::24H::3.33uM::LJP007::M14::BRD-K21025364,NVP-TAE226,brd-k21025364,nvp-tae226
L1000,L1000::OTS-167::ASC::::24H::0.04uM::LJP007::O18::BRD-K53417444,OTS-167,brd-k53417444,ots-167
L1000,L1000::NVP-TAE226::ASC::::24H::1.11uM::LJP007::M15::BRD-K21025364,NVP-TAE226,brd-k21025364,nvp-tae226
L1000,L1000::MLN-0128::ASC::::24H::3.33uM::LJP007::L08::BRD-K59317601,MLN-0128,brd-k59317601,mln-0128
L1000,L1000::dasatinib::ASC::::24H::0.37uM::LJP007::G16::BRD-K49328571,dasatinib,brd-k49328571,dasatinib
L1000,L1000::PHA-767491::ASC::::24H::3.33uM::LJP007::J02::BRD-K50000283,PHA-767491,brd-k50000283,pha-767491
L1000,L1000::MLN-0128::ASC::::24H::1.11uM::LJP007::L09::BRD-K59317601,MLN-0128,brd-k59317601,mln-0128
L1000,L1000::OTS-167::ASC::::24H::3.33uM::LJP007::O14::BRD-K53417444,OTS-167,brd-k53417444,ots-167
L1000,L1000::MLN-0128::ASC::::24H::10uM::LJP007::L07::BRD-K59317601,MLN-0128,brd-k59317601,mln-0128
L1000,L1000::TPCA-1::ASC::::24H::10uM::LJP007::A19::BRD-K51575138,TPCA-1,brd-k51575138,tpca-1
L1000,L1000::PHA-767491::ASC::::24H::0.37uM::LJP007::J04::BRD-K50000283,PHA-767491,brd-k50000283,pha-767491
L1000,L1000::MLN-0128::ASC::::24H::0.12uM::LJP007::L11::BRD-K59317601,MLN-0128,brd-k59317601,mln-0128
L1000,L1000::vandetanib::ASC::::24H::10uM::LJP007::P13::BRD-K77625799,vandetanib,brd-k77625799,vandetanib
L1000,L1000::CGP-60474::ASC::::24H::0.12uM::LJP007::C23::BRD-K79090631,CGP-60474,brd-k79090631,cgp-60474
L1000,L1000::PHA-767491::ASC::::24H::1.11uM::LJP007::J03::BRD-K50000283,PHA-767491,brd-k50000283,pha-767491
L1000,L1000::OSI-930::ASC::::24H::0.37uM::LJP007::E10::BRD-K25340465,OSI-930,brd-k25340465,osi-930
L1000,L1000::OTS-167::ASC::::24H::0.12uM::LJP007::O17::BRD-K53417444,OTS-167,brd-k53417444,ots-167
L1000,L1000::sertindole::THP1::::24H::10uM::REP.A023::E19::BRD-K69116396,sertindole,brd-k69116396,sertindole
L1000,L1000::MK-2206::THP1::::24H::10uM::REP.A023::A19::BRD-K68065987,MK-2206,brd-k68065987,mk-2206
L1000,L1000::mocetinostat::NPC::::24H::3.33uM::LJP008::I08::BRD-K16485616,mocetinostat,brd-k16485616,mocetinostat
L1000,L1000::vorinostat::NPC::::24H::10uM::LJP008::A03::BRD-K81418486,vorinostat,brd-k81418486,vorinostat
L1000,L1000::NU-7026::NPC::::24H::0.12uM::LJP008::O23::BRD-K09537769,NU-7026,brd-k09537769,nu-7026
L1000,L1000::olaparib::NPC::::24H::10uM::LJP008::D01::BRD-K02113016,olaparib,brd-k02113016,olaparib
L1000,L1000::mocetinostat::NPC::::24H::0.37uM::LJP008::I10::BRD-K16485616,mocetinostat,brd-k16485616,mocetinostat
L1000,L1000::ACY-1215::NPC::::24H::10uM::LJP008::F01::BRD-K82928847,ACY-1215,brd-k82928847,acy-1215
L1000,L1000::BIX-01294::NPC::::24H::10uM::LJP008::I13::BRD-K26818574,BIX-01294,brd-k26818574,bix-01294
L1000,L1000::mocetinostat::NPC::::24H::10uM::LJP008::I07::BRD-K16485616,mocetinostat,brd-k16485616,mocetinostat
L1000,L1000::UNC-0638::NPC::::24H::10uM::LJP008::M07::BRD-K86856088,UNC-0638,brd-k86856088,unc-0638
L1000,L1000::I-BET-151::NPC::::24H::3.33uM::LJP008::K02::BRD-K36363294,I-BET-151,brd-k36363294,i-bet-151
L1000,L1000::dasatinib::NPC::::24H::10uM::LJP008::G13::BRD-K49328571,dasatinib,brd-k49328571,dasatinib
L1000,L1000::MK-1775::NPC::::24H::3.33uM::LJP008::A20::BRD-K54256913,MK-1775,brd-k54256913,mk-1775
L1000,L1000::CGP-60474::NPC::::24H::0.04uM::LJP008::C24::BRD-K79090631,CGP-60474,brd-k79090631,cgp-60474
L1000,L1000::I-BET-151::NPC::::24H::1.11uM::LJP008::K03::BRD-K36363294,I-BET-151,brd-k36363294,i-bet-151
L1000,L1000::I-BET-762::NPC::::24H::10uM::LJP008::I01::BRD-K08109215,I-BET-762,brd-k08109215,i-bet-762
L1000,L1000::mocetinostat::NPC::::24H::1.11uM::LJP008::I09::BRD-K16485616,mocetinostat,brd-k16485616,mocetinostat
L1000,L1000::vorinostat::NPC::::24H::10uM::LJP008::G07::BRD-K81418486,vorinostat,brd-k81418486,vorinostat
L1000,L1000::MK-1775::NPC::::24H::10uM::LJP008::A19::BRD-K54256913,MK-1775,brd-k54256913,mk-1775
L1000,L1000::PFI-1::NPC::::24H::10uM::LJP008::G01::BRD-K13094524,PFI-1,brd-k13094524,pfi-1
L1000,L1000::I-BET-151::NPC::::24H::10uM::LJP008::K01::BRD-K36363294,I-BET-151,brd-k36363294,i-bet-151
L1000,L1000::alvocidib::A375::::24H::1.11uM::REP.A026::B21::BRD-K87909389,alvocidib,brd-k87909389,alvocidib
L1000,L1000::alvocidib::A375::::24H::0.37uM::REP.A026::B22::BRD-K87909389,alvocidib,brd-k87909389,alvocidib
L1000,L1000::filgotinib::MCF7::::24H::0.125uM::REP.A002::H17::BRD-K16803204,filgotinib,brd-k16803204,filgotinib
L1000,L1000::bosutinib::MCF7::::24H::10uM::REP.A002::N19::BRD-K99964838,bosutinib,brd-k99964838,bosutinib
L1000,L1000::bosutinib::MCF7::::24H::3.33uM::REP.A002::N20::BRD-K99964838,bosutinib,brd-k99964838,bosutinib
L1000,L1000::firategrast::MCF7::::24H::10uM::REP.A002::L01::BRD-K17513304,firategrast,brd-k17513304,firategrast
L1000,L1000::nevirapine::MCF7::::24H::10uM::REP.A002::A07::BRD-K15502390,nevirapine,brd-k15502390,nevirapine
L1000,L1000::regorafenib::MCF7::::24H::10uM::REP.A002::F19::BRD-K16730910,regorafenib,brd-k16730910,regorafenib
L1000,L1000::vorinostat::HBL1::::24H::10uM::AICHI001::G13::BRD-K81418486,vorinostat,brd-k81418486,vorinostat
L1000,L1000::BRD-K16277767::HBL1::::24H::10uM::AICHI001::L07::BRD-K16277767,BRD-K16277767,brd-k16277767,brd-k16277767
L1000,L1000::vorinostat::HBL1::::24H::0.66uM::AICHI001::G15::BRD-K81418486,vorinostat,brd-k81418486,vorinostat
L1000,L1000::GDC-0941::HBL1::::24H::10uM::AICHI001::A07::BRD-K52911425,GDC-0941,brd-k52911425,gdc-0941
L1000,L1000::MI-2::HBL1::::24H::10uM::AICHI001::G07::BRD-K37142460,MI-2,brd-k37142460,mi-2
L1000,L1000::GDC-0941::HBL1::::24H::10uM::AICHI001::I13::BRD-K52911425,GDC-0941,brd-k52911425,gdc-0941
L1000,L1000::vorinostat::HBL1::::24H::2.5uM::AICHI001::G14::BRD-K81418486,vorinostat,brd-k81418486,vorinostat
L1000,L1000::sotrastaurin::HBL1::::24H::10uM::AICHI001::D19::BRD-K16761703,sotrastaurin,brd-k16761703,sotrastaurin
L1000,L1000::midostaurin::HBL1::::24H::10uM::AICHI001::F19::BRD-K13646352,midostaurin,brd-k13646352,midostaurin
L1000,L1000::sotrastaurin::HBL1::::24H::2.5uM::AICHI001::D20::BRD-K16761703,sotrastaurin,brd-k16761703,sotrastaurin
L1000,L1000::CX-4945::HBL1::::24H::10uM::AICHI001::M01::BRD-K81458380,CX-4945,brd-k81458380,cx-4945
L1000,L1000::BRD-A45134043::MCF7::::24H::2.5uM::MUC.CP007::H05::BRD-A45134043,BRD-A45134043,brd-a45134043,brd-a45134043
L1000,L1000::BRD-K07378204::MCF7::::24H::40uM::MUC.CP007::L07::BRD-K07378204,BRD-K07378204,brd-k07378204,brd-k07378204
L1000,L1000::BRD-K50919475::MCF7::::24H::20uM::MUC.CP007::P02::BRD-K50919475,BRD-K50919475,brd-k50919475,brd-k50919475
L1000,L1000::allopurinol::MCF7::::24H::0.5uM::MUC.CP007::O10::BRD-K86307448,allopurinol,brd-k86307448,allopurinol
L1000,L1000::BRD-K13397460::MCF7::::24H::40uM::MUC.CP007::P07::BRD-K13397460,BRD-K13397460,brd-k13397460,brd-k13397460
L1000,L1000::allopurinol::MCF7::::24H::4uM::MUC.CP007::O07::BRD-K86307448,allopurinol,brd-k86307448,allopurinol
L1000,L1000::BRD-K85339825::MCF7::::24H::40uM::MUC.CP007::D01::BRD-K85339825,BRD-K85339825,brd-k85339825,brd-k85339825
L1000,L1000::BRD-K07378204::MCF7::::24H::10uM::MUC.CP007::L09::BRD-K07378204,BRD-K07378204,brd-k07378204,brd-k07378204
L1000,L1000::BRD-K37013795::MCF7::::24H::40uM::MUC.CP007::J01::BRD-K37013795,BRD-K37013795,brd-k37013795,brd-k37013795
L1000,L1000::BRD-K49687815::MCF7::::24H::4uM::MUC.CP007::H10::BRD-K49687815,BRD-K49687815,brd-k49687815,brd-k49687815
L1000,L1000::BRD-K50919475::MCF7::::24H::10uM::MUC.CP007::P03::BRD-K50919475,BRD-K50919475,brd-k50919475,brd-k50919475
L1000,L1000::BRD-K44256916::MCF7::::24H::40uM::MUC.CP007::C01::BRD-K44256916,BRD-K44256916,brd-k44256916,brd-k44256916
L1000,L1000::BRD-K50919475::MCF7::::24H::40uM::MUC.CP007::P01::BRD-K50919475,BRD-K50919475,brd-k50919475,brd-k50919475
L1000,L1000::BRD-K26347562::MCF7::::24H::20uM::MUC.CP007::L02::BRD-K26347562,BRD-K26347562,brd-k26347562,brd-k26347562
L1000,L1000::BRD-K26347562::MCF7::::24H::40uM::MUC.CP007::L01::BRD-K26347562,BRD-K26347562,brd-k26347562,brd-k26347562
L1000,L1000::BRD-K49687815::MCF7::::24H::40uM::MUC.CP007::H07::BRD-K49687815,BRD-K49687815,brd-k49687815,brd-k49687815
L1000,L1000::BRD-K91237281::MCF7::::24H::10uM::MUC.CP007::N03::BRD-K91237281,BRD-K91237281,brd-k91237281,brd-k91237281
L1000,L1000::BRD-K91237281::MCF7::::24H::40uM::MUC.CP007::N01::BRD-K91237281,BRD-K91237281,brd-k91237281,brd-k91237281
L1000,L1000::XMD-1185H::MDAMB231::::24H::10uM::LJP006::P19::BRD-U22633929,XMD-1185H,brd-u22633929,xmd-1185h
L1000,L1000::palbociclib::MDAMB231::::24H::3.33uM::LJP006::E14::BRD-K51313569,palbociclib,brd-k51313569,palbociclib
L1000,L1000::palbociclib::MDAMB231::::24H::10uM::LJP006::E13::BRD-K51313569,palbociclib,brd-k51313569,palbociclib
L1000,L1000::BI-2536::MDAMB231::::24H::0.04uM::LJP006::D18::BRD-K64890080,BI-2536,brd-k64890080,bi-2536
L1000,L1000::BI-2536::MDAMB231::::24H::10uM::LJP006::D13::BRD-K64890080,BI-2536,brd-k64890080,bi-2536
L1000,L1000::AZD-7762::MDAMB231::::24H::3.33uM::LJP006::L02::BRD-K46056750,AZD-7762,brd-k46056750,azd-7762
L1000,L1000::WZ-4-145::MDAMB231::::24H::10uM::LJP006::J19::BRD-U61997977,WZ-4-145,brd-u61997977,wz-4-145
L1000,L1000::BI-2536::MDAMB231::::24H::3.33uM::LJP006::D14::BRD-K64890080,BI-2536,brd-k64890080,bi-2536
L1000,L1000::podophyllotoxin::HA1E::::24H::1.11uM::REP.A020::N03::BRD-K47869605,podophyllotoxin,brd-k47869605,podophyllotoxin
L1000,L1000::thioridazine::HA1E::::24H::10uM::REP.A020::H01::BRD-A84481105,thioridazine,brd-a84481105,thioridazine
L1000,L1000::N-6022::HA1E::::24H::0.04uM::REP.A020::A12::BRD-K82522873,N-6022,brd-k82522873,n-6022
L1000,L1000::cytochalasin-b::HA1E::::24H::1.25uM::REP.A020::M02::BRD-K47000838,cytochalasin-b,brd-k47000838,cytochalasin-b
L1000,L1000::podophyllotoxin::HA1E::::24H::0.125uM::REP.A020::N05::BRD-K47869605,podophyllotoxin,brd-k47869605,podophyllotoxin
L1000,L1000::macitentan::HA1E::::24H::1.11uM::REP.A020::P03::BRD-K48812570,macitentan,brd-k48812570,macitentan
L1000,L1000::cediranib::HA1E::::24H::0.37uM::REP.A020::F22::BRD-K86930074,cediranib,brd-k86930074,cediranib
L1000,L1000::ACY-1215::HA1E::::24H::10uM::REP.A020::H19::BRD-K82928847,ACY-1215,brd-k82928847,acy-1215
L1000,L1000::ACY-1215::HA1E::::24H::3.33uM::REP.A020::H20::BRD-K82928847,ACY-1215,brd-k82928847,acy-1215
L1000,L1000::podophyllotoxin::HA1E::::24H::3.33uM::REP.A020::N02::BRD-K47869605,podophyllotoxin,brd-k47869605,podophyllotoxin
L1000,L1000::ACY-1215::HA1E::::24H::1.11uM::REP.A020::H21::BRD-K82928847,ACY-1215,brd-k82928847,acy-1215
L1000,L1000::podophyllotoxin::HA1E::::24H::0.04uM::REP.A020::N06::BRD-K47869605,podophyllotoxin,brd-k47869605,podophyllotoxin
L1000,L1000::dilazep::HA1E::::24H::10uM::REP.A020::N19::BRD-K48722258,dilazep,brd-k48722258,dilazep
L1000,L1000::cytochalasin-b::HA1E::::24H::4uM::REP.A020::M01::BRD-K47000838,cytochalasin-b,brd-k47000838,cytochalasin-b
L1000,L1000::podophyllotoxin::HA1E::::24H::10uM::REP.A020::N01::BRD-K47869605,podophyllotoxin,brd-k47869605,podophyllotoxin
L1000,L1000::podophyllotoxin::HA1E::::24H::0.37uM::REP.A020::N04::BRD-K47869605,podophyllotoxin,brd-k47869605,podophyllotoxin
L1000,L1000::cediranib::HA1E::::24H::3.33uM::REP.A020::F20::BRD-K86930074,cediranib,brd-k86930074,cediranib
L1000,L1000::piribedil::HA1E::::24H::3.33uM::REP.A020::N08::BRD-K47936004,piribedil,brd-k47936004,piribedil
L1000,L1000::cediranib::HA1E::::24H::10uM::REP.A020::F19::BRD-K86930074,cediranib,brd-k86930074,cediranib
L1000,L1000::macitentan::HA1E::::24H::3.33uM::REP.A020::P02::BRD-K48812570,macitentan,brd-k48812570,macitentan
L1000,L1000::tegobuvir::XC.L10::::24H::0.125uM::REP.A001::F17::BRD-K26701552,tegobuvir,brd-k26701552,tegobuvir
L1000,L1000::midostaurin::HCC515::::24H::3.33uM::PBIOA015::O20::BRD-K13646352,midostaurin,brd-k13646352,midostaurin
L1000,L1000::BRD-K81051633::HCC515::::24H::10uM::PBIOA015::E19::BRD-K81051633,BRD-K81051633,brd-k81051633,brd-k81051633
L1000,L1000::midostaurin::HCC515::::24H::1.11uM::PBIOA015::O21::BRD-K13646352,midostaurin,brd-k13646352,midostaurin
L1000,L1000::clofarabine::HCC515::::24H::10uM::PBIOA015::I13::BRD-K34022604,clofarabine,brd-k34022604,clofarabine
L1000,L1000::ciclopirox::HCC515::::24H::3.33uM::PBIOA015::N08::BRD-K13044802,ciclopirox,brd-k13044802,ciclopirox
L1000,L1000::alsterpaullone::HCC515::::24H::10uM::PBIOA015::L07::BRD-K17516382,alsterpaullone,brd-k17516382,alsterpaullone
L1000,L1000::BRD-K28527676::HCC515::::24H::3.33uM::PBIOA015::P02::BRD-K28527676,BRD-K28527676,brd-k28527676,brd-k28527676
L1000,L1000::tretinoin::HCC515::::24H::10uM::PBIOA015::J07::BRD-K71879491,tretinoin,brd-k71879491,tretinoin
L1000,L1000::midostaurin::HCC515::::24H::10uM::PBIOA015::O19::BRD-K13646352,midostaurin,brd-k13646352,midostaurin
L1000,L1000::clofarabine::HCC515::::24H::0.04uM::PBIOA015::I18::BRD-K34022604,clofarabine,brd-k34022604,clofarabine
L1000,L1000::BRD-K99006945::HCC515::::24H::1.11uM::PBIOA015::E09::BRD-K99006945,BRD-K99006945,brd-k99006945,brd-k99006945
L1000,L1000::BRD-K03756038::HCC515::::24H::0.04uM::PBIOA015::D06::BRD-K03756038,BRD-K03756038,brd-k03756038,brd-k03756038
L1000,L1000::clofarabine::HCC515::::24H::1.11uM::PBIOA015::I15::BRD-K34022604,clofarabine,brd-k34022604,clofarabine
L1000,L1000::clofarabine::HCC515::::24H::3.33uM::PBIOA015::I14::BRD-K34022604,clofarabine,brd-k34022604,clofarabine
L1000,L1000::clofarabine::HCC515::::24H::0.37uM::PBIOA015::I16::BRD-K34022604,clofarabine,brd-k34022604,clofarabine
L1000,L1000::BRD-K53500355::HCC515::::24H::10uM::PBIOA015::B13::BRD-K53500355,BRD-K53500355,brd-k53500355,brd-k53500355
L1000,L1000::BRD-K28527676::HCC515::::24H::1.11uM::PBIOA015::P03::BRD-K28527676,BRD-K28527676,brd-k28527676,brd-k28527676
L1000,L1000::cytochalasin-b::HCC515::::24H::10uM::PBIOA015::I19::BRD-K26664453,cytochalasin-b,brd-k26664453,cytochalasin-b
L1000,L1000::vemurafenib::HCC515::::24H::3.33uM::PBIOA015::M02::BRD-K56343971,vemurafenib,brd-k56343971,vemurafenib
L1000,L1000::alsterpaullone::HCC515::::24H::3.33uM::PBIOA015::L08::BRD-K17516382,alsterpaullone,brd-k17516382,alsterpaullone
L1000,L1000::ciclopirox::HCC515::::24H::10uM::PBIOA015::N07::BRD-K13044802,ciclopirox,brd-k13044802,ciclopirox
L1000,L1000::vorinostat::HCC515::::24H::10uM::PBIOA015::O01::BRD-K81418486,vorinostat,brd-k81418486,vorinostat
L1000,L1000::BRD-K28527676::HCC515::::24H::0.04uM::PBIOA015::P06::BRD-K28527676,BRD-K28527676,brd-k28527676,brd-k28527676
L1000,L1000::midostaurin::HCC515::::24H::0.37uM::PBIOA015::O22::BRD-K13646352,midostaurin,brd-k13646352,midostaurin
L1000,L1000::R-428::HCC515::::24H::10uM::PBIOA015::J01::BRD-K14870255,R-428,brd-k14870255,r-428
L1000,L1000::vemurafenib::HCC515::::24H::10uM::PBIOA015::M01::BRD-K56343971,vemurafenib,brd-k56343971,vemurafenib
L1000,L1000::ketanserin::A549::::24H::10uM::REP.A019::N01::BRD-K49671696,ketanserin,brd-k49671696,ketanserin
L1000,L1000::TTNPB::A549::::24H::10uM::REP.A019::M07::BRD-K49685476,TTNPB,brd-k49685476,ttnpb
L1000,L1000::PF-04447943::A549::::24H::3.33uM::REP.A019::N20::BRD-K50031829,PF-04447943,brd-k50031829,pf-04447943
L1000,L1000::gimeracil::HA1E::::24H::0.03uM::REP.B003::N17::BRD-K35687421,gimeracil,brd-k35687421,gimeracil
L1000,L1000::vorinostat::HAP1.MAPK8::::24H::0.66uM::MOAR015::A10::BRD-K81418486,vorinostat,brd-k81418486,vorinostat
L1000,L1000::I-BET-762::HAP1.MAPK8::::24H::3.33uM::MOAR015::D09::BRD-K08109215,I-BET-762,brd-k08109215,i-bet-762
L1000,L1000::vorinostat::HAP1.MAPK8::::24H::3.33uM::MOAR015::A09::BRD-K81418486,vorinostat,brd-k81418486,vorinostat
L1000,L1000::I-BET-151::HAP1.MAPK8::::24H::3.33uM::MOAR015::M09::BRD-K36363294,I-BET-151,brd-k36363294,i-bet-151
L1000,L1000::dabrafenib::XC.P922::::24H::1.11uM::ASG003::H17::BRD-K09951645,dabrafenib,brd-k09951645,dabrafenib
L1000,L1000::alvocidib::XC.P922::::24H::10uM::ASG003::J19::BRD-K87909389,alvocidib,brd-k87909389,alvocidib
L1000,L1000::AZ-628::XC.P922::::24H::1.11uM::ASG003::J14::BRD-K05804044,AZ-628,brd-k05804044,az-628
L1000,L1000::panobinostat::XC.P922::::24H::10uM::ASG003::P01::BRD-K02130563,panobinostat,brd-k02130563,panobinostat
L1000,L1000::panobinostat::XC.P922::::24H::0.12uM::ASG003::P03::BRD-K02130563,panobinostat,brd-k02130563,panobinostat
L1000,L1000::palbociclib::XC.P922::::24H::1.11uM::ASG003::K17::BRD-K51313569,palbociclib,brd-k51313569,palbociclib
L1000,L1000::vemurafenib::XC.P922::::24H::10uM::ASG003::H07::BRD-K56343971,vemurafenib,brd-k56343971,vemurafenib
L1000,L1000::alvocidib::XC.P922::::24H::1.11uM::ASG003::J20::BRD-K87909389,alvocidib,brd-k87909389,alvocidib
L1000,L1000::BI-2536::XC.P922::::24H::1.11uM::ASG003::D05::BRD-K64890080,BI-2536,brd-k64890080,bi-2536
L1000,L1000::trametinib::XC.P922::::24H::1.11uM::ASG003::N17::BRD-K12343256,trametinib,brd-k12343256,trametinib
L1000,L1000::trametinib::XC.P922::::24H::0.12uM::ASG003::N18::BRD-K12343256,trametinib,brd-k12343256,trametinib
L1000,L1000::masitinib::XC.P922::::24H::10uM::ASG003::P22::BRD-K71035033,masitinib,brd-k71035033,masitinib
L1000,L1000::vorinostat::XC.P922::::24H::1.11uM::ASG003::F05::BRD-K81418486,vorinostat,brd-k81418486,vorinostat
L1000,L1000::panobinostat::XC.P922::::24H::1.11uM::ASG003::P02::BRD-K02130563,panobinostat,brd-k02130563,panobinostat
L1000,L1000::dasatinib::XC.P922::::24H::10uM::ASG003::N01::BRD-K49328571,dasatinib,brd-k49328571,dasatinib
L1000,L1000::dasatinib::XC.P922::::24H::1.11uM::ASG003::N02::BRD-K49328571,dasatinib,brd-k49328571,dasatinib
L1000,L1000::AZ-628::XC.P922::::24H::10uM::ASG003::J13::BRD-K05804044,AZ-628,brd-k05804044,az-628
L1000,L1000::RITA::XC.P922::::24H::10uM::ASG003::A22::BRD-K00317371,RITA,brd-k00317371,rita
L1000,L1000::RITA::XC.P922::::24H::1.11uM::ASG003::A23::BRD-K00317371,RITA,brd-k00317371,rita
L1000,L1000::raloxifene::XC.P922::::24H::10uM::ASG003::I13::BRD-K63828191,raloxifene,brd-k63828191,raloxifene
L1000,L1000::olaparib::XC.P922::::24H::10uM::ASG003::D07::BRD-K02113016,olaparib,brd-k02113016,olaparib
L1000,L1000::trametinib::XC.P922::::24H::10uM::ASG003::N16::BRD-K12343256,trametinib,brd-k12343256,trametinib
L1000,L1000::lapatinib::XC.P922::::24H::10uM::ASG003::O07::BRD-K19687926,lapatinib,brd-k19687926,lapatinib
L1000,L1000::PI-103::XC.P922::::24H::10uM::ASG003::F13::BRD-K67868012,PI-103,brd-k67868012,pi-103
L1000,L1000::palbociclib::XC.P922::::24H::10uM::ASG003::K16::BRD-K51313569,palbociclib,brd-k51313569,palbociclib
L1000,L1000::ABT-737::XC.P922::::24H::10uM::ASG003::L01::BRD-K56301217,ABT-737,brd-k56301217,abt-737
L1000,L1000::selumetinib::XC.P922::::24H::10uM::ASG003::E04::BRD-K57080016,selumetinib,brd-k57080016,selumetinib
L1000,L1000::ponatinib::XC.P922::::24H::1.11uM::ASG003::P14::BRD-K44227013,ponatinib,brd-k44227013,ponatinib
L1000,L1000::BI-2536::XC.P922::::24H::10uM::ASG003::D04::BRD-K64890080,BI-2536,brd-k64890080,bi-2536
L1000,L1000::nocodazole::XC.P922::::24H::10uM::ASG003::I01::BRD-K12539581,nocodazole,brd-k12539581,nocodazole
L1000,L1000::trifluoperazine::XC.P922::::24H::10uM::ASG003::P19::BRD-K89732114,trifluoperazine,brd-k89732114,trifluoperazine
L1000,L1000::vandetanib::XC.P922::::24H::10uM::ASG003::N22::BRD-K77625799,vandetanib,brd-k77625799,vandetanib
L1000,L1000::JNJ-7706621::XC.P922::::24H::10uM::ASG003::L22::BRD-K11636097,JNJ-7706621,brd-k11636097,jnj-7706621
L1000,L1000::erlotinib::XC.P922::::24H::10uM::ASG003::B16::BRD-K70401845,erlotinib,brd-k70401845,erlotinib
L1000,L1000::alvocidib::XC.P922::::24H::0.12uM::ASG003::J21::BRD-K87909389,alvocidib,brd-k87909389,alvocidib
L1000,L1000::vorinostat::XC.P922::::24H::10uM::ASG003::F04::BRD-K81418486,vorinostat,brd-k81418486,vorinostat
L1000,L1000::PF-04691502::YAPC::::24H::2.22uM::REP.B011::N07::BRD-K07310275,PF-04691502,brd-k07310275,pf-04691502
L1000,L1000::amlexanox::YAPC::::24H::2.22uM::REP.B009::E07::BRD-K29530284,amlexanox,brd-k29530284,amlexanox
L1000,L1000::KX-2391::YAPC::::24H::0.74uM::REP.B009::F20::BRD-K29968218,KX-2391,brd-k29968218,kx-2391
L1000,L1000::clofarabine::XC.L10::::24H::10uM::REP.A003::I19::BRD-K34022604,clofarabine,brd-k34022604,clofarabine
L1000,L1000::gimeracil::XC.L10::::24H::0.04uM::REP.A003::N18::BRD-K35687421,gimeracil,brd-k35687421,gimeracil
L1000,L1000::clofarabine::XC.L10::::24H::3.33uM::REP.A003::I20::BRD-K34022604,clofarabine,brd-k34022604,clofarabine
L1000,L1000::clofarabine::XC.L10::::24H::1.11uM::REP.A003::I21::BRD-K34022604,clofarabine,brd-k34022604,clofarabine
L1000,L1000::vanoxerine::XC.L10::::24H::10uM::REP.A003::F13::BRD-K32501161,vanoxerine,brd-k32501161,vanoxerine
L1000,L1000::liranaftate::XC.L10::::24H::10uM::REP.A003::N19::BRD-K35775715,liranaftate,brd-k35775715,liranaftate
L1000,L1000::clofarabine::XC.L10::::24H::0.37uM::REP.A003::I22::BRD-K34022604,clofarabine,brd-k34022604,clofarabine
L1000,L1000::CYT-387::A375::::24H::3.33uM::PBIOA021::C08::BRD-K87737963,CYT-387,brd-k87737963,cyt-387
L1000,L1000::BMS-536924::A375::::24H::4uM::PBIOA021::N02::BRD-K34581968,BMS-536924,brd-k34581968,bms-536924
L1000,L1000::BRD-K98596482::A375::::24H::0.125uM::PBIOA021::J11::BRD-K98596482,BRD-K98596482,brd-k98596482,brd-k98596482
L1000,L1000::GO-6976::A375::::24H::3.33uM::PBIOA021::D20::BRD-K59304176,GO-6976,brd-k59304176,go-6976
L1000,L1000::saracatinib::A375::::24H::10uM::PBIOA021::P01::BRD-K19540840,saracatinib,brd-k19540840,saracatinib
L1000,L1000::vorinostat::A375::::24H::10uM::PBIOA021::O01::BRD-K81418486,vorinostat,brd-k81418486,vorinostat
L1000,L1000::BMS-536924::A375::::24H::12uM::PBIOA021::N01::BRD-K34581968,BMS-536924,brd-k34581968,bms-536924
L1000,L1000::CYT-387::A375::::24H::1.11uM::PBIOA021::C09::BRD-K87737963,CYT-387,brd-k87737963,cyt-387
L1000,L1000::BMS-536924::A375::::24H::1.25uM::PBIOA021::N03::BRD-K34581968,BMS-536924,brd-k34581968,bms-536924
L1000,L1000::BRD-K40156405::A375::::24H::0.04uM::PBIOA021::E18::BRD-K40156405,BRD-K40156405,brd-k40156405,brd-k40156405
L1000,L1000::CYT-387::A375::::24H::10uM::PBIOA021::C07::BRD-K87737963,CYT-387,brd-k87737963,cyt-387
L1000,L1000::GO-6976::A375::::24H::10uM::PBIOA021::I01::BRD-K59304176,GO-6976,brd-k59304176,go-6976
L1000,L1000::GDC-0199::THP1::::24H::2.22uM::REP.B017::G01::BRD-K62391742,GDC-0199,brd-k62391742,gdc-0199
L1000,L1000::lodoxamide::THP1::::24H::0.74uM::REP.B017::K14::BRD-K66937583,lodoxamide,brd-k66937583,lodoxamide
L1000,L1000::citalopram::THP1::::24H::0.03uM::REP.B017::C17::BRD-A47598013,citalopram,brd-a47598013,citalopram
L1000,L1000::sulfafurazole::THP1::::24H::2.22uM::REP.B017::B13::BRD-K50859149,sulfafurazole,brd-k50859149,sulfafurazole
L1000,L1000::lodoxamide::THP1::::24H::0.25uM::REP.B017::K15::BRD-K66937583,lodoxamide,brd-k66937583,lodoxamide
L1000,L1000::dasatinib::MDAMB231::::24H::2.22uM::REP.B019::L13::BRD-K49328571,dasatinib,brd-k49328571,dasatinib
L1000,L1000::dasatinib::MDAMB231::::24H::0.74uM::REP.B019::L14::BRD-K49328571,dasatinib,brd-k49328571,dasatinib
L1000,L1000::piclamilast::MDAMB231::::24H::0.74uM::REP.B019::G20::BRD-K47642186,piclamilast,brd-k47642186,piclamilast
L1000,L1000::dasatinib::MDAMB231::::24H::0.25uM::REP.B019::L15::BRD-K49328571,dasatinib,brd-k49328571,dasatinib
L1000,L1000::IKK-2-inhibitor-V::PC3::::24H::0.37uM::REP.A024::C16::BRD-K74305673,IKK-2-inhibitor-V,brd-k74305673,ikk-2-inhibitor-v
L1000,L1000::nimesulide::PC3::::24H::0.37uM::REP.A024::J04::BRD-K76775527,nimesulide,brd-k76775527,nimesulide
L1000,L1000::LY-2090314::PC3::::24H::10uM::REP.A024::L13::BRD-K78055238,LY-2090314,brd-k78055238,ly-2090314
L1000,L1000::IKK-2-inhibitor-V::PC3::::24H::0.125uM::REP.A024::C17::BRD-K74305673,IKK-2-inhibitor-V,brd-k74305673,ikk-2-inhibitor-v
L1000,L1000::LY-2090314::PC3::::24H::0.37uM::REP.A024::L16::BRD-K78055238,LY-2090314,brd-k78055238,ly-2090314
L1000,L1000::tazarotene::PC3::::24H::10uM::REP.A024::I13::BRD-K76841105,tazarotene,brd-k76841105,tazarotene
L1000,L1000::LY-2090314::PC3::::24H::1.11uM::REP.A024::L15::BRD-K78055238,LY-2090314,brd-k78055238,ly-2090314
L1000,L1000::LY-2090314::PC3::::24H::3.33uM::REP.A024::L14::BRD-K78055238,LY-2090314,brd-k78055238,ly-2090314
L1000,L1000::LY-2090314::PC3::::24H::0.125uM::REP.A024::L17::BRD-K78055238,LY-2090314,brd-k78055238,ly-2090314
L1000,L1000::enzastaurin::PC3::::24H::1.11uM::REP.A024::P03::BRD-K79404599,enzastaurin,brd-k79404599,enzastaurin
L1000,L1000::enzastaurin::PC3::::24H::10uM::REP.A024::P01::BRD-K79404599,enzastaurin,brd-k79404599,enzastaurin
L1000,L1000::LY-2090314::PC3::::24H::0.04uM::REP.A024::L18::BRD-K78055238,LY-2090314,brd-k78055238,ly-2090314
L1000,L1000::cyclizine::PC3::::24H::0.04uM::REP.A024::P12::BRD-K79501723,cyclizine,brd-k79501723,cyclizine
L1000,L1000::IKK-2-inhibitor-V::PC3::::24H::3.33uM::REP.A024::C14::BRD-K74305673,IKK-2-inhibitor-V,brd-k74305673,ikk-2-inhibitor-v
L1000,L1000::IKK-2-inhibitor-V::PC3::::24H::1.11uM::REP.A024::C15::BRD-K74305673,IKK-2-inhibitor-V,brd-k74305673,ikk-2-inhibitor-v
L1000,L1000::IKK-2-inhibitor-V::PC3::::24H::10uM::REP.A024::C13::BRD-K74305673,IKK-2-inhibitor-V,brd-k74305673,ikk-2-inhibitor-v
L1000,L1000::enzastaurin::PC3::::24H::3.33uM::REP.A024::P02::BRD-K79404599,enzastaurin,brd-k79404599,enzastaurin
L1000,L1000::doramapimod::PC3::::24H::3.33uM::REP.A024::C02::BRD-K74065929,doramapimod,brd-k74065929,doramapimod
L1000,L1000::fluspirilene::PC3::::24H::10uM::REP.A024::L07::BRD-K77947974,fluspirilene,brd-k77947974,fluspirilene
L1000,L1000::BI-2536::PC3::::24H::1.11uM::LJP006::D15::BRD-K64890080,BI-2536,brd-k64890080,bi-2536
L1000,L1000::BI-2536::PC3::::24H::0.04uM::LJP006::D18::BRD-K64890080,BI-2536,brd-k64890080,bi-2536
L1000,L1000::dasatinib::PC3::::24H::1.11uM::LJP006::I03::BRD-K49328571,dasatinib,brd-k49328571,dasatinib
L1000,L1000::dasatinib::PC3::::24H::10uM::LJP006::I01::BRD-K49328571,dasatinib,brd-k49328571,dasatinib
L1000,L1000::NVP-TAE684::PC3::::24H::10uM::LJP006::K13::BRD-K50140147,NVP-TAE684,brd-k50140147,nvp-tae684
L1000,L1000::dasatinib::PC3::::24H::0.37uM::LJP006::I04::BRD-K49328571,dasatinib,brd-k49328571,dasatinib
L1000,L1000::CGP-60474::PC3::::24H::10uM::LJP006::G01::BRD-K79090631,CGP-60474,brd-k79090631,cgp-60474
L1000,L1000::BI-2536::PC3::::24H::0.12uM::LJP006::D17::BRD-K64890080,BI-2536,brd-k64890080,bi-2536
L1000,L1000::AZD-7762::PC3::::24H::10uM::LJP006::L01::BRD-K46056750,AZD-7762,brd-k46056750,azd-7762
L1000,L1000::Y-39983::PC3::::24H::1.11uM::LJP006::P03::BRD-K56751279,Y-39983,brd-k56751279,y-39983
L1000,L1000::CGP-60474::PC3::::24H::0.37uM::LJP006::G04::BRD-K79090631,CGP-60474,brd-k79090631,cgp-60474
L1000,L1000::BI-2536::PC3::::24H::10uM::LJP006::D13::BRD-K64890080,BI-2536,brd-k64890080,bi-2536
L1000,L1000::palbociclib::PC3::::24H::10uM::LJP006::E13::BRD-K51313569,palbociclib,brd-k51313569,palbociclib
L1000,L1000::BI-2536::PC3::::24H::3.33uM::LJP006::D14::BRD-K64890080,BI-2536,brd-k64890080,bi-2536
L1000,L1000::AS-605240::PC3::::24H::0.37uM::LJP006::O10::BRD-K41895714,AS-605240,brd-k41895714,as-605240
L1000,L1000::MK-2206::PC3::::24H::10uM::LJP006::F01::BRD-K68065987,MK-2206,brd-k68065987,mk-2206
L1000,L1000::PD-173074::PC3::::24H::0.04uM::LJP006::I12::BRD-K97764662,PD-173074,brd-k97764662,pd-173074
L1000,L1000::alvocidib::PC3::::24H::10uM::LJP006::A13::BRD-K87909389,alvocidib,brd-k87909389,alvocidib
L1000,L1000::Y-39983::PC3::::24H::10uM::LJP006::P01::BRD-K56751279,Y-39983,brd-k56751279,y-39983
L1000,L1000::BI-2536::PC3::::24H::0.37uM::LJP006::D16::BRD-K64890080,BI-2536,brd-k64890080,bi-2536
L1000,L1000::CGP-60474::PC3::::24H::1.11uM::LJP006::G03::BRD-K79090631,CGP-60474,brd-k79090631,cgp-60474
L1000,L1000::colchicine::HUVEC.A::::24H::0.08uM::REP.B012::A22::BRD-K00259736,colchicine,brd-k00259736,colchicine
L1000,L1000::colchicine::HUVEC.A::::24H::2.22uM::REP.B012::A19::BRD-K00259736,colchicine,brd-k00259736,colchicine
L1000,L1000::colchicine::HUVEC.A::::24H::0.25uM::REP.B012::A21::BRD-K00259736,colchicine,brd-k00259736,colchicine
L1000,L1000::foretinib::HUVEC.A::::24H::2.22uM::REP.B012::P19::BRD-K03449891,foretinib,brd-k03449891,foretinib
L1000,L1000::celecoxib::HUVEC.A::::24H::0.74uM::REP.B012::L14::BRD-K02637541,celecoxib,brd-k02637541,celecoxib
L1000,L1000::phorbol-myristate-acetate::MDAMB231::::24H::1.67uM::REP.B022::D13::BRD-K68552125,phorbol-myristate-acetate,brd-k68552125,phorbol-myristate-acetate
L1000,L1000::zafirlukast::MDAMB231::::24H::0.08uM::REP.B022::J04::BRD-K71289571,zafirlukast,brd-k71289571,zafirlukast
L1000,L1000::phorbol-myristate-acetate::MDAMB231::::24H::0.07uM::REP.B022::D16::BRD-K68552125,phorbol-myristate-acetate,brd-k68552125,phorbol-myristate-acetate
L1000,L1000::phorbol-myristate-acetate::MDAMB231::::24H::0.66uM::REP.B022::D14::BRD-K68552125,phorbol-myristate-acetate,brd-k68552125,phorbol-myristate-acetate
L1000,L1000::phorbol-myristate-acetate::MDAMB231::::24H::0.2uM::REP.B022::D15::BRD-K68552125,phorbol-myristate-acetate,brd-k68552125,phorbol-myristate-acetate
L1000,L1000::TG-101209::A549::::24H::10uM::PCL001::A19::BRD-K39841531,TG-101209,brd-k39841531,tg-101209
L1000,L1000::BRD-K11413513::A549::::24H::10uM::PCL001::K01::BRD-K11413513,BRD-K11413513,brd-k11413513,brd-k11413513
L1000,L1000::BRD-K84633118::A549::::24H::10uM::PCL001::F01::BRD-K84633118,BRD-K84633118,brd-k84633118,brd-k84633118
L1000,L1000::vorinostat::A549::::24H::10uM::PCL001::A03::BRD-K81418486,vorinostat,brd-k81418486,vorinostat
L1000,L1000::BRD-K59023263::A549::::24H::10uM::PCL001::I01::BRD-K59023263,BRD-K59023263,brd-k59023263,brd-k59023263
L1000,L1000::BRD-K93425199::A549::::24H::10uM::PCL001::J01::BRD-K93425199,BRD-K93425199,brd-k93425199,brd-k93425199
L1000,L1000::AZD-7762::HT29::::24H::3.33uM::PBIOA016::I08::BRD-K86525559,AZD-7762,brd-k86525559,azd-7762
L1000,L1000::AZD-7762::HT29::::24H::1.11uM::PBIOA016::I09::BRD-K86525559,AZD-7762,brd-k86525559,azd-7762
L1000,L1000::trifluoperazine::HT29::::24H::10uM::PBIOA016::B07::BRD-K89732114,trifluoperazine,brd-k89732114,trifluoperazine
L1000,L1000::AZD-7762::HT29::::24H::10uM::PBIOA016::I07::BRD-K86525559,AZD-7762,brd-k86525559,azd-7762
L1000,L1000::vorinostat::HT29::::24H::10uM::PBIOA016::O01::BRD-K81418486,vorinostat,brd-k81418486,vorinostat
L1000,L1000::BRD-K87550320::HT29::::24H::10uM::PBIOA016::G01::BRD-K87550320,BRD-K87550320,brd-k87550320,brd-k87550320
L1000,L1000::zardaverine::HELA::::24H::0.74uM::REP.B013::A20::BRD-K37561857,zardaverine,brd-k37561857,zardaverine
L1000,L1000::zardaverine::HELA::::24H::0.25uM::REP.B013::A21::BRD-K37561857,zardaverine,brd-k37561857,zardaverine
L1000,L1000::zardaverine::HELA::::24H::2.22uM::REP.B013::A19::BRD-K37561857,zardaverine,brd-k37561857,zardaverine
L1000,L1000::zardaverine::HELA::::24H::0.08uM::REP.B013::A22::BRD-K37561857,zardaverine,brd-k37561857,zardaverine
L1000,L1000::zardaverine::HELA::::24H::0.03uM::REP.B013::A23::BRD-K37561857,zardaverine,brd-k37561857,zardaverine
L1000,L1000::brequinar::HT29::::24H::2.22uM::REP.B028::K19::BRD-K96123349,brequinar,brd-k96123349,brequinar
L1000,L1000::brequinar::HT29::::24H::0.74uM::REP.B028::K20::BRD-K96123349,brequinar,brd-k96123349,brequinar
L1000,L1000::vorinostat::HAP1.CDK4::::24H::0.66uM::MOAR015::A04::BRD-K81418486,vorinostat,brd-k81418486,vorinostat
L1000,L1000::I-BET-151::HAP1.CDK4::::24H::0.66uM::MOAR015::M04::BRD-K36363294,I-BET-151,brd-k36363294,i-bet-151
L1000,L1000::vorinostat::HAP1.CDK4::::24H::3.33uM::MOAR015::A03::BRD-K81418486,vorinostat,brd-k81418486,vorinostat
L1000,L1000::I-BET-762::HAP1.CDK4::::24H::3.33uM::MOAR015::D03::BRD-K08109215,I-BET-762,brd-k08109215,i-bet-762
L1000,L1000::I-BET-151::HAP1.CDK4::::24H::3.33uM::MOAR015::M03::BRD-K36363294,I-BET-151,brd-k36363294,i-bet-151
L1000,L1000::I-BET-762::HAP1.CDK4::::24H::0.66uM::MOAR015::D04::BRD-K08109215,I-BET-762,brd-k08109215,i-bet-762
L1000,L1000::celecoxib::A549::::24H::10uM::PBIOA013::L13::BRD-K02637541,celecoxib,brd-k02637541,celecoxib
L1000,L1000::vorinostat::A549::::24H::10uM::PBIOA013::O01::BRD-K81418486,vorinostat,brd-k81418486,vorinostat
L1000,L1000::BRD-K11675166::A549::::24H::0.125uM::PBIOA013::I17::BRD-K11675166,BRD-K11675166,brd-k11675166,brd-k11675166
L1000,L1000::MK-2206::MDAMB231::::24H::0.04uM::REP.A023::A24::BRD-K68065987,MK-2206,brd-k68065987,mk-2206
L1000,L1000::podophyllotoxin::MDAMB231::::24H::0.125uM::REP.A020::N05::BRD-K47869605,podophyllotoxin,brd-k47869605,podophyllotoxin
L1000,L1000::cediranib::MDAMB231::::24H::10uM::REP.A020::F19::BRD-K86930074,cediranib,brd-k86930074,cediranib
L1000,L1000::cytochalasin-b::MDAMB231::::24H::4uM::REP.A020::M01::BRD-K47000838,cytochalasin-b,brd-k47000838,cytochalasin-b
L1000,L1000::podophyllotoxin::MDAMB231::::24H::1.11uM::REP.A020::N03::BRD-K47869605,podophyllotoxin,brd-k47869605,podophyllotoxin
L1000,L1000::sasapyrine::MDAMB231::::24H::0.04uM::REP.A020::O12::BRD-K48892307,sasapyrine,brd-k48892307,sasapyrine
L1000,L1000::podophyllotoxin::MDAMB231::::24H::10uM::REP.A020::N01::BRD-K47869605,podophyllotoxin,brd-k47869605,podophyllotoxin
L1000,L1000::podophyllotoxin::MDAMB231::::24H::3.33uM::REP.A020::N02::BRD-K47869605,podophyllotoxin,brd-k47869605,podophyllotoxin
L1000,L1000::podophyllotoxin::MDAMB231::::24H::0.37uM::REP.A020::N04::BRD-K47869605,podophyllotoxin,brd-k47869605,podophyllotoxin
L1000,L1000::BI-2536::MCF10A::::24H::2.22uM::REP.B018::I19::BRD-K64890080,BI-2536,brd-k64890080,bi-2536
L1000,L1000::BI-2536::MCF10A::::24H::0.08uM::REP.B018::I22::BRD-K64890080,BI-2536,brd-k64890080,bi-2536
L1000,L1000::RG-7388::MCF10A::::24H::2.22uM::REP.B018::C07::BRD-K62627508,RG-7388,brd-k62627508,rg-7388
L1000,L1000::RG-7388::MCF10A::::24H::0.74uM::REP.B018::C08::BRD-K62627508,RG-7388,brd-k62627508,rg-7388
L1000,L1000::BI-2536::MCF10A::::24H::0.74uM::REP.B018::I20::BRD-K64890080,BI-2536,brd-k64890080,bi-2536
L1000,L1000::BI-2536::MCF10A::::24H::0.25uM::REP.B018::I21::BRD-K64890080,BI-2536,brd-k64890080,bi-2536
L1000,L1000::cordycepin::MCF10A::::24H::2.22uM::REP.B018::L07::BRD-K65428967,cordycepin,brd-k65428967,cordycepin
L1000,L1000::ifosfamide::MCF10A::::24H::0.03uM::REP.B018::P05::BRD-A67097164,ifosfamide,brd-a67097164,ifosfamide
L1000,L1000::MK-3207::MCF10A::::24H::0.25uM::REP.B018::N21::BRD-K66911501,MK-3207,brd-k66911501,mk-3207
L1000,L1000::gefitinib::MCF10A::::24H::0.74uM::REP.B018::H14::BRD-K64052750,gefitinib,brd-k64052750,gefitinib
L1000,L1000::apixaban::MCF10A::::24H::0.25uM::REP.B018::P09::BRD-K67121414,apixaban,brd-k67121414,apixaban
L1000,L1000::gefitinib::MCF10A::::24H::2.22uM::REP.B018::H13::BRD-K64052750,gefitinib,brd-k64052750,gefitinib
L1000,L1000::vorinostat::HA1E::::24H::4uM::DOSVAL002::G15::BRD-K81418486,vorinostat,brd-k81418486,vorinostat
L1000,L1000::vorinostat::HA1E::::24H::10uM::DOSVAL002::G14::BRD-K81418486,vorinostat,brd-k81418486,vorinostat
L1000,L1000::vorinostat::HA1E::::24H::20uM::DOSVAL002::G13::BRD-K81418486,vorinostat,brd-k81418486,vorinostat
L1000,L1000::vorinostat::A375::::24H::4uM::DOSVAL003::G15::BRD-K81418486,vorinostat,brd-k81418486,vorinostat
L1000,L1000::vorinostat::A375::::24H::20uM::DOSVAL003::G13::BRD-K81418486,vorinostat,brd-k81418486,vorinostat
L1000,L1000::vorinostat::A375::::24H::10uM::DOSVAL003::G14::BRD-K81418486,vorinostat,brd-k81418486,vorinostat
L1000,L1000::IKK-2-inhibitor-V::HAP1.ITGA4::::24H::3.33uM::MOAR014::K07::BRD-K74305673,IKK-2-inhibitor-V,brd-k74305673,ikk-2-inhibitor-v
L1000,L1000::bromosporine::HAP1.ITGA4::::24H::3.33uM::MOAR014::F07::BRD-K44665581,bromosporine,brd-k44665581,bromosporine
L1000,L1000::PD-184352::HT29::::24H::3.33uM::REP.A011::E02::BRD-K05104363,PD-184352,brd-k05104363,pd-184352
L1000,L1000::PF-04691502::HT29::::24H::10uM::REP.A011::N07::BRD-K07310275,PF-04691502,brd-k07310275,pf-04691502
L1000,L1000::AZ-628::HT29::::24H::10uM::REP.A011::H07::BRD-K05804044,AZ-628,brd-k05804044,az-628
L1000,L1000::PF-04691502::HT29::::24H::3.33uM::REP.A011::N08::BRD-K07310275,PF-04691502,brd-k07310275,pf-04691502
L1000,L1000::AZ-628::HT29::::24H::0.37uM::REP.A011::H10::BRD-K05804044,AZ-628,brd-k05804044,az-628
L1000,L1000::PF-04691502::HT29::::24H::1.11uM::REP.A011::N09::BRD-K07310275,PF-04691502,brd-k07310275,pf-04691502
L1000,L1000::AZ-628::HT29::::24H::3.33uM::REP.A011::H08::BRD-K05804044,AZ-628,brd-k05804044,az-628
L1000,L1000::AGI-6780::HT29::::24H::10uM::REP.A011::C07::BRD-K04691817,AGI-6780,brd-k04691817,agi-6780
L1000,L1000::AZ-628::HT29::::24H::1.11uM::REP.A011::H09::BRD-K05804044,AZ-628,brd-k05804044,az-628
L1000,L1000::PD-184352::HT29::::24H::10uM::REP.A011::E01::BRD-K05104363,PD-184352,brd-k05104363,pd-184352
L1000,L1000::BRD-K93830491::HA1E::::24H::20uM::DOSVAL004::G04::BRD-K93830491,BRD-K93830491,brd-k93830491,brd-k93830491
L1000,L1000::vorinostat::HA1E::::24H::4uM::DOSVAL004::G15::BRD-K81418486,vorinostat,brd-k81418486,vorinostat
L1000,L1000::BRD-K93830491::HA1E::::24H::10uM::DOSVAL004::G05::BRD-K93830491,BRD-K93830491,brd-k93830491,brd-k93830491
L1000,L1000::BRD-K93830491::HA1E::::24H::4uM::DOSVAL004::G06::BRD-K93830491,BRD-K93830491,brd-k93830491,brd-k93830491
L1000,L1000::vorinostat::HA1E::::24H::10uM::DOSVAL004::G14::BRD-K81418486,vorinostat,brd-k81418486,vorinostat
L1000,L1000::vorinostat::HA1E::::24H::20uM::DOSVAL004::G13::BRD-K81418486,vorinostat,brd-k81418486,vorinostat
L1000,L1000::torasemide::HA1E::::24H::0.08uM::REP.B001::O22::BRD-K30480208,torasemide,brd-k30480208,torasemide
L1000,L1000::aminoglutethimide::HA1E::::24H::0.25uM::REP.B001::B15::BRD-A25234499,aminoglutethimide,brd-a25234499,aminoglutethimide
L1000,L1000::BMS-536924::HEPG2::::24H::0.37uM::PBIOA021::N04::BRD-K34581968,BMS-536924,brd-k34581968,bms-536924
L1000,L1000::BRD-K28456706::HEPG2::::24H::10uM::PBIOA021::E01::BRD-K28456706,BRD-K28456706,brd-k28456706,brd-k28456706
L1000,L1000::CYT-387::HEPG2::::24H::10uM::PBIOA021::C07::BRD-K87737963,CYT-387,brd-k87737963,cyt-387
L1000,L1000::GO-6976::HEPG2::::24H::1.11uM::PBIOA021::D21::BRD-K59304176,GO-6976,brd-k59304176,go-6976
L1000,L1000::saracatinib::HEPG2::::24H::10uM::PBIOA021::P01::BRD-K19540840,saracatinib,brd-k19540840,saracatinib
L1000,L1000::GO-6976::HEPG2::::24H::1.11uM::PBIOA021::I03::BRD-K59304176,GO-6976,brd-k59304176,go-6976
L1000,L1000::GO-6976::HEPG2::::24H::10uM::PBIOA021::I01::BRD-K59304176,GO-6976,brd-k59304176,go-6976
L1000,L1000::BRD-K47503321::HEPG2::::24H::10uM::PBIOA021::C13::BRD-K47503321,BRD-K47503321,brd-k47503321,brd-k47503321
L1000,L1000::BMS-536924::HEPG2::::24H::1.25uM::PBIOA021::N03::BRD-K34581968,BMS-536924,brd-k34581968,bms-536924
L1000,L1000::CYT-387::HEPG2::::24H::3.33uM::PBIOA021::C08::BRD-K87737963,CYT-387,brd-k87737963,cyt-387
L1000,L1000::BRD-K33563922::HEPG2::::24H::10uM::PBIOA021::O07::BRD-K33563922,BRD-K33563922,brd-k33563922,brd-k33563922
L1000,L1000::saracatinib::HEPG2::::24H::0.125uM::PBIOA021::P05::BRD-K19540840,saracatinib,brd-k19540840,saracatinib
L1000,L1000::BMS-536924::HEPG2::::24H::4uM::PBIOA021::N02::BRD-K34581968,BMS-536924,brd-k34581968,bms-536924
L1000,L1000::BRD-K18269444::HEPG2::::24H::0.125uM::PBIOA021::B17::BRD-K18269444,BRD-K18269444,brd-k18269444,brd-k18269444
L1000,L1000::GO-6976::HEPG2::::24H::3.33uM::PBIOA021::D20::BRD-K59304176,GO-6976,brd-k59304176,go-6976
L1000,L1000::BRD-K41723848::HEPG2::::24H::10uM::PBIOA021::C01::BRD-K41723848,BRD-K41723848,brd-k41723848,brd-k41723848
L1000,L1000::BMS-536924::HEPG2::::24H::12uM::PBIOA021::N01::BRD-K34581968,BMS-536924,brd-k34581968,bms-536924
L1000,L1000::GO-6976::HEPG2::::24H::10uM::PBIOA021::D19::BRD-K59304176,GO-6976,brd-k59304176,go-6976
L1000,L1000::vorinostat::HEPG2::::24H::10uM::PBIOA021::O01::BRD-K81418486,vorinostat,brd-k81418486,vorinostat
L1000,L1000::BRD-K33563922::HEPG2::::24H::0.04uM::PBIOA021::O12::BRD-K33563922,BRD-K33563922,brd-k33563922,brd-k33563922
L1000,L1000::BRD-K40156405::HEPG2::::24H::10uM::PBIOA021::E13::BRD-K40156405,BRD-K40156405,brd-k40156405,brd-k40156405
L1000,L1000::LGX-818::HCT116.TP53.HR::::24H::1.11uM::ISO002::N09::BRD-A56085258,LGX-818,brd-a56085258,lgx-818
L1000,L1000::BRD-K38024286::HCT116.TP53.HR::::24H::0.125uM::ISO002::J05::BRD-K38024286,BRD-K38024286,brd-k38024286,brd-k38024286
L1000,L1000::TG-101348::HCT116.TP53.HR::::24H::0.125uM::ISO002::N17::BRD-K12502280,TG-101348,brd-k12502280,tg-101348
L1000,L1000::SPP-301::HCT116.TP53.HR::::24H::10uM::ISO002::K01::BRD-K19203487,SPP-301,brd-k19203487,spp-301
L1000,L1000::LGX-818::HCT116.TP53.HR::::24H::0.04uM::ISO002::N12::BRD-A56085258,LGX-818,brd-a56085258,lgx-818
L1000,L1000::TG-101348::HCT116.TP53.HR::::24H::0.37uM::ISO002::N16::BRD-K12502280,TG-101348,brd-k12502280,tg-101348
L1000,L1000::TG-101348::HCT116.TP53.HR::::24H::3.33uM::ISO002::N14::BRD-K12502280,TG-101348,brd-k12502280,tg-101348
L1000,L1000::endo-IWR-1::HCT116.TP53.HR::::24H::3.33uM::ISO002::M14::BRD-K61314889,endo-IWR-1,brd-k61314889,endo-iwr-1
L1000,L1000::BRD-K47438704::HCT116.TP53.HR::::24H::0.04uM::ISO002::K18::BRD-K47438704,BRD-K47438704,brd-k47438704,brd-k47438704
L1000,L1000::BRD-K70739429::HCT116.TP53.HR::::24H::3.33uM::ISO002::I08::BRD-K70739429,BRD-K70739429,brd-k70739429,brd-k70739429
L1000,L1000::BRD-K27859162::HCT116.TP53.HR::::24H::1.11uM::ISO002::B21::BRD-K27859162,BRD-K27859162,brd-k27859162,brd-k27859162
L1000,L1000::TG-101348::HCT116.TP53.HR::::24H::1.11uM::ISO002::N15::BRD-K12502280,TG-101348,brd-k12502280,tg-101348
L1000,L1000::BRD-K27859162::HCT116.TP53.HR::::24H::0.04uM::ISO002::B24::BRD-K27859162,BRD-K27859162,brd-k27859162,brd-k27859162
L1000,L1000::BRD-K47438704::HCT116.TP53.HR::::24H::0.37uM::ISO002::K16::BRD-K47438704,BRD-K47438704,brd-k47438704,brd-k47438704
L1000,L1000::BRD-K70739429::HCT116.TP53.HR::::24H::0.04uM::ISO002::I12::BRD-K70739429,BRD-K70739429,brd-k70739429,brd-k70739429
L1000,L1000::SPP-301::HCT116.TP53.HR::::24H::0.125uM::ISO002::K05::BRD-K19203487,SPP-301,brd-k19203487,spp-301
L1000,L1000::BRD-K38024286::HCT116.TP53.HR::::24H::3.33uM::ISO002::J02::BRD-K38024286,BRD-K38024286,brd-k38024286,brd-k38024286
L1000,L1000::BRD-K38024286::HCT116.TP53.HR::::24H::0.37uM::ISO002::J04::BRD-K38024286,BRD-K38024286,brd-k38024286,brd-k38024286
L1000,L1000::BRD-K27859162::HCT116.TP53.HR::::24H::10uM::ISO002::B19::BRD-K27859162,BRD-K27859162,brd-k27859162,brd-k27859162
L1000,L1000::LGX-818::HCT116.TP53.HR::::24H::3.33uM::ISO002::N08::BRD-A56085258,LGX-818,brd-a56085258,lgx-818
L1000,L1000::BRD-K70739429::HCT116.TP53.HR::::24H::1.11uM::ISO002::I09::BRD-K70739429,BRD-K70739429,brd-k70739429,brd-k70739429
L1000,L1000::BRD-K78306794::HCT116.TP53.HR::::24H::3.33uM::ISO002::L14::BRD-K78306794,BRD-K78306794,brd-k78306794,brd-k78306794
L1000,L1000::LGX-818::HCT116.TP53.HR::::24H::0.37uM::ISO002::N10::BRD-A56085258,LGX-818,brd-a56085258,lgx-818
L1000,L1000::LGX-818::HCT116.TP53.HR::::24H::0.125uM::ISO002::N11::BRD-A56085258,LGX-818,brd-a56085258,lgx-818
L1000,L1000::endo-IWR-1::HCT116.TP53.HR::::24H::10uM::ISO002::M13::BRD-K61314889,endo-IWR-1,brd-k61314889,endo-iwr-1
L1000,L1000::BRD-K47438704::HCT116.TP53.HR::::24H::3.33uM::ISO002::K14::BRD-K47438704,BRD-K47438704,brd-k47438704,brd-k47438704
L1000,L1000::BRD-K78306794::HCT116.TP53.HR::::24H::10uM::ISO002::L13::BRD-K78306794,BRD-K78306794,brd-k78306794,brd-k78306794
L1000,L1000::BRD-K38024286::HCT116.TP53.HR::::24H::10uM::ISO002::J01::BRD-K38024286,BRD-K38024286,brd-k38024286,brd-k38024286
L1000,L1000::BRD-K47438704::HCT116.TP53.HR::::24H::0.125uM::ISO002::K17::BRD-K47438704,BRD-K47438704,brd-k47438704,brd-k47438704
L1000,L1000::BRD-K47438704::HCT116.TP53.HR::::24H::1.11uM::ISO002::K15::BRD-K47438704,BRD-K47438704,brd-k47438704,brd-k47438704
L1000,L1000::TG-101348::HCT116.TP53.HR::::24H::10uM::ISO002::N13::BRD-K12502280,TG-101348,brd-k12502280,tg-101348
L1000,L1000::BRD-K70739429::HCT116.TP53.HR::::24H::10uM::ISO002::I07::BRD-K70739429,BRD-K70739429,brd-k70739429,brd-k70739429
L1000,L1000::BRD-K27859162::HCT116.TP53.HR::::24H::3.33uM::ISO002::B20::BRD-K27859162,BRD-K27859162,brd-k27859162,brd-k27859162
L1000,L1000::BRD-K38024286::HCT116.TP53.HR::::24H::1.11uM::ISO002::J03::BRD-K38024286,BRD-K38024286,brd-k38024286,brd-k38024286
L1000,L1000::BRD-K38024286::HCT116.TP53.HR::::24H::0.04uM::ISO002::J06::BRD-K38024286,BRD-K38024286,brd-k38024286,brd-k38024286
L1000,L1000::BRD-K27859162::HCT116.TP53.HR::::24H::0.37uM::ISO002::B22::BRD-K27859162,BRD-K27859162,brd-k27859162,brd-k27859162
L1000,L1000::LGX-818::HCT116.TP53.HR::::24H::10uM::ISO002::N07::BRD-A56085258,LGX-818,brd-a56085258,lgx-818
L1000,L1000::BRD-K14929173::HCT116.TP53.HR::::24H::10uM::ISO002::C07::BRD-K14929173,BRD-K14929173,brd-k14929173,brd-k14929173
L1000,L1000::BRD-K47438704::HCT116.TP53.HR::::24H::10uM::ISO002::K13::BRD-K47438704,BRD-K47438704,brd-k47438704,brd-k47438704
L1000,L1000::IKK-2-inhibitor-V::HAP1.TP53::::24H::3.33uM::MOAR014::K21::BRD-K74305673,IKK-2-inhibitor-V,brd-k74305673,ikk-2-inhibitor-v
L1000,L1000::masitinib::HAP1.TP53::::24H::3.33uM::MOAR014::N21::BRD-K71035033,masitinib,brd-k71035033,masitinib
L1000,L1000::bromosporine::HAP1.TP53::::24H::3.33uM::MOAR014::F21::BRD-K44665581,bromosporine,brd-k44665581,bromosporine
L1000,L1000::dasatinib::JURKAT::::24H::3.33uM::REP.A019::L14::BRD-K49328571,dasatinib,brd-k49328571,dasatinib
L1000,L1000::CC-930::JURKAT::::24H::3.33uM::REP.A019::J02::BRD-K48213016,CC-930,brd-k48213016,cc-930
L1000,L1000::BRD-K38246370::HCC515::::24H::4uM::DOSVAL004::H12::BRD-K38246370,BRD-K38246370,brd-k38246370,brd-k38246370
L1000,L1000::BRD-K93830491::HCC515::::24H::4uM::DOSVAL004::G06::BRD-K93830491,BRD-K93830491,brd-k93830491,brd-k93830491
L1000,L1000::vorinostat::HCC515::::24H::20uM::DOSVAL004::G13::BRD-K81418486,vorinostat,brd-k81418486,vorinostat
L1000,L1000::BRD-K93830491::HCC515::::24H::10uM::DOSVAL004::G05::BRD-K93830491,BRD-K93830491,brd-k93830491,brd-k93830491
L1000,L1000::vorinostat::HCC515::::24H::4uM::DOSVAL004::G15::BRD-K81418486,vorinostat,brd-k81418486,vorinostat
L1000,L1000::BRD-K93830491::HCC515::::24H::20uM::DOSVAL004::G04::BRD-K93830491,BRD-K93830491,brd-k93830491,brd-k93830491
L1000,L1000::vorinostat::HCC515::::24H::10uM::DOSVAL004::G14::BRD-K81418486,vorinostat,brd-k81418486,vorinostat
L1000,L1000::bosutinib::XC.L10::::24H::10uM::REP.A002::N19::BRD-K99964838,bosutinib,brd-k99964838,bosutinib
L1000,L1000::bosutinib::XC.L10::::24H::3.33uM::REP.A002::N20::BRD-K99964838,bosutinib,brd-k99964838,bosutinib
L1000,L1000::thioctic-acid::XC.L10::::24H::0.125uM::REP.A002::F05::BRD-A16347691,thioctic-acid,brd-a16347691,thioctic-acid
L1000,L1000::regorafenib::XC.L10::::24H::10uM::REP.A002::F19::BRD-K16730910,regorafenib,brd-k16730910,regorafenib
L1000,L1000::PRX-08066::XC.L10::::24H::10uM::REP.A002::H01::BRD-K16757695,PRX-08066,brd-k16757695,prx-08066
L1000,L1000::dasatinib::YAPC::::24H::0.74uM::REP.B019::L14::BRD-K49328571,dasatinib,brd-k49328571,dasatinib
L1000,L1000::CC-401::YAPC::::24H::0.08uM::REP.B019::D22::BRD-K45746021,CC-401,brd-k45746021,cc-401
L1000,L1000::dasatinib::YAPC::::24H::0.25uM::REP.B019::L15::BRD-K49328571,dasatinib,brd-k49328571,dasatinib
L1000,L1000::dasatinib::YAPC::::24H::2.22uM::REP.B019::L13::BRD-K49328571,dasatinib,brd-k49328571,dasatinib
L1000,L1000::SC-12267::MCF7::::24H::2.22uM::REP.B014::O07::BRD-K40797222,SC-12267,brd-k40797222,sc-12267
L1000,L1000::quiflapon::MCF7::::24H::0.03uM::REP.B014::M23::BRD-K39503511,quiflapon,brd-k39503511,quiflapon
L1000,L1000::chlorprothixene::MCF7::::24H::0.74uM::REP.B014::F14::BRD-K59058766,chlorprothixene,brd-k59058766,chlorprothixene
L1000,L1000::MLN-0128::CD34::::24H::10uM::LJP007::L07::BRD-K59317601,MLN-0128,brd-k59317601,mln-0128
L1000,L1000::dasatinib::CD34::::24H::1.11uM::LJP007::G15::BRD-K49328571,dasatinib,brd-k49328571,dasatinib
L1000,L1000::NVP-TAE226::CD34::::24H::3.33uM::LJP007::M14::BRD-K21025364,NVP-TAE226,brd-k21025364,nvp-tae226
L1000,L1000::CGP-60474::CD34::::24H::10uM::LJP007::C19::BRD-K79090631,CGP-60474,brd-k79090631,cgp-60474
L1000,L1000::CGP-60474::CD34::::24H::0.37uM::LJP007::C22::BRD-K79090631,CGP-60474,brd-k79090631,cgp-60474
L1000,L1000::bosutinib::CD34::::24H::10uM::LJP007::D19::BRD-K99964838,bosutinib,brd-k99964838,bosutinib
L1000,L1000::masitinib::CD34::::24H::10uM::LJP007::I13::BRD-K71035033,masitinib,brd-k71035033,masitinib
L1000,L1000::MLN-0128::CD34::::24H::0.12uM::LJP007::L11::BRD-K59317601,MLN-0128,brd-k59317601,mln-0128
L1000,L1000::TPCA-1::CD34::::24H::10uM::LJP007::A19::BRD-K51575138,TPCA-1,brd-k51575138,tpca-1
L1000,L1000::vandetanib::CD34::::24H::10uM::LJP007::P13::BRD-K77625799,vandetanib,brd-k77625799,vandetanib
L1000,L1000::doramapimod::CD34::::24H::0.37uM::LJP007::J22::BRD-K74065929,doramapimod,brd-k74065929,doramapimod
L1000,L1000::vorinostat::CD34::::24H::10uM::LJP007::A03::BRD-K81418486,vorinostat,brd-k81418486,vorinostat
L1000,L1000::MLN-0128::CD34::::24H::0.04uM::LJP007::L12::BRD-K59317601,MLN-0128,brd-k59317601,mln-0128
L1000,L1000::OTS-167::CD34::::24H::0.04uM::LJP007::O18::BRD-K53417444,OTS-167,brd-k53417444,ots-167
L1000,L1000::bosutinib::CD34::::24H::3.33uM::LJP007::D20::BRD-K99964838,bosutinib,brd-k99964838,bosutinib
L1000,L1000::PHA-767491::CD34::::24H::1.11uM::LJP007::J03::BRD-K50000283,PHA-767491,brd-k50000283,pha-767491
L1000,L1000::PHA-767491::CD34::::24H::3.33uM::LJP007::J02::BRD-K50000283,PHA-767491,brd-k50000283,pha-767491
L1000,L1000::OSI-930::CD34::::24H::10uM::LJP007::E07::BRD-K25340465,OSI-930,brd-k25340465,osi-930
L1000,L1000::MLN-0128::CD34::::24H::3.33uM::LJP007::L08::BRD-K59317601,MLN-0128,brd-k59317601,mln-0128
L1000,L1000::CGP-60474::CD34::::24H::1.11uM::LJP007::C21::BRD-K79090631,CGP-60474,brd-k79090631,cgp-60474
L1000,L1000::OTS-167::CD34::::24H::0.37uM::LJP007::O16::BRD-K53417444,OTS-167,brd-k53417444,ots-167
L1000,L1000::doramapimod::CD34::::24H::10uM::LJP007::J19::BRD-K74065929,doramapimod,brd-k74065929,doramapimod
L1000,L1000::sertindole::HT29::::24H::0.125uM::REP.A023::E23::BRD-K69116396,sertindole,brd-k69116396,sertindole
L1000,L1000::avasimibe::HT29::::24H::0.125uM::REP.A023::B11::BRD-K67901620,avasimibe,brd-k67901620,avasimibe
L1000,L1000::avasimibe::HT29::::24H::10uM::REP.A023::B07::BRD-K67901620,avasimibe,brd-k67901620,avasimibe
L1000,L1000::MK-2206::HT29::::24H::10uM::REP.A023::A19::BRD-K68065987,MK-2206,brd-k68065987,mk-2206
L1000,L1000::MK-2206::HT29::::24H::3.33uM::REP.A023::A20::BRD-K68065987,MK-2206,brd-k68065987,mk-2206
L1000,L1000::sertindole::HT29::::24H::10uM::REP.A023::E19::BRD-K69116396,sertindole,brd-k69116396,sertindole
L1000,L1000::MK-2206::HT29::::24H::0.04uM::REP.A023::A24::BRD-K68065987,MK-2206,brd-k68065987,mk-2206
L1000,L1000::ASA-404::HELA::::3H::0.04uM::REP.A001::G12::BRD-K27938825,ASA-404,brd-k27938825,asa-404
L1000,L1000::cyproheptadine::HELA::::3H::10uM::REP.A001::H13::BRD-K28143534,cyproheptadine,brd-k28143534,cyproheptadine
L1000,L1000::BRD-K69101489::A375::::24H::4uM::DOSVAL001::H23::BRD-K69101489,BRD-K69101489,brd-k69101489,brd-k69101489
L1000,L1000::alvocidib::A375::::24H::4uM::DOSVAL001::K12::BRD-K87909389,alvocidib,brd-k87909389,alvocidib
L1000,L1000::BRD-K64140008::A375::::24H::10uM::DOSVAL001::I01::BRD-K64140008,BRD-K64140008,brd-k64140008,brd-k64140008
L1000,L1000::BRD-K41520144::A375::::24H::10uM::DOSVAL001::M13::BRD-K41520144,BRD-K41520144,brd-k41520144,brd-k41520144
L1000,L1000::BRD-K92897494::A375::::24H::10uM::DOSVAL001::B13::BRD-K92897494,BRD-K92897494,brd-k92897494,brd-k92897494
L1000,L1000::vorinostat::A375::::24H::10uM::DOSVAL001::G13::BRD-K81418486,vorinostat,brd-k81418486,vorinostat
L1000,L1000::BRD-K66199755::A375::::24H::4uM::DOSVAL001::L23::BRD-K66199755,BRD-K66199755,brd-k66199755,brd-k66199755
L1000,L1000::BRD-K61255301::A375::::24H::10uM::DOSVAL001::F19::BRD-K61255301,BRD-K61255301,brd-k61255301,brd-k61255301
L1000,L1000::BRD-K81335188::A375::::24H::4uM::DOSVAL001::F05::BRD-K81335188,BRD-K81335188,brd-k81335188,brd-k81335188
L1000,L1000::BRD-K64140008::A375::::24H::4uM::DOSVAL001::I02::BRD-K64140008,BRD-K64140008,brd-k64140008,brd-k64140008
L1000,L1000::BRD-K69101489::A375::::24H::10uM::DOSVAL001::H22::BRD-K69101489,BRD-K69101489,brd-k69101489,brd-k69101489
L1000,L1000::BRD-K92897494::A375::::24H::4uM::DOSVAL001::B14::BRD-K92897494,BRD-K92897494,brd-k92897494,brd-k92897494
L1000,L1000::saracatinib::A375::::24H::10uM::DOSVAL001::G15::BRD-K19540840,saracatinib,brd-k19540840,saracatinib
L1000,L1000::BRD-K45718236::A375::::24H::4uM::DOSVAL001::L17::BRD-K45718236,BRD-K45718236,brd-k45718236,brd-k45718236
L1000,L1000::alvocidib::A375::::24H::10uM::DOSVAL001::K11::BRD-K87909389,alvocidib,brd-k87909389,alvocidib
L1000,L1000::BRD-K66214645::A375::::24H::10uM::DOSVAL001::J04::BRD-K66214645,BRD-K66214645,brd-k66214645,brd-k66214645
L1000,L1000::BRD-K88524550::A375::::24H::4uM::DOSVAL001::M23::BRD-K88524550,BRD-K88524550,brd-k88524550,brd-k88524550
L1000,L1000::dasatinib::A375::::24H::10uM::DOSVAL001::G17::BRD-K49328571,dasatinib,brd-k49328571,dasatinib
L1000,L1000::BRD-K54403101::A375::::24H::2.5uM::DOSVAL001::D12::BRD-K54403101,BRD-K54403101,brd-k54403101,brd-k54403101
L1000,L1000::BRD-K25712227::A375::::24H::10uM::DOSVAL001::I07::BRD-K25712227,BRD-K25712227,brd-k25712227,brd-k25712227
L1000,L1000::dasatinib::A375::::24H::4uM::DOSVAL001::G18::BRD-K49328571,dasatinib,brd-k49328571,dasatinib
L1000,L1000::BRD-K58138547::A375::::24H::10uM::DOSVAL001::F01::BRD-K58138547,BRD-K58138547,brd-k58138547,brd-k58138547
L1000,L1000::BRD-K87724051::A375::::24H::10uM::DOSVAL001::C04::BRD-K87724051,BRD-K87724051,brd-k87724051,brd-k87724051
L1000,L1000::vorinostat::A375::::24H::4uM::DOSVAL001::G14::BRD-K81418486,vorinostat,brd-k81418486,vorinostat
L1000,L1000::BRD-K81335188::A375::::24H::10uM::DOSVAL001::F04::BRD-K81335188,BRD-K81335188,brd-k81335188,brd-k81335188
L1000,L1000::BRD-K71456612::A375::::24H::10uM::DOSVAL001::G22::BRD-K71456612,BRD-K71456612,brd-k71456612,brd-k71456612
L1000,L1000::BRD-K82153723::A375::::24H::10uM::DOSVAL001::E01::BRD-K82153723,BRD-K82153723,brd-k82153723,brd-k82153723
L1000,L1000::BRD-A43210826::HT29::::24H::10uM::PBIOA013::G19::BRD-A43210826,BRD-A43210826,brd-a43210826,brd-a43210826
L1000,L1000::BRD-K01397631::HT29::::24H::10uM::PBIOA013::O19::BRD-K01397631,BRD-K01397631,brd-k01397631,brd-k01397631
L1000,L1000::BRD-K21274734::HT29::::24H::0.04uM::PBIOA013::D18::BRD-K21274734,BRD-K21274734,brd-k21274734,brd-k21274734
L1000,L1000::BRD-K59385073::HT29::::24H::10uM::PBIOA013::A19::BRD-K59385073,BRD-K59385073,brd-k59385073,brd-k59385073
L1000,L1000::vorinostat::HT29::::24H::10uM::PBIOA013::O01::BRD-K81418486,vorinostat,brd-k81418486,vorinostat
L1000,L1000::CC-401::THP1::::24H::10uM::REP.A019::D19::BRD-K45746021,CC-401,brd-k45746021,cc-401
L1000,L1000::TTNPB::THP1::::24H::3.33uM::REP.A019::M08::BRD-K49685476,TTNPB,brd-k49685476,ttnpb
L1000,L1000::TTNPB::THP1::::24H::10uM::REP.A019::M07::BRD-K49685476,TTNPB,brd-k49685476,ttnpb
L1000,L1000::ketanserin::THP1::::24H::1.11uM::REP.A019::N03::BRD-K49671696,ketanserin,brd-k49671696,ketanserin
L1000,L1000::TTNPB::THP1::::24H::0.37uM::REP.A019::M10::BRD-K49685476,TTNPB,brd-k49685476,ttnpb
L1000,L1000::TTNPB::THP1::::24H::1.11uM::REP.A019::M09::BRD-K49685476,TTNPB,brd-k49685476,ttnpb
L1000,L1000::dasatinib::THP1::::24H::10uM::REP.A019::L13::BRD-K49328571,dasatinib,brd-k49328571,dasatinib
L1000,L1000::alvocidib::HEPG2::::24H::10uM::DOSVAL001::K11::BRD-K87909389,alvocidib,brd-k87909389,alvocidib
L1000,L1000::BRD-K64863641::HEPG2::::24H::10uM::DOSVAL001::I10::BRD-K64863641,BRD-K64863641,brd-k64863641,brd-k64863641
L1000,L1000::BRD-K64140008::HEPG2::::24H::10uM::DOSVAL001::I01::BRD-K64140008,BRD-K64140008,brd-k64140008,brd-k64140008
L1000,L1000::alvocidib::HEPG2::::24H::4uM::DOSVAL001::K12::BRD-K87909389,alvocidib,brd-k87909389,alvocidib
L1000,L1000::BRD-K71456612::HEPG2::::24H::10uM::DOSVAL001::G22::BRD-K71456612,BRD-K71456612,brd-k71456612,brd-k71456612
L1000,L1000::vorinostat::HEPG2::::24H::4uM::DOSVAL001::G14::BRD-K81418486,vorinostat,brd-k81418486,vorinostat
L1000,L1000::BRD-K51764136::HEPG2::::24H::4uM::DOSVAL001::H20::BRD-K51764136,BRD-K51764136,brd-k51764136,brd-k51764136
L1000,L1000::BRD-K88524550::HEPG2::::24H::4uM::DOSVAL001::M23::BRD-K88524550,BRD-K88524550,brd-k88524550,brd-k88524550
L1000,L1000::vorinostat::HEPG2::::24H::10uM::DOSVAL001::G13::BRD-K81418486,vorinostat,brd-k81418486,vorinostat
L1000,L1000::BRD-K95638669::HEPG2::::24H::10uM::DOSVAL001::B10::BRD-K95638669,BRD-K95638669,brd-k95638669,brd-k95638669
L1000,L1000::saracatinib::HEPG2::::24H::10uM::DOSVAL001::G15::BRD-K19540840,saracatinib,brd-k19540840,saracatinib
L1000,L1000::BRD-K74587389::HEPG2::::24H::4uM::DOSVAL001::H05::BRD-K74587389,BRD-K74587389,brd-k74587389,brd-k74587389
L1000,L1000::dasatinib::HEPG2::::24H::10uM::DOSVAL001::G17::BRD-K49328571,dasatinib,brd-k49328571,dasatinib
L1000,L1000::BRD-K60085502::HEPG2::::24H::10uM::DOSVAL001::J01::BRD-K60085502,BRD-K60085502,brd-k60085502,brd-k60085502
L1000,L1000::alvocidib::A549::::6H::1.11uM::LKCP002::P23::BRD-K87909389,alvocidib,brd-k87909389,alvocidib
L1000,L1000::fluorouracil::A549::::6H::10uM::LKCP002::I19::BRD-K24844714,fluorouracil,brd-k24844714,fluorouracil
L1000,L1000::midostaurin::A549::::6H::1.11uM::LKCP002::N11::BRD-K13646352,midostaurin,brd-k13646352,midostaurin
L1000,L1000::selumetinib::A549::::6H::1.11uM::LKCP002::N14::BRD-K57080016,selumetinib,brd-k57080016,selumetinib
L1000,L1000::selumetinib::A549::::6H::10uM::LKCP002::N13::BRD-K57080016,selumetinib,brd-k57080016,selumetinib
L1000,L1000::fasudil::A549::::6H::0.2uM::LKCP002::O14::BRD-K76617868,fasudil,brd-k76617868,fasudil
L1000,L1000::mebendazole::A549::::6H::10uM::LKCP002::F04::BRD-K77987382,mebendazole,brd-k77987382,mebendazole
L1000,L1000::navitoclax::A549::::6H::10uM::LKCP002::B07::BRD-K82746043,navitoclax,brd-k82746043,navitoclax
L1000,L1000::midostaurin::A549::::6H::10uM::LKCP002::N10::BRD-K13646352,midostaurin,brd-k13646352,midostaurin
L1000,L1000::alitretinoin::A549::::6H::10uM::LKCP002::C01::BRD-K35483542,alitretinoin,brd-k35483542,alitretinoin
L1000,L1000::alvocidib::A549::::6H::0.12uM::LKCP002::P24::BRD-K87909389,alvocidib,brd-k87909389,alvocidib
L1000,L1000::cediranib::A549::::6H::10uM::LKCP002::N07::BRD-K86930074,cediranib,brd-k86930074,cediranib
L1000,L1000::alvocidib::A549::::6H::10uM::LKCP002::P22::BRD-K87909389,alvocidib,brd-k87909389,alvocidib
L1000,L1000::raloxifene::A549::::6H::10uM::LKCP002::I01::BRD-K63828191,raloxifene,brd-k63828191,raloxifene
L1000,L1000::selumetinib::A549::::6H::0.12uM::LKCP002::N15::BRD-K57080016,selumetinib,brd-k57080016,selumetinib
L1000,L1000::gossypol::A549::::6H::10uM::LKCP002::M01::BRD-K19295594,gossypol,brd-k19295594,gossypol
L1000,L1000::KX-2391::A549::::24H::2.22uM::REP.B009::F19::BRD-K29968218,KX-2391,brd-k29968218,kx-2391
L1000,L1000::KX-2391::A549::::24H::0.74uM::REP.B009::F20::BRD-K29968218,KX-2391,brd-k29968218,kx-2391
L1000,L1000::KX-2391::A549::::24H::0.25uM::REP.B009::F21::BRD-K29968218,KX-2391,brd-k29968218,kx-2391
L1000,L1000::CGP-60474::HA1E::::24H::0.04uM::LJP007::C24::BRD-K79090631,CGP-60474,brd-k79090631,cgp-60474
L1000,L1000::vorinostat::HA1E::::24H::10uM::LJP007::A03::BRD-K81418486,vorinostat,brd-k81418486,vorinostat
L1000,L1000::CGP-60474::HA1E::::24H::0.12uM::LJP007::C23::BRD-K79090631,CGP-60474,brd-k79090631,cgp-60474
L1000,L1000::PHA-767491::HA1E::::24H::3.33uM::LJP007::J02::BRD-K50000283,PHA-767491,brd-k50000283,pha-767491
L1000,L1000::BRD-K51348184::KMS34::::24H::10uM::AICHI002::M01::BRD-K51348184,BRD-K51348184,brd-k51348184,brd-k51348184
L1000,L1000::BRD-K08177763::KMS34::::24H::0.66uM::AICHI002::L03::BRD-K08177763,BRD-K08177763,brd-k08177763,brd-k08177763
L1000,L1000::BRD-A37110558::KMS34::::24H::0.125uM::AICHI002::J04::BRD-A37110558,BRD-A37110558,brd-a37110558,brd-a37110558
L1000,L1000::PRT-062607::KMS34::::24H::10uM::AICHI002::I19::BRD-K53734668,PRT-062607,brd-k53734668,prt-062607
L1000,L1000::vorinostat::KMS34::::24H::10uM::AICHI002::G13::BRD-K81418486,vorinostat,brd-k81418486,vorinostat
L1000,L1000::MK-2206::KMS34::::24H::2.5uM::AICHI002::H14::BRD-K68065987,MK-2206,brd-k68065987,mk-2206
L1000,L1000::vorinostat::KMS34::::24H::2.5uM::AICHI002::G14::BRD-K81418486,vorinostat,brd-k81418486,vorinostat
L1000,L1000::CINK-4::KMS34::::24H::10uM::AICHI002::M13::BRD-K67392871,CINK-4,brd-k67392871,cink-4
L1000,L1000::TG-101348::KMS34::::24H::2.5uM::AICHI002::A20::BRD-K12502280,TG-101348,brd-k12502280,tg-101348
L1000,L1000::BRD-K04065047::KMS34::::24H::10uM::AICHI002::A13::BRD-K04065047,BRD-K04065047,brd-k04065047,brd-k04065047
L1000,L1000::BRD-K32972437::KMS34::::24H::0.125uM::AICHI002::G10::BRD-K32972437,BRD-K32972437,brd-k32972437,brd-k32972437
L1000,L1000::TG-101348::KMS34::::24H::0.66uM::AICHI002::A21::BRD-K12502280,TG-101348,brd-k12502280,tg-101348
L1000,L1000::selumetinib::KMS34::::24H::10uM::AICHI002::B19::BRD-K57080016,selumetinib,brd-k57080016,selumetinib
L1000,L1000::BRD-K30520487::KMS34::::24H::2.5uM::AICHI002::E14::BRD-K30520487,BRD-K30520487,brd-k30520487,brd-k30520487
L1000,L1000::SL-0101-1::KMS34::::24H::2.5uM::AICHI002::D08::BRD-K48182764,SL-0101-1,brd-k48182764,sl-0101-1
L1000,L1000::BRD-K32972437::KMS34::::24H::10uM::AICHI002::G07::BRD-K32972437,BRD-K32972437,brd-k32972437,brd-k32972437
L1000,L1000::TG-101348::KMS34::::24H::0.01uM::AICHI002::A24::BRD-K12502280,TG-101348,brd-k12502280,tg-101348
L1000,L1000::BRD-K04065047::KMS34::::24H::2.5uM::AICHI002::A14::BRD-K04065047,BRD-K04065047,brd-k04065047,brd-k04065047
L1000,L1000::PF-04691502::KMS34::::24H::2.5uM::AICHI002::J08::BRD-K07310275,PF-04691502,brd-k07310275,pf-04691502
L1000,L1000::TG-101348::KMS34::::24H::10uM::AICHI002::A19::BRD-K12502280,TG-101348,brd-k12502280,tg-101348
L1000,L1000::MK-2206::KMS34::::24H::10uM::AICHI002::H13::BRD-K68065987,MK-2206,brd-k68065987,mk-2206
L1000,L1000::enzastaurin::KMS34::::24H::2.5uM::AICHI002::H20::BRD-K79404599,enzastaurin,brd-k79404599,enzastaurin
L1000,L1000::MK-2206::KMS34::::24H::0.125uM::AICHI002::H16::BRD-K68065987,MK-2206,brd-k68065987,mk-2206
L1000,L1000::BRD-K04065047::KMS34::::24H::0.66uM::AICHI002::A15::BRD-K04065047,BRD-K04065047,brd-k04065047,brd-k04065047
L1000,L1000::CINK-4::KMS34::::24H::2.5uM::AICHI002::M14::BRD-K67392871,CINK-4,brd-k67392871,cink-4
L1000,L1000::BRD-K51348184::KMS34::::24H::2.5uM::AICHI002::M02::BRD-K51348184,BRD-K51348184,brd-k51348184,brd-k51348184
L1000,L1000::vorinostat::KMS34::::24H::0.66uM::AICHI002::G15::BRD-K81418486,vorinostat,brd-k81418486,vorinostat
L1000,L1000::BRD-K08177763::KMS34::::24H::0.04uM::AICHI002::L05::BRD-K08177763,BRD-K08177763,brd-k08177763,brd-k08177763
L1000,L1000::BRD-K30520487::KMS34::::24H::10uM::AICHI002::E13::BRD-K30520487,BRD-K30520487,brd-k30520487,brd-k30520487
L1000,L1000::enzastaurin::KMS34::::24H::0.125uM::AICHI002::J22::BRD-K79404599,enzastaurin,brd-k79404599,enzastaurin
L1000,L1000::BRD-K51348184::KMS34::::24H::0.125uM::AICHI002::M04::BRD-K51348184,BRD-K51348184,brd-k51348184,brd-k51348184
L1000,L1000::KD-025::HT29::::24H::2.22uM::REP.B026::C13::BRD-K88506063,KD-025,brd-k88506063,kd-025
L1000,L1000::alvocidib::HT29::::24H::2.22uM::REP.B026::B19::BRD-K87909389,alvocidib,brd-k87909389,alvocidib
L1000,L1000::alvocidib::HT29::::24H::0.74uM::REP.B026::B20::BRD-K87909389,alvocidib,brd-k87909389,alvocidib
L1000,L1000::nortriptyline::HT29::::24H::2.22uM::REP.B026::J07::BRD-K91263825,nortriptyline,brd-k91263825,nortriptyline
L1000,L1000::vorinostat::SHSY5Y::::24H::0.37uM::TAA001::N16::BRD-K81418486,vorinostat,brd-k81418486,vorinostat
L1000,L1000::ICI-174864::SHSY5Y::::24H::1.11uM::TAA001::P03::BRD-K96613860,ICI-174864,brd-k96613860,ici-174864
L1000,L1000::WIN-552122::SHSY5Y::::24H::0.04uM::TAA001::K24::BRD-K88282786,WIN-552122,brd-k88282786,win-552122
L1000,L1000::piclamilast::SHSY5Y::::24H::10uM::TAA001::O13::BRD-K47642186,piclamilast,brd-k47642186,piclamilast
L1000,L1000::WIN-552122::SHSY5Y::::24H::10uM::TAA001::K19::BRD-K88282786,WIN-552122,brd-k88282786,win-552122
L1000,L1000::ORG-25935::SHSY5Y::::24H::0.04uM::TAA001::H24::BRD-K43357457,ORG-25935,brd-k43357457,org-25935
L1000,L1000::SB-277011A-DIHYDROCHLORIDE::SHSY5Y::::24H::10uM::TAA001::M19::BRD-K98852008,SB-277011A-DIHYDROCHLORIDE,brd-k98852008,sb-277011a-dihydrochloride
L1000,L1000::BRD-A58897152::SHSY5Y::::24H::0.37uM::TAA001::M16::BRD-A58897152,BRD-A58897152,brd-a58897152,brd-a58897152
L1000,L1000::vorinostat::SHSY5Y::::24H::10uM::TAA001::N13::BRD-K81418486,vorinostat,brd-k81418486,vorinostat
L1000,L1000::vorinostat::SHSY5Y::::24H::1.11uM::TAA001::C21::BRD-K81418486,vorinostat,brd-k81418486,vorinostat
L1000,L1000::tesaglitazar::SHSY5Y::::24H::0.04uM::TAA001::M12::BRD-K15507868,tesaglitazar,brd-k15507868,tesaglitazar
L1000,L1000::vorinostat::SHSY5Y::::24H::3.33uM::TAA001::N14::BRD-K81418486,vorinostat,brd-k81418486,vorinostat
L1000,L1000::vorinostat::SHSY5Y::::24H::0.37uM::TAA001::C22::BRD-K81418486,vorinostat,brd-k81418486,vorinostat
L1000,L1000::BRD-K82433697::SHSY5Y::::24H::0.37uM::TAA001::I16::BRD-K82433697,BRD-K82433697,brd-k82433697,brd-k82433697
L1000,L1000::LY-255582::SHSY5Y::::24H::0.37uM::TAA001::G04::BRD-K38644306,LY-255582,brd-k38644306,ly-255582
L1000,L1000::ICI-174864::SHSY5Y::::24H::0.125uM::TAA001::P05::BRD-K96613860,ICI-174864,brd-k96613860,ici-174864
L1000,L1000::vorinostat::SHSY5Y::::24H::3.33uM::TAA001::C20::BRD-K81418486,vorinostat,brd-k81418486,vorinostat
L1000,L1000::BRD-K82433697::SHSY5Y::::24H::0.04uM::TAA001::I18::BRD-K82433697,BRD-K82433697,brd-k82433697,brd-k82433697
L1000,L1000::vorinostat::SHSY5Y::::24H::10uM::TAA001::C19::BRD-K81418486,vorinostat,brd-k81418486,vorinostat
L1000,L1000::vorinostat::SHSY5Y::::24H::0.125uM::TAA001::N17::BRD-K81418486,vorinostat,brd-k81418486,vorinostat
L1000,L1000::vorinostat::SHSY5Y::::24H::1.11uM::TAA001::N15::BRD-K81418486,vorinostat,brd-k81418486,vorinostat
L1000,L1000::CC-401::MCF10A::::24H::0.25uM::REP.B019::D21::BRD-K45746021,CC-401,brd-k45746021,cc-401
L1000,L1000::dasatinib::MCF10A::::24H::0.74uM::REP.B019::L14::BRD-K49328571,dasatinib,brd-k49328571,dasatinib
L1000,L1000::dasatinib::MCF10A::::24H::2.22uM::REP.B019::L13::BRD-K49328571,dasatinib,brd-k49328571,dasatinib
L1000,L1000::doxapram::MCF10A::::24H::0.03uM::REP.B019::F05::BRD-A46179541,doxapram,brd-a46179541,doxapram
L1000,L1000::CC-401::MCF10A::::24H::0.01uM::REP.B019::D24::BRD-K45746021,CC-401,brd-k45746021,cc-401
L1000,L1000::PRT-062607::HBL1::::24H::10uM::AICHI002::I19::BRD-K53734668,PRT-062607,brd-k53734668,prt-062607
L1000,L1000::vorinostat::HBL1::::24H::2.5uM::AICHI002::G14::BRD-K81418486,vorinostat,brd-k81418486,vorinostat
L1000,L1000::BRD-K08177763::HBL1::::24H::2.5uM::AICHI002::L02::BRD-K08177763,BRD-K08177763,brd-k08177763,brd-k08177763
L1000,L1000::vorinostat::HBL1::::24H::10uM::AICHI002::G13::BRD-K81418486,vorinostat,brd-k81418486,vorinostat
L1000,L1000::BRD-K55575531::HBL1::::24H::10uM::AICHI002::K13::BRD-K55575531,BRD-K55575531,brd-k55575531,brd-k55575531
L1000,L1000::TG-101348::HBL1::::24H::2.5uM::AICHI002::A20::BRD-K12502280,TG-101348,brd-k12502280,tg-101348
L1000,L1000::PF-04691502::HBL1::::24H::2.5uM::AICHI002::J08::BRD-K07310275,PF-04691502,brd-k07310275,pf-04691502
L1000,L1000::TG-101348::HBL1::::24H::10uM::AICHI002::A19::BRD-K12502280,TG-101348,brd-k12502280,tg-101348
L1000,L1000::BRD-K08177763::HBL1::::24H::10uM::AICHI002::L01::BRD-K08177763,BRD-K08177763,brd-k08177763,brd-k08177763
L1000,L1000::PRT-062607::HBL1::::24H::2.5uM::AICHI002::I20::BRD-K53734668,PRT-062607,brd-k53734668,prt-062607
L1000,L1000::BRD-K30520487::HBL1::::24H::10uM::AICHI002::E13::BRD-K30520487,BRD-K30520487,brd-k30520487,brd-k30520487
L1000,L1000::BRD-K30520487::HBL1::::24H::2.5uM::AICHI002::E14::BRD-K30520487,BRD-K30520487,brd-k30520487,brd-k30520487
L1000,L1000::BRD-K04065047::HBL1::::24H::10uM::AICHI002::A13::BRD-K04065047,BRD-K04065047,brd-k04065047,brd-k04065047
L1000,L1000::BRD-K08177763::HBL1::::24H::0.01uM::AICHI002::L06::BRD-K08177763,BRD-K08177763,brd-k08177763,brd-k08177763
L1000,L1000::BRD-K08177763::HBL1::::24H::0.125uM::AICHI002::L04::BRD-K08177763,BRD-K08177763,brd-k08177763,brd-k08177763
L1000,L1000::PF-04691502::HBL1::::24H::10uM::AICHI002::J07::BRD-K07310275,PF-04691502,brd-k07310275,pf-04691502
L1000,L1000::KX-2391::MCF7::::24H::3.33uM::REP.A009::F20::BRD-K29968218,KX-2391,brd-k29968218,kx-2391
L1000,L1000::KX-2391::MCF7::::24H::10uM::REP.A009::F19::BRD-K29968218,KX-2391,brd-k29968218,kx-2391
L1000,L1000::bisindolylmaleimide::MCF7::::24H::10uM::REP.A009::B13::BRD-K31342827,bisindolylmaleimide,brd-k31342827,bisindolylmaleimide
L1000,L1000::tazarotene::THP1::::24H::1.11uM::REP.A024::I15::BRD-K76841105,tazarotene,brd-k76841105,tazarotene
L1000,L1000::LY-2090314::THP1::::24H::0.04uM::REP.A024::L18::BRD-K78055238,LY-2090314,brd-k78055238,ly-2090314
L1000,L1000::LY-2090314::THP1::::24H::3.33uM::REP.A024::L14::BRD-K78055238,LY-2090314,brd-k78055238,ly-2090314
L1000,L1000::LY-2090314::THP1::::24H::0.125uM::REP.A024::L17::BRD-K78055238,LY-2090314,brd-k78055238,ly-2090314
L1000,L1000::tazarotene::THP1::::24H::10uM::REP.A024::I13::BRD-K76841105,tazarotene,brd-k76841105,tazarotene
L1000,L1000::tazarotene::THP1::::24H::3.33uM::REP.A024::I14::BRD-K76841105,tazarotene,brd-k76841105,tazarotene
L1000,L1000::IKK-2-inhibitor-V::THP1::::24H::3.33uM::REP.A024::C14::BRD-K74305673,IKK-2-inhibitor-V,brd-k74305673,ikk-2-inhibitor-v
L1000,L1000::IKK-2-inhibitor-V::THP1::::24H::10uM::REP.A024::C13::BRD-K74305673,IKK-2-inhibitor-V,brd-k74305673,ikk-2-inhibitor-v
L1000,L1000::tazarotene::THP1::::24H::0.37uM::REP.A024::I16::BRD-K76841105,tazarotene,brd-k76841105,tazarotene
L1000,L1000::ACY-1215::HA1E::::24H::2.22uM::REP.B020::H19::BRD-K82928847,ACY-1215,brd-k82928847,acy-1215
L1000,L1000::podophyllotoxin::HA1E::::24H::0.25uM::REP.B020::N03::BRD-K47869605,podophyllotoxin,brd-k47869605,podophyllotoxin
L1000,L1000::podophyllotoxin::HA1E::::24H::0.03uM::REP.B020::N05::BRD-K47869605,podophyllotoxin,brd-k47869605,podophyllotoxin
L1000,L1000::podophyllotoxin::HA1E::::24H::2.22uM::REP.B020::N01::BRD-K47869605,podophyllotoxin,brd-k47869605,podophyllotoxin
L1000,L1000::podophyllotoxin::HA1E::::24H::0.08uM::REP.B020::N04::BRD-K47869605,podophyllotoxin,brd-k47869605,podophyllotoxin
L1000,L1000::cytochalasin-b::HA1E::::24H::1.11uM::REP.B020::M01::BRD-K47000838,cytochalasin-b,brd-k47000838,cytochalasin-b
L1000,L1000::KX-2391::HA1E::::24H::0.125uM::REP.A009::F23::BRD-K29968218,KX-2391,brd-k29968218,kx-2391
L1000,L1000::bisindolylmaleimide::HA1E::::24H::3.33uM::REP.A009::B14::BRD-K31342827,bisindolylmaleimide,brd-k31342827,bisindolylmaleimide
L1000,L1000::KX-2391::HA1E::::24H::3.33uM::REP.A009::F20::BRD-K29968218,KX-2391,brd-k29968218,kx-2391
L1000,L1000::PF-04620110::HA1E::::24H::10uM::REP.A009::J07::BRD-K30550578,PF-04620110,brd-k30550578,pf-04620110
L1000,L1000::KX-2391::HA1E::::24H::1.11uM::REP.A009::F21::BRD-K29968218,KX-2391,brd-k29968218,kx-2391
L1000,L1000::KX-2391::HA1E::::24H::0.37uM::REP.A009::F22::BRD-K29968218,KX-2391,brd-k29968218,kx-2391
L1000,L1000::cimetidine::HA1E::::24H::3.33uM::REP.A009::O14::BRD-K34157611,cimetidine,brd-k34157611,cimetidine
L1000,L1000::chlorambucil::HA1E::::24H::3.33uM::REP.A009::D20::BRD-K29458283,chlorambucil,brd-k29458283,chlorambucil
L1000,L1000::taranabant::HA1E::::24H::0.04uM::REP.A009::P24::BRD-K35169477,taranabant,brd-k35169477,taranabant
L1000,L1000::KX-2391::HA1E::::24H::10uM::REP.A009::F19::BRD-K29968218,KX-2391,brd-k29968218,kx-2391
L1000,L1000::chlorambucil::HA1E::::24H::10uM::REP.A009::D19::BRD-K29458283,chlorambucil,brd-k29458283,chlorambucil
L1000,L1000::mozavaptan::HA1E::::24H::10uM::REP.A009::I19::BRD-A31095847,mozavaptan,brd-a31095847,mozavaptan
L1000,L1000::PF-02545920::HA1E::::24H::10uM::REP.A009::K19::BRD-K31519811,PF-02545920,brd-k31519811,pf-02545920
L1000,L1000::mozavaptan::HA1E::::24H::3.33uM::REP.A009::I20::BRD-A31095847,mozavaptan,brd-a31095847,mozavaptan
L1000,L1000::bisindolylmaleimide::HA1E::::24H::10uM::REP.A009::B13::BRD-K31342827,bisindolylmaleimide,brd-k31342827,bisindolylmaleimide
L1000,L1000::BRD-K16277767::OCILY10::::24H::10uM::AICHI001::L07::BRD-K16277767,BRD-K16277767,brd-k16277767,brd-k16277767
L1000,L1000::vorinostat::OCILY10::::24H::2.5uM::AICHI001::G14::BRD-K81418486,vorinostat,brd-k81418486,vorinostat
L1000,L1000::GDC-0941::OCILY10::::24H::10uM::AICHI001::A07::BRD-K52911425,GDC-0941,brd-k52911425,gdc-0941
L1000,L1000::vorinostat::OCILY10::::24H::10uM::AICHI001::G13::BRD-K81418486,vorinostat,brd-k81418486,vorinostat
L1000,L1000::BRD-A75976779::OCILY10::::24H::10uM::AICHI001::I07::BRD-A75976779,BRD-A75976779,brd-a75976779,brd-a75976779
L1000,L1000::GDC-0941::OCILY10::::24H::10uM::AICHI001::I13::BRD-K52911425,GDC-0941,brd-k52911425,gdc-0941
L1000,L1000::vorinostat::OCILY10::::24H::0.66uM::AICHI001::G15::BRD-K81418486,vorinostat,brd-k81418486,vorinostat
L1000,L1000::sotrastaurin::OCILY10::::24H::10uM::AICHI001::D19::BRD-K16761703,sotrastaurin,brd-k16761703,sotrastaurin
L1000,L1000::midostaurin::OCILY10::::24H::10uM::AICHI001::F19::BRD-K13646352,midostaurin,brd-k13646352,midostaurin
L1000,L1000::BRD-K30520487::K562::::24H::2.5uM::AICHI002::E14::BRD-K30520487,BRD-K30520487,brd-k30520487,brd-k30520487
L1000,L1000::BRD-K30520487::K562::::24H::10uM::AICHI002::E13::BRD-K30520487,BRD-K30520487,brd-k30520487,brd-k30520487
L1000,L1000::BRD-K51348184::K562::::24H::10uM::AICHI002::M01::BRD-K51348184,BRD-K51348184,brd-k51348184,brd-k51348184
L1000,L1000::TG-101348::K562::::24H::10uM::AICHI002::A19::BRD-K12502280,TG-101348,brd-k12502280,tg-101348
L1000,L1000::selumetinib::K562::::24H::0.04uM::AICHI002::B23::BRD-K57080016,selumetinib,brd-k57080016,selumetinib
L1000,L1000::MK-2206::K562::::24H::10uM::AICHI002::H13::BRD-K68065987,MK-2206,brd-k68065987,mk-2206
L1000,L1000::BRD-K28372487::K562::::24H::2.5uM::AICHI002::E20::BRD-K28372487,BRD-K28372487,brd-k28372487,brd-k28372487
L1000,L1000::PF-04691502::K562::::24H::10uM::AICHI002::J07::BRD-K07310275,PF-04691502,brd-k07310275,pf-04691502
L1000,L1000::CINK-4::K562::::24H::10uM::AICHI002::M13::BRD-K67392871,CINK-4,brd-k67392871,cink-4
L1000,L1000::vorinostat::K562::::24H::2.5uM::AICHI002::G14::BRD-K81418486,vorinostat,brd-k81418486,vorinostat
L1000,L1000::vorinostat::K562::::24H::10uM::AICHI002::G13::BRD-K81418486,vorinostat,brd-k81418486,vorinostat
L1000,L1000::selumetinib::K562::::24H::10uM::AICHI002::B19::BRD-K57080016,selumetinib,brd-k57080016,selumetinib
L1000,L1000::BRD-K28372487::K562::::24H::10uM::AICHI002::E19::BRD-K28372487,BRD-K28372487,brd-k28372487,brd-k28372487
L1000,L1000::BRD-K28372487::K562::::24H::0.66uM::AICHI002::E21::BRD-K28372487,BRD-K28372487,brd-k28372487,brd-k28372487
L1000,L1000::vorinostat::K562::::24H::0.66uM::AICHI002::G15::BRD-K81418486,vorinostat,brd-k81418486,vorinostat
L1000,L1000::TG-101348::K562::::24H::2.5uM::AICHI002::A20::BRD-K12502280,TG-101348,brd-k12502280,tg-101348
L1000,L1000::PRT-062607::K562::::24H::10uM::AICHI002::I19::BRD-K53734668,PRT-062607,brd-k53734668,prt-062607
L1000,L1000::alvocidib::HEK293::::24H::0.125uM::REP.A026::B23::BRD-K87909389,alvocidib,brd-k87909389,alvocidib
L1000,L1000::alvocidib::HEK293::::24H::0.37uM::REP.A026::B22::BRD-K87909389,alvocidib,brd-k87909389,alvocidib
L1000,L1000::alvocidib::HEK293::::24H::10uM::REP.A026::B19::BRD-K87909389,alvocidib,brd-k87909389,alvocidib
L1000,L1000::alvocidib::HEK293::::24H::1.11uM::REP.A026::B21::BRD-K87909389,alvocidib,brd-k87909389,alvocidib
L1000,L1000::alvocidib::HEK293::::24H::3.33uM::REP.A026::B20::BRD-K87909389,alvocidib,brd-k87909389,alvocidib
L1000,L1000::KX-2391::MDAMB231::::24H::0.74uM::REP.B009::F20::BRD-K29968218,KX-2391,brd-k29968218,kx-2391
L1000,L1000::KX-2391::MDAMB231::::24H::2.22uM::REP.B009::F19::BRD-K29968218,KX-2391,brd-k29968218,kx-2391
L1000,L1000::BRD-K62921520::A375::::24H::3.33uM::PBIOA016::J20::BRD-K62921520,BRD-K62921520,brd-k62921520,brd-k62921520
L1000,L1000::BRD-K81727454::A375::::24H::0.04uM::PBIOA016::P18::BRD-K81727454,BRD-K81727454,brd-k81727454,brd-k81727454
L1000,L1000::olaparib::A375::::24H::0.125uM::PBIOA016::G11::BRD-K02113016,olaparib,brd-k02113016,olaparib
L1000,L1000::vorinostat::A375::::24H::10uM::PBIOA016::O01::BRD-K81418486,vorinostat,brd-k81418486,vorinostat
L1000,L1000::BRD-K87550320::A375::::24H::10uM::PBIOA016::G01::BRD-K87550320,BRD-K87550320,brd-k87550320,brd-k87550320
L1000,L1000::thalidomide::IMR90::::24H::10uM::LUNG001::F05::BRD-A93255169,thalidomide,brd-a93255169,thalidomide
L1000,L1000::bisindolylmaleimide::IMR90::::24H::10uM::LUNG001::K09::BRD-K31342827,bisindolylmaleimide,brd-k31342827,bisindolylmaleimide
L1000,L1000::PLX-4720::IMR90::::24H::10uM::LUNG001::H21::BRD-K16478699,PLX-4720,brd-k16478699,plx-4720
L1000,L1000::IKK-2-inhibitor-V::IMR90::::24H::10uM::LUNG001::L17::BRD-K74305673,IKK-2-inhibitor-V,brd-k74305673,ikk-2-inhibitor-v
L1000,L1000::NVP-TAE684::IMR90::::24H::10uM::LUNG001::C21::BRD-K50140147,NVP-TAE684,brd-k50140147,nvp-tae684
L1000,L1000::gossypol::IMR90::::24H::10uM::LUNG001::I14::BRD-K19295594,gossypol,brd-k19295594,gossypol
L1000,L1000::mocetinostat::IMR90::::24H::10uM::LUNG001::E13::BRD-K16485616,mocetinostat,brd-k16485616,mocetinostat
L1000,L1000::SB-216763::IMR90::::24H::10uM::LUNG001::C10::BRD-K59184148,SB-216763,brd-k59184148,sb-216763
L1000,L1000::enzastaurin::IMR90::::24H::10uM::LUNG001::N13::BRD-K79404599,enzastaurin,brd-k79404599,enzastaurin
L1000,L1000::BI-2536::IMR90::::24H::10uM::LUNG001::L14::BRD-K64890080,BI-2536,brd-k64890080,bi-2536
L1000,L1000::indirubin-3-monoxime::IMR90::::24H::10uM::LUNG001::N12::BRD-K19136521,indirubin-3-monoxime,brd-k19136521,indirubin-3-monoxime
L1000,L1000::GR-235::IMR90::::24H::10uM::LUNG001::G20::BRD-K26674531,GR-235,brd-k26674531,gr-235
L1000,L1000::midostaurin::IMR90::::24H::10uM::LUNG001::K05::BRD-K13646352,midostaurin,brd-k13646352,midostaurin
L1000,L1000::JNJ-7706621::IMR90::::24H::10uM::LUNG001::H19::BRD-K11636097,JNJ-7706621,brd-k11636097,jnj-7706621
L1000,L1000::alitretinoin::IMR90::::24H::10uM::LUNG001::O10::BRD-K35483542,alitretinoin,brd-k35483542,alitretinoin
L1000,L1000::olaparib::IMR90::::24H::10uM::LUNG001::O08::BRD-K02113016,olaparib,brd-k02113016,olaparib
L1000,L1000::cholic-acid::IMR90::::24H::10uM::LUNG001::A12::BRD-K43164539,cholic-acid,brd-k43164539,cholic-acid
L1000,L1000::PD-173074::IMR90::::24H::10uM::LUNG001::B11::BRD-K97764662,PD-173074,brd-k97764662,pd-173074
L1000,L1000::panobinostat::IMR90::::24H::10uM::LUNG001::B07::BRD-K02130563,panobinostat,brd-k02130563,panobinostat
L1000,L1000::ABT-737::IMR90::::24H::10uM::LUNG001::I16::BRD-K56301217,ABT-737,brd-k56301217,abt-737
L1000,L1000::TPCA-1::IMR90::::24H::10uM::LUNG001::N06::BRD-K51575138,TPCA-1,brd-k51575138,tpca-1
L1000,L1000::ispinesib::IMR90::::24H::10uM::LUNG001::G17::BRD-K64881305,ispinesib,brd-k64881305,ispinesib
L1000,L1000::PP-1::IMR90::::24H::10uM::LUNG001::K07::BRD-K47598052,PP-1,brd-k47598052,pp-1
L1000,L1000::alvocidib::IMR90::::24H::10uM::LUNG001::G07::BRD-K87909389,alvocidib,brd-k87909389,alvocidib
L1000,L1000::MK-2206::IMR90::::24H::10uM::LUNG001::C12::BRD-K68065987,MK-2206,brd-k68065987,mk-2206
L1000,L1000::reversine::IMR90::::24H::10uM::LUNG001::A15::BRD-K77286328,reversine,brd-k77286328,reversine
L1000,L1000::KU-55933::IMR90::::24H::10uM::LUNG001::O09::BRD-K25311561,KU-55933,brd-k25311561,ku-55933
L1000,L1000::saracatinib::IMR90::::24H::10uM::LUNG001::O06::BRD-K19540840,saracatinib,brd-k19540840,saracatinib
L1000,L1000::navitoclax::IMR90::::24H::10uM::LUNG001::L19::BRD-K82746043,navitoclax,brd-k82746043,navitoclax
L1000,L1000::cediranib::IMR90::::24H::10uM::LUNG001::E15::BRD-K86930074,cediranib,brd-k86930074,cediranib
L1000,L1000::cholic-acid::HUVEC.A::::24H::0.08uM::REP.B013::M16::BRD-K43164539,cholic-acid,brd-k43164539,cholic-acid
L1000,L1000::zardaverine::HUVEC.A::::24H::0.74uM::REP.B013::A20::BRD-K37561857,zardaverine,brd-k37561857,zardaverine
L1000,L1000::gliclazide::A549::::24H::1.11uM::REP.A015::P03::BRD-A61154809,gliclazide,brd-a61154809,gliclazide
L1000,L1000::MLN-0128::A549::::24H::1.11uM::REP.A015::L03::BRD-K59317601,MLN-0128,brd-k59317601,mln-0128
L1000,L1000::gliclazide::A549::::24H::10uM::REP.A015::P01::BRD-A61154809,gliclazide,brd-a61154809,gliclazide
L1000,L1000::MLN-0128::A549::::24H::3.33uM::REP.A015::L02::BRD-K59317601,MLN-0128,brd-k59317601,mln-0128
L1000,L1000::MLN-0128::A549::::24H::10uM::REP.A015::L01::BRD-K59317601,MLN-0128,brd-k59317601,mln-0128
L1000,L1000::selumetinib::A549::::24H::10uM::REP.A015::E19::BRD-K57080016,selumetinib,brd-k57080016,selumetinib
L1000,L1000::selumetinib::A549::::24H::0.125uM::REP.A015::E23::BRD-K57080016,selumetinib,brd-k57080016,selumetinib
L1000,L1000::MLN-0128::A549::::24H::0.04uM::REP.A015::L06::BRD-K59317601,MLN-0128,brd-k59317601,mln-0128
L1000,L1000::selumetinib::A549::::24H::0.37uM::REP.A015::E22::BRD-K57080016,selumetinib,brd-k57080016,selumetinib
L1000,L1000::mebendazole::A549::::24H::10uM::REP.A015::I01::BRD-K77987382,mebendazole,brd-k77987382,mebendazole
L1000,L1000::selumetinib::A549::::24H::3.33uM::REP.A015::E20::BRD-K57080016,selumetinib,brd-k57080016,selumetinib
L1000,L1000::MLN-0128::A549::::24H::0.37uM::REP.A015::L04::BRD-K59317601,MLN-0128,brd-k59317601,mln-0128
L1000,L1000::selumetinib::A549::::24H::1.11uM::REP.A015::E21::BRD-K57080016,selumetinib,brd-k57080016,selumetinib
L1000,L1000::MLN-0128::A549::::24H::0.125uM::REP.A015::L05::BRD-K59317601,MLN-0128,brd-k59317601,mln-0128
L1000,L1000::masitinib::HAP1.HDAC5::::24H::3.33uM::MOAR014::N05::BRD-K71035033,masitinib,brd-k71035033,masitinib
L1000,L1000::bromosporine::HAP1.HDAC5::::24H::3.33uM::MOAR014::F05::BRD-K44665581,bromosporine,brd-k44665581,bromosporine
L1000,L1000::panobinostat::XC.P934::::24H::0.12uM::ASG003::P03::BRD-K02130563,panobinostat,brd-k02130563,panobinostat
L1000,L1000::vorinostat::XC.P934::::24H::10uM::ASG003::F04::BRD-K81418486,vorinostat,brd-k81418486,vorinostat
L1000,L1000::PI-103::XC.P934::::24H::10uM::ASG003::F13::BRD-K67868012,PI-103,brd-k67868012,pi-103
L1000,L1000::alvocidib::XC.P934::::24H::10uM::ASG003::J19::BRD-K87909389,alvocidib,brd-k87909389,alvocidib
L1000,L1000::nocodazole::XC.P934::::24H::10uM::ASG003::I01::BRD-K12539581,nocodazole,brd-k12539581,nocodazole
L1000,L1000::palbociclib::XC.P934::::24H::1.11uM::ASG003::K17::BRD-K51313569,palbociclib,brd-k51313569,palbociclib
L1000,L1000::panobinostat::XC.P934::::24H::10uM::ASG003::P01::BRD-K02130563,panobinostat,brd-k02130563,panobinostat
L1000,L1000::vorinostat::XC.P934::::24H::1.11uM::ASG003::F05::BRD-K81418486,vorinostat,brd-k81418486,vorinostat
L1000,L1000::BI-2536::XC.P934::::24H::1.11uM::ASG003::D05::BRD-K64890080,BI-2536,brd-k64890080,bi-2536
L1000,L1000::dasatinib::XC.P934::::24H::0.12uM::ASG003::N03::BRD-K49328571,dasatinib,brd-k49328571,dasatinib
L1000,L1000::alvocidib::XC.P934::::24H::0.12uM::ASG003::J21::BRD-K87909389,alvocidib,brd-k87909389,alvocidib
L1000,L1000::trametinib::XC.P934::::24H::1.11uM::ASG003::N17::BRD-K12343256,trametinib,brd-k12343256,trametinib
L1000,L1000::dasatinib::XC.P934::::24H::10uM::ASG003::N01::BRD-K49328571,dasatinib,brd-k49328571,dasatinib
L1000,L1000::palbociclib::XC.P934::::24H::10uM::ASG003::K16::BRD-K51313569,palbociclib,brd-k51313569,palbociclib
L1000,L1000::BI-2536::XC.P934::::24H::10uM::ASG003::D04::BRD-K64890080,BI-2536,brd-k64890080,bi-2536
L1000,L1000::JNJ-7706621::XC.P934::::24H::10uM::ASG003::L22::BRD-K11636097,JNJ-7706621,brd-k11636097,jnj-7706621
L1000,L1000::RITA::XC.P934::::24H::0.12uM::ASG003::A24::BRD-K00317371,RITA,brd-k00317371,rita
L1000,L1000::alvocidib::XC.P934::::24H::1.11uM::ASG003::J20::BRD-K87909389,alvocidib,brd-k87909389,alvocidib
L1000,L1000::nocodazole::XC.P934::::24H::1.11uM::ASG003::I02::BRD-K12539581,nocodazole,brd-k12539581,nocodazole
L1000,L1000::AZ-628::XC.P934::::24H::10uM::ASG003::J13::BRD-K05804044,AZ-628,brd-k05804044,az-628
L1000,L1000::panobinostat::XC.P934::::24H::1.11uM::ASG003::P02::BRD-K02130563,panobinostat,brd-k02130563,panobinostat
L1000,L1000::selumetinib::XC.P934::::24H::10uM::ASG003::E04::BRD-K57080016,selumetinib,brd-k57080016,selumetinib
L1000,L1000::ponatinib::XC.P934::::24H::10uM::ASG003::P13::BRD-K44227013,ponatinib,brd-k44227013,ponatinib
L1000,L1000::erlotinib::XC.P934::::24H::10uM::ASG003::B16::BRD-K70401845,erlotinib,brd-k70401845,erlotinib
L1000,L1000::JNJ-7706621::XC.P934::::24H::0.12uM::ASG003::L24::BRD-K11636097,JNJ-7706621,brd-k11636097,jnj-7706621
L1000,L1000::GW-501516::XC.P934::::24H::1.11uM::ASG003::I23::BRD-K14880289,GW-501516,brd-k14880289,gw-501516
L1000,L1000::trametinib::XC.P934::::24H::10uM::ASG003::N16::BRD-K12343256,trametinib,brd-k12343256,trametinib
L1000,L1000::BIX-01294::HT29::::24H::10uM::PBIOA022::G07::BRD-K26818574,BIX-01294,brd-k26818574,bix-01294
L1000,L1000::tacedinaline::HT29::::24H::10uM::PBIOA022::F19::BRD-K52313696,tacedinaline,brd-k52313696,tacedinaline
L1000,L1000::panobinostat::HT29::::24H::10uM::PBIOA022::H13::BRD-K02130563,panobinostat,brd-k02130563,panobinostat
L1000,L1000::vorinostat::HT29::::24H::10uM::PBIOA022::O01::BRD-K81418486,vorinostat,brd-k81418486,vorinostat
L1000,L1000::panobinostat::HT29::::24H::0.37uM::PBIOA022::H16::BRD-K02130563,panobinostat,brd-k02130563,panobinostat
L1000,L1000::panobinostat::HT29::::24H::3.33uM::PBIOA022::H14::BRD-K02130563,panobinostat,brd-k02130563,panobinostat
L1000,L1000::panobinostat::HT29::::24H::0.125uM::PBIOA022::H17::BRD-K02130563,panobinostat,brd-k02130563,panobinostat
L1000,L1000::tacedinaline::HT29::::24H::3.33uM::PBIOA022::F20::BRD-K52313696,tacedinaline,brd-k52313696,tacedinaline
L1000,L1000::panobinostat::HT29::::24H::1.11uM::PBIOA022::H15::BRD-K02130563,panobinostat,brd-k02130563,panobinostat
L1000,L1000::panobinostat::HT29::::24H::0.04uM::PBIOA022::H18::BRD-K02130563,panobinostat,brd-k02130563,panobinostat
L1000,L1000::BRD-K97651142::MCF7::::24H::10uM::PBIOA019::H19::BRD-K97651142,BRD-K97651142,brd-k97651142,brd-k97651142
L1000,L1000::selumetinib::MCF7::::24H::10uM::PBIOA019::D07::BRD-K57080016,selumetinib,brd-k57080016,selumetinib
L1000,L1000::BRD-K46556387::MCF7::::24H::10uM::PBIOA019::I01::BRD-K46556387,BRD-K46556387,brd-k46556387,brd-k46556387
L1000,L1000::MK-1775::MCF7::::24H::10uM::PBIOA019::P13::BRD-K54256913,MK-1775,brd-k54256913,mk-1775
L1000,L1000::BRD-K97651142::MCF7::::24H::0.37uM::PBIOA019::H22::BRD-K97651142,BRD-K97651142,brd-k97651142,brd-k97651142
L1000,L1000::dabrafenib::MCF7::::24H::3.33uM::PBIOA019::M02::BRD-K09951645,dabrafenib,brd-k09951645,dabrafenib
L1000,L1000::BRD-K82273064::MCF7::::24H::0.04uM::PBIOA019::I18::BRD-K82273064,BRD-K82273064,brd-k82273064,brd-k82273064
L1000,L1000::BRD-K97651142::MCF7::::24H::1.11uM::PBIOA019::H21::BRD-K97651142,BRD-K97651142,brd-k97651142,brd-k97651142
L1000,L1000::MK-1775::MCF7::::24H::1.11uM::PBIOA019::P15::BRD-K54256913,MK-1775,brd-k54256913,mk-1775
L1000,L1000::MK-1775::MCF7::::24H::3.33uM::PBIOA019::P14::BRD-K54256913,MK-1775,brd-k54256913,mk-1775
L1000,L1000::ABT-737::MCF7::::24H::10uM::PBIOA019::P07::BRD-K56301217,ABT-737,brd-k56301217,abt-737
L1000,L1000::selumetinib::MCF7::::24H::0.125uM::PBIOA019::D11::BRD-K57080016,selumetinib,brd-k57080016,selumetinib
L1000,L1000::dabrafenib::MCF7::::24H::0.125uM::PBIOA019::M05::BRD-K09951645,dabrafenib,brd-k09951645,dabrafenib
L1000,L1000::BRD-K97651142::MCF7::::24H::3.33uM::PBIOA019::H20::BRD-K97651142,BRD-K97651142,brd-k97651142,brd-k97651142
L1000,L1000::dabrafenib::MCF7::::24H::10uM::PBIOA019::M01::BRD-K09951645,dabrafenib,brd-k09951645,dabrafenib
L1000,L1000::dabrafenib::MCF7::::24H::1.11uM::PBIOA019::M03::BRD-K09951645,dabrafenib,brd-k09951645,dabrafenib
L1000,L1000::vorinostat::MCF7::::24H::10uM::PBIOA019::O01::BRD-K81418486,vorinostat,brd-k81418486,vorinostat
L1000,L1000::MK-2206::YAPC::::24H::2.22uM::REP.B023::A19::BRD-K68065987,MK-2206,brd-k68065987,mk-2206
L1000,L1000::avasimibe::YAPC::::24H::0.08uM::REP.B023::B10::BRD-K67901620,avasimibe,brd-k67901620,avasimibe
L1000,L1000::avasimibe::YAPC::::24H::0.01uM::REP.B023::B12::BRD-K67901620,avasimibe,brd-k67901620,avasimibe
L1000,L1000::levamisole::YAPC::::24H::0.25uM::REP.B023::O21::BRD-K73107279,levamisole,brd-k73107279,levamisole
L1000,L1000::probucol::YAPC::::24H::2.22uM::REP.B023::M13::BRD-K72029282,probucol,brd-k72029282,probucol
L1000,L1000::carbamazepine::YAPC::::24H::2.22uM::REP.B023::N01::BRD-K71799949,carbamazepine,brd-k71799949,carbamazepine
L1000,L1000::KX-2391::MCF10A::::24H::2.22uM::REP.B009::F19::BRD-K29968218,KX-2391,brd-k29968218,kx-2391
L1000,L1000::vorinostat::HEPG2::::24H::20uM::DOSVAL002::G13::BRD-K81418486,vorinostat,brd-k81418486,vorinostat
L1000,L1000::vorinostat::HEPG2::::24H::10uM::DOSVAL002::G14::BRD-K81418486,vorinostat,brd-k81418486,vorinostat
L1000,L1000::vorinostat::HEPG2::::24H::4uM::DOSVAL002::G15::BRD-K81418486,vorinostat,brd-k81418486,vorinostat
L1000,L1000::CGP-60474::JURKAT::::24H::0.12uM::LJP007::C23::BRD-K79090631,CGP-60474,brd-k79090631,cgp-60474
L1000,L1000::MLN-0128::JURKAT::::24H::10uM::LJP007::L07::BRD-K59317601,MLN-0128,brd-k59317601,mln-0128
L1000,L1000::NVP-TAE226::JURKAT::::24H::10uM::LJP007::M13::BRD-K21025364,NVP-TAE226,brd-k21025364,nvp-tae226
L1000,L1000::MLN-0128::JURKAT::::24H::0.04uM::LJP007::L12::BRD-K59317601,MLN-0128,brd-k59317601,mln-0128
L1000,L1000::bosutinib::JURKAT::::24H::3.33uM::LJP007::D20::BRD-K99964838,bosutinib,brd-k99964838,bosutinib
L1000,L1000::CGP-60474::JURKAT::::24H::0.37uM::LJP007::C22::BRD-K79090631,CGP-60474,brd-k79090631,cgp-60474
L1000,L1000::TPCA-1::JURKAT::::24H::10uM::LJP007::A19::BRD-K51575138,TPCA-1,brd-k51575138,tpca-1
L1000,L1000::vorinostat::JURKAT::::24H::10uM::LJP007::A03::BRD-K81418486,vorinostat,brd-k81418486,vorinostat
L1000,L1000::AZ-628::JURKAT::::24H::10uM::LJP007::E13::BRD-K05804044,AZ-628,brd-k05804044,az-628
L1000,L1000::PHA-767491::JURKAT::::24H::3.33uM::LJP007::J02::BRD-K50000283,PHA-767491,brd-k50000283,pha-767491
L1000,L1000::OTS-167::JURKAT::::24H::0.04uM::LJP007::O18::BRD-K53417444,OTS-167,brd-k53417444,ots-167
L1000,L1000::AZ-628::JURKAT::::24H::1.11uM::LJP007::E15::BRD-K05804044,AZ-628,brd-k05804044,az-628
L1000,L1000::MLN-0128::JURKAT::::24H::1.11uM::LJP007::L09::BRD-K59317601,MLN-0128,brd-k59317601,mln-0128
L1000,L1000::OTS-167::JURKAT::::24H::10uM::LJP007::O13::BRD-K53417444,OTS-167,brd-k53417444,ots-167
L1000,L1000::vandetanib::JURKAT::::24H::10uM::LJP007::P13::BRD-K77625799,vandetanib,brd-k77625799,vandetanib
L1000,L1000::luteolin::HELA::::24H::10uM::REP.A011::E07::BRD-K05236810,luteolin,brd-k05236810,luteolin
L1000,L1000::PF-04691502::HELA::::24H::3.33uM::REP.A011::N08::BRD-K07310275,PF-04691502,brd-k07310275,pf-04691502
L1000,L1000::UK-383367::HELA::::24H::3.33uM::REP.A011::I02::BRD-K06294530,UK-383367,brd-k06294530,uk-383367
L1000,L1000::UK-383367::HELA::::24H::10uM::REP.A011::I01::BRD-K06294530,UK-383367,brd-k06294530,uk-383367
L1000,L1000::AZ-628::HELA::::24H::3.33uM::REP.A011::H08::BRD-K05804044,AZ-628,brd-k05804044,az-628
L1000,L1000::PF-04691502::HELA::::24H::10uM::REP.A011::N07::BRD-K07310275,PF-04691502,brd-k07310275,pf-04691502
L1000,L1000::minoxidil::HELA::::24H::10uM::REP.A011::L07::BRD-K06902185,minoxidil,brd-k06902185,minoxidil
L1000,L1000::BMS-599626::HELA::::24H::10uM::REP.A011::K19::BRD-K07106112,BMS-599626,brd-k07106112,bms-599626
L1000,L1000::ACY-1215::MCF10A::::24H::2.22uM::REP.B020::H19::BRD-K82928847,ACY-1215,brd-k82928847,acy-1215
L1000,L1000::macitentan::MCF10A::::24H::0.74uM::REP.B020::P02::BRD-K48812570,macitentan,brd-k48812570,macitentan
L1000,L1000::macitentan::MCF10A::::24H::0.25uM::REP.B020::P03::BRD-K48812570,macitentan,brd-k48812570,macitentan
L1000,L1000::podophyllotoxin::MCF10A::::24H::0.08uM::REP.B020::N04::BRD-K47869605,podophyllotoxin,brd-k47869605,podophyllotoxin
L1000,L1000::podophyllotoxin::MCF10A::::24H::2.22uM::REP.B020::N01::BRD-K47869605,podophyllotoxin,brd-k47869605,podophyllotoxin
L1000,L1000::podophyllotoxin::MCF10A::::24H::0.74uM::REP.B020::N02::BRD-K47869605,podophyllotoxin,brd-k47869605,podophyllotoxin
L1000,L1000::CX-4945::MCF7::::24H::0.25uM::REP.B021::C09::BRD-K81458380,CX-4945,brd-k81458380,cx-4945
L1000,L1000::AZD-7762::MCF7::::24H::2.22uM::REP.B021::P07::BRD-K86525559,AZD-7762,brd-k86525559,azd-7762
L1000,L1000::trametinib::XC.P914::::24H::1.11uM::ASG003::N17::BRD-K12343256,trametinib,brd-k12343256,trametinib
L1000,L1000::nocodazole::XC.P914::::24H::1.11uM::ASG003::I02::BRD-K12539581,nocodazole,brd-k12539581,nocodazole
L1000,L1000::ABT-737::XC.P914::::24H::10uM::ASG003::L01::BRD-K56301217,ABT-737,brd-k56301217,abt-737
L1000,L1000::vorinostat::XC.P914::::24H::10uM::ASG003::F04::BRD-K81418486,vorinostat,brd-k81418486,vorinostat
L1000,L1000::palbociclib::XC.P914::::24H::1.11uM::ASG003::K17::BRD-K51313569,palbociclib,brd-k51313569,palbociclib
L1000,L1000::panobinostat::XC.P914::::24H::0.12uM::ASG003::P03::BRD-K02130563,panobinostat,brd-k02130563,panobinostat
L1000,L1000::AZ-628::XC.P914::::24H::1.11uM::ASG003::J14::BRD-K05804044,AZ-628,brd-k05804044,az-628
L1000,L1000::selumetinib::XC.P914::::24H::10uM::ASG003::E04::BRD-K57080016,selumetinib,brd-k57080016,selumetinib
L1000,L1000::panobinostat::XC.P914::::24H::1.11uM::ASG003::P02::BRD-K02130563,panobinostat,brd-k02130563,panobinostat
L1000,L1000::AZ-628::XC.P914::::24H::0.12uM::ASG003::J15::BRD-K05804044,AZ-628,brd-k05804044,az-628
L1000,L1000::JNJ-7706621::XC.P914::::24H::1.11uM::ASG003::L23::BRD-K11636097,JNJ-7706621,brd-k11636097,jnj-7706621
L1000,L1000::masitinib::XC.P914::::24H::10uM::ASG003::P22::BRD-K71035033,masitinib,brd-k71035033,masitinib
L1000,L1000::palbociclib::XC.P914::::24H::10uM::ASG003::K16::BRD-K51313569,palbociclib,brd-k51313569,palbociclib
L1000,L1000::ponatinib::XC.P914::::24H::10uM::ASG003::P13::BRD-K44227013,ponatinib,brd-k44227013,ponatinib
L1000,L1000::dasatinib::XC.P914::::24H::1.11uM::ASG003::N02::BRD-K49328571,dasatinib,brd-k49328571,dasatinib
L1000,L1000::lapatinib::XC.P914::::24H::10uM::ASG003::O07::BRD-K19687926,lapatinib,brd-k19687926,lapatinib
L1000,L1000::AZ-628::XC.P914::::24H::10uM::ASG003::J13::BRD-K05804044,AZ-628,brd-k05804044,az-628
L1000,L1000::nocodazole::XC.P914::::24H::10uM::ASG003::I01::BRD-K12539581,nocodazole,brd-k12539581,nocodazole
L1000,L1000::ponatinib::XC.P914::::24H::1.11uM::ASG003::P14::BRD-K44227013,ponatinib,brd-k44227013,ponatinib
L1000,L1000::panobinostat::XC.P914::::24H::10uM::ASG003::P01::BRD-K02130563,panobinostat,brd-k02130563,panobinostat
L1000,L1000::PI-103::XC.P914::::24H::10uM::ASG003::F13::BRD-K67868012,PI-103,brd-k67868012,pi-103
L1000,L1000::BI-2536::XC.P914::::24H::1.11uM::ASG003::D05::BRD-K64890080,BI-2536,brd-k64890080,bi-2536
L1000,L1000::trametinib::XC.P914::::24H::10uM::ASG003::N16::BRD-K12343256,trametinib,brd-k12343256,trametinib
L1000,L1000::dabrafenib::XC.P914::::24H::1.11uM::ASG003::H17::BRD-K09951645,dabrafenib,brd-k09951645,dabrafenib
L1000,L1000::BI-2536::XC.P914::::24H::10uM::ASG003::D04::BRD-K64890080,BI-2536,brd-k64890080,bi-2536
L1000,L1000::JNJ-7706621::XC.P914::::24H::10uM::ASG003::L22::BRD-K11636097,JNJ-7706621,brd-k11636097,jnj-7706621
L1000,L1000::vemurafenib::XC.P914::::24H::10uM::ASG003::H07::BRD-K56343971,vemurafenib,brd-k56343971,vemurafenib
L1000,L1000::raloxifene::XC.P914::::24H::10uM::ASG003::I13::BRD-K63828191,raloxifene,brd-k63828191,raloxifene
L1000,L1000::ponatinib::XC.P914::::24H::0.12uM::ASG003::P15::BRD-K44227013,ponatinib,brd-k44227013,ponatinib
L1000,L1000::vorinostat::XC.P914::::24H::1.11uM::ASG003::F05::BRD-K81418486,vorinostat,brd-k81418486,vorinostat
L1000,L1000::alvocidib::XC.P914::::24H::0.12uM::ASG003::J21::BRD-K87909389,alvocidib,brd-k87909389,alvocidib
L1000,L1000::trametinib::XC.P914::::24H::0.12uM::ASG003::N18::BRD-K12343256,trametinib,brd-k12343256,trametinib
L1000,L1000::erlotinib::XC.P914::::24H::10uM::ASG003::B16::BRD-K70401845,erlotinib,brd-k70401845,erlotinib
L1000,L1000::PLX-4720::A375::::24H::0.37uM::PBIOA017::N04::BRD-K16478699,PLX-4720,brd-k16478699,plx-4720
L1000,L1000::MK-2206::A375::::24H::10uM::PBIOA017::N13::BRD-K68065987,MK-2206,brd-k68065987,mk-2206
L1000,L1000::BRD-K68252161::A375::::24H::0.04uM::PBIOA017::J24::BRD-K68252161,BRD-K68252161,brd-k68252161,brd-k68252161
L1000,L1000::BRD-K68252161::A375::::24H::10uM::PBIOA017::J19::BRD-K68252161,BRD-K68252161,brd-k68252161,brd-k68252161
L1000,L1000::BRD-K72354379::A375::::24H::10uM::PBIOA017::M19::BRD-K72354379,BRD-K72354379,brd-k72354379,brd-k72354379
L1000,L1000::MK-2206::A375::::24H::0.125uM::PBIOA017::N17::BRD-K68065987,MK-2206,brd-k68065987,mk-2206
L1000,L1000::BRD-K44506257::A375::::24H::0.125uM::PBIOA017::A11::BRD-K44506257,BRD-K44506257,brd-k44506257,brd-k44506257
L1000,L1000::AEG-3482::A375::::24H::3.33uM::PBIOA017::G08::BRD-K77634909,AEG-3482,brd-k77634909,aeg-3482
L1000,L1000::vorinostat::A375::::24H::10uM::PBIOA017::O01::BRD-K81418486,vorinostat,brd-k81418486,vorinostat
L1000,L1000::fasudil::A375::::24H::3.33uM::PBIOA017::H20::BRD-K76617868,fasudil,brd-k76617868,fasudil
L1000,L1000::AEG-3482::A375::::24H::10uM::PBIOA017::G07::BRD-K77634909,AEG-3482,brd-k77634909,aeg-3482
L1000,L1000::masitinib::A375::::24H::10uM::PBIOA017::P13::BRD-K71035033,masitinib,brd-k71035033,masitinib
L1000,L1000::BRD-K78472431::A375::::24H::3.33uM::PBIOA017::E20::BRD-K78472431,BRD-K78472431,brd-k78472431,brd-k78472431
L1000,L1000::BRD-K19826688::A375::::24H::10uM::PBIOA017::B13::BRD-K19826688,BRD-K19826688,brd-k19826688,brd-k19826688
L1000,L1000::PLX-4720::A375::::24H::10uM::PBIOA017::N01::BRD-K16478699,PLX-4720,brd-k16478699,plx-4720
L1000,L1000::PLX-4720::A375::::24H::0.125uM::PBIOA017::N05::BRD-K16478699,PLX-4720,brd-k16478699,plx-4720
L1000,L1000::CX-4945::A375::::24H::10uM::PBIOA017::A19::BRD-K81458380,CX-4945,brd-k81458380,cx-4945
L1000,L1000::CX-4945::A375::::24H::3.33uM::PBIOA017::A20::BRD-K81458380,CX-4945,brd-k81458380,cx-4945
L1000,L1000::BRD-K44506257::A375::::24H::0.37uM::PBIOA017::A10::BRD-K44506257,BRD-K44506257,brd-k44506257,brd-k44506257
L1000,L1000::PLX-4720::A375::::24H::3.33uM::PBIOA017::N02::BRD-K16478699,PLX-4720,brd-k16478699,plx-4720
L1000,L1000::PLX-4720::A375::::24H::1.11uM::PBIOA017::N03::BRD-K16478699,PLX-4720,brd-k16478699,plx-4720
L1000,L1000::masitinib::A375::::24H::3.33uM::PBIOA017::P14::BRD-K71035033,masitinib,brd-k71035033,masitinib
L1000,L1000::PLX-4720::A375::::24H::0.04uM::PBIOA017::N06::BRD-K16478699,PLX-4720,brd-k16478699,plx-4720
L1000,L1000::ABT-702::A375::::24H::10uM::PBIOA017::H07::BRD-K36021395,ABT-702,brd-k36021395,abt-702
L1000,L1000::BRD-K70650803::A375::::24H::10uM::PBIOA017::O19::BRD-K70650803,BRD-K70650803,brd-k70650803,brd-k70650803
L1000,L1000::BRD-K44506257::A375::::24H::3.33uM::PBIOA017::A08::BRD-K44506257,BRD-K44506257,brd-k44506257,brd-k44506257
L1000,L1000::buspirone::MCF7::::24H::3.33uM::REP.A027::L02::BRD-K93461745,buspirone,brd-k93461745,buspirone
L1000,L1000::selumetinib::XC.R10::::24H::10uM::PBIOA005::D10::BRD-K57080016,selumetinib,brd-k57080016,selumetinib
L1000,L1000::BRD-K16862318::XC.R10::::24H::3.33uM::PBIOA005::F14::BRD-K16862318,BRD-K16862318,brd-k16862318,brd-k16862318
L1000,L1000::VU-0418942-1::XC.R10::::24H::3.33uM::PBIOA005::P17::BRD-K16453227,VU-0418942-1,brd-k16453227,vu-0418942-1
L1000,L1000::VU-0418942-1::XC.R10::::24H::10uM::PBIOA005::P16::BRD-K16453227,VU-0418942-1,brd-k16453227,vu-0418942-1
L1000,L1000::panobinostat::XC.R10::::24H::3.33uM::PBIOA005::F02::BRD-K02130563,panobinostat,brd-k02130563,panobinostat
L1000,L1000::selumetinib::XC.R10::::24H::3.33uM::PBIOA005::D11::BRD-K57080016,selumetinib,brd-k57080016,selumetinib
L1000,L1000::panobinostat::XC.R10::::24H::10uM::PBIOA005::F01::BRD-K02130563,panobinostat,brd-k02130563,panobinostat
L1000,L1000::selumetinib::XC.R10::::24H::1.11uM::PBIOA005::D12::BRD-K57080016,selumetinib,brd-k57080016,selumetinib
L1000,L1000::panobinostat::XC.R10::::24H::1.11uM::PBIOA005::F03::BRD-K02130563,panobinostat,brd-k02130563,panobinostat
L1000,L1000::cytochalasin-b::XC.R10::::24H::3.33uM::PBIOA005::M17::BRD-K26664453,cytochalasin-b,brd-k26664453,cytochalasin-b
L1000,L1000::BRD-K89748417::XC.R10::::24H::3.33uM::PBIOA005::H14::BRD-K89748417,BRD-K89748417,brd-k89748417,brd-k89748417
L1000,L1000::BRD-K71364762::XC.R10::::24H::3.33uM::PBIOA005::H23::BRD-K71364762,BRD-K71364762,brd-k71364762,brd-k71364762
L1000,L1000::cytochalasin-b::XC.R10::::24H::10uM::PBIOA005::M16::BRD-K26664453,cytochalasin-b,brd-k26664453,cytochalasin-b
L1000,L1000::BRD-K16862318::XC.R10::::24H::10uM::PBIOA005::F13::BRD-K16862318,BRD-K16862318,brd-k16862318,brd-k16862318
L1000,L1000::regorafenib::XC.R10::::24H::10uM::PBIOA005::O16::BRD-K16730910,regorafenib,brd-k16730910,regorafenib
L1000,L1000::vorinostat::XC.R10::::24H::10uM::PBIOA005::O02::BRD-K81418486,vorinostat,brd-k81418486,vorinostat
L1000,L1000::regorafenib::XC.R10::::24H::3.33uM::PBIOA005::O17::BRD-K16730910,regorafenib,brd-k16730910,regorafenib
L1000,L1000::BRD-K46556387::XC.R10::::24H::10uM::PBIOA005::I04::BRD-K46556387,BRD-K46556387,brd-k46556387,brd-k46556387
L1000,L1000::BRD-K36208737::XC.R10::::24H::3.33uM::PBIOA005::O23::BRD-K36208737,BRD-K36208737,brd-k36208737,brd-k36208737
L1000,L1000::vorinostat::MCF7::::6H::10uM::CRCGN004::B04::BRD-K81418486,vorinostat,brd-k81418486,vorinostat
L1000,L1000::alpha-estradiol::MCF7::::6H::20uM::CRCGN004::K03::BRD-A60070924,alpha-estradiol,brd-a60070924,alpha-estradiol
L1000,L1000::tranilast::MCF7::::6H::10uM::CRCGN004::H10::BRD-K17849083,tranilast,brd-k17849083,tranilast
L1000,L1000::actinomycin-d::MCF7::::6H::10uM::CRCGN004::C15::BRD-A42383464,actinomycin-d,brd-a42383464,actinomycin-d
L1000,L1000::haloperidol::YAPC::::24H::10uM::REP.A017::N07::BRD-K67783091,haloperidol,brd-k67783091,haloperidol
L1000,L1000::GDC-0199::YAPC::::24H::3.33uM::REP.A017::G02::BRD-K62391742,GDC-0199,brd-k62391742,gdc-0199
L1000,L1000::GDC-0199::YAPC::::24H::10uM::REP.A017::G01::BRD-K62391742,GDC-0199,brd-k62391742,gdc-0199
L1000,L1000::RITA::A549::::24H::10uM::ASG002::B13::BRD-K00317371,RITA,brd-k00317371,rita
L1000,L1000::dasatinib::A549::::24H::10uM::ASG002::I07::BRD-K49328571,dasatinib,brd-k49328571,dasatinib
L1000,L1000::panobinostat::A549::::24H::1.11uM::ASG002::D11::BRD-K02130563,panobinostat,brd-k02130563,panobinostat
L1000,L1000::tandutinib::A549::::24H::10uM::ASG002::G16::BRD-K89162000,tandutinib,brd-k89162000,tandutinib
L1000,L1000::nocodazole::A549::::24H::1.11uM::ASG002::B23::BRD-K12539581,nocodazole,brd-k12539581,nocodazole
L1000,L1000::lapatinib::A549::::24H::10uM::ASG002::I13::BRD-K19687926,lapatinib,brd-k19687926,lapatinib
L1000,L1000::lomerizine::A549::::24H::10uM::ASG002::F07::BRD-K62858456,lomerizine,brd-k62858456,lomerizine
L1000,L1000::panobinostat::A549::::24H::10uM::ASG002::D10::BRD-K02130563,panobinostat,brd-k02130563,panobinostat
L1000,L1000::nocodazole::A549::::24H::0.12uM::ASG002::B24::BRD-K12539581,nocodazole,brd-k12539581,nocodazole
L1000,L1000::BI-2536::A549::::24H::1.11uM::ASG002::H02::BRD-K64890080,BI-2536,brd-k64890080,bi-2536
L1000,L1000::palbociclib::A549::::24H::1.11uM::ASG002::P17::BRD-K51313569,palbociclib,brd-k51313569,palbociclib
L1000,L1000::vandetanib::A549::::24H::10uM::ASG002::N19::BRD-K77625799,vandetanib,brd-k77625799,vandetanib
L1000,L1000::selumetinib::A549::::24H::10uM::ASG002::J04::BRD-K57080016,selumetinib,brd-k57080016,selumetinib
L1000,L1000::dabrafenib::A549::::24H::1.11uM::ASG002::K23::BRD-K09951645,dabrafenib,brd-k09951645,dabrafenib
L1000,L1000::panobinostat::A549::::24H::0.12uM::ASG002::D12::BRD-K02130563,panobinostat,brd-k02130563,panobinostat
L1000,L1000::erlotinib::A549::::24H::10uM::ASG002::H16::BRD-K70401845,erlotinib,brd-k70401845,erlotinib
L1000,L1000::trametinib::A549::::24H::1.11uM::ASG002::G08::BRD-K12343256,trametinib,brd-k12343256,trametinib
L1000,L1000::trametinib::A549::::24H::10uM::ASG002::G07::BRD-K12343256,trametinib,brd-k12343256,trametinib
L1000,L1000::JNJ-7706621::A549::::24H::10uM::ASG002::N13::BRD-K11636097,JNJ-7706621,brd-k11636097,jnj-7706621
L1000,L1000::thioridazine::A549::::24H::10uM::ASG002::M19::BRD-A84481105,thioridazine,brd-a84481105,thioridazine
L1000,L1000::RITA::A549::::24H::1.11uM::ASG002::B14::BRD-K00317371,RITA,brd-k00317371,rita
L1000,L1000::vorinostat::A549::::24H::1.11uM::ASG002::G14::BRD-K81418486,vorinostat,brd-k81418486,vorinostat
L1000,L1000::vorinostat::A549::::24H::10uM::ASG002::G13::BRD-K81418486,vorinostat,brd-k81418486,vorinostat
L1000,L1000::GW-501516::A549::::24H::0.12uM::ASG002::N18::BRD-K14880289,GW-501516,brd-k14880289,gw-501516
L1000,L1000::alvocidib::A549::::24H::1.11uM::ASG002::F05::BRD-K87909389,alvocidib,brd-k87909389,alvocidib
L1000,L1000::trametinib::A549::::24H::0.12uM::ASG002::G09::BRD-K12343256,trametinib,brd-k12343256,trametinib
L1000,L1000::AZ-628::A549::::24H::10uM::ASG002::J19::BRD-K05804044,AZ-628,brd-k05804044,az-628
L1000,L1000::alvocidib::A549::::24H::10uM::ASG002::F04::BRD-K87909389,alvocidib,brd-k87909389,alvocidib
L1000,L1000::vemurafenib::A549::::24H::10uM::ASG002::M07::BRD-K56343971,vemurafenib,brd-k56343971,vemurafenib
L1000,L1000::ABT-737::A549::::24H::10uM::ASG002::H19::BRD-K56301217,ABT-737,brd-k56301217,abt-737
L1000,L1000::alectinib::A549::::24H::10uM::ASG002::F19::BRD-K11267252,alectinib,brd-k11267252,alectinib
L1000,L1000::dasatinib::A549::::24H::1.11uM::ASG002::I08::BRD-K49328571,dasatinib,brd-k49328571,dasatinib
L1000,L1000::nocodazole::A549::::24H::10uM::ASG002::B22::BRD-K12539581,nocodazole,brd-k12539581,nocodazole
L1000,L1000::BI-2536::A549::::24H::10uM::ASG002::H01::BRD-K64890080,BI-2536,brd-k64890080,bi-2536
L1000,L1000::PI-103::A549::::24H::10uM::ASG002::O22::BRD-K67868012,PI-103,brd-k67868012,pi-103
L1000,L1000::phorbol-myristate-acetate::HA1E::::24H::0.006uM::REP.B022::D18::BRD-K68552125,phorbol-myristate-acetate,brd-k68552125,phorbol-myristate-acetate
L1000,L1000::erlotinib::HA1E::::24H::0.74uM::REP.B022::G02::BRD-K70401845,erlotinib,brd-k70401845,erlotinib
L1000,L1000::erlotinib::HA1E::::24H::2.22uM::REP.B022::G01::BRD-K70401845,erlotinib,brd-k70401845,erlotinib
L1000,L1000::vorinostat::OCILY19::::24H::2.5uM::AICHI001::G14::BRD-K81418486,vorinostat,brd-k81418486,vorinostat
L1000,L1000::midostaurin::OCILY19::::24H::2.5uM::AICHI001::F20::BRD-K13646352,midostaurin,brd-k13646352,midostaurin
L1000,L1000::sotrastaurin::OCILY19::::24H::2.5uM::AICHI001::D20::BRD-K16761703,sotrastaurin,brd-k16761703,sotrastaurin
L1000,L1000::vorinostat::OCILY19::::24H::10uM::AICHI001::G13::BRD-K81418486,vorinostat,brd-k81418486,vorinostat
L1000,L1000::GDC-0941::OCILY19::::24H::2.5uM::AICHI001::A08::BRD-K52911425,GDC-0941,brd-k52911425,gdc-0941
L1000,L1000::BRD-K16277767::OCILY19::::24H::2.5uM::AICHI001::L08::BRD-K16277767,BRD-K16277767,brd-k16277767,brd-k16277767
L1000,L1000::CX-4945::OCILY19::::24H::10uM::AICHI001::M01::BRD-K81458380,CX-4945,brd-k81458380,cx-4945
L1000,L1000::vorinostat::OCILY19::::24H::0.66uM::AICHI001::G15::BRD-K81418486,vorinostat,brd-k81418486,vorinostat
L1000,L1000::CX-4945::OCILY19::::24H::2.5uM::AICHI001::M02::BRD-K81458380,CX-4945,brd-k81458380,cx-4945
L1000,L1000::sotrastaurin::OCILY19::::24H::10uM::AICHI001::D19::BRD-K16761703,sotrastaurin,brd-k16761703,sotrastaurin
L1000,L1000::GDC-0941::OCILY19::::24H::10uM::AICHI001::I13::BRD-K52911425,GDC-0941,brd-k52911425,gdc-0941
L1000,L1000::midostaurin::OCILY19::::24H::10uM::AICHI001::F19::BRD-K13646352,midostaurin,brd-k13646352,midostaurin
L1000,L1000::fluspirilene::A375::::24H::10uM::REP.A024::L07::BRD-K77947974,fluspirilene,brd-k77947974,fluspirilene
L1000,L1000::IKK-2-inhibitor-V::A375::::24H::1.11uM::REP.A024::C15::BRD-K74305673,IKK-2-inhibitor-V,brd-k74305673,ikk-2-inhibitor-v
L1000,L1000::IKK-2-inhibitor-V::A375::::24H::3.33uM::REP.A024::C14::BRD-K74305673,IKK-2-inhibitor-V,brd-k74305673,ikk-2-inhibitor-v
L1000,L1000::LY-2090314::A375::::24H::3.33uM::REP.A024::L14::BRD-K78055238,LY-2090314,brd-k78055238,ly-2090314
L1000,L1000::doramapimod::A375::::24H::3.33uM::REP.A024::C02::BRD-K74065929,doramapimod,brd-k74065929,doramapimod
L1000,L1000::IKK-2-inhibitor-V::A375::::24H::0.37uM::REP.A024::C16::BRD-K74305673,IKK-2-inhibitor-V,brd-k74305673,ikk-2-inhibitor-v
L1000,L1000::fluspirilene::A375::::24H::3.33uM::REP.A024::L08::BRD-K77947974,fluspirilene,brd-k77947974,fluspirilene
L1000,L1000::LY-2090314::A375::::24H::0.04uM::REP.A024::L18::BRD-K78055238,LY-2090314,brd-k78055238,ly-2090314
L1000,L1000::LY-2090314::A375::::24H::1.11uM::REP.A024::L15::BRD-K78055238,LY-2090314,brd-k78055238,ly-2090314
L1000,L1000::LY-2090314::A375::::24H::10uM::REP.A024::L13::BRD-K78055238,LY-2090314,brd-k78055238,ly-2090314
L1000,L1000::LY-2090314::A375::::24H::0.37uM::REP.A024::L16::BRD-K78055238,LY-2090314,brd-k78055238,ly-2090314
L1000,L1000::enzastaurin::A375::::24H::10uM::REP.A024::P01::BRD-K79404599,enzastaurin,brd-k79404599,enzastaurin
L1000,L1000::cyclizine::A375::::24H::0.37uM::REP.A024::P10::BRD-K79501723,cyclizine,brd-k79501723,cyclizine
L1000,L1000::enzastaurin::A375::::24H::3.33uM::REP.A024::P02::BRD-K79404599,enzastaurin,brd-k79404599,enzastaurin
L1000,L1000::LY-2090314::A375::::24H::0.125uM::REP.A024::L17::BRD-K78055238,LY-2090314,brd-k78055238,ly-2090314
L1000,L1000::IKK-2-inhibitor-V::A375::::24H::10uM::REP.A024::C13::BRD-K74305673,IKK-2-inhibitor-V,brd-k74305673,ikk-2-inhibitor-v
L1000,L1000::vorinostat::HT29::::24H::10uM::DOSVAL003::G14::BRD-K81418486,vorinostat,brd-k81418486,vorinostat
L1000,L1000::troglitazone::HT29::::24H::10uM::DOSVAL003::K11::BRD-A13084692,troglitazone,brd-a13084692,troglitazone
L1000,L1000::vorinostat::HT29::::24H::4uM::DOSVAL003::G15::BRD-K81418486,vorinostat,brd-k81418486,vorinostat
L1000,L1000::vorinostat::HT29::::24H::20uM::DOSVAL003::G13::BRD-K81418486,vorinostat,brd-k81418486,vorinostat
L1000,L1000::JNJ-7706621::XC.P092::::24H::10uM::ASG003::L22::BRD-K11636097,JNJ-7706621,brd-k11636097,jnj-7706621
L1000,L1000::panobinostat::XC.P092::::24H::1.11uM::ASG003::P02::BRD-K02130563,panobinostat,brd-k02130563,panobinostat
L1000,L1000::AZ-628::XC.P092::::24H::10uM::ASG003::J13::BRD-K05804044,AZ-628,brd-k05804044,az-628
L1000,L1000::ponatinib::XC.P092::::24H::1.11uM::ASG003::P14::BRD-K44227013,ponatinib,brd-k44227013,ponatinib
L1000,L1000::nocodazole::XC.P092::::24H::1.11uM::ASG003::I02::BRD-K12539581,nocodazole,brd-k12539581,nocodazole
L1000,L1000::palbociclib::XC.P092::::24H::10uM::ASG003::K16::BRD-K51313569,palbociclib,brd-k51313569,palbociclib
L1000,L1000::BI-2536::XC.P092::::24H::1.11uM::ASG003::D05::BRD-K64890080,BI-2536,brd-k64890080,bi-2536
L1000,L1000::gefitinib::XC.P092::::24H::10uM::ASG003::C13::BRD-K64052750,gefitinib,brd-k64052750,gefitinib
L1000,L1000::panobinostat::XC.P092::::24H::10uM::ASG003::P01::BRD-K02130563,panobinostat,brd-k02130563,panobinostat
L1000,L1000::nocodazole::XC.P092::::24H::10uM::ASG003::I01::BRD-K12539581,nocodazole,brd-k12539581,nocodazole
L1000,L1000::vandetanib::XC.P092::::24H::10uM::ASG003::N22::BRD-K77625799,vandetanib,brd-k77625799,vandetanib
L1000,L1000::ponatinib::XC.P092::::24H::10uM::ASG003::P13::BRD-K44227013,ponatinib,brd-k44227013,ponatinib
L1000,L1000::masitinib::XC.P092::::24H::0.12uM::ASG003::P24::BRD-K71035033,masitinib,brd-k71035033,masitinib
L1000,L1000::trametinib::XC.P092::::24H::10uM::ASG003::N16::BRD-K12343256,trametinib,brd-k12343256,trametinib
L1000,L1000::vorinostat::XC.P092::::24H::10uM::ASG003::F04::BRD-K81418486,vorinostat,brd-k81418486,vorinostat
L1000,L1000::alvocidib::XC.P092::::24H::10uM::ASG003::J19::BRD-K87909389,alvocidib,brd-k87909389,alvocidib
L1000,L1000::BI-2536::XC.P092::::24H::10uM::ASG003::D04::BRD-K64890080,BI-2536,brd-k64890080,bi-2536
L1000,L1000::anagrelide::XC.P092::::24H::0.12uM::ASG003::O15::BRD-K62200014,anagrelide,brd-k62200014,anagrelide
L1000,L1000::ABT-737::XC.P092::::24H::10uM::ASG003::L01::BRD-K56301217,ABT-737,brd-k56301217,abt-737
L1000,L1000::ABT-737::XC.P092::::24H::1.11uM::ASG003::L02::BRD-K56301217,ABT-737,brd-k56301217,abt-737
L1000,L1000::GDC-0199::XC.P092::::24H::10uM::ASG003::F01::BRD-K62391742,GDC-0199,brd-k62391742,gdc-0199
L1000,L1000::alvocidib::XC.P092::::24H::0.12uM::ASG003::J21::BRD-K87909389,alvocidib,brd-k87909389,alvocidib
L1000,L1000::dasatinib::XC.P092::::24H::10uM::ASG003::N01::BRD-K49328571,dasatinib,brd-k49328571,dasatinib
L1000,L1000::panobinostat::XC.P092::::24H::0.12uM::ASG003::P03::BRD-K02130563,panobinostat,brd-k02130563,panobinostat
L1000,L1000::selumetinib::XC.P092::::24H::10uM::ASG003::E04::BRD-K57080016,selumetinib,brd-k57080016,selumetinib
L1000,L1000::alvocidib::XC.P092::::24H::1.11uM::ASG003::J20::BRD-K87909389,alvocidib,brd-k87909389,alvocidib
L1000,L1000::trametinib::XC.P092::::24H::1.11uM::ASG003::N17::BRD-K12343256,trametinib,brd-k12343256,trametinib
L1000,L1000::dasatinib::XC.P092::::24H::0.12uM::ASG003::N03::BRD-K49328571,dasatinib,brd-k49328571,dasatinib
L1000,L1000::dabrafenib::XC.P092::::24H::1.11uM::ASG003::H17::BRD-K09951645,dabrafenib,brd-k09951645,dabrafenib
L1000,L1000::gabapentin::HT29::::24H::2.22uM::REP.B017::M19::BRD-K62737565,gabapentin,brd-k62737565,gabapentin
L1000,L1000::pirenoxine::HT29::::24H::0.25uM::REP.B017::L03::BRD-K65992024,pirenoxine,brd-k65992024,pirenoxine
L1000,L1000::imatinib::THP1::::24H::0.37uM::REP.A027::A22::BRD-K92723993,imatinib,brd-k92723993,imatinib
L1000,L1000::oseltamivir-carboxylate::THP1::::24H::0.37uM::REP.A027::E04::BRD-K93767137,oseltamivir-carboxylate,brd-k93767137,oseltamivir-carboxylate
L1000,L1000::I-BET-762::NPC.CAS9::::24H::10uM::LJP008::I01::BRD-K08109215,I-BET-762,brd-k08109215,i-bet-762
L1000,L1000::MK-1775::NPC.CAS9::::24H::0.12uM::LJP008::A23::BRD-K54256913,MK-1775,brd-k54256913,mk-1775
L1000,L1000::mocetinostat::NPC.CAS9::::24H::0.37uM::LJP008::I10::BRD-K16485616,mocetinostat,brd-k16485616,mocetinostat
L1000,L1000::olaparib::NPC.CAS9::::24H::10uM::LJP008::D01::BRD-K02113016,olaparib,brd-k02113016,olaparib
L1000,L1000::MK-1775::NPC.CAS9::::24H::0.37uM::LJP008::A22::BRD-K54256913,MK-1775,brd-k54256913,mk-1775
L1000,L1000::I-BET-151::NPC.CAS9::::24H::10uM::LJP008::K01::BRD-K36363294,I-BET-151,brd-k36363294,i-bet-151
L1000,L1000::ABT-737::NPC.CAS9::::24H::10uM::LJP008::E01::BRD-K56301217,ABT-737,brd-k56301217,abt-737
L1000,L1000::UNC-0638::NPC.CAS9::::24H::3.33uM::LJP008::M08::BRD-K86856088,UNC-0638,brd-k86856088,unc-0638
L1000,L1000::MK-1775::NPC.CAS9::::24H::0.04uM::LJP008::A24::BRD-K54256913,MK-1775,brd-k54256913,mk-1775
L1000,L1000::ACY-1215::NPC.CAS9::::24H::0.04uM::LJP008::F06::BRD-K82928847,ACY-1215,brd-k82928847,acy-1215
L1000,L1000::RG-108::NPC.CAS9::::24H::0.04uM::LJP008::J24::BRD-K89391146,RG-108,brd-k89391146,rg-108
L1000,L1000::AGK-2::NPC.CAS9::::24H::10uM::LJP008::E19::BRD-K32536677,AGK-2,brd-k32536677,agk-2
L1000,L1000::vorinostat::NPC.CAS9::::24H::1.11uM::LJP008::G09::BRD-K81418486,vorinostat,brd-k81418486,vorinostat
L1000,L1000::UNC-0638::NPC.CAS9::::24H::10uM::LJP008::M07::BRD-K86856088,UNC-0638,brd-k86856088,unc-0638
L1000,L1000::vorinostat::NPC.CAS9::::24H::0.37uM::LJP008::G10::BRD-K81418486,vorinostat,brd-k81418486,vorinostat
L1000,L1000::mocetinostat::NPC.CAS9::::24H::3.33uM::LJP008::I08::BRD-K16485616,mocetinostat,brd-k16485616,mocetinostat
L1000,L1000::dasatinib::NPC.CAS9::::24H::0.12uM::LJP008::G17::BRD-K49328571,dasatinib,brd-k49328571,dasatinib
L1000,L1000::mocetinostat::NPC.CAS9::::24H::1.11uM::LJP008::I09::BRD-K16485616,mocetinostat,brd-k16485616,mocetinostat
L1000,L1000::MK-1775::NPC.CAS9::::24H::3.33uM::LJP008::A20::BRD-K54256913,MK-1775,brd-k54256913,mk-1775
L1000,L1000::BIX-01294::NPC.CAS9::::24H::10uM::LJP008::I13::BRD-K26818574,BIX-01294,brd-k26818574,bix-01294
L1000,L1000::ACY-1215::NPC.CAS9::::24H::1.11uM::LJP008::F03::BRD-K82928847,ACY-1215,brd-k82928847,acy-1215
L1000,L1000::I-BET-762::NPC.CAS9::::24H::3.33uM::LJP008::I02::BRD-K08109215,I-BET-762,brd-k08109215,i-bet-762
L1000,L1000::ABT-737::NPC.CAS9::::24H::1.11uM::LJP008::E03::BRD-K56301217,ABT-737,brd-k56301217,abt-737
L1000,L1000::I-BET-151::NPC.CAS9::::24H::3.33uM::LJP008::K02::BRD-K36363294,I-BET-151,brd-k36363294,i-bet-151
L1000,L1000::mocetinostat::NPC.CAS9::::24H::10uM::LJP008::I07::BRD-K16485616,mocetinostat,brd-k16485616,mocetinostat
L1000,L1000::I-BET-151::NPC.CAS9::::24H::1.11uM::LJP008::K03::BRD-K36363294,I-BET-151,brd-k36363294,i-bet-151
L1000,L1000::MK-1775::NPC.CAS9::::24H::1.11uM::LJP008::A21::BRD-K54256913,MK-1775,brd-k54256913,mk-1775
L1000,L1000::vorinostat::NPC.CAS9::::24H::3.33uM::LJP008::G08::BRD-K81418486,vorinostat,brd-k81418486,vorinostat
L1000,L1000::VE-821::NPC.CAS9::::24H::10uM::LJP008::P07::BRD-K26756394,VE-821,brd-k26756394,ve-821
L1000,L1000::vorinostat::NPC.CAS9::::24H::10uM::LJP008::A03::BRD-K81418486,vorinostat,brd-k81418486,vorinostat
L1000,L1000::ABT-737::NPC.CAS9::::24H::0.37uM::LJP008::E04::BRD-K56301217,ABT-737,brd-k56301217,abt-737
L1000,L1000::NU-7026::NPC.CAS9::::24H::0.12uM::LJP008::O23::BRD-K09537769,NU-7026,brd-k09537769,nu-7026
L1000,L1000::mocetinostat::NPC.CAS9::::24H::0.04uM::LJP008::I12::BRD-K16485616,mocetinostat,brd-k16485616,mocetinostat
L1000,L1000::ACY-1215::NPC.CAS9::::24H::10uM::LJP008::F01::BRD-K82928847,ACY-1215,brd-k82928847,acy-1215
L1000,L1000::MK-1775::NPC.CAS9::::24H::10uM::LJP008::A19::BRD-K54256913,MK-1775,brd-k54256913,mk-1775
L1000,L1000::GSK-J4::NPC.CAS9::::24H::10uM::LJP008::F19::BRD-K98203492,GSK-J4,brd-k98203492,gsk-j4
L1000,L1000::PFI-1::NPC.CAS9::::24H::10uM::LJP008::G01::BRD-K13094524,PFI-1,brd-k13094524,pfi-1
L1000,L1000::mocetinostat::NPC.CAS9::::24H::0.12uM::LJP008::I11::BRD-K16485616,mocetinostat,brd-k16485616,mocetinostat
L1000,L1000::ACY-1215::NPC.CAS9::::24H::3.33uM::LJP008::F02::BRD-K82928847,ACY-1215,brd-k82928847,acy-1215
L1000,L1000::dasatinib::NPC.CAS9::::24H::0.04uM::LJP008::G18::BRD-K49328571,dasatinib,brd-k49328571,dasatinib
L1000,L1000::dasatinib::NPC.CAS9::::24H::10uM::LJP008::G13::BRD-K49328571,dasatinib,brd-k49328571,dasatinib
L1000,L1000::vorinostat::NPC.CAS9::::24H::10uM::LJP008::G07::BRD-K81418486,vorinostat,brd-k81418486,vorinostat
L1000,L1000::IOX2::NPC.CAS9::::24H::1.11uM::LJP008::D15::BRD-K98251413,IOX2,brd-k98251413,iox2
L1000,L1000::prazosin::MCF10A::::24H::2.22uM::REP.B017::D19::BRD-K49111258,prazosin,brd-k49111258,prazosin
L1000,L1000::nocodazole::PC3::::24H::1.11uM::ASG002::B23::BRD-K12539581,nocodazole,brd-k12539581,nocodazole
L1000,L1000::BI-2536::PC3::::24H::1.11uM::ASG002::H02::BRD-K64890080,BI-2536,brd-k64890080,bi-2536
L1000,L1000::ABT-737::PC3::::24H::10uM::ASG002::H19::BRD-K56301217,ABT-737,brd-k56301217,abt-737
L1000,L1000::panobinostat::PC3::::24H::0.12uM::ASG002::D12::BRD-K02130563,panobinostat,brd-k02130563,panobinostat
L1000,L1000::JNJ-7706621::PC3::::24H::1.11uM::ASG002::N14::BRD-K11636097,JNJ-7706621,brd-k11636097,jnj-7706621
L1000,L1000::BI-2536::PC3::::24H::10uM::ASG002::H01::BRD-K64890080,BI-2536,brd-k64890080,bi-2536
L1000,L1000::dabrafenib::PC3::::24H::10uM::ASG002::K22::BRD-K09951645,dabrafenib,brd-k09951645,dabrafenib
L1000,L1000::troglitazone::PC3::::24H::10uM::ASG002::N01::BRD-A13084692,troglitazone,brd-a13084692,troglitazone
L1000,L1000::palbociclib::PC3::::24H::10uM::ASG002::P16::BRD-K51313569,palbociclib,brd-k51313569,palbociclib
L1000,L1000::alvocidib::PC3::::24H::10uM::ASG002::F04::BRD-K87909389,alvocidib,brd-k87909389,alvocidib
L1000,L1000::JNJ-7706621::PC3::::24H::10uM::ASG002::N13::BRD-K11636097,JNJ-7706621,brd-k11636097,jnj-7706621
L1000,L1000::alectinib::PC3::::24H::10uM::ASG002::F19::BRD-K11267252,alectinib,brd-k11267252,alectinib
L1000,L1000::vorinostat::PC3::::24H::1.11uM::ASG002::G14::BRD-K81418486,vorinostat,brd-k81418486,vorinostat
L1000,L1000::GW-501516::PC3::::24H::10uM::ASG002::N16::BRD-K14880289,GW-501516,brd-k14880289,gw-501516
L1000,L1000::RITA::PC3::::24H::10uM::ASG002::B13::BRD-K00317371,RITA,brd-k00317371,rita
L1000,L1000::ABT-737::PC3::::24H::1.11uM::ASG002::H20::BRD-K56301217,ABT-737,brd-k56301217,abt-737
L1000,L1000::panobinostat::PC3::::24H::1.11uM::ASG002::D11::BRD-K02130563,panobinostat,brd-k02130563,panobinostat
L1000,L1000::vemurafenib::PC3::::24H::10uM::ASG002::M07::BRD-K56343971,vemurafenib,brd-k56343971,vemurafenib
L1000,L1000::AZ-628::PC3::::24H::10uM::ASG002::J19::BRD-K05804044,AZ-628,brd-k05804044,az-628
L1000,L1000::ponatinib::PC3::::24H::10uM::ASG002::I19::BRD-K44227013,ponatinib,brd-k44227013,ponatinib
L1000,L1000::nocodazole::PC3::::24H::10uM::ASG002::B22::BRD-K12539581,nocodazole,brd-k12539581,nocodazole
L1000,L1000::vandetanib::PC3::::24H::10uM::ASG002::N19::BRD-K77625799,vandetanib,brd-k77625799,vandetanib
L1000,L1000::PI-103::PC3::::24H::10uM::ASG002::O22::BRD-K67868012,PI-103,brd-k67868012,pi-103
L1000,L1000::vorinostat::PC3::::24H::10uM::ASG002::G13::BRD-K81418486,vorinostat,brd-k81418486,vorinostat
L1000,L1000::GDC-0199::PC3::::24H::10uM::ASG002::J01::BRD-K62391742,GDC-0199,brd-k62391742,gdc-0199
L1000,L1000::dasatinib::PC3::::24H::10uM::ASG002::I07::BRD-K49328571,dasatinib,brd-k49328571,dasatinib
L1000,L1000::palbociclib::PC3::::24H::1.11uM::ASG002::P17::BRD-K51313569,palbociclib,brd-k51313569,palbociclib
L1000,L1000::panobinostat::PC3::::24H::10uM::ASG002::D10::BRD-K02130563,panobinostat,brd-k02130563,panobinostat
L1000,L1000::erlotinib::PC3::::24H::10uM::ASG002::H16::BRD-K70401845,erlotinib,brd-k70401845,erlotinib
L1000,L1000::dasatinib::PC3::::24H::1.11uM::ASG002::I08::BRD-K49328571,dasatinib,brd-k49328571,dasatinib
L1000,L1000::alvocidib::PC3::::24H::1.11uM::ASG002::F05::BRD-K87909389,alvocidib,brd-k87909389,alvocidib
L1000,L1000::nocodazole::PC3::::24H::0.12uM::ASG002::B24::BRD-K12539581,nocodazole,brd-k12539581,nocodazole
L1000,L1000::tosedostat::MCF10A::::24H::3.33uM::REP.A025::D14::BRD-K92241597,tosedostat,brd-k92241597,tosedostat
L1000,L1000::vandetanib::MCF10A::::24H::10uM::REP.A025::K19::BRD-K77625799,vandetanib,brd-k77625799,vandetanib
L1000,L1000::imatinib::MDAMB231::::24H::10uM::REP.A027::A19::BRD-K92723993,imatinib,brd-k92723993,imatinib
L1000,L1000::BI-2536::XC.P915::::24H::10uM::ASG003::D04::BRD-K64890080,BI-2536,brd-k64890080,bi-2536
L1000,L1000::vorinostat::XC.P915::::24H::1.11uM::ASG003::F05::BRD-K81418486,vorinostat,brd-k81418486,vorinostat
L1000,L1000::alvocidib::XC.P915::::24H::0.12uM::ASG003::J21::BRD-K87909389,alvocidib,brd-k87909389,alvocidib
L1000,L1000::PI-103::XC.P915::::24H::10uM::ASG003::F13::BRD-K67868012,PI-103,brd-k67868012,pi-103
L1000,L1000::panobinostat::XC.P915::::24H::1.11uM::ASG003::P02::BRD-K02130563,panobinostat,brd-k02130563,panobinostat
L1000,L1000::palbociclib::XC.P915::::24H::10uM::ASG003::K16::BRD-K51313569,palbociclib,brd-k51313569,palbociclib
L1000,L1000::nocodazole::XC.P915::::24H::1.11uM::ASG003::I02::BRD-K12539581,nocodazole,brd-k12539581,nocodazole
L1000,L1000::RITA::XC.P915::::24H::1.11uM::ASG003::A23::BRD-K00317371,RITA,brd-k00317371,rita
L1000,L1000::RITA::XC.P915::::24H::10uM::ASG003::A22::BRD-K00317371,RITA,brd-k00317371,rita
L1000,L1000::JNJ-7706621::XC.P915::::24H::1.11uM::ASG003::L23::BRD-K11636097,JNJ-7706621,brd-k11636097,jnj-7706621
L1000,L1000::dabrafenib::XC.P915::::24H::1.11uM::ASG003::H17::BRD-K09951645,dabrafenib,brd-k09951645,dabrafenib
L1000,L1000::trametinib::XC.P915::::24H::1.11uM::ASG003::N17::BRD-K12343256,trametinib,brd-k12343256,trametinib
L1000,L1000::erlotinib::XC.P915::::24H::10uM::ASG003::B16::BRD-K70401845,erlotinib,brd-k70401845,erlotinib
L1000,L1000::nocodazole::XC.P915::::24H::0.12uM::ASG003::I03::BRD-K12539581,nocodazole,brd-k12539581,nocodazole
L1000,L1000::panobinostat::XC.P915::::24H::10uM::ASG003::P01::BRD-K02130563,panobinostat,brd-k02130563,panobinostat
L1000,L1000::alvocidib::XC.P915::::24H::10uM::ASG003::J19::BRD-K87909389,alvocidib,brd-k87909389,alvocidib
L1000,L1000::panobinostat::XC.P915::::24H::0.12uM::ASG003::P03::BRD-K02130563,panobinostat,brd-k02130563,panobinostat
L1000,L1000::JNJ-7706621::XC.P915::::24H::10uM::ASG003::L22::BRD-K11636097,JNJ-7706621,brd-k11636097,jnj-7706621
L1000,L1000::selumetinib::XC.P915::::24H::10uM::ASG003::E04::BRD-K57080016,selumetinib,brd-k57080016,selumetinib
L1000,L1000::palbociclib::XC.P915::::24H::1.11uM::ASG003::K17::BRD-K51313569,palbociclib,brd-k51313569,palbociclib
L1000,L1000::BI-2536::XC.P915::::24H::1.11uM::ASG003::D05::BRD-K64890080,BI-2536,brd-k64890080,bi-2536
L1000,L1000::vandetanib::XC.P915::::24H::10uM::ASG003::N22::BRD-K77625799,vandetanib,brd-k77625799,vandetanib
L1000,L1000::trametinib::XC.P915::::24H::0.12uM::ASG003::N18::BRD-K12343256,trametinib,brd-k12343256,trametinib
L1000,L1000::vorinostat::XC.P915::::24H::10uM::ASG003::F04::BRD-K81418486,vorinostat,brd-k81418486,vorinostat
L1000,L1000::ponatinib::XC.P915::::24H::10uM::ASG003::P13::BRD-K44227013,ponatinib,brd-k44227013,ponatinib
L1000,L1000::AZ-628::XC.P915::::24H::1.11uM::ASG003::J14::BRD-K05804044,AZ-628,brd-k05804044,az-628
L1000,L1000::nocodazole::XC.P915::::24H::10uM::ASG003::I01::BRD-K12539581,nocodazole,brd-k12539581,nocodazole
L1000,L1000::tandutinib::XC.P915::::24H::10uM::ASG003::D13::BRD-K89162000,tandutinib,brd-k89162000,tandutinib
L1000,L1000::ponatinib::XC.P915::::24H::1.11uM::ASG003::P14::BRD-K44227013,ponatinib,brd-k44227013,ponatinib
L1000,L1000::vemurafenib::XC.P915::::24H::10uM::ASG003::H07::BRD-K56343971,vemurafenib,brd-k56343971,vemurafenib
L1000,L1000::ABT-737::XC.P915::::24H::10uM::ASG003::L01::BRD-K56301217,ABT-737,brd-k56301217,abt-737
L1000,L1000::trifluoperazine::XC.P915::::24H::10uM::ASG003::P19::BRD-K89732114,trifluoperazine,brd-k89732114,trifluoperazine
L1000,L1000::masitinib::XC.P915::::24H::10uM::ASG003::P22::BRD-K71035033,masitinib,brd-k71035033,masitinib
L1000,L1000::AZ-628::XC.P915::::24H::10uM::ASG003::J13::BRD-K05804044,AZ-628,brd-k05804044,az-628
L1000,L1000::trametinib::XC.P915::::24H::10uM::ASG003::N16::BRD-K12343256,trametinib,brd-k12343256,trametinib
L1000,L1000::BI-2536::HAP1.PIK3CA::::24H::0.66uM::MOAR013::L12::BRD-K64890080,BI-2536,brd-k64890080,bi-2536
L1000,L1000::BI-2536::HAP1.PIK3CA::::24H::3.33uM::MOAR013::L11::BRD-K64890080,BI-2536,brd-k64890080,bi-2536
L1000,L1000::RG-7388::HA1E::::24H::10uM::REP.A018::C07::BRD-K62627508,RG-7388,brd-k62627508,rg-7388
L1000,L1000::BI-2536::HA1E::::24H::0.37uM::REP.A018::I22::BRD-K64890080,BI-2536,brd-k64890080,bi-2536
L1000,L1000::BI-2536::HA1E::::24H::1.11uM::REP.A018::I21::BRD-K64890080,BI-2536,brd-k64890080,bi-2536
L1000,L1000::BI-2536::HA1E::::24H::0.125uM::REP.A018::I23::BRD-K64890080,BI-2536,brd-k64890080,bi-2536
L1000,L1000::BI-2536::HA1E::::24H::0.04uM::REP.A018::I24::BRD-K64890080,BI-2536,brd-k64890080,bi-2536
L1000,L1000::gefitinib::HA1E::::24H::0.37uM::REP.A018::H16::BRD-K64052750,gefitinib,brd-k64052750,gefitinib
L1000,L1000::BI-2536::HA1E::::24H::10uM::REP.A018::I19::BRD-K64890080,BI-2536,brd-k64890080,bi-2536
L1000,L1000::ifosfamide::HA1E::::24H::1.11uM::REP.A018::P03::BRD-A67097164,ifosfamide,brd-a67097164,ifosfamide
L1000,L1000::BI-2536::HA1E::::24H::3.33uM::REP.A018::I20::BRD-K64890080,BI-2536,brd-k64890080,bi-2536
L1000,L1000::rofecoxib::HCC515::::24H::0.37uM::PBIOA017::C16::BRD-K21733600,rofecoxib,brd-k21733600,rofecoxib
L1000,L1000::BRD-K19826688::HCC515::::24H::3.33uM::PBIOA017::B14::BRD-K19826688,BRD-K19826688,brd-k19826688,brd-k19826688
L1000,L1000::MK-2206::HCC515::::24H::0.37uM::PBIOA017::N16::BRD-K68065987,MK-2206,brd-k68065987,mk-2206
L1000,L1000::MK-2206::HCC515::::24H::10uM::PBIOA017::N13::BRD-K68065987,MK-2206,brd-k68065987,mk-2206
L1000,L1000::masitinib::HCC515::::24H::10uM::PBIOA017::P13::BRD-K71035033,masitinib,brd-k71035033,masitinib
L1000,L1000::BRD-K72354379::HCC515::::24H::0.125uM::PBIOA017::M23::BRD-K72354379,BRD-K72354379,brd-k72354379,brd-k72354379
L1000,L1000::PLX-4720::HCC515::::24H::10uM::PBIOA017::N01::BRD-K16478699,PLX-4720,brd-k16478699,plx-4720
L1000,L1000::CX-4945::HCC515::::24H::0.37uM::PBIOA017::A22::BRD-K81458380,CX-4945,brd-k81458380,cx-4945
L1000,L1000::ABT-702::HCC515::::24H::10uM::PBIOA017::H07::BRD-K36021395,ABT-702,brd-k36021395,abt-702
L1000,L1000::PLX-4720::HCC515::::24H::1.11uM::PBIOA017::N03::BRD-K16478699,PLX-4720,brd-k16478699,plx-4720
L1000,L1000::CX-4945::HCC515::::24H::10uM::PBIOA017::A19::BRD-K81458380,CX-4945,brd-k81458380,cx-4945
L1000,L1000::vorinostat::HCC515::::24H::10uM::PBIOA017::O01::BRD-K81418486,vorinostat,brd-k81418486,vorinostat
L1000,L1000::AEG-3482::HCC515::::24H::10uM::PBIOA017::G07::BRD-K77634909,AEG-3482,brd-k77634909,aeg-3482
L1000,L1000::BRD-K19826688::HCC515::::24H::10uM::PBIOA017::B13::BRD-K19826688,BRD-K19826688,brd-k19826688,brd-k19826688
L1000,L1000::R-428::HEPG2::::24H::10uM::PBIOA015::J01::BRD-K14870255,R-428,brd-k14870255,r-428
L1000,L1000::midostaurin::HEPG2::::24H::3.33uM::PBIOA015::O20::BRD-K13646352,midostaurin,brd-k13646352,midostaurin
L1000,L1000::ciclopirox::HEPG2::::24H::3.33uM::PBIOA015::N08::BRD-K13044802,ciclopirox,brd-k13044802,ciclopirox
L1000,L1000::ciclopirox::HEPG2::::24H::10uM::PBIOA015::N07::BRD-K13044802,ciclopirox,brd-k13044802,ciclopirox
L1000,L1000::alsterpaullone::HEPG2::::24H::10uM::PBIOA015::L07::BRD-K17516382,alsterpaullone,brd-k17516382,alsterpaullone
L1000,L1000::midostaurin::HEPG2::::24H::10uM::PBIOA015::O19::BRD-K13646352,midostaurin,brd-k13646352,midostaurin
L1000,L1000::vemurafenib::HEPG2::::24H::10uM::PBIOA015::M01::BRD-K56343971,vemurafenib,brd-k56343971,vemurafenib
L1000,L1000::vemurafenib::HEPG2::::24H::3.33uM::PBIOA015::M02::BRD-K56343971,vemurafenib,brd-k56343971,vemurafenib
L1000,L1000::clofarabine::HEPG2::::24H::10uM::PBIOA015::I13::BRD-K34022604,clofarabine,brd-k34022604,clofarabine
L1000,L1000::alsterpaullone::HEPG2::::24H::3.33uM::PBIOA015::L08::BRD-K17516382,alsterpaullone,brd-k17516382,alsterpaullone
L1000,L1000::clofarabine::HEPG2::::24H::0.125uM::PBIOA015::I17::BRD-K34022604,clofarabine,brd-k34022604,clofarabine
L1000,L1000::vorinostat::HEPG2::::24H::10uM::PBIOA015::O01::BRD-K81418486,vorinostat,brd-k81418486,vorinostat
L1000,L1000::palbociclib::HT29::::24H::2.22uM::REP.B016::A19::BRD-K51313569,palbociclib,brd-k51313569,palbociclib
L1000,L1000::OTS-167::HT29::::24H::2.22uM::REP.B016::O07::BRD-K53417444,OTS-167,brd-k53417444,ots-167
L1000,L1000::MK-1775::HT29::::24H::2.22uM::REP.B016::I19::BRD-K54256913,MK-1775,brd-k54256913,mk-1775
L1000,L1000::palbociclib::HT29::::24H::0.74uM::REP.B016::A20::BRD-K51313569,palbociclib,brd-k51313569,palbociclib
L1000,L1000::OTS-167::HT29::::24H::0.74uM::REP.B016::O08::BRD-K53417444,OTS-167,brd-k53417444,ots-167
L1000,L1000::palonosetron::YAPC::::24H::0.125uM::REP.A005::E17::BRD-K08924299,palonosetron,brd-k08924299,palonosetron
L1000,L1000::dabrafenib::YAPC::::24H::3.33uM::REP.A005::I20::BRD-K09951645,dabrafenib,brd-k09951645,dabrafenib
L1000,L1000::verapamil::YAPC::::24H::3.33uM::REP.A005::J02::BRD-A09533288,verapamil,brd-a09533288,verapamil
L1000,L1000::resveratrol::YAPC::::24H::1.11uM::REP.A005::N21::BRD-K80738081,resveratrol,brd-k80738081,resveratrol
L1000,L1000::I-BET-762::YAPC::::24H::3.33uM::REP.A005::A20::BRD-K08109215,I-BET-762,brd-k08109215,i-bet-762
L1000,L1000::verapamil::YAPC::::24H::10uM::REP.A005::J01::BRD-A09533288,verapamil,brd-a09533288,verapamil
L1000,L1000::tolcapone::YAPC::::24H::3.33uM::REP.A005::K20::BRD-K10852020,tolcapone,brd-k10852020,tolcapone
L1000,L1000::dabrafenib::YAPC::::24H::1.11uM::REP.A005::I21::BRD-K09951645,dabrafenib,brd-k09951645,dabrafenib
L1000,L1000::dabrafenib::YAPC::::24H::10uM::REP.A005::I19::BRD-K09951645,dabrafenib,brd-k09951645,dabrafenib
L1000,L1000::I-BET-762::YAPC::::24H::10uM::REP.A005::A19::BRD-K08109215,I-BET-762,brd-k08109215,i-bet-762
L1000,L1000::NVP-TAE684::HEPG2::::24H::3.33uM::PBIOA020::P02::BRD-K50140147,NVP-TAE684,brd-k50140147,nvp-tae684
L1000,L1000::NVP-TAE684::HEPG2::::24H::0.37uM::PBIOA020::P04::BRD-K50140147,NVP-TAE684,brd-k50140147,nvp-tae684
L1000,L1000::vorinostat::HEPG2::::24H::10uM::PBIOA020::O01::BRD-K81418486,vorinostat,brd-k81418486,vorinostat
L1000,L1000::BRD-K81491172::HEPG2::::24H::10uM::PBIOA020::M13::BRD-K81491172,BRD-K81491172,brd-k81491172,brd-k81491172
L1000,L1000::NVP-TAE684::HEPG2::::24H::1.11uM::PBIOA020::P03::BRD-K50140147,NVP-TAE684,brd-k50140147,nvp-tae684
L1000,L1000::TG-101348::HEPG2::::24H::10uM::PBIOA020::C07::BRD-K12502280,TG-101348,brd-k12502280,tg-101348
L1000,L1000::colchicine::HELA::::24H::1.11uM::REP.A012::A21::BRD-K00259736,colchicine,brd-k00259736,colchicine
L1000,L1000::foretinib::HELA::::24H::10uM::REP.A012::P19::BRD-K03449891,foretinib,brd-k03449891,foretinib
L1000,L1000::colchicine::HELA::::24H::10uM::REP.A012::A19::BRD-K00259736,colchicine,brd-k00259736,colchicine
L1000,L1000::BMS-299897::HELA::::24H::3.33uM::REP.A012::N02::BRD-K02950022,BMS-299897,brd-k02950022,bms-299897
L1000,L1000::colchicine::HELA::::24H::0.37uM::REP.A012::A22::BRD-K00259736,colchicine,brd-k00259736,colchicine
L1000,L1000::CL-218872::HELA::::24H::10uM::REP.A012::D13::BRD-K00662280,CL-218872,brd-k00662280,cl-218872
L1000,L1000::JNJ-38877605::HELA::::24H::10uM::REP.A012::J07::BRD-K02123250,JNJ-38877605,brd-k02123250,jnj-38877605
L1000,L1000::colchicine::HELA::::24H::3.33uM::REP.A012::A20::BRD-K00259736,colchicine,brd-k00259736,colchicine
L1000,L1000::colchicine::HELA::::24H::0.125uM::REP.A012::A23::BRD-K00259736,colchicine,brd-k00259736,colchicine
L1000,L1000::furosemide::A549::::24H::2.22uM::REP.B024::K13::BRD-K78010432,furosemide,brd-k78010432,furosemide
L1000,L1000::LY-2090314::A549::::24H::0.74uM::REP.B024::L14::BRD-K78055238,LY-2090314,brd-k78055238,ly-2090314
L1000,L1000::IKK-2-inhibitor-V::A549::::24H::2.22uM::REP.B024::C13::BRD-K74305673,IKK-2-inhibitor-V,brd-k74305673,ikk-2-inhibitor-v
L1000,L1000::enzastaurin::A549::::24H::0.25uM::REP.B024::P03::BRD-K79404599,enzastaurin,brd-k79404599,enzastaurin
L1000,L1000::LY-2090314::A549::::24H::0.25uM::REP.B024::L15::BRD-K78055238,LY-2090314,brd-k78055238,ly-2090314
L1000,L1000::quiflapon::YAPC::::24H::0.04uM::REP.A014::M24::BRD-K39503511,quiflapon,brd-k39503511,quiflapon
L1000,L1000::triclosan::YAPC::::24H::0.125uM::REP.A014::P23::BRD-K41731458,triclosan,brd-k41731458,triclosan
L1000,L1000::LGX-818::YAPC::::24H::10uM::REP.A014::A19::BRD-A56085258,LGX-818,brd-a56085258,lgx-818
L1000,L1000::triclosan::YAPC::::24H::10uM::REP.A014::P19::BRD-K41731458,triclosan,brd-k41731458,triclosan
L1000,L1000::dasatinib::MNEU.E::::24H::10uM::LJP007::G13::BRD-K49328571,dasatinib,brd-k49328571,dasatinib
L1000,L1000::MLN-0128::MNEU.E::::24H::3.33uM::LJP007::L08::BRD-K59317601,MLN-0128,brd-k59317601,mln-0128
L1000,L1000::vorinostat::MNEU.E::::24H::10uM::LJP007::A03::BRD-K81418486,vorinostat,brd-k81418486,vorinostat
L1000,L1000::OTS-167::MNEU.E::::24H::0.37uM::LJP007::O16::BRD-K53417444,OTS-167,brd-k53417444,ots-167
L1000,L1000::CGP-60474::MNEU.E::::24H::3.33uM::LJP007::C20::BRD-K79090631,CGP-60474,brd-k79090631,cgp-60474
L1000,L1000::PHA-767491::MNEU.E::::24H::3.33uM::LJP007::J02::BRD-K50000283,PHA-767491,brd-k50000283,pha-767491
L1000,L1000::bosutinib::MNEU.E::::24H::3.33uM::LJP007::D20::BRD-K99964838,bosutinib,brd-k99964838,bosutinib
L1000,L1000::CGP-60474::MNEU.E::::24H::10uM::LJP007::C19::BRD-K79090631,CGP-60474,brd-k79090631,cgp-60474
L1000,L1000::TPCA-1::MNEU.E::::24H::10uM::LJP007::A19::BRD-K51575138,TPCA-1,brd-k51575138,tpca-1
L1000,L1000::OTS-167::MNEU.E::::24H::10uM::LJP007::O13::BRD-K53417444,OTS-167,brd-k53417444,ots-167
L1000,L1000::OTS-167::MNEU.E::::24H::0.12uM::LJP007::O17::BRD-K53417444,OTS-167,brd-k53417444,ots-167
L1000,L1000::bosutinib::MNEU.E::::24H::10uM::LJP007::D19::BRD-K99964838,bosutinib,brd-k99964838,bosutinib
L1000,L1000::OTS-167::MNEU.E::::24H::0.04uM::LJP007::O18::BRD-K53417444,OTS-167,brd-k53417444,ots-167
L1000,L1000::CGP-60474::MNEU.E::::24H::0.12uM::LJP007::C23::BRD-K79090631,CGP-60474,brd-k79090631,cgp-60474
L1000,L1000::OTS-167::MNEU.E::::24H::3.33uM::LJP007::O14::BRD-K53417444,OTS-167,brd-k53417444,ots-167
L1000,L1000::CGP-60474::MNEU.E::::24H::1.11uM::LJP007::C21::BRD-K79090631,CGP-60474,brd-k79090631,cgp-60474
L1000,L1000::PHA-767491::MNEU.E::::24H::10uM::LJP007::J01::BRD-K50000283,PHA-767491,brd-k50000283,pha-767491
L1000,L1000::OTS-167::MNEU.E::::24H::1.11uM::LJP007::O15::BRD-K53417444,OTS-167,brd-k53417444,ots-167
L1000,L1000::NVP-TAE226::MNEU.E::::24H::10uM::LJP007::M13::BRD-K21025364,NVP-TAE226,brd-k21025364,nvp-tae226
L1000,L1000::CGP-60474::MNEU.E::::24H::0.37uM::LJP007::C22::BRD-K79090631,CGP-60474,brd-k79090631,cgp-60474
L1000,L1000::phorbol-myristate-acetate::MCF7::::24H::0.025uM::REP.B022::D17::BRD-K68552125,phorbol-myristate-acetate,brd-k68552125,phorbol-myristate-acetate
L1000,L1000::phorbol-myristate-acetate::MCF7::::24H::0.2uM::REP.B022::D15::BRD-K68552125,phorbol-myristate-acetate,brd-k68552125,phorbol-myristate-acetate
L1000,L1000::phorbol-myristate-acetate::MCF7::::24H::0.006uM::REP.B022::D18::BRD-K68552125,phorbol-myristate-acetate,brd-k68552125,phorbol-myristate-acetate
L1000,L1000::BAY-87-2243::MCF7::::24H::0.74uM::REP.B022::H02::BRD-K70463136,BAY-87-2243,brd-k70463136,bay-87-2243
L1000,L1000::phorbol-myristate-acetate::MCF7::::24H::0.66uM::REP.B022::D14::BRD-K68552125,phorbol-myristate-acetate,brd-k68552125,phorbol-myristate-acetate
L1000,L1000::phorbol-myristate-acetate::MCF7::::24H::0.07uM::REP.B022::D16::BRD-K68552125,phorbol-myristate-acetate,brd-k68552125,phorbol-myristate-acetate
L1000,L1000::phorbol-myristate-acetate::MCF7::::24H::1.67uM::REP.B022::D13::BRD-K68552125,phorbol-myristate-acetate,brd-k68552125,phorbol-myristate-acetate
L1000,L1000::nilotinib::HCC515::::24H::3.33uM::PBIOA022::A08::BRD-K81528515,nilotinib,brd-k81528515,nilotinib
L1000,L1000::panobinostat::HCC515::::24H::10uM::PBIOA022::H13::BRD-K02130563,panobinostat,brd-k02130563,panobinostat
L1000,L1000::vorinostat::HCC515::::24H::10uM::PBIOA022::O01::BRD-K81418486,vorinostat,brd-k81418486,vorinostat
L1000,L1000::BRD-K72388814::HCC515::::24H::10uM::PBIOA022::O19::BRD-K72388814,BRD-K72388814,brd-k72388814,brd-k72388814
L1000,L1000::panobinostat::HCC515::::24H::0.04uM::PBIOA022::H18::BRD-K02130563,panobinostat,brd-k02130563,panobinostat
L1000,L1000::nilotinib::HCC515::::24H::0.37uM::PBIOA022::A10::BRD-K81528515,nilotinib,brd-k81528515,nilotinib
L1000,L1000::erlotinib::HCC515::::24H::0.125uM::PBIOA022::P23::BRD-K70401845,erlotinib,brd-k70401845,erlotinib
L1000,L1000::erlotinib::HCC515::::24H::0.37uM::PBIOA022::P22::BRD-K70401845,erlotinib,brd-k70401845,erlotinib
L1000,L1000::avagacestat::HCC515::::24H::3.33uM::PBIOA022::P08::BRD-K83720053,avagacestat,brd-k83720053,avagacestat
L1000,L1000::tosedostat::HCC515::::24H::0.37uM::PBIOA022::M16::BRD-K92241597,tosedostat,brd-k92241597,tosedostat
L1000,L1000::importazole::HCC515::::24H::0.04uM::PBIOA022::K24::BRD-A02481876,importazole,brd-a02481876,importazole
L1000,L1000::erlotinib::HCC515::::24H::3.33uM::PBIOA022::P20::BRD-K70401845,erlotinib,brd-k70401845,erlotinib
L1000,L1000::tacedinaline::HCC515::::24H::3.33uM::PBIOA022::F20::BRD-K52313696,tacedinaline,brd-k52313696,tacedinaline
L1000,L1000::erlotinib::HCC515::::24H::1.11uM::PBIOA022::P21::BRD-K70401845,erlotinib,brd-k70401845,erlotinib
L1000,L1000::nilotinib::HCC515::::24H::10uM::PBIOA022::A07::BRD-K81528515,nilotinib,brd-k81528515,nilotinib
L1000,L1000::BRD-K72388814::HCC515::::24H::0.04uM::PBIOA022::O24::BRD-K72388814,BRD-K72388814,brd-k72388814,brd-k72388814
L1000,L1000::tosedostat::HCC515::::24H::0.125uM::PBIOA022::M17::BRD-K92241597,tosedostat,brd-k92241597,tosedostat
L1000,L1000::tacedinaline::HCC515::::24H::10uM::PBIOA022::F19::BRD-K52313696,tacedinaline,brd-k52313696,tacedinaline
L1000,L1000::BRD-K81335284::HCC515::::24H::1.11uM::PBIOA022::N03::BRD-K81335284,BRD-K81335284,brd-k81335284,brd-k81335284
L1000,L1000::BRD-K95786485::HCC515::::24H::10uM::PBIOA022::H01::BRD-K95786485,BRD-K95786485,brd-k95786485,brd-k95786485
L1000,L1000::erlotinib::HCC515::::24H::10uM::PBIOA022::P19::BRD-K70401845,erlotinib,brd-k70401845,erlotinib
L1000,L1000::panobinostat::HCC515::::24H::0.37uM::PBIOA022::H16::BRD-K02130563,panobinostat,brd-k02130563,panobinostat
L1000,L1000::panobinostat::HCC515::::24H::3.33uM::PBIOA022::H14::BRD-K02130563,panobinostat,brd-k02130563,panobinostat
L1000,L1000::tosedostat::HCC515::::24H::3.33uM::PBIOA022::M14::BRD-K92241597,tosedostat,brd-k92241597,tosedostat
L1000,L1000::VU-0155056::HCC515::::24H::10uM::PBIOA022::E01::BRD-K31406481,VU-0155056,brd-k31406481,vu-0155056
L1000,L1000::panobinostat::HCC515::::24H::0.125uM::PBIOA022::H17::BRD-K02130563,panobinostat,brd-k02130563,panobinostat
L1000,L1000::nilotinib::HCC515::::24H::0.125uM::PBIOA022::A11::BRD-K81528515,nilotinib,brd-k81528515,nilotinib
L1000,L1000::importazole::HCC515::::24H::10uM::PBIOA022::K19::BRD-A02481876,importazole,brd-a02481876,importazole
L1000,L1000::panobinostat::HCC515::::24H::1.11uM::PBIOA022::H15::BRD-K02130563,panobinostat,brd-k02130563,panobinostat
L1000,L1000::nilotinib::HCC515::::24H::0.04uM::PBIOA022::A12::BRD-K81528515,nilotinib,brd-k81528515,nilotinib
L1000,L1000::BIX-01294::HCC515::::24H::10uM::PBIOA022::G07::BRD-K26818574,BIX-01294,brd-k26818574,bix-01294
L1000,L1000::tosedostat::HCC515::::24H::1.11uM::PBIOA022::M15::BRD-K92241597,tosedostat,brd-k92241597,tosedostat
L1000,L1000::tosedostat::HCC515::::24H::10uM::PBIOA022::M13::BRD-K92241597,tosedostat,brd-k92241597,tosedostat
L1000,L1000::trametinib::XC.P936::::24H::1.11uM::ASG003::N17::BRD-K12343256,trametinib,brd-k12343256,trametinib
L1000,L1000::selumetinib::XC.P936::::24H::10uM::ASG003::E04::BRD-K57080016,selumetinib,brd-k57080016,selumetinib
L1000,L1000::BI-2536::XC.P936::::24H::10uM::ASG003::D04::BRD-K64890080,BI-2536,brd-k64890080,bi-2536
L1000,L1000::BI-2536::XC.P936::::24H::1.11uM::ASG003::D05::BRD-K64890080,BI-2536,brd-k64890080,bi-2536
L1000,L1000::ponatinib::XC.P936::::24H::10uM::ASG003::P13::BRD-K44227013,ponatinib,brd-k44227013,ponatinib
L1000,L1000::vorinostat::XC.P936::::24H::1.11uM::ASG003::F05::BRD-K81418486,vorinostat,brd-k81418486,vorinostat
L1000,L1000::AZ-628::XC.P936::::24H::10uM::ASG003::J13::BRD-K05804044,AZ-628,brd-k05804044,az-628
L1000,L1000::alvocidib::XC.P936::::24H::0.12uM::ASG003::J21::BRD-K87909389,alvocidib,brd-k87909389,alvocidib
L1000,L1000::AZ-628::XC.P936::::24H::1.11uM::ASG003::J14::BRD-K05804044,AZ-628,brd-k05804044,az-628
L1000,L1000::alvocidib::XC.P936::::24H::10uM::ASG003::J19::BRD-K87909389,alvocidib,brd-k87909389,alvocidib
L1000,L1000::alvocidib::XC.P936::::24H::1.11uM::ASG003::J20::BRD-K87909389,alvocidib,brd-k87909389,alvocidib
L1000,L1000::JNJ-7706621::XC.P936::::24H::10uM::ASG003::L22::BRD-K11636097,JNJ-7706621,brd-k11636097,jnj-7706621
L1000,L1000::vorinostat::XC.P936::::24H::10uM::ASG003::F04::BRD-K81418486,vorinostat,brd-k81418486,vorinostat
L1000,L1000::sitagliptin::MCF7::::24H::1.11uM::REP.A006::D03::BRD-K19416115,sitagliptin,brd-k19416115,sitagliptin
L1000,L1000::darapladib::MCF7::::24H::10uM::REP.A006::B19::BRD-K19085898,darapladib,brd-k19085898,darapladib
L1000,L1000::vorinostat::PC3::::24H::4uM::DOSVAL004::G15::BRD-K81418486,vorinostat,brd-k81418486,vorinostat
L1000,L1000::vorinostat::PC3::::24H::20uM::DOSVAL004::G13::BRD-K81418486,vorinostat,brd-k81418486,vorinostat
L1000,L1000::vorinostat::PC3::::24H::10uM::DOSVAL004::G14::BRD-K81418486,vorinostat,brd-k81418486,vorinostat
L1000,L1000::troglitazone::PC3::::24H::10uM::DOSVAL004::K11::BRD-A13084692,troglitazone,brd-a13084692,troglitazone
L1000,L1000::BRD-K93830491::PC3::::24H::10uM::DOSVAL004::G05::BRD-K93830491,BRD-K93830491,brd-k93830491,brd-k93830491
L1000,L1000::troglitazone::PC3::::24H::4uM::DOSVAL004::K12::BRD-A13084692,troglitazone,brd-a13084692,troglitazone
L1000,L1000::BRD-K93830491::PC3::::24H::20uM::DOSVAL004::G04::BRD-K93830491,BRD-K93830491,brd-k93830491,brd-k93830491
L1000,L1000::troglitazone::PC3::::24H::20uM::DOSVAL004::K10::BRD-A13084692,troglitazone,brd-a13084692,troglitazone
L1000,L1000::BRD-K38246370::PC3::::24H::20uM::DOSVAL004::H10::BRD-K38246370,BRD-K38246370,brd-k38246370,brd-k38246370
L1000,L1000::vorinostat::BJAB::::3H::2.5uM::EMU001::O02::BRD-K81418486,vorinostat,brd-k81418486,vorinostat
L1000,L1000::vorinostat::BJAB::::3H::0.125uM::EMU001::O04::BRD-K81418486,vorinostat,brd-k81418486,vorinostat
L1000,L1000::vorinostat::BJAB::::3H::10uM::EMU001::O01::BRD-K81418486,vorinostat,brd-k81418486,vorinostat
L1000,L1000::BRD-K94199083::BJAB::::3H::10uM::EMU001::H13::BRD-K94199083,BRD-K94199083,brd-k94199083,brd-k94199083
L1000,L1000::I-BET-762::BJAB::::3H::10uM::EMU001::K19::BRD-K08109215,I-BET-762,brd-k08109215,i-bet-762
L1000,L1000::vorinostat::BJAB::::3H::0.66uM::EMU001::O03::BRD-K81418486,vorinostat,brd-k81418486,vorinostat
L1000,L1000::bosutinib::BJAB::::3H::10uM::EMU001::J19::BRD-K99964838,bosutinib,brd-k99964838,bosutinib
L1000,L1000::vorinostat::HAP1.PRKCQ::::24H::0.66uM::MOAR015::A16::BRD-K81418486,vorinostat,brd-k81418486,vorinostat
L1000,L1000::I-BET-762::HAP1.PRKCQ::::24H::3.33uM::MOAR015::D15::BRD-K08109215,I-BET-762,brd-k08109215,i-bet-762
L1000,L1000::vorinostat::HAP1.PRKCQ::::24H::3.33uM::MOAR015::A15::BRD-K81418486,vorinostat,brd-k81418486,vorinostat
L1000,L1000::vorinostat::HEPG2::::24H::10uM::PBIOA013::O01::BRD-K81418486,vorinostat,brd-k81418486,vorinostat
L1000,L1000::BRD-A69127847::HEPG2::::24H::0.125uM::PBIOA013::M17::BRD-A69127847,BRD-A69127847,brd-a69127847,brd-a69127847
L1000,L1000::BRD-K21274734::HEPG2::::24H::3.33uM::PBIOA013::D14::BRD-K21274734,BRD-K21274734,brd-k21274734,brd-k21274734
L1000,L1000::BRD-K64360401::HEPG2::::24H::1.11uM::PBIOA013::P03::BRD-K64360401,BRD-K64360401,brd-k64360401,brd-k64360401
L1000,L1000::BRD-A43210826::HEPG2::::24H::10uM::PBIOA013::G19::BRD-A43210826,BRD-A43210826,brd-a43210826,brd-a43210826
L1000,L1000::dasatinib::JURKAT::::24H::2.22uM::REP.B019::L13::BRD-K49328571,dasatinib,brd-k49328571,dasatinib
L1000,L1000::doxapram::JURKAT::::24H::0.03uM::REP.B019::F05::BRD-A46179541,doxapram,brd-a46179541,doxapram
L1000,L1000::ketanserin::JURKAT::::24H::0.25uM::REP.B019::N03::BRD-K49671696,ketanserin,brd-k49671696,ketanserin
L1000,L1000::CC-401::JURKAT::::24H::0.74uM::REP.B019::D20::BRD-K45746021,CC-401,brd-k45746021,cc-401
L1000,L1000::CC-401::JURKAT::::24H::0.03uM::REP.B019::D23::BRD-K45746021,CC-401,brd-k45746021,cc-401
L1000,L1000::ketanserin::JURKAT::::24H::0.08uM::REP.B019::N04::BRD-K49671696,ketanserin,brd-k49671696,ketanserin
L1000,L1000::GSK-923295::MCF7::::24H::3.33uM::REP.A008::J08::BRD-K89015388,GSK-923295,brd-k89015388,gsk-923295
L1000,L1000::GSK-923295::MCF7::::24H::10uM::REP.A008::J07::BRD-K89015388,GSK-923295,brd-k89015388,gsk-923295
L1000,L1000::GSK-923295::MCF7::::24H::1.11uM::REP.A008::J09::BRD-K89015388,GSK-923295,brd-k89015388,gsk-923295
L1000,L1000::AMG-487::MCF7::::24H::10uM::REP.A008::K01::BRD-K90239174,AMG-487,brd-k90239174,amg-487
L1000,L1000::BRD-K40075475::A549::::24H::10uM::MOA001::M03::BRD-K40075475,BRD-K40075475,brd-k40075475,brd-k40075475
L1000,L1000::vorinostat::A549::::24H::10uM::MOA001::O11::BRD-K81418486,vorinostat,brd-k81418486,vorinostat
L1000,L1000::GSK-2816126::A549::::24H::10uM::MOA001::M21::BRD-K21867462,GSK-2816126,brd-k21867462,gsk-2816126
L1000,L1000::BRD-K78727929::A549::::24H::3.33uM::MOA001::E22::BRD-K78727929,BRD-K78727929,brd-k78727929,brd-k78727929
L1000,L1000::BRD-K46239287::A549::::24H::10uM::MOA001::G13::BRD-K46239287,BRD-K46239287,brd-k46239287,brd-k46239287
L1000,L1000::BRD-K91041732::A549::::24H::1.11uM::MOA001::D11::BRD-K91041732,BRD-K91041732,brd-k91041732,brd-k91041732
L1000,L1000::BRD-K30973842::A549::::24H::10uM::MOA001::E15::BRD-K30973842,BRD-K30973842,brd-k30973842,brd-k30973842
L1000,L1000::BRD-K50919475::A549::::24H::10uM::MOA001::A07::BRD-K50919475,BRD-K50919475,brd-k50919475,brd-k50919475
L1000,L1000::vorinostat::A549::::24H::3.33uM::MOA001::O12::BRD-K81418486,vorinostat,brd-k81418486,vorinostat
L1000,L1000::harmine::A549::::24H::3.33uM::MOA001::G16::BRD-K30984264,harmine,brd-k30984264,harmine
L1000,L1000::harmine::A549::::24H::10uM::MOA001::G15::BRD-K30984264,harmine,brd-k30984264,harmine
L1000,L1000::vorinostat::A549::::24H::1.11uM::MOA001::P11::BRD-K81418486,vorinostat,brd-k81418486,vorinostat
L1000,L1000::BRD-K78727929::A549::::24H::10uM::MOA001::E21::BRD-K78727929,BRD-K78727929,brd-k78727929,brd-k78727929
L1000,L1000::BRD-K38921908::A549::::24H::1.11uM::MOA001::L07::BRD-K38921908,BRD-K38921908,brd-k38921908,brd-k38921908
L1000,L1000::BRD-K91041732::A549::::24H::0.37uM::MOA001::D12::BRD-K91041732,BRD-K91041732,brd-k91041732,brd-k91041732
L1000,L1000::vorinostat::A549::::24H::0.37uM::MOA001::P12::BRD-K81418486,vorinostat,brd-k81418486,vorinostat
L1000,L1000::BRD-K82710617::A549::::24H::3.33uM::MOA001::G06::BRD-K82710617,BRD-K82710617,brd-k82710617,brd-k82710617
L1000,L1000::BRD-K29965657::A549::::24H::10uM::MOA001::G09::BRD-K29965657,BRD-K29965657,brd-k29965657,brd-k29965657
L1000,L1000::BRD-K91041732::A549::::24H::3.33uM::MOA001::C12::BRD-K91041732,BRD-K91041732,brd-k91041732,brd-k91041732
L1000,L1000::BRD-K38921908::A549::::24H::10uM::MOA001::K07::BRD-K38921908,BRD-K38921908,brd-k38921908,brd-k38921908
L1000,L1000::TL-HRAS-61::A549::::24H::10uM::MOA001::G11::BRD-K01877528,TL-HRAS-61,brd-k01877528,tl-hras-61
L1000,L1000::TL-HRAS-61::A549::::24H::3.33uM::MOA001::G12::BRD-K01877528,TL-HRAS-61,brd-k01877528,tl-hras-61
L1000,L1000::BRD-K38921908::A549::::24H::3.33uM::MOA001::K08::BRD-K38921908,BRD-K38921908,brd-k38921908,brd-k38921908
L1000,L1000::BRD-K91041732::A549::::24H::10uM::MOA001::C11::BRD-K91041732,BRD-K91041732,brd-k91041732,brd-k91041732
L1000,L1000::dasatinib::HA1E::::24H::10uM::PBIOA014::K13::BRD-K49328571,dasatinib,brd-k49328571,dasatinib
L1000,L1000::vorinostat::HA1E::::24H::10uM::PBIOA014::O01::BRD-K81418486,vorinostat,brd-k81418486,vorinostat
L1000,L1000::BRD-A33442372::HA1E::::24H::0.37uM::PBIOA014::N16::BRD-A33442372,BRD-A33442372,brd-a33442372,brd-a33442372
L1000,L1000::BRD-K31455027::HA1E::::24H::0.04uM::PBIOA014::M12::BRD-K31455027,BRD-K31455027,brd-k31455027,brd-k31455027
L1000,L1000::thalidomide::PC3::::24H::10uM::PBIOA021::G01::BRD-A93255169,thalidomide,brd-a93255169,thalidomide
L1000,L1000::CYT-387::PC3::::24H::10uM::PBIOA021::C07::BRD-K87737963,CYT-387,brd-k87737963,cyt-387
L1000,L1000::saracatinib::PC3::::24H::1.11uM::PBIOA021::P03::BRD-K19540840,saracatinib,brd-k19540840,saracatinib
L1000,L1000::BRD-K40156405::PC3::::24H::3.33uM::PBIOA021::E14::BRD-K40156405,BRD-K40156405,brd-k40156405,brd-k40156405
L1000,L1000::vorinostat::PC3::::24H::10uM::PBIOA021::O01::BRD-K81418486,vorinostat,brd-k81418486,vorinostat
L1000,L1000::GO-6976::PC3::::24H::10uM::PBIOA021::D19::BRD-K59304176,GO-6976,brd-k59304176,go-6976
L1000,L1000::CYT-387::PC3::::24H::3.33uM::PBIOA021::C08::BRD-K87737963,CYT-387,brd-k87737963,cyt-387
L1000,L1000::BRD-K00837228::PC3::::24H::0.37uM::PBIOA021::M10::BRD-K00837228,BRD-K00837228,brd-k00837228,brd-k00837228
L1000,L1000::I-BET-762::HAP1.TP53::::24H::3.33uM::MOAR015::D21::BRD-K08109215,I-BET-762,brd-k08109215,i-bet-762
L1000,L1000::I-BET-151::HAP1.TP53::::24H::3.33uM::MOAR015::M21::BRD-K36363294,I-BET-151,brd-k36363294,i-bet-151
L1000,L1000::vorinostat::HAP1.TP53::::24H::3.33uM::MOAR015::A21::BRD-K81418486,vorinostat,brd-k81418486,vorinostat
L1000,L1000::I-BET-762::HAP1.TP53::::24H::0.66uM::MOAR015::D22::BRD-K08109215,I-BET-762,brd-k08109215,i-bet-762
L1000,L1000::vorinostat::HAP1.TP53::::24H::0.66uM::MOAR015::A22::BRD-K81418486,vorinostat,brd-k81418486,vorinostat
L1000,L1000::NVP-TAE226::A549::::24H::3.33uM::LJP007::M14::BRD-K21025364,NVP-TAE226,brd-k21025364,nvp-tae226
L1000,L1000::OTS-167::A549::::24H::3.33uM::LJP007::O14::BRD-K53417444,OTS-167,brd-k53417444,ots-167
L1000,L1000::CGP-60474::A549::::24H::10uM::LJP007::C19::BRD-K79090631,CGP-60474,brd-k79090631,cgp-60474
L1000,L1000::bosutinib::A549::::24H::10uM::LJP007::D19::BRD-K99964838,bosutinib,brd-k99964838,bosutinib
L1000,L1000::CGP-60474::A549::::24H::0.12uM::LJP007::C23::BRD-K79090631,CGP-60474,brd-k79090631,cgp-60474
L1000,L1000::dasatinib::A549::::24H::0.12uM::LJP007::G17::BRD-K49328571,dasatinib,brd-k49328571,dasatinib
L1000,L1000::MLN-0128::A549::::24H::1.11uM::LJP007::L09::BRD-K59317601,MLN-0128,brd-k59317601,mln-0128
L1000,L1000::CGP-60474::A549::::24H::3.33uM::LJP007::C20::BRD-K79090631,CGP-60474,brd-k79090631,cgp-60474
L1000,L1000::CGP-60474::A549::::24H::1.11uM::LJP007::C21::BRD-K79090631,CGP-60474,brd-k79090631,cgp-60474
L1000,L1000::MLN-0128::A549::::24H::10uM::LJP007::L07::BRD-K59317601,MLN-0128,brd-k59317601,mln-0128
L1000,L1000::dasatinib::A549::::24H::1.11uM::LJP007::G15::BRD-K49328571,dasatinib,brd-k49328571,dasatinib
L1000,L1000::PHA-767491::A549::::24H::3.33uM::LJP007::J02::BRD-K50000283,PHA-767491,brd-k50000283,pha-767491
L1000,L1000::OTS-167::A549::::24H::1.11uM::LJP007::O15::BRD-K53417444,OTS-167,brd-k53417444,ots-167
L1000,L1000::CGP-60474::A549::::24H::0.37uM::LJP007::C22::BRD-K79090631,CGP-60474,brd-k79090631,cgp-60474
L1000,L1000::OTS-167::A549::::24H::10uM::LJP007::O13::BRD-K53417444,OTS-167,brd-k53417444,ots-167
L1000,L1000::vandetanib::A549::::24H::10uM::LJP007::P13::BRD-K77625799,vandetanib,brd-k77625799,vandetanib
L1000,L1000::TPCA-1::A549::::24H::10uM::LJP007::A19::BRD-K51575138,TPCA-1,brd-k51575138,tpca-1
L1000,L1000::vorinostat::A549::::24H::10uM::LJP007::A03::BRD-K81418486,vorinostat,brd-k81418486,vorinostat
L1000,L1000::MLN-0128::A549::::24H::0.12uM::LJP007::L11::BRD-K59317601,MLN-0128,brd-k59317601,mln-0128
L1000,L1000::PHA-767491::A549::::24H::10uM::LJP007::J01::BRD-K50000283,PHA-767491,brd-k50000283,pha-767491
L1000,L1000::OTS-167::A549::::24H::0.37uM::LJP007::O16::BRD-K53417444,OTS-167,brd-k53417444,ots-167
L1000,L1000::OTS-167::A549::::24H::0.12uM::LJP007::O17::BRD-K53417444,OTS-167,brd-k53417444,ots-167
L1000,L1000::AZ-628::A549::::24H::3.33uM::LJP007::E14::BRD-K05804044,AZ-628,brd-k05804044,az-628
L1000,L1000::MLN-0128::A549::::24H::3.33uM::LJP007::L08::BRD-K59317601,MLN-0128,brd-k59317601,mln-0128
L1000,L1000::dasatinib::A549::::24H::10uM::LJP007::G13::BRD-K49328571,dasatinib,brd-k49328571,dasatinib
L1000,L1000::masitinib::A549::::24H::10uM::LJP007::I13::BRD-K71035033,masitinib,brd-k71035033,masitinib
L1000,L1000::MLN-0128::A549::::24H::0.37uM::LJP007::L10::BRD-K59317601,MLN-0128,brd-k59317601,mln-0128
L1000,L1000::OTS-167::A549::::24H::0.04uM::LJP007::O18::BRD-K53417444,OTS-167,brd-k53417444,ots-167
L1000,L1000::AZ-628::A549::::24H::10uM::LJP007::E13::BRD-K05804044,AZ-628,brd-k05804044,az-628
L1000,L1000::dasatinib::A549::::24H::3.33uM::LJP007::G14::BRD-K49328571,dasatinib,brd-k49328571,dasatinib
L1000,L1000::NVP-TAE226::A549::::24H::10uM::LJP007::M13::BRD-K21025364,NVP-TAE226,brd-k21025364,nvp-tae226
L1000,L1000::dasatinib::A375::::24H::3.33uM::REP.A019::L14::BRD-K49328571,dasatinib,brd-k49328571,dasatinib
L1000,L1000::dasatinib::A375::::24H::1.11uM::REP.A019::L15::BRD-K49328571,dasatinib,brd-k49328571,dasatinib
L1000,L1000::dasatinib::A375::::24H::0.37uM::REP.A019::L16::BRD-K49328571,dasatinib,brd-k49328571,dasatinib
L1000,L1000::CC-401::A375::::24H::10uM::REP.A019::D19::BRD-K45746021,CC-401,brd-k45746021,cc-401
L1000,L1000::dasatinib::A375::::24H::0.04uM::REP.A019::L18::BRD-K49328571,dasatinib,brd-k49328571,dasatinib
L1000,L1000::dasatinib::A375::::24H::10uM::REP.A019::L13::BRD-K49328571,dasatinib,brd-k49328571,dasatinib
L1000,L1000::GSK-923295::YAPC::::24H::0.37uM::REP.A008::J10::BRD-K89015388,GSK-923295,brd-k89015388,gsk-923295
L1000,L1000::ecabet::YAPC::::24H::10uM::REP.A008::K13::BRD-K03353589,ecabet,brd-k03353589,ecabet
L1000,L1000::nortriptyline::A549::::24H::10uM::REP.A026::J07::BRD-K91263825,nortriptyline,brd-k91263825,nortriptyline
L1000,L1000::alvocidib::A549::::24H::0.37uM::REP.A026::B22::BRD-K87909389,alvocidib,brd-k87909389,alvocidib
L1000,L1000::alvocidib::A549::::24H::0.04uM::REP.A026::B24::BRD-K87909389,alvocidib,brd-k87909389,alvocidib
L1000,L1000::alvocidib::A549::::24H::10uM::REP.A026::B19::BRD-K87909389,alvocidib,brd-k87909389,alvocidib
L1000,L1000::alvocidib::A549::::24H::1.11uM::REP.A026::B21::BRD-K87909389,alvocidib,brd-k87909389,alvocidib
L1000,L1000::alvocidib::A549::::24H::3.33uM::REP.A026::B20::BRD-K87909389,alvocidib,brd-k87909389,alvocidib
L1000,L1000::alvocidib::A549::::24H::0.125uM::REP.A026::B23::BRD-K87909389,alvocidib,brd-k87909389,alvocidib
L1000,L1000::vorinostat::MCF7::::24H::20uM::DOSVAL003::G13::BRD-K81418486,vorinostat,brd-k81418486,vorinostat
L1000,L1000::vorinostat::MCF7::::24H::10uM::DOSVAL003::G14::BRD-K81418486,vorinostat,brd-k81418486,vorinostat
L1000,L1000::vorinostat::MCF7::::24H::4uM::DOSVAL003::G15::BRD-K81418486,vorinostat,brd-k81418486,vorinostat
L1000,L1000::tributyl-phosphate::MCF10A.TP53.M::::24H::30uM::CRCGN017::I20::BRD-K94220674,tributyl-phosphate,brd-k94220674,tributyl-phosphate
L1000,L1000::BRD-K30726764::MCF10A.TP53.M::::24H::100uM::CRCGN017::I16::BRD-K30726764,BRD-K30726764,brd-k30726764,brd-k30726764
L1000,"L1000::3,3'-diindolylmethane::MCF10A.TP53.M::::24H::100uM::CRCGN017::C01::BRD-K37846922","3,3'-diindolylmethane",brd-k37846922,"3,3'-diindolylmethane"
L1000,L1000::vorinostat::MCF10A.TP53.M::::24H::10uM::CRCGN017::C22::BRD-K81418486,vorinostat,brd-k81418486,vorinostat
L1000,L1000::BRD-K57342930::MCF10A.TP53.M::::24H::100uM::CRCGN017::J04::BRD-K57342930,BRD-K57342930,brd-k57342930,brd-k57342930
L1000,L1000::tretinoin::MCF10A.TP53.M::::24H::1.11uM::CRCGN017::D09::BRD-K71879491,tretinoin,brd-k71879491,tretinoin
L1000,L1000::BRD-K77637365::MCF10A.TP53.M::::24H::100uM::CRCGN017::J01::BRD-K77637365,BRD-K77637365,brd-k77637365,brd-k77637365
L1000,L1000::BRD-M47397275::MCF10A.TP53.M::::24H::100uM::CRCGN017::E01::BRD-M47397275,BRD-M47397275,brd-m47397275,brd-m47397275
L1000,L1000::BRD-A06416737::MCF10A.TP53.M::::24H::30uM::CRCGN017::E05::BRD-A06416737,BRD-A06416737,brd-a06416737,brd-a06416737
L1000,L1000::p-rosaniline.hcl::MCF10A.TP53.M::::24H::12uM::CRCGN017::H09::BRD-K92276921,p-rosaniline.hcl,brd-k92276921,p-rosaniline.hcl
L1000,L1000::BRD-K57342930::MCF10A.TP53.M::::24H::30uM::CRCGN017::J05::BRD-K57342930,BRD-K57342930,brd-k57342930,brd-k57342930
L1000,L1000::BRD-K28024289::MCF10A.TP53.M::::24H::100uM::CRCGN017::M13::BRD-K28024289,BRD-K28024289,brd-k28024289,brd-k28024289
L1000,L1000::BRD-K59670716::MCF10A.TP53.M::::24H::30uM::CRCGN017::N17::BRD-K59670716,BRD-K59670716,brd-k59670716,brd-k59670716
L1000,L1000::vorinostat::MCF10A.TP53.M::::24H::3.33uM::CRCGN017::C23::BRD-K81418486,vorinostat,brd-k81418486,vorinostat
L1000,L1000::BRD-M27003720::MCF10A.TP53.M::::24H::100uM::CRCGN017::M04::BRD-M27003720,BRD-M27003720,brd-m27003720,brd-m27003720
L1000,L1000::caffeine::MCF10A.TP53.M::::24H::100uM::CRCGN017::H16::BRD-K02404261,caffeine,brd-k02404261,caffeine
L1000,L1000::BRD-K33314491::MCF10A.TP53.M::::24H::100uM::CRCGN017::E16::BRD-K33314491,BRD-K33314491,brd-k33314491,brd-k33314491
L1000,L1000::emodin::MCF10A.TP53.M::::24H::15uM::CRCGN017::E14::BRD-K58685305,emodin,brd-k58685305,emodin
L1000,L1000::BRD-K59670716::MCF10A.TP53.M::::24H::10uM::CRCGN017::N18::BRD-K59670716,BRD-K59670716,brd-k59670716,brd-k59670716
L1000,L1000::p-rosaniline.hcl::MCF10A.TP53.M::::24H::30uM::CRCGN017::H08::BRD-K92276921,p-rosaniline.hcl,brd-k92276921,p-rosaniline.hcl
L1000,L1000::vorinostat::MCF10A.TP53.M::::24H::1.11uM::CRCGN017::C24::BRD-K81418486,vorinostat,brd-k81418486,vorinostat
L1000,L1000::rotenone::MCF10A.TP53.M::::24H::30uM::CRCGN017::E08::BRD-K08316444,rotenone,brd-k08316444,rotenone
L1000,L1000::BRD-K33314491::MCF10A.TP53.M::::24H::30uM::CRCGN017::E17::BRD-K33314491,BRD-K33314491,brd-k33314491,brd-k33314491
L1000,L1000::BRD-K94592222::MCF10A.TP53.M::::24H::12uM::CRCGN017::P24::BRD-K94592222,BRD-K94592222,brd-k94592222,brd-k94592222
L1000,L1000::rotenone::MCF10A.TP53.M::::24H::12uM::CRCGN017::E09::BRD-K08316444,rotenone,brd-k08316444,rotenone
L1000,L1000::pyocyanin::MCF10A.TP53.M::::24H::30uM::CRCGN017::A14::BRD-K37514970,pyocyanin,brd-k37514970,pyocyanin
L1000,L1000::galangin::MCF10A.TP53.M::::24H::100uM::CRCGN017::A16::BRD-K16503581,galangin,brd-k16503581,galangin
L1000,L1000::pyocyanin::MCF10A.TP53.M::::24H::100uM::CRCGN017::A13::BRD-K37514970,pyocyanin,brd-k37514970,pyocyanin
L1000,L1000::rotenone::MCF10A.TP53.M::::24H::100uM::CRCGN017::E07::BRD-K08316444,rotenone,brd-k08316444,rotenone
L1000,L1000::BRD-K59670716::MCF10A.TP53.M::::24H::100uM::CRCGN017::N16::BRD-K59670716,BRD-K59670716,brd-k59670716,brd-k59670716
L1000,L1000::emodin::MCF10A.TP53.M::::24H::50uM::CRCGN017::E13::BRD-K58685305,emodin,brd-k58685305,emodin
L1000,L1000::o-aminoazotoluene::MCF10A.TP53.M::::24H::100uM::CRCGN017::I01::BRD-K89604161,o-aminoazotoluene,brd-k89604161,o-aminoazotoluene
L1000,L1000::galangin::MCF10A.TP53.M::::24H::30uM::CRCGN017::A17::BRD-K16503581,galangin,brd-k16503581,galangin
L1000,L1000::UK-383367::PC3::::24H::10uM::REP.A011::I01::BRD-K06294530,UK-383367,brd-k06294530,uk-383367
L1000,L1000::PF-04691502::PC3::::24H::0.125uM::REP.A011::N11::BRD-K07310275,PF-04691502,brd-k07310275,pf-04691502
L1000,L1000::PD-184352::PC3::::24H::10uM::REP.A011::E01::BRD-K05104363,PD-184352,brd-k05104363,pd-184352
L1000,L1000::minoxidil::PC3::::24H::0.125uM::REP.A011::L11::BRD-K06902185,minoxidil,brd-k06902185,minoxidil
L1000,L1000::PF-04691502::PC3::::24H::0.37uM::REP.A011::N10::BRD-K07310275,PF-04691502,brd-k07310275,pf-04691502
L1000,L1000::PF-04691502::PC3::::24H::10uM::REP.A011::N07::BRD-K07310275,PF-04691502,brd-k07310275,pf-04691502
L1000,L1000::PF-04691502::PC3::::24H::3.33uM::REP.A011::N08::BRD-K07310275,PF-04691502,brd-k07310275,pf-04691502
L1000,L1000::PF-04691502::PC3::::24H::1.11uM::REP.A011::N09::BRD-K07310275,PF-04691502,brd-k07310275,pf-04691502
L1000,L1000::LDN-193189::HS578T::::3H::10uM::LJP005::G01::BRD-K04853698,LDN-193189,brd-k04853698,ldn-193189
L1000,L1000::CGP-60474::HS578T::::3H::3.33uM::LJP005::F02::BRD-K79090631,CGP-60474,brd-k79090631,cgp-60474
L1000,L1000::CYT-387::HS578T::::3H::0.04uM::LJP005::P12::BRD-K87737963,CYT-387,brd-k87737963,cyt-387
L1000,L1000::MLN-0128::PC3::::24H::0.37uM::REP.A015::L04::BRD-K59317601,MLN-0128,brd-k59317601,mln-0128
L1000,L1000::MLN-0128::PC3::::24H::0.125uM::REP.A015::L05::BRD-K59317601,MLN-0128,brd-k59317601,mln-0128
L1000,L1000::rasagiline::PC3::::24H::0.04uM::REP.A015::H24::BRD-K58114536,rasagiline,brd-k58114536,rasagiline
L1000,L1000::MLN-0128::PC3::::24H::10uM::REP.A015::L01::BRD-K59317601,MLN-0128,brd-k59317601,mln-0128
L1000,L1000::MLN-0128::PC3::::24H::1.11uM::REP.A015::L03::BRD-K59317601,MLN-0128,brd-k59317601,mln-0128
L1000,L1000::gliclazide::PC3::::24H::1.11uM::REP.A015::P03::BRD-A61154809,gliclazide,brd-a61154809,gliclazide
L1000,L1000::aminolevulinic-acid::PC3::::24H::0.04uM::REP.A015::H12::BRD-K57631554,aminolevulinic-acid,brd-k57631554,aminolevulinic-acid
L1000,L1000::vemurafenib::PC3::::24H::10uM::REP.A015::D13::BRD-K56343971,vemurafenib,brd-k56343971,vemurafenib
L1000,L1000::MLN-0128::PC3::::24H::3.33uM::REP.A015::L02::BRD-K59317601,MLN-0128,brd-k59317601,mln-0128
L1000,L1000::ABT-737::PC3::::24H::10uM::REP.A015::D07::BRD-K56301217,ABT-737,brd-k56301217,abt-737
L1000,L1000::mebendazole::PC3::::24H::10uM::REP.A015::I01::BRD-K77987382,mebendazole,brd-k77987382,mebendazole
L1000,L1000::MLN-0128::PC3::::24H::0.04uM::REP.A015::L06::BRD-K59317601,MLN-0128,brd-k59317601,mln-0128
L1000,L1000::mebendazole::PC3::::24H::3.33uM::REP.A015::I02::BRD-K77987382,mebendazole,brd-k77987382,mebendazole
L1000,L1000::propentofylline::PC3::::24H::0.37uM::REP.A015::K04::BRD-K59273480,propentofylline,brd-k59273480,propentofylline
L1000,L1000::dasatinib::NPC::::24H::0.12uM::LJP009::G17::BRD-K49328571,dasatinib,brd-k49328571,dasatinib
L1000,L1000::dabrafenib::NPC::::24H::10uM::LJP009::H07::BRD-K09951645,dabrafenib,brd-k09951645,dabrafenib
L1000,L1000::BI-2536::NPC::::24H::10uM::LJP009::B19::BRD-U70626184,BI-2536,brd-u70626184,bi-2536
L1000,L1000::PF-573228::NPC::::24H::0.12uM::LJP009::J11::BRD-K79239947,PF-573228,brd-k79239947,pf-573228
L1000,L1000::BAY-61-3606::NPC::::24H::10uM::LJP009::H01::BRD-K53281329,BAY-61-3606,brd-k53281329,bay-61-3606
L1000,L1000::chelerythrine::NPC::::24H::3.33uM::LJP009::F20::BRD-K87904882,chelerythrine,brd-k87904882,chelerythrine
L1000,L1000::regorafenib::NPC::::24H::10uM::LJP009::N07::BRD-K16730910,regorafenib,brd-k16730910,regorafenib
L1000,L1000::ponatinib::NPC::::24H::3.33uM::LJP009::E20::BRD-K44227013,ponatinib,brd-k44227013,ponatinib
L1000,L1000::olaparib::NPC::::24H::0.04uM::LJP009::P24::BRD-K02113016,olaparib,brd-k02113016,olaparib
L1000,L1000::PF-573228::NPC::::24H::3.33uM::LJP009::J08::BRD-K79239947,PF-573228,brd-k79239947,pf-573228
L1000,L1000::vorinostat::NPC::::24H::10uM::LJP009::A03::BRD-K81418486,vorinostat,brd-k81418486,vorinostat
L1000,L1000::dasatinib::NPC::::24H::10uM::LJP009::G13::BRD-K49328571,dasatinib,brd-k49328571,dasatinib
L1000,L1000::saracatinib::NPC::::24H::10uM::LJP009::B13::BRD-U07805514,saracatinib,brd-u07805514,saracatinib
L1000,L1000::CGP-60474::NPC::::24H::0.04uM::LJP009::C24::BRD-K79090631,CGP-60474,brd-k79090631,cgp-60474
L1000,L1000::ponatinib::NPC::::24H::0.12uM::LJP009::E23::BRD-K44227013,ponatinib,brd-k44227013,ponatinib
L1000,L1000::GSK-2334470::NPC::::24H::10uM::LJP009::L01::BRD-K70642949,GSK-2334470,brd-k70642949,gsk-2334470
L1000,L1000::BAY-61-3606::NPC::::24H::3.33uM::LJP009::H02::BRD-K53281329,BAY-61-3606,brd-k53281329,bay-61-3606
L1000,L1000::saracatinib::NPC::::24H::3.33uM::LJP009::B14::BRD-U07805514,saracatinib,brd-u07805514,saracatinib
L1000,L1000::chelerythrine::NPC::::24H::0.37uM::LJP009::F22::BRD-K87904882,chelerythrine,brd-k87904882,chelerythrine
L1000,L1000::olaparib::NPC::::24H::0.12uM::LJP009::P23::BRD-K02113016,olaparib,brd-k02113016,olaparib
L1000,L1000::dabrafenib::NPC::::24H::1.11uM::LJP009::H09::BRD-K09951645,dabrafenib,brd-k09951645,dabrafenib
L1000,L1000::NVP-BHG712::NPC::::24H::10uM::LJP009::H19::BRD-K79259477,NVP-BHG712,brd-k79259477,nvp-bhg712
L1000,L1000::AZD-7762::NPC::::24H::10uM::LJP009::B07::BRD-U86686840,AZD-7762,brd-u86686840,azd-7762
L1000,L1000::ponatinib::NPC::::24H::0.37uM::LJP009::E22::BRD-K44227013,ponatinib,brd-k44227013,ponatinib
L1000,L1000::chelerythrine::NPC::::24H::1.11uM::LJP009::F21::BRD-K87904882,chelerythrine,brd-k87904882,chelerythrine
L1000,L1000::BI-2536::SHSY5Y::::24H::10uM::LJP009::B19::BRD-U70626184,BI-2536,brd-u70626184,bi-2536
L1000,L1000::BAY-61-3606::SHSY5Y::::24H::3.33uM::LJP009::H02::BRD-K53281329,BAY-61-3606,brd-k53281329,bay-61-3606
L1000,L1000::CGP-60474::SHSY5Y::::24H::1.11uM::LJP009::C21::BRD-K79090631,CGP-60474,brd-k79090631,cgp-60474
L1000,L1000::dabrafenib::SHSY5Y::::24H::10uM::LJP009::H07::BRD-K09951645,dabrafenib,brd-k09951645,dabrafenib
L1000,L1000::dasatinib::SHSY5Y::::24H::0.04uM::LJP009::G18::BRD-K49328571,dasatinib,brd-k49328571,dasatinib
L1000,L1000::GSK-2334470::SHSY5Y::::24H::10uM::LJP009::L01::BRD-K70642949,GSK-2334470,brd-k70642949,gsk-2334470
L1000,L1000::JNJ-38877605::SHSY5Y::::24H::0.04uM::LJP009::E18::BRD-K02123250,JNJ-38877605,brd-k02123250,jnj-38877605
L1000,L1000::CC-401::SHSY5Y::::24H::10uM::LJP009::K19::BRD-K45746021,CC-401,brd-k45746021,cc-401
L1000,L1000::dasatinib::SHSY5Y::::24H::0.12uM::LJP009::G17::BRD-K49328571,dasatinib,brd-k49328571,dasatinib
L1000,L1000::dasatinib::SHSY5Y::::24H::0.37uM::LJP009::G16::BRD-K49328571,dasatinib,brd-k49328571,dasatinib
L1000,L1000::dasatinib::SHSY5Y::::24H::3.33uM::LJP009::G14::BRD-K49328571,dasatinib,brd-k49328571,dasatinib
L1000,L1000::NVP-BHG712::SHSY5Y::::24H::10uM::LJP009::H19::BRD-K79259477,NVP-BHG712,brd-k79259477,nvp-bhg712
L1000,L1000::ponatinib::SHSY5Y::::24H::10uM::LJP009::E19::BRD-K44227013,ponatinib,brd-k44227013,ponatinib
L1000,L1000::BAY-61-3606::SHSY5Y::::24H::10uM::LJP009::H01::BRD-K53281329,BAY-61-3606,brd-k53281329,bay-61-3606
L1000,L1000::dasatinib::SHSY5Y::::24H::1.11uM::LJP009::G15::BRD-K49328571,dasatinib,brd-k49328571,dasatinib
L1000,L1000::vorinostat::SHSY5Y::::24H::10uM::LJP009::A03::BRD-K81418486,vorinostat,brd-k81418486,vorinostat
L1000,L1000::CGP-60474::SHSY5Y::::24H::3.33uM::LJP009::C20::BRD-K79090631,CGP-60474,brd-k79090631,cgp-60474
L1000,L1000::probucol::MCF10A::::24H::10uM::REP.A023::M13::BRD-K72029282,probucol,brd-k72029282,probucol
L1000,L1000::MK-2206::MCF10A::::24H::0.04uM::REP.A023::A24::BRD-K68065987,MK-2206,brd-k68065987,mk-2206
L1000,L1000::diacerein::MCF10A::::24H::10uM::REP.A023::F19::BRD-K69122748,diacerein,brd-k69122748,diacerein
L1000,L1000::carbamazepine::MCF10A::::24H::1.11uM::REP.A023::N03::BRD-K71799949,carbamazepine,brd-k71799949,carbamazepine
L1000,L1000::MK-2206::MCF10A::::24H::0.37uM::REP.A023::A22::BRD-K68065987,MK-2206,brd-k68065987,mk-2206
L1000,L1000::MK-2206::MCF10A::::24H::1.11uM::REP.A023::A21::BRD-K68065987,MK-2206,brd-k68065987,mk-2206
L1000,L1000::MK-2206::MCF10A::::24H::3.33uM::REP.A023::A20::BRD-K68065987,MK-2206,brd-k68065987,mk-2206
L1000,L1000::sertindole::MCF10A::::24H::10uM::REP.A023::E19::BRD-K69116396,sertindole,brd-k69116396,sertindole
L1000,L1000::MK-2206::MCF10A::::24H::10uM::REP.A023::A19::BRD-K68065987,MK-2206,brd-k68065987,mk-2206
L1000,L1000::sertindole::MCF10A::::24H::0.04uM::REP.A023::E24::BRD-K69116396,sertindole,brd-k69116396,sertindole
L1000,L1000::avasimibe::MCF10A::::24H::10uM::REP.A023::B07::BRD-K67901620,avasimibe,brd-k67901620,avasimibe
L1000,L1000::saracatinib::A375::::24H::2.22uM::REP.B004::L07::BRD-K19540840,saracatinib,brd-k19540840,saracatinib
L1000,L1000::ofloxacin::A375::::24H::0.25uM::REP.B004::N03::BRD-A24228527,ofloxacin,brd-a24228527,ofloxacin
L1000,L1000::camicinal::A375::::24H::2.22uM::REP.B004::M07::BRD-K23248433,camicinal,brd-k23248433,camicinal
L1000,L1000::KPT-330::A375::::24H::0.74uM::REP.B004::E14::BRD-K21361524,KPT-330,brd-k21361524,kpt-330
L1000,L1000::KPT-330::A375::::24H::2.22uM::REP.B004::E13::BRD-K21361524,KPT-330,brd-k21361524,kpt-330
L1000,L1000::KPT-330::A375::::24H::0.25uM::REP.B004::E15::BRD-K21361524,KPT-330,brd-k21361524,kpt-330
L1000,L1000::KPT-330::A375::::24H::0.08uM::REP.B004::E16::BRD-K21361524,KPT-330,brd-k21361524,kpt-330
L1000,L1000::perhexiline::A375::::24H::0.08uM::REP.B004::D16::BRD-A19633847,perhexiline,brd-a19633847,perhexiline
L1000,L1000::ponatinib::HELA::::24H::10uM::LJP009::E19::BRD-K44227013,ponatinib,brd-k44227013,ponatinib
L1000,L1000::dabrafenib::HELA::::24H::3.33uM::LJP009::H08::BRD-K09951645,dabrafenib,brd-k09951645,dabrafenib
L1000,L1000::dabrafenib::HELA::::24H::0.37uM::LJP009::H10::BRD-K09951645,dabrafenib,brd-k09951645,dabrafenib
L1000,L1000::CC-401::HELA::::24H::10uM::LJP009::K19::BRD-K45746021,CC-401,brd-k45746021,cc-401
L1000,L1000::ponatinib::HELA::::24H::3.33uM::LJP009::E20::BRD-K44227013,ponatinib,brd-k44227013,ponatinib
L1000,L1000::dasatinib::HELA::::24H::10uM::LJP009::G13::BRD-K49328571,dasatinib,brd-k49328571,dasatinib
L1000,L1000::alectinib::HELA::::24H::0.12uM::LJP009::I23::BRD-K11267252,alectinib,brd-k11267252,alectinib
L1000,L1000::regorafenib::HELA::::24H::10uM::LJP009::N07::BRD-K16730910,regorafenib,brd-k16730910,regorafenib
L1000,L1000::saracatinib::HELA::::24H::3.33uM::LJP009::B14::BRD-U07805514,saracatinib,brd-u07805514,saracatinib
L1000,L1000::dabrafenib::HELA::::24H::1.11uM::LJP009::H09::BRD-K09951645,dabrafenib,brd-k09951645,dabrafenib
L1000,L1000::GSK-2334470::HELA::::24H::10uM::LJP009::L01::BRD-K70642949,GSK-2334470,brd-k70642949,gsk-2334470
L1000,L1000::CGP-60474::HELA::::24H::0.04uM::LJP009::C24::BRD-K79090631,CGP-60474,brd-k79090631,cgp-60474
L1000,L1000::BAY-61-3606::HELA::::24H::3.33uM::LJP009::H02::BRD-K53281329,BAY-61-3606,brd-k53281329,bay-61-3606
L1000,L1000::BAY-61-3606::HELA::::24H::10uM::LJP009::H01::BRD-K53281329,BAY-61-3606,brd-k53281329,bay-61-3606
L1000,L1000::NVP-BHG712::HELA::::24H::10uM::LJP009::H19::BRD-K79259477,NVP-BHG712,brd-k79259477,nvp-bhg712
L1000,L1000::saracatinib::HELA::::24H::10uM::LJP009::B13::BRD-U07805514,saracatinib,brd-u07805514,saracatinib
L1000,L1000::AZD-7762::HELA::::24H::10uM::LJP009::B07::BRD-U86686840,AZD-7762,brd-u86686840,azd-7762
L1000,L1000::GSK-2334470::HELA::::24H::1.11uM::LJP009::L03::BRD-K70642949,GSK-2334470,brd-k70642949,gsk-2334470
L1000,L1000::dasatinib::HELA::::24H::1.11uM::LJP009::G15::BRD-K49328571,dasatinib,brd-k49328571,dasatinib
L1000,L1000::ponatinib::HELA::::24H::1.11uM::LJP009::E21::BRD-K44227013,ponatinib,brd-k44227013,ponatinib
L1000,L1000::dasatinib::HELA::::24H::3.33uM::LJP009::G14::BRD-K49328571,dasatinib,brd-k49328571,dasatinib
L1000,L1000::olaparib::HELA::::24H::0.37uM::LJP009::P22::BRD-K02113016,olaparib,brd-k02113016,olaparib
L1000,L1000::vorinostat::HELA::::24H::10uM::LJP009::A03::BRD-K81418486,vorinostat,brd-k81418486,vorinostat
L1000,L1000::dasatinib::YAPC::::24H::1.11uM::REP.A019::L15::BRD-K49328571,dasatinib,brd-k49328571,dasatinib
L1000,L1000::proglumide::YAPC::::24H::0.04uM::REP.A019::B12::BRD-A44863528,proglumide,brd-a44863528,proglumide
L1000,L1000::dasatinib::YAPC::::24H::0.37uM::REP.A019::L16::BRD-K49328571,dasatinib,brd-k49328571,dasatinib
L1000,L1000::dasatinib::YAPC::::24H::10uM::REP.A019::L13::BRD-K49328571,dasatinib,brd-k49328571,dasatinib
L1000,L1000::CTS-1027::YAPC::::24H::0.125uM::REP.A019::P23::BRD-K53508936,CTS-1027,brd-k53508936,cts-1027
L1000,L1000::CTS-1027::YAPC::::24H::0.37uM::REP.A019::P22::BRD-K53508936,CTS-1027,brd-k53508936,cts-1027
L1000,L1000::CC-401::YAPC::::24H::10uM::REP.A019::D19::BRD-K45746021,CC-401,brd-k45746021,cc-401
L1000,L1000::dasatinib::YAPC::::24H::3.33uM::REP.A019::L14::BRD-K49328571,dasatinib,brd-k49328571,dasatinib
L1000,L1000::CTS-1027::YAPC::::24H::1.11uM::REP.A019::P21::BRD-K53508936,CTS-1027,brd-k53508936,cts-1027
L1000,L1000::vorinostat::HEPG2::::3H::10uM::CRCGN014::M14::BRD-K81418486,vorinostat,brd-k81418486,vorinostat
L1000,L1000::glutaraldehyde::HEPG2::::3H::40uM::CRCGN014::N08::BRD-K61394468,glutaraldehyde,brd-k61394468,glutaraldehyde
L1000,L1000::propyl-gallate::HEPG2::::3H::40uM::CRCGN014::D24::BRD-K80400967,propyl-gallate,brd-k80400967,propyl-gallate
L1000,L1000::emodin::HEPG2::::3H::20uM::CRCGN014::L12::BRD-K58685305,emodin,brd-k58685305,emodin
L1000,L1000::vorinostat::HEPG2::::3H::20uM::CRCGN014::N12::BRD-K81418486,vorinostat,brd-k81418486,vorinostat
L1000,L1000::hexachlorocyclopentadiene::HEPG2::::3H::40uM::CRCGN014::D07::BRD-K38101625,hexachlorocyclopentadiene,brd-k38101625,hexachlorocyclopentadiene
L1000,L1000::tolazamide::HEPG2::::3H::40uM::CRCGN014::P22::BRD-K32164935,tolazamide,brd-k32164935,tolazamide
L1000,L1000::BRD-K06421846::HEPG2::::3H::20uM::CRCGN014::F14::BRD-K06421846,BRD-K06421846,brd-k06421846,brd-k06421846
L1000,L1000::vorinostat::HEPG2::::3H::4uM::CRCGN014::M15::BRD-K81418486,vorinostat,brd-k81418486,vorinostat
L1000,L1000::BRD-A08316103::HEPG2::::3H::40uM::CRCGN014::H05::BRD-A08316103,BRD-A08316103,brd-a08316103,brd-a08316103
L1000,L1000::trans-cinnamaldehyde::HEPG2::::3H::40uM::CRCGN014::C16::BRD-K26875402,trans-cinnamaldehyde,brd-k26875402,trans-cinnamaldehyde
L1000,L1000::endosulfan::HEPG2::::3H::40uM::CRCGN014::H13::BRD-A63289646,endosulfan,brd-a63289646,endosulfan
L1000,L1000::iodoform::HEPG2::::3H::40uM::CRCGN014::M20::BRD-K98162554,iodoform,brd-k98162554,iodoform
L1000,L1000::vorinostat::HEPG2::::3H::20uM::CRCGN014::L05::BRD-K81418486,vorinostat,brd-k81418486,vorinostat
L1000,L1000::BRD-K78679331::HEPG2::::3H::40uM::CRCGN014::D09::BRD-K78679331,BRD-K78679331,brd-k78679331,brd-k78679331
L1000,L1000::triphenyl-phosphate::HEPG2::::3H::40uM::CRCGN014::M02::BRD-K84396282,triphenyl-phosphate,brd-k84396282,triphenyl-phosphate
L1000,L1000::rotenone::HEPG2::::3H::40uM::CRCGN014::F21::BRD-K08316444,rotenone,brd-k08316444,rotenone
L1000,L1000::o-aminoazotoluene::HEPG2::::3H::40uM::CRCGN014::B22::BRD-K89604161,o-aminoazotoluene,brd-k89604161,o-aminoazotoluene
L1000,L1000::BRD-K02093472::HEPG2::::3H::40uM::CRCGN014::P07::BRD-K02093472,BRD-K02093472,brd-k02093472,brd-k02093472
L1000,L1000::BRD-A73119586::HEPG2::::3H::20uM::CRCGN014::I17::BRD-A73119586,BRD-A73119586,brd-a73119586,brd-a73119586
L1000,L1000::BRD-K47904921::HEPG2::::3H::20uM::CRCGN014::I05::BRD-K47904921,BRD-K47904921,brd-k47904921,brd-k47904921
L1000,L1000::BRD-K03934491::HEPG2::::3H::40uM::CRCGN014::L09::BRD-K03934491,BRD-K03934491,brd-k03934491,brd-k03934491
L1000,L1000::dibutyltin-diacetate::HEPG2::::3H::40uM::CRCGN014::E06::BRD-K52413425,dibutyltin-diacetate,brd-k52413425,dibutyltin-diacetate
L1000,L1000::BRD-K00074324::HEPG2::::3H::40uM::CRCGN014::M01::BRD-K00074324,BRD-K00074324,brd-k00074324,brd-k00074324
L1000,L1000::tretinoin::HEPG2::::3H::40uM::CRCGN014::D04::BRD-K06926592,tretinoin,brd-k06926592,tretinoin
L1000,L1000::triclosan::HEPG2::::3H::40uM::CRCGN014::M21::BRD-K41731458,triclosan,brd-k41731458,triclosan
L1000,L1000::BRD-K76688164::HEPG2::::3H::20uM::CRCGN014::O20::BRD-K76688164,BRD-K76688164,brd-k76688164,brd-k76688164
L1000,L1000::BRD-K22552152::HEPG2::::3H::40uM::CRCGN014::J22::BRD-K22552152,BRD-K22552152,brd-k22552152,brd-k22552152
L1000,L1000::hexylresorcinol::HEPG2::::3H::40uM::CRCGN014::E19::BRD-K99946902,hexylresorcinol,brd-k99946902,hexylresorcinol
L1000,L1000::BRD-K70333305::HEPG2::::3H::40uM::CRCGN014::J23::BRD-K70333305,BRD-K70333305,brd-k70333305,brd-k70333305
L1000,L1000::BRD-K53581917::HEPG2::::3H::40uM::CRCGN014::H03::BRD-K53581917,BRD-K53581917,brd-k53581917,brd-k53581917
L1000,L1000::p-rosaniline.hcl::HEPG2::::3H::40uM::CRCGN014::G03::BRD-K92276921,p-rosaniline.hcl,brd-k92276921,p-rosaniline.hcl
L1000,L1000::BRD-K88135829::HEPG2::::3H::20uM::CRCGN014::J15::BRD-K88135829,BRD-K88135829,brd-k88135829,brd-k88135829
L1000,L1000::auramine-o::HEPG2::::3H::40uM::CRCGN014::H21::BRD-K57602059,auramine-o,brd-k57602059,auramine-o
L1000,L1000::BRD-K65508953::HEPG2::::3H::20uM::CRCGN014::H24::BRD-K65508953,BRD-K65508953,brd-k65508953,brd-k65508953
L1000,L1000::BRD-K52150534::HEPG2::::3H::40uM::CRCGN014::H08::BRD-K52150534,BRD-K52150534,brd-k52150534,brd-k52150534
L1000,L1000::BRD-K78662443::HEPG2::::3H::20uM::CRCGN014::I07::BRD-K78662443,BRD-K78662443,brd-k78662443,brd-k78662443
L1000,L1000::vorinostat::HEPG2::::3H::2.5uM::CRCGN014::M23::BRD-K81418486,vorinostat,brd-k81418486,vorinostat
L1000,L1000::BRD-K45689979::HEPG2::::3H::40uM::CRCGN014::N09::BRD-K45689979,BRD-K45689979,brd-k45689979,brd-k45689979
L1000,L1000::BRD-K69464193::HEPG2::::3H::40uM::CRCGN014::P03::BRD-K69464193,BRD-K69464193,brd-k69464193,brd-k69464193
L1000,L1000::clotrimazole::HEPG2::::3H::20uM::CRCGN014::F22::BRD-K15916496,clotrimazole,brd-k15916496,clotrimazole
L1000,L1000::edaravone::HEPG2::::3H::40uM::CRCGN014::G22::BRD-K35458079,edaravone,brd-k35458079,edaravone
L1000,L1000::O-PHENYLENEDIAMINE.2HCL::HEPG2::::3H::40uM::CRCGN014::H02::BRD-K48920366,O-PHENYLENEDIAMINE.2HCL,brd-k48920366,o-phenylenediamine.2hcl
L1000,L1000::BRD-K03324036::HEPG2::::3H::20uM::CRCGN014::J10::BRD-K03324036,BRD-K03324036,brd-k03324036,brd-k03324036
L1000,L1000::sulfafurazole::HEPG2::::3H::40uM::CRCGN014::O14::BRD-K50859149,sulfafurazole,brd-k50859149,sulfafurazole
L1000,L1000::LDN-193189::MCF7::::24H::3.33uM::POL001::I20::BRD-K04853698,LDN-193189,brd-k04853698,ldn-193189
L1000,L1000::vorinostat::MCF7::::24H::10uM::POL001::O01::BRD-K81418486,vorinostat,brd-k81418486,vorinostat
L1000,L1000::vorinostat::MCF7::::24H::0.37uM::POL001::O04::BRD-K81418486,vorinostat,brd-k81418486,vorinostat
L1000,L1000::rotenone::MCF7::::24H::12uM::POL001::D01::BRD-K08316444,rotenone,brd-k08316444,rotenone
L1000,L1000::LDN-193189::MCF7::::24H::10uM::POL001::I19::BRD-K04853698,LDN-193189,brd-k04853698,ldn-193189
L1000,L1000::vorinostat::MCF7::::24H::3.33uM::POL001::O02::BRD-K81418486,vorinostat,brd-k81418486,vorinostat
L1000,L1000::rotenone::MCF7::::24H::0.37uM::POL001::D04::BRD-K08316444,rotenone,brd-k08316444,rotenone
L1000,L1000::quercetin::MCF7::::24H::10uM::POL001::F19::BRD-K97399794,quercetin,brd-k97399794,quercetin
L1000,L1000::alvocidib::MCF7::::24H::3.33uM::POL001::J02::BRD-K87909389,alvocidib,brd-k87909389,alvocidib
L1000,L1000::alvocidib::MCF7::::24H::10uM::POL001::J01::BRD-K87909389,alvocidib,brd-k87909389,alvocidib
L1000,L1000::alvocidib::MCF7::::24H::0.37uM::POL001::J04::BRD-K87909389,alvocidib,brd-k87909389,alvocidib
L1000,L1000::rotenone::MCF7::::24H::4uM::POL001::D02::BRD-K08316444,rotenone,brd-k08316444,rotenone
L1000,L1000::rotenone::MCF7::::24H::0.125uM::POL001::D05::BRD-K08316444,rotenone,brd-k08316444,rotenone
L1000,L1000::JG-98::MCF7::::24H::4uM::POL001::O07::BRD-U06877554,JG-98,brd-u06877554,jg-98
L1000,L1000::rotenone::MCF7::::24H::0.05uM::POL001::D06::BRD-K08316444,rotenone,brd-k08316444,rotenone
L1000,L1000::rotenone::MCF7::::24H::1.25uM::POL001::D03::BRD-K08316444,rotenone,brd-k08316444,rotenone
L1000,L1000::alvocidib::MCF7::::24H::1.11uM::POL001::J03::BRD-K87909389,alvocidib,brd-k87909389,alvocidib
L1000,L1000::vorinostat::MCF7::::24H::1.11uM::POL001::O03::BRD-K81418486,vorinostat,brd-k81418486,vorinostat
L1000,L1000::VER-155008::HA1E::::24H::12uM::MUC.CP008::M19::BRD-K32330832,VER-155008,brd-k32330832,ver-155008
L1000,L1000::endo-IWR-1::HA1E::::24H::0.125uM::MUC.CP008::M17::BRD-K61314889,endo-IWR-1,brd-k61314889,endo-iwr-1
L1000,L1000::TG-101348::HA1E::::24H::3.33uM::MUC.CP008::N14::BRD-K12502280,TG-101348,brd-k12502280,tg-101348
L1000,L1000::LGX-818::HA1E::::24H::10uM::MUC.CP008::N07::BRD-A56085258,LGX-818,brd-a56085258,lgx-818
L1000,L1000::TPCA-1::HA1E::::24H::10uM::MUC.CP008::E07::BRD-K51575138,TPCA-1,brd-k51575138,tpca-1
L1000,L1000::TG-101348::HA1E::::24H::10uM::MUC.CP008::N13::BRD-K12502280,TG-101348,brd-k12502280,tg-101348
L1000,L1000::TPCA-1::HA1E::::24H::3.33uM::MUC.CP008::E08::BRD-K51575138,TPCA-1,brd-k51575138,tpca-1
L1000,L1000::TG-101348::HA1E::::24H::1.11uM::MUC.CP008::N15::BRD-K12502280,TG-101348,brd-k12502280,tg-101348
L1000,L1000::BRD-K70739429::HA1E::::24H::10uM::MUC.CP008::I07::BRD-K70739429,BRD-K70739429,brd-k70739429,brd-k70739429
L1000,L1000::tirofiban::HT29::::24H::0.74uM::REP.B013::C08::BRD-K37872686,tirofiban,brd-k37872686,tirofiban
L1000,L1000::MK-2206::MCF7::::24H::0.125uM::REP.A023::A23::BRD-K68065987,MK-2206,brd-k68065987,mk-2206
L1000,L1000::MK-2206::MCF7::::24H::10uM::REP.A023::A19::BRD-K68065987,MK-2206,brd-k68065987,mk-2206
L1000,L1000::MK-2206::MCF7::::24H::1.11uM::REP.A023::A21::BRD-K68065987,MK-2206,brd-k68065987,mk-2206
L1000,L1000::MK-2206::MCF7::::24H::0.37uM::REP.A023::A22::BRD-K68065987,MK-2206,brd-k68065987,mk-2206
L1000,L1000::carbamazepine::MCF7::::24H::3.33uM::REP.A023::N02::BRD-K71799949,carbamazepine,brd-k71799949,carbamazepine
L1000,L1000::sertindole::MCF7::::24H::10uM::REP.A023::E19::BRD-K69116396,sertindole,brd-k69116396,sertindole
L1000,L1000::avasimibe::MCF7::::24H::0.125uM::REP.A023::B11::BRD-K67901620,avasimibe,brd-k67901620,avasimibe
L1000,L1000::diacerein::MCF7::::24H::1.11uM::REP.A023::F21::BRD-K69122748,diacerein,brd-k69122748,diacerein
L1000,L1000::avasimibe::MCF7::::24H::10uM::REP.A023::B07::BRD-K67901620,avasimibe,brd-k67901620,avasimibe
L1000,L1000::MK-2206::MCF7::::24H::3.33uM::REP.A023::A20::BRD-K68065987,MK-2206,brd-k68065987,mk-2206
L1000,L1000::ifosfamide::JURKAT::::24H::0.25uM::REP.B018::P03::BRD-A67097164,ifosfamide,brd-a67097164,ifosfamide
L1000,L1000::TPCA-1::A549::::24H::10uM::PBIOA014::I01::BRD-K51575138,TPCA-1,brd-k51575138,tpca-1
L1000,L1000::BRD-K47456901::A549::::24H::10uM::PBIOA014::N01::BRD-K47456901,BRD-K47456901,brd-k47456901,brd-k47456901
L1000,L1000::dasatinib::A549::::24H::1.11uM::PBIOA014::K15::BRD-K49328571,dasatinib,brd-k49328571,dasatinib
L1000,L1000::vorinostat::A549::::24H::10uM::PBIOA014::O01::BRD-K81418486,vorinostat,brd-k81418486,vorinostat
L1000,L1000::midostaurin::MCF10A::::24H::3.33uM::REP.A010::I02::BRD-K13646352,midostaurin,brd-k13646352,midostaurin
L1000,L1000::R-428::MCF10A::::24H::10uM::REP.A010::L19::BRD-K14870255,R-428,brd-k14870255,r-428
L1000,L1000::midostaurin::MCF10A::::24H::10uM::REP.A010::I01::BRD-K13646352,midostaurin,brd-k13646352,midostaurin
L1000,L1000::R-428::MCF10A::::24H::3.33uM::REP.A010::L20::BRD-K14870255,R-428,brd-k14870255,r-428
L1000,L1000::chrysin::HELA::::24H::10uM::REP.A006::M01::BRD-K22861715,chrysin,brd-k22861715,chrysin
L1000,L1000::sitagliptin::HELA::::24H::1.11uM::REP.A006::D03::BRD-K19416115,sitagliptin,brd-k19416115,sitagliptin
L1000,L1000::medetomidine::HELA::::24H::3.33uM::REP.A006::I08::BRD-A21607826,medetomidine,brd-a21607826,medetomidine
L1000,L1000::cariporide::HELA::::24H::0.125uM::REP.A006::J11::BRD-K21670884,cariporide,brd-k21670884,cariporide
L1000,L1000::castanospermine::HELA::::24H::0.37uM::REP.A006::H10::BRD-K20897876,castanospermine,brd-k20897876,castanospermine
L1000,L1000::luteolin::HELA::::24H::0.25uM::REP.B011::E09::BRD-K05236810,luteolin,brd-k05236810,luteolin
L1000,L1000::BMS-599626::HELA::::24H::0.74uM::REP.B011::K20::BRD-K07106112,BMS-599626,brd-k07106112,bms-599626
L1000,L1000::PF-04691502::HELA::::24H::0.74uM::REP.B011::N08::BRD-K07310275,PF-04691502,brd-k07310275,pf-04691502
L1000,L1000::PF-04691502::HELA::::24H::2.22uM::REP.B011::N07::BRD-K07310275,PF-04691502,brd-k07310275,pf-04691502
L1000,L1000::fluorouracil::PC3::::24H::10uM::MOAR001::H10::BRD-K24844714,fluorouracil,brd-k24844714,fluorouracil
L1000,L1000::FCCP::PC3::::24H::4uM::MOAR001::A13::BRD-K14821540,FCCP,brd-k14821540,fccp
L1000,L1000::VU-0238429::PC3::::24H::10uM::MOAR001::D22::BRD-K24187789,VU-0238429,brd-k24187789,vu-0238429
L1000,L1000::NVP-TAE684::PC3::::24H::3.33uM::MOAR001::D17::BRD-K50140147,NVP-TAE684,brd-k50140147,nvp-tae684
L1000,L1000::SC-12267::PC3::::24H::10uM::MOAR001::H19::BRD-K40797222,SC-12267,brd-k40797222,sc-12267
L1000,L1000::VU-0238429::PC3::::24H::3.33uM::MOAR001::D23::BRD-K24187789,VU-0238429,brd-k24187789,vu-0238429
L1000,L1000::NVP-TAE684::PC3::::24H::10uM::MOAR001::D16::BRD-K50140147,NVP-TAE684,brd-k50140147,nvp-tae684
L1000,L1000::AMG-9810::PC3::::24H::10uM::MOAR001::I22::BRD-K01995783,AMG-9810,brd-k01995783,amg-9810
L1000,L1000::AZD-7762::PC3::::24H::10uM::MOAR001::O16::BRD-K46056750,AZD-7762,brd-k46056750,azd-7762
L1000,L1000::AZD-7762::PC3::::24H::3.33uM::MOAR001::O17::BRD-K46056750,AZD-7762,brd-k46056750,azd-7762
L1000,L1000::FCCP::PC3::::24H::1.25uM::MOAR001::A14::BRD-K14821540,FCCP,brd-k14821540,fccp
L1000,L1000::buspirone::A375::::24H::0.125uM::REP.A027::L05::BRD-K93461745,buspirone,brd-k93461745,buspirone
L1000,L1000::vortioxetine::MCF7::::24H::0.25uM::REP.B016::I09::BRD-K53963539,vortioxetine,brd-k53963539,vortioxetine
L1000,L1000::OTS-167::MCF7::::24H::0.03uM::REP.B016::O11::BRD-K53417444,OTS-167,brd-k53417444,ots-167
L1000,L1000::OTS-167::MCF7::::24H::2.22uM::REP.B016::O07::BRD-K53417444,OTS-167,brd-k53417444,ots-167
L1000,L1000::OTS-167::MCF7::::24H::0.74uM::REP.B016::O08::BRD-K53417444,OTS-167,brd-k53417444,ots-167
L1000,L1000::OTS-167::MCF7::::24H::0.25uM::REP.B016::O09::BRD-K53417444,OTS-167,brd-k53417444,ots-167
L1000,L1000::MK-1775::MCF7::::24H::2.22uM::REP.B016::I19::BRD-K54256913,MK-1775,brd-k54256913,mk-1775
L1000,L1000::palbociclib::MCF7::::24H::2.22uM::REP.B016::A19::BRD-K51313569,palbociclib,brd-k51313569,palbociclib
L1000,L1000::palbociclib::MCF7::::24H::0.03uM::REP.B016::A23::BRD-K51313569,palbociclib,brd-k51313569,palbociclib
L1000,L1000::OTS-167::MCF7::::24H::0.08uM::REP.B016::O10::BRD-K53417444,OTS-167,brd-k53417444,ots-167
L1000,L1000::palbociclib::MCF7::::24H::0.74uM::REP.B016::A20::BRD-K51313569,palbociclib,brd-k51313569,palbociclib
L1000,L1000::I-BET-151::A375::::24H::0.66uM::MOAR019::M09::BRD-K36363294,I-BET-151,brd-k36363294,i-bet-151
L1000,L1000::BI-2536::A375::::24H::3.33uM::MOAR019::L13::BRD-K64890080,BI-2536,brd-k64890080,bi-2536
L1000,L1000::trametinib::A375::::24H::3.33uM::MOAR019::A16::BRD-K12343256,trametinib,brd-k12343256,trametinib
L1000,L1000::bosutinib::A375::::24H::3.33uM::MOAR019::E02::BRD-K99964838,bosutinib,brd-k99964838,bosutinib
L1000,L1000::palbociclib::A375::::24H::0.66uM::MOAR019::K23::BRD-K51313569,palbociclib,brd-k51313569,palbociclib
L1000,L1000::vorinostat::A375::::24H::0.66uM::MOAR019::A09::BRD-K81418486,vorinostat,brd-k81418486,vorinostat
L1000,L1000::dasatinib::A375::::24H::0.66uM::MOAR019::K19::BRD-K49328571,dasatinib,brd-k49328571,dasatinib
L1000,L1000::palbociclib::A375::::24H::3.33uM::MOAR019::K17::BRD-K51313569,palbociclib,brd-k51313569,palbociclib
L1000,L1000::LY-2835219::A375::::24H::3.33uM::MOAR019::F05::BRD-K33622447,LY-2835219,brd-k33622447,ly-2835219
L1000,L1000::LY-2835219::A375::::24H::0.66uM::MOAR019::F23::BRD-K33622447,LY-2835219,brd-k33622447,ly-2835219
L1000,L1000::bromosporine::A375::::24H::3.33uM::MOAR019::F02::BRD-K44665581,bromosporine,brd-k44665581,bromosporine
L1000,L1000::masitinib::A375::::24H::3.33uM::MOAR019::N02::BRD-K71035033,masitinib,brd-k71035033,masitinib
L1000,L1000::midostaurin::A375::::24H::3.33uM::MOAR019::N03::BRD-K13646352,midostaurin,brd-k13646352,midostaurin
L1000,L1000::bromosporine::A375::::24H::3.33uM::MOAR019::F14::BRD-K44665581,bromosporine,brd-k44665581,bromosporine
L1000,L1000::PD-184352::A375::::24H::3.33uM::MOAR019::M02::BRD-K05104363,PD-184352,brd-k05104363,pd-184352
L1000,L1000::BI-2536::A375::::24H::0.66uM::MOAR019::L07::BRD-K64890080,BI-2536,brd-k64890080,bi-2536
L1000,L1000::bosutinib::A375::::24H::0.66uM::MOAR019::E08::BRD-K99964838,bosutinib,brd-k99964838,bosutinib
L1000,L1000::TG-101348::A375::::24H::3.33uM::MOAR019::I13::BRD-K12502280,TG-101348,brd-k12502280,tg-101348
L1000,L1000::I-BET-762::A375::::24H::3.33uM::MOAR019::D03::BRD-K08109215,I-BET-762,brd-k08109215,i-bet-762
L1000,L1000::trametinib::A375::::24H::0.66uM::MOAR019::A22::BRD-K12343256,trametinib,brd-k12343256,trametinib
L1000,L1000::I-BET-151::A375::::24H::0.66uM::MOAR019::M21::BRD-K36363294,I-BET-151,brd-k36363294,i-bet-151
L1000,L1000::bosutinib::A375::::24H::0.66uM::MOAR019::E20::BRD-K99964838,bosutinib,brd-k99964838,bosutinib
L1000,L1000::palbociclib::A375::::24H::0.66uM::MOAR019::K11::BRD-K51313569,palbociclib,brd-k51313569,palbociclib
L1000,L1000::LY-2835219::A375::::24H::3.33uM::MOAR019::F17::BRD-K33622447,LY-2835219,brd-k33622447,ly-2835219
L1000,L1000::ACY-1215::A375::::24H::3.33uM::MOAR019::E01::BRD-K82928847,ACY-1215,brd-k82928847,acy-1215
L1000,L1000::ACY-1215::A375::::24H::3.33uM::MOAR019::E13::BRD-K82928847,ACY-1215,brd-k82928847,acy-1215
L1000,L1000::I-BET-151::A375::::24H::3.33uM::MOAR019::M03::BRD-K36363294,I-BET-151,brd-k36363294,i-bet-151
L1000,L1000::PD-184352::A375::::24H::3.33uM::MOAR019::M14::BRD-K05104363,PD-184352,brd-k05104363,pd-184352
L1000,L1000::dasatinib::A375::::24H::0.66uM::MOAR019::K07::BRD-K49328571,dasatinib,brd-k49328571,dasatinib
L1000,L1000::tacedinaline::A375::::24H::3.33uM::MOAR019::J01::BRD-K52313696,tacedinaline,brd-k52313696,tacedinaline
L1000,L1000::I-BET-762::A375::::24H::3.33uM::MOAR019::D15::BRD-K08109215,I-BET-762,brd-k08109215,i-bet-762
L1000,L1000::vorinostat::A375::::24H::0.66uM::MOAR019::A21::BRD-K81418486,vorinostat,brd-k81418486,vorinostat
L1000,L1000::bosutinib::A375::::24H::3.33uM::MOAR019::E14::BRD-K99964838,bosutinib,brd-k99964838,bosutinib
L1000,L1000::saracatinib::A375::::24H::3.33uM::MOAR019::O05::BRD-K19540840,saracatinib,brd-k19540840,saracatinib
L1000,L1000::vorinostat::A375::::24H::3.33uM::MOAR019::A03::BRD-K81418486,vorinostat,brd-k81418486,vorinostat
L1000,L1000::BI-2536::A375::::24H::3.33uM::MOAR019::L01::BRD-K64890080,BI-2536,brd-k64890080,bi-2536
L1000,L1000::BI-2536::A375::::24H::0.66uM::MOAR019::L19::BRD-K64890080,BI-2536,brd-k64890080,bi-2536
L1000,L1000::TG-101348::A375::::24H::3.33uM::MOAR019::I01::BRD-K12502280,TG-101348,brd-k12502280,tg-101348
L1000,L1000::vorinostat::A375::::24H::3.33uM::MOAR019::A15::BRD-K81418486,vorinostat,brd-k81418486,vorinostat
L1000,L1000::trametinib::A375::::24H::3.33uM::MOAR019::A04::BRD-K12343256,trametinib,brd-k12343256,trametinib
L1000,L1000::pyroxamide::A375::::24H::3.33uM::MOAR019::I04::BRD-K11663430,pyroxamide,brd-k11663430,pyroxamide
L1000,L1000::tacedinaline::A375::::24H::3.33uM::MOAR019::J13::BRD-K52313696,tacedinaline,brd-k52313696,tacedinaline
L1000,L1000::I-BET-762::A375::::24H::0.66uM::MOAR019::D09::BRD-K08109215,I-BET-762,brd-k08109215,i-bet-762
L1000,L1000::masitinib::A375::::24H::3.33uM::MOAR019::N14::BRD-K71035033,masitinib,brd-k71035033,masitinib
L1000,L1000::trametinib::A375::::24H::0.66uM::MOAR019::A10::BRD-K12343256,trametinib,brd-k12343256,trametinib
L1000,L1000::I-BET-151::A375::::24H::3.33uM::MOAR019::M15::BRD-K36363294,I-BET-151,brd-k36363294,i-bet-151
L1000,L1000::dasatinib::A375::::24H::3.33uM::MOAR019::K13::BRD-K49328571,dasatinib,brd-k49328571,dasatinib
L1000,L1000::palbociclib::A375::::24H::3.33uM::MOAR019::K05::BRD-K51313569,palbociclib,brd-k51313569,palbociclib
L1000,L1000::dasatinib::A375::::24H::3.33uM::MOAR019::K01::BRD-K49328571,dasatinib,brd-k49328571,dasatinib
L1000,L1000::vandetanib::MCF7::::24H::0.125uM::PBIOA018::K23::BRD-K77625799,vandetanib,brd-k77625799,vandetanib
L1000,L1000::vorinostat::MCF7::::24H::10uM::PBIOA018::O01::BRD-K81418486,vorinostat,brd-k81418486,vorinostat
L1000,L1000::regorafenib::MCF7::::24H::10uM::PBIOA018::G01::BRD-K16730910,regorafenib,brd-k16730910,regorafenib
L1000,L1000::tacedinaline::NPC.170::::24H::2.5uM::CEGS001::G15::BRD-K52313696,tacedinaline,brd-k52313696,tacedinaline
L1000,L1000::BRD-A90543464::NPC.170::::24H::150uM::CEGS001::B19::BRD-A90543464,BRD-A90543464,brd-a90543464,brd-a90543464
L1000,L1000::ruboxistaurin::NPC.170::::24H::2.5uM::CEGS001::P16::BRD-K27677357,ruboxistaurin,brd-k27677357,ruboxistaurin
L1000,L1000::BIX-01294::NPC.170::::24H::4uM::CEGS001::G02::BRD-K26818574,BIX-01294,brd-k26818574,bix-01294
L1000,L1000::vorinostat::NPC.170::::24H::4uM::CEGS001::C20::BRD-K81418486,vorinostat,brd-k81418486,vorinostat
L1000,L1000::troglitazone::NPC.170::::24H::12.5uM::CEGS001::I20::BRD-A13084692,troglitazone,brd-a13084692,troglitazone
L1000,L1000::I-BET-151::NPC.170::::24H::2.5uM::CEGS001::H09::BRD-K36363294,I-BET-151,brd-k36363294,i-bet-151
L1000,L1000::17-AAG::NPC.170::::24H::10uM::CEGS001::C01::BRD-K42840900,17-AAG,brd-k42840900,17-aag
L1000,L1000::tianeptine::NPC.170::::24H::250uM::CEGS001::F19::BRD-A53077924,tianeptine,brd-a53077924,tianeptine
L1000,L1000::tretinoin::NPC.170::::24H::0.74uM::CEGS001::K18::BRD-K71879491,tretinoin,brd-k71879491,tretinoin
L1000,L1000::17-AAG::NPC.170::::24H::2.5uM::CEGS001::C03::BRD-K42840900,17-AAG,brd-k42840900,17-aag
L1000,L1000::tretinoin::NPC.170::::24H::3.33uM::CEGS001::K16::BRD-K71879491,tretinoin,brd-k71879491,tretinoin
L1000,L1000::vorinostat::NPC.170::::24H::1.25uM::CEGS001::C22::BRD-K81418486,vorinostat,brd-k81418486,vorinostat
L1000,L1000::I-BET-151::NPC.170::::24H::4uM::CEGS001::H08::BRD-K36363294,I-BET-151,brd-k36363294,i-bet-151
L1000,L1000::valproic-acid::NPC.170::::24H::1250uM::CEGS001::P21::BRD-K41260949,valproic-acid,brd-k41260949,valproic-acid
L1000,L1000::vorinostat::NPC.170::::24H::2.5uM::CEGS001::C21::BRD-K81418486,vorinostat,brd-k81418486,vorinostat
L1000,L1000::aripiprazole::NPC.170::::24H::25uM::CEGS001::F01::BRD-K70358946,aripiprazole,brd-k70358946,aripiprazole
L1000,L1000::tretinoin::NPC.170::::24H::12.5uM::CEGS001::K14::BRD-K71879491,tretinoin,brd-k71879491,tretinoin
L1000,L1000::I-BET-151::NPC.170::::24H::1.25uM::CEGS001::H10::BRD-K36363294,I-BET-151,brd-k36363294,i-bet-151
L1000,L1000::BIX-01294::NPC.170::::24H::10uM::CEGS001::G01::BRD-K26818574,BIX-01294,brd-k26818574,bix-01294
L1000,L1000::tacedinaline::NPC.170::::24H::10uM::CEGS001::G13::BRD-K52313696,tacedinaline,brd-k52313696,tacedinaline
L1000,L1000::ruboxistaurin::NPC.170::::24H::20uM::CEGS001::P13::BRD-K27677357,ruboxistaurin,brd-k27677357,ruboxistaurin
L1000,L1000::flunarizine::NPC.170::::24H::25uM::CEGS001::C07::BRD-K29582677,flunarizine,brd-k29582677,flunarizine
L1000,L1000::tretinoin::NPC.170::::24H::6.66uM::CEGS001::K15::BRD-K71879491,tretinoin,brd-k71879491,tretinoin
L1000,L1000::amitriptyline::NPC.170::::24H::25uM::CEGS001::E01::BRD-K53737926,amitriptyline,brd-k53737926,amitriptyline
L1000,L1000::valproic-acid::NPC.170::::24H::2500uM::CEGS001::P20::BRD-K41260949,valproic-acid,brd-k41260949,valproic-acid
L1000,L1000::tretinoin::NPC.170::::24H::25uM::CEGS001::K13::BRD-K71879491,tretinoin,brd-k71879491,tretinoin
L1000,L1000::I-BET-151::NPC.170::::24H::10uM::CEGS001::H07::BRD-K36363294,I-BET-151,brd-k36363294,i-bet-151
L1000,L1000::valproic-acid::NPC.170::::24H::5000uM::CEGS001::P19::BRD-K41260949,valproic-acid,brd-k41260949,valproic-acid
L1000,L1000::I-BET-151::NPC.170::::24H::0.66uM::CEGS001::H11::BRD-K36363294,I-BET-151,brd-k36363294,i-bet-151
L1000,L1000::ruboxistaurin::NPC.170::::24H::10uM::CEGS001::P14::BRD-K27677357,ruboxistaurin,brd-k27677357,ruboxistaurin
L1000,L1000::tacedinaline::NPC.170::::24H::1.25uM::CEGS001::G16::BRD-K52313696,tacedinaline,brd-k52313696,tacedinaline
L1000,L1000::ruboxistaurin::NPC.170::::24H::1.25uM::CEGS001::P17::BRD-K27677357,ruboxistaurin,brd-k27677357,ruboxistaurin
L1000,L1000::ruboxistaurin::NPC.170::::24H::4uM::CEGS001::P15::BRD-K27677357,ruboxistaurin,brd-k27677357,ruboxistaurin
L1000,L1000::BRD-A26030894::NPC.170::::24H::250uM::CEGS001::N01::BRD-A26030894,BRD-A26030894,brd-a26030894,brd-a26030894
L1000,L1000::tacedinaline::NPC.170::::24H::4uM::CEGS001::G14::BRD-K52313696,tacedinaline,brd-k52313696,tacedinaline
L1000,L1000::17-AAG::NPC.170::::24H::4uM::CEGS001::C02::BRD-K42840900,17-AAG,brd-k42840900,17-aag
L1000,L1000::vorinostat::NPC.170::::24H::10uM::CEGS001::C19::BRD-K81418486,vorinostat,brd-k81418486,vorinostat
L1000,L1000::I-BET-151::NPC.170::::24H::0.3uM::CEGS001::H12::BRD-K36363294,I-BET-151,brd-k36363294,i-bet-151
L1000,L1000::tretinoin::NPC.170::::24H::1.67uM::CEGS001::K17::BRD-K71879491,tretinoin,brd-k71879491,tretinoin
L1000,L1000::17-AAG::NPC.170::::24H::1.25uM::CEGS001::C04::BRD-K42840900,17-AAG,brd-k42840900,17-aag
L1000,L1000::vorinostat::NPC.170::::24H::0.66uM::CEGS001::C23::BRD-K81418486,vorinostat,brd-k81418486,vorinostat
L1000,L1000::vorinostat::NPC.170::::24H::0.3uM::CEGS001::C24::BRD-K81418486,vorinostat,brd-k81418486,vorinostat
L1000,L1000::vorinostat::HA1E::::24H::20uM::DOSVAL006::G13::BRD-K81418486,vorinostat,brd-k81418486,vorinostat
L1000,L1000::vorinostat::HA1E::::24H::10uM::DOSVAL006::G14::BRD-K81418486,vorinostat,brd-k81418486,vorinostat
L1000,L1000::dasatinib::MCF7::::48H::10uM::ASG003::N01::BRD-K49328571,dasatinib,brd-k49328571,dasatinib
L1000,L1000::ABT-737::MCF7::::48H::10uM::ASG003::L01::BRD-K56301217,ABT-737,brd-k56301217,abt-737
L1000,L1000::masitinib::MCF7::::48H::0.12uM::ASG003::P24::BRD-K71035033,masitinib,brd-k71035033,masitinib
L1000,L1000::ponatinib::MCF7::::48H::10uM::ASG003::P13::BRD-K44227013,ponatinib,brd-k44227013,ponatinib
L1000,L1000::vandetanib::MCF7::::48H::10uM::ASG003::N22::BRD-K77625799,vandetanib,brd-k77625799,vandetanib
L1000,L1000::JNJ-7706621::MCF7::::48H::10uM::ASG003::L22::BRD-K11636097,JNJ-7706621,brd-k11636097,jnj-7706621
L1000,L1000::lapatinib::MCF7::::48H::10uM::ASG003::O07::BRD-K19687926,lapatinib,brd-k19687926,lapatinib
L1000,L1000::olaparib::MCF7::::48H::10uM::ASG003::D07::BRD-K02113016,olaparib,brd-k02113016,olaparib
L1000,L1000::RITA::MCF7::::48H::1.11uM::ASG003::A23::BRD-K00317371,RITA,brd-k00317371,rita
L1000,L1000::vorinostat::MCF7::::48H::1.11uM::ASG003::F05::BRD-K81418486,vorinostat,brd-k81418486,vorinostat
L1000,L1000::dienestrol::MCF7::::48H::10uM::ASG003::M04::BRD-K95309561,dienestrol,brd-k95309561,dienestrol
L1000,L1000::panobinostat::MCF7::::48H::0.12uM::ASG003::P03::BRD-K02130563,panobinostat,brd-k02130563,panobinostat
L1000,L1000::trametinib::MCF7::::48H::10uM::ASG003::N16::BRD-K12343256,trametinib,brd-k12343256,trametinib
L1000,L1000::nocodazole::MCF7::::48H::1.11uM::ASG003::I02::BRD-K12539581,nocodazole,brd-k12539581,nocodazole
L1000,L1000::PI-103::MCF7::::48H::10uM::ASG003::F13::BRD-K67868012,PI-103,brd-k67868012,pi-103
L1000,L1000::BI-2536::MCF7::::48H::1.11uM::ASG003::D05::BRD-K64890080,BI-2536,brd-k64890080,bi-2536
L1000,L1000::selumetinib::MCF7::::48H::10uM::ASG003::E04::BRD-K57080016,selumetinib,brd-k57080016,selumetinib
L1000,L1000::trifluoperazine::MCF7::::48H::10uM::ASG003::P19::BRD-K89732114,trifluoperazine,brd-k89732114,trifluoperazine
L1000,L1000::tandutinib::MCF7::::48H::10uM::ASG003::D13::BRD-K89162000,tandutinib,brd-k89162000,tandutinib
L1000,L1000::amlodipine::MCF7::::48H::10uM::ASG003::G04::BRD-A22032524,amlodipine,brd-a22032524,amlodipine
L1000,L1000::dabrafenib::MCF7::::48H::10uM::ASG003::H16::BRD-K09951645,dabrafenib,brd-k09951645,dabrafenib
L1000,L1000::palbociclib::MCF7::::48H::1.11uM::ASG003::K17::BRD-K51313569,palbociclib,brd-k51313569,palbociclib
L1000,L1000::raloxifene::MCF7::::48H::0.12uM::ASG003::I15::BRD-K63828191,raloxifene,brd-k63828191,raloxifene
L1000,L1000::alvocidib::MCF7::::48H::0.12uM::ASG003::J21::BRD-K87909389,alvocidib,brd-k87909389,alvocidib
L1000,L1000::BI-2536::MCF7::::48H::10uM::ASG003::D04::BRD-K64890080,BI-2536,brd-k64890080,bi-2536
L1000,L1000::nocodazole::MCF7::::48H::10uM::ASG003::I01::BRD-K12539581,nocodazole,brd-k12539581,nocodazole
L1000,L1000::masitinib::MCF7::::48H::10uM::ASG003::P22::BRD-K71035033,masitinib,brd-k71035033,masitinib
L1000,L1000::panobinostat::MCF7::::48H::10uM::ASG003::P01::BRD-K02130563,panobinostat,brd-k02130563,panobinostat
L1000,L1000::thioridazine::MCF7::::48H::10uM::ASG003::M01::BRD-A84481105,thioridazine,brd-a84481105,thioridazine
L1000,L1000::RITA::MCF7::::48H::0.12uM::ASG003::A24::BRD-K00317371,RITA,brd-k00317371,rita
L1000,L1000::RITA::MCF7::::48H::10uM::ASG003::A22::BRD-K00317371,RITA,brd-k00317371,rita
L1000,L1000::trametinib::MCF7::::48H::1.11uM::ASG003::N17::BRD-K12343256,trametinib,brd-k12343256,trametinib
L1000,L1000::ponatinib::MCF7::::48H::1.11uM::ASG003::P14::BRD-K44227013,ponatinib,brd-k44227013,ponatinib
L1000,L1000::palbociclib::MCF7::::48H::10uM::ASG003::K16::BRD-K51313569,palbociclib,brd-k51313569,palbociclib
L1000,L1000::raloxifene::MCF7::::48H::1.11uM::ASG003::I14::BRD-K63828191,raloxifene,brd-k63828191,raloxifene
L1000,L1000::alvocidib::MCF7::::48H::10uM::ASG003::J19::BRD-K87909389,alvocidib,brd-k87909389,alvocidib
L1000,L1000::alvocidib::MCF7::::48H::1.11uM::ASG003::J20::BRD-K87909389,alvocidib,brd-k87909389,alvocidib
L1000,L1000::nocodazole::MCF7::::48H::0.12uM::ASG003::I03::BRD-K12539581,nocodazole,brd-k12539581,nocodazole
L1000,L1000::raloxifene::MCF7::::48H::10uM::ASG003::I13::BRD-K63828191,raloxifene,brd-k63828191,raloxifene
L1000,L1000::vorinostat::MCF7::::48H::10uM::ASG003::F04::BRD-K81418486,vorinostat,brd-k81418486,vorinostat
L1000,L1000::panobinostat::MCF7::::48H::1.11uM::ASG003::P02::BRD-K02130563,panobinostat,brd-k02130563,panobinostat
L1000,L1000::BI-2536::MCF7::::48H::0.12uM::ASG003::D06::BRD-K64890080,BI-2536,brd-k64890080,bi-2536
L1000,L1000::AZ-628::MCF7::::48H::10uM::ASG003::J13::BRD-K05804044,AZ-628,brd-k05804044,az-628
L1000,L1000::dasatinib::MCF7::::48H::1.11uM::ASG003::N02::BRD-K49328571,dasatinib,brd-k49328571,dasatinib
L1000,L1000::regorafenib::A375::::24H::10uM::REP.A002::F19::BRD-K16730910,regorafenib,brd-k16730910,regorafenib
L1000,L1000::regorafenib::A375::::24H::3.33uM::REP.A002::F20::BRD-K16730910,regorafenib,brd-k16730910,regorafenib
L1000,L1000::bosutinib::A375::::24H::3.33uM::REP.A002::N20::BRD-K99964838,bosutinib,brd-k99964838,bosutinib
L1000,L1000::bosutinib::A375::::24H::10uM::REP.A002::N19::BRD-K99964838,bosutinib,brd-k99964838,bosutinib
L1000,L1000::sotrastaurin::A375::::24H::3.33uM::REP.A002::G08::BRD-K16761703,sotrastaurin,brd-k16761703,sotrastaurin
L1000,L1000::bosutinib::A375::::24H::0.37uM::REP.A002::N22::BRD-K99964838,bosutinib,brd-k99964838,bosutinib
L1000,L1000::Z160::A375::::24H::3.33uM::REP.A002::C08::BRD-K16037980,Z160,brd-k16037980,z160
L1000,L1000::sotrastaurin::A375::::24H::10uM::REP.A002::G07::BRD-K16761703,sotrastaurin,brd-k16761703,sotrastaurin
L1000,L1000::Y-39983::HA1E::::24H::10uM::REP.A014::C07::BRD-K56751279,Y-39983,brd-k56751279,y-39983
L1000,L1000::triclosan::HA1E::::24H::3.33uM::REP.A014::P20::BRD-K41731458,triclosan,brd-k41731458,triclosan
L1000,L1000::Y-39983::HA1E::::24H::3.33uM::REP.A014::C08::BRD-K56751279,Y-39983,brd-k56751279,y-39983
L1000,L1000::LGX-818::HA1E::::24H::3.33uM::REP.A014::A20::BRD-A56085258,LGX-818,brd-a56085258,lgx-818
L1000,L1000::MEK-162::MDAMB231::::24H::2.22uM::REP.B021::E13::BRD-K82244583,MEK-162,brd-k82244583,mek-162
L1000,L1000::lodoxamide::MCF7::::24H::1.11uM::REP.A017::K15::BRD-K66937583,lodoxamide,brd-k66937583,lodoxamide
L1000,L1000::tipifarnib-P2::MCF7::::24H::10uM::REP.A017::F19::BRD-K62965247,tipifarnib-P2,brd-k62965247,tipifarnib-p2
L1000,L1000::dapsone::MCF7::::24H::0.125uM::REP.A017::F05::BRD-K62363391,dapsone,brd-k62363391,dapsone
L1000,L1000::tipifarnib-P2::MCF7::::24H::1.11uM::REP.A017::F21::BRD-K62965247,tipifarnib-P2,brd-k62965247,tipifarnib-p2
L1000,L1000::tipifarnib-P2::MCF7::::24H::0.37uM::REP.A017::F22::BRD-K62965247,tipifarnib-P2,brd-k62965247,tipifarnib-p2
L1000,L1000::tipifarnib-P2::MCF7::::24H::3.33uM::REP.A017::F20::BRD-K62965247,tipifarnib-P2,brd-k62965247,tipifarnib-p2
L1000,L1000::BRD-K18269444::MCF7::::24H::0.125uM::PBIOA021::B17::BRD-K18269444,BRD-K18269444,brd-k18269444,brd-k18269444
L1000,L1000::saracatinib::MCF7::::24H::10uM::PBIOA021::P01::BRD-K19540840,saracatinib,brd-k19540840,saracatinib
L1000,L1000::saracatinib::MCF7::::24H::1.11uM::PBIOA021::P03::BRD-K19540840,saracatinib,brd-k19540840,saracatinib
L1000,L1000::vorinostat::MCF7::::24H::10uM::PBIOA021::O01::BRD-K81418486,vorinostat,brd-k81418486,vorinostat
L1000,L1000::BMS-536924::MCF7::::24H::1.25uM::PBIOA021::N03::BRD-K34581968,BMS-536924,brd-k34581968,bms-536924
L1000,L1000::BRD-K47503321::MCF7::::24H::10uM::PBIOA021::C13::BRD-K47503321,BRD-K47503321,brd-k47503321,brd-k47503321
L1000,L1000::CYT-387::MCF7::::24H::3.33uM::PBIOA021::C08::BRD-K87737963,CYT-387,brd-k87737963,cyt-387
L1000,L1000::BMS-536924::MCF7::::24H::12uM::PBIOA021::N01::BRD-K34581968,BMS-536924,brd-k34581968,bms-536924
L1000,L1000::CYT-387::MCF7::::24H::1.11uM::PBIOA021::C09::BRD-K87737963,CYT-387,brd-k87737963,cyt-387
L1000,L1000::saracatinib::MCF7::::24H::0.37uM::PBIOA021::P04::BRD-K19540840,saracatinib,brd-k19540840,saracatinib
L1000,L1000::CYT-387::MCF7::::24H::10uM::PBIOA021::C07::BRD-K87737963,CYT-387,brd-k87737963,cyt-387
L1000,L1000::RG-4733::MCF7::::24H::0.37uM::PBIOA021::F22::BRD-K22024824,RG-4733,brd-k22024824,rg-4733
L1000,L1000::BMS-536924::MCF7::::24H::4uM::PBIOA021::N02::BRD-K34581968,BMS-536924,brd-k34581968,bms-536924
L1000,L1000::BRD-K18269444::MCF7::::24H::0.04uM::PBIOA021::B18::BRD-K18269444,BRD-K18269444,brd-k18269444,brd-k18269444
L1000,L1000::BRD-K41723848::MCF7::::24H::10uM::PBIOA021::C01::BRD-K41723848,BRD-K41723848,brd-k41723848,brd-k41723848
L1000,L1000::palbociclib::HAP1.HDAC5::::24H::0.66uM::MOAR017::K06::BRD-K51313569,palbociclib,brd-k51313569,palbociclib
L1000,L1000::saracatinib::HAP1.HDAC5::::24H::0.66uM::MOAR017::O06::BRD-K19540840,saracatinib,brd-k19540840,saracatinib
L1000,L1000::palbociclib::HAP1.HDAC5::::24H::3.33uM::MOAR017::K05::BRD-K51313569,palbociclib,brd-k51313569,palbociclib
L1000,L1000::LY-2835219::HAP1.HDAC5::::24H::3.33uM::MOAR017::F05::BRD-K33622447,LY-2835219,brd-k33622447,ly-2835219
L1000,L1000::GSK-J4::A549::::24H::10uM::PBIOA018::H07::BRD-K98203492,GSK-J4,brd-k98203492,gsk-j4
L1000,L1000::trametinib::A549::::24H::0.37uM::PBIOA018::A22::BRD-K12343256,trametinib,brd-k12343256,trametinib
L1000,L1000::trametinib::A549::::24H::10uM::PBIOA018::A19::BRD-K12343256,trametinib,brd-k12343256,trametinib
L1000,L1000::trametinib::A549::::24H::0.04uM::PBIOA018::A24::BRD-K12343256,trametinib,brd-k12343256,trametinib
L1000,L1000::BRD-K59037718::A549::::24H::3.33uM::PBIOA018::L08::BRD-K59037718,BRD-K59037718,brd-k59037718,brd-k59037718
L1000,L1000::trametinib::A549::::24H::1.11uM::PBIOA018::A21::BRD-K12343256,trametinib,brd-k12343256,trametinib
L1000,L1000::PD-173074::A549::::24H::1.11uM::PBIOA018::B09::BRD-K97764662,PD-173074,brd-k97764662,pd-173074
L1000,L1000::fluorouracil::A549::::24H::10uM::PBIOA018::L19::BRD-K24844714,fluorouracil,brd-k24844714,fluorouracil
L1000,L1000::trametinib::A549::::24H::3.33uM::PBIOA018::A20::BRD-K12343256,trametinib,brd-k12343256,trametinib
L1000,L1000::trametinib::A549::::24H::0.125uM::PBIOA018::A23::BRD-K12343256,trametinib,brd-k12343256,trametinib
L1000,L1000::BRD-K13659644::A549::::24H::10uM::PBIOA018::L13::BRD-K13659644,BRD-K13659644,brd-k13659644,brd-k13659644
L1000,L1000::vorinostat::A549::::24H::10uM::PBIOA018::O01::BRD-K81418486,vorinostat,brd-k81418486,vorinostat
L1000,L1000::regorafenib::A549::::24H::10uM::PBIOA018::G01::BRD-K16730910,regorafenib,brd-k16730910,regorafenib
L1000,L1000::CGP-60474::MCF10A::::24H::0.04uM::LJP007::C24::BRD-K79090631,CGP-60474,brd-k79090631,cgp-60474
L1000,L1000::OTS-167::MCF10A::::24H::10uM::LJP007::O13::BRD-K53417444,OTS-167,brd-k53417444,ots-167
L1000,L1000::MLN-0128::MCF10A::::24H::0.37uM::LJP007::L10::BRD-K59317601,MLN-0128,brd-k59317601,mln-0128
L1000,L1000::PHA-767491::MCF10A::::24H::0.37uM::LJP007::J04::BRD-K50000283,PHA-767491,brd-k50000283,pha-767491
L1000,L1000::vandetanib::MCF10A::::24H::10uM::LJP007::P13::BRD-K77625799,vandetanib,brd-k77625799,vandetanib
L1000,L1000::dasatinib::MCF10A::::24H::1.11uM::LJP007::G15::BRD-K49328571,dasatinib,brd-k49328571,dasatinib
L1000,L1000::dasatinib::MCF10A::::24H::3.33uM::LJP007::G14::BRD-K49328571,dasatinib,brd-k49328571,dasatinib
L1000,L1000::OTS-167::MCF10A::::24H::0.04uM::LJP007::O18::BRD-K53417444,OTS-167,brd-k53417444,ots-167
L1000,L1000::NVP-TAE226::MCF10A::::24H::10uM::LJP007::M13::BRD-K21025364,NVP-TAE226,brd-k21025364,nvp-tae226
L1000,L1000::MLN-0128::MCF10A::::24H::3.33uM::LJP007::L08::BRD-K59317601,MLN-0128,brd-k59317601,mln-0128
L1000,L1000::MLN-0128::MCF10A::::24H::1.11uM::LJP007::L09::BRD-K59317601,MLN-0128,brd-k59317601,mln-0128
L1000,L1000::OTS-167::MCF10A::::24H::0.12uM::LJP007::O17::BRD-K53417444,OTS-167,brd-k53417444,ots-167
L1000,L1000::bosutinib::MCF10A::::24H::10uM::LJP007::D19::BRD-K99964838,bosutinib,brd-k99964838,bosutinib
L1000,L1000::bosutinib::MCF10A::::24H::3.33uM::LJP007::D20::BRD-K99964838,bosutinib,brd-k99964838,bosutinib
L1000,L1000::MLN-0128::MCF10A::::24H::0.12uM::LJP007::L11::BRD-K59317601,MLN-0128,brd-k59317601,mln-0128
L1000,L1000::CGP-60474::MCF10A::::24H::0.12uM::LJP007::C23::BRD-K79090631,CGP-60474,brd-k79090631,cgp-60474
L1000,L1000::AZ-628::MCF10A::::24H::3.33uM::LJP007::E14::BRD-K05804044,AZ-628,brd-k05804044,az-628
L1000,L1000::CGP-60474::MCF10A::::24H::3.33uM::LJP007::C20::BRD-K79090631,CGP-60474,brd-k79090631,cgp-60474
L1000,L1000::dasatinib::MCF10A::::24H::10uM::LJP007::G13::BRD-K49328571,dasatinib,brd-k49328571,dasatinib
L1000,L1000::OTS-167::MCF10A::::24H::1.11uM::LJP007::O15::BRD-K53417444,OTS-167,brd-k53417444,ots-167
L1000,L1000::dasatinib::MCF10A::::24H::0.37uM::LJP007::G16::BRD-K49328571,dasatinib,brd-k49328571,dasatinib
L1000,L1000::OSI-930::MCF10A::::24H::0.12uM::LJP007::E11::BRD-K25340465,OSI-930,brd-k25340465,osi-930
L1000,L1000::MLN-0128::MCF10A::::24H::0.04uM::LJP007::L12::BRD-K59317601,MLN-0128,brd-k59317601,mln-0128
L1000,L1000::OTS-167::MCF10A::::24H::0.37uM::LJP007::O16::BRD-K53417444,OTS-167,brd-k53417444,ots-167
L1000,L1000::PHA-767491::MCF10A::::24H::3.33uM::LJP007::J02::BRD-K50000283,PHA-767491,brd-k50000283,pha-767491
L1000,L1000::OTS-167::MCF10A::::24H::3.33uM::LJP007::O14::BRD-K53417444,OTS-167,brd-k53417444,ots-167
L1000,L1000::AZ-628::MCF10A::::24H::1.11uM::LJP007::E15::BRD-K05804044,AZ-628,brd-k05804044,az-628
L1000,L1000::CGP-60474::MCF10A::::24H::10uM::LJP007::C19::BRD-K79090631,CGP-60474,brd-k79090631,cgp-60474
L1000,L1000::vorinostat::MCF10A::::24H::10uM::LJP007::A03::BRD-K81418486,vorinostat,brd-k81418486,vorinostat
L1000,L1000::TPCA-1::MCF10A::::24H::10uM::LJP007::A19::BRD-K51575138,TPCA-1,brd-k51575138,tpca-1
L1000,L1000::CGP-60474::MCF10A::::24H::0.37uM::LJP007::C22::BRD-K79090631,CGP-60474,brd-k79090631,cgp-60474
L1000,L1000::CGP-60474::MCF10A::::24H::1.11uM::LJP007::C21::BRD-K79090631,CGP-60474,brd-k79090631,cgp-60474
L1000,L1000::PHA-767491::MCF10A::::24H::10uM::LJP007::J01::BRD-K50000283,PHA-767491,brd-k50000283,pha-767491
L1000,L1000::dasatinib::MCF10A::::24H::0.12uM::LJP007::G17::BRD-K49328571,dasatinib,brd-k49328571,dasatinib
L1000,L1000::MLN-0128::MCF10A::::24H::10uM::LJP007::L07::BRD-K59317601,MLN-0128,brd-k59317601,mln-0128
L1000,L1000::PHA-767491::MCF10A::::24H::1.11uM::LJP007::J03::BRD-K50000283,PHA-767491,brd-k50000283,pha-767491
L1000,L1000::LGX-818::MCF10A::::24H::10uM::REP.A014::A19::BRD-A56085258,LGX-818,brd-a56085258,lgx-818
L1000,L1000::SC-12267::MCF10A::::24H::10uM::REP.A014::O07::BRD-K40797222,SC-12267,brd-k40797222,sc-12267
L1000,L1000::indometacin::MCF10A::::24H::3.33uM::REP.A014::D08::BRD-K57222227,indometacin,brd-k57222227,indometacin
L1000,L1000::LGX-818::MCF10A::::24H::3.33uM::REP.A014::A20::BRD-A56085258,LGX-818,brd-a56085258,lgx-818
L1000,L1000::PI-103::MCF7::::24H::10uM::REP.A007::P01::BRD-K67868012,PI-103,brd-k67868012,pi-103
L1000,L1000::GDC-0941::MCF7::::24H::1.11uM::REP.A007::I09::BRD-K52911425,GDC-0941,brd-k52911425,gdc-0941
L1000,L1000::GDC-0941::MCF7::::24H::3.33uM::REP.A007::I08::BRD-K52911425,GDC-0941,brd-k52911425,gdc-0941
L1000,L1000::siramesine::MCF7::::24H::10uM::REP.A007::H01::BRD-K51333959,siramesine,brd-k51333959,siramesine
L1000,L1000::toremifene::MCF7::::24H::10uM::REP.A007::G07::BRD-K51350053,toremifene,brd-k51350053,toremifene
L1000,L1000::pidotimod::MCF7::::24H::0.37uM::REP.A007::D16::BRD-K44442813,pidotimod,brd-k44442813,pidotimod
L1000,L1000::GDC-0941::MCF7::::24H::10uM::REP.A007::I07::BRD-K52911425,GDC-0941,brd-k52911425,gdc-0941
L1000,L1000::AEE-788::MCF7::::24H::0.04uM::REP.A007::F18::BRD-K40718343,AEE-788,brd-k40718343,aee-788
L1000,L1000::amitriptyline::MCF7::::24H::10uM::REP.A007::L01::BRD-K53737926,amitriptyline,brd-k53737926,amitriptyline
L1000,L1000::anastrozole::MCF7::::24H::10uM::REP.A007::I01::BRD-K52172416,anastrozole,brd-k52172416,anastrozole
L1000,L1000::AEE-788::MCF7::::24H::3.33uM::REP.A007::F14::BRD-K40718343,AEE-788,brd-k40718343,aee-788
L1000,L1000::PI-103::MCF7::::24H::1.11uM::REP.A007::P03::BRD-K67868012,PI-103,brd-k67868012,pi-103
L1000,L1000::penfluridol::MCF7::::24H::10uM::REP.A010::P13::BRD-K15409150,penfluridol,brd-k15409150,penfluridol
L1000,L1000::penfluridol::MCF7::::24H::1.11uM::REP.A010::P15::BRD-K15409150,penfluridol,brd-k15409150,penfluridol
L1000,L1000::midostaurin::MCF7::::24H::3.33uM::REP.A010::I02::BRD-K13646352,midostaurin,brd-k13646352,midostaurin
L1000,L1000::midostaurin::MCF7::::24H::1.11uM::REP.A010::I03::BRD-K13646352,midostaurin,brd-k13646352,midostaurin
L1000,L1000::pentamidine::MCF7::::24H::10uM::REP.A010::G07::BRD-K13183738,pentamidine,brd-k13183738,pentamidine
L1000,L1000::rilmenidine::MCF7::::24H::0.37uM::REP.A010::N22::BRD-K01638814,rilmenidine,brd-k01638814,rilmenidine
L1000,L1000::midostaurin::MCF7::::24H::10uM::REP.A010::I01::BRD-K13646352,midostaurin,brd-k13646352,midostaurin
L1000,L1000::R-428::MCF7::::24H::10uM::REP.A010::L19::BRD-K14870255,R-428,brd-k14870255,r-428
L1000,L1000::BRD-K45962729::MCF7::::24H::10uM::PCL001::B19::BRD-K45962729,BRD-K45962729,brd-k45962729,brd-k45962729
L1000,L1000::BRD-K11413513::MCF7::::24H::10uM::PCL001::K01::BRD-K11413513,BRD-K11413513,brd-k11413513,brd-k11413513
L1000,L1000::BRD-K91583156::MCF7::::24H::10uM::PCL001::E01::BRD-K91583156,BRD-K91583156,brd-k91583156,brd-k91583156
L1000,L1000::TG-101209::MCF7::::24H::0.04uM::PCL001::A24::BRD-K39841531,TG-101209,brd-k39841531,tg-101209
L1000,L1000::BRD-K93425199::MCF7::::24H::10uM::PCL001::J01::BRD-K93425199,BRD-K93425199,brd-k93425199,brd-k93425199
L1000,L1000::BRD-A89859721::MCF7::::24H::1.11uM::PCL001::J09::BRD-A89859721,BRD-A89859721,brd-a89859721,brd-a89859721
L1000,L1000::vorinostat::MCF7::::24H::10uM::PCL001::A03::BRD-K81418486,vorinostat,brd-k81418486,vorinostat
L1000,L1000::BRD-K84633118::MCF7::::24H::10uM::PCL001::F01::BRD-K84633118,BRD-K84633118,brd-k84633118,brd-k84633118
L1000,L1000::BRD-A59468452::MCF7::::24H::0.37uM::PCL001::D16::BRD-A59468452,BRD-A59468452,brd-a59468452,brd-a59468452
L1000,L1000::I-BET-151::MCF7::::24H::1.11uM::PCL001::H21::BRD-K36363294,I-BET-151,brd-k36363294,i-bet-151
L1000,L1000::BRD-K11413513::MCF7::::24H::3.33uM::PCL001::K02::BRD-K11413513,BRD-K11413513,brd-k11413513,brd-k11413513
L1000,L1000::BRD-K30842649::MCF7::::24H::10uM::PCL001::E07::BRD-K30842649,BRD-K30842649,brd-k30842649,brd-k30842649
L1000,L1000::BRD-K50817946::MCF7::::24H::10uM::PCL001::G19::BRD-K50817946,BRD-K50817946,brd-k50817946,brd-k50817946
L1000,L1000::BRD-K91583156::MCF7::::24H::3.33uM::PCL001::E02::BRD-K91583156,BRD-K91583156,brd-k91583156,brd-k91583156
L1000,L1000::BRD-K59023263::MCF7::::24H::10uM::PCL001::I01::BRD-K59023263,BRD-K59023263,brd-k59023263,brd-k59023263
L1000,L1000::BRD-K50511260::MCF7::::24H::0.04uM::PCL001::C06::BRD-K50511260,BRD-K50511260,brd-k50511260,brd-k50511260
L1000,L1000::BRD-A89859721::MCF7::::24H::0.04uM::PCL001::J12::BRD-A89859721,BRD-A89859721,brd-a89859721,brd-a89859721
L1000,L1000::vismo-ester::MCF7::::24H::0.04uM::PCL001::N12::BRD-K03953100,vismo-ester,brd-k03953100,vismo-ester
L1000,L1000::BRD-K40328231::MCF7::::24H::10uM::PCL001::F19::BRD-K40328231,BRD-K40328231,brd-k40328231,brd-k40328231
L1000,L1000::TG-101209::MCF7::::24H::3.33uM::PCL001::A20::BRD-K39841531,TG-101209,brd-k39841531,tg-101209
L1000,L1000::BRD-A89859721::MCF7::::24H::10uM::PCL001::J07::BRD-A89859721,BRD-A89859721,brd-a89859721,brd-a89859721
L1000,L1000::BRD-A89859721::MCF7::::24H::3.33uM::PCL001::J08::BRD-A89859721,BRD-A89859721,brd-a89859721,brd-a89859721
L1000,L1000::BRD-A59468452::MCF7::::24H::10uM::PCL001::D13::BRD-A59468452,BRD-A59468452,brd-a59468452,brd-a59468452
L1000,L1000::BRD-A89859721::MCF7::::24H::0.12uM::PCL001::J11::BRD-A89859721,BRD-A89859721,brd-a89859721,brd-a89859721
L1000,L1000::BRD-K49893531::MCF7::::24H::0.12uM::PCL001::F17::BRD-K49893531,BRD-K49893531,brd-k49893531,brd-k49893531
L1000,L1000::rotenone::HEPG2::::24H::1.25uM::POL001::D03::BRD-K08316444,rotenone,brd-k08316444,rotenone
L1000,L1000::rotenone::HEPG2::::24H::0.125uM::POL001::D05::BRD-K08316444,rotenone,brd-k08316444,rotenone
L1000,L1000::alvocidib::HEPG2::::24H::0.37uM::POL001::J04::BRD-K87909389,alvocidib,brd-k87909389,alvocidib
L1000,L1000::BRD-K24779182::HEPG2::::24H::0.125uM::POL001::E11::BRD-K24779182,BRD-K24779182,brd-k24779182,brd-k24779182
L1000,L1000::vorinostat::HEPG2::::24H::10uM::POL001::O01::BRD-K81418486,vorinostat,brd-k81418486,vorinostat
L1000,L1000::alvocidib::HEPG2::::24H::3.33uM::POL001::J02::BRD-K87909389,alvocidib,brd-k87909389,alvocidib
L1000,L1000::vorinostat::HEPG2::::24H::0.37uM::POL001::O04::BRD-K81418486,vorinostat,brd-k81418486,vorinostat
L1000,L1000::rotenone::HEPG2::::24H::4uM::POL001::D02::BRD-K08316444,rotenone,brd-k08316444,rotenone
L1000,L1000::alvocidib::HEPG2::::24H::1.11uM::POL001::J03::BRD-K87909389,alvocidib,brd-k87909389,alvocidib
L1000,L1000::rotenone::HEPG2::::24H::0.37uM::POL001::D04::BRD-K08316444,rotenone,brd-k08316444,rotenone
L1000,L1000::vorinostat::HEPG2::::24H::3.33uM::POL001::O02::BRD-K81418486,vorinostat,brd-k81418486,vorinostat
L1000,L1000::vorinostat::HEPG2::::24H::1.11uM::POL001::O03::BRD-K81418486,vorinostat,brd-k81418486,vorinostat
L1000,L1000::TPCA-1::HEPG2::::24H::10uM::POL001::I13::BRD-K51575138,TPCA-1,brd-k51575138,tpca-1
L1000,L1000::LDN-193189::HEPG2::::24H::3.33uM::POL001::I20::BRD-K04853698,LDN-193189,brd-k04853698,ldn-193189
L1000,L1000::alvocidib::HEPG2::::24H::10uM::POL001::J01::BRD-K87909389,alvocidib,brd-k87909389,alvocidib
L1000,L1000::rotenone::HEPG2::::24H::12uM::POL001::D01::BRD-K08316444,rotenone,brd-k08316444,rotenone
L1000,L1000::alvocidib::HEPG2::::24H::0.125uM::POL001::J05::BRD-K87909389,alvocidib,brd-k87909389,alvocidib
L1000,L1000::vismodegib::MDAMB231::::24H::1.11uM::REP.A017::D03::BRD-K44827188,vismodegib,brd-k44827188,vismodegib
L1000,L1000::cilostazol::MDAMB231::::24H::1.11uM::REP.A017::L15::BRD-K67017579,cilostazol,brd-k67017579,cilostazol
L1000,L1000::gabapentin::MDAMB231::::24H::1.11uM::REP.A017::M21::BRD-K62737565,gabapentin,brd-k62737565,gabapentin
L1000,L1000::vorinostat::HUVEC::::24H::3.33uM::LJP008::G08::BRD-K81418486,vorinostat,brd-k81418486,vorinostat
L1000,L1000::dasatinib::HUVEC::::24H::0.12uM::LJP008::G17::BRD-K49328571,dasatinib,brd-k49328571,dasatinib
L1000,L1000::mocetinostat::HUVEC::::24H::0.37uM::LJP008::I10::BRD-K16485616,mocetinostat,brd-k16485616,mocetinostat
L1000,L1000::resveratrol::HUVEC::::24H::10uM::LJP008::M01::BRD-K80738081,resveratrol,brd-k80738081,resveratrol
L1000,L1000::PFI-1::HUVEC::::24H::10uM::LJP008::G01::BRD-K13094524,PFI-1,brd-k13094524,pfi-1
L1000,L1000::vorinostat::HUVEC::::24H::10uM::LJP008::A03::BRD-K81418486,vorinostat,brd-k81418486,vorinostat
L1000,L1000::MK-1775::HUVEC::::24H::10uM::LJP008::A19::BRD-K54256913,MK-1775,brd-k54256913,mk-1775
L1000,L1000::BIX-01294::HUVEC::::24H::10uM::LJP008::I13::BRD-K26818574,BIX-01294,brd-k26818574,bix-01294
L1000,L1000::dasatinib::HUVEC::::24H::0.37uM::LJP008::G16::BRD-K49328571,dasatinib,brd-k49328571,dasatinib
L1000,L1000::I-BET-151::HUVEC::::24H::10uM::LJP008::K01::BRD-K36363294,I-BET-151,brd-k36363294,i-bet-151
L1000,L1000::MK-1775::HUVEC::::24H::1.11uM::LJP008::A21::BRD-K54256913,MK-1775,brd-k54256913,mk-1775
L1000,L1000::ACY-1215::HUVEC::::24H::10uM::LJP008::F01::BRD-K82928847,ACY-1215,brd-k82928847,acy-1215
L1000,L1000::MK-1775::HUVEC::::24H::3.33uM::LJP008::A20::BRD-K54256913,MK-1775,brd-k54256913,mk-1775
L1000,L1000::I-BET-762::HUVEC::::24H::10uM::LJP008::I01::BRD-K08109215,I-BET-762,brd-k08109215,i-bet-762
L1000,L1000::mocetinostat::HUVEC::::24H::1.11uM::LJP008::I09::BRD-K16485616,mocetinostat,brd-k16485616,mocetinostat
L1000,L1000::dasatinib::HUVEC::::24H::10uM::LJP008::G13::BRD-K49328571,dasatinib,brd-k49328571,dasatinib
L1000,L1000::I-BET-151::HUVEC::::24H::3.33uM::LJP008::K02::BRD-K36363294,I-BET-151,brd-k36363294,i-bet-151
L1000,L1000::CGP-60474::HUVEC::::24H::3.33uM::LJP008::C20::BRD-K79090631,CGP-60474,brd-k79090631,cgp-60474
L1000,L1000::mocetinostat::HUVEC::::24H::3.33uM::LJP008::I08::BRD-K16485616,mocetinostat,brd-k16485616,mocetinostat
L1000,L1000::ABT-737::HUVEC::::24H::10uM::LJP008::E01::BRD-K56301217,ABT-737,brd-k56301217,abt-737
L1000,L1000::UNC-0638::HUVEC::::24H::10uM::LJP008::M07::BRD-K86856088,UNC-0638,brd-k86856088,unc-0638
L1000,L1000::vorinostat::HUVEC::::24H::10uM::LJP008::G07::BRD-K81418486,vorinostat,brd-k81418486,vorinostat
L1000,L1000::mocetinostat::HUVEC::::24H::10uM::LJP008::I07::BRD-K16485616,mocetinostat,brd-k16485616,mocetinostat
L1000,L1000::glycopyrrolate::PC3::::24H::10uM::REP.A022::N19::BRD-A81233518,glycopyrrolate,brd-a81233518,glycopyrrolate
L1000,L1000::BAY-87-2243::PC3::::24H::1.11uM::REP.A022::H03::BRD-K70463136,BAY-87-2243,brd-k70463136,bay-87-2243
L1000,L1000::erlotinib::PC3::::24H::10uM::REP.A022::G01::BRD-K70401845,erlotinib,brd-k70401845,erlotinib
L1000,L1000::phorbol-myristate-acetate::PC3::::24H::0.3uM::REP.A022::D16::BRD-K68552125,phorbol-myristate-acetate,brd-k68552125,phorbol-myristate-acetate
L1000,L1000::glycopyrrolate::PC3::::24H::0.125uM::REP.A022::N23::BRD-A81233518,glycopyrrolate,brd-a81233518,glycopyrrolate
L1000,L1000::masitinib::PC3::::24H::0.37uM::REP.A022::N10::BRD-K71035033,masitinib,brd-k71035033,masitinib
L1000,L1000::BAY-87-2243::PC3::::24H::0.04uM::REP.A022::H06::BRD-K70463136,BAY-87-2243,brd-k70463136,bay-87-2243
L1000,L1000::erlotinib::PC3::::24H::3.33uM::REP.A022::G02::BRD-K70401845,erlotinib,brd-k70401845,erlotinib
L1000,L1000::phorbol-myristate-acetate::PC3::::24H::8uM::REP.A022::D13::BRD-K68552125,phorbol-myristate-acetate,brd-k68552125,phorbol-myristate-acetate
L1000,L1000::zafirlukast::PC3::::24H::10uM::REP.A022::J01::BRD-K71289571,zafirlukast,brd-k71289571,zafirlukast
L1000,L1000::BAY-87-2243::PC3::::24H::0.125uM::REP.A022::H05::BRD-K70463136,BAY-87-2243,brd-k70463136,bay-87-2243
L1000,L1000::BAY-87-2243::PC3::::24H::10uM::REP.A022::H01::BRD-K70463136,BAY-87-2243,brd-k70463136,bay-87-2243
L1000,L1000::phorbol-myristate-acetate::PC3::::24H::0.74uM::REP.A022::D15::BRD-K68552125,phorbol-myristate-acetate,brd-k68552125,phorbol-myristate-acetate
L1000,L1000::masitinib::PC3::::24H::3.33uM::REP.A022::N08::BRD-K71035033,masitinib,brd-k71035033,masitinib
L1000,L1000::erlotinib::PC3::::24H::1.11uM::REP.A022::G03::BRD-K70401845,erlotinib,brd-k70401845,erlotinib
L1000,L1000::navitoclax::PC3::::24H::0.04uM::REP.A022::P24::BRD-K82746043,navitoclax,brd-k82746043,navitoclax
L1000,L1000::phorbol-myristate-acetate::PC3::::24H::0.12uM::REP.A022::D17::BRD-K68552125,phorbol-myristate-acetate,brd-k68552125,phorbol-myristate-acetate
L1000,L1000::zafirlukast::PC3::::24H::3.33uM::REP.A022::J02::BRD-K71289571,zafirlukast,brd-k71289571,zafirlukast
L1000,L1000::BAY-87-2243::PC3::::24H::3.33uM::REP.A022::H02::BRD-K70463136,BAY-87-2243,brd-k70463136,bay-87-2243
L1000,L1000::VX-809::PC3::::24H::3.33uM::REP.A022::F02::BRD-K69236721,VX-809,brd-k69236721,vx-809
L1000,L1000::masitinib::PC3::::24H::10uM::REP.A022::N07::BRD-K71035033,masitinib,brd-k71035033,masitinib
L1000,L1000::navitoclax::PC3::::24H::10uM::REP.A022::P19::BRD-K82746043,navitoclax,brd-k82746043,navitoclax
L1000,L1000::phorbol-myristate-acetate::PC3::::24H::0.03uM::REP.A022::D18::BRD-K68552125,phorbol-myristate-acetate,brd-k68552125,phorbol-myristate-acetate
L1000,L1000::phorbol-myristate-acetate::PC3::::24H::2.5uM::REP.A022::D14::BRD-K68552125,phorbol-myristate-acetate,brd-k68552125,phorbol-myristate-acetate
L1000,L1000::endo-IWR-1::MCF10A.EGFR.HL::::24H::3.33uM::ISO002::M14::BRD-K61314889,endo-IWR-1,brd-k61314889,endo-iwr-1
L1000,L1000::BRD-K38024286::MCF10A.EGFR.HL::::24H::0.125uM::ISO002::J05::BRD-K38024286,BRD-K38024286,brd-k38024286,brd-k38024286
L1000,L1000::BRD-K78306794::MCF10A.EGFR.HL::::24H::10uM::ISO002::L13::BRD-K78306794,BRD-K78306794,brd-k78306794,brd-k78306794
L1000,L1000::BRD-K47438704::MCF10A.EGFR.HL::::24H::10uM::ISO002::K13::BRD-K47438704,BRD-K47438704,brd-k47438704,brd-k47438704
L1000,L1000::TG-101348::MCF10A.EGFR.HL::::24H::3.33uM::ISO002::N14::BRD-K12502280,TG-101348,brd-k12502280,tg-101348
L1000,L1000::endo-IWR-1::MCF10A.EGFR.HL::::24H::10uM::ISO002::M13::BRD-K61314889,endo-IWR-1,brd-k61314889,endo-iwr-1
L1000,L1000::TG-101348::MCF10A.EGFR.HL::::24H::1.11uM::ISO002::N15::BRD-K12502280,TG-101348,brd-k12502280,tg-101348
L1000,L1000::BRD-K27859162::MCF10A.EGFR.HL::::24H::1.11uM::ISO002::B21::BRD-K27859162,BRD-K27859162,brd-k27859162,brd-k27859162
L1000,L1000::BRD-K27859162::MCF10A.EGFR.HL::::24H::3.33uM::ISO002::B20::BRD-K27859162,BRD-K27859162,brd-k27859162,brd-k27859162
L1000,L1000::TPCA-1::MCF10A.EGFR.HL::::24H::0.125uM::ISO002::E11::BRD-K51575138,TPCA-1,brd-k51575138,tpca-1
L1000,L1000::BRD-K47438704::MCF10A.EGFR.HL::::24H::3.33uM::ISO002::K14::BRD-K47438704,BRD-K47438704,brd-k47438704,brd-k47438704
L1000,L1000::BRD-K47438704::MCF10A.EGFR.HL::::24H::0.37uM::ISO002::K16::BRD-K47438704,BRD-K47438704,brd-k47438704,brd-k47438704
L1000,L1000::BRD-K27859162::MCF10A.EGFR.HL::::24H::10uM::ISO002::B19::BRD-K27859162,BRD-K27859162,brd-k27859162,brd-k27859162
L1000,L1000::TPCA-1::MCF10A.EGFR.HL::::24H::0.04uM::ISO002::E12::BRD-K51575138,TPCA-1,brd-k51575138,tpca-1
L1000,L1000::BRD-K47438704::MCF10A.EGFR.HL::::24H::0.125uM::ISO002::K17::BRD-K47438704,BRD-K47438704,brd-k47438704,brd-k47438704
L1000,L1000::BRD-K38024286::MCF10A.EGFR.HL::::24H::10uM::ISO002::J01::BRD-K38024286,BRD-K38024286,brd-k38024286,brd-k38024286
L1000,L1000::TG-101348::MCF10A.EGFR.HL::::24H::10uM::ISO002::N13::BRD-K12502280,TG-101348,brd-k12502280,tg-101348
L1000,L1000::TPCA-1::MCF10A.EGFR.HL::::24H::1.11uM::ISO002::E09::BRD-K51575138,TPCA-1,brd-k51575138,tpca-1
L1000,L1000::BRD-K38024286::MCF10A.EGFR.HL::::24H::3.33uM::ISO002::J02::BRD-K38024286,BRD-K38024286,brd-k38024286,brd-k38024286
L1000,L1000::LGX-818::MCF10A.EGFR.HL::::24H::0.04uM::ISO002::N12::BRD-A56085258,LGX-818,brd-a56085258,lgx-818
L1000,L1000::TPCA-1::MCF10A.EGFR.HL::::24H::10uM::ISO002::E07::BRD-K51575138,TPCA-1,brd-k51575138,tpca-1
L1000,L1000::BRD-K70739429::MCF10A.EGFR.HL::::24H::10uM::ISO002::I07::BRD-K70739429,BRD-K70739429,brd-k70739429,brd-k70739429
L1000,L1000::BRD-K47438704::MCF10A.EGFR.HL::::24H::1.11uM::ISO002::K15::BRD-K47438704,BRD-K47438704,brd-k47438704,brd-k47438704
L1000,L1000::BRD-K78306794::MCF10A.EGFR.HL::::24H::3.33uM::ISO002::L14::BRD-K78306794,BRD-K78306794,brd-k78306794,brd-k78306794
L1000,L1000::BRD-K38024286::MCF10A.EGFR.HL::::24H::1.11uM::ISO002::J03::BRD-K38024286,BRD-K38024286,brd-k38024286,brd-k38024286
L1000,L1000::TG-101348::MCF10A.EGFR.HL::::24H::0.37uM::ISO002::N16::BRD-K12502280,TG-101348,brd-k12502280,tg-101348
L1000,L1000::TPCA-1::MCF10A.EGFR.HL::::24H::3.33uM::ISO002::E08::BRD-K51575138,TPCA-1,brd-k51575138,tpca-1
L1000,L1000::BRD-K38024286::MCF10A.EGFR.HL::::24H::0.37uM::ISO002::J04::BRD-K38024286,BRD-K38024286,brd-k38024286,brd-k38024286
L1000,L1000::LGX-818::MCF10A.EGFR.HL::::24H::10uM::ISO002::N07::BRD-A56085258,LGX-818,brd-a56085258,lgx-818
L1000,L1000::LGX-818::MCF10A.EGFR.HL::::24H::3.33uM::ISO002::N08::BRD-A56085258,LGX-818,brd-a56085258,lgx-818
L1000,L1000::LGX-818::MCF10A.EGFR.HL::::24H::1.11uM::ISO002::N09::BRD-A56085258,LGX-818,brd-a56085258,lgx-818
L1000,L1000::LGX-818::MCF10A.EGFR.HL::::24H::0.125uM::ISO002::N11::BRD-A56085258,LGX-818,brd-a56085258,lgx-818
L1000,L1000::BRD-K47438704::MCF10A.EGFR.HL::::24H::0.04uM::ISO002::K18::BRD-K47438704,BRD-K47438704,brd-k47438704,brd-k47438704
L1000,L1000::LGX-818::MCF10A.EGFR.HL::::24H::0.37uM::ISO002::N10::BRD-A56085258,LGX-818,brd-a56085258,lgx-818
L1000,L1000::BRD-K50511260::HA1E::::24H::1.11uM::PCL001::C03::BRD-K50511260,BRD-K50511260,brd-k50511260,brd-k50511260
L1000,L1000::BRD-A59468452::HA1E::::24H::0.12uM::PCL001::D17::BRD-A59468452,BRD-A59468452,brd-a59468452,brd-a59468452
L1000,L1000::BRD-K45962729::HA1E::::24H::3.33uM::PCL001::B20::BRD-K45962729,BRD-K45962729,brd-k45962729,brd-k45962729
L1000,L1000::erismo-ester::HA1E::::24H::0.04uM::PCL001::L24::BRD-K62627073,erismo-ester,brd-k62627073,erismo-ester
L1000,L1000::BRD-K77620628::HA1E::::24H::10uM::PCL001::J19::BRD-K77620628,BRD-K77620628,brd-k77620628,brd-k77620628
L1000,L1000::BRD-A59468452::HA1E::::24H::10uM::PCL001::D13::BRD-A59468452,BRD-A59468452,brd-a59468452,brd-a59468452
L1000,L1000::BRD-A59468452::HA1E::::24H::0.37uM::PCL001::D16::BRD-A59468452,BRD-A59468452,brd-a59468452,brd-a59468452
L1000,L1000::BRD-K11413513::HA1E::::24H::3.33uM::PCL001::K02::BRD-K11413513,BRD-K11413513,brd-k11413513,brd-k11413513
L1000,L1000::BRD-A89859721::HA1E::::24H::1.11uM::PCL001::J09::BRD-A89859721,BRD-A89859721,brd-a89859721,brd-a89859721
L1000,L1000::TG-101209::HA1E::::24H::3.33uM::PCL001::A20::BRD-K39841531,TG-101209,brd-k39841531,tg-101209
L1000,L1000::BRD-K50511260::HA1E::::24H::0.04uM::PCL001::C06::BRD-K50511260,BRD-K50511260,brd-k50511260,brd-k50511260
L1000,L1000::BRD-K71855865::HA1E::::24H::10uM::PCL001::E13::BRD-K71855865,BRD-K71855865,brd-k71855865,brd-k71855865
L1000,L1000::I-BET-762::HA1E::::24H::10uM::PCL001::I07::BRD-K08109215,I-BET-762,brd-k08109215,i-bet-762
L1000,L1000::BRD-A59468452::HA1E::::24H::1.11uM::PCL001::D15::BRD-A59468452,BRD-A59468452,brd-a59468452,brd-a59468452
L1000,L1000::BRD-K50817946::HA1E::::24H::10uM::PCL001::G19::BRD-K50817946,BRD-K50817946,brd-k50817946,brd-k50817946
L1000,L1000::I-BET-151::HA1E::::24H::10uM::PCL001::H19::BRD-K36363294,I-BET-151,brd-k36363294,i-bet-151
L1000,L1000::BRD-A89859721::HA1E::::24H::0.37uM::PCL001::J10::BRD-A89859721,BRD-A89859721,brd-a89859721,brd-a89859721
L1000,L1000::BRD-K93425199::HA1E::::24H::10uM::PCL001::J01::BRD-K93425199,BRD-K93425199,brd-k93425199,brd-k93425199
L1000,L1000::BRD-A89859721::HA1E::::24H::0.12uM::PCL001::J11::BRD-A89859721,BRD-A89859721,brd-a89859721,brd-a89859721
L1000,L1000::TG-101209::HA1E::::24H::10uM::PCL001::A19::BRD-K39841531,TG-101209,brd-k39841531,tg-101209
L1000,L1000::BRD-K84633118::HA1E::::24H::10uM::PCL001::F01::BRD-K84633118,BRD-K84633118,brd-k84633118,brd-k84633118
L1000,L1000::BRD-K84633118::HA1E::::24H::1.11uM::PCL001::F03::BRD-K84633118,BRD-K84633118,brd-k84633118,brd-k84633118
L1000,L1000::BRD-K93425199::HA1E::::24H::3.33uM::PCL001::J02::BRD-K93425199,BRD-K93425199,brd-k93425199,brd-k93425199
L1000,L1000::BRD-A59468452::HA1E::::24H::3.33uM::PCL001::D14::BRD-A59468452,BRD-A59468452,brd-a59468452,brd-a59468452
L1000,L1000::TG-101209::HA1E::::24H::1.11uM::PCL001::A21::BRD-K39841531,TG-101209,brd-k39841531,tg-101209
L1000,L1000::BRD-K38292946::HA1E::::24H::3.33uM::PCL001::E20::BRD-K38292946,BRD-K38292946,brd-k38292946,brd-k38292946
L1000,L1000::vorinostat::HA1E::::24H::10uM::PCL001::A03::BRD-K81418486,vorinostat,brd-k81418486,vorinostat
L1000,L1000::SGC-CBP30::HA1E::::24H::10uM::PCL001::D01::BRD-K24821794,SGC-CBP30,brd-k24821794,sgc-cbp30
L1000,L1000::BRD-K38292946::HA1E::::24H::10uM::PCL001::E19::BRD-K38292946,BRD-K38292946,brd-k38292946,brd-k38292946
L1000,L1000::BRD-K30842649::HA1E::::24H::3.33uM::PCL001::E08::BRD-K30842649,BRD-K30842649,brd-k30842649,brd-k30842649
L1000,L1000::BRD-K59023263::HA1E::::24H::0.04uM::PCL001::I06::BRD-K59023263,BRD-K59023263,brd-k59023263,brd-k59023263
L1000,L1000::BRD-K91583156::HA1E::::24H::10uM::PCL001::E01::BRD-K91583156,BRD-K91583156,brd-k91583156,brd-k91583156
L1000,L1000::BRD-K30842649::HA1E::::24H::10uM::PCL001::E07::BRD-K30842649,BRD-K30842649,brd-k30842649,brd-k30842649
L1000,L1000::BRD-A89859721::HA1E::::24H::10uM::PCL001::J07::BRD-A89859721,BRD-A89859721,brd-a89859721,brd-a89859721
L1000,L1000::vismodegib::HA1E::::24H::0.04uM::PCL001::O24::BRD-K44827188,vismodegib,brd-k44827188,vismodegib
L1000,L1000::I-BET-762::HA1E::::24H::0.37uM::PCL001::I10::BRD-K08109215,I-BET-762,brd-k08109215,i-bet-762
L1000,L1000::UMB-32::HA1E::::24H::10uM::PCL001::L01::BRD-K21532219,UMB-32,brd-k21532219,umb-32
L1000,L1000::BRD-K61498099::HA1E::::24H::4uM::PCL001::L13::BRD-K61498099,BRD-K61498099,brd-k61498099,brd-k61498099
L1000,L1000::BRD-A89859721::HA1E::::24H::3.33uM::PCL001::J08::BRD-A89859721,BRD-A89859721,brd-a89859721,brd-a89859721
L1000,L1000::balicatib::HT29::::24H::10uM::REP.A004::P19::BRD-K27204852,balicatib,brd-k27204852,balicatib
L1000,L1000::fluorouracil::HT29::::24H::10uM::REP.A004::J19::BRD-K24844714,fluorouracil,brd-k24844714,fluorouracil
L1000,L1000::KPT-330::HT29::::24H::1.11uM::REP.A004::E15::BRD-K21361524,KPT-330,brd-k21361524,kpt-330
L1000,L1000::SB-683698::HT29::::24H::0.04uM::REP.A004::M18::BRD-K24968862,SB-683698,brd-k24968862,sb-683698
L1000,L1000::KPT-330::HT29::::24H::0.37uM::REP.A004::E16::BRD-K21361524,KPT-330,brd-k21361524,kpt-330
L1000,L1000::saracatinib::HT29::::24H::10uM::REP.A004::L07::BRD-K19540840,saracatinib,brd-k19540840,saracatinib
L1000,L1000::perhexiline::HT29::::24H::10uM::REP.A004::D13::BRD-A19633847,perhexiline,brd-a19633847,perhexiline
L1000,L1000::KPT-330::HT29::::24H::3.33uM::REP.A004::E14::BRD-K21361524,KPT-330,brd-k21361524,kpt-330
L1000,L1000::perhexiline::HT29::::24H::0.37uM::REP.A004::D16::BRD-A19633847,perhexiline,brd-a19633847,perhexiline
L1000,L1000::camicinal::HT29::::24H::10uM::REP.A004::M07::BRD-K23248433,camicinal,brd-k23248433,camicinal
L1000,L1000::KPT-330::HT29::::24H::10uM::REP.A004::E13::BRD-K21361524,KPT-330,brd-k21361524,kpt-330
L1000,L1000::alvocidib::MCF7::::24H::1.11uM::REP.A026::B21::BRD-K87909389,alvocidib,brd-k87909389,alvocidib
L1000,L1000::CYT-387::MCF7::::24H::10uM::REP.A026::B13::BRD-K87737963,CYT-387,brd-k87737963,cyt-387
L1000,L1000::alvocidib::MCF7::::24H::10uM::REP.A026::B19::BRD-K87909389,alvocidib,brd-k87909389,alvocidib
L1000,L1000::alvocidib::MCF7::::24H::0.37uM::REP.A026::B22::BRD-K87909389,alvocidib,brd-k87909389,alvocidib
L1000,L1000::alvocidib::MCF7::::24H::0.125uM::REP.A026::B23::BRD-K87909389,alvocidib,brd-k87909389,alvocidib
L1000,L1000::CX-4945::HT29::::24H::10uM::PBIOA017::A19::BRD-K81458380,CX-4945,brd-k81458380,cx-4945
L1000,L1000::vorinostat::HT29::::24H::10uM::PBIOA017::O01::BRD-K81418486,vorinostat,brd-k81418486,vorinostat
L1000,L1000::PLX-4720::HT29::::24H::3.33uM::PBIOA017::N02::BRD-K16478699,PLX-4720,brd-k16478699,plx-4720
L1000,L1000::BRD-K44506257::HT29::::24H::10uM::PBIOA017::A07::BRD-K44506257,BRD-K44506257,brd-k44506257,brd-k44506257
L1000,L1000::MK-2206::HT29::::24H::3.33uM::PBIOA017::N14::BRD-K68065987,MK-2206,brd-k68065987,mk-2206
L1000,L1000::BRD-K65694520::HT29::::24H::0.125uM::PBIOA017::P11::BRD-K65694520,BRD-K65694520,brd-k65694520,brd-k65694520
L1000,L1000::PLX-4720::HT29::::24H::1.11uM::PBIOA017::N03::BRD-K16478699,PLX-4720,brd-k16478699,plx-4720
L1000,L1000::BRD-K19826688::HT29::::24H::10uM::PBIOA017::B13::BRD-K19826688,BRD-K19826688,brd-k19826688,brd-k19826688
L1000,L1000::MK-2206::HT29::::24H::10uM::PBIOA017::N13::BRD-K68065987,MK-2206,brd-k68065987,mk-2206
L1000,L1000::PLX-4720::HT29::::24H::10uM::PBIOA017::N01::BRD-K16478699,PLX-4720,brd-k16478699,plx-4720
L1000,L1000::vorinostat::OCILY3::::4H::2.5uM::AICHI001::G14::BRD-K81418486,vorinostat,brd-k81418486,vorinostat
L1000,L1000::GDC-0941::OCILY3::::4H::10uM::AICHI001::A07::BRD-K52911425,GDC-0941,brd-k52911425,gdc-0941
L1000,L1000::BRD-K16277767::OCILY3::::4H::10uM::AICHI001::L07::BRD-K16277767,BRD-K16277767,brd-k16277767,brd-k16277767
L1000,L1000::vorinostat::OCILY3::::4H::0.66uM::AICHI001::G15::BRD-K81418486,vorinostat,brd-k81418486,vorinostat
L1000,L1000::BRD-A75976779::OCILY3::::4H::0.01uM::AICHI001::I12::BRD-A75976779,BRD-A75976779,brd-a75976779,brd-a75976779
L1000,L1000::AZ-628::OCILY3::::4H::10uM::AICHI001::M13::BRD-K05804044,AZ-628,brd-k05804044,az-628
L1000,L1000::GDC-834::OCILY3::::4H::2.5uM::AICHI001::P08::BRD-K32428408,GDC-834,brd-k32428408,gdc-834
L1000,L1000::vorinostat::OCILY3::::4H::10uM::AICHI001::G13::BRD-K81418486,vorinostat,brd-k81418486,vorinostat
L1000,L1000::CX-4945::OCILY3::::4H::10uM::AICHI001::M01::BRD-K81458380,CX-4945,brd-k81458380,cx-4945
L1000,L1000::foretinib::A375::::24H::10uM::REP.A012::P19::BRD-K03449891,foretinib,brd-k03449891,foretinib
L1000,L1000::foretinib::A375::::24H::1.11uM::REP.A012::P21::BRD-K03449891,foretinib,brd-k03449891,foretinib
L1000,L1000::BMS-299897::A375::::24H::3.33uM::REP.A012::N02::BRD-K02950022,BMS-299897,brd-k02950022,bms-299897
L1000,L1000::roflumilast::A375::::24H::10uM::REP.A012::M19::BRD-K03194791,roflumilast,brd-k03194791,roflumilast
L1000,L1000::colchicine::A375::::24H::1.11uM::REP.A012::A21::BRD-K00259736,colchicine,brd-k00259736,colchicine
L1000,L1000::foretinib::A375::::24H::3.33uM::REP.A012::P20::BRD-K03449891,foretinib,brd-k03449891,foretinib
L1000,L1000::colchicine::A375::::24H::10uM::REP.A012::A19::BRD-K00259736,colchicine,brd-k00259736,colchicine
L1000,L1000::amoxapine::A375::::24H::0.04uM::REP.A012::I18::BRD-K02265150,amoxapine,brd-k02265150,amoxapine
L1000,L1000::colchicine::A375::::24H::0.04uM::REP.A012::A24::BRD-K00259736,colchicine,brd-k00259736,colchicine
L1000,L1000::olaparib::A375::::24H::10uM::REP.A012::I07::BRD-K02113016,olaparib,brd-k02113016,olaparib
L1000,L1000::colchicine::A375::::24H::0.37uM::REP.A012::A22::BRD-K00259736,colchicine,brd-k00259736,colchicine
L1000,L1000::colchicine::A375::::24H::3.33uM::REP.A012::A20::BRD-K00259736,colchicine,brd-k00259736,colchicine
L1000,L1000::colchicine::A375::::24H::0.125uM::REP.A012::A23::BRD-K00259736,colchicine,brd-k00259736,colchicine
L1000,L1000::vorinostat::MINO::::6H::2.5uM::EMU001::O02::BRD-K81418486,vorinostat,brd-k81418486,vorinostat
L1000,L1000::lapatinib::MINO::::6H::10uM::EMU001::L13::BRD-K19687926,lapatinib,brd-k19687926,lapatinib
L1000,L1000::BRD-K94199083::MINO::::6H::10uM::EMU001::H13::BRD-K94199083,BRD-K94199083,brd-k94199083,brd-k94199083
L1000,L1000::PF-06465469::MINO::::6H::10uM::EMU001::N07::BRD-K77503770,PF-06465469,brd-k77503770,pf-06465469
L1000,L1000::GDC-0199::MINO::::6H::10uM::EMU001::N19::BRD-K62391742,GDC-0199,brd-k62391742,gdc-0199
L1000,L1000::dasatinib::MINO::::6H::10uM::EMU001::I19::BRD-K49328571,dasatinib,brd-k49328571,dasatinib
L1000,L1000::erlotinib::MINO::::6H::10uM::EMU001::C13::BRD-K70401845,erlotinib,brd-k70401845,erlotinib
L1000,L1000::saracatinib::MINO::::6H::10uM::EMU001::M19::BRD-K19540840,saracatinib,brd-k19540840,saracatinib
L1000,L1000::vorinostat::MINO::::6H::0.66uM::EMU001::O03::BRD-K81418486,vorinostat,brd-k81418486,vorinostat
L1000,L1000::gefitinib::MINO::::6H::10uM::EMU001::J13::BRD-K64052750,gefitinib,brd-k64052750,gefitinib
L1000,L1000::vorinostat::MINO::::6H::0.125uM::EMU001::O04::BRD-K81418486,vorinostat,brd-k81418486,vorinostat
L1000,L1000::I-BET-762::MINO::::6H::0.66uM::EMU001::K21::BRD-K08109215,I-BET-762,brd-k08109215,i-bet-762
L1000,L1000::I-BET-762::MINO::::6H::2.5uM::EMU001::K20::BRD-K08109215,I-BET-762,brd-k08109215,i-bet-762
L1000,L1000::BRD-K98039984::MINO::::6H::2.5uM::EMU001::K02::BRD-K98039984,BRD-K98039984,brd-k98039984,brd-k98039984
L1000,L1000::vorinostat::MINO::::6H::10uM::EMU001::O01::BRD-K81418486,vorinostat,brd-k81418486,vorinostat
L1000,L1000::BRD-K98039984::MINO::::6H::10uM::EMU001::K01::BRD-K98039984,BRD-K98039984,brd-k98039984,brd-k98039984
L1000,L1000::LCB-03-0110::MINO::::6H::10uM::EMU001::O13::BRD-K11357827,LCB-03-0110,brd-k11357827,lcb-03-0110
L1000,L1000::dasatinib::MINO::::6H::0.66uM::EMU001::I21::BRD-K49328571,dasatinib,brd-k49328571,dasatinib
L1000,L1000::BRD-K98039984::MINO::::6H::0.66uM::EMU001::K03::BRD-K98039984,BRD-K98039984,brd-k98039984,brd-k98039984
L1000,L1000::bosutinib::MINO::::6H::10uM::EMU001::J19::BRD-K99964838,bosutinib,brd-k99964838,bosutinib
L1000,L1000::I-BET-762::MINO::::6H::10uM::EMU001::K19::BRD-K08109215,I-BET-762,brd-k08109215,i-bet-762
L1000,L1000::masitinib::MINO::::6H::10uM::EMU001::I13::BRD-K71035033,masitinib,brd-k71035033,masitinib
L1000,L1000::actinomycin-d::PC3::::24H::10uM::CRCGN004::H14::BRD-A42383464,actinomycin-d,brd-a42383464,actinomycin-d
L1000,L1000::vorinostat::PC3::::24H::10uM::CRCGN004::B04::BRD-K81418486,vorinostat,brd-k81418486,vorinostat
L1000,L1000::tranilast::PC3::::24H::10uM::CRCGN004::H10::BRD-K17849083,tranilast,brd-k17849083,tranilast
L1000,L1000::fluorouracil::PC3::::24H::20uM::CRCGN004::B15::BRD-K24844714,fluorouracil,brd-k24844714,fluorouracil
L1000,L1000::ACY-1215::A549::::24H::0.04uM::REP.A020::H24::BRD-K82928847,ACY-1215,brd-k82928847,acy-1215
L1000,L1000::thioridazine::A549::::24H::10uM::REP.A020::H01::BRD-A84481105,thioridazine,brd-a84481105,thioridazine
L1000,L1000::podophyllotoxin::A549::::24H::1.11uM::REP.A020::N03::BRD-K47869605,podophyllotoxin,brd-k47869605,podophyllotoxin
L1000,L1000::piribedil::A549::::24H::0.125uM::REP.A020::N11::BRD-K47936004,piribedil,brd-k47936004,piribedil
L1000,L1000::podophyllotoxin::A549::::24H::0.04uM::REP.A020::N06::BRD-K47869605,podophyllotoxin,brd-k47869605,podophyllotoxin
L1000,L1000::ACY-1215::A549::::24H::10uM::REP.A020::H19::BRD-K82928847,ACY-1215,brd-k82928847,acy-1215
L1000,L1000::bezafibrate::A549::::24H::10uM::REP.A020::K13::BRD-K46018455,bezafibrate,brd-k46018455,bezafibrate
L1000,L1000::podophyllotoxin::A549::::24H::0.125uM::REP.A020::N05::BRD-K47869605,podophyllotoxin,brd-k47869605,podophyllotoxin
L1000,L1000::podophyllotoxin::A549::::24H::3.33uM::REP.A020::N02::BRD-K47869605,podophyllotoxin,brd-k47869605,podophyllotoxin
L1000,L1000::macitentan::A549::::24H::1.11uM::REP.A020::P03::BRD-K48812570,macitentan,brd-k48812570,macitentan
L1000,L1000::quercetin::A549::::24H::1.11uM::REP.A028::P03::BRD-K97399794,quercetin,brd-k97399794,quercetin
L1000,L1000::ataluren::A549::::24H::10uM::REP.A028::I01::BRD-K94830329,ataluren,brd-k94830329,ataluren
L1000,L1000::brequinar::A549::::24H::3.33uM::REP.A028::K20::BRD-K96123349,brequinar,brd-k96123349,brequinar
L1000,L1000::brequinar::A549::::24H::1.11uM::REP.A028::K21::BRD-K96123349,brequinar,brd-k96123349,brequinar
L1000,L1000::brequinar::A549::::24H::10uM::REP.A028::K19::BRD-K96123349,brequinar,brd-k96123349,brequinar
L1000,L1000::vorinostat::OCILY3::::4H::10uM::AICHI002::G13::BRD-K81418486,vorinostat,brd-k81418486,vorinostat
L1000,L1000::vorinostat::OCILY3::::4H::2.5uM::AICHI002::G14::BRD-K81418486,vorinostat,brd-k81418486,vorinostat
L1000,L1000::selumetinib::OCILY3::::4H::10uM::AICHI002::B19::BRD-K57080016,selumetinib,brd-k57080016,selumetinib
L1000,L1000::BRD-K08177763::OCILY3::::4H::2.5uM::AICHI002::L02::BRD-K08177763,BRD-K08177763,brd-k08177763,brd-k08177763
L1000,L1000::selumetinib::OCILY3::::4H::0.125uM::AICHI002::B22::BRD-K57080016,selumetinib,brd-k57080016,selumetinib
L1000,L1000::BRD-K13733627::OCILY3::::4H::10uM::AICHI002::K01::BRD-K13733627,BRD-K13733627,brd-k13733627,brd-k13733627
L1000,L1000::BRD-K30520487::OCILY3::::4H::10uM::AICHI002::E13::BRD-K30520487,BRD-K30520487,brd-k30520487,brd-k30520487
L1000,L1000::BRD-K04065047::OCILY3::::4H::10uM::AICHI002::A13::BRD-K04065047,BRD-K04065047,brd-k04065047,brd-k04065047
L1000,L1000::SL-0101-1::OCILY3::::4H::10uM::AICHI002::D07::BRD-K48182764,SL-0101-1,brd-k48182764,sl-0101-1
L1000,L1000::selumetinib::OCILY3::::4H::2.5uM::AICHI002::B20::BRD-K57080016,selumetinib,brd-k57080016,selumetinib
L1000,L1000::PF-04691502::OCILY3::::4H::0.66uM::AICHI002::J09::BRD-K07310275,PF-04691502,brd-k07310275,pf-04691502
L1000,L1000::PF-04691502::OCILY3::::4H::10uM::AICHI002::J07::BRD-K07310275,PF-04691502,brd-k07310275,pf-04691502
L1000,L1000::BRD-K08177763::OCILY3::::4H::0.125uM::AICHI002::L04::BRD-K08177763,BRD-K08177763,brd-k08177763,brd-k08177763
L1000,L1000::TG-101348::OCILY3::::4H::10uM::AICHI002::A19::BRD-K12502280,TG-101348,brd-k12502280,tg-101348
L1000,L1000::panobinostat::XC.L10::::24H::3.33uM::PBIOA010::D08::BRD-K02130563,panobinostat,brd-k02130563,panobinostat
L1000,L1000::vorinostat::XC.L10::::24H::10uM::PBIOA010::O02::BRD-K81418486,vorinostat,brd-k81418486,vorinostat
L1000,L1000::NVP-TAE684::XC.L10::::24H::10uM::PBIOA010::G22::BRD-K50140147,NVP-TAE684,brd-k50140147,nvp-tae684
L1000,L1000::TL-HRAS-61::XC.L10::::24H::10uM::PBIOA010::L01::BRD-K01877528,TL-HRAS-61,brd-k01877528,tl-hras-61
L1000,L1000::panobinostat::XC.L10::::24H::10uM::PBIOA010::D07::BRD-K02130563,panobinostat,brd-k02130563,panobinostat
L1000,L1000::TL-HRAS-61::XC.L10::::24H::1.11uM::PBIOA010::L03::BRD-K01877528,TL-HRAS-61,brd-k01877528,tl-hras-61
L1000,L1000::BRD-K47503321::XC.L10::::24H::10uM::PBIOA010::O16::BRD-K47503321,BRD-K47503321,brd-k47503321,brd-k47503321
L1000,L1000::panobinostat::XC.L10::::24H::1.11uM::PBIOA010::D09::BRD-K02130563,panobinostat,brd-k02130563,panobinostat
L1000,L1000::TL-HRAS-61::XC.L10::::24H::3.33uM::PBIOA010::L02::BRD-K01877528,TL-HRAS-61,brd-k01877528,tl-hras-61
L1000,L1000::CYT-387::XC.L10::::24H::3.33uM::PBIOA010::N02::BRD-K87737963,CYT-387,brd-k87737963,cyt-387
L1000,L1000::BRD-K89637195::XC.L10::::24H::10uM::PBIOA010::M10::BRD-K89637195,BRD-K89637195,brd-k89637195,brd-k89637195
L1000,L1000::CYT-387::XC.L10::::24H::10uM::PBIOA010::N01::BRD-K87737963,CYT-387,brd-k87737963,cyt-387
L1000,L1000::vorinostat::HCC515::::24H::10uM::PBIOA013::O01::BRD-K81418486,vorinostat,brd-k81418486,vorinostat
L1000,L1000::BRD-K02526659::HCC515::::24H::0.04uM::PBIOA013::K24::BRD-K02526659,BRD-K02526659,brd-k02526659,brd-k02526659
L1000,L1000::BRD-K02526659::HCC515::::24H::0.125uM::PBIOA013::K23::BRD-K02526659,BRD-K02526659,brd-k02526659,brd-k02526659
L1000,L1000::BRD-K06122322::HCC515::::24H::3.33uM::PBIOA013::I08::BRD-K06122322,BRD-K06122322,brd-k06122322,brd-k06122322
L1000,L1000::celecoxib::HCC515::::24H::10uM::PBIOA013::L13::BRD-K02637541,celecoxib,brd-k02637541,celecoxib
L1000,L1000::BRD-K04919785::HCC515::::24H::0.37uM::PBIOA013::L10::BRD-K04919785,BRD-K04919785,brd-k04919785,brd-k04919785
L1000,L1000::BRD-K19926581::HCC515::::24H::0.125uM::PBIOA013::I05::BRD-K19926581,BRD-K19926581,brd-k19926581,brd-k19926581
L1000,L1000::BRD-K34485477::HCC515::::24H::3.33uM::PBIOA013::H08::BRD-K34485477,BRD-K34485477,brd-k34485477,brd-k34485477
L1000,L1000::BRD-K28433302::HCC515::::24H::0.125uM::PBIOA013::A17::BRD-K28433302,BRD-K28433302,brd-k28433302,brd-k28433302
L1000,L1000::BRD-K01397631::HCC515::::24H::1.11uM::PBIOA013::O21::BRD-K01397631,BRD-K01397631,brd-k01397631,brd-k01397631
L1000,L1000::bosutinib::YAPC::::24H::10uM::REP.A002::N19::BRD-K99964838,bosutinib,brd-k99964838,bosutinib
L1000,L1000::bosutinib::YAPC::::24H::0.125uM::REP.A002::N23::BRD-K99964838,bosutinib,brd-k99964838,bosutinib
L1000,L1000::ibuprofen::YAPC::::24H::0.37uM::REP.A002::L16::BRD-A17655518,ibuprofen,brd-a17655518,ibuprofen
L1000,L1000::navitoclax::A375::::24H::2.22uM::REP.B022::P19::BRD-K82746043,navitoclax,brd-k82746043,navitoclax
L1000,L1000::BI-2536::HT29::::24H::0.37uM::LJP009::B22::BRD-U70626184,BI-2536,brd-u70626184,bi-2536
L1000,L1000::vorinostat::HT29::::24H::10uM::LJP009::A03::BRD-K81418486,vorinostat,brd-k81418486,vorinostat
L1000,L1000::dasatinib::HT29::::24H::0.37uM::LJP009::G16::BRD-K49328571,dasatinib,brd-k49328571,dasatinib
L1000,L1000::dabrafenib::HT29::::24H::3.33uM::LJP009::H08::BRD-K09951645,dabrafenib,brd-k09951645,dabrafenib
L1000,L1000::CGP-60474::HT29::::24H::0.04uM::LJP009::C24::BRD-K79090631,CGP-60474,brd-k79090631,cgp-60474
L1000,L1000::chelerythrine::HT29::::24H::10uM::LJP009::F19::BRD-K87904882,chelerythrine,brd-k87904882,chelerythrine
L1000,L1000::dabrafenib::HT29::::24H::10uM::LJP009::H07::BRD-K09951645,dabrafenib,brd-k09951645,dabrafenib
L1000,L1000::JNJ-38877605::HT29::::24H::0.12uM::LJP009::E17::BRD-K02123250,JNJ-38877605,brd-k02123250,jnj-38877605
L1000,L1000::BAY-61-3606::HT29::::24H::10uM::LJP009::H01::BRD-K53281329,BAY-61-3606,brd-k53281329,bay-61-3606
L1000,L1000::ponatinib::HT29::::24H::3.33uM::LJP009::E20::BRD-K44227013,ponatinib,brd-k44227013,ponatinib
L1000,L1000::dasatinib::HT29::::24H::10uM::LJP009::G13::BRD-K49328571,dasatinib,brd-k49328571,dasatinib
L1000,L1000::dasatinib::HT29::::24H::0.12uM::LJP009::G17::BRD-K49328571,dasatinib,brd-k49328571,dasatinib
L1000,L1000::BI-2536::HT29::::24H::3.33uM::LJP009::B20::BRD-U70626184,BI-2536,brd-u70626184,bi-2536
L1000,L1000::BI-2536::HT29::::24H::10uM::LJP009::B19::BRD-U70626184,BI-2536,brd-u70626184,bi-2536
L1000,L1000::ponatinib::HT29::::24H::10uM::LJP009::E19::BRD-K44227013,ponatinib,brd-k44227013,ponatinib
L1000,L1000::saracatinib::HT29::::24H::10uM::LJP009::B13::BRD-U07805514,saracatinib,brd-u07805514,saracatinib
L1000,L1000::MLN-0128::YAPC::::24H::3.33uM::LJP007::L08::BRD-K59317601,MLN-0128,brd-k59317601,mln-0128
L1000,L1000::OTS-167::YAPC::::24H::10uM::LJP007::O13::BRD-K53417444,OTS-167,brd-k53417444,ots-167
L1000,L1000::MLN-0128::YAPC::::24H::10uM::LJP007::L07::BRD-K59317601,MLN-0128,brd-k59317601,mln-0128
L1000,L1000::CGP-60474::YAPC::::24H::0.12uM::LJP007::C23::BRD-K79090631,CGP-60474,brd-k79090631,cgp-60474
L1000,L1000::PHA-767491::YAPC::::24H::3.33uM::LJP007::J02::BRD-K50000283,PHA-767491,brd-k50000283,pha-767491
L1000,L1000::OTS-167::YAPC::::24H::1.11uM::LJP007::O15::BRD-K53417444,OTS-167,brd-k53417444,ots-167
L1000,L1000::masitinib::YAPC::::24H::10uM::LJP007::I13::BRD-K71035033,masitinib,brd-k71035033,masitinib
L1000,L1000::dasatinib::YAPC::::24H::3.33uM::LJP007::G14::BRD-K49328571,dasatinib,brd-k49328571,dasatinib
L1000,L1000::dasatinib::YAPC::::24H::1.11uM::LJP007::G15::BRD-K49328571,dasatinib,brd-k49328571,dasatinib
L1000,L1000::MLN-0128::YAPC::::24H::0.04uM::LJP007::L12::BRD-K59317601,MLN-0128,brd-k59317601,mln-0128
L1000,L1000::OTS-167::YAPC::::24H::0.12uM::LJP007::O17::BRD-K53417444,OTS-167,brd-k53417444,ots-167
L1000,L1000::TPCA-1::YAPC::::24H::10uM::LJP007::A19::BRD-K51575138,TPCA-1,brd-k51575138,tpca-1
L1000,L1000::vandetanib::YAPC::::24H::10uM::LJP007::P13::BRD-K77625799,vandetanib,brd-k77625799,vandetanib
L1000,L1000::OTS-167::YAPC::::24H::0.04uM::LJP007::O18::BRD-K53417444,OTS-167,brd-k53417444,ots-167
L1000,L1000::vorinostat::YAPC::::24H::10uM::LJP007::A03::BRD-K81418486,vorinostat,brd-k81418486,vorinostat
L1000,L1000::bosutinib::YAPC::::24H::10uM::LJP007::D19::BRD-K99964838,bosutinib,brd-k99964838,bosutinib
L1000,L1000::dasatinib::YAPC::::24H::0.12uM::LJP007::G17::BRD-K49328571,dasatinib,brd-k49328571,dasatinib
L1000,L1000::OTS-167::YAPC::::24H::3.33uM::LJP007::O14::BRD-K53417444,OTS-167,brd-k53417444,ots-167
L1000,L1000::MLN-0128::YAPC::::24H::0.37uM::LJP007::L10::BRD-K59317601,MLN-0128,brd-k59317601,mln-0128
L1000,L1000::dasatinib::YAPC::::24H::0.37uM::LJP007::G16::BRD-K49328571,dasatinib,brd-k49328571,dasatinib
L1000,L1000::PHA-767491::YAPC::::24H::0.37uM::LJP007::J04::BRD-K50000283,PHA-767491,brd-k50000283,pha-767491
L1000,L1000::MLN-0128::YAPC::::24H::0.12uM::LJP007::L11::BRD-K59317601,MLN-0128,brd-k59317601,mln-0128
L1000,L1000::PHA-767491::YAPC::::24H::1.11uM::LJP007::J03::BRD-K50000283,PHA-767491,brd-k50000283,pha-767491
L1000,L1000::CGP-60474::YAPC::::24H::0.37uM::LJP007::C22::BRD-K79090631,CGP-60474,brd-k79090631,cgp-60474
L1000,L1000::NVP-TAE226::YAPC::::24H::10uM::LJP007::M13::BRD-K21025364,NVP-TAE226,brd-k21025364,nvp-tae226
L1000,L1000::dasatinib::YAPC::::24H::10uM::LJP007::G13::BRD-K49328571,dasatinib,brd-k49328571,dasatinib
L1000,L1000::MLN-0128::YAPC::::24H::1.11uM::LJP007::L09::BRD-K59317601,MLN-0128,brd-k59317601,mln-0128
L1000,L1000::OTS-167::YAPC::::24H::0.37uM::LJP007::O16::BRD-K53417444,OTS-167,brd-k53417444,ots-167
L1000,L1000::CGP-60474::YAPC::::24H::0.04uM::LJP007::C24::BRD-K79090631,CGP-60474,brd-k79090631,cgp-60474
L1000,L1000::BI-2536::MCF10A::::24H::0.125uM::REP.A018::I23::BRD-K64890080,BI-2536,brd-k64890080,bi-2536
L1000,L1000::BI-2536::MCF10A::::24H::1.11uM::REP.A018::I21::BRD-K64890080,BI-2536,brd-k64890080,bi-2536
L1000,L1000::gefitinib::MCF10A::::24H::3.33uM::REP.A018::H14::BRD-K64052750,gefitinib,brd-k64052750,gefitinib
L1000,L1000::cordycepin::MCF10A::::24H::10uM::REP.A018::L07::BRD-K65428967,cordycepin,brd-k65428967,cordycepin
L1000,L1000::BI-2536::MCF10A::::24H::0.37uM::REP.A018::I22::BRD-K64890080,BI-2536,brd-k64890080,bi-2536
L1000,L1000::gefitinib::MCF10A::::24H::10uM::REP.A018::H13::BRD-K64052750,gefitinib,brd-k64052750,gefitinib
L1000,L1000::anagrelide::MCF10A::::24H::0.125uM::REP.A018::B17::BRD-K62200014,anagrelide,brd-k62200014,anagrelide
L1000,L1000::BI-2536::MCF10A::::24H::10uM::REP.A018::I19::BRD-K64890080,BI-2536,brd-k64890080,bi-2536
L1000,L1000::vorinostat::MCF7::::24H::10uM::DOSVAL002::G14::BRD-K81418486,vorinostat,brd-k81418486,vorinostat
L1000,L1000::troglitazone::MCF7::::24H::10uM::DOSVAL002::K11::BRD-A13084692,troglitazone,brd-a13084692,troglitazone
L1000,L1000::vorinostat::MCF7::::24H::20uM::DOSVAL002::G13::BRD-K81418486,vorinostat,brd-k81418486,vorinostat
L1000,L1000::BRD-K12778320::MCF7::::24H::10uM::DOSVAL002::E11::BRD-K12778320,BRD-K12778320,brd-k12778320,brd-k12778320
L1000,L1000::vorinostat::MCF7::::24H::4uM::DOSVAL002::G15::BRD-K81418486,vorinostat,brd-k81418486,vorinostat
L1000,L1000::BRD-K46082587::MCF7::::24H::10uM::DOSVAL002::K02::BRD-K46082587,BRD-K46082587,brd-k46082587,brd-k46082587
L1000,L1000::troglitazone::MCF7::::24H::20uM::DOSVAL002::K10::BRD-A13084692,troglitazone,brd-a13084692,troglitazone
L1000,L1000::PF-06465469::TMD8::::6H::0.66uM::EMU001::N09::BRD-K77503770,PF-06465469,brd-k77503770,pf-06465469
L1000,L1000::lapatinib::TMD8::::6H::10uM::EMU001::L13::BRD-K19687926,lapatinib,brd-k19687926,lapatinib
L1000,L1000::I-BET-762::TMD8::::6H::10uM::EMU001::K19::BRD-K08109215,I-BET-762,brd-k08109215,i-bet-762
L1000,L1000::PF-06465469::TMD8::::6H::10uM::EMU001::N07::BRD-K77503770,PF-06465469,brd-k77503770,pf-06465469
L1000,L1000::bosutinib::TMD8::::6H::0.01uM::EMU001::J24::BRD-K99964838,bosutinib,brd-k99964838,bosutinib
L1000,L1000::LCB-03-0110::TMD8::::6H::10uM::EMU001::O13::BRD-K11357827,LCB-03-0110,brd-k11357827,lcb-03-0110
L1000,L1000::I-BET-762::TMD8::::6H::2.5uM::EMU001::K20::BRD-K08109215,I-BET-762,brd-k08109215,i-bet-762
L1000,L1000::saracatinib::TMD8::::6H::10uM::EMU001::M19::BRD-K19540840,saracatinib,brd-k19540840,saracatinib
L1000,L1000::bosutinib::TMD8::::6H::10uM::EMU001::J19::BRD-K99964838,bosutinib,brd-k99964838,bosutinib
L1000,L1000::imatinib::TMD8::::6H::10uM::EMU001::F19::BRD-K92723993,imatinib,brd-k92723993,imatinib
L1000,L1000::vorinostat::TMD8::::6H::0.125uM::EMU001::O04::BRD-K81418486,vorinostat,brd-k81418486,vorinostat
L1000,L1000::bosutinib::TMD8::::6H::2.5uM::EMU001::J20::BRD-K99964838,bosutinib,brd-k99964838,bosutinib
L1000,L1000::gefitinib::TMD8::::6H::10uM::EMU001::J13::BRD-K64052750,gefitinib,brd-k64052750,gefitinib
L1000,L1000::gossypol::TMD8::::6H::10uM::EMU001::M01::BRD-K19295594,gossypol,brd-k19295594,gossypol
L1000,L1000::masitinib::TMD8::::6H::10uM::EMU001::I13::BRD-K71035033,masitinib,brd-k71035033,masitinib
L1000,L1000::vorinostat::TMD8::::6H::2.5uM::EMU001::O02::BRD-K81418486,vorinostat,brd-k81418486,vorinostat
L1000,L1000::PF-06465469::TMD8::::6H::0.04uM::EMU001::N11::BRD-K77503770,PF-06465469,brd-k77503770,pf-06465469
L1000,L1000::dasatinib::TMD8::::6H::10uM::EMU001::I19::BRD-K49328571,dasatinib,brd-k49328571,dasatinib
L1000,L1000::BRD-K94199083::TMD8::::6H::2.5uM::EMU001::H14::BRD-K94199083,BRD-K94199083,brd-k94199083,brd-k94199083
L1000,L1000::BRD-K94199083::TMD8::::6H::10uM::EMU001::H13::BRD-K94199083,BRD-K94199083,brd-k94199083,brd-k94199083
L1000,L1000::nilotinib::TMD8::::6H::0.66uM::EMU001::D09::BRD-K81528515,nilotinib,brd-k81528515,nilotinib
L1000,L1000::vorinostat::TMD8::::6H::0.66uM::EMU001::O03::BRD-K81418486,vorinostat,brd-k81418486,vorinostat
L1000,L1000::PF-04691502::BJAB::::24H::2.5uM::AICHI002::J08::BRD-K07310275,PF-04691502,brd-k07310275,pf-04691502
L1000,L1000::BRD-K08177763::BJAB::::24H::10uM::AICHI002::L01::BRD-K08177763,BRD-K08177763,brd-k08177763,brd-k08177763
L1000,L1000::BRD-K30520487::BJAB::::24H::2.5uM::AICHI002::E14::BRD-K30520487,BRD-K30520487,brd-k30520487,brd-k30520487
L1000,L1000::BRD-K30520487::BJAB::::24H::10uM::AICHI002::E13::BRD-K30520487,BRD-K30520487,brd-k30520487,brd-k30520487
L1000,L1000::CINK-4::BJAB::::24H::2.5uM::AICHI002::M14::BRD-K67392871,CINK-4,brd-k67392871,cink-4
L1000,L1000::PRT-062607::BJAB::::24H::10uM::AICHI002::I19::BRD-K53734668,PRT-062607,brd-k53734668,prt-062607
L1000,L1000::vorinostat::BJAB::::24H::2.5uM::AICHI002::G14::BRD-K81418486,vorinostat,brd-k81418486,vorinostat
L1000,L1000::TG-101348::BJAB::::24H::2.5uM::AICHI002::A20::BRD-K12502280,TG-101348,brd-k12502280,tg-101348
L1000,L1000::BRD-K79432418::BJAB::::24H::10uM::AICHI002::G19::BRD-K79432418,BRD-K79432418,brd-k79432418,brd-k79432418
L1000,L1000::BRD-K32972437::BJAB::::24H::2.5uM::AICHI002::G08::BRD-K32972437,BRD-K32972437,brd-k32972437,brd-k32972437
L1000,L1000::MK-2206::BJAB::::24H::2.5uM::AICHI002::H14::BRD-K68065987,MK-2206,brd-k68065987,mk-2206
L1000,L1000::MK-2206::BJAB::::24H::0.66uM::AICHI002::H15::BRD-K68065987,MK-2206,brd-k68065987,mk-2206
L1000,L1000::vorinostat::BJAB::::24H::0.66uM::AICHI002::G15::BRD-K81418486,vorinostat,brd-k81418486,vorinostat
L1000,L1000::vorinostat::BJAB::::24H::10uM::AICHI002::G13::BRD-K81418486,vorinostat,brd-k81418486,vorinostat
L1000,L1000::TG-101348::BJAB::::24H::10uM::AICHI002::A19::BRD-K12502280,TG-101348,brd-k12502280,tg-101348
L1000,L1000::CINK-4::BJAB::::24H::10uM::AICHI002::M13::BRD-K67392871,CINK-4,brd-k67392871,cink-4
L1000,L1000::BRD-K08177763::BJAB::::24H::0.66uM::AICHI002::L03::BRD-K08177763,BRD-K08177763,brd-k08177763,brd-k08177763
L1000,L1000::MK-2206::BJAB::::24H::10uM::AICHI002::H13::BRD-K68065987,MK-2206,brd-k68065987,mk-2206
L1000,L1000::I-BET-151::HAP1.HDAC5::::24H::3.33uM::MOAR015::M05::BRD-K36363294,I-BET-151,brd-k36363294,i-bet-151
L1000,L1000::vorinostat::HAP1.HDAC5::::24H::3.33uM::MOAR015::A05::BRD-K81418486,vorinostat,brd-k81418486,vorinostat
L1000,L1000::I-BET-762::HAP1.HDAC5::::24H::3.33uM::MOAR015::D05::BRD-K08109215,I-BET-762,brd-k08109215,i-bet-762
L1000,L1000::alpha-estradiol::HMELZ::::24H::20uM::CRCGN004::K03::BRD-A60070924,alpha-estradiol,brd-a60070924,alpha-estradiol
L1000,L1000::TCDD-dioxin::HMELZ::::24H::1.11uM::CRCGN004::F16::BRD-K90697689,TCDD-dioxin,brd-k90697689,tcdd-dioxin
L1000,L1000::actinomycin-d::HMELZ::::24H::10uM::CRCGN004::C15::BRD-A42383464,actinomycin-d,brd-a42383464,actinomycin-d
L1000,L1000::bisphenol-a::HMELZ::::24H::10uM::CRCGN004::B11::BRD-K41494493,bisphenol-a,brd-k41494493,bisphenol-a
L1000,L1000::vorinostat::HMELZ::::24H::10uM::CRCGN004::B04::BRD-K81418486,vorinostat,brd-k81418486,vorinostat
L1000,L1000::methoxychlor::HMELZ::::24H::10uM::CRCGN004::E03::BRD-K66195174,methoxychlor,brd-k66195174,methoxychlor
L1000,L1000::chlorambucil::HMELZ::::24H::20uM::CRCGN004::M06::BRD-K29458283,chlorambucil,brd-k29458283,chlorambucil
L1000,L1000::emodin::HMELZ::::24H::10uM::CRCGN004::C07::BRD-K58685305,emodin,brd-k58685305,emodin
L1000,L1000::tranilast::HMELZ::::24H::10uM::CRCGN004::H10::BRD-K17849083,tranilast,brd-k17849083,tranilast
L1000,L1000::tirofiban::YAPC::::24H::10uM::REP.A013::C07::BRD-K37872686,tirofiban,brd-k37872686,tirofiban
L1000,L1000::tolnaftate::YAPC::::24H::3.33uM::REP.A013::P14::BRD-K44273375,tolnaftate,brd-k44273375,tolnaftate
L1000,"L1000::3,3'-diindolylmethane::YAPC::::24H::1.11uM::REP.A013::D01::BRD-K37846922","3,3'-diindolylmethane",brd-k37846922,"3,3'-diindolylmethane"
L1000,L1000::PK-11195::YAPC::::24H::1.11uM::REP.A013::I21::BRD-A41451487,PK-11195,brd-a41451487,pk-11195
L1000,L1000::nilotinib::BT20::::3H::10uM::LJP005::N13::BRD-K81528515,nilotinib,brd-k81528515,nilotinib
L1000,L1000::CGP-60474::BT20::::3H::3.33uM::LJP005::F02::BRD-K79090631,CGP-60474,brd-k79090631,cgp-60474
L1000,L1000::CGP-60474::BT20::::3H::0.37uM::LJP005::F04::BRD-K79090631,CGP-60474,brd-k79090631,cgp-60474
L1000,L1000::CYT-387::BT20::::3H::10uM::LJP005::P07::BRD-K87737963,CYT-387,brd-k87737963,cyt-387
L1000,L1000::LDN-193189::BT20::::3H::0.12uM::LJP005::G05::BRD-K04853698,LDN-193189,brd-k04853698,ldn-193189
L1000,L1000::dasatinib::BT20::::3H::0.04uM::LJP005::D06::BRD-K49328571,dasatinib,brd-k49328571,dasatinib
L1000,L1000::PLX-4720::BT20::::3H::0.12uM::LJP005::K05::BRD-K16478699,PLX-4720,brd-k16478699,plx-4720
L1000,L1000::erlotinib::BT20::::3H::3.33uM::LJP005::M20::BRD-K70401845,erlotinib,brd-k70401845,erlotinib
L1000,L1000::SU-11274::BT20::::3H::1.11uM::LJP005::J09::BRD-K02965346,SU-11274,brd-k02965346,su-11274
L1000,L1000::TGX-221::BT20::::3H::10uM::LJP005::H19::BRD-A41692738,TGX-221,brd-a41692738,tgx-221
L1000,L1000::enzastaurin::BT20::::3H::0.37uM::LJP005::D16::BRD-K79404599,enzastaurin,brd-k79404599,enzastaurin
L1000,L1000::TG-101348::BT20::::3H::10uM::LJP005::L01::BRD-K12502280,TG-101348,brd-k12502280,tg-101348
L1000,L1000::LDN-193189::BT20::::3H::3.33uM::LJP005::G02::BRD-K04853698,LDN-193189,brd-k04853698,ldn-193189
L1000,L1000::BX-912::BT20::::3H::10uM::LJP005::L19::BRD-K49669041,BX-912,brd-k49669041,bx-912
L1000,L1000::LDN-193189::BT20::::3H::10uM::LJP005::G01::BRD-K04853698,LDN-193189,brd-k04853698,ldn-193189
L1000,L1000::CGP-60474::BT20::::3H::10uM::LJP005::F01::BRD-K79090631,CGP-60474,brd-k79090631,cgp-60474
L1000,L1000::foretinib::BT20::::3H::10uM::LJP005::H07::BRD-K03449891,foretinib,brd-k03449891,foretinib
L1000,L1000::PD-184352::BT20::::3H::1.11uM::LJP005::L09::BRD-K05104363,PD-184352,brd-k05104363,pd-184352
L1000,L1000::erlotinib::BT20::::3H::1.11uM::LJP005::M21::BRD-K70401845,erlotinib,brd-k70401845,erlotinib
L1000,L1000::CGP-60474::BT20::::3H::0.04uM::LJP005::F06::BRD-K79090631,CGP-60474,brd-k79090631,cgp-60474
L1000,L1000::trametinib::BT20::::3H::10uM::LJP005::P19::BRD-K12343256,trametinib,brd-k12343256,trametinib
L1000,L1000::CYT-387::BT20::::3H::3.33uM::LJP005::P08::BRD-K87737963,CYT-387,brd-k87737963,cyt-387
L1000,L1000::TG-101348::BT20::::3H::1.11uM::LJP005::L03::BRD-K12502280,TG-101348,brd-k12502280,tg-101348
L1000,L1000::foretinib::BT20::::3H::3.33uM::LJP005::H08::BRD-K03449891,foretinib,brd-k03449891,foretinib
L1000,L1000::CYT-387::HA1E::::24H::10uM::PBIOA021::C07::BRD-K87737963,CYT-387,brd-k87737963,cyt-387
L1000,L1000::BRD-K47503321::HA1E::::24H::10uM::PBIOA021::C13::BRD-K47503321,BRD-K47503321,brd-k47503321,brd-k47503321
L1000,L1000::saracatinib::HA1E::::24H::1.11uM::PBIOA021::P03::BRD-K19540840,saracatinib,brd-k19540840,saracatinib
L1000,L1000::GO-6976::HA1E::::24H::10uM::PBIOA021::D19::BRD-K59304176,GO-6976,brd-k59304176,go-6976
L1000,L1000::vorinostat::HA1E::::24H::10uM::PBIOA021::O01::BRD-K81418486,vorinostat,brd-k81418486,vorinostat
L1000,L1000::troglitazone::HA1E::::24H::10uM::PBIOA021::K10::BRD-A13084692,troglitazone,brd-a13084692,troglitazone
L1000,L1000::BRD-K29232285::HA1E::::24H::3.33uM::PBIOA021::G20::BRD-K29232285,BRD-K29232285,brd-k29232285,brd-k29232285
L1000,L1000::BRD-K28456706::HA1E::::24H::3.33uM::PBIOA021::E02::BRD-K28456706,BRD-K28456706,brd-k28456706,brd-k28456706
L1000,L1000::BRD-M74304337::HA1E::::24H::3.33uM::PBIOA021::H08::BRD-M74304337,BRD-M74304337,brd-m74304337,brd-m74304337
L1000,L1000::BMS-536924::HA1E::::24H::12uM::PBIOA021::N01::BRD-K34581968,BMS-536924,brd-k34581968,bms-536924
L1000,L1000::saracatinib::HA1E::::24H::3.33uM::PBIOA021::P02::BRD-K19540840,saracatinib,brd-k19540840,saracatinib
L1000,L1000::CYT-387::HA1E::::24H::1.11uM::PBIOA021::C09::BRD-K87737963,CYT-387,brd-k87737963,cyt-387
L1000,L1000::BRD-K10685794::HA1E::::24H::1.11uM::PBIOA021::N09::BRD-K10685794,BRD-K10685794,brd-k10685794,brd-k10685794
L1000,L1000::BRD-K28456706::HA1E::::24H::10uM::PBIOA021::E01::BRD-K28456706,BRD-K28456706,brd-k28456706,brd-k28456706
L1000,L1000::cyclopentene::HA1E::::24H::10uM::PBIOA021::I13::BRD-K98109757,cyclopentene,brd-k98109757,cyclopentene
L1000,L1000::BRD-K59968781::HA1E::::24H::1.11uM::PBIOA021::A15::BRD-K59968781,BRD-K59968781,brd-k59968781,brd-k59968781
L1000,L1000::CYT-387::HA1E::::24H::3.33uM::PBIOA021::C08::BRD-K87737963,CYT-387,brd-k87737963,cyt-387
L1000,L1000::saracatinib::HA1E::::24H::10uM::PBIOA021::P01::BRD-K19540840,saracatinib,brd-k19540840,saracatinib
L1000,L1000::BRD-K41723848::HA1E::::24H::10uM::PBIOA021::C01::BRD-K41723848,BRD-K41723848,brd-k41723848,brd-k41723848
L1000,L1000::bosutinib::MCF10A.WT::::6H::10uM::LCP001::B13::BRD-K99964838,bosutinib,brd-k99964838,bosutinib
L1000,L1000::NVP-ADW742::MCF10A.WT::::6H::1.11uM::LCP001::H03::BRD-K15179513,NVP-ADW742,brd-k15179513,nvp-adw742
L1000,L1000::CID-5458317::MCF10A.WT::::6H::3.33uM::LCP001::J14::BRD-A08840375,CID-5458317,brd-a08840375,cid-5458317
L1000,L1000::LY-2835219::MCF10A.WT::::6H::1.11uM::LCP001::F24::BRD-K33622447,LY-2835219,brd-k33622447,ly-2835219
L1000,L1000::dasatinib::MCF10A.WT::::6H::10uM::LCP001::J01::BRD-K49328571,dasatinib,brd-k49328571,dasatinib
L1000,L1000::palbociclib::MCF10A.WT::::6H::10uM::LCP001::B19::BRD-K51313569,palbociclib,brd-k51313569,palbociclib
L1000,L1000::GNE-477::MCF10A.WT::::6H::10uM::LCP001::J19::BRD-K12609995,GNE-477,brd-k12609995,gne-477
L1000,L1000::ponatinib::MCF10A.WT::::6H::10uM::LCP001::M04::BRD-K44227013,ponatinib,brd-k44227013,ponatinib
L1000,L1000::KU-55933::MCF10A.WT::::6H::10uM::LCP001::K01::BRD-K25311561,KU-55933,brd-k25311561,ku-55933
L1000,L1000::bosutinib::MCF10A.WT::::6H::3.33uM::LCP001::B14::BRD-K99964838,bosutinib,brd-k99964838,bosutinib
L1000,L1000::SGC-CBP30::MCF10A.WT::::6H::3.33uM::LCP001::C20::BRD-K24821794,SGC-CBP30,brd-k24821794,sgc-cbp30
L1000,L1000::PD-184352::MCF10A.WT::::6H::10uM::LCP001::I01::BRD-K05104363,PD-184352,brd-k05104363,pd-184352
L1000,L1000::filgotinib::MCF10A.WT::::6H::10uM::LCP001::B07::BRD-K16803204,filgotinib,brd-k16803204,filgotinib
L1000,L1000::vorinostat::MCF10A.WT::::6H::1.11uM::LCP001::N24::BRD-K81418486,vorinostat,brd-k81418486,vorinostat
L1000,L1000::CID-5458317::MCF10A.WT::::6H::10uM::LCP001::J13::BRD-A08840375,CID-5458317,brd-a08840375,cid-5458317
L1000,L1000::I-BET-762::MCF10A.WT::::6H::3.33uM::LCP001::L23::BRD-K08109215,I-BET-762,brd-k08109215,i-bet-762
L1000,L1000::bromosporine::MCF10A.WT::::6H::3.33uM::LCP001::D05::BRD-K44665581,bromosporine,brd-k44665581,bromosporine
L1000,L1000::PFI-1::MCF10A.WT::::6H::10uM::LCP001::K22::BRD-K13094524,PFI-1,brd-k13094524,pfi-1
L1000,L1000::panobinostat::MCF10A.WT::::6H::1.11uM::LCP001::J24::BRD-K02130563,panobinostat,brd-k02130563,panobinostat
L1000,L1000::GDC-0941::MCF10A.WT::::6H::10uM::LCP001::N01::BRD-K52911425,GDC-0941,brd-k52911425,gdc-0941
L1000,L1000::vorinostat::MCF10A.WT::::6H::10uM::LCP001::N22::BRD-K81418486,vorinostat,brd-k81418486,vorinostat
L1000,L1000::vorinostat::MCF10A.WT::::6H::3.33uM::LCP001::N23::BRD-K81418486,vorinostat,brd-k81418486,vorinostat
L1000,L1000::I-BET-762::MCF10A.WT::::6H::10uM::LCP001::L22::BRD-K08109215,I-BET-762,brd-k08109215,i-bet-762
L1000,L1000::LY-2835219::MCF10A.WT::::6H::10uM::LCP001::F22::BRD-K33622447,LY-2835219,brd-k33622447,ly-2835219
L1000,L1000::NU-7026::MCF10A.WT::::6H::1.11uM::LCP001::O21::BRD-K09537769,NU-7026,brd-k09537769,nu-7026
L1000,L1000::LY-2835219::MCF10A.WT::::6H::3.33uM::LCP001::F23::BRD-K33622447,LY-2835219,brd-k33622447,ly-2835219
L1000,L1000::SGC-CBP30::MCF10A.WT::::6H::10uM::LCP001::C19::BRD-K24821794,SGC-CBP30,brd-k24821794,sgc-cbp30
L1000,L1000::palbociclib::MCF10A.WT::::6H::1.11uM::LCP001::B21::BRD-K51313569,palbociclib,brd-k51313569,palbociclib
L1000,L1000::panobinostat::MCF10A.WT::::6H::3.33uM::LCP001::J23::BRD-K02130563,panobinostat,brd-k02130563,panobinostat
L1000,L1000::ponatinib::MCF10A.WT::::6H::3.33uM::LCP001::M05::BRD-K44227013,ponatinib,brd-k44227013,ponatinib
L1000,L1000::GNE-477::MCF10A.WT::::6H::1.11uM::LCP001::J21::BRD-K12609995,GNE-477,brd-k12609995,gne-477
L1000,L1000::PD-184352::MCF10A.WT::::6H::3.33uM::LCP001::I02::BRD-K05104363,PD-184352,brd-k05104363,pd-184352
L1000,L1000::regorafenib::MCF10A.WT::::6H::3.33uM::LCP001::E05::BRD-K16730910,regorafenib,brd-k16730910,regorafenib
L1000,L1000::trametinib::MCF10A.WT::::6H::10uM::LCP001::D16::BRD-K12343256,trametinib,brd-k12343256,trametinib
L1000,L1000::PD-184352::MCF10A.WT::::6H::1.11uM::LCP001::I03::BRD-K05104363,PD-184352,brd-k05104363,pd-184352
L1000,L1000::bromosporine::MCF10A.WT::::6H::10uM::LCP001::D04::BRD-K44665581,bromosporine,brd-k44665581,bromosporine
L1000,L1000::PFI-1::MCF10A.WT::::6H::1.11uM::LCP001::K24::BRD-K13094524,PFI-1,brd-k13094524,pfi-1
L1000,L1000::CYT-387::MCF10A.WT::::6H::10uM::LCP001::G04::BRD-K87737963,CYT-387,brd-k87737963,cyt-387
L1000,L1000::panobinostat::MCF10A.WT::::6H::10uM::LCP001::J22::BRD-K02130563,panobinostat,brd-k02130563,panobinostat
L1000,L1000::I-BET-762::MCF10A.WT::::6H::1.11uM::LCP001::L24::BRD-K08109215,I-BET-762,brd-k08109215,i-bet-762
L1000,L1000::econazole::PC3::::24H::10uM::REP.A016::D13::BRD-A51820102,econazole,brd-a51820102,econazole
L1000,L1000::tacedinaline::PC3::::24H::10uM::REP.A016::E07::BRD-K52313696,tacedinaline,brd-k52313696,tacedinaline
L1000,L1000::MK-1775::PC3::::24H::10uM::REP.A016::I19::BRD-K54256913,MK-1775,brd-k54256913,mk-1775
L1000,L1000::ivacaftor::PC3::::24H::10uM::REP.A016::F19::BRD-K52818472,ivacaftor,brd-k52818472,ivacaftor
L1000,L1000::OTS-167::PC3::::24H::3.33uM::REP.A016::O08::BRD-K53417444,OTS-167,brd-k53417444,ots-167
L1000,L1000::etoricoxib::PC3::::24H::3.33uM::REP.A016::K02::BRD-K54770957,etoricoxib,brd-k54770957,etoricoxib
L1000,L1000::palbociclib::PC3::::24H::3.33uM::REP.A016::A20::BRD-K51313569,palbociclib,brd-k51313569,palbociclib
L1000,L1000::palbociclib::PC3::::24H::10uM::REP.A016::A19::BRD-K51313569,palbociclib,brd-k51313569,palbociclib
L1000,L1000::OTS-167::PC3::::24H::10uM::REP.A016::O07::BRD-K53417444,OTS-167,brd-k53417444,ots-167
L1000,L1000::OTS-167::PC3::::24H::0.04uM::REP.A016::O12::BRD-K53417444,OTS-167,brd-k53417444,ots-167
L1000,L1000::palbociclib::PC3::::24H::0.125uM::REP.A016::A23::BRD-K51313569,palbociclib,brd-k51313569,palbociclib
L1000,L1000::palbociclib::PC3::::24H::1.11uM::REP.A016::A21::BRD-K51313569,palbociclib,brd-k51313569,palbociclib
L1000,L1000::tacedinaline::PC3::::24H::3.33uM::REP.A016::E08::BRD-K52313696,tacedinaline,brd-k52313696,tacedinaline
L1000,L1000::OTS-167::PC3::::24H::1.11uM::REP.A016::O09::BRD-K53417444,OTS-167,brd-k53417444,ots-167
L1000,L1000::OTS-167::PC3::::24H::0.37uM::REP.A016::O10::BRD-K53417444,OTS-167,brd-k53417444,ots-167
L1000,L1000::OTS-167::PC3::::24H::0.125uM::REP.A016::O11::BRD-K53417444,OTS-167,brd-k53417444,ots-167
L1000,L1000::clofarabine::YAPC::::24H::10uM::REP.A003::I19::BRD-K34022604,clofarabine,brd-k34022604,clofarabine
L1000,L1000::miltefosine::YAPC::::24H::0.125uM::REP.A003::D11::BRD-A31811760,miltefosine,brd-a31811760,miltefosine
L1000,L1000::clofarabine::YAPC::::24H::3.33uM::REP.A003::I20::BRD-K34022604,clofarabine,brd-k34022604,clofarabine
L1000,L1000::clofarabine::YAPC::::24H::1.11uM::REP.A003::I21::BRD-K34022604,clofarabine,brd-k34022604,clofarabine
L1000,L1000::clofarabine::YAPC::::24H::0.37uM::REP.A003::I22::BRD-K34022604,clofarabine,brd-k34022604,clofarabine
L1000,L1000::dabrafenib::HELA::::24H::2.22uM::REP.B005::I19::BRD-K09951645,dabrafenib,brd-k09951645,dabrafenib
L1000,L1000::I-BET-762::HELA::::24H::2.22uM::REP.B005::A19::BRD-K08109215,I-BET-762,brd-k08109215,i-bet-762
L1000,L1000::resveratrol::HELA::::24H::0.01uM::REP.B005::N24::BRD-K80738081,resveratrol,brd-k80738081,resveratrol
L1000,L1000::I-BET-762::HELA::::24H::0.74uM::REP.B005::A20::BRD-K08109215,I-BET-762,brd-k08109215,i-bet-762
L1000,L1000::tolcapone::HELA::::24H::0.03uM::REP.B005::K23::BRD-K10852020,tolcapone,brd-k10852020,tolcapone
L1000,L1000::resveratrol::HELA::::24H::0.03uM::REP.B005::N23::BRD-K80738081,resveratrol,brd-k80738081,resveratrol
L1000,L1000::flecainide::HELA::::24H::0.03uM::REP.B005::I05::BRD-A09472452,flecainide,brd-a09472452,flecainide
L1000,L1000::gemfibrozil::HELA::::24H::0.01uM::REP.B005::M24::BRD-K11129031,gemfibrozil,brd-k11129031,gemfibrozil
L1000,L1000::VGX-1027::A549::::24H::0.37uM::REP.A003::F04::BRD-A32269193,VGX-1027,brd-a32269193,vgx-1027
L1000,L1000::clofarabine::A549::::24H::1.11uM::REP.A003::I21::BRD-K34022604,clofarabine,brd-k34022604,clofarabine
L1000,L1000::clofarabine::A549::::24H::10uM::REP.A003::I19::BRD-K34022604,clofarabine,brd-k34022604,clofarabine
L1000,L1000::liranaftate::A549::::24H::10uM::REP.A003::N19::BRD-K35775715,liranaftate,brd-k35775715,liranaftate
L1000,L1000::clofarabine::A549::::24H::3.33uM::REP.A003::I20::BRD-K34022604,clofarabine,brd-k34022604,clofarabine
L1000,L1000::IKK-2-inhibitor-V::MCF7::::24H::1.11uM::REP.A024::C15::BRD-K74305673,IKK-2-inhibitor-V,brd-k74305673,ikk-2-inhibitor-v
L1000,L1000::IKK-2-inhibitor-V::MCF7::::24H::10uM::REP.A024::C13::BRD-K74305673,IKK-2-inhibitor-V,brd-k74305673,ikk-2-inhibitor-v
L1000,L1000::IKK-2-inhibitor-V::MCF7::::24H::3.33uM::REP.A024::C14::BRD-K74305673,IKK-2-inhibitor-V,brd-k74305673,ikk-2-inhibitor-v
L1000,L1000::tazarotene::MCF7::::24H::10uM::REP.A024::I13::BRD-K76841105,tazarotene,brd-k76841105,tazarotene
L1000,L1000::tazarotene::MCF7::::24H::3.33uM::REP.A024::I14::BRD-K76841105,tazarotene,brd-k76841105,tazarotene
L1000,L1000::tazarotene::MCF7::::24H::0.37uM::REP.A024::I16::BRD-K76841105,tazarotene,brd-k76841105,tazarotene
L1000,L1000::LY-2090314::MCF7::::24H::0.125uM::REP.A024::L17::BRD-K78055238,LY-2090314,brd-k78055238,ly-2090314
L1000,L1000::LY-2090314::MCF7::::24H::0.04uM::REP.A024::L18::BRD-K78055238,LY-2090314,brd-k78055238,ly-2090314
L1000,L1000::LY-2090314::MCF7::::24H::1.11uM::REP.A024::L15::BRD-K78055238,LY-2090314,brd-k78055238,ly-2090314
L1000,L1000::IKK-2-inhibitor-V::MCF7::::24H::0.37uM::REP.A024::C16::BRD-K74305673,IKK-2-inhibitor-V,brd-k74305673,ikk-2-inhibitor-v
L1000,L1000::enzastaurin::MCF7::::24H::1.11uM::REP.A024::P03::BRD-K79404599,enzastaurin,brd-k79404599,enzastaurin
L1000,L1000::LY-2090314::MCF7::::24H::10uM::REP.A024::L13::BRD-K78055238,LY-2090314,brd-k78055238,ly-2090314
L1000,L1000::LY-2090314::MCF7::::24H::0.37uM::REP.A024::L16::BRD-K78055238,LY-2090314,brd-k78055238,ly-2090314
L1000,L1000::NVP-DPP728::MCF7::::24H::3.33uM::REP.A024::J20::BRD-K77396579,NVP-DPP728,brd-k77396579,nvp-dpp728
L1000,L1000::tazarotene::MCF7::::24H::1.11uM::REP.A024::I15::BRD-K76841105,tazarotene,brd-k76841105,tazarotene
L1000,L1000::enzastaurin::MCF7::::24H::10uM::REP.A024::P01::BRD-K79404599,enzastaurin,brd-k79404599,enzastaurin
L1000,L1000::LY-2090314::MCF7::::24H::3.33uM::REP.A024::L14::BRD-K78055238,LY-2090314,brd-k78055238,ly-2090314
L1000,L1000::LY-2090314::HEK293::::24H::2.22uM::REP.B024::L13::BRD-K78055238,LY-2090314,brd-k78055238,ly-2090314
L1000,L1000::LY-2090314::HEK293::::24H::0.01uM::REP.B024::L18::BRD-K78055238,LY-2090314,brd-k78055238,ly-2090314
L1000,L1000::IKK-2-inhibitor-V::HEK293::::24H::2.22uM::REP.B024::C13::BRD-K74305673,IKK-2-inhibitor-V,brd-k74305673,ikk-2-inhibitor-v
L1000,L1000::furosemide::HEK293::::24H::0.08uM::REP.B024::K16::BRD-K78010432,furosemide,brd-k78010432,furosemide
L1000,L1000::RITA::A375::::24H::10uM::MOAR002::I01::BRD-K00317371,RITA,brd-k00317371,rita
L1000,L1000::rosiglitazone::A375::::24H::1.11uM::MOAR002::D12::BRD-A97437073,rosiglitazone,brd-a97437073,rosiglitazone
L1000,L1000::BMY-14802::A375::::24H::3.33uM::MOAR002::D05::BRD-A15435692,BMY-14802,brd-a15435692,bmy-14802
L1000,L1000::RITA::A375::::24H::3.33uM::MOAR002::I02::BRD-K00317371,RITA,brd-k00317371,rita
L1000,L1000::taranabant::A375::::24H::10uM::MOAR002::N19::BRD-K35169477,taranabant,brd-k35169477,taranabant
L1000,L1000::GSK-J4::A375::::24H::1.11uM::MOAR002::L12::BRD-K98203492,GSK-J4,brd-k98203492,gsk-j4
L1000,L1000::dapsone::A375::::24H::10uM::MOAR002::F19::BRD-K62363391,dapsone,brd-k62363391,dapsone
L1000,L1000::LY-364947::A375::::24H::3.33uM::MOAR002::J08::BRD-K06234293,LY-364947,brd-k06234293,ly-364947
L1000,L1000::NVP-BSK805::A375::::24H::3.33uM::MOAR002::M23::BRD-K02017404,NVP-BSK805,brd-k02017404,nvp-bsk805
L1000,L1000::rosiglitazone::A375::::24H::10uM::MOAR002::D10::BRD-A97437073,rosiglitazone,brd-a97437073,rosiglitazone
L1000,L1000::macitentan::A375::::24H::3.33uM::MOAR002::P05::BRD-K48812570,macitentan,brd-k48812570,macitentan
L1000,L1000::luteolin::A375::::24H::10uM::MOAR002::P10::BRD-K05236810,luteolin,brd-k05236810,luteolin
L1000,L1000::K-02288::A375::::24H::3.33uM::MOAR002::N11::BRD-K58568447,K-02288,brd-k58568447,k-02288
L1000,L1000::alitretinoin::A375::::24H::10uM::MOAR002::C16::BRD-K35483542,alitretinoin,brd-k35483542,alitretinoin
L1000,L1000::rosiglitazone::A375::::24H::3.33uM::MOAR002::D11::BRD-A97437073,rosiglitazone,brd-a97437073,rosiglitazone
L1000,L1000::NVP-BSK805::A375::::24H::10uM::MOAR002::M22::BRD-K02017404,NVP-BSK805,brd-k02017404,nvp-bsk805
L1000,L1000::K-02288::A375::::24H::10uM::MOAR002::N10::BRD-K58568447,K-02288,brd-k58568447,k-02288
L1000,L1000::K-02288::A375::::24H::1.11uM::MOAR002::N12::BRD-K58568447,K-02288,brd-k58568447,k-02288
L1000,L1000::macitentan::A375::::24H::10uM::MOAR002::P04::BRD-K48812570,macitentan,brd-k48812570,macitentan
L1000,L1000::clomipramine::A375::::24H::10uM::MOAR002::M01::BRD-K52989797,clomipramine,brd-k52989797,clomipramine
L1000,L1000::MK-1775::HT29::::24H::3.33uM::REP.A016::I20::BRD-K54256913,MK-1775,brd-k54256913,mk-1775
L1000,L1000::OTS-167::HT29::::24H::0.37uM::REP.A016::O10::BRD-K53417444,OTS-167,brd-k53417444,ots-167
L1000,L1000::palbociclib::HT29::::24H::3.33uM::REP.A016::A20::BRD-K51313569,palbociclib,brd-k51313569,palbociclib
L1000,L1000::palbociclib::HT29::::24H::0.125uM::REP.A016::A23::BRD-K51313569,palbociclib,brd-k51313569,palbociclib
L1000,L1000::palbociclib::HT29::::24H::0.37uM::REP.A016::A22::BRD-K51313569,palbociclib,brd-k51313569,palbociclib
L1000,L1000::OTS-167::HT29::::24H::10uM::REP.A016::O07::BRD-K53417444,OTS-167,brd-k53417444,ots-167
L1000,L1000::palbociclib::HT29::::24H::1.11uM::REP.A016::A21::BRD-K51313569,palbociclib,brd-k51313569,palbociclib
L1000,L1000::MK-1775::HT29::::24H::10uM::REP.A016::I19::BRD-K54256913,MK-1775,brd-k54256913,mk-1775
L1000,L1000::MK-1775::HT29::::24H::0.125uM::REP.A016::I23::BRD-K54256913,MK-1775,brd-k54256913,mk-1775
L1000,L1000::palbociclib::HT29::::24H::0.04uM::REP.A016::A24::BRD-K51313569,palbociclib,brd-k51313569,palbociclib
L1000,L1000::MK-1775::HT29::::24H::0.37uM::REP.A016::I22::BRD-K54256913,MK-1775,brd-k54256913,mk-1775
L1000,L1000::palbociclib::HT29::::24H::10uM::REP.A016::A19::BRD-K51313569,palbociclib,brd-k51313569,palbociclib
L1000,L1000::tacedinaline::HT29::::24H::10uM::REP.A016::E07::BRD-K52313696,tacedinaline,brd-k52313696,tacedinaline
L1000,L1000::tacedinaline::HT29::::24H::3.33uM::REP.A016::E08::BRD-K52313696,tacedinaline,brd-k52313696,tacedinaline
L1000,L1000::OTS-167::HT29::::24H::3.33uM::REP.A016::O08::BRD-K53417444,OTS-167,brd-k53417444,ots-167
L1000,L1000::MK-1775::HT29::::24H::1.11uM::REP.A016::I21::BRD-K54256913,MK-1775,brd-k54256913,mk-1775
L1000,L1000::OTS-167::HT29::::24H::1.11uM::REP.A016::O09::BRD-K53417444,OTS-167,brd-k53417444,ots-167
L1000,L1000::BRD-K60763357::MCF7::::24H::10uM::DOSVAL001::L01::BRD-K60763357,BRD-K60763357,brd-k60763357,brd-k60763357
L1000,L1000::BRD-K88524550::MCF7::::24H::10uM::DOSVAL001::M22::BRD-K88524550,BRD-K88524550,brd-k88524550,brd-k88524550
L1000,L1000::alvocidib::MCF7::::24H::10uM::DOSVAL001::K11::BRD-K87909389,alvocidib,brd-k87909389,alvocidib
L1000,L1000::BRD-K71456612::MCF7::::24H::10uM::DOSVAL001::G22::BRD-K71456612,BRD-K71456612,brd-k71456612,brd-k71456612
L1000,L1000::BRD-K48853221::MCF7::::24H::10uM::DOSVAL001::K01::BRD-K48853221,BRD-K48853221,brd-k48853221,brd-k48853221
L1000,L1000::dasatinib::MCF7::::24H::4uM::DOSVAL001::G18::BRD-K49328571,dasatinib,brd-k49328571,dasatinib
L1000,L1000::BRD-K58138547::MCF7::::24H::10uM::DOSVAL001::F01::BRD-K58138547,BRD-K58138547,brd-k58138547,brd-k58138547
L1000,L1000::BRD-K60085502::MCF7::::24H::10uM::DOSVAL001::J01::BRD-K60085502,BRD-K60085502,brd-k60085502,brd-k60085502
L1000,L1000::dasatinib::MCF7::::24H::10uM::DOSVAL001::G17::BRD-K49328571,dasatinib,brd-k49328571,dasatinib
L1000,L1000::saracatinib::MCF7::::24H::10uM::DOSVAL001::G15::BRD-K19540840,saracatinib,brd-k19540840,saracatinib
L1000,L1000::vorinostat::MCF7::::24H::10uM::DOSVAL001::G13::BRD-K81418486,vorinostat,brd-k81418486,vorinostat
L1000,L1000::alvocidib::MCF7::::24H::4uM::DOSVAL001::K12::BRD-K87909389,alvocidib,brd-k87909389,alvocidib
L1000,L1000::vorinostat::MCF7::::24H::4uM::DOSVAL001::G14::BRD-K81418486,vorinostat,brd-k81418486,vorinostat
L1000,L1000::MK-2206::JURKAT::::24H::3.33uM::REP.A023::A20::BRD-K68065987,MK-2206,brd-k68065987,mk-2206
L1000,L1000::sertindole::JURKAT::::24H::10uM::REP.A023::E19::BRD-K69116396,sertindole,brd-k69116396,sertindole
L1000,L1000::carbamazepine::JURKAT::::24H::0.125uM::REP.A023::N05::BRD-K71799949,carbamazepine,brd-k71799949,carbamazepine
L1000,L1000::MK-2206::JURKAT::::24H::0.125uM::REP.A023::A23::BRD-K68065987,MK-2206,brd-k68065987,mk-2206
L1000,L1000::carbamazepine::JURKAT::::24H::0.37uM::REP.A023::N04::BRD-K71799949,carbamazepine,brd-k71799949,carbamazepine
L1000,L1000::MK-2206::JURKAT::::24H::10uM::REP.A023::A19::BRD-K68065987,MK-2206,brd-k68065987,mk-2206
L1000,L1000::BRD-K79432418::THP1::::24H::10uM::AICHI002::G19::BRD-K79432418,BRD-K79432418,brd-k79432418,brd-k79432418
L1000,L1000::vorinostat::THP1::::24H::2.5uM::AICHI002::G14::BRD-K81418486,vorinostat,brd-k81418486,vorinostat
L1000,L1000::selumetinib::THP1::::24H::0.125uM::AICHI002::B22::BRD-K57080016,selumetinib,brd-k57080016,selumetinib
L1000,L1000::BRD-K30520487::THP1::::24H::2.5uM::AICHI002::E14::BRD-K30520487,BRD-K30520487,brd-k30520487,brd-k30520487
L1000,L1000::BRD-K30520487::THP1::::24H::10uM::AICHI002::E13::BRD-K30520487,BRD-K30520487,brd-k30520487,brd-k30520487
L1000,L1000::TG-101348::THP1::::24H::2.5uM::AICHI002::A20::BRD-K12502280,TG-101348,brd-k12502280,tg-101348
L1000,L1000::MK-2206::THP1::::24H::10uM::AICHI002::H13::BRD-K68065987,MK-2206,brd-k68065987,mk-2206
L1000,L1000::vorinostat::THP1::::24H::10uM::AICHI002::G13::BRD-K81418486,vorinostat,brd-k81418486,vorinostat
L1000,L1000::enzastaurin::THP1::::24H::10uM::AICHI002::J19::BRD-K79404599,enzastaurin,brd-k79404599,enzastaurin
L1000,L1000::selumetinib::THP1::::24H::10uM::AICHI002::B19::BRD-K57080016,selumetinib,brd-k57080016,selumetinib
L1000,L1000::CINK-4::THP1::::24H::10uM::AICHI002::M13::BRD-K67392871,CINK-4,brd-k67392871,cink-4
L1000,L1000::selumetinib::THP1::::24H::2.5uM::AICHI002::B20::BRD-K57080016,selumetinib,brd-k57080016,selumetinib
L1000,L1000::vorinostat::THP1::::24H::0.66uM::AICHI002::G15::BRD-K81418486,vorinostat,brd-k81418486,vorinostat
L1000,L1000::TG-101348::THP1::::24H::10uM::AICHI002::A19::BRD-K12502280,TG-101348,brd-k12502280,tg-101348
L1000,L1000::MK-2206::THP1::::24H::2.5uM::AICHI002::H14::BRD-K68065987,MK-2206,brd-k68065987,mk-2206
L1000,L1000::fmk::THP1::::24H::10uM::AICHI002::D19::BRD-K96672291,fmk,brd-k96672291,fmk
L1000,L1000::PF-04691502::THP1::::24H::10uM::AICHI002::J07::BRD-K07310275,PF-04691502,brd-k07310275,pf-04691502
L1000,L1000::PRT-062607::THP1::::24H::10uM::AICHI002::I19::BRD-K53734668,PRT-062607,brd-k53734668,prt-062607
L1000,L1000::selumetinib::THP1::::24H::0.66uM::AICHI002::B21::BRD-K57080016,selumetinib,brd-k57080016,selumetinib
L1000,L1000::BRD-K32972437::THP1::::24H::10uM::AICHI002::G07::BRD-K32972437,BRD-K32972437,brd-k32972437,brd-k32972437
L1000,L1000::dasatinib::NPC.TAK::::24H::0.12uM::LJP008::G17::BRD-K49328571,dasatinib,brd-k49328571,dasatinib
L1000,L1000::MK-1775::NPC.TAK::::24H::10uM::LJP008::A19::BRD-K54256913,MK-1775,brd-k54256913,mk-1775
L1000,L1000::mocetinostat::NPC.TAK::::24H::10uM::LJP008::I07::BRD-K16485616,mocetinostat,brd-k16485616,mocetinostat
L1000,L1000::ACY-1215::NPC.TAK::::24H::10uM::LJP008::F01::BRD-K82928847,ACY-1215,brd-k82928847,acy-1215
L1000,L1000::VE-821::NPC.TAK::::24H::10uM::LJP008::P07::BRD-K26756394,VE-821,brd-k26756394,ve-821
L1000,L1000::mocetinostat::NPC.TAK::::24H::1.11uM::LJP008::I09::BRD-K16485616,mocetinostat,brd-k16485616,mocetinostat
L1000,L1000::mocetinostat::NPC.TAK::::24H::0.37uM::LJP008::I10::BRD-K16485616,mocetinostat,brd-k16485616,mocetinostat
L1000,L1000::vorinostat::NPC.TAK::::24H::10uM::LJP008::G07::BRD-K81418486,vorinostat,brd-k81418486,vorinostat
L1000,L1000::GSK-J4::NPC.TAK::::24H::10uM::LJP008::F19::BRD-K98203492,GSK-J4,brd-k98203492,gsk-j4
L1000,L1000::olaparib::NPC.TAK::::24H::10uM::LJP008::D01::BRD-K02113016,olaparib,brd-k02113016,olaparib
L1000,L1000::MK-1775::NPC.TAK::::24H::3.33uM::LJP008::A20::BRD-K54256913,MK-1775,brd-k54256913,mk-1775
L1000,L1000::UNC-0638::NPC.TAK::::24H::10uM::LJP008::M07::BRD-K86856088,UNC-0638,brd-k86856088,unc-0638
L1000,L1000::PFI-1::NPC.TAK::::24H::10uM::LJP008::G01::BRD-K13094524,PFI-1,brd-k13094524,pfi-1
L1000,L1000::MK-1775::NPC.TAK::::24H::0.12uM::LJP008::A23::BRD-K54256913,MK-1775,brd-k54256913,mk-1775
L1000,L1000::mocetinostat::NPC.TAK::::24H::3.33uM::LJP008::I08::BRD-K16485616,mocetinostat,brd-k16485616,mocetinostat
L1000,L1000::vorinostat::NPC.TAK::::24H::10uM::LJP008::A03::BRD-K81418486,vorinostat,brd-k81418486,vorinostat
L1000,L1000::AGK-2::NPC.TAK::::24H::10uM::LJP008::E19::BRD-K32536677,AGK-2,brd-k32536677,agk-2
L1000,L1000::I-BET-151::NPC.TAK::::24H::10uM::LJP008::K01::BRD-K36363294,I-BET-151,brd-k36363294,i-bet-151
L1000,L1000::I-BET-762::NPC.TAK::::24H::10uM::LJP008::I01::BRD-K08109215,I-BET-762,brd-k08109215,i-bet-762
L1000,L1000::NU-7026::NPC.TAK::::24H::0.12uM::LJP008::O23::BRD-K09537769,NU-7026,brd-k09537769,nu-7026
L1000,L1000::MK-1775::NPC.TAK::::24H::1.11uM::LJP008::A21::BRD-K54256913,MK-1775,brd-k54256913,mk-1775
L1000,L1000::BIX-01294::NPC.TAK::::24H::10uM::LJP008::I13::BRD-K26818574,BIX-01294,brd-k26818574,bix-01294
L1000,L1000::dabrafenib::JURKAT::::24H::3.33uM::LJP009::H08::BRD-K09951645,dabrafenib,brd-k09951645,dabrafenib
L1000,L1000::CC-401::JURKAT::::24H::10uM::LJP009::K19::BRD-K45746021,CC-401,brd-k45746021,cc-401
L1000,L1000::dabrafenib::JURKAT::::24H::0.37uM::LJP009::H10::BRD-K09951645,dabrafenib,brd-k09951645,dabrafenib
L1000,L1000::BAY-61-3606::JURKAT::::24H::1.11uM::LJP009::H03::BRD-K53281329,BAY-61-3606,brd-k53281329,bay-61-3606
L1000,L1000::dabrafenib::JURKAT::::24H::1.11uM::LJP009::H09::BRD-K09951645,dabrafenib,brd-k09951645,dabrafenib
L1000,L1000::vorinostat::JURKAT::::24H::10uM::LJP009::A03::BRD-K81418486,vorinostat,brd-k81418486,vorinostat
L1000,L1000::saracatinib::JURKAT::::24H::1.11uM::LJP009::B15::BRD-U07805514,saracatinib,brd-u07805514,saracatinib
L1000,L1000::BAY-61-3606::JURKAT::::24H::10uM::LJP009::H01::BRD-K53281329,BAY-61-3606,brd-k53281329,bay-61-3606
L1000,L1000::dasatinib::JURKAT::::24H::1.11uM::LJP009::G15::BRD-K49328571,dasatinib,brd-k49328571,dasatinib
L1000,L1000::dasatinib::JURKAT::::24H::10uM::LJP009::G13::BRD-K49328571,dasatinib,brd-k49328571,dasatinib
L1000,L1000::dabrafenib::JURKAT::::24H::0.12uM::LJP009::H11::BRD-K09951645,dabrafenib,brd-k09951645,dabrafenib
L1000,L1000::BAY-61-3606::JURKAT::::24H::3.33uM::LJP009::H02::BRD-K53281329,BAY-61-3606,brd-k53281329,bay-61-3606
L1000,L1000::saracatinib::JURKAT::::24H::10uM::LJP009::B13::BRD-U07805514,saracatinib,brd-u07805514,saracatinib
L1000,L1000::GSK-2334470::JURKAT::::24H::10uM::LJP009::L01::BRD-K70642949,GSK-2334470,brd-k70642949,gsk-2334470
L1000,L1000::ponatinib::JURKAT::::24H::10uM::LJP009::E19::BRD-K44227013,ponatinib,brd-k44227013,ponatinib
L1000,L1000::dasatinib::JURKAT::::24H::0.37uM::LJP009::G16::BRD-K49328571,dasatinib,brd-k49328571,dasatinib
L1000,L1000::CGP-60474::JURKAT::::24H::0.04uM::LJP009::C24::BRD-K79090631,CGP-60474,brd-k79090631,cgp-60474
L1000,L1000::saracatinib::JURKAT::::24H::3.33uM::LJP009::B14::BRD-U07805514,saracatinib,brd-u07805514,saracatinib
L1000,L1000::dabrafenib::JURKAT::::24H::10uM::LJP009::H07::BRD-K09951645,dabrafenib,brd-k09951645,dabrafenib
L1000,L1000::SL-0101-1::OCILY19::::4H::10uM::AICHI002::D07::BRD-K48182764,SL-0101-1,brd-k48182764,sl-0101-1
L1000,L1000::vorinostat::OCILY19::::4H::0.66uM::AICHI002::G15::BRD-K81418486,vorinostat,brd-k81418486,vorinostat
L1000,L1000::CINK-4::OCILY19::::4H::10uM::AICHI002::M13::BRD-K67392871,CINK-4,brd-k67392871,cink-4
L1000,L1000::BRD-K28372487::OCILY19::::4H::10uM::AICHI002::E19::BRD-K28372487,BRD-K28372487,brd-k28372487,brd-k28372487
L1000,L1000::MK-2206::OCILY19::::4H::10uM::AICHI002::H13::BRD-K68065987,MK-2206,brd-k68065987,mk-2206
L1000,L1000::BRD-K04065047::OCILY19::::4H::10uM::AICHI002::A13::BRD-K04065047,BRD-K04065047,brd-k04065047,brd-k04065047
L1000,L1000::BRD-K55575531::OCILY19::::4H::2.5uM::AICHI002::K14::BRD-K55575531,BRD-K55575531,brd-k55575531,brd-k55575531
L1000,L1000::PRT-062607::OCILY19::::4H::10uM::AICHI002::I19::BRD-K53734668,PRT-062607,brd-k53734668,prt-062607
L1000,L1000::vorinostat::OCILY19::::4H::2.5uM::AICHI002::G14::BRD-K81418486,vorinostat,brd-k81418486,vorinostat
L1000,L1000::BRD-K30520487::OCILY19::::4H::10uM::AICHI002::E13::BRD-K30520487,BRD-K30520487,brd-k30520487,brd-k30520487
L1000,L1000::vorinostat::OCILY19::::4H::10uM::AICHI002::G13::BRD-K81418486,vorinostat,brd-k81418486,vorinostat
L1000,L1000::BRD-K08177763::OCILY19::::4H::10uM::AICHI002::L01::BRD-K08177763,BRD-K08177763,brd-k08177763,brd-k08177763
L1000,L1000::TG-101348::OCILY19::::4H::2.5uM::AICHI002::A20::BRD-K12502280,TG-101348,brd-k12502280,tg-101348
L1000,L1000::BRD-K30520487::OCILY19::::4H::2.5uM::AICHI002::E14::BRD-K30520487,BRD-K30520487,brd-k30520487,brd-k30520487
L1000,L1000::PF-04691502::HEK293::::24H::0.74uM::REP.B011::N08::BRD-K07310275,PF-04691502,brd-k07310275,pf-04691502
L1000,L1000::PF-04691502::HEK293::::24H::2.22uM::REP.B011::N07::BRD-K07310275,PF-04691502,brd-k07310275,pf-04691502
L1000,L1000::SC-12267::HT29::::24H::2.22uM::REP.B014::O07::BRD-K40797222,SC-12267,brd-k40797222,sc-12267
L1000,L1000::acetazolamide::THP1::::24H::3.33uM::REP.A013::M20::BRD-K43457670,acetazolamide,brd-k43457670,acetazolamide
L1000,L1000::tolnaftate::THP1::::24H::10uM::REP.A013::P13::BRD-K44273375,tolnaftate,brd-k44273375,tolnaftate
L1000,L1000::tolnaftate::THP1::::24H::3.33uM::REP.A013::P14::BRD-K44273375,tolnaftate,brd-k44273375,tolnaftate
L1000,L1000::PK-11195::THP1::::24H::10uM::REP.A013::I19::BRD-A41451487,PK-11195,brd-a41451487,pk-11195
L1000,L1000::BMY-14802::HELA::::24H::1.11uM::REP.A010::P21::BRD-A15435692,BMY-14802,brd-a15435692,bmy-14802
L1000,L1000::BMY-14802::HELA::::24H::10uM::REP.A010::P19::BRD-A15435692,BMY-14802,brd-a15435692,bmy-14802
L1000,L1000::R-428::HELA::::24H::10uM::REP.A010::L19::BRD-K14870255,R-428,brd-k14870255,r-428
L1000,L1000::penfluridol::HELA::::24H::10uM::REP.A010::P13::BRD-K15409150,penfluridol,brd-k15409150,penfluridol
L1000,L1000::pentamidine::HELA::::24H::10uM::REP.A010::G07::BRD-K13183738,pentamidine,brd-k13183738,pentamidine
L1000,L1000::BRD-K74587389::XC.L10::::24H::10uM::PBIOA009::K13::BRD-K74587389,BRD-K74587389,brd-k74587389,brd-k74587389
L1000,L1000::panobinostat::XC.L10::::24H::1.11uM::PBIOA009::I06::BRD-K02130563,panobinostat,brd-k02130563,panobinostat
L1000,L1000::panobinostat::XC.L10::::24H::3.33uM::PBIOA009::I05::BRD-K02130563,panobinostat,brd-k02130563,panobinostat
L1000,L1000::BRD-K71786710::XC.L10::::24H::1.11uM::PBIOA009::N06::BRD-K71786710,BRD-K71786710,brd-k71786710,brd-k71786710
L1000,L1000::BRD-K50000615::XC.L10::::24H::1.11uM::PBIOA009::P03::BRD-K50000615,BRD-K50000615,brd-k50000615,brd-k50000615
L1000,L1000::BRD-K35335065::XC.L10::::24H::1.11uM::PBIOA009::I09::BRD-K35335065,BRD-K35335065,brd-k35335065,brd-k35335065
L1000,L1000::BRD-K05208441::XC.L10::::24H::10uM::PBIOA009::J04::BRD-K05208441,BRD-K05208441,brd-k05208441,brd-k05208441
L1000,L1000::vorinostat::XC.L10::::24H::10uM::PBIOA009::O02::BRD-K81418486,vorinostat,brd-k81418486,vorinostat
L1000,L1000::panobinostat::XC.L10::::24H::10uM::PBIOA009::I04::BRD-K02130563,panobinostat,brd-k02130563,panobinostat
L1000,L1000::BRD-K45006718::XC.L10::::24H::3.33uM::PBIOA009::P05::BRD-K45006718,BRD-K45006718,brd-k45006718,brd-k45006718
L1000,L1000::BRD-K05707272::XC.L10::::24H::10uM::PBIOA009::F01::BRD-K05707272,BRD-K05707272,brd-k05707272,brd-k05707272
L1000,L1000::podophyllotoxin::HT29::::24H::0.25uM::REP.B020::N03::BRD-K47869605,podophyllotoxin,brd-k47869605,podophyllotoxin
L1000,L1000::macitentan::HT29::::24H::0.74uM::REP.B020::P02::BRD-K48812570,macitentan,brd-k48812570,macitentan
L1000,L1000::dicoumarol::HT29::::24H::0.03uM::REP.B020::G23::BRD-K82236179,dicoumarol,brd-k82236179,dicoumarol
L1000,L1000::podophyllotoxin::HT29::::24H::0.03uM::REP.B020::N05::BRD-K47869605,podophyllotoxin,brd-k47869605,podophyllotoxin
L1000,L1000::podophyllotoxin::HT29::::24H::2.22uM::REP.B020::N01::BRD-K47869605,podophyllotoxin,brd-k47869605,podophyllotoxin
L1000,L1000::bezafibrate::HT29::::24H::2.22uM::REP.B020::K13::BRD-K46018455,bezafibrate,brd-k46018455,bezafibrate
L1000,L1000::macitentan::HT29::::24H::0.25uM::REP.B020::P03::BRD-K48812570,macitentan,brd-k48812570,macitentan
L1000,L1000::podophyllotoxin::HT29::::24H::0.08uM::REP.B020::N04::BRD-K47869605,podophyllotoxin,brd-k47869605,podophyllotoxin
L1000,L1000::ACY-1215::HT29::::24H::2.22uM::REP.B020::H19::BRD-K82928847,ACY-1215,brd-k82928847,acy-1215
L1000,L1000::podophyllotoxin::HT29::::24H::0.74uM::REP.B020::N02::BRD-K47869605,podophyllotoxin,brd-k47869605,podophyllotoxin
L1000,L1000::LDN-193189::MDAMB231::::3H::10uM::LJP005::G01::BRD-K04853698,LDN-193189,brd-k04853698,ldn-193189
L1000,L1000::foretinib::MDAMB231::::3H::10uM::LJP005::H07::BRD-K03449891,foretinib,brd-k03449891,foretinib
L1000,L1000::vemurafenib::MDAMB231::::3H::10uM::LJP005::C13::BRD-K56343971,vemurafenib,brd-k56343971,vemurafenib
L1000,L1000::dasatinib::MDAMB231::::3H::0.12uM::LJP005::D05::BRD-K49328571,dasatinib,brd-k49328571,dasatinib
L1000,L1000::CGP-60474::MDAMB231::::3H::3.33uM::LJP005::F02::BRD-K79090631,CGP-60474,brd-k79090631,cgp-60474
L1000,L1000::trametinib::MDAMB231::::3H::0.12uM::LJP005::P23::BRD-K12343256,trametinib,brd-k12343256,trametinib
L1000,L1000::CGP-60474::MDAMB231::::3H::0.37uM::LJP005::F04::BRD-K79090631,CGP-60474,brd-k79090631,cgp-60474
L1000,L1000::CYT-387::MDAMB231::::3H::10uM::LJP005::P07::BRD-K87737963,CYT-387,brd-k87737963,cyt-387
L1000,L1000::CYT-387::MDAMB231::::3H::0.04uM::LJP005::P12::BRD-K87737963,CYT-387,brd-k87737963,cyt-387
L1000,L1000::BX-912::MDAMB231::::3H::10uM::LJP005::L19::BRD-K49669041,BX-912,brd-k49669041,bx-912
L1000,L1000::nilotinib::MDAMB231::::3H::1.11uM::LJP005::N15::BRD-K81528515,nilotinib,brd-k81528515,nilotinib
L1000,L1000::erlotinib::MDAMB231::::3H::10uM::LJP005::M19::BRD-K70401845,erlotinib,brd-k70401845,erlotinib
L1000,L1000::enzastaurin::MDAMB231::::3H::3.33uM::LJP005::D14::BRD-K79404599,enzastaurin,brd-k79404599,enzastaurin
L1000,L1000::importazole::HEPG2::::24H::10uM::PBIOA022::K19::BRD-A02481876,importazole,brd-a02481876,importazole
L1000,L1000::panobinostat::HEPG2::::24H::0.125uM::PBIOA022::H17::BRD-K02130563,panobinostat,brd-k02130563,panobinostat
L1000,L1000::BRD-K95786485::HEPG2::::24H::3.33uM::PBIOA022::H02::BRD-K95786485,BRD-K95786485,brd-k95786485,brd-k95786485
L1000,L1000::BRD-K95786485::HEPG2::::24H::10uM::PBIOA022::H01::BRD-K95786485,BRD-K95786485,brd-k95786485,brd-k95786485
L1000,L1000::tacedinaline::HEPG2::::24H::10uM::PBIOA022::F19::BRD-K52313696,tacedinaline,brd-k52313696,tacedinaline
L1000,L1000::panobinostat::HEPG2::::24H::10uM::PBIOA022::H13::BRD-K02130563,panobinostat,brd-k02130563,panobinostat
L1000,L1000::panobinostat::HEPG2::::24H::0.04uM::PBIOA022::H18::BRD-K02130563,panobinostat,brd-k02130563,panobinostat
L1000,L1000::VU-0155056::HEPG2::::24H::10uM::PBIOA022::E01::BRD-K31406481,VU-0155056,brd-k31406481,vu-0155056
L1000,L1000::tosedostat::HEPG2::::24H::0.125uM::PBIOA022::M17::BRD-K92241597,tosedostat,brd-k92241597,tosedostat
L1000,L1000::tosedostat::HEPG2::::24H::10uM::PBIOA022::M13::BRD-K92241597,tosedostat,brd-k92241597,tosedostat
L1000,L1000::panobinostat::HEPG2::::24H::3.33uM::PBIOA022::H14::BRD-K02130563,panobinostat,brd-k02130563,panobinostat
L1000,L1000::BIX-01294::HEPG2::::24H::1.11uM::PBIOA022::G09::BRD-K26818574,BIX-01294,brd-k26818574,bix-01294
L1000,L1000::panobinostat::HEPG2::::24H::1.11uM::PBIOA022::H15::BRD-K02130563,panobinostat,brd-k02130563,panobinostat
L1000,L1000::erlotinib::HEPG2::::24H::3.33uM::PBIOA022::P20::BRD-K70401845,erlotinib,brd-k70401845,erlotinib
L1000,L1000::avagacestat::HEPG2::::24H::3.33uM::PBIOA022::P08::BRD-K83720053,avagacestat,brd-k83720053,avagacestat
L1000,L1000::erlotinib::HEPG2::::24H::0.04uM::PBIOA022::P24::BRD-K70401845,erlotinib,brd-k70401845,erlotinib
L1000,L1000::BRD-K72388814::HEPG2::::24H::10uM::PBIOA022::O19::BRD-K72388814,BRD-K72388814,brd-k72388814,brd-k72388814
L1000,L1000::anastrozole::HEPG2::::24H::0.37uM::PBIOA022::B16::BRD-K52172416,anastrozole,brd-k52172416,anastrozole
L1000,L1000::vorinostat::HEPG2::::24H::10uM::PBIOA022::O01::BRD-K81418486,vorinostat,brd-k81418486,vorinostat
L1000,L1000::tacedinaline::HEPG2::::24H::3.33uM::PBIOA022::F20::BRD-K52313696,tacedinaline,brd-k52313696,tacedinaline
L1000,L1000::nilotinib::HEPG2::::24H::3.33uM::PBIOA022::A08::BRD-K81528515,nilotinib,brd-k81528515,nilotinib
L1000,L1000::nilotinib::HEPG2::::24H::0.125uM::PBIOA022::A11::BRD-K81528515,nilotinib,brd-k81528515,nilotinib
L1000,L1000::BRD-A05715709::HEPG2::::24H::0.125uM::PBIOA022::C11::BRD-A05715709,BRD-A05715709,brd-a05715709,brd-a05715709
L1000,L1000::tosedostat::HEPG2::::24H::0.37uM::PBIOA022::M16::BRD-K92241597,tosedostat,brd-k92241597,tosedostat
L1000,L1000::anastrozole::HEPG2::::24H::3.33uM::PBIOA022::B14::BRD-K52172416,anastrozole,brd-k52172416,anastrozole
L1000,L1000::BIX-01294::HEPG2::::24H::10uM::PBIOA022::G07::BRD-K26818574,BIX-01294,brd-k26818574,bix-01294
L1000,L1000::nilotinib::HEPG2::::24H::1.11uM::PBIOA022::A09::BRD-K81528515,nilotinib,brd-k81528515,nilotinib
L1000,L1000::erlotinib::HEPG2::::24H::10uM::PBIOA022::P19::BRD-K70401845,erlotinib,brd-k70401845,erlotinib
L1000,L1000::LY-2090314::JURKAT::::24H::1.11uM::REP.A024::L15::BRD-K78055238,LY-2090314,brd-k78055238,ly-2090314
L1000,L1000::LY-2090314::JURKAT::::24H::0.04uM::REP.A024::L18::BRD-K78055238,LY-2090314,brd-k78055238,ly-2090314
L1000,L1000::IKK-2-inhibitor-V::JURKAT::::24H::10uM::REP.A024::C13::BRD-K74305673,IKK-2-inhibitor-V,brd-k74305673,ikk-2-inhibitor-v
L1000,L1000::IKK-2-inhibitor-V::JURKAT::::24H::3.33uM::REP.A024::C14::BRD-K74305673,IKK-2-inhibitor-V,brd-k74305673,ikk-2-inhibitor-v
L1000,L1000::LY-2090314::JURKAT::::24H::10uM::REP.A024::L13::BRD-K78055238,LY-2090314,brd-k78055238,ly-2090314
L1000,L1000::LY-2090314::JURKAT::::24H::0.125uM::REP.A024::L17::BRD-K78055238,LY-2090314,brd-k78055238,ly-2090314
L1000,L1000::LY-2090314::JURKAT::::24H::0.37uM::REP.A024::L16::BRD-K78055238,LY-2090314,brd-k78055238,ly-2090314
L1000,L1000::LY-2090314::JURKAT::::24H::3.33uM::REP.A024::L14::BRD-K78055238,LY-2090314,brd-k78055238,ly-2090314
L1000,L1000::LGX-818::HT29::::24H::1.11uM::REP.A014::A21::BRD-A56085258,LGX-818,brd-a56085258,lgx-818
L1000,L1000::LGX-818::HT29::::24H::10uM::REP.A014::A19::BRD-A56085258,LGX-818,brd-a56085258,lgx-818
L1000,L1000::triclosan::HT29::::24H::10uM::REP.A014::P19::BRD-K41731458,triclosan,brd-k41731458,triclosan
L1000,L1000::Y-39983::HT29::::24H::10uM::REP.A014::C07::BRD-K56751279,Y-39983,brd-k56751279,y-39983
L1000,L1000::quiflapon::HT29::::24H::0.125uM::REP.A014::M23::BRD-K39503511,quiflapon,brd-k39503511,quiflapon
L1000,L1000::LGX-818::HT29::::24H::3.33uM::REP.A014::A20::BRD-A56085258,LGX-818,brd-a56085258,lgx-818
L1000,L1000::orantinib::HT29::::24H::3.33uM::REP.A014::A14::BRD-K55966568,orantinib,brd-k55966568,orantinib
L1000,L1000::triclosan::HT29::::24H::3.33uM::REP.A014::P20::BRD-K41731458,triclosan,brd-k41731458,triclosan
L1000,L1000::LGX-818::HT29::::24H::0.125uM::REP.A014::A23::BRD-A56085258,LGX-818,brd-a56085258,lgx-818
L1000,L1000::Y-39983::HT29::::24H::0.37uM::REP.A014::C10::BRD-K56751279,Y-39983,brd-k56751279,y-39983
L1000,L1000::LGX-818::HT29::::24H::0.04uM::REP.A014::A24::BRD-A56085258,LGX-818,brd-a56085258,lgx-818
L1000,L1000::GDC-0941::A375::::24H::10uM::REP.A007::I07::BRD-K52911425,GDC-0941,brd-k52911425,gdc-0941
L1000,L1000::trifluoperazine::A375::::24H::10uM::REP.A007::M07::BRD-K89732114,trifluoperazine,brd-k89732114,trifluoperazine
L1000,L1000::siramesine::A375::::24H::10uM::REP.A007::H01::BRD-K51333959,siramesine,brd-k51333959,siramesine
L1000,L1000::PI-103::A375::::24H::10uM::REP.A007::P01::BRD-K67868012,PI-103,brd-k67868012,pi-103
L1000,L1000::AEE-788::A375::::24H::0.04uM::REP.A007::F18::BRD-K40718343,AEE-788,brd-k40718343,aee-788
L1000,L1000::amitriptyline::A375::::24H::10uM::REP.A007::L01::BRD-K53737926,amitriptyline,brd-k53737926,amitriptyline
L1000,L1000::AEE-788::A375::::24H::3.33uM::REP.A007::F14::BRD-K40718343,AEE-788,brd-k40718343,aee-788
L1000,L1000::GDC-0941::A375::::24H::0.125uM::REP.A007::I11::BRD-K52911425,GDC-0941,brd-k52911425,gdc-0941
L1000,L1000::toremifene::A375::::24H::10uM::REP.A007::G07::BRD-K51350053,toremifene,brd-k51350053,toremifene
L1000,L1000::PI-103::A375::::24H::1.11uM::REP.A007::P03::BRD-K67868012,PI-103,brd-k67868012,pi-103
L1000,L1000::PI-103::A375::::24H::3.33uM::REP.A007::P02::BRD-K67868012,PI-103,brd-k67868012,pi-103
L1000,L1000::AEE-788::A375::::24H::10uM::REP.A007::F13::BRD-K40718343,AEE-788,brd-k40718343,aee-788
L1000,L1000::GDC-0941::A375::::24H::3.33uM::REP.A007::I08::BRD-K52911425,GDC-0941,brd-k52911425,gdc-0941
L1000,L1000::doramapimod::HT29::::24H::10uM::REP.A024::C01::BRD-K74065929,doramapimod,brd-k74065929,doramapimod
L1000,L1000::IKK-2-inhibitor-V::HT29::::24H::3.33uM::REP.A024::C14::BRD-K74305673,IKK-2-inhibitor-V,brd-k74305673,ikk-2-inhibitor-v
L1000,L1000::LY-2090314::HT29::::24H::0.125uM::REP.A024::L17::BRD-K78055238,LY-2090314,brd-k78055238,ly-2090314
L1000,L1000::LY-2090314::HT29::::24H::0.37uM::REP.A024::L16::BRD-K78055238,LY-2090314,brd-k78055238,ly-2090314
L1000,L1000::enzastaurin::HT29::::24H::0.37uM::REP.A024::P04::BRD-K79404599,enzastaurin,brd-k79404599,enzastaurin
L1000,L1000::fluspirilene::HT29::::24H::10uM::REP.A024::L07::BRD-K77947974,fluspirilene,brd-k77947974,fluspirilene
L1000,L1000::IKK-2-inhibitor-V::HT29::::24H::10uM::REP.A024::C13::BRD-K74305673,IKK-2-inhibitor-V,brd-k74305673,ikk-2-inhibitor-v
L1000,L1000::enzastaurin::HT29::::24H::10uM::REP.A024::P01::BRD-K79404599,enzastaurin,brd-k79404599,enzastaurin
L1000,L1000::LY-2090314::HT29::::24H::10uM::REP.A024::L13::BRD-K78055238,LY-2090314,brd-k78055238,ly-2090314
L1000,L1000::LY-2090314::HT29::::24H::1.11uM::REP.A024::L15::BRD-K78055238,LY-2090314,brd-k78055238,ly-2090314
L1000,L1000::LY-2090314::HT29::::24H::0.04uM::REP.A024::L18::BRD-K78055238,LY-2090314,brd-k78055238,ly-2090314
L1000,L1000::LY-2090314::HT29::::24H::3.33uM::REP.A024::L14::BRD-K78055238,LY-2090314,brd-k78055238,ly-2090314
L1000,L1000::enzastaurin::HT29::::24H::3.33uM::REP.A024::P02::BRD-K79404599,enzastaurin,brd-k79404599,enzastaurin
L1000,L1000::nimesulide::HT29::::24H::3.33uM::REP.A024::J02::BRD-K76775527,nimesulide,brd-k76775527,nimesulide
L1000,L1000::MLN-0128::HA1E::::24H::0.37uM::REP.A015::L04::BRD-K59317601,MLN-0128,brd-k59317601,mln-0128
L1000,L1000::vemurafenib::HA1E::::24H::10uM::REP.A015::D13::BRD-K56343971,vemurafenib,brd-k56343971,vemurafenib
L1000,L1000::MLN-0128::HA1E::::24H::0.125uM::REP.A015::L05::BRD-K59317601,MLN-0128,brd-k59317601,mln-0128
L1000,L1000::MLN-0128::HA1E::::24H::3.33uM::REP.A015::L02::BRD-K59317601,MLN-0128,brd-k59317601,mln-0128
L1000,L1000::MLN-0128::HA1E::::24H::1.11uM::REP.A015::L03::BRD-K59317601,MLN-0128,brd-k59317601,mln-0128
L1000,L1000::oxiconazole::HA1E::::24H::10uM::REP.A015::C01::BRD-K56104152,oxiconazole,brd-k56104152,oxiconazole
L1000,L1000::MLN-0128::HA1E::::24H::10uM::REP.A015::L01::BRD-K59317601,MLN-0128,brd-k59317601,mln-0128
L1000,L1000::selumetinib::HA1E::::24H::10uM::REP.A015::E19::BRD-K57080016,selumetinib,brd-k57080016,selumetinib
L1000,L1000::MLN-0128::HA1E::::24H::0.04uM::REP.A015::L06::BRD-K59317601,MLN-0128,brd-k59317601,mln-0128
L1000,L1000::selumetinib::HA1E::::24H::0.04uM::REP.A015::E24::BRD-K57080016,selumetinib,brd-k57080016,selumetinib
L1000,L1000::mebendazole::HA1E::::24H::10uM::REP.A015::I01::BRD-K77987382,mebendazole,brd-k77987382,mebendazole
L1000,L1000::ABT-737::HA1E::::24H::10uM::REP.A015::D07::BRD-K56301217,ABT-737,brd-k56301217,abt-737
L1000,L1000::clofarabine::MCF7::::24H::3.33uM::REP.A003::I20::BRD-K34022604,clofarabine,brd-k34022604,clofarabine
L1000,L1000::clofarabine::MCF7::::24H::10uM::REP.A003::I19::BRD-K34022604,clofarabine,brd-k34022604,clofarabine
L1000,L1000::BRD-K95017486::HEPG2::::24H::40uM::CRCGN010::P07::BRD-K95017486,BRD-K95017486,brd-k95017486,brd-k95017486
L1000,L1000::vorinostat::HEPG2::::24H::0.66uM::CRCGN010::K12::BRD-K81418486,vorinostat,brd-k81418486,vorinostat
L1000,L1000::vorinostat::HEPG2::::24H::2.5uM::CRCGN010::K10::BRD-K81418486,vorinostat,brd-k81418486,vorinostat
L1000,L1000::oxyquinoline::HEPG2::::24H::40uM::CRCGN010::A07::BRD-K66808046,oxyquinoline,brd-k66808046,oxyquinoline
L1000,L1000::BRD-K73340860::HEPG2::::24H::20uM::CRCGN010::O08::BRD-K73340860,BRD-K73340860,brd-k73340860,brd-k73340860
L1000,L1000::vorinostat::HEPG2::::24H::10uM::CRCGN010::K08::BRD-K81418486,vorinostat,brd-k81418486,vorinostat
L1000,L1000::BRD-K73340860::HEPG2::::24H::10uM::CRCGN010::O09::BRD-K73340860,BRD-K73340860,brd-k73340860,brd-k73340860
L1000,L1000::BRD-K76688164::HEPG2::::24H::20uM::CRCGN010::N19::BRD-K76688164,BRD-K76688164,brd-k76688164,brd-k76688164
L1000,L1000::BRD-K73340860::HEPG2::::24H::2.5uM::CRCGN010::O11::BRD-K73340860,BRD-K73340860,brd-k73340860,brd-k73340860
L1000,L1000::vorinostat::HEPG2::::24H::1.25uM::CRCGN010::K11::BRD-K81418486,vorinostat,brd-k81418486,vorinostat
L1000,L1000::BRD-K73340860::HEPG2::::24H::4uM::CRCGN010::O10::BRD-K73340860,BRD-K73340860,brd-k73340860,brd-k73340860
L1000,L1000::BRD-K73340860::HEPG2::::24H::40uM::CRCGN010::O07::BRD-K73340860,BRD-K73340860,brd-k73340860,brd-k73340860
L1000,L1000::vorinostat::HEPG2::::24H::20uM::CRCGN010::K07::BRD-K81418486,vorinostat,brd-k81418486,vorinostat
L1000,L1000::vorinostat::HEPG2::::24H::4uM::CRCGN010::K09::BRD-K81418486,vorinostat,brd-k81418486,vorinostat
L1000,L1000::oxyquinoline::HEPG2::::24H::20uM::CRCGN010::A08::BRD-K66808046,oxyquinoline,brd-k66808046,oxyquinoline
L1000,L1000::BRD-K95910931::HEPG2::::24H::20uM::CRCGN010::L19::BRD-K95910931,BRD-K95910931,brd-k95910931,brd-k95910931
L1000,L1000::triclosan::HEPG2::::24H::20uM::CRCGN010::H08::BRD-K41731458,triclosan,brd-k41731458,triclosan
L1000,L1000::panobinostat::XC.R10::::24H::3.33uM::PBIOA008::M17::BRD-K02130563,panobinostat,brd-k02130563,panobinostat
L1000,L1000::panobinostat::XC.R10::::24H::10uM::PBIOA008::M16::BRD-K02130563,panobinostat,brd-k02130563,panobinostat
L1000,L1000::phorbol-12-myristate-13-acetate::XC.R10::::24H::1.11uM::PBIOA008::M06::BRD-A15079084,phorbol-12-myristate-13-acetate,brd-a15079084,phorbol-12-myristate-13-acetate
L1000,L1000::PD-173074::XC.R10::::24H::10uM::PBIOA008::D04::BRD-K97764662,PD-173074,brd-k97764662,pd-173074
L1000,L1000::BMS-536924::XC.R10::::24H::12uM::PBIOA008::M01::BRD-K34581968,BMS-536924,brd-k34581968,bms-536924
L1000,L1000::vorinostat::XC.R10::::24H::10uM::PBIOA008::O02::BRD-K81418486,vorinostat,brd-k81418486,vorinostat
L1000,L1000::BRD-K21263872::XC.R10::::24H::10uM::PBIOA008::P13::BRD-K21263872,BRD-K21263872,brd-k21263872,brd-k21263872
L1000,L1000::BRD-K21044621::XC.R10::::24H::3.33uM::PBIOA008::G23::BRD-K21044621,BRD-K21044621,brd-k21044621,brd-k21044621
L1000,L1000::BRD-K90518515::XC.R10::::24H::3.33uM::PBIOA008::F14::BRD-K90518515,BRD-K90518515,brd-k90518515,brd-k90518515
L1000,L1000::BRD-K07142677::XC.R10::::24H::1.11uM::PBIOA008::P24::BRD-K07142677,BRD-K07142677,brd-k07142677,brd-k07142677
L1000,L1000::panobinostat::XC.R10::::24H::1.11uM::PBIOA008::M18::BRD-K02130563,panobinostat,brd-k02130563,panobinostat
L1000,L1000::dabrafenib::XC.R10::::24H::3.33uM::PBIOA008::F02::BRD-K09951645,dabrafenib,brd-k09951645,dabrafenib
L1000,L1000::dabrafenib::XC.R10::::24H::10uM::PBIOA008::F01::BRD-K09951645,dabrafenib,brd-k09951645,dabrafenib
L1000,L1000::BRD-K40011623::XC.R10::::24H::10uM::PBIOA008::H22::BRD-K40011623,BRD-K40011623,brd-k40011623,brd-k40011623
L1000,L1000::phorbol-12-myristate-13-acetate::XC.R10::::24H::10uM::PBIOA008::M04::BRD-A15079084,phorbol-12-myristate-13-acetate,brd-a15079084,phorbol-12-myristate-13-acetate
L1000,L1000::thalidomide::XC.R10::::24H::10uM::PBIOA008::D01::BRD-A93255169,thalidomide,brd-a93255169,thalidomide
L1000,L1000::cyclophosphamide::XC.R10::::24H::10uM::PBIOA008::M10::BRD-A09722536,cyclophosphamide,brd-a09722536,cyclophosphamide
L1000,L1000::phorbol-12-myristate-13-acetate::XC.R10::::24H::3.33uM::PBIOA008::M05::BRD-A15079084,phorbol-12-myristate-13-acetate,brd-a15079084,phorbol-12-myristate-13-acetate
L1000,L1000::BRD-K97671308::XC.R10::::24H::3.33uM::PBIOA008::H17::BRD-K97671308,BRD-K97671308,brd-k97671308,brd-k97671308
L1000,L1000::dabrafenib::HT29::::24H::2.22uM::REP.B005::I19::BRD-K09951645,dabrafenib,brd-k09951645,dabrafenib
L1000,L1000::I-BET-762::HT29::::24H::2.22uM::REP.B005::A19::BRD-K08109215,I-BET-762,brd-k08109215,i-bet-762
L1000,L1000::I-BET-762::HT29::::24H::0.25uM::REP.B005::A21::BRD-K08109215,I-BET-762,brd-k08109215,i-bet-762
L1000,L1000::I-BET-762::HT29::::24H::0.01uM::REP.B005::A24::BRD-K08109215,I-BET-762,brd-k08109215,i-bet-762
L1000,L1000::dabrafenib::HT29::::24H::0.74uM::REP.B005::I20::BRD-K09951645,dabrafenib,brd-k09951645,dabrafenib
L1000,L1000::I-BET-762::HT29::::24H::0.74uM::REP.B005::A20::BRD-K08109215,I-BET-762,brd-k08109215,i-bet-762
L1000,L1000::dabrafenib::HT29::::24H::0.25uM::REP.B005::I21::BRD-K09951645,dabrafenib,brd-k09951645,dabrafenib
L1000,L1000::dabrafenib::HT29::::24H::0.08uM::REP.B005::I22::BRD-K09951645,dabrafenib,brd-k09951645,dabrafenib
L1000,L1000::tesaglitazar::PC3::::24H::2.22uM::REP.B002::B07::BRD-K15507868,tesaglitazar,brd-k15507868,tesaglitazar
L1000,L1000::tesaglitazar::PC3::::24H::0.74uM::REP.B002::B08::BRD-K15507868,tesaglitazar,brd-k15507868,tesaglitazar
L1000,L1000::doxazosin::A549::::24H::0.04uM::REP.A010::H12::BRD-A13188892,doxazosin,brd-a13188892,doxazosin
L1000,L1000::troglitazone::A549::::24H::10uM::REP.A010::F19::BRD-A13084692,troglitazone,brd-a13084692,troglitazone
L1000,L1000::penfluridol::A549::::24H::10uM::REP.A010::P13::BRD-K15409150,penfluridol,brd-k15409150,penfluridol
L1000,L1000::pentamidine::A549::::24H::10uM::REP.A010::G07::BRD-K13183738,pentamidine,brd-k13183738,pentamidine
L1000,L1000::pentamidine::A549::::24H::1.11uM::REP.A010::G09::BRD-K13183738,pentamidine,brd-k13183738,pentamidine
L1000,L1000::R-428::A549::::24H::10uM::REP.A010::L19::BRD-K14870255,R-428,brd-k14870255,r-428
L1000,L1000::midostaurin::A549::::24H::3.33uM::REP.A010::I02::BRD-K13646352,midostaurin,brd-k13646352,midostaurin
L1000,L1000::midostaurin::A549::::24H::10uM::REP.A010::I01::BRD-K13646352,midostaurin,brd-k13646352,midostaurin
L1000,L1000::pentamidine::A549::::24H::3.33uM::REP.A010::G08::BRD-K13183738,pentamidine,brd-k13183738,pentamidine
L1000,L1000::MK-1775::MCF10A::::24H::3.33uM::REP.A016::I20::BRD-K54256913,MK-1775,brd-k54256913,mk-1775
L1000,L1000::vortioxetine::MCF10A::::24H::10uM::REP.A016::I07::BRD-K53963539,vortioxetine,brd-k53963539,vortioxetine
L1000,L1000::OTS-167::MCF10A::::24H::1.11uM::REP.A016::O09::BRD-K53417444,OTS-167,brd-k53417444,ots-167
L1000,L1000::tacedinaline::MCF10A::::24H::1.11uM::REP.A016::E09::BRD-K52313696,tacedinaline,brd-k52313696,tacedinaline
L1000,L1000::palbociclib::MCF10A::::24H::3.33uM::REP.A016::A20::BRD-K51313569,palbociclib,brd-k51313569,palbociclib
L1000,L1000::OTS-167::MCF10A::::24H::3.33uM::REP.A016::O08::BRD-K53417444,OTS-167,brd-k53417444,ots-167
L1000,L1000::OTS-167::MCF10A::::24H::0.125uM::REP.A016::O11::BRD-K53417444,OTS-167,brd-k53417444,ots-167
L1000,L1000::palbociclib::MCF10A::::24H::10uM::REP.A016::A19::BRD-K51313569,palbociclib,brd-k51313569,palbociclib
L1000,L1000::econazole::MCF10A::::24H::3.33uM::REP.A016::D14::BRD-A51820102,econazole,brd-a51820102,econazole
L1000,L1000::apocynin::MCF10A::::24H::0.04uM::REP.A016::P24::BRD-K64990520,apocynin,brd-k64990520,apocynin
L1000,L1000::palbociclib::MCF10A::::24H::0.37uM::REP.A016::A22::BRD-K51313569,palbociclib,brd-k51313569,palbociclib
L1000,L1000::tacedinaline::MCF10A::::24H::3.33uM::REP.A016::E08::BRD-K52313696,tacedinaline,brd-k52313696,tacedinaline
L1000,L1000::ivacaftor::MCF10A::::24H::0.04uM::REP.A016::F24::BRD-K52818472,ivacaftor,brd-k52818472,ivacaftor
L1000,L1000::palbociclib::MCF10A::::24H::0.04uM::REP.A016::A24::BRD-K51313569,palbociclib,brd-k51313569,palbociclib
L1000,L1000::MK-1775::MCF10A::::24H::10uM::REP.A016::I19::BRD-K54256913,MK-1775,brd-k54256913,mk-1775
L1000,L1000::MK-1775::MCF10A::::24H::1.11uM::REP.A016::I21::BRD-K54256913,MK-1775,brd-k54256913,mk-1775
L1000,L1000::OTS-167::MCF10A::::24H::0.37uM::REP.A016::O10::BRD-K53417444,OTS-167,brd-k53417444,ots-167
L1000,L1000::OTS-167::MCF10A::::24H::10uM::REP.A016::O07::BRD-K53417444,OTS-167,brd-k53417444,ots-167
L1000,L1000::tacedinaline::MCF10A::::24H::10uM::REP.A016::E07::BRD-K52313696,tacedinaline,brd-k52313696,tacedinaline
L1000,L1000::econazole::MCF10A::::24H::10uM::REP.A016::D13::BRD-A51820102,econazole,brd-a51820102,econazole
L1000,L1000::MK-1775::MCF10A::::24H::0.37uM::REP.A016::I22::BRD-K54256913,MK-1775,brd-k54256913,mk-1775
L1000,L1000::OTS-167::MCF10A::::24H::0.04uM::REP.A016::O12::BRD-K53417444,OTS-167,brd-k53417444,ots-167
L1000,L1000::palbociclib::MCF10A::::24H::1.11uM::REP.A016::A21::BRD-K51313569,palbociclib,brd-k51313569,palbociclib
L1000,L1000::dasatinib::PC3::::24H::10uM::PBIOA014::K13::BRD-K49328571,dasatinib,brd-k49328571,dasatinib
L1000,L1000::GANT-58::PC3::::24H::0.125uM::PBIOA014::A23::BRD-K64451768,GANT-58,brd-k64451768,gant-58
L1000,L1000::gefitinib::PC3::::24H::10uM::PBIOA014::C01::BRD-K64052750,gefitinib,brd-k64052750,gefitinib
L1000,L1000::TPCA-1::PC3::::24H::10uM::PBIOA014::I01::BRD-K51575138,TPCA-1,brd-k51575138,tpca-1
L1000,L1000::BRD-K47116958::PC3::::24H::0.125uM::PBIOA014::M23::BRD-K47116958,BRD-K47116958,brd-k47116958,brd-k47116958
L1000,L1000::TPCA-1::PC3::::24H::3.33uM::PBIOA014::I02::BRD-K51575138,TPCA-1,brd-k51575138,tpca-1
L1000,L1000::dasatinib::PC3::::24H::0.125uM::PBIOA014::K17::BRD-K49328571,dasatinib,brd-k49328571,dasatinib
L1000,L1000::dasatinib::PC3::::24H::3.33uM::PBIOA014::K14::BRD-K49328571,dasatinib,brd-k49328571,dasatinib
L1000,L1000::GANT-58::PC3::::24H::10uM::PBIOA014::A19::BRD-K64451768,GANT-58,brd-k64451768,gant-58
L1000,L1000::dasatinib::PC3::::24H::0.04uM::PBIOA014::K18::BRD-K49328571,dasatinib,brd-k49328571,dasatinib
L1000,L1000::vorinostat::PC3::::24H::10uM::PBIOA014::O01::BRD-K81418486,vorinostat,brd-k81418486,vorinostat
L1000,L1000::dasatinib::PC3::::24H::0.37uM::PBIOA014::K16::BRD-K49328571,dasatinib,brd-k49328571,dasatinib
L1000,L1000::BRD-K31455027::PC3::::24H::1.11uM::PBIOA014::M09::BRD-K31455027,BRD-K31455027,brd-k31455027,brd-k31455027
L1000,L1000::troglitazone::PC3::::24H::10uM::PBIOA014::K10::BRD-A13084692,troglitazone,brd-a13084692,troglitazone
L1000,L1000::pyroxamide::HAP1.SRC::::24H::3.33uM::MOAR016::I19::BRD-K11663430,pyroxamide,brd-k11663430,pyroxamide
L1000,L1000::BRD-K38024286::MCF10A.BRCA1.HD::::24H::3.33uM::ISO002::J02::BRD-K38024286,BRD-K38024286,brd-k38024286,brd-k38024286
L1000,L1000::BRD-K47438704::MCF10A.BRCA1.HD::::24H::3.33uM::ISO002::K14::BRD-K47438704,BRD-K47438704,brd-k47438704,brd-k47438704
L1000,L1000::LGX-818::MCF10A.BRCA1.HD::::24H::0.125uM::ISO002::N11::BRD-A56085258,LGX-818,brd-a56085258,lgx-818
L1000,L1000::TG-101348::MCF10A.BRCA1.HD::::24H::0.37uM::ISO002::N16::BRD-K12502280,TG-101348,brd-k12502280,tg-101348
L1000,L1000::TPCA-1::MCF10A.BRCA1.HD::::24H::0.125uM::ISO002::E11::BRD-K51575138,TPCA-1,brd-k51575138,tpca-1
L1000,L1000::LGX-818::MCF10A.BRCA1.HD::::24H::1.11uM::ISO002::N09::BRD-A56085258,LGX-818,brd-a56085258,lgx-818
L1000,L1000::BRD-K78306794::MCF10A.BRCA1.HD::::24H::10uM::ISO002::L13::BRD-K78306794,BRD-K78306794,brd-k78306794,brd-k78306794
L1000,L1000::TG-101348::MCF10A.BRCA1.HD::::24H::1.11uM::ISO002::N15::BRD-K12502280,TG-101348,brd-k12502280,tg-101348
L1000,L1000::BRD-K47438704::MCF10A.BRCA1.HD::::24H::1.11uM::ISO002::K15::BRD-K47438704,BRD-K47438704,brd-k47438704,brd-k47438704
L1000,L1000::BRD-K47438704::MCF10A.BRCA1.HD::::24H::0.125uM::ISO002::K17::BRD-K47438704,BRD-K47438704,brd-k47438704,brd-k47438704
L1000,L1000::TPCA-1::MCF10A.BRCA1.HD::::24H::10uM::ISO002::E07::BRD-K51575138,TPCA-1,brd-k51575138,tpca-1
L1000,L1000::LGX-818::MCF10A.BRCA1.HD::::24H::3.33uM::ISO002::N08::BRD-A56085258,LGX-818,brd-a56085258,lgx-818
L1000,L1000::TPCA-1::MCF10A.BRCA1.HD::::24H::1.11uM::ISO002::E09::BRD-K51575138,TPCA-1,brd-k51575138,tpca-1
L1000,L1000::BRD-K27859162::MCF10A.BRCA1.HD::::24H::3.33uM::ISO002::B20::BRD-K27859162,BRD-K27859162,brd-k27859162,brd-k27859162
L1000,L1000::endo-IWR-1::MCF10A.BRCA1.HD::::24H::10uM::ISO002::M13::BRD-K61314889,endo-IWR-1,brd-k61314889,endo-iwr-1
L1000,L1000::BRD-K70739429::MCF10A.BRCA1.HD::::24H::10uM::ISO002::I07::BRD-K70739429,BRD-K70739429,brd-k70739429,brd-k70739429
L1000,L1000::BRD-K38024286::MCF10A.BRCA1.HD::::24H::0.37uM::ISO002::J04::BRD-K38024286,BRD-K38024286,brd-k38024286,brd-k38024286
L1000,L1000::TG-101348::MCF10A.BRCA1.HD::::24H::10uM::ISO002::N13::BRD-K12502280,TG-101348,brd-k12502280,tg-101348
L1000,L1000::TPCA-1::MCF10A.BRCA1.HD::::24H::0.04uM::ISO002::E12::BRD-K51575138,TPCA-1,brd-k51575138,tpca-1
L1000,L1000::BRD-K27859162::MCF10A.BRCA1.HD::::24H::10uM::ISO002::B19::BRD-K27859162,BRD-K27859162,brd-k27859162,brd-k27859162
L1000,L1000::TPCA-1::MCF10A.BRCA1.HD::::24H::0.37uM::ISO002::E10::BRD-K51575138,TPCA-1,brd-k51575138,tpca-1
L1000,L1000::LGX-818::MCF10A.BRCA1.HD::::24H::0.37uM::ISO002::N10::BRD-A56085258,LGX-818,brd-a56085258,lgx-818
L1000,L1000::endo-IWR-1::MCF10A.BRCA1.HD::::24H::3.33uM::ISO002::M14::BRD-K61314889,endo-IWR-1,brd-k61314889,endo-iwr-1
L1000,L1000::TPCA-1::MCF10A.BRCA1.HD::::24H::3.33uM::ISO002::E08::BRD-K51575138,TPCA-1,brd-k51575138,tpca-1
L1000,L1000::BRD-K38024286::MCF10A.BRCA1.HD::::24H::0.125uM::ISO002::J05::BRD-K38024286,BRD-K38024286,brd-k38024286,brd-k38024286
L1000,L1000::TG-101348::MCF10A.BRCA1.HD::::24H::3.33uM::ISO002::N14::BRD-K12502280,TG-101348,brd-k12502280,tg-101348
L1000,L1000::LGX-818::MCF10A.BRCA1.HD::::24H::0.04uM::ISO002::N12::BRD-A56085258,LGX-818,brd-a56085258,lgx-818
L1000,L1000::BRD-K47438704::MCF10A.BRCA1.HD::::24H::0.37uM::ISO002::K16::BRD-K47438704,BRD-K47438704,brd-k47438704,brd-k47438704
L1000,L1000::LGX-818::MCF10A.BRCA1.HD::::24H::10uM::ISO002::N07::BRD-A56085258,LGX-818,brd-a56085258,lgx-818
L1000,L1000::BRD-K99789346::XC.R10::::24H::10uM::PBIOA003::L22::BRD-K99789346,BRD-K99789346,brd-k99789346,brd-k99789346
L1000,L1000::BRD-K33863658::XC.R10::::24H::1.11uM::PBIOA003::C18::BRD-K33863658,BRD-K33863658,brd-k33863658,brd-k33863658
L1000,L1000::dasatinib::XC.R10::::24H::10uM::PBIOA003::K16::BRD-K49328571,dasatinib,brd-k49328571,dasatinib
L1000,L1000::GO-6976::XC.R10::::24H::3.33uM::PBIOA003::M20::BRD-K59304176,GO-6976,brd-k59304176,go-6976
L1000,L1000::vorinostat::XC.R10::::24H::10uM::PBIOA003::O02::BRD-K81418486,vorinostat,brd-k81418486,vorinostat
L1000,L1000::lapatinib::XC.R10::::24H::10uM::PBIOA003::B16::BRD-K19687926,lapatinib,brd-k19687926,lapatinib
L1000,L1000::panobinostat::XC.R10::::24H::10uM::PBIOA003::D16::BRD-K02130563,panobinostat,brd-k02130563,panobinostat
L1000,L1000::panobinostat::XC.R10::::24H::3.33uM::PBIOA003::D17::BRD-K02130563,panobinostat,brd-k02130563,panobinostat
L1000,L1000::BRD-K18665655::XC.R10::::24H::10uM::PBIOA003::H04::BRD-K18665655,BRD-K18665655,brd-k18665655,brd-k18665655
L1000,L1000::GO-6976::XC.R10::::24H::10uM::PBIOA003::M19::BRD-K59304176,GO-6976,brd-k59304176,go-6976
L1000,L1000::I-BET-151::NEU::::24H::10uM::LJP008::K01::BRD-K36363294,I-BET-151,brd-k36363294,i-bet-151
L1000,L1000::mocetinostat::NEU::::24H::3.33uM::LJP008::I08::BRD-K16485616,mocetinostat,brd-k16485616,mocetinostat
L1000,L1000::UNC-0638::NEU::::24H::10uM::LJP008::M07::BRD-K86856088,UNC-0638,brd-k86856088,unc-0638
L1000,L1000::vorinostat::HEPG2::::24H::6.66uM::CRCGN005::G14::BRD-K81418486,vorinostat,brd-k81418486,vorinostat
L1000,L1000::2-CHLOROACETOPHENONE::HEPG2::::24H::20uM::CRCGN005::F01::BRD-K02442533,2-CHLOROACETOPHENONE,brd-k02442533,2-chloroacetophenone
L1000,L1000::BRD-K31632228::HEPG2::::24H::100uM::CRCGN005::I13::BRD-K31632228,BRD-K31632228,brd-k31632228,brd-k31632228
L1000,L1000::vorinostat::HEPG2::::24H::2.22uM::CRCGN005::G15::BRD-K81418486,vorinostat,brd-k81418486,vorinostat
L1000,L1000::BRD-A17818859::HEPG2::::24H::20uM::CRCGN005::G19::BRD-A17818859,BRD-A17818859,brd-a17818859,brd-a17818859
L1000,L1000::vorinostat::HEPG2::::24H::0.74uM::CRCGN005::G16::BRD-K81418486,vorinostat,brd-k81418486,vorinostat
L1000,L1000::BRD-K94874010::HEPG2::::24H::20uM::CRCGN005::E19::BRD-K94874010,BRD-K94874010,brd-k94874010,brd-k94874010
L1000,L1000::oxyquinoline::HEPG2::::24H::20uM::CRCGN005::C07::BRD-K66808046,oxyquinoline,brd-k66808046,oxyquinoline
L1000,L1000::vorinostat::HEPG2::::24H::10uM::CRCGN005::G13::BRD-K81418486,vorinostat,brd-k81418486,vorinostat
L1000,L1000::1-NITRONAPHTHALENE::HEPG2::::24H::2.22uM::CRCGN005::N03::BRD-K72839221,1-NITRONAPHTHALENE,brd-k72839221,1-nitronaphthalene
L1000,L1000::pentamidine::A549::::24H::2.22uM::REP.B010::G07::BRD-K13183738,pentamidine,brd-k13183738,pentamidine
L1000,L1000::TG-101348::SKMEL5::::24H::10uM::AICHI002::A19::BRD-K12502280,TG-101348,brd-k12502280,tg-101348
L1000,L1000::BRD-K51348184::SKMEL5::::24H::0.66uM::AICHI002::M03::BRD-K51348184,BRD-K51348184,brd-k51348184,brd-k51348184
L1000,L1000::selumetinib::SKMEL5::::24H::0.04uM::AICHI002::B23::BRD-K57080016,selumetinib,brd-k57080016,selumetinib
L1000,L1000::BRD-K04065047::SKMEL5::::24H::10uM::AICHI002::A13::BRD-K04065047,BRD-K04065047,brd-k04065047,brd-k04065047
L1000,L1000::BRD-K55575531::SKMEL5::::24H::0.01uM::AICHI002::K18::BRD-K55575531,BRD-K55575531,brd-k55575531,brd-k55575531
L1000,L1000::TG-101348::SKMEL5::::24H::0.01uM::AICHI002::A24::BRD-K12502280,TG-101348,brd-k12502280,tg-101348
L1000,L1000::TG-101348::SKMEL5::::24H::2.5uM::AICHI002::A20::BRD-K12502280,TG-101348,brd-k12502280,tg-101348
L1000,L1000::SL-0101-1::SKMEL5::::24H::0.125uM::AICHI002::D10::BRD-K48182764,SL-0101-1,brd-k48182764,sl-0101-1
L1000,L1000::selumetinib::SKMEL5::::24H::10uM::AICHI002::B19::BRD-K57080016,selumetinib,brd-k57080016,selumetinib
L1000,L1000::vorinostat::SKMEL5::::24H::0.66uM::AICHI002::G15::BRD-K81418486,vorinostat,brd-k81418486,vorinostat
L1000,L1000::BRD-K08177763::SKMEL5::::24H::2.5uM::AICHI002::L02::BRD-K08177763,BRD-K08177763,brd-k08177763,brd-k08177763
L1000,L1000::PF-04691502::SKMEL5::::24H::2.5uM::AICHI002::J08::BRD-K07310275,PF-04691502,brd-k07310275,pf-04691502
L1000,L1000::PF-04691502::SKMEL5::::24H::10uM::AICHI002::J07::BRD-K07310275,PF-04691502,brd-k07310275,pf-04691502
L1000,L1000::BRD-K32972437::SKMEL5::::24H::10uM::AICHI002::G07::BRD-K32972437,BRD-K32972437,brd-k32972437,brd-k32972437
L1000,L1000::BRD-K51348184::SKMEL5::::24H::0.125uM::AICHI002::M04::BRD-K51348184,BRD-K51348184,brd-k51348184,brd-k51348184
L1000,L1000::PRT-062607::SKMEL5::::24H::10uM::AICHI002::I19::BRD-K53734668,PRT-062607,brd-k53734668,prt-062607
L1000,L1000::enzastaurin::SKMEL5::::24H::2.5uM::AICHI002::J20::BRD-K79404599,enzastaurin,brd-k79404599,enzastaurin
L1000,L1000::fmk::SKMEL5::::24H::10uM::AICHI002::D19::BRD-K96672291,fmk,brd-k96672291,fmk
L1000,L1000::BRD-K51348184::SKMEL5::::24H::10uM::AICHI002::M01::BRD-K51348184,BRD-K51348184,brd-k51348184,brd-k51348184
L1000,L1000::selumetinib::SKMEL5::::24H::2.5uM::AICHI002::B20::BRD-K57080016,selumetinib,brd-k57080016,selumetinib
L1000,L1000::MK-2206::SKMEL5::::24H::10uM::AICHI002::H13::BRD-K68065987,MK-2206,brd-k68065987,mk-2206
L1000,L1000::selumetinib::SKMEL5::::24H::0.01uM::AICHI002::B24::BRD-K57080016,selumetinib,brd-k57080016,selumetinib
L1000,L1000::BRD-K30520487::SKMEL5::::24H::2.5uM::AICHI002::E14::BRD-K30520487,BRD-K30520487,brd-k30520487,brd-k30520487
L1000,L1000::bms::SKMEL5::::24H::0.04uM::AICHI002::E11::BRD-K01549188,bms,brd-k01549188,bms
L1000,L1000::selumetinib::SKMEL5::::24H::0.125uM::AICHI002::B22::BRD-K57080016,selumetinib,brd-k57080016,selumetinib
L1000,L1000::vorinostat::SKMEL5::::24H::10uM::AICHI002::G13::BRD-K81418486,vorinostat,brd-k81418486,vorinostat
L1000,L1000::PRT-062607::SKMEL5::::24H::0.01uM::AICHI002::I24::BRD-K53734668,PRT-062607,brd-k53734668,prt-062607
L1000,L1000::selumetinib::SKMEL5::::24H::0.66uM::AICHI002::B21::BRD-K57080016,selumetinib,brd-k57080016,selumetinib
L1000,L1000::CINK-4::SKMEL5::::24H::2.5uM::AICHI002::M14::BRD-K67392871,CINK-4,brd-k67392871,cink-4
L1000,L1000::BRD-K08177763::SKMEL5::::24H::0.125uM::AICHI002::L04::BRD-K08177763,BRD-K08177763,brd-k08177763,brd-k08177763
L1000,L1000::enzastaurin::SKMEL5::::24H::0.125uM::AICHI002::J22::BRD-K79404599,enzastaurin,brd-k79404599,enzastaurin
L1000,L1000::vorinostat::SKMEL5::::24H::2.5uM::AICHI002::G14::BRD-K81418486,vorinostat,brd-k81418486,vorinostat
L1000,L1000::BRD-K30520487::SKMEL5::::24H::10uM::AICHI002::E13::BRD-K30520487,BRD-K30520487,brd-k30520487,brd-k30520487
L1000,L1000::CINK-4::SKMEL5::::24H::10uM::AICHI002::M13::BRD-K67392871,CINK-4,brd-k67392871,cink-4
L1000,L1000::BRD-K04065047::SKMEL5::::24H::2.5uM::AICHI002::A14::BRD-K04065047,BRD-K04065047,brd-k04065047,brd-k04065047
L1000,L1000::BRD-K51348184::SKMEL5::::24H::2.5uM::AICHI002::M02::BRD-K51348184,BRD-K51348184,brd-k51348184,brd-k51348184
L1000,L1000::BRD-K98039984::HBL1::::24H::0.125uM::EMU001::K04::BRD-K98039984,BRD-K98039984,brd-k98039984,brd-k98039984
L1000,L1000::erlotinib::HBL1::::24H::10uM::EMU001::C13::BRD-K70401845,erlotinib,brd-k70401845,erlotinib
L1000,L1000::gossypol::HBL1::::24H::10uM::EMU001::M01::BRD-K19295594,gossypol,brd-k19295594,gossypol
L1000,L1000::BRD-K98039984::HBL1::::24H::2.5uM::EMU001::K02::BRD-K98039984,BRD-K98039984,brd-k98039984,brd-k98039984
L1000,L1000::LCB-03-0110::HBL1::::24H::0.66uM::EMU001::O15::BRD-K11357827,LCB-03-0110,brd-k11357827,lcb-03-0110
L1000,L1000::I-BET-762::HBL1::::24H::2.5uM::EMU001::K20::BRD-K08109215,I-BET-762,brd-k08109215,i-bet-762
L1000,L1000::dasatinib::HBL1::::24H::2.5uM::EMU001::I20::BRD-K49328571,dasatinib,brd-k49328571,dasatinib
L1000,L1000::BRD-K98039984::HBL1::::24H::0.66uM::EMU001::K03::BRD-K98039984,BRD-K98039984,brd-k98039984,brd-k98039984
L1000,L1000::vorinostat::HBL1::::24H::10uM::EMU001::O01::BRD-K81418486,vorinostat,brd-k81418486,vorinostat
L1000,L1000::vorinostat::HBL1::::24H::2.5uM::EMU001::O02::BRD-K81418486,vorinostat,brd-k81418486,vorinostat
L1000,L1000::GDC-0199::HBL1::::24H::10uM::EMU001::N19::BRD-K62391742,GDC-0199,brd-k62391742,gdc-0199
L1000,L1000::bosutinib::HBL1::::24H::10uM::EMU001::J19::BRD-K99964838,bosutinib,brd-k99964838,bosutinib
L1000,L1000::BRD-K98039984::HBL1::::24H::0.04uM::EMU001::K05::BRD-K98039984,BRD-K98039984,brd-k98039984,brd-k98039984
L1000,L1000::PF-06465469::HBL1::::24H::10uM::EMU001::N07::BRD-K77503770,PF-06465469,brd-k77503770,pf-06465469
L1000,L1000::I-BET-762::HBL1::::24H::0.66uM::EMU001::K21::BRD-K08109215,I-BET-762,brd-k08109215,i-bet-762
L1000,L1000::BRD-K94199083::HBL1::::24H::10uM::EMU001::H13::BRD-K94199083,BRD-K94199083,brd-k94199083,brd-k94199083
L1000,L1000::gefitinib::HBL1::::24H::10uM::EMU001::J13::BRD-K64052750,gefitinib,brd-k64052750,gefitinib
L1000,L1000::dasatinib::HBL1::::24H::0.66uM::EMU001::I21::BRD-K49328571,dasatinib,brd-k49328571,dasatinib
L1000,L1000::dasatinib::HBL1::::24H::10uM::EMU001::I19::BRD-K49328571,dasatinib,brd-k49328571,dasatinib
L1000,L1000::BRD-K98039984::HBL1::::24H::10uM::EMU001::K01::BRD-K98039984,BRD-K98039984,brd-k98039984,brd-k98039984
L1000,L1000::GDC-0199::HBL1::::24H::2.5uM::EMU001::N20::BRD-K62391742,GDC-0199,brd-k62391742,gdc-0199
L1000,L1000::LCB-03-0110::HBL1::::24H::10uM::EMU001::O13::BRD-K11357827,LCB-03-0110,brd-k11357827,lcb-03-0110
L1000,L1000::gossypol::HBL1::::24H::0.66uM::EMU001::M03::BRD-K19295594,gossypol,brd-k19295594,gossypol
L1000,L1000::I-BET-762::HBL1::::24H::10uM::EMU001::K19::BRD-K08109215,I-BET-762,brd-k08109215,i-bet-762
L1000,L1000::NVP-BHG712::THP1::::24H::10uM::LJP009::H19::BRD-K79259477,NVP-BHG712,brd-k79259477,nvp-bhg712
L1000,L1000::saracatinib::THP1::::24H::1.11uM::LJP009::B15::BRD-U07805514,saracatinib,brd-u07805514,saracatinib
L1000,L1000::BI-2536::THP1::::24H::0.04uM::LJP009::B24::BRD-U70626184,BI-2536,brd-u70626184,bi-2536
L1000,L1000::CC-401::THP1::::24H::10uM::LJP009::K19::BRD-K45746021,CC-401,brd-k45746021,cc-401
L1000,L1000::vorinostat::THP1::::24H::10uM::LJP009::A03::BRD-K81418486,vorinostat,brd-k81418486,vorinostat
L1000,L1000::ponatinib::THP1::::24H::10uM::LJP009::E19::BRD-K44227013,ponatinib,brd-k44227013,ponatinib
L1000,L1000::dabrafenib::THP1::::24H::10uM::LJP009::H07::BRD-K09951645,dabrafenib,brd-k09951645,dabrafenib
L1000,L1000::GSK-2334470::THP1::::24H::10uM::LJP009::L01::BRD-K70642949,GSK-2334470,brd-k70642949,gsk-2334470
L1000,L1000::BAY-61-3606::THP1::::24H::10uM::LJP009::H01::BRD-K53281329,BAY-61-3606,brd-k53281329,bay-61-3606
L1000,L1000::dasatinib::THP1::::24H::10uM::LJP009::G13::BRD-K49328571,dasatinib,brd-k49328571,dasatinib
L1000,L1000::BAY-61-3606::THP1::::24H::3.33uM::LJP009::H02::BRD-K53281329,BAY-61-3606,brd-k53281329,bay-61-3606
L1000,L1000::saracatinib::THP1::::24H::10uM::LJP009::B13::BRD-U07805514,saracatinib,brd-u07805514,saracatinib
L1000,L1000::saracatinib::THP1::::24H::3.33uM::LJP009::B14::BRD-U07805514,saracatinib,brd-u07805514,saracatinib
L1000,L1000::saracatinib::THP1::::24H::0.37uM::LJP009::B16::BRD-U07805514,saracatinib,brd-u07805514,saracatinib
L1000,L1000::vorinostat::A549::::24H::20uM::DOSVAL006::G13::BRD-K81418486,vorinostat,brd-k81418486,vorinostat
L1000,L1000::vorinostat::A549::::24H::4uM::DOSVAL006::G15::BRD-K81418486,vorinostat,brd-k81418486,vorinostat
L1000,L1000::vorinostat::A549::::24H::10uM::DOSVAL006::G14::BRD-K81418486,vorinostat,brd-k81418486,vorinostat
L1000,L1000::GSK-923295::PC3::::24H::10uM::REP.A008::J07::BRD-K89015388,GSK-923295,brd-k89015388,gsk-923295
L1000,L1000::LY-2090314::HA1E::::24H::0.01uM::REP.B024::L18::BRD-K78055238,LY-2090314,brd-k78055238,ly-2090314
L1000,L1000::IKK-2-inhibitor-V::HA1E::::24H::2.22uM::REP.B024::C13::BRD-K74305673,IKK-2-inhibitor-V,brd-k74305673,ikk-2-inhibitor-v
L1000,L1000::LY-2090314::HA1E::::24H::0.03uM::REP.B024::L17::BRD-K78055238,LY-2090314,brd-k78055238,ly-2090314
L1000,L1000::LY-2090314::HA1E::::24H::0.25uM::REP.B024::L15::BRD-K78055238,LY-2090314,brd-k78055238,ly-2090314
L1000,L1000::IKK-2-inhibitor-V::HA1E::::24H::0.74uM::REP.B024::C14::BRD-K74305673,IKK-2-inhibitor-V,brd-k74305673,ikk-2-inhibitor-v
L1000,L1000::LY-2090314::HA1E::::24H::0.08uM::REP.B024::L16::BRD-K78055238,LY-2090314,brd-k78055238,ly-2090314
L1000,L1000::LY-2090314::HA1E::::24H::2.22uM::REP.B024::L13::BRD-K78055238,LY-2090314,brd-k78055238,ly-2090314
L1000,L1000::tetrahydrouridine::THP1::::24H::10uM::REP.A021::P01::BRD-A86248581,tetrahydrouridine,brd-a86248581,tetrahydrouridine
L1000,L1000::MEK-162::THP1::::24H::1.11uM::REP.A021::E15::BRD-K82244583,MEK-162,brd-k82244583,mek-162
L1000,L1000::MEK-162::THP1::::24H::3.33uM::REP.A021::E14::BRD-K82244583,MEK-162,brd-k82244583,mek-162
L1000,L1000::AZD-7762::THP1::::24H::10uM::REP.A021::P07::BRD-K86525559,AZD-7762,brd-k86525559,azd-7762
L1000,L1000::tetrahydrouridine::THP1::::24H::3.33uM::REP.A021::P02::BRD-A86248581,tetrahydrouridine,brd-a86248581,tetrahydrouridine
L1000,L1000::avagacestat::THP1::::24H::0.37uM::REP.A021::J04::BRD-K83720053,avagacestat,brd-k83720053,avagacestat
L1000,L1000::tetrahydrouridine::THP1::::24H::0.04uM::REP.A021::P06::BRD-A86248581,tetrahydrouridine,brd-a86248581,tetrahydrouridine
L1000,L1000::AZD-7762::THP1::::24H::0.125uM::REP.A021::P11::BRD-K86525559,AZD-7762,brd-k86525559,azd-7762
L1000,L1000::MEK-162::THP1::::24H::10uM::REP.A021::E13::BRD-K82244583,MEK-162,brd-k82244583,mek-162
L1000,L1000::MEK-162::THP1::::24H::0.125uM::REP.A021::E17::BRD-K82244583,MEK-162,brd-k82244583,mek-162
L1000,L1000::CX-4945::THP1::::24H::10uM::REP.A021::C07::BRD-K81458380,CX-4945,brd-k81458380,cx-4945
L1000,L1000::MEK-162::THP1::::24H::0.37uM::REP.A021::E16::BRD-K82244583,MEK-162,brd-k82244583,mek-162
L1000,L1000::AZD-7762::THP1::::24H::3.33uM::REP.A021::P08::BRD-K86525559,AZD-7762,brd-k86525559,azd-7762
L1000,L1000::tetrahydrouridine::THP1::::24H::1.11uM::REP.A021::P03::BRD-A86248581,tetrahydrouridine,brd-a86248581,tetrahydrouridine
L1000,L1000::AZD-7762::THP1::::24H::1.11uM::REP.A021::P09::BRD-K86525559,AZD-7762,brd-k86525559,azd-7762
L1000,L1000::TG-101348::A375::::24H::3.33uM::MOAR007::D23::BRD-K12502280,TG-101348,brd-k12502280,tg-101348
L1000,L1000::TG-101348::A375::::24H::1.11uM::MOAR007::D24::BRD-K12502280,TG-101348,brd-k12502280,tg-101348
L1000,L1000::tandutinib::A375::::24H::1.11uM::MOAR007::M12::BRD-K89162000,tandutinib,brd-k89162000,tandutinib
L1000,L1000::midostaurin::A375::::24H::3.33uM::MOAR007::M02::BRD-K13646352,midostaurin,brd-k13646352,midostaurin
L1000,L1000::midostaurin::A375::::24H::1.11uM::MOAR007::M03::BRD-K13646352,midostaurin,brd-k13646352,midostaurin
L1000,L1000::midostaurin::A375::::24H::10uM::MOAR007::M01::BRD-K13646352,midostaurin,brd-k13646352,midostaurin
L1000,L1000::BRD-K04065047::NALM6::::24H::2.5uM::AICHI002::A14::BRD-K04065047,BRD-K04065047,brd-k04065047,brd-k04065047
L1000,L1000::BRD-K30520487::NALM6::::24H::2.5uM::AICHI002::E14::BRD-K30520487,BRD-K30520487,brd-k30520487,brd-k30520487
L1000,L1000::MK-2206::NALM6::::24H::10uM::AICHI002::H13::BRD-K68065987,MK-2206,brd-k68065987,mk-2206
L1000,L1000::vorinostat::NALM6::::24H::0.66uM::AICHI002::G15::BRD-K81418486,vorinostat,brd-k81418486,vorinostat
L1000,L1000::TG-101348::NALM6::::24H::2.5uM::AICHI002::A20::BRD-K12502280,TG-101348,brd-k12502280,tg-101348
L1000,L1000::BRD-K55575531::NALM6::::24H::2.5uM::AICHI002::K14::BRD-K55575531,BRD-K55575531,brd-k55575531,brd-k55575531
L1000,L1000::selumetinib::NALM6::::24H::10uM::AICHI002::B19::BRD-K57080016,selumetinib,brd-k57080016,selumetinib
L1000,L1000::PF-04691502::NALM6::::24H::2.5uM::AICHI002::J08::BRD-K07310275,PF-04691502,brd-k07310275,pf-04691502
L1000,L1000::PF-04691502::NALM6::::24H::10uM::AICHI002::J07::BRD-K07310275,PF-04691502,brd-k07310275,pf-04691502
L1000,L1000::PRT-062607::NALM6::::24H::2.5uM::AICHI002::I20::BRD-K53734668,PRT-062607,brd-k53734668,prt-062607
L1000,L1000::BRD-K32972437::NALM6::::24H::2.5uM::AICHI002::G08::BRD-K32972437,BRD-K32972437,brd-k32972437,brd-k32972437
L1000,L1000::BRD-K55575531::NALM6::::24H::0.125uM::AICHI002::K16::BRD-K55575531,BRD-K55575531,brd-k55575531,brd-k55575531
L1000,L1000::PRT-062607::NALM6::::24H::10uM::AICHI002::I19::BRD-K53734668,PRT-062607,brd-k53734668,prt-062607
L1000,L1000::TG-101348::NALM6::::24H::10uM::AICHI002::A19::BRD-K12502280,TG-101348,brd-k12502280,tg-101348
L1000,L1000::enzastaurin::NALM6::::24H::10uM::AICHI002::J19::BRD-K79404599,enzastaurin,brd-k79404599,enzastaurin
L1000,L1000::PF-04691502::NALM6::::24H::0.66uM::AICHI002::J09::BRD-K07310275,PF-04691502,brd-k07310275,pf-04691502
L1000,L1000::BRD-K30520487::NALM6::::24H::10uM::AICHI002::E13::BRD-K30520487,BRD-K30520487,brd-k30520487,brd-k30520487
L1000,L1000::CINK-4::NALM6::::24H::10uM::AICHI002::M13::BRD-K67392871,CINK-4,brd-k67392871,cink-4
L1000,L1000::BRD-K08177763::NALM6::::24H::0.66uM::AICHI002::L03::BRD-K08177763,BRD-K08177763,brd-k08177763,brd-k08177763
L1000,L1000::BRD-K08177763::NALM6::::24H::0.04uM::AICHI002::L05::BRD-K08177763,BRD-K08177763,brd-k08177763,brd-k08177763
L1000,L1000::MK-2206::NALM6::::24H::0.66uM::AICHI002::H15::BRD-K68065987,MK-2206,brd-k68065987,mk-2206
L1000,L1000::BRD-K32972437::NALM6::::24H::10uM::AICHI002::G07::BRD-K32972437,BRD-K32972437,brd-k32972437,brd-k32972437
L1000,L1000::vorinostat::NALM6::::24H::10uM::AICHI002::G13::BRD-K81418486,vorinostat,brd-k81418486,vorinostat
L1000,L1000::vorinostat::NALM6::::24H::2.5uM::AICHI002::G14::BRD-K81418486,vorinostat,brd-k81418486,vorinostat
L1000,L1000::MK-2206::NALM6::::24H::0.01uM::AICHI002::H18::BRD-K68065987,MK-2206,brd-k68065987,mk-2206
L1000,L1000::OTS-167::HEK293::::24H::0.37uM::REP.A016::O10::BRD-K53417444,OTS-167,brd-k53417444,ots-167
L1000,L1000::OTS-167::HEK293::::24H::1.11uM::REP.A016::O09::BRD-K53417444,OTS-167,brd-k53417444,ots-167
L1000,L1000::OTS-167::HEK293::::24H::0.125uM::REP.A016::O11::BRD-K53417444,OTS-167,brd-k53417444,ots-167
L1000,L1000::OTS-167::HEK293::::24H::3.33uM::REP.A016::O08::BRD-K53417444,OTS-167,brd-k53417444,ots-167
L1000,L1000::MK-1775::HEK293::::24H::10uM::REP.A016::I19::BRD-K54256913,MK-1775,brd-k54256913,mk-1775
L1000,L1000::MK-1775::HEK293::::24H::1.11uM::REP.A016::I21::BRD-K54256913,MK-1775,brd-k54256913,mk-1775
L1000,L1000::OTS-167::HEK293::::24H::0.04uM::REP.A016::O12::BRD-K53417444,OTS-167,brd-k53417444,ots-167
L1000,L1000::econazole::HEK293::::24H::10uM::REP.A016::D13::BRD-A51820102,econazole,brd-a51820102,econazole
L1000,L1000::tacedinaline::HEK293::::24H::3.33uM::REP.A016::E08::BRD-K52313696,tacedinaline,brd-k52313696,tacedinaline
L1000,L1000::MK-1775::HEK293::::24H::0.37uM::REP.A016::I22::BRD-K54256913,MK-1775,brd-k54256913,mk-1775
L1000,L1000::MK-1775::HEK293::::24H::3.33uM::REP.A016::I20::BRD-K54256913,MK-1775,brd-k54256913,mk-1775
L1000,L1000::palbociclib::HEK293::::24H::10uM::REP.A016::A19::BRD-K51313569,palbociclib,brd-k51313569,palbociclib
L1000,L1000::OTS-167::HEK293::::24H::10uM::REP.A016::O07::BRD-K53417444,OTS-167,brd-k53417444,ots-167
L1000,L1000::tacedinaline::HEK293::::24H::10uM::REP.A016::E07::BRD-K52313696,tacedinaline,brd-k52313696,tacedinaline
L1000,L1000::brequinar::MCF7::::24H::3.33uM::REP.A028::K20::BRD-K96123349,brequinar,brd-k96123349,brequinar
L1000,L1000::brequinar::MCF7::::24H::10uM::REP.A028::K19::BRD-K96123349,brequinar,brd-k96123349,brequinar
L1000,L1000::brequinar::MCF7::::24H::1.11uM::REP.A028::K21::BRD-K96123349,brequinar,brd-k96123349,brequinar
L1000,L1000::bexarotene::MCF7::::24H::0.04uM::REP.A028::A18::BRD-K92441787,bexarotene,brd-k92441787,bexarotene
L1000,L1000::brequinar::MCF7::::24H::0.37uM::REP.A028::K22::BRD-K96123349,brequinar,brd-k96123349,brequinar
L1000,L1000::LY-2090314::MDAMB231::::24H::0.74uM::REP.B024::L14::BRD-K78055238,LY-2090314,brd-k78055238,ly-2090314
L1000,L1000::LY-2090314::MDAMB231::::24H::0.25uM::REP.B024::L15::BRD-K78055238,LY-2090314,brd-k78055238,ly-2090314
L1000,L1000::LY-2090314::MDAMB231::::24H::2.22uM::REP.B024::L13::BRD-K78055238,LY-2090314,brd-k78055238,ly-2090314
L1000,L1000::LY-2090314::MDAMB231::::24H::0.08uM::REP.B024::L16::BRD-K78055238,LY-2090314,brd-k78055238,ly-2090314
L1000,L1000::I-BET-151::HA1E::::24H::10uM::LJP008::K01::BRD-K36363294,I-BET-151,brd-k36363294,i-bet-151
L1000,L1000::mocetinostat::HA1E::::24H::0.04uM::LJP008::I12::BRD-K16485616,mocetinostat,brd-k16485616,mocetinostat
L1000,L1000::I-BET-762::HA1E::::24H::10uM::LJP008::I01::BRD-K08109215,I-BET-762,brd-k08109215,i-bet-762
L1000,L1000::olaparib::HA1E::::24H::10uM::LJP008::D01::BRD-K02113016,olaparib,brd-k02113016,olaparib
L1000,L1000::mocetinostat::HA1E::::24H::3.33uM::LJP008::I08::BRD-K16485616,mocetinostat,brd-k16485616,mocetinostat
L1000,L1000::MK-1775::HA1E::::24H::10uM::LJP008::A19::BRD-K54256913,MK-1775,brd-k54256913,mk-1775
L1000,L1000::ACY-1215::HA1E::::24H::10uM::LJP008::F01::BRD-K82928847,ACY-1215,brd-k82928847,acy-1215
L1000,L1000::mocetinostat::HA1E::::24H::1.11uM::LJP008::I09::BRD-K16485616,mocetinostat,brd-k16485616,mocetinostat
L1000,L1000::vorinostat::HA1E::::24H::3.33uM::LJP008::G08::BRD-K81418486,vorinostat,brd-k81418486,vorinostat
L1000,L1000::mocetinostat::HA1E::::24H::10uM::LJP008::I07::BRD-K16485616,mocetinostat,brd-k16485616,mocetinostat
L1000,L1000::vorinostat::HA1E::::24H::10uM::LJP008::A03::BRD-K81418486,vorinostat,brd-k81418486,vorinostat
L1000,L1000::ACY-1215::HA1E::::24H::0.12uM::LJP008::F05::BRD-K82928847,ACY-1215,brd-k82928847,acy-1215
L1000,L1000::MK-1775::HA1E::::24H::3.33uM::LJP008::A20::BRD-K54256913,MK-1775,brd-k54256913,mk-1775
L1000,L1000::BIX-01294::HA1E::::24H::10uM::LJP008::I13::BRD-K26818574,BIX-01294,brd-k26818574,bix-01294
L1000,L1000::VE-821::HA1E::::24H::10uM::LJP008::P07::BRD-K26756394,VE-821,brd-k26756394,ve-821
L1000,L1000::NU-7026::HA1E::::24H::0.04uM::LJP008::O24::BRD-K09537769,NU-7026,brd-k09537769,nu-7026
L1000,L1000::BRD-A20106178::HT29::::24H::50uM::GMB001::A17::BRD-A20106178,BRD-A20106178,brd-a20106178,brd-a20106178
L1000,L1000::troglitazone::HT29::::24H::10uM::GMB001::G05::BRD-A13084692,troglitazone,brd-a13084692,troglitazone
L1000,L1000::BRD-K09208538::HT29::::24H::50uM::GMB001::E09::BRD-K09208538,BRD-K09208538,brd-k09208538,brd-k09208538
L1000,L1000::ramatroban::PC3::::24H::0.25uM::REP.B005::D15::BRD-K08586861,ramatroban,brd-k08586861,ramatroban
L1000,L1000::verapamil::PC3::::24H::2.22uM::REP.B005::J01::BRD-A09533288,verapamil,brd-a09533288,verapamil
L1000,L1000::dabrafenib::PC3::::24H::0.74uM::REP.B005::I20::BRD-K09951645,dabrafenib,brd-k09951645,dabrafenib
L1000,L1000::tolcapone::PC3::::24H::0.03uM::REP.B005::K23::BRD-K10852020,tolcapone,brd-k10852020,tolcapone
L1000,L1000::alectinib::PC3::::24H::2.22uM::REP.B005::P07::BRD-K11267252,alectinib,brd-k11267252,alectinib
L1000,L1000::I-BET-762::PC3::::24H::0.25uM::REP.B005::A21::BRD-K08109215,I-BET-762,brd-k08109215,i-bet-762
L1000,L1000::dabrafenib::PC3::::24H::2.22uM::REP.B005::I19::BRD-K09951645,dabrafenib,brd-k09951645,dabrafenib
L1000,L1000::gemfibrozil::PC3::::24H::0.25uM::REP.B005::M21::BRD-K11129031,gemfibrozil,brd-k11129031,gemfibrozil
L1000,L1000::I-BET-762::PC3::::24H::0.74uM::REP.B005::A20::BRD-K08109215,I-BET-762,brd-k08109215,i-bet-762
L1000,L1000::I-BET-762::PC3::::24H::2.22uM::REP.B005::A19::BRD-K08109215,I-BET-762,brd-k08109215,i-bet-762
L1000,L1000::MRS-1220::SKNSH::::24H::10uM::TAA001::K13::BRD-K37618799,MRS-1220,brd-k37618799,mrs-1220
L1000,L1000::vorinostat::SKNSH::::24H::1.11uM::TAA001::C21::BRD-K81418486,vorinostat,brd-k81418486,vorinostat
L1000,L1000::vorinostat::SKNSH::::24H::1.11uM::TAA001::N15::BRD-K81418486,vorinostat,brd-k81418486,vorinostat
L1000,L1000::BRD-K75813135::SKNSH::::24H::10uM::TAA001::F13::BRD-K75813135,BRD-K75813135,brd-k75813135,brd-k75813135
L1000,L1000::vorinostat::SKNSH::::24H::3.33uM::TAA001::C20::BRD-K81418486,vorinostat,brd-k81418486,vorinostat
L1000,L1000::vorinostat::SKNSH::::24H::10uM::TAA001::C19::BRD-K81418486,vorinostat,brd-k81418486,vorinostat
L1000,L1000::WIN-552122::SKNSH::::24H::10uM::TAA001::K19::BRD-K88282786,WIN-552122,brd-k88282786,win-552122
L1000,L1000::BRD-K75813135::SKNSH::::24H::3.33uM::TAA001::F14::BRD-K75813135,BRD-K75813135,brd-k75813135,brd-k75813135
L1000,L1000::vorinostat::SKNSH::::24H::3.33uM::TAA001::N14::BRD-K81418486,vorinostat,brd-k81418486,vorinostat
L1000,L1000::vorinostat::SKNSH::::24H::10uM::TAA001::N13::BRD-K81418486,vorinostat,brd-k81418486,vorinostat
L1000,L1000::ICI-174864::SKNSH::::24H::1.11uM::TAA001::P03::BRD-K96613860,ICI-174864,brd-k96613860,ici-174864
L1000,L1000::brequinar::MDAMB231::::24H::10uM::REP.A028::K19::BRD-K96123349,brequinar,brd-k96123349,brequinar
L1000,L1000::brequinar::MDAMB231::::24H::3.33uM::REP.A028::K20::BRD-K96123349,brequinar,brd-k96123349,brequinar
L1000,L1000::brequinar::MDAMB231::::24H::1.11uM::REP.A028::K21::BRD-K96123349,brequinar,brd-k96123349,brequinar
L1000,L1000::bexarotene::MDAMB231::::24H::3.33uM::REP.A028::A14::BRD-K92441787,bexarotene,brd-k92441787,bexarotene
L1000,L1000::bexarotene::MDAMB231::::24H::10uM::REP.A028::A13::BRD-K92441787,bexarotene,brd-k92441787,bexarotene
L1000,L1000::MLN-0128::A375::::24H::3.33uM::REP.A015::L02::BRD-K59317601,MLN-0128,brd-k59317601,mln-0128
L1000,L1000::selumetinib::A375::::24H::3.33uM::REP.A015::E20::BRD-K57080016,selumetinib,brd-k57080016,selumetinib
L1000,L1000::mebendazole::A375::::24H::3.33uM::REP.A015::I02::BRD-K77987382,mebendazole,brd-k77987382,mebendazole
L1000,L1000::selumetinib::A375::::24H::1.11uM::REP.A015::E21::BRD-K57080016,selumetinib,brd-k57080016,selumetinib
L1000,L1000::gliclazide::A375::::24H::1.11uM::REP.A015::P03::BRD-A61154809,gliclazide,brd-a61154809,gliclazide
L1000,L1000::MLN-0128::A375::::24H::1.11uM::REP.A015::L03::BRD-K59317601,MLN-0128,brd-k59317601,mln-0128
L1000,L1000::MLN-0128::A375::::24H::0.125uM::REP.A015::L05::BRD-K59317601,MLN-0128,brd-k59317601,mln-0128
L1000,L1000::MLN-0128::A375::::24H::0.04uM::REP.A015::L06::BRD-K59317601,MLN-0128,brd-k59317601,mln-0128
L1000,L1000::vemurafenib::A375::::24H::0.37uM::REP.A015::D16::BRD-K56343971,vemurafenib,brd-k56343971,vemurafenib
L1000,L1000::mebendazole::A375::::24H::10uM::REP.A015::I01::BRD-K77987382,mebendazole,brd-k77987382,mebendazole
L1000,L1000::vemurafenib::A375::::24H::3.33uM::REP.A015::D14::BRD-K56343971,vemurafenib,brd-k56343971,vemurafenib
L1000,L1000::selumetinib::A375::::24H::0.125uM::REP.A015::E23::BRD-K57080016,selumetinib,brd-k57080016,selumetinib
L1000,L1000::vemurafenib::A375::::24H::10uM::REP.A015::D13::BRD-K56343971,vemurafenib,brd-k56343971,vemurafenib
L1000,L1000::ABT-737::A375::::24H::10uM::REP.A015::D07::BRD-K56301217,ABT-737,brd-k56301217,abt-737
L1000,L1000::vemurafenib::A375::::24H::1.11uM::REP.A015::D15::BRD-K56343971,vemurafenib,brd-k56343971,vemurafenib
L1000,L1000::MLN-0128::A375::::24H::0.37uM::REP.A015::L04::BRD-K59317601,MLN-0128,brd-k59317601,mln-0128
L1000,L1000::selumetinib::A375::::24H::0.37uM::REP.A015::E22::BRD-K57080016,selumetinib,brd-k57080016,selumetinib
L1000,L1000::selumetinib::A375::::24H::0.04uM::REP.A015::E24::BRD-K57080016,selumetinib,brd-k57080016,selumetinib
L1000,L1000::oxiconazole::A375::::24H::0.04uM::REP.A015::C06::BRD-K56104152,oxiconazole,brd-k56104152,oxiconazole
L1000,L1000::selumetinib::A375::::24H::10uM::REP.A015::E19::BRD-K57080016,selumetinib,brd-k57080016,selumetinib
L1000,L1000::CYT-387::PC3::::24H::10uM::REP.A026::B13::BRD-K87737963,CYT-387,brd-k87737963,cyt-387
L1000,L1000::alvocidib::PC3::::24H::1.11uM::REP.A026::B21::BRD-K87909389,alvocidib,brd-k87909389,alvocidib
L1000,L1000::alvocidib::PC3::::24H::0.37uM::REP.A026::B22::BRD-K87909389,alvocidib,brd-k87909389,alvocidib
L1000,L1000::alvocidib::PC3::::24H::10uM::REP.A026::B19::BRD-K87909389,alvocidib,brd-k87909389,alvocidib
L1000,L1000::alvocidib::PC3::::24H::3.33uM::REP.A026::B20::BRD-K87909389,alvocidib,brd-k87909389,alvocidib
L1000,L1000::vorinostat::HT29::::24H::10uM::PBIOA014::O01::BRD-K81418486,vorinostat,brd-k81418486,vorinostat
L1000,L1000::dasatinib::HT29::::24H::3.33uM::PBIOA014::K14::BRD-K49328571,dasatinib,brd-k49328571,dasatinib
L1000,L1000::dasatinib::HT29::::24H::10uM::PBIOA014::K13::BRD-K49328571,dasatinib,brd-k49328571,dasatinib
L1000,L1000::TPCA-1::HT29::::24H::10uM::PBIOA014::I01::BRD-K51575138,TPCA-1,brd-k51575138,tpca-1
L1000,L1000::PF-04691502::A549::::24H::0.74uM::REP.B011::N08::BRD-K07310275,PF-04691502,brd-k07310275,pf-04691502
L1000,L1000::PF-04691502::A549::::24H::2.22uM::REP.B011::N07::BRD-K07310275,PF-04691502,brd-k07310275,pf-04691502
L1000,L1000::mocetinostat::SKL::::24H::3.33uM::LJP008::I08::BRD-K16485616,mocetinostat,brd-k16485616,mocetinostat
L1000,L1000::mocetinostat::SKL::::24H::10uM::LJP008::I07::BRD-K16485616,mocetinostat,brd-k16485616,mocetinostat
L1000,L1000::I-BET-151::SKL::::24H::10uM::LJP008::K01::BRD-K36363294,I-BET-151,brd-k36363294,i-bet-151
L1000,L1000::ACY-1215::SKL::::24H::10uM::LJP008::F01::BRD-K82928847,ACY-1215,brd-k82928847,acy-1215
L1000,L1000::MK-1775::SKL::::24H::0.37uM::LJP008::A22::BRD-K54256913,MK-1775,brd-k54256913,mk-1775
L1000,L1000::dasatinib::SKL::::24H::0.37uM::LJP008::G16::BRD-K49328571,dasatinib,brd-k49328571,dasatinib
L1000,L1000::I-BET-762::SKL::::24H::10uM::LJP008::I01::BRD-K08109215,I-BET-762,brd-k08109215,i-bet-762
L1000,L1000::CGP-60474::SKL::::24H::0.04uM::LJP008::C24::BRD-K79090631,CGP-60474,brd-k79090631,cgp-60474
L1000,L1000::I-BET-762::SKL::::24H::3.33uM::LJP008::I02::BRD-K08109215,I-BET-762,brd-k08109215,i-bet-762
L1000,L1000::vorinostat::SKL::::24H::10uM::LJP008::G07::BRD-K81418486,vorinostat,brd-k81418486,vorinostat
L1000,L1000::ABT-737::SKL::::24H::10uM::LJP008::E01::BRD-K56301217,ABT-737,brd-k56301217,abt-737
L1000,L1000::CGP-60474::SKL::::24H::10uM::LJP008::C19::BRD-K79090631,CGP-60474,brd-k79090631,cgp-60474
L1000,L1000::mocetinostat::SKL::::24H::1.11uM::LJP008::I09::BRD-K16485616,mocetinostat,brd-k16485616,mocetinostat
L1000,L1000::dasatinib::SKL::::24H::0.04uM::LJP008::G18::BRD-K49328571,dasatinib,brd-k49328571,dasatinib
L1000,L1000::dasatinib::SKL::::24H::10uM::LJP008::G13::BRD-K49328571,dasatinib,brd-k49328571,dasatinib
L1000,L1000::ABT-737::SKL::::24H::3.33uM::LJP008::E02::BRD-K56301217,ABT-737,brd-k56301217,abt-737
L1000,L1000::MK-1775::SKL::::24H::10uM::LJP008::A19::BRD-K54256913,MK-1775,brd-k54256913,mk-1775
L1000,L1000::vorinostat::SKL::::24H::10uM::LJP008::A03::BRD-K81418486,vorinostat,brd-k81418486,vorinostat
L1000,L1000::MK-1775::SKL::::24H::0.12uM::LJP008::A23::BRD-K54256913,MK-1775,brd-k54256913,mk-1775
L1000,L1000::dasatinib::SKL::::24H::1.11uM::LJP008::G15::BRD-K49328571,dasatinib,brd-k49328571,dasatinib
L1000,L1000::I-BET-151::SKL::::24H::3.33uM::LJP008::K02::BRD-K36363294,I-BET-151,brd-k36363294,i-bet-151
L1000,L1000::CGP-60474::SKL::::24H::0.37uM::LJP008::C22::BRD-K79090631,CGP-60474,brd-k79090631,cgp-60474
L1000,L1000::PFI-1::SKL::::24H::10uM::LJP008::G01::BRD-K13094524,PFI-1,brd-k13094524,pfi-1
L1000,L1000::dasatinib::SKL::::24H::0.12uM::LJP008::G17::BRD-K49328571,dasatinib,brd-k49328571,dasatinib
L1000,L1000::dasatinib::SKL::::24H::3.33uM::LJP008::G14::BRD-K49328571,dasatinib,brd-k49328571,dasatinib
L1000,L1000::BIX-01294::SKL::::24H::10uM::LJP008::I13::BRD-K26818574,BIX-01294,brd-k26818574,bix-01294
L1000,L1000::UNC-0638::SKL::::24H::10uM::LJP008::M07::BRD-K86856088,UNC-0638,brd-k86856088,unc-0638
L1000,L1000::MK-1775::SKL::::24H::1.11uM::LJP008::A21::BRD-K54256913,MK-1775,brd-k54256913,mk-1775
L1000,L1000::CGP-60474::SKL::::24H::1.11uM::LJP008::C21::BRD-K79090631,CGP-60474,brd-k79090631,cgp-60474
L1000,L1000::rosiglitazone::PC3::::24H::10uM::REP.A028::P07::BRD-A97437073,rosiglitazone,brd-a97437073,rosiglitazone
L1000,L1000::brequinar::PC3::::24H::3.33uM::REP.A028::K20::BRD-K96123349,brequinar,brd-k96123349,brequinar
L1000,L1000::rosiglitazone::PC3::::24H::0.37uM::REP.A028::P10::BRD-A97437073,rosiglitazone,brd-a97437073,rosiglitazone
L1000,L1000::brequinar::PC3::::24H::1.11uM::REP.A028::K21::BRD-K96123349,brequinar,brd-k96123349,brequinar
L1000,L1000::cytochalasin-b::HA1E::::24H::1.11uM::PBIOA015::I21::BRD-K26664453,cytochalasin-b,brd-k26664453,cytochalasin-b
L1000,L1000::ciclopirox::HA1E::::24H::3.33uM::PBIOA015::N08::BRD-K13044802,ciclopirox,brd-k13044802,ciclopirox
L1000,L1000::vorinostat::HA1E::::24H::10uM::PBIOA015::O01::BRD-K81418486,vorinostat,brd-k81418486,vorinostat
L1000,L1000::cytochalasin-b::HA1E::::24H::3.33uM::PBIOA015::I20::BRD-K26664453,cytochalasin-b,brd-k26664453,cytochalasin-b
L1000,L1000::vemurafenib::HA1E::::24H::3.33uM::PBIOA015::M02::BRD-K56343971,vemurafenib,brd-k56343971,vemurafenib
L1000,L1000::R-428::HA1E::::24H::10uM::PBIOA015::J01::BRD-K14870255,R-428,brd-k14870255,r-428
L1000,L1000::ciclopirox::HA1E::::24H::10uM::PBIOA015::N07::BRD-K13044802,ciclopirox,brd-k13044802,ciclopirox
L1000,L1000::alsterpaullone::HA1E::::24H::0.125uM::PBIOA015::L11::BRD-K17516382,alsterpaullone,brd-k17516382,alsterpaullone
L1000,L1000::cytochalasin-b::HA1E::::24H::10uM::PBIOA015::I19::BRD-K26664453,cytochalasin-b,brd-k26664453,cytochalasin-b
L1000,L1000::midostaurin::HA1E::::24H::3.33uM::PBIOA015::O20::BRD-K13646352,midostaurin,brd-k13646352,midostaurin
L1000,L1000::vemurafenib::HA1E::::24H::10uM::PBIOA015::M01::BRD-K56343971,vemurafenib,brd-k56343971,vemurafenib
L1000,L1000::midostaurin::HA1E::::24H::10uM::PBIOA015::O19::BRD-K13646352,midostaurin,brd-k13646352,midostaurin
L1000,L1000::midostaurin::HA1E::::24H::1.11uM::PBIOA015::O21::BRD-K13646352,midostaurin,brd-k13646352,midostaurin
L1000,L1000::alsterpaullone::HA1E::::24H::3.33uM::PBIOA015::L08::BRD-K17516382,alsterpaullone,brd-k17516382,alsterpaullone
L1000,L1000::midostaurin::HA1E::::24H::0.37uM::PBIOA015::O22::BRD-K13646352,midostaurin,brd-k13646352,midostaurin
L1000,L1000::BRD-K13552602::HA1E::::24H::10uM::PBIOA015::B19::BRD-K13552602,BRD-K13552602,brd-k13552602,brd-k13552602
L1000,L1000::R-428::HA1E::::24H::0.125uM::PBIOA015::J05::BRD-K14870255,R-428,brd-k14870255,r-428
L1000,L1000::BRD-K28527676::HA1E::::24H::0.04uM::PBIOA015::P06::BRD-K28527676,BRD-K28527676,brd-k28527676,brd-k28527676
L1000,L1000::alsterpaullone::HA1E::::24H::1.11uM::PBIOA015::L09::BRD-K17516382,alsterpaullone,brd-k17516382,alsterpaullone
L1000,L1000::BRD-K87550320::PC3::::24H::10uM::PBIOA016::G01::BRD-K87550320,BRD-K87550320,brd-k87550320,brd-k87550320
L1000,L1000::AZD-7762::PC3::::24H::3.33uM::PBIOA016::I08::BRD-K86525559,AZD-7762,brd-k86525559,azd-7762
L1000,L1000::troglitazone::PC3::::24H::10uM::PBIOA016::K10::BRD-A13084692,troglitazone,brd-a13084692,troglitazone
L1000,L1000::vorinostat::PC3::::24H::10uM::PBIOA016::O01::BRD-K81418486,vorinostat,brd-k81418486,vorinostat
L1000,L1000::AZD-7762::PC3::::24H::10uM::PBIOA016::I07::BRD-K86525559,AZD-7762,brd-k86525559,azd-7762
L1000,L1000::olaparib::PC3::::24H::3.33uM::PBIOA016::G08::BRD-K02113016,olaparib,brd-k02113016,olaparib
L1000,L1000::BRD-K38028643::PC3::::24H::0.04uM::PBIOA016::P24::BRD-K38028643,BRD-K38028643,brd-k38028643,brd-k38028643
L1000,L1000::trifluoperazine::PC3::::24H::10uM::PBIOA016::B07::BRD-K89732114,trifluoperazine,brd-k89732114,trifluoperazine
L1000,L1000::BI-2536::A549::::6H::10uM::ASG003::D04::BRD-K64890080,BI-2536,brd-k64890080,bi-2536
L1000,L1000::panobinostat::A549::::6H::0.12uM::ASG003::P03::BRD-K02130563,panobinostat,brd-k02130563,panobinostat
L1000,L1000::palbociclib::A549::::6H::0.12uM::ASG003::K18::BRD-K51313569,palbociclib,brd-k51313569,palbociclib
L1000,L1000::BI-2536::A549::::6H::1.11uM::ASG003::D05::BRD-K64890080,BI-2536,brd-k64890080,bi-2536
L1000,L1000::palbociclib::A549::::6H::10uM::ASG003::K16::BRD-K51313569,palbociclib,brd-k51313569,palbociclib
L1000,L1000::vorinostat::A549::::6H::1.11uM::ASG003::F05::BRD-K81418486,vorinostat,brd-k81418486,vorinostat
L1000,L1000::trametinib::A549::::6H::1.11uM::ASG003::N17::BRD-K12343256,trametinib,brd-k12343256,trametinib
L1000,L1000::vorinostat::A549::::6H::0.12uM::ASG003::F06::BRD-K81418486,vorinostat,brd-k81418486,vorinostat
L1000,L1000::alvocidib::A549::::6H::0.12uM::ASG003::J21::BRD-K87909389,alvocidib,brd-k87909389,alvocidib
L1000,L1000::AZ-628::A549::::6H::1.11uM::ASG003::J14::BRD-K05804044,AZ-628,brd-k05804044,az-628
L1000,L1000::nocodazole::A549::::6H::1.11uM::ASG003::I02::BRD-K12539581,nocodazole,brd-k12539581,nocodazole
L1000,L1000::ponatinib::A549::::6H::1.11uM::ASG003::P14::BRD-K44227013,ponatinib,brd-k44227013,ponatinib
L1000,L1000::panobinostat::A549::::6H::10uM::ASG003::P01::BRD-K02130563,panobinostat,brd-k02130563,panobinostat
L1000,L1000::RITA::A549::::6H::10uM::ASG003::A22::BRD-K00317371,RITA,brd-k00317371,rita
L1000,L1000::thioridazine::A549::::6H::10uM::ASG003::M01::BRD-A84481105,thioridazine,brd-a84481105,thioridazine
L1000,L1000::imatinib::A549::::6H::10uM::ASG003::K04::BRD-K92723993,imatinib,brd-k92723993,imatinib
L1000,L1000::ABT-737::A549::::6H::1.11uM::ASG003::L02::BRD-K56301217,ABT-737,brd-k56301217,abt-737
L1000,L1000::trametinib::A549::::6H::0.12uM::ASG003::N18::BRD-K12343256,trametinib,brd-k12343256,trametinib
L1000,L1000::RITA::A549::::6H::0.12uM::ASG003::A24::BRD-K00317371,RITA,brd-k00317371,rita
L1000,L1000::dasatinib::A549::::6H::10uM::ASG003::N01::BRD-K49328571,dasatinib,brd-k49328571,dasatinib
L1000,L1000::erlotinib::A549::::6H::10uM::ASG003::B16::BRD-K70401845,erlotinib,brd-k70401845,erlotinib
L1000,L1000::RITA::A549::::6H::1.11uM::ASG003::A23::BRD-K00317371,RITA,brd-k00317371,rita
L1000,L1000::GDC-0199::A549::::6H::10uM::ASG003::F01::BRD-K62391742,GDC-0199,brd-k62391742,gdc-0199
L1000,L1000::dasatinib::A549::::6H::1.11uM::ASG003::N02::BRD-K49328571,dasatinib,brd-k49328571,dasatinib
L1000,L1000::AZ-628::A549::::6H::10uM::ASG003::J13::BRD-K05804044,AZ-628,brd-k05804044,az-628
L1000,L1000::trametinib::A549::::6H::10uM::ASG003::N16::BRD-K12343256,trametinib,brd-k12343256,trametinib
L1000,L1000::PI-103::A549::::6H::10uM::ASG003::F13::BRD-K67868012,PI-103,brd-k67868012,pi-103
L1000,L1000::olaparib::A549::::6H::10uM::ASG003::D07::BRD-K02113016,olaparib,brd-k02113016,olaparib
L1000,L1000::raloxifene::A549::::6H::10uM::ASG003::I13::BRD-K63828191,raloxifene,brd-k63828191,raloxifene
L1000,L1000::tandutinib::A549::::6H::10uM::ASG003::D13::BRD-K89162000,tandutinib,brd-k89162000,tandutinib
L1000,L1000::lapatinib::A549::::6H::10uM::ASG003::O07::BRD-K19687926,lapatinib,brd-k19687926,lapatinib
L1000,L1000::vandetanib::A549::::6H::10uM::ASG003::N22::BRD-K77625799,vandetanib,brd-k77625799,vandetanib
L1000,L1000::alvocidib::A549::::6H::10uM::ASG003::J19::BRD-K87909389,alvocidib,brd-k87909389,alvocidib
L1000,L1000::ponatinib::A549::::6H::10uM::ASG003::P13::BRD-K44227013,ponatinib,brd-k44227013,ponatinib
L1000,L1000::vemurafenib::A549::::6H::10uM::ASG003::H07::BRD-K56343971,vemurafenib,brd-k56343971,vemurafenib
L1000,L1000::selumetinib::A549::::6H::10uM::ASG003::E04::BRD-K57080016,selumetinib,brd-k57080016,selumetinib
L1000,L1000::trifluoperazine::A549::::6H::10uM::ASG003::P19::BRD-K89732114,trifluoperazine,brd-k89732114,trifluoperazine
L1000,L1000::ABT-737::A549::::6H::10uM::ASG003::L01::BRD-K56301217,ABT-737,brd-k56301217,abt-737
L1000,L1000::alvocidib::A549::::6H::1.11uM::ASG003::J20::BRD-K87909389,alvocidib,brd-k87909389,alvocidib
L1000,L1000::panobinostat::A549::::6H::1.11uM::ASG003::P02::BRD-K02130563,panobinostat,brd-k02130563,panobinostat
L1000,L1000::ponatinib::A549::::6H::0.12uM::ASG003::P15::BRD-K44227013,ponatinib,brd-k44227013,ponatinib
L1000,L1000::amlodipine::A549::::6H::10uM::ASG003::G04::BRD-A22032524,amlodipine,brd-a22032524,amlodipine
L1000,L1000::masitinib::A549::::6H::10uM::ASG003::P22::BRD-K71035033,masitinib,brd-k71035033,masitinib
L1000,L1000::gefitinib::A549::::6H::10uM::ASG003::C13::BRD-K64052750,gefitinib,brd-k64052750,gefitinib
L1000,L1000::nocodazole::A549::::6H::10uM::ASG003::I01::BRD-K12539581,nocodazole,brd-k12539581,nocodazole
L1000,L1000::vorinostat::A549::::6H::10uM::ASG003::F04::BRD-K81418486,vorinostat,brd-k81418486,vorinostat
L1000,L1000::palbociclib::A549::::6H::1.11uM::ASG003::K17::BRD-K51313569,palbociclib,brd-k51313569,palbociclib
L1000,L1000::AZ-628::A549::::6H::0.12uM::ASG003::J15::BRD-K05804044,AZ-628,brd-k05804044,az-628
L1000,L1000::lomerizine::A549::::6H::10uM::ASG003::L19::BRD-K62858456,lomerizine,brd-k62858456,lomerizine
L1000,L1000::JNJ-7706621::A549::::6H::10uM::ASG003::L22::BRD-K11636097,JNJ-7706621,brd-k11636097,jnj-7706621
L1000,L1000::colchicine::HT29::::24H::2.22uM::REP.B012::A19::BRD-K00259736,colchicine,brd-k00259736,colchicine
L1000,L1000::colchicine::HT29::::24H::0.74uM::REP.B012::A20::BRD-K00259736,colchicine,brd-k00259736,colchicine
L1000,L1000::colchicine::HT29::::24H::0.25uM::REP.B012::A21::BRD-K00259736,colchicine,brd-k00259736,colchicine
L1000,L1000::colchicine::HT29::::24H::0.08uM::REP.B012::A22::BRD-K00259736,colchicine,brd-k00259736,colchicine
L1000,L1000::foretinib::HT29::::24H::2.22uM::REP.B012::P19::BRD-K03449891,foretinib,brd-k03449891,foretinib
L1000,L1000::PF-04691502::A375::::24H::0.125uM::REP.A011::N11::BRD-K07310275,PF-04691502,brd-k07310275,pf-04691502
L1000,L1000::PD-184352::A375::::24H::10uM::REP.A011::E01::BRD-K05104363,PD-184352,brd-k05104363,pd-184352
L1000,L1000::AZ-628::A375::::24H::0.125uM::REP.A011::H11::BRD-K05804044,AZ-628,brd-k05804044,az-628
L1000,L1000::AZ-628::A375::::24H::10uM::REP.A011::H07::BRD-K05804044,AZ-628,brd-k05804044,az-628
L1000,L1000::PF-04691502::A375::::24H::3.33uM::REP.A011::N08::BRD-K07310275,PF-04691502,brd-k07310275,pf-04691502
L1000,L1000::AZ-628::A375::::24H::0.37uM::REP.A011::H10::BRD-K05804044,AZ-628,brd-k05804044,az-628
L1000,L1000::PD-184352::A375::::24H::0.125uM::REP.A011::E05::BRD-K05104363,PD-184352,brd-k05104363,pd-184352
L1000,L1000::PF-04691502::A375::::24H::10uM::REP.A011::N07::BRD-K07310275,PF-04691502,brd-k07310275,pf-04691502
L1000,L1000::PD-184352::A375::::24H::1.11uM::REP.A011::E03::BRD-K05104363,PD-184352,brd-k05104363,pd-184352
L1000,L1000::AZ-628::A375::::24H::3.33uM::REP.A011::H08::BRD-K05804044,AZ-628,brd-k05804044,az-628
L1000,L1000::luteolin::A375::::24H::10uM::REP.A011::E07::BRD-K05236810,luteolin,brd-k05236810,luteolin
L1000,L1000::PD-184352::A375::::24H::3.33uM::REP.A011::E02::BRD-K05104363,PD-184352,brd-k05104363,pd-184352
L1000,L1000::AZ-628::A375::::24H::1.11uM::REP.A011::H09::BRD-K05804044,AZ-628,brd-k05804044,az-628
L1000,L1000::PF-04691502::A375::::24H::0.37uM::REP.A011::N10::BRD-K07310275,PF-04691502,brd-k07310275,pf-04691502
L1000,L1000::PF-04691502::A375::::24H::1.11uM::REP.A011::N09::BRD-K07310275,PF-04691502,brd-k07310275,pf-04691502
L1000,L1000::PD-184352::A375::::24H::0.37uM::REP.A011::E04::BRD-K05104363,PD-184352,brd-k05104363,pd-184352
L1000,L1000::BRD-A04287157::XC.L10::::24H::20uM::PBIOA004::P19::BRD-A04287157,BRD-A04287157,brd-a04287157,brd-a04287157
L1000,L1000::panobinostat::XC.L10::::24H::3.33uM::PBIOA004::I02::BRD-K02130563,panobinostat,brd-k02130563,panobinostat
L1000,L1000::trametinib::XC.L10::::24H::20uM::PBIOA004::K04::BRD-K12343256,trametinib,brd-k12343256,trametinib
L1000,L1000::trifluoperazine::XC.L10::::24H::12.5uM::PBIOA004::F13::BRD-K89732114,trifluoperazine,brd-k89732114,trifluoperazine
L1000,L1000::AZD-7762::XC.L10::::24H::10uM::PBIOA004::I19::BRD-K86525559,AZD-7762,brd-k86525559,azd-7762
L1000,L1000::panobinostat::XC.L10::::24H::1.11uM::PBIOA004::I03::BRD-K02130563,panobinostat,brd-k02130563,panobinostat
L1000,L1000::BRD-K97651142::XC.L10::::24H::20uM::PBIOA004::G10::BRD-K97651142,BRD-K97651142,brd-k97651142,brd-k97651142
L1000,L1000::vorinostat::XC.L10::::24H::10uM::PBIOA004::O02::BRD-K81418486,vorinostat,brd-k81418486,vorinostat
L1000,L1000::BRD-A89407846::XC.L10::::24H::10uM::PBIOA004::C01::BRD-A89407846,BRD-A89407846,brd-a89407846,brd-a89407846
L1000,L1000::troglitazone::XC.L10::::24H::10uM::PBIOA004::K10::BRD-A13084692,troglitazone,brd-a13084692,troglitazone
L1000,L1000::AZD-7762::XC.L10::::24H::3.33uM::PBIOA004::I20::BRD-K86525559,AZD-7762,brd-k86525559,azd-7762
L1000,L1000::panobinostat::XC.L10::::24H::10uM::PBIOA004::I01::BRD-K02130563,panobinostat,brd-k02130563,panobinostat
L1000,L1000::trametinib::XC.L10::::24H::6.66uM::PBIOA004::K05::BRD-K12343256,trametinib,brd-k12343256,trametinib
L1000,L1000::trametinib::XC.L10::::24H::2.22uM::PBIOA004::K06::BRD-K12343256,trametinib,brd-k12343256,trametinib
L1000,L1000::BRD-K93830491::A549::::24H::10uM::DOSVAL004::G05::BRD-K93830491,BRD-K93830491,brd-k93830491,brd-k93830491
L1000,L1000::vorinostat::A549::::24H::10uM::DOSVAL004::G14::BRD-K81418486,vorinostat,brd-k81418486,vorinostat
L1000,L1000::BRD-K60738705::A549::::24H::4uM::DOSVAL004::E03::BRD-K60738705,BRD-K60738705,brd-k60738705,brd-k60738705
L1000,L1000::vorinostat::A549::::24H::20uM::DOSVAL004::G13::BRD-K81418486,vorinostat,brd-k81418486,vorinostat
L1000,L1000::BRD-K93830491::A549::::24H::20uM::DOSVAL004::G04::BRD-K93830491,BRD-K93830491,brd-k93830491,brd-k93830491
L1000,L1000::BRD-K93830491::A549::::24H::4uM::DOSVAL004::G06::BRD-K93830491,BRD-K93830491,brd-k93830491,brd-k93830491
L1000,L1000::vorinostat::A549::::24H::4uM::DOSVAL004::G15::BRD-K81418486,vorinostat,brd-k81418486,vorinostat
L1000,L1000::enzastaurin::THP1::::24H::0.25uM::REP.B024::P03::BRD-K79404599,enzastaurin,brd-k79404599,enzastaurin
L1000,L1000::IKK-2-inhibitor-V::THP1::::24H::2.22uM::REP.B024::C13::BRD-K74305673,IKK-2-inhibitor-V,brd-k74305673,ikk-2-inhibitor-v
L1000,L1000::LY-2090314::THP1::::24H::0.01uM::REP.B024::L18::BRD-K78055238,LY-2090314,brd-k78055238,ly-2090314
L1000,L1000::tazarotene::THP1::::24H::2.22uM::REP.B024::I13::BRD-K76841105,tazarotene,brd-k76841105,tazarotene
L1000,L1000::tazarotene::THP1::::24H::0.74uM::REP.B024::I14::BRD-K76841105,tazarotene,brd-k76841105,tazarotene
L1000,L1000::LY-2090314::THP1::::24H::2.22uM::REP.B024::L13::BRD-K78055238,LY-2090314,brd-k78055238,ly-2090314
L1000,L1000::amitriptyline::HA1E::::24H::10uM::REP.A007::L01::BRD-K53737926,amitriptyline,brd-k53737926,amitriptyline
L1000,L1000::PI-103::HA1E::::24H::10uM::REP.A007::P01::BRD-K67868012,PI-103,brd-k67868012,pi-103
L1000,L1000::siramesine::HA1E::::24H::10uM::REP.A007::H01::BRD-K51333959,siramesine,brd-k51333959,siramesine
L1000,L1000::pidotimod::HA1E::::24H::1.11uM::REP.A007::D15::BRD-K44442813,pidotimod,brd-k44442813,pidotimod
L1000,L1000::AEE-788::HA1E::::24H::1.11uM::REP.A007::F15::BRD-K40718343,AEE-788,brd-k40718343,aee-788
L1000,L1000::AEE-788::HA1E::::24H::3.33uM::REP.A007::F14::BRD-K40718343,AEE-788,brd-k40718343,aee-788
L1000,L1000::PI-103::HA1E::::24H::0.37uM::REP.A007::P04::BRD-K67868012,PI-103,brd-k67868012,pi-103
L1000,L1000::trifluoperazine::HA1E::::24H::10uM::REP.A007::M07::BRD-K89732114,trifluoperazine,brd-k89732114,trifluoperazine
L1000,L1000::toremifene::HA1E::::24H::10uM::REP.A007::G07::BRD-K51350053,toremifene,brd-k51350053,toremifene
L1000,L1000::AEE-788::HA1E::::24H::0.04uM::REP.A007::F18::BRD-K40718343,AEE-788,brd-k40718343,aee-788
L1000,L1000::PI-103::HA1E::::24H::1.11uM::REP.A007::P03::BRD-K67868012,PI-103,brd-k67868012,pi-103
L1000,L1000::GDC-0941::HA1E::::24H::10uM::REP.A007::I07::BRD-K52911425,GDC-0941,brd-k52911425,gdc-0941
L1000,L1000::PI-103::HA1E::::24H::3.33uM::REP.A007::P02::BRD-K67868012,PI-103,brd-k67868012,pi-103
L1000,L1000::AEE-788::HA1E::::24H::10uM::REP.A007::F13::BRD-K40718343,AEE-788,brd-k40718343,aee-788
L1000,L1000::PF-04691502::HA1E::::24H::3.33uM::REP.A011::N08::BRD-K07310275,PF-04691502,brd-k07310275,pf-04691502
L1000,L1000::PD-184352::HA1E::::24H::10uM::REP.A011::E01::BRD-K05104363,PD-184352,brd-k05104363,pd-184352
L1000,L1000::AZ-628::HA1E::::24H::3.33uM::REP.A011::H08::BRD-K05804044,AZ-628,brd-k05804044,az-628
L1000,L1000::AZ-628::HA1E::::24H::10uM::REP.A011::H07::BRD-K05804044,AZ-628,brd-k05804044,az-628
L1000,L1000::BMS-599626::HA1E::::24H::10uM::REP.A011::K19::BRD-K07106112,BMS-599626,brd-k07106112,bms-599626
L1000,L1000::PF-04691502::HA1E::::24H::10uM::REP.A011::N07::BRD-K07310275,PF-04691502,brd-k07310275,pf-04691502
L1000,L1000::PF-04691502::HA1E::::24H::1.11uM::REP.A011::N09::BRD-K07310275,PF-04691502,brd-k07310275,pf-04691502
L1000,L1000::PF-04691502::HA1E::::24H::0.37uM::REP.A011::N10::BRD-K07310275,PF-04691502,brd-k07310275,pf-04691502
L1000,L1000::PD-184352::HA1E::::24H::0.37uM::REP.A011::E04::BRD-K05104363,PD-184352,brd-k05104363,pd-184352
L1000,L1000::LGX-818::A375::::24H::0.25uM::REP.B014::A21::BRD-A56085258,LGX-818,brd-a56085258,lgx-818
L1000,L1000::chlorprothixene::A375::::24H::0.74uM::REP.B014::F14::BRD-K59058766,chlorprothixene,brd-k59058766,chlorprothixene
L1000,L1000::LGX-818::A375::::24H::0.03uM::REP.B014::A23::BRD-A56085258,LGX-818,brd-a56085258,lgx-818
L1000,L1000::LGX-818::A375::::24H::2.22uM::REP.B014::A19::BRD-A56085258,LGX-818,brd-a56085258,lgx-818
L1000,L1000::alvocidib::A549::::6H::1.11uM::LKCP001::F02::BRD-K87909389,alvocidib,brd-k87909389,alvocidib
L1000,L1000::regorafenib::A549::::6H::10uM::LKCP001::P19::BRD-K16730910,regorafenib,brd-k16730910,regorafenib
L1000,L1000::dasatinib::A549::::6H::10uM::LKCP001::L10::BRD-K49328571,dasatinib,brd-k49328571,dasatinib
L1000,L1000::AZ-628::A549::::6H::10uM::LKCP001::C13::BRD-K05804044,AZ-628,brd-k05804044,az-628
L1000,L1000::dasatinib::A549::::6H::1.11uM::LKCP001::L11::BRD-K49328571,dasatinib,brd-k49328571,dasatinib
L1000,L1000::doramapimod::A549::::6H::10uM::LKCP001::M22::BRD-K74065929,doramapimod,brd-k74065929,doramapimod
L1000,L1000::raloxifene::A549::::6H::10uM::LKCP001::A04::BRD-K63828191,raloxifene,brd-k63828191,raloxifene
L1000,L1000::regorafenib::A549::::6H::1.11uM::LKCP001::P20::BRD-K16730910,regorafenib,brd-k16730910,regorafenib
L1000,L1000::hydroxyurea::A549::::6H::10uM::LKCP001::A19::BRD-K51747290,hydroxyurea,brd-k51747290,hydroxyurea
L1000,L1000::bosutinib::A549::::6H::10uM::LKCP001::C01::BRD-K99964838,bosutinib,brd-k99964838,bosutinib
L1000,L1000::alvocidib::A549::::6H::10uM::LKCP001::F01::BRD-K87909389,alvocidib,brd-k87909389,alvocidib
L1000,L1000::MK-2206::A549::::6H::10uM::LKCP001::J04::BRD-K68065987,MK-2206,brd-k68065987,mk-2206
L1000,L1000::palbociclib::A549::::6H::10uM::LKCP001::B19::BRD-K51313569,palbociclib,brd-k51313569,palbociclib
L1000,L1000::palbociclib::A549::::6H::1.11uM::LKCP001::B20::BRD-K51313569,palbociclib,brd-k51313569,palbociclib
L1000,L1000::clofarabine::A549::::6H::1.11uM::LKCP001::M08::BRD-K34022604,clofarabine,brd-k34022604,clofarabine
L1000,L1000::vandetanib::A549::::6H::10uM::LKCP001::G10::BRD-K77625799,vandetanib,brd-k77625799,vandetanib
L1000,L1000::nilotinib::A549::::6H::10uM::LKCP001::G01::BRD-K81528515,nilotinib,brd-k81528515,nilotinib
L1000,L1000::phenylbutyrate::A549::::6H::10uM::LKCP001::A10::BRD-K67102207,phenylbutyrate,brd-k67102207,phenylbutyrate
L1000,L1000::tacedinaline::A549::::6H::10uM::LKCP001::A22::BRD-K52313696,tacedinaline,brd-k52313696,tacedinaline
L1000,L1000::foretinib::A549::::6H::10uM::LKCP001::C07::BRD-K03449891,foretinib,brd-k03449891,foretinib
L1000,L1000::imatinib::A549::::6H::10uM::LKCP001::D10::BRD-K92723993,imatinib,brd-k92723993,imatinib
L1000,L1000::filgotinib::A549::::6H::10uM::LKCP001::P01::BRD-K16803204,filgotinib,brd-k16803204,filgotinib
L1000,L1000::vemurafenib::A549::::6H::10uM::LKCP001::I16::BRD-K56343971,vemurafenib,brd-k56343971,vemurafenib
L1000,L1000::PD-184352::A549::::6H::10uM::LKCP001::O10::BRD-K05104363,PD-184352,brd-k05104363,pd-184352
L1000,L1000::clofarabine::A549::::6H::10uM::LKCP001::M07::BRD-K34022604,clofarabine,brd-k34022604,clofarabine
L1000,L1000::raloxifene::A549::::6H::0.12uM::LKCP001::A06::BRD-K63828191,raloxifene,brd-k63828191,raloxifene
L1000,L1000::selumetinib::A549::::6H::10uM::LKCP001::J10::BRD-K57080016,selumetinib,brd-k57080016,selumetinib
L1000,L1000::dabrafenib::A549::::6H::10uM::LKCP001::D13::BRD-K09951645,dabrafenib,brd-k09951645,dabrafenib
L1000,L1000::alvocidib::A549::::6H::0.12uM::LKCP001::F03::BRD-K87909389,alvocidib,brd-k87909389,alvocidib
L1000,L1000::CID-5458317::MCF10A.KRAS.HG::::24H::10uM::LCP001::J13::BRD-A08840375,CID-5458317,brd-a08840375,cid-5458317
L1000,L1000::GDC-0941::MCF10A.KRAS.HG::::24H::1.11uM::LCP001::N03::BRD-K52911425,GDC-0941,brd-k52911425,gdc-0941
L1000,L1000::PFI-1::MCF10A.KRAS.HG::::24H::3.33uM::LCP001::K23::BRD-K13094524,PFI-1,brd-k13094524,pfi-1
L1000,L1000::panobinostat::MCF10A.KRAS.HG::::24H::3.33uM::LCP001::J23::BRD-K02130563,panobinostat,brd-k02130563,panobinostat
L1000,L1000::NVP-ADW742::MCF10A.KRAS.HG::::24H::10uM::LCP001::H01::BRD-K15179513,NVP-ADW742,brd-k15179513,nvp-adw742
L1000,L1000::BAY-87-2243::MCF10A.KRAS.HG::::24H::3.33uM::LCP001::N08::BRD-K70463136,BAY-87-2243,brd-k70463136,bay-87-2243
L1000,L1000::bromosporine::MCF10A.KRAS.HG::::24H::1.11uM::LCP001::D06::BRD-K44665581,bromosporine,brd-k44665581,bromosporine
L1000,L1000::GNE-477::MCF10A.KRAS.HG::::24H::1.11uM::LCP001::J21::BRD-K12609995,GNE-477,brd-k12609995,gne-477
L1000,L1000::CYT-387::MCF10A.KRAS.HG::::24H::10uM::LCP001::G04::BRD-K87737963,CYT-387,brd-k87737963,cyt-387
L1000,L1000::nilotinib::MCF10A.KRAS.HG::::24H::10uM::LCP001::L04::BRD-K81528515,nilotinib,brd-k81528515,nilotinib
L1000,L1000::ponatinib::MCF10A.KRAS.HG::::24H::10uM::LCP001::M04::BRD-K44227013,ponatinib,brd-k44227013,ponatinib
L1000,L1000::I-BET-762::MCF10A.KRAS.HG::::24H::1.11uM::LCP001::L24::BRD-K08109215,I-BET-762,brd-k08109215,i-bet-762
L1000,L1000::panobinostat::MCF10A.KRAS.HG::::24H::10uM::LCP001::J22::BRD-K02130563,panobinostat,brd-k02130563,panobinostat
L1000,L1000::palbociclib::MCF10A.KRAS.HG::::24H::3.33uM::LCP001::B20::BRD-K51313569,palbociclib,brd-k51313569,palbociclib
L1000,L1000::dasatinib::MCF10A.KRAS.HG::::24H::3.33uM::LCP001::J02::BRD-K49328571,dasatinib,brd-k49328571,dasatinib
L1000,L1000::GNE-477::MCF10A.KRAS.HG::::24H::10uM::LCP001::J19::BRD-K12609995,GNE-477,brd-k12609995,gne-477
L1000,L1000::KU-55933::MCF10A.KRAS.HG::::24H::10uM::LCP001::K01::BRD-K25311561,KU-55933,brd-k25311561,ku-55933
L1000,L1000::trametinib::MCF10A.KRAS.HG::::24H::3.33uM::LCP001::D17::BRD-K12343256,trametinib,brd-k12343256,trametinib
L1000,L1000::GDC-0941::MCF10A.KRAS.HG::::24H::3.33uM::LCP001::N02::BRD-K52911425,GDC-0941,brd-k52911425,gdc-0941
L1000,L1000::bromosporine::MCF10A.KRAS.HG::::24H::3.33uM::LCP001::D05::BRD-K44665581,bromosporine,brd-k44665581,bromosporine
L1000,L1000::dasatinib::MCF10A.KRAS.HG::::24H::1.11uM::LCP001::J03::BRD-K49328571,dasatinib,brd-k49328571,dasatinib
L1000,L1000::dasatinib::MCF10A.KRAS.HG::::24H::10uM::LCP001::J01::BRD-K49328571,dasatinib,brd-k49328571,dasatinib
L1000,L1000::PD-184352::MCF10A.KRAS.HG::::24H::3.33uM::LCP001::I02::BRD-K05104363,PD-184352,brd-k05104363,pd-184352
L1000,L1000::vorinostat::MCF10A.KRAS.HG::::24H::10uM::LCP001::N22::BRD-K81418486,vorinostat,brd-k81418486,vorinostat
L1000,L1000::I-BET-762::MCF10A.KRAS.HG::::24H::3.33uM::LCP001::L23::BRD-K08109215,I-BET-762,brd-k08109215,i-bet-762
L1000,L1000::filgotinib::MCF10A.KRAS.HG::::24H::10uM::LCP001::B07::BRD-K16803204,filgotinib,brd-k16803204,filgotinib
L1000,L1000::bosutinib::MCF10A.KRAS.HG::::24H::10uM::LCP001::B13::BRD-K99964838,bosutinib,brd-k99964838,bosutinib
L1000,L1000::LY-2835219::MCF10A.KRAS.HG::::24H::3.33uM::LCP001::F23::BRD-K33622447,LY-2835219,brd-k33622447,ly-2835219
L1000,L1000::SB-415286::MCF10A.KRAS.HG::::24H::10uM::LCP001::L16::BRD-K76805682,SB-415286,brd-k76805682,sb-415286
L1000,L1000::panobinostat::MCF10A.KRAS.HG::::24H::1.11uM::LCP001::J24::BRD-K02130563,panobinostat,brd-k02130563,panobinostat
L1000,L1000::BAY-87-2243::MCF10A.KRAS.HG::::24H::10uM::LCP001::N07::BRD-K70463136,BAY-87-2243,brd-k70463136,bay-87-2243
L1000,L1000::BAY-87-2243::MCF10A.KRAS.HG::::24H::1.11uM::LCP001::N09::BRD-K70463136,BAY-87-2243,brd-k70463136,bay-87-2243
L1000,L1000::PFI-1::MCF10A.KRAS.HG::::24H::10uM::LCP001::K22::BRD-K13094524,PFI-1,brd-k13094524,pfi-1
L1000,L1000::NVP-ADW742::MCF10A.KRAS.HG::::24H::1.11uM::LCP001::H03::BRD-K15179513,NVP-ADW742,brd-k15179513,nvp-adw742
L1000,L1000::I-BET-762::MCF10A.KRAS.HG::::24H::10uM::LCP001::L22::BRD-K08109215,I-BET-762,brd-k08109215,i-bet-762
L1000,L1000::GDC-0941::MCF10A.KRAS.HG::::24H::10uM::LCP001::N01::BRD-K52911425,GDC-0941,brd-k52911425,gdc-0941
L1000,L1000::bosutinib::MCF10A.KRAS.HG::::24H::3.33uM::LCP001::B14::BRD-K99964838,bosutinib,brd-k99964838,bosutinib
L1000,L1000::SGC-CBP30::MCF10A.KRAS.HG::::24H::10uM::LCP001::C19::BRD-K24821794,SGC-CBP30,brd-k24821794,sgc-cbp30
L1000,L1000::trametinib::MCF10A.KRAS.HG::::24H::1.11uM::LCP001::D18::BRD-K12343256,trametinib,brd-k12343256,trametinib
L1000,L1000::vorinostat::MCF10A.KRAS.HG::::24H::1.11uM::LCP001::N24::BRD-K81418486,vorinostat,brd-k81418486,vorinostat
L1000,L1000::CYT-387::MCF10A.KRAS.HG::::24H::3.33uM::LCP001::G05::BRD-K87737963,CYT-387,brd-k87737963,cyt-387
L1000,L1000::CID-5458317::MCF10A.KRAS.HG::::24H::3.33uM::LCP001::J14::BRD-A08840375,CID-5458317,brd-a08840375,cid-5458317
L1000,L1000::vorinostat::MCF10A.KRAS.HG::::24H::3.33uM::LCP001::N23::BRD-K81418486,vorinostat,brd-k81418486,vorinostat
L1000,L1000::SGC-CBP30::MCF10A.KRAS.HG::::24H::3.33uM::LCP001::C20::BRD-K24821794,SGC-CBP30,brd-k24821794,sgc-cbp30
L1000,L1000::NVP-ADW742::MCF10A.KRAS.HG::::24H::3.33uM::LCP001::H02::BRD-K15179513,NVP-ADW742,brd-k15179513,nvp-adw742
L1000,L1000::GNE-477::MCF10A.KRAS.HG::::24H::3.33uM::LCP001::J20::BRD-K12609995,GNE-477,brd-k12609995,gne-477
L1000,L1000::LY-2835219::MCF10A.KRAS.HG::::24H::1.11uM::LCP001::F24::BRD-K33622447,LY-2835219,brd-k33622447,ly-2835219
L1000,L1000::ponatinib::MCF10A.KRAS.HG::::24H::3.33uM::LCP001::M05::BRD-K44227013,ponatinib,brd-k44227013,ponatinib
L1000,L1000::palbociclib::MCF10A.KRAS.HG::::24H::10uM::LCP001::B19::BRD-K51313569,palbociclib,brd-k51313569,palbociclib
L1000,L1000::PD-184352::MCF10A.KRAS.HG::::24H::10uM::LCP001::I01::BRD-K05104363,PD-184352,brd-k05104363,pd-184352
L1000,L1000::LY-2835219::MCF10A.KRAS.HG::::24H::10uM::LCP001::F22::BRD-K33622447,LY-2835219,brd-k33622447,ly-2835219
L1000,L1000::regorafenib::MCF10A.KRAS.HG::::24H::10uM::LCP001::E04::BRD-K16730910,regorafenib,brd-k16730910,regorafenib
L1000,L1000::bromosporine::MCF10A.KRAS.HG::::24H::10uM::LCP001::D04::BRD-K44665581,bromosporine,brd-k44665581,bromosporine
L1000,L1000::trametinib::MCF10A.KRAS.HG::::24H::10uM::LCP001::D16::BRD-K12343256,trametinib,brd-k12343256,trametinib
L1000,L1000::CID-5458317::MCF10A.KRAS.HG::::24H::1.11uM::LCP001::J15::BRD-A08840375,CID-5458317,brd-a08840375,cid-5458317
L1000,L1000::CYT-387::YAPC::::24H::10uM::REP.A026::B13::BRD-K87737963,CYT-387,brd-k87737963,cyt-387
L1000,L1000::telcagepant::YAPC::::24H::0.125uM::REP.A026::I11::BRD-K91159026,telcagepant,brd-k91159026,telcagepant
L1000,L1000::alvocidib::YAPC::::24H::1.11uM::REP.A026::B21::BRD-K87909389,alvocidib,brd-k87909389,alvocidib
L1000,L1000::alvocidib::YAPC::::24H::0.37uM::REP.A026::B22::BRD-K87909389,alvocidib,brd-k87909389,alvocidib
L1000,L1000::CYT-387::YAPC::::24H::3.33uM::REP.A026::B14::BRD-K87737963,CYT-387,brd-k87737963,cyt-387
L1000,L1000::alvocidib::YAPC::::24H::0.125uM::REP.A026::B23::BRD-K87909389,alvocidib,brd-k87909389,alvocidib
L1000,L1000::CX-4945::THP1::::4H::2.5uM::AICHI001::M02::BRD-K81458380,CX-4945,brd-k81458380,cx-4945
L1000,L1000::BRD-K16277767::THP1::::4H::10uM::AICHI001::L07::BRD-K16277767,BRD-K16277767,brd-k16277767,brd-k16277767
L1000,L1000::vorinostat::THP1::::4H::0.66uM::AICHI001::G15::BRD-K81418486,vorinostat,brd-k81418486,vorinostat
L1000,L1000::LJH-685::THP1::::4H::0.01uM::AICHI001::O12::BRD-K00258161,LJH-685,brd-k00258161,ljh-685
L1000,L1000::sotrastaurin::THP1::::4H::10uM::AICHI001::D19::BRD-K16761703,sotrastaurin,brd-k16761703,sotrastaurin
L1000,L1000::midostaurin::THP1::::4H::10uM::AICHI001::F19::BRD-K13646352,midostaurin,brd-k13646352,midostaurin
L1000,L1000::vorinostat::THP1::::4H::10uM::AICHI001::G13::BRD-K81418486,vorinostat,brd-k81418486,vorinostat
L1000,L1000::BRD-K16277767::THP1::::4H::2.5uM::AICHI001::L08::BRD-K16277767,BRD-K16277767,brd-k16277767,brd-k16277767
L1000,L1000::CX-4945::THP1::::4H::10uM::AICHI001::M01::BRD-K81458380,CX-4945,brd-k81458380,cx-4945
L1000,L1000::MI-2::THP1::::4H::10uM::AICHI001::G07::BRD-K37142460,MI-2,brd-k37142460,mi-2
L1000,L1000::vorinostat::THP1::::4H::2.5uM::AICHI001::G14::BRD-K81418486,vorinostat,brd-k81418486,vorinostat
L1000,L1000::vorinostat::THP1::::4H::0.04uM::AICHI001::G17::BRD-K81418486,vorinostat,brd-k81418486,vorinostat
L1000,L1000::midostaurin::THP1::::4H::2.5uM::AICHI001::F20::BRD-K13646352,midostaurin,brd-k13646352,midostaurin
L1000,L1000::I-BET-762::HAP1.SRC::::24H::3.33uM::MOAR015::D19::BRD-K08109215,I-BET-762,brd-k08109215,i-bet-762
L1000,L1000::vorinostat::HAP1.SRC::::24H::3.33uM::MOAR015::A19::BRD-K81418486,vorinostat,brd-k81418486,vorinostat
L1000,L1000::I-BET-151::HAP1.SRC::::24H::3.33uM::MOAR015::M19::BRD-K36363294,I-BET-151,brd-k36363294,i-bet-151
L1000,L1000::CC-930::HELA::::24H::0.125uM::REP.A019::J05::BRD-K48213016,CC-930,brd-k48213016,cc-930
L1000,L1000::donepezil::HELA::::24H::0.37uM::REP.A019::L10::BRD-A49160188,donepezil,brd-a49160188,donepezil
L1000,L1000::CC-401::HELA::::24H::0.125uM::REP.A019::D23::BRD-K45746021,CC-401,brd-k45746021,cc-401
L1000,L1000::TTNPB::HELA::::24H::0.125uM::REP.A019::M11::BRD-K49685476,TTNPB,brd-k49685476,ttnpb
L1000,L1000::PF-04447943::HELA::::24H::0.125uM::REP.A019::N23::BRD-K50031829,PF-04447943,brd-k50031829,pf-04447943
L1000,L1000::piclamilast::HELA::::24H::1.11uM::REP.A019::G21::BRD-K47642186,piclamilast,brd-k47642186,piclamilast
L1000,L1000::CTS-1027::HELA::::24H::3.33uM::REP.A019::P20::BRD-K53508936,CTS-1027,brd-k53508936,cts-1027
L1000,L1000::tosedostat::THP1::::24H::10uM::REP.A025::D13::BRD-K92241597,tosedostat,brd-k92241597,tosedostat
L1000,L1000::tosedostat::THP1::::24H::3.33uM::REP.A025::D14::BRD-K92241597,tosedostat,brd-k92241597,tosedostat
L1000,L1000::LY-2157299::THP1::::24H::10uM::REP.A025::N01::BRD-K78118466,LY-2157299,brd-k78118466,ly-2157299
L1000,L1000::tosedostat::THP1::::24H::0.37uM::REP.A025::D16::BRD-K92241597,tosedostat,brd-k92241597,tosedostat
L1000,L1000::vandetanib::THP1::::24H::0.125uM::REP.A025::K23::BRD-K77625799,vandetanib,brd-k77625799,vandetanib
L1000,L1000::tosedostat::THP1::::24H::0.125uM::REP.A025::D17::BRD-K92241597,tosedostat,brd-k92241597,tosedostat
L1000,L1000::menadione::THP1::::24H::10uM::REP.A025::M07::BRD-K78126613,menadione,brd-k78126613,menadione
L1000,L1000::tosedostat::THP1::::24H::1.11uM::REP.A025::D15::BRD-K92241597,tosedostat,brd-k92241597,tosedostat
L1000,L1000::clofarabine::PC3::::24H::2.22uM::REP.B003::I19::BRD-K34022604,clofarabine,brd-k34022604,clofarabine
L1000,L1000::clofarabine::PC3::::24H::0.25uM::REP.B003::I21::BRD-K34022604,clofarabine,brd-k34022604,clofarabine
L1000,L1000::clofarabine::PC3::::24H::0.74uM::REP.B003::I20::BRD-K34022604,clofarabine,brd-k34022604,clofarabine
L1000,L1000::clofarabine::PC3::::24H::0.08uM::REP.B003::I22::BRD-K34022604,clofarabine,brd-k34022604,clofarabine
L1000,L1000::MK-2206::HELA::::24H::10uM::REP.A023::A19::BRD-K68065987,MK-2206,brd-k68065987,mk-2206
L1000,L1000::MK-2206::HELA::::24H::0.37uM::REP.A023::A22::BRD-K68065987,MK-2206,brd-k68065987,mk-2206
L1000,L1000::sertindole::HELA::::24H::10uM::REP.A023::E19::BRD-K69116396,sertindole,brd-k69116396,sertindole
L1000,L1000::probucol::HELA::::24H::3.33uM::REP.A023::M14::BRD-K72029282,probucol,brd-k72029282,probucol
L1000,L1000::sertindole::HELA::::24H::0.125uM::REP.A023::E23::BRD-K69116396,sertindole,brd-k69116396,sertindole
L1000,L1000::avasimibe::HELA::::24H::10uM::REP.A023::B07::BRD-K67901620,avasimibe,brd-k67901620,avasimibe
L1000,L1000::olaparib::XC.P911::::24H::10uM::ASG003::D07::BRD-K02113016,olaparib,brd-k02113016,olaparib
L1000,L1000::gefitinib::XC.P911::::24H::10uM::ASG003::C13::BRD-K64052750,gefitinib,brd-k64052750,gefitinib
L1000,L1000::panobinostat::XC.P911::::24H::1.11uM::ASG003::P02::BRD-K02130563,panobinostat,brd-k02130563,panobinostat
L1000,L1000::JNJ-7706621::XC.P911::::24H::10uM::ASG003::L22::BRD-K11636097,JNJ-7706621,brd-k11636097,jnj-7706621
L1000,L1000::nocodazole::XC.P911::::24H::1.11uM::ASG003::I02::BRD-K12539581,nocodazole,brd-k12539581,nocodazole
L1000,L1000::thioridazine::XC.P911::::24H::10uM::ASG003::M01::BRD-A84481105,thioridazine,brd-a84481105,thioridazine
L1000,L1000::vorinostat::XC.P911::::24H::1.11uM::ASG003::F05::BRD-K81418486,vorinostat,brd-k81418486,vorinostat
L1000,L1000::panobinostat::XC.P911::::24H::10uM::ASG003::P01::BRD-K02130563,panobinostat,brd-k02130563,panobinostat
L1000,L1000::dabrafenib::XC.P911::::24H::1.11uM::ASG003::H17::BRD-K09951645,dabrafenib,brd-k09951645,dabrafenib
L1000,L1000::trametinib::XC.P911::::24H::1.11uM::ASG003::N17::BRD-K12343256,trametinib,brd-k12343256,trametinib
L1000,L1000::trifluoperazine::XC.P911::::24H::10uM::ASG003::P19::BRD-K89732114,trifluoperazine,brd-k89732114,trifluoperazine
L1000,L1000::vandetanib::XC.P911::::24H::10uM::ASG003::N22::BRD-K77625799,vandetanib,brd-k77625799,vandetanib
L1000,L1000::palbociclib::XC.P911::::24H::1.11uM::ASG003::K17::BRD-K51313569,palbociclib,brd-k51313569,palbociclib
L1000,L1000::ABT-737::XC.P911::::24H::1.11uM::ASG003::L02::BRD-K56301217,ABT-737,brd-k56301217,abt-737
L1000,L1000::BI-2536::XC.P911::::24H::0.12uM::ASG003::D06::BRD-K64890080,BI-2536,brd-k64890080,bi-2536
L1000,L1000::alvocidib::XC.P911::::24H::10uM::ASG003::J19::BRD-K87909389,alvocidib,brd-k87909389,alvocidib
L1000,L1000::lapatinib::XC.P911::::24H::10uM::ASG003::O07::BRD-K19687926,lapatinib,brd-k19687926,lapatinib
L1000,L1000::trametinib::XC.P911::::24H::10uM::ASG003::N16::BRD-K12343256,trametinib,brd-k12343256,trametinib
L1000,L1000::BI-2536::XC.P911::::24H::10uM::ASG003::D04::BRD-K64890080,BI-2536,brd-k64890080,bi-2536
L1000,L1000::vemurafenib::XC.P911::::24H::10uM::ASG003::H07::BRD-K56343971,vemurafenib,brd-k56343971,vemurafenib
L1000,L1000::nocodazole::XC.P911::::24H::10uM::ASG003::I01::BRD-K12539581,nocodazole,brd-k12539581,nocodazole
L1000,L1000::palbociclib::XC.P911::::24H::10uM::ASG003::K16::BRD-K51313569,palbociclib,brd-k51313569,palbociclib
L1000,L1000::JNJ-7706621::XC.P911::::24H::1.11uM::ASG003::L23::BRD-K11636097,JNJ-7706621,brd-k11636097,jnj-7706621
L1000,L1000::dasatinib::XC.P911::::24H::10uM::ASG003::N01::BRD-K49328571,dasatinib,brd-k49328571,dasatinib
L1000,L1000::AZ-628::XC.P911::::24H::10uM::ASG003::J13::BRD-K05804044,AZ-628,brd-k05804044,az-628
L1000,L1000::erlotinib::XC.P911::::24H::10uM::ASG003::B16::BRD-K70401845,erlotinib,brd-k70401845,erlotinib
L1000,L1000::dasatinib::XC.P911::::24H::0.12uM::ASG003::N03::BRD-K49328571,dasatinib,brd-k49328571,dasatinib
L1000,L1000::ABT-737::XC.P911::::24H::10uM::ASG003::L01::BRD-K56301217,ABT-737,brd-k56301217,abt-737
L1000,L1000::BI-2536::XC.P911::::24H::1.11uM::ASG003::D05::BRD-K64890080,BI-2536,brd-k64890080,bi-2536
L1000,L1000::RITA::XC.P911::::24H::10uM::ASG003::A22::BRD-K00317371,RITA,brd-k00317371,rita
L1000,L1000::panobinostat::XC.P911::::24H::0.12uM::ASG003::P03::BRD-K02130563,panobinostat,brd-k02130563,panobinostat
L1000,L1000::selumetinib::XC.P911::::24H::10uM::ASG003::E04::BRD-K57080016,selumetinib,brd-k57080016,selumetinib
L1000,L1000::ponatinib::XC.P911::::24H::1.11uM::ASG003::P14::BRD-K44227013,ponatinib,brd-k44227013,ponatinib
L1000,L1000::vorinostat::XC.P911::::24H::10uM::ASG003::F04::BRD-K81418486,vorinostat,brd-k81418486,vorinostat
L1000,L1000::alvocidib::XC.P911::::24H::0.12uM::ASG003::J21::BRD-K87909389,alvocidib,brd-k87909389,alvocidib
L1000,L1000::AZ-628::XC.P911::::24H::1.11uM::ASG003::J14::BRD-K05804044,AZ-628,brd-k05804044,az-628
L1000,L1000::palbociclib::XC.P911::::24H::0.12uM::ASG003::K18::BRD-K51313569,palbociclib,brd-k51313569,palbociclib
L1000,L1000::enzastaurin::HT29::::24H::0.25uM::REP.B024::P03::BRD-K79404599,enzastaurin,brd-k79404599,enzastaurin
L1000,L1000::sertindole::A375::::24H::10uM::REP.A023::E19::BRD-K69116396,sertindole,brd-k69116396,sertindole
L1000,L1000::avasimibe::A375::::24H::10uM::REP.A023::B07::BRD-K67901620,avasimibe,brd-k67901620,avasimibe
L1000,L1000::MK-2206::A375::::24H::10uM::REP.A023::A19::BRD-K68065987,MK-2206,brd-k68065987,mk-2206
L1000,L1000::CX-4945::K562::::24H::2.5uM::AICHI001::M02::BRD-K81458380,CX-4945,brd-k81458380,cx-4945
L1000,L1000::BRD-A04845303::K562::::24H::10uM::AICHI001::C13::BRD-A04845303,BRD-A04845303,brd-a04845303,brd-a04845303
L1000,L1000::vorinostat::K562::::24H::10uM::AICHI001::G13::BRD-K81418486,vorinostat,brd-k81418486,vorinostat
L1000,L1000::midostaurin::K562::::24H::2.5uM::AICHI001::F20::BRD-K13646352,midostaurin,brd-k13646352,midostaurin
L1000,L1000::CX-4945::K562::::24H::10uM::AICHI001::M01::BRD-K81458380,CX-4945,brd-k81458380,cx-4945
L1000,L1000::vorinostat::K562::::24H::0.66uM::AICHI001::G15::BRD-K81418486,vorinostat,brd-k81418486,vorinostat
L1000,L1000::AZ-628::K562::::24H::10uM::AICHI001::M13::BRD-K05804044,AZ-628,brd-k05804044,az-628
L1000,L1000::BRD-K16277767::K562::::24H::10uM::AICHI001::L07::BRD-K16277767,BRD-K16277767,brd-k16277767,brd-k16277767
L1000,L1000::AZ-628::K562::::24H::2.5uM::AICHI001::M14::BRD-K05804044,AZ-628,brd-k05804044,az-628
L1000,L1000::vorinostat::K562::::24H::0.125uM::AICHI001::G16::BRD-K81418486,vorinostat,brd-k81418486,vorinostat
L1000,L1000::sotrastaurin::K562::::24H::10uM::AICHI001::D19::BRD-K16761703,sotrastaurin,brd-k16761703,sotrastaurin
L1000,L1000::midostaurin::K562::::24H::10uM::AICHI001::F19::BRD-K13646352,midostaurin,brd-k13646352,midostaurin
L1000,L1000::MI-2::K562::::24H::10uM::AICHI001::G07::BRD-K37142460,MI-2,brd-k37142460,mi-2
L1000,L1000::GDC-0941::K562::::24H::2.5uM::AICHI001::A08::BRD-K52911425,GDC-0941,brd-k52911425,gdc-0941
L1000,L1000::AZ-628::K562::::24H::0.66uM::AICHI001::M15::BRD-K05804044,AZ-628,brd-k05804044,az-628
L1000,L1000::vorinostat::K562::::24H::2.5uM::AICHI001::G14::BRD-K81418486,vorinostat,brd-k81418486,vorinostat
L1000,L1000::NVP-TAE684::K562::::24H::10uM::AICHI001::M07::BRD-K50140147,NVP-TAE684,brd-k50140147,nvp-tae684
L1000,L1000::trametinib::K562::::24H::10uM::AICHI001::B19::BRD-K12343256,trametinib,brd-k12343256,trametinib
L1000,L1000::trametinib::K562::::24H::2.5uM::AICHI001::B20::BRD-K12343256,trametinib,brd-k12343256,trametinib
L1000,L1000::masitinib::HAP1.BRD4::::24H::3.33uM::MOAR014::N01::BRD-K71035033,masitinib,brd-k71035033,masitinib
L1000,L1000::IKK-2-inhibitor-V::HAP1.BRD4::::24H::3.33uM::MOAR014::K01::BRD-K74305673,IKK-2-inhibitor-V,brd-k74305673,ikk-2-inhibitor-v
L1000,L1000::bromosporine::HAP1.BRD4::::24H::3.33uM::MOAR014::F01::BRD-K44665581,bromosporine,brd-k44665581,bromosporine
L1000,L1000::clofarabine::PC3::::24H::0.37uM::REP.A003::I22::BRD-K34022604,clofarabine,brd-k34022604,clofarabine
L1000,L1000::clofarabine::PC3::::24H::0.125uM::REP.A003::I23::BRD-K34022604,clofarabine,brd-k34022604,clofarabine
L1000,L1000::clofarabine::PC3::::24H::10uM::REP.A003::I19::BRD-K34022604,clofarabine,brd-k34022604,clofarabine
L1000,L1000::clofarabine::PC3::::24H::0.04uM::REP.A003::I24::BRD-K34022604,clofarabine,brd-k34022604,clofarabine
L1000,L1000::clofarabine::PC3::::24H::1.11uM::REP.A003::I21::BRD-K34022604,clofarabine,brd-k34022604,clofarabine
L1000,L1000::vanoxerine::PC3::::24H::10uM::REP.A003::F13::BRD-K32501161,vanoxerine,brd-k32501161,vanoxerine
L1000,L1000::clofarabine::PC3::::24H::3.33uM::REP.A003::I20::BRD-K34022604,clofarabine,brd-k34022604,clofarabine
L1000,L1000::RG-7388::A375::::24H::0.125uM::REP.A018::C11::BRD-K62627508,RG-7388,brd-k62627508,rg-7388
L1000,L1000::BI-2536::A375::::24H::0.125uM::REP.A018::I23::BRD-K64890080,BI-2536,brd-k64890080,bi-2536
L1000,L1000::anagrelide::A375::::24H::10uM::REP.A018::B13::BRD-K62200014,anagrelide,brd-k62200014,anagrelide
L1000,L1000::BI-2536::A375::::24H::3.33uM::REP.A018::I20::BRD-K64890080,BI-2536,brd-k64890080,bi-2536
L1000,L1000::BI-2536::A375::::24H::0.37uM::REP.A018::I22::BRD-K64890080,BI-2536,brd-k64890080,bi-2536
L1000,L1000::BI-2536::A375::::24H::1.11uM::REP.A018::I21::BRD-K64890080,BI-2536,brd-k64890080,bi-2536
L1000,L1000::RG-7388::A375::::24H::10uM::REP.A018::C07::BRD-K62627508,RG-7388,brd-k62627508,rg-7388
L1000,L1000::BI-2536::A375::::24H::0.04uM::REP.A018::I24::BRD-K64890080,BI-2536,brd-k64890080,bi-2536
L1000,L1000::SR-2640::A375::::24H::10uM::REP.A018::D01::BRD-K62562723,SR-2640,brd-k62562723,sr-2640
L1000,L1000::raloxifene::A375::::24H::10uM::REP.A018::H07::BRD-K63828191,raloxifene,brd-k63828191,raloxifene
L1000,L1000::RG-7388::A375::::24H::0.37uM::REP.A018::C10::BRD-K62627508,RG-7388,brd-k62627508,rg-7388
L1000,L1000::BI-2536::A375::::24H::10uM::REP.A018::I19::BRD-K64890080,BI-2536,brd-k64890080,bi-2536
L1000,L1000::raloxifene::A375::::24H::0.125uM::REP.A018::H11::BRD-K63828191,raloxifene,brd-k63828191,raloxifene
L1000,L1000::RG-7388::A375::::24H::1.11uM::REP.A018::C09::BRD-K62627508,RG-7388,brd-k62627508,rg-7388
L1000,L1000::ifosfamide::A375::::24H::1.11uM::REP.A018::P03::BRD-A67097164,ifosfamide,brd-a67097164,ifosfamide
L1000,L1000::RG-7388::A375::::24H::3.33uM::REP.A018::C08::BRD-K62627508,RG-7388,brd-k62627508,rg-7388
L1000,L1000::vorinostat::HA1E::::24H::20uM::DOSVAL005::G13::BRD-K81418486,vorinostat,brd-k81418486,vorinostat
L1000,L1000::BRD-K94336792::HA1E::::24H::10uM::DOSVAL005::M17::BRD-K94336792,BRD-K94336792,brd-k94336792,brd-k94336792
L1000,L1000::vorinostat::HA1E::::24H::10uM::DOSVAL005::G14::BRD-K81418486,vorinostat,brd-k81418486,vorinostat
L1000,L1000::troglitazone::HA1E::::24H::10uM::DOSVAL005::K11::BRD-A13084692,troglitazone,brd-a13084692,troglitazone
L1000,L1000::vorinostat::HA1E::::24H::4uM::DOSVAL005::G15::BRD-K81418486,vorinostat,brd-k81418486,vorinostat
L1000,L1000::tipifarnib-P2::MCF7::::24H::0.74uM::REP.B017::F20::BRD-K62965247,tipifarnib-P2,brd-k62965247,tipifarnib-p2
L1000,L1000::pioglitazone::MCF7::::24H::0.08uM::REP.B017::D16::BRD-A48430263,pioglitazone,brd-a48430263,pioglitazone
L1000,L1000::pioglitazone::MCF7::::24H::0.03uM::REP.B017::D17::BRD-A48430263,pioglitazone,brd-a48430263,pioglitazone
L1000,L1000::PD-184352::A549::::24H::3.33uM::REP.A011::E02::BRD-K05104363,PD-184352,brd-k05104363,pd-184352
L1000,L1000::PF-04691502::A549::::24H::10uM::REP.A011::N07::BRD-K07310275,PF-04691502,brd-k07310275,pf-04691502
L1000,L1000::PF-04691502::A549::::24H::3.33uM::REP.A011::N08::BRD-K07310275,PF-04691502,brd-k07310275,pf-04691502
L1000,L1000::PF-04691502::A549::::24H::0.37uM::REP.A011::N10::BRD-K07310275,PF-04691502,brd-k07310275,pf-04691502
L1000,L1000::minoxidil::A549::::24H::10uM::REP.A011::L07::BRD-K06902185,minoxidil,brd-k06902185,minoxidil
L1000,L1000::PF-04691502::A549::::24H::1.11uM::REP.A011::N09::BRD-K07310275,PF-04691502,brd-k07310275,pf-04691502
L1000,L1000::PD-184352::A549::::24H::10uM::REP.A011::E01::BRD-K05104363,PD-184352,brd-k05104363,pd-184352
L1000,L1000::etoricoxib::MCF7::::24H::10uM::REP.A016::K01::BRD-K54770957,etoricoxib,brd-k54770957,etoricoxib
L1000,L1000::OTS-167::MCF7::::24H::0.125uM::REP.A016::O11::BRD-K53417444,OTS-167,brd-k53417444,ots-167
L1000,L1000::AS-605240::MCF7::::24H::0.37uM::REP.A016::N22::BRD-K41895714,AS-605240,brd-k41895714,as-605240
L1000,L1000::tacedinaline::MCF7::::24H::1.11uM::REP.A016::E09::BRD-K52313696,tacedinaline,brd-k52313696,tacedinaline
L1000,L1000::MK-1775::MCF7::::24H::10uM::REP.A016::I19::BRD-K54256913,MK-1775,brd-k54256913,mk-1775
L1000,L1000::palbociclib::MCF7::::24H::0.37uM::REP.A016::A22::BRD-K51313569,palbociclib,brd-k51313569,palbociclib
L1000,L1000::MK-1775::MCF7::::24H::0.37uM::REP.A016::I22::BRD-K54256913,MK-1775,brd-k54256913,mk-1775
L1000,L1000::palbociclib::MCF7::::24H::10uM::REP.A016::A19::BRD-K51313569,palbociclib,brd-k51313569,palbociclib
L1000,L1000::palbociclib::MCF7::::24H::0.125uM::REP.A016::A23::BRD-K51313569,palbociclib,brd-k51313569,palbociclib
L1000,L1000::MK-1775::MCF7::::24H::1.11uM::REP.A016::I21::BRD-K54256913,MK-1775,brd-k54256913,mk-1775
L1000,L1000::OTS-167::MCF7::::24H::10uM::REP.A016::O07::BRD-K53417444,OTS-167,brd-k53417444,ots-167
L1000,L1000::OTS-167::MCF7::::24H::3.33uM::REP.A016::O08::BRD-K53417444,OTS-167,brd-k53417444,ots-167
L1000,L1000::palbociclib::MCF7::::24H::3.33uM::REP.A016::A20::BRD-K51313569,palbociclib,brd-k51313569,palbociclib
L1000,L1000::OTS-167::MCF7::::24H::0.04uM::REP.A016::O12::BRD-K53417444,OTS-167,brd-k53417444,ots-167
L1000,L1000::tacedinaline::MCF7::::24H::10uM::REP.A016::E07::BRD-K52313696,tacedinaline,brd-k52313696,tacedinaline
L1000,L1000::OTS-167::MCF7::::24H::0.37uM::REP.A016::O10::BRD-K53417444,OTS-167,brd-k53417444,ots-167
L1000,L1000::palbociclib::MCF7::::24H::1.11uM::REP.A016::A21::BRD-K51313569,palbociclib,brd-k51313569,palbociclib
L1000,L1000::MK-1775::MCF7::::24H::3.33uM::REP.A016::I20::BRD-K54256913,MK-1775,brd-k54256913,mk-1775
L1000,L1000::OTS-167::MCF7::::24H::1.11uM::REP.A016::O09::BRD-K53417444,OTS-167,brd-k53417444,ots-167
L1000,L1000::KD-025::HA1E::::24H::2.22uM::REP.B026::C13::BRD-K88506063,KD-025,brd-k88506063,kd-025
L1000,L1000::CYT-387::HA1E::::24H::2.22uM::REP.B026::B13::BRD-K87737963,CYT-387,brd-k87737963,cyt-387
L1000,L1000::alvocidib::HA1E::::24H::2.22uM::REP.B026::B19::BRD-K87909389,alvocidib,brd-k87909389,alvocidib
L1000,L1000::alvocidib::HA1E::::24H::0.25uM::REP.B026::B21::BRD-K87909389,alvocidib,brd-k87909389,alvocidib
L1000,L1000::alvocidib::HA1E::::24H::0.74uM::REP.B026::B20::BRD-K87909389,alvocidib,brd-k87909389,alvocidib
L1000,L1000::vorinostat::PC3::::24H::4uM::DOSVAL005::G15::BRD-K81418486,vorinostat,brd-k81418486,vorinostat
L1000,L1000::troglitazone::PC3::::24H::10uM::DOSVAL005::K11::BRD-A13084692,troglitazone,brd-a13084692,troglitazone
L1000,L1000::troglitazone::PC3::::24H::20uM::DOSVAL005::K10::BRD-A13084692,troglitazone,brd-a13084692,troglitazone
L1000,L1000::troglitazone::PC3::::24H::4uM::DOSVAL005::K12::BRD-A13084692,troglitazone,brd-a13084692,troglitazone
L1000,L1000::vorinostat::PC3::::24H::20uM::DOSVAL005::G13::BRD-K81418486,vorinostat,brd-k81418486,vorinostat
L1000,L1000::vorinostat::PC3::::24H::10uM::DOSVAL005::G14::BRD-K81418486,vorinostat,brd-k81418486,vorinostat
L1000,L1000::PD-184352::YAPC::::24H::1.11uM::REP.A011::E03::BRD-K05104363,PD-184352,brd-k05104363,pd-184352
L1000,L1000::PD-184352::YAPC::::24H::0.37uM::REP.A011::E04::BRD-K05104363,PD-184352,brd-k05104363,pd-184352
L1000,L1000::PF-04691502::YAPC::::24H::0.125uM::REP.A011::N11::BRD-K07310275,PF-04691502,brd-k07310275,pf-04691502
L1000,L1000::PD-184352::YAPC::::24H::10uM::REP.A011::E01::BRD-K05104363,PD-184352,brd-k05104363,pd-184352
L1000,L1000::BMS-599626::YAPC::::24H::10uM::REP.A011::K19::BRD-K07106112,BMS-599626,brd-k07106112,bms-599626
L1000,L1000::PF-04691502::YAPC::::24H::10uM::REP.A011::N07::BRD-K07310275,PF-04691502,brd-k07310275,pf-04691502
L1000,L1000::AZ-628::YAPC::::24H::3.33uM::REP.A011::H08::BRD-K05804044,AZ-628,brd-k05804044,az-628
L1000,L1000::AZ-628::YAPC::::24H::10uM::REP.A011::H07::BRD-K05804044,AZ-628,brd-k05804044,az-628
L1000,L1000::PF-04691502::YAPC::::24H::3.33uM::REP.A011::N08::BRD-K07310275,PF-04691502,brd-k07310275,pf-04691502
L1000,L1000::luteolin::YAPC::::24H::0.37uM::REP.A011::E10::BRD-K05236810,luteolin,brd-k05236810,luteolin
L1000,L1000::PF-04691502::YAPC::::24H::0.37uM::REP.A011::N10::BRD-K07310275,PF-04691502,brd-k07310275,pf-04691502
L1000,L1000::PD-184352::YAPC::::24H::3.33uM::REP.A011::E02::BRD-K05104363,PD-184352,brd-k05104363,pd-184352
L1000,L1000::PF-04691502::YAPC::::24H::1.11uM::REP.A011::N09::BRD-K07310275,PF-04691502,brd-k07310275,pf-04691502
L1000,L1000::masitinib::XC.P933::::24H::10uM::ASG003::P22::BRD-K71035033,masitinib,brd-k71035033,masitinib
L1000,L1000::ABT-737::XC.P933::::24H::1.11uM::ASG003::L02::BRD-K56301217,ABT-737,brd-k56301217,abt-737
L1000,L1000::erlotinib::XC.P933::::24H::10uM::ASG003::B16::BRD-K70401845,erlotinib,brd-k70401845,erlotinib
L1000,L1000::AZ-628::XC.P933::::24H::1.11uM::ASG003::J14::BRD-K05804044,AZ-628,brd-k05804044,az-628
L1000,L1000::ponatinib::XC.P933::::24H::0.12uM::ASG003::P15::BRD-K44227013,ponatinib,brd-k44227013,ponatinib
L1000,L1000::vorinostat::XC.P933::::24H::1.11uM::ASG003::F05::BRD-K81418486,vorinostat,brd-k81418486,vorinostat
L1000,L1000::alvocidib::XC.P933::::24H::10uM::ASG003::J19::BRD-K87909389,alvocidib,brd-k87909389,alvocidib
L1000,L1000::panobinostat::XC.P933::::24H::0.12uM::ASG003::P03::BRD-K02130563,panobinostat,brd-k02130563,panobinostat
L1000,L1000::panobinostat::XC.P933::::24H::1.11uM::ASG003::P02::BRD-K02130563,panobinostat,brd-k02130563,panobinostat
L1000,L1000::vorinostat::XC.P933::::24H::10uM::ASG003::F04::BRD-K81418486,vorinostat,brd-k81418486,vorinostat
L1000,L1000::alvocidib::XC.P933::::24H::0.12uM::ASG003::J21::BRD-K87909389,alvocidib,brd-k87909389,alvocidib
L1000,L1000::dasatinib::XC.P933::::24H::1.11uM::ASG003::N02::BRD-K49328571,dasatinib,brd-k49328571,dasatinib
L1000,L1000::trametinib::XC.P933::::24H::0.12uM::ASG003::N18::BRD-K12343256,trametinib,brd-k12343256,trametinib
L1000,L1000::ponatinib::XC.P933::::24H::10uM::ASG003::P13::BRD-K44227013,ponatinib,brd-k44227013,ponatinib
L1000,L1000::trifluoperazine::XC.P933::::24H::10uM::ASG003::P19::BRD-K89732114,trifluoperazine,brd-k89732114,trifluoperazine
L1000,L1000::ABT-737::XC.P933::::24H::10uM::ASG003::L01::BRD-K56301217,ABT-737,brd-k56301217,abt-737
L1000,L1000::nocodazole::XC.P933::::24H::10uM::ASG003::I01::BRD-K12539581,nocodazole,brd-k12539581,nocodazole
L1000,L1000::JNJ-7706621::XC.P933::::24H::10uM::ASG003::L22::BRD-K11636097,JNJ-7706621,brd-k11636097,jnj-7706621
L1000,L1000::palbociclib::XC.P933::::24H::10uM::ASG003::K16::BRD-K51313569,palbociclib,brd-k51313569,palbociclib
L1000,L1000::trametinib::XC.P933::::24H::1.11uM::ASG003::N17::BRD-K12343256,trametinib,brd-k12343256,trametinib
L1000,L1000::dasatinib::XC.P933::::24H::10uM::ASG003::N01::BRD-K49328571,dasatinib,brd-k49328571,dasatinib
L1000,L1000::PI-103::XC.P933::::24H::10uM::ASG003::F13::BRD-K67868012,PI-103,brd-k67868012,pi-103
L1000,L1000::palbociclib::XC.P933::::24H::1.11uM::ASG003::K17::BRD-K51313569,palbociclib,brd-k51313569,palbociclib
L1000,L1000::ponatinib::XC.P933::::24H::1.11uM::ASG003::P14::BRD-K44227013,ponatinib,brd-k44227013,ponatinib
L1000,L1000::AZ-628::XC.P933::::24H::10uM::ASG003::J13::BRD-K05804044,AZ-628,brd-k05804044,az-628
L1000,L1000::nocodazole::XC.P933::::24H::1.11uM::ASG003::I02::BRD-K12539581,nocodazole,brd-k12539581,nocodazole
L1000,L1000::raloxifene::XC.P933::::24H::10uM::ASG003::I13::BRD-K63828191,raloxifene,brd-k63828191,raloxifene
L1000,L1000::panobinostat::XC.P933::::24H::10uM::ASG003::P01::BRD-K02130563,panobinostat,brd-k02130563,panobinostat
L1000,L1000::alvocidib::XC.P933::::24H::1.11uM::ASG003::J20::BRD-K87909389,alvocidib,brd-k87909389,alvocidib
L1000,L1000::BI-2536::XC.P933::::24H::10uM::ASG003::D04::BRD-K64890080,BI-2536,brd-k64890080,bi-2536
L1000,L1000::BI-2536::XC.P933::::24H::1.11uM::ASG003::D05::BRD-K64890080,BI-2536,brd-k64890080,bi-2536
L1000,L1000::trametinib::XC.P933::::24H::10uM::ASG003::N16::BRD-K12343256,trametinib,brd-k12343256,trametinib
L1000,L1000::BRD-K91832210::HEPG2::::24H::2.22uM::CRCGN006::H03::BRD-K91832210,BRD-K91832210,brd-k91832210,brd-k91832210
L1000,L1000::BRD-K92904839::HEPG2::::24H::0.74uM::CRCGN006::H16::BRD-K92904839,BRD-K92904839,brd-k92904839,brd-k92904839
L1000,L1000::vorinostat::HEPG2::::24H::2.22uM::CRCGN006::G15::BRD-K81418486,vorinostat,brd-k81418486,vorinostat
L1000,L1000::BRD-K91832210::HEPG2::::24H::20uM::CRCGN006::H01::BRD-K91832210,BRD-K91832210,brd-k91832210,brd-k91832210
L1000,L1000::vorinostat::HEPG2::::24H::0.74uM::CRCGN006::G16::BRD-K81418486,vorinostat,brd-k81418486,vorinostat
L1000,L1000::TCDD-dioxin::HEPG2::::24H::0.01uM::CRCGN006::P07::BRD-K90697689,TCDD-dioxin,brd-k90697689,tcdd-dioxin
L1000,L1000::vorinostat::HEPG2::::24H::10uM::CRCGN006::G13::BRD-K81418486,vorinostat,brd-k81418486,vorinostat
L1000,L1000::vorinostat::HEPG2::::24H::6.66uM::CRCGN006::G14::BRD-K81418486,vorinostat,brd-k81418486,vorinostat
L1000,L1000::vorinostat::HEPG2::::24H::0.25uM::CRCGN006::G17::BRD-K81418486,vorinostat,brd-k81418486,vorinostat
L1000,L1000::PCB-126::HEPG2::::24H::20uM::CRCGN006::P01::BRD-K96366326,PCB-126,brd-k96366326,pcb-126
L1000,L1000::BRD-K92904839::HEPG2::::24H::0.25uM::CRCGN006::H17::BRD-K92904839,BRD-K92904839,brd-k92904839,brd-k92904839
L1000,L1000::BRD-K90275731::HEPG2::::24H::20uM::CRCGN006::M13::BRD-K90275731,BRD-K90275731,brd-k90275731,brd-k90275731
L1000,L1000::BRD-K91832210::HEPG2::::24H::6.66uM::CRCGN006::H02::BRD-K91832210,BRD-K91832210,brd-k91832210,brd-k91832210
L1000,L1000::vorinostat::PC3::::24H::10uM::POL001::O01::BRD-K81418486,vorinostat,brd-k81418486,vorinostat
L1000,L1000::rotenone::PC3::::24H::1.25uM::POL001::D03::BRD-K08316444,rotenone,brd-k08316444,rotenone
L1000,L1000::alvocidib::PC3::::24H::3.33uM::POL001::J02::BRD-K87909389,alvocidib,brd-k87909389,alvocidib
L1000,L1000::vorinostat::PC3::::24H::0.37uM::POL001::O04::BRD-K81418486,vorinostat,brd-k81418486,vorinostat
L1000,L1000::vorinostat::PC3::::24H::3.33uM::POL001::O02::BRD-K81418486,vorinostat,brd-k81418486,vorinostat
L1000,L1000::rotenone::PC3::::24H::0.37uM::POL001::D04::BRD-K08316444,rotenone,brd-k08316444,rotenone
L1000,L1000::troglitazone::PC3::::24H::10uM::POL001::G13::BRD-A13084692,troglitazone,brd-a13084692,troglitazone
L1000,L1000::TPCA-1::PC3::::24H::10uM::POL001::I13::BRD-K51575138,TPCA-1,brd-k51575138,tpca-1
L1000,L1000::troglitazone::PC3::::24H::1.11uM::POL001::G15::BRD-A13084692,troglitazone,brd-a13084692,troglitazone
L1000,L1000::troglitazone::PC3::::24H::3.33uM::POL001::G14::BRD-A13084692,troglitazone,brd-a13084692,troglitazone
L1000,L1000::troglitazone::PC3::::24H::0.37uM::POL001::G16::BRD-A13084692,troglitazone,brd-a13084692,troglitazone
L1000,L1000::LDN-193189::PC3::::24H::10uM::POL001::I19::BRD-K04853698,LDN-193189,brd-k04853698,ldn-193189
L1000,L1000::alvocidib::PC3::::24H::10uM::POL001::J01::BRD-K87909389,alvocidib,brd-k87909389,alvocidib
L1000,L1000::rotenone::PC3::::24H::4uM::POL001::D02::BRD-K08316444,rotenone,brd-k08316444,rotenone
L1000,L1000::JG-98::PC3::::24H::4uM::POL001::O07::BRD-U06877554,JG-98,brd-u06877554,jg-98
L1000,L1000::alvocidib::PC3::::24H::0.37uM::POL001::J04::BRD-K87909389,alvocidib,brd-k87909389,alvocidib
L1000,L1000::vorinostat::PC3::::24H::1.11uM::POL001::O03::BRD-K81418486,vorinostat,brd-k81418486,vorinostat
L1000,L1000::rotenone::PC3::::24H::12uM::POL001::D01::BRD-K08316444,rotenone,brd-k08316444,rotenone
L1000,L1000::troglitazone::PC3::::24H::10uM::PBIOA013::K10::BRD-A13084692,troglitazone,brd-a13084692,troglitazone
L1000,L1000::vorinostat::PC3::::24H::10uM::PBIOA013::O01::BRD-K81418486,vorinostat,brd-k81418486,vorinostat
L1000,L1000::PP-1::HAP1.TP53::::24H::3.33uM::MOAR018::K21::BRD-K47598052,PP-1,brd-k47598052,pp-1
L1000,L1000::tacedinaline::MCF7::::48H::10uM::LKCP001::A22::BRD-K52313696,tacedinaline,brd-k52313696,tacedinaline
L1000,L1000::imatinib::MCF7::::48H::10uM::LKCP001::D10::BRD-K92723993,imatinib,brd-k92723993,imatinib
L1000,L1000::clofarabine::MCF7::::48H::1.11uM::LKCP001::M08::BRD-K34022604,clofarabine,brd-k34022604,clofarabine
L1000,L1000::dabrafenib::MCF7::::48H::10uM::LKCP001::D13::BRD-K09951645,dabrafenib,brd-k09951645,dabrafenib
L1000,L1000::filgotinib::MCF7::::48H::10uM::LKCP001::P01::BRD-K16803204,filgotinib,brd-k16803204,filgotinib
L1000,L1000::raloxifene::MCF7::::48H::10uM::LKCP001::A04::BRD-K63828191,raloxifene,brd-k63828191,raloxifene
L1000,L1000::doramapimod::MCF7::::48H::10uM::LKCP001::M22::BRD-K74065929,doramapimod,brd-k74065929,doramapimod
L1000,L1000::raloxifene::MCF7::::48H::1.11uM::LKCP001::A05::BRD-K63828191,raloxifene,brd-k63828191,raloxifene
L1000,L1000::foretinib::MCF7::::48H::10uM::LKCP001::C07::BRD-K03449891,foretinib,brd-k03449891,foretinib
L1000,L1000::nilotinib::MCF7::::48H::10uM::LKCP001::G01::BRD-K81528515,nilotinib,brd-k81528515,nilotinib
L1000,L1000::clofarabine::MCF7::::48H::10uM::LKCP001::M07::BRD-K34022604,clofarabine,brd-k34022604,clofarabine
L1000,L1000::alvocidib::MCF7::::48H::10uM::LKCP001::F01::BRD-K87909389,alvocidib,brd-k87909389,alvocidib
L1000,L1000::regorafenib::MCF7::::48H::10uM::LKCP001::P19::BRD-K16730910,regorafenib,brd-k16730910,regorafenib
L1000,L1000::MK-2206::MCF7::::48H::10uM::LKCP001::J04::BRD-K68065987,MK-2206,brd-k68065987,mk-2206
L1000,L1000::palbociclib::MCF7::::48H::10uM::LKCP001::B19::BRD-K51313569,palbociclib,brd-k51313569,palbociclib
L1000,L1000::alvocidib::MCF7::::48H::1.11uM::LKCP001::F02::BRD-K87909389,alvocidib,brd-k87909389,alvocidib
L1000,L1000::bosutinib::MCF7::::48H::10uM::LKCP001::C01::BRD-K99964838,bosutinib,brd-k99964838,bosutinib
L1000,L1000::PD-184352::MCF7::::48H::10uM::LKCP001::O10::BRD-K05104363,PD-184352,brd-k05104363,pd-184352
L1000,L1000::vandetanib::MCF7::::48H::10uM::LKCP001::G10::BRD-K77625799,vandetanib,brd-k77625799,vandetanib
L1000,L1000::dasatinib::MCF7::::48H::10uM::LKCP001::L10::BRD-K49328571,dasatinib,brd-k49328571,dasatinib
L1000,L1000::KPT-330::XC.L10::::24H::1.11uM::REP.A004::E15::BRD-K21361524,KPT-330,brd-k21361524,kpt-330
L1000,L1000::camicinal::XC.L10::::24H::10uM::REP.A004::M07::BRD-K23248433,camicinal,brd-k23248433,camicinal
L1000,L1000::KPT-330::XC.L10::::24H::3.33uM::REP.A004::E14::BRD-K21361524,KPT-330,brd-k21361524,kpt-330
L1000,L1000::KPT-330::XC.L10::::24H::10uM::REP.A004::E13::BRD-K21361524,KPT-330,brd-k21361524,kpt-330
L1000,L1000::fluorouracil::XC.L10::::24H::0.04uM::REP.A004::J24::BRD-K24844714,fluorouracil,brd-k24844714,fluorouracil
L1000,L1000::saracatinib::XC.L10::::24H::3.33uM::REP.A004::L08::BRD-K19540840,saracatinib,brd-k19540840,saracatinib
L1000,L1000::saracatinib::XC.L10::::24H::10uM::REP.A004::L07::BRD-K19540840,saracatinib,brd-k19540840,saracatinib
L1000,L1000::balicatib::XC.L10::::24H::1.11uM::REP.A004::P21::BRD-K27204852,balicatib,brd-k27204852,balicatib
L1000,L1000::KPT-330::XC.L10::::24H::0.37uM::REP.A004::E16::BRD-K21361524,KPT-330,brd-k21361524,kpt-330
L1000,L1000::tacedinaline::HELA::::24H::0.03uM::REP.B016::E11::BRD-K52313696,tacedinaline,brd-k52313696,tacedinaline
L1000,L1000::OTS-167::HELA::::24H::0.08uM::REP.B016::O10::BRD-K53417444,OTS-167,brd-k53417444,ots-167
L1000,L1000::OTS-167::HELA::::24H::0.03uM::REP.B016::O11::BRD-K53417444,OTS-167,brd-k53417444,ots-167
L1000,L1000::pyroxamide::HAP1.HDAC5::::24H::3.33uM::MOAR016::I05::BRD-K11663430,pyroxamide,brd-k11663430,pyroxamide
L1000,L1000::vandetanib::A549::::24H::3.33uM::REP.A025::K20::BRD-K77625799,vandetanib,brd-k77625799,vandetanib
L1000,L1000::tosedostat::A549::::24H::0.04uM::REP.A025::D18::BRD-K92241597,tosedostat,brd-k92241597,tosedostat
L1000,L1000::LY-2157299::A549::::24H::10uM::REP.A025::N01::BRD-K78118466,LY-2157299,brd-k78118466,ly-2157299
L1000,L1000::bosutinib::HT29::::24H::3.33uM::REP.A002::N20::BRD-K99964838,bosutinib,brd-k99964838,bosutinib
L1000,L1000::regorafenib::HT29::::24H::10uM::REP.A002::F19::BRD-K16730910,regorafenib,brd-k16730910,regorafenib
L1000,L1000::PRX-08066::HT29::::24H::10uM::REP.A002::H01::BRD-K16757695,PRX-08066,brd-k16757695,prx-08066
L1000,L1000::oxymetazoline::HT29::::24H::3.33uM::REP.A002::D14::BRD-K16195444,oxymetazoline,brd-k16195444,oxymetazoline
L1000,L1000::tesaglitazar::HT29::::24H::10uM::REP.A002::B07::BRD-K15507868,tesaglitazar,brd-k15507868,tesaglitazar
L1000,L1000::thioctic-acid::HT29::::24H::3.33uM::REP.A002::F02::BRD-A16347691,thioctic-acid,brd-a16347691,thioctic-acid
L1000,L1000::sotrastaurin::HT29::::24H::1.11uM::REP.A002::G09::BRD-K16761703,sotrastaurin,brd-k16761703,sotrastaurin
L1000,L1000::bosutinib::HT29::::24H::10uM::REP.A002::N19::BRD-K99964838,bosutinib,brd-k99964838,bosutinib
L1000,L1000::KX-2391::PC3::::24H::0.25uM::REP.B009::F21::BRD-K29968218,KX-2391,brd-k29968218,kx-2391
L1000,L1000::KX-2391::PC3::::24H::0.74uM::REP.B009::F20::BRD-K29968218,KX-2391,brd-k29968218,kx-2391
L1000,L1000::amlexanox::PC3::::24H::0.74uM::REP.B009::E08::BRD-K29530284,amlexanox,brd-k29530284,amlexanox
L1000,L1000::brequinar::A375::::24H::0.74uM::REP.B028::K20::BRD-K96123349,brequinar,brd-k96123349,brequinar
L1000,L1000::brequinar::A375::::24H::0.25uM::REP.B028::K21::BRD-K96123349,brequinar,brd-k96123349,brequinar
L1000,L1000::pirfenidone::A375::::24H::0.08uM::REP.B028::M16::BRD-K96862998,pirfenidone,brd-k96862998,pirfenidone
L1000,L1000::brequinar::A375::::24H::2.22uM::REP.B028::K19::BRD-K96123349,brequinar,brd-k96123349,brequinar
L1000,L1000::GDC-0941::NALM6::::24H::0.125uM::AICHI001::A10::BRD-K52911425,GDC-0941,brd-k52911425,gdc-0941
L1000,L1000::sotrastaurin::NALM6::::24H::10uM::AICHI001::D19::BRD-K16761703,sotrastaurin,brd-k16761703,sotrastaurin
L1000,L1000::BRD-K16277767::NALM6::::24H::2.5uM::AICHI001::L08::BRD-K16277767,BRD-K16277767,brd-k16277767,brd-k16277767
L1000,L1000::CX-4945::NALM6::::24H::10uM::AICHI001::M01::BRD-K81458380,CX-4945,brd-k81458380,cx-4945
L1000,L1000::GDC-0941::NALM6::::24H::10uM::AICHI001::I13::BRD-K52911425,GDC-0941,brd-k52911425,gdc-0941
L1000,L1000::GDC-0941::NALM6::::24H::2.5uM::AICHI001::A08::BRD-K52911425,GDC-0941,brd-k52911425,gdc-0941
L1000,L1000::CX-4945::NALM6::::24H::0.01uM::AICHI001::M06::BRD-K81458380,CX-4945,brd-k81458380,cx-4945
L1000,L1000::vorinostat::NALM6::::24H::10uM::AICHI001::G13::BRD-K81418486,vorinostat,brd-k81418486,vorinostat
L1000,L1000::BRD-K08565465::NALM6::::24H::0.04uM::AICHI001::E11::BRD-K08565465,BRD-K08565465,brd-k08565465,brd-k08565465
L1000,L1000::BRD-K16277767::NALM6::::24H::10uM::AICHI001::L07::BRD-K16277767,BRD-K16277767,brd-k16277767,brd-k16277767
L1000,L1000::midostaurin::NALM6::::24H::10uM::AICHI001::F19::BRD-K13646352,midostaurin,brd-k13646352,midostaurin
L1000,L1000::vorinostat::NALM6::::24H::2.5uM::AICHI001::G14::BRD-K81418486,vorinostat,brd-k81418486,vorinostat
L1000,L1000::vorinostat::NALM6::::24H::0.66uM::AICHI001::G15::BRD-K81418486,vorinostat,brd-k81418486,vorinostat
L1000,L1000::KPT-330::MCF7::::24H::3.33uM::REP.A004::E14::BRD-K21361524,KPT-330,brd-k21361524,kpt-330
L1000,L1000::KPT-330::MCF7::::24H::1.11uM::REP.A004::E15::BRD-K21361524,KPT-330,brd-k21361524,kpt-330
L1000,L1000::KPT-330::MCF7::::24H::10uM::REP.A004::E13::BRD-K21361524,KPT-330,brd-k21361524,kpt-330
L1000,L1000::saracatinib::MCF7::::24H::10uM::REP.A004::L07::BRD-K19540840,saracatinib,brd-k19540840,saracatinib
L1000,L1000::fluorouracil::MCF7::::24H::10uM::REP.A004::J19::BRD-K24844714,fluorouracil,brd-k24844714,fluorouracil
L1000,L1000::perhexiline::MCF7::::24H::10uM::REP.A004::D13::BRD-A19633847,perhexiline,brd-a19633847,perhexiline
L1000,L1000::saracatinib::MCF7::::24H::3.33uM::REP.A004::L08::BRD-K19540840,saracatinib,brd-k19540840,saracatinib
L1000,L1000::KPT-330::MCF7::::24H::0.37uM::REP.A004::E16::BRD-K21361524,KPT-330,brd-k21361524,kpt-330
L1000,L1000::alvocidib::YAPC::::24H::0.03uM::REP.B026::B23::BRD-K87909389,alvocidib,brd-k87909389,alvocidib
L1000,L1000::KD-025::YAPC::::24H::2.22uM::REP.B026::C13::BRD-K88506063,KD-025,brd-k88506063,kd-025
L1000,L1000::CYT-387::YAPC::::24H::2.22uM::REP.B026::B13::BRD-K87737963,CYT-387,brd-k87737963,cyt-387
L1000,L1000::alvocidib::YAPC::::24H::0.08uM::REP.B026::B22::BRD-K87909389,alvocidib,brd-k87909389,alvocidib
L1000,L1000::tandutinib::YAPC::::24H::0.74uM::REP.B026::F02::BRD-K89162000,tandutinib,brd-k89162000,tandutinib
L1000,L1000::flumazenil::YAPC::::24H::0.03uM::REP.B026::M05::BRD-K98769987,flumazenil,brd-k98769987,flumazenil
L1000,L1000::alvocidib::YAPC::::24H::0.25uM::REP.B026::B21::BRD-K87909389,alvocidib,brd-k87909389,alvocidib
L1000,L1000::dasatinib::TMD8::::24H::10uM::EMU001::I19::BRD-K49328571,dasatinib,brd-k49328571,dasatinib
L1000,L1000::PF-06465469::TMD8::::24H::0.04uM::EMU001::N11::BRD-K77503770,PF-06465469,brd-k77503770,pf-06465469
L1000,L1000::vorinostat::TMD8::::24H::0.66uM::EMU001::O03::BRD-K81418486,vorinostat,brd-k81418486,vorinostat
L1000,L1000::GDC-0199::TMD8::::24H::10uM::EMU001::N19::BRD-K62391742,GDC-0199,brd-k62391742,gdc-0199
L1000,L1000::LCB-03-0110::TMD8::::24H::2.5uM::EMU001::O14::BRD-K11357827,LCB-03-0110,brd-k11357827,lcb-03-0110
L1000,L1000::PF-06465469::TMD8::::24H::0.125uM::EMU001::N10::BRD-K77503770,PF-06465469,brd-k77503770,pf-06465469
L1000,L1000::BRD-K94199083::TMD8::::24H::2.5uM::EMU001::H14::BRD-K94199083,BRD-K94199083,brd-k94199083,brd-k94199083
L1000,L1000::PF-06465469::TMD8::::24H::2.5uM::EMU001::N08::BRD-K77503770,PF-06465469,brd-k77503770,pf-06465469
L1000,L1000::PF-06465469::TMD8::::24H::0.66uM::EMU001::N09::BRD-K77503770,PF-06465469,brd-k77503770,pf-06465469
L1000,L1000::lapatinib::TMD8::::24H::10uM::EMU001::L13::BRD-K19687926,lapatinib,brd-k19687926,lapatinib
L1000,L1000::vorinostat::TMD8::::24H::10uM::EMU001::O01::BRD-K81418486,vorinostat,brd-k81418486,vorinostat
L1000,L1000::bosutinib::TMD8::::24H::10uM::EMU001::J19::BRD-K99964838,bosutinib,brd-k99964838,bosutinib
L1000,L1000::I-BET-762::TMD8::::24H::10uM::EMU001::K19::BRD-K08109215,I-BET-762,brd-k08109215,i-bet-762
L1000,L1000::vorinostat::TMD8::::24H::2.5uM::EMU001::O02::BRD-K81418486,vorinostat,brd-k81418486,vorinostat
L1000,L1000::vorinostat::TMD8::::24H::0.125uM::EMU001::O04::BRD-K81418486,vorinostat,brd-k81418486,vorinostat
L1000,L1000::saracatinib::TMD8::::24H::10uM::EMU001::M19::BRD-K19540840,saracatinib,brd-k19540840,saracatinib
L1000,L1000::dasatinib::TMD8::::24H::2.5uM::EMU001::I20::BRD-K49328571,dasatinib,brd-k49328571,dasatinib
L1000,L1000::I-BET-762::TMD8::::24H::0.66uM::EMU001::K21::BRD-K08109215,I-BET-762,brd-k08109215,i-bet-762
L1000,L1000::bosutinib::TMD8::::24H::2.5uM::EMU001::J20::BRD-K99964838,bosutinib,brd-k99964838,bosutinib
L1000,L1000::I-BET-762::TMD8::::24H::2.5uM::EMU001::K20::BRD-K08109215,I-BET-762,brd-k08109215,i-bet-762
L1000,L1000::masitinib::TMD8::::24H::10uM::EMU001::I13::BRD-K71035033,masitinib,brd-k71035033,masitinib
L1000,L1000::PF-06465469::TMD8::::24H::10uM::EMU001::N07::BRD-K77503770,PF-06465469,brd-k77503770,pf-06465469
L1000,L1000::BRD-K94199083::TMD8::::24H::10uM::EMU001::H13::BRD-K94199083,BRD-K94199083,brd-k94199083,brd-k94199083
L1000,L1000::LCB-03-0110::TMD8::::24H::10uM::EMU001::O13::BRD-K11357827,LCB-03-0110,brd-k11357827,lcb-03-0110
L1000,L1000::gossypol::TMD8::::24H::10uM::EMU001::M01::BRD-K19295594,gossypol,brd-k19295594,gossypol
L1000,L1000::BRD-K27859162::HCT116.WT::::24H::3.33uM::ISO002::B20::BRD-K27859162,BRD-K27859162,brd-k27859162,brd-k27859162
L1000,L1000::endo-IWR-1::HCT116.WT::::24H::3.33uM::ISO002::M14::BRD-K61314889,endo-IWR-1,brd-k61314889,endo-iwr-1
L1000,L1000::LGX-818::HCT116.WT::::24H::3.33uM::ISO002::N08::BRD-A56085258,LGX-818,brd-a56085258,lgx-818
L1000,L1000::LGX-818::HCT116.WT::::24H::0.37uM::ISO002::N10::BRD-A56085258,LGX-818,brd-a56085258,lgx-818
L1000,L1000::TPCA-1::HCT116.WT::::24H::3.33uM::ISO002::E08::BRD-K51575138,TPCA-1,brd-k51575138,tpca-1
L1000,L1000::BRD-K47438704::HCT116.WT::::24H::10uM::ISO002::K13::BRD-K47438704,BRD-K47438704,brd-k47438704,brd-k47438704
L1000,L1000::LGX-818::HCT116.WT::::24H::1.11uM::ISO002::N09::BRD-A56085258,LGX-818,brd-a56085258,lgx-818
L1000,L1000::BRD-K38024286::HCT116.WT::::24H::1.11uM::ISO002::J03::BRD-K38024286,BRD-K38024286,brd-k38024286,brd-k38024286
L1000,L1000::BRD-K38024286::HCT116.WT::::24H::0.125uM::ISO002::J05::BRD-K38024286,BRD-K38024286,brd-k38024286,brd-k38024286
L1000,L1000::LGX-818::HCT116.WT::::24H::0.04uM::ISO002::N12::BRD-A56085258,LGX-818,brd-a56085258,lgx-818
L1000,L1000::BRD-K47438704::HCT116.WT::::24H::1.11uM::ISO002::K15::BRD-K47438704,BRD-K47438704,brd-k47438704,brd-k47438704
L1000,L1000::BRD-K27859162::HCT116.WT::::24H::10uM::ISO002::B19::BRD-K27859162,BRD-K27859162,brd-k27859162,brd-k27859162
L1000,L1000::BRD-K92361663::HCT116.WT::::24H::10uM::ISO002::D07::BRD-K92361663,BRD-K92361663,brd-k92361663,brd-k92361663
L1000,L1000::BRD-K38024286::HCT116.WT::::24H::0.37uM::ISO002::J04::BRD-K38024286,BRD-K38024286,brd-k38024286,brd-k38024286
L1000,L1000::BRD-K38024286::HCT116.WT::::24H::10uM::ISO002::J01::BRD-K38024286,BRD-K38024286,brd-k38024286,brd-k38024286
L1000,L1000::BRD-K78306794::HCT116.WT::::24H::10uM::ISO002::L13::BRD-K78306794,BRD-K78306794,brd-k78306794,brd-k78306794
L1000,L1000::BRD-K14929173::HCT116.WT::::24H::10uM::ISO002::C07::BRD-K14929173,BRD-K14929173,brd-k14929173,brd-k14929173
L1000,L1000::LGX-818::HCT116.WT::::24H::0.125uM::ISO002::N11::BRD-A56085258,LGX-818,brd-a56085258,lgx-818
L1000,L1000::BRD-K47438704::HCT116.WT::::24H::3.33uM::ISO002::K14::BRD-K47438704,BRD-K47438704,brd-k47438704,brd-k47438704
L1000,L1000::BRD-K38024286::HCT116.WT::::24H::3.33uM::ISO002::J02::BRD-K38024286,BRD-K38024286,brd-k38024286,brd-k38024286
L1000,L1000::TG-101348::HCT116.WT::::24H::1.11uM::ISO002::N15::BRD-K12502280,TG-101348,brd-k12502280,tg-101348
L1000,L1000::TG-101348::HCT116.WT::::24H::10uM::ISO002::N13::BRD-K12502280,TG-101348,brd-k12502280,tg-101348
L1000,L1000::BRD-K70739429::HCT116.WT::::24H::10uM::ISO002::I07::BRD-K70739429,BRD-K70739429,brd-k70739429,brd-k70739429
L1000,L1000::endo-IWR-1::HCT116.WT::::24H::10uM::ISO002::M13::BRD-K61314889,endo-IWR-1,brd-k61314889,endo-iwr-1
L1000,L1000::LGX-818::HCT116.WT::::24H::10uM::ISO002::N07::BRD-A56085258,LGX-818,brd-a56085258,lgx-818
L1000,L1000::BAY-87-2243::MCF10A.WT::::24H::3.33uM::LCP001::N08::BRD-K70463136,BAY-87-2243,brd-k70463136,bay-87-2243
L1000,L1000::panobinostat::MCF10A.WT::::24H::3.33uM::LCP001::J23::BRD-K02130563,panobinostat,brd-k02130563,panobinostat
L1000,L1000::bosutinib::MCF10A.WT::::24H::1.11uM::LCP001::B15::BRD-K99964838,bosutinib,brd-k99964838,bosutinib
L1000,L1000::panobinostat::MCF10A.WT::::24H::1.11uM::LCP001::J24::BRD-K02130563,panobinostat,brd-k02130563,panobinostat
L1000,L1000::trametinib::MCF10A.WT::::24H::10uM::LCP001::D16::BRD-K12343256,trametinib,brd-k12343256,trametinib
L1000,L1000::dasatinib::MCF10A.WT::::24H::3.33uM::LCP001::J02::BRD-K49328571,dasatinib,brd-k49328571,dasatinib
L1000,L1000::dasatinib::MCF10A.WT::::24H::10uM::LCP001::J01::BRD-K49328571,dasatinib,brd-k49328571,dasatinib
L1000,L1000::trametinib::MCF10A.WT::::24H::3.33uM::LCP001::D17::BRD-K12343256,trametinib,brd-k12343256,trametinib
L1000,L1000::PD-184352::MCF10A.WT::::24H::1.11uM::LCP001::I03::BRD-K05104363,PD-184352,brd-k05104363,pd-184352
L1000,L1000::vorinostat::MCF10A.WT::::24H::10uM::LCP001::N22::BRD-K81418486,vorinostat,brd-k81418486,vorinostat
L1000,L1000::vorinostat::MCF10A.WT::::24H::1.11uM::LCP001::N24::BRD-K81418486,vorinostat,brd-k81418486,vorinostat
L1000,L1000::regorafenib::MCF10A.WT::::24H::3.33uM::LCP001::E05::BRD-K16730910,regorafenib,brd-k16730910,regorafenib
L1000,L1000::bromosporine::MCF10A.WT::::24H::3.33uM::LCP001::D05::BRD-K44665581,bromosporine,brd-k44665581,bromosporine
L1000,L1000::CID-5458317::MCF10A.WT::::24H::3.33uM::LCP001::J14::BRD-A08840375,CID-5458317,brd-a08840375,cid-5458317
L1000,L1000::ponatinib::MCF10A.WT::::24H::10uM::LCP001::M04::BRD-K44227013,ponatinib,brd-k44227013,ponatinib
L1000,L1000::nilotinib::MCF10A.WT::::24H::10uM::LCP001::L04::BRD-K81528515,nilotinib,brd-k81528515,nilotinib
L1000,L1000::bosutinib::MCF10A.WT::::24H::3.33uM::LCP001::B14::BRD-K99964838,bosutinib,brd-k99964838,bosutinib
L1000,L1000::GNE-477::MCF10A.WT::::24H::1.11uM::LCP001::J21::BRD-K12609995,GNE-477,brd-k12609995,gne-477
L1000,L1000::I-BET-762::MCF10A.WT::::24H::10uM::LCP001::L22::BRD-K08109215,I-BET-762,brd-k08109215,i-bet-762
L1000,L1000::palbociclib::MCF10A.WT::::24H::3.33uM::LCP001::B20::BRD-K51313569,palbociclib,brd-k51313569,palbociclib
L1000,L1000::CYT-387::MCF10A.WT::::24H::10uM::LCP001::G04::BRD-K87737963,CYT-387,brd-k87737963,cyt-387
L1000,L1000::ponatinib::MCF10A.WT::::24H::3.33uM::LCP001::M05::BRD-K44227013,ponatinib,brd-k44227013,ponatinib
L1000,L1000::GNE-477::MCF10A.WT::::24H::3.33uM::LCP001::J20::BRD-K12609995,GNE-477,brd-k12609995,gne-477
L1000,L1000::NVP-ADW742::MCF10A.WT::::24H::1.11uM::LCP001::H03::BRD-K15179513,NVP-ADW742,brd-k15179513,nvp-adw742
L1000,L1000::PFI-1::MCF10A.WT::::24H::10uM::LCP001::K22::BRD-K13094524,PFI-1,brd-k13094524,pfi-1
L1000,L1000::PD-184352::MCF10A.WT::::24H::10uM::LCP001::I01::BRD-K05104363,PD-184352,brd-k05104363,pd-184352
L1000,L1000::bosutinib::MCF10A.WT::::24H::10uM::LCP001::B13::BRD-K99964838,bosutinib,brd-k99964838,bosutinib
L1000,L1000::GNE-477::MCF10A.WT::::24H::10uM::LCP001::J19::BRD-K12609995,GNE-477,brd-k12609995,gne-477
L1000,L1000::CYT-387::MCF10A.WT::::24H::3.33uM::LCP001::G05::BRD-K87737963,CYT-387,brd-k87737963,cyt-387
L1000,L1000::SB-415286::MCF10A.WT::::24H::10uM::LCP001::L16::BRD-K76805682,SB-415286,brd-k76805682,sb-415286
L1000,L1000::I-BET-762::MCF10A.WT::::24H::3.33uM::LCP001::L23::BRD-K08109215,I-BET-762,brd-k08109215,i-bet-762
L1000,L1000::LY-2835219::MCF10A.WT::::24H::10uM::LCP001::F22::BRD-K33622447,LY-2835219,brd-k33622447,ly-2835219
L1000,L1000::panobinostat::MCF10A.WT::::24H::10uM::LCP001::J22::BRD-K02130563,panobinostat,brd-k02130563,panobinostat
L1000,L1000::LY-2835219::MCF10A.WT::::24H::1.11uM::LCP001::F24::BRD-K33622447,LY-2835219,brd-k33622447,ly-2835219
L1000,L1000::bromosporine::MCF10A.WT::::24H::1.11uM::LCP001::D06::BRD-K44665581,bromosporine,brd-k44665581,bromosporine
L1000,L1000::dasatinib::MCF10A.WT::::24H::1.11uM::LCP001::J03::BRD-K49328571,dasatinib,brd-k49328571,dasatinib
L1000,L1000::NVP-ADW742::MCF10A.WT::::24H::10uM::LCP001::H01::BRD-K15179513,NVP-ADW742,brd-k15179513,nvp-adw742
L1000,L1000::PD-184352::MCF10A.WT::::24H::3.33uM::LCP001::I02::BRD-K05104363,PD-184352,brd-k05104363,pd-184352
L1000,L1000::BAY-87-2243::MCF10A.WT::::24H::1.11uM::LCP001::N09::BRD-K70463136,BAY-87-2243,brd-k70463136,bay-87-2243
L1000,L1000::palbociclib::MCF10A.WT::::24H::1.11uM::LCP001::B21::BRD-K51313569,palbociclib,brd-k51313569,palbociclib
L1000,L1000::GDC-0941::MCF10A.WT::::24H::1.11uM::LCP001::N03::BRD-K52911425,GDC-0941,brd-k52911425,gdc-0941
L1000,L1000::BAY-87-2243::MCF10A.WT::::24H::10uM::LCP001::N07::BRD-K70463136,BAY-87-2243,brd-k70463136,bay-87-2243
L1000,L1000::regorafenib::MCF10A.WT::::24H::10uM::LCP001::E04::BRD-K16730910,regorafenib,brd-k16730910,regorafenib
L1000,L1000::GDC-0941::MCF10A.WT::::24H::10uM::LCP001::N01::BRD-K52911425,GDC-0941,brd-k52911425,gdc-0941
L1000,L1000::palbociclib::MCF10A.WT::::24H::10uM::LCP001::B19::BRD-K51313569,palbociclib,brd-k51313569,palbociclib
L1000,L1000::SGC-CBP30::MCF10A.WT::::24H::10uM::LCP001::C19::BRD-K24821794,SGC-CBP30,brd-k24821794,sgc-cbp30
L1000,L1000::CID-5458317::MCF10A.WT::::24H::10uM::LCP001::J13::BRD-A08840375,CID-5458317,brd-a08840375,cid-5458317
L1000,L1000::vorinostat::MCF10A.WT::::24H::3.33uM::LCP001::N23::BRD-K81418486,vorinostat,brd-k81418486,vorinostat
L1000,L1000::LY-2835219::MCF10A.WT::::24H::3.33uM::LCP001::F23::BRD-K33622447,LY-2835219,brd-k33622447,ly-2835219
L1000,L1000::GDC-0941::MCF10A.WT::::24H::3.33uM::LCP001::N02::BRD-K52911425,GDC-0941,brd-k52911425,gdc-0941
L1000,L1000::trametinib::MCF10A.WT::::24H::1.11uM::LCP001::D18::BRD-K12343256,trametinib,brd-k12343256,trametinib
L1000,L1000::bromosporine::MCF10A.WT::::24H::10uM::LCP001::D04::BRD-K44665581,bromosporine,brd-k44665581,bromosporine
L1000,L1000::I-BET-762::MCF10A.WT::::24H::1.11uM::LCP001::L24::BRD-K08109215,I-BET-762,brd-k08109215,i-bet-762
L1000,L1000::I-BET-151::HAP1.ITGA4::::24H::3.33uM::MOAR015::M07::BRD-K36363294,I-BET-151,brd-k36363294,i-bet-151
L1000,L1000::vorinostat::HAP1.ITGA4::::24H::0.66uM::MOAR015::A08::BRD-K81418486,vorinostat,brd-k81418486,vorinostat
L1000,L1000::vorinostat::HAP1.ITGA4::::24H::3.33uM::MOAR015::A07::BRD-K81418486,vorinostat,brd-k81418486,vorinostat
L1000,L1000::I-BET-762::HAP1.ITGA4::::24H::0.66uM::MOAR015::D08::BRD-K08109215,I-BET-762,brd-k08109215,i-bet-762
L1000,L1000::I-BET-762::HAP1.ITGA4::::24H::3.33uM::MOAR015::D07::BRD-K08109215,I-BET-762,brd-k08109215,i-bet-762
L1000,L1000::colchicine::MCF10A::::24H::0.125uM::REP.A012::A23::BRD-K00259736,colchicine,brd-k00259736,colchicine
L1000,L1000::foretinib::MCF10A::::24H::10uM::REP.A012::P19::BRD-K03449891,foretinib,brd-k03449891,foretinib
L1000,L1000::colchicine::MCF10A::::24H::1.11uM::REP.A012::A21::BRD-K00259736,colchicine,brd-k00259736,colchicine
L1000,L1000::colchicine::MCF10A::::24H::3.33uM::REP.A012::A20::BRD-K00259736,colchicine,brd-k00259736,colchicine
L1000,L1000::colchicine::MCF10A::::24H::10uM::REP.A012::A19::BRD-K00259736,colchicine,brd-k00259736,colchicine
L1000,L1000::colchicine::MCF10A::::24H::0.37uM::REP.A012::A22::BRD-K00259736,colchicine,brd-k00259736,colchicine
L1000,L1000::arsenic-trioxide::HPTEC::::6H::100uM::KTOX002::F18::BRD-K19925945,arsenic-trioxide,brd-k19925945,arsenic-trioxide
L1000,L1000::colchicine::HPTEC::::6H::320uM::KTOX002::H15::BRD-A46684810,colchicine,brd-a46684810,colchicine
L1000,L1000::BRD-A91712064::HPTEC::::6H::100uM::KTOX002::E14::BRD-A91712064,BRD-A91712064,brd-a91712064,brd-a91712064
L1000,L1000::BRD-A79545933::HPTEC::::6H::100uM::KTOX002::D19::BRD-A79545933,BRD-A79545933,brd-a79545933,brd-a79545933
L1000,L1000::furosemide::HPTEC::::6H::320uM::KTOX002::P03::BRD-K78010432,furosemide,brd-k78010432,furosemide
L1000,L1000::mitomycin::HPTEC::::6H::10uM::KTOX002::J05::BRD-A21478517,mitomycin,brd-a21478517,mitomycin
L1000,L1000::BRD-A79545933::HPTEC::::6H::320uM::KTOX002::D17::BRD-A79545933,BRD-A79545933,brd-a79545933,brd-a79545933
L1000,L1000::dcv-gsh::HPTEC::::6H::1000uM::KTOX002::N02::BRD-A56498687,dcv-gsh,brd-a56498687,dcv-gsh
L1000,L1000::4-AMINOPHENOL::HPTEC::::6H::10uM::KTOX002::M19::BRD-K54563688,4-AMINOPHENOL,brd-k54563688,4-aminophenol
L1000,L1000::citrinin::HPTEC::::6H::30uM::KTOX002::O20::BRD-A40177530,citrinin,brd-a40177530,citrinin
L1000,L1000::amanitin::HPTEC::::6H::10uM::KTOX002::L21::BRD-A22068566,amanitin,brd-a22068566,amanitin
L1000,L1000::BRD-U12060954::HPTEC::::6H::30uM::KTOX002::H20::BRD-U12060954,BRD-U12060954,brd-u12060954,brd-u12060954
L1000,L1000::BRD-A50590638::HPTEC::::6H::0.3uM::KTOX002::B24::BRD-A50590638,BRD-A50590638,brd-a50590638,brd-a50590638
L1000,L1000::amphotericin::HPTEC::::6H::320uM::KTOX002::D03::BRD-A30193965,amphotericin,brd-a30193965,amphotericin
L1000,L1000::arsenic-trioxide::HPTEC::::6H::320uM::KTOX002::F16::BRD-K19925945,arsenic-trioxide,brd-k19925945,arsenic-trioxide
L1000,L1000::BRD-A44251274::HPTEC::::6H::320uM::KTOX002::E04::BRD-A44251274,BRD-A44251274,brd-a44251274,brd-a44251274
L1000,L1000::paraquat::HPTEC::::6H::1000uM::KTOX002::L14::BRD-K04254463,paraquat,brd-k04254463,paraquat
L1000,L1000::amanitin::HPTEC::::6H::320uM::KTOX002::L15::BRD-A22068566,amanitin,brd-a22068566,amanitin
L1000,L1000::colchicine::HPTEC::::6H::100uM::KTOX002::H17::BRD-A46684810,colchicine,brd-a46684810,colchicine
L1000,L1000::BRD-A50590638::HPTEC::::6H::100uM::KTOX002::B14::BRD-A50590638,BRD-A50590638,brd-a50590638,brd-a50590638
L1000,L1000::BRD-A50590638::HPTEC::::6H::30uM::KTOX002::B16::BRD-A50590638,BRD-A50590638,brd-a50590638,brd-a50590638
L1000,L1000::ciprofloxacin::HPTEC::::6H::1000uM::KTOX002::I02::BRD-K04804440,ciprofloxacin,brd-k04804440,ciprofloxacin
L1000,L1000::carbamazepine::HPTEC::::6H::1000uM::KTOX002::N13::BRD-K71799949,carbamazepine,brd-k71799949,carbamazepine
L1000,L1000::fluorouracil::HPTEC::::6H::1000uM::KTOX002::O02::BRD-K24844714,fluorouracil,brd-k24844714,fluorouracil
L1000,L1000::BRD-A91712064::HPTEC::::6H::10uM::KTOX002::E18::BRD-A91712064,BRD-A91712064,brd-a91712064,brd-a91712064
L1000,L1000::BRD-A38479395::HPTEC::::6H::30uM::KTOX002::G08::BRD-A38479395,BRD-A38479395,brd-a38479395,brd-a38479395
L1000,L1000::BRD-A38479395::HPTEC::::6H::3.33uM::KTOX002::G12::BRD-A38479395,BRD-A38479395,brd-a38479395,brd-a38479395
L1000,L1000::aspirin::HPTEC::::6H::30uM::KTOX002::M08::BRD-K11433652,aspirin,brd-k11433652,aspirin
L1000,L1000::erlotinib::HPTEC::::6H::10uM::KTOX002::H05::BRD-K70401845,erlotinib,brd-k70401845,erlotinib
L1000,L1000::colchicine::HPTEC::::6H::10uM::KTOX002::H21::BRD-A46684810,colchicine,brd-a46684810,colchicine
L1000,L1000::citrinin::HPTEC::::6H::1000uM::KTOX002::O14::BRD-A40177530,citrinin,brd-a40177530,citrinin
L1000,L1000::paraquat::HPTEC::::6H::320uM::KTOX002::L16::BRD-K04254463,paraquat,brd-k04254463,paraquat
L1000,L1000::troglitazone::HPTEC::::6H::0.3uM::KTOX002::K23::BRD-A13084692,troglitazone,brd-a13084692,troglitazone
L1000,L1000::BRD-A91712064::HPTEC::::6H::3.33uM::KTOX002::E20::BRD-A91712064,BRD-A91712064,brd-a91712064,brd-a91712064
L1000,L1000::lapatinib::HPTEC::::6H::30uM::KTOX002::F15::BRD-K19687926,lapatinib,brd-k19687926,lapatinib
L1000,L1000::BRD-A44251274::HPTEC::::6H::1000uM::KTOX002::E02::BRD-A44251274,BRD-A44251274,brd-a44251274,brd-a44251274
L1000,L1000::colchicine::HPTEC::::6H::3.33uM::KTOX002::H23::BRD-A46684810,colchicine,brd-a46684810,colchicine
L1000,L1000::erlotinib::HPTEC::::6H::100uM::KTOX002::H01::BRD-K70401845,erlotinib,brd-k70401845,erlotinib
L1000,L1000::ciprofloxacin::HPTEC::::6H::3.33uM::KTOX002::I12::BRD-K04804440,ciprofloxacin,brd-k04804440,ciprofloxacin
L1000,L1000::pioglitazone::HPTEC::::6H::1.11uM::KTOX002::G21::BRD-A48430263,pioglitazone,brd-a48430263,pioglitazone
L1000,L1000::pioglitazone::HPTEC::::6H::100uM::KTOX002::G13::BRD-A48430263,pioglitazone,brd-a48430263,pioglitazone
L1000,L1000::pentamidine::HPTEC::::6H::1000uM::KTOX002::D14::BRD-K13183738,pentamidine,brd-k13183738,pentamidine
L1000,L1000::BRD-A38479395::HPTEC::::6H::1000uM::KTOX002::G02::BRD-A38479395,BRD-A38479395,brd-a38479395,brd-a38479395
L1000,L1000::erlotinib::HPTEC::::6H::1.11uM::KTOX002::H09::BRD-K70401845,erlotinib,brd-k70401845,erlotinib
L1000,L1000::4-AMINOPHENOL::HPTEC::::6H::30uM::KTOX002::M17::BRD-K54563688,4-AMINOPHENOL,brd-k54563688,4-aminophenol
L1000,L1000::ibuprofen::HPTEC::::6H::1000uM::KTOX002::K01::BRD-A17655518,ibuprofen,brd-a17655518,ibuprofen
L1000,L1000::4-AMINOPHENOL::HPTEC::::6H::320uM::KTOX002::M13::BRD-K54563688,4-AMINOPHENOL,brd-k54563688,4-aminophenol
L1000,L1000::lapatinib::HPTEC::::6H::100uM::KTOX002::F13::BRD-K19687926,lapatinib,brd-k19687926,lapatinib
L1000,L1000::citrinin::HPTEC::::6H::320uM::KTOX002::O16::BRD-A40177530,citrinin,brd-a40177530,citrinin
L1000,L1000::dfcl-cys::HPTEC::::6H::100uM::KTOX002::P06::BRD-U91334711,dfcl-cys,brd-u91334711,dfcl-cys
L1000,L1000::BRD-A79545933::HPTEC::::6H::30uM::KTOX002::D21::BRD-A79545933,BRD-A79545933,brd-a79545933,brd-a79545933
L1000,L1000::BRD-K13959223::HPTEC::::6H::100uM::KTOX002::D02::BRD-K13959223,BRD-K13959223,brd-k13959223,brd-k13959223
L1000,L1000::lapatinib::HPTEC::::6H::3.33uM::KTOX002::F19::BRD-K19687926,lapatinib,brd-k19687926,lapatinib
L1000,L1000::BRD-U37528018::HPTEC::::6H::100uM::KTOX002::B13::BRD-U37528018,BRD-U37528018,brd-u37528018,brd-u37528018
L1000,L1000::furosemide::HPTEC::::6H::10uM::KTOX002::P09::BRD-K78010432,furosemide,brd-k78010432,furosemide
L1000,L1000::troglitazone::HPTEC::::6H::10uM::KTOX002::K17::BRD-A13084692,troglitazone,brd-a13084692,troglitazone
L1000,L1000::fluorouracil::HPTEC::::6H::100uM::KTOX002::O06::BRD-K24844714,fluorouracil,brd-k24844714,fluorouracil
L1000,L1000::dfcl-cys::HPTEC::::6H::1000uM::KTOX002::P02::BRD-U91334711,dfcl-cys,brd-u91334711,dfcl-cys
L1000,L1000::arsenic-trioxide::HPTEC::::6H::1000uM::KTOX002::F14::BRD-K19925945,arsenic-trioxide,brd-k19925945,arsenic-trioxide
L1000,L1000::BRD-U12060954::HPTEC::::6H::1000uM::KTOX002::H14::BRD-U12060954,BRD-U12060954,brd-u12060954,brd-u12060954
L1000,L1000::BRD-A79545933::HPTEC::::6H::3200uM::KTOX002::D13::BRD-A79545933,BRD-A79545933,brd-a79545933,brd-a79545933
L1000,L1000::erlotinib::HPTEC::::6H::3.33uM::KTOX002::H07::BRD-K70401845,erlotinib,brd-k70401845,erlotinib
L1000,L1000::BRD-A50590638::HPTEC::::6H::10uM::KTOX002::B18::BRD-A50590638,BRD-A50590638,brd-a50590638,brd-a50590638
L1000,L1000::colchicine::HPTEC::::6H::30uM::KTOX002::H19::BRD-A46684810,colchicine,brd-a46684810,colchicine
L1000,L1000::BRD-A38479395::HPTEC::::6H::320uM::KTOX002::G04::BRD-A38479395,BRD-A38479395,brd-a38479395,brd-a38479395
L1000,L1000::BRD-A38479395::HPTEC::::6H::100uM::KTOX002::G06::BRD-A38479395,BRD-A38479395,brd-a38479395,brd-a38479395
L1000,L1000::BRD-A91712064::HPTEC::::6H::30uM::KTOX002::E16::BRD-A91712064,BRD-A91712064,brd-a91712064,brd-a91712064
L1000,L1000::BRD-A38479395::HPTEC::::6H::10uM::KTOX002::G10::BRD-A38479395,BRD-A38479395,brd-a38479395,brd-a38479395
L1000,L1000::amanitin::HPTEC::::6H::30uM::KTOX002::L19::BRD-A22068566,amanitin,brd-a22068566,amanitin
L1000,L1000::4-AMINOPHENOL::HPTEC::::6H::3.33uM::KTOX002::M21::BRD-K54563688,4-AMINOPHENOL,brd-k54563688,4-aminophenol
L1000,L1000::pentamidine::HPTEC::::6H::320uM::KTOX002::D16::BRD-K13183738,pentamidine,brd-k13183738,pentamidine
L1000,L1000::allopurinol::HPTEC::::6H::320uM::KTOX002::N03::BRD-K86307448,allopurinol,brd-k86307448,allopurinol
L1000,L1000::BRD-K80863915::HPTEC::::6H::1000uM::KTOX002::A13::BRD-K80863915,BRD-K80863915,brd-k80863915,brd-k80863915
