compound_embedding_row_index,compound_name,n_profiles,mean_total_error,variance_total_error,raw_error_inverted_score,source_normalized_inverted_score,min_profiles,model,actual,predicted
6647,Cephaeline; cephaeline,22,0.060955122,0.00035633612,0.9285531727330107,1.0,5,ridge,1.0,0.7816530466079712
3955,Clonazepam; clonazepam,10,0.1441904,0.0011358057,0.6173251768129229,0.6286486446345223,5,ridge,0.62864864,0.7561029195785522
1175,N-((1R)-1-(Ethoxycarbonyl)-3-phenylpropyl)-L-alanyl-L-proline; enalapril,7,0.116522424,0.00059738907,0.7207794924415087,0.7514987732969376,5,ridge,0.75149876,0.6900018453598022
4122,Coumarin; coumarin,6,0.08322487,0.00077055197,0.845283563905785,0.9321370933069494,5,ridge,0.9321371,0.6576516628265381
6432,"BRD-A25416824; benzoic acid [3-hydroxy-10-(hydroxymethyl)-13-methyl-2,3,4,7,8,9,11,12,14,15,16,17-dodecahydro-1H-cyclopenta[a]phenanthren-17-yl] ester",5,0.16903803,0.0005134891,0.5244165174790301,0.5125091938159058,5,ridge,0.51250917,0.7406170964241028
2821,PIK-75; Pik-75,72,0.09735851,0.0006768375,0.7924359666134928,0.8475438966394352,5,ridge,0.8475439,0.6906696557998657
579,BS-181,10,0.18597946,0.0005448174,0.4610702124793584,0.4396533535592801,5,ridge,0.43965337,0.8026278018951416
5132,Almonertinib (hydrochloride); HS-10296 hydrochloride,145,0.04068408,0.000119613615,1.0,0.8748595572116311,5,ridge,0.8748596,0.7577527761459351
1829,Sinomenine,143,0.04272854,0.00015931553,0.99670483540101,0.8405394514579436,5,ridge,0.84053946,0.7914692759513855
114,WZ-4002,48,0.094008625,0.00037242603,0.8049616410650489,0.8632014741130167,5,ridge,0.8632015,0.6829811930656433
2541,"3-[(3S,5R,10S,13R,14S,16S,17R)-3,14,16-trihydroxy-10,13-dimethyl-1,2,3,4,5,6,7,8,9,11,12,15,16,17-tetradecahydrocyclopenta[a]phenanthren-17-yl]-2H-furan-5-one; gitoxigenin",14,0.113289475,0.0005977037,0.7328679273258356,0.773081553808478,5,ridge,0.77308154,0.8141531944274902
198,(R)-2-((R)-2-Acetamido-3-(4-hydroxyphenyl)propanamido)-N-((R)-1-amino-1-oxo-3-phenylpropan-2-yl)-5-guanidinopentanamide; DTP3,140,0.048160017,0.00014811817,0.9763958060781784,0.7493618220064271,5,ridge,0.7493618,0.7875159978866577
2504,"(2R)-2-methyl-6-nitro-2-[[4-[4-[4-(trifluoromethoxy)phenoxy]piperidin-1-yl]phenoxy]methyl]-3H-imidazo[2,1-b][1,3]oxazole; Delamanid",142,0.042564668,0.00012751644,0.9973175750394532,0.8430781884346507,5,ridge,0.8430782,0.7920970320701599
4202,Erteberel; erteberel,8,0.11283126,0.00017501935,0.7345812553710729,0.7752232768592753,5,ridge,0.77522326,0.6668092012405396
1374,Benzbromarone; benzbromarone,12,0.121905506,0.00088594854,0.7006514185888149,0.732847844883586,5,ridge,0.73284787,0.6366568207740784
4762,nimodipine,13,0.10938084,0.0014247898,0.7474828438259418,0.7881035197941555,5,ridge,0.7881035,0.7574570178985596
2059,CID 6713947; tubocurarine,7,0.09058571,0.00023937103,0.8177603845936618,0.8792004066555825,5,ridge,0.8792004,0.7447290420532227
2332,7-Amino-4-chloro-3-methoxyisocoumarin; JLK-6,13,0.18077628,0.00079279783,0.4805256083490219,0.4576438322827426,5,ridge,0.45764384,0.6029268503189087
6689,"2-(dimethylamino)-1-[(8S,9S,10R)-10-(hydroxymethyl)-9-[4-[(E)-2-phenylethenyl]phenyl]-1,6-diazabicyclo[6.2.0]decan-6-yl]ethanone; BRD-K49477330",13,0.089423865,0.0006861586,0.8221046806614876,0.8846309470001636,5,ridge,0.8846309,0.7944443225860596
4191,5-chloro-7-iodoquinolin-8-ol; Clioquinol; clioquinol,13,0.10856458,0.001020416,0.7505349506976186,0.8211757456137956,5,ridge,0.82117575,0.6538590788841248
1046,"4-N-(7-chloroquinolin-4-yl)-1-N,1-N-diethylpentane-1,4-diamine; Chloroquine; chloroquine",29,0.24878982,0.03170707,0.2262137557517285,0.7430094815376871,5,ridge,0.7430095,0.7543787956237793
602,Promethazine; promethazine,7,0.11391719,0.00066707,0.7305208157866758,0.7635310030209032,5,ridge,0.763531,0.744961678981781
5220,"2,6-Difluoro-4-(4-(4-morpholinophenyl)pyridin-3-yl)phenol; LJI308",159,0.048396964,0.00037400375,0.9755098291015738,0.8360259076896124,5,ridge,0.8360259,0.7880085110664368
430,Ixazomib citrate,143,0.04129164,0.00013923344,1.0,0.864660557100391,5,ridge,0.86466056,0.7480672597885132
7656,"BRD-K91047982; N-(2,4-dimethylphenyl)-4-[2-(2-furylmethylene)hydrazino]-4-oxobutanamide",7,0.15979835,0.00049749366,0.5589649344296279,0.5556960626171168,5,ridge,0.55569607,0.6685277223587036
1458,TAS-103; TAS-103 free base,68,0.09814207,0.0007311185,0.7895061294778116,0.8438814954620089,5,ridge,0.8438815,0.7706620097160339
3502,Cladribine; cladribine,53,0.081729166,0.0004300387,0.8508762040650413,0.9205964727394622,5,ridge,0.9205965,0.7490667104721069
481,N1-(4-Chlorophenyl)-N5-isopropylbiguanide; proguanil,5,0.1931283,0.0006147042,0.4343397299265956,0.3702505021843163,5,ridge,0.3702505,0.8283361196517944
2174,"1-(2,4-dimethoxyphenyl)-3-(2,6-dimethylphenyl)-1-[6-[4-(4-methylpiperazin-1-yl)anilino]pyrimidin-4-yl]urea; HG-9-91-01",22,0.18022668,0.0008524792,0.4825806373063069,0.4602126964439479,5,ridge,0.4602127,0.7357516884803772
6561,(3-Isopropoxyphenyl)(1-((5-methyl-1-propyl-1H-pyrazol-4-yl)methyl)piperidin-3-yl)methanone; BRD-A12083771,8,0.21470019,0.00046758814,0.353679506830944,0.2990813153357244,5,ridge,0.29908133,0.6419333815574646
6378,"BRD-K38625260; N-[3-(1,3-benzothiazol-2-yl)-6-propan-2-yl-5,7-dihydro-4H-thieno[2,3-c]pyridin-2-yl]-2,2-difluoroacetamide",11,0.11381796,0.00053754344,0.7308918502179557,0.7706113864620405,5,ridge,0.7706114,0.7748441100120544
6704,"BRD-K51608872; N2,N2-dimethyl-6-[[[1-(1-naphthalenyl)-5-tetrazolyl]thio]methyl]-1,3,5-triazine-2,4-diamine",13,0.14002615,0.0009340641,0.632895872474085,0.6481125857696394,5,ridge,0.6481126,0.7312855124473572
1076,Barasertib; barasertib,20,0.2541688,0.0064339815,0.2061010198335013,0.7801288721473464,5,ridge,0.7801289,0.72462397813797
8382,BRD-K43796186; N-Benzylquinazolin-4-amine,7,0.12140507,0.00083663425,0.7025226166806415,0.7351486966374008,5,ridge,0.73514867,0.6763688921928406
20107,nifenazone,5,0.15113322,0.00026300692,0.5913650309882893,0.5620044394461075,5,ridge,0.56200445,0.566027045249939
2140,ASC-J9; Dimethoxycurcumin,10,0.12062623,0.00014538021,0.70543480509602,0.7387890409146384,5,ridge,0.738789,0.6874842643737793
5380,(-)-Hydrastine; hydrastine,5,0.11319263,0.0005073522,0.7332300439185727,0.7612876517560049,5,ridge,0.7612876,0.7372176647186279
3211,"3,5-diamino-N-(N'-benzylcarbamimidoyl)-6-chloropyrazine-2-carboxamide; Benzamil",14,0.1380663,0.0012498865,0.6402240174921623,0.6705841868632364,5,ridge,0.6705842,0.7418415546417236
5215,ERK5-IN-2; Erk5-IN-2,143,0.04967182,9.692788e-05,0.9707429695739744,0.7239833782258824,5,ridge,0.7239834,0.6819064021110535
2757,SB-743921; Sb-743921,119,0.09246724,0.00046925925,0.8107250886802689,0.8704059873065493,5,ridge,0.870406,0.6393525004386902
3080,"8-[3-chloro-5-[4-(1-methylpyrazol-4-yl)phenyl]pyridin-4-yl]-2,8-diazaspiro[4.5]decan-1-one; Cct251545",8,0.0996103,0.0008818541,0.7840162183316057,0.8339801946475105,5,ridge,0.8339802,0.7633452415466309
24205,Ascorbic acid,5,0.071457736,8.901177e-05,0.8892824742301204,0.9519911288410526,5,ridge,0.95199114,0.7499144673347473
7456,"(10R,11S)-10-[[1,3-benzodioxol-5-ylmethyl(methyl)amino]methyl]-13-[(2R)-1-hydroxypropan-2-yl]-11-methyl-9-oxa-13-azatricyclo[13.4.0.02,7]nonadeca-1(19),2,4,6,15,17-hexaen-14-one; BRD-K39597586",7,0.16672732,0.0007197016,0.5330565756338488,0.5233095951807771,5,ridge,0.5233096,0.7961977124214172
1780,Fenbendazole; fenbendazole,34,0.10484469,0.0005886775,0.7644441240380762,0.8119951739467335,5,ridge,0.81199515,0.695710301399231
2956,SB-2343; Vs-5584,57,0.09706927,0.00060003035,0.7935174742110277,0.8488958336708055,5,ridge,0.84889585,0.8137567043304443
2149,Trimetazidine; trimetazidine,5,0.114133015,0.0002688205,0.7297138168334261,0.7572363683479691,5,ridge,0.75723636,0.7499145865440369
944,Losartan; [2-butyl-5-chloro-3-[[4-[2-(2H-tetrazol-5-yl)phenyl]phenyl]methyl]imidazol-4-yl]methanol,11,0.20726281,0.003405157,0.3814888795862815,0.3995112779550636,5,ridge,0.39951128,0.7143361568450928
7340,"BRD-K02562327; N-(2-aminophenyl)-4-[[[(2R,3R)-9-(dimethylamino)-5-[(2R)-1-hydroxypropan-2-yl]-3-methyl-6-oxo-2,3,4,7-tetrahydro-1,5-benzoxazonin-2-yl]methyl-methylamino]methyl]benzamide",14,0.090532236,0.00043068547,0.8179603311338035,0.8794503602780781,5,ridge,0.8794504,0.8152670860290527
2526,"[(13S,17S)-17-hydroxy-13-methyl-6,7,8,9,11,12,14,15,16,17-decahydrocyclopenta[a]phenanthren-3-yl] N,N-bis(2-chloroethyl)carbamate; estramustine",9,0.15855843,0.0008384163,0.563601163513902,0.5614915170488546,5,ridge,0.5614915,0.7466258406639099
1469,"N,N-dimethyl-2-[5-(1,2,4-triazol-1-ylmethyl)-1H-indol-3-yl]ethanamine; Rizatriptan; rizatriptan",11,0.116588235,0.0014369925,0.7205334161847622,0.7553707882649706,5,ridge,0.7553708,0.6894320249557495
8083,BRD-K20032655; N'-benzoyl-2-phenyl-4-thiazolecarbohydrazide,10,0.13590042,0.0010656216,0.6483225366297256,0.6673964872178149,5,ridge,0.6673965,0.6163482069969177
2781,Linifanib; linifanib,113,0.119901545,0.009461561,0.7081445006198741,0.8590664753704016,5,ridge,0.8590665,0.8629348874092102
1324,Vindesine; vindesine,9,0.10051459,0.00027348948,0.7806349553480114,0.8327921858178498,5,ridge,0.83279216,0.7656351923942566
610,Bethanechol; bethanechol,5,0.13665219,0.00045307507,0.6455115666165919,0.645290680052889,5,ridge,0.6452907,0.7796335220336914
7353,"BRD-K61105081; N-(2-aminophenyl)-4-[[[(2R,3R)-8-(dimethylamino)-5-[(2R)-1-hydroxypropan-2-yl]-3-methyl-6-oxo-3,4-dihydro-2H-1,5-benzoxazocin-2-yl]methyl-methylamino]methyl]benzamide",7,0.08827768,0.00018406019,0.826390421864919,0.8899882955492529,5,ridge,0.8899883,0.8571203351020813
7968,BG-1005; Crebinostat,42,0.09476846,0.00024774333,0.8021205149228385,0.8596499765553547,5,ridge,0.85964996,0.7219080924987793
1366,TAK-715; Tak-715,35,0.10215591,0.0004963722,0.7744978372108731,0.8251205355222073,5,ridge,0.8251205,0.619059145450592
7988,2-(1-naphthalenylamino)-N-[(5-nitro-2-furanyl)methylideneamino]acetamide; BRD-K23673040,7,0.11597001,0.00070180633,0.7228450433265337,0.7605525754803297,5,ridge,0.7605526,0.6601964831352234
2274,OSI-027,52,0.10366892,0.00044834972,0.7688404875699305,0.8182810995020533,5,ridge,0.8182811,0.4844007194042206
698,"4-(4-(trifluoromethyl)phenyl)-N-(6-fluoro-1H-indazol-5-yl)-2-methyl-6-oxo-1,4,5,6-tetrahydro-3-pyridinecarboxamide; GSK-429286A",29,0.15171157,0.0007626624,0.5892025018808551,0.5950633892389681,5,ridge,0.5950634,0.6885969638824463
1937,"KPT-185; propan-2-yl (Z)-3-[3-[3-methoxy-5-(trifluoromethyl)phenyl]-1,2,4-triazol-1-yl]prop-2-enoate",6,0.107859395,0.00018622131,0.753171733076154,0.7984621076218212,5,ridge,0.7984621,0.7007917761802673
8220,"7-chloro-4-[(2-fluorophenyl)-oxomethyl]-5-phenyl-3,5-dihydro-1H-1,4-benzodiazepin-2-one; EMF-sumo1-1",7,0.20054124,0.0005298967,0.4066217416467241,0.3652611720612454,5,ridge,0.36526117,0.709395170211792
7106,3-(1H-benzimidazol-2-yl)-6-methoxy-1-benzopyran-2-imine; BRD-K67808578,9,0.12973686,0.00029938205,0.6713689236020046,0.6962053869905636,5,ridge,0.6962054,0.6713857650756836
5186,Bosentan (hydrate); Bosentan Monohydrate,147,0.041843224,0.00027633677,1.0,0.8941879523946934,5,ridge,0.8941879,0.7080239653587341
3589,"(Z)-3-[3-[3,5-bis(trifluoromethyl)phenyl]-1,2,4-triazol-1-yl]-N'-pyrazin-2-ylprop-2-enehydrazide; Selinexor",162,0.06870101,0.010407496,0.8995902467142923,0.8488970666541983,5,ridge,0.84889704,0.690370500087738
1438,Pheniramine; pheniramine,7,0.0958816,0.00020097372,0.7979583334572047,0.8481683476917965,5,ridge,0.8481684,0.708175003528595
6368,2-(4-Isobutylpiperazin-1-yl)-2-oxoethyl 4-(methylsulfonyl)-3-nitrobenzoate; BRD-K95352812,6,0.15684813,0.0004294964,0.569996207228685,0.5694855750980553,5,ridge,0.5694856,0.7175009250640869
1329,"2-((2,6-Dimethylphenyl)amino)-N,N,N-triethyl-2-oxoethanaminium; QX-314; [2-(2,6-dimethylanilino)-2-oxoethyl]-triethylazanium",6,0.117311575,0.00054421613,0.7178287497983673,0.8035785788926546,5,ridge,0.80357856,0.6278787851333618
6472,rhodomyrtoxin B; rhodomyrtoxin-b,14,0.12625806,0.00040713127,0.6843766287268291,0.7124654977087006,5,ridge,0.7124655,0.6582792401313782
6526,"BRD-K09517037; N-[(3R,9R,10S)-12-[(2R)-1-hydroxypropan-2-yl]-3,10-dimethyl-9-[[methyl(propyl)amino]methyl]-13-oxo-2,8-dioxa-12-azabicyclo[12.4.0]octadeca-1(14),15,17-trien-16-yl]benzamide",5,0.13151273,0.0023762353,0.6647287047621684,0.6879048458449428,5,ridge,0.68790483,0.7835868000984192
3610,Scriptaid; scriptaid,48,0.08565002,0.00048070168,0.836215599066338,0.902416829714766,5,ridge,0.9024168,0.7815937399864197
6606,"I-070759; diethyl (1S,4R,6E,9R,12R,13S,15R,16R)-16-[(4-bromophenyl)carbamoyloxy]-15-(hydroxymethyl)-13-methoxy-3,10-dioxo-2,11,14-trioxabicyclo[10.4.0]hexadec-6-ene-4,9-dicarboxylate",13,0.12837431,0.00039584446,0.6764636828919408,0.702574041237674,5,ridge,0.702574,0.8337880373001099
6372,MLN-9708; Mln9708,86,0.07868237,0.00040813442,0.8622685876293437,0.934837399200004,5,ridge,0.9348374,0.7334913015365601
3315,Capivasertib,141,0.04508607,0.00018107855,0.9878897109147138,0.8009638356480819,5,ridge,0.8009638,0.8011534810066223
4450,atorvastatin,64,0.098664194,0.00074697396,0.7875538370118481,0.8492079351803854,5,ridge,0.84920794,0.6795887351036072
1153,"SR8278; ethyl 2-(5-methylsulfanylthiophene-2-carbonyl)-3,4-dihydro-1H-isoquinoline-3-carboxylate",5,0.09193116,0.0006619662,0.8127295645234667,0.8855918876355734,5,ridge,0.88559186,0.6120624542236328
3734,Asciminib,140,0.050452165,0.00010038438,0.9678251537594316,0.7108837812059695,5,ridge,0.7108838,0.7255390286445618
1917,Nicergoline; nicergoline,14,0.15200217,0.0006782587,0.5881159090588263,0.5839196173030968,5,ridge,0.58391964,0.7317384481430054
6709,"BRD-K69894866; N-[[(2S,3R,4R)-3-[4-(1-cyclopentenyl)phenyl]-4-(hydroxymethyl)-2-azetidinyl]methyl]-N-methyl-2-pyridinecarboxamide",13,0.12083133,0.0008158506,0.7046679083726954,0.7378304062803794,5,ridge,0.7378304,0.7460986971855164
8339,5-(2-Phenylethyl)-8-quinolinol; BRD-K95138506,11,0.10951746,0.0008681327,0.7469720031124332,0.7907121736584569,5,ridge,0.7907122,0.7061830759048462
1914,"(1R,9S,12S,15R,16Z,18R,19R,21R,23S,24E,26E,28E,30S,32S,35R)-12-[(2R)-1-[(1S,3R,4R)-4-dimethylphosphoryloxy-3-methoxycyclohexyl]propan-2-yl]-1,18-dihydroxy-19,30-dimethoxy-15,17,21,23,29,35-hexamethyl-11,36-dioxa-4-azatricyclo[30.3.1.04,9]hexatriaconta-16,24,26,28-tetraene-2,3,10,14,20-pentone; deforolimus",68,0.08570031,0.00041653527,0.8360275579341293,0.9020350770563356,5,ridge,0.90203506,0.8416301012039185
3077,PF-477736,47,0.11200621,0.00072203454,0.737666229245178,0.7790796423570328,5,ridge,0.7790796,0.7212368249893188
7411,"BRD-K33045404; N-(2-aminophenyl)-4-[[[(2S,3S)-10-[[anilino(oxo)methyl]amino]-5-[(2R)-1-hydroxypropan-2-yl]-3-methyl-6-oxo-3,4-dihydro-2H-1,5-benzoxazocin-2-yl]methyl-methylamino]methyl]benzamide",6,0.094195865,0.0013690607,0.8042615253045647,0.8623263090550003,5,ridge,0.8623263,0.8987255096435547
1755,(+)-Niguldipine; dexniguldipine,40,0.105214536,0.00054867385,0.7630612196717441,0.8108243439445684,5,ridge,0.81082433,0.7684915661811829
6235,"10,11-dihydroxy-N-allylnoraporphine; BRD-K07079548",5,0.15796207,0.0001977957,0.5658310344545252,0.5642789381184081,5,ridge,0.56427896,0.8245568871498108
5537,Fumaric Acid; Fumaric acid,139,0.05039673,0.00014145015,0.9680324327445972,0.7118143433384649,5,ridge,0.71181434,0.8521052598953247
7072,2-chloro-N-[3-cyano-4-[(4-methoxyphenyl)thio]phenyl]benzamide; BRD-K40087974,7,0.13002704,0.00015384157,0.6702839012169517,0.6948490376645696,5,ridge,0.694849,0.6180615425109863
1358,N-[(2R)-1-[[[[2-(2-ethylanilino)-2-oxoethyl]thio]-oxomethyl]hydrazo]-3-(1H-indol-3-yl)-1-oxopropan-2-yl]carbamic acid tert-butyl ester; SID-26681509,9,0.12877338,0.0005445144,0.674971506025158,0.7007088041847229,5,ridge,0.7007088,0.7152779698371887
4121,Brexpiprazole; brexpiprazole,5,0.16512516,0.0005258069,0.5390472692186451,0.5307982200534476,5,ridge,0.5307982,0.6953036785125732
6418,BRD-A47144777; Dihydro-7-desacetyldeoxygedunin,5,0.1743958,0.0001813055,0.5043830886280956,0.4874666114938533,5,ridge,0.4874666,0.8450333476066589
5167,Lumateperone (tosylate); Lumateperone Tosylate,138,0.048498116,0.00014121247,0.9751316080515604,0.7436861852649672,5,ridge,0.7436862,0.7288304567337036
6688,"2-(dimethylamino)-1-[(8S,9R,10R)-10-(hydroxymethyl)-9-[4-[(E)-2-phenylethenyl]phenyl]-1,6-diazabicyclo[6.2.0]decan-6-yl]ethanone; BRD-K84447616",5,0.11684127,0.00040457078,0.7195872839937021,0.7564802271675207,5,ridge,0.7564802,0.7944443225860596
7354,"BRD-K07005393; N'-(2-aminophenyl)-N-[(2S,3R)-2-[[(3,4-dichlorophenyl)methyl-methylamino]methyl]-5-[(2R)-1-hydroxypropan-2-yl]-3-methyl-6-oxo-3,4-dihydro-2H-1,5-benzoxazocin-8-yl]heptanediamide",10,0.087490216,0.00026363722,0.8293348565862064,0.8936689469572896,5,ridge,0.89366895,0.8916493654251099
6506,2-chloro-N-heptyl-N-(3-methylphenyl)acetamide; BRD-K19499941,18,0.096517116,0.0005310593,0.7955820529207818,0.8514766296195326,5,ridge,0.8514766,0.6423957943916321
6445,"(9E,11E)-16-chloro-17,19-dihydroxy-4-methyl-3,7-dioxatricyclo[13.4.0.06,8]nonadeca-1(15),9,11,16,18-pentaene-2,13-dione; radicicol",188,0.08299365,0.00069752795,0.8461481268524799,0.9146248941653802,5,ridge,0.91462487,0.7314608097076416
2890,2-methyl-2H-pyrazole-3-carboxylic acid (2-methyl-4-o-tolylazophenyl)amide; CH-223191,7,0.14733855,0.0007203701,0.6055538168932043,0.6187269706865361,5,ridge,0.61872697,0.5456029772758484
6551,"1-[(4S,7S,8R)-8-methoxy-4,7,10-trimethyl-11-oxo-5-[[4-(2-pyridinyl)phenyl]methyl]-2-oxa-5,10-diazabicyclo[10.4.0]hexadeca-1(12),13,15-trien-14-yl]-3-propylurea; BRD-K83694683",7,0.11324104,0.00014563857,0.7330490323613998,0.7733079311147668,5,ridge,0.7733079,0.7982081770896912
1048,"10-DEBC; 4-(2-Chloro-10h-Phenoxazin-10-Yl)-N,N-Diethylbutan-1-Amine",17,0.16305421,0.00044830167,0.5467908322082551,0.5404779732433884,5,ridge,0.540478,0.6712358593940735
3235,DU-728; Fibronectin tetrapeptide,5,0.14440736,0.00016215027,0.616513933940702,0.6276344642063685,5,ridge,0.62763447,0.8063158988952637
923,BMS-265246; Sdccgsbi-0654469.P001,46,0.14613108,0.0073403935,0.6100687110253971,0.8345965470041933,5,ridge,0.8345966,0.7310881614685059
9707,eucatropine,6,0.11061569,0.00020089306,0.7428655721594505,0.7699015135686776,5,ridge,0.7699015,0.7694230079650879
4050,Hydroxyfasudil; hydroxyfasudil,145,0.04122825,0.00015414086,1.0,0.8838425948123959,5,ridge,0.8838426,0.6696975231170654
5245,Bisacodyl; bisacodyl,15,0.12894122,0.00048034452,0.6743439294964266,0.6949180629339361,5,ridge,0.69491804,0.7080730199813843
112,4-(4-((4-((3-acrylamidophenyl)amino)-5-fluoropyrimidin-2-yl)amino)phenoxy)-N-methylpicolinamide; CNX-774,28,0.11534036,0.0010172736,0.7251993900931906,0.7634955609227702,5,ridge,0.76349556,0.6861968636512756
7659,"2-(2,4-dichlorophenoxy)-N-(4-methyl-2-nitrophenyl)acetamide; BRD-K31841256",5,0.1731706,0.0013329001,0.5089642776354931,0.4931933223045001,5,ridge,0.49319333,0.6677505970001221
578,2-phenyl-N-(5-propan-2-yl-2-thiazolyl)acetamide; BML-259,16,0.13100639,0.0005953703,0.6666219787109161,0.6902715152705073,5,ridge,0.6902715,0.6869474649429321
70,thiostrepton,40,0.0853458,0.000424798,0.8373531189160202,0.9049245942228104,5,ridge,0.9049246,0.533444881439209
2664,Dapivirine; dapivirine,6,0.16257693,0.00022683751,0.5485754468748,0.542708832197293,5,ridge,0.5427088,0.6787398457527161
593,Fenretinide; fenretinide,47,0.11455106,0.0009118863,0.7281506898675449,0.774925006251693,5,ridge,0.774925,0.7829969525337219
4069,Trifluridine,201,0.053690843,0.0005659569,0.9557152973669236,0.866279060850349,5,ridge,0.86627907,0.7352796196937561
1923,"(6-Chloro-9-(4-methoxy-3,5-dimethylpyridin-2-ylmethyl)-9H-purin-2-yl)amine; BIIB-021",113,0.09209053,0.00053963304,0.8121336584737531,0.8721667939096492,5,ridge,0.8721668,0.744961142539978
2045,"Ivabradine, (-)-; ivabradine",6,0.07090253,0.0011633516,0.8913584647819007,0.9485564629453286,5,ridge,0.9485565,0.6611367464065552
1671,AZD-2014; Vistusertib,50,0.07438242,0.00061210286,0.8783466839992096,0.9549356631645508,5,ridge,0.95493567,0.7839058637619019
3185,4-(3-(4-(Diphenylmethyl)-1-piperazinyl)-2-hydroxypropoxy)-1H-indole-2-carbonitrile; DPI-201106,7,0.12626457,0.0001637992,0.6843522869536998,0.7124350932516912,5,ridge,0.71243507,0.6408560872077942
6845,"3-[(3S,5S,8R,10R,13R,14S,17R)-5,14-dihydroxy-3-[(2R,4R,5S,6R)-5-hydroxy-4-methoxy-6-methyl-tetrahydropyran-2-yl]oxy-10,13-dimethyl-2,3,4,6,7,8,9,11,12,15,16,17-dodecahydro-1H-cyclopenta[a]phenanthren-17-yl]-2H-furan-5-one; periplocymarin",14,0.08172714,0.000100715006,0.8508837795538831,0.9206059339787076,5,ridge,0.92060596,0.8484979271888733
1209,"1-[4-amino-2-(ethoxymethyl)imidazo[4,5-c]quinolin-1-yl]-2-methylpropan-2-ol; Resiquimod; resiquimod",5,0.105910435,0.001593908,0.7604591589069227,0.828233153549922,5,ridge,0.8282332,0.7156677842140198
1136,Clofibrate; clofibrate; ethyl 2-(4-chlorophenoxy)-2-methylpropanoate,11,0.2352676,0.0031857297,0.2767751707203976,0.2671660546722739,5,ridge,0.26716605,0.6578817367553711
294,"(6S,8S,10R,11S,13S,14S,17S)-17-acetyl-11-hydroxy-6,10,13-trimethyl-1,2,6,7,8,9,11,12,14,15,16,17-dodecahydrocyclopenta[a]phenanthren-3-one; medrysone",37,0.10719998,0.00094428647,0.7556373752156522,0.8020064633030591,5,ridge,0.8020065,0.7930257320404053
6239,"BRD-K94991378; dimethyl 2-[3-[(3R,4S,6R,7R,8S,8aS)-6-[2-(2-hydroxyethoxy)phenyl]-1'-(2-methoxyethoxycarbonyl)-1,2'-dioxo-3,4-diphenyl-8-(prop-2-enylcarbamoyl)spiro[4,6,8,8a-tetrahydro-3H-pyrrolo[2,1-c][1,4]oxazine-7,3'-indole]-5'-yl]prop-2-ynyl]propanedioate",12,0.12668996,0.00046768284,0.6827616960364153,0.7104468721056365,5,ridge,0.7104469,0.7383707761764526
3102,"MGCD-265; N-(3-fluoro-4-(2-(1-methyl-1H-imidazol-4-yl)thieno[3,2-b]pyridin-7-yloxy)phenylcarbamothioyl)-2-phenylacetamide",15,0.19582401,0.0007509253,0.4242601045436933,0.387309712351547,5,ridge,0.3873097,0.6351525783538818
7414,"BRD-K71303366; N-(2-aminophenyl)-4-[[[(2S,3S)-9-(dimethylamino)-5-[(2R)-1-hydroxypropan-2-yl]-3-methyl-6-oxo-2,3,4,7-tetrahydro-1,5-benzoxazonin-2-yl]methyl-methylamino]methyl]benzamide",8,0.082334414,0.0005113669,0.8486130996866954,0.9177675011871552,5,ridge,0.9177675,0.8152670860290527
895,Carboprostacyclin; carbacyclin,7,0.15254842,0.0015952676,0.5860734062059934,0.5895827445683942,5,ridge,0.58958274,0.7430681586265564
1978,(-)-Arctigenin; arctigenin,11,0.12043671,0.00024980577,0.7061434460858029,0.7396749105333347,5,ridge,0.7396749,0.576439619064331
4280,selegiline,14,0.12292147,0.002559666,0.6968525913698207,0.7331896766062698,5,ridge,0.7331897,0.7616094946861267
3974,"9-Hydroxy-4-phenylpyrrolo[3,4-C]carbazole-1,3(2H,6H)-dione; PD-407824",26,0.10603286,0.0006063251,0.7600013952240704,0.8069994076622341,5,ridge,0.8069994,0.8002312183380127
2561,"[(1R,2S,4S,5S)-9-methyl-9-oxido-3-oxa-9-azoniatricyclo[3.3.1.02,4]nonan-7-yl] (2S)-3-hydroxy-2-phenylpropanoate; scopolamine",8,0.14825062,0.0015607765,0.6021434634341958,0.5998806763939968,5,ridge,0.5998807,0.7680264711380005
5365,Primaquine; primaquine,16,0.14428711,0.0011587199,0.6169635650034995,0.624456509417513,5,ridge,0.6244565,0.7740071415901184
1774,Encorafenib; methyl N-[(2S)-1-[[4-[3-[5-chloro-2-fluoro-3-(methanesulfonamido)phenyl]-1-propan-2-ylpyrazol-4-yl]pyrimidin-2-yl]amino]propan-2-yl]carbamate,136,0.052365914,0.00012836205,0.960669386634294,0.6825441204884208,5,ridge,0.6825441,0.8104152083396912
6354,"1,1,1-trifluoro-N-[4-[2-[4-[2-[3-(trifluoromethylsulfonylamino)phenyl]propan-2-yl]phenyl]propan-2-yl]phenyl]methanesulfonamide; BRD-K02581333",6,0.16496749,0.0005099895,0.539636818737741,0.5315351299779497,5,ridge,0.53153515,0.588789701461792
2073,KIN001-055; Whi-P97,36,0.104194775,0.0005089931,0.7668742443888293,0.815590768214608,5,ridge,0.81559074,0.6981698870658875
8022,"2-[(3R,6aS,8S,10aS)-1-(1,3-benzodioxol-5-ylmethyl)-3-hydroxy-3,4,6,6a,8,9,10,10a-octahydro-2H-pyrano[2,3-c][1,5]oxazocin-8-yl]-N-(4-phenylphenyl)acetamide; BRD-K43570134",5,0.1402702,0.0012208688,0.6319833364169062,0.6469718560464643,5,ridge,0.6469719,0.6924474835395813
5508,Thiabendazole; tiabendazole,8,0.12501189,0.0011353007,0.6890362274089619,0.7128241518593793,5,ridge,0.71282417,0.7236095070838928
5339,Bisbenzimidazole; pibenzimol,13,0.15582803,0.0015777964,0.5738104995127582,0.5742535636896615,5,ridge,0.57425356,0.7730438709259033
396,2-[1-[[(1R)-1-[3-[(E)-2-(7-chloroquinolin-2-yl)ethenyl]phenyl]-3-[2-(2-hydroxypropan-2-yl)phenyl]propyl]sulfanylmethyl]cyclopropyl]acetic acid; Montelukast,5,0.125897,0.00055822614,0.6857266810472756,0.7670690162099143,5,ridge,0.76706904,0.5983102917671204
5227,entecavir,6,0.12660688,0.0016556333,0.6830723434268289,0.7108351412071601,5,ridge,0.71083516,0.755290687084198
730,"2-(2,6-dimethyl-4-morpholinyl)-N-[5-[6-(4-morpholinyl)-4-oxo-2-pyranyl]-9H-thioxanthen-2-yl]acetamide; KU-60019",13,0.16720544,0.0006209331,0.5312688200933517,0.5257313191842563,5,ridge,0.5257313,0.7197510004043579
3531,"6-(trifluoromethoxy)-1,3-benzothiazol-2-amine; Riluzole; riluzole",15,0.07759947,0.00079596735,0.8663176976326991,0.927633729245165,5,ridge,0.9276337,0.7421200275421143
1461,SB-590885,51,0.101605855,0.00058737653,0.7765545674748824,0.8276915467275712,5,ridge,0.82769156,0.6115192174911499
5179,BI-3406,143,0.05756689,0.0001478486,0.9412222318196196,0.5914496745210536,5,ridge,0.5914497,0.7871439456939697
6317,"1-[3-[4-[(1-Methyl-5-tetrazolyl)thio]-5-thieno[2,3-d]pyrimidinyl]phenyl]ethanone; BRD-K05331696",11,0.08495536,0.00016710417,0.8388130270420798,0.9055170381885042,5,ridge,0.90551704,0.7593217492103577
7856,2-(4-morpholinyl)-9-(3-thiophenyl)-N-[[6-(trifluoromethyl)-1H-benzimidazol-2-yl]methyl]-6-purinamine; BRD-K79222491,10,0.10220101,0.00088280934,0.7743292021927262,0.8249097543011464,5,ridge,0.82490975,0.8017144799232483
5630,"(2R,4aS,6aR,6aS,14aS,14bR)-10-hydroxy-2,4a,6a,6a,9,14a-hexamethyl-11-oxo-1,3,4,5,6,13,14,14b-octahydropicene-2-carboxylic acid; Celastrol",75,0.10714157,0.008917632,0.7558557781293986,0.8199461770105484,5,ridge,0.81994617,0.8793361186981201
364,"6-tert-Butyl-2,3-naphthalenedicarbonitrile; BRD-K89329876",9,0.12472872,0.000345488,0.6900950384530564,0.7196137547787193,5,ridge,0.71961373,0.6287176012992859
8277,"1-Naphthalenesulfonic acid, 3-hydroxy-4-[2-(1-hydroxy-2-naphthalenyl)diazenyl]-7-nitro-; BRD-K16233984",6,0.17135894,0.0006452366,0.5157383201405064,0.5016610635732157,5,ridge,0.50166106,0.7053195238113403
980,Proparacaine; proxymetacaine,6,0.13629879,0.00067540206,0.6468329771579031,0.6503426469570444,5,ridge,0.65034264,0.5871090888977051
373,CGP-13501; Cgp13501,6,0.16129093,0.00027594581,0.5533839753301653,0.5487196638208154,5,ridge,0.54871964,0.662106454372406
4124,Trazodone; trazodone,8,0.15717381,0.000475751,0.568778445527796,0.556550028734785,5,ridge,0.55655,0.6998800039291382
3383,Benzthiazide; benzthiazide,10,0.16179971,0.0008606891,0.5514815778904134,0.5364904190377776,5,ridge,0.53649044,0.6279212236404419
674,"(1S,2S,4R,8S,9S,11S,13R,19S)-19-fluoro-11-hydroxy-8-(2-hydroxyacetyl)-6,6,9,13-tetramethyl-5,7-dioxapentacyclo[10.8.0.02,9.04,8.013,18]icos-17-en-16-one; BRD-K00824317",7,0.10483857,0.00038692929,0.7644670075482991,0.8125815854776565,5,ridge,0.8125816,0.8174046277999878
1786,"K252a; methyl (15S,16R,18R)-16-hydroxy-15-methyl-3-oxo-28-oxa-4,14,19-triazaoctacyclo[12.11.2.115,18.02,6.07,27.08,13.019,26.020,25]octacosa-1,6,8,10,12,20,22,24,26-nonaene-16-carboxylate",8,0.097334445,0.0031145732,0.7925259489130871,0.8668977644079732,5,ridge,0.86689776,0.8750497698783875
3605,Adipiodon; adipiodone,7,0.13609862,0.00097150303,0.6475814399424369,0.6561556204283732,5,ridge,0.65615565,0.7627473473548889
5714,Thiram; thiram,10,0.13109672,0.0012276636,0.6662842225869867,0.6898493245339314,5,ridge,0.6898493,0.6426553130149841
260,"4,15-Diacetoxyscirpen-3-ol; anguidine",58,0.08292768,0.00026010672,0.8463947976317959,0.9149945606879136,5,ridge,0.91499454,0.9252694249153137
23746,mefloquine,22,0.10126608,0.00087575126,0.7778250322928619,0.8299632717327355,5,ridge,0.82996327,0.7417926788330078
6687,"2-(dimethylamino)-1-[(8R,9R,10R)-10-(hydroxymethyl)-9-[4-[(E)-2-phenylethenyl]phenyl]-1,6-diazabicyclo[6.2.0]decan-6-yl]ethanone; BRD-K55767450",7,0.11451132,0.0013465066,0.7282992831185684,0.7673705415118486,5,ridge,0.7673705,0.7944443225860596
3659,Indoramin; N-[1-[2-(1H-indol-3-yl)ethyl]piperidin-4-yl]benzamide; indoramin,6,0.1103639,0.0015206173,0.7438070491266172,0.7833106476520008,5,ridge,0.78331065,0.6146594882011414
4206,Nalbuphine; nalbuphine,7,0.09058702,0.00035616502,0.8177554863259507,0.8774720733165132,5,ridge,0.8774721,0.8526668548583984
916,Tolbutamide; tolbutamide,10,0.15664469,0.002336079,0.5707568969868184,0.5534117146406053,5,ridge,0.5534117,0.6476572751998901
1759,"Arecoline; methyl 1-methyl-3,6-dihydro-2H-pyridine-5-carboxylate",7,0.13563967,0.00050692,0.6492975162523824,0.6831108804388906,5,ridge,0.6831109,0.7521795034408569
4091,inosine,9,0.5099747,0.100490324,0.0,0.7095719614570788,5,ridge,0.70957196,0.7102838754653931
5166,Loperamide (hydrochloride); Loperamide Hydrochloride,176,0.05544645,0.00075451104,0.9491508446329124,0.8073831887953028,5,ridge,0.8073832,0.7866862416267395
5359,Cefoxitin; cefoxitin,5,0.18186656,0.00030171088,0.4764489035245153,0.4127316543043346,5,ridge,0.41273165,0.735677182674408
8048,"(6S,7S,8R)-8-(hydroxymethyl)-7-[4-[(E)-2-phenylethenyl]phenyl]-4-(2-pyridin-3-ylacetyl)-1,4-diazabicyclo[4.2.0]octan-2-one; BRD-K45627302",7,0.09454007,0.00036482853,0.802974496115623,0.8607174948725115,5,ridge,0.8607175,0.8117965459823608
6610,6-(4-chlorophenyl)-3-cyano-2-oxo-1H-pyridine-4-carboxylic acid ethyl ester; BRD-K33926001,5,0.19547471,0.0007058552,0.4255661846288092,0.3889424410522099,5,ridge,0.38894245,0.5745193958282471
4527,topotecan,151,0.067821175,0.000684778,0.902880069135386,0.9881312346751584,5,ridge,0.9881312,0.8168691396713257
1308,AVN-944; Avn 944,28,0.13281249,0.0010098385,0.6598687258001579,0.6818297390989216,5,ridge,0.68182975,0.7316269278526306
7751,A-443654,174,0.09268635,0.0005136562,0.8099058066663848,0.8693819102114989,5,ridge,0.8693819,0.714020848274231
4225,mercaptopurine,35,0.15820019,0.009902146,0.5649406714717946,0.834263067212399,5,ridge,0.8342631,0.7071179151535034
6972,"3-(2-fluorophenyl)-6-[4-methoxy-3-(3-oxolanyloxy)phenyl]-7H-[1,2,4]triazolo[3,4-b][1,3,4]thiadiazine; BRD-A43640821",5,0.13035984,0.00030076414,0.6690395168701824,0.6932935479275832,5,ridge,0.6932936,0.7822777032852173
7047,"1-[(2R,3S)-5-[(2R)-1-hydroxypropan-2-yl]-2-[[(4-methoxyphenyl)sulfonyl-methylamino]methyl]-3-methyl-6-oxo-3,4-dihydro-2H-1,5-benzoxazocin-10-yl]-3-(1-naphthalenyl)urea; BRD-K04695623",7,0.09497265,0.00060066045,0.8013570208129621,0.8586955839583997,5,ridge,0.85869557,0.846185028553009
4233,5-Nitroso-8-quinolinol; NSC-3852,19,0.09900917,0.00059866026,0.7862639249493146,0.8398286335182211,5,ridge,0.8398286,0.793175458908081
2445,Paricalcitol; paricalcitol,25,0.10602961,0.0009325835,0.7600135474149569,0.807039233958991,5,ridge,0.80703926,0.8276081681251526
711,O-2050,5,0.1375934,0.0005354219,0.641992254744528,0.6594834288921672,5,ridge,0.65948343,0.7216987013816833
3289,"4-(4-(2,3-dihydrobenzo(1,4)dioxin-6-yl)-5-pyridin-2-yl-1H-imidazol-2-yl)benzamide; D-4476",41,0.12568258,0.000693798,0.686528426514927,0.715155381888075,5,ridge,0.71515536,0.7353531122207642
1559,Diphenylpyraline; diphenylpyraline,8,0.14715144,0.0003008216,0.606253446566053,0.5932762795049498,5,ridge,0.59327626,0.6780502796173096
24034,Morphine,15,0.13432388,0.0014458329,0.6542174335589802,0.8790258578126042,5,ridge,0.8790259,0.911150336265564
2601,Apitolisib; GDC-0980,60,0.10234877,0.0006495187,0.7737767075079945,0.8242191208111149,5,ridge,0.8242191,0.834641695022583
8420,lynestrenol,5,0.081809685,2.7733766e-05,0.8505751326010463,0.91770629065143,5,ridge,0.9177063,0.7701385617256165
6813,"4,8-Dihydroxy-6-(hydroxymethyl)-9-oxo-1-xanthenecarboxylic acid methyl ester; BRD-K94493764",12,0.11190546,0.00055847724,0.7380429471626571,0.7795505092094708,5,ridge,0.7795505,0.6223093271255493
7280,"BRD-K59488055; N-[(2R,3R)-5-[(2S)-1-hydroxypropan-2-yl]-3-methyl-2-[[methyl-[(4-phenylphenyl)methyl]amino]methyl]-6-oxo-2,3,4,7-tetrahydro-1,5-benzoxazonin-9-yl]-3-(4-morpholinyl)propanamide",5,0.105375215,0.00032910853,0.7624604190934552,0.8100732736294542,5,ridge,0.81007326,0.8021976351737976
6963,2-(4-chloro-N-(2-chloro-1-oxoethyl)anilino)-N-cyclohexyl-2-(4-methoxyphenyl)acetamide; BRD-A18725729,10,0.10024451,0.00069034274,0.7816448211063514,0.8340545413201087,5,ridge,0.8340545,0.7743403911590576
6807,BRD-K59460069; Sydowinin B,10,0.116900526,0.00070486084,0.7193657177711895,0.756203274811873,5,ridge,0.7562033,0.6443123817443848
5526,2-chloro-10-(4-methoxybenzoyl)-10H-phenothiazine; Tubulin inhibitor 6,138,0.043915603,0.00014643632,0.9922662458101772,0.8206123267716365,5,ridge,0.8206123,0.7118809223175049
4251,(+-)-Tetramisole; tetramisole,5,0.10910698,9.494662e-05,0.7485068435170663,0.7821786475553469,5,ridge,0.78217864,0.6853880882263184
7868,"1H-Benzimidazole-2-acetonitrile, alpha-((5-nitro-2-furanyl)methylene)-; BRD-K06765193",22,0.091466665,0.00040459048,0.8144663743406322,0.8750827873249124,5,ridge,0.8750828,0.7107823491096497
4928,dactinomycin,30,0.10519371,0.0006464961,0.7631390909109443,0.8382640262588806,5,ridge,0.83826405,0.6935864686965942
7847,"5-(4-Dibenzothiophenyl)-4-[(1-methyl-5-tetrazolyl)thio]thieno[2,3-d]pyrimidine; BRD-K42499654",8,0.09147602,0.0004468558,0.8144313947265576,0.8750390514641454,5,ridge,0.87503904,0.783937931060791
5391,PYM-50028; Sarsasapogenin,7,0.11848781,0.00080581516,0.7134306475684322,0.748784203360551,5,ridge,0.7487842,0.8145925998687744
4178,Vilanterol,144,0.045363158,0.00012962324,0.9868536412936872,0.7963123822110122,5,ridge,0.7963124,0.7282178401947021
6234,"(R)-3-Allyl-6-bromo-7,8-dihydroxy-1-phenyl-2,3,4,5-tetrahydro-1H-benzo[d]azepinium; BRD-K60932973",8,0.12948997,0.0013084831,0.6722920788044502,0.6973593592938203,5,ridge,0.6973594,0.7002726197242737
402,GW-7647,10,0.17500322,0.0011327508,0.5021118628471017,0.4901394365004811,5,ridge,0.49013942,0.5836579203605652
443,1-[(4-fluorophenyl)methyl]-1-(1-methylpiperidin-4-yl)-3-[[4-(2-methylpropoxy)phenyl]methyl]urea; Pimavanserin; pimavanserin,14,0.13523255,0.0007863085,0.6508197931612067,0.682814245276732,5,ridge,0.68281424,0.6652689576148987
3498,Flucytosine; flucytosine,6,0.1580803,0.0014024933,0.5653889564457555,0.5455578995724768,5,ridge,0.5455579,0.8058832883834839
1096,Remoxipride; remoxipride,5,0.16723534,0.00032292388,0.5311570199371968,0.4890603768036539,5,ridge,0.48906037,0.6855588555335999
1562,Setiptiline; setiptiline,5,0.14896616,0.00045179235,0.5994679623059285,0.6063264221868113,5,ridge,0.6063264,0.7565820217132568
8069,2-(3-chloro-N-(2-chloro-1-oxoethyl)anilino)-N-cyclohexyl-2-(3-pyridinyl)acetamide; BRD-A68065211,9,0.098260134,0.00038609075,0.7890646721655611,0.8433296725271964,5,ridge,0.84332967,0.7354816198348999
2800,Pazopanib; pazopanib,63,0.12998492,0.01591014,0.6704413936108398,0.8043621895361183,5,ridge,0.8043622,0.7506568431854248
4070,2'-Deoxy-alpha-D-ribofuranosyl-5-fluorouracil; floxuridine,197,0.07471475,0.00046083308,0.8771040570461991,0.9533737808115224,5,ridge,0.9533738,0.7287665009498596
24039,Methamphetamine,5,0.15712854,0.00150701,0.5689477161990046,0.8288962301250077,5,ridge,0.8288962,0.7986530661582947
3258,Iodophenpropit; iodophenpropit,6,0.13986304,0.00058853807,0.633505762891157,0.6488749457367355,5,ridge,0.64887494,0.6497198343276978
3158,Incb 18424; S-ruxolitinib,13,0.28297383,0.009611201,0.0983951050491713,0.7992808024413072,5,ridge,0.7992808,0.7103373408317566
3793,5-[(3R)-dithiolan-3-yl]pentanoic acid; Lipoic acid,139,0.048723977,0.00015791156,0.9742870831328536,0.7405730077155315,5,ridge,0.740573,0.667084813117981
251,Dexamethasone Acetate; dexamethasone,334,0.13025668,0.04027573,0.6694252461045955,0.8323171617930059,5,ridge,0.8323172,0.9135582447052002
629,Aprepitant,147,0.056478098,0.0002754698,0.9452933728102682,0.6543448425379295,5,ridge,0.65434486,0.7512193918228149
23163,BMS-509744,13,0.11708507,0.00056908303,0.7186756827204377,0.7577309725136012,5,ridge,0.75773096,0.6289197206497192
3063,Theofibrate; etofylline-clofibrate,5,0.20996523,0.00067882234,0.3713841646031183,0.3212128317370319,5,ridge,0.32121283,0.6706645488739014
4957,etofylline,5,0.11122668,0.00016128378,0.74058099766416,0.7667665051610576,5,ridge,0.7667665,0.72321617603302
1014,Gsk 343; N-[(6-methyl-2-oxo-4-propyl-1H-pyridin-3-yl)methyl]-6-[2-(4-methylpiperazin-1-yl)pyridin-4-yl]-1-propan-2-ylindazole-4-carboxamide,7,0.13688348,0.0019172096,0.6446467419304012,0.7558567835453373,5,ridge,0.7558568,0.7999888062477112
7644,"5-chloro-2-[(4-methylphenyl)methylsulfonyl]-N-(5-propan-2-yl-1,3,4-thiadiazol-2-yl)-4-pyrimidinecarboxamide; BRD-K30381304",10,0.12401434,0.00027293703,0.6927662021839613,0.7229528399687535,5,ridge,0.72295284,0.6935403943061829
7950,"BRD-K69569876; N2-phenyl-6-[[(1-phenyl-5-tetrazolyl)thio]methyl]-1,3,5-triazine-2,4-diamine",5,0.14587799,0.0001478626,0.6110150488689183,0.6207607566146888,5,ridge,0.62076074,0.73138427734375
282,"S-[(7R,8R,9R,10R,13S,14R,17R)-10,13-dimethyl-3,5'-dioxospiro[2,6,7,8,9,11,12,14,15,16-decahydro-1H-cyclopenta[a]phenanthrene-17,2'-oxolane]-7-yl] ethanethioate; spironolactone",20,0.10470681,0.0006866556,0.7649596760625129,0.8124340264681751,5,ridge,0.812434,0.7264447808265686
8754,betaescin,6,0.13153243,0.00014145719,0.6646550437897183,0.6625769418170718,5,ridge,0.6625769,0.7816712856292725
1633,"(2S)-3-hydroxy-2-phenylpropanoic acid [(1R,5R)-8-methyl-8-azabicyclo[3.2.1]octan-3-yl] ester; hyoscyamine",8,0.084424675,0.00033346337,0.840797330248406,0.9031216951449472,5,ridge,0.9031217,0.7692362666130066
23317,ITSA-1,16,0.30197725,0.0077348077,0.0273387397153797,0.7884747653342992,5,ridge,0.78847474,0.5982882380485535
6740,"(4bS,5R,10bS,11R)-5,6,11,12-Tetrahydro-13,18-dimethyl-5,10b:11,4b-Bis(iminoethano)dibenzo(c,h)(2,6)naphthyridine; calycanthine",5,0.28329378,0.00066412415,0.0971987685955989,0.0,5,ridge,0.0,0.8324277997016907
1417,Ribociclib,140,0.051811844,0.00042802375,0.9627411295279676,0.739993145368812,5,ridge,0.73999316,0.7505622506141663
1703,Genz-644282; genz-644282,78,0.08188948,0.00040141644,0.8502767682712673,0.91984713438195,5,ridge,0.91984713,0.7893412709236145
488,Propranolol; propranolol,7,0.151563,0.002384728,0.589758025265469,0.680748363677081,5,ridge,0.68074834,0.633906900882721
7978,Endecaphyllin X; endecaphyllin-x,5,0.1916805,0.0013620686,0.4397532505313217,0.4066767773355864,5,ridge,0.40667677,0.7281519770622253
6676,"1-ethyl-6-methyl-3-[(E)-2-phenylethenyl]pyrimido[5,4-e][1,2,4]triazine-5,7-dione; BRD-K98824517",10,0.136696,0.00048727042,0.645347755083443,0.6636779719461422,5,ridge,0.663678,0.6329960823059082
7079,"(3S,3'S,4'R,5'S)-7-bromo-5'-[2-[4-(2-hydroxyethyl)-1-triazolyl]ethyl]-4'-[(4-methoxyphenyl)-dimethylsilyl]-1,3',5-trimethyl-2-spiro[indole-3,2'-oxolane]one; BRD-K73155123",6,0.14808872,0.00023109761,0.6027488294971224,0.6104276319588424,5,ridge,0.6104276,0.7165553569793701
1471,Abexinostat; PCI-24781,117,0.08138782,0.0017491485,0.8521525430651385,0.9791201853585024,5,ridge,0.9791202,0.7079014182090759
2851,Tocainide; tocainide,5,0.12644204,0.0004536293,0.683688702548588,0.6930086312704036,5,ridge,0.6930086,0.7499887943267822
2715,4-(2-((5-Methyl-1-(2-naphthalenyl)-1H-pyrazol-3-yl)oxy)ethyl)morpholine; API-001,5,0.16815624,8.0717145e-05,0.5277136499103338,0.5166307840680489,5,ridge,0.51663077,0.6555765271186829
2838,SB-525334,45,0.10450626,0.0008790874,0.7657095597185966,0.8142625028132116,5,ridge,0.8142625,0.6838507652282715
2629,"BRD-K37940862; [1-[(E)-cinnamyl]-2-methyl-imidazo[1,2-a]pyridin-4-ium-3-yl]-diphenyl-thioxo-phosphorane;bromide",8,0.11326218,0.00054066716,0.7329699870336033,0.7732091318201966,5,ridge,0.77320915,0.6586580872535706
5877,"(1R,2S,4S,5'S,6S,7S,8R,9S,12S,13S,16S,18S)-5',7,9,13-tetramethylspiro[5-oxapentacyclo[10.8.0.02,9.04,8.013,18]icosane-6,2'-piperidine]-16-ol; Tomatidine",5,0.12347998,4.8382684e-05,0.6947642467138284,0.7218740685156891,5,ridge,0.72187406,0.8285378217697144
5507,Fomocaine; fomocaine,5,0.14749248,0.0008353266,0.6049782517414668,0.6132144978533778,5,ridge,0.6132145,0.6214389801025391
3059,Theophylline; theophylline,6,0.15484849,0.0017911395,0.5774731324545688,0.5627163072125991,5,ridge,0.5627163,0.7297630906105042
6802,"(3S)-2-(2-chloro-1-oxoethyl)-1,1-dimethyl-4,9-dihydro-3H-pyrido[3,4-b]indole-3-carboxylic acid methyl ester; BRD-K78062244",24,0.09769062,0.0003507019,0.7911941622703269,0.8459915717839936,5,ridge,0.84599155,0.718942403793335
6294,"BRD-K84762162; N-[3-(1,3-benzoxazol-2-yl)-6-propan-2-yl-5,7-dihydro-4H-thieno[2,3-c]pyridin-2-yl]acetamide",5,0.14691873,0.00018573014,0.6071235808248774,0.6158962798673141,5,ridge,0.6158963,0.700188159942627
330,Nadolol; nadolol,7,0.11052134,0.00082207914,0.7432183596087224,0.7818319280573579,5,ridge,0.7818319,0.6766133904457092
2444,Dexketoprofen; dexketoprofen,10,0.13663732,0.00095175183,0.6455671675638168,0.663952232040523,5,ridge,0.66395223,0.7748478651046753
4158,Pharmakon1600-01504273; miglitol,7,0.14539246,0.0021617964,0.6128305114046364,0.6629314124702342,5,ridge,0.66293144,0.7650423645973206
7268,"1-[(3R,9S,10R)-9-[[(4-fluorophenyl)sulfonyl-methylamino]methyl]-12-[(2S)-1-hydroxypropan-2-yl]-3,10-dimethyl-13-oxo-2,8-dioxa-12-azabicyclo[12.4.0]octadeca-1(14),15,17-trien-16-yl]-3-phenylurea; BRD-K51189903",6,0.10110477,0.0006091726,0.7784281922657507,0.8300336431973727,5,ridge,0.83003366,0.8003057241439819
1565,Azelastine; azelastine,7,0.20918088,0.0011947334,0.3743169556559687,0.3248789090107008,5,ridge,0.3248789,0.5839439034461975
3200,Perampanel; perampanel,10,0.14128754,0.0009802026,0.6281793641472475,0.6422168468291682,5,ridge,0.64221686,0.7113317251205444
6272,1-[4-[4-(2-Furanylmethylamino)phenyl]-1-piperazinyl]ethanone; BRD-K44417704,5,0.2009931,0.00018394846,0.4049321758085892,0.3631490543693247,5,ridge,0.36314905,0.7538341879844666
1890,"2,2,2-trichloro-1-dimethoxyphosphorylethanol; Trichlorfon; metrifonate",7,0.07470601,0.00027925565,0.8771367370918445,0.940012198611994,5,ridge,0.9400122,0.7498096227645874
5248,Piperacetazine; piperacetazine,5,0.10382023,0.00021428574,0.7682747189536153,0.8092995378856396,5,ridge,0.8092995,0.6904456615447998
3779,Baicalin,145,0.04806055,0.00019611316,0.976767726684609,0.775203317944656,5,ridge,0.77520335,0.6980538964271545
2584,Flavoxate; flavoxate,5,0.14965263,0.00047544498,0.5969011578512202,0.5787190364392536,5,ridge,0.578719,0.5403599739074707
2684,PF-543; [(2R)-1-[[4-[[3-(benzenesulfonylmethyl)-5-methylphenoxy]methyl]phenyl]methyl]pyrrolidin-2-yl]methanol,11,0.16856508,0.0014049688,0.5261849416881785,0.5601863770920816,5,ridge,0.5601864,0.561116099357605
1566,Mesoridazine; mesoridazine,8,0.1560112,0.001225337,0.5731256020343996,0.5606192736922546,5,ridge,0.5606193,0.7524377107620239
5460,Etanidazole; etanidazole,5,0.1764574,0.0010487105,0.4966744865568817,0.4450887398451297,5,ridge,0.44508874,0.8369037508964539
3789,Azelaic Acid; azelaic-acid,6,0.15125686,0.00074885343,0.5909027242556134,0.595619532831215,5,ridge,0.59561956,0.7596526145935059
5237,Metrizamide; metrizamide,6,0.13574052,0.0007001923,0.6489204244213376,0.653644790505364,5,ridge,0.6536448,0.6972516775131226
7160,"(3S,4S)-N-[3-(dimethylamino)propyl]-3-[4-(hydroxymethyl)phenyl]-4-[(2-iodophenyl)methyl]-2-[(2-methoxyphenyl)methyl]-1-oxo-3H-isoquinoline-4-carboxamide; BRD-K93215584",8,0.1412502,0.00028449047,0.6283189834726932,0.6423913383114256,5,ridge,0.6423913,0.696429967880249
6690,"2-(dimethylamino)-1-[(8R,9S,10S)-10-(hydroxymethyl)-9-[4-[(E)-2-phenylethenyl]phenyl]-1,6-diazabicyclo[6.2.0]decan-6-yl]ethanone; BRD-K74461819",13,0.09545415,0.00050829485,0.7995566269939433,0.8564449954047617,5,ridge,0.856445,0.7944443225860596
3768,(E)-3-[4-(imidazol-1-ylmethyl)phenyl]prop-2-enoic acid; Ozagrel,16,0.09496773,0.0009862414,0.8013754173603964,0.8527334929764773,5,ridge,0.8527335,0.7108280062675476
3473,"CAY-10470; N4-[2-(4-phenoxyphenyl)ethyl]-1,2-dihydroquinazoline-4,6-diamine",11,0.11958651,0.00045220758,0.7093224592216906,0.7436488122385884,5,ridge,0.7436488,0.72295081615448
7828,6-(1-methyl-5-indolyl)-N-(thiophen-2-ylmethyl)-4-quinazolinamine; BRD-K49630153,10,0.099921845,0.00028949048,0.7828513093132334,0.8355626984064183,5,ridge,0.8355627,0.6714692115783691
3520,6-[(4-bromothiophen-2-yl)methoxy]-7H-purin-2-amine; Lomeguatrib; lomeguatrib,6,0.1078819,0.0013585602,0.7530875838281852,0.8085458349171742,5,ridge,0.8085458,0.6558941006660461
924,Oxybuprocaine; oxybuprocaine,7,0.14103721,0.0012274318,0.6291153819763544,0.6331469134411245,5,ridge,0.63314694,0.5933144092559814
7595,AT-CSC-07; AT-Csc-07,7,0.13043465,0.0011914403,0.6687597921316552,0.6929438795448666,5,ridge,0.6929439,0.6275931000709534
6408,"(3S,10S,13S)-17-[(5R)-5-hydroxy-6-methylheptan-2-yl]-10,13-dimethyl-2,3,4,7,8,9,11,12,14,15,16,17-dodecahydro-1H-cyclopenta[a]phenanthren-3-ol; BRD-A36707673",5,0.18019244,0.00089384016,0.482708665311215,0.4603727878339754,5,ridge,0.46037278,0.7826849222183228
5141,Imiquimod (hydrochloride); Imiquimod hydrochloride,153,0.053881925,0.00051551196,0.9550008158472438,0.7396658697613996,5,ridge,0.73966587,0.7276297807693481
7643,6-(2-methyl-3-furanyl)-N-[(5-methyl-2-furanyl)methyl]-4-quinazolinamine; BRD-K74980345,5,0.16683428,0.001061122,0.5326566376839377,0.5228096638977389,5,ridge,0.5228097,0.7228427529335022
8374,"4-phenyl-N-[6-phenyl-3-(2-pyridinyl)-1,2,4-triazin-5-yl]-2-thiazolamine; BRD-K81795824",17,0.12285952,0.00047041572,0.6970842308237941,0.7283505133686949,5,ridge,0.7283505,0.6500945091247559
5896,4-tert-butyl-N-[2-methyl-3-[4-methyl-6-[4-(morpholine-4-carbonyl)anilino]-5-oxopyrazin-2-yl]phenyl]benzamide; Cgi1746,20,0.17843935,0.00059138204,0.4892637066407767,0.4685668182109125,5,ridge,0.4685668,0.6956466436386108
732,Elimusertib; Elimusertib hydrochloride,144,0.04468228,0.00018099185,0.9893995365017992,0.8077422719169107,5,ridge,0.8077423,0.8521352410316467
5206,"CP21R7; Iron oxide, spent",139,0.041618034,8.584858e-05,1.0,0.8591813924695583,5,ridge,0.8591814,0.745136559009552
1695,Bifemelane; bifemelane,8,0.13664648,0.000631279,0.6455329170811955,0.6639093930690346,5,ridge,0.6639094,0.6761986613273621
743,"(3S,6S,9S,12R)-3-[(2S)-butan-2-yl]-6-[(1-methoxyindol-3-yl)methyl]-9-(6-oxooctyl)-1,4,7,10-tetrazabicyclo[10.4.0]hexadecane-2,5,8,11-tetrone; Apicidin",92,0.080516346,0.0019695887,0.8554111025730009,0.9352989936573622,5,ridge,0.935299,0.7939489483833313
702,"7-phenyl-7-(2,4,5-trimethyl-3,6-dioxocyclohexa-1,4-dien-1-yl)heptanoic acid; Seratrodast",5,0.07863033,0.0007100775,0.8624631722489527,0.9358632535002638,5,ridge,0.93586326,0.6580537557601929
102,AV-412; AV-412 free base,10,0.12757058,0.00042928272,0.6794689383938308,0.7063307212183865,5,ridge,0.7063307,0.7832608222961426
6628,5-Chloro-4-(4-ethoxyphenoxy)-2-(4-methylphenyl)-3-pyridazinone; BRD-K58618158,6,0.14285457,0.00032545542,0.6223200263980944,0.6348924032866822,5,ridge,0.6348924,0.688829243183136
2216,D-64131,27,0.118097454,0.0006357552,0.7148902416070967,0.7506087276815597,5,ridge,0.75060874,0.6203379034996033
7187,"2,4-difluoro-N-[2-methoxy-4-[4-(4-pyridazinyl)-6-quinolinyl]-3-pyridinyl]benzenesulfonamide; GSK-2126458",109,0.08777377,0.00041947464,0.8282746097140192,0.8923436044538158,5,ridge,0.8923436,0.6645940542221069
6773,"BRD-K48716658; N4-(3-chlorophenyl)-N2-methyl-5-nitropyrimidine-2,4,6-triamine",6,0.16522543,0.0001249623,0.5386723460862816,0.5303295562600792,5,ridge,0.5303296,0.6996954679489136
13458,cefotaxime,6,0.10815907,0.00044652136,0.7520512075980347,0.7870529125572612,5,ridge,0.7870529,0.7817374467849731
207,Linezolid; linezolid,8,0.17357865,0.003462284,0.5074385233305074,0.4912860187890999,5,ridge,0.491286,0.7332131266593933
2266,GSK-256066; Gsk-256066,7,0.17617917,0.0004920435,0.4977148262708291,0.4791310233950081,5,ridge,0.479131,0.7088379263877869
3139,"(E)-N-benzyl-2-cyano-3-(3,4-dihydroxyphenyl)prop-2-enamide; AG-490",20,0.191017,0.007752529,0.4422341670399803,0.8593802001195812,5,ridge,0.8593802,0.6269935369491577
5396,Digoxigenin; digoxigenin,12,0.08871441,0.00032288325,0.8247574291492801,0.8875629067863536,5,ridge,0.88756293,0.8491383194923401
5485,Idoxuridine,146,0.05240569,9.183148e-05,0.960520658774387,0.6950365571413286,5,ridge,0.69503653,0.7474018931388855
86,25-Hydroxyvitamin D3; calcifediol,7,0.1347107,0.00039918534,0.6527710611040003,0.6729573218156447,5,ridge,0.6729573,0.7775149345397949
4116,NU-7441,35,0.09260416,0.0005549763,0.8102131262260632,0.8701349910545765,5,ridge,0.870135,0.7103731036186218
5428,Luliconazole; luliconazole,7,0.14494021,0.00042481974,0.6145215355056775,0.625143983647906,5,ridge,0.625144,0.61326664686203
816,"16,16-Dimethyl-pge2; BRD-K92301463",14,0.13767575,0.0001504568,0.6416843369231443,0.6590985046403723,5,ridge,0.6590985,0.7681107521057129
2677,Rilpivirine; rilpivirine,9,0.13727558,0.00026759953,0.6431806268391502,0.6609689712954383,5,ridge,0.66096896,0.7179259061813354
1218,SANT-2; Sant-2,36,0.12802131,0.00061530276,0.6777835977789888,0.7042239545366977,5,ridge,0.70422393,0.7299849987030029
19,"(8R,9R,13S,14S,17S)-17-ethynyl-3-methoxy-13-methyl-7,8,9,11,12,14,15,16-octahydro-6H-cyclopenta[a]phenanthren-17-ol; mestranol",10,0.09897669,0.0011726614,0.7863853720754657,0.8413739853995716,5,ridge,0.841374,0.7776250839233398
3522,Pemetrexed,155,0.052911334,0.0013342486,0.9586299872640568,0.7876497686809392,5,ridge,0.78764975,0.7553035020828247
6441,"(4Z)-4-{[3-(4-fluorophenyl)-1-phenyl-1H-pyrazol-4-yl]methylidene}-5-methyl-2,4-dihydro-3H-pyrazol-3-one; SA-25547",15,0.13032219,0.0006927061,0.669180295327682,0.6934695270867333,5,ridge,0.6934695,0.6605603694915771
567,SCH-79797; Sch-79797,10,0.1151994,0.00012363418,0.725726458655452,0.764154454809211,5,ridge,0.76415443,0.7419756650924683
3877,Flufenamic Acid; flufenamic-acid,12,0.12249211,0.00031959795,0.6984580266556648,0.7201738593889282,5,ridge,0.72017384,0.5067095756530762
582,Rosuvastatin; rosuvastatin,14,0.14354594,0.00063649355,0.6197349001786652,0.6316608878303328,5,ridge,0.6316609,0.8149668574333191
333,4-[2-(tert-butylamino)-1-hydroxyethyl]-2-(hydroxymethyl)phenol; Salbutamol; salbutamol,11,0.092463516,0.0005601939,0.810739013221457,0.8698477809326398,5,ridge,0.8698478,0.7590426206588745
3670,"CAY-10594; N-(2-(4-Oxo-1-phenyl-1,3,8-triazaspiro(4.5)decan-8-yl)ethyl)naphthalene-2-carboxamide",25,0.115770996,0.0003728408,0.7235891836702475,0.7614827355891663,5,ridge,0.7614827,0.7359321117401123
8187,1-(3-Fluorophenyl)-3-(4-morpholinyl)-2-phenyl-1-propanone; EMF-sumo1-39,11,0.10499191,0.00054962613,0.7638936484865996,0.8118649041565146,5,ridge,0.8118649,0.6697316765785217
3341,Lisinopril; lisinopril,6,0.17339957,0.0021477684,0.5081081277440274,0.477661465393711,5,ridge,0.47766146,0.7456872463226318
23988,Apratoxin a,6,0.13040026,0.002335309,0.668888381006912,0.834805984013497,5,ridge,0.83480597,0.699745774269104
7763,"6-(3,5-dimethyl-4-isoxazolyl)-N-[1-(2-furanyl)ethyl]-4-quinazolinamine; BRD-A11087911",14,0.11068494,0.00049369363,0.7426066370151783,0.7852553052226242,5,ridge,0.7852553,0.7277251482009888
4592,bromopride,6,0.11227354,0.00023705632,0.7366666461098959,0.7613950974737121,5,ridge,0.7613951,0.7593990564346313
2001,Flavokawain B; flavokavain-b,15,0.11072615,0.00029936456,0.7424525472347385,0.7850626843454579,5,ridge,0.7850627,0.7460349798202515
103,Canertinib; canertinib,114,0.088439286,0.00062268914,0.8257861551078756,0.889232933553618,5,ridge,0.88923293,0.7579283118247986
5263,Clofazimine; clofazimine,21,0.18286009,0.02265255,0.4727339600748581,0.7040950848329988,5,ridge,0.70409507,0.7444721460342407
176,Acenocoumarol; acenocoumarol,7,0.15791897,0.001466348,0.5659921912013575,0.544226253541715,5,ridge,0.5442262,0.6467671990394592
4246,"N-([1,1'-Biphenyl]-4-ylmethyl)-6-phenyl-3-(pyridin-2-yl)-1,2,4-triazin-5-amine; VU-0418946-1",55,0.08204832,0.0006981831,0.8496828439634522,0.9191047138964168,5,ridge,0.9191047,0.6842974424362183
5442,"(2R)-4-amino-N-[(1R,2S,3S,4R,5S)-5-amino-2-[(2S,4S,5S,6R)-4-amino-3,5-dihydroxy-6-(hydroxymethyl)oxan-2-yl]oxy-4-[(2R,3R,4S,5S,6R)-6-(aminomethyl)-3,4,5-trihydroxyoxan-2-yl]oxy-3-hydroxycyclohexyl]-2-hydroxybutanamide; amikacin",21,0.14082746,0.00096668844,0.6298996656804857,0.6416419214631539,5,ridge,0.6416419,0.7727273106575012
1542,3-(2'-Aminobenzhydryloxy)tropane; zonisamide,6,0.1518252,0.0005121712,0.5887776238961093,0.5999604299815928,5,ridge,0.59996045,0.6989408135414124
7342,"BRD-K84450674; N'-(2-aminophenyl)-N-[(2S,3R)-5-[(2R)-1-hydroxypropan-2-yl]-3-methyl-2-[[methyl-[(4-phenylphenyl)methyl]amino]methyl]-6-oxo-2,3,4,7-tetrahydro-1,5-benzoxazonin-9-yl]heptanediamide",6,0.07999896,0.0005328851,0.8573456790142199,0.9286835638966844,5,ridge,0.9286836,0.8419691920280457
2869,Pirinixic Acid; pirinixic-acid,6,0.2168238,0.00052633305,0.3457390409576174,0.2386515560148139,5,ridge,0.23865156,0.5665992498397827
1036,"3-[(6aR,9S,10aR)-7-methyl-6,6a,8,9,10,10a-hexahydro-4H-indolo[4,3-fg]quinolin-9-yl]-1,1-diethylurea; Terguride",9,0.11102473,0.0040490185,0.7413361161101639,0.8206666872057342,5,ridge,0.8206667,0.7883116006851196
6349,"1-Tert-butyl-5-[[3-[(1-tert-butyl-4-oxo-5-pyrazolo[3,4-d]pyrimidinyl)methyl]-2-fluorophenyl]methyl]-4-pyrazolo[3,4-d]pyrimidinone; BRD-K80822897",6,0.22635089,0.0018205394,0.3101159590277377,0.2446251858445671,5,ridge,0.24462518,0.6635613441467285
2386,LY-2874455; Ly-2874455,48,0.10747429,0.00041251545,0.7546116929134817,0.8002620884770077,5,ridge,0.8002621,0.7703026533126831
7540,"(5S,8R,9S,10S,13R,14S,17R)-3-[(2R,4S,5S,6R)-4,5-dihydroxy-6-methyloxan-2-yl]oxy-5,14-dihydroxy-13-methyl-17-(5-oxo-2H-furan-3-yl)-2,3,4,6,7,8,9,11,12,15,16,17-dodecahydro-1H-cyclopenta[a]phenanthrene-10-carbaldehyde; helveticoside",17,0.06246935,0.00025260917,0.9228912688248376,1.0,5,ridge,1.0,0.8274441957473755
5533,L-Thyroxine (sodium salt pentahydrate); Levothyroxine sodium pentahydrate,142,0.04407226,0.00011848072,0.991680484035502,0.8179826096760778,5,ridge,0.8179826,0.675416111946106
1229,Dapagliflozin,144,0.059427872,0.0020210769,0.934263767665714,0.666366220549563,5,ridge,0.6663662,0.727195680141449
8072,1-[4-(4-bromophenyl)-2-thiazolyl]-N-(3-phenylpropyl)-4-piperidinecarboxamide; BRD-K53461563,9,0.15498333,0.0007086568,0.5769689474025304,0.5782018073037817,5,ridge,0.57820183,0.6119282245635986
5607,"(3S,6S,9R,12R,15S,18S,21R,24R,27S,30S,33R,36R)-6,18,30-trimethyl-3,9,12,15,21,24,27,33,36-nona(propan-2-yl)-1,7,13,19,25,31-hexaoxa-4,10,16,22,28,34-hexazacyclohexatriacontane-2,5,8,11,14,17,20,23,26,29,32,35-dodecone; Valinomycin",8,0.100313894,7.8796045e-05,0.781385384917901,0.8601628399481218,5,ridge,0.86016285,0.7587147951126099
11862,meclofenoxate,6,0.08303311,5.9726164e-05,0.8460005805594404,0.9114288389606312,5,ridge,0.9114288,0.6336725354194641
7690,1-Methyl-4-[(4-methylphenyl)thio]-3-nitro-2-quinolinone; BRD-K03857568,5,0.13265018,0.00047567554,0.660475624908704,0.6825883627359766,5,ridge,0.68258834,0.6830780506134033
24002,Palmitic acid,57,0.4054891,0.08535277,0.0,0.7826446792434119,5,ridge,0.7826447,0.6904341578483582
2276,Pirarubicin; pirarubicin,28,0.18261659,0.016480753,0.4736444396074253,0.8053676021645269,5,ridge,0.8053676,0.8647494316101074
2992,Alprazolam; alprazolam,7,0.14953987,0.0013388501,0.5973227827879443,0.6036447950847335,5,ridge,0.6036448,0.8228269815444946
5326,Diloxanide furoate; diloxanide,5,0.14079805,0.0003710905,0.6300096336601686,0.6239246656354351,5,ridge,0.6239247,0.6133925914764404
531,(2R)-2-[[6-(3-chloroanilino)-9-propan-2-ylpurin-2-yl]amino]-3-methylbutan-1-ol; Purvalanol A; purvalanol-a,17,0.10150043,0.00068804796,0.7769487658515595,0.8274620756173208,5,ridge,0.8274621,0.7322180271148682
5291,Tetradecylthioacetic acid; tetradecylthioacetic-acid,5,0.20017383,2.445813e-05,0.4079955374785948,0.3669784314445757,5,ridge,0.36697844,0.6697009801864624
8060,"BRD-K72615639; N'-[(E)-(3,5-dibromo-2-hydroxyphenyl)methylidene]-2-hydroxybenzohydrazide",14,0.09967716,0.00026158607,0.7837662197215546,0.8367063661182551,5,ridge,0.83670634,0.7166694402694702
30,Cinnarizine; cinnarizine,6,0.17696042,0.00057561405,0.4947936265385163,0.4493728986711252,5,ridge,0.4493729,0.7038331031799316
2532,Estriol; estriol,14,0.11034792,0.0005781959,0.7438668005144218,0.7851181495566381,5,ridge,0.78511816,0.7705742716789246
6862,"I-606061; N-(4-phenoxyphenyl)carbamic acid [(2R,3R,4S,5R,6S)-2-(hydroxymethyl)-6-methoxy-4,5-bis[oxo-(2-phenylanilino)methoxy]-3-oxanyl] ester",8,0.14852834,0.0004198777,0.6011050306794337,0.6083728001603168,5,ridge,0.6083728,0.8286914825439453
2027,"(5R,5aR,8aR)-5-(3,4,5-trimethoxyphenyl)-5a,8,8a,9-tetrahydro-5H-[2]benzofuro[5,6-f][1,3]benzodioxol-6-one; Deoxypodophyllotoxin",8,0.2814769,0.018149296,0.1039923293887435,0.380602220556174,5,ridge,0.3806022,0.694281816482544
6838,"BRD-K58347372; dimethyl 2-[3-[(3S,4R,6S,7S,8R,8aR)-6-[2-(2-hydroxyethoxy)phenyl]-1'-(2-methoxyethoxycarbonyl)-1,2'-dioxo-3,4-diphenyl-8-(4-pyrimidin-2-ylpiperazine-1-carbonyl)spiro[4,6,8,8a-tetrahydro-3H-pyrrolo[2,1-c][1,4]oxazine-7,3'-indole]-5'-yl]prop-2-ynyl]propanedioate",9,0.13539726,0.00062561146,0.6502039201270831,0.6697483480378947,5,ridge,0.66974837,0.7157565951347351
2957,NU-1025,6,0.15655608,0.0020267693,0.5710882217974171,0.56473577126022,5,ridge,0.5647358,0.7497004270553589
3514,CGP-71683; Cgp-71683a free base,18,0.15972713,0.0008057206,0.5592312356711451,0.5786026606460877,5,ridge,0.5786027,0.6847246885299683
301,N-(3-((2-hydroxynaphthalen-1-ylmethylene)amino)phenyl)-2-phenylpropionamide; salermide,14,0.15099199,0.00063184253,0.5918931091171784,0.5968575406630472,5,ridge,0.59685755,0.6847084760665894
7357,"N-[(2R,3R)-2-[[1,3-benzodioxol-5-ylmethyl(methyl)amino]methyl]-5-[(2R)-1-hydroxypropan-2-yl]-3-methyl-6-oxo-3,4-dihydro-2H-1,5-benzoxazocin-8-yl]-2-(1-methyl-3-indolyl)acetamide; SA-85901",6,0.13810843,0.00034448778,0.6400664877069178,0.6570761328857386,5,ridge,0.6570761,0.8485000729560852
7894,2-[(E)-3-oxo-3-phenylprop-1-enyl]sulfanyl-6-thiophen-2-yl-4-(trifluoromethyl)pyridine-3-carbonitrile; BRD-K85266146,8,0.19402996,0.0008898913,0.4309683008697803,0.3956952784992732,5,ridge,0.39569527,0.6608624458312988
1195,Etazolate; etazolate,5,0.11372807,0.001024698,0.7312279611221958,0.771031557174082,5,ridge,0.77103156,0.6688295006752014
7764,"6-(3,5-dimethyl-4-isoxazolyl)-N-[(1-methyl-2-piperidinyl)methyl]-4-quinazolinamine; BRD-A98444709",9,0.110434145,0.0003433917,0.743544393542366,0.7864275153924771,5,ridge,0.7864275,0.7238447070121765
23954,Epz004777,5,0.20025194,0.00064576376,0.4077034735923983,0.6856392126240902,5,ridge,0.6856392,0.7616664171218872
5279,Homosalate; homosalate,9,0.14326343,0.0009627947,0.620791243393226,0.6229611466119349,5,ridge,0.62296116,0.7108339071273804
483,Ipatasertib,149,0.04054196,0.00010342978,1.0,0.8772243219716018,5,ridge,0.8772243,0.7415957450866699
1074,DY-131; N-[[4-(diethylamino)phenyl]methylideneamino]-4-hydroxybenzamide,8,0.12529124,0.00055398425,0.6879916998630782,0.7226877295089044,5,ridge,0.7226877,0.735342264175415
5342,Ioxaglic Acid; ioxaglic-acid,5,0.17393488,0.0005324478,0.5061065310352859,0.4667065733680715,5,ridge,0.46670657,0.7386956810951233
7337,"1-[[(4R,5R)-8-(2-cyclopentylethynyl)-2-[(2S)-1-hydroxypropan-2-yl]-4-methyl-1,1-dioxo-4,5-dihydro-3H-6,1$l^{6},2-benzoxathiazocin-5-yl]methyl]-3-(2,5-difluorophenyl)-1-methylurea; BRD-K99259037",6,0.12340493,0.00037600292,0.6950448688449133,0.7258012400808618,5,ridge,0.7258012,0.7686800956726074
5233,Epothilone A; epothilone-a,14,0.12017207,0.0012036508,0.7071329709461667,0.9097222296245878,5,ridge,0.9097222,0.7679937481880188
888,Tegaserod; tegaserod,10,0.12281807,0.00023542347,0.6972392179967917,0.7285443202721038,5,ridge,0.7285443,0.8227139711380005
1708,1-[3-[2-(dimethylamino)ethyl]-1H-indol-5-yl]-N-methylmethanesulfonamide; Sumatriptan; sumatriptan,14,0.1294207,0.0010806536,0.6725510887314357,0.703285341771802,5,ridge,0.70328534,0.7134534120559692
4181,Zosuquidar; zosuquidar,15,0.14665815,0.00044482556,0.6080979247944722,0.6190722120089677,5,ridge,0.6190722,0.7813003659248352
3553,5-iodotubercidin; 7-Iodo-7-deaza-D-guanosine,51,0.10984394,0.0010250623,0.7457512501030181,0.7948833617876453,5,ridge,0.7948834,0.7388668060302734
4039,EI-247; [(S)-hydroxy(naphthalen-2-yl)methyl]phosphonic acid,8,0.10823241,0.0005118529,0.7517769793889238,0.7967185928763787,5,ridge,0.7967186,0.7147416472434998
8369,"BRD-K90849765; [(4R,5R)-5-(2-azidophenyl)-4-[(2-azidophenyl)methyl]-2-[4-(3-hydroxypropoxy)phenyl]-5H-oxazol-4-yl]-(1-piperidinyl)methanone",6,0.18675041,0.00027537838,0.4581875258443166,0.4297203759211769,5,ridge,0.42972037,0.6683796644210815
21252,glutamine,22,0.34212747,0.0621046,0.0,0.8221201638795562,5,ridge,0.8221202,0.8130452036857605
6702,"2-[(1S,3S,4aS,9aR)-6-(dimethylamino)-1-(hydroxymethyl)-3,4,4a,9a-tetrahydro-1H-pyrano[3,4-b]benzofuran-3-yl]-N-[(4-phenoxyphenyl)methyl]acetamide; BRD-K16410418",5,0.13670084,0.0005786938,0.6453296576668615,0.6636553307767372,5,ridge,0.66365534,0.6546343564987183
62,Garcinol,10,0.15584926,0.001044686,0.5737311176627524,0.6138210439643115,5,ridge,0.613821,0.8611222505569458
804,Budesonide; budesonide,177,0.0561972,0.0006043431,0.9463436885381492,0.7791731257771117,5,ridge,0.77917314,0.8378080129623413
1149,"(3R,16S)-Vinpocetine; vinpocetine",12,0.10270975,0.0012921742,0.7724269543184007,0.8415724109611444,5,ridge,0.8415724,0.6867901682853699
335,(R)-Timolol; timolol,10,0.12147148,0.0011433719,0.7022743006816363,0.7296677553967073,5,ridge,0.7296678,0.6810998916625977
2736,AZD-7648; Azd-7648,140,0.044472992,9.863245e-05,0.9901820927252568,0.8112554796639062,5,ridge,0.81125546,0.7175547480583191
2385,5-(6-((4-Methyl-1-piperazinyl)methyl)-1H-benzimidazol-1-yl)-3-((1R)-1-(2-(trifluoromethyl)phenyl)ethoxy)-2-thiophenecarboxamide; GSK-461364,227,0.0822585,0.00043309332,0.8488969524309882,0.9181223272339254,5,ridge,0.91812235,0.753898024559021
24078,Ubiquinol,10,0.15072398,0.00077810575,0.5928952348647074,0.8303123122161713,5,ridge,0.8303123,0.7948082685470581
14813,sulfadimethoxine,5,0.12930213,0.00050476636,0.6729944380463289,0.6740206861995328,5,ridge,0.6740207,0.6830409169197083
6921,Isorotenone; isorotenone,8,0.17840917,0.00087337714,0.4893765537549158,0.4687078382484492,5,ridge,0.46870783,0.6842799782752991
5351,"cis-(1R,4S)-6-methoxycyclohexane-1,2,3,4,5-pentol; pinitol",8,0.13019095,0.0014261183,0.6696710194913539,0.6940829386789888,5,ridge,0.6940829,0.7913661599159241
1892,Danusertib; danusertib,71,0.1038475,0.0023146707,0.7681727527242391,0.9348334210273544,5,ridge,0.9348334,0.8069552779197693
4302,cyclosporin-a,248,0.060059637,0.00054789276,0.931901512627142,0.8455638657203595,5,ridge,0.8455639,0.8553293943405151
1551,TG-02; Zotiraciclib,15,0.14372525,0.0005682879,0.6190644357639439,0.6308227266247407,5,ridge,0.6308227,0.7262696027755737
1901,"Rifampicin; [(7S,9E,11S,12R,13S,14R,15R,16R,17S,18S,19E,21Z)-2,15,17,27,29-pentahydroxy-11-methoxy-3,7,12,14,16,18,22-heptamethyl-26-[(E)-(4-methylpiperazin-1-yl)iminomethyl]-6,23-dioxo-8,30-dioxa-24-azatetracyclo[23.3.1.14,7.05,28]triaconta-1(29),2,4,9,19,21,25,27-octaen-13-yl] acetate",12,0.12345431,0.0012626608,0.6948602303261529,0.7243092171949926,5,ridge,0.7243092,0.9143903851509094
6932,"1-[(8S,9S,10R)-10-(hydroxymethyl)-9-[4-(4-methoxyphenyl)phenyl]-1,6-diazabicyclo[6.2.0]decan-6-yl]-2-pyridin-4-ylethanone; BRD-K00540336",6,0.115307964,0.0007369247,0.7253205231319464,0.7636469900467494,5,ridge,0.76364696,0.8146170377731323
3202,"4-amino-7-[(2R,3R,4S,5R)-3,4-dihydroxy-5-(hydroxymethyl)oxolan-2-yl]pyrrolo[2,3-d]pyrimidine-5-carbonitrile; Toyocamycin",6,0.18517064,0.008680314,0.4640945001817447,0.7694925020285616,5,ridge,0.7694925,0.7577576637268066
772,rifabutin,10,0.15519944,0.00043176406,0.5761608827956183,0.5684228200093178,5,ridge,0.5684228,0.9049157500267029
624,Bupropion; bupropion,10,0.09572167,0.00038955352,0.7985563334228862,0.8546337623964044,5,ridge,0.85463375,0.7232642769813538
9660,BRD-A92439610,5,0.08491079,0.000949026,0.8389796803183284,0.90572539397062,5,ridge,0.9057254,0.8803294897079468
2234,"1-(2,3-Dichlorobenzoyl)-5-methoxy-2-methyl-(3-(morpholin-4-yl)ethyl)-1H-indole hydrochloride; GW-405833",15,0.12669231,0.00047481345,0.6827529090676205,0.7104358428709668,5,ridge,0.71043587,0.645480751991272
1602,Dovitinib; dovitinib,82,0.10034688,0.00045171395,0.7812620457891073,0.833576066311531,5,ridge,0.8335761,0.7539195418357849
3184,"6-Cyano-7-nitroquinoxaline-2,3-dione; CNQX",5,0.15607533,0.00040279594,0.572885811264693,0.573097701646067,5,ridge,0.5730977,0.7467489242553711
3296,3-Aminobenzamide; 3-aminobenzamide; BRD-K08703257,6,0.11467016,0.0013060651,0.7277053588107534,0.7714808894312395,5,ridge,0.7714809,0.7896908521652222
6334,"(3R)-2-[(R)-tert-butylsulfinyl]-3-(2-hydroxyethyl)-N-(2-pyridin-4-ylethyl)-4-(3-pyridin-4-ylphenyl)-1,3-dihydropyrrolo[3,4-c]pyridine-6-carboxamide; BRD-K71631401",5,0.1787502,0.0007772157,0.4881013963216861,0.4671138828619968,5,ridge,0.46711388,0.6283873319625854
4014,Ezetimibe; ezetimibe,9,0.2134736,0.0042529274,0.3582658932369054,0.5849330292476926,5,ridge,0.58493304,0.7655454277992249
3343,Amifostine; amifostine,6,0.18916036,0.0023219546,0.4491763958668614,0.4184561292784935,5,ridge,0.41845614,0.8312458992004395
8340,5-[[2-Fluoro-4-(trifluoromethyl)anilino]methyl]-8-quinolinol; BRD-K49094915,9,0.121852346,0.00058454537,0.7008501910403602,0.7330581539829846,5,ridge,0.73305815,0.7299337387084961
5266,PSI-7976; Psi-7976,12,0.15517683,0.00038606534,0.5762454246528312,0.5772973316404568,5,ridge,0.57729733,0.9152432680130005
6644,"(4S)-4-[[(2S)-2-[[(2S)-2-[[(2S)-2-[[(2S)-2-[[(2S)-2-[[(2S,5S,8S,11R,15Z,20R)-20-[[(2S,3S)-2-[[(2S)-2-[[(2S)-2-(3-acetamidopropanoylamino)-5-carbamimidamidopentanoyl]amino]-5-carbamimidamidopentanoyl]amino]-3-methylpentanoyl]amino]-11,20-dimethyl-5,8-bis(2-methylpropyl)-2-(2-methylsulfanylethyl)-3,6,9,21-tetraoxo-1,4,7,10-tetrazacyclohenicos-15-ene-11-carbonyl]amino]propanoyl]amino]propanoyl]amino]-4-amino-4-oxobutanoyl]amino]-5-carbamimidamidopentanoyl]amino]-4-methylpentanoyl]amino]-5-[[(1S)-4-carbamimidamido-1-carboxybutyl]amino]-5-oxopentanoic acid; YL-54",8,0.14027537,0.00041388063,0.6319640050855577,0.6469477071406388,5,ridge,0.6469477,0.7180231809616089
6634,"6-(3,5-dimethyl-4-isoxazolyl)-N-[(2-ethoxyphenyl)methyl]-4-quinazolinamine; BRD-K88622704",7,0.13593344,0.00079582393,0.6481990703703197,0.6672421492675709,5,ridge,0.66724217,0.7128912210464478
6559,"MW-STK33-23; N-(1-propyl-1H-1,3-benzodiazol-2-yl)-3-(pyrrolidine-1-sulfonyl)benzamide",11,0.12368303,0.0001385823,0.6940050152186015,0.7245014084660667,5,ridge,0.72450143,0.5405680537223816
1585,Prochlorperazine; prochlorperazine,35,0.08434221,0.0007091423,0.8411056780703903,0.9106256132823036,5,ridge,0.91062564,0.7330078482627869
798,Bucladesine; bucladesine,22,0.13382052,0.001353923,0.6560995648834691,0.6738985279366643,5,ridge,0.6738985,0.7685601711273193
5026,xamoterol,7,0.1641608,0.00052264746,0.542653142081177,0.6026612635356925,5,ridge,0.60266125,0.8558857440948486
113,WZ-3146,16,0.09796939,0.00025238597,0.7901518034231246,0.8446886114936976,5,ridge,0.8446886,0.6869629621505737
1753,Nisoldipine; nisoldipine,5,0.14559227,0.0002706695,0.6120833947089392,0.6308873382903528,5,ridge,0.6308873,0.7433984279632568
6450,4-tert-butyl-N-[4-[(4-methyl-1-piperidinyl)sulfonyl]phenyl]benzamide; BRD-K03122949,8,0.14144751,0.00079309434,0.6275812146161395,0.6414690466065697,5,ridge,0.64146906,0.5428975224494934
757,Alclometazone dipropionate; alclometasone,8,0.098691456,0.0003819086,0.7874519006955571,0.8367437585078177,5,ridge,0.8367438,0.7825902104377747
4157,Flupentixol; flupentixol,7,0.1269152,0.00097288867,0.6819194931209516,0.7011422401604462,5,ridge,0.70114225,0.7811572551727295
5151,Pravastatin (sodium); Pravastatin Sodium,140,0.044202335,0.00012784524,0.991194115964871,0.8157990282465267,5,ridge,0.81579906,0.8154581785202026
6913,"9-(3,5-Dimethoxyphenyl)-1-[4-(1-piperazinyl)-3-(trifluoromethyl)phenyl]-2-benzo[h][1,6]naphthyridinone; JW-7-24-1",46,0.08868438,0.00046091957,0.8248697153930705,0.8880873377298905,5,ridge,0.88808733,0.8315234780311584
6571,5-Chloro-7-((4-ethylpiperazin-1-yl)(pyridin-3-yl)methyl)quinolin-8-ol; BRD-A24054354,9,0.116651334,0.0012534662,0.7202974804639184,0.7573680023976738,5,ridge,0.757368,0.7277554869651794
5293,Suloctidil (USAN/INN); suloctidil,24,0.13206494,0.00075471774,0.6626639166608175,0.6836525302298242,5,ridge,0.6836525,0.7684799432754517
1364,Dinaciclib,377,0.06359299,0.00083115697,0.9186898264348012,0.938252225254567,5,ridge,0.9382522,0.8052138090133667
3556,Vidarabine; vidarabine,13,0.08374452,0.0006671374,0.8433405220614378,0.9138867927847132,5,ridge,0.9138868,0.7537661194801331
1118,GDC-0349; Gdc-0349,40,0.086109936,0.00045897588,0.8344959107513475,0.9001204827423555,5,ridge,0.9001205,0.789132833480835
2181,SB 216641; SB-216641,9,0.16582698,0.00037696963,0.5364230690315965,0.5275178129158503,5,ridge,0.5275178,0.7188408374786377
5094,biperiden,12,0.1555023,0.0011455872,0.5750284481704301,0.5894003842201496,5,ridge,0.5894004,0.6877793073654175
1555,Glasdegib,137,0.04883077,0.00019790819,0.973887769618597,0.7524924941037484,5,ridge,0.7524925,0.6679297685623169
8336,5-[(E)-2-(2-fluorophenyl)ethenyl]quinolin-8-ol; BRD-K14027855,9,0.07470636,0.00014726786,0.8771354283943644,0.9534215049634788,5,ridge,0.95342153,0.7825196385383606
7121,"5-(3-Methoxyphenyl)-4-[(1-methyl-5-tetrazolyl)thio]thieno[2,3-d]pyrimidine; BRD-K56593336",11,0.09273283,0.00058674935,0.8097320116410307,0.8691646440332248,5,ridge,0.86916465,0.7939243316650391
3414,"1,8-Naphthyridine-3-carboxylic acid, 7-(1alpha,5alpha,6alpha)-6-amino-3-azabicyclo3.1.0hex-3-yl-1-(2,4-difluorophenyl)-6-fluoro-1,4-dihydro-4-oxo-; trovafloxacin",15,0.14161555,0.00025712946,0.6269528902602767,0.6801296932607198,5,ridge,0.6801297,0.6867815256118774
24036,Clozapine,38,0.08440065,0.0007719136,0.840887162982574,0.9184022020764918,5,ridge,0.9184022,0.6739448308944702
6956,"BRD-A50388635; N-[(5-chloro-8-hydroxy-7-quinolinyl)-(3,4-dimethoxyphenyl)methyl]-4-methoxybenzamide",9,0.14811866,0.00056028774,0.602636879775541,0.6102877372023823,5,ridge,0.6102877,0.7361701130867004
1675,Axitinib; axitinib,32,0.119824946,0.0008448875,0.7084309146720922,0.742534326950304,5,ridge,0.74253434,0.7166721224784851
6896,"1-[(E)-3-(3,4,5-trimethoxyphenyl)prop-2-enoyl]-3,4-dihydro-2H-azepin-7-one; MD-II-008-P",15,0.09910773,0.000448633,0.7858953957389252,0.8393679376767473,5,ridge,0.8393679,0.7399705648422241
1106,"2-[4-[(4-Ethyl-1-piperazinyl)methyl]-3-(trifluoromethyl)anilino]-5,11-dimethyl-6-pyrimido[4,5-b][1,4]benzodiazepinone; JWE-035",49,0.082805626,0.0005003713,0.8468511740953194,0.9155650332284088,5,ridge,0.915565,0.7571091651916504
2006,"2-[2-methoxy-5-[[(E)-2-(2,4,6-trimethoxyphenyl)ethenyl]sulfonylmethyl]anilino]acetic acid; Rigosertib",92,0.1074125,0.0055391965,0.7548427341057501,0.8782223069197109,5,ridge,0.8782223,0.6983494758605957
6501,BRD-K21064560; N-Palmitoyldopamine,15,0.09499151,0.0006030254,0.8012865007144644,0.8586074355941696,5,ridge,0.8586074,0.6339264512062073
1880,Wortmannin from Penicillium funiculosum; wortmannin,682,0.06948952,0.0005204272,0.8966419008571073,0.9781579069411,5,ridge,0.9781579,0.8343443870544434
5172,Atazanavir (sulfate); Atazanavir Sulfate,142,0.045640897,0.00015994292,0.9858151374953475,0.7916499981561553,5,ridge,0.79165,0.8688110709190369
1516,"N-Methyl-N-(2-(((2-((2-oxo-2,3-dihydro-1H-indol-5-yl)amino)-5-(trifluoromethyl)pyrimidin-4-yl)amino)methyl)phenyl)methanesulfonamide; PF-431396",30,0.09845938,0.00059440616,0.7883196643423747,0.8429219933165546,5,ridge,0.842922,0.7598013877868652
3845,Sulfasalazine; sulfasalazine,8,0.16989815,0.0027558913,0.5212004121174214,0.603778906148524,5,ridge,0.6037789,0.6775496006011963
3856,CD-1530; CD1530,42,0.113824286,0.0007842711,0.7308681964457873,0.7705817985702044,5,ridge,0.7705818,0.6311232447624207
2068,Lenvatinib; lenvatinib,6,0.18893357,0.00017306597,0.4500243944425942,0.4195161604117251,5,ridge,0.41951615,0.7930552363395691
4145,Umeclidinium; umeclidinium,5,0.1600885,0.0005337351,0.5578800242186448,0.5543399041116689,5,ridge,0.5543399,0.6583756804466248
1975,(E)-N-[(4-hydroxy-3-methoxyphenyl)methyl]-8-methylnon-6-enamide; Capsaicin,15,0.16620634,0.002240852,0.5350045905286204,0.5255319593431828,5,ridge,0.52553195,0.7479326128959656
1429,Sinequan; doxepin,19,0.13794443,0.0008412616,0.6406797059547248,0.6555131485060828,5,ridge,0.65551317,0.7579981684684753
8193,"(4R,5'R)-2-benzoyl-2'-[4-(3-hydroxypropoxy)phenyl]-5'-phenyl-3-spiro[1,5-dihydro-2-benzazepine-4,4'-5H-oxazole]one; BRD-K62169556",9,0.13111256,0.00057823,0.6662249946781742,0.6897752860507378,5,ridge,0.6897753,0.7115651369094849
7732,8-(2-methylphenoxy)-2-(4-morpholinyl)-1H-quinolin-4-one; TGX-115,10,0.12851246,0.0011530758,0.6759471213008764,0.7019283299857217,5,ridge,0.7019283,0.6824504137039185
6608,"2-Amino-1-cyclohexyl-3-pyrrolo[3,2-b]quinoxalinecarboxylic acid ethyl ester; BRD-K58900438",6,0.16073246,0.00036999842,0.5554721704207313,0.551329926412761,5,ridge,0.5513299,0.6568460464477539
5317,Tinidazole; tinidazole,7,0.08398849,9.923748e-05,0.8424282851351117,0.9080765824870944,5,ridge,0.9080766,0.7247733473777771
7124,2-(3-Methoxyphenyl)-4-propan-2-yloxyquinazoline; BRD-K77014406,5,0.16894504,0.00039075673,0.5247642197038082,0.5129437976998077,5,ridge,0.5129438,0.660935640335083
1965,Acitretin; acitretin,9,0.114858046,0.00074247527,0.7270028275686345,0.7677648193845837,5,ridge,0.7677648,0.7468278408050537
5196,Fedratinib (hydrochloride hydrate); Fedratinib Hydrochloride,157,0.058332916,0.0042657605,0.9383579566885546,0.8293292838402175,5,ridge,0.8293293,0.6704868674278259
274,"[(1R,2S,11R,12R,15R,16S)-15-acetyl-9-chloro-2,16-dimethyl-6-oxo-15-pentacyclo[9.7.0.02,8.03,5.012,16]octadeca-7,9-dienyl] acetate; cyproterone",5,0.11001166,0.00021463951,0.7451241222705658,0.7759921787967718,5,ridge,0.77599216,0.7410720586776733
1678,"N,1,4,4-Tetramethyl-8-((4-(4-methylpiperazin-1-yl)phenyl)amino)-4,5-dihydro-1H-pyrazolo(4,3-h)quinazoline-3-carboxamide; PHA-848125",90,0.085678875,0.0006373858,0.8361077063069449,0.9021352822673436,5,ridge,0.90213525,0.7713595628738403
4570,cinchocaine,5,0.17716876,2.6618098e-05,0.4940146150156618,0.4284151290381813,5,ridge,0.42841512,0.655844509601593
1350,JTC-801; N-(4-amino-2-methylquinolin-6-yl)-2-(4-ethylphenoxymethyl)benzamide; N-(4-amino-2-methylquinolin-6-yl)-2-[(4-ethylphenoxy)methyl]benzamide,25,0.15137093,0.0008654175,0.5904762010511784,0.5950863828368117,5,ridge,0.5950864,0.6448847055435181
3395,"(2R)-2-amino-2-[(5S)-3-chloro-4,5-dihydro-1,2-oxazol-5-yl]acetic acid; acivicin",24,0.111073025,0.00048626564,0.7411555345535916,0.7834413950286421,5,ridge,0.7834414,0.7252833843231201
24172,Mln4924,250,0.0767713,0.00065254985,0.869414337610055,0.9463625690349882,5,ridge,0.94636256,0.7683679461479187
5244,Moxisylyte; moxisylyte,7,0.137459,0.00044497332,0.6424947945768772,0.6437263710141452,5,ridge,0.64372635,0.66961270570755
583,GSK-1292263; Gsk-1292263,7,0.09876125,0.00022333239,0.7871909314614873,0.8409873837093765,5,ridge,0.8409874,0.658935546875
5328,Demeclocycline,150,0.040509053,0.00019652487,1.0,0.902519456782622,5,ridge,0.90251946,0.8362888097763062
7782,"BRD-K31999759; N-[(3R,9R,10R)-12-[(2R)-1-hydroxypropan-2-yl]-3,10-dimethyl-9-[[methyl-[[4-(trifluoromethyl)phenyl]methyl]amino]methyl]-13-oxo-2,8-dioxa-12-azabicyclo[12.4.0]octadeca-1(14),15,17-trien-16-yl]-3,5-dimethyl-4-isoxazolesulfonamide",12,0.109619856,0.00041852918,0.7465891305776621,0.7902336040701974,5,ridge,0.7902336,0.7673113346099854
5296,Calpeptin; calpeptin,18,0.11574677,0.0004595438,0.7236797679706828,0.7615960457717026,5,ridge,0.761596,0.6207457184791565
8043,"2-[(3R,6aS,8R,10aS)-1-(1,3-benzodioxol-5-ylmethyl)-3-hydroxy-3,4,6,6a,8,9,10,10a-octahydro-2H-pyrano[2,3-c][1,5]oxazocin-8-yl]-N-(4-phenylphenyl)acetamide; BRD-K63000292",5,0.12857255,0.0010909758,0.6757224366392256,0.7016474233713381,5,ridge,0.7016474,0.6924474835395813
23995,"BRD-K30418433; N-[(4S,7R,8S)-8-methoxy-4,5,7,10-tetramethyl-11-oxo-2-oxa-5,10-diazabicyclo[10.4.0]hexadeca-1(12),13,15-trien-14-yl]butanamide",15,0.12172263,0.0012743932,0.7013352167612903,0.7336643970011609,5,ridge,0.7336644,0.7655897736549377
962,Rotigotine; rotigotine,5,0.25997943,0.0012470974,0.1843742860087743,0.1086245549851978,5,ridge,0.108624555,0.5926662683486938
7675,"1-cyclohexyl-3-[(2R,3S)-5-[(2R)-1-hydroxypropan-2-yl]-3-methyl-2-[[methyl-(4-methylphenyl)sulfonylamino]methyl]-6-oxo-3,4-dihydro-2H-1,5-benzoxazocin-10-yl]urea; BRD-K88556033",8,0.09429803,9.1869304e-05,0.8038795165101305,0.8618488069947904,5,ridge,0.86184883,0.8037227392196655
1064,Procaine; procaine,6,0.09190304,0.0013398565,0.8128347090181516,0.8712439345231142,5,ridge,0.87124395,0.5988363027572632
552,Ipratropium; ipratropium,8,0.17203572,0.0008811771,0.5132077479103181,0.4984977909638591,5,ridge,0.49849778,0.7665491700172424
5336,Cotinine; cotinine,7,0.11879213,0.00043060942,0.7122927538051844,0.7309467609161429,5,ridge,0.7309468,0.7064632177352905
1279,O5251_sigma; oligomycin-c,8,0.09669645,0.00038681825,0.7949114987668047,0.8506384367378783,5,ridge,0.85063845,0.8330433964729309
5188,Nafamostat (mesylate); Nafamostat Mesylate,146,0.046894982,0.000263998,0.981125943554487,0.7962603132336579,5,ridge,0.7962603,0.7501117587089539
7385,"BRD-K32485462; N-[(2S,3R)-5-[(2R)-1-hydroxypropan-2-yl]-3-methyl-2-[[methyl-[(4-phenoxyphenyl)methyl]amino]methyl]-6-oxo-3,4-dihydro-2H-1,5-benzoxazocin-10-yl]-4-(2-thiazolyl)benzamide",10,0.11084894,0.00040498853,0.7419934187673711,0.784488748929892,5,ridge,0.78448874,0.8090248107910156
5496,Trehalose; trehalose,19,0.51048505,0.20560938,0.0,0.6845308286103668,5,ridge,0.68453085,0.7603849768638611
4457,Y-27632,28,0.118783064,0.00054801855,0.7123266528090539,0.7474827930200096,5,ridge,0.7474828,0.7438948154449463
1267,BRD-K34685430; Methylergometrine,5,0.09425664,0.00030837025,0.8040342793349886,0.8582287090304848,5,ridge,0.8582287,0.805652379989624
7673,"(E)-3-[3,5-bis(trifluoromethyl)anilino]-2-(4-methylphenyl)sulfonylprop-2-enenitrile; KM-00927",13,0.09396708,0.0008740151,0.8051169834559339,0.8633956754939152,5,ridge,0.8633957,0.6896103620529175
5037,fenbufen,6,0.075702175,0.00012707987,0.8734119410197303,0.9490441457512692,5,ridge,0.94904417,0.6477262377738953
6741,"(8R)-7-methyl-5,6,6a,7-tetrahydro-4H-dibenzo[de,g]quinoline-2,13,14-triol; BRD-K39187410",5,0.08694798,0.00029115888,0.8313623505485108,0.8962034033867062,5,ridge,0.8962034,0.840687096118927
2917,4-(2-((2-Chloro-4-fluorophenyl)amino)-5-methyl-4-pyrimidinyl)-N-((1S)-1-(3-chlorophenyl)-2-hydroxyethyl)-1H-pyrrole-2-carboxamide; BRD-K93725829,7,0.1207614,0.00031259176,0.7049293861292146,0.7381572832456244,5,ridge,0.7381573,0.729888916015625
822,"2-butyl-3-[[4-[2-(2H-tetrazol-5-yl)phenyl]phenyl]methyl]-1,3-diazaspiro[4.4]non-1-en-4-one; Irbesartan",16,0.12119422,0.0007868794,0.7033110134339959,0.7442723877827857,5,ridge,0.7442724,0.758793830871582
5180,Cabozantinib (S-malate); Cabozantinib S-malate,142,0.04624134,0.00017026087,0.9835699996638352,0.7815704779639238,5,ridge,0.7815705,0.8078339695930481
24013,"Ethyl 5,5,7,7-tetramethyl-2-(5-nitrothiophene-2-carboxamido)-4,5,6,7-tetrahydrothieno[2,3-c]pyridine-3-carboxylate; NPC26",21,0.12671664,0.00033526175,0.682661935897077,0.7103221446891266,5,ridge,0.71032214,0.7933133244514465
5251,VX-222,5,0.14386556,0.00044634964,0.6185397976398597,0.6301670033344453,5,ridge,0.630167,0.6706664562225342
2700,Gandotinib; LY-2784544,41,0.1377968,0.0083436975,0.6412317145518209,0.8574192424172292,5,ridge,0.85741925,0.7145956158638
1278,Ascomycin; sirolimus,676,0.07733144,0.0008969029,0.8673198981629413,0.9443876559653588,5,ridge,0.9443877,0.8435661792755127
7523,"1-[(2R,3S)-2-[[(4-chlorophenyl)sulfonyl-methylamino]methyl]-5-[(2S)-1-hydroxypropan-2-yl]-3-methyl-6-oxo-3,4-dihydro-2H-1,5-benzoxazocin-10-yl]-3-cyclohexylurea; BRD-K54822214",6,0.09090283,0.00037725468,0.8165746298939998,0.8777181934105374,5,ridge,0.8777182,0.8009028434753418
5169,Phenylephrine (hydrochloride); Phenylephrine Hydrochloride,140,0.051512722,0.00012789287,0.9638595872640686,0.6930803685712084,5,ridge,0.69308037,0.7524972558021545
2878,Netupitant; netupitant,7,0.15549424,0.0010072816,0.5750585856038284,0.57581370449084,5,ridge,0.5758137,0.7512677311897278
734,Digitoxin,260,0.061888263,0.00089409726,0.925064031946566,0.8677765217566387,5,ridge,0.8677765,0.7822336554527283
5430,Fipronil; fipronil,7,0.16576803,0.0004234959,0.5366434910785979,0.5277934187699072,5,ridge,0.5277934,0.7503074407577515
7826,(2E)-N-hydroxy-3-(1-methyl-4-(phenylacetyl)-1H-pyrrol-2-yl)prop-2-enamide; BRD-K74733595,16,0.12579884,0.0005106686,0.6860937146034022,0.7146119686493801,5,ridge,0.71461195,0.7328261137008667
6761,"1-[2-Fluoro-4,5-bis(phenylmethoxy)phenyl]-2-(methylamino)ethanol; BRD-A25170757",9,0.14527898,0.0002465692,0.6132548285190337,0.6235605722651447,5,ridge,0.62356055,0.670348048210144
1806,LM-1685,5,0.15600997,0.0004588489,0.573130201171258,0.5549706884708858,5,ridge,0.5549707,0.5285216569900513
3099,methimazole,5,0.11993094,0.00029054526,0.7080345887272259,0.7420389040781044,5,ridge,0.7420389,0.7035205364227295
6943,BRD-K92202821; N-[4-[[2-methoxy-5-[4-oxo-3-(phenylmethyl)-2-quinazolinyl]phenyl]methoxy]phenyl]acetamide,6,0.15447618,0.0012183046,0.5788652500511606,0.5805722384425835,5,ridge,0.58057225,0.6140239238739014
5204,Cytarabine (hydrochloride); Cytarabine Hydrochloride,135,0.041847035,0.00013079165,1.0,0.8553371799094496,5,ridge,0.8553372,0.8106167912483215
2329,(E)-N-[4-[(3-methoxypyrazin-2-yl)sulfamoyl]phenyl]-3-(5-nitrothiophen-2-yl)prop-2-enamide; Necrosulfonamide,5,0.09316356,0.00015114051,0.8081214537393359,0.8915473122637602,5,ridge,0.8915473,0.746636152267456
3276,Modafinil; modafinil,6,0.16052927,0.00028806174,0.5562319253949501,0.5522796807795123,5,ridge,0.55227965,0.6631848812103271
91,"(1S,2R,5S,6S,8R,9R,10S,12S,15R,16S,25R,27S,28R)-21-chloro-5,9,28-trihydroxy-15,16,33,33-tetramethyl-24-methylidene-7,11,32-trioxa-18-azadecacyclo[25.4.2.02,16.05,15.06,8.06,12.017,31.019,30.022,29.025,28]tritriaconta-17(31),19,21,29-tetraene-10-carboxylic acid; penitrem-a",12,0.13881233,0.00029176942,0.6374345101177019,0.6537860556276185,5,ridge,0.65378606,0.6504794359207153
818,"7-[(2R,4aR,5R,7aR)-2-(1,1-difluoropentyl)-2-hydroxy-6-oxo-3,4,4a,5,7,7a-hexahydrocyclopenta[b]pyran-5-yl]heptanoic acid; Lubiprostone",6,0.19339043,0.00036146445,0.433359590296732,0.6331840149578902,5,ridge,0.633184,0.6863182187080383
1019,sildenafil,145,0.05071189,0.00989104,0.9668540067508236,0.9015753169665534,5,ridge,0.9015753,0.6580426692962646
412,Acyclic retinoid; Peretinoin,142,0.054558393,0.00012328583,0.9524714102273808,0.6419530075592457,5,ridge,0.641953,0.7666932940483093
7506,"BRD-K23282736; N-(2-aminophenyl)-4-[[[(2R,3S)-8-(dimethylamino)-5-[(2S)-1-hydroxypropan-2-yl]-3-methyl-6-oxo-3,4-dihydro-2H-1,5-benzoxazocin-2-yl]methyl-methylamino]methyl]benzamide",8,0.102587186,0.0005323667,0.7728852377411094,0.8231047479500209,5,ridge,0.82310474,0.8571203351020813
3964,Ziprasidone; ziprasidone,19,0.1833868,0.0005906328,0.47076451993277,0.448281143577357,5,ridge,0.44828114,0.604313850402832
7642,"BRD-K61717269; N-[(4-methylphenyl)methyl]-6-phenyl-3-(2-pyridinyl)-1,2,4-triazin-5-amine",26,0.08842911,0.00037514188,0.8258242045523249,0.8892805032415517,5,ridge,0.8892805,0.686587929725647
5434,Linsidomine; linsidomine,6,0.11628937,0.0005799811,0.7216509129629991,0.7590598777517269,5,ridge,0.7590599,0.6492606401443481
2974,Flumatinib; flumatinib,26,0.10112519,0.00032303654,0.7783518391156273,0.8299382240241706,5,ridge,0.82993823,0.7204888463020325
693,"3,5-dimethyladamantan-1-amine; Memantine; memantine",7,0.13284108,0.0008305698,0.659761823911714,0.6773363101710067,5,ridge,0.67733634,0.787132203578949
7842,"4-[(1-methyl-5-tetrazolyl)thio]-5-(1H-pyrrol-2-yl)thieno[2,3-d]pyrimidine; BRD-K89224880",11,0.08363779,0.000775891,0.8437396000101478,0.9116754320175308,5,ridge,0.91167545,0.772558331489563
4809,astemizole,5,0.11418817,6.2565894e-05,0.7295075848062443,0.7515710038737171,5,ridge,0.751571,0.7018982172012329
3482,Entinostat; entinostat,410,0.07412288,0.0019332699,0.8793171392677209,0.977210735658462,5,ridge,0.97721076,0.7111289501190186
6245,"BRD-K68313733; N-(1,3-dioxaindan-5-yl)-2-chloro-N-{[2-(prop-2-en-1-yloxy)phenyl]methyl}acetamide",18,0.13442084,0.00072690926,0.6538548869656426,0.6743121263632554,5,ridge,0.6743121,0.6966050863265991
6327,"BRD-K60070073; N-(tert-Butyl)-6-oxo-6H-anthra[1,9-cd]isoxazole-3-carboxamide",10,0.16934058,0.00045343753,0.5232852419858958,0.5110950742372884,5,ridge,0.51109505,0.6731293797492981
3227,Guanadrel; guanadrel,7,0.130082,0.0012046177,0.6700783983212233,0.6828827372614612,5,ridge,0.6828827,0.7008001208305359
24208,"2,7-bis(piperidin-1-ylsulfonyl)-9H-fluoren-9-one oxime; CIL56",24,0.16778916,0.00049707,0.5290862118274375,0.5183465144201425,5,ridge,0.5183465,0.779555082321167
1553,"N-[(1-methylpiperidin-4-yl)methyl]-3-[3-(trifluoromethoxy)phenyl]imidazo[1,2-b]pyridazin-6-amine; SGI-1776",45,0.10452802,0.00058638724,0.7656281961266924,0.8144042383903307,5,ridge,0.81440425,0.7229259610176086
5160,Dorzolamide (hydrochloride); Dorzolamide Hydrochloride,138,0.042561825,0.00013412297,0.997328205402127,0.843338092342432,5,ridge,0.8433381,0.7304316163063049
1785,Salvinorin A; salvinorin-a,9,0.22406489,0.00068549684,0.3186636231404631,0.2553101211182691,5,ridge,0.25531012,0.8282922506332397
6744,Chelidonine; chelidonine,50,0.08675551,0.00032316128,0.8320820219884829,0.8973186116983027,5,ridge,0.8973186,0.7620233297348022
4777,bergenin,145,0.045479372,0.00011319762,0.9864191013824026,0.8116019942614053,5,ridge,0.811602,0.7915167212486267
1979,Trimethoprim; trimethoprim,7,0.13647899,0.0011439371,0.6461591849124468,0.6512495579236453,5,ridge,0.6512496,0.7099719047546387
8175,1-(4-Bromophenyl)-3-(4-morpholinyl)-2-phenyl-1-propanone; AT-SUMO-1,9,0.10634752,0.00084807316,0.7588248387981256,0.8055287091895905,5,ridge,0.8055287,0.7113878130912781
2591,Sonidegib,168,0.047696806,0.0005363502,0.97812781484516,0.8928492230025518,5,ridge,0.8928492,0.780800461769104
3020,Calmidazolium; calmidazolium,23,0.10041115,0.0006709818,0.7810217315404088,0.8330737079330389,5,ridge,0.83307374,0.6684519052505493
6967,TL-HRAS-27; [4-[Bis(4-methoxyphenyl)methyl]-1-piperazinyl]-(5-methyl-4-nitro-3-isoxazolyl)methanone,5,0.18001321,0.00089071057,0.4833788305950837,0.4612105111019625,5,ridge,0.46121052,0.6777957677841187
5201,Noradrenaline hydrochloride; Norepinephrine (hydrochloride),144,0.054711405,0.00014383707,0.9518992776021769,0.6393843979720855,5,ridge,0.6393844,0.7943503260612488
3006,"(6S)-4-(4-Chlorophenyl)-N-(4-hydroxyphenyl)-2,3,9-trimethyl-6H-thieno(3,2-f)(1,2,4)triazolo(4,3-a)(1,4)diazepine-6-acetamide; OTX-015",82,0.089951076,0.0006855686,0.820133367212435,0.8821667412335137,5,ridge,0.88216674,0.8368791937828064
7505,"BRD-K37043259; N-(2-aminophenyl)-4-[[[(2S,3S)-8-(dimethylamino)-5-[(2S)-1-hydroxypropan-2-yl]-3-methyl-6-oxo-3,4-dihydro-2H-1,5-benzoxazocin-2-yl]methyl-methylamino]methyl]benzamide",8,0.096708484,0.00019230958,0.794866502008304,0.8505821580776042,5,ridge,0.8505822,0.8571203351020813
6609,"6,11-Dioxo-12-naphtho[2,3-b]indolizinecarboxylic acid ethyl ester; BRD-K28100108",5,0.22368893,0.00068837876,0.3200693885822042,0.2570673139297971,5,ridge,0.25706732,0.7368640303611755
6713,"6-(1,3-benzodioxol-5-yl)-N-(2-furanylmethyl)-N-methyl-4-quinazolinamine; BRD-K44978960",7,0.14401612,0.00025647198,0.6179768333752875,0.6294632668051381,5,ridge,0.62946326,0.7357096672058105
2517,Canrenoic Acid; potassium-canrenoate,6,0.100969344,0.001609046,0.7789345684512843,0.8308612982239993,5,ridge,0.8308613,0.8373400568962097
6693,Jnk-IN-2; ZG-10,27,0.11773806,0.00054893916,0.716234064527538,0.7522885692232599,5,ridge,0.7522886,0.723521888256073
3615,Benperidol; benperidol,8,0.19170886,0.00052400515,0.439647208644079,0.3834928557286721,5,ridge,0.38349286,0.7024632096290588
1490,"(4R,12aR)-4,7-bis(dimethylamino)-10,12a-dihydroxy-1,3,11,12-tetraoxo-4,4a,5,5a,6,11a-hexahydrotetracene-2-carboxamide; minocycline",13,0.100801095,0.0005062066,0.7795636742864995,0.8305827223756865,5,ridge,0.83058274,0.7774882316589355
241,Medroxyprogesterone Acetate; Medroxyprogesterone acetate,146,0.042380158,0.000103248014,0.9980074829595924,0.8497382229197386,5,ridge,0.84973824,0.7834161520004272
1232,Phenacetin; phenacetin,6,0.12336578,0.00037690668,0.6951912560058989,0.7150436693515396,5,ridge,0.71504366,0.7117592692375183
5358,Novobiocin; novobiocin,11,0.16153693,0.00019689107,0.5524641479584547,0.5167730027942454,5,ridge,0.516773,0.7838404774665833
938,RP107; aloisine,25,0.12682407,0.00060606777,0.6822602405534067,0.709819983245115,5,ridge,0.70982,0.7131741642951965
2278,"(7R,9S)-9-acetyl-7-[[(2R,4S,5S,6S)-4-amino-5-hydroxy-6-methyl-2-oxanyl]oxy]-6,9,11-trihydroxy-4-methoxy-8,10-dihydro-7H-tetracene-5,12-dione; daunorubicin",325,0.06741417,0.0010735008,0.9044019160436098,0.9936753681671956,5,ridge,0.99367535,0.898350715637207
6992,"1-[(3R,9R,10S)-12-[(2S)-1-hydroxypropan-2-yl]-9-[[(4-methoxyphenyl)methyl-methylamino]methyl]-3,10-dimethyl-13-oxo-2,8-dioxa-12-azabicyclo[12.4.0]octadeca-1(14),15,17-trien-16-yl]-3-[4-(trifluoromethyl)phenyl]urea; BRD-K69406317",12,0.08622628,0.00041021372,0.8340608847524276,0.8995766871760933,5,ridge,0.89957666,0.8053233027458191
247,Pharmakon1600-01500299; fludrocortisone-acetate,14,0.09040314,0.00037209166,0.8184430385906261,0.8781936411602056,5,ridge,0.8781936,0.8872822523117065
5343,Norcyclobenzaprine; norcyclobenzaprine,5,0.08898978,0.0008127716,0.8237277833633128,0.8863607069112137,5,ridge,0.8863607,0.8288819193840027
2514,"(1R,2S,8R,11R,12S,15S,16S)-2,16-dimethyl-5-thiapentacyclo[9.7.0.02,8.04,6.012,16]octadecan-15-ol; epitiostanol",8,0.12086597,0.00069527316,0.7045383847135245,0.7324100139946585,5,ridge,0.73241,0.7538573741912842
8197,1-(2-Fluorophenyl)-3-(4-morpholinyl)-2-phenyl-1-propanone; BRD-A49848186,11,0.1137229,0.0006898852,0.7312472924535443,0.7710557157998376,5,ridge,0.7710557,0.73297119140625
1800,"FPL-64176; methyl 2,5-dimethyl-4-(2-(phenylmethyl)benzoyl)-1H-pyrrole-3-carboxylate; methyl 4-(2-benzylbenzoyl)-2,5-dimethyl-1H-pyrrole-3-carboxylate",6,0.15504445,0.0026997193,0.5767404114311525,0.5839658738479037,5,ridge,0.5839659,0.6402567625045776
5471,Erythrosin(E); erythrosine,16,0.18288238,0.00080475543,0.4726506147410556,0.4477997711359505,5,ridge,0.44779977,0.657145082950592
3547,5-Azacytidine; Azacitidine; Azacytidine,300,0.08350874,0.010341431,0.8442221354667302,0.8802451941957478,5,ridge,0.8802452,0.7023779153823853
24204,Deferasirox,10,0.08761649,0.0010702013,0.8288627009702089,0.8929392913921309,5,ridge,0.89293927,0.6868205070495605
5163,Indacaterol (maleate); Indacaterol maleate,144,0.042954836,0.000272823,0.995858683958292,0.8647692649517947,5,ridge,0.8647693,0.8365306854248047
652,Tamibarotene; tamibarotene,50,0.1233282,0.0007631885,0.6953317727239026,0.7266716560212533,5,ridge,0.72667164,0.6736116409301758
1813,nintedanib,50,0.15838356,0.014033456,0.5642550261663044,0.7662545418842329,5,ridge,0.76625454,0.8184516429901123
1226,Pelitinib; pelitinib,77,0.11243624,0.0035168768,0.7360582887384434,0.8768707830151398,5,ridge,0.8768708,0.746788740158081
1836,CP-724714; Cp-724714,24,0.11540964,0.0004782256,0.7249403427748486,0.7631717619190158,5,ridge,0.76317173,0.6849533319473267
6647,Cephaeline; cephaeline,22,0.060955122,0.00035633612,0.9285531727330107,1.0,5,random_forest,1.0,0.7985973722141027
3955,Clonazepam; clonazepam,10,0.1441904,0.0011358057,0.6173251768129229,0.6286486446345223,5,random_forest,0.62864864,0.6977988156006716
1175,N-((1R)-1-(Ethoxycarbonyl)-3-phenylpropyl)-L-alanyl-L-proline; enalapril,7,0.116522424,0.00059738907,0.7207794924415087,0.7514987732969376,5,random_forest,0.75149876,0.7106679076576394
4122,Coumarin; coumarin,6,0.08322487,0.00077055197,0.845283563905785,0.9321370933069494,5,random_forest,0.9321371,0.7232967243331287
6432,"BRD-A25416824; benzoic acid [3-hydroxy-10-(hydroxymethyl)-13-methyl-2,3,4,7,8,9,11,12,14,15,16,17-dodecahydro-1H-cyclopenta[a]phenanthren-17-yl] ester",5,0.16903803,0.0005134891,0.5244165174790301,0.5125091938159058,5,random_forest,0.51250917,0.7555089202520483
2821,PIK-75; Pik-75,72,0.09735851,0.0006768375,0.7924359666134928,0.8475438966394352,5,random_forest,0.8475439,0.7214941571277298
579,BS-181,10,0.18597946,0.0005448174,0.4610702124793584,0.4396533535592801,5,random_forest,0.43965337,0.6925533957744746
5132,Almonertinib (hydrochloride); HS-10296 hydrochloride,145,0.04068408,0.000119613615,1.0,0.8748595572116311,5,random_forest,0.8748596,0.7623754797074455
1829,Sinomenine,143,0.04272854,0.00015931553,0.99670483540101,0.8405394514579436,5,random_forest,0.84053946,0.7584938293511105
114,WZ-4002,48,0.094008625,0.00037242603,0.8049616410650489,0.8632014741130167,5,random_forest,0.8632015,0.6988098283967403
2541,"3-[(3S,5R,10S,13R,14S,16S,17R)-3,14,16-trihydroxy-10,13-dimethyl-1,2,3,4,5,6,7,8,9,11,12,15,16,17-tetradecahydrocyclopenta[a]phenanthren-17-yl]-2H-furan-5-one; gitoxigenin",14,0.113289475,0.0005977037,0.7328679273258356,0.773081553808478,5,random_forest,0.77308154,0.8613481522933923
198,(R)-2-((R)-2-Acetamido-3-(4-hydroxyphenyl)propanamido)-N-((R)-1-amino-1-oxo-3-phenylpropan-2-yl)-5-guanidinopentanamide; DTP3,140,0.048160017,0.00014811817,0.9763958060781784,0.7493618220064271,5,random_forest,0.7493618,0.7349782569766661
2504,"(2R)-2-methyl-6-nitro-2-[[4-[4-[4-(trifluoromethoxy)phenoxy]piperidin-1-yl]phenoxy]methyl]-3H-imidazo[2,1-b][1,3]oxazole; Delamanid",142,0.042564668,0.00012751644,0.9973175750394532,0.8430781884346507,5,random_forest,0.8430782,0.7122182400981778
4202,Erteberel; erteberel,8,0.11283126,0.00017501935,0.7345812553710729,0.7752232768592753,5,random_forest,0.77522326,0.7202330880360073
1374,Benzbromarone; benzbromarone,12,0.121905506,0.00088594854,0.7006514185888149,0.732847844883586,5,random_forest,0.73284787,0.6827359347437678
4762,nimodipine,13,0.10938084,0.0014247898,0.7474828438259418,0.7881035197941555,5,random_forest,0.7881035,0.7605616142426632
2059,CID 6713947; tubocurarine,7,0.09058571,0.00023937103,0.8177603845936618,0.8792004066555825,5,random_forest,0.8792004,0.7527121484005811
2332,7-Amino-4-chloro-3-methoxyisocoumarin; JLK-6,13,0.18077628,0.00079279783,0.4805256083490219,0.4576438322827426,5,random_forest,0.45764384,0.6978724340010587
6689,"2-(dimethylamino)-1-[(8S,9S,10R)-10-(hydroxymethyl)-9-[4-[(E)-2-phenylethenyl]phenyl]-1,6-diazabicyclo[6.2.0]decan-6-yl]ethanone; BRD-K49477330",13,0.089423865,0.0006861586,0.8221046806614876,0.8846309470001636,5,random_forest,0.8846309,0.8477238513378376
4191,5-chloro-7-iodoquinolin-8-ol; Clioquinol; clioquinol,13,0.10856458,0.001020416,0.7505349506976186,0.8211757456137956,5,random_forest,0.82117575,0.7033635825433768
1046,"4-N-(7-chloroquinolin-4-yl)-1-N,1-N-diethylpentane-1,4-diamine; Chloroquine; chloroquine",29,0.24878982,0.03170707,0.2262137557517285,0.7430094815376871,5,random_forest,0.7430095,0.6891088323867591
602,Promethazine; promethazine,7,0.11391719,0.00066707,0.7305208157866758,0.7635310030209032,5,random_forest,0.763531,0.7532114988777708
5220,"2,6-Difluoro-4-(4-(4-morpholinophenyl)pyridin-3-yl)phenol; LJI308",159,0.048396964,0.00037400375,0.9755098291015738,0.8360259076896124,5,random_forest,0.8360259,0.7252817723332182
430,Ixazomib citrate,143,0.04129164,0.00013923344,1.0,0.864660557100391,5,random_forest,0.86466056,0.7346877418658088
7656,"BRD-K91047982; N-(2,4-dimethylphenyl)-4-[2-(2-furylmethylene)hydrazino]-4-oxobutanamide",7,0.15979835,0.00049749366,0.5589649344296279,0.5556960626171168,5,random_forest,0.55569607,0.670856122377145
1458,TAS-103; TAS-103 free base,68,0.09814207,0.0007311185,0.7895061294778116,0.8438814954620089,5,random_forest,0.8438815,0.7390508733434116
3502,Cladribine; cladribine,53,0.081729166,0.0004300387,0.8508762040650413,0.9205964727394622,5,random_forest,0.9205965,0.7417759427168029
481,N1-(4-Chlorophenyl)-N5-isopropylbiguanide; proguanil,5,0.1931283,0.0006147042,0.4343397299265956,0.3702505021843163,5,random_forest,0.3702505,0.745556368068213
2174,"1-(2,4-dimethoxyphenyl)-3-(2,6-dimethylphenyl)-1-[6-[4-(4-methylpiperazin-1-yl)anilino]pyrimidin-4-yl]urea; HG-9-91-01",22,0.18022668,0.0008524792,0.4825806373063069,0.4602126964439479,5,random_forest,0.4602127,0.7273271131987166
6561,(3-Isopropoxyphenyl)(1-((5-methyl-1-propyl-1H-pyrazol-4-yl)methyl)piperidin-3-yl)methanone; BRD-A12083771,8,0.21470019,0.00046758814,0.353679506830944,0.2990813153357244,5,random_forest,0.29908133,0.5936651144816366
6378,"BRD-K38625260; N-[3-(1,3-benzothiazol-2-yl)-6-propan-2-yl-5,7-dihydro-4H-thieno[2,3-c]pyridin-2-yl]-2,2-difluoroacetamide",11,0.11381796,0.00053754344,0.7308918502179557,0.7706113864620405,5,random_forest,0.7706114,0.7522765428934697
6704,"BRD-K51608872; N2,N2-dimethyl-6-[[[1-(1-naphthalenyl)-5-tetrazolyl]thio]methyl]-1,3,5-triazine-2,4-diamine",13,0.14002615,0.0009340641,0.632895872474085,0.6481125857696394,5,random_forest,0.6481126,0.680318235088002
1076,Barasertib; barasertib,20,0.2541688,0.0064339815,0.2061010198335013,0.7801288721473464,5,random_forest,0.7801289,0.7280528258344253
8382,BRD-K43796186; N-Benzylquinazolin-4-amine,7,0.12140507,0.00083663425,0.7025226166806415,0.7351486966374008,5,random_forest,0.73514867,0.6732411858177465
20107,nifenazone,5,0.15113322,0.00026300692,0.5913650309882893,0.5620044394461075,5,random_forest,0.56200445,0.6783212121123897
2140,ASC-J9; Dimethoxycurcumin,10,0.12062623,0.00014538021,0.70543480509602,0.7387890409146384,5,random_forest,0.738789,0.7389893629948303
5380,(-)-Hydrastine; hydrastine,5,0.11319263,0.0005073522,0.7332300439185727,0.7612876517560049,5,random_forest,0.7612876,0.7151788453273228
3211,"3,5-diamino-N-(N'-benzylcarbamimidoyl)-6-chloropyrazine-2-carboxamide; Benzamil",14,0.1380663,0.0012498865,0.6402240174921623,0.6705841868632364,5,random_forest,0.6705842,0.6939221100464333
5215,ERK5-IN-2; Erk5-IN-2,143,0.04967182,9.692788e-05,0.9707429695739744,0.7239833782258824,5,random_forest,0.7239834,0.6574394778597014
2757,SB-743921; Sb-743921,119,0.09246724,0.00046925925,0.8107250886802689,0.8704059873065493,5,random_forest,0.870406,0.7173975279420561
3080,"8-[3-chloro-5-[4-(1-methylpyrazol-4-yl)phenyl]pyridin-4-yl]-2,8-diazaspiro[4.5]decan-1-one; Cct251545",8,0.0996103,0.0008818541,0.7840162183316057,0.8339801946475105,5,random_forest,0.8339802,0.7030947356858764
24205,Ascorbic acid,5,0.071457736,8.901177e-05,0.8892824742301204,0.9519911288410526,5,random_forest,0.95199114,0.8166860837212618
7456,"(10R,11S)-10-[[1,3-benzodioxol-5-ylmethyl(methyl)amino]methyl]-13-[(2R)-1-hydroxypropan-2-yl]-11-methyl-9-oxa-13-azatricyclo[13.4.0.02,7]nonadeca-1(19),2,4,6,15,17-hexaen-14-one; BRD-K39597586",7,0.16672732,0.0007197016,0.5330565756338488,0.5233095951807771,5,random_forest,0.5233096,0.7240823894623395
1780,Fenbendazole; fenbendazole,34,0.10484469,0.0005886775,0.7644441240380762,0.8119951739467335,5,random_forest,0.81199515,0.7322569051815784
2956,SB-2343; Vs-5584,57,0.09706927,0.00060003035,0.7935174742110277,0.8488958336708055,5,random_forest,0.84889585,0.7429532020255566
2149,Trimetazidine; trimetazidine,5,0.114133015,0.0002688205,0.7297138168334261,0.7572363683479691,5,random_forest,0.75723636,0.7209743289974913
944,Losartan; [2-butyl-5-chloro-3-[[4-[2-(2H-tetrazol-5-yl)phenyl]phenyl]methyl]imidazol-4-yl]methanol,11,0.20726281,0.003405157,0.3814888795862815,0.3995112779550636,5,random_forest,0.39951128,0.6843577014382752
7340,"BRD-K02562327; N-(2-aminophenyl)-4-[[[(2R,3R)-9-(dimethylamino)-5-[(2R)-1-hydroxypropan-2-yl]-3-methyl-6-oxo-2,3,4,7-tetrahydro-1,5-benzoxazonin-2-yl]methyl-methylamino]methyl]benzamide",14,0.090532236,0.00043068547,0.8179603311338035,0.8794503602780781,5,random_forest,0.8794504,0.8837340537260212
2526,"[(13S,17S)-17-hydroxy-13-methyl-6,7,8,9,11,12,14,15,16,17-decahydrocyclopenta[a]phenanthren-3-yl] N,N-bis(2-chloroethyl)carbamate; estramustine",9,0.15855843,0.0008384163,0.563601163513902,0.5614915170488546,5,random_forest,0.5614915,0.7672633548511105
1469,"N,N-dimethyl-2-[5-(1,2,4-triazol-1-ylmethyl)-1H-indol-3-yl]ethanamine; Rizatriptan; rizatriptan",11,0.116588235,0.0014369925,0.7205334161847622,0.7553707882649706,5,random_forest,0.7553708,0.7007268556155063
8083,BRD-K20032655; N'-benzoyl-2-phenyl-4-thiazolecarbohydrazide,10,0.13590042,0.0010656216,0.6483225366297256,0.6673964872178149,5,random_forest,0.6673965,0.6454944258960951
2781,Linifanib; linifanib,113,0.119901545,0.009461561,0.7081445006198741,0.8590664753704016,5,random_forest,0.8590665,0.754967513772568
1324,Vindesine; vindesine,9,0.10051459,0.00027348948,0.7806349553480114,0.8327921858178498,5,random_forest,0.83279216,0.7966683723885738
610,Bethanechol; bethanechol,5,0.13665219,0.00045307507,0.6455115666165919,0.645290680052889,5,random_forest,0.6452907,0.7203984680552864
7353,"BRD-K61105081; N-(2-aminophenyl)-4-[[[(2R,3R)-8-(dimethylamino)-5-[(2R)-1-hydroxypropan-2-yl]-3-methyl-6-oxo-3,4-dihydro-2H-1,5-benzoxazocin-2-yl]methyl-methylamino]methyl]benzamide",7,0.08827768,0.00018406019,0.826390421864919,0.8899882955492529,5,random_forest,0.8899883,0.839184957221321
7968,BG-1005; Crebinostat,42,0.09476846,0.00024774333,0.8021205149228385,0.8596499765553547,5,random_forest,0.85964996,0.6652333131240169
1366,TAK-715; Tak-715,35,0.10215591,0.0004963722,0.7744978372108731,0.8251205355222073,5,random_forest,0.8251205,0.6742112768921047
7988,2-(1-naphthalenylamino)-N-[(5-nitro-2-furanyl)methylideneamino]acetamide; BRD-K23673040,7,0.11597001,0.00070180633,0.7228450433265337,0.7605525754803297,5,random_forest,0.7605526,0.7534958930922661
2274,OSI-027,52,0.10366892,0.00044834972,0.7688404875699305,0.8182810995020533,5,random_forest,0.8182811,0.6923210430708404
698,"4-(4-(trifluoromethyl)phenyl)-N-(6-fluoro-1H-indazol-5-yl)-2-methyl-6-oxo-1,4,5,6-tetrahydro-3-pyridinecarboxamide; GSK-429286A",29,0.15171157,0.0007626624,0.5892025018808551,0.5950633892389681,5,random_forest,0.5950634,0.7027139814423796
1937,"KPT-185; propan-2-yl (Z)-3-[3-[3-methoxy-5-(trifluoromethyl)phenyl]-1,2,4-triazol-1-yl]prop-2-enoate",6,0.107859395,0.00018622131,0.753171733076154,0.7984621076218212,5,random_forest,0.7984621,0.6889737188448616
8220,"7-chloro-4-[(2-fluorophenyl)-oxomethyl]-5-phenyl-3,5-dihydro-1H-1,4-benzodiazepin-2-one; EMF-sumo1-1",7,0.20054124,0.0005298967,0.4066217416467241,0.3652611720612454,5,random_forest,0.36526117,0.6835654299819709
7106,3-(1H-benzimidazol-2-yl)-6-methoxy-1-benzopyran-2-imine; BRD-K67808578,9,0.12973686,0.00029938205,0.6713689236020046,0.6962053869905636,5,random_forest,0.6962054,0.7051559775582801
5186,Bosentan (hydrate); Bosentan Monohydrate,147,0.041843224,0.00027633677,1.0,0.8941879523946934,5,random_forest,0.8941879,0.7037359520755185
3589,"(Z)-3-[3-[3,5-bis(trifluoromethyl)phenyl]-1,2,4-triazol-1-yl]-N'-pyrazin-2-ylprop-2-enehydrazide; Selinexor",162,0.06870101,0.010407496,0.8995902467142923,0.8488970666541983,5,random_forest,0.84889704,0.6942866172802842
1438,Pheniramine; pheniramine,7,0.0958816,0.00020097372,0.7979583334572047,0.8481683476917965,5,random_forest,0.8481684,0.7201838881353838
6368,2-(4-Isobutylpiperazin-1-yl)-2-oxoethyl 4-(methylsulfonyl)-3-nitrobenzoate; BRD-K95352812,6,0.15684813,0.0004294964,0.569996207228685,0.5694855750980553,5,random_forest,0.5694856,0.7205102151298441
1329,"2-((2,6-Dimethylphenyl)amino)-N,N,N-triethyl-2-oxoethanaminium; QX-314; [2-(2,6-dimethylanilino)-2-oxoethyl]-triethylazanium",6,0.117311575,0.00054421613,0.7178287497983673,0.8035785788926546,5,random_forest,0.80357856,0.6673360228151114
6472,rhodomyrtoxin B; rhodomyrtoxin-b,14,0.12625806,0.00040713127,0.6843766287268291,0.7124654977087006,5,random_forest,0.7124655,0.7574118134143413
6526,"BRD-K09517037; N-[(3R,9R,10S)-12-[(2R)-1-hydroxypropan-2-yl]-3,10-dimethyl-9-[[methyl(propyl)amino]methyl]-13-oxo-2,8-dioxa-12-azabicyclo[12.4.0]octadeca-1(14),15,17-trien-16-yl]benzamide",5,0.13151273,0.0023762353,0.6647287047621684,0.6879048458449428,5,random_forest,0.68790483,0.7572816065049862
3610,Scriptaid; scriptaid,48,0.08565002,0.00048070168,0.836215599066338,0.902416829714766,5,random_forest,0.9024168,0.7130357998574014
6606,"I-070759; diethyl (1S,4R,6E,9R,12R,13S,15R,16R)-16-[(4-bromophenyl)carbamoyloxy]-15-(hydroxymethyl)-13-methoxy-3,10-dioxo-2,11,14-trioxabicyclo[10.4.0]hexadec-6-ene-4,9-dicarboxylate",13,0.12837431,0.00039584446,0.6764636828919408,0.702574041237674,5,random_forest,0.702574,0.7615557851570933
6372,MLN-9708; Mln9708,86,0.07868237,0.00040813442,0.8622685876293437,0.934837399200004,5,random_forest,0.9348374,0.7398652613490484
3315,Capivasertib,141,0.04508607,0.00018107855,0.9878897109147138,0.8009638356480819,5,random_forest,0.8009638,0.8153097561967322
4450,atorvastatin,64,0.098664194,0.00074697396,0.7875538370118481,0.8492079351803854,5,random_forest,0.84920794,0.7046835706953672
1153,"SR8278; ethyl 2-(5-methylsulfanylthiophene-2-carbonyl)-3,4-dihydro-1H-isoquinoline-3-carboxylate",5,0.09193116,0.0006619662,0.8127295645234667,0.8855918876355734,5,random_forest,0.88559186,0.6796602692292377
3734,Asciminib,140,0.050452165,0.00010038438,0.9678251537594316,0.7108837812059695,5,random_forest,0.7108838,0.6625863311978438
1917,Nicergoline; nicergoline,14,0.15200217,0.0006782587,0.5881159090588263,0.5839196173030968,5,random_forest,0.58391964,0.7571309222922686
6709,"BRD-K69894866; N-[[(2S,3R,4R)-3-[4-(1-cyclopentenyl)phenyl]-4-(hydroxymethyl)-2-azetidinyl]methyl]-N-methyl-2-pyridinecarboxamide",13,0.12083133,0.0008158506,0.7046679083726954,0.7378304062803794,5,random_forest,0.7378304,0.7059467037752576
8339,5-(2-Phenylethyl)-8-quinolinol; BRD-K95138506,11,0.10951746,0.0008681327,0.7469720031124332,0.7907121736584569,5,random_forest,0.7907122,0.7241954778492996
1914,"(1R,9S,12S,15R,16Z,18R,19R,21R,23S,24E,26E,28E,30S,32S,35R)-12-[(2R)-1-[(1S,3R,4R)-4-dimethylphosphoryloxy-3-methoxycyclohexyl]propan-2-yl]-1,18-dihydroxy-19,30-dimethoxy-15,17,21,23,29,35-hexamethyl-11,36-dioxa-4-azatricyclo[30.3.1.04,9]hexatriaconta-16,24,26,28-tetraene-2,3,10,14,20-pentone; deforolimus",68,0.08570031,0.00041653527,0.8360275579341293,0.9020350770563356,5,random_forest,0.90203506,0.8455311317635207
3077,PF-477736,47,0.11200621,0.00072203454,0.737666229245178,0.7790796423570328,5,random_forest,0.7790796,0.7667577752452445
7411,"BRD-K33045404; N-(2-aminophenyl)-4-[[[(2S,3S)-10-[[anilino(oxo)methyl]amino]-5-[(2R)-1-hydroxypropan-2-yl]-3-methyl-6-oxo-3,4-dihydro-2H-1,5-benzoxazocin-2-yl]methyl-methylamino]methyl]benzamide",6,0.094195865,0.0013690607,0.8042615253045647,0.8623263090550003,5,random_forest,0.8623263,0.8914913002180763
1755,(+)-Niguldipine; dexniguldipine,40,0.105214536,0.00054867385,0.7630612196717441,0.8108243439445684,5,random_forest,0.81082433,0.7994627031999777
6235,"10,11-dihydroxy-N-allylnoraporphine; BRD-K07079548",5,0.15796207,0.0001977957,0.5658310344545252,0.5642789381184081,5,random_forest,0.56427896,0.7551669222519704
5537,Fumaric Acid; Fumaric acid,139,0.05039673,0.00014145015,0.9680324327445972,0.7118143433384649,5,random_forest,0.71181434,0.7735131007056444
7072,2-chloro-N-[3-cyano-4-[(4-methoxyphenyl)thio]phenyl]benzamide; BRD-K40087974,7,0.13002704,0.00015384157,0.6702839012169517,0.6948490376645696,5,random_forest,0.694849,0.6519078254578992
1358,N-[(2R)-1-[[[[2-(2-ethylanilino)-2-oxoethyl]thio]-oxomethyl]hydrazo]-3-(1H-indol-3-yl)-1-oxopropan-2-yl]carbamic acid tert-butyl ester; SID-26681509,9,0.12877338,0.0005445144,0.674971506025158,0.7007088041847229,5,random_forest,0.7007088,0.7042210488159352
4121,Brexpiprazole; brexpiprazole,5,0.16512516,0.0005258069,0.5390472692186451,0.5307982200534476,5,random_forest,0.5307982,0.6959081031301366
6418,BRD-A47144777; Dihydro-7-desacetyldeoxygedunin,5,0.1743958,0.0001813055,0.5043830886280956,0.4874666114938533,5,random_forest,0.4874666,0.7890190251717457
5167,Lumateperone (tosylate); Lumateperone Tosylate,138,0.048498116,0.00014121247,0.9751316080515604,0.7436861852649672,5,random_forest,0.7436862,0.7502339635401809
6688,"2-(dimethylamino)-1-[(8S,9R,10R)-10-(hydroxymethyl)-9-[4-[(E)-2-phenylethenyl]phenyl]-1,6-diazabicyclo[6.2.0]decan-6-yl]ethanone; BRD-K84447616",5,0.11684127,0.00040457078,0.7195872839937021,0.7564802271675207,5,random_forest,0.7564802,0.8477238513378376
7354,"BRD-K07005393; N'-(2-aminophenyl)-N-[(2S,3R)-2-[[(3,4-dichlorophenyl)methyl-methylamino]methyl]-5-[(2R)-1-hydroxypropan-2-yl]-3-methyl-6-oxo-3,4-dihydro-2H-1,5-benzoxazocin-8-yl]heptanediamide",10,0.087490216,0.00026363722,0.8293348565862064,0.8936689469572896,5,random_forest,0.89366895,0.8109827968142025
6506,2-chloro-N-heptyl-N-(3-methylphenyl)acetamide; BRD-K19499941,18,0.096517116,0.0005310593,0.7955820529207818,0.8514766296195326,5,random_forest,0.8514766,0.7096126735473152
6445,"(9E,11E)-16-chloro-17,19-dihydroxy-4-methyl-3,7-dioxatricyclo[13.4.0.06,8]nonadeca-1(15),9,11,16,18-pentaene-2,13-dione; radicicol",188,0.08299365,0.00069752795,0.8461481268524799,0.9146248941653802,5,random_forest,0.91462487,0.7214938942943949
2890,2-methyl-2H-pyrazole-3-carboxylic acid (2-methyl-4-o-tolylazophenyl)amide; CH-223191,7,0.14733855,0.0007203701,0.6055538168932043,0.6187269706865361,5,random_forest,0.61872697,0.6714722779765456
6551,"1-[(4S,7S,8R)-8-methoxy-4,7,10-trimethyl-11-oxo-5-[[4-(2-pyridinyl)phenyl]methyl]-2-oxa-5,10-diazabicyclo[10.4.0]hexadeca-1(12),13,15-trien-14-yl]-3-propylurea; BRD-K83694683",7,0.11324104,0.00014563857,0.7330490323613998,0.7733079311147668,5,random_forest,0.7733079,0.7213068192623646
1048,"10-DEBC; 4-(2-Chloro-10h-Phenoxazin-10-Yl)-N,N-Diethylbutan-1-Amine",17,0.16305421,0.00044830167,0.5467908322082551,0.5404779732433884,5,random_forest,0.540478,0.7406601334059624
3235,DU-728; Fibronectin tetrapeptide,5,0.14440736,0.00016215027,0.616513933940702,0.6276344642063685,5,random_forest,0.62763447,0.7388826877899866
923,BMS-265246; Sdccgsbi-0654469.P001,46,0.14613108,0.0073403935,0.6100687110253971,0.8345965470041933,5,random_forest,0.8345966,0.7108410183077217
9707,eucatropine,6,0.11061569,0.00020089306,0.7428655721594505,0.7699015135686776,5,random_forest,0.7699015,0.7303006286605038
4050,Hydroxyfasudil; hydroxyfasudil,145,0.04122825,0.00015414086,1.0,0.8838425948123959,5,random_forest,0.8838426,0.7054207883124729
5245,Bisacodyl; bisacodyl,15,0.12894122,0.00048034452,0.6743439294964266,0.6949180629339361,5,random_forest,0.69491804,0.7118462557008648
112,4-(4-((4-((3-acrylamidophenyl)amino)-5-fluoropyrimidin-2-yl)amino)phenoxy)-N-methylpicolinamide; CNX-774,28,0.11534036,0.0010172736,0.7251993900931906,0.7634955609227702,5,random_forest,0.76349556,0.6956342122887108
7659,"2-(2,4-dichlorophenoxy)-N-(4-methyl-2-nitrophenyl)acetamide; BRD-K31841256",5,0.1731706,0.0013329001,0.5089642776354931,0.4931933223045001,5,random_forest,0.49319333,0.6979973022437368
578,2-phenyl-N-(5-propan-2-yl-2-thiazolyl)acetamide; BML-259,16,0.13100639,0.0005953703,0.6666219787109161,0.6902715152705073,5,random_forest,0.6902715,0.6914416084886842
70,thiostrepton,40,0.0853458,0.000424798,0.8373531189160202,0.9049245942228104,5,random_forest,0.9049246,0.689204472137029
2664,Dapivirine; dapivirine,6,0.16257693,0.00022683751,0.5485754468748,0.542708832197293,5,random_forest,0.5427088,0.7169403452551403
593,Fenretinide; fenretinide,47,0.11455106,0.0009118863,0.7281506898675449,0.774925006251693,5,random_forest,0.774925,0.7198329149291495
4069,Trifluridine,201,0.053690843,0.0005659569,0.9557152973669236,0.866279060850349,5,random_forest,0.86627907,0.7371043404430557
1923,"(6-Chloro-9-(4-methoxy-3,5-dimethylpyridin-2-ylmethyl)-9H-purin-2-yl)amine; BIIB-021",113,0.09209053,0.00053963304,0.8121336584737531,0.8721667939096492,5,random_forest,0.8721668,0.7293497601829927
2045,"Ivabradine, (-)-; ivabradine",6,0.07090253,0.0011633516,0.8913584647819007,0.9485564629453286,5,random_forest,0.9485565,0.7148252690421145
1671,AZD-2014; Vistusertib,50,0.07438242,0.00061210286,0.8783466839992096,0.9549356631645508,5,random_forest,0.95493567,0.7660126387496409
3185,4-(3-(4-(Diphenylmethyl)-1-piperazinyl)-2-hydroxypropoxy)-1H-indole-2-carbonitrile; DPI-201106,7,0.12626457,0.0001637992,0.6843522869536998,0.7124350932516912,5,random_forest,0.71243507,0.6464368342170301
6845,"3-[(3S,5S,8R,10R,13R,14S,17R)-5,14-dihydroxy-3-[(2R,4R,5S,6R)-5-hydroxy-4-methoxy-6-methyl-tetrahydropyran-2-yl]oxy-10,13-dimethyl-2,3,4,6,7,8,9,11,12,15,16,17-dodecahydro-1H-cyclopenta[a]phenanthren-17-yl]-2H-furan-5-one; periplocymarin",14,0.08172714,0.000100715006,0.8508837795538831,0.9206059339787076,5,random_forest,0.92060596,0.8926821224250918
1209,"1-[4-amino-2-(ethoxymethyl)imidazo[4,5-c]quinolin-1-yl]-2-methylpropan-2-ol; Resiquimod; resiquimod",5,0.105910435,0.001593908,0.7604591589069227,0.828233153549922,5,random_forest,0.8282332,0.7368907931743446
1136,Clofibrate; clofibrate; ethyl 2-(4-chlorophenoxy)-2-methylpropanoate,11,0.2352676,0.0031857297,0.2767751707203976,0.2671660546722739,5,random_forest,0.26716605,0.71052308654968
294,"(6S,8S,10R,11S,13S,14S,17S)-17-acetyl-11-hydroxy-6,10,13-trimethyl-1,2,6,7,8,9,11,12,14,15,16,17-dodecahydrocyclopenta[a]phenanthren-3-one; medrysone",37,0.10719998,0.00094428647,0.7556373752156522,0.8020064633030591,5,random_forest,0.8020065,0.8294047413475906
6239,"BRD-K94991378; dimethyl 2-[3-[(3R,4S,6R,7R,8S,8aS)-6-[2-(2-hydroxyethoxy)phenyl]-1'-(2-methoxyethoxycarbonyl)-1,2'-dioxo-3,4-diphenyl-8-(prop-2-enylcarbamoyl)spiro[4,6,8,8a-tetrahydro-3H-pyrrolo[2,1-c][1,4]oxazine-7,3'-indole]-5'-yl]prop-2-ynyl]propanedioate",12,0.12668996,0.00046768284,0.6827616960364153,0.7104468721056365,5,random_forest,0.7104469,0.7533320225819115
3102,"MGCD-265; N-(3-fluoro-4-(2-(1-methyl-1H-imidazol-4-yl)thieno[3,2-b]pyridin-7-yloxy)phenylcarbamothioyl)-2-phenylacetamide",15,0.19582401,0.0007509253,0.4242601045436933,0.387309712351547,5,random_forest,0.3873097,0.6945988688820743
7414,"BRD-K71303366; N-(2-aminophenyl)-4-[[[(2S,3S)-9-(dimethylamino)-5-[(2R)-1-hydroxypropan-2-yl]-3-methyl-6-oxo-2,3,4,7-tetrahydro-1,5-benzoxazonin-2-yl]methyl-methylamino]methyl]benzamide",8,0.082334414,0.0005113669,0.8486130996866954,0.9177675011871552,5,random_forest,0.9177675,0.8837340537260212
895,Carboprostacyclin; carbacyclin,7,0.15254842,0.0015952676,0.5860734062059934,0.5895827445683942,5,random_forest,0.58958274,0.7136485254284537
1978,(-)-Arctigenin; arctigenin,11,0.12043671,0.00024980577,0.7061434460858029,0.7396749105333347,5,random_forest,0.7396749,0.6879630379997844
4280,selegiline,14,0.12292147,0.002559666,0.6968525913698207,0.7331896766062698,5,random_forest,0.7331897,0.7215899123309337
3974,"9-Hydroxy-4-phenylpyrrolo[3,4-C]carbazole-1,3(2H,6H)-dione; PD-407824",26,0.10603286,0.0006063251,0.7600013952240704,0.8069994076622341,5,random_forest,0.8069994,0.7483545634403187
2561,"[(1R,2S,4S,5S)-9-methyl-9-oxido-3-oxa-9-azoniatricyclo[3.3.1.02,4]nonan-7-yl] (2S)-3-hydroxy-2-phenylpropanoate; scopolamine",8,0.14825062,0.0015607765,0.6021434634341958,0.5998806763939968,5,random_forest,0.5998807,0.7075304719380445
5365,Primaquine; primaquine,16,0.14428711,0.0011587199,0.6169635650034995,0.624456509417513,5,random_forest,0.6244565,0.7155467657429514
1774,Encorafenib; methyl N-[(2S)-1-[[4-[3-[5-chloro-2-fluoro-3-(methanesulfonamido)phenyl]-1-propan-2-ylpyrazol-4-yl]pyrimidin-2-yl]amino]propan-2-yl]carbamate,136,0.052365914,0.00012836205,0.960669386634294,0.6825441204884208,5,random_forest,0.6825441,0.7339141327226906
6354,"1,1,1-trifluoro-N-[4-[2-[4-[2-[3-(trifluoromethylsulfonylamino)phenyl]propan-2-yl]phenyl]propan-2-yl]phenyl]methanesulfonamide; BRD-K02581333",6,0.16496749,0.0005099895,0.539636818737741,0.5315351299779497,5,random_forest,0.53153515,0.747077255428521
2073,KIN001-055; Whi-P97,36,0.104194775,0.0005089931,0.7668742443888293,0.815590768214608,5,random_forest,0.81559074,0.7164511258557085
8022,"2-[(3R,6aS,8S,10aS)-1-(1,3-benzodioxol-5-ylmethyl)-3-hydroxy-3,4,6,6a,8,9,10,10a-octahydro-2H-pyrano[2,3-c][1,5]oxazocin-8-yl]-N-(4-phenylphenyl)acetamide; BRD-K43570134",5,0.1402702,0.0012208688,0.6319833364169062,0.6469718560464643,5,random_forest,0.6469719,0.7312359873718728
5508,Thiabendazole; tiabendazole,8,0.12501189,0.0011353007,0.6890362274089619,0.7128241518593793,5,random_forest,0.71282417,0.7084220587385961
5339,Bisbenzimidazole; pibenzimol,13,0.15582803,0.0015777964,0.5738104995127582,0.5742535636896615,5,random_forest,0.57425356,0.7129117007035668
396,2-[1-[[(1R)-1-[3-[(E)-2-(7-chloroquinolin-2-yl)ethenyl]phenyl]-3-[2-(2-hydroxypropan-2-yl)phenyl]propyl]sulfanylmethyl]cyclopropyl]acetic acid; Montelukast,5,0.125897,0.00055822614,0.6857266810472756,0.7670690162099143,5,random_forest,0.76706904,0.7221557922741213
5227,entecavir,6,0.12660688,0.0016556333,0.6830723434268289,0.7108351412071601,5,random_forest,0.71083516,0.7831461592988278
730,"2-(2,6-dimethyl-4-morpholinyl)-N-[5-[6-(4-morpholinyl)-4-oxo-2-pyranyl]-9H-thioxanthen-2-yl]acetamide; KU-60019",13,0.16720544,0.0006209331,0.5312688200933517,0.5257313191842563,5,random_forest,0.5257313,0.7385884107917472
3531,"6-(trifluoromethoxy)-1,3-benzothiazol-2-amine; Riluzole; riluzole",15,0.07759947,0.00079596735,0.8663176976326991,0.927633729245165,5,random_forest,0.9276337,0.7060769936832672
1461,SB-590885,51,0.101605855,0.00058737653,0.7765545674748824,0.8276915467275712,5,random_forest,0.82769156,0.7334568118765773
5179,BI-3406,143,0.05756689,0.0001478486,0.9412222318196196,0.5914496745210536,5,random_forest,0.5914497,0.7020168305226443
6317,"1-[3-[4-[(1-Methyl-5-tetrazolyl)thio]-5-thieno[2,3-d]pyrimidinyl]phenyl]ethanone; BRD-K05331696",11,0.08495536,0.00016710417,0.8388130270420798,0.9055170381885042,5,random_forest,0.90551704,0.8293021803097586
7856,2-(4-morpholinyl)-9-(3-thiophenyl)-N-[[6-(trifluoromethyl)-1H-benzimidazol-2-yl]methyl]-6-purinamine; BRD-K79222491,10,0.10220101,0.00088280934,0.7743292021927262,0.8249097543011464,5,random_forest,0.82490975,0.7768116236550716
5630,"(2R,4aS,6aR,6aS,14aS,14bR)-10-hydroxy-2,4a,6a,6a,9,14a-hexamethyl-11-oxo-1,3,4,5,6,13,14,14b-octahydropicene-2-carboxylic acid; Celastrol",75,0.10714157,0.008917632,0.7558557781293986,0.8199461770105484,5,random_forest,0.81994617,0.836979900538342
364,"6-tert-Butyl-2,3-naphthalenedicarbonitrile; BRD-K89329876",9,0.12472872,0.000345488,0.6900950384530564,0.7196137547787193,5,random_forest,0.71961373,0.664631706395034
8277,"1-Naphthalenesulfonic acid, 3-hydroxy-4-[2-(1-hydroxy-2-naphthalenyl)diazenyl]-7-nitro-; BRD-K16233984",6,0.17135894,0.0006452366,0.5157383201405064,0.5016610635732157,5,random_forest,0.50166106,0.7310251909398816
980,Proparacaine; proxymetacaine,6,0.13629879,0.00067540206,0.6468329771579031,0.6503426469570444,5,random_forest,0.65034264,0.6565740845324174
373,CGP-13501; Cgp13501,6,0.16129093,0.00027594581,0.5533839753301653,0.5487196638208154,5,random_forest,0.54871964,0.6796169891593472
4124,Trazodone; trazodone,8,0.15717381,0.000475751,0.568778445527796,0.556550028734785,5,random_forest,0.55655,0.692310416919699
3383,Benzthiazide; benzthiazide,10,0.16179971,0.0008606891,0.5514815778904134,0.5364904190377776,5,random_forest,0.53649044,0.6985551155219701
674,"(1S,2S,4R,8S,9S,11S,13R,19S)-19-fluoro-11-hydroxy-8-(2-hydroxyacetyl)-6,6,9,13-tetramethyl-5,7-dioxapentacyclo[10.8.0.02,9.04,8.013,18]icos-17-en-16-one; BRD-K00824317",7,0.10483857,0.00038692929,0.7644670075482991,0.8125815854776565,5,random_forest,0.8125816,0.8460290827660498
1786,"K252a; methyl (15S,16R,18R)-16-hydroxy-15-methyl-3-oxo-28-oxa-4,14,19-triazaoctacyclo[12.11.2.115,18.02,6.07,27.08,13.019,26.020,25]octacosa-1,6,8,10,12,20,22,24,26-nonaene-16-carboxylate",8,0.097334445,0.0031145732,0.7925259489130871,0.8668977644079732,5,random_forest,0.86689776,0.8083655785892385
3605,Adipiodon; adipiodone,7,0.13609862,0.00097150303,0.6475814399424369,0.6561556204283732,5,random_forest,0.65615565,0.7132977903506937
5714,Thiram; thiram,10,0.13109672,0.0012276636,0.6662842225869867,0.6898493245339314,5,random_forest,0.6898493,0.7190436307745842
260,"4,15-Diacetoxyscirpen-3-ol; anguidine",58,0.08292768,0.00026010672,0.8463947976317959,0.9149945606879136,5,random_forest,0.91499454,0.826365911756867
23746,mefloquine,22,0.10126608,0.00087575126,0.7778250322928619,0.8299632717327355,5,random_forest,0.82996327,0.7170959540813443
6687,"2-(dimethylamino)-1-[(8R,9R,10R)-10-(hydroxymethyl)-9-[4-[(E)-2-phenylethenyl]phenyl]-1,6-diazabicyclo[6.2.0]decan-6-yl]ethanone; BRD-K55767450",7,0.11451132,0.0013465066,0.7282992831185684,0.7673705415118486,5,random_forest,0.7673705,0.8477238513378376
3659,Indoramin; N-[1-[2-(1H-indol-3-yl)ethyl]piperidin-4-yl]benzamide; indoramin,6,0.1103639,0.0015206173,0.7438070491266172,0.7833106476520008,5,random_forest,0.78331065,0.7034573895602358
4206,Nalbuphine; nalbuphine,7,0.09058702,0.00035616502,0.8177554863259507,0.8774720733165132,5,random_forest,0.8774721,0.7970775516393799
916,Tolbutamide; tolbutamide,10,0.15664469,0.002336079,0.5707568969868184,0.5534117146406053,5,random_forest,0.5534117,0.6955442641763393
1759,"Arecoline; methyl 1-methyl-3,6-dihydro-2H-pyridine-5-carboxylate",7,0.13563967,0.00050692,0.6492975162523824,0.6831108804388906,5,random_forest,0.6831109,0.6837420492671012
4091,inosine,9,0.5099747,0.100490324,0.0,0.7095719614570788,5,random_forest,0.70957196,0.7497662184421796
5166,Loperamide (hydrochloride); Loperamide Hydrochloride,176,0.05544645,0.00075451104,0.9491508446329124,0.8073831887953028,5,random_forest,0.8073832,0.6805816171797422
5359,Cefoxitin; cefoxitin,5,0.18186656,0.00030171088,0.4764489035245153,0.4127316543043346,5,random_forest,0.41273165,0.7190444717355576
8048,"(6S,7S,8R)-8-(hydroxymethyl)-7-[4-[(E)-2-phenylethenyl]phenyl]-4-(2-pyridin-3-ylacetyl)-1,4-diazabicyclo[4.2.0]octan-2-one; BRD-K45627302",7,0.09454007,0.00036482853,0.802974496115623,0.8607174948725115,5,random_forest,0.8607175,0.7361529778257823
6610,6-(4-chlorophenyl)-3-cyano-2-oxo-1H-pyridine-4-carboxylic acid ethyl ester; BRD-K33926001,5,0.19547471,0.0007058552,0.4255661846288092,0.3889424410522099,5,random_forest,0.38894245,0.6626506870005733
4527,topotecan,151,0.067821175,0.000684778,0.902880069135386,0.9881312346751584,5,random_forest,0.9881312,0.8559064055665782
1308,AVN-944; Avn 944,28,0.13281249,0.0010098385,0.6598687258001579,0.6818297390989216,5,random_forest,0.68182975,0.6800094021948034
7751,A-443654,174,0.09268635,0.0005136562,0.8099058066663848,0.8693819102114989,5,random_forest,0.8693819,0.7023376868727007
4225,mercaptopurine,35,0.15820019,0.009902146,0.5649406714717946,0.834263067212399,5,random_forest,0.8342631,0.7475739973899009
6972,"3-(2-fluorophenyl)-6-[4-methoxy-3-(3-oxolanyloxy)phenyl]-7H-[1,2,4]triazolo[3,4-b][1,3,4]thiadiazine; BRD-A43640821",5,0.13035984,0.00030076414,0.6690395168701824,0.6932935479275832,5,random_forest,0.6932936,0.7024639909491213
7047,"1-[(2R,3S)-5-[(2R)-1-hydroxypropan-2-yl]-2-[[(4-methoxyphenyl)sulfonyl-methylamino]methyl]-3-methyl-6-oxo-3,4-dihydro-2H-1,5-benzoxazocin-10-yl]-3-(1-naphthalenyl)urea; BRD-K04695623",7,0.09497265,0.00060066045,0.8013570208129621,0.8586955839583997,5,random_forest,0.85869557,0.7630755772168579
4233,5-Nitroso-8-quinolinol; NSC-3852,19,0.09900917,0.00059866026,0.7862639249493146,0.8398286335182211,5,random_forest,0.8398286,0.7570057925942859
2445,Paricalcitol; paricalcitol,25,0.10602961,0.0009325835,0.7600135474149569,0.807039233958991,5,random_forest,0.80703926,0.8196061604915426
711,O-2050,5,0.1375934,0.0005354219,0.641992254744528,0.6594834288921672,5,random_forest,0.65948343,0.7059561406463861
3289,"4-(4-(2,3-dihydrobenzo(1,4)dioxin-6-yl)-5-pyridin-2-yl-1H-imidazol-2-yl)benzamide; D-4476",41,0.12568258,0.000693798,0.686528426514927,0.715155381888075,5,random_forest,0.71515536,0.7267975677350462
1559,Diphenylpyraline; diphenylpyraline,8,0.14715144,0.0003008216,0.606253446566053,0.5932762795049498,5,random_forest,0.59327626,0.7047223798832407
24034,Morphine,15,0.13432388,0.0014458329,0.6542174335589802,0.8790258578126042,5,random_forest,0.8790259,0.7618706903881837
2601,Apitolisib; GDC-0980,60,0.10234877,0.0006495187,0.7737767075079945,0.8242191208111149,5,random_forest,0.8242191,0.7600872251564553
8420,lynestrenol,5,0.081809685,2.7733766e-05,0.8505751326010463,0.91770629065143,5,random_forest,0.9177063,0.7867276509130147
6813,"4,8-Dihydroxy-6-(hydroxymethyl)-9-oxo-1-xanthenecarboxylic acid methyl ester; BRD-K94493764",12,0.11190546,0.00055847724,0.7380429471626571,0.7795505092094708,5,random_forest,0.7795505,0.7002603672573758
7280,"BRD-K59488055; N-[(2R,3R)-5-[(2S)-1-hydroxypropan-2-yl]-3-methyl-2-[[methyl-[(4-phenylphenyl)methyl]amino]methyl]-6-oxo-2,3,4,7-tetrahydro-1,5-benzoxazonin-9-yl]-3-(4-morpholinyl)propanamide",5,0.105375215,0.00032910853,0.7624604190934552,0.8100732736294542,5,random_forest,0.81007326,0.7348899014865948
6963,2-(4-chloro-N-(2-chloro-1-oxoethyl)anilino)-N-cyclohexyl-2-(4-methoxyphenyl)acetamide; BRD-A18725729,10,0.10024451,0.00069034274,0.7816448211063514,0.8340545413201087,5,random_forest,0.8340545,0.7456024150159384
6807,BRD-K59460069; Sydowinin B,10,0.116900526,0.00070486084,0.7193657177711895,0.756203274811873,5,random_forest,0.7562033,0.7046405294145518
5526,2-chloro-10-(4-methoxybenzoyl)-10H-phenothiazine; Tubulin inhibitor 6,138,0.043915603,0.00014643632,0.9922662458101772,0.8206123267716365,5,random_forest,0.8206123,0.7220833637829852
4251,(+-)-Tetramisole; tetramisole,5,0.10910698,9.494662e-05,0.7485068435170663,0.7821786475553469,5,random_forest,0.78217864,0.6889811669936202
7868,"1H-Benzimidazole-2-acetonitrile, alpha-((5-nitro-2-furanyl)methylene)-; BRD-K06765193",22,0.091466665,0.00040459048,0.8144663743406322,0.8750827873249124,5,random_forest,0.8750828,0.7479421658949335
4928,dactinomycin,30,0.10519371,0.0006464961,0.7631390909109443,0.8382640262588806,5,random_forest,0.83826405,0.7467644769859213
7847,"5-(4-Dibenzothiophenyl)-4-[(1-methyl-5-tetrazolyl)thio]thieno[2,3-d]pyrimidine; BRD-K42499654",8,0.09147602,0.0004468558,0.8144313947265576,0.8750390514641454,5,random_forest,0.87503904,0.758416807503839
5391,PYM-50028; Sarsasapogenin,7,0.11848781,0.00080581516,0.7134306475684322,0.748784203360551,5,random_forest,0.7487842,0.7680431020115793
4178,Vilanterol,144,0.045363158,0.00012962324,0.9868536412936872,0.7963123822110122,5,random_forest,0.7963124,0.7267398896681181
6234,"(R)-3-Allyl-6-bromo-7,8-dihydroxy-1-phenyl-2,3,4,5-tetrahydro-1H-benzo[d]azepinium; BRD-K60932973",8,0.12948997,0.0013084831,0.6722920788044502,0.6973593592938203,5,random_forest,0.6973594,0.7075852847383185
402,GW-7647,10,0.17500322,0.0011327508,0.5021118628471017,0.4901394365004811,5,random_forest,0.49013942,0.6708105288981342
443,1-[(4-fluorophenyl)methyl]-1-(1-methylpiperidin-4-yl)-3-[[4-(2-methylpropoxy)phenyl]methyl]urea; Pimavanserin; pimavanserin,14,0.13523255,0.0007863085,0.6508197931612067,0.682814245276732,5,random_forest,0.68281424,0.7140016159606982
3498,Flucytosine; flucytosine,6,0.1580803,0.0014024933,0.5653889564457555,0.5455578995724768,5,random_forest,0.5455579,0.7751105216391433
1096,Remoxipride; remoxipride,5,0.16723534,0.00032292388,0.5311570199371968,0.4890603768036539,5,random_forest,0.48906037,0.6768477203348744
1562,Setiptiline; setiptiline,5,0.14896616,0.00045179235,0.5994679623059285,0.6063264221868113,5,random_forest,0.6063264,0.7143169060048278
8069,2-(3-chloro-N-(2-chloro-1-oxoethyl)anilino)-N-cyclohexyl-2-(3-pyridinyl)acetamide; BRD-A68065211,9,0.098260134,0.00038609075,0.7890646721655611,0.8433296725271964,5,random_forest,0.84332967,0.78202277734453
2800,Pazopanib; pazopanib,63,0.12998492,0.01591014,0.6704413936108398,0.8043621895361183,5,random_forest,0.8043622,0.7371499372600305
4070,2'-Deoxy-alpha-D-ribofuranosyl-5-fluorouracil; floxuridine,197,0.07471475,0.00046083308,0.8771040570461991,0.9533737808115224,5,random_forest,0.9533738,0.767179647390031
24039,Methamphetamine,5,0.15712854,0.00150701,0.5689477161990046,0.8288962301250077,5,random_forest,0.8288962,0.74207539804601
3258,Iodophenpropit; iodophenpropit,6,0.13986304,0.00058853807,0.633505762891157,0.6488749457367355,5,random_forest,0.64887494,0.6695021320445447
3158,Incb 18424; S-ruxolitinib,13,0.28297383,0.009611201,0.0983951050491713,0.7992808024413072,5,random_forest,0.7992808,0.8090575544135272
3793,5-[(3R)-dithiolan-3-yl]pentanoic acid; Lipoic acid,139,0.048723977,0.00015791156,0.9742870831328536,0.7405730077155315,5,random_forest,0.740573,0.7067131149023095
251,Dexamethasone Acetate; dexamethasone,334,0.13025668,0.04027573,0.6694252461045955,0.8323171617930059,5,random_forest,0.8323172,0.8990677083772165
629,Aprepitant,147,0.056478098,0.0002754698,0.9452933728102682,0.6543448425379295,5,random_forest,0.65434486,0.711411342720315
23163,BMS-509744,13,0.11708507,0.00056908303,0.7186756827204377,0.7577309725136012,5,random_forest,0.75773096,0.664359365098909
3063,Theofibrate; etofylline-clofibrate,5,0.20996523,0.00067882234,0.3713841646031183,0.3212128317370319,5,random_forest,0.32121283,0.6895566709491462
4957,etofylline,5,0.11122668,0.00016128378,0.74058099766416,0.7667665051610576,5,random_forest,0.7667665,0.7195519760923272
1014,Gsk 343; N-[(6-methyl-2-oxo-4-propyl-1H-pyridin-3-yl)methyl]-6-[2-(4-methylpiperazin-1-yl)pyridin-4-yl]-1-propan-2-ylindazole-4-carboxamide,7,0.13688348,0.0019172096,0.6446467419304012,0.7558567835453373,5,random_forest,0.7558568,0.7578960017663177
7644,"5-chloro-2-[(4-methylphenyl)methylsulfonyl]-N-(5-propan-2-yl-1,3,4-thiadiazol-2-yl)-4-pyrimidinecarboxamide; BRD-K30381304",10,0.12401434,0.00027293703,0.6927662021839613,0.7229528399687535,5,random_forest,0.72295284,0.7003780280310273
7950,"BRD-K69569876; N2-phenyl-6-[[(1-phenyl-5-tetrazolyl)thio]methyl]-1,3,5-triazine-2,4-diamine",5,0.14587799,0.0001478626,0.6110150488689183,0.6207607566146888,5,random_forest,0.62076074,0.661577197130745
282,"S-[(7R,8R,9R,10R,13S,14R,17R)-10,13-dimethyl-3,5'-dioxospiro[2,6,7,8,9,11,12,14,15,16-decahydro-1H-cyclopenta[a]phenanthrene-17,2'-oxolane]-7-yl] ethanethioate; spironolactone",20,0.10470681,0.0006866556,0.7649596760625129,0.8124340264681751,5,random_forest,0.812434,0.7993354393537884
8754,betaescin,6,0.13153243,0.00014145719,0.6646550437897183,0.6625769418170718,5,random_forest,0.6625769,0.8004575396276316
1633,"(2S)-3-hydroxy-2-phenylpropanoic acid [(1R,5R)-8-methyl-8-azabicyclo[3.2.1]octan-3-yl] ester; hyoscyamine",8,0.084424675,0.00033346337,0.840797330248406,0.9031216951449472,5,random_forest,0.9031217,0.7212323850833222
23317,ITSA-1,16,0.30197725,0.0077348077,0.0273387397153797,0.7884747653342992,5,random_forest,0.78847474,0.652481265084984
6740,"(4bS,5R,10bS,11R)-5,6,11,12-Tetrahydro-13,18-dimethyl-5,10b:11,4b-Bis(iminoethano)dibenzo(c,h)(2,6)naphthyridine; calycanthine",5,0.28329378,0.00066412415,0.0971987685955989,0.0,5,random_forest,0.0,0.7293492063416694
1417,Ribociclib,140,0.051811844,0.00042802375,0.9627411295279676,0.739993145368812,5,random_forest,0.73999316,0.7661538239987944
1703,Genz-644282; genz-644282,78,0.08188948,0.00040141644,0.8502767682712673,0.91984713438195,5,random_forest,0.91984713,0.7507320165785627
488,Propranolol; propranolol,7,0.151563,0.002384728,0.589758025265469,0.680748363677081,5,random_forest,0.68074834,0.6876467468028394
7978,Endecaphyllin X; endecaphyllin-x,5,0.1916805,0.0013620686,0.4397532505313217,0.4066767773355864,5,random_forest,0.40667677,0.6924793887453466
6676,"1-ethyl-6-methyl-3-[(E)-2-phenylethenyl]pyrimido[5,4-e][1,2,4]triazine-5,7-dione; BRD-K98824517",10,0.136696,0.00048727042,0.645347755083443,0.6636779719461422,5,random_forest,0.663678,0.7033632854653863
7079,"(3S,3'S,4'R,5'S)-7-bromo-5'-[2-[4-(2-hydroxyethyl)-1-triazolyl]ethyl]-4'-[(4-methoxyphenyl)-dimethylsilyl]-1,3',5-trimethyl-2-spiro[indole-3,2'-oxolane]one; BRD-K73155123",6,0.14808872,0.00023109761,0.6027488294971224,0.6104276319588424,5,random_forest,0.6104276,0.7399342427511816
1471,Abexinostat; PCI-24781,117,0.08138782,0.0017491485,0.8521525430651385,0.9791201853585024,5,random_forest,0.9791202,0.7103082033416175
2851,Tocainide; tocainide,5,0.12644204,0.0004536293,0.683688702548588,0.6930086312704036,5,random_forest,0.6930086,0.7184851940650243
2715,4-(2-((5-Methyl-1-(2-naphthalenyl)-1H-pyrazol-3-yl)oxy)ethyl)morpholine; API-001,5,0.16815624,8.0717145e-05,0.5277136499103338,0.5166307840680489,5,random_forest,0.51663077,0.6858950664515469
2838,SB-525334,45,0.10450626,0.0008790874,0.7657095597185966,0.8142625028132116,5,random_forest,0.8142625,0.7254041061769507
2629,"BRD-K37940862; [1-[(E)-cinnamyl]-2-methyl-imidazo[1,2-a]pyridin-4-ium-3-yl]-diphenyl-thioxo-phosphorane;bromide",8,0.11326218,0.00054066716,0.7329699870336033,0.7732091318201966,5,random_forest,0.77320915,0.6920886113187674
5877,"(1R,2S,4S,5'S,6S,7S,8R,9S,12S,13S,16S,18S)-5',7,9,13-tetramethylspiro[5-oxapentacyclo[10.8.0.02,9.04,8.013,18]icosane-6,2'-piperidine]-16-ol; Tomatidine",5,0.12347998,4.8382684e-05,0.6947642467138284,0.7218740685156891,5,random_forest,0.72187406,0.7442223598490778
5507,Fomocaine; fomocaine,5,0.14749248,0.0008353266,0.6049782517414668,0.6132144978533778,5,random_forest,0.6132145,0.7160051342167094
3059,Theophylline; theophylline,6,0.15484849,0.0017911395,0.5774731324545688,0.5627163072125991,5,random_forest,0.5627163,0.7419838371198404
6802,"(3S)-2-(2-chloro-1-oxoethyl)-1,1-dimethyl-4,9-dihydro-3H-pyrido[3,4-b]indole-3-carboxylic acid methyl ester; BRD-K78062244",24,0.09769062,0.0003507019,0.7911941622703269,0.8459915717839936,5,random_forest,0.84599155,0.7199252557948607
6294,"BRD-K84762162; N-[3-(1,3-benzoxazol-2-yl)-6-propan-2-yl-5,7-dihydro-4H-thieno[2,3-c]pyridin-2-yl]acetamide",5,0.14691873,0.00018573014,0.6071235808248774,0.6158962798673141,5,random_forest,0.6158963,0.7104983829369794
330,Nadolol; nadolol,7,0.11052134,0.00082207914,0.7432183596087224,0.7818319280573579,5,random_forest,0.7818319,0.7003371780360985
2444,Dexketoprofen; dexketoprofen,10,0.13663732,0.00095175183,0.6455671675638168,0.663952232040523,5,random_forest,0.66395223,0.7491782588175476
4158,Pharmakon1600-01504273; miglitol,7,0.14539246,0.0021617964,0.6128305114046364,0.6629314124702342,5,random_forest,0.66293144,0.7557011619315277
7268,"1-[(3R,9S,10R)-9-[[(4-fluorophenyl)sulfonyl-methylamino]methyl]-12-[(2S)-1-hydroxypropan-2-yl]-3,10-dimethyl-13-oxo-2,8-dioxa-12-azabicyclo[12.4.0]octadeca-1(14),15,17-trien-16-yl]-3-phenylurea; BRD-K51189903",6,0.10110477,0.0006091726,0.7784281922657507,0.8300336431973727,5,random_forest,0.83003366,0.8626542874819202
1565,Azelastine; azelastine,7,0.20918088,0.0011947334,0.3743169556559687,0.3248789090107008,5,random_forest,0.3248789,0.6738389292895758
3200,Perampanel; perampanel,10,0.14128754,0.0009802026,0.6281793641472475,0.6422168468291682,5,random_forest,0.64221686,0.6913344803261968
6272,1-[4-[4-(2-Furanylmethylamino)phenyl]-1-piperazinyl]ethanone; BRD-K44417704,5,0.2009931,0.00018394846,0.4049321758085892,0.3631490543693247,5,random_forest,0.36314905,0.7133484735837047
1890,"2,2,2-trichloro-1-dimethoxyphosphorylethanol; Trichlorfon; metrifonate",7,0.07470601,0.00027925565,0.8771367370918445,0.940012198611994,5,random_forest,0.9400122,0.7441321414850912
5248,Piperacetazine; piperacetazine,5,0.10382023,0.00021428574,0.7682747189536153,0.8092995378856396,5,random_forest,0.8092995,0.741387094273481
3779,Baicalin,145,0.04806055,0.00019611316,0.976767726684609,0.775203317944656,5,random_forest,0.77520335,0.7486613109565035
2584,Flavoxate; flavoxate,5,0.14965263,0.00047544498,0.5969011578512202,0.5787190364392536,5,random_forest,0.578719,0.661688832221341
2684,PF-543; [(2R)-1-[[4-[[3-(benzenesulfonylmethyl)-5-methylphenoxy]methyl]phenyl]methyl]pyrrolidin-2-yl]methanol,11,0.16856508,0.0014049688,0.5261849416881785,0.5601863770920816,5,random_forest,0.5601864,0.6760151695475253
1566,Mesoridazine; mesoridazine,8,0.1560112,0.001225337,0.5731256020343996,0.5606192736922546,5,random_forest,0.5606193,0.7270873290632401
5460,Etanidazole; etanidazole,5,0.1764574,0.0010487105,0.4966744865568817,0.4450887398451297,5,random_forest,0.44508874,0.7372681053371906
3789,Azelaic Acid; azelaic-acid,6,0.15125686,0.00074885343,0.5909027242556134,0.595619532831215,5,random_forest,0.59561956,0.7086008227546753
5237,Metrizamide; metrizamide,6,0.13574052,0.0007001923,0.6489204244213376,0.653644790505364,5,random_forest,0.6536448,0.7432727687921034
7160,"(3S,4S)-N-[3-(dimethylamino)propyl]-3-[4-(hydroxymethyl)phenyl]-4-[(2-iodophenyl)methyl]-2-[(2-methoxyphenyl)methyl]-1-oxo-3H-isoquinoline-4-carboxamide; BRD-K93215584",8,0.1412502,0.00028449047,0.6283189834726932,0.6423913383114256,5,random_forest,0.6423913,0.7739146275869426
6690,"2-(dimethylamino)-1-[(8R,9S,10S)-10-(hydroxymethyl)-9-[4-[(E)-2-phenylethenyl]phenyl]-1,6-diazabicyclo[6.2.0]decan-6-yl]ethanone; BRD-K74461819",13,0.09545415,0.00050829485,0.7995566269939433,0.8564449954047617,5,random_forest,0.856445,0.8477238513378376
3768,(E)-3-[4-(imidazol-1-ylmethyl)phenyl]prop-2-enoic acid; Ozagrel,16,0.09496773,0.0009862414,0.8013754173603964,0.8527334929764773,5,random_forest,0.8527335,0.7086164481725499
3473,"CAY-10470; N4-[2-(4-phenoxyphenyl)ethyl]-1,2-dihydroquinazoline-4,6-diamine",11,0.11958651,0.00045220758,0.7093224592216906,0.7436488122385884,5,random_forest,0.7436488,0.6868313167702302
7828,6-(1-methyl-5-indolyl)-N-(thiophen-2-ylmethyl)-4-quinazolinamine; BRD-K49630153,10,0.099921845,0.00028949048,0.7828513093132334,0.8355626984064183,5,random_forest,0.8355627,0.6837097424207889
3520,6-[(4-bromothiophen-2-yl)methoxy]-7H-purin-2-amine; Lomeguatrib; lomeguatrib,6,0.1078819,0.0013585602,0.7530875838281852,0.8085458349171742,5,random_forest,0.8085458,0.7008341687227364
924,Oxybuprocaine; oxybuprocaine,7,0.14103721,0.0012274318,0.6291153819763544,0.6331469134411245,5,random_forest,0.63314694,0.6731003736457146
7595,AT-CSC-07; AT-Csc-07,7,0.13043465,0.0011914403,0.6687597921316552,0.6929438795448666,5,random_forest,0.6929439,0.6458478943873627
6408,"(3S,10S,13S)-17-[(5R)-5-hydroxy-6-methylheptan-2-yl]-10,13-dimethyl-2,3,4,7,8,9,11,12,14,15,16,17-dodecahydro-1H-cyclopenta[a]phenanthren-3-ol; BRD-A36707673",5,0.18019244,0.00089384016,0.482708665311215,0.4603727878339754,5,random_forest,0.46037278,0.7967075232393748
5141,Imiquimod (hydrochloride); Imiquimod hydrochloride,153,0.053881925,0.00051551196,0.9550008158472438,0.7396658697613996,5,random_forest,0.73966587,0.755848998121731
7643,6-(2-methyl-3-furanyl)-N-[(5-methyl-2-furanyl)methyl]-4-quinazolinamine; BRD-K74980345,5,0.16683428,0.001061122,0.5326566376839377,0.5228096638977389,5,random_forest,0.5228097,0.6754550982207809
8374,"4-phenyl-N-[6-phenyl-3-(2-pyridinyl)-1,2,4-triazin-5-yl]-2-thiazolamine; BRD-K81795824",17,0.12285952,0.00047041572,0.6970842308237941,0.7283505133686949,5,random_forest,0.7283505,0.6894240495069827
5896,4-tert-butyl-N-[2-methyl-3-[4-methyl-6-[4-(morpholine-4-carbonyl)anilino]-5-oxopyrazin-2-yl]phenyl]benzamide; Cgi1746,20,0.17843935,0.00059138204,0.4892637066407767,0.4685668182109125,5,random_forest,0.4685668,0.7122036799500776
732,Elimusertib; Elimusertib hydrochloride,144,0.04468228,0.00018099185,0.9893995365017992,0.8077422719169107,5,random_forest,0.8077423,0.736125828676584
5206,"CP21R7; Iron oxide, spent",139,0.041618034,8.584858e-05,1.0,0.8591813924695583,5,random_forest,0.8591814,0.7064656870057503
1695,Bifemelane; bifemelane,8,0.13664648,0.000631279,0.6455329170811955,0.6639093930690346,5,random_forest,0.6639094,0.7164251047089895
743,"(3S,6S,9S,12R)-3-[(2S)-butan-2-yl]-6-[(1-methoxyindol-3-yl)methyl]-9-(6-oxooctyl)-1,4,7,10-tetrazabicyclo[10.4.0]hexadecane-2,5,8,11-tetrone; Apicidin",92,0.080516346,0.0019695887,0.8554111025730009,0.9352989936573622,5,random_forest,0.935299,0.7518549624436828
702,"7-phenyl-7-(2,4,5-trimethyl-3,6-dioxocyclohexa-1,4-dien-1-yl)heptanoic acid; Seratrodast",5,0.07863033,0.0007100775,0.8624631722489527,0.9358632535002638,5,random_forest,0.93586326,0.6988716742656504
102,AV-412; AV-412 free base,10,0.12757058,0.00042928272,0.6794689383938308,0.7063307212183865,5,random_forest,0.7063307,0.6691661572372511
6628,5-Chloro-4-(4-ethoxyphenoxy)-2-(4-methylphenyl)-3-pyridazinone; BRD-K58618158,6,0.14285457,0.00032545542,0.6223200263980944,0.6348924032866822,5,random_forest,0.6348924,0.6803527985521504
2216,D-64131,27,0.118097454,0.0006357552,0.7148902416070967,0.7506087276815597,5,random_forest,0.75060874,0.6945171040344751
7187,"2,4-difluoro-N-[2-methoxy-4-[4-(4-pyridazinyl)-6-quinolinyl]-3-pyridinyl]benzenesulfonamide; GSK-2126458",109,0.08777377,0.00041947464,0.8282746097140192,0.8923436044538158,5,random_forest,0.8923436,0.7095913917120396
6773,"BRD-K48716658; N4-(3-chlorophenyl)-N2-methyl-5-nitropyrimidine-2,4,6-triamine",6,0.16522543,0.0001249623,0.5386723460862816,0.5303295562600792,5,random_forest,0.5303296,0.7115075607992892
13458,cefotaxime,6,0.10815907,0.00044652136,0.7520512075980347,0.7870529125572612,5,random_forest,0.7870529,0.6906338535375319
207,Linezolid; linezolid,8,0.17357865,0.003462284,0.5074385233305074,0.4912860187890999,5,random_forest,0.491286,0.707154243506611
2266,GSK-256066; Gsk-256066,7,0.17617917,0.0004920435,0.4977148262708291,0.4791310233950081,5,random_forest,0.479131,0.7126244345142082
3139,"(E)-N-benzyl-2-cyano-3-(3,4-dihydroxyphenyl)prop-2-enamide; AG-490",20,0.191017,0.007752529,0.4422341670399803,0.8593802001195812,5,random_forest,0.8593802,0.719272468568038
5396,Digoxigenin; digoxigenin,12,0.08871441,0.00032288325,0.8247574291492801,0.8875629067863536,5,random_forest,0.88756293,0.8749609913633468
5485,Idoxuridine,146,0.05240569,9.183148e-05,0.960520658774387,0.6950365571413286,5,random_forest,0.69503653,0.78046810356024
86,25-Hydroxyvitamin D3; calcifediol,7,0.1347107,0.00039918534,0.6527710611040003,0.6729573218156447,5,random_forest,0.6729573,0.7928191554613351
4116,NU-7441,35,0.09260416,0.0005549763,0.8102131262260632,0.8701349910545765,5,random_forest,0.870135,0.7442014864777606
5428,Luliconazole; luliconazole,7,0.14494021,0.00042481974,0.6145215355056775,0.625143983647906,5,random_forest,0.625144,0.7002146922311939
816,"16,16-Dimethyl-pge2; BRD-K92301463",14,0.13767575,0.0001504568,0.6416843369231443,0.6590985046403723,5,random_forest,0.6590985,0.7368111099960387
2677,Rilpivirine; rilpivirine,9,0.13727558,0.00026759953,0.6431806268391502,0.6609689712954383,5,random_forest,0.66096896,0.6978238771119943
1218,SANT-2; Sant-2,36,0.12802131,0.00061530276,0.6777835977789888,0.7042239545366977,5,random_forest,0.70422393,0.6749780589662976
19,"(8R,9R,13S,14S,17S)-17-ethynyl-3-methoxy-13-methyl-7,8,9,11,12,14,15,16-octahydro-6H-cyclopenta[a]phenanthren-17-ol; mestranol",10,0.09897669,0.0011726614,0.7863853720754657,0.8413739853995716,5,random_forest,0.841374,0.8085682221151881
3522,Pemetrexed,155,0.052911334,0.0013342486,0.9586299872640568,0.7876497686809392,5,random_forest,0.78764975,0.740000445488302
6441,"(4Z)-4-{[3-(4-fluorophenyl)-1-phenyl-1H-pyrazol-4-yl]methylidene}-5-methyl-2,4-dihydro-3H-pyrazol-3-one; SA-25547",15,0.13032219,0.0006927061,0.669180295327682,0.6934695270867333,5,random_forest,0.6934695,0.6768546733016616
567,SCH-79797; Sch-79797,10,0.1151994,0.00012363418,0.725726458655452,0.764154454809211,5,random_forest,0.76415443,0.7311271068541856
3877,Flufenamic Acid; flufenamic-acid,12,0.12249211,0.00031959795,0.6984580266556648,0.7201738593889282,5,random_forest,0.72017384,0.5984813214637567
582,Rosuvastatin; rosuvastatin,14,0.14354594,0.00063649355,0.6197349001786652,0.6316608878303328,5,random_forest,0.6316609,0.7424906723934559
333,4-[2-(tert-butylamino)-1-hydroxyethyl]-2-(hydroxymethyl)phenol; Salbutamol; salbutamol,11,0.092463516,0.0005601939,0.810739013221457,0.8698477809326398,5,random_forest,0.8698478,0.7474269434200245
3670,"CAY-10594; N-(2-(4-Oxo-1-phenyl-1,3,8-triazaspiro(4.5)decan-8-yl)ethyl)naphthalene-2-carboxamide",25,0.115770996,0.0003728408,0.7235891836702475,0.7614827355891663,5,random_forest,0.7614827,0.6897805916041038
8187,1-(3-Fluorophenyl)-3-(4-morpholinyl)-2-phenyl-1-propanone; EMF-sumo1-39,11,0.10499191,0.00054962613,0.7638936484865996,0.8118649041565146,5,random_forest,0.8118649,0.7047878667781384
3341,Lisinopril; lisinopril,6,0.17339957,0.0021477684,0.5081081277440274,0.477661465393711,5,random_forest,0.47766146,0.7145125860037289
23988,Apratoxin a,6,0.13040026,0.002335309,0.668888381006912,0.834805984013497,5,random_forest,0.83480597,0.7836583034839806
7763,"6-(3,5-dimethyl-4-isoxazolyl)-N-[1-(2-furanyl)ethyl]-4-quinazolinamine; BRD-A11087911",14,0.11068494,0.00049369363,0.7426066370151783,0.7852553052226242,5,random_forest,0.7852553,0.7018185784965668
4592,bromopride,6,0.11227354,0.00023705632,0.7366666461098959,0.7613950974737121,5,random_forest,0.7613951,0.7345088142201432
2001,Flavokawain B; flavokavain-b,15,0.11072615,0.00029936456,0.7424525472347385,0.7850626843454579,5,random_forest,0.7850627,0.7459164893503407
103,Canertinib; canertinib,114,0.088439286,0.00062268914,0.8257861551078756,0.889232933553618,5,random_forest,0.88923293,0.6994644697891375
5263,Clofazimine; clofazimine,21,0.18286009,0.02265255,0.4727339600748581,0.7040950848329988,5,random_forest,0.70409507,0.6954335315244434
176,Acenocoumarol; acenocoumarol,7,0.15791897,0.001466348,0.5659921912013575,0.544226253541715,5,random_forest,0.5442262,0.6306135535219627
4246,"N-([1,1'-Biphenyl]-4-ylmethyl)-6-phenyl-3-(pyridin-2-yl)-1,2,4-triazin-5-amine; VU-0418946-1",55,0.08204832,0.0006981831,0.8496828439634522,0.9191047138964168,5,random_forest,0.9191047,0.7718188934597524
5442,"(2R)-4-amino-N-[(1R,2S,3S,4R,5S)-5-amino-2-[(2S,4S,5S,6R)-4-amino-3,5-dihydroxy-6-(hydroxymethyl)oxan-2-yl]oxy-4-[(2R,3R,4S,5S,6R)-6-(aminomethyl)-3,4,5-trihydroxyoxan-2-yl]oxy-3-hydroxycyclohexyl]-2-hydroxybutanamide; amikacin",21,0.14082746,0.00096668844,0.6298996656804857,0.6416419214631539,5,random_forest,0.6416419,0.7742040485984925
1542,3-(2'-Aminobenzhydryloxy)tropane; zonisamide,6,0.1518252,0.0005121712,0.5887776238961093,0.5999604299815928,5,random_forest,0.59996045,0.7186245548893971
7342,"BRD-K84450674; N'-(2-aminophenyl)-N-[(2S,3R)-5-[(2R)-1-hydroxypropan-2-yl]-3-methyl-2-[[methyl-[(4-phenylphenyl)methyl]amino]methyl]-6-oxo-2,3,4,7-tetrahydro-1,5-benzoxazonin-9-yl]heptanediamide",6,0.07999896,0.0005328851,0.8573456790142199,0.9286835638966844,5,random_forest,0.9286836,0.9103506307651388
2869,Pirinixic Acid; pirinixic-acid,6,0.2168238,0.00052633305,0.3457390409576174,0.2386515560148139,5,random_forest,0.23865156,0.637866107027931
1036,"3-[(6aR,9S,10aR)-7-methyl-6,6a,8,9,10,10a-hexahydro-4H-indolo[4,3-fg]quinolin-9-yl]-1,1-diethylurea; Terguride",9,0.11102473,0.0040490185,0.7413361161101639,0.8206666872057342,5,random_forest,0.8206667,0.7501432971548939
6349,"1-Tert-butyl-5-[[3-[(1-tert-butyl-4-oxo-5-pyrazolo[3,4-d]pyrimidinyl)methyl]-2-fluorophenyl]methyl]-4-pyrazolo[3,4-d]pyrimidinone; BRD-K80822897",6,0.22635089,0.0018205394,0.3101159590277377,0.2446251858445671,5,random_forest,0.24462518,0.7482282703361911
2386,LY-2874455; Ly-2874455,48,0.10747429,0.00041251545,0.7546116929134817,0.8002620884770077,5,random_forest,0.8002621,0.7097747154136401
7540,"(5S,8R,9S,10S,13R,14S,17R)-3-[(2R,4S,5S,6R)-4,5-dihydroxy-6-methyloxan-2-yl]oxy-5,14-dihydroxy-13-methyl-17-(5-oxo-2H-furan-3-yl)-2,3,4,6,7,8,9,11,12,15,16,17-dodecahydro-1H-cyclopenta[a]phenanthrene-10-carbaldehyde; helveticoside",17,0.06246935,0.00025260917,0.9228912688248376,1.0,5,random_forest,1.0,0.88361704052555
5533,L-Thyroxine (sodium salt pentahydrate); Levothyroxine sodium pentahydrate,142,0.04407226,0.00011848072,0.991680484035502,0.8179826096760778,5,random_forest,0.8179826,0.7318149736494527
1229,Dapagliflozin,144,0.059427872,0.0020210769,0.934263767665714,0.666366220549563,5,random_forest,0.6663662,0.7440457080716437
8072,1-[4-(4-bromophenyl)-2-thiazolyl]-N-(3-phenylpropyl)-4-piperidinecarboxamide; BRD-K53461563,9,0.15498333,0.0007086568,0.5769689474025304,0.5782018073037817,5,random_forest,0.57820183,0.6540043930585249
5607,"(3S,6S,9R,12R,15S,18S,21R,24R,27S,30S,33R,36R)-6,18,30-trimethyl-3,9,12,15,21,24,27,33,36-nona(propan-2-yl)-1,7,13,19,25,31-hexaoxa-4,10,16,22,28,34-hexazacyclohexatriacontane-2,5,8,11,14,17,20,23,26,29,32,35-dodecone; Valinomycin",8,0.100313894,7.8796045e-05,0.781385384917901,0.8601628399481218,5,random_forest,0.86016285,0.8063511410823836
11862,meclofenoxate,6,0.08303311,5.9726164e-05,0.8460005805594404,0.9114288389606312,5,random_forest,0.9114288,0.6716630126217537
7690,1-Methyl-4-[(4-methylphenyl)thio]-3-nitro-2-quinolinone; BRD-K03857568,5,0.13265018,0.00047567554,0.660475624908704,0.6825883627359766,5,random_forest,0.68258834,0.7046343188148535
24002,Palmitic acid,57,0.4054891,0.08535277,0.0,0.7826446792434119,5,random_forest,0.7826447,0.6864726526507452
2276,Pirarubicin; pirarubicin,28,0.18261659,0.016480753,0.4736444396074253,0.8053676021645269,5,random_forest,0.8053676,0.8723884740923512
2992,Alprazolam; alprazolam,7,0.14953987,0.0013388501,0.5973227827879443,0.6036447950847335,5,random_forest,0.6036448,0.7102872907514868
5326,Diloxanide furoate; diloxanide,5,0.14079805,0.0003710905,0.6300096336601686,0.6239246656354351,5,random_forest,0.6239247,0.7036817999271483
531,(2R)-2-[[6-(3-chloroanilino)-9-propan-2-ylpurin-2-yl]amino]-3-methylbutan-1-ol; Purvalanol A; purvalanol-a,17,0.10150043,0.00068804796,0.7769487658515595,0.8274620756173208,5,random_forest,0.8274621,0.7600866274340787
5291,Tetradecylthioacetic acid; tetradecylthioacetic-acid,5,0.20017383,2.445813e-05,0.4079955374785948,0.3669784314445757,5,random_forest,0.36697844,0.6998904708958831
8060,"BRD-K72615639; N'-[(E)-(3,5-dibromo-2-hydroxyphenyl)methylidene]-2-hydroxybenzohydrazide",14,0.09967716,0.00026158607,0.7837662197215546,0.8367063661182551,5,random_forest,0.83670634,0.6679480788203744
30,Cinnarizine; cinnarizine,6,0.17696042,0.00057561405,0.4947936265385163,0.4493728986711252,5,random_forest,0.4493729,0.7154374838809872
2532,Estriol; estriol,14,0.11034792,0.0005781959,0.7438668005144218,0.7851181495566381,5,random_forest,0.78511816,0.8039171873853982
6862,"I-606061; N-(4-phenoxyphenyl)carbamic acid [(2R,3R,4S,5R,6S)-2-(hydroxymethyl)-6-methoxy-4,5-bis[oxo-(2-phenylanilino)methoxy]-3-oxanyl] ester",8,0.14852834,0.0004198777,0.6011050306794337,0.6083728001603168,5,random_forest,0.6083728,0.6947176307747134
2027,"(5R,5aR,8aR)-5-(3,4,5-trimethoxyphenyl)-5a,8,8a,9-tetrahydro-5H-[2]benzofuro[5,6-f][1,3]benzodioxol-6-one; Deoxypodophyllotoxin",8,0.2814769,0.018149296,0.1039923293887435,0.380602220556174,5,random_forest,0.3806022,0.7390595052042872
6838,"BRD-K58347372; dimethyl 2-[3-[(3S,4R,6S,7S,8R,8aR)-6-[2-(2-hydroxyethoxy)phenyl]-1'-(2-methoxyethoxycarbonyl)-1,2'-dioxo-3,4-diphenyl-8-(4-pyrimidin-2-ylpiperazine-1-carbonyl)spiro[4,6,8,8a-tetrahydro-3H-pyrrolo[2,1-c][1,4]oxazine-7,3'-indole]-5'-yl]prop-2-ynyl]propanedioate",9,0.13539726,0.00062561146,0.6502039201270831,0.6697483480378947,5,random_forest,0.66974837,0.7539400679553174
2957,NU-1025,6,0.15655608,0.0020267693,0.5710882217974171,0.56473577126022,5,random_forest,0.5647358,0.7358031098267233
3514,CGP-71683; Cgp-71683a free base,18,0.15972713,0.0008057206,0.5592312356711451,0.5786026606460877,5,random_forest,0.5786027,0.69900709046425
301,N-(3-((2-hydroxynaphthalen-1-ylmethylene)amino)phenyl)-2-phenylpropionamide; salermide,14,0.15099199,0.00063184253,0.5918931091171784,0.5968575406630472,5,random_forest,0.59685755,0.6802295874513251
7357,"N-[(2R,3R)-2-[[1,3-benzodioxol-5-ylmethyl(methyl)amino]methyl]-5-[(2R)-1-hydroxypropan-2-yl]-3-methyl-6-oxo-3,4-dihydro-2H-1,5-benzoxazocin-8-yl]-2-(1-methyl-3-indolyl)acetamide; SA-85901",6,0.13810843,0.00034448778,0.6400664877069178,0.6570761328857386,5,random_forest,0.6570761,0.7726543560028211
7894,2-[(E)-3-oxo-3-phenylprop-1-enyl]sulfanyl-6-thiophen-2-yl-4-(trifluoromethyl)pyridine-3-carbonitrile; BRD-K85266146,8,0.19402996,0.0008898913,0.4309683008697803,0.3956952784992732,5,random_forest,0.39569527,0.6928398487511871
1195,Etazolate; etazolate,5,0.11372807,0.001024698,0.7312279611221958,0.771031557174082,5,random_forest,0.77103156,0.7202274277455607
7764,"6-(3,5-dimethyl-4-isoxazolyl)-N-[(1-methyl-2-piperidinyl)methyl]-4-quinazolinamine; BRD-A98444709",9,0.110434145,0.0003433917,0.743544393542366,0.7864275153924771,5,random_forest,0.7864275,0.7096179216934262
23954,Epz004777,5,0.20025194,0.00064576376,0.4077034735923983,0.6856392126240902,5,random_forest,0.6856392,0.7486257099990503
5279,Homosalate; homosalate,9,0.14326343,0.0009627947,0.620791243393226,0.6229611466119349,5,random_forest,0.62296116,0.6963252330996998
483,Ipatasertib,149,0.04054196,0.00010342978,1.0,0.8772243219716018,5,random_forest,0.8772243,0.8224285334356783
1074,DY-131; N-[[4-(diethylamino)phenyl]methylideneamino]-4-hydroxybenzamide,8,0.12529124,0.00055398425,0.6879916998630782,0.7226877295089044,5,random_forest,0.7226877,0.7069694040159513
5342,Ioxaglic Acid; ioxaglic-acid,5,0.17393488,0.0005324478,0.5061065310352859,0.4667065733680715,5,random_forest,0.46670657,0.7608332140228181
7337,"1-[[(4R,5R)-8-(2-cyclopentylethynyl)-2-[(2S)-1-hydroxypropan-2-yl]-4-methyl-1,1-dioxo-4,5-dihydro-3H-6,1$l^{6},2-benzoxathiazocin-5-yl]methyl]-3-(2,5-difluorophenyl)-1-methylurea; BRD-K99259037",6,0.12340493,0.00037600292,0.6950448688449133,0.7258012400808618,5,random_forest,0.7258012,0.7308508999407428
5233,Epothilone A; epothilone-a,14,0.12017207,0.0012036508,0.7071329709461667,0.9097222296245878,5,random_forest,0.9097222,0.7919213863261046
888,Tegaserod; tegaserod,10,0.12281807,0.00023542347,0.6972392179967917,0.7285443202721038,5,random_forest,0.7285443,0.6848074853224365
1708,1-[3-[2-(dimethylamino)ethyl]-1H-indol-5-yl]-N-methylmethanesulfonamide; Sumatriptan; sumatriptan,14,0.1294207,0.0010806536,0.6725510887314357,0.703285341771802,5,random_forest,0.70328534,0.7115849078183493
4181,Zosuquidar; zosuquidar,15,0.14665815,0.00044482556,0.6080979247944722,0.6190722120089677,5,random_forest,0.6190722,0.7721159452454895
3553,5-iodotubercidin; 7-Iodo-7-deaza-D-guanosine,51,0.10984394,0.0010250623,0.7457512501030181,0.7948833617876453,5,random_forest,0.7948834,0.7207376342500342
4039,EI-247; [(S)-hydroxy(naphthalen-2-yl)methyl]phosphonic acid,8,0.10823241,0.0005118529,0.7517769793889238,0.7967185928763787,5,random_forest,0.7967186,0.7044712723415292
8369,"BRD-K90849765; [(4R,5R)-5-(2-azidophenyl)-4-[(2-azidophenyl)methyl]-2-[4-(3-hydroxypropoxy)phenyl]-5H-oxazol-4-yl]-(1-piperidinyl)methanone",6,0.18675041,0.00027537838,0.4581875258443166,0.4297203759211769,5,random_forest,0.42972037,0.7188596799258917
21252,glutamine,22,0.34212747,0.0621046,0.0,0.8221201638795562,5,random_forest,0.8221202,0.7758949469258067
6702,"2-[(1S,3S,4aS,9aR)-6-(dimethylamino)-1-(hydroxymethyl)-3,4,4a,9a-tetrahydro-1H-pyrano[3,4-b]benzofuran-3-yl]-N-[(4-phenoxyphenyl)methyl]acetamide; BRD-K16410418",5,0.13670084,0.0005786938,0.6453296576668615,0.6636553307767372,5,random_forest,0.66365534,0.6597313491222395
62,Garcinol,10,0.15584926,0.001044686,0.5737311176627524,0.6138210439643115,5,random_forest,0.613821,0.7520700866761095
804,Budesonide; budesonide,177,0.0561972,0.0006043431,0.9463436885381492,0.7791731257771117,5,random_forest,0.77917314,0.8169554978542753
1149,"(3R,16S)-Vinpocetine; vinpocetine",12,0.10270975,0.0012921742,0.7724269543184007,0.8415724109611444,5,random_forest,0.8415724,0.7259858990066808
335,(R)-Timolol; timolol,10,0.12147148,0.0011433719,0.7022743006816363,0.7296677553967073,5,random_forest,0.7296678,0.7082227432266973
2736,AZD-7648; Azd-7648,140,0.044472992,9.863245e-05,0.9901820927252568,0.8112554796639062,5,random_forest,0.81125546,0.7298654790907348
2385,5-(6-((4-Methyl-1-piperazinyl)methyl)-1H-benzimidazol-1-yl)-3-((1R)-1-(2-(trifluoromethyl)phenyl)ethoxy)-2-thiophenecarboxamide; GSK-461364,227,0.0822585,0.00043309332,0.8488969524309882,0.9181223272339254,5,random_forest,0.91812235,0.7461797416955972
24078,Ubiquinol,10,0.15072398,0.00077810575,0.5928952348647074,0.8303123122161713,5,random_forest,0.8303123,0.7770780294328702
14813,sulfadimethoxine,5,0.12930213,0.00050476636,0.6729944380463289,0.6740206861995328,5,random_forest,0.6740207,0.7192273322760792
6921,Isorotenone; isorotenone,8,0.17840917,0.00087337714,0.4893765537549158,0.4687078382484492,5,random_forest,0.46870783,0.6832761663704132
5351,"cis-(1R,4S)-6-methoxycyclohexane-1,2,3,4,5-pentol; pinitol",8,0.13019095,0.0014261183,0.6696710194913539,0.6940829386789888,5,random_forest,0.6940829,0.7485858025123937
1892,Danusertib; danusertib,71,0.1038475,0.0023146707,0.7681727527242391,0.9348334210273544,5,random_forest,0.9348334,0.7338934709377398
4302,cyclosporin-a,248,0.060059637,0.00054789276,0.931901512627142,0.8455638657203595,5,random_forest,0.8455639,0.8248335585708371
1551,TG-02; Zotiraciclib,15,0.14372525,0.0005682879,0.6190644357639439,0.6308227266247407,5,random_forest,0.6308227,0.6766253181815363
1901,"Rifampicin; [(7S,9E,11S,12R,13S,14R,15R,16R,17S,18S,19E,21Z)-2,15,17,27,29-pentahydroxy-11-methoxy-3,7,12,14,16,18,22-heptamethyl-26-[(E)-(4-methylpiperazin-1-yl)iminomethyl]-6,23-dioxo-8,30-dioxa-24-azatetracyclo[23.3.1.14,7.05,28]triaconta-1(29),2,4,9,19,21,25,27-octaen-13-yl] acetate",12,0.12345431,0.0012626608,0.6948602303261529,0.7243092171949926,5,random_forest,0.7243092,0.8163101039607201
6932,"1-[(8S,9S,10R)-10-(hydroxymethyl)-9-[4-(4-methoxyphenyl)phenyl]-1,6-diazabicyclo[6.2.0]decan-6-yl]-2-pyridin-4-ylethanone; BRD-K00540336",6,0.115307964,0.0007369247,0.7253205231319464,0.7636469900467494,5,random_forest,0.76364696,0.7359541772076096
3202,"4-amino-7-[(2R,3R,4S,5R)-3,4-dihydroxy-5-(hydroxymethyl)oxolan-2-yl]pyrrolo[2,3-d]pyrimidine-5-carbonitrile; Toyocamycin",6,0.18517064,0.008680314,0.4640945001817447,0.7694925020285616,5,random_forest,0.7694925,0.7491083835342629
772,rifabutin,10,0.15519944,0.00043176406,0.5761608827956183,0.5684228200093178,5,random_forest,0.5684228,0.7870986080606889
624,Bupropion; bupropion,10,0.09572167,0.00038955352,0.7985563334228862,0.8546337623964044,5,random_forest,0.85463375,0.7085329056880728
9660,BRD-A92439610,5,0.08491079,0.000949026,0.8389796803183284,0.90572539397062,5,random_forest,0.9057254,0.8429665303391504
2234,"1-(2,3-Dichlorobenzoyl)-5-methoxy-2-methyl-(3-(morpholin-4-yl)ethyl)-1H-indole hydrochloride; GW-405833",15,0.12669231,0.00047481345,0.6827529090676205,0.7104358428709668,5,random_forest,0.71043587,0.702951726847144
1602,Dovitinib; dovitinib,82,0.10034688,0.00045171395,0.7812620457891073,0.833576066311531,5,random_forest,0.8335761,0.7188574429323031
3184,"6-Cyano-7-nitroquinoxaline-2,3-dione; CNQX",5,0.15607533,0.00040279594,0.572885811264693,0.573097701646067,5,random_forest,0.5730977,0.7041423752357034
3296,3-Aminobenzamide; 3-aminobenzamide; BRD-K08703257,6,0.11467016,0.0013060651,0.7277053588107534,0.7714808894312395,5,random_forest,0.7714809,0.7608017828026712
6334,"(3R)-2-[(R)-tert-butylsulfinyl]-3-(2-hydroxyethyl)-N-(2-pyridin-4-ylethyl)-4-(3-pyridin-4-ylphenyl)-1,3-dihydropyrrolo[3,4-c]pyridine-6-carboxamide; BRD-K71631401",5,0.1787502,0.0007772157,0.4881013963216861,0.4671138828619968,5,random_forest,0.46711388,0.6847641497987182
4014,Ezetimibe; ezetimibe,9,0.2134736,0.0042529274,0.3582658932369054,0.5849330292476926,5,random_forest,0.58493304,0.7144546305381974
3343,Amifostine; amifostine,6,0.18916036,0.0023219546,0.4491763958668614,0.4184561292784935,5,random_forest,0.41845614,0.7002549321270365
8340,5-[[2-Fluoro-4-(trifluoromethyl)anilino]methyl]-8-quinolinol; BRD-K49094915,9,0.121852346,0.00058454537,0.7008501910403602,0.7330581539829846,5,random_forest,0.73305815,0.6837492528511859
5266,PSI-7976; Psi-7976,12,0.15517683,0.00038606534,0.5762454246528312,0.5772973316404568,5,random_forest,0.57729733,0.7617791434798853
6644,"(4S)-4-[[(2S)-2-[[(2S)-2-[[(2S)-2-[[(2S)-2-[[(2S)-2-[[(2S,5S,8S,11R,15Z,20R)-20-[[(2S,3S)-2-[[(2S)-2-[[(2S)-2-(3-acetamidopropanoylamino)-5-carbamimidamidopentanoyl]amino]-5-carbamimidamidopentanoyl]amino]-3-methylpentanoyl]amino]-11,20-dimethyl-5,8-bis(2-methylpropyl)-2-(2-methylsulfanylethyl)-3,6,9,21-tetraoxo-1,4,7,10-tetrazacyclohenicos-15-ene-11-carbonyl]amino]propanoyl]amino]propanoyl]amino]-4-amino-4-oxobutanoyl]amino]-5-carbamimidamidopentanoyl]amino]-4-methylpentanoyl]amino]-5-[[(1S)-4-carbamimidamido-1-carboxybutyl]amino]-5-oxopentanoic acid; YL-54",8,0.14027537,0.00041388063,0.6319640050855577,0.6469477071406388,5,random_forest,0.6469477,0.742070988536247
6634,"6-(3,5-dimethyl-4-isoxazolyl)-N-[(2-ethoxyphenyl)methyl]-4-quinazolinamine; BRD-K88622704",7,0.13593344,0.00079582393,0.6481990703703197,0.6672421492675709,5,random_forest,0.66724217,0.7137894172949859
6559,"MW-STK33-23; N-(1-propyl-1H-1,3-benzodiazol-2-yl)-3-(pyrrolidine-1-sulfonyl)benzamide",11,0.12368303,0.0001385823,0.6940050152186015,0.7245014084660667,5,random_forest,0.72450143,0.6530935626523413
1585,Prochlorperazine; prochlorperazine,35,0.08434221,0.0007091423,0.8411056780703903,0.9106256132823036,5,random_forest,0.91062564,0.7665254151732672
798,Bucladesine; bucladesine,22,0.13382052,0.001353923,0.6560995648834691,0.6738985279366643,5,random_forest,0.6738985,0.7090279823220998
5026,xamoterol,7,0.1641608,0.00052264746,0.542653142081177,0.6026612635356925,5,random_forest,0.60266125,0.696347619651089
113,WZ-3146,16,0.09796939,0.00025238597,0.7901518034231246,0.8446886114936976,5,random_forest,0.8446886,0.6696200063285095
1753,Nisoldipine; nisoldipine,5,0.14559227,0.0002706695,0.6120833947089392,0.6308873382903528,5,random_forest,0.6308873,0.7029933951880105
6450,4-tert-butyl-N-[4-[(4-methyl-1-piperidinyl)sulfonyl]phenyl]benzamide; BRD-K03122949,8,0.14144751,0.00079309434,0.6275812146161395,0.6414690466065697,5,random_forest,0.64146906,0.6575465242279585
757,Alclometazone dipropionate; alclometasone,8,0.098691456,0.0003819086,0.7874519006955571,0.8367437585078177,5,random_forest,0.8367438,0.8384222966676425
4157,Flupentixol; flupentixol,7,0.1269152,0.00097288867,0.6819194931209516,0.7011422401604462,5,random_forest,0.70114225,0.705014497490034
5151,Pravastatin (sodium); Pravastatin Sodium,140,0.044202335,0.00012784524,0.991194115964871,0.8157990282465267,5,random_forest,0.81579906,0.7847756117222238
6913,"9-(3,5-Dimethoxyphenyl)-1-[4-(1-piperazinyl)-3-(trifluoromethyl)phenyl]-2-benzo[h][1,6]naphthyridinone; JW-7-24-1",46,0.08868438,0.00046091957,0.8248697153930705,0.8880873377298905,5,random_forest,0.88808733,0.8173002818416276
6571,5-Chloro-7-((4-ethylpiperazin-1-yl)(pyridin-3-yl)methyl)quinolin-8-ol; BRD-A24054354,9,0.116651334,0.0012534662,0.7202974804639184,0.7573680023976738,5,random_forest,0.757368,0.6912082818447816
5293,Suloctidil (USAN/INN); suloctidil,24,0.13206494,0.00075471774,0.6626639166608175,0.6836525302298242,5,random_forest,0.6836525,0.7166210520504177
1364,Dinaciclib,377,0.06359299,0.00083115697,0.9186898264348012,0.938252225254567,5,random_forest,0.9382522,0.7233685316353277
3556,Vidarabine; vidarabine,13,0.08374452,0.0006671374,0.8433405220614378,0.9138867927847132,5,random_forest,0.9138868,0.7682642802046284
1118,GDC-0349; Gdc-0349,40,0.086109936,0.00045897588,0.8344959107513475,0.9001204827423555,5,random_forest,0.9001205,0.7269631695494571
2181,SB 216641; SB-216641,9,0.16582698,0.00037696963,0.5364230690315965,0.5275178129158503,5,random_forest,0.5275178,0.6751022659913396
5094,biperiden,12,0.1555023,0.0011455872,0.5750284481704301,0.5894003842201496,5,random_forest,0.5894004,0.7086772244968119
1555,Glasdegib,137,0.04883077,0.00019790819,0.973887769618597,0.7524924941037484,5,random_forest,0.7524925,0.7026306989471947
8336,5-[(E)-2-(2-fluorophenyl)ethenyl]quinolin-8-ol; BRD-K14027855,9,0.07470636,0.00014726786,0.8771354283943644,0.9534215049634788,5,random_forest,0.95342153,0.7555856019128576
7121,"5-(3-Methoxyphenyl)-4-[(1-methyl-5-tetrazolyl)thio]thieno[2,3-d]pyrimidine; BRD-K56593336",11,0.09273283,0.00058674935,0.8097320116410307,0.8691646440332248,5,random_forest,0.86916465,0.841802337884351
3414,"1,8-Naphthyridine-3-carboxylic acid, 7-(1alpha,5alpha,6alpha)-6-amino-3-azabicyclo3.1.0hex-3-yl-1-(2,4-difluorophenyl)-6-fluoro-1,4-dihydro-4-oxo-; trovafloxacin",15,0.14161555,0.00025712946,0.6269528902602767,0.6801296932607198,5,random_forest,0.6801297,0.6841606553469992
24036,Clozapine,38,0.08440065,0.0007719136,0.840887162982574,0.9184022020764918,5,random_forest,0.9184022,0.6886275743182471
6956,"BRD-A50388635; N-[(5-chloro-8-hydroxy-7-quinolinyl)-(3,4-dimethoxyphenyl)methyl]-4-methoxybenzamide",9,0.14811866,0.00056028774,0.602636879775541,0.6102877372023823,5,random_forest,0.6102877,0.6991095717651676
1675,Axitinib; axitinib,32,0.119824946,0.0008448875,0.7084309146720922,0.742534326950304,5,random_forest,0.74253434,0.6996905222922567
6896,"1-[(E)-3-(3,4,5-trimethoxyphenyl)prop-2-enoyl]-3,4-dihydro-2H-azepin-7-one; MD-II-008-P",15,0.09910773,0.000448633,0.7858953957389252,0.8393679376767473,5,random_forest,0.8393679,0.7423736288430536
1106,"2-[4-[(4-Ethyl-1-piperazinyl)methyl]-3-(trifluoromethyl)anilino]-5,11-dimethyl-6-pyrimido[4,5-b][1,4]benzodiazepinone; JWE-035",49,0.082805626,0.0005003713,0.8468511740953194,0.9155650332284088,5,random_forest,0.915565,0.7984831544726838
2006,"2-[2-methoxy-5-[[(E)-2-(2,4,6-trimethoxyphenyl)ethenyl]sulfonylmethyl]anilino]acetic acid; Rigosertib",92,0.1074125,0.0055391965,0.7548427341057501,0.8782223069197109,5,random_forest,0.8782223,0.6975241122437617
6501,BRD-K21064560; N-Palmitoyldopamine,15,0.09499151,0.0006030254,0.8012865007144644,0.8586074355941696,5,random_forest,0.8586074,0.6363208499511781
1880,Wortmannin from Penicillium funiculosum; wortmannin,682,0.06948952,0.0005204272,0.8966419008571073,0.9781579069411,5,random_forest,0.9781579,0.8036924026620311
5172,Atazanavir (sulfate); Atazanavir Sulfate,142,0.045640897,0.00015994292,0.9858151374953475,0.7916499981561553,5,random_forest,0.79165,0.7509449239394129
1516,"N-Methyl-N-(2-(((2-((2-oxo-2,3-dihydro-1H-indol-5-yl)amino)-5-(trifluoromethyl)pyrimidin-4-yl)amino)methyl)phenyl)methanesulfonamide; PF-431396",30,0.09845938,0.00059440616,0.7883196643423747,0.8429219933165546,5,random_forest,0.842922,0.7603637444156154
3845,Sulfasalazine; sulfasalazine,8,0.16989815,0.0027558913,0.5212004121174214,0.603778906148524,5,random_forest,0.6037789,0.7196651419819068
3856,CD-1530; CD1530,42,0.113824286,0.0007842711,0.7308681964457873,0.7705817985702044,5,random_forest,0.7705818,0.7541931225286201
2068,Lenvatinib; lenvatinib,6,0.18893357,0.00017306597,0.4500243944425942,0.4195161604117251,5,random_forest,0.41951615,0.7049895958941097
4145,Umeclidinium; umeclidinium,5,0.1600885,0.0005337351,0.5578800242186448,0.5543399041116689,5,random_forest,0.5543399,0.6818698745934084
1975,(E)-N-[(4-hydroxy-3-methoxyphenyl)methyl]-8-methylnon-6-enamide; Capsaicin,15,0.16620634,0.002240852,0.5350045905286204,0.5255319593431828,5,random_forest,0.52553195,0.7195064394008578
1429,Sinequan; doxepin,19,0.13794443,0.0008412616,0.6406797059547248,0.6555131485060828,5,random_forest,0.65551317,0.699421626339183
8193,"(4R,5'R)-2-benzoyl-2'-[4-(3-hydroxypropoxy)phenyl]-5'-phenyl-3-spiro[1,5-dihydro-2-benzazepine-4,4'-5H-oxazole]one; BRD-K62169556",9,0.13111256,0.00057823,0.6662249946781742,0.6897752860507378,5,random_forest,0.6897753,0.7420374791536272
7732,8-(2-methylphenoxy)-2-(4-morpholinyl)-1H-quinolin-4-one; TGX-115,10,0.12851246,0.0011530758,0.6759471213008764,0.7019283299857217,5,random_forest,0.7019283,0.7014212280248909
6608,"2-Amino-1-cyclohexyl-3-pyrrolo[3,2-b]quinoxalinecarboxylic acid ethyl ester; BRD-K58900438",6,0.16073246,0.00036999842,0.5554721704207313,0.551329926412761,5,random_forest,0.5513299,0.6789470057802938
5317,Tinidazole; tinidazole,7,0.08398849,9.923748e-05,0.8424282851351117,0.9080765824870944,5,random_forest,0.9080766,0.721030094271825
7124,2-(3-Methoxyphenyl)-4-propan-2-yloxyquinazoline; BRD-K77014406,5,0.16894504,0.00039075673,0.5247642197038082,0.5129437976998077,5,random_forest,0.5129438,0.6677004943326658
1965,Acitretin; acitretin,9,0.114858046,0.00074247527,0.7270028275686345,0.7677648193845837,5,random_forest,0.7677648,0.7418352782371849
5196,Fedratinib (hydrochloride hydrate); Fedratinib Hydrochloride,157,0.058332916,0.0042657605,0.9383579566885546,0.8293292838402175,5,random_forest,0.8293293,0.7007573858547707
274,"[(1R,2S,11R,12R,15R,16S)-15-acetyl-9-chloro-2,16-dimethyl-6-oxo-15-pentacyclo[9.7.0.02,8.03,5.012,16]octadeca-7,9-dienyl] acetate; cyproterone",5,0.11001166,0.00021463951,0.7451241222705658,0.7759921787967718,5,random_forest,0.77599216,0.8142984411384395
1678,"N,1,4,4-Tetramethyl-8-((4-(4-methylpiperazin-1-yl)phenyl)amino)-4,5-dihydro-1H-pyrazolo(4,3-h)quinazoline-3-carboxamide; PHA-848125",90,0.085678875,0.0006373858,0.8361077063069449,0.9021352822673436,5,random_forest,0.90213525,0.7752496417827172
4570,cinchocaine,5,0.17716876,2.6618098e-05,0.4940146150156618,0.4284151290381813,5,random_forest,0.42841512,0.5795917754463769
1350,JTC-801; N-(4-amino-2-methylquinolin-6-yl)-2-(4-ethylphenoxymethyl)benzamide; N-(4-amino-2-methylquinolin-6-yl)-2-[(4-ethylphenoxy)methyl]benzamide,25,0.15137093,0.0008654175,0.5904762010511784,0.5950863828368117,5,random_forest,0.5950864,0.683227739758843
3395,"(2R)-2-amino-2-[(5S)-3-chloro-4,5-dihydro-1,2-oxazol-5-yl]acetic acid; acivicin",24,0.111073025,0.00048626564,0.7411555345535916,0.7834413950286421,5,random_forest,0.7834414,0.7476908800323369
24172,Mln4924,250,0.0767713,0.00065254985,0.869414337610055,0.9463625690349882,5,random_forest,0.94636256,0.7193269224240112
5244,Moxisylyte; moxisylyte,7,0.137459,0.00044497332,0.6424947945768772,0.6437263710141452,5,random_forest,0.64372635,0.6921097198597497
583,GSK-1292263; Gsk-1292263,7,0.09876125,0.00022333239,0.7871909314614873,0.8409873837093765,5,random_forest,0.8409874,0.7201297807187614
5328,Demeclocycline,150,0.040509053,0.00019652487,1.0,0.902519456782622,5,random_forest,0.90251946,0.8283863454919234
7782,"BRD-K31999759; N-[(3R,9R,10R)-12-[(2R)-1-hydroxypropan-2-yl]-3,10-dimethyl-9-[[methyl-[[4-(trifluoromethyl)phenyl]methyl]amino]methyl]-13-oxo-2,8-dioxa-12-azabicyclo[12.4.0]octadeca-1(14),15,17-trien-16-yl]-3,5-dimethyl-4-isoxazolesulfonamide",12,0.109619856,0.00041852918,0.7465891305776621,0.7902336040701974,5,random_forest,0.7902336,0.7827748755687555
5296,Calpeptin; calpeptin,18,0.11574677,0.0004595438,0.7236797679706828,0.7615960457717026,5,random_forest,0.761596,0.7193345208730509
8043,"2-[(3R,6aS,8R,10aS)-1-(1,3-benzodioxol-5-ylmethyl)-3-hydroxy-3,4,6,6a,8,9,10,10a-octahydro-2H-pyrano[2,3-c][1,5]oxazocin-8-yl]-N-(4-phenylphenyl)acetamide; BRD-K63000292",5,0.12857255,0.0010909758,0.6757224366392256,0.7016474233713381,5,random_forest,0.7016474,0.7312359873718728
23995,"BRD-K30418433; N-[(4S,7R,8S)-8-methoxy-4,5,7,10-tetramethyl-11-oxo-2-oxa-5,10-diazabicyclo[10.4.0]hexadeca-1(12),13,15-trien-14-yl]butanamide",15,0.12172263,0.0012743932,0.7013352167612903,0.7336643970011609,5,random_forest,0.7336644,0.685943017257217
962,Rotigotine; rotigotine,5,0.25997943,0.0012470974,0.1843742860087743,0.1086245549851978,5,random_forest,0.108624555,0.6893064652449454
7675,"1-cyclohexyl-3-[(2R,3S)-5-[(2R)-1-hydroxypropan-2-yl]-3-methyl-2-[[methyl-(4-methylphenyl)sulfonylamino]methyl]-6-oxo-3,4-dihydro-2H-1,5-benzoxazocin-10-yl]urea; BRD-K88556033",8,0.09429803,9.1869304e-05,0.8038795165101305,0.8618488069947904,5,random_forest,0.86184883,0.7805512193839513
1064,Procaine; procaine,6,0.09190304,0.0013398565,0.8128347090181516,0.8712439345231142,5,random_forest,0.87124395,0.6916248474242604
552,Ipratropium; ipratropium,8,0.17203572,0.0008811771,0.5132077479103181,0.4984977909638591,5,random_forest,0.49849778,0.6974150705009421
5336,Cotinine; cotinine,7,0.11879213,0.00043060942,0.7122927538051844,0.7309467609161429,5,random_forest,0.7309468,0.6891095638187332
1279,O5251_sigma; oligomycin-c,8,0.09669645,0.00038681825,0.7949114987668047,0.8506384367378783,5,random_forest,0.85063845,0.8221145626965638
5188,Nafamostat (mesylate); Nafamostat Mesylate,146,0.046894982,0.000263998,0.981125943554487,0.7962603132336579,5,random_forest,0.7962603,0.686998719218057
7385,"BRD-K32485462; N-[(2S,3R)-5-[(2R)-1-hydroxypropan-2-yl]-3-methyl-2-[[methyl-[(4-phenoxyphenyl)methyl]amino]methyl]-6-oxo-3,4-dihydro-2H-1,5-benzoxazocin-10-yl]-4-(2-thiazolyl)benzamide",10,0.11084894,0.00040498853,0.7419934187673711,0.784488748929892,5,random_forest,0.78448874,0.7765721472145353
5496,Trehalose; trehalose,19,0.51048505,0.20560938,0.0,0.6845308286103668,5,random_forest,0.68453085,0.7024030339983358
4457,Y-27632,28,0.118783064,0.00054801855,0.7123266528090539,0.7474827930200096,5,random_forest,0.7474828,0.7178595205194278
1267,BRD-K34685430; Methylergometrine,5,0.09425664,0.00030837025,0.8040342793349886,0.8582287090304848,5,random_forest,0.8582287,0.7579689545707506
7673,"(E)-3-[3,5-bis(trifluoromethyl)anilino]-2-(4-methylphenyl)sulfonylprop-2-enenitrile; KM-00927",13,0.09396708,0.0008740151,0.8051169834559339,0.8633956754939152,5,random_forest,0.8633957,0.7136753121750966
5037,fenbufen,6,0.075702175,0.00012707987,0.8734119410197303,0.9490441457512692,5,random_forest,0.94904417,0.6967584978838169
6741,"(8R)-7-methyl-5,6,6a,7-tetrahydro-4H-dibenzo[de,g]quinoline-2,13,14-triol; BRD-K39187410",5,0.08694798,0.00029115888,0.8313623505485108,0.8962034033867062,5,random_forest,0.8962034,0.7806846903526324
2917,4-(2-((2-Chloro-4-fluorophenyl)amino)-5-methyl-4-pyrimidinyl)-N-((1S)-1-(3-chlorophenyl)-2-hydroxyethyl)-1H-pyrrole-2-carboxamide; BRD-K93725829,7,0.1207614,0.00031259176,0.7049293861292146,0.7381572832456244,5,random_forest,0.7381573,0.7102238387142822
822,"2-butyl-3-[[4-[2-(2H-tetrazol-5-yl)phenyl]phenyl]methyl]-1,3-diazaspiro[4.4]non-1-en-4-one; Irbesartan",16,0.12119422,0.0007868794,0.7033110134339959,0.7442723877827857,5,random_forest,0.7442724,0.6822233848810711
5180,Cabozantinib (S-malate); Cabozantinib S-malate,142,0.04624134,0.00017026087,0.9835699996638352,0.7815704779639238,5,random_forest,0.7815705,0.7578026081774988
24013,"Ethyl 5,5,7,7-tetramethyl-2-(5-nitrothiophene-2-carboxamido)-4,5,6,7-tetrahydrothieno[2,3-c]pyridine-3-carboxylate; NPC26",21,0.12671664,0.00033526175,0.682661935897077,0.7103221446891266,5,random_forest,0.71032214,0.7295226581212669
5251,VX-222,5,0.14386556,0.00044634964,0.6185397976398597,0.6301670033344453,5,random_forest,0.630167,0.7090529480999173
2700,Gandotinib; LY-2784544,41,0.1377968,0.0083436975,0.6412317145518209,0.8574192424172292,5,random_forest,0.85741925,0.7192812743340379
1278,Ascomycin; sirolimus,676,0.07733144,0.0008969029,0.8673198981629413,0.9443876559653588,5,random_forest,0.9443877,0.9015158323735157
7523,"1-[(2R,3S)-2-[[(4-chlorophenyl)sulfonyl-methylamino]methyl]-5-[(2S)-1-hydroxypropan-2-yl]-3-methyl-6-oxo-3,4-dihydro-2H-1,5-benzoxazocin-10-yl]-3-cyclohexylurea; BRD-K54822214",6,0.09090283,0.00037725468,0.8165746298939998,0.8777181934105374,5,random_forest,0.8777182,0.7793219739843238
5169,Phenylephrine (hydrochloride); Phenylephrine Hydrochloride,140,0.051512722,0.00012789287,0.9638595872640686,0.6930803685712084,5,random_forest,0.69308037,0.8398573955382591
2878,Netupitant; netupitant,7,0.15549424,0.0010072816,0.5750585856038284,0.57581370449084,5,random_forest,0.5758137,0.7029138843714448
734,Digitoxin,260,0.061888263,0.00089409726,0.925064031946566,0.8677765217566387,5,random_forest,0.8677765,0.8618721767188555
5430,Fipronil; fipronil,7,0.16576803,0.0004234959,0.5366434910785979,0.5277934187699072,5,random_forest,0.5277934,0.7029718557771462
7826,(2E)-N-hydroxy-3-(1-methyl-4-(phenylacetyl)-1H-pyrrol-2-yl)prop-2-enamide; BRD-K74733595,16,0.12579884,0.0005106686,0.6860937146034022,0.7146119686493801,5,random_forest,0.71461195,0.7371376109427155
6761,"1-[2-Fluoro-4,5-bis(phenylmethoxy)phenyl]-2-(methylamino)ethanol; BRD-A25170757",9,0.14527898,0.0002465692,0.6132548285190337,0.6235605722651447,5,random_forest,0.62356055,0.6882488073920193
1806,LM-1685,5,0.15600997,0.0004588489,0.573130201171258,0.5549706884708858,5,random_forest,0.5549707,0.6687761676407227
3099,methimazole,5,0.11993094,0.00029054526,0.7080345887272259,0.7420389040781044,5,random_forest,0.7420389,0.744559358062039
6943,BRD-K92202821; N-[4-[[2-methoxy-5-[4-oxo-3-(phenylmethyl)-2-quinazolinyl]phenyl]methoxy]phenyl]acetamide,6,0.15447618,0.0012183046,0.5788652500511606,0.5805722384425835,5,random_forest,0.58057225,0.6689671061876471
5204,Cytarabine (hydrochloride); Cytarabine Hydrochloride,135,0.041847035,0.00013079165,1.0,0.8553371799094496,5,random_forest,0.8553372,0.817654230972178
2329,(E)-N-[4-[(3-methoxypyrazin-2-yl)sulfamoyl]phenyl]-3-(5-nitrothiophen-2-yl)prop-2-enamide; Necrosulfonamide,5,0.09316356,0.00015114051,0.8081214537393359,0.8915473122637602,5,random_forest,0.8915473,0.7227774756137356
3276,Modafinil; modafinil,6,0.16052927,0.00028806174,0.5562319253949501,0.5522796807795123,5,random_forest,0.55227965,0.7029589535509365
91,"(1S,2R,5S,6S,8R,9R,10S,12S,15R,16S,25R,27S,28R)-21-chloro-5,9,28-trihydroxy-15,16,33,33-tetramethyl-24-methylidene-7,11,32-trioxa-18-azadecacyclo[25.4.2.02,16.05,15.06,8.06,12.017,31.019,30.022,29.025,28]tritriaconta-17(31),19,21,29-tetraene-10-carboxylic acid; penitrem-a",12,0.13881233,0.00029176942,0.6374345101177019,0.6537860556276185,5,random_forest,0.65378606,0.7728496491572793
818,"7-[(2R,4aR,5R,7aR)-2-(1,1-difluoropentyl)-2-hydroxy-6-oxo-3,4,4a,5,7,7a-hexahydrocyclopenta[b]pyran-5-yl]heptanoic acid; Lubiprostone",6,0.19339043,0.00036146445,0.433359590296732,0.6331840149578902,5,random_forest,0.633184,0.7186625325085585
1019,sildenafil,145,0.05071189,0.00989104,0.9668540067508236,0.9015753169665534,5,random_forest,0.9015753,0.7050695811406504
412,Acyclic retinoid; Peretinoin,142,0.054558393,0.00012328583,0.9524714102273808,0.6419530075592457,5,random_forest,0.641953,0.7329998536955735
7506,"BRD-K23282736; N-(2-aminophenyl)-4-[[[(2R,3S)-8-(dimethylamino)-5-[(2S)-1-hydroxypropan-2-yl]-3-methyl-6-oxo-3,4-dihydro-2H-1,5-benzoxazocin-2-yl]methyl-methylamino]methyl]benzamide",8,0.102587186,0.0005323667,0.7728852377411094,0.8231047479500209,5,random_forest,0.82310474,0.839184957221321
3964,Ziprasidone; ziprasidone,19,0.1833868,0.0005906328,0.47076451993277,0.448281143577357,5,random_forest,0.44828114,0.691438643756113
7642,"BRD-K61717269; N-[(4-methylphenyl)methyl]-6-phenyl-3-(2-pyridinyl)-1,2,4-triazin-5-amine",26,0.08842911,0.00037514188,0.8258242045523249,0.8892805032415517,5,random_forest,0.8892805,0.766665212611818
5434,Linsidomine; linsidomine,6,0.11628937,0.0005799811,0.7216509129629991,0.7590598777517269,5,random_forest,0.7590599,0.7442856236548222
2974,Flumatinib; flumatinib,26,0.10112519,0.00032303654,0.7783518391156273,0.8299382240241706,5,random_forest,0.82993823,0.7233833313852881
693,"3,5-dimethyladamantan-1-amine; Memantine; memantine",7,0.13284108,0.0008305698,0.659761823911714,0.6773363101710067,5,random_forest,0.67733634,0.7148059254094806
7842,"4-[(1-methyl-5-tetrazolyl)thio]-5-(1H-pyrrol-2-yl)thieno[2,3-d]pyrimidine; BRD-K89224880",11,0.08363779,0.000775891,0.8437396000101478,0.9116754320175308,5,random_forest,0.91167545,0.8415231042745323
4809,astemizole,5,0.11418817,6.2565894e-05,0.7295075848062443,0.7515710038737171,5,random_forest,0.751571,0.6785792931290804
3482,Entinostat; entinostat,410,0.07412288,0.0019332699,0.8793171392677209,0.977210735658462,5,random_forest,0.97721076,0.6778796305498248
6245,"BRD-K68313733; N-(1,3-dioxaindan-5-yl)-2-chloro-N-{[2-(prop-2-en-1-yloxy)phenyl]methyl}acetamide",18,0.13442084,0.00072690926,0.6538548869656426,0.6743121263632554,5,random_forest,0.6743121,0.7049486389282904
6327,"BRD-K60070073; N-(tert-Butyl)-6-oxo-6H-anthra[1,9-cd]isoxazole-3-carboxamide",10,0.16934058,0.00045343753,0.5232852419858958,0.5110950742372884,5,random_forest,0.51109505,0.7293447796754848
3227,Guanadrel; guanadrel,7,0.130082,0.0012046177,0.6700783983212233,0.6828827372614612,5,random_forest,0.6828827,0.7227750412075253
24208,"2,7-bis(piperidin-1-ylsulfonyl)-9H-fluoren-9-one oxime; CIL56",24,0.16778916,0.00049707,0.5290862118274375,0.5183465144201425,5,random_forest,0.5183465,0.7376241817127283
1553,"N-[(1-methylpiperidin-4-yl)methyl]-3-[3-(trifluoromethoxy)phenyl]imidazo[1,2-b]pyridazin-6-amine; SGI-1776",45,0.10452802,0.00058638724,0.7656281961266924,0.8144042383903307,5,random_forest,0.81440425,0.6113394826232132
5160,Dorzolamide (hydrochloride); Dorzolamide Hydrochloride,138,0.042561825,0.00013412297,0.997328205402127,0.843338092342432,5,random_forest,0.8433381,0.8306905958309438
1785,Salvinorin A; salvinorin-a,9,0.22406489,0.00068549684,0.3186636231404631,0.2553101211182691,5,random_forest,0.25531012,0.7625370157698705
6744,Chelidonine; chelidonine,50,0.08675551,0.00032316128,0.8320820219884829,0.8973186116983027,5,random_forest,0.8973186,0.7501029786447598
4777,bergenin,145,0.045479372,0.00011319762,0.9864191013824026,0.8116019942614053,5,random_forest,0.811602,0.7370722100886011
1979,Trimethoprim; trimethoprim,7,0.13647899,0.0011439371,0.6461591849124468,0.6512495579236453,5,random_forest,0.6512496,0.7374785288525894
8175,1-(4-Bromophenyl)-3-(4-morpholinyl)-2-phenyl-1-propanone; AT-SUMO-1,9,0.10634752,0.00084807316,0.7588248387981256,0.8055287091895905,5,random_forest,0.8055287,0.7317637454851155
2591,Sonidegib,168,0.047696806,0.0005363502,0.97812781484516,0.8928492230025518,5,random_forest,0.8928492,0.7051984872009694
3020,Calmidazolium; calmidazolium,23,0.10041115,0.0006709818,0.7810217315404088,0.8330737079330389,5,random_forest,0.83307374,0.7002627655852492
6967,TL-HRAS-27; [4-[Bis(4-methoxyphenyl)methyl]-1-piperazinyl]-(5-methyl-4-nitro-3-isoxazolyl)methanone,5,0.18001321,0.00089071057,0.4833788305950837,0.4612105111019625,5,random_forest,0.46121052,0.6571760159581195
5201,Noradrenaline hydrochloride; Norepinephrine (hydrochloride),144,0.054711405,0.00014383707,0.9518992776021769,0.6393843979720855,5,random_forest,0.6393844,0.8255625620759974
3006,"(6S)-4-(4-Chlorophenyl)-N-(4-hydroxyphenyl)-2,3,9-trimethyl-6H-thieno(3,2-f)(1,2,4)triazolo(4,3-a)(1,4)diazepine-6-acetamide; OTX-015",82,0.089951076,0.0006855686,0.820133367212435,0.8821667412335137,5,random_forest,0.88216674,0.7804329126851599
7505,"BRD-K37043259; N-(2-aminophenyl)-4-[[[(2S,3S)-8-(dimethylamino)-5-[(2S)-1-hydroxypropan-2-yl]-3-methyl-6-oxo-3,4-dihydro-2H-1,5-benzoxazocin-2-yl]methyl-methylamino]methyl]benzamide",8,0.096708484,0.00019230958,0.794866502008304,0.8505821580776042,5,random_forest,0.8505822,0.839184957221321
6609,"6,11-Dioxo-12-naphtho[2,3-b]indolizinecarboxylic acid ethyl ester; BRD-K28100108",5,0.22368893,0.00068837876,0.3200693885822042,0.2570673139297971,5,random_forest,0.25706732,0.6605938500066769
6713,"6-(1,3-benzodioxol-5-yl)-N-(2-furanylmethyl)-N-methyl-4-quinazolinamine; BRD-K44978960",7,0.14401612,0.00025647198,0.6179768333752875,0.6294632668051381,5,random_forest,0.62946326,0.6851506802862343
2517,Canrenoic Acid; potassium-canrenoate,6,0.100969344,0.001609046,0.7789345684512843,0.8308612982239993,5,random_forest,0.8308613,0.81674950041744
6693,Jnk-IN-2; ZG-10,27,0.11773806,0.00054893916,0.716234064527538,0.7522885692232599,5,random_forest,0.7522886,0.695261370827163
3615,Benperidol; benperidol,8,0.19170886,0.00052400515,0.439647208644079,0.3834928557286721,5,random_forest,0.38349286,0.6581476128420145
1490,"(4R,12aR)-4,7-bis(dimethylamino)-10,12a-dihydroxy-1,3,11,12-tetraoxo-4,4a,5,5a,6,11a-hexahydrotetracene-2-carboxamide; minocycline",13,0.100801095,0.0005062066,0.7795636742864995,0.8305827223756865,5,random_forest,0.83058274,0.7773595846109997
241,Medroxyprogesterone Acetate; Medroxyprogesterone acetate,146,0.042380158,0.000103248014,0.9980074829595924,0.8497382229197386,5,random_forest,0.84973824,0.8015938793390904
1232,Phenacetin; phenacetin,6,0.12336578,0.00037690668,0.6951912560058989,0.7150436693515396,5,random_forest,0.71504366,0.7353619252460849
5358,Novobiocin; novobiocin,11,0.16153693,0.00019689107,0.5524641479584547,0.5167730027942454,5,random_forest,0.516773,0.815514873742741
938,RP107; aloisine,25,0.12682407,0.00060606777,0.6822602405534067,0.709819983245115,5,random_forest,0.70982,0.6874528641881155
2278,"(7R,9S)-9-acetyl-7-[[(2R,4S,5S,6S)-4-amino-5-hydroxy-6-methyl-2-oxanyl]oxy]-6,9,11-trihydroxy-4-methoxy-8,10-dihydro-7H-tetracene-5,12-dione; daunorubicin",325,0.06741417,0.0010735008,0.9044019160436098,0.9936753681671956,5,random_forest,0.99367535,0.9428913438449824
6992,"1-[(3R,9R,10S)-12-[(2S)-1-hydroxypropan-2-yl]-9-[[(4-methoxyphenyl)methyl-methylamino]methyl]-3,10-dimethyl-13-oxo-2,8-dioxa-12-azabicyclo[12.4.0]octadeca-1(14),15,17-trien-16-yl]-3-[4-(trifluoromethyl)phenyl]urea; BRD-K69406317",12,0.08622628,0.00041021372,0.8340608847524276,0.8995766871760933,5,random_forest,0.89957666,0.8900590785446428
247,Pharmakon1600-01500299; fludrocortisone-acetate,14,0.09040314,0.00037209166,0.8184430385906261,0.8781936411602056,5,random_forest,0.8781936,0.8411209727065818
5343,Norcyclobenzaprine; norcyclobenzaprine,5,0.08898978,0.0008127716,0.8237277833633128,0.8863607069112137,5,random_forest,0.8863607,0.7204265517489213
2514,"(1R,2S,8R,11R,12S,15S,16S)-2,16-dimethyl-5-thiapentacyclo[9.7.0.02,8.04,6.012,16]octadecan-15-ol; epitiostanol",8,0.12086597,0.00069527316,0.7045383847135245,0.7324100139946585,5,random_forest,0.73241,0.7767952351769267
8197,1-(2-Fluorophenyl)-3-(4-morpholinyl)-2-phenyl-1-propanone; BRD-A49848186,11,0.1137229,0.0006898852,0.7312472924535443,0.7710557157998376,5,random_forest,0.7710557,0.6948858294117198
1800,"FPL-64176; methyl 2,5-dimethyl-4-(2-(phenylmethyl)benzoyl)-1H-pyrrole-3-carboxylate; methyl 4-(2-benzylbenzoyl)-2,5-dimethyl-1H-pyrrole-3-carboxylate",6,0.15504445,0.0026997193,0.5767404114311525,0.5839658738479037,5,random_forest,0.5839659,0.6460457406529316
5471,Erythrosin(E); erythrosine,16,0.18288238,0.00080475543,0.4726506147410556,0.4477997711359505,5,random_forest,0.44779977,0.723794860931921
3547,5-Azacytidine; Azacitidine; Azacytidine,300,0.08350874,0.010341431,0.8442221354667302,0.8802451941957478,5,random_forest,0.8802452,0.7625307997788201
24204,Deferasirox,10,0.08761649,0.0010702013,0.8288627009702089,0.8929392913921309,5,random_forest,0.89293927,0.6983276604283918
5163,Indacaterol (maleate); Indacaterol maleate,144,0.042954836,0.000272823,0.995858683958292,0.8647692649517947,5,random_forest,0.8647693,0.742068035218917
652,Tamibarotene; tamibarotene,50,0.1233282,0.0007631885,0.6953317727239026,0.7266716560212533,5,random_forest,0.72667164,0.7080815700045184
1813,nintedanib,50,0.15838356,0.014033456,0.5642550261663044,0.7662545418842329,5,random_forest,0.76625454,0.727119638787579
1226,Pelitinib; pelitinib,77,0.11243624,0.0035168768,0.7360582887384434,0.8768707830151398,5,random_forest,0.8768708,0.7426247913415722
1836,CP-724714; Cp-724714,24,0.11540964,0.0004782256,0.7249403427748486,0.7631717619190158,5,random_forest,0.76317173,0.6677287319828855
6647,Cephaeline; cephaeline,22,0.060955122,0.00035633612,0.9285531727330107,1.0,5,extra_trees,1.0,0.8352565565158924
3955,Clonazepam; clonazepam,10,0.1441904,0.0011358057,0.6173251768129229,0.6286486446345223,5,extra_trees,0.62864864,0.7081997974474602
1175,N-((1R)-1-(Ethoxycarbonyl)-3-phenylpropyl)-L-alanyl-L-proline; enalapril,7,0.116522424,0.00059738907,0.7207794924415087,0.7514987732969376,5,extra_trees,0.75149876,0.6921202567809571
4122,Coumarin; coumarin,6,0.08322487,0.00077055197,0.845283563905785,0.9321370933069494,5,extra_trees,0.9321371,0.723661486854156
6432,"BRD-A25416824; benzoic acid [3-hydroxy-10-(hydroxymethyl)-13-methyl-2,3,4,7,8,9,11,12,14,15,16,17-dodecahydro-1H-cyclopenta[a]phenanthren-17-yl] ester",5,0.16903803,0.0005134891,0.5244165174790301,0.5125091938159058,5,extra_trees,0.51250917,0.734873905431169
2821,PIK-75; Pik-75,72,0.09735851,0.0006768375,0.7924359666134928,0.8475438966394352,5,extra_trees,0.8475439,0.7080182187001531
579,BS-181,10,0.18597946,0.0005448174,0.4610702124793584,0.4396533535592801,5,extra_trees,0.43965337,0.6945717325825248
5132,Almonertinib (hydrochloride); HS-10296 hydrochloride,145,0.04068408,0.000119613615,1.0,0.8748595572116311,5,extra_trees,0.8748596,0.7811560318687312
1829,Sinomenine,143,0.04272854,0.00015931553,0.99670483540101,0.8405394514579436,5,extra_trees,0.84053946,0.74507457502346
114,WZ-4002,48,0.094008625,0.00037242603,0.8049616410650489,0.8632014741130167,5,extra_trees,0.8632015,0.7050287791052837
2541,"3-[(3S,5R,10S,13R,14S,16S,17R)-3,14,16-trihydroxy-10,13-dimethyl-1,2,3,4,5,6,7,8,9,11,12,15,16,17-tetradecahydrocyclopenta[a]phenanthren-17-yl]-2H-furan-5-one; gitoxigenin",14,0.113289475,0.0005977037,0.7328679273258356,0.773081553808478,5,extra_trees,0.77308154,0.8767257162518787
198,(R)-2-((R)-2-Acetamido-3-(4-hydroxyphenyl)propanamido)-N-((R)-1-amino-1-oxo-3-phenylpropan-2-yl)-5-guanidinopentanamide; DTP3,140,0.048160017,0.00014811817,0.9763958060781784,0.7493618220064271,5,extra_trees,0.7493618,0.7190066609786203
2504,"(2R)-2-methyl-6-nitro-2-[[4-[4-[4-(trifluoromethoxy)phenoxy]piperidin-1-yl]phenoxy]methyl]-3H-imidazo[2,1-b][1,3]oxazole; Delamanid",142,0.042564668,0.00012751644,0.9973175750394532,0.8430781884346507,5,extra_trees,0.8430782,0.7413576561485733
4202,Erteberel; erteberel,8,0.11283126,0.00017501935,0.7345812553710729,0.7752232768592753,5,extra_trees,0.77522326,0.6924314267594993
1374,Benzbromarone; benzbromarone,12,0.121905506,0.00088594854,0.7006514185888149,0.732847844883586,5,extra_trees,0.73284787,0.6931661575843271
4762,nimodipine,13,0.10938084,0.0014247898,0.7474828438259418,0.7881035197941555,5,extra_trees,0.7881035,0.7599382809605452
2059,CID 6713947; tubocurarine,7,0.09058571,0.00023937103,0.8177603845936618,0.8792004066555825,5,extra_trees,0.8792004,0.7555866352313504
2332,7-Amino-4-chloro-3-methoxyisocoumarin; JLK-6,13,0.18077628,0.00079279783,0.4805256083490219,0.4576438322827426,5,extra_trees,0.45764384,0.6930929769398645
6689,"2-(dimethylamino)-1-[(8S,9S,10R)-10-(hydroxymethyl)-9-[4-[(E)-2-phenylethenyl]phenyl]-1,6-diazabicyclo[6.2.0]decan-6-yl]ethanone; BRD-K49477330",13,0.089423865,0.0006861586,0.8221046806614876,0.8846309470001636,5,extra_trees,0.8846309,0.8687779167791212
4191,5-chloro-7-iodoquinolin-8-ol; Clioquinol; clioquinol,13,0.10856458,0.001020416,0.7505349506976186,0.8211757456137956,5,extra_trees,0.82117575,0.7178843077449131
1046,"4-N-(7-chloroquinolin-4-yl)-1-N,1-N-diethylpentane-1,4-diamine; Chloroquine; chloroquine",29,0.24878982,0.03170707,0.2262137557517285,0.7430094815376871,5,extra_trees,0.7430095,0.7047635462057458
602,Promethazine; promethazine,7,0.11391719,0.00066707,0.7305208157866758,0.7635310030209032,5,extra_trees,0.763531,0.7673653910774745
5220,"2,6-Difluoro-4-(4-(4-morpholinophenyl)pyridin-3-yl)phenol; LJI308",159,0.048396964,0.00037400375,0.9755098291015738,0.8360259076896124,5,extra_trees,0.8360259,0.7362779127030322
430,Ixazomib citrate,143,0.04129164,0.00013923344,1.0,0.864660557100391,5,extra_trees,0.86466056,0.7452153751322377
7656,"BRD-K91047982; N-(2,4-dimethylphenyl)-4-[2-(2-furylmethylene)hydrazino]-4-oxobutanamide",7,0.15979835,0.00049749366,0.5589649344296279,0.5556960626171168,5,extra_trees,0.55569607,0.6729953414543219
1458,TAS-103; TAS-103 free base,68,0.09814207,0.0007311185,0.7895061294778116,0.8438814954620089,5,extra_trees,0.8438815,0.7209612858091444
3502,Cladribine; cladribine,53,0.081729166,0.0004300387,0.8508762040650413,0.9205964727394622,5,extra_trees,0.9205965,0.7465591880691548
481,N1-(4-Chlorophenyl)-N5-isopropylbiguanide; proguanil,5,0.1931283,0.0006147042,0.4343397299265956,0.3702505021843163,5,extra_trees,0.3702505,0.7423364199077086
2174,"1-(2,4-dimethoxyphenyl)-3-(2,6-dimethylphenyl)-1-[6-[4-(4-methylpiperazin-1-yl)anilino]pyrimidin-4-yl]urea; HG-9-91-01",22,0.18022668,0.0008524792,0.4825806373063069,0.4602126964439479,5,extra_trees,0.4602127,0.721759828487588
6561,(3-Isopropoxyphenyl)(1-((5-methyl-1-propyl-1H-pyrazol-4-yl)methyl)piperidin-3-yl)methanone; BRD-A12083771,8,0.21470019,0.00046758814,0.353679506830944,0.2990813153357244,5,extra_trees,0.29908133,0.6200125968214124
6378,"BRD-K38625260; N-[3-(1,3-benzothiazol-2-yl)-6-propan-2-yl-5,7-dihydro-4H-thieno[2,3-c]pyridin-2-yl]-2,2-difluoroacetamide",11,0.11381796,0.00053754344,0.7308918502179557,0.7706113864620405,5,extra_trees,0.7706114,0.753864252420453
6704,"BRD-K51608872; N2,N2-dimethyl-6-[[[1-(1-naphthalenyl)-5-tetrazolyl]thio]methyl]-1,3,5-triazine-2,4-diamine",13,0.14002615,0.0009340641,0.632895872474085,0.6481125857696394,5,extra_trees,0.6481126,0.6546485478195053
1076,Barasertib; barasertib,20,0.2541688,0.0064339815,0.2061010198335013,0.7801288721473464,5,extra_trees,0.7801289,0.7220572245291745
8382,BRD-K43796186; N-Benzylquinazolin-4-amine,7,0.12140507,0.00083663425,0.7025226166806415,0.7351486966374008,5,extra_trees,0.73514867,0.6736352580096577
20107,nifenazone,5,0.15113322,0.00026300692,0.5913650309882893,0.5620044394461075,5,extra_trees,0.56200445,0.682463106129008
2140,ASC-J9; Dimethoxycurcumin,10,0.12062623,0.00014538021,0.70543480509602,0.7387890409146384,5,extra_trees,0.738789,0.7403286743474499
5380,(-)-Hydrastine; hydrastine,5,0.11319263,0.0005073522,0.7332300439185727,0.7612876517560049,5,extra_trees,0.7612876,0.7223559132749213
3211,"3,5-diamino-N-(N'-benzylcarbamimidoyl)-6-chloropyrazine-2-carboxamide; Benzamil",14,0.1380663,0.0012498865,0.6402240174921623,0.6705841868632364,5,extra_trees,0.6705842,0.7044016410000623
5215,ERK5-IN-2; Erk5-IN-2,143,0.04967182,9.692788e-05,0.9707429695739744,0.7239833782258824,5,extra_trees,0.7239834,0.6697719582850113
2757,SB-743921; Sb-743921,119,0.09246724,0.00046925925,0.8107250886802689,0.8704059873065493,5,extra_trees,0.870406,0.690721183968087
3080,"8-[3-chloro-5-[4-(1-methylpyrazol-4-yl)phenyl]pyridin-4-yl]-2,8-diazaspiro[4.5]decan-1-one; Cct251545",8,0.0996103,0.0008818541,0.7840162183316057,0.8339801946475105,5,extra_trees,0.8339802,0.7211960312662029
24205,Ascorbic acid,5,0.071457736,8.901177e-05,0.8892824742301204,0.9519911288410526,5,extra_trees,0.95199114,0.8274959547333414
7456,"(10R,11S)-10-[[1,3-benzodioxol-5-ylmethyl(methyl)amino]methyl]-13-[(2R)-1-hydroxypropan-2-yl]-11-methyl-9-oxa-13-azatricyclo[13.4.0.02,7]nonadeca-1(19),2,4,6,15,17-hexaen-14-one; BRD-K39597586",7,0.16672732,0.0007197016,0.5330565756338488,0.5233095951807771,5,extra_trees,0.5233096,0.7392792061012063
1780,Fenbendazole; fenbendazole,34,0.10484469,0.0005886775,0.7644441240380762,0.8119951739467335,5,extra_trees,0.81199515,0.7402140316193304
2956,SB-2343; Vs-5584,57,0.09706927,0.00060003035,0.7935174742110277,0.8488958336708055,5,extra_trees,0.84889585,0.7438277870177599
2149,Trimetazidine; trimetazidine,5,0.114133015,0.0002688205,0.7297138168334261,0.7572363683479691,5,extra_trees,0.75723636,0.7153872281846904
944,Losartan; [2-butyl-5-chloro-3-[[4-[2-(2H-tetrazol-5-yl)phenyl]phenyl]methyl]imidazol-4-yl]methanol,11,0.20726281,0.003405157,0.3814888795862815,0.3995112779550636,5,extra_trees,0.39951128,0.6700537000869715
7340,"BRD-K02562327; N-(2-aminophenyl)-4-[[[(2R,3R)-9-(dimethylamino)-5-[(2R)-1-hydroxypropan-2-yl]-3-methyl-6-oxo-2,3,4,7-tetrahydro-1,5-benzoxazonin-2-yl]methyl-methylamino]methyl]benzamide",14,0.090532236,0.00043068547,0.8179603311338035,0.8794503602780781,5,extra_trees,0.8794504,0.8836535042879115
2526,"[(13S,17S)-17-hydroxy-13-methyl-6,7,8,9,11,12,14,15,16,17-decahydrocyclopenta[a]phenanthren-3-yl] N,N-bis(2-chloroethyl)carbamate; estramustine",9,0.15855843,0.0008384163,0.563601163513902,0.5614915170488546,5,extra_trees,0.5614915,0.7621233116816732
1469,"N,N-dimethyl-2-[5-(1,2,4-triazol-1-ylmethyl)-1H-indol-3-yl]ethanamine; Rizatriptan; rizatriptan",11,0.116588235,0.0014369925,0.7205334161847622,0.7553707882649706,5,extra_trees,0.7553708,0.6668185514056434
8083,BRD-K20032655; N'-benzoyl-2-phenyl-4-thiazolecarbohydrazide,10,0.13590042,0.0010656216,0.6483225366297256,0.6673964872178149,5,extra_trees,0.6673965,0.634516986475016
2781,Linifanib; linifanib,113,0.119901545,0.009461561,0.7081445006198741,0.8590664753704016,5,extra_trees,0.8590665,0.7272914552347115
1324,Vindesine; vindesine,9,0.10051459,0.00027348948,0.7806349553480114,0.8327921858178498,5,extra_trees,0.83279216,0.8228776140401501
610,Bethanechol; bethanechol,5,0.13665219,0.00045307507,0.6455115666165919,0.645290680052889,5,extra_trees,0.6452907,0.7196693229082349
7353,"BRD-K61105081; N-(2-aminophenyl)-4-[[[(2R,3R)-8-(dimethylamino)-5-[(2R)-1-hydroxypropan-2-yl]-3-methyl-6-oxo-3,4-dihydro-2H-1,5-benzoxazocin-2-yl]methyl-methylamino]methyl]benzamide",7,0.08827768,0.00018406019,0.826390421864919,0.8899882955492529,5,extra_trees,0.8899883,0.8410869862353875
7968,BG-1005; Crebinostat,42,0.09476846,0.00024774333,0.8021205149228385,0.8596499765553547,5,extra_trees,0.85964996,0.660872827736661
1366,TAK-715; Tak-715,35,0.10215591,0.0004963722,0.7744978372108731,0.8251205355222073,5,extra_trees,0.8251205,0.6732383516083162
7988,2-(1-naphthalenylamino)-N-[(5-nitro-2-furanyl)methylideneamino]acetamide; BRD-K23673040,7,0.11597001,0.00070180633,0.7228450433265337,0.7605525754803297,5,extra_trees,0.7605526,0.7883768573043245
2274,OSI-027,52,0.10366892,0.00044834972,0.7688404875699305,0.8182810995020533,5,extra_trees,0.8182811,0.722150414922585
698,"4-(4-(trifluoromethyl)phenyl)-N-(6-fluoro-1H-indazol-5-yl)-2-methyl-6-oxo-1,4,5,6-tetrahydro-3-pyridinecarboxamide; GSK-429286A",29,0.15171157,0.0007626624,0.5892025018808551,0.5950633892389681,5,extra_trees,0.5950634,0.7112853010414782
1937,"KPT-185; propan-2-yl (Z)-3-[3-[3-methoxy-5-(trifluoromethyl)phenyl]-1,2,4-triazol-1-yl]prop-2-enoate",6,0.107859395,0.00018622131,0.753171733076154,0.7984621076218212,5,extra_trees,0.7984621,0.6577468907016641
8220,"7-chloro-4-[(2-fluorophenyl)-oxomethyl]-5-phenyl-3,5-dihydro-1H-1,4-benzodiazepin-2-one; EMF-sumo1-1",7,0.20054124,0.0005298967,0.4066217416467241,0.3652611720612454,5,extra_trees,0.36526117,0.6850390914507831
7106,3-(1H-benzimidazol-2-yl)-6-methoxy-1-benzopyran-2-imine; BRD-K67808578,9,0.12973686,0.00029938205,0.6713689236020046,0.6962053869905636,5,extra_trees,0.6962054,0.6855110845795526
5186,Bosentan (hydrate); Bosentan Monohydrate,147,0.041843224,0.00027633677,1.0,0.8941879523946934,5,extra_trees,0.8941879,0.7055229811926068
3589,"(Z)-3-[3-[3,5-bis(trifluoromethyl)phenyl]-1,2,4-triazol-1-yl]-N'-pyrazin-2-ylprop-2-enehydrazide; Selinexor",162,0.06870101,0.010407496,0.8995902467142923,0.8488970666541983,5,extra_trees,0.84889704,0.6923980326149615
1438,Pheniramine; pheniramine,7,0.0958816,0.00020097372,0.7979583334572047,0.8481683476917965,5,extra_trees,0.8481684,0.7175391769387447
6368,2-(4-Isobutylpiperazin-1-yl)-2-oxoethyl 4-(methylsulfonyl)-3-nitrobenzoate; BRD-K95352812,6,0.15684813,0.0004294964,0.569996207228685,0.5694855750980553,5,extra_trees,0.5694856,0.7125444532912225
1329,"2-((2,6-Dimethylphenyl)amino)-N,N,N-triethyl-2-oxoethanaminium; QX-314; [2-(2,6-dimethylanilino)-2-oxoethyl]-triethylazanium",6,0.117311575,0.00054421613,0.7178287497983673,0.8035785788926546,5,extra_trees,0.80357856,0.6972201168189446
6472,rhodomyrtoxin B; rhodomyrtoxin-b,14,0.12625806,0.00040713127,0.6843766287268291,0.7124654977087006,5,extra_trees,0.7124655,0.7200468570956339
6526,"BRD-K09517037; N-[(3R,9R,10S)-12-[(2R)-1-hydroxypropan-2-yl]-3,10-dimethyl-9-[[methyl(propyl)amino]methyl]-13-oxo-2,8-dioxa-12-azabicyclo[12.4.0]octadeca-1(14),15,17-trien-16-yl]benzamide",5,0.13151273,0.0023762353,0.6647287047621684,0.6879048458449428,5,extra_trees,0.68790483,0.755092306789366
3610,Scriptaid; scriptaid,48,0.08565002,0.00048070168,0.836215599066338,0.902416829714766,5,extra_trees,0.9024168,0.7178110755039375
6606,"I-070759; diethyl (1S,4R,6E,9R,12R,13S,15R,16R)-16-[(4-bromophenyl)carbamoyloxy]-15-(hydroxymethyl)-13-methoxy-3,10-dioxo-2,11,14-trioxabicyclo[10.4.0]hexadec-6-ene-4,9-dicarboxylate",13,0.12837431,0.00039584446,0.6764636828919408,0.702574041237674,5,extra_trees,0.702574,0.7621392477080223
6372,MLN-9708; Mln9708,86,0.07868237,0.00040813442,0.8622685876293437,0.934837399200004,5,extra_trees,0.9348374,0.7265377724530796
3315,Capivasertib,141,0.04508607,0.00018107855,0.9878897109147138,0.8009638356480819,5,extra_trees,0.8009638,0.8583576239366526
4450,atorvastatin,64,0.098664194,0.00074697396,0.7875538370118481,0.8492079351803854,5,extra_trees,0.84920794,0.684451438288515
1153,"SR8278; ethyl 2-(5-methylsulfanylthiophene-2-carbonyl)-3,4-dihydro-1H-isoquinoline-3-carboxylate",5,0.09193116,0.0006619662,0.8127295645234667,0.8855918876355734,5,extra_trees,0.88559186,0.6890433612245446
3734,Asciminib,140,0.050452165,0.00010038438,0.9678251537594316,0.7108837812059695,5,extra_trees,0.7108838,0.7008280447541422
1917,Nicergoline; nicergoline,14,0.15200217,0.0006782587,0.5881159090588263,0.5839196173030968,5,extra_trees,0.58391964,0.7410271141789849
6709,"BRD-K69894866; N-[[(2S,3R,4R)-3-[4-(1-cyclopentenyl)phenyl]-4-(hydroxymethyl)-2-azetidinyl]methyl]-N-methyl-2-pyridinecarboxamide",13,0.12083133,0.0008158506,0.7046679083726954,0.7378304062803794,5,extra_trees,0.7378304,0.7233446233406038
8339,5-(2-Phenylethyl)-8-quinolinol; BRD-K95138506,11,0.10951746,0.0008681327,0.7469720031124332,0.7907121736584569,5,extra_trees,0.7907122,0.7213840002249927
1914,"(1R,9S,12S,15R,16Z,18R,19R,21R,23S,24E,26E,28E,30S,32S,35R)-12-[(2R)-1-[(1S,3R,4R)-4-dimethylphosphoryloxy-3-methoxycyclohexyl]propan-2-yl]-1,18-dihydroxy-19,30-dimethoxy-15,17,21,23,29,35-hexamethyl-11,36-dioxa-4-azatricyclo[30.3.1.04,9]hexatriaconta-16,24,26,28-tetraene-2,3,10,14,20-pentone; deforolimus",68,0.08570031,0.00041653527,0.8360275579341293,0.9020350770563356,5,extra_trees,0.90203506,0.8436596957359699
3077,PF-477736,47,0.11200621,0.00072203454,0.737666229245178,0.7790796423570328,5,extra_trees,0.7790796,0.762482111621027
7411,"BRD-K33045404; N-(2-aminophenyl)-4-[[[(2S,3S)-10-[[anilino(oxo)methyl]amino]-5-[(2R)-1-hydroxypropan-2-yl]-3-methyl-6-oxo-3,4-dihydro-2H-1,5-benzoxazocin-2-yl]methyl-methylamino]methyl]benzamide",6,0.094195865,0.0013690607,0.8042615253045647,0.8623263090550003,5,extra_trees,0.8623263,0.8926434902797143
1755,(+)-Niguldipine; dexniguldipine,40,0.105214536,0.00054867385,0.7630612196717441,0.8108243439445684,5,extra_trees,0.81082433,0.8067214240105821
6235,"10,11-dihydroxy-N-allylnoraporphine; BRD-K07079548",5,0.15796207,0.0001977957,0.5658310344545252,0.5642789381184081,5,extra_trees,0.56427896,0.7791827215633049
5537,Fumaric Acid; Fumaric acid,139,0.05039673,0.00014145015,0.9680324327445972,0.7118143433384649,5,extra_trees,0.71181434,0.7740085757278528
7072,2-chloro-N-[3-cyano-4-[(4-methoxyphenyl)thio]phenyl]benzamide; BRD-K40087974,7,0.13002704,0.00015384157,0.6702839012169517,0.6948490376645696,5,extra_trees,0.694849,0.659313578964211
1358,N-[(2R)-1-[[[[2-(2-ethylanilino)-2-oxoethyl]thio]-oxomethyl]hydrazo]-3-(1H-indol-3-yl)-1-oxopropan-2-yl]carbamic acid tert-butyl ester; SID-26681509,9,0.12877338,0.0005445144,0.674971506025158,0.7007088041847229,5,extra_trees,0.7007088,0.7103348951140153
4121,Brexpiprazole; brexpiprazole,5,0.16512516,0.0005258069,0.5390472692186451,0.5307982200534476,5,extra_trees,0.5307982,0.7029052278085922
6418,BRD-A47144777; Dihydro-7-desacetyldeoxygedunin,5,0.1743958,0.0001813055,0.5043830886280956,0.4874666114938533,5,extra_trees,0.4874666,0.8001468787604412
5167,Lumateperone (tosylate); Lumateperone Tosylate,138,0.048498116,0.00014121247,0.9751316080515604,0.7436861852649672,5,extra_trees,0.7436862,0.7273311492794502
6688,"2-(dimethylamino)-1-[(8S,9R,10R)-10-(hydroxymethyl)-9-[4-[(E)-2-phenylethenyl]phenyl]-1,6-diazabicyclo[6.2.0]decan-6-yl]ethanone; BRD-K84447616",5,0.11684127,0.00040457078,0.7195872839937021,0.7564802271675207,5,extra_trees,0.7564802,0.8687779167791212
7354,"BRD-K07005393; N'-(2-aminophenyl)-N-[(2S,3R)-2-[[(3,4-dichlorophenyl)methyl-methylamino]methyl]-5-[(2R)-1-hydroxypropan-2-yl]-3-methyl-6-oxo-3,4-dihydro-2H-1,5-benzoxazocin-8-yl]heptanediamide",10,0.087490216,0.00026363722,0.8293348565862064,0.8936689469572896,5,extra_trees,0.89366895,0.818786729442222
6506,2-chloro-N-heptyl-N-(3-methylphenyl)acetamide; BRD-K19499941,18,0.096517116,0.0005310593,0.7955820529207818,0.8514766296195326,5,extra_trees,0.8514766,0.6870052147765339
6445,"(9E,11E)-16-chloro-17,19-dihydroxy-4-methyl-3,7-dioxatricyclo[13.4.0.06,8]nonadeca-1(15),9,11,16,18-pentaene-2,13-dione; radicicol",188,0.08299365,0.00069752795,0.8461481268524799,0.9146248941653802,5,extra_trees,0.91462487,0.7302391985837994
2890,2-methyl-2H-pyrazole-3-carboxylic acid (2-methyl-4-o-tolylazophenyl)amide; CH-223191,7,0.14733855,0.0007203701,0.6055538168932043,0.6187269706865361,5,extra_trees,0.61872697,0.6623218570193273
6551,"1-[(4S,7S,8R)-8-methoxy-4,7,10-trimethyl-11-oxo-5-[[4-(2-pyridinyl)phenyl]methyl]-2-oxa-5,10-diazabicyclo[10.4.0]hexadeca-1(12),13,15-trien-14-yl]-3-propylurea; BRD-K83694683",7,0.11324104,0.00014563857,0.7330490323613998,0.7733079311147668,5,extra_trees,0.7733079,0.7460322478661936
1048,"10-DEBC; 4-(2-Chloro-10h-Phenoxazin-10-Yl)-N,N-Diethylbutan-1-Amine",17,0.16305421,0.00044830167,0.5467908322082551,0.5404779732433884,5,extra_trees,0.540478,0.7420458141430503
3235,DU-728; Fibronectin tetrapeptide,5,0.14440736,0.00016215027,0.616513933940702,0.6276344642063685,5,extra_trees,0.62763447,0.7366584189164764
923,BMS-265246; Sdccgsbi-0654469.P001,46,0.14613108,0.0073403935,0.6100687110253971,0.8345965470041933,5,extra_trees,0.8345966,0.6885984682450073
9707,eucatropine,6,0.11061569,0.00020089306,0.7428655721594505,0.7699015135686776,5,extra_trees,0.7699015,0.7193141558642187
4050,Hydroxyfasudil; hydroxyfasudil,145,0.04122825,0.00015414086,1.0,0.8838425948123959,5,extra_trees,0.8838426,0.6884777559032664
5245,Bisacodyl; bisacodyl,15,0.12894122,0.00048034452,0.6743439294964266,0.6949180629339361,5,extra_trees,0.69491804,0.6894247506242241
112,4-(4-((4-((3-acrylamidophenyl)amino)-5-fluoropyrimidin-2-yl)amino)phenoxy)-N-methylpicolinamide; CNX-774,28,0.11534036,0.0010172736,0.7251993900931906,0.7634955609227702,5,extra_trees,0.76349556,0.7042945581159246
7659,"2-(2,4-dichlorophenoxy)-N-(4-methyl-2-nitrophenyl)acetamide; BRD-K31841256",5,0.1731706,0.0013329001,0.5089642776354931,0.4931933223045001,5,extra_trees,0.49319333,0.7117007205026843
578,2-phenyl-N-(5-propan-2-yl-2-thiazolyl)acetamide; BML-259,16,0.13100639,0.0005953703,0.6666219787109161,0.6902715152705073,5,extra_trees,0.6902715,0.6874398380120599
70,thiostrepton,40,0.0853458,0.000424798,0.8373531189160202,0.9049245942228104,5,extra_trees,0.9049246,0.7193988367452602
2664,Dapivirine; dapivirine,6,0.16257693,0.00022683751,0.5485754468748,0.542708832197293,5,extra_trees,0.5427088,0.6996369301717109
593,Fenretinide; fenretinide,47,0.11455106,0.0009118863,0.7281506898675449,0.774925006251693,5,extra_trees,0.774925,0.72856777331233
4069,Trifluridine,201,0.053690843,0.0005659569,0.9557152973669236,0.866279060850349,5,extra_trees,0.86627907,0.7252430212777111
1923,"(6-Chloro-9-(4-methoxy-3,5-dimethylpyridin-2-ylmethyl)-9H-purin-2-yl)amine; BIIB-021",113,0.09209053,0.00053963304,0.8121336584737531,0.8721667939096492,5,extra_trees,0.8721668,0.7301891839268307
2045,"Ivabradine, (-)-; ivabradine",6,0.07090253,0.0011633516,0.8913584647819007,0.9485564629453286,5,extra_trees,0.9485565,0.7280800302326678
1671,AZD-2014; Vistusertib,50,0.07438242,0.00061210286,0.8783466839992096,0.9549356631645508,5,extra_trees,0.95493567,0.7849831023992351
3185,4-(3-(4-(Diphenylmethyl)-1-piperazinyl)-2-hydroxypropoxy)-1H-indole-2-carbonitrile; DPI-201106,7,0.12626457,0.0001637992,0.6843522869536998,0.7124350932516912,5,extra_trees,0.71243507,0.6584080459193014
6845,"3-[(3S,5S,8R,10R,13R,14S,17R)-5,14-dihydroxy-3-[(2R,4R,5S,6R)-5-hydroxy-4-methoxy-6-methyl-tetrahydropyran-2-yl]oxy-10,13-dimethyl-2,3,4,6,7,8,9,11,12,15,16,17-dodecahydro-1H-cyclopenta[a]phenanthren-17-yl]-2H-furan-5-one; periplocymarin",14,0.08172714,0.000100715006,0.8508837795538831,0.9206059339787076,5,extra_trees,0.92060596,0.8993024009696187
1209,"1-[4-amino-2-(ethoxymethyl)imidazo[4,5-c]quinolin-1-yl]-2-methylpropan-2-ol; Resiquimod; resiquimod",5,0.105910435,0.001593908,0.7604591589069227,0.828233153549922,5,extra_trees,0.8282332,0.7364572699144492
1136,Clofibrate; clofibrate; ethyl 2-(4-chlorophenoxy)-2-methylpropanoate,11,0.2352676,0.0031857297,0.2767751707203976,0.2671660546722739,5,extra_trees,0.26716605,0.7008535107815022
294,"(6S,8S,10R,11S,13S,14S,17S)-17-acetyl-11-hydroxy-6,10,13-trimethyl-1,2,6,7,8,9,11,12,14,15,16,17-dodecahydrocyclopenta[a]phenanthren-3-one; medrysone",37,0.10719998,0.00094428647,0.7556373752156522,0.8020064633030591,5,extra_trees,0.8020065,0.821588557459414
6239,"BRD-K94991378; dimethyl 2-[3-[(3R,4S,6R,7R,8S,8aS)-6-[2-(2-hydroxyethoxy)phenyl]-1'-(2-methoxyethoxycarbonyl)-1,2'-dioxo-3,4-diphenyl-8-(prop-2-enylcarbamoyl)spiro[4,6,8,8a-tetrahydro-3H-pyrrolo[2,1-c][1,4]oxazine-7,3'-indole]-5'-yl]prop-2-ynyl]propanedioate",12,0.12668996,0.00046768284,0.6827616960364153,0.7104468721056365,5,extra_trees,0.7104469,0.7384693799437959
3102,"MGCD-265; N-(3-fluoro-4-(2-(1-methyl-1H-imidazol-4-yl)thieno[3,2-b]pyridin-7-yloxy)phenylcarbamothioyl)-2-phenylacetamide",15,0.19582401,0.0007509253,0.4242601045436933,0.387309712351547,5,extra_trees,0.3873097,0.7062743628714233
7414,"BRD-K71303366; N-(2-aminophenyl)-4-[[[(2S,3S)-9-(dimethylamino)-5-[(2R)-1-hydroxypropan-2-yl]-3-methyl-6-oxo-2,3,4,7-tetrahydro-1,5-benzoxazonin-2-yl]methyl-methylamino]methyl]benzamide",8,0.082334414,0.0005113669,0.8486130996866954,0.9177675011871552,5,extra_trees,0.9177675,0.8836535042879115
895,Carboprostacyclin; carbacyclin,7,0.15254842,0.0015952676,0.5860734062059934,0.5895827445683942,5,extra_trees,0.58958274,0.677191511258483
1978,(-)-Arctigenin; arctigenin,11,0.12043671,0.00024980577,0.7061434460858029,0.7396749105333347,5,extra_trees,0.7396749,0.6816203866172583
4280,selegiline,14,0.12292147,0.002559666,0.6968525913698207,0.7331896766062698,5,extra_trees,0.7331897,0.717916572793387
3974,"9-Hydroxy-4-phenylpyrrolo[3,4-C]carbazole-1,3(2H,6H)-dione; PD-407824",26,0.10603286,0.0006063251,0.7600013952240704,0.8069994076622341,5,extra_trees,0.8069994,0.7386971995560456
2561,"[(1R,2S,4S,5S)-9-methyl-9-oxido-3-oxa-9-azoniatricyclo[3.3.1.02,4]nonan-7-yl] (2S)-3-hydroxy-2-phenylpropanoate; scopolamine",8,0.14825062,0.0015607765,0.6021434634341958,0.5998806763939968,5,extra_trees,0.5998807,0.7105464697889985
5365,Primaquine; primaquine,16,0.14428711,0.0011587199,0.6169635650034995,0.624456509417513,5,extra_trees,0.6244565,0.7114635993996639
1774,Encorafenib; methyl N-[(2S)-1-[[4-[3-[5-chloro-2-fluoro-3-(methanesulfonamido)phenyl]-1-propan-2-ylpyrazol-4-yl]pyrimidin-2-yl]amino]propan-2-yl]carbamate,136,0.052365914,0.00012836205,0.960669386634294,0.6825441204884208,5,extra_trees,0.6825441,0.7421428418225113
6354,"1,1,1-trifluoro-N-[4-[2-[4-[2-[3-(trifluoromethylsulfonylamino)phenyl]propan-2-yl]phenyl]propan-2-yl]phenyl]methanesulfonamide; BRD-K02581333",6,0.16496749,0.0005099895,0.539636818737741,0.5315351299779497,5,extra_trees,0.53153515,0.7032317165300431
2073,KIN001-055; Whi-P97,36,0.104194775,0.0005089931,0.7668742443888293,0.815590768214608,5,extra_trees,0.81559074,0.7380077631615306
8022,"2-[(3R,6aS,8S,10aS)-1-(1,3-benzodioxol-5-ylmethyl)-3-hydroxy-3,4,6,6a,8,9,10,10a-octahydro-2H-pyrano[2,3-c][1,5]oxazocin-8-yl]-N-(4-phenylphenyl)acetamide; BRD-K43570134",5,0.1402702,0.0012208688,0.6319833364169062,0.6469718560464643,5,extra_trees,0.6469719,0.7667706098680697
5508,Thiabendazole; tiabendazole,8,0.12501189,0.0011353007,0.6890362274089619,0.7128241518593793,5,extra_trees,0.71282417,0.7083291685407361
5339,Bisbenzimidazole; pibenzimol,13,0.15582803,0.0015777964,0.5738104995127582,0.5742535636896615,5,extra_trees,0.57425356,0.7239741687271745
396,2-[1-[[(1R)-1-[3-[(E)-2-(7-chloroquinolin-2-yl)ethenyl]phenyl]-3-[2-(2-hydroxypropan-2-yl)phenyl]propyl]sulfanylmethyl]cyclopropyl]acetic acid; Montelukast,5,0.125897,0.00055822614,0.6857266810472756,0.7670690162099143,5,extra_trees,0.76706904,0.7095014690058749
5227,entecavir,6,0.12660688,0.0016556333,0.6830723434268289,0.7108351412071601,5,extra_trees,0.71083516,0.7984679829366509
730,"2-(2,6-dimethyl-4-morpholinyl)-N-[5-[6-(4-morpholinyl)-4-oxo-2-pyranyl]-9H-thioxanthen-2-yl]acetamide; KU-60019",13,0.16720544,0.0006209331,0.5312688200933517,0.5257313191842563,5,extra_trees,0.5257313,0.7375594901804418
3531,"6-(trifluoromethoxy)-1,3-benzothiazol-2-amine; Riluzole; riluzole",15,0.07759947,0.00079596735,0.8663176976326991,0.927633729245165,5,extra_trees,0.9276337,0.6960191143242018
1461,SB-590885,51,0.101605855,0.00058737653,0.7765545674748824,0.8276915467275712,5,extra_trees,0.82769156,0.7346815866089116
5179,BI-3406,143,0.05756689,0.0001478486,0.9412222318196196,0.5914496745210536,5,extra_trees,0.5914497,0.7185447210359068
6317,"1-[3-[4-[(1-Methyl-5-tetrazolyl)thio]-5-thieno[2,3-d]pyrimidinyl]phenyl]ethanone; BRD-K05331696",11,0.08495536,0.00016710417,0.8388130270420798,0.9055170381885042,5,extra_trees,0.90551704,0.8276564173952101
7856,2-(4-morpholinyl)-9-(3-thiophenyl)-N-[[6-(trifluoromethyl)-1H-benzimidazol-2-yl]methyl]-6-purinamine; BRD-K79222491,10,0.10220101,0.00088280934,0.7743292021927262,0.8249097543011464,5,extra_trees,0.82490975,0.7733232577114052
5630,"(2R,4aS,6aR,6aS,14aS,14bR)-10-hydroxy-2,4a,6a,6a,9,14a-hexamethyl-11-oxo-1,3,4,5,6,13,14,14b-octahydropicene-2-carboxylic acid; Celastrol",75,0.10714157,0.008917632,0.7558557781293986,0.8199461770105484,5,extra_trees,0.81994617,0.823466250742475
364,"6-tert-Butyl-2,3-naphthalenedicarbonitrile; BRD-K89329876",9,0.12472872,0.000345488,0.6900950384530564,0.7196137547787193,5,extra_trees,0.71961373,0.6696182561535389
8277,"1-Naphthalenesulfonic acid, 3-hydroxy-4-[2-(1-hydroxy-2-naphthalenyl)diazenyl]-7-nitro-; BRD-K16233984",6,0.17135894,0.0006452366,0.5157383201405064,0.5016610635732157,5,extra_trees,0.50166106,0.7397029701433191
980,Proparacaine; proxymetacaine,6,0.13629879,0.00067540206,0.6468329771579031,0.6503426469570444,5,extra_trees,0.65034264,0.6713818412876381
373,CGP-13501; Cgp13501,6,0.16129093,0.00027594581,0.5533839753301653,0.5487196638208154,5,extra_trees,0.54871964,0.6929999295882877
4124,Trazodone; trazodone,8,0.15717381,0.000475751,0.568778445527796,0.556550028734785,5,extra_trees,0.55655,0.6713435461545985
3383,Benzthiazide; benzthiazide,10,0.16179971,0.0008606891,0.5514815778904134,0.5364904190377776,5,extra_trees,0.53649044,0.7032294747621445
674,"(1S,2S,4R,8S,9S,11S,13R,19S)-19-fluoro-11-hydroxy-8-(2-hydroxyacetyl)-6,6,9,13-tetramethyl-5,7-dioxapentacyclo[10.8.0.02,9.04,8.013,18]icos-17-en-16-one; BRD-K00824317",7,0.10483857,0.00038692929,0.7644670075482991,0.8125815854776565,5,extra_trees,0.8125816,0.8430727980271694
1786,"K252a; methyl (15S,16R,18R)-16-hydroxy-15-methyl-3-oxo-28-oxa-4,14,19-triazaoctacyclo[12.11.2.115,18.02,6.07,27.08,13.019,26.020,25]octacosa-1,6,8,10,12,20,22,24,26-nonaene-16-carboxylate",8,0.097334445,0.0031145732,0.7925259489130871,0.8668977644079732,5,extra_trees,0.86689776,0.8547957549673459
3605,Adipiodon; adipiodone,7,0.13609862,0.00097150303,0.6475814399424369,0.6561556204283732,5,extra_trees,0.65615565,0.7188220019819037
5714,Thiram; thiram,10,0.13109672,0.0012276636,0.6662842225869867,0.6898493245339314,5,extra_trees,0.6898493,0.7215370697816833
260,"4,15-Diacetoxyscirpen-3-ol; anguidine",58,0.08292768,0.00026010672,0.8463947976317959,0.9149945606879136,5,extra_trees,0.91499454,0.8151485525208213
23746,mefloquine,22,0.10126608,0.00087575126,0.7778250322928619,0.8299632717327355,5,extra_trees,0.82996327,0.6966840706507986
6687,"2-(dimethylamino)-1-[(8R,9R,10R)-10-(hydroxymethyl)-9-[4-[(E)-2-phenylethenyl]phenyl]-1,6-diazabicyclo[6.2.0]decan-6-yl]ethanone; BRD-K55767450",7,0.11451132,0.0013465066,0.7282992831185684,0.7673705415118486,5,extra_trees,0.7673705,0.8687779167791212
3659,Indoramin; N-[1-[2-(1H-indol-3-yl)ethyl]piperidin-4-yl]benzamide; indoramin,6,0.1103639,0.0015206173,0.7438070491266172,0.7833106476520008,5,extra_trees,0.78331065,0.6981832888023928
4206,Nalbuphine; nalbuphine,7,0.09058702,0.00035616502,0.8177554863259507,0.8774720733165132,5,extra_trees,0.8774721,0.7768271975889804
916,Tolbutamide; tolbutamide,10,0.15664469,0.002336079,0.5707568969868184,0.5534117146406053,5,extra_trees,0.5534117,0.7008194998915613
1759,"Arecoline; methyl 1-methyl-3,6-dihydro-2H-pyridine-5-carboxylate",7,0.13563967,0.00050692,0.6492975162523824,0.6831108804388906,5,extra_trees,0.6831109,0.7058749427279188
4091,inosine,9,0.5099747,0.100490324,0.0,0.7095719614570788,5,extra_trees,0.70957196,0.7452704803583523
5166,Loperamide (hydrochloride); Loperamide Hydrochloride,176,0.05544645,0.00075451104,0.9491508446329124,0.8073831887953028,5,extra_trees,0.8073832,0.6928763521304353
5359,Cefoxitin; cefoxitin,5,0.18186656,0.00030171088,0.4764489035245153,0.4127316543043346,5,extra_trees,0.41273165,0.7039472649538268
8048,"(6S,7S,8R)-8-(hydroxymethyl)-7-[4-[(E)-2-phenylethenyl]phenyl]-4-(2-pyridin-3-ylacetyl)-1,4-diazabicyclo[4.2.0]octan-2-one; BRD-K45627302",7,0.09454007,0.00036482853,0.802974496115623,0.8607174948725115,5,extra_trees,0.8607175,0.7337139241111779
6610,6-(4-chlorophenyl)-3-cyano-2-oxo-1H-pyridine-4-carboxylic acid ethyl ester; BRD-K33926001,5,0.19547471,0.0007058552,0.4255661846288092,0.3889424410522099,5,extra_trees,0.38894245,0.6445067649185657
4527,topotecan,151,0.067821175,0.000684778,0.902880069135386,0.9881312346751584,5,extra_trees,0.9881312,0.8911769797591761
1308,AVN-944; Avn 944,28,0.13281249,0.0010098385,0.6598687258001579,0.6818297390989216,5,extra_trees,0.68182975,0.6772468273000173
7751,A-443654,174,0.09268635,0.0005136562,0.8099058066663848,0.8693819102114989,5,extra_trees,0.8693819,0.7144564767219127
4225,mercaptopurine,35,0.15820019,0.009902146,0.5649406714717946,0.834263067212399,5,extra_trees,0.8342631,0.7529518162980676
6972,"3-(2-fluorophenyl)-6-[4-methoxy-3-(3-oxolanyloxy)phenyl]-7H-[1,2,4]triazolo[3,4-b][1,3,4]thiadiazine; BRD-A43640821",5,0.13035984,0.00030076414,0.6690395168701824,0.6932935479275832,5,extra_trees,0.6932936,0.7350079128565262
7047,"1-[(2R,3S)-5-[(2R)-1-hydroxypropan-2-yl]-2-[[(4-methoxyphenyl)sulfonyl-methylamino]methyl]-3-methyl-6-oxo-3,4-dihydro-2H-1,5-benzoxazocin-10-yl]-3-(1-naphthalenyl)urea; BRD-K04695623",7,0.09497265,0.00060066045,0.8013570208129621,0.8586955839583997,5,extra_trees,0.85869557,0.7593715550535848
4233,5-Nitroso-8-quinolinol; NSC-3852,19,0.09900917,0.00059866026,0.7862639249493146,0.8398286335182211,5,extra_trees,0.8398286,0.747707739084959
2445,Paricalcitol; paricalcitol,25,0.10602961,0.0009325835,0.7600135474149569,0.807039233958991,5,extra_trees,0.80703926,0.8163062869111696
711,O-2050,5,0.1375934,0.0005354219,0.641992254744528,0.6594834288921672,5,extra_trees,0.65948343,0.7132405684498981
3289,"4-(4-(2,3-dihydrobenzo(1,4)dioxin-6-yl)-5-pyridin-2-yl-1H-imidazol-2-yl)benzamide; D-4476",41,0.12568258,0.000693798,0.686528426514927,0.715155381888075,5,extra_trees,0.71515536,0.7410385454185309
1559,Diphenylpyraline; diphenylpyraline,8,0.14715144,0.0003008216,0.606253446566053,0.5932762795049498,5,extra_trees,0.59327626,0.6847295134781546
24034,Morphine,15,0.13432388,0.0014458329,0.6542174335589802,0.8790258578126042,5,extra_trees,0.8790259,0.7684935982559647
2601,Apitolisib; GDC-0980,60,0.10234877,0.0006495187,0.7737767075079945,0.8242191208111149,5,extra_trees,0.8242191,0.7566811321116985
8420,lynestrenol,5,0.081809685,2.7733766e-05,0.8505751326010463,0.91770629065143,5,extra_trees,0.9177063,0.7632191540071119
6813,"4,8-Dihydroxy-6-(hydroxymethyl)-9-oxo-1-xanthenecarboxylic acid methyl ester; BRD-K94493764",12,0.11190546,0.00055847724,0.7380429471626571,0.7795505092094708,5,extra_trees,0.7795505,0.7114630644582215
7280,"BRD-K59488055; N-[(2R,3R)-5-[(2S)-1-hydroxypropan-2-yl]-3-methyl-2-[[methyl-[(4-phenylphenyl)methyl]amino]methyl]-6-oxo-2,3,4,7-tetrahydro-1,5-benzoxazonin-9-yl]-3-(4-morpholinyl)propanamide",5,0.105375215,0.00032910853,0.7624604190934552,0.8100732736294542,5,extra_trees,0.81007326,0.7371929460290286
6963,2-(4-chloro-N-(2-chloro-1-oxoethyl)anilino)-N-cyclohexyl-2-(4-methoxyphenyl)acetamide; BRD-A18725729,10,0.10024451,0.00069034274,0.7816448211063514,0.8340545413201087,5,extra_trees,0.8340545,0.7646070774119978
6807,BRD-K59460069; Sydowinin B,10,0.116900526,0.00070486084,0.7193657177711895,0.756203274811873,5,extra_trees,0.7562033,0.7111400665920232
5526,2-chloro-10-(4-methoxybenzoyl)-10H-phenothiazine; Tubulin inhibitor 6,138,0.043915603,0.00014643632,0.9922662458101772,0.8206123267716365,5,extra_trees,0.8206123,0.7144740695208308
4251,(+-)-Tetramisole; tetramisole,5,0.10910698,9.494662e-05,0.7485068435170663,0.7821786475553469,5,extra_trees,0.78217864,0.7021228496239833
7868,"1H-Benzimidazole-2-acetonitrile, alpha-((5-nitro-2-furanyl)methylene)-; BRD-K06765193",22,0.091466665,0.00040459048,0.8144663743406322,0.8750827873249124,5,extra_trees,0.8750828,0.7610613777143889
4928,dactinomycin,30,0.10519371,0.0006464961,0.7631390909109443,0.8382640262588806,5,extra_trees,0.83826405,0.7534267617783819
7847,"5-(4-Dibenzothiophenyl)-4-[(1-methyl-5-tetrazolyl)thio]thieno[2,3-d]pyrimidine; BRD-K42499654",8,0.09147602,0.0004468558,0.8144313947265576,0.8750390514641454,5,extra_trees,0.87503904,0.7546876393208906
5391,PYM-50028; Sarsasapogenin,7,0.11848781,0.00080581516,0.7134306475684322,0.748784203360551,5,extra_trees,0.7487842,0.7849659928565934
4178,Vilanterol,144,0.045363158,0.00012962324,0.9868536412936872,0.7963123822110122,5,extra_trees,0.7963124,0.727827079021993
6234,"(R)-3-Allyl-6-bromo-7,8-dihydroxy-1-phenyl-2,3,4,5-tetrahydro-1H-benzo[d]azepinium; BRD-K60932973",8,0.12948997,0.0013084831,0.6722920788044502,0.6973593592938203,5,extra_trees,0.6973594,0.6947890192838385
402,GW-7647,10,0.17500322,0.0011327508,0.5021118628471017,0.4901394365004811,5,extra_trees,0.49013942,0.6795256770346312
443,1-[(4-fluorophenyl)methyl]-1-(1-methylpiperidin-4-yl)-3-[[4-(2-methylpropoxy)phenyl]methyl]urea; Pimavanserin; pimavanserin,14,0.13523255,0.0007863085,0.6508197931612067,0.682814245276732,5,extra_trees,0.68281424,0.6933146891876438
3498,Flucytosine; flucytosine,6,0.1580803,0.0014024933,0.5653889564457555,0.5455578995724768,5,extra_trees,0.5455579,0.7735320848755327
1096,Remoxipride; remoxipride,5,0.16723534,0.00032292388,0.5311570199371968,0.4890603768036539,5,extra_trees,0.48906037,0.7096003857692702
1562,Setiptiline; setiptiline,5,0.14896616,0.00045179235,0.5994679623059285,0.6063264221868113,5,extra_trees,0.6063264,0.7135713640060274
8069,2-(3-chloro-N-(2-chloro-1-oxoethyl)anilino)-N-cyclohexyl-2-(3-pyridinyl)acetamide; BRD-A68065211,9,0.098260134,0.00038609075,0.7890646721655611,0.8433296725271964,5,extra_trees,0.84332967,0.8146509733507412
2800,Pazopanib; pazopanib,63,0.12998492,0.01591014,0.6704413936108398,0.8043621895361183,5,extra_trees,0.8043622,0.7435610627088072
4070,2'-Deoxy-alpha-D-ribofuranosyl-5-fluorouracil; floxuridine,197,0.07471475,0.00046083308,0.8771040570461991,0.9533737808115224,5,extra_trees,0.9533738,0.7816967596467586
24039,Methamphetamine,5,0.15712854,0.00150701,0.5689477161990046,0.8288962301250077,5,extra_trees,0.8288962,0.7517583993393923
3258,Iodophenpropit; iodophenpropit,6,0.13986304,0.00058853807,0.633505762891157,0.6488749457367355,5,extra_trees,0.64887494,0.6549127098716173
3158,Incb 18424; S-ruxolitinib,13,0.28297383,0.009611201,0.0983951050491713,0.7992808024413072,5,extra_trees,0.7992808,0.8481729175175222
3793,5-[(3R)-dithiolan-3-yl]pentanoic acid; Lipoic acid,139,0.048723977,0.00015791156,0.9742870831328536,0.7405730077155315,5,extra_trees,0.740573,0.7145300641953948
251,Dexamethasone Acetate; dexamethasone,334,0.13025668,0.04027573,0.6694252461045955,0.8323171617930059,5,extra_trees,0.8323172,0.914252302174767
629,Aprepitant,147,0.056478098,0.0002754698,0.9452933728102682,0.6543448425379295,5,extra_trees,0.65434486,0.7204959975220261
23163,BMS-509744,13,0.11708507,0.00056908303,0.7186756827204377,0.7577309725136012,5,extra_trees,0.75773096,0.6762405568969746
3063,Theofibrate; etofylline-clofibrate,5,0.20996523,0.00067882234,0.3713841646031183,0.3212128317370319,5,extra_trees,0.32121283,0.6941500299219042
4957,etofylline,5,0.11122668,0.00016128378,0.74058099766416,0.7667665051610576,5,extra_trees,0.7667665,0.7250400193929676
1014,Gsk 343; N-[(6-methyl-2-oxo-4-propyl-1H-pyridin-3-yl)methyl]-6-[2-(4-methylpiperazin-1-yl)pyridin-4-yl]-1-propan-2-ylindazole-4-carboxamide,7,0.13688348,0.0019172096,0.6446467419304012,0.7558567835453373,5,extra_trees,0.7558568,0.779992366793255
7644,"5-chloro-2-[(4-methylphenyl)methylsulfonyl]-N-(5-propan-2-yl-1,3,4-thiadiazol-2-yl)-4-pyrimidinecarboxamide; BRD-K30381304",10,0.12401434,0.00027293703,0.6927662021839613,0.7229528399687535,5,extra_trees,0.72295284,0.7204524896529815
7950,"BRD-K69569876; N2-phenyl-6-[[(1-phenyl-5-tetrazolyl)thio]methyl]-1,3,5-triazine-2,4-diamine",5,0.14587799,0.0001478626,0.6110150488689183,0.6207607566146888,5,extra_trees,0.62076074,0.6348319033943115
282,"S-[(7R,8R,9R,10R,13S,14R,17R)-10,13-dimethyl-3,5'-dioxospiro[2,6,7,8,9,11,12,14,15,16-decahydro-1H-cyclopenta[a]phenanthrene-17,2'-oxolane]-7-yl] ethanethioate; spironolactone",20,0.10470681,0.0006866556,0.7649596760625129,0.8124340264681751,5,extra_trees,0.812434,0.796221708626797
8754,betaescin,6,0.13153243,0.00014145719,0.6646550437897183,0.6625769418170718,5,extra_trees,0.6625769,0.7781357842823495
1633,"(2S)-3-hydroxy-2-phenylpropanoic acid [(1R,5R)-8-methyl-8-azabicyclo[3.2.1]octan-3-yl] ester; hyoscyamine",8,0.084424675,0.00033346337,0.840797330248406,0.9031216951449472,5,extra_trees,0.9031217,0.7270705469691507
23317,ITSA-1,16,0.30197725,0.0077348077,0.0273387397153797,0.7884747653342992,5,extra_trees,0.78847474,0.6741876393044365
6740,"(4bS,5R,10bS,11R)-5,6,11,12-Tetrahydro-13,18-dimethyl-5,10b:11,4b-Bis(iminoethano)dibenzo(c,h)(2,6)naphthyridine; calycanthine",5,0.28329378,0.00066412415,0.0971987685955989,0.0,5,extra_trees,0.0,0.7334747885639914
1417,Ribociclib,140,0.051811844,0.00042802375,0.9627411295279676,0.739993145368812,5,extra_trees,0.73999316,0.7364148149083679
1703,Genz-644282; genz-644282,78,0.08188948,0.00040141644,0.8502767682712673,0.91984713438195,5,extra_trees,0.91984713,0.7802715536742691
488,Propranolol; propranolol,7,0.151563,0.002384728,0.589758025265469,0.680748363677081,5,extra_trees,0.68074834,0.7016981790661813
7978,Endecaphyllin X; endecaphyllin-x,5,0.1916805,0.0013620686,0.4397532505313217,0.4066767773355864,5,extra_trees,0.40667677,0.7037019912647523
6676,"1-ethyl-6-methyl-3-[(E)-2-phenylethenyl]pyrimido[5,4-e][1,2,4]triazine-5,7-dione; BRD-K98824517",10,0.136696,0.00048727042,0.645347755083443,0.6636779719461422,5,extra_trees,0.663678,0.7066021059279645
7079,"(3S,3'S,4'R,5'S)-7-bromo-5'-[2-[4-(2-hydroxyethyl)-1-triazolyl]ethyl]-4'-[(4-methoxyphenyl)-dimethylsilyl]-1,3',5-trimethyl-2-spiro[indole-3,2'-oxolane]one; BRD-K73155123",6,0.14808872,0.00023109761,0.6027488294971224,0.6104276319588424,5,extra_trees,0.6104276,0.731737232876942
1471,Abexinostat; PCI-24781,117,0.08138782,0.0017491485,0.8521525430651385,0.9791201853585024,5,extra_trees,0.9791202,0.7226110304566096
2851,Tocainide; tocainide,5,0.12644204,0.0004536293,0.683688702548588,0.6930086312704036,5,extra_trees,0.6930086,0.7253575329951322
2715,4-(2-((5-Methyl-1-(2-naphthalenyl)-1H-pyrazol-3-yl)oxy)ethyl)morpholine; API-001,5,0.16815624,8.0717145e-05,0.5277136499103338,0.5166307840680489,5,extra_trees,0.51663077,0.668058584624901
2838,SB-525334,45,0.10450626,0.0008790874,0.7657095597185966,0.8142625028132116,5,extra_trees,0.8142625,0.7289663529697179
2629,"BRD-K37940862; [1-[(E)-cinnamyl]-2-methyl-imidazo[1,2-a]pyridin-4-ium-3-yl]-diphenyl-thioxo-phosphorane;bromide",8,0.11326218,0.00054066716,0.7329699870336033,0.7732091318201966,5,extra_trees,0.77320915,0.684317800066124
5877,"(1R,2S,4S,5'S,6S,7S,8R,9S,12S,13S,16S,18S)-5',7,9,13-tetramethylspiro[5-oxapentacyclo[10.8.0.02,9.04,8.013,18]icosane-6,2'-piperidine]-16-ol; Tomatidine",5,0.12347998,4.8382684e-05,0.6947642467138284,0.7218740685156891,5,extra_trees,0.72187406,0.762647867089448
5507,Fomocaine; fomocaine,5,0.14749248,0.0008353266,0.6049782517414668,0.6132144978533778,5,extra_trees,0.6132145,0.7043995643456775
3059,Theophylline; theophylline,6,0.15484849,0.0017911395,0.5774731324545688,0.5627163072125991,5,extra_trees,0.5627163,0.7298994260793552
6802,"(3S)-2-(2-chloro-1-oxoethyl)-1,1-dimethyl-4,9-dihydro-3H-pyrido[3,4-b]indole-3-carboxylic acid methyl ester; BRD-K78062244",24,0.09769062,0.0003507019,0.7911941622703269,0.8459915717839936,5,extra_trees,0.84599155,0.7105807478697972
6294,"BRD-K84762162; N-[3-(1,3-benzoxazol-2-yl)-6-propan-2-yl-5,7-dihydro-4H-thieno[2,3-c]pyridin-2-yl]acetamide",5,0.14691873,0.00018573014,0.6071235808248774,0.6158962798673141,5,extra_trees,0.6158963,0.704383631026993
330,Nadolol; nadolol,7,0.11052134,0.00082207914,0.7432183596087224,0.7818319280573579,5,extra_trees,0.7818319,0.6832243894465886
2444,Dexketoprofen; dexketoprofen,10,0.13663732,0.00095175183,0.6455671675638168,0.663952232040523,5,extra_trees,0.66395223,0.7487481313354029
4158,Pharmakon1600-01504273; miglitol,7,0.14539246,0.0021617964,0.6128305114046364,0.6629314124702342,5,extra_trees,0.66293144,0.7483672335563846
7268,"1-[(3R,9S,10R)-9-[[(4-fluorophenyl)sulfonyl-methylamino]methyl]-12-[(2S)-1-hydroxypropan-2-yl]-3,10-dimethyl-13-oxo-2,8-dioxa-12-azabicyclo[12.4.0]octadeca-1(14),15,17-trien-16-yl]-3-phenylurea; BRD-K51189903",6,0.10110477,0.0006091726,0.7784281922657507,0.8300336431973727,5,extra_trees,0.83003366,0.873004814406768
1565,Azelastine; azelastine,7,0.20918088,0.0011947334,0.3743169556559687,0.3248789090107008,5,extra_trees,0.3248789,0.6626293021840979
3200,Perampanel; perampanel,10,0.14128754,0.0009802026,0.6281793641472475,0.6422168468291682,5,extra_trees,0.64221686,0.7052998481191076
6272,1-[4-[4-(2-Furanylmethylamino)phenyl]-1-piperazinyl]ethanone; BRD-K44417704,5,0.2009931,0.00018394846,0.4049321758085892,0.3631490543693247,5,extra_trees,0.36314905,0.6918075390749917
1890,"2,2,2-trichloro-1-dimethoxyphosphorylethanol; Trichlorfon; metrifonate",7,0.07470601,0.00027925565,0.8771367370918445,0.940012198611994,5,extra_trees,0.9400122,0.7303119378524524
5248,Piperacetazine; piperacetazine,5,0.10382023,0.00021428574,0.7682747189536153,0.8092995378856396,5,extra_trees,0.8092995,0.7340185284893965
3779,Baicalin,145,0.04806055,0.00019611316,0.976767726684609,0.775203317944656,5,extra_trees,0.77520335,0.750353736326896
2584,Flavoxate; flavoxate,5,0.14965263,0.00047544498,0.5969011578512202,0.5787190364392536,5,extra_trees,0.578719,0.6736068057886638
2684,PF-543; [(2R)-1-[[4-[[3-(benzenesulfonylmethyl)-5-methylphenoxy]methyl]phenyl]methyl]pyrrolidin-2-yl]methanol,11,0.16856508,0.0014049688,0.5261849416881785,0.5601863770920816,5,extra_trees,0.5601864,0.6716889444002885
1566,Mesoridazine; mesoridazine,8,0.1560112,0.001225337,0.5731256020343996,0.5606192736922546,5,extra_trees,0.5606193,0.7024879347803075
5460,Etanidazole; etanidazole,5,0.1764574,0.0010487105,0.4966744865568817,0.4450887398451297,5,extra_trees,0.44508874,0.758338633650914
3789,Azelaic Acid; azelaic-acid,6,0.15125686,0.00074885343,0.5909027242556134,0.595619532831215,5,extra_trees,0.59561956,0.7295579756746684
5237,Metrizamide; metrizamide,6,0.13574052,0.0007001923,0.6489204244213376,0.653644790505364,5,extra_trees,0.6536448,0.7386427432717756
7160,"(3S,4S)-N-[3-(dimethylamino)propyl]-3-[4-(hydroxymethyl)phenyl]-4-[(2-iodophenyl)methyl]-2-[(2-methoxyphenyl)methyl]-1-oxo-3H-isoquinoline-4-carboxamide; BRD-K93215584",8,0.1412502,0.00028449047,0.6283189834726932,0.6423913383114256,5,extra_trees,0.6423913,0.7454966012031612
6690,"2-(dimethylamino)-1-[(8R,9S,10S)-10-(hydroxymethyl)-9-[4-[(E)-2-phenylethenyl]phenyl]-1,6-diazabicyclo[6.2.0]decan-6-yl]ethanone; BRD-K74461819",13,0.09545415,0.00050829485,0.7995566269939433,0.8564449954047617,5,extra_trees,0.856445,0.8687779167791212
3768,(E)-3-[4-(imidazol-1-ylmethyl)phenyl]prop-2-enoic acid; Ozagrel,16,0.09496773,0.0009862414,0.8013754173603964,0.8527334929764773,5,extra_trees,0.8527335,0.7030918500035385
3473,"CAY-10470; N4-[2-(4-phenoxyphenyl)ethyl]-1,2-dihydroquinazoline-4,6-diamine",11,0.11958651,0.00045220758,0.7093224592216906,0.7436488122385884,5,extra_trees,0.7436488,0.6783438606318088
7828,6-(1-methyl-5-indolyl)-N-(thiophen-2-ylmethyl)-4-quinazolinamine; BRD-K49630153,10,0.099921845,0.00028949048,0.7828513093132334,0.8355626984064183,5,extra_trees,0.8355627,0.6733111212110771
3520,6-[(4-bromothiophen-2-yl)methoxy]-7H-purin-2-amine; Lomeguatrib; lomeguatrib,6,0.1078819,0.0013585602,0.7530875838281852,0.8085458349171742,5,extra_trees,0.8085458,0.6874019433073697
924,Oxybuprocaine; oxybuprocaine,7,0.14103721,0.0012274318,0.6291153819763544,0.6331469134411245,5,extra_trees,0.63314694,0.6723376332776002
7595,AT-CSC-07; AT-Csc-07,7,0.13043465,0.0011914403,0.6687597921316552,0.6929438795448666,5,extra_trees,0.6929439,0.646906068819575
6408,"(3S,10S,13S)-17-[(5R)-5-hydroxy-6-methylheptan-2-yl]-10,13-dimethyl-2,3,4,7,8,9,11,12,14,15,16,17-dodecahydro-1H-cyclopenta[a]phenanthren-3-ol; BRD-A36707673",5,0.18019244,0.00089384016,0.482708665311215,0.4603727878339754,5,extra_trees,0.46037278,0.7906266392373612
5141,Imiquimod (hydrochloride); Imiquimod hydrochloride,153,0.053881925,0.00051551196,0.9550008158472438,0.7396658697613996,5,extra_trees,0.73966587,0.7424929987993093
7643,6-(2-methyl-3-furanyl)-N-[(5-methyl-2-furanyl)methyl]-4-quinazolinamine; BRD-K74980345,5,0.16683428,0.001061122,0.5326566376839377,0.5228096638977389,5,extra_trees,0.5228097,0.6751509189158671
8374,"4-phenyl-N-[6-phenyl-3-(2-pyridinyl)-1,2,4-triazin-5-yl]-2-thiazolamine; BRD-K81795824",17,0.12285952,0.00047041572,0.6970842308237941,0.7283505133686949,5,extra_trees,0.7283505,0.688012910038233
5896,4-tert-butyl-N-[2-methyl-3-[4-methyl-6-[4-(morpholine-4-carbonyl)anilino]-5-oxopyrazin-2-yl]phenyl]benzamide; Cgi1746,20,0.17843935,0.00059138204,0.4892637066407767,0.4685668182109125,5,extra_trees,0.4685668,0.705860706686944
732,Elimusertib; Elimusertib hydrochloride,144,0.04468228,0.00018099185,0.9893995365017992,0.8077422719169107,5,extra_trees,0.8077423,0.7444424083220459
5206,"CP21R7; Iron oxide, spent",139,0.041618034,8.584858e-05,1.0,0.8591813924695583,5,extra_trees,0.8591814,0.707280967792806
1695,Bifemelane; bifemelane,8,0.13664648,0.000631279,0.6455329170811955,0.6639093930690346,5,extra_trees,0.6639094,0.7046930378482983
743,"(3S,6S,9S,12R)-3-[(2S)-butan-2-yl]-6-[(1-methoxyindol-3-yl)methyl]-9-(6-oxooctyl)-1,4,7,10-tetrazabicyclo[10.4.0]hexadecane-2,5,8,11-tetrone; Apicidin",92,0.080516346,0.0019695887,0.8554111025730009,0.9352989936573622,5,extra_trees,0.935299,0.7394529087071169
702,"7-phenyl-7-(2,4,5-trimethyl-3,6-dioxocyclohexa-1,4-dien-1-yl)heptanoic acid; Seratrodast",5,0.07863033,0.0007100775,0.8624631722489527,0.9358632535002638,5,extra_trees,0.93586326,0.6877160856702054
102,AV-412; AV-412 free base,10,0.12757058,0.00042928272,0.6794689383938308,0.7063307212183865,5,extra_trees,0.7063307,0.7013109652500394
6628,5-Chloro-4-(4-ethoxyphenoxy)-2-(4-methylphenyl)-3-pyridazinone; BRD-K58618158,6,0.14285457,0.00032545542,0.6223200263980944,0.6348924032866822,5,extra_trees,0.6348924,0.6833810183918101
2216,D-64131,27,0.118097454,0.0006357552,0.7148902416070967,0.7506087276815597,5,extra_trees,0.75060874,0.6895861261188982
7187,"2,4-difluoro-N-[2-methoxy-4-[4-(4-pyridazinyl)-6-quinolinyl]-3-pyridinyl]benzenesulfonamide; GSK-2126458",109,0.08777377,0.00041947464,0.8282746097140192,0.8923436044538158,5,extra_trees,0.8923436,0.707451234595643
6773,"BRD-K48716658; N4-(3-chlorophenyl)-N2-methyl-5-nitropyrimidine-2,4,6-triamine",6,0.16522543,0.0001249623,0.5386723460862816,0.5303295562600792,5,extra_trees,0.5303296,0.7115303461756558
13458,cefotaxime,6,0.10815907,0.00044652136,0.7520512075980347,0.7870529125572612,5,extra_trees,0.7870529,0.6933776337367793
207,Linezolid; linezolid,8,0.17357865,0.003462284,0.5074385233305074,0.4912860187890999,5,extra_trees,0.491286,0.697167752824413
2266,GSK-256066; Gsk-256066,7,0.17617917,0.0004920435,0.4977148262708291,0.4791310233950081,5,extra_trees,0.479131,0.7364747969089085
3139,"(E)-N-benzyl-2-cyano-3-(3,4-dihydroxyphenyl)prop-2-enamide; AG-490",20,0.191017,0.007752529,0.4422341670399803,0.8593802001195812,5,extra_trees,0.8593802,0.7066224146643652
5396,Digoxigenin; digoxigenin,12,0.08871441,0.00032288325,0.8247574291492801,0.8875629067863536,5,extra_trees,0.88756293,0.8772371169101034
5485,Idoxuridine,146,0.05240569,9.183148e-05,0.960520658774387,0.6950365571413286,5,extra_trees,0.69503653,0.7804080985958383
86,25-Hydroxyvitamin D3; calcifediol,7,0.1347107,0.00039918534,0.6527710611040003,0.6729573218156447,5,extra_trees,0.6729573,0.7934438654276594
4116,NU-7441,35,0.09260416,0.0005549763,0.8102131262260632,0.8701349910545765,5,extra_trees,0.870135,0.7450750420968976
5428,Luliconazole; luliconazole,7,0.14494021,0.00042481974,0.6145215355056775,0.625143983647906,5,extra_trees,0.625144,0.7044825377867867
816,"16,16-Dimethyl-pge2; BRD-K92301463",14,0.13767575,0.0001504568,0.6416843369231443,0.6590985046403723,5,extra_trees,0.6590985,0.7435771330017603
2677,Rilpivirine; rilpivirine,9,0.13727558,0.00026759953,0.6431806268391502,0.6609689712954383,5,extra_trees,0.66096896,0.7048616811561706
1218,SANT-2; Sant-2,36,0.12802131,0.00061530276,0.6777835977789888,0.7042239545366977,5,extra_trees,0.70422393,0.678355328481334
19,"(8R,9R,13S,14S,17S)-17-ethynyl-3-methoxy-13-methyl-7,8,9,11,12,14,15,16-octahydro-6H-cyclopenta[a]phenanthren-17-ol; mestranol",10,0.09897669,0.0011726614,0.7863853720754657,0.8413739853995716,5,extra_trees,0.841374,0.8221322970924284
3522,Pemetrexed,155,0.052911334,0.0013342486,0.9586299872640568,0.7876497686809392,5,extra_trees,0.78764975,0.7418077914084172
6441,"(4Z)-4-{[3-(4-fluorophenyl)-1-phenyl-1H-pyrazol-4-yl]methylidene}-5-methyl-2,4-dihydro-3H-pyrazol-3-one; SA-25547",15,0.13032219,0.0006927061,0.669180295327682,0.6934695270867333,5,extra_trees,0.6934695,0.6770103892960273
567,SCH-79797; Sch-79797,10,0.1151994,0.00012363418,0.725726458655452,0.764154454809211,5,extra_trees,0.76415443,0.7183996823473519
3877,Flufenamic Acid; flufenamic-acid,12,0.12249211,0.00031959795,0.6984580266556648,0.7201738593889282,5,extra_trees,0.72017384,0.6105292782771087
582,Rosuvastatin; rosuvastatin,14,0.14354594,0.00063649355,0.6197349001786652,0.6316608878303328,5,extra_trees,0.6316609,0.7407960798510658
333,4-[2-(tert-butylamino)-1-hydroxyethyl]-2-(hydroxymethyl)phenol; Salbutamol; salbutamol,11,0.092463516,0.0005601939,0.810739013221457,0.8698477809326398,5,extra_trees,0.8698478,0.7497945059323685
3670,"CAY-10594; N-(2-(4-Oxo-1-phenyl-1,3,8-triazaspiro(4.5)decan-8-yl)ethyl)naphthalene-2-carboxamide",25,0.115770996,0.0003728408,0.7235891836702475,0.7614827355891663,5,extra_trees,0.7614827,0.6818432661648839
8187,1-(3-Fluorophenyl)-3-(4-morpholinyl)-2-phenyl-1-propanone; EMF-sumo1-39,11,0.10499191,0.00054962613,0.7638936484865996,0.8118649041565146,5,extra_trees,0.8118649,0.7166238435556497
3341,Lisinopril; lisinopril,6,0.17339957,0.0021477684,0.5081081277440274,0.477661465393711,5,extra_trees,0.47766146,0.700702140841944
23988,Apratoxin a,6,0.13040026,0.002335309,0.668888381006912,0.834805984013497,5,extra_trees,0.83480597,0.7673058888072236
7763,"6-(3,5-dimethyl-4-isoxazolyl)-N-[1-(2-furanyl)ethyl]-4-quinazolinamine; BRD-A11087911",14,0.11068494,0.00049369363,0.7426066370151783,0.7852553052226242,5,extra_trees,0.7852553,0.6999692073961097
4592,bromopride,6,0.11227354,0.00023705632,0.7366666461098959,0.7613950974737121,5,extra_trees,0.7613951,0.7295527523153774
2001,Flavokawain B; flavokavain-b,15,0.11072615,0.00029936456,0.7424525472347385,0.7850626843454579,5,extra_trees,0.7850627,0.7226329967944571
103,Canertinib; canertinib,114,0.088439286,0.00062268914,0.8257861551078756,0.889232933553618,5,extra_trees,0.88923293,0.7081122459311571
5263,Clofazimine; clofazimine,21,0.18286009,0.02265255,0.4727339600748581,0.7040950848329988,5,extra_trees,0.70409507,0.7131076836694209
176,Acenocoumarol; acenocoumarol,7,0.15791897,0.001466348,0.5659921912013575,0.544226253541715,5,extra_trees,0.5442262,0.6424414079232759
4246,"N-([1,1'-Biphenyl]-4-ylmethyl)-6-phenyl-3-(pyridin-2-yl)-1,2,4-triazin-5-amine; VU-0418946-1",55,0.08204832,0.0006981831,0.8496828439634522,0.9191047138964168,5,extra_trees,0.9191047,0.7894357993081215
5442,"(2R)-4-amino-N-[(1R,2S,3S,4R,5S)-5-amino-2-[(2S,4S,5S,6R)-4-amino-3,5-dihydroxy-6-(hydroxymethyl)oxan-2-yl]oxy-4-[(2R,3R,4S,5S,6R)-6-(aminomethyl)-3,4,5-trihydroxyoxan-2-yl]oxy-3-hydroxycyclohexyl]-2-hydroxybutanamide; amikacin",21,0.14082746,0.00096668844,0.6298996656804857,0.6416419214631539,5,extra_trees,0.6416419,0.7817276553482205
1542,3-(2'-Aminobenzhydryloxy)tropane; zonisamide,6,0.1518252,0.0005121712,0.5887776238961093,0.5999604299815928,5,extra_trees,0.59996045,0.7088199354419487
7342,"BRD-K84450674; N'-(2-aminophenyl)-N-[(2S,3R)-5-[(2R)-1-hydroxypropan-2-yl]-3-methyl-2-[[methyl-[(4-phenylphenyl)methyl]amino]methyl]-6-oxo-2,3,4,7-tetrahydro-1,5-benzoxazonin-9-yl]heptanediamide",6,0.07999896,0.0005328851,0.8573456790142199,0.9286835638966844,5,extra_trees,0.9286836,0.9110066515306642
2869,Pirinixic Acid; pirinixic-acid,6,0.2168238,0.00052633305,0.3457390409576174,0.2386515560148139,5,extra_trees,0.23865156,0.6545019451334096
1036,"3-[(6aR,9S,10aR)-7-methyl-6,6a,8,9,10,10a-hexahydro-4H-indolo[4,3-fg]quinolin-9-yl]-1,1-diethylurea; Terguride",9,0.11102473,0.0040490185,0.7413361161101639,0.8206666872057342,5,extra_trees,0.8206667,0.7685506434142593
6349,"1-Tert-butyl-5-[[3-[(1-tert-butyl-4-oxo-5-pyrazolo[3,4-d]pyrimidinyl)methyl]-2-fluorophenyl]methyl]-4-pyrazolo[3,4-d]pyrimidinone; BRD-K80822897",6,0.22635089,0.0018205394,0.3101159590277377,0.2446251858445671,5,extra_trees,0.24462518,0.7301925340403497
2386,LY-2874455; Ly-2874455,48,0.10747429,0.00041251545,0.7546116929134817,0.8002620884770077,5,extra_trees,0.8002621,0.7039315160717814
7540,"(5S,8R,9S,10S,13R,14S,17R)-3-[(2R,4S,5S,6R)-4,5-dihydroxy-6-methyloxan-2-yl]oxy-5,14-dihydroxy-13-methyl-17-(5-oxo-2H-furan-3-yl)-2,3,4,6,7,8,9,11,12,15,16,17-dodecahydro-1H-cyclopenta[a]phenanthrene-10-carbaldehyde; helveticoside",17,0.06246935,0.00025260917,0.9228912688248376,1.0,5,extra_trees,1.0,0.8984233980359185
5533,L-Thyroxine (sodium salt pentahydrate); Levothyroxine sodium pentahydrate,142,0.04407226,0.00011848072,0.991680484035502,0.8179826096760778,5,extra_trees,0.8179826,0.7200711297485981
1229,Dapagliflozin,144,0.059427872,0.0020210769,0.934263767665714,0.666366220549563,5,extra_trees,0.6663662,0.7182118326316893
8072,1-[4-(4-bromophenyl)-2-thiazolyl]-N-(3-phenylpropyl)-4-piperidinecarboxamide; BRD-K53461563,9,0.15498333,0.0007086568,0.5769689474025304,0.5782018073037817,5,extra_trees,0.57820183,0.6588807499380779
5607,"(3S,6S,9R,12R,15S,18S,21R,24R,27S,30S,33R,36R)-6,18,30-trimethyl-3,9,12,15,21,24,27,33,36-nona(propan-2-yl)-1,7,13,19,25,31-hexaoxa-4,10,16,22,28,34-hexazacyclohexatriacontane-2,5,8,11,14,17,20,23,26,29,32,35-dodecone; Valinomycin",8,0.100313894,7.8796045e-05,0.781385384917901,0.8601628399481218,5,extra_trees,0.86016285,0.7961173894037564
11862,meclofenoxate,6,0.08303311,5.9726164e-05,0.8460005805594404,0.9114288389606312,5,extra_trees,0.9114288,0.7012553841959062
7690,1-Methyl-4-[(4-methylphenyl)thio]-3-nitro-2-quinolinone; BRD-K03857568,5,0.13265018,0.00047567554,0.660475624908704,0.6825883627359766,5,extra_trees,0.68258834,0.7071113158116741
24002,Palmitic acid,57,0.4054891,0.08535277,0.0,0.7826446792434119,5,extra_trees,0.7826447,0.6855067875438061
2276,Pirarubicin; pirarubicin,28,0.18261659,0.016480753,0.4736444396074253,0.8053676021645269,5,extra_trees,0.8053676,0.8755600067911047
2992,Alprazolam; alprazolam,7,0.14953987,0.0013388501,0.5973227827879443,0.6036447950847335,5,extra_trees,0.6036448,0.7184814558395495
5326,Diloxanide furoate; diloxanide,5,0.14079805,0.0003710905,0.6300096336601686,0.6239246656354351,5,extra_trees,0.6239247,0.7058412871391826
531,(2R)-2-[[6-(3-chloroanilino)-9-propan-2-ylpurin-2-yl]amino]-3-methylbutan-1-ol; Purvalanol A; purvalanol-a,17,0.10150043,0.00068804796,0.7769487658515595,0.8274620756173208,5,extra_trees,0.8274621,0.7564134579884509
5291,Tetradecylthioacetic acid; tetradecylthioacetic-acid,5,0.20017383,2.445813e-05,0.4079955374785948,0.3669784314445757,5,extra_trees,0.36697844,0.7039086463103694
8060,"BRD-K72615639; N'-[(E)-(3,5-dibromo-2-hydroxyphenyl)methylidene]-2-hydroxybenzohydrazide",14,0.09967716,0.00026158607,0.7837662197215546,0.8367063661182551,5,extra_trees,0.83670634,0.6729244732074439
30,Cinnarizine; cinnarizine,6,0.17696042,0.00057561405,0.4947936265385163,0.4493728986711252,5,extra_trees,0.4493729,0.7241930951255686
2532,Estriol; estriol,14,0.11034792,0.0005781959,0.7438668005144218,0.7851181495566381,5,extra_trees,0.78511816,0.8031900222313899
6862,"I-606061; N-(4-phenoxyphenyl)carbamic acid [(2R,3R,4S,5R,6S)-2-(hydroxymethyl)-6-methoxy-4,5-bis[oxo-(2-phenylanilino)methoxy]-3-oxanyl] ester",8,0.14852834,0.0004198777,0.6011050306794337,0.6083728001603168,5,extra_trees,0.6083728,0.700218558170611
2027,"(5R,5aR,8aR)-5-(3,4,5-trimethoxyphenyl)-5a,8,8a,9-tetrahydro-5H-[2]benzofuro[5,6-f][1,3]benzodioxol-6-one; Deoxypodophyllotoxin",8,0.2814769,0.018149296,0.1039923293887435,0.380602220556174,5,extra_trees,0.3806022,0.7585990217986206
6838,"BRD-K58347372; dimethyl 2-[3-[(3S,4R,6S,7S,8R,8aR)-6-[2-(2-hydroxyethoxy)phenyl]-1'-(2-methoxyethoxycarbonyl)-1,2'-dioxo-3,4-diphenyl-8-(4-pyrimidin-2-ylpiperazine-1-carbonyl)spiro[4,6,8,8a-tetrahydro-3H-pyrrolo[2,1-c][1,4]oxazine-7,3'-indole]-5'-yl]prop-2-ynyl]propanedioate",9,0.13539726,0.00062561146,0.6502039201270831,0.6697483480378947,5,extra_trees,0.66974837,0.73828973373926
2957,NU-1025,6,0.15655608,0.0020267693,0.5710882217974171,0.56473577126022,5,extra_trees,0.5647358,0.7208261253386733
3514,CGP-71683; Cgp-71683a free base,18,0.15972713,0.0008057206,0.5592312356711451,0.5786026606460877,5,extra_trees,0.5786027,0.7071083626653997
301,N-(3-((2-hydroxynaphthalen-1-ylmethylene)amino)phenyl)-2-phenylpropionamide; salermide,14,0.15099199,0.00063184253,0.5918931091171784,0.5968575406630472,5,extra_trees,0.59685755,0.6800162673949576
7357,"N-[(2R,3R)-2-[[1,3-benzodioxol-5-ylmethyl(methyl)amino]methyl]-5-[(2R)-1-hydroxypropan-2-yl]-3-methyl-6-oxo-3,4-dihydro-2H-1,5-benzoxazocin-8-yl]-2-(1-methyl-3-indolyl)acetamide; SA-85901",6,0.13810843,0.00034448778,0.6400664877069178,0.6570761328857386,5,extra_trees,0.6570761,0.776704982079846
7894,2-[(E)-3-oxo-3-phenylprop-1-enyl]sulfanyl-6-thiophen-2-yl-4-(trifluoromethyl)pyridine-3-carbonitrile; BRD-K85266146,8,0.19402996,0.0008898913,0.4309683008697803,0.3956952784992732,5,extra_trees,0.39569527,0.6838675433654957
1195,Etazolate; etazolate,5,0.11372807,0.001024698,0.7312279611221958,0.771031557174082,5,extra_trees,0.77103156,0.6965357900491606
7764,"6-(3,5-dimethyl-4-isoxazolyl)-N-[(1-methyl-2-piperidinyl)methyl]-4-quinazolinamine; BRD-A98444709",9,0.110434145,0.0003433917,0.743544393542366,0.7864275153924771,5,extra_trees,0.7864275,0.699785182027146
23954,Epz004777,5,0.20025194,0.00064576376,0.4077034735923983,0.6856392126240902,5,extra_trees,0.6856392,0.7305544393727971
5279,Homosalate; homosalate,9,0.14326343,0.0009627947,0.620791243393226,0.6229611466119349,5,extra_trees,0.62296116,0.6923760334535816
483,Ipatasertib,149,0.04054196,0.00010342978,1.0,0.8772243219716018,5,extra_trees,0.8772243,0.8726595500744885
1074,DY-131; N-[[4-(diethylamino)phenyl]methylideneamino]-4-hydroxybenzamide,8,0.12529124,0.00055398425,0.6879916998630782,0.7226877295089044,5,extra_trees,0.7226877,0.6984600057518108
5342,Ioxaglic Acid; ioxaglic-acid,5,0.17393488,0.0005324478,0.5061065310352859,0.4667065733680715,5,extra_trees,0.46670657,0.7476355641257639
7337,"1-[[(4R,5R)-8-(2-cyclopentylethynyl)-2-[(2S)-1-hydroxypropan-2-yl]-4-methyl-1,1-dioxo-4,5-dihydro-3H-6,1$l^{6},2-benzoxathiazocin-5-yl]methyl]-3-(2,5-difluorophenyl)-1-methylurea; BRD-K99259037",6,0.12340493,0.00037600292,0.6950448688449133,0.7258012400808618,5,extra_trees,0.7258012,0.7370317236155808
5233,Epothilone A; epothilone-a,14,0.12017207,0.0012036508,0.7071329709461667,0.9097222296245878,5,extra_trees,0.9097222,0.8074748230675856
888,Tegaserod; tegaserod,10,0.12281807,0.00023542347,0.6972392179967917,0.7285443202721038,5,extra_trees,0.7285443,0.6747022996312007
1708,1-[3-[2-(dimethylamino)ethyl]-1H-indol-5-yl]-N-methylmethanesulfonamide; Sumatriptan; sumatriptan,14,0.1294207,0.0010806536,0.6725510887314357,0.703285341771802,5,extra_trees,0.70328534,0.6965471841872977
4181,Zosuquidar; zosuquidar,15,0.14665815,0.00044482556,0.6080979247944722,0.6190722120089677,5,extra_trees,0.6190722,0.7651443819850678
3553,5-iodotubercidin; 7-Iodo-7-deaza-D-guanosine,51,0.10984394,0.0010250623,0.7457512501030181,0.7948833617876453,5,extra_trees,0.7948834,0.7493228174267956
4039,EI-247; [(S)-hydroxy(naphthalen-2-yl)methyl]phosphonic acid,8,0.10823241,0.0005118529,0.7517769793889238,0.7967185928763787,5,extra_trees,0.7967186,0.705077068385047
8369,"BRD-K90849765; [(4R,5R)-5-(2-azidophenyl)-4-[(2-azidophenyl)methyl]-2-[4-(3-hydroxypropoxy)phenyl]-5H-oxazol-4-yl]-(1-piperidinyl)methanone",6,0.18675041,0.00027537838,0.4581875258443166,0.4297203759211769,5,extra_trees,0.42972037,0.6908772535258905
21252,glutamine,22,0.34212747,0.0621046,0.0,0.8221201638795562,5,extra_trees,0.8221202,0.7759660268854353
6702,"2-[(1S,3S,4aS,9aR)-6-(dimethylamino)-1-(hydroxymethyl)-3,4,4a,9a-tetrahydro-1H-pyrano[3,4-b]benzofuran-3-yl]-N-[(4-phenoxyphenyl)methyl]acetamide; BRD-K16410418",5,0.13670084,0.0005786938,0.6453296576668615,0.6636553307767372,5,extra_trees,0.66365534,0.6711100291160514
62,Garcinol,10,0.15584926,0.001044686,0.5737311176627524,0.6138210439643115,5,extra_trees,0.613821,0.764595736790759
804,Budesonide; budesonide,177,0.0561972,0.0006043431,0.9463436885381492,0.7791731257771117,5,extra_trees,0.77917314,0.8109171994026922
1149,"(3R,16S)-Vinpocetine; vinpocetine",12,0.10270975,0.0012921742,0.7724269543184007,0.8415724109611444,5,extra_trees,0.8415724,0.7119434819254314
335,(R)-Timolol; timolol,10,0.12147148,0.0011433719,0.7022743006816363,0.7296677553967073,5,extra_trees,0.7296678,0.712743541218961
2736,AZD-7648; Azd-7648,140,0.044472992,9.863245e-05,0.9901820927252568,0.8112554796639062,5,extra_trees,0.81125546,0.7145186617185046
2385,5-(6-((4-Methyl-1-piperazinyl)methyl)-1H-benzimidazol-1-yl)-3-((1R)-1-(2-(trifluoromethyl)phenyl)ethoxy)-2-thiophenecarboxamide; GSK-461364,227,0.0822585,0.00043309332,0.8488969524309882,0.9181223272339254,5,extra_trees,0.91812235,0.7093518748009017
24078,Ubiquinol,10,0.15072398,0.00077810575,0.5928952348647074,0.8303123122161713,5,extra_trees,0.8303123,0.7583656008802059
14813,sulfadimethoxine,5,0.12930213,0.00050476636,0.6729944380463289,0.6740206861995328,5,extra_trees,0.6740207,0.7101275841062886
6921,Isorotenone; isorotenone,8,0.17840917,0.00087337714,0.4893765537549158,0.4687078382484492,5,extra_trees,0.46870783,0.7060209774853036
5351,"cis-(1R,4S)-6-methoxycyclohexane-1,2,3,4,5-pentol; pinitol",8,0.13019095,0.0014261183,0.6696710194913539,0.6940829386789888,5,extra_trees,0.6940829,0.7447389595151567
1892,Danusertib; danusertib,71,0.1038475,0.0023146707,0.7681727527242391,0.9348334210273544,5,extra_trees,0.9348334,0.7202346781206624
4302,cyclosporin-a,248,0.060059637,0.00054789276,0.931901512627142,0.8455638657203595,5,extra_trees,0.8455639,0.8109073646077744
1551,TG-02; Zotiraciclib,15,0.14372525,0.0005682879,0.6190644357639439,0.6308227266247407,5,extra_trees,0.6308227,0.6666170203819247
1901,"Rifampicin; [(7S,9E,11S,12R,13S,14R,15R,16R,17S,18S,19E,21Z)-2,15,17,27,29-pentahydroxy-11-methoxy-3,7,12,14,16,18,22-heptamethyl-26-[(E)-(4-methylpiperazin-1-yl)iminomethyl]-6,23-dioxo-8,30-dioxa-24-azatetracyclo[23.3.1.14,7.05,28]triaconta-1(29),2,4,9,19,21,25,27-octaen-13-yl] acetate",12,0.12345431,0.0012626608,0.6948602303261529,0.7243092171949926,5,extra_trees,0.7243092,0.811549328517287
6932,"1-[(8S,9S,10R)-10-(hydroxymethyl)-9-[4-(4-methoxyphenyl)phenyl]-1,6-diazabicyclo[6.2.0]decan-6-yl]-2-pyridin-4-ylethanone; BRD-K00540336",6,0.115307964,0.0007369247,0.7253205231319464,0.7636469900467494,5,extra_trees,0.76364696,0.7477707592475541
3202,"4-amino-7-[(2R,3R,4S,5R)-3,4-dihydroxy-5-(hydroxymethyl)oxolan-2-yl]pyrrolo[2,3-d]pyrimidine-5-carbonitrile; Toyocamycin",6,0.18517064,0.008680314,0.4640945001817447,0.7694925020285616,5,extra_trees,0.7694925,0.7488427665301913
772,rifabutin,10,0.15519944,0.00043176406,0.5761608827956183,0.5684228200093178,5,extra_trees,0.5684228,0.7915599169197185
624,Bupropion; bupropion,10,0.09572167,0.00038955352,0.7985563334228862,0.8546337623964044,5,extra_trees,0.85463375,0.6995003600952522
9660,BRD-A92439610,5,0.08491079,0.000949026,0.8389796803183284,0.90572539397062,5,extra_trees,0.9057254,0.8394673161217502
2234,"1-(2,3-Dichlorobenzoyl)-5-methoxy-2-methyl-(3-(morpholin-4-yl)ethyl)-1H-indole hydrochloride; GW-405833",15,0.12669231,0.00047481345,0.6827529090676205,0.7104358428709668,5,extra_trees,0.71043587,0.6998375827688719
1602,Dovitinib; dovitinib,82,0.10034688,0.00045171395,0.7812620457891073,0.833576066311531,5,extra_trees,0.8335761,0.7209210211004436
3184,"6-Cyano-7-nitroquinoxaline-2,3-dione; CNQX",5,0.15607533,0.00040279594,0.572885811264693,0.573097701646067,5,extra_trees,0.5730977,0.7117155427675076
3296,3-Aminobenzamide; 3-aminobenzamide; BRD-K08703257,6,0.11467016,0.0013060651,0.7277053588107534,0.7714808894312395,5,extra_trees,0.7714809,0.7569937230388945
6334,"(3R)-2-[(R)-tert-butylsulfinyl]-3-(2-hydroxyethyl)-N-(2-pyridin-4-ylethyl)-4-(3-pyridin-4-ylphenyl)-1,3-dihydropyrrolo[3,4-c]pyridine-6-carboxamide; BRD-K71631401",5,0.1787502,0.0007772157,0.4881013963216861,0.4671138828619968,5,extra_trees,0.46711388,0.6737715550512078
4014,Ezetimibe; ezetimibe,9,0.2134736,0.0042529274,0.3582658932369054,0.5849330292476926,5,extra_trees,0.58493304,0.7005821931306276
3343,Amifostine; amifostine,6,0.18916036,0.0023219546,0.4491763958668614,0.4184561292784935,5,extra_trees,0.41845614,0.722194697354388
8340,5-[[2-Fluoro-4-(trifluoromethyl)anilino]methyl]-8-quinolinol; BRD-K49094915,9,0.121852346,0.00058454537,0.7008501910403602,0.7330581539829846,5,extra_trees,0.73305815,0.6980116938380525
5266,PSI-7976; Psi-7976,12,0.15517683,0.00038606534,0.5762454246528312,0.5772973316404568,5,extra_trees,0.57729733,0.7529385224205583
6644,"(4S)-4-[[(2S)-2-[[(2S)-2-[[(2S)-2-[[(2S)-2-[[(2S)-2-[[(2S,5S,8S,11R,15Z,20R)-20-[[(2S,3S)-2-[[(2S)-2-[[(2S)-2-(3-acetamidopropanoylamino)-5-carbamimidamidopentanoyl]amino]-5-carbamimidamidopentanoyl]amino]-3-methylpentanoyl]amino]-11,20-dimethyl-5,8-bis(2-methylpropyl)-2-(2-methylsulfanylethyl)-3,6,9,21-tetraoxo-1,4,7,10-tetrazacyclohenicos-15-ene-11-carbonyl]amino]propanoyl]amino]propanoyl]amino]-4-amino-4-oxobutanoyl]amino]-5-carbamimidamidopentanoyl]amino]-4-methylpentanoyl]amino]-5-[[(1S)-4-carbamimidamido-1-carboxybutyl]amino]-5-oxopentanoic acid; YL-54",8,0.14027537,0.00041388063,0.6319640050855577,0.6469477071406388,5,extra_trees,0.6469477,0.7262787507959151
6634,"6-(3,5-dimethyl-4-isoxazolyl)-N-[(2-ethoxyphenyl)methyl]-4-quinazolinamine; BRD-K88622704",7,0.13593344,0.00079582393,0.6481990703703197,0.6672421492675709,5,extra_trees,0.66724217,0.6992514158332103
6559,"MW-STK33-23; N-(1-propyl-1H-1,3-benzodiazol-2-yl)-3-(pyrrolidine-1-sulfonyl)benzamide",11,0.12368303,0.0001385823,0.6940050152186015,0.7245014084660667,5,extra_trees,0.72450143,0.6552054759226739
1585,Prochlorperazine; prochlorperazine,35,0.08434221,0.0007091423,0.8411056780703903,0.9106256132823036,5,extra_trees,0.91062564,0.7774719861140472
798,Bucladesine; bucladesine,22,0.13382052,0.001353923,0.6560995648834691,0.6738985279366643,5,extra_trees,0.6738985,0.7165516072232277
5026,xamoterol,7,0.1641608,0.00052264746,0.542653142081177,0.6026612635356925,5,extra_trees,0.60266125,0.7320136515342951
113,WZ-3146,16,0.09796939,0.00025238597,0.7901518034231246,0.8446886114936976,5,extra_trees,0.8446886,0.6978929328241695
1753,Nisoldipine; nisoldipine,5,0.14559227,0.0002706695,0.6120833947089392,0.6308873382903528,5,extra_trees,0.6308873,0.7161516706927992
6450,4-tert-butyl-N-[4-[(4-methyl-1-piperidinyl)sulfonyl]phenyl]benzamide; BRD-K03122949,8,0.14144751,0.00079309434,0.6275812146161395,0.6414690466065697,5,extra_trees,0.64146906,0.6782399245087675
757,Alclometazone dipropionate; alclometasone,8,0.098691456,0.0003819086,0.7874519006955571,0.8367437585078177,5,extra_trees,0.8367438,0.8219854457738504
4157,Flupentixol; flupentixol,7,0.1269152,0.00097288867,0.6819194931209516,0.7011422401604462,5,extra_trees,0.70114225,0.7219522687981262
5151,Pravastatin (sodium); Pravastatin Sodium,140,0.044202335,0.00012784524,0.991194115964871,0.8157990282465267,5,extra_trees,0.81579906,0.8060490648518832
6913,"9-(3,5-Dimethoxyphenyl)-1-[4-(1-piperazinyl)-3-(trifluoromethyl)phenyl]-2-benzo[h][1,6]naphthyridinone; JW-7-24-1",46,0.08868438,0.00046091957,0.8248697153930705,0.8880873377298905,5,extra_trees,0.88808733,0.8063358032107348
6571,5-Chloro-7-((4-ethylpiperazin-1-yl)(pyridin-3-yl)methyl)quinolin-8-ol; BRD-A24054354,9,0.116651334,0.0012534662,0.7202974804639184,0.7573680023976738,5,extra_trees,0.757368,0.7029467234987145
5293,Suloctidil (USAN/INN); suloctidil,24,0.13206494,0.00075471774,0.6626639166608175,0.6836525302298242,5,extra_trees,0.6836525,0.7035774170147878
1364,Dinaciclib,377,0.06359299,0.00083115697,0.9186898264348012,0.938252225254567,5,extra_trees,0.9382522,0.7181499007636059
3556,Vidarabine; vidarabine,13,0.08374452,0.0006671374,0.8433405220614378,0.9138867927847132,5,extra_trees,0.9138868,0.7660990054809176
1118,GDC-0349; Gdc-0349,40,0.086109936,0.00045897588,0.8344959107513475,0.9001204827423555,5,extra_trees,0.9001205,0.727734757460654
2181,SB 216641; SB-216641,9,0.16582698,0.00037696963,0.5364230690315965,0.5275178129158503,5,extra_trees,0.5275178,0.6810260556492339
5094,biperiden,12,0.1555023,0.0011455872,0.5750284481704301,0.5894003842201496,5,extra_trees,0.5894004,0.6870258942622074
1555,Glasdegib,137,0.04883077,0.00019790819,0.973887769618597,0.7524924941037484,5,extra_trees,0.7524925,0.6943267196683839
8336,5-[(E)-2-(2-fluorophenyl)ethenyl]quinolin-8-ol; BRD-K14027855,9,0.07470636,0.00014726786,0.8771354283943644,0.9534215049634788,5,extra_trees,0.95342153,0.7593051205749316
7121,"5-(3-Methoxyphenyl)-4-[(1-methyl-5-tetrazolyl)thio]thieno[2,3-d]pyrimidine; BRD-K56593336",11,0.09273283,0.00058674935,0.8097320116410307,0.8691646440332248,5,extra_trees,0.86916465,0.8433183299523469
3414,"1,8-Naphthyridine-3-carboxylic acid, 7-(1alpha,5alpha,6alpha)-6-amino-3-azabicyclo3.1.0hex-3-yl-1-(2,4-difluorophenyl)-6-fluoro-1,4-dihydro-4-oxo-; trovafloxacin",15,0.14161555,0.00025712946,0.6269528902602767,0.6801296932607198,5,extra_trees,0.6801297,0.7235752216161541
24036,Clozapine,38,0.08440065,0.0007719136,0.840887162982574,0.9184022020764918,5,extra_trees,0.9184022,0.7030801749837892
6956,"BRD-A50388635; N-[(5-chloro-8-hydroxy-7-quinolinyl)-(3,4-dimethoxyphenyl)methyl]-4-methoxybenzamide",9,0.14811866,0.00056028774,0.602636879775541,0.6102877372023823,5,extra_trees,0.6102877,0.7065726734470315
1675,Axitinib; axitinib,32,0.119824946,0.0008448875,0.7084309146720922,0.742534326950304,5,extra_trees,0.74253434,0.6937646765857929
6896,"1-[(E)-3-(3,4,5-trimethoxyphenyl)prop-2-enoyl]-3,4-dihydro-2H-azepin-7-one; MD-II-008-P",15,0.09910773,0.000448633,0.7858953957389252,0.8393679376767473,5,extra_trees,0.8393679,0.7564798248615116
1106,"2-[4-[(4-Ethyl-1-piperazinyl)methyl]-3-(trifluoromethyl)anilino]-5,11-dimethyl-6-pyrimido[4,5-b][1,4]benzodiazepinone; JWE-035",49,0.082805626,0.0005003713,0.8468511740953194,0.9155650332284088,5,extra_trees,0.915565,0.7818421526896728
2006,"2-[2-methoxy-5-[[(E)-2-(2,4,6-trimethoxyphenyl)ethenyl]sulfonylmethyl]anilino]acetic acid; Rigosertib",92,0.1074125,0.0055391965,0.7548427341057501,0.8782223069197109,5,extra_trees,0.8782223,0.6791531000742691
6501,BRD-K21064560; N-Palmitoyldopamine,15,0.09499151,0.0006030254,0.8012865007144644,0.8586074355941696,5,extra_trees,0.8586074,0.6617254004341863
1880,Wortmannin from Penicillium funiculosum; wortmannin,682,0.06948952,0.0005204272,0.8966419008571073,0.9781579069411,5,extra_trees,0.9781579,0.7837627097322118
5172,Atazanavir (sulfate); Atazanavir Sulfate,142,0.045640897,0.00015994292,0.9858151374953475,0.7916499981561553,5,extra_trees,0.79165,0.737348057800904
1516,"N-Methyl-N-(2-(((2-((2-oxo-2,3-dihydro-1H-indol-5-yl)amino)-5-(trifluoromethyl)pyrimidin-4-yl)amino)methyl)phenyl)methanesulfonamide; PF-431396",30,0.09845938,0.00059440616,0.7883196643423747,0.8429219933165546,5,extra_trees,0.842922,0.7783443069467324
3845,Sulfasalazine; sulfasalazine,8,0.16989815,0.0027558913,0.5212004121174214,0.603778906148524,5,extra_trees,0.6037789,0.7047043670915691
3856,CD-1530; CD1530,42,0.113824286,0.0007842711,0.7308681964457873,0.7705817985702044,5,extra_trees,0.7705818,0.712121307558691
2068,Lenvatinib; lenvatinib,6,0.18893357,0.00017306597,0.4500243944425942,0.4195161604117251,5,extra_trees,0.41951615,0.6966774174400294
4145,Umeclidinium; umeclidinium,5,0.1600885,0.0005337351,0.5578800242186448,0.5543399041116689,5,extra_trees,0.5543399,0.6827985392349463
1975,(E)-N-[(4-hydroxy-3-methoxyphenyl)methyl]-8-methylnon-6-enamide; Capsaicin,15,0.16620634,0.002240852,0.5350045905286204,0.5255319593431828,5,extra_trees,0.52553195,0.7007686942744377
1429,Sinequan; doxepin,19,0.13794443,0.0008412616,0.6406797059547248,0.6555131485060828,5,extra_trees,0.65551317,0.6813341383365915
8193,"(4R,5'R)-2-benzoyl-2'-[4-(3-hydroxypropoxy)phenyl]-5'-phenyl-3-spiro[1,5-dihydro-2-benzazepine-4,4'-5H-oxazole]one; BRD-K62169556",9,0.13111256,0.00057823,0.6662249946781742,0.6897752860507378,5,extra_trees,0.6897753,0.722604986162545
7732,8-(2-methylphenoxy)-2-(4-morpholinyl)-1H-quinolin-4-one; TGX-115,10,0.12851246,0.0011530758,0.6759471213008764,0.7019283299857217,5,extra_trees,0.7019283,0.701304041408623
6608,"2-Amino-1-cyclohexyl-3-pyrrolo[3,2-b]quinoxalinecarboxylic acid ethyl ester; BRD-K58900438",6,0.16073246,0.00036999842,0.5554721704207313,0.551329926412761,5,extra_trees,0.5513299,0.7044187462519236
5317,Tinidazole; tinidazole,7,0.08398849,9.923748e-05,0.8424282851351117,0.9080765824870944,5,extra_trees,0.9080766,0.7041895329955342
7124,2-(3-Methoxyphenyl)-4-propan-2-yloxyquinazoline; BRD-K77014406,5,0.16894504,0.00039075673,0.5247642197038082,0.5129437976998077,5,extra_trees,0.5129438,0.6613524549355109
1965,Acitretin; acitretin,9,0.114858046,0.00074247527,0.7270028275686345,0.7677648193845837,5,extra_trees,0.7677648,0.7280554143209014
5196,Fedratinib (hydrochloride hydrate); Fedratinib Hydrochloride,157,0.058332916,0.0042657605,0.9383579566885546,0.8293292838402175,5,extra_trees,0.8293293,0.710452797623041
274,"[(1R,2S,11R,12R,15R,16S)-15-acetyl-9-chloro-2,16-dimethyl-6-oxo-15-pentacyclo[9.7.0.02,8.03,5.012,16]octadeca-7,9-dienyl] acetate; cyproterone",5,0.11001166,0.00021463951,0.7451241222705658,0.7759921787967718,5,extra_trees,0.77599216,0.7948980179258313
1678,"N,1,4,4-Tetramethyl-8-((4-(4-methylpiperazin-1-yl)phenyl)amino)-4,5-dihydro-1H-pyrazolo(4,3-h)quinazoline-3-carboxamide; PHA-848125",90,0.085678875,0.0006373858,0.8361077063069449,0.9021352822673436,5,extra_trees,0.90213525,0.7756420168625194
4570,cinchocaine,5,0.17716876,2.6618098e-05,0.4940146150156618,0.4284151290381813,5,extra_trees,0.42841512,0.6231646943393471
1350,JTC-801; N-(4-amino-2-methylquinolin-6-yl)-2-(4-ethylphenoxymethyl)benzamide; N-(4-amino-2-methylquinolin-6-yl)-2-[(4-ethylphenoxy)methyl]benzamide,25,0.15137093,0.0008654175,0.5904762010511784,0.5950863828368117,5,extra_trees,0.5950864,0.675910078834432
3395,"(2R)-2-amino-2-[(5S)-3-chloro-4,5-dihydro-1,2-oxazol-5-yl]acetic acid; acivicin",24,0.111073025,0.00048626564,0.7411555345535916,0.7834413950286421,5,extra_trees,0.7834414,0.7254426322001964
24172,Mln4924,250,0.0767713,0.00065254985,0.869414337610055,0.9463625690349882,5,extra_trees,0.94636256,0.7239361210238812
5244,Moxisylyte; moxisylyte,7,0.137459,0.00044497332,0.6424947945768772,0.6437263710141452,5,extra_trees,0.64372635,0.6996591558925188
583,GSK-1292263; Gsk-1292263,7,0.09876125,0.00022333239,0.7871909314614873,0.8409873837093765,5,extra_trees,0.8409874,0.7156834296733142
5328,Demeclocycline,150,0.040509053,0.00019652487,1.0,0.902519456782622,5,extra_trees,0.90251946,0.8397270716105897
7782,"BRD-K31999759; N-[(3R,9R,10R)-12-[(2R)-1-hydroxypropan-2-yl]-3,10-dimethyl-9-[[methyl-[[4-(trifluoromethyl)phenyl]methyl]amino]methyl]-13-oxo-2,8-dioxa-12-azabicyclo[12.4.0]octadeca-1(14),15,17-trien-16-yl]-3,5-dimethyl-4-isoxazolesulfonamide",12,0.109619856,0.00041852918,0.7465891305776621,0.7902336040701974,5,extra_trees,0.7902336,0.7834344373643396
5296,Calpeptin; calpeptin,18,0.11574677,0.0004595438,0.7236797679706828,0.7615960457717026,5,extra_trees,0.761596,0.7172147132173801
8043,"2-[(3R,6aS,8R,10aS)-1-(1,3-benzodioxol-5-ylmethyl)-3-hydroxy-3,4,6,6a,8,9,10,10a-octahydro-2H-pyrano[2,3-c][1,5]oxazocin-8-yl]-N-(4-phenylphenyl)acetamide; BRD-K63000292",5,0.12857255,0.0010909758,0.6757224366392256,0.7016474233713381,5,extra_trees,0.7016474,0.7667706098680697
23995,"BRD-K30418433; N-[(4S,7R,8S)-8-methoxy-4,5,7,10-tetramethyl-11-oxo-2-oxa-5,10-diazabicyclo[10.4.0]hexadeca-1(12),13,15-trien-14-yl]butanamide",15,0.12172263,0.0012743932,0.7013352167612903,0.7336643970011609,5,extra_trees,0.7336644,0.7012215220456323
962,Rotigotine; rotigotine,5,0.25997943,0.0012470974,0.1843742860087743,0.1086245549851978,5,extra_trees,0.108624555,0.6780769927076374
7675,"1-cyclohexyl-3-[(2R,3S)-5-[(2R)-1-hydroxypropan-2-yl]-3-methyl-2-[[methyl-(4-methylphenyl)sulfonylamino]methyl]-6-oxo-3,4-dihydro-2H-1,5-benzoxazocin-10-yl]urea; BRD-K88556033",8,0.09429803,9.1869304e-05,0.8038795165101305,0.8618488069947904,5,extra_trees,0.86184883,0.7719667733658462
1064,Procaine; procaine,6,0.09190304,0.0013398565,0.8128347090181516,0.8712439345231142,5,extra_trees,0.87124395,0.6781473869575808
552,Ipratropium; ipratropium,8,0.17203572,0.0008811771,0.5132077479103181,0.4984977909638591,5,extra_trees,0.49849778,0.6942717741287007
5336,Cotinine; cotinine,7,0.11879213,0.00043060942,0.7122927538051844,0.7309467609161429,5,extra_trees,0.7309468,0.7206427810657771
1279,O5251_sigma; oligomycin-c,8,0.09669645,0.00038681825,0.7949114987668047,0.8506384367378783,5,extra_trees,0.85063845,0.8270416942872992
5188,Nafamostat (mesylate); Nafamostat Mesylate,146,0.046894982,0.000263998,0.981125943554487,0.7962603132336579,5,extra_trees,0.7962603,0.6928614321205143
7385,"BRD-K32485462; N-[(2S,3R)-5-[(2R)-1-hydroxypropan-2-yl]-3-methyl-2-[[methyl-[(4-phenoxyphenyl)methyl]amino]methyl]-6-oxo-3,4-dihydro-2H-1,5-benzoxazocin-10-yl]-4-(2-thiazolyl)benzamide",10,0.11084894,0.00040498853,0.7419934187673711,0.784488748929892,5,extra_trees,0.78448874,0.7886999954293584
5496,Trehalose; trehalose,19,0.51048505,0.20560938,0.0,0.6845308286103668,5,extra_trees,0.68453085,0.709335354086322
4457,Y-27632,28,0.118783064,0.00054801855,0.7123266528090539,0.7474827930200096,5,extra_trees,0.7474828,0.722371948648865
1267,BRD-K34685430; Methylergometrine,5,0.09425664,0.00030837025,0.8040342793349886,0.8582287090304848,5,extra_trees,0.8582287,0.7659723906659833
7673,"(E)-3-[3,5-bis(trifluoromethyl)anilino]-2-(4-methylphenyl)sulfonylprop-2-enenitrile; KM-00927",13,0.09396708,0.0008740151,0.8051169834559339,0.8633956754939152,5,extra_trees,0.8633957,0.6810159550722067
5037,fenbufen,6,0.075702175,0.00012707987,0.8734119410197303,0.9490441457512692,5,extra_trees,0.94904417,0.6857924431373058
6741,"(8R)-7-methyl-5,6,6a,7-tetrahydro-4H-dibenzo[de,g]quinoline-2,13,14-triol; BRD-K39187410",5,0.08694798,0.00029115888,0.8313623505485108,0.8962034033867062,5,extra_trees,0.8962034,0.800361898803463
2917,4-(2-((2-Chloro-4-fluorophenyl)amino)-5-methyl-4-pyrimidinyl)-N-((1S)-1-(3-chlorophenyl)-2-hydroxyethyl)-1H-pyrrole-2-carboxamide; BRD-K93725829,7,0.1207614,0.00031259176,0.7049293861292146,0.7381572832456244,5,extra_trees,0.7381573,0.7074293261850252
822,"2-butyl-3-[[4-[2-(2H-tetrazol-5-yl)phenyl]phenyl]methyl]-1,3-diazaspiro[4.4]non-1-en-4-one; Irbesartan",16,0.12119422,0.0007868794,0.7033110134339959,0.7442723877827857,5,extra_trees,0.7442724,0.6813823298619439
5180,Cabozantinib (S-malate); Cabozantinib S-malate,142,0.04624134,0.00017026087,0.9835699996638352,0.7815704779639238,5,extra_trees,0.7815705,0.7578478326689865
24013,"Ethyl 5,5,7,7-tetramethyl-2-(5-nitrothiophene-2-carboxamido)-4,5,6,7-tetrahydrothieno[2,3-c]pyridine-3-carboxylate; NPC26",21,0.12671664,0.00033526175,0.682661935897077,0.7103221446891266,5,extra_trees,0.71032214,0.7323366301878845
5251,VX-222,5,0.14386556,0.00044634964,0.6185397976398597,0.6301670033344453,5,extra_trees,0.630167,0.6849625715812043
2700,Gandotinib; LY-2784544,41,0.1377968,0.0083436975,0.6412317145518209,0.8574192424172292,5,extra_trees,0.85741925,0.7165920581376803
1278,Ascomycin; sirolimus,676,0.07733144,0.0008969029,0.8673198981629413,0.9443876559653588,5,extra_trees,0.9443877,0.912406818255191
7523,"1-[(2R,3S)-2-[[(4-chlorophenyl)sulfonyl-methylamino]methyl]-5-[(2S)-1-hydroxypropan-2-yl]-3-methyl-6-oxo-3,4-dihydro-2H-1,5-benzoxazocin-10-yl]-3-cyclohexylurea; BRD-K54822214",6,0.09090283,0.00037725468,0.8165746298939998,0.8777181934105374,5,extra_trees,0.8777182,0.7724613636923686
5169,Phenylephrine (hydrochloride); Phenylephrine Hydrochloride,140,0.051512722,0.00012789287,0.9638595872640686,0.6930803685712084,5,extra_trees,0.69308037,0.8696605642822882
2878,Netupitant; netupitant,7,0.15549424,0.0010072816,0.5750585856038284,0.57581370449084,5,extra_trees,0.5758137,0.7131867995327781
734,Digitoxin,260,0.061888263,0.00089409726,0.925064031946566,0.8677765217566387,5,extra_trees,0.8677765,0.8634298587526156
5430,Fipronil; fipronil,7,0.16576803,0.0004234959,0.5366434910785979,0.5277934187699072,5,extra_trees,0.5277934,0.719383952292614
7826,(2E)-N-hydroxy-3-(1-methyl-4-(phenylacetyl)-1H-pyrrol-2-yl)prop-2-enamide; BRD-K74733595,16,0.12579884,0.0005106686,0.6860937146034022,0.7146119686493801,5,extra_trees,0.71461195,0.7332281622570009
6761,"1-[2-Fluoro-4,5-bis(phenylmethoxy)phenyl]-2-(methylamino)ethanol; BRD-A25170757",9,0.14527898,0.0002465692,0.6132548285190337,0.6235605722651447,5,extra_trees,0.62356055,0.6800653619607913
1806,LM-1685,5,0.15600997,0.0004588489,0.573130201171258,0.5549706884708858,5,extra_trees,0.5549707,0.6725011831078059
3099,methimazole,5,0.11993094,0.00029054526,0.7080345887272259,0.7420389040781044,5,extra_trees,0.7420389,0.7651163913682103
6943,BRD-K92202821; N-[4-[[2-methoxy-5-[4-oxo-3-(phenylmethyl)-2-quinazolinyl]phenyl]methoxy]phenyl]acetamide,6,0.15447618,0.0012183046,0.5788652500511606,0.5805722384425835,5,extra_trees,0.58057225,0.6587045719123757
5204,Cytarabine (hydrochloride); Cytarabine Hydrochloride,135,0.041847035,0.00013079165,1.0,0.8553371799094496,5,extra_trees,0.8553372,0.8504353051893416
2329,(E)-N-[4-[(3-methoxypyrazin-2-yl)sulfamoyl]phenyl]-3-(5-nitrothiophen-2-yl)prop-2-enamide; Necrosulfonamide,5,0.09316356,0.00015114051,0.8081214537393359,0.8915473122637602,5,extra_trees,0.8915473,0.7110366139927256
3276,Modafinil; modafinil,6,0.16052927,0.00028806174,0.5562319253949501,0.5522796807795123,5,extra_trees,0.55227965,0.6859674685696768
91,"(1S,2R,5S,6S,8R,9R,10S,12S,15R,16S,25R,27S,28R)-21-chloro-5,9,28-trihydroxy-15,16,33,33-tetramethyl-24-methylidene-7,11,32-trioxa-18-azadecacyclo[25.4.2.02,16.05,15.06,8.06,12.017,31.019,30.022,29.025,28]tritriaconta-17(31),19,21,29-tetraene-10-carboxylic acid; penitrem-a",12,0.13881233,0.00029176942,0.6374345101177019,0.6537860556276185,5,extra_trees,0.65378606,0.7552793291531329
818,"7-[(2R,4aR,5R,7aR)-2-(1,1-difluoropentyl)-2-hydroxy-6-oxo-3,4,4a,5,7,7a-hexahydrocyclopenta[b]pyran-5-yl]heptanoic acid; Lubiprostone",6,0.19339043,0.00036146445,0.433359590296732,0.6331840149578902,5,extra_trees,0.633184,0.7237203608574339
1019,sildenafil,145,0.05071189,0.00989104,0.9668540067508236,0.9015753169665534,5,extra_trees,0.9015753,0.7280783452745527
412,Acyclic retinoid; Peretinoin,142,0.054558393,0.00012328583,0.9524714102273808,0.6419530075592457,5,extra_trees,0.641953,0.7335944925652201
7506,"BRD-K23282736; N-(2-aminophenyl)-4-[[[(2R,3S)-8-(dimethylamino)-5-[(2S)-1-hydroxypropan-2-yl]-3-methyl-6-oxo-3,4-dihydro-2H-1,5-benzoxazocin-2-yl]methyl-methylamino]methyl]benzamide",8,0.102587186,0.0005323667,0.7728852377411094,0.8231047479500209,5,extra_trees,0.82310474,0.8410869862353875
3964,Ziprasidone; ziprasidone,19,0.1833868,0.0005906328,0.47076451993277,0.448281143577357,5,extra_trees,0.44828114,0.6718045802774523
7642,"BRD-K61717269; N-[(4-methylphenyl)methyl]-6-phenyl-3-(2-pyridinyl)-1,2,4-triazin-5-amine",26,0.08842911,0.00037514188,0.8258242045523249,0.8892805032415517,5,extra_trees,0.8892805,0.7843702599455911
5434,Linsidomine; linsidomine,6,0.11628937,0.0005799811,0.7216509129629991,0.7590598777517269,5,extra_trees,0.7590599,0.7333048618597288
2974,Flumatinib; flumatinib,26,0.10112519,0.00032303654,0.7783518391156273,0.8299382240241706,5,extra_trees,0.82993823,0.7209010325328759
693,"3,5-dimethyladamantan-1-amine; Memantine; memantine",7,0.13284108,0.0008305698,0.659761823911714,0.6773363101710067,5,extra_trees,0.67733634,0.7134611576298872
7842,"4-[(1-methyl-5-tetrazolyl)thio]-5-(1H-pyrrol-2-yl)thieno[2,3-d]pyrimidine; BRD-K89224880",11,0.08363779,0.000775891,0.8437396000101478,0.9116754320175308,5,extra_trees,0.91167545,0.8342837448703743
4809,astemizole,5,0.11418817,6.2565894e-05,0.7295075848062443,0.7515710038737171,5,extra_trees,0.751571,0.6678849303042513
3482,Entinostat; entinostat,410,0.07412288,0.0019332699,0.8793171392677209,0.977210735658462,5,extra_trees,0.97721076,0.6873462587917843
6245,"BRD-K68313733; N-(1,3-dioxaindan-5-yl)-2-chloro-N-{[2-(prop-2-en-1-yloxy)phenyl]methyl}acetamide",18,0.13442084,0.00072690926,0.6538548869656426,0.6743121263632554,5,extra_trees,0.6743121,0.6967199777945254
6327,"BRD-K60070073; N-(tert-Butyl)-6-oxo-6H-anthra[1,9-cd]isoxazole-3-carboxamide",10,0.16934058,0.00045343753,0.5232852419858958,0.5110950742372884,5,extra_trees,0.51109505,0.7267094608729792
3227,Guanadrel; guanadrel,7,0.130082,0.0012046177,0.6700783983212233,0.6828827372614612,5,extra_trees,0.6828827,0.7023878086401766
24208,"2,7-bis(piperidin-1-ylsulfonyl)-9H-fluoren-9-one oxime; CIL56",24,0.16778916,0.00049707,0.5290862118274375,0.5183465144201425,5,extra_trees,0.5183465,0.7428184714044133
1553,"N-[(1-methylpiperidin-4-yl)methyl]-3-[3-(trifluoromethoxy)phenyl]imidazo[1,2-b]pyridazin-6-amine; SGI-1776",45,0.10452802,0.00058638724,0.7656281961266924,0.8144042383903307,5,extra_trees,0.81440425,0.6655240519000215
5160,Dorzolamide (hydrochloride); Dorzolamide Hydrochloride,138,0.042561825,0.00013412297,0.997328205402127,0.843338092342432,5,extra_trees,0.8433381,0.8622448736481988
1785,Salvinorin A; salvinorin-a,9,0.22406489,0.00068549684,0.3186636231404631,0.2553101211182691,5,extra_trees,0.25531012,0.7795361490731856
6744,Chelidonine; chelidonine,50,0.08675551,0.00032316128,0.8320820219884829,0.8973186116983027,5,extra_trees,0.8973186,0.7677179134506731
4777,bergenin,145,0.045479372,0.00011319762,0.9864191013824026,0.8116019942614053,5,extra_trees,0.811602,0.7372265158928936
1979,Trimethoprim; trimethoprim,7,0.13647899,0.0011439371,0.6461591849124468,0.6512495579236453,5,extra_trees,0.6512496,0.7318055760584152
8175,1-(4-Bromophenyl)-3-(4-morpholinyl)-2-phenyl-1-propanone; AT-SUMO-1,9,0.10634752,0.00084807316,0.7588248387981256,0.8055287091895905,5,extra_trees,0.8055287,0.7456423895138632
2591,Sonidegib,168,0.047696806,0.0005363502,0.97812781484516,0.8928492230025518,5,extra_trees,0.8928492,0.7328499402580789
3020,Calmidazolium; calmidazolium,23,0.10041115,0.0006709818,0.7810217315404088,0.8330737079330389,5,extra_trees,0.83307374,0.7038792879860846
6967,TL-HRAS-27; [4-[Bis(4-methoxyphenyl)methyl]-1-piperazinyl]-(5-methyl-4-nitro-3-isoxazolyl)methanone,5,0.18001321,0.00089071057,0.4833788305950837,0.4612105111019625,5,extra_trees,0.46121052,0.6482788898469883
5201,Noradrenaline hydrochloride; Norepinephrine (hydrochloride),144,0.054711405,0.00014383707,0.9518992776021769,0.6393843979720855,5,extra_trees,0.6393844,0.8490260299096508
3006,"(6S)-4-(4-Chlorophenyl)-N-(4-hydroxyphenyl)-2,3,9-trimethyl-6H-thieno(3,2-f)(1,2,4)triazolo(4,3-a)(1,4)diazepine-6-acetamide; OTX-015",82,0.089951076,0.0006855686,0.820133367212435,0.8821667412335137,5,extra_trees,0.88216674,0.8015616871469788
7505,"BRD-K37043259; N-(2-aminophenyl)-4-[[[(2S,3S)-8-(dimethylamino)-5-[(2S)-1-hydroxypropan-2-yl]-3-methyl-6-oxo-3,4-dihydro-2H-1,5-benzoxazocin-2-yl]methyl-methylamino]methyl]benzamide",8,0.096708484,0.00019230958,0.794866502008304,0.8505821580776042,5,extra_trees,0.8505822,0.8410869862353875
6609,"6,11-Dioxo-12-naphtho[2,3-b]indolizinecarboxylic acid ethyl ester; BRD-K28100108",5,0.22368893,0.00068837876,0.3200693885822042,0.2570673139297971,5,extra_trees,0.25706732,0.7154614152358839
6713,"6-(1,3-benzodioxol-5-yl)-N-(2-furanylmethyl)-N-methyl-4-quinazolinamine; BRD-K44978960",7,0.14401612,0.00025647198,0.6179768333752875,0.6294632668051381,5,extra_trees,0.62946326,0.7045044205207374
2517,Canrenoic Acid; potassium-canrenoate,6,0.100969344,0.001609046,0.7789345684512843,0.8308612982239993,5,extra_trees,0.8308613,0.8087085085709894
6693,Jnk-IN-2; ZG-10,27,0.11773806,0.00054893916,0.716234064527538,0.7522885692232599,5,extra_trees,0.7522886,0.7140788151218245
3615,Benperidol; benperidol,8,0.19170886,0.00052400515,0.439647208644079,0.3834928557286721,5,extra_trees,0.38349286,0.6660402263244615
1490,"(4R,12aR)-4,7-bis(dimethylamino)-10,12a-dihydroxy-1,3,11,12-tetraoxo-4,4a,5,5a,6,11a-hexahydrotetracene-2-carboxamide; minocycline",13,0.100801095,0.0005062066,0.7795636742864995,0.8305827223756865,5,extra_trees,0.83058274,0.7853621855263733
241,Medroxyprogesterone Acetate; Medroxyprogesterone acetate,146,0.042380158,0.000103248014,0.9980074829595924,0.8497382229197386,5,extra_trees,0.84973824,0.7961524487359537
1232,Phenacetin; phenacetin,6,0.12336578,0.00037690668,0.6951912560058989,0.7150436693515396,5,extra_trees,0.71504366,0.751525424653043
5358,Novobiocin; novobiocin,11,0.16153693,0.00019689107,0.5524641479584547,0.5167730027942454,5,extra_trees,0.516773,0.8033347876611211
938,RP107; aloisine,25,0.12682407,0.00060606777,0.6822602405534067,0.709819983245115,5,extra_trees,0.70982,0.6991376130313925
2278,"(7R,9S)-9-acetyl-7-[[(2R,4S,5S,6S)-4-amino-5-hydroxy-6-methyl-2-oxanyl]oxy]-6,9,11-trihydroxy-4-methoxy-8,10-dihydro-7H-tetracene-5,12-dione; daunorubicin",325,0.06741417,0.0010735008,0.9044019160436098,0.9936753681671956,5,extra_trees,0.99367535,0.9556622506276602
6992,"1-[(3R,9R,10S)-12-[(2S)-1-hydroxypropan-2-yl]-9-[[(4-methoxyphenyl)methyl-methylamino]methyl]-3,10-dimethyl-13-oxo-2,8-dioxa-12-azabicyclo[12.4.0]octadeca-1(14),15,17-trien-16-yl]-3-[4-(trifluoromethyl)phenyl]urea; BRD-K69406317",12,0.08622628,0.00041021372,0.8340608847524276,0.8995766871760933,5,extra_trees,0.89957666,0.897354920886457
247,Pharmakon1600-01500299; fludrocortisone-acetate,14,0.09040314,0.00037209166,0.8184430385906261,0.8781936411602056,5,extra_trees,0.8781936,0.8480675319482883
5343,Norcyclobenzaprine; norcyclobenzaprine,5,0.08898978,0.0008127716,0.8237277833633128,0.8863607069112137,5,extra_trees,0.8863607,0.7164662988695006
2514,"(1R,2S,8R,11R,12S,15S,16S)-2,16-dimethyl-5-thiapentacyclo[9.7.0.02,8.04,6.012,16]octadecan-15-ol; epitiostanol",8,0.12086597,0.00069527316,0.7045383847135245,0.7324100139946585,5,extra_trees,0.73241,0.7784742083363234
8197,1-(2-Fluorophenyl)-3-(4-morpholinyl)-2-phenyl-1-propanone; BRD-A49848186,11,0.1137229,0.0006898852,0.7312472924535443,0.7710557157998376,5,extra_trees,0.7710557,0.7112767960792407
1800,"FPL-64176; methyl 2,5-dimethyl-4-(2-(phenylmethyl)benzoyl)-1H-pyrrole-3-carboxylate; methyl 4-(2-benzylbenzoyl)-2,5-dimethyl-1H-pyrrole-3-carboxylate",6,0.15504445,0.0026997193,0.5767404114311525,0.5839658738479037,5,extra_trees,0.5839659,0.6640644982000812
5471,Erythrosin(E); erythrosine,16,0.18288238,0.00080475543,0.4726506147410556,0.4477997711359505,5,extra_trees,0.44779977,0.7228023534693893
3547,5-Azacytidine; Azacitidine; Azacytidine,300,0.08350874,0.010341431,0.8442221354667302,0.8802451941957478,5,extra_trees,0.8802452,0.775734091752519
24204,Deferasirox,10,0.08761649,0.0010702013,0.8288627009702089,0.8929392913921309,5,extra_trees,0.89293927,0.702701149223683
5163,Indacaterol (maleate); Indacaterol maleate,144,0.042954836,0.000272823,0.995858683958292,0.8647692649517947,5,extra_trees,0.8647693,0.7264830328263346
652,Tamibarotene; tamibarotene,50,0.1233282,0.0007631885,0.6953317727239026,0.7266716560212533,5,extra_trees,0.72667164,0.7307593389551732
1813,nintedanib,50,0.15838356,0.014033456,0.5642550261663044,0.7662545418842329,5,extra_trees,0.76625454,0.6990729884810395
1226,Pelitinib; pelitinib,77,0.11243624,0.0035168768,0.7360582887384434,0.8768707830151398,5,extra_trees,0.8768708,0.7416704381623619
1836,CP-724714; Cp-724714,24,0.11540964,0.0004782256,0.7249403427748486,0.7631717619190158,5,extra_trees,0.76317173,0.6803357970487943
6647,Cephaeline; cephaeline,22,0.060955122,0.00035633612,0.9285531727330107,1.0,5,hist_gradient_boosting,1.0,0.8798121674147533
3955,Clonazepam; clonazepam,10,0.1441904,0.0011358057,0.6173251768129229,0.6286486446345223,5,hist_gradient_boosting,0.62864864,0.7518539610833082
1175,N-((1R)-1-(Ethoxycarbonyl)-3-phenylpropyl)-L-alanyl-L-proline; enalapril,7,0.116522424,0.00059738907,0.7207794924415087,0.7514987732969376,5,hist_gradient_boosting,0.75149876,0.6882100947920196
4122,Coumarin; coumarin,6,0.08322487,0.00077055197,0.845283563905785,0.9321370933069494,5,hist_gradient_boosting,0.9321371,0.7426188595360734
6432,"BRD-A25416824; benzoic acid [3-hydroxy-10-(hydroxymethyl)-13-methyl-2,3,4,7,8,9,11,12,14,15,16,17-dodecahydro-1H-cyclopenta[a]phenanthren-17-yl] ester",5,0.16903803,0.0005134891,0.5244165174790301,0.5125091938159058,5,hist_gradient_boosting,0.51250917,0.7268484096698661
2821,PIK-75; Pik-75,72,0.09735851,0.0006768375,0.7924359666134928,0.8475438966394352,5,hist_gradient_boosting,0.8475439,0.7219016565930899
579,BS-181,10,0.18597946,0.0005448174,0.4610702124793584,0.4396533535592801,5,hist_gradient_boosting,0.43965337,0.6873299388180546
5132,Almonertinib (hydrochloride); HS-10296 hydrochloride,145,0.04068408,0.000119613615,1.0,0.8748595572116311,5,hist_gradient_boosting,0.8748596,0.7315945622518096
1829,Sinomenine,143,0.04272854,0.00015931553,0.99670483540101,0.8405394514579436,5,hist_gradient_boosting,0.84053946,0.7619211512503666
114,WZ-4002,48,0.094008625,0.00037242603,0.8049616410650489,0.8632014741130167,5,hist_gradient_boosting,0.8632015,0.6485926559811901
2541,"3-[(3S,5R,10S,13R,14S,16S,17R)-3,14,16-trihydroxy-10,13-dimethyl-1,2,3,4,5,6,7,8,9,11,12,15,16,17-tetradecahydrocyclopenta[a]phenanthren-17-yl]-2H-furan-5-one; gitoxigenin",14,0.113289475,0.0005977037,0.7328679273258356,0.773081553808478,5,hist_gradient_boosting,0.77308154,0.8635168975903705
198,(R)-2-((R)-2-Acetamido-3-(4-hydroxyphenyl)propanamido)-N-((R)-1-amino-1-oxo-3-phenylpropan-2-yl)-5-guanidinopentanamide; DTP3,140,0.048160017,0.00014811817,0.9763958060781784,0.7493618220064271,5,hist_gradient_boosting,0.7493618,0.8320353966617098
2504,"(2R)-2-methyl-6-nitro-2-[[4-[4-[4-(trifluoromethoxy)phenoxy]piperidin-1-yl]phenoxy]methyl]-3H-imidazo[2,1-b][1,3]oxazole; Delamanid",142,0.042564668,0.00012751644,0.9973175750394532,0.8430781884346507,5,hist_gradient_boosting,0.8430782,0.818014999835573
4202,Erteberel; erteberel,8,0.11283126,0.00017501935,0.7345812553710729,0.7752232768592753,5,hist_gradient_boosting,0.77522326,0.69142833472684
1374,Benzbromarone; benzbromarone,12,0.121905506,0.00088594854,0.7006514185888149,0.732847844883586,5,hist_gradient_boosting,0.73284787,0.6680827234083517
4762,nimodipine,13,0.10938084,0.0014247898,0.7474828438259418,0.7881035197941555,5,hist_gradient_boosting,0.7881035,0.8289329292032664
2059,CID 6713947; tubocurarine,7,0.09058571,0.00023937103,0.8177603845936618,0.8792004066555825,5,hist_gradient_boosting,0.8792004,0.7730891964811716
2332,7-Amino-4-chloro-3-methoxyisocoumarin; JLK-6,13,0.18077628,0.00079279783,0.4805256083490219,0.4576438322827426,5,hist_gradient_boosting,0.45764384,0.6612389774589623
6689,"2-(dimethylamino)-1-[(8S,9S,10R)-10-(hydroxymethyl)-9-[4-[(E)-2-phenylethenyl]phenyl]-1,6-diazabicyclo[6.2.0]decan-6-yl]ethanone; BRD-K49477330",13,0.089423865,0.0006861586,0.8221046806614876,0.8846309470001636,5,hist_gradient_boosting,0.8846309,0.8705332359282499
4191,5-chloro-7-iodoquinolin-8-ol; Clioquinol; clioquinol,13,0.10856458,0.001020416,0.7505349506976186,0.8211757456137956,5,hist_gradient_boosting,0.82117575,0.6447638453654029
1046,"4-N-(7-chloroquinolin-4-yl)-1-N,1-N-diethylpentane-1,4-diamine; Chloroquine; chloroquine",29,0.24878982,0.03170707,0.2262137557517285,0.7430094815376871,5,hist_gradient_boosting,0.7430095,0.6517869624554936
602,Promethazine; promethazine,7,0.11391719,0.00066707,0.7305208157866758,0.7635310030209032,5,hist_gradient_boosting,0.763531,0.7906284488417457
5220,"2,6-Difluoro-4-(4-(4-morpholinophenyl)pyridin-3-yl)phenol; LJI308",159,0.048396964,0.00037400375,0.9755098291015738,0.8360259076896124,5,hist_gradient_boosting,0.8360259,0.7029533064328396
430,Ixazomib citrate,143,0.04129164,0.00013923344,1.0,0.864660557100391,5,hist_gradient_boosting,0.86466056,0.7400045422912287
7656,"BRD-K91047982; N-(2,4-dimethylphenyl)-4-[2-(2-furylmethylene)hydrazino]-4-oxobutanamide",7,0.15979835,0.00049749366,0.5589649344296279,0.5556960626171168,5,hist_gradient_boosting,0.55569607,0.6767481845174871
1458,TAS-103; TAS-103 free base,68,0.09814207,0.0007311185,0.7895061294778116,0.8438814954620089,5,hist_gradient_boosting,0.8438815,0.7690491335261144
3502,Cladribine; cladribine,53,0.081729166,0.0004300387,0.8508762040650413,0.9205964727394622,5,hist_gradient_boosting,0.9205965,0.6975482590382559
481,N1-(4-Chlorophenyl)-N5-isopropylbiguanide; proguanil,5,0.1931283,0.0006147042,0.4343397299265956,0.3702505021843163,5,hist_gradient_boosting,0.3702505,0.7696317227936323
2174,"1-(2,4-dimethoxyphenyl)-3-(2,6-dimethylphenyl)-1-[6-[4-(4-methylpiperazin-1-yl)anilino]pyrimidin-4-yl]urea; HG-9-91-01",22,0.18022668,0.0008524792,0.4825806373063069,0.4602126964439479,5,hist_gradient_boosting,0.4602127,0.692448743516932
6561,(3-Isopropoxyphenyl)(1-((5-methyl-1-propyl-1H-pyrazol-4-yl)methyl)piperidin-3-yl)methanone; BRD-A12083771,8,0.21470019,0.00046758814,0.353679506830944,0.2990813153357244,5,hist_gradient_boosting,0.29908133,0.6748658269167443
6378,"BRD-K38625260; N-[3-(1,3-benzothiazol-2-yl)-6-propan-2-yl-5,7-dihydro-4H-thieno[2,3-c]pyridin-2-yl]-2,2-difluoroacetamide",11,0.11381796,0.00053754344,0.7308918502179557,0.7706113864620405,5,hist_gradient_boosting,0.7706114,0.7379310738383966
6704,"BRD-K51608872; N2,N2-dimethyl-6-[[[1-(1-naphthalenyl)-5-tetrazolyl]thio]methyl]-1,3,5-triazine-2,4-diamine",13,0.14002615,0.0009340641,0.632895872474085,0.6481125857696394,5,hist_gradient_boosting,0.6481126,0.6858619902776529
1076,Barasertib; barasertib,20,0.2541688,0.0064339815,0.2061010198335013,0.7801288721473464,5,hist_gradient_boosting,0.7801289,0.7876269186451523
8382,BRD-K43796186; N-Benzylquinazolin-4-amine,7,0.12140507,0.00083663425,0.7025226166806415,0.7351486966374008,5,hist_gradient_boosting,0.73514867,0.6562461809796126
20107,nifenazone,5,0.15113322,0.00026300692,0.5913650309882893,0.5620044394461075,5,hist_gradient_boosting,0.56200445,0.6507475507766337
2140,ASC-J9; Dimethoxycurcumin,10,0.12062623,0.00014538021,0.70543480509602,0.7387890409146384,5,hist_gradient_boosting,0.738789,0.7296287892718646
5380,(-)-Hydrastine; hydrastine,5,0.11319263,0.0005073522,0.7332300439185727,0.7612876517560049,5,hist_gradient_boosting,0.7612876,0.7162203225767944
3211,"3,5-diamino-N-(N'-benzylcarbamimidoyl)-6-chloropyrazine-2-carboxamide; Benzamil",14,0.1380663,0.0012498865,0.6402240174921623,0.6705841868632364,5,hist_gradient_boosting,0.6705842,0.7113733726287508
5215,ERK5-IN-2; Erk5-IN-2,143,0.04967182,9.692788e-05,0.9707429695739744,0.7239833782258824,5,hist_gradient_boosting,0.7239834,0.7120127080368428
2757,SB-743921; Sb-743921,119,0.09246724,0.00046925925,0.8107250886802689,0.8704059873065493,5,hist_gradient_boosting,0.870406,0.7216103113500906
3080,"8-[3-chloro-5-[4-(1-methylpyrazol-4-yl)phenyl]pyridin-4-yl]-2,8-diazaspiro[4.5]decan-1-one; Cct251545",8,0.0996103,0.0008818541,0.7840162183316057,0.8339801946475105,5,hist_gradient_boosting,0.8339802,0.6940454929399418
24205,Ascorbic acid,5,0.071457736,8.901177e-05,0.8892824742301204,0.9519911288410526,5,hist_gradient_boosting,0.95199114,0.8267280388574855
7456,"(10R,11S)-10-[[1,3-benzodioxol-5-ylmethyl(methyl)amino]methyl]-13-[(2R)-1-hydroxypropan-2-yl]-11-methyl-9-oxa-13-azatricyclo[13.4.0.02,7]nonadeca-1(19),2,4,6,15,17-hexaen-14-one; BRD-K39597586",7,0.16672732,0.0007197016,0.5330565756338488,0.5233095951807771,5,hist_gradient_boosting,0.5233096,0.698084574857853
1780,Fenbendazole; fenbendazole,34,0.10484469,0.0005886775,0.7644441240380762,0.8119951739467335,5,hist_gradient_boosting,0.81199515,0.7595854074479127
2956,SB-2343; Vs-5584,57,0.09706927,0.00060003035,0.7935174742110277,0.8488958336708055,5,hist_gradient_boosting,0.84889585,0.8016611326580934
2149,Trimetazidine; trimetazidine,5,0.114133015,0.0002688205,0.7297138168334261,0.7572363683479691,5,hist_gradient_boosting,0.75723636,0.7083082305228664
944,Losartan; [2-butyl-5-chloro-3-[[4-[2-(2H-tetrazol-5-yl)phenyl]phenyl]methyl]imidazol-4-yl]methanol,11,0.20726281,0.003405157,0.3814888795862815,0.3995112779550636,5,hist_gradient_boosting,0.39951128,0.6721423954364756
7340,"BRD-K02562327; N-(2-aminophenyl)-4-[[[(2R,3R)-9-(dimethylamino)-5-[(2R)-1-hydroxypropan-2-yl]-3-methyl-6-oxo-2,3,4,7-tetrahydro-1,5-benzoxazonin-2-yl]methyl-methylamino]methyl]benzamide",14,0.090532236,0.00043068547,0.8179603311338035,0.8794503602780781,5,hist_gradient_boosting,0.8794504,0.8834102635911102
2526,"[(13S,17S)-17-hydroxy-13-methyl-6,7,8,9,11,12,14,15,16,17-decahydrocyclopenta[a]phenanthren-3-yl] N,N-bis(2-chloroethyl)carbamate; estramustine",9,0.15855843,0.0008384163,0.563601163513902,0.5614915170488546,5,hist_gradient_boosting,0.5614915,0.7311199756452363
1469,"N,N-dimethyl-2-[5-(1,2,4-triazol-1-ylmethyl)-1H-indol-3-yl]ethanamine; Rizatriptan; rizatriptan",11,0.116588235,0.0014369925,0.7205334161847622,0.7553707882649706,5,hist_gradient_boosting,0.7553708,0.6568314227982153
8083,BRD-K20032655; N'-benzoyl-2-phenyl-4-thiazolecarbohydrazide,10,0.13590042,0.0010656216,0.6483225366297256,0.6673964872178149,5,hist_gradient_boosting,0.6673965,0.6511740252820214
2781,Linifanib; linifanib,113,0.119901545,0.009461561,0.7081445006198741,0.8590664753704016,5,hist_gradient_boosting,0.8590665,0.703158488242313
1324,Vindesine; vindesine,9,0.10051459,0.00027348948,0.7806349553480114,0.8327921858178498,5,hist_gradient_boosting,0.83279216,0.7579299633750317
610,Bethanechol; bethanechol,5,0.13665219,0.00045307507,0.6455115666165919,0.645290680052889,5,hist_gradient_boosting,0.6452907,0.7632540335684033
7353,"BRD-K61105081; N-(2-aminophenyl)-4-[[[(2R,3R)-8-(dimethylamino)-5-[(2R)-1-hydroxypropan-2-yl]-3-methyl-6-oxo-3,4-dihydro-2H-1,5-benzoxazocin-2-yl]methyl-methylamino]methyl]benzamide",7,0.08827768,0.00018406019,0.826390421864919,0.8899882955492529,5,hist_gradient_boosting,0.8899883,0.8425253078613003
7968,BG-1005; Crebinostat,42,0.09476846,0.00024774333,0.8021205149228385,0.8596499765553547,5,hist_gradient_boosting,0.85964996,0.680747299945407
1366,TAK-715; Tak-715,35,0.10215591,0.0004963722,0.7744978372108731,0.8251205355222073,5,hist_gradient_boosting,0.8251205,0.6842290824559317
7988,2-(1-naphthalenylamino)-N-[(5-nitro-2-furanyl)methylideneamino]acetamide; BRD-K23673040,7,0.11597001,0.00070180633,0.7228450433265337,0.7605525754803297,5,hist_gradient_boosting,0.7605526,0.7986289502459295
2274,OSI-027,52,0.10366892,0.00044834972,0.7688404875699305,0.8182810995020533,5,hist_gradient_boosting,0.8182811,0.6554943458459379
698,"4-(4-(trifluoromethyl)phenyl)-N-(6-fluoro-1H-indazol-5-yl)-2-methyl-6-oxo-1,4,5,6-tetrahydro-3-pyridinecarboxamide; GSK-429286A",29,0.15171157,0.0007626624,0.5892025018808551,0.5950633892389681,5,hist_gradient_boosting,0.5950634,0.7076509449040437
1937,"KPT-185; propan-2-yl (Z)-3-[3-[3-methoxy-5-(trifluoromethyl)phenyl]-1,2,4-triazol-1-yl]prop-2-enoate",6,0.107859395,0.00018622131,0.753171733076154,0.7984621076218212,5,hist_gradient_boosting,0.7984621,0.6367160586048733
8220,"7-chloro-4-[(2-fluorophenyl)-oxomethyl]-5-phenyl-3,5-dihydro-1H-1,4-benzodiazepin-2-one; EMF-sumo1-1",7,0.20054124,0.0005298967,0.4066217416467241,0.3652611720612454,5,hist_gradient_boosting,0.36526117,0.645998553533139
7106,3-(1H-benzimidazol-2-yl)-6-methoxy-1-benzopyran-2-imine; BRD-K67808578,9,0.12973686,0.00029938205,0.6713689236020046,0.6962053869905636,5,hist_gradient_boosting,0.6962054,0.6106604138019933
5186,Bosentan (hydrate); Bosentan Monohydrate,147,0.041843224,0.00027633677,1.0,0.8941879523946934,5,hist_gradient_boosting,0.8941879,0.7024443921128253
3589,"(Z)-3-[3-[3,5-bis(trifluoromethyl)phenyl]-1,2,4-triazol-1-yl]-N'-pyrazin-2-ylprop-2-enehydrazide; Selinexor",162,0.06870101,0.010407496,0.8995902467142923,0.8488970666541983,5,hist_gradient_boosting,0.84889704,0.6773264647511571
1438,Pheniramine; pheniramine,7,0.0958816,0.00020097372,0.7979583334572047,0.8481683476917965,5,hist_gradient_boosting,0.8481684,0.6825358653872015
6368,2-(4-Isobutylpiperazin-1-yl)-2-oxoethyl 4-(methylsulfonyl)-3-nitrobenzoate; BRD-K95352812,6,0.15684813,0.0004294964,0.569996207228685,0.5694855750980553,5,hist_gradient_boosting,0.5694856,0.7565108992773395
1329,"2-((2,6-Dimethylphenyl)amino)-N,N,N-triethyl-2-oxoethanaminium; QX-314; [2-(2,6-dimethylanilino)-2-oxoethyl]-triethylazanium",6,0.117311575,0.00054421613,0.7178287497983673,0.8035785788926546,5,hist_gradient_boosting,0.80357856,0.6737652290275951
6472,rhodomyrtoxin B; rhodomyrtoxin-b,14,0.12625806,0.00040713127,0.6843766287268291,0.7124654977087006,5,hist_gradient_boosting,0.7124655,0.7014876091116091
6526,"BRD-K09517037; N-[(3R,9R,10S)-12-[(2R)-1-hydroxypropan-2-yl]-3,10-dimethyl-9-[[methyl(propyl)amino]methyl]-13-oxo-2,8-dioxa-12-azabicyclo[12.4.0]octadeca-1(14),15,17-trien-16-yl]benzamide",5,0.13151273,0.0023762353,0.6647287047621684,0.6879048458449428,5,hist_gradient_boosting,0.68790483,0.7995985056683217
3610,Scriptaid; scriptaid,48,0.08565002,0.00048070168,0.836215599066338,0.902416829714766,5,hist_gradient_boosting,0.9024168,0.7827684124439803
6606,"I-070759; diethyl (1S,4R,6E,9R,12R,13S,15R,16R)-16-[(4-bromophenyl)carbamoyloxy]-15-(hydroxymethyl)-13-methoxy-3,10-dioxo-2,11,14-trioxabicyclo[10.4.0]hexadec-6-ene-4,9-dicarboxylate",13,0.12837431,0.00039584446,0.6764636828919408,0.702574041237674,5,hist_gradient_boosting,0.702574,0.7719512279641312
6372,MLN-9708; Mln9708,86,0.07868237,0.00040813442,0.8622685876293437,0.934837399200004,5,hist_gradient_boosting,0.9348374,0.7349608211632879
3315,Capivasertib,141,0.04508607,0.00018107855,0.9878897109147138,0.8009638356480819,5,hist_gradient_boosting,0.8009638,0.8598061475123692
4450,atorvastatin,64,0.098664194,0.00074697396,0.7875538370118481,0.8492079351803854,5,hist_gradient_boosting,0.84920794,0.6219189423968936
1153,"SR8278; ethyl 2-(5-methylsulfanylthiophene-2-carbonyl)-3,4-dihydro-1H-isoquinoline-3-carboxylate",5,0.09193116,0.0006619662,0.8127295645234667,0.8855918876355734,5,hist_gradient_boosting,0.88559186,0.6863338820981482
3734,Asciminib,140,0.050452165,0.00010038438,0.9678251537594316,0.7108837812059695,5,hist_gradient_boosting,0.7108838,0.7086249295469155
1917,Nicergoline; nicergoline,14,0.15200217,0.0006782587,0.5881159090588263,0.5839196173030968,5,hist_gradient_boosting,0.58391964,0.7916550140501556
6709,"BRD-K69894866; N-[[(2S,3R,4R)-3-[4-(1-cyclopentenyl)phenyl]-4-(hydroxymethyl)-2-azetidinyl]methyl]-N-methyl-2-pyridinecarboxamide",13,0.12083133,0.0008158506,0.7046679083726954,0.7378304062803794,5,hist_gradient_boosting,0.7378304,0.7431297450662745
8339,5-(2-Phenylethyl)-8-quinolinol; BRD-K95138506,11,0.10951746,0.0008681327,0.7469720031124332,0.7907121736584569,5,hist_gradient_boosting,0.7907122,0.7381451092175939
1914,"(1R,9S,12S,15R,16Z,18R,19R,21R,23S,24E,26E,28E,30S,32S,35R)-12-[(2R)-1-[(1S,3R,4R)-4-dimethylphosphoryloxy-3-methoxycyclohexyl]propan-2-yl]-1,18-dihydroxy-19,30-dimethoxy-15,17,21,23,29,35-hexamethyl-11,36-dioxa-4-azatricyclo[30.3.1.04,9]hexatriaconta-16,24,26,28-tetraene-2,3,10,14,20-pentone; deforolimus",68,0.08570031,0.00041653527,0.8360275579341293,0.9020350770563356,5,hist_gradient_boosting,0.90203506,0.8652464910015973
3077,PF-477736,47,0.11200621,0.00072203454,0.737666229245178,0.7790796423570328,5,hist_gradient_boosting,0.7790796,0.8214856620539696
7411,"BRD-K33045404; N-(2-aminophenyl)-4-[[[(2S,3S)-10-[[anilino(oxo)methyl]amino]-5-[(2R)-1-hydroxypropan-2-yl]-3-methyl-6-oxo-3,4-dihydro-2H-1,5-benzoxazocin-2-yl]methyl-methylamino]methyl]benzamide",6,0.094195865,0.0013690607,0.8042615253045647,0.8623263090550003,5,hist_gradient_boosting,0.8623263,0.8932993398882375
1755,(+)-Niguldipine; dexniguldipine,40,0.105214536,0.00054867385,0.7630612196717441,0.8108243439445684,5,hist_gradient_boosting,0.81082433,0.81575333791447
6235,"10,11-dihydroxy-N-allylnoraporphine; BRD-K07079548",5,0.15796207,0.0001977957,0.5658310344545252,0.5642789381184081,5,hist_gradient_boosting,0.56427896,0.7801639781305767
5537,Fumaric Acid; Fumaric acid,139,0.05039673,0.00014145015,0.9680324327445972,0.7118143433384649,5,hist_gradient_boosting,0.71181434,0.8800596135924157
7072,2-chloro-N-[3-cyano-4-[(4-methoxyphenyl)thio]phenyl]benzamide; BRD-K40087974,7,0.13002704,0.00015384157,0.6702839012169517,0.6948490376645696,5,hist_gradient_boosting,0.694849,0.6092557175102373
1358,N-[(2R)-1-[[[[2-(2-ethylanilino)-2-oxoethyl]thio]-oxomethyl]hydrazo]-3-(1H-indol-3-yl)-1-oxopropan-2-yl]carbamic acid tert-butyl ester; SID-26681509,9,0.12877338,0.0005445144,0.674971506025158,0.7007088041847229,5,hist_gradient_boosting,0.7007088,0.7254412943859522
4121,Brexpiprazole; brexpiprazole,5,0.16512516,0.0005258069,0.5390472692186451,0.5307982200534476,5,hist_gradient_boosting,0.5307982,0.6940346171032058
6418,BRD-A47144777; Dihydro-7-desacetyldeoxygedunin,5,0.1743958,0.0001813055,0.5043830886280956,0.4874666114938533,5,hist_gradient_boosting,0.4874666,0.8355817156910325
5167,Lumateperone (tosylate); Lumateperone Tosylate,138,0.048498116,0.00014121247,0.9751316080515604,0.7436861852649672,5,hist_gradient_boosting,0.7436862,0.7280530469304635
6688,"2-(dimethylamino)-1-[(8S,9R,10R)-10-(hydroxymethyl)-9-[4-[(E)-2-phenylethenyl]phenyl]-1,6-diazabicyclo[6.2.0]decan-6-yl]ethanone; BRD-K84447616",5,0.11684127,0.00040457078,0.7195872839937021,0.7564802271675207,5,hist_gradient_boosting,0.7564802,0.8705332359282499
7354,"BRD-K07005393; N'-(2-aminophenyl)-N-[(2S,3R)-2-[[(3,4-dichlorophenyl)methyl-methylamino]methyl]-5-[(2R)-1-hydroxypropan-2-yl]-3-methyl-6-oxo-3,4-dihydro-2H-1,5-benzoxazocin-8-yl]heptanediamide",10,0.087490216,0.00026363722,0.8293348565862064,0.8936689469572896,5,hist_gradient_boosting,0.89366895,0.8266915176789813
6506,2-chloro-N-heptyl-N-(3-methylphenyl)acetamide; BRD-K19499941,18,0.096517116,0.0005310593,0.7955820529207818,0.8514766296195326,5,hist_gradient_boosting,0.8514766,0.6624166671316319
6445,"(9E,11E)-16-chloro-17,19-dihydroxy-4-methyl-3,7-dioxatricyclo[13.4.0.06,8]nonadeca-1(15),9,11,16,18-pentaene-2,13-dione; radicicol",188,0.08299365,0.00069752795,0.8461481268524799,0.9146248941653802,5,hist_gradient_boosting,0.91462487,0.7604881171444011
2890,2-methyl-2H-pyrazole-3-carboxylic acid (2-methyl-4-o-tolylazophenyl)amide; CH-223191,7,0.14733855,0.0007203701,0.6055538168932043,0.6187269706865361,5,hist_gradient_boosting,0.61872697,0.5918313877784289
6551,"1-[(4S,7S,8R)-8-methoxy-4,7,10-trimethyl-11-oxo-5-[[4-(2-pyridinyl)phenyl]methyl]-2-oxa-5,10-diazabicyclo[10.4.0]hexadeca-1(12),13,15-trien-14-yl]-3-propylurea; BRD-K83694683",7,0.11324104,0.00014563857,0.7330490323613998,0.7733079311147668,5,hist_gradient_boosting,0.7733079,0.7486838166648228
1048,"10-DEBC; 4-(2-Chloro-10h-Phenoxazin-10-Yl)-N,N-Diethylbutan-1-Amine",17,0.16305421,0.00044830167,0.5467908322082551,0.5404779732433884,5,hist_gradient_boosting,0.540478,0.7559079327630159
3235,DU-728; Fibronectin tetrapeptide,5,0.14440736,0.00016215027,0.616513933940702,0.6276344642063685,5,hist_gradient_boosting,0.62763447,0.76138025666358
923,BMS-265246; Sdccgsbi-0654469.P001,46,0.14613108,0.0073403935,0.6100687110253971,0.8345965470041933,5,hist_gradient_boosting,0.8345966,0.6527332764581965
9707,eucatropine,6,0.11061569,0.00020089306,0.7428655721594505,0.7699015135686776,5,hist_gradient_boosting,0.7699015,0.7539346573110145
4050,Hydroxyfasudil; hydroxyfasudil,145,0.04122825,0.00015414086,1.0,0.8838425948123959,5,hist_gradient_boosting,0.8838426,0.6689506739984987
5245,Bisacodyl; bisacodyl,15,0.12894122,0.00048034452,0.6743439294964266,0.6949180629339361,5,hist_gradient_boosting,0.69491804,0.6900004048956977
112,4-(4-((4-((3-acrylamidophenyl)amino)-5-fluoropyrimidin-2-yl)amino)phenoxy)-N-methylpicolinamide; CNX-774,28,0.11534036,0.0010172736,0.7251993900931906,0.7634955609227702,5,hist_gradient_boosting,0.76349556,0.7017985495731033
7659,"2-(2,4-dichlorophenoxy)-N-(4-methyl-2-nitrophenyl)acetamide; BRD-K31841256",5,0.1731706,0.0013329001,0.5089642776354931,0.4931933223045001,5,hist_gradient_boosting,0.49319333,0.7199615314359202
578,2-phenyl-N-(5-propan-2-yl-2-thiazolyl)acetamide; BML-259,16,0.13100639,0.0005953703,0.6666219787109161,0.6902715152705073,5,hist_gradient_boosting,0.6902715,0.6500594920379047
70,thiostrepton,40,0.0853458,0.000424798,0.8373531189160202,0.9049245942228104,5,hist_gradient_boosting,0.9049246,0.7049894678328876
2664,Dapivirine; dapivirine,6,0.16257693,0.00022683751,0.5485754468748,0.542708832197293,5,hist_gradient_boosting,0.5427088,0.6844971893333422
593,Fenretinide; fenretinide,47,0.11455106,0.0009118863,0.7281506898675449,0.774925006251693,5,hist_gradient_boosting,0.774925,0.7917304828966628
4069,Trifluridine,201,0.053690843,0.0005659569,0.9557152973669236,0.866279060850349,5,hist_gradient_boosting,0.86627907,0.68605321542403
1923,"(6-Chloro-9-(4-methoxy-3,5-dimethylpyridin-2-ylmethyl)-9H-purin-2-yl)amine; BIIB-021",113,0.09209053,0.00053963304,0.8121336584737531,0.8721667939096492,5,hist_gradient_boosting,0.8721668,0.7825860919163157
2045,"Ivabradine, (-)-; ivabradine",6,0.07090253,0.0011633516,0.8913584647819007,0.9485564629453286,5,hist_gradient_boosting,0.9485565,0.7033274288464493
1671,AZD-2014; Vistusertib,50,0.07438242,0.00061210286,0.8783466839992096,0.9549356631645508,5,hist_gradient_boosting,0.95493567,0.8241908728739066
3185,4-(3-(4-(Diphenylmethyl)-1-piperazinyl)-2-hydroxypropoxy)-1H-indole-2-carbonitrile; DPI-201106,7,0.12626457,0.0001637992,0.6843522869536998,0.7124350932516912,5,hist_gradient_boosting,0.71243507,0.6272218155026735
6845,"3-[(3S,5S,8R,10R,13R,14S,17R)-5,14-dihydroxy-3-[(2R,4R,5S,6R)-5-hydroxy-4-methoxy-6-methyl-tetrahydropyran-2-yl]oxy-10,13-dimethyl-2,3,4,6,7,8,9,11,12,15,16,17-dodecahydro-1H-cyclopenta[a]phenanthren-17-yl]-2H-furan-5-one; periplocymarin",14,0.08172714,0.000100715006,0.8508837795538831,0.9206059339787076,5,hist_gradient_boosting,0.92060596,0.8970133329959279
1209,"1-[4-amino-2-(ethoxymethyl)imidazo[4,5-c]quinolin-1-yl]-2-methylpropan-2-ol; Resiquimod; resiquimod",5,0.105910435,0.001593908,0.7604591589069227,0.828233153549922,5,hist_gradient_boosting,0.8282332,0.7566993532842428
1136,Clofibrate; clofibrate; ethyl 2-(4-chlorophenoxy)-2-methylpropanoate,11,0.2352676,0.0031857297,0.2767751707203976,0.2671660546722739,5,hist_gradient_boosting,0.26716605,0.7484615715329788
294,"(6S,8S,10R,11S,13S,14S,17S)-17-acetyl-11-hydroxy-6,10,13-trimethyl-1,2,6,7,8,9,11,12,14,15,16,17-dodecahydrocyclopenta[a]phenanthren-3-one; medrysone",37,0.10719998,0.00094428647,0.7556373752156522,0.8020064633030591,5,hist_gradient_boosting,0.8020065,0.8477985676965135
6239,"BRD-K94991378; dimethyl 2-[3-[(3R,4S,6R,7R,8S,8aS)-6-[2-(2-hydroxyethoxy)phenyl]-1'-(2-methoxyethoxycarbonyl)-1,2'-dioxo-3,4-diphenyl-8-(prop-2-enylcarbamoyl)spiro[4,6,8,8a-tetrahydro-3H-pyrrolo[2,1-c][1,4]oxazine-7,3'-indole]-5'-yl]prop-2-ynyl]propanedioate",12,0.12668996,0.00046768284,0.6827616960364153,0.7104468721056365,5,hist_gradient_boosting,0.7104469,0.7227356480314615
3102,"MGCD-265; N-(3-fluoro-4-(2-(1-methyl-1H-imidazol-4-yl)thieno[3,2-b]pyridin-7-yloxy)phenylcarbamothioyl)-2-phenylacetamide",15,0.19582401,0.0007509253,0.4242601045436933,0.387309712351547,5,hist_gradient_boosting,0.3873097,0.6751027469303326
7414,"BRD-K71303366; N-(2-aminophenyl)-4-[[[(2S,3S)-9-(dimethylamino)-5-[(2R)-1-hydroxypropan-2-yl]-3-methyl-6-oxo-2,3,4,7-tetrahydro-1,5-benzoxazonin-2-yl]methyl-methylamino]methyl]benzamide",8,0.082334414,0.0005113669,0.8486130996866954,0.9177675011871552,5,hist_gradient_boosting,0.9177675,0.8834102635911102
895,Carboprostacyclin; carbacyclin,7,0.15254842,0.0015952676,0.5860734062059934,0.5895827445683942,5,hist_gradient_boosting,0.58958274,0.6628553807063131
1978,(-)-Arctigenin; arctigenin,11,0.12043671,0.00024980577,0.7061434460858029,0.7396749105333347,5,hist_gradient_boosting,0.7396749,0.6736381347059601
4280,selegiline,14,0.12292147,0.002559666,0.6968525913698207,0.7331896766062698,5,hist_gradient_boosting,0.7331897,0.7195443281721265
3974,"9-Hydroxy-4-phenylpyrrolo[3,4-C]carbazole-1,3(2H,6H)-dione; PD-407824",26,0.10603286,0.0006063251,0.7600013952240704,0.8069994076622341,5,hist_gradient_boosting,0.8069994,0.7934377910165725
2561,"[(1R,2S,4S,5S)-9-methyl-9-oxido-3-oxa-9-azoniatricyclo[3.3.1.02,4]nonan-7-yl] (2S)-3-hydroxy-2-phenylpropanoate; scopolamine",8,0.14825062,0.0015607765,0.6021434634341958,0.5998806763939968,5,hist_gradient_boosting,0.5998807,0.6989800381313049
5365,Primaquine; primaquine,16,0.14428711,0.0011587199,0.6169635650034995,0.624456509417513,5,hist_gradient_boosting,0.6244565,0.7594777267352294
1774,Encorafenib; methyl N-[(2S)-1-[[4-[3-[5-chloro-2-fluoro-3-(methanesulfonamido)phenyl]-1-propan-2-ylpyrazol-4-yl]pyrimidin-2-yl]amino]propan-2-yl]carbamate,136,0.052365914,0.00012836205,0.960669386634294,0.6825441204884208,5,hist_gradient_boosting,0.6825441,0.7667708508927304
6354,"1,1,1-trifluoro-N-[4-[2-[4-[2-[3-(trifluoromethylsulfonylamino)phenyl]propan-2-yl]phenyl]propan-2-yl]phenyl]methanesulfonamide; BRD-K02581333",6,0.16496749,0.0005099895,0.539636818737741,0.5315351299779497,5,hist_gradient_boosting,0.53153515,0.6727824325171097
2073,KIN001-055; Whi-P97,36,0.104194775,0.0005089931,0.7668742443888293,0.815590768214608,5,hist_gradient_boosting,0.81559074,0.7009969811676279
8022,"2-[(3R,6aS,8S,10aS)-1-(1,3-benzodioxol-5-ylmethyl)-3-hydroxy-3,4,6,6a,8,9,10,10a-octahydro-2H-pyrano[2,3-c][1,5]oxazocin-8-yl]-N-(4-phenylphenyl)acetamide; BRD-K43570134",5,0.1402702,0.0012208688,0.6319833364169062,0.6469718560464643,5,hist_gradient_boosting,0.6469719,0.7567498231876271
5508,Thiabendazole; tiabendazole,8,0.12501189,0.0011353007,0.6890362274089619,0.7128241518593793,5,hist_gradient_boosting,0.71282417,0.7135014813289973
5339,Bisbenzimidazole; pibenzimol,13,0.15582803,0.0015777964,0.5738104995127582,0.5742535636896615,5,hist_gradient_boosting,0.57425356,0.7014326606343156
396,2-[1-[[(1R)-1-[3-[(E)-2-(7-chloroquinolin-2-yl)ethenyl]phenyl]-3-[2-(2-hydroxypropan-2-yl)phenyl]propyl]sulfanylmethyl]cyclopropyl]acetic acid; Montelukast,5,0.125897,0.00055822614,0.6857266810472756,0.7670690162099143,5,hist_gradient_boosting,0.76706904,0.6884213878968172
5227,entecavir,6,0.12660688,0.0016556333,0.6830723434268289,0.7108351412071601,5,hist_gradient_boosting,0.71083516,0.8262131037651174
730,"2-(2,6-dimethyl-4-morpholinyl)-N-[5-[6-(4-morpholinyl)-4-oxo-2-pyranyl]-9H-thioxanthen-2-yl]acetamide; KU-60019",13,0.16720544,0.0006209331,0.5312688200933517,0.5257313191842563,5,hist_gradient_boosting,0.5257313,0.7610301898240676
3531,"6-(trifluoromethoxy)-1,3-benzothiazol-2-amine; Riluzole; riluzole",15,0.07759947,0.00079596735,0.8663176976326991,0.927633729245165,5,hist_gradient_boosting,0.9276337,0.6466291737149295
1461,SB-590885,51,0.101605855,0.00058737653,0.7765545674748824,0.8276915467275712,5,hist_gradient_boosting,0.82769156,0.7062892183942885
5179,BI-3406,143,0.05756689,0.0001478486,0.9412222318196196,0.5914496745210536,5,hist_gradient_boosting,0.5914497,0.6986280843464321
6317,"1-[3-[4-[(1-Methyl-5-tetrazolyl)thio]-5-thieno[2,3-d]pyrimidinyl]phenyl]ethanone; BRD-K05331696",11,0.08495536,0.00016710417,0.8388130270420798,0.9055170381885042,5,hist_gradient_boosting,0.90551704,0.831527635910208
7856,2-(4-morpholinyl)-9-(3-thiophenyl)-N-[[6-(trifluoromethyl)-1H-benzimidazol-2-yl]methyl]-6-purinamine; BRD-K79222491,10,0.10220101,0.00088280934,0.7743292021927262,0.8249097543011464,5,hist_gradient_boosting,0.82490975,0.8032148414069139
5630,"(2R,4aS,6aR,6aS,14aS,14bR)-10-hydroxy-2,4a,6a,6a,9,14a-hexamethyl-11-oxo-1,3,4,5,6,13,14,14b-octahydropicene-2-carboxylic acid; Celastrol",75,0.10714157,0.008917632,0.7558557781293986,0.8199461770105484,5,hist_gradient_boosting,0.81994617,0.8225976858690709
364,"6-tert-Butyl-2,3-naphthalenedicarbonitrile; BRD-K89329876",9,0.12472872,0.000345488,0.6900950384530564,0.7196137547787193,5,hist_gradient_boosting,0.71961373,0.6389207265566694
8277,"1-Naphthalenesulfonic acid, 3-hydroxy-4-[2-(1-hydroxy-2-naphthalenyl)diazenyl]-7-nitro-; BRD-K16233984",6,0.17135894,0.0006452366,0.5157383201405064,0.5016610635732157,5,hist_gradient_boosting,0.50166106,0.747238259019021
980,Proparacaine; proxymetacaine,6,0.13629879,0.00067540206,0.6468329771579031,0.6503426469570444,5,hist_gradient_boosting,0.65034264,0.6064529095160678
373,CGP-13501; Cgp13501,6,0.16129093,0.00027594581,0.5533839753301653,0.5487196638208154,5,hist_gradient_boosting,0.54871964,0.6877205259488475
4124,Trazodone; trazodone,8,0.15717381,0.000475751,0.568778445527796,0.556550028734785,5,hist_gradient_boosting,0.55655,0.6661308465689908
3383,Benzthiazide; benzthiazide,10,0.16179971,0.0008606891,0.5514815778904134,0.5364904190377776,5,hist_gradient_boosting,0.53649044,0.7069707972459254
674,"(1S,2S,4R,8S,9S,11S,13R,19S)-19-fluoro-11-hydroxy-8-(2-hydroxyacetyl)-6,6,9,13-tetramethyl-5,7-dioxapentacyclo[10.8.0.02,9.04,8.013,18]icos-17-en-16-one; BRD-K00824317",7,0.10483857,0.00038692929,0.7644670075482991,0.8125815854776565,5,hist_gradient_boosting,0.8125816,0.8446263576610403
1786,"K252a; methyl (15S,16R,18R)-16-hydroxy-15-methyl-3-oxo-28-oxa-4,14,19-triazaoctacyclo[12.11.2.115,18.02,6.07,27.08,13.019,26.020,25]octacosa-1,6,8,10,12,20,22,24,26-nonaene-16-carboxylate",8,0.097334445,0.0031145732,0.7925259489130871,0.8668977644079732,5,hist_gradient_boosting,0.86689776,0.8260829013637825
3605,Adipiodon; adipiodone,7,0.13609862,0.00097150303,0.6475814399424369,0.6561556204283732,5,hist_gradient_boosting,0.65615565,0.6479579382898436
5714,Thiram; thiram,10,0.13109672,0.0012276636,0.6662842225869867,0.6898493245339314,5,hist_gradient_boosting,0.6898493,0.6973461672347548
260,"4,15-Diacetoxyscirpen-3-ol; anguidine",58,0.08292768,0.00026010672,0.8463947976317959,0.9149945606879136,5,hist_gradient_boosting,0.91499454,0.8866318191588994
23746,mefloquine,22,0.10126608,0.00087575126,0.7778250322928619,0.8299632717327355,5,hist_gradient_boosting,0.82996327,0.6967692940163196
6687,"2-(dimethylamino)-1-[(8R,9R,10R)-10-(hydroxymethyl)-9-[4-[(E)-2-phenylethenyl]phenyl]-1,6-diazabicyclo[6.2.0]decan-6-yl]ethanone; BRD-K55767450",7,0.11451132,0.0013465066,0.7282992831185684,0.7673705415118486,5,hist_gradient_boosting,0.7673705,0.8705332359282499
3659,Indoramin; N-[1-[2-(1H-indol-3-yl)ethyl]piperidin-4-yl]benzamide; indoramin,6,0.1103639,0.0015206173,0.7438070491266172,0.7833106476520008,5,hist_gradient_boosting,0.78331065,0.6752997676192128
4206,Nalbuphine; nalbuphine,7,0.09058702,0.00035616502,0.8177554863259507,0.8774720733165132,5,hist_gradient_boosting,0.8774721,0.8216741680782965
916,Tolbutamide; tolbutamide,10,0.15664469,0.002336079,0.5707568969868184,0.5534117146406053,5,hist_gradient_boosting,0.5534117,0.7233503103667106
1759,"Arecoline; methyl 1-methyl-3,6-dihydro-2H-pyridine-5-carboxylate",7,0.13563967,0.00050692,0.6492975162523824,0.6831108804388906,5,hist_gradient_boosting,0.6831109,0.6691072747298119
4091,inosine,9,0.5099747,0.100490324,0.0,0.7095719614570788,5,hist_gradient_boosting,0.70957196,0.7613428881935912
5166,Loperamide (hydrochloride); Loperamide Hydrochloride,176,0.05544645,0.00075451104,0.9491508446329124,0.8073831887953028,5,hist_gradient_boosting,0.8073832,0.7289430189882848
5359,Cefoxitin; cefoxitin,5,0.18186656,0.00030171088,0.4764489035245153,0.4127316543043346,5,hist_gradient_boosting,0.41273165,0.6649363568607425
8048,"(6S,7S,8R)-8-(hydroxymethyl)-7-[4-[(E)-2-phenylethenyl]phenyl]-4-(2-pyridin-3-ylacetyl)-1,4-diazabicyclo[4.2.0]octan-2-one; BRD-K45627302",7,0.09454007,0.00036482853,0.802974496115623,0.8607174948725115,5,hist_gradient_boosting,0.8607175,0.8113698370814885
6610,6-(4-chlorophenyl)-3-cyano-2-oxo-1H-pyridine-4-carboxylic acid ethyl ester; BRD-K33926001,5,0.19547471,0.0007058552,0.4255661846288092,0.3889424410522099,5,hist_gradient_boosting,0.38894245,0.6129584219850788
4527,topotecan,151,0.067821175,0.000684778,0.902880069135386,0.9881312346751584,5,hist_gradient_boosting,0.9881312,0.8845662019410057
1308,AVN-944; Avn 944,28,0.13281249,0.0010098385,0.6598687258001579,0.6818297390989216,5,hist_gradient_boosting,0.68182975,0.7312016071642752
7751,A-443654,174,0.09268635,0.0005136562,0.8099058066663848,0.8693819102114989,5,hist_gradient_boosting,0.8693819,0.751940342643849
4225,mercaptopurine,35,0.15820019,0.009902146,0.5649406714717946,0.834263067212399,5,hist_gradient_boosting,0.8342631,0.7328332285929339
6972,"3-(2-fluorophenyl)-6-[4-methoxy-3-(3-oxolanyloxy)phenyl]-7H-[1,2,4]triazolo[3,4-b][1,3,4]thiadiazine; BRD-A43640821",5,0.13035984,0.00030076414,0.6690395168701824,0.6932935479275832,5,hist_gradient_boosting,0.6932936,0.6851013649701196
7047,"1-[(2R,3S)-5-[(2R)-1-hydroxypropan-2-yl]-2-[[(4-methoxyphenyl)sulfonyl-methylamino]methyl]-3-methyl-6-oxo-3,4-dihydro-2H-1,5-benzoxazocin-10-yl]-3-(1-naphthalenyl)urea; BRD-K04695623",7,0.09497265,0.00060066045,0.8013570208129621,0.8586955839583997,5,hist_gradient_boosting,0.85869557,0.7376936680192048
4233,5-Nitroso-8-quinolinol; NSC-3852,19,0.09900917,0.00059866026,0.7862639249493146,0.8398286335182211,5,hist_gradient_boosting,0.8398286,0.729896392827149
2445,Paricalcitol; paricalcitol,25,0.10602961,0.0009325835,0.7600135474149569,0.807039233958991,5,hist_gradient_boosting,0.80703926,0.840995167346553
711,O-2050,5,0.1375934,0.0005354219,0.641992254744528,0.6594834288921672,5,hist_gradient_boosting,0.65948343,0.7116466355280514
3289,"4-(4-(2,3-dihydrobenzo(1,4)dioxin-6-yl)-5-pyridin-2-yl-1H-imidazol-2-yl)benzamide; D-4476",41,0.12568258,0.000693798,0.686528426514927,0.715155381888075,5,hist_gradient_boosting,0.71515536,0.789507017889776
1559,Diphenylpyraline; diphenylpyraline,8,0.14715144,0.0003008216,0.606253446566053,0.5932762795049498,5,hist_gradient_boosting,0.59327626,0.7248744211374712
24034,Morphine,15,0.13432388,0.0014458329,0.6542174335589802,0.8790258578126042,5,hist_gradient_boosting,0.8790259,0.8011115372662007
2601,Apitolisib; GDC-0980,60,0.10234877,0.0006495187,0.7737767075079945,0.8242191208111149,5,hist_gradient_boosting,0.8242191,0.8376200371086371
8420,lynestrenol,5,0.081809685,2.7733766e-05,0.8505751326010463,0.91770629065143,5,hist_gradient_boosting,0.9177063,0.7729775645868714
6813,"4,8-Dihydroxy-6-(hydroxymethyl)-9-oxo-1-xanthenecarboxylic acid methyl ester; BRD-K94493764",12,0.11190546,0.00055847724,0.7380429471626571,0.7795505092094708,5,hist_gradient_boosting,0.7795505,0.6428929849158858
7280,"BRD-K59488055; N-[(2R,3R)-5-[(2S)-1-hydroxypropan-2-yl]-3-methyl-2-[[methyl-[(4-phenylphenyl)methyl]amino]methyl]-6-oxo-2,3,4,7-tetrahydro-1,5-benzoxazonin-9-yl]-3-(4-morpholinyl)propanamide",5,0.105375215,0.00032910853,0.7624604190934552,0.8100732736294542,5,hist_gradient_boosting,0.81007326,0.7139739549313316
6963,2-(4-chloro-N-(2-chloro-1-oxoethyl)anilino)-N-cyclohexyl-2-(4-methoxyphenyl)acetamide; BRD-A18725729,10,0.10024451,0.00069034274,0.7816448211063514,0.8340545413201087,5,hist_gradient_boosting,0.8340545,0.7703621196914521
6807,BRD-K59460069; Sydowinin B,10,0.116900526,0.00070486084,0.7193657177711895,0.756203274811873,5,hist_gradient_boosting,0.7562033,0.7086251798678513
5526,2-chloro-10-(4-methoxybenzoyl)-10H-phenothiazine; Tubulin inhibitor 6,138,0.043915603,0.00014643632,0.9922662458101772,0.8206123267716365,5,hist_gradient_boosting,0.8206123,0.7693991493594593
4251,(+-)-Tetramisole; tetramisole,5,0.10910698,9.494662e-05,0.7485068435170663,0.7821786475553469,5,hist_gradient_boosting,0.78217864,0.699320744153888
7868,"1H-Benzimidazole-2-acetonitrile, alpha-((5-nitro-2-furanyl)methylene)-; BRD-K06765193",22,0.091466665,0.00040459048,0.8144663743406322,0.8750827873249124,5,hist_gradient_boosting,0.8750828,0.8022846036243387
4928,dactinomycin,30,0.10519371,0.0006464961,0.7631390909109443,0.8382640262588806,5,hist_gradient_boosting,0.83826405,0.6836614692802172
7847,"5-(4-Dibenzothiophenyl)-4-[(1-methyl-5-tetrazolyl)thio]thieno[2,3-d]pyrimidine; BRD-K42499654",8,0.09147602,0.0004468558,0.8144313947265576,0.8750390514641454,5,hist_gradient_boosting,0.87503904,0.8100841704501208
5391,PYM-50028; Sarsasapogenin,7,0.11848781,0.00080581516,0.7134306475684322,0.748784203360551,5,hist_gradient_boosting,0.7487842,0.8144754129954959
4178,Vilanterol,144,0.045363158,0.00012962324,0.9868536412936872,0.7963123822110122,5,hist_gradient_boosting,0.7963124,0.7580724915097782
6234,"(R)-3-Allyl-6-bromo-7,8-dihydroxy-1-phenyl-2,3,4,5-tetrahydro-1H-benzo[d]azepinium; BRD-K60932973",8,0.12948997,0.0013084831,0.6722920788044502,0.6973593592938203,5,hist_gradient_boosting,0.6973594,0.6838878889832614
402,GW-7647,10,0.17500322,0.0011327508,0.5021118628471017,0.4901394365004811,5,hist_gradient_boosting,0.49013942,0.6898006597856011
443,1-[(4-fluorophenyl)methyl]-1-(1-methylpiperidin-4-yl)-3-[[4-(2-methylpropoxy)phenyl]methyl]urea; Pimavanserin; pimavanserin,14,0.13523255,0.0007863085,0.6508197931612067,0.682814245276732,5,hist_gradient_boosting,0.68281424,0.6803258312892697
3498,Flucytosine; flucytosine,6,0.1580803,0.0014024933,0.5653889564457555,0.5455578995724768,5,hist_gradient_boosting,0.5455579,0.7862623875241839
1096,Remoxipride; remoxipride,5,0.16723534,0.00032292388,0.5311570199371968,0.4890603768036539,5,hist_gradient_boosting,0.48906037,0.7315716728860904
1562,Setiptiline; setiptiline,5,0.14896616,0.00045179235,0.5994679623059285,0.6063264221868113,5,hist_gradient_boosting,0.6063264,0.7334974452776702
8069,2-(3-chloro-N-(2-chloro-1-oxoethyl)anilino)-N-cyclohexyl-2-(3-pyridinyl)acetamide; BRD-A68065211,9,0.098260134,0.00038609075,0.7890646721655611,0.8433296725271964,5,hist_gradient_boosting,0.84332967,0.8156706519048299
2800,Pazopanib; pazopanib,63,0.12998492,0.01591014,0.6704413936108398,0.8043621895361183,5,hist_gradient_boosting,0.8043622,0.7671447962383292
4070,2'-Deoxy-alpha-D-ribofuranosyl-5-fluorouracil; floxuridine,197,0.07471475,0.00046083308,0.8771040570461991,0.9533737808115224,5,hist_gradient_boosting,0.9533738,0.7837393028285509
24039,Methamphetamine,5,0.15712854,0.00150701,0.5689477161990046,0.8288962301250077,5,hist_gradient_boosting,0.8288962,0.8049270631158674
3258,Iodophenpropit; iodophenpropit,6,0.13986304,0.00058853807,0.633505762891157,0.6488749457367355,5,hist_gradient_boosting,0.64887494,0.6447727939528661
3158,Incb 18424; S-ruxolitinib,13,0.28297383,0.009611201,0.0983951050491713,0.7992808024413072,5,hist_gradient_boosting,0.7992808,0.8486548570245593
3793,5-[(3R)-dithiolan-3-yl]pentanoic acid; Lipoic acid,139,0.048723977,0.00015791156,0.9742870831328536,0.7405730077155315,5,hist_gradient_boosting,0.740573,0.6896055873216637
251,Dexamethasone Acetate; dexamethasone,334,0.13025668,0.04027573,0.6694252461045955,0.8323171617930059,5,hist_gradient_boosting,0.8323172,0.9159510146247156
629,Aprepitant,147,0.056478098,0.0002754698,0.9452933728102682,0.6543448425379295,5,hist_gradient_boosting,0.65434486,0.6618388199216094
23163,BMS-509744,13,0.11708507,0.00056908303,0.7186756827204377,0.7577309725136012,5,hist_gradient_boosting,0.75773096,0.6465135056581597
3063,Theofibrate; etofylline-clofibrate,5,0.20996523,0.00067882234,0.3713841646031183,0.3212128317370319,5,hist_gradient_boosting,0.32121283,0.6925392179858739
4957,etofylline,5,0.11122668,0.00016128378,0.74058099766416,0.7667665051610576,5,hist_gradient_boosting,0.7667665,0.7612678177126365
1014,Gsk 343; N-[(6-methyl-2-oxo-4-propyl-1H-pyridin-3-yl)methyl]-6-[2-(4-methylpiperazin-1-yl)pyridin-4-yl]-1-propan-2-ylindazole-4-carboxamide,7,0.13688348,0.0019172096,0.6446467419304012,0.7558567835453373,5,hist_gradient_boosting,0.7558568,0.7979459830914618
7644,"5-chloro-2-[(4-methylphenyl)methylsulfonyl]-N-(5-propan-2-yl-1,3,4-thiadiazol-2-yl)-4-pyrimidinecarboxamide; BRD-K30381304",10,0.12401434,0.00027293703,0.6927662021839613,0.7229528399687535,5,hist_gradient_boosting,0.72295284,0.7076664100723009
7950,"BRD-K69569876; N2-phenyl-6-[[(1-phenyl-5-tetrazolyl)thio]methyl]-1,3,5-triazine-2,4-diamine",5,0.14587799,0.0001478626,0.6110150488689183,0.6207607566146888,5,hist_gradient_boosting,0.62076074,0.620227981703593
282,"S-[(7R,8R,9R,10R,13S,14R,17R)-10,13-dimethyl-3,5'-dioxospiro[2,6,7,8,9,11,12,14,15,16-decahydro-1H-cyclopenta[a]phenanthrene-17,2'-oxolane]-7-yl] ethanethioate; spironolactone",20,0.10470681,0.0006866556,0.7649596760625129,0.8124340264681751,5,hist_gradient_boosting,0.812434,0.8105748286001738
8754,betaescin,6,0.13153243,0.00014145719,0.6646550437897183,0.6625769418170718,5,hist_gradient_boosting,0.6625769,0.77490575054229
1633,"(2S)-3-hydroxy-2-phenylpropanoic acid [(1R,5R)-8-methyl-8-azabicyclo[3.2.1]octan-3-yl] ester; hyoscyamine",8,0.084424675,0.00033346337,0.840797330248406,0.9031216951449472,5,hist_gradient_boosting,0.9031217,0.7763903817537082
23317,ITSA-1,16,0.30197725,0.0077348077,0.0273387397153797,0.7884747653342992,5,hist_gradient_boosting,0.78847474,0.6390301125750014
6740,"(4bS,5R,10bS,11R)-5,6,11,12-Tetrahydro-13,18-dimethyl-5,10b:11,4b-Bis(iminoethano)dibenzo(c,h)(2,6)naphthyridine; calycanthine",5,0.28329378,0.00066412415,0.0971987685955989,0.0,5,hist_gradient_boosting,0.0,0.7543107198533343
1417,Ribociclib,140,0.051811844,0.00042802375,0.9627411295279676,0.739993145368812,5,hist_gradient_boosting,0.73999316,0.8090938559205485
1703,Genz-644282; genz-644282,78,0.08188948,0.00040141644,0.8502767682712673,0.91984713438195,5,hist_gradient_boosting,0.91984713,0.7563160395297641
488,Propranolol; propranolol,7,0.151563,0.002384728,0.589758025265469,0.680748363677081,5,hist_gradient_boosting,0.68074834,0.7014014181083041
7978,Endecaphyllin X; endecaphyllin-x,5,0.1916805,0.0013620686,0.4397532505313217,0.4066767773355864,5,hist_gradient_boosting,0.40667677,0.652651563245432
6676,"1-ethyl-6-methyl-3-[(E)-2-phenylethenyl]pyrimido[5,4-e][1,2,4]triazine-5,7-dione; BRD-K98824517",10,0.136696,0.00048727042,0.645347755083443,0.6636779719461422,5,hist_gradient_boosting,0.663678,0.6728064697389476
7079,"(3S,3'S,4'R,5'S)-7-bromo-5'-[2-[4-(2-hydroxyethyl)-1-triazolyl]ethyl]-4'-[(4-methoxyphenyl)-dimethylsilyl]-1,3',5-trimethyl-2-spiro[indole-3,2'-oxolane]one; BRD-K73155123",6,0.14808872,0.00023109761,0.6027488294971224,0.6104276319588424,5,hist_gradient_boosting,0.6104276,0.7566435457100942
1471,Abexinostat; PCI-24781,117,0.08138782,0.0017491485,0.8521525430651385,0.9791201853585024,5,hist_gradient_boosting,0.9791202,0.770293918131582
2851,Tocainide; tocainide,5,0.12644204,0.0004536293,0.683688702548588,0.6930086312704036,5,hist_gradient_boosting,0.6930086,0.794584054950919
2715,4-(2-((5-Methyl-1-(2-naphthalenyl)-1H-pyrazol-3-yl)oxy)ethyl)morpholine; API-001,5,0.16815624,8.0717145e-05,0.5277136499103338,0.5166307840680489,5,hist_gradient_boosting,0.51663077,0.6385123671683584
2838,SB-525334,45,0.10450626,0.0008790874,0.7657095597185966,0.8142625028132116,5,hist_gradient_boosting,0.8142625,0.7820218410464266
2629,"BRD-K37940862; [1-[(E)-cinnamyl]-2-methyl-imidazo[1,2-a]pyridin-4-ium-3-yl]-diphenyl-thioxo-phosphorane;bromide",8,0.11326218,0.00054066716,0.7329699870336033,0.7732091318201966,5,hist_gradient_boosting,0.77320915,0.7081460920088056
5877,"(1R,2S,4S,5'S,6S,7S,8R,9S,12S,13S,16S,18S)-5',7,9,13-tetramethylspiro[5-oxapentacyclo[10.8.0.02,9.04,8.013,18]icosane-6,2'-piperidine]-16-ol; Tomatidine",5,0.12347998,4.8382684e-05,0.6947642467138284,0.7218740685156891,5,hist_gradient_boosting,0.72187406,0.7628400371294777
5507,Fomocaine; fomocaine,5,0.14749248,0.0008353266,0.6049782517414668,0.6132144978533778,5,hist_gradient_boosting,0.6132145,0.6880092327021539
3059,Theophylline; theophylline,6,0.15484849,0.0017911395,0.5774731324545688,0.5627163072125991,5,hist_gradient_boosting,0.5627163,0.7573597530085965
6802,"(3S)-2-(2-chloro-1-oxoethyl)-1,1-dimethyl-4,9-dihydro-3H-pyrido[3,4-b]indole-3-carboxylic acid methyl ester; BRD-K78062244",24,0.09769062,0.0003507019,0.7911941622703269,0.8459915717839936,5,hist_gradient_boosting,0.84599155,0.7291904826402918
6294,"BRD-K84762162; N-[3-(1,3-benzoxazol-2-yl)-6-propan-2-yl-5,7-dihydro-4H-thieno[2,3-c]pyridin-2-yl]acetamide",5,0.14691873,0.00018573014,0.6071235808248774,0.6158962798673141,5,hist_gradient_boosting,0.6158963,0.6836312757405019
330,Nadolol; nadolol,7,0.11052134,0.00082207914,0.7432183596087224,0.7818319280573579,5,hist_gradient_boosting,0.7818319,0.6782793131723207
2444,Dexketoprofen; dexketoprofen,10,0.13663732,0.00095175183,0.6455671675638168,0.663952232040523,5,hist_gradient_boosting,0.66395223,0.7852917098885535
4158,Pharmakon1600-01504273; miglitol,7,0.14539246,0.0021617964,0.6128305114046364,0.6629314124702342,5,hist_gradient_boosting,0.66293144,0.7635171716803086
7268,"1-[(3R,9S,10R)-9-[[(4-fluorophenyl)sulfonyl-methylamino]methyl]-12-[(2S)-1-hydroxypropan-2-yl]-3,10-dimethyl-13-oxo-2,8-dioxa-12-azabicyclo[12.4.0]octadeca-1(14),15,17-trien-16-yl]-3-phenylurea; BRD-K51189903",6,0.10110477,0.0006091726,0.7784281922657507,0.8300336431973727,5,hist_gradient_boosting,0.83003366,0.8728251236599124
1565,Azelastine; azelastine,7,0.20918088,0.0011947334,0.3743169556559687,0.3248789090107008,5,hist_gradient_boosting,0.3248789,0.5841046228164509
3200,Perampanel; perampanel,10,0.14128754,0.0009802026,0.6281793641472475,0.6422168468291682,5,hist_gradient_boosting,0.64221686,0.6880545669501696
6272,1-[4-[4-(2-Furanylmethylamino)phenyl]-1-piperazinyl]ethanone; BRD-K44417704,5,0.2009931,0.00018394846,0.4049321758085892,0.3631490543693247,5,hist_gradient_boosting,0.36314905,0.7012174396946059
1890,"2,2,2-trichloro-1-dimethoxyphosphorylethanol; Trichlorfon; metrifonate",7,0.07470601,0.00027925565,0.8771367370918445,0.940012198611994,5,hist_gradient_boosting,0.9400122,0.7626130811006899
5248,Piperacetazine; piperacetazine,5,0.10382023,0.00021428574,0.7682747189536153,0.8092995378856396,5,hist_gradient_boosting,0.8092995,0.7461837022707641
3779,Baicalin,145,0.04806055,0.00019611316,0.976767726684609,0.775203317944656,5,hist_gradient_boosting,0.77520335,0.7253649742962051
2584,Flavoxate; flavoxate,5,0.14965263,0.00047544498,0.5969011578512202,0.5787190364392536,5,hist_gradient_boosting,0.578719,0.6053528030841708
2684,PF-543; [(2R)-1-[[4-[[3-(benzenesulfonylmethyl)-5-methylphenoxy]methyl]phenyl]methyl]pyrrolidin-2-yl]methanol,11,0.16856508,0.0014049688,0.5261849416881785,0.5601863770920816,5,hist_gradient_boosting,0.5601864,0.6238073270564998
1566,Mesoridazine; mesoridazine,8,0.1560112,0.001225337,0.5731256020343996,0.5606192736922546,5,hist_gradient_boosting,0.5606193,0.7120352715476082
5460,Etanidazole; etanidazole,5,0.1764574,0.0010487105,0.4966744865568817,0.4450887398451297,5,hist_gradient_boosting,0.44508874,0.7640677232590819
3789,Azelaic Acid; azelaic-acid,6,0.15125686,0.00074885343,0.5909027242556134,0.595619532831215,5,hist_gradient_boosting,0.59561956,0.7063244435943689
5237,Metrizamide; metrizamide,6,0.13574052,0.0007001923,0.6489204244213376,0.653644790505364,5,hist_gradient_boosting,0.6536448,0.7655083728946097
7160,"(3S,4S)-N-[3-(dimethylamino)propyl]-3-[4-(hydroxymethyl)phenyl]-4-[(2-iodophenyl)methyl]-2-[(2-methoxyphenyl)methyl]-1-oxo-3H-isoquinoline-4-carboxamide; BRD-K93215584",8,0.1412502,0.00028449047,0.6283189834726932,0.6423913383114256,5,hist_gradient_boosting,0.6423913,0.7692309097653774
6690,"2-(dimethylamino)-1-[(8R,9S,10S)-10-(hydroxymethyl)-9-[4-[(E)-2-phenylethenyl]phenyl]-1,6-diazabicyclo[6.2.0]decan-6-yl]ethanone; BRD-K74461819",13,0.09545415,0.00050829485,0.7995566269939433,0.8564449954047617,5,hist_gradient_boosting,0.856445,0.8705332359282499
3768,(E)-3-[4-(imidazol-1-ylmethyl)phenyl]prop-2-enoic acid; Ozagrel,16,0.09496773,0.0009862414,0.8013754173603964,0.8527334929764773,5,hist_gradient_boosting,0.8527335,0.7072163161329628
3473,"CAY-10470; N4-[2-(4-phenoxyphenyl)ethyl]-1,2-dihydroquinazoline-4,6-diamine",11,0.11958651,0.00045220758,0.7093224592216906,0.7436488122385884,5,hist_gradient_boosting,0.7436488,0.6869401711366881
7828,6-(1-methyl-5-indolyl)-N-(thiophen-2-ylmethyl)-4-quinazolinamine; BRD-K49630153,10,0.099921845,0.00028949048,0.7828513093132334,0.8355626984064183,5,hist_gradient_boosting,0.8355627,0.6836109318941755
3520,6-[(4-bromothiophen-2-yl)methoxy]-7H-purin-2-amine; Lomeguatrib; lomeguatrib,6,0.1078819,0.0013585602,0.7530875838281852,0.8085458349171742,5,hist_gradient_boosting,0.8085458,0.6532102137440531
924,Oxybuprocaine; oxybuprocaine,7,0.14103721,0.0012274318,0.6291153819763544,0.6331469134411245,5,hist_gradient_boosting,0.63314694,0.6306644086056397
7595,AT-CSC-07; AT-Csc-07,7,0.13043465,0.0011914403,0.6687597921316552,0.6929438795448666,5,hist_gradient_boosting,0.6929439,0.6280821785657286
6408,"(3S,10S,13S)-17-[(5R)-5-hydroxy-6-methylheptan-2-yl]-10,13-dimethyl-2,3,4,7,8,9,11,12,14,15,16,17-dodecahydro-1H-cyclopenta[a]phenanthren-3-ol; BRD-A36707673",5,0.18019244,0.00089384016,0.482708665311215,0.4603727878339754,5,hist_gradient_boosting,0.46037278,0.7743387445837423
5141,Imiquimod (hydrochloride); Imiquimod hydrochloride,153,0.053881925,0.00051551196,0.9550008158472438,0.7396658697613996,5,hist_gradient_boosting,0.73966587,0.7955844232431397
7643,6-(2-methyl-3-furanyl)-N-[(5-methyl-2-furanyl)methyl]-4-quinazolinamine; BRD-K74980345,5,0.16683428,0.001061122,0.5326566376839377,0.5228096638977389,5,hist_gradient_boosting,0.5228097,0.6550560826872133
8374,"4-phenyl-N-[6-phenyl-3-(2-pyridinyl)-1,2,4-triazin-5-yl]-2-thiazolamine; BRD-K81795824",17,0.12285952,0.00047041572,0.6970842308237941,0.7283505133686949,5,hist_gradient_boosting,0.7283505,0.6945831157549262
5896,4-tert-butyl-N-[2-methyl-3-[4-methyl-6-[4-(morpholine-4-carbonyl)anilino]-5-oxopyrazin-2-yl]phenyl]benzamide; Cgi1746,20,0.17843935,0.00059138204,0.4892637066407767,0.4685668182109125,5,hist_gradient_boosting,0.4685668,0.6198108475809767
732,Elimusertib; Elimusertib hydrochloride,144,0.04468228,0.00018099185,0.9893995365017992,0.8077422719169107,5,hist_gradient_boosting,0.8077423,0.793230251973237
5206,"CP21R7; Iron oxide, spent",139,0.041618034,8.584858e-05,1.0,0.8591813924695583,5,hist_gradient_boosting,0.8591814,0.6985986252699234
1695,Bifemelane; bifemelane,8,0.13664648,0.000631279,0.6455329170811955,0.6639093930690346,5,hist_gradient_boosting,0.6639094,0.6926426658243741
743,"(3S,6S,9S,12R)-3-[(2S)-butan-2-yl]-6-[(1-methoxyindol-3-yl)methyl]-9-(6-oxooctyl)-1,4,7,10-tetrazabicyclo[10.4.0]hexadecane-2,5,8,11-tetrone; Apicidin",92,0.080516346,0.0019695887,0.8554111025730009,0.9352989936573622,5,hist_gradient_boosting,0.935299,0.7928447297927214
702,"7-phenyl-7-(2,4,5-trimethyl-3,6-dioxocyclohexa-1,4-dien-1-yl)heptanoic acid; Seratrodast",5,0.07863033,0.0007100775,0.8624631722489527,0.9358632535002638,5,hist_gradient_boosting,0.93586326,0.6292370174890989
102,AV-412; AV-412 free base,10,0.12757058,0.00042928272,0.6794689383938308,0.7063307212183865,5,hist_gradient_boosting,0.7063307,0.6564150069294156
6628,5-Chloro-4-(4-ethoxyphenoxy)-2-(4-methylphenyl)-3-pyridazinone; BRD-K58618158,6,0.14285457,0.00032545542,0.6223200263980944,0.6348924032866822,5,hist_gradient_boosting,0.6348924,0.6760384513939008
2216,D-64131,27,0.118097454,0.0006357552,0.7148902416070967,0.7506087276815597,5,hist_gradient_boosting,0.75060874,0.6567842004264752
7187,"2,4-difluoro-N-[2-methoxy-4-[4-(4-pyridazinyl)-6-quinolinyl]-3-pyridinyl]benzenesulfonamide; GSK-2126458",109,0.08777377,0.00041947464,0.8282746097140192,0.8923436044538158,5,hist_gradient_boosting,0.8923436,0.6734351413517883
6773,"BRD-K48716658; N4-(3-chlorophenyl)-N2-methyl-5-nitropyrimidine-2,4,6-triamine",6,0.16522543,0.0001249623,0.5386723460862816,0.5303295562600792,5,hist_gradient_boosting,0.5303296,0.6790309989108457
13458,cefotaxime,6,0.10815907,0.00044652136,0.7520512075980347,0.7870529125572612,5,hist_gradient_boosting,0.7870529,0.6755548408747589
207,Linezolid; linezolid,8,0.17357865,0.003462284,0.5074385233305074,0.4912860187890999,5,hist_gradient_boosting,0.491286,0.7698194900774825
2266,GSK-256066; Gsk-256066,7,0.17617917,0.0004920435,0.4977148262708291,0.4791310233950081,5,hist_gradient_boosting,0.479131,0.719358359392542
3139,"(E)-N-benzyl-2-cyano-3-(3,4-dihydroxyphenyl)prop-2-enamide; AG-490",20,0.191017,0.007752529,0.4422341670399803,0.8593802001195812,5,hist_gradient_boosting,0.8593802,0.7036291049416971
5396,Digoxigenin; digoxigenin,12,0.08871441,0.00032288325,0.8247574291492801,0.8875629067863536,5,hist_gradient_boosting,0.88756293,0.8927086643605778
5485,Idoxuridine,146,0.05240569,9.183148e-05,0.960520658774387,0.6950365571413286,5,hist_gradient_boosting,0.69503653,0.7950952180628051
86,25-Hydroxyvitamin D3; calcifediol,7,0.1347107,0.00039918534,0.6527710611040003,0.6729573218156447,5,hist_gradient_boosting,0.6729573,0.8209706830031307
4116,NU-7441,35,0.09260416,0.0005549763,0.8102131262260632,0.8701349910545765,5,hist_gradient_boosting,0.870135,0.7420954743432813
5428,Luliconazole; luliconazole,7,0.14494021,0.00042481974,0.6145215355056775,0.625143983647906,5,hist_gradient_boosting,0.625144,0.7112906700488261
816,"16,16-Dimethyl-pge2; BRD-K92301463",14,0.13767575,0.0001504568,0.6416843369231443,0.6590985046403723,5,hist_gradient_boosting,0.6590985,0.7735864498573155
2677,Rilpivirine; rilpivirine,9,0.13727558,0.00026759953,0.6431806268391502,0.6609689712954383,5,hist_gradient_boosting,0.66096896,0.6625082961823537
1218,SANT-2; Sant-2,36,0.12802131,0.00061530276,0.6777835977789888,0.7042239545366977,5,hist_gradient_boosting,0.70422393,0.6419235538792913
19,"(8R,9R,13S,14S,17S)-17-ethynyl-3-methoxy-13-methyl-7,8,9,11,12,14,15,16-octahydro-6H-cyclopenta[a]phenanthren-17-ol; mestranol",10,0.09897669,0.0011726614,0.7863853720754657,0.8413739853995716,5,hist_gradient_boosting,0.841374,0.8727703773870144
3522,Pemetrexed,155,0.052911334,0.0013342486,0.9586299872640568,0.7876497686809392,5,hist_gradient_boosting,0.78764975,0.7568187990314977
6441,"(4Z)-4-{[3-(4-fluorophenyl)-1-phenyl-1H-pyrazol-4-yl]methylidene}-5-methyl-2,4-dihydro-3H-pyrazol-3-one; SA-25547",15,0.13032219,0.0006927061,0.669180295327682,0.6934695270867333,5,hist_gradient_boosting,0.6934695,0.7150267469075823
567,SCH-79797; Sch-79797,10,0.1151994,0.00012363418,0.725726458655452,0.764154454809211,5,hist_gradient_boosting,0.76415443,0.7584334257156842
3877,Flufenamic Acid; flufenamic-acid,12,0.12249211,0.00031959795,0.6984580266556648,0.7201738593889282,5,hist_gradient_boosting,0.72017384,0.5755126255207389
582,Rosuvastatin; rosuvastatin,14,0.14354594,0.00063649355,0.6197349001786652,0.6316608878303328,5,hist_gradient_boosting,0.6316609,0.7452407076667102
333,4-[2-(tert-butylamino)-1-hydroxyethyl]-2-(hydroxymethyl)phenol; Salbutamol; salbutamol,11,0.092463516,0.0005601939,0.810739013221457,0.8698477809326398,5,hist_gradient_boosting,0.8698478,0.7738765918924913
3670,"CAY-10594; N-(2-(4-Oxo-1-phenyl-1,3,8-triazaspiro(4.5)decan-8-yl)ethyl)naphthalene-2-carboxamide",25,0.115770996,0.0003728408,0.7235891836702475,0.7614827355891663,5,hist_gradient_boosting,0.7614827,0.6490557108055796
8187,1-(3-Fluorophenyl)-3-(4-morpholinyl)-2-phenyl-1-propanone; EMF-sumo1-39,11,0.10499191,0.00054962613,0.7638936484865996,0.8118649041565146,5,hist_gradient_boosting,0.8118649,0.724279413638824
3341,Lisinopril; lisinopril,6,0.17339957,0.0021477684,0.5081081277440274,0.477661465393711,5,hist_gradient_boosting,0.47766146,0.7245820936099355
23988,Apratoxin a,6,0.13040026,0.002335309,0.668888381006912,0.834805984013497,5,hist_gradient_boosting,0.83480597,0.7408930054586947
7763,"6-(3,5-dimethyl-4-isoxazolyl)-N-[1-(2-furanyl)ethyl]-4-quinazolinamine; BRD-A11087911",14,0.11068494,0.00049369363,0.7426066370151783,0.7852553052226242,5,hist_gradient_boosting,0.7852553,0.7528482680870364
4592,bromopride,6,0.11227354,0.00023705632,0.7366666461098959,0.7613950974737121,5,hist_gradient_boosting,0.7613951,0.7297810904143907
2001,Flavokawain B; flavokavain-b,15,0.11072615,0.00029936456,0.7424525472347385,0.7850626843454579,5,hist_gradient_boosting,0.7850627,0.8113401580112127
103,Canertinib; canertinib,114,0.088439286,0.00062268914,0.8257861551078756,0.889232933553618,5,hist_gradient_boosting,0.88923293,0.7459432172658266
5263,Clofazimine; clofazimine,21,0.18286009,0.02265255,0.4727339600748581,0.7040950848329988,5,hist_gradient_boosting,0.70409507,0.7351726448893181
176,Acenocoumarol; acenocoumarol,7,0.15791897,0.001466348,0.5659921912013575,0.544226253541715,5,hist_gradient_boosting,0.5442262,0.5758557151035878
4246,"N-([1,1'-Biphenyl]-4-ylmethyl)-6-phenyl-3-(pyridin-2-yl)-1,2,4-triazin-5-amine; VU-0418946-1",55,0.08204832,0.0006981831,0.8496828439634522,0.9191047138964168,5,hist_gradient_boosting,0.9191047,0.8647375205042557
5442,"(2R)-4-amino-N-[(1R,2S,3S,4R,5S)-5-amino-2-[(2S,4S,5S,6R)-4-amino-3,5-dihydroxy-6-(hydroxymethyl)oxan-2-yl]oxy-4-[(2R,3R,4S,5S,6R)-6-(aminomethyl)-3,4,5-trihydroxyoxan-2-yl]oxy-3-hydroxycyclohexyl]-2-hydroxybutanamide; amikacin",21,0.14082746,0.00096668844,0.6298996656804857,0.6416419214631539,5,hist_gradient_boosting,0.6416419,0.7171313483750517
1542,3-(2'-Aminobenzhydryloxy)tropane; zonisamide,6,0.1518252,0.0005121712,0.5887776238961093,0.5999604299815928,5,hist_gradient_boosting,0.59996045,0.6739149775315696
7342,"BRD-K84450674; N'-(2-aminophenyl)-N-[(2S,3R)-5-[(2R)-1-hydroxypropan-2-yl]-3-methyl-2-[[methyl-[(4-phenylphenyl)methyl]amino]methyl]-6-oxo-2,3,4,7-tetrahydro-1,5-benzoxazonin-9-yl]heptanediamide",6,0.07999896,0.0005328851,0.8573456790142199,0.9286835638966844,5,hist_gradient_boosting,0.9286836,0.908324187447839
2869,Pirinixic Acid; pirinixic-acid,6,0.2168238,0.00052633305,0.3457390409576174,0.2386515560148139,5,hist_gradient_boosting,0.23865156,0.6045187870685179
1036,"3-[(6aR,9S,10aR)-7-methyl-6,6a,8,9,10,10a-hexahydro-4H-indolo[4,3-fg]quinolin-9-yl]-1,1-diethylurea; Terguride",9,0.11102473,0.0040490185,0.7413361161101639,0.8206666872057342,5,hist_gradient_boosting,0.8206667,0.7833599501831133
6349,"1-Tert-butyl-5-[[3-[(1-tert-butyl-4-oxo-5-pyrazolo[3,4-d]pyrimidinyl)methyl]-2-fluorophenyl]methyl]-4-pyrazolo[3,4-d]pyrimidinone; BRD-K80822897",6,0.22635089,0.0018205394,0.3101159590277377,0.2446251858445671,5,hist_gradient_boosting,0.24462518,0.7175472771692432
2386,LY-2874455; Ly-2874455,48,0.10747429,0.00041251545,0.7546116929134817,0.8002620884770077,5,hist_gradient_boosting,0.8002621,0.7147435599349735
7540,"(5S,8R,9S,10S,13R,14S,17R)-3-[(2R,4S,5S,6R)-4,5-dihydroxy-6-methyloxan-2-yl]oxy-5,14-dihydroxy-13-methyl-17-(5-oxo-2H-furan-3-yl)-2,3,4,6,7,8,9,11,12,15,16,17-dodecahydro-1H-cyclopenta[a]phenanthrene-10-carbaldehyde; helveticoside",17,0.06246935,0.00025260917,0.9228912688248376,1.0,5,hist_gradient_boosting,1.0,0.8966283370610513
5533,L-Thyroxine (sodium salt pentahydrate); Levothyroxine sodium pentahydrate,142,0.04407226,0.00011848072,0.991680484035502,0.8179826096760778,5,hist_gradient_boosting,0.8179826,0.7020427929784754
1229,Dapagliflozin,144,0.059427872,0.0020210769,0.934263767665714,0.666366220549563,5,hist_gradient_boosting,0.6663662,0.813300447684949
8072,1-[4-(4-bromophenyl)-2-thiazolyl]-N-(3-phenylpropyl)-4-piperidinecarboxamide; BRD-K53461563,9,0.15498333,0.0007086568,0.5769689474025304,0.5782018073037817,5,hist_gradient_boosting,0.57820183,0.5833507540783505
5607,"(3S,6S,9R,12R,15S,18S,21R,24R,27S,30S,33R,36R)-6,18,30-trimethyl-3,9,12,15,21,24,27,33,36-nona(propan-2-yl)-1,7,13,19,25,31-hexaoxa-4,10,16,22,28,34-hexazacyclohexatriacontane-2,5,8,11,14,17,20,23,26,29,32,35-dodecone; Valinomycin",8,0.100313894,7.8796045e-05,0.781385384917901,0.8601628399481218,5,hist_gradient_boosting,0.86016285,0.8132517843827212
11862,meclofenoxate,6,0.08303311,5.9726164e-05,0.8460005805594404,0.9114288389606312,5,hist_gradient_boosting,0.9114288,0.6515608379361986
7690,1-Methyl-4-[(4-methylphenyl)thio]-3-nitro-2-quinolinone; BRD-K03857568,5,0.13265018,0.00047567554,0.660475624908704,0.6825883627359766,5,hist_gradient_boosting,0.68258834,0.7033021592607825
24002,Palmitic acid,57,0.4054891,0.08535277,0.0,0.7826446792434119,5,hist_gradient_boosting,0.7826447,0.7173902344881176
2276,Pirarubicin; pirarubicin,28,0.18261659,0.016480753,0.4736444396074253,0.8053676021645269,5,hist_gradient_boosting,0.8053676,0.850602510838281
2992,Alprazolam; alprazolam,7,0.14953987,0.0013388501,0.5973227827879443,0.6036447950847335,5,hist_gradient_boosting,0.6036448,0.6940814253329372
5326,Diloxanide furoate; diloxanide,5,0.14079805,0.0003710905,0.6300096336601686,0.6239246656354351,5,hist_gradient_boosting,0.6239247,0.6514050013818784
531,(2R)-2-[[6-(3-chloroanilino)-9-propan-2-ylpurin-2-yl]amino]-3-methylbutan-1-ol; Purvalanol A; purvalanol-a,17,0.10150043,0.00068804796,0.7769487658515595,0.8274620756173208,5,hist_gradient_boosting,0.8274621,0.7471403896459626
5291,Tetradecylthioacetic acid; tetradecylthioacetic-acid,5,0.20017383,2.445813e-05,0.4079955374785948,0.3669784314445757,5,hist_gradient_boosting,0.36697844,0.6701432117668777
8060,"BRD-K72615639; N'-[(E)-(3,5-dibromo-2-hydroxyphenyl)methylidene]-2-hydroxybenzohydrazide",14,0.09967716,0.00026158607,0.7837662197215546,0.8367063661182551,5,hist_gradient_boosting,0.83670634,0.6311851710601183
30,Cinnarizine; cinnarizine,6,0.17696042,0.00057561405,0.4947936265385163,0.4493728986711252,5,hist_gradient_boosting,0.4493729,0.7210725416616136
2532,Estriol; estriol,14,0.11034792,0.0005781959,0.7438668005144218,0.7851181495566381,5,hist_gradient_boosting,0.78511816,0.7801510052262722
6862,"I-606061; N-(4-phenoxyphenyl)carbamic acid [(2R,3R,4S,5R,6S)-2-(hydroxymethyl)-6-methoxy-4,5-bis[oxo-(2-phenylanilino)methoxy]-3-oxanyl] ester",8,0.14852834,0.0004198777,0.6011050306794337,0.6083728001603168,5,hist_gradient_boosting,0.6083728,0.675404832697404
2027,"(5R,5aR,8aR)-5-(3,4,5-trimethoxyphenyl)-5a,8,8a,9-tetrahydro-5H-[2]benzofuro[5,6-f][1,3]benzodioxol-6-one; Deoxypodophyllotoxin",8,0.2814769,0.018149296,0.1039923293887435,0.380602220556174,5,hist_gradient_boosting,0.3806022,0.7779060617194543
6838,"BRD-K58347372; dimethyl 2-[3-[(3S,4R,6S,7S,8R,8aR)-6-[2-(2-hydroxyethoxy)phenyl]-1'-(2-methoxyethoxycarbonyl)-1,2'-dioxo-3,4-diphenyl-8-(4-pyrimidin-2-ylpiperazine-1-carbonyl)spiro[4,6,8,8a-tetrahydro-3H-pyrrolo[2,1-c][1,4]oxazine-7,3'-indole]-5'-yl]prop-2-ynyl]propanedioate",9,0.13539726,0.00062561146,0.6502039201270831,0.6697483480378947,5,hist_gradient_boosting,0.66974837,0.7624228029269134
2957,NU-1025,6,0.15655608,0.0020267693,0.5710882217974171,0.56473577126022,5,hist_gradient_boosting,0.5647358,0.7803581242196286
3514,CGP-71683; Cgp-71683a free base,18,0.15972713,0.0008057206,0.5592312356711451,0.5786026606460877,5,hist_gradient_boosting,0.5786027,0.738024463274846
301,N-(3-((2-hydroxynaphthalen-1-ylmethylene)amino)phenyl)-2-phenylpropionamide; salermide,14,0.15099199,0.00063184253,0.5918931091171784,0.5968575406630472,5,hist_gradient_boosting,0.59685755,0.6865384440599568
7357,"N-[(2R,3R)-2-[[1,3-benzodioxol-5-ylmethyl(methyl)amino]methyl]-5-[(2R)-1-hydroxypropan-2-yl]-3-methyl-6-oxo-3,4-dihydro-2H-1,5-benzoxazocin-8-yl]-2-(1-methyl-3-indolyl)acetamide; SA-85901",6,0.13810843,0.00034448778,0.6400664877069178,0.6570761328857386,5,hist_gradient_boosting,0.6570761,0.8298025475432983
7894,2-[(E)-3-oxo-3-phenylprop-1-enyl]sulfanyl-6-thiophen-2-yl-4-(trifluoromethyl)pyridine-3-carbonitrile; BRD-K85266146,8,0.19402996,0.0008898913,0.4309683008697803,0.3956952784992732,5,hist_gradient_boosting,0.39569527,0.6621366572216593
1195,Etazolate; etazolate,5,0.11372807,0.001024698,0.7312279611221958,0.771031557174082,5,hist_gradient_boosting,0.77103156,0.6562416336655166
7764,"6-(3,5-dimethyl-4-isoxazolyl)-N-[(1-methyl-2-piperidinyl)methyl]-4-quinazolinamine; BRD-A98444709",9,0.110434145,0.0003433917,0.743544393542366,0.7864275153924771,5,hist_gradient_boosting,0.7864275,0.7114539313252259
23954,Epz004777,5,0.20025194,0.00064576376,0.4077034735923983,0.6856392126240902,5,hist_gradient_boosting,0.6856392,0.7435152874336194
5279,Homosalate; homosalate,9,0.14326343,0.0009627947,0.620791243393226,0.6229611466119349,5,hist_gradient_boosting,0.62296116,0.7064241444265099
483,Ipatasertib,149,0.04054196,0.00010342978,1.0,0.8772243219716018,5,hist_gradient_boosting,0.8772243,0.8761958013286397
1074,DY-131; N-[[4-(diethylamino)phenyl]methylideneamino]-4-hydroxybenzamide,8,0.12529124,0.00055398425,0.6879916998630782,0.7226877295089044,5,hist_gradient_boosting,0.7226877,0.7156624815654505
5342,Ioxaglic Acid; ioxaglic-acid,5,0.17393488,0.0005324478,0.5061065310352859,0.4667065733680715,5,hist_gradient_boosting,0.46670657,0.7283969473744203
7337,"1-[[(4R,5R)-8-(2-cyclopentylethynyl)-2-[(2S)-1-hydroxypropan-2-yl]-4-methyl-1,1-dioxo-4,5-dihydro-3H-6,1$l^{6},2-benzoxathiazocin-5-yl]methyl]-3-(2,5-difluorophenyl)-1-methylurea; BRD-K99259037",6,0.12340493,0.00037600292,0.6950448688449133,0.7258012400808618,5,hist_gradient_boosting,0.7258012,0.7681452572828423
5233,Epothilone A; epothilone-a,14,0.12017207,0.0012036508,0.7071329709461667,0.9097222296245878,5,hist_gradient_boosting,0.9097222,0.75718127250218
888,Tegaserod; tegaserod,10,0.12281807,0.00023542347,0.6972392179967917,0.7285443202721038,5,hist_gradient_boosting,0.7285443,0.6491668655091405
1708,1-[3-[2-(dimethylamino)ethyl]-1H-indol-5-yl]-N-methylmethanesulfonamide; Sumatriptan; sumatriptan,14,0.1294207,0.0010806536,0.6725510887314357,0.703285341771802,5,hist_gradient_boosting,0.70328534,0.6876042242269114
4181,Zosuquidar; zosuquidar,15,0.14665815,0.00044482556,0.6080979247944722,0.6190722120089677,5,hist_gradient_boosting,0.6190722,0.7768771935308294
3553,5-iodotubercidin; 7-Iodo-7-deaza-D-guanosine,51,0.10984394,0.0010250623,0.7457512501030181,0.7948833617876453,5,hist_gradient_boosting,0.7948834,0.7549652207726756
4039,EI-247; [(S)-hydroxy(naphthalen-2-yl)methyl]phosphonic acid,8,0.10823241,0.0005118529,0.7517769793889238,0.7967185928763787,5,hist_gradient_boosting,0.7967186,0.7128083359938197
8369,"BRD-K90849765; [(4R,5R)-5-(2-azidophenyl)-4-[(2-azidophenyl)methyl]-2-[4-(3-hydroxypropoxy)phenyl]-5H-oxazol-4-yl]-(1-piperidinyl)methanone",6,0.18675041,0.00027537838,0.4581875258443166,0.4297203759211769,5,hist_gradient_boosting,0.42972037,0.668242561206775
21252,glutamine,22,0.34212747,0.0621046,0.0,0.8221201638795562,5,hist_gradient_boosting,0.8221202,0.7696839299023992
6702,"2-[(1S,3S,4aS,9aR)-6-(dimethylamino)-1-(hydroxymethyl)-3,4,4a,9a-tetrahydro-1H-pyrano[3,4-b]benzofuran-3-yl]-N-[(4-phenoxyphenyl)methyl]acetamide; BRD-K16410418",5,0.13670084,0.0005786938,0.6453296576668615,0.6636553307767372,5,hist_gradient_boosting,0.66365534,0.5886074646810601
62,Garcinol,10,0.15584926,0.001044686,0.5737311176627524,0.6138210439643115,5,hist_gradient_boosting,0.613821,0.7563119311605313
804,Budesonide; budesonide,177,0.0561972,0.0006043431,0.9463436885381492,0.7791731257771117,5,hist_gradient_boosting,0.77917314,0.8200332567293058
1149,"(3R,16S)-Vinpocetine; vinpocetine",12,0.10270975,0.0012921742,0.7724269543184007,0.8415724109611444,5,hist_gradient_boosting,0.8415724,0.6575103418965272
335,(R)-Timolol; timolol,10,0.12147148,0.0011433719,0.7022743006816363,0.7296677553967073,5,hist_gradient_boosting,0.7296678,0.6911651068020596
2736,AZD-7648; Azd-7648,140,0.044472992,9.863245e-05,0.9901820927252568,0.8112554796639062,5,hist_gradient_boosting,0.81125546,0.7188834630207269
2385,5-(6-((4-Methyl-1-piperazinyl)methyl)-1H-benzimidazol-1-yl)-3-((1R)-1-(2-(trifluoromethyl)phenyl)ethoxy)-2-thiophenecarboxamide; GSK-461364,227,0.0822585,0.00043309332,0.8488969524309882,0.9181223272339254,5,hist_gradient_boosting,0.91812235,0.6935324155091078
24078,Ubiquinol,10,0.15072398,0.00077810575,0.5928952348647074,0.8303123122161713,5,hist_gradient_boosting,0.8303123,0.6508344677688287
14813,sulfadimethoxine,5,0.12930213,0.00050476636,0.6729944380463289,0.6740206861995328,5,hist_gradient_boosting,0.6740207,0.7596073611869267
6921,Isorotenone; isorotenone,8,0.17840917,0.00087337714,0.4893765537549158,0.4687078382484492,5,hist_gradient_boosting,0.46870783,0.6541003641572923
5351,"cis-(1R,4S)-6-methoxycyclohexane-1,2,3,4,5-pentol; pinitol",8,0.13019095,0.0014261183,0.6696710194913539,0.6940829386789888,5,hist_gradient_boosting,0.6940829,0.7506287074756723
1892,Danusertib; danusertib,71,0.1038475,0.0023146707,0.7681727527242391,0.9348334210273544,5,hist_gradient_boosting,0.9348334,0.7597278402418285
4302,cyclosporin-a,248,0.060059637,0.00054789276,0.931901512627142,0.8455638657203595,5,hist_gradient_boosting,0.8455639,0.8282809613809253
1551,TG-02; Zotiraciclib,15,0.14372525,0.0005682879,0.6190644357639439,0.6308227266247407,5,hist_gradient_boosting,0.6308227,0.6985756274811037
1901,"Rifampicin; [(7S,9E,11S,12R,13S,14R,15R,16R,17S,18S,19E,21Z)-2,15,17,27,29-pentahydroxy-11-methoxy-3,7,12,14,16,18,22-heptamethyl-26-[(E)-(4-methylpiperazin-1-yl)iminomethyl]-6,23-dioxo-8,30-dioxa-24-azatetracyclo[23.3.1.14,7.05,28]triaconta-1(29),2,4,9,19,21,25,27-octaen-13-yl] acetate",12,0.12345431,0.0012626608,0.6948602303261529,0.7243092171949926,5,hist_gradient_boosting,0.7243092,0.8303200068736989
6932,"1-[(8S,9S,10R)-10-(hydroxymethyl)-9-[4-(4-methoxyphenyl)phenyl]-1,6-diazabicyclo[6.2.0]decan-6-yl]-2-pyridin-4-ylethanone; BRD-K00540336",6,0.115307964,0.0007369247,0.7253205231319464,0.7636469900467494,5,hist_gradient_boosting,0.76364696,0.7593426504299752
3202,"4-amino-7-[(2R,3R,4S,5R)-3,4-dihydroxy-5-(hydroxymethyl)oxolan-2-yl]pyrrolo[2,3-d]pyrimidine-5-carbonitrile; Toyocamycin",6,0.18517064,0.008680314,0.4640945001817447,0.7694925020285616,5,hist_gradient_boosting,0.7694925,0.6914655139136638
772,rifabutin,10,0.15519944,0.00043176406,0.5761608827956183,0.5684228200093178,5,hist_gradient_boosting,0.5684228,0.7658117792354576
624,Bupropion; bupropion,10,0.09572167,0.00038955352,0.7985563334228862,0.8546337623964044,5,hist_gradient_boosting,0.85463375,0.6981324835270665
9660,BRD-A92439610,5,0.08491079,0.000949026,0.8389796803183284,0.90572539397062,5,hist_gradient_boosting,0.9057254,0.8413278588743851
2234,"1-(2,3-Dichlorobenzoyl)-5-methoxy-2-methyl-(3-(morpholin-4-yl)ethyl)-1H-indole hydrochloride; GW-405833",15,0.12669231,0.00047481345,0.6827529090676205,0.7104358428709668,5,hist_gradient_boosting,0.71043587,0.7003372503809839
1602,Dovitinib; dovitinib,82,0.10034688,0.00045171395,0.7812620457891073,0.833576066311531,5,hist_gradient_boosting,0.8335761,0.734138177253685
3184,"6-Cyano-7-nitroquinoxaline-2,3-dione; CNQX",5,0.15607533,0.00040279594,0.572885811264693,0.573097701646067,5,hist_gradient_boosting,0.5730977,0.7049125000133265
3296,3-Aminobenzamide; 3-aminobenzamide; BRD-K08703257,6,0.11467016,0.0013060651,0.7277053588107534,0.7714808894312395,5,hist_gradient_boosting,0.7714809,0.7331108957014187
6334,"(3R)-2-[(R)-tert-butylsulfinyl]-3-(2-hydroxyethyl)-N-(2-pyridin-4-ylethyl)-4-(3-pyridin-4-ylphenyl)-1,3-dihydropyrrolo[3,4-c]pyridine-6-carboxamide; BRD-K71631401",5,0.1787502,0.0007772157,0.4881013963216861,0.4671138828619968,5,hist_gradient_boosting,0.46711388,0.6582667132424407
4014,Ezetimibe; ezetimibe,9,0.2134736,0.0042529274,0.3582658932369054,0.5849330292476926,5,hist_gradient_boosting,0.58493304,0.6746594996633365
3343,Amifostine; amifostine,6,0.18916036,0.0023219546,0.4491763958668614,0.4184561292784935,5,hist_gradient_boosting,0.41845614,0.7088772543505646
8340,5-[[2-Fluoro-4-(trifluoromethyl)anilino]methyl]-8-quinolinol; BRD-K49094915,9,0.121852346,0.00058454537,0.7008501910403602,0.7330581539829846,5,hist_gradient_boosting,0.73305815,0.6778021914000681
5266,PSI-7976; Psi-7976,12,0.15517683,0.00038606534,0.5762454246528312,0.5772973316404568,5,hist_gradient_boosting,0.57729733,0.795204231139292
6644,"(4S)-4-[[(2S)-2-[[(2S)-2-[[(2S)-2-[[(2S)-2-[[(2S)-2-[[(2S,5S,8S,11R,15Z,20R)-20-[[(2S,3S)-2-[[(2S)-2-[[(2S)-2-(3-acetamidopropanoylamino)-5-carbamimidamidopentanoyl]amino]-5-carbamimidamidopentanoyl]amino]-3-methylpentanoyl]amino]-11,20-dimethyl-5,8-bis(2-methylpropyl)-2-(2-methylsulfanylethyl)-3,6,9,21-tetraoxo-1,4,7,10-tetrazacyclohenicos-15-ene-11-carbonyl]amino]propanoyl]amino]propanoyl]amino]-4-amino-4-oxobutanoyl]amino]-5-carbamimidamidopentanoyl]amino]-4-methylpentanoyl]amino]-5-[[(1S)-4-carbamimidamido-1-carboxybutyl]amino]-5-oxopentanoic acid; YL-54",8,0.14027537,0.00041388063,0.6319640050855577,0.6469477071406388,5,hist_gradient_boosting,0.6469477,0.741234027969801
6634,"6-(3,5-dimethyl-4-isoxazolyl)-N-[(2-ethoxyphenyl)methyl]-4-quinazolinamine; BRD-K88622704",7,0.13593344,0.00079582393,0.6481990703703197,0.6672421492675709,5,hist_gradient_boosting,0.66724217,0.7279930480057619
6559,"MW-STK33-23; N-(1-propyl-1H-1,3-benzodiazol-2-yl)-3-(pyrrolidine-1-sulfonyl)benzamide",11,0.12368303,0.0001385823,0.6940050152186015,0.7245014084660667,5,hist_gradient_boosting,0.72450143,0.6009665386852281
1585,Prochlorperazine; prochlorperazine,35,0.08434221,0.0007091423,0.8411056780703903,0.9106256132823036,5,hist_gradient_boosting,0.91062564,0.8434568361360353
798,Bucladesine; bucladesine,22,0.13382052,0.001353923,0.6560995648834691,0.6738985279366643,5,hist_gradient_boosting,0.6738985,0.7179873487808164
5026,xamoterol,7,0.1641608,0.00052264746,0.542653142081177,0.6026612635356925,5,hist_gradient_boosting,0.60266125,0.7928478488097813
113,WZ-3146,16,0.09796939,0.00025238597,0.7901518034231246,0.8446886114936976,5,hist_gradient_boosting,0.8446886,0.5853217420681344
1753,Nisoldipine; nisoldipine,5,0.14559227,0.0002706695,0.6120833947089392,0.6308873382903528,5,hist_gradient_boosting,0.6308873,0.7027349960372588
6450,4-tert-butyl-N-[4-[(4-methyl-1-piperidinyl)sulfonyl]phenyl]benzamide; BRD-K03122949,8,0.14144751,0.00079309434,0.6275812146161395,0.6414690466065697,5,hist_gradient_boosting,0.64146906,0.6498483435454199
757,Alclometazone dipropionate; alclometasone,8,0.098691456,0.0003819086,0.7874519006955571,0.8367437585078177,5,hist_gradient_boosting,0.8367438,0.8038132787746608
4157,Flupentixol; flupentixol,7,0.1269152,0.00097288867,0.6819194931209516,0.7011422401604462,5,hist_gradient_boosting,0.70114225,0.7085255809776594
5151,Pravastatin (sodium); Pravastatin Sodium,140,0.044202335,0.00012784524,0.991194115964871,0.8157990282465267,5,hist_gradient_boosting,0.81579906,0.7784830624970026
6913,"9-(3,5-Dimethoxyphenyl)-1-[4-(1-piperazinyl)-3-(trifluoromethyl)phenyl]-2-benzo[h][1,6]naphthyridinone; JW-7-24-1",46,0.08868438,0.00046091957,0.8248697153930705,0.8880873377298905,5,hist_gradient_boosting,0.88808733,0.8716350588807641
6571,5-Chloro-7-((4-ethylpiperazin-1-yl)(pyridin-3-yl)methyl)quinolin-8-ol; BRD-A24054354,9,0.116651334,0.0012534662,0.7202974804639184,0.7573680023976738,5,hist_gradient_boosting,0.757368,0.7050860501119994
5293,Suloctidil (USAN/INN); suloctidil,24,0.13206494,0.00075471774,0.6626639166608175,0.6836525302298242,5,hist_gradient_boosting,0.6836525,0.7196130059781357
1364,Dinaciclib,377,0.06359299,0.00083115697,0.9186898264348012,0.938252225254567,5,hist_gradient_boosting,0.9382522,0.7649317845589841
3556,Vidarabine; vidarabine,13,0.08374452,0.0006671374,0.8433405220614378,0.9138867927847132,5,hist_gradient_boosting,0.9138868,0.7517096975346207
1118,GDC-0349; Gdc-0349,40,0.086109936,0.00045897588,0.8344959107513475,0.9001204827423555,5,hist_gradient_boosting,0.9001205,0.7989030630111652
2181,SB 216641; SB-216641,9,0.16582698,0.00037696963,0.5364230690315965,0.5275178129158503,5,hist_gradient_boosting,0.5275178,0.6539153530585102
5094,biperiden,12,0.1555023,0.0011455872,0.5750284481704301,0.5894003842201496,5,hist_gradient_boosting,0.5894004,0.705925544195562
1555,Glasdegib,137,0.04883077,0.00019790819,0.973887769618597,0.7524924941037484,5,hist_gradient_boosting,0.7524925,0.7024654843465677
8336,5-[(E)-2-(2-fluorophenyl)ethenyl]quinolin-8-ol; BRD-K14027855,9,0.07470636,0.00014726786,0.8771354283943644,0.9534215049634788,5,hist_gradient_boosting,0.95342153,0.787986560464817
7121,"5-(3-Methoxyphenyl)-4-[(1-methyl-5-tetrazolyl)thio]thieno[2,3-d]pyrimidine; BRD-K56593336",11,0.09273283,0.00058674935,0.8097320116410307,0.8691646440332248,5,hist_gradient_boosting,0.86916465,0.8611000077020444
3414,"1,8-Naphthyridine-3-carboxylic acid, 7-(1alpha,5alpha,6alpha)-6-amino-3-azabicyclo3.1.0hex-3-yl-1-(2,4-difluorophenyl)-6-fluoro-1,4-dihydro-4-oxo-; trovafloxacin",15,0.14161555,0.00025712946,0.6269528902602767,0.6801296932607198,5,hist_gradient_boosting,0.6801297,0.6803585438676375
24036,Clozapine,38,0.08440065,0.0007719136,0.840887162982574,0.9184022020764918,5,hist_gradient_boosting,0.9184022,0.7774768717671178
6956,"BRD-A50388635; N-[(5-chloro-8-hydroxy-7-quinolinyl)-(3,4-dimethoxyphenyl)methyl]-4-methoxybenzamide",9,0.14811866,0.00056028774,0.602636879775541,0.6102877372023823,5,hist_gradient_boosting,0.6102877,0.7105187918478316
1675,Axitinib; axitinib,32,0.119824946,0.0008448875,0.7084309146720922,0.742534326950304,5,hist_gradient_boosting,0.74253434,0.6850681990702598
6896,"1-[(E)-3-(3,4,5-trimethoxyphenyl)prop-2-enoyl]-3,4-dihydro-2H-azepin-7-one; MD-II-008-P",15,0.09910773,0.000448633,0.7858953957389252,0.8393679376767473,5,hist_gradient_boosting,0.8393679,0.7565874177663783
1106,"2-[4-[(4-Ethyl-1-piperazinyl)methyl]-3-(trifluoromethyl)anilino]-5,11-dimethyl-6-pyrimido[4,5-b][1,4]benzodiazepinone; JWE-035",49,0.082805626,0.0005003713,0.8468511740953194,0.9155650332284088,5,hist_gradient_boosting,0.915565,0.8680125459458807
2006,"2-[2-methoxy-5-[[(E)-2-(2,4,6-trimethoxyphenyl)ethenyl]sulfonylmethyl]anilino]acetic acid; Rigosertib",92,0.1074125,0.0055391965,0.7548427341057501,0.8782223069197109,5,hist_gradient_boosting,0.8782223,0.6769850795838611
6501,BRD-K21064560; N-Palmitoyldopamine,15,0.09499151,0.0006030254,0.8012865007144644,0.8586074355941696,5,hist_gradient_boosting,0.8586074,0.6717629326161106
1880,Wortmannin from Penicillium funiculosum; wortmannin,682,0.06948952,0.0005204272,0.8966419008571073,0.9781579069411,5,hist_gradient_boosting,0.9781579,0.7487397663611727
5172,Atazanavir (sulfate); Atazanavir Sulfate,142,0.045640897,0.00015994292,0.9858151374953475,0.7916499981561553,5,hist_gradient_boosting,0.79165,0.7690846418387816
1516,"N-Methyl-N-(2-(((2-((2-oxo-2,3-dihydro-1H-indol-5-yl)amino)-5-(trifluoromethyl)pyrimidin-4-yl)amino)methyl)phenyl)methanesulfonamide; PF-431396",30,0.09845938,0.00059440616,0.7883196643423747,0.8429219933165546,5,hist_gradient_boosting,0.842922,0.8027688321153814
3845,Sulfasalazine; sulfasalazine,8,0.16989815,0.0027558913,0.5212004121174214,0.603778906148524,5,hist_gradient_boosting,0.6037789,0.6668173840605007
3856,CD-1530; CD1530,42,0.113824286,0.0007842711,0.7308681964457873,0.7705817985702044,5,hist_gradient_boosting,0.7705818,0.7693263582210307
2068,Lenvatinib; lenvatinib,6,0.18893357,0.00017306597,0.4500243944425942,0.4195161604117251,5,hist_gradient_boosting,0.41951615,0.6580458781750702
4145,Umeclidinium; umeclidinium,5,0.1600885,0.0005337351,0.5578800242186448,0.5543399041116689,5,hist_gradient_boosting,0.5543399,0.6705422002510183
1975,(E)-N-[(4-hydroxy-3-methoxyphenyl)methyl]-8-methylnon-6-enamide; Capsaicin,15,0.16620634,0.002240852,0.5350045905286204,0.5255319593431828,5,hist_gradient_boosting,0.52553195,0.7411054532132627
1429,Sinequan; doxepin,19,0.13794443,0.0008412616,0.6406797059547248,0.6555131485060828,5,hist_gradient_boosting,0.65551317,0.7089432763358289
8193,"(4R,5'R)-2-benzoyl-2'-[4-(3-hydroxypropoxy)phenyl]-5'-phenyl-3-spiro[1,5-dihydro-2-benzazepine-4,4'-5H-oxazole]one; BRD-K62169556",9,0.13111256,0.00057823,0.6662249946781742,0.6897752860507378,5,hist_gradient_boosting,0.6897753,0.7371425356920982
7732,8-(2-methylphenoxy)-2-(4-morpholinyl)-1H-quinolin-4-one; TGX-115,10,0.12851246,0.0011530758,0.6759471213008764,0.7019283299857217,5,hist_gradient_boosting,0.7019283,0.7392136091749618
6608,"2-Amino-1-cyclohexyl-3-pyrrolo[3,2-b]quinoxalinecarboxylic acid ethyl ester; BRD-K58900438",6,0.16073246,0.00036999842,0.5554721704207313,0.551329926412761,5,hist_gradient_boosting,0.5513299,0.7241153002967329
5317,Tinidazole; tinidazole,7,0.08398849,9.923748e-05,0.8424282851351117,0.9080765824870944,5,hist_gradient_boosting,0.9080766,0.7745585184397947
7124,2-(3-Methoxyphenyl)-4-propan-2-yloxyquinazoline; BRD-K77014406,5,0.16894504,0.00039075673,0.5247642197038082,0.5129437976998077,5,hist_gradient_boosting,0.5129438,0.7045365942734438
1965,Acitretin; acitretin,9,0.114858046,0.00074247527,0.7270028275686345,0.7677648193845837,5,hist_gradient_boosting,0.7677648,0.7287792842073677
5196,Fedratinib (hydrochloride hydrate); Fedratinib Hydrochloride,157,0.058332916,0.0042657605,0.9383579566885546,0.8293292838402175,5,hist_gradient_boosting,0.8293293,0.6730359903295412
274,"[(1R,2S,11R,12R,15R,16S)-15-acetyl-9-chloro-2,16-dimethyl-6-oxo-15-pentacyclo[9.7.0.02,8.03,5.012,16]octadeca-7,9-dienyl] acetate; cyproterone",5,0.11001166,0.00021463951,0.7451241222705658,0.7759921787967718,5,hist_gradient_boosting,0.77599216,0.7510148521234602
1678,"N,1,4,4-Tetramethyl-8-((4-(4-methylpiperazin-1-yl)phenyl)amino)-4,5-dihydro-1H-pyrazolo(4,3-h)quinazoline-3-carboxamide; PHA-848125",90,0.085678875,0.0006373858,0.8361077063069449,0.9021352822673436,5,hist_gradient_boosting,0.90213525,0.7651442802554225
4570,cinchocaine,5,0.17716876,2.6618098e-05,0.4940146150156618,0.4284151290381813,5,hist_gradient_boosting,0.42841512,0.5941650369622717
1350,JTC-801; N-(4-amino-2-methylquinolin-6-yl)-2-(4-ethylphenoxymethyl)benzamide; N-(4-amino-2-methylquinolin-6-yl)-2-[(4-ethylphenoxy)methyl]benzamide,25,0.15137093,0.0008654175,0.5904762010511784,0.5950863828368117,5,hist_gradient_boosting,0.5950864,0.6626867808534066
3395,"(2R)-2-amino-2-[(5S)-3-chloro-4,5-dihydro-1,2-oxazol-5-yl]acetic acid; acivicin",24,0.111073025,0.00048626564,0.7411555345535916,0.7834413950286421,5,hist_gradient_boosting,0.7834414,0.727087777474367
24172,Mln4924,250,0.0767713,0.00065254985,0.869414337610055,0.9463625690349882,5,hist_gradient_boosting,0.94636256,0.756017199469561
5244,Moxisylyte; moxisylyte,7,0.137459,0.00044497332,0.6424947945768772,0.6437263710141452,5,hist_gradient_boosting,0.64372635,0.6570128224274718
583,GSK-1292263; Gsk-1292263,7,0.09876125,0.00022333239,0.7871909314614873,0.8409873837093765,5,hist_gradient_boosting,0.8409874,0.7395332362779989
5328,Demeclocycline,150,0.040509053,0.00019652487,1.0,0.902519456782622,5,hist_gradient_boosting,0.90251946,0.854228903446428
7782,"BRD-K31999759; N-[(3R,9R,10R)-12-[(2R)-1-hydroxypropan-2-yl]-3,10-dimethyl-9-[[methyl-[[4-(trifluoromethyl)phenyl]methyl]amino]methyl]-13-oxo-2,8-dioxa-12-azabicyclo[12.4.0]octadeca-1(14),15,17-trien-16-yl]-3,5-dimethyl-4-isoxazolesulfonamide",12,0.109619856,0.00041852918,0.7465891305776621,0.7902336040701974,5,hist_gradient_boosting,0.7902336,0.7843170165407496
5296,Calpeptin; calpeptin,18,0.11574677,0.0004595438,0.7236797679706828,0.7615960457717026,5,hist_gradient_boosting,0.761596,0.7490682970743301
8043,"2-[(3R,6aS,8R,10aS)-1-(1,3-benzodioxol-5-ylmethyl)-3-hydroxy-3,4,6,6a,8,9,10,10a-octahydro-2H-pyrano[2,3-c][1,5]oxazocin-8-yl]-N-(4-phenylphenyl)acetamide; BRD-K63000292",5,0.12857255,0.0010909758,0.6757224366392256,0.7016474233713381,5,hist_gradient_boosting,0.7016474,0.7567498231876271
23995,"BRD-K30418433; N-[(4S,7R,8S)-8-methoxy-4,5,7,10-tetramethyl-11-oxo-2-oxa-5,10-diazabicyclo[10.4.0]hexadeca-1(12),13,15-trien-14-yl]butanamide",15,0.12172263,0.0012743932,0.7013352167612903,0.7336643970011609,5,hist_gradient_boosting,0.7336644,0.7016476064722632
962,Rotigotine; rotigotine,5,0.25997943,0.0012470974,0.1843742860087743,0.1086245549851978,5,hist_gradient_boosting,0.108624555,0.5934715847999329
7675,"1-cyclohexyl-3-[(2R,3S)-5-[(2R)-1-hydroxypropan-2-yl]-3-methyl-2-[[methyl-(4-methylphenyl)sulfonylamino]methyl]-6-oxo-3,4-dihydro-2H-1,5-benzoxazocin-10-yl]urea; BRD-K88556033",8,0.09429803,9.1869304e-05,0.8038795165101305,0.8618488069947904,5,hist_gradient_boosting,0.86184883,0.7782309193421547
1064,Procaine; procaine,6,0.09190304,0.0013398565,0.8128347090181516,0.8712439345231142,5,hist_gradient_boosting,0.87124395,0.6753989783856957
552,Ipratropium; ipratropium,8,0.17203572,0.0008811771,0.5132077479103181,0.4984977909638591,5,hist_gradient_boosting,0.49849778,0.6609285239523287
5336,Cotinine; cotinine,7,0.11879213,0.00043060942,0.7122927538051844,0.7309467609161429,5,hist_gradient_boosting,0.7309468,0.656543241508827
1279,O5251_sigma; oligomycin-c,8,0.09669645,0.00038681825,0.7949114987668047,0.8506384367378783,5,hist_gradient_boosting,0.85063845,0.8348645686544399
5188,Nafamostat (mesylate); Nafamostat Mesylate,146,0.046894982,0.000263998,0.981125943554487,0.7962603132336579,5,hist_gradient_boosting,0.7962603,0.7090625018983908
7385,"BRD-K32485462; N-[(2S,3R)-5-[(2R)-1-hydroxypropan-2-yl]-3-methyl-2-[[methyl-[(4-phenoxyphenyl)methyl]amino]methyl]-6-oxo-3,4-dihydro-2H-1,5-benzoxazocin-10-yl]-4-(2-thiazolyl)benzamide",10,0.11084894,0.00040498853,0.7419934187673711,0.784488748929892,5,hist_gradient_boosting,0.78448874,0.7783832865987391
5496,Trehalose; trehalose,19,0.51048505,0.20560938,0.0,0.6845308286103668,5,hist_gradient_boosting,0.68453085,0.7249025982424449
4457,Y-27632,28,0.118783064,0.00054801855,0.7123266528090539,0.7474827930200096,5,hist_gradient_boosting,0.7474828,0.6942930088977718
1267,BRD-K34685430; Methylergometrine,5,0.09425664,0.00030837025,0.8040342793349886,0.8582287090304848,5,hist_gradient_boosting,0.8582287,0.8328219669493049
7673,"(E)-3-[3,5-bis(trifluoromethyl)anilino]-2-(4-methylphenyl)sulfonylprop-2-enenitrile; KM-00927",13,0.09396708,0.0008740151,0.8051169834559339,0.8633956754939152,5,hist_gradient_boosting,0.8633957,0.7138291885508784
5037,fenbufen,6,0.075702175,0.00012707987,0.8734119410197303,0.9490441457512692,5,hist_gradient_boosting,0.94904417,0.6950767278101375
6741,"(8R)-7-methyl-5,6,6a,7-tetrahydro-4H-dibenzo[de,g]quinoline-2,13,14-triol; BRD-K39187410",5,0.08694798,0.00029115888,0.8313623505485108,0.8962034033867062,5,hist_gradient_boosting,0.8962034,0.8225851010120713
2917,4-(2-((2-Chloro-4-fluorophenyl)amino)-5-methyl-4-pyrimidinyl)-N-((1S)-1-(3-chlorophenyl)-2-hydroxyethyl)-1H-pyrrole-2-carboxamide; BRD-K93725829,7,0.1207614,0.00031259176,0.7049293861292146,0.7381572832456244,5,hist_gradient_boosting,0.7381573,0.7515279049195912
822,"2-butyl-3-[[4-[2-(2H-tetrazol-5-yl)phenyl]phenyl]methyl]-1,3-diazaspiro[4.4]non-1-en-4-one; Irbesartan",16,0.12119422,0.0007868794,0.7033110134339959,0.7442723877827857,5,hist_gradient_boosting,0.7442724,0.6982693891757255
5180,Cabozantinib (S-malate); Cabozantinib S-malate,142,0.04624134,0.00017026087,0.9835699996638352,0.7815704779639238,5,hist_gradient_boosting,0.7815705,0.7897776060191537
24013,"Ethyl 5,5,7,7-tetramethyl-2-(5-nitrothiophene-2-carboxamido)-4,5,6,7-tetrahydrothieno[2,3-c]pyridine-3-carboxylate; NPC26",21,0.12671664,0.00033526175,0.682661935897077,0.7103221446891266,5,hist_gradient_boosting,0.71032214,0.8082357487707368
5251,VX-222,5,0.14386556,0.00044634964,0.6185397976398597,0.6301670033344453,5,hist_gradient_boosting,0.630167,0.6687162224903072
2700,Gandotinib; LY-2784544,41,0.1377968,0.0083436975,0.6412317145518209,0.8574192424172292,5,hist_gradient_boosting,0.85741925,0.7671496889338821
1278,Ascomycin; sirolimus,676,0.07733144,0.0008969029,0.8673198981629413,0.9443876559653588,5,hist_gradient_boosting,0.9443877,0.9206885496319954
7523,"1-[(2R,3S)-2-[[(4-chlorophenyl)sulfonyl-methylamino]methyl]-5-[(2S)-1-hydroxypropan-2-yl]-3-methyl-6-oxo-3,4-dihydro-2H-1,5-benzoxazocin-10-yl]-3-cyclohexylurea; BRD-K54822214",6,0.09090283,0.00037725468,0.8165746298939998,0.8777181934105374,5,hist_gradient_boosting,0.8777182,0.7787665932789455
5169,Phenylephrine (hydrochloride); Phenylephrine Hydrochloride,140,0.051512722,0.00012789287,0.9638595872640686,0.6930803685712084,5,hist_gradient_boosting,0.69308037,0.8678077555837928
2878,Netupitant; netupitant,7,0.15549424,0.0010072816,0.5750585856038284,0.57581370449084,5,hist_gradient_boosting,0.5758137,0.690114819243255
734,Digitoxin,260,0.061888263,0.00089409726,0.925064031946566,0.8677765217566387,5,hist_gradient_boosting,0.8677765,0.9141408730688756
5430,Fipronil; fipronil,7,0.16576803,0.0004234959,0.5366434910785979,0.5277934187699072,5,hist_gradient_boosting,0.5277934,0.7079623462916168
7826,(2E)-N-hydroxy-3-(1-methyl-4-(phenylacetyl)-1H-pyrrol-2-yl)prop-2-enamide; BRD-K74733595,16,0.12579884,0.0005106686,0.6860937146034022,0.7146119686493801,5,hist_gradient_boosting,0.71461195,0.7796435658133758
6761,"1-[2-Fluoro-4,5-bis(phenylmethoxy)phenyl]-2-(methylamino)ethanol; BRD-A25170757",9,0.14527898,0.0002465692,0.6132548285190337,0.6235605722651447,5,hist_gradient_boosting,0.62356055,0.699608091118485
1806,LM-1685,5,0.15600997,0.0004588489,0.573130201171258,0.5549706884708858,5,hist_gradient_boosting,0.5549707,0.6298576606463875
3099,methimazole,5,0.11993094,0.00029054526,0.7080345887272259,0.7420389040781044,5,hist_gradient_boosting,0.7420389,0.7502284426919685
6943,BRD-K92202821; N-[4-[[2-methoxy-5-[4-oxo-3-(phenylmethyl)-2-quinazolinyl]phenyl]methoxy]phenyl]acetamide,6,0.15447618,0.0012183046,0.5788652500511606,0.5805722384425835,5,hist_gradient_boosting,0.58057225,0.6777957859216996
5204,Cytarabine (hydrochloride); Cytarabine Hydrochloride,135,0.041847035,0.00013079165,1.0,0.8553371799094496,5,hist_gradient_boosting,0.8553372,0.8733444030249691
2329,(E)-N-[4-[(3-methoxypyrazin-2-yl)sulfamoyl]phenyl]-3-(5-nitrothiophen-2-yl)prop-2-enamide; Necrosulfonamide,5,0.09316356,0.00015114051,0.8081214537393359,0.8915473122637602,5,hist_gradient_boosting,0.8915473,0.7629535746403943
3276,Modafinil; modafinil,6,0.16052927,0.00028806174,0.5562319253949501,0.5522796807795123,5,hist_gradient_boosting,0.55227965,0.703582826689893
91,"(1S,2R,5S,6S,8R,9R,10S,12S,15R,16S,25R,27S,28R)-21-chloro-5,9,28-trihydroxy-15,16,33,33-tetramethyl-24-methylidene-7,11,32-trioxa-18-azadecacyclo[25.4.2.02,16.05,15.06,8.06,12.017,31.019,30.022,29.025,28]tritriaconta-17(31),19,21,29-tetraene-10-carboxylic acid; penitrem-a",12,0.13881233,0.00029176942,0.6374345101177019,0.6537860556276185,5,hist_gradient_boosting,0.65378606,0.7180745109169197
818,"7-[(2R,4aR,5R,7aR)-2-(1,1-difluoropentyl)-2-hydroxy-6-oxo-3,4,4a,5,7,7a-hexahydrocyclopenta[b]pyran-5-yl]heptanoic acid; Lubiprostone",6,0.19339043,0.00036146445,0.433359590296732,0.6331840149578902,5,hist_gradient_boosting,0.633184,0.6527821565434141
1019,sildenafil,145,0.05071189,0.00989104,0.9668540067508236,0.9015753169665534,5,hist_gradient_boosting,0.9015753,0.7616163380836853
412,Acyclic retinoid; Peretinoin,142,0.054558393,0.00012328583,0.9524714102273808,0.6419530075592457,5,hist_gradient_boosting,0.641953,0.7718472439676868
7506,"BRD-K23282736; N-(2-aminophenyl)-4-[[[(2R,3S)-8-(dimethylamino)-5-[(2S)-1-hydroxypropan-2-yl]-3-methyl-6-oxo-3,4-dihydro-2H-1,5-benzoxazocin-2-yl]methyl-methylamino]methyl]benzamide",8,0.102587186,0.0005323667,0.7728852377411094,0.8231047479500209,5,hist_gradient_boosting,0.82310474,0.8425253078613003
3964,Ziprasidone; ziprasidone,19,0.1833868,0.0005906328,0.47076451993277,0.448281143577357,5,hist_gradient_boosting,0.44828114,0.5974986838696972
7642,"BRD-K61717269; N-[(4-methylphenyl)methyl]-6-phenyl-3-(2-pyridinyl)-1,2,4-triazin-5-amine",26,0.08842911,0.00037514188,0.8258242045523249,0.8892805032415517,5,hist_gradient_boosting,0.8892805,0.8709258690036065
5434,Linsidomine; linsidomine,6,0.11628937,0.0005799811,0.7216509129629991,0.7590598777517269,5,hist_gradient_boosting,0.7590599,0.7338677953810271
2974,Flumatinib; flumatinib,26,0.10112519,0.00032303654,0.7783518391156273,0.8299382240241706,5,hist_gradient_boosting,0.82993823,0.6819837322271033
693,"3,5-dimethyladamantan-1-amine; Memantine; memantine",7,0.13284108,0.0008305698,0.659761823911714,0.6773363101710067,5,hist_gradient_boosting,0.67733634,0.7257223330777126
7842,"4-[(1-methyl-5-tetrazolyl)thio]-5-(1H-pyrrol-2-yl)thieno[2,3-d]pyrimidine; BRD-K89224880",11,0.08363779,0.000775891,0.8437396000101478,0.9116754320175308,5,hist_gradient_boosting,0.91167545,0.8893827047007477
4809,astemizole,5,0.11418817,6.2565894e-05,0.7295075848062443,0.7515710038737171,5,hist_gradient_boosting,0.751571,0.6484330320478036
3482,Entinostat; entinostat,410,0.07412288,0.0019332699,0.8793171392677209,0.977210735658462,5,hist_gradient_boosting,0.97721076,0.6807520856816394
6245,"BRD-K68313733; N-(1,3-dioxaindan-5-yl)-2-chloro-N-{[2-(prop-2-en-1-yloxy)phenyl]methyl}acetamide",18,0.13442084,0.00072690926,0.6538548869656426,0.6743121263632554,5,hist_gradient_boosting,0.6743121,0.706882864487994
6327,"BRD-K60070073; N-(tert-Butyl)-6-oxo-6H-anthra[1,9-cd]isoxazole-3-carboxamide",10,0.16934058,0.00045343753,0.5232852419858958,0.5110950742372884,5,hist_gradient_boosting,0.51109505,0.7120069774619648
3227,Guanadrel; guanadrel,7,0.130082,0.0012046177,0.6700783983212233,0.6828827372614612,5,hist_gradient_boosting,0.6828827,0.7423095686022875
24208,"2,7-bis(piperidin-1-ylsulfonyl)-9H-fluoren-9-one oxime; CIL56",24,0.16778916,0.00049707,0.5290862118274375,0.5183465144201425,5,hist_gradient_boosting,0.5183465,0.7953348593467555
1553,"N-[(1-methylpiperidin-4-yl)methyl]-3-[3-(trifluoromethoxy)phenyl]imidazo[1,2-b]pyridazin-6-amine; SGI-1776",45,0.10452802,0.00058638724,0.7656281961266924,0.8144042383903307,5,hist_gradient_boosting,0.81440425,0.7399727815735426
5160,Dorzolamide (hydrochloride); Dorzolamide Hydrochloride,138,0.042561825,0.00013412297,0.997328205402127,0.843338092342432,5,hist_gradient_boosting,0.8433381,0.8360287471791142
1785,Salvinorin A; salvinorin-a,9,0.22406489,0.00068549684,0.3186636231404631,0.2553101211182691,5,hist_gradient_boosting,0.25531012,0.7927342479493706
6744,Chelidonine; chelidonine,50,0.08675551,0.00032316128,0.8320820219884829,0.8973186116983027,5,hist_gradient_boosting,0.8973186,0.8201017811046339
4777,bergenin,145,0.045479372,0.00011319762,0.9864191013824026,0.8116019942614053,5,hist_gradient_boosting,0.811602,0.7388166231477941
1979,Trimethoprim; trimethoprim,7,0.13647899,0.0011439371,0.6461591849124468,0.6512495579236453,5,hist_gradient_boosting,0.6512496,0.7435029977739873
8175,1-(4-Bromophenyl)-3-(4-morpholinyl)-2-phenyl-1-propanone; AT-SUMO-1,9,0.10634752,0.00084807316,0.7588248387981256,0.8055287091895905,5,hist_gradient_boosting,0.8055287,0.7423144102380711
2591,Sonidegib,168,0.047696806,0.0005363502,0.97812781484516,0.8928492230025518,5,hist_gradient_boosting,0.8928492,0.7158442664513718
3020,Calmidazolium; calmidazolium,23,0.10041115,0.0006709818,0.7810217315404088,0.8330737079330389,5,hist_gradient_boosting,0.83307374,0.7608172055059812
6967,TL-HRAS-27; [4-[Bis(4-methoxyphenyl)methyl]-1-piperazinyl]-(5-methyl-4-nitro-3-isoxazolyl)methanone,5,0.18001321,0.00089071057,0.4833788305950837,0.4612105111019625,5,hist_gradient_boosting,0.46121052,0.706079582825505
5201,Noradrenaline hydrochloride; Norepinephrine (hydrochloride),144,0.054711405,0.00014383707,0.9518992776021769,0.6393843979720855,5,hist_gradient_boosting,0.6393844,0.8579907008912891
3006,"(6S)-4-(4-Chlorophenyl)-N-(4-hydroxyphenyl)-2,3,9-trimethyl-6H-thieno(3,2-f)(1,2,4)triazolo(4,3-a)(1,4)diazepine-6-acetamide; OTX-015",82,0.089951076,0.0006855686,0.820133367212435,0.8821667412335137,5,hist_gradient_boosting,0.88216674,0.8222235744111209
7505,"BRD-K37043259; N-(2-aminophenyl)-4-[[[(2S,3S)-8-(dimethylamino)-5-[(2S)-1-hydroxypropan-2-yl]-3-methyl-6-oxo-3,4-dihydro-2H-1,5-benzoxazocin-2-yl]methyl-methylamino]methyl]benzamide",8,0.096708484,0.00019230958,0.794866502008304,0.8505821580776042,5,hist_gradient_boosting,0.8505822,0.8425253078613003
6609,"6,11-Dioxo-12-naphtho[2,3-b]indolizinecarboxylic acid ethyl ester; BRD-K28100108",5,0.22368893,0.00068837876,0.3200693885822042,0.2570673139297971,5,hist_gradient_boosting,0.25706732,0.7529924968569821
6713,"6-(1,3-benzodioxol-5-yl)-N-(2-furanylmethyl)-N-methyl-4-quinazolinamine; BRD-K44978960",7,0.14401612,0.00025647198,0.6179768333752875,0.6294632668051381,5,hist_gradient_boosting,0.62946326,0.6909110862673579
2517,Canrenoic Acid; potassium-canrenoate,6,0.100969344,0.001609046,0.7789345684512843,0.8308612982239993,5,hist_gradient_boosting,0.8308613,0.8295267787417238
6693,Jnk-IN-2; ZG-10,27,0.11773806,0.00054893916,0.716234064527538,0.7522885692232599,5,hist_gradient_boosting,0.7522886,0.713276242335655
3615,Benperidol; benperidol,8,0.19170886,0.00052400515,0.439647208644079,0.3834928557286721,5,hist_gradient_boosting,0.38349286,0.6736006666409102
1490,"(4R,12aR)-4,7-bis(dimethylamino)-10,12a-dihydroxy-1,3,11,12-tetraoxo-4,4a,5,5a,6,11a-hexahydrotetracene-2-carboxamide; minocycline",13,0.100801095,0.0005062066,0.7795636742864995,0.8305827223756865,5,hist_gradient_boosting,0.83058274,0.8161159860766302
241,Medroxyprogesterone Acetate; Medroxyprogesterone acetate,146,0.042380158,0.000103248014,0.9980074829595924,0.8497382229197386,5,hist_gradient_boosting,0.84973824,0.8025831400442706
1232,Phenacetin; phenacetin,6,0.12336578,0.00037690668,0.6951912560058989,0.7150436693515396,5,hist_gradient_boosting,0.71504366,0.771041406574119
5358,Novobiocin; novobiocin,11,0.16153693,0.00019689107,0.5524641479584547,0.5167730027942454,5,hist_gradient_boosting,0.516773,0.7995477836874137
938,RP107; aloisine,25,0.12682407,0.00060606777,0.6822602405534067,0.709819983245115,5,hist_gradient_boosting,0.70982,0.6843318828017291
2278,"(7R,9S)-9-acetyl-7-[[(2R,4S,5S,6S)-4-amino-5-hydroxy-6-methyl-2-oxanyl]oxy]-6,9,11-trihydroxy-4-methoxy-8,10-dihydro-7H-tetracene-5,12-dione; daunorubicin",325,0.06741417,0.0010735008,0.9044019160436098,0.9936753681671956,5,hist_gradient_boosting,0.99367535,0.9653541615968909
6992,"1-[(3R,9R,10S)-12-[(2S)-1-hydroxypropan-2-yl]-9-[[(4-methoxyphenyl)methyl-methylamino]methyl]-3,10-dimethyl-13-oxo-2,8-dioxa-12-azabicyclo[12.4.0]octadeca-1(14),15,17-trien-16-yl]-3-[4-(trifluoromethyl)phenyl]urea; BRD-K69406317",12,0.08622628,0.00041021372,0.8340608847524276,0.8995766871760933,5,hist_gradient_boosting,0.89957666,0.8882827195780374
247,Pharmakon1600-01500299; fludrocortisone-acetate,14,0.09040314,0.00037209166,0.8184430385906261,0.8781936411602056,5,hist_gradient_boosting,0.8781936,0.8535109689169657
5343,Norcyclobenzaprine; norcyclobenzaprine,5,0.08898978,0.0008127716,0.8237277833633128,0.8863607069112137,5,hist_gradient_boosting,0.8863607,0.7325392721332482
2514,"(1R,2S,8R,11R,12S,15S,16S)-2,16-dimethyl-5-thiapentacyclo[9.7.0.02,8.04,6.012,16]octadecan-15-ol; epitiostanol",8,0.12086597,0.00069527316,0.7045383847135245,0.7324100139946585,5,hist_gradient_boosting,0.73241,0.8081306512949933
8197,1-(2-Fluorophenyl)-3-(4-morpholinyl)-2-phenyl-1-propanone; BRD-A49848186,11,0.1137229,0.0006898852,0.7312472924535443,0.7710557157998376,5,hist_gradient_boosting,0.7710557,0.7139755627253315
1800,"FPL-64176; methyl 2,5-dimethyl-4-(2-(phenylmethyl)benzoyl)-1H-pyrrole-3-carboxylate; methyl 4-(2-benzylbenzoyl)-2,5-dimethyl-1H-pyrrole-3-carboxylate",6,0.15504445,0.0026997193,0.5767404114311525,0.5839658738479037,5,hist_gradient_boosting,0.5839659,0.6824081236411266
5471,Erythrosin(E); erythrosine,16,0.18288238,0.00080475543,0.4726506147410556,0.4477997711359505,5,hist_gradient_boosting,0.44779977,0.7113765751528807
3547,5-Azacytidine; Azacitidine; Azacytidine,300,0.08350874,0.010341431,0.8442221354667302,0.8802451941957478,5,hist_gradient_boosting,0.8802452,0.761562772994534
24204,Deferasirox,10,0.08761649,0.0010702013,0.8288627009702089,0.8929392913921309,5,hist_gradient_boosting,0.89293927,0.6880602428120222
5163,Indacaterol (maleate); Indacaterol maleate,144,0.042954836,0.000272823,0.995858683958292,0.8647692649517947,5,hist_gradient_boosting,0.8647693,0.7933804046503432
652,Tamibarotene; tamibarotene,50,0.1233282,0.0007631885,0.6953317727239026,0.7266716560212533,5,hist_gradient_boosting,0.72667164,0.7143063025404454
1813,nintedanib,50,0.15838356,0.014033456,0.5642550261663044,0.7662545418842329,5,hist_gradient_boosting,0.76625454,0.7236586919702713
1226,Pelitinib; pelitinib,77,0.11243624,0.0035168768,0.7360582887384434,0.8768707830151398,5,hist_gradient_boosting,0.8768708,0.8026160506692669
1836,CP-724714; Cp-724714,24,0.11540964,0.0004782256,0.7249403427748486,0.7631717619190158,5,hist_gradient_boosting,0.76317173,0.6605254241146732
15232,WH-4025,24,0.13464041,0.00036875697,0.6530338849493561,0.6732858883932146,20,ridge,0.6732859,0.7658333778381348
938,RP107; aloisine,25,0.12682407,0.00060606777,0.6822602405534067,0.709819983245115,20,ridge,0.70982,0.8254038095474243
5192,"5-((6-([1,1'-biphenyl]-4-yl)-5-chloro-1H-benzo[d]imidazol-2-yl)oxy)-2-methylbenzoic acid; MK-3903",143,0.041990664,0.00010045219,0.9994638538633204,0.8529261221907791,20,ridge,0.85292614,0.7475913763046265
1892,Danusertib; danusertib,71,0.1038475,0.0023146707,0.7681727527242391,0.9348334210273544,20,ridge,0.9348334,0.8129963874816895
5210,Niclosamide (olamine); Niclosamide ethanolamine salt,139,0.042337965,0.00012061244,0.9981652483103836,0.8470959968229252,20,ridge,0.847096,0.8897782564163208
738,"(10S,13R,17Z)-17-ethylidene-10,13-dimethyl-1,2,6,7,8,9,11,12,14,15-decahydrocyclopenta[a]phenanthrene-3,16-dione; guggulsterone",20,0.115964174,0.0009068192,0.7228668649222301,0.760579804911961,20,ridge,0.7605798,0.8318231701850891
260,"4,15-Diacetoxyscirpen-3-ol; anguidine",58,0.08292768,0.00026010672,0.8463947976317959,0.9149945606879136,20,ridge,0.91499454,0.911501944065094
2633,"4-[2-[[4-(2,4-dichlorophenyl)-5-(5-methyl-1H-imidazol-2-yl)pyrimidin-2-yl]amino]ethylamino]benzonitrile; CHIR-99021",75,0.09856289,0.00069751847,0.7879326264104813,0.8419145563964376,20,ridge,0.84191453,0.814033567905426
25,"(1R,2R,13R,14R,17R,18S)-17-ethynyl-2,18-dimethyl-7-oxa-6-azapentacyclo[11.7.0.02,10.04,8.014,18]icosa-4(8),5,9-trien-17-ol; danazol",32,0.106042445,0.00096727995,0.7599655556087946,0.8072221792738535,20,ridge,0.8072222,0.8557429909706116
82,"(1S,2S,4R,7E,11S)-4,8-dimethyl-12-methylidene-3,14-dioxatricyclo[9.3.0.02,4]tetradec-7-en-13-one; Parthenolide",88,0.09534983,0.0010230442,0.7999466936257191,0.8718717153653051,20,ridge,0.8718717,0.8133025765419006
5130,Osimertinib (mesylate); Osimertinib Mesylate,140,0.0421846,0.0001040871,0.9987387008504746,0.849670531245994,20,ridge,0.8496705,0.8484380841255188
3637,Pitavastatin Calcium; pitavastatin,65,0.074145064,0.00052229,0.879234190282298,0.9560450877209852,20,ridge,0.9560451,0.9277650713920593
1762,"BRD-K88741031; Methyl 2,5-dihydroxycinnamate; erbstatin-analog; methyl (E)-3-(2,5-dihydroxyphenyl)acrylate",20,0.11892468,0.0011659467,0.7117971313738012,0.7467422314609069,20,ridge,0.74674225,0.798128604888916
241,Medroxyprogesterone Acetate; Medroxyprogesterone acetate,146,0.042380158,0.000103248014,0.9980074829595924,0.8497382229197386,20,ridge,0.84973824,0.7613486051559448
527,Triptolide (PG490); triptolide,127,0.081024,0.0010932942,0.8535129153999994,0.9325779055333792,20,ridge,0.9325779,0.8953383564949036
72,"(1R,3S,5Z)-5-[(2E)-2-[(1R,3aS,7aR)-1-[(E,2R,5S)-5-cyclopropyl-5-hydroxypent-3-en-2-yl]-7a-methyl-2,3,3a,5,6,7-hexahydro-1H-inden-4-ylidene]ethylidene]-4-methylidenecyclohexane-1,3-diol; Calcipotriol",44,0.088578515,0.000527521,0.825265558989437,0.8882832476356304,20,ridge,0.88828325,0.864488422870636
5196,Fedratinib (hydrochloride hydrate); Fedratinib Hydrochloride,157,0.058332916,0.0042657605,0.9383579566885546,0.8293292838402175,20,ridge,0.8293293,0.770612359046936
1312,Birinapant; birinapant,88,0.08651069,0.00055895274,0.8329974371801178,0.8982473219523498,20,ridge,0.8982473,0.897513747215271
1455,Amonafide; amonafide,37,0.113796234,0.0008045384,0.7309730866792474,0.7707128957894543,20,ridge,0.7707129,0.8434315323829651
764,"(8S,9S,10R,11S,13S,14R,16R,17S)-11-hydroxy-10,13,16,17-tetramethyl-17-propanoyl-7,8,9,11,12,14,15,16-octahydro-6H-cyclopenta[a]phenanthren-3-one; rimexolone",39,0.10292705,0.000745943,0.7716144401400563,0.8223311085075615,20,ridge,0.82233113,0.8534272313117981
2571,"(3Z)-5-(((2,6-Dichlorophenyl)methyl)sulfonyl)-3-((3,5-dimethyl-4-(((2R)-2-(1-pyrrolidinylmethyl)-1-pyrrolidinyl)carbonyl)-1H-pyrrol-2-yl)methylene)-1,3-dihydro-2H-indol-2-one; PHA-665752",25,0.12461676,0.0005285091,0.6905136720812546,0.7201370842100371,20,ridge,0.72013706,0.8610748648643494
284,"(6S,9R,11S,13S,17R)-17-acetyl-9-fluoro-11,17-dihydroxy-6,10,13-trimethyl-6,7,8,11,12,14,15,16-octahydrocyclopenta[a]phenanthren-3-one; BRD-A13133631",32,0.103402875,0.00021254235,0.7698352659158929,0.8192921694633003,20,ridge,0.8192922,0.8527030944824219
788,"methyl (1R,9R,10S,11R,12S,19R)-11-acetyloxy-12-ethyl-4-[(12S,14R)-16-ethyl-12-methoxycarbonyl-1,10-diazatetracyclo[12.3.1.03,11.04,9]octadeca-3(11),4,6,8,15-pentaen-12-yl]-10-hydroxy-5-methoxy-8-methyl-8,16-diazapentacyclo[10.6.1.01,9.02,7.016,19]nonadeca-2,4,6,13-tetraene-10-carboxylate; vinorelbine",36,0.11604825,0.0032363913,0.7225524933527018,0.7925000204153498,20,ridge,0.7925,0.9058151245117188
3476,TWS-119; Tws119,47,0.14135966,0.00049781887,0.6279096976836387,0.6418796909489077,20,ridge,0.6418797,0.770735502243042
2483,Brefeldin A; brefeldin-a,82,0.08437252,0.00044970025,0.8409923448686156,0.908241255978848,20,ridge,0.9082413,0.8742584586143494
483,Ipatasertib,149,0.04054196,0.00010342978,1.0,0.8772243219716018,20,ridge,0.8772243,0.8311566114425659
1832,"1,18-Dihydroxy-12-[1-[4-(2-hydroxyethoxy)-3-methoxycyclohexyl]propan-2-yl]-19,30-dimethoxy-15,17,21,23,29,35-hexamethyl-11,36-dioxa-4-azatricyclo[30.3.1.04,9]hexatriaconta-16,24,26,28-tetraene-2,3,10,14,20-pentone; Everolimus; everolimus",334,0.06725283,0.0028814815,0.9050051881905684,0.9086687524281016,20,ridge,0.90866876,0.9080566763877869
99,Ibrutinib; ibrutinib,149,0.11938259,0.013496693,0.7100849437649395,0.8575665277152715,20,ridge,0.85756654,0.7228792309761047
3220,Phenformin; phenformin,20,0.11236765,0.00051123824,0.7363147560531818,0.7744977822338263,20,ridge,0.7744978,0.7896459698677063
3022,AT-7867,25,0.10729065,0.00058325456,0.7552983477855995,0.8011204468954171,20,ridge,0.80112046,0.7653230428695679
3450,Tucidinostat,159,0.052795812,0.0028484168,0.9590619396934664,0.9288760976883396,20,ridge,0.9288761,0.8913328647613525
5135,Goserelin (acetate); Goserelin Acetate,142,0.043010183,0.00022325649,0.9956517340170642,0.8358115957539415,20,ridge,0.8358116,0.9106938242912292
1524,meisoindigo,24,0.10852221,0.00054371695,0.7506933778754209,0.7953640701544666,20,ridge,0.7953641,0.8231459856033325
1724,"(9S,10R,11R,13R)-2,3,10,11,12,13-hexahydro-10-methoxy-9-methyl-11-(methylamino)-9,13-epoxy-1H,9H-diindolo[1,2,3-gh:3',2',1'-lm]pyrrolo[3,4-j][1,7]benzodiazonin-1-one; staurosporine",68,0.08744558,0.00058515393,0.8295017566454084,0.9009691531094972,20,ridge,0.90096915,0.8535444736480713
2355,Pentagastrin,144,0.041014187,0.00014010626,1.0,0.8693181198384582,20,ridge,0.8693181,0.8059321641921997
5154,Azithromycin (hydrate); Azithromycin Dihydrate,142,0.040225465,0.00010679063,1.0,0.8825583080635155,20,ridge,0.8825583,0.9550414681434631
2328,SB 239063; SB-239063,33,0.12868279,0.0010227034,0.6753102343243582,0.7011322007945817,20,ridge,0.7011322,0.8602533936500549
3995,6-Bromoindirubin-3'-oxime; BRD-K04923131,108,0.08913316,0.0005341475,0.8231916660927604,0.8863268242541283,20,ridge,0.88632685,0.7843698263168335
5116,cisplatin,155,0.37180778,0.10779059,0.0,0.7859878844075918,20,ridge,0.7859879,0.7813684344291687
111,AVL-292; Spebrutinib,61,0.11309142,0.00052535697,0.7336084818384542,0.7740072808646861,20,ridge,0.77400726,0.7784145474433899
5159,NG-25; NG25,144,0.045628812,0.0001313687,0.9858603249497668,0.7918528765015186,20,ridge,0.7918529,0.7195963859558105
734,Digitoxin,260,0.061888263,0.00089409726,0.925064031946566,0.8677765217566387,20,ridge,0.8677765,0.8684191703796387
5281,Artesunate,180,0.048474625,0.00046425886,0.9752194440872876,0.887368893006398,20,ridge,0.8873689,0.8438040018081665
1443,BRD-K89997465; Chlorpromazine,55,0.07985243,0.0008023832,0.8578935745620928,0.9319946068789338,20,ridge,0.9319946,0.8211355805397034
7014,2-[(chloroacetyl)(4-methoxyphenyl)amino]-N-(2-phenylethyl)-2-thien-2-ylacetamide; K784-3188,29,0.11132413,0.0010653782,0.7402166188943502,0.7822676916492568,20,ridge,0.7822677,0.8572546243667603
3967,Ro-3306,20,0.10282321,0.00047925228,0.7720027119867165,0.8230700949772882,20,ridge,0.8230701,0.8758413791656494
1796,"BRD-K22848513; methyl (4aS,6aR,6bS,8aR,12aR,14aS,14bR)-11-cyano-2,2,6a,6b,9,9,12a-heptamethyl-10,14-dioxo-1,3,4,5,6,7,8,8a,14a,14b-decahydropicene-4a-carboxylate",68,0.091777645,0.00037448553,0.8133035779339063,0.8736292353931276,20,ridge,0.8736292,0.851624608039856
4465,linsitinib,53,0.111691244,0.0006036506,0.738843929846634,0.7805517818963523,20,ridge,0.7805518,0.8192229866981506
1599,6-cyclopropyl-8-fluoro-2-[2-(hydroxymethyl)-3-[1-methyl-5-[[5-(4-methylpiperazin-1-yl)pyridin-2-yl]amino]-6-oxopyridin-3-yl]phenyl]isoquinolin-1-one; RN486,25,0.1734342,0.0017118788,0.5079786414762129,0.5024073814405864,20,ridge,0.5024074,0.7784339189529419
2073,KIN001-055; Whi-P97,36,0.104194775,0.0005089931,0.7668742443888293,0.815590768214608,20,ridge,0.81559074,0.7852948307991028
4527,topotecan,151,0.067821175,0.000684778,0.902880069135386,0.9881312346751584,20,ridge,0.9881312,0.9233111143112183
2736,AZD-7648; Azd-7648,140,0.044472992,9.863245e-05,0.9901820927252568,0.8112554796639062,20,ridge,0.81125546,0.8419647216796875
24013,"Ethyl 5,5,7,7-tetramethyl-2-(5-nitrothiophene-2-carboxamido)-4,5,6,7-tetrahydrothieno[2,3-c]pyridine-3-carboxylate; NPC26",21,0.12671664,0.00033526175,0.682661935897077,0.7103221446891266,20,ridge,0.71032214,0.9383783936500549
1956,Lrrk2-IN-1; XMD-1150,120,0.07572602,0.0004060914,0.8733227813299804,0.9486555862195034,20,ridge,0.9486556,0.8531114459037781
1703,Genz-644282; genz-644282,78,0.08188948,0.00040141644,0.8502767682712673,0.91984713438195,20,ridge,0.91984713,0.8764156699180603
768,"[(1S,3R,7S,8R,8aS)-8-[2-[(2R,4R)-4-hydroxy-6-oxooxan-2-yl]ethyl]-3,7-dimethyl-1,2,3,7,8,8a-hexahydronaphthalen-1-yl] 2,2-dimethylbutanoate; simvastatin",67,0.08541824,0.0005519472,0.8370822559290009,0.9016893788062872,20,ridge,0.90168935,0.8336486220359802
1290,Lovastatin; lovastatin,26,0.09460957,0.0005675541,0.8027146261874365,0.8608341073117948,20,ridge,0.8608341,0.8082935810089111
6351,"(8S,9R,13S,14S,16R)-17-[(E,2R)-2,6-dihydroxy-6-methyl-3-oxohept-4-en-2-yl]-16-hydroxy-4,4,9,13,14-pentamethyl-1,7,8,10,12,15,16,17-octahydrocyclopenta[a]phenanthrene-2,3,11-trione; BRD-A49680073",20,0.0816055,0.0006632981,0.8513386080152444,0.9211745007969456,20,ridge,0.9211745,0.931222140789032
1019,sildenafil,145,0.05071189,0.00989104,0.9668540067508236,0.9015753169665534,20,ridge,0.9015753,0.7398574948310852
3779,Baicalin,145,0.04806055,0.00019611316,0.976767726684609,0.775203317944656,20,ridge,0.77520335,0.8039523959159851
6802,"(3S)-2-(2-chloro-1-oxoethyl)-1,1-dimethyl-4,9-dihydro-3H-pyrido[3,4-b]indole-3-carboxylic acid methyl ester; BRD-K78062244",24,0.09769062,0.0003507019,0.7911941622703269,0.8459915717839936,20,ridge,0.84599155,0.8854092955589294
2632,Ellipticine; ellipticine,27,0.14271896,0.0013983828,0.622827090584589,0.634721923205774,20,ridge,0.63472193,0.7433919310569763
6440,C-646; C646,29,0.12402202,0.00053966825,0.6927374856221129,0.740980318113489,20,ridge,0.7409803,0.8610395789146423
1278,Ascomycin; sirolimus,676,0.07733144,0.0008969029,0.8673198981629413,0.9443876559653588,20,ridge,0.9443877,0.8802191019058228
5166,Loperamide (hydrochloride); Loperamide Hydrochloride,176,0.05544645,0.00075451104,0.9491508446329124,0.8073831887953028,20,ridge,0.8073832,0.8450124263763428
7328,"BRD-K55116708; N-(2-aminophenyl)-4-[[[(2S,3R)-10-[[anilino(oxo)methyl]amino]-5-[(2S)-1-hydroxypropan-2-yl]-3-methyl-6-oxo-3,4-dihydro-2H-1,5-benzoxazocin-2-yl]methyl-methylamino]methyl]benzamide",23,0.091712825,0.0005144283,0.8135459487072163,0.8739322130276905,20,ridge,0.87393224,0.886397123336792
2240,"Naproxen, (-)-; naproxen",151,0.041546565,0.00023232038,1.0,0.9037546451537396,20,ridge,0.90375465,0.8087863326072693
3084,(E)-3-[4-[(E)-3-(3-fluorophenyl)-3-oxoprop-1-enyl]-1-methylpyrrol-2-yl]-N-hydroxyprop-2-enamide; MC1568,23,0.25145596,0.024360456,0.2162446966102144,0.7847101707691705,20,ridge,0.78471017,0.8390254974365234
8882,BRD-A28105619,52,0.084279254,0.00045299125,0.841341079094835,0.9086771854665224,20,ridge,0.90867716,0.931222140789032
4096,Daidzin,139,0.043369256,0.00014179676,0.9943091113591688,0.829783808724514,20,ridge,0.8297838,0.7955378293991089
1662,Rebastinib; rebastinib,34,0.12899783,0.00045769179,0.6741322570268635,0.6996597020228907,20,ridge,0.6996597,0.7998445630073547
5171,Esmolol (hydrochloride); Esmolol Hydrochloride,139,0.049850326,0.00012912395,0.9700755114243216,0.7209867717791052,20,ridge,0.7209868,0.6702924966812134
21252,glutamine,22,0.34212747,0.0621046,0.0,0.8221201638795562,20,ridge,0.8221202,0.8297719359397888
791,Erythromycin,151,0.040735878,0.00019825577,1.0,0.9114665186268862,20,ridge,0.91146654,0.9379240274429321
5259,Thymopentin,135,0.040596858,9.0624635e-05,1.0,0.8763238191519717,20,ridge,0.8763238,0.835554301738739
5519,Oleic Acid; Oleic acid,138,0.05088583,0.00019110568,0.9662036214945824,0.7036039187011207,20,ridge,0.7036039,0.7580941319465637
2430,"5-[(3S,10R,13R,14S,17R)-14-hydroxy-10,13-dimethyl-3-[(2R,3R,4R,5R,6S)-3,4,5-trihydroxy-6-methyloxan-2-yl]oxy-1,2,3,6,7,8,9,11,12,15,16,17-dodecahydrocyclopenta[a]phenanthren-17-yl]pyran-2-one; proscillaridin",29,0.08513348,0.0018219163,0.8381470121987908,0.9521718241471394,20,ridge,0.9521718,0.8021558523178101
2976,Metronidazole; metronidazole,20,0.09838844,0.00046476506,0.7885849186259078,0.8433816923538118,20,ridge,0.8433817,0.860957145690918
3395,"(2R)-2-amino-2-[(5S)-3-chloro-4,5-dihydro-1,2-oxazol-5-yl]acetic acid; acivicin",24,0.111073025,0.00048626564,0.7411555345535916,0.7834413950286421,20,ridge,0.7834414,0.8809429407119751
3532,thioguanine,45,0.10720419,0.0005587601,0.7556216334545347,0.8015245235487264,20,ridge,0.8015245,0.7785313129425049
6322,"N-(3,3-dimethylbutyl)-6-phenyl-3-(2-pyridinyl)-1,2,4-triazin-5-amine; VU-0410183-2",30,0.09198692,0.0005343042,0.8125210703192123,0.8726510643305955,20,ridge,0.87265104,0.7990862727165222
5175,Fostamatinib (disodium hexahydrate),135,0.045601826,0.00012239903,0.9859612292646164,0.7923058942611132,20,ridge,0.7923059,0.8293715715408325
5194,LY-2584702 (tosylate salt),144,0.042677317,9.657972e-05,0.996896365146787,0.8413993445790554,20,ridge,0.8413994,0.8272582292556763
5144,Benproperine (phosphate); Benproperine Phosphate,134,0.042995486,9.150117e-05,0.9957066880938203,0.8360582796107388,20,ridge,0.83605826,0.7495935559272766
6814,"1R,3S-Rsl 3; BRD-K56411643",28,0.10150441,0.00044647805,0.7769338840916432,0.8281657201238014,20,ridge,0.8281657,0.8685674071311951
4198,SB-202190; Sb-202190,23,0.105641335,0.0009416383,0.7614653603123184,0.808369270534697,20,ridge,0.8083693,0.7636317610740662
2252,2-(2-amino-3-methoxyphenyl)-4H-1-benzopyran-4-one; PD-98059,28,0.25028077,0.023182027,0.2206388914433874,0.6313624823445869,20,ridge,0.6313625,0.7380832433700562
3990,Narciclasine; narciclasine,69,0.07209376,0.000459098,0.8869042942127836,0.9656329558754694,20,ridge,0.965633,0.8418769836425781
24036,Clozapine,38,0.08440065,0.0007719136,0.840887162982574,0.9184022020764918,20,ridge,0.9184022,0.8285327553749084
5533,L-Thyroxine (sodium salt pentahydrate); Levothyroxine sodium pentahydrate,142,0.04407226,0.00011848072,0.991680484035502,0.8179826096760778,20,ridge,0.8179826,0.673819899559021
798,Bucladesine; bucladesine,22,0.13382052,0.001353923,0.6560995648834691,0.6738985279366643,20,ridge,0.6738985,0.8478283882141113
419,Ciclesonide; ciclesonide,30,0.13963428,0.00049160013,0.6343611275641348,0.6499442408662017,20,ridge,0.64994425,0.7685067057609558
4646,emetine,158,0.07322615,0.0009120066,0.8826701343857455,0.9651970493102644,20,ridge,0.965197,0.8853475451469421
1828,"2-[5-[(3,5-dimethyl-1H-pyrrol-2-yl)methylidene]-4-methoxy-2-pyrrolylidene]indole; obatoclax",114,0.08848161,0.003297927,0.8256278999303135,0.9557633948674448,20,ridge,0.9557634,0.8081154823303223
1065,Enclomiphene; clomifene,45,0.11804741,0.00067166885,0.7150773629119336,0.7502466722832587,20,ridge,0.75024664,0.7710490822792053
1967,ITK inhibitor; KIN001-127,36,0.11350609,0.000591558,0.7320579744554165,0.7720690596010985,20,ridge,0.77206904,0.7942303419113159
7015,BRD-A36275421; ML162,54,0.13719839,0.0007075126,0.6434692507205418,0.6613297082516324,20,ridge,0.6613297,0.8571166396141052
262,"[(1R,2S,4R,5R,6S,8R,10S,11S,14S,16R)-14-hydroxy-8,11-dimethyl-6-(6-oxopyran-3-yl)-3-oxapentacyclo[8.8.0.02,4.02,7.011,16]octadecan-5-yl] acetate; cinobufagin",24,0.170861,0.0671713,0.5176001853497321,0.8024011234864056,20,ridge,0.8024011,0.8392041921615601
2349,Belzutifan,140,0.041801233,8.2448e-05,1.0,0.8561060277662222,20,ridge,0.85610604,0.8047894239425659
4491,rimcazole,26,0.16513869,0.00045309667,0.538996678713201,0.559582765249302,20,ridge,0.55958277,0.7777109146118164
1750,Dimethyl Fumarate; dimethyl (E)-but-2-enedioate,135,0.04668537,0.00010493253,0.9819097112578976,0.7751710763976877,20,ridge,0.7751711,0.829298734664917
5318,Lasalocid A; lasalocid,80,0.09251206,0.0004034608,0.8105575006201061,0.8700419944857876,20,ridge,0.87004197,0.8239527940750122
5216,Larotrectinib Sulfate; Larotrectinib sulfate,138,0.044101775,0.00014491042,0.9915701234465752,0.8174871348866299,20,ridge,0.8174871,0.8860646486282349
5522,Benztropine (mesylate); Benztropine mesylate,137,0.04493709,0.00014052566,0.9884467673449472,0.8034647751085349,20,ridge,0.8034648,0.8929876685142517
5163,Indacaterol (maleate); Indacaterol maleate,144,0.042954836,0.000272823,0.995858683958292,0.8647692649517947,20,ridge,0.8647693,0.9134533405303955
5200,Pexidartinib (hydrochloride); Pexidartinib Hydrochloride,136,0.051317908,0.00013776809,0.9645880232380216,0.6963506315822158,20,ridge,0.69635063,0.7198681235313416
5354,"N-[(2S)-3-methoxy-1-[[(2S)-3-methoxy-1-[[(2S)-1-(2-methyloxiran-2-yl)-1-oxo-3-phenylpropan-2-yl]amino]-1-oxopropan-2-yl]amino]-1-oxopropan-2-yl]-2-methyl-1,3-thiazole-5-carboxamide; oprozomib",77,0.08364917,0.0004879916,0.8436970486463671,0.911622225075182,20,ridge,0.9116222,0.8223575949668884
3290,"4-(4-(1,3-Benzodioxol-5-yl)-5-(2-pyridinyl)-1H-imidazol-2-yl)benzamide; SB-431542",21,0.19075128,0.008444455,0.443227730166854,0.8567262872760407,20,ridge,0.8567263,0.8126159906387329
5219,"5,5-Diphenyl Hydantoin Sodium; Phenytoin (sodium)",140,0.05160951,0.00026609353,0.963497683802064,0.7337531291696819,20,ridge,0.73375314,0.7655970454216003
27,Levonorgestrel; levonorgestrel,27,0.085347004,0.00063283474,0.8373486169966886,0.9057701483849488,20,ridge,0.9057701,0.8148313760757446
1630,Triciribine; triciribine,73,0.09186707,0.00048274707,0.8129692057277469,0.8732112583993226,20,ridge,0.87321126,0.8127056360244751
76,"1alpha,25-Dihydroxyvitamin D2; ercalcitriol",22,0.10199097,0.00080179103,0.775114570246198,0.825891509297768,20,ridge,0.8258915,0.8772529363632202
321,Saquinavir,151,0.043278635,0.00017492149,0.9946479555715746,0.8618593750362511,20,ridge,0.8618594,0.8494640588760376
5152,Topotecan (hydrochloride); Topotecan Hydrochloride,142,0.038516268,0.00010410001,1.0,0.9112503848810296,20,ridge,0.9112504,0.9187153577804565
84,"(3E)-3-[2-[(1S,4aS,5R,6R,8aS)-6-hydroxy-5-(hydroxymethyl)-5,8a-dimethyl-2-methylidene-3,4,4a,6,7,8-hexahydro-1H-naphthalen-1-yl]ethylidene]-4-hydroxyoxolan-2-one; BRD-A63236097",42,0.14119121,0.0007624719,0.6285395550851209,0.6426669725251843,20,ridge,0.642667,0.9234473705291748
767,Posaconazole,137,0.04457398,0.00010120505,0.9898044848934914,0.8095602259225821,20,ridge,0.80956024,0.8490405678749084
8231,KIN001-043,40,0.10255252,0.0005273855,0.7730148586178074,0.8232667874902151,20,ridge,0.8232668,0.8065363764762878
24042,Fluoxetine,47,0.21972118,0.08592785,0.3349053440866951,0.7994854194181993,20,ridge,0.79948545,0.7294875979423523
1417,Ribociclib,140,0.051811844,0.00042802375,0.9627411295279676,0.739993145368812,20,ridge,0.73999316,0.8404548168182373
804,Budesonide; budesonide,177,0.0561972,0.0006043431,0.9463436885381492,0.7791731257771117,20,ridge,0.77917314,0.8570222854614258
6372,MLN-9708; Mln9708,86,0.07868237,0.00040813442,0.8622685876293437,0.934837399200004,20,ridge,0.9348374,0.871032178401947
3096,JNJ-26481585; Quisinostat,165,0.08826054,0.00091904827,0.826454510650086,0.9155602687474532,20,ridge,0.91556025,0.8778625130653381
2701,Tomivosertib,139,0.0448794,0.00012626861,0.9886624780810204,0.8044332399129366,20,ridge,0.8044332,0.765110194683075
5442,"(2R)-4-amino-N-[(1R,2S,3S,4R,5S)-5-amino-2-[(2S,4S,5S,6R)-4-amino-3,5-dihydroxy-6-(hydroxymethyl)oxan-2-yl]oxy-4-[(2R,3R,4S,5S,6R)-6-(aminomethyl)-3,4,5-trihydroxyoxan-2-yl]oxy-3-hydroxycyclohexyl]-2-hydroxybutanamide; amikacin",21,0.14082746,0.00096668844,0.6298996656804857,0.6416419214631539,20,ridge,0.6416419,0.8637222647666931
1774,Encorafenib; methyl N-[(2S)-1-[[4-[3-[5-chloro-2-fluoro-3-(methanesulfonamido)phenyl]-1-propan-2-ylpyrazol-4-yl]pyrimidin-2-yl]amino]propan-2-yl]carbamate,136,0.052365914,0.00012836205,0.960669386634294,0.6825441204884208,20,ridge,0.6825441,0.8602251410484314
1916,"[(1S,2R,4S)-4-[(2R)-2-[(1R,9S,12S,15R,16E,18R,19R,21R,23S,24E,26E,28E,30S,32R,35R)-1,18-dihydroxy-19,30-dimethoxy-15,17,21,23,29,35-hexamethyl-2,3,10,14,20-pentaoxo-11,36-dioxa-4-azatricyclo[30.3.1.04,9]hexatriaconta-16,24,26,28-tetraen-12-yl]propyl]-2-methoxycyclohexyl] 3-hydroxy-2-(hydroxymethyl)-2-methylpropanoate; temsirolimus",232,0.06452577,0.0017690773,0.915202035476329,0.8723074748004331,20,ridge,0.8723075,0.9220816493034363
1528,Chaetocin from Chaetomium minutum; chaetocin,35,0.13428871,0.009577311,0.6543489389600496,0.8092001622323042,20,ridge,0.80920017,0.9017353057861328
5328,Demeclocycline,150,0.040509053,0.00019652487,1.0,0.902519456782622,20,ridge,0.90251946,0.8522429466247559
132,"Tanespimycin; [(4E,6Z,8S,9S,10E,12S,13R,14S,16R)-13-hydroxy-8,14-dimethoxy-4,10,12,16-tetramethyl-3,20,22-trioxo-19-(prop-2-enylamino)-2-azabicyclo[16.3.1]docosa-1(21),4,6,10,18-pentaen-9-yl] carbamate",645,0.0681124,0.00097757,0.9017911393535712,0.9956927939258136,20,ridge,0.9956928,0.9256044030189514
282,"S-[(7R,8R,9R,10R,13S,14R,17R)-10,13-dimethyl-3,5'-dioxospiro[2,6,7,8,9,11,12,14,15,16-decahydro-1H-cyclopenta[a]phenanthrene-17,2'-oxolane]-7-yl] ethanethioate; spironolactone",20,0.10470681,0.0006866556,0.7649596760625129,0.8124340264681751,20,ridge,0.812434,0.7786100506782532
776,Itraconazole; itraconazole,22,0.24348474,0.146066,0.2460501695448768,0.762617423037623,20,ridge,0.7626174,0.7960454225540161
267,"[(1S,2S,3S,4S,7S,9S,10S,12R,15S)-4,12-diacetyloxy-15-[(2R,3S)-3-benzamido-2-hydroxy-3-phenylpropanoyl]oxy-1,9-dihydroxy-10,14,17,17-tetramethyl-11-oxo-6-oxatetracyclo[11.3.1.03,10.04,7]heptadec-13-en-2-yl] benzoate; paclitaxel",345,0.07583248,0.0047897524,0.872924712947898,0.9022159005873492,20,ridge,0.9022159,0.8903049826622009
585,AZD1390; Azd-1390,141,0.04311499,0.00012656301,0.9952598464262232,0.8340521426953442,20,ridge,0.83405215,0.8476682901382446
1308,AVN-944; Avn 944,28,0.13281249,0.0010098385,0.6598687258001579,0.6818297390989216,20,ridge,0.68182975,0.817534863948822
2545,Strophanthidin; strophanthidin,31,0.07634207,0.0004586973,0.8710192868082638,0.9470727002903288,20,ridge,0.9470727,0.8890483379364014
3743,MST-312; Telomerase Inhibitor IX,48,0.10071891,0.00053142564,0.7798709751504996,0.8318371920193228,20,ridge,0.8318372,0.8080178499221802
5293,Suloctidil (USAN/INN); suloctidil,24,0.13206494,0.00075471774,0.6626639166608175,0.6836525302298242,20,ridge,0.6836525,0.805919349193573
3459,"9-(6-Aminopyridin-3-yl)-1-(3-(trifluoromethyl)phenyl)benzo(h)(1,6)naphthyridin-2(1H)-one; torin-2",98,0.07848713,0.00041733828,0.8629986164750867,0.9357499656084424,20,ridge,0.93574995,0.8214954733848572
2442,2-[(2s)-2-Methylpyrrolidin-2-Yl]-1h-Benzimidazole-7-Carboxamide; veliparib,41,0.16740519,0.007833385,0.530521927745794,0.7736579271427566,20,ridge,0.7736579,0.8096616268157959
6308,Prostratin; prostratin,32,0.090093255,0.00036437754,0.8196017406438072,0.8815021966618993,20,ridge,0.8815022,0.9975088238716125
5485,Idoxuridine,146,0.05240569,9.183148e-05,0.960520658774387,0.6950365571413286,20,ridge,0.69503653,0.8707842230796814
1079,2-[3-[[7-[3-[ethyl(2-hydroxyethyl)amino]propoxy]quinazolin-4-yl]amino]-1H-pyrazol-5-yl]-N-(3-fluorophenyl)acetamide; Defosbarasertib; barasertib-HQPA,52,0.10384165,0.00049778755,0.7681946266678347,0.8172413245670587,20,ridge,0.8172413,0.7842367887496948
4231,"3-(3,5-Ditert-butyl-4-hydroxyphenyl)-2-isocyano-2-propenenitrile; malonoben",26,0.09785382,0.0006520606,0.7905839353310458,0.8452288237346988,20,ridge,0.84522885,0.788608729839325
2733,Sulfatinib; Surufatinib,131,0.053166494,0.00011035856,0.9576759094097248,0.6653186126450907,20,ridge,0.6653186,0.8147578239440918
5198,Mitoxantrone (dihydrochloride); Mitoxantrone Hydrochloride,144,0.03780337,8.6014275e-05,1.0,0.923217710888536,20,ridge,0.9232177,0.9063671827316284
3973,Tivantinib; tivantinib,97,0.09627875,0.0005941993,0.7964733357308841,0.8525907539176941,20,ridge,0.85259074,0.7954304218292236
721,Methylprednisolone Succinate; Methylprednisolone succinate,137,0.04420432,0.00012204872,0.9911866937805912,0.8157656710755613,20,ridge,0.8157657,0.8271270990371704
5086,genistein,47,0.08093002,0.0013699664,0.853864319369078,0.9417129484892016,20,ridge,0.941713,0.8059768080711365
148,Sdccgsbi-0050471.P002; forskolin,68,0.10270811,0.003454277,0.7724330865008787,0.8502553035117038,20,ridge,0.8502553,0.8529187440872192
1556,BIBX-1382; Falnidamol,34,0.10444529,0.00063003594,0.7659375348196258,0.8144198212816585,20,ridge,0.8144198,0.8278878331184387
2781,Linifanib; linifanib,113,0.119901545,0.009461561,0.7081445006198741,0.8590664753704016,20,ridge,0.8590665,0.7661381959915161
5150,Doxycycline (monohydrate); Invertin,139,0.03643017,9.426315e-05,1.0,0.946269495261269,20,ridge,0.9462695,0.8474619388580322
2706,"5-chloro-2-N-[(1S)-1-(5-fluoropyrimidin-2-yl)ethyl]-4-N-(5-methyl-1H-pyrazol-3-yl)pyrimidine-2,4-diamine; Azd-1480",42,0.15204552,0.009913385,0.5879538175280797,0.8190144469781069,20,ridge,0.81901443,0.8290894031524658
473,EPZ-5676; Pinometostat,32,0.21845573,0.018860558,0.3396370333043016,0.7568325697338787,20,ridge,0.75683254,0.8452693223953247
3667,BX-795; N-(3-((5-Iodo-4-((3-((2-thienylcarbonyl)amino)propyl)amino)-2-pyrimidinyl)amino)phenyl)-1-pyrrolidinecarboxamide,57,0.13636465,0.0005324629,0.6465867176835093,0.6652266317711014,20,ridge,0.66522664,0.7648817896842957
77,Tacalcitol; tacalcitol,31,0.11005648,0.0010996981,0.7449565342104029,0.7881927545477503,20,ridge,0.78819275,0.8645656704902649
3113,Talazoparib; talazoparib,82,0.39506164,0.12409778,0.0,0.7461773613319349,20,ridge,0.7461774,0.8295323252677917
4225,mercaptopurine,35,0.15820019,0.009902146,0.5649406714717946,0.834263067212399,20,ridge,0.8342631,0.7336878776550293
1461,SB-590885,51,0.101605855,0.00058737653,0.7765545674748824,0.8276915467275712,20,ridge,0.82769156,0.7729125618934631
4161,"2-((3-(2,3-Dichlorophenoxy)propyl)amino)ethanol; BRD-K61734568",23,0.1280704,0.0010846335,0.677600043609569,0.7039945468236248,20,ridge,0.7039946,0.8278393745422363
3968,"(5Z)-5-[(4-pyridin-4-ylquinolin-6-yl)methylidene]-1,3-thiazolidine-2,4-dione; Gsk-1059615",491,0.06765507,0.00077635614,0.9035011582637515,0.9153796701789212,20,ridge,0.91537964,0.7833799719810486
15232,WH-4025,24,0.13464041,0.00036875697,0.6530338849493561,0.6732858883932146,20,random_forest,0.6732859,0.8163740690465908
938,RP107; aloisine,25,0.12682407,0.00060606777,0.6822602405534067,0.709819983245115,20,random_forest,0.70982,0.8031388339446072
5192,"5-((6-([1,1'-biphenyl]-4-yl)-5-chloro-1H-benzo[d]imidazol-2-yl)oxy)-2-methylbenzoic acid; MK-3903",143,0.041990664,0.00010045219,0.9994638538633204,0.8529261221907791,20,random_forest,0.85292614,0.7896250212462264
1892,Danusertib; danusertib,71,0.1038475,0.0023146707,0.7681727527242391,0.9348334210273544,20,random_forest,0.9348334,0.827659941244759
5210,Niclosamide (olamine); Niclosamide ethanolamine salt,139,0.042337965,0.00012061244,0.9981652483103836,0.8470959968229252,20,random_forest,0.847096,0.8466562600542032
738,"(10S,13R,17Z)-17-ethylidene-10,13-dimethyl-1,2,6,7,8,9,11,12,14,15-decahydrocyclopenta[a]phenanthrene-3,16-dione; guggulsterone",20,0.115964174,0.0009068192,0.7228668649222301,0.760579804911961,20,random_forest,0.7605798,0.8410783225830132
260,"4,15-Diacetoxyscirpen-3-ol; anguidine",58,0.08292768,0.00026010672,0.8463947976317959,0.9149945606879136,20,random_forest,0.91499454,0.87556391725507
2633,"4-[2-[[4-(2,4-dichlorophenyl)-5-(5-methyl-1H-imidazol-2-yl)pyrimidin-2-yl]amino]ethylamino]benzonitrile; CHIR-99021",75,0.09856289,0.00069751847,0.7879326264104813,0.8419145563964376,20,random_forest,0.84191453,0.8030039325967777
25,"(1R,2R,13R,14R,17R,18S)-17-ethynyl-2,18-dimethyl-7-oxa-6-azapentacyclo[11.7.0.02,10.04,8.014,18]icosa-4(8),5,9-trien-17-ol; danazol",32,0.106042445,0.00096727995,0.7599655556087946,0.8072221792738535,20,random_forest,0.8072222,0.8582633074635042
82,"(1S,2S,4R,7E,11S)-4,8-dimethyl-12-methylidene-3,14-dioxatricyclo[9.3.0.02,4]tetradec-7-en-13-one; Parthenolide",88,0.09534983,0.0010230442,0.7999466936257191,0.8718717153653051,20,random_forest,0.8718717,0.8064544871530955
5130,Osimertinib (mesylate); Osimertinib Mesylate,140,0.0421846,0.0001040871,0.9987387008504746,0.849670531245994,20,random_forest,0.8496705,0.8444653633703969
3637,Pitavastatin Calcium; pitavastatin,65,0.074145064,0.00052229,0.879234190282298,0.9560450877209852,20,random_forest,0.9560451,0.8439027181614772
1762,"BRD-K88741031; Methyl 2,5-dihydroxycinnamate; erbstatin-analog; methyl (E)-3-(2,5-dihydroxyphenyl)acrylate",20,0.11892468,0.0011659467,0.7117971313738012,0.7467422314609069,20,random_forest,0.74674225,0.7981823050713698
241,Medroxyprogesterone Acetate; Medroxyprogesterone acetate,146,0.042380158,0.000103248014,0.9980074829595924,0.8497382229197386,20,random_forest,0.84973824,0.8446490016016355
527,Triptolide (PG490); triptolide,127,0.081024,0.0010932942,0.8535129153999994,0.9325779055333792,20,random_forest,0.9325779,0.8841490563493845
72,"(1R,3S,5Z)-5-[(2E)-2-[(1R,3aS,7aR)-1-[(E,2R,5S)-5-cyclopropyl-5-hydroxypent-3-en-2-yl]-7a-methyl-2,3,3a,5,6,7-hexahydro-1H-inden-4-ylidene]ethylidene]-4-methylidenecyclohexane-1,3-diol; Calcipotriol",44,0.088578515,0.000527521,0.825265558989437,0.8882832476356304,20,random_forest,0.88828325,0.8372650968312512
5196,Fedratinib (hydrochloride hydrate); Fedratinib Hydrochloride,157,0.058332916,0.0042657605,0.9383579566885546,0.8293292838402175,20,random_forest,0.8293293,0.8131432211742201
1312,Birinapant; birinapant,88,0.08651069,0.00055895274,0.8329974371801178,0.8982473219523498,20,random_forest,0.8982473,0.8448853617864952
1455,Amonafide; amonafide,37,0.113796234,0.0008045384,0.7309730866792474,0.7707128957894543,20,random_forest,0.7707129,0.8166287424723606
764,"(8S,9S,10R,11S,13S,14R,16R,17S)-11-hydroxy-10,13,16,17-tetramethyl-17-propanoyl-7,8,9,11,12,14,15,16-octahydro-6H-cyclopenta[a]phenanthren-3-one; rimexolone",39,0.10292705,0.000745943,0.7716144401400563,0.8223311085075615,20,random_forest,0.82233113,0.8368891492661166
2571,"(3Z)-5-(((2,6-Dichlorophenyl)methyl)sulfonyl)-3-((3,5-dimethyl-4-(((2R)-2-(1-pyrrolidinylmethyl)-1-pyrrolidinyl)carbonyl)-1H-pyrrol-2-yl)methylene)-1,3-dihydro-2H-indol-2-one; PHA-665752",25,0.12461676,0.0005285091,0.6905136720812546,0.7201370842100371,20,random_forest,0.72013706,0.8319606518620382
284,"(6S,9R,11S,13S,17R)-17-acetyl-9-fluoro-11,17-dihydroxy-6,10,13-trimethyl-6,7,8,11,12,14,15,16-octahydrocyclopenta[a]phenanthren-3-one; BRD-A13133631",32,0.103402875,0.00021254235,0.7698352659158929,0.8192921694633003,20,random_forest,0.8192922,0.8610232344277142
788,"methyl (1R,9R,10S,11R,12S,19R)-11-acetyloxy-12-ethyl-4-[(12S,14R)-16-ethyl-12-methoxycarbonyl-1,10-diazatetracyclo[12.3.1.03,11.04,9]octadeca-3(11),4,6,8,15-pentaen-12-yl]-10-hydroxy-5-methoxy-8-methyl-8,16-diazapentacyclo[10.6.1.01,9.02,7.016,19]nonadeca-2,4,6,13-tetraene-10-carboxylate; vinorelbine",36,0.11604825,0.0032363913,0.7225524933527018,0.7925000204153498,20,random_forest,0.7925,0.8759477318954242
3476,TWS-119; Tws119,47,0.14135966,0.00049781887,0.6279096976836387,0.6418796909489077,20,random_forest,0.6418797,0.8090916849686178
2483,Brefeldin A; brefeldin-a,82,0.08437252,0.00044970025,0.8409923448686156,0.908241255978848,20,random_forest,0.9082413,0.8120829458412401
483,Ipatasertib,149,0.04054196,0.00010342978,1.0,0.8772243219716018,20,random_forest,0.8772243,0.875526008975815
1832,"1,18-Dihydroxy-12-[1-[4-(2-hydroxyethoxy)-3-methoxycyclohexyl]propan-2-yl]-19,30-dimethoxy-15,17,21,23,29,35-hexamethyl-11,36-dioxa-4-azatricyclo[30.3.1.04,9]hexatriaconta-16,24,26,28-tetraene-2,3,10,14,20-pentone; Everolimus; everolimus",334,0.06725283,0.0028814815,0.9050051881905684,0.9086687524281016,20,random_forest,0.90866876,0.8938030916700958
99,Ibrutinib; ibrutinib,149,0.11938259,0.013496693,0.7100849437649395,0.8575665277152715,20,random_forest,0.85756654,0.7875291501005597
3220,Phenformin; phenformin,20,0.11236765,0.00051123824,0.7363147560531818,0.7744977822338263,20,random_forest,0.7744978,0.7928910115241311
3022,AT-7867,25,0.10729065,0.00058325456,0.7552983477855995,0.8011204468954171,20,random_forest,0.80112046,0.8048028647389215
3450,Tucidinostat,159,0.052795812,0.0028484168,0.9590619396934664,0.9288760976883396,20,random_forest,0.9288761,0.8299641561482108
5135,Goserelin (acetate); Goserelin Acetate,142,0.043010183,0.00022325649,0.9956517340170642,0.8358115957539415,20,random_forest,0.8358116,0.8455057921028494
1524,meisoindigo,24,0.10852221,0.00054371695,0.7506933778754209,0.7953640701544666,20,random_forest,0.7953641,0.8049765058339401
1724,"(9S,10R,11R,13R)-2,3,10,11,12,13-hexahydro-10-methoxy-9-methyl-11-(methylamino)-9,13-epoxy-1H,9H-diindolo[1,2,3-gh:3',2',1'-lm]pyrrolo[3,4-j][1,7]benzodiazonin-1-one; staurosporine",68,0.08744558,0.00058515393,0.8295017566454084,0.9009691531094972,20,random_forest,0.90096915,0.852570473126903
2355,Pentagastrin,144,0.041014187,0.00014010626,1.0,0.8693181198384582,20,random_forest,0.8693181,0.8356499059314407
5154,Azithromycin (hydrate); Azithromycin Dihydrate,142,0.040225465,0.00010679063,1.0,0.8825583080635155,20,random_forest,0.8825583,0.8687364248523116
2328,SB 239063; SB-239063,33,0.12868279,0.0010227034,0.6753102343243582,0.7011322007945817,20,random_forest,0.7011322,0.8305407494526831
3995,6-Bromoindirubin-3'-oxime; BRD-K04923131,108,0.08913316,0.0005341475,0.8231916660927604,0.8863268242541283,20,random_forest,0.88632685,0.8007286569100535
5116,cisplatin,155,0.37180778,0.10779059,0.0,0.7859878844075918,20,random_forest,0.7859879,0.7744697726298871
111,AVL-292; Spebrutinib,61,0.11309142,0.00052535697,0.7336084818384542,0.7740072808646861,20,random_forest,0.77400726,0.8216419084396772
5159,NG-25; NG25,144,0.045628812,0.0001313687,0.9858603249497668,0.7918528765015186,20,random_forest,0.7918529,0.7875062551022297
734,Digitoxin,260,0.061888263,0.00089409726,0.925064031946566,0.8677765217566387,20,random_forest,0.8677765,0.8718986808802807
5281,Artesunate,180,0.048474625,0.00046425886,0.9752194440872876,0.887368893006398,20,random_forest,0.8873689,0.8727899512601357
1443,BRD-K89997465; Chlorpromazine,55,0.07985243,0.0008023832,0.8578935745620928,0.9319946068789338,20,random_forest,0.9319946,0.8299305612745427
7014,2-[(chloroacetyl)(4-methoxyphenyl)amino]-N-(2-phenylethyl)-2-thien-2-ylacetamide; K784-3188,29,0.11132413,0.0010653782,0.7402166188943502,0.7822676916492568,20,random_forest,0.7822677,0.8570593664175654
3967,Ro-3306,20,0.10282321,0.00047925228,0.7720027119867165,0.8230700949772882,20,random_forest,0.8230701,0.7825975479757323
1796,"BRD-K22848513; methyl (4aS,6aR,6bS,8aR,12aR,14aS,14bR)-11-cyano-2,2,6a,6b,9,9,12a-heptamethyl-10,14-dioxo-1,3,4,5,6,7,8,8a,14a,14b-decahydropicene-4a-carboxylate",68,0.091777645,0.00037448553,0.8133035779339063,0.8736292353931276,20,random_forest,0.8736292,0.8545581966243182
4465,linsitinib,53,0.111691244,0.0006036506,0.738843929846634,0.7805517818963523,20,random_forest,0.7805518,0.8380519645248409
1599,6-cyclopropyl-8-fluoro-2-[2-(hydroxymethyl)-3-[1-methyl-5-[[5-(4-methylpiperazin-1-yl)pyridin-2-yl]amino]-6-oxopyridin-3-yl]phenyl]isoquinolin-1-one; RN486,25,0.1734342,0.0017118788,0.5079786414762129,0.5024073814405864,20,random_forest,0.5024074,0.8479134350583013
2073,KIN001-055; Whi-P97,36,0.104194775,0.0005089931,0.7668742443888293,0.815590768214608,20,random_forest,0.81559074,0.8256339226936998
4527,topotecan,151,0.067821175,0.000684778,0.902880069135386,0.9881312346751584,20,random_forest,0.9881312,0.8974527732345448
2736,AZD-7648; Azd-7648,140,0.044472992,9.863245e-05,0.9901820927252568,0.8112554796639062,20,random_forest,0.81125546,0.8368016749356139
24013,"Ethyl 5,5,7,7-tetramethyl-2-(5-nitrothiophene-2-carboxamido)-4,5,6,7-tetrahydrothieno[2,3-c]pyridine-3-carboxylate; NPC26",21,0.12671664,0.00033526175,0.682661935897077,0.7103221446891266,20,random_forest,0.71032214,0.845607911600219
1956,Lrrk2-IN-1; XMD-1150,120,0.07572602,0.0004060914,0.8733227813299804,0.9486555862195034,20,random_forest,0.9486556,0.851409280559809
1703,Genz-644282; genz-644282,78,0.08188948,0.00040141644,0.8502767682712673,0.91984713438195,20,random_forest,0.91984713,0.8447809530895428
768,"[(1S,3R,7S,8R,8aS)-8-[2-[(2R,4R)-4-hydroxy-6-oxooxan-2-yl]ethyl]-3,7-dimethyl-1,2,3,7,8,8a-hexahydronaphthalen-1-yl] 2,2-dimethylbutanoate; simvastatin",67,0.08541824,0.0005519472,0.8370822559290009,0.9016893788062872,20,random_forest,0.90168935,0.8321054215252832
1290,Lovastatin; lovastatin,26,0.09460957,0.0005675541,0.8027146261874365,0.8608341073117948,20,random_forest,0.8608341,0.8348330512654849
6351,"(8S,9R,13S,14S,16R)-17-[(E,2R)-2,6-dihydroxy-6-methyl-3-oxohept-4-en-2-yl]-16-hydroxy-4,4,9,13,14-pentamethyl-1,7,8,10,12,15,16,17-octahydrocyclopenta[a]phenanthrene-2,3,11-trione; BRD-A49680073",20,0.0816055,0.0006632981,0.8513386080152444,0.9211745007969456,20,random_forest,0.9211745,0.8497091088340512
1019,sildenafil,145,0.05071189,0.00989104,0.9668540067508236,0.9015753169665534,20,random_forest,0.9015753,0.8356382422647232
3779,Baicalin,145,0.04806055,0.00019611316,0.976767726684609,0.775203317944656,20,random_forest,0.77520335,0.8156335063559303
6802,"(3S)-2-(2-chloro-1-oxoethyl)-1,1-dimethyl-4,9-dihydro-3H-pyrido[3,4-b]indole-3-carboxylic acid methyl ester; BRD-K78062244",24,0.09769062,0.0003507019,0.7911941622703269,0.8459915717839936,20,random_forest,0.84599155,0.8468866690628899
2632,Ellipticine; ellipticine,27,0.14271896,0.0013983828,0.622827090584589,0.634721923205774,20,random_forest,0.63472193,0.7987102388613313
6440,C-646; C646,29,0.12402202,0.00053966825,0.6927374856221129,0.740980318113489,20,random_forest,0.7409803,0.812881751955803
1278,Ascomycin; sirolimus,676,0.07733144,0.0008969029,0.8673198981629413,0.9443876559653588,20,random_forest,0.9443877,0.8910340169899077
5166,Loperamide (hydrochloride); Loperamide Hydrochloride,176,0.05544645,0.00075451104,0.9491508446329124,0.8073831887953028,20,random_forest,0.8073832,0.8095876271985242
7328,"BRD-K55116708; N-(2-aminophenyl)-4-[[[(2S,3R)-10-[[anilino(oxo)methyl]amino]-5-[(2S)-1-hydroxypropan-2-yl]-3-methyl-6-oxo-3,4-dihydro-2H-1,5-benzoxazocin-2-yl]methyl-methylamino]methyl]benzamide",23,0.091712825,0.0005144283,0.8135459487072163,0.8739322130276905,20,random_forest,0.87393224,0.8667536642150441
2240,"Naproxen, (-)-; naproxen",151,0.041546565,0.00023232038,1.0,0.9037546451537396,20,random_forest,0.90375465,0.7937091945353383
3084,(E)-3-[4-[(E)-3-(3-fluorophenyl)-3-oxoprop-1-enyl]-1-methylpyrrol-2-yl]-N-hydroxyprop-2-enamide; MC1568,23,0.25145596,0.024360456,0.2162446966102144,0.7847101707691705,20,random_forest,0.78471017,0.800644124423319
8882,BRD-A28105619,52,0.084279254,0.00045299125,0.841341079094835,0.9086771854665224,20,random_forest,0.90867716,0.8497091088340512
4096,Daidzin,139,0.043369256,0.00014179676,0.9943091113591688,0.829783808724514,20,random_forest,0.8297838,0.8339707167056509
1662,Rebastinib; rebastinib,34,0.12899783,0.00045769179,0.6741322570268635,0.6996597020228907,20,random_forest,0.6996597,0.8050352197448073
5171,Esmolol (hydrochloride); Esmolol Hydrochloride,139,0.049850326,0.00012912395,0.9700755114243216,0.7209867717791052,20,random_forest,0.7209868,0.7779395125880002
21252,glutamine,22,0.34212747,0.0621046,0.0,0.8221201638795562,20,random_forest,0.8221202,0.7650854627770599
791,Erythromycin,151,0.040735878,0.00019825577,1.0,0.9114665186268862,20,random_forest,0.91146654,0.8627633237549417
5259,Thymopentin,135,0.040596858,9.0624635e-05,1.0,0.8763238191519717,20,random_forest,0.8763238,0.836821028214066
5519,Oleic Acid; Oleic acid,138,0.05088583,0.00019110568,0.9662036214945824,0.7036039187011207,20,random_forest,0.7036039,0.7851088960423823
2430,"5-[(3S,10R,13R,14S,17R)-14-hydroxy-10,13-dimethyl-3-[(2R,3R,4R,5R,6S)-3,4,5-trihydroxy-6-methyloxan-2-yl]oxy-1,2,3,6,7,8,9,11,12,15,16,17-dodecahydrocyclopenta[a]phenanthren-17-yl]pyran-2-one; proscillaridin",29,0.08513348,0.0018219163,0.8381470121987908,0.9521718241471394,20,random_forest,0.9521718,0.8726680964720347
2976,Metronidazole; metronidazole,20,0.09838844,0.00046476506,0.7885849186259078,0.8433816923538118,20,random_forest,0.8433817,0.8163799151724684
3395,"(2R)-2-amino-2-[(5S)-3-chloro-4,5-dihydro-1,2-oxazol-5-yl]acetic acid; acivicin",24,0.111073025,0.00048626564,0.7411555345535916,0.7834413950286421,20,random_forest,0.7834414,0.8038585495727996
3532,thioguanine,45,0.10720419,0.0005587601,0.7556216334545347,0.8015245235487264,20,random_forest,0.8015245,0.7880618206696123
6322,"N-(3,3-dimethylbutyl)-6-phenyl-3-(2-pyridinyl)-1,2,4-triazin-5-amine; VU-0410183-2",30,0.09198692,0.0005343042,0.8125210703192123,0.8726510643305955,20,random_forest,0.87265104,0.8180228453279693
5175,Fostamatinib (disodium hexahydrate),135,0.045601826,0.00012239903,0.9859612292646164,0.7923058942611132,20,random_forest,0.7923059,0.8550764740762523
5194,LY-2584702 (tosylate salt),144,0.042677317,9.657972e-05,0.996896365146787,0.8413993445790554,20,random_forest,0.8413994,0.8240212833719888
5144,Benproperine (phosphate); Benproperine Phosphate,134,0.042995486,9.150117e-05,0.9957066880938203,0.8360582796107388,20,random_forest,0.83605826,0.808075955045996
6814,"1R,3S-Rsl 3; BRD-K56411643",28,0.10150441,0.00044647805,0.7769338840916432,0.8281657201238014,20,random_forest,0.8281657,0.8167735548760856
4198,SB-202190; Sb-202190,23,0.105641335,0.0009416383,0.7614653603123184,0.808369270534697,20,random_forest,0.8083693,0.809748043284825
2252,2-(2-amino-3-methoxyphenyl)-4H-1-benzopyran-4-one; PD-98059,28,0.25028077,0.023182027,0.2206388914433874,0.6313624823445869,20,random_forest,0.6313625,0.745102205115023
3990,Narciclasine; narciclasine,69,0.07209376,0.000459098,0.8869042942127836,0.9656329558754694,20,random_forest,0.965633,0.8608862530777515
24036,Clozapine,38,0.08440065,0.0007719136,0.840887162982574,0.9184022020764918,20,random_forest,0.9184022,0.8102541100702001
5533,L-Thyroxine (sodium salt pentahydrate); Levothyroxine sodium pentahydrate,142,0.04407226,0.00011848072,0.991680484035502,0.8179826096760778,20,random_forest,0.8179826,0.8058987259783221
798,Bucladesine; bucladesine,22,0.13382052,0.001353923,0.6560995648834691,0.6738985279366643,20,random_forest,0.6738985,0.8369679062436313
419,Ciclesonide; ciclesonide,30,0.13963428,0.00049160013,0.6343611275641348,0.6499442408662017,20,random_forest,0.64994425,0.870206613714241
4646,emetine,158,0.07322615,0.0009120066,0.8826701343857455,0.9651970493102644,20,random_forest,0.965197,0.8771704108457743
1828,"2-[5-[(3,5-dimethyl-1H-pyrrol-2-yl)methylidene]-4-methoxy-2-pyrrolylidene]indole; obatoclax",114,0.08848161,0.003297927,0.8256278999303135,0.9557633948674448,20,random_forest,0.9557634,0.8193898692513811
1065,Enclomiphene; clomifene,45,0.11804741,0.00067166885,0.7150773629119336,0.7502466722832587,20,random_forest,0.75024664,0.8141743127307006
1967,ITK inhibitor; KIN001-127,36,0.11350609,0.000591558,0.7320579744554165,0.7720690596010985,20,random_forest,0.77206904,0.8133868910810392
7015,BRD-A36275421; ML162,54,0.13719839,0.0007075126,0.6434692507205418,0.6613297082516324,20,random_forest,0.6613297,0.8430161866822032
262,"[(1R,2S,4R,5R,6S,8R,10S,11S,14S,16R)-14-hydroxy-8,11-dimethyl-6-(6-oxopyran-3-yl)-3-oxapentacyclo[8.8.0.02,4.02,7.011,16]octadecan-5-yl] acetate; cinobufagin",24,0.170861,0.0671713,0.5176001853497321,0.8024011234864056,20,random_forest,0.8024011,0.8734728380863447
2349,Belzutifan,140,0.041801233,8.2448e-05,1.0,0.8561060277662222,20,random_forest,0.85610604,0.8305792036969113
4491,rimcazole,26,0.16513869,0.00045309667,0.538996678713201,0.559582765249302,20,random_forest,0.55958277,0.8037605184876958
1750,Dimethyl Fumarate; dimethyl (E)-but-2-enedioate,135,0.04668537,0.00010493253,0.9819097112578976,0.7751710763976877,20,random_forest,0.7751711,0.7719961785239288
5318,Lasalocid A; lasalocid,80,0.09251206,0.0004034608,0.8105575006201061,0.8700419944857876,20,random_forest,0.87004197,0.8221739283352564
5216,Larotrectinib Sulfate; Larotrectinib sulfate,138,0.044101775,0.00014491042,0.9915701234465752,0.8174871348866299,20,random_forest,0.8174871,0.8349316188069906
5522,Benztropine (mesylate); Benztropine mesylate,137,0.04493709,0.00014052566,0.9884467673449472,0.8034647751085349,20,random_forest,0.8034648,0.8085200942652604
5163,Indacaterol (maleate); Indacaterol maleate,144,0.042954836,0.000272823,0.995858683958292,0.8647692649517947,20,random_forest,0.8647693,0.8327119432460076
5200,Pexidartinib (hydrochloride); Pexidartinib Hydrochloride,136,0.051317908,0.00013776809,0.9645880232380216,0.6963506315822158,20,random_forest,0.69635063,0.8101188256153625
5354,"N-[(2S)-3-methoxy-1-[[(2S)-3-methoxy-1-[[(2S)-1-(2-methyloxiran-2-yl)-1-oxo-3-phenylpropan-2-yl]amino]-1-oxopropan-2-yl]amino]-1-oxopropan-2-yl]-2-methyl-1,3-thiazole-5-carboxamide; oprozomib",77,0.08364917,0.0004879916,0.8436970486463671,0.911622225075182,20,random_forest,0.9116222,0.8212770165432906
3290,"4-(4-(1,3-Benzodioxol-5-yl)-5-(2-pyridinyl)-1H-imidazol-2-yl)benzamide; SB-431542",21,0.19075128,0.008444455,0.443227730166854,0.8567262872760407,20,random_forest,0.8567263,0.7985300995056349
5219,"5,5-Diphenyl Hydantoin Sodium; Phenytoin (sodium)",140,0.05160951,0.00026609353,0.963497683802064,0.7337531291696819,20,random_forest,0.73375314,0.8122250207198556
27,Levonorgestrel; levonorgestrel,27,0.085347004,0.00063283474,0.8373486169966886,0.9057701483849488,20,random_forest,0.9057701,0.8241867297157809
1630,Triciribine; triciribine,73,0.09186707,0.00048274707,0.8129692057277469,0.8732112583993226,20,random_forest,0.87321126,0.8436383492048221
76,"1alpha,25-Dihydroxyvitamin D2; ercalcitriol",22,0.10199097,0.00080179103,0.775114570246198,0.825891509297768,20,random_forest,0.8258915,0.8344113141687406
321,Saquinavir,151,0.043278635,0.00017492149,0.9946479555715746,0.8618593750362511,20,random_forest,0.8618594,0.8476601655868844
5152,Topotecan (hydrochloride); Topotecan Hydrochloride,142,0.038516268,0.00010410001,1.0,0.9112503848810296,20,random_forest,0.9112504,0.8975090073550178
84,"(3E)-3-[2-[(1S,4aS,5R,6R,8aS)-6-hydroxy-5-(hydroxymethyl)-5,8a-dimethyl-2-methylidene-3,4,4a,6,7,8-hexahydro-1H-naphthalen-1-yl]ethylidene]-4-hydroxyoxolan-2-one; BRD-A63236097",42,0.14119121,0.0007624719,0.6285395550851209,0.6426669725251843,20,random_forest,0.642667,0.8318396465880826
767,Posaconazole,137,0.04457398,0.00010120505,0.9898044848934914,0.8095602259225821,20,random_forest,0.80956024,0.8340653690988681
8231,KIN001-043,40,0.10255252,0.0005273855,0.7730148586178074,0.8232667874902151,20,random_forest,0.8232668,0.8188651484063982
24042,Fluoxetine,47,0.21972118,0.08592785,0.3349053440866951,0.7994854194181993,20,random_forest,0.79948545,0.8182872140863444
1417,Ribociclib,140,0.051811844,0.00042802375,0.9627411295279676,0.739993145368812,20,random_forest,0.73999316,0.834882050209582
804,Budesonide; budesonide,177,0.0561972,0.0006043431,0.9463436885381492,0.7791731257771117,20,random_forest,0.77917314,0.8691904167747678
6372,MLN-9708; Mln9708,86,0.07868237,0.00040813442,0.8622685876293437,0.934837399200004,20,random_forest,0.9348374,0.8400438048424661
3096,JNJ-26481585; Quisinostat,165,0.08826054,0.00091904827,0.826454510650086,0.9155602687474532,20,random_forest,0.91556025,0.8290868311482856
2701,Tomivosertib,139,0.0448794,0.00012626861,0.9886624780810204,0.8044332399129366,20,random_forest,0.8044332,0.8476059500389528
5442,"(2R)-4-amino-N-[(1R,2S,3S,4R,5S)-5-amino-2-[(2S,4S,5S,6R)-4-amino-3,5-dihydroxy-6-(hydroxymethyl)oxan-2-yl]oxy-4-[(2R,3R,4S,5S,6R)-6-(aminomethyl)-3,4,5-trihydroxyoxan-2-yl]oxy-3-hydroxycyclohexyl]-2-hydroxybutanamide; amikacin",21,0.14082746,0.00096668844,0.6298996656804857,0.6416419214631539,20,random_forest,0.6416419,0.840974210326744
1774,Encorafenib; methyl N-[(2S)-1-[[4-[3-[5-chloro-2-fluoro-3-(methanesulfonamido)phenyl]-1-propan-2-ylpyrazol-4-yl]pyrimidin-2-yl]amino]propan-2-yl]carbamate,136,0.052365914,0.00012836205,0.960669386634294,0.6825441204884208,20,random_forest,0.6825441,0.8275762074904409
1916,"[(1S,2R,4S)-4-[(2R)-2-[(1R,9S,12S,15R,16E,18R,19R,21R,23S,24E,26E,28E,30S,32R,35R)-1,18-dihydroxy-19,30-dimethoxy-15,17,21,23,29,35-hexamethyl-2,3,10,14,20-pentaoxo-11,36-dioxa-4-azatricyclo[30.3.1.04,9]hexatriaconta-16,24,26,28-tetraen-12-yl]propyl]-2-methoxycyclohexyl] 3-hydroxy-2-(hydroxymethyl)-2-methylpropanoate; temsirolimus",232,0.06452577,0.0017690773,0.915202035476329,0.8723074748004331,20,random_forest,0.8723075,0.8834667516029923
1528,Chaetocin from Chaetomium minutum; chaetocin,35,0.13428871,0.009577311,0.6543489389600496,0.8092001622323042,20,random_forest,0.80920017,0.8684193580500369
5328,Demeclocycline,150,0.040509053,0.00019652487,1.0,0.902519456782622,20,random_forest,0.90251946,0.848229437119724
132,"Tanespimycin; [(4E,6Z,8S,9S,10E,12S,13R,14S,16R)-13-hydroxy-8,14-dimethoxy-4,10,12,16-tetramethyl-3,20,22-trioxo-19-(prop-2-enylamino)-2-azabicyclo[16.3.1]docosa-1(21),4,6,10,18-pentaen-9-yl] carbamate",645,0.0681124,0.00097757,0.9017911393535712,0.9956927939258136,20,random_forest,0.9956928,0.9148988552512389
282,"S-[(7R,8R,9R,10R,13S,14R,17R)-10,13-dimethyl-3,5'-dioxospiro[2,6,7,8,9,11,12,14,15,16-decahydro-1H-cyclopenta[a]phenanthrene-17,2'-oxolane]-7-yl] ethanethioate; spironolactone",20,0.10470681,0.0006866556,0.7649596760625129,0.8124340264681751,20,random_forest,0.812434,0.8466394559637758
776,Itraconazole; itraconazole,22,0.24348474,0.146066,0.2460501695448768,0.762617423037623,20,random_forest,0.7626174,0.8270932138251176
267,"[(1S,2S,3S,4S,7S,9S,10S,12R,15S)-4,12-diacetyloxy-15-[(2R,3S)-3-benzamido-2-hydroxy-3-phenylpropanoyl]oxy-1,9-dihydroxy-10,14,17,17-tetramethyl-11-oxo-6-oxatetracyclo[11.3.1.03,10.04,7]heptadec-13-en-2-yl] benzoate; paclitaxel",345,0.07583248,0.0047897524,0.872924712947898,0.9022159005873492,20,random_forest,0.9022159,0.8788467466679871
585,AZD1390; Azd-1390,141,0.04311499,0.00012656301,0.9952598464262232,0.8340521426953442,20,random_forest,0.83405215,0.8157426929083624
1308,AVN-944; Avn 944,28,0.13281249,0.0010098385,0.6598687258001579,0.6818297390989216,20,random_forest,0.68182975,0.8365247891168898
2545,Strophanthidin; strophanthidin,31,0.07634207,0.0004586973,0.8710192868082638,0.9470727002903288,20,random_forest,0.9470727,0.8785796683225905
3743,MST-312; Telomerase Inhibitor IX,48,0.10071891,0.00053142564,0.7798709751504996,0.8318371920193228,20,random_forest,0.8318372,0.8284813085960475
5293,Suloctidil (USAN/INN); suloctidil,24,0.13206494,0.00075471774,0.6626639166608175,0.6836525302298242,20,random_forest,0.6836525,0.7963561760251946
3459,"9-(6-Aminopyridin-3-yl)-1-(3-(trifluoromethyl)phenyl)benzo(h)(1,6)naphthyridin-2(1H)-one; torin-2",98,0.07848713,0.00041733828,0.8629986164750867,0.9357499656084424,20,random_forest,0.93574995,0.8156180027515628
2442,2-[(2s)-2-Methylpyrrolidin-2-Yl]-1h-Benzimidazole-7-Carboxamide; veliparib,41,0.16740519,0.007833385,0.530521927745794,0.7736579271427566,20,random_forest,0.7736579,0.795283840462595
6308,Prostratin; prostratin,32,0.090093255,0.00036437754,0.8196017406438072,0.8815021966618993,20,random_forest,0.8815022,0.8455509264554997
5485,Idoxuridine,146,0.05240569,9.183148e-05,0.960520658774387,0.6950365571413286,20,random_forest,0.69503653,0.8571782139421136
1079,2-[3-[[7-[3-[ethyl(2-hydroxyethyl)amino]propoxy]quinazolin-4-yl]amino]-1H-pyrazol-5-yl]-N-(3-fluorophenyl)acetamide; Defosbarasertib; barasertib-HQPA,52,0.10384165,0.00049778755,0.7681946266678347,0.8172413245670587,20,random_forest,0.8172413,0.7979957577494953
4231,"3-(3,5-Ditert-butyl-4-hydroxyphenyl)-2-isocyano-2-propenenitrile; malonoben",26,0.09785382,0.0006520606,0.7905839353310458,0.8452288237346988,20,random_forest,0.84522885,0.8039157205726825
2733,Sulfatinib; Surufatinib,131,0.053166494,0.00011035856,0.9576759094097248,0.6653186126450907,20,random_forest,0.6653186,0.803048163770574
5198,Mitoxantrone (dihydrochloride); Mitoxantrone Hydrochloride,144,0.03780337,8.6014275e-05,1.0,0.923217710888536,20,random_forest,0.9232177,0.8804310008888717
3973,Tivantinib; tivantinib,97,0.09627875,0.0005941993,0.7964733357308841,0.8525907539176941,20,random_forest,0.85259074,0.8630980977847313
721,Methylprednisolone Succinate; Methylprednisolone succinate,137,0.04420432,0.00012204872,0.9911866937805912,0.8157656710755613,20,random_forest,0.8157657,0.8640695020442267
5086,genistein,47,0.08093002,0.0013699664,0.853864319369078,0.9417129484892016,20,random_forest,0.941713,0.8309542835562607
148,Sdccgsbi-0050471.P002; forskolin,68,0.10270811,0.003454277,0.7724330865008787,0.8502553035117038,20,random_forest,0.8502553,0.8750304616773703
1556,BIBX-1382; Falnidamol,34,0.10444529,0.00063003594,0.7659375348196258,0.8144198212816585,20,random_forest,0.8144198,0.8041059171240127
2781,Linifanib; linifanib,113,0.119901545,0.009461561,0.7081445006198741,0.8590664753704016,20,random_forest,0.8590665,0.8067975587898097
5150,Doxycycline (monohydrate); Invertin,139,0.03643017,9.426315e-05,1.0,0.946269495261269,20,random_forest,0.9462695,0.8526438078867481
2706,"5-chloro-2-N-[(1S)-1-(5-fluoropyrimidin-2-yl)ethyl]-4-N-(5-methyl-1H-pyrazol-3-yl)pyrimidine-2,4-diamine; Azd-1480",42,0.15204552,0.009913385,0.5879538175280797,0.8190144469781069,20,random_forest,0.81901443,0.8137103066340969
473,EPZ-5676; Pinometostat,32,0.21845573,0.018860558,0.3396370333043016,0.7568325697338787,20,random_forest,0.75683254,0.8496973036381196
3667,BX-795; N-(3-((5-Iodo-4-((3-((2-thienylcarbonyl)amino)propyl)amino)-2-pyrimidinyl)amino)phenyl)-1-pyrrolidinecarboxamide,57,0.13636465,0.0005324629,0.6465867176835093,0.6652266317711014,20,random_forest,0.66522664,0.8000822397052173
77,Tacalcitol; tacalcitol,31,0.11005648,0.0010996981,0.7449565342104029,0.7881927545477503,20,random_forest,0.78819275,0.8341038221709944
3113,Talazoparib; talazoparib,82,0.39506164,0.12409778,0.0,0.7461773613319349,20,random_forest,0.7461774,0.8508413319674872
4225,mercaptopurine,35,0.15820019,0.009902146,0.5649406714717946,0.834263067212399,20,random_forest,0.8342631,0.7835115391870571
1461,SB-590885,51,0.101605855,0.00058737653,0.7765545674748824,0.8276915467275712,20,random_forest,0.82769156,0.8272420033288079
4161,"2-((3-(2,3-Dichlorophenoxy)propyl)amino)ethanol; BRD-K61734568",23,0.1280704,0.0010846335,0.677600043609569,0.7039945468236248,20,random_forest,0.7039946,0.7721489166400906
3968,"(5Z)-5-[(4-pyridin-4-ylquinolin-6-yl)methylidene]-1,3-thiazolidine-2,4-dione; Gsk-1059615",491,0.06765507,0.00077635614,0.9035011582637515,0.9153796701789212,20,random_forest,0.91537964,0.8100951705662864
15232,WH-4025,24,0.13464041,0.00036875697,0.6530338849493561,0.6732858883932146,20,extra_trees,0.6732859,0.8062875864406428
938,RP107; aloisine,25,0.12682407,0.00060606777,0.6822602405534067,0.709819983245115,20,extra_trees,0.70982,0.8049557800752425
5192,"5-((6-([1,1'-biphenyl]-4-yl)-5-chloro-1H-benzo[d]imidazol-2-yl)oxy)-2-methylbenzoic acid; MK-3903",143,0.041990664,0.00010045219,0.9994638538633204,0.8529261221907791,20,extra_trees,0.85292614,0.800405371474723
1892,Danusertib; danusertib,71,0.1038475,0.0023146707,0.7681727527242391,0.9348334210273544,20,extra_trees,0.9348334,0.8211848438940944
5210,Niclosamide (olamine); Niclosamide ethanolamine salt,139,0.042337965,0.00012061244,0.9981652483103836,0.8470959968229252,20,extra_trees,0.847096,0.8559041107048592
738,"(10S,13R,17Z)-17-ethylidene-10,13-dimethyl-1,2,6,7,8,9,11,12,14,15-decahydrocyclopenta[a]phenanthrene-3,16-dione; guggulsterone",20,0.115964174,0.0009068192,0.7228668649222301,0.760579804911961,20,extra_trees,0.7605798,0.8389101911981902
260,"4,15-Diacetoxyscirpen-3-ol; anguidine",58,0.08292768,0.00026010672,0.8463947976317959,0.9149945606879136,20,extra_trees,0.91499454,0.8756636563117307
2633,"4-[2-[[4-(2,4-dichlorophenyl)-5-(5-methyl-1H-imidazol-2-yl)pyrimidin-2-yl]amino]ethylamino]benzonitrile; CHIR-99021",75,0.09856289,0.00069751847,0.7879326264104813,0.8419145563964376,20,extra_trees,0.84191453,0.8087021811269223
25,"(1R,2R,13R,14R,17R,18S)-17-ethynyl-2,18-dimethyl-7-oxa-6-azapentacyclo[11.7.0.02,10.04,8.014,18]icosa-4(8),5,9-trien-17-ol; danazol",32,0.106042445,0.00096727995,0.7599655556087946,0.8072221792738535,20,extra_trees,0.8072222,0.8552207072004682
82,"(1S,2S,4R,7E,11S)-4,8-dimethyl-12-methylidene-3,14-dioxatricyclo[9.3.0.02,4]tetradec-7-en-13-one; Parthenolide",88,0.09534983,0.0010230442,0.7999466936257191,0.8718717153653051,20,extra_trees,0.8718717,0.8048615228049455
5130,Osimertinib (mesylate); Osimertinib Mesylate,140,0.0421846,0.0001040871,0.9987387008504746,0.849670531245994,20,extra_trees,0.8496705,0.8447015692479911
3637,Pitavastatin Calcium; pitavastatin,65,0.074145064,0.00052229,0.879234190282298,0.9560450877209852,20,extra_trees,0.9560451,0.8570402566666411
1762,"BRD-K88741031; Methyl 2,5-dihydroxycinnamate; erbstatin-analog; methyl (E)-3-(2,5-dihydroxyphenyl)acrylate",20,0.11892468,0.0011659467,0.7117971313738012,0.7467422314609069,20,extra_trees,0.74674225,0.7970320887491108
241,Medroxyprogesterone Acetate; Medroxyprogesterone acetate,146,0.042380158,0.000103248014,0.9980074829595924,0.8497382229197386,20,extra_trees,0.84973824,0.8331093022997175
527,Triptolide (PG490); triptolide,127,0.081024,0.0010932942,0.8535129153999994,0.9325779055333792,20,extra_trees,0.9325779,0.8844993462860583
72,"(1R,3S,5Z)-5-[(2E)-2-[(1R,3aS,7aR)-1-[(E,2R,5S)-5-cyclopropyl-5-hydroxypent-3-en-2-yl]-7a-methyl-2,3,3a,5,6,7-hexahydro-1H-inden-4-ylidene]ethylidene]-4-methylidenecyclohexane-1,3-diol; Calcipotriol",44,0.088578515,0.000527521,0.825265558989437,0.8882832476356304,20,extra_trees,0.88828325,0.8334823370153706
5196,Fedratinib (hydrochloride hydrate); Fedratinib Hydrochloride,157,0.058332916,0.0042657605,0.9383579566885546,0.8293292838402175,20,extra_trees,0.8293293,0.8165010480421282
1312,Birinapant; birinapant,88,0.08651069,0.00055895274,0.8329974371801178,0.8982473219523498,20,extra_trees,0.8982473,0.8565686507262285
1455,Amonafide; amonafide,37,0.113796234,0.0008045384,0.7309730866792474,0.7707128957894543,20,extra_trees,0.7707129,0.8263162770656247
764,"(8S,9S,10R,11S,13S,14R,16R,17S)-11-hydroxy-10,13,16,17-tetramethyl-17-propanoyl-7,8,9,11,12,14,15,16-octahydro-6H-cyclopenta[a]phenanthren-3-one; rimexolone",39,0.10292705,0.000745943,0.7716144401400563,0.8223311085075615,20,extra_trees,0.82233113,0.8407735032538575
2571,"(3Z)-5-(((2,6-Dichlorophenyl)methyl)sulfonyl)-3-((3,5-dimethyl-4-(((2R)-2-(1-pyrrolidinylmethyl)-1-pyrrolidinyl)carbonyl)-1H-pyrrol-2-yl)methylene)-1,3-dihydro-2H-indol-2-one; PHA-665752",25,0.12461676,0.0005285091,0.6905136720812546,0.7201370842100371,20,extra_trees,0.72013706,0.8358832307644188
284,"(6S,9R,11S,13S,17R)-17-acetyl-9-fluoro-11,17-dihydroxy-6,10,13-trimethyl-6,7,8,11,12,14,15,16-octahydrocyclopenta[a]phenanthren-3-one; BRD-A13133631",32,0.103402875,0.00021254235,0.7698352659158929,0.8192921694633003,20,extra_trees,0.8192922,0.8592015851214526
788,"methyl (1R,9R,10S,11R,12S,19R)-11-acetyloxy-12-ethyl-4-[(12S,14R)-16-ethyl-12-methoxycarbonyl-1,10-diazatetracyclo[12.3.1.03,11.04,9]octadeca-3(11),4,6,8,15-pentaen-12-yl]-10-hydroxy-5-methoxy-8-methyl-8,16-diazapentacyclo[10.6.1.01,9.02,7.016,19]nonadeca-2,4,6,13-tetraene-10-carboxylate; vinorelbine",36,0.11604825,0.0032363913,0.7225524933527018,0.7925000204153498,20,extra_trees,0.7925,0.8739175265717013
3476,TWS-119; Tws119,47,0.14135966,0.00049781887,0.6279096976836387,0.6418796909489077,20,extra_trees,0.6418797,0.8035611384163291
2483,Brefeldin A; brefeldin-a,82,0.08437252,0.00044970025,0.8409923448686156,0.908241255978848,20,extra_trees,0.9082413,0.8128606796413659
483,Ipatasertib,149,0.04054196,0.00010342978,1.0,0.8772243219716018,20,extra_trees,0.8772243,0.8896129328335327
1832,"1,18-Dihydroxy-12-[1-[4-(2-hydroxyethoxy)-3-methoxycyclohexyl]propan-2-yl]-19,30-dimethoxy-15,17,21,23,29,35-hexamethyl-11,36-dioxa-4-azatricyclo[30.3.1.04,9]hexatriaconta-16,24,26,28-tetraene-2,3,10,14,20-pentone; Everolimus; everolimus",334,0.06725283,0.0028814815,0.9050051881905684,0.9086687524281016,20,extra_trees,0.90866876,0.8965396653711798
99,Ibrutinib; ibrutinib,149,0.11938259,0.013496693,0.7100849437649395,0.8575665277152715,20,extra_trees,0.85756654,0.7945673956573005
3220,Phenformin; phenformin,20,0.11236765,0.00051123824,0.7363147560531818,0.7744977822338263,20,extra_trees,0.7744978,0.8019276775754989
3022,AT-7867,25,0.10729065,0.00058325456,0.7552983477855995,0.8011204468954171,20,extra_trees,0.80112046,0.8072952465489511
3450,Tucidinostat,159,0.052795812,0.0028484168,0.9590619396934664,0.9288760976883396,20,extra_trees,0.9288761,0.8312437240456542
5135,Goserelin (acetate); Goserelin Acetate,142,0.043010183,0.00022325649,0.9956517340170642,0.8358115957539415,20,extra_trees,0.8358116,0.8446507473078871
1524,meisoindigo,24,0.10852221,0.00054371695,0.7506933778754209,0.7953640701544666,20,extra_trees,0.7953641,0.8130188238422074
1724,"(9S,10R,11R,13R)-2,3,10,11,12,13-hexahydro-10-methoxy-9-methyl-11-(methylamino)-9,13-epoxy-1H,9H-diindolo[1,2,3-gh:3',2',1'-lm]pyrrolo[3,4-j][1,7]benzodiazonin-1-one; staurosporine",68,0.08744558,0.00058515393,0.8295017566454084,0.9009691531094972,20,extra_trees,0.90096915,0.8467860455041131
2355,Pentagastrin,144,0.041014187,0.00014010626,1.0,0.8693181198384582,20,extra_trees,0.8693181,0.8257795071428025
5154,Azithromycin (hydrate); Azithromycin Dihydrate,142,0.040225465,0.00010679063,1.0,0.8825583080635155,20,extra_trees,0.8825583,0.8722486714919409
2328,SB 239063; SB-239063,33,0.12868279,0.0010227034,0.6753102343243582,0.7011322007945817,20,extra_trees,0.7011322,0.8240569665494067
3995,6-Bromoindirubin-3'-oxime; BRD-K04923131,108,0.08913316,0.0005341475,0.8231916660927604,0.8863268242541283,20,extra_trees,0.88632685,0.7870155374643701
5116,cisplatin,155,0.37180778,0.10779059,0.0,0.7859878844075918,20,extra_trees,0.7859879,0.7604351556040342
111,AVL-292; Spebrutinib,61,0.11309142,0.00052535697,0.7336084818384542,0.7740072808646861,20,extra_trees,0.77400726,0.8219972679031394
5159,NG-25; NG25,144,0.045628812,0.0001313687,0.9858603249497668,0.7918528765015186,20,extra_trees,0.7918529,0.7867408785174296
734,Digitoxin,260,0.061888263,0.00089409726,0.925064031946566,0.8677765217566387,20,extra_trees,0.8677765,0.8908099657334386
5281,Artesunate,180,0.048474625,0.00046425886,0.9752194440872876,0.887368893006398,20,extra_trees,0.8873689,0.8606478260258831
1443,BRD-K89997465; Chlorpromazine,55,0.07985243,0.0008023832,0.8578935745620928,0.9319946068789338,20,extra_trees,0.9319946,0.8361586651876567
7014,2-[(chloroacetyl)(4-methoxyphenyl)amino]-N-(2-phenylethyl)-2-thien-2-ylacetamide; K784-3188,29,0.11132413,0.0010653782,0.7402166188943502,0.7822676916492568,20,extra_trees,0.7822677,0.8583043937571346
3967,Ro-3306,20,0.10282321,0.00047925228,0.7720027119867165,0.8230700949772882,20,extra_trees,0.8230701,0.8025500821446377
1796,"BRD-K22848513; methyl (4aS,6aR,6bS,8aR,12aR,14aS,14bR)-11-cyano-2,2,6a,6b,9,9,12a-heptamethyl-10,14-dioxo-1,3,4,5,6,7,8,8a,14a,14b-decahydropicene-4a-carboxylate",68,0.091777645,0.00037448553,0.8133035779339063,0.8736292353931276,20,extra_trees,0.8736292,0.8471629150907195
4465,linsitinib,53,0.111691244,0.0006036506,0.738843929846634,0.7805517818963523,20,extra_trees,0.7805518,0.8296630977218348
1599,6-cyclopropyl-8-fluoro-2-[2-(hydroxymethyl)-3-[1-methyl-5-[[5-(4-methylpiperazin-1-yl)pyridin-2-yl]amino]-6-oxopyridin-3-yl]phenyl]isoquinolin-1-one; RN486,25,0.1734342,0.0017118788,0.5079786414762129,0.5024073814405864,20,extra_trees,0.5024074,0.8359786028514307
2073,KIN001-055; Whi-P97,36,0.104194775,0.0005089931,0.7668742443888293,0.815590768214608,20,extra_trees,0.81559074,0.8268918873605628
4527,topotecan,151,0.067821175,0.000684778,0.902880069135386,0.9881312346751584,20,extra_trees,0.9881312,0.9094640673374128
2736,AZD-7648; Azd-7648,140,0.044472992,9.863245e-05,0.9901820927252568,0.8112554796639062,20,extra_trees,0.81125546,0.8293390816276266
24013,"Ethyl 5,5,7,7-tetramethyl-2-(5-nitrothiophene-2-carboxamido)-4,5,6,7-tetrahydrothieno[2,3-c]pyridine-3-carboxylate; NPC26",21,0.12671664,0.00033526175,0.682661935897077,0.7103221446891266,20,extra_trees,0.71032214,0.8352805090931557
1956,Lrrk2-IN-1; XMD-1150,120,0.07572602,0.0004060914,0.8733227813299804,0.9486555862195034,20,extra_trees,0.9486556,0.8577807920202615
1703,Genz-644282; genz-644282,78,0.08188948,0.00040141644,0.8502767682712673,0.91984713438195,20,extra_trees,0.91984713,0.8386441275266311
768,"[(1S,3R,7S,8R,8aS)-8-[2-[(2R,4R)-4-hydroxy-6-oxooxan-2-yl]ethyl]-3,7-dimethyl-1,2,3,7,8,8a-hexahydronaphthalen-1-yl] 2,2-dimethylbutanoate; simvastatin",67,0.08541824,0.0005519472,0.8370822559290009,0.9016893788062872,20,extra_trees,0.90168935,0.8324608437965318
1290,Lovastatin; lovastatin,26,0.09460957,0.0005675541,0.8027146261874365,0.8608341073117948,20,extra_trees,0.8608341,0.8303548471008745
6351,"(8S,9R,13S,14S,16R)-17-[(E,2R)-2,6-dihydroxy-6-methyl-3-oxohept-4-en-2-yl]-16-hydroxy-4,4,9,13,14-pentamethyl-1,7,8,10,12,15,16,17-octahydrocyclopenta[a]phenanthrene-2,3,11-trione; BRD-A49680073",20,0.0816055,0.0006632981,0.8513386080152444,0.9211745007969456,20,extra_trees,0.9211745,0.8549715393409129
1019,sildenafil,145,0.05071189,0.00989104,0.9668540067508236,0.9015753169665534,20,extra_trees,0.9015753,0.8166838074028491
3779,Baicalin,145,0.04806055,0.00019611316,0.976767726684609,0.775203317944656,20,extra_trees,0.77520335,0.8112666002822421
6802,"(3S)-2-(2-chloro-1-oxoethyl)-1,1-dimethyl-4,9-dihydro-3H-pyrido[3,4-b]indole-3-carboxylic acid methyl ester; BRD-K78062244",24,0.09769062,0.0003507019,0.7911941622703269,0.8459915717839936,20,extra_trees,0.84599155,0.8510014717703066
2632,Ellipticine; ellipticine,27,0.14271896,0.0013983828,0.622827090584589,0.634721923205774,20,extra_trees,0.63472193,0.7953377713511387
6440,C-646; C646,29,0.12402202,0.00053966825,0.6927374856221129,0.740980318113489,20,extra_trees,0.7409803,0.8237652672516801
1278,Ascomycin; sirolimus,676,0.07733144,0.0008969029,0.8673198981629413,0.9443876559653588,20,extra_trees,0.9443877,0.9185645807310938
5166,Loperamide (hydrochloride); Loperamide Hydrochloride,176,0.05544645,0.00075451104,0.9491508446329124,0.8073831887953028,20,extra_trees,0.8073832,0.8137055166090529
7328,"BRD-K55116708; N-(2-aminophenyl)-4-[[[(2S,3R)-10-[[anilino(oxo)methyl]amino]-5-[(2S)-1-hydroxypropan-2-yl]-3-methyl-6-oxo-3,4-dihydro-2H-1,5-benzoxazocin-2-yl]methyl-methylamino]methyl]benzamide",23,0.091712825,0.0005144283,0.8135459487072163,0.8739322130276905,20,extra_trees,0.87393224,0.8641778161997599
2240,"Naproxen, (-)-; naproxen",151,0.041546565,0.00023232038,1.0,0.9037546451537396,20,extra_trees,0.90375465,0.7992978834000727
3084,(E)-3-[4-[(E)-3-(3-fluorophenyl)-3-oxoprop-1-enyl]-1-methylpyrrol-2-yl]-N-hydroxyprop-2-enamide; MC1568,23,0.25145596,0.024360456,0.2162446966102144,0.7847101707691705,20,extra_trees,0.78471017,0.8174038922997815
8882,BRD-A28105619,52,0.084279254,0.00045299125,0.841341079094835,0.9086771854665224,20,extra_trees,0.90867716,0.8549715393409129
4096,Daidzin,139,0.043369256,0.00014179676,0.9943091113591688,0.829783808724514,20,extra_trees,0.8297838,0.8190418505817655
1662,Rebastinib; rebastinib,34,0.12899783,0.00045769179,0.6741322570268635,0.6996597020228907,20,extra_trees,0.6996597,0.8008011048845947
5171,Esmolol (hydrochloride); Esmolol Hydrochloride,139,0.049850326,0.00012912395,0.9700755114243216,0.7209867717791052,20,extra_trees,0.7209868,0.777256045625855
21252,glutamine,22,0.34212747,0.0621046,0.0,0.8221201638795562,20,extra_trees,0.8221202,0.758630606720845
791,Erythromycin,151,0.040735878,0.00019825577,1.0,0.9114665186268862,20,extra_trees,0.91146654,0.8671086083104208
5259,Thymopentin,135,0.040596858,9.0624635e-05,1.0,0.8763238191519717,20,extra_trees,0.8763238,0.8368704053374627
5519,Oleic Acid; Oleic acid,138,0.05088583,0.00019110568,0.9662036214945824,0.7036039187011207,20,extra_trees,0.7036039,0.7910828194518881
2430,"5-[(3S,10R,13R,14S,17R)-14-hydroxy-10,13-dimethyl-3-[(2R,3R,4R,5R,6S)-3,4,5-trihydroxy-6-methyloxan-2-yl]oxy-1,2,3,6,7,8,9,11,12,15,16,17-dodecahydrocyclopenta[a]phenanthren-17-yl]pyran-2-one; proscillaridin",29,0.08513348,0.0018219163,0.8381470121987908,0.9521718241471394,20,extra_trees,0.9521718,0.8589875057091321
2976,Metronidazole; metronidazole,20,0.09838844,0.00046476506,0.7885849186259078,0.8433816923538118,20,extra_trees,0.8433817,0.8021488088530798
3395,"(2R)-2-amino-2-[(5S)-3-chloro-4,5-dihydro-1,2-oxazol-5-yl]acetic acid; acivicin",24,0.111073025,0.00048626564,0.7411555345535916,0.7834413950286421,20,extra_trees,0.7834414,0.7982955637462434
3532,thioguanine,45,0.10720419,0.0005587601,0.7556216334545347,0.8015245235487264,20,extra_trees,0.8015245,0.7817771356118223
6322,"N-(3,3-dimethylbutyl)-6-phenyl-3-(2-pyridinyl)-1,2,4-triazin-5-amine; VU-0410183-2",30,0.09198692,0.0005343042,0.8125210703192123,0.8726510643305955,20,extra_trees,0.87265104,0.8141091606604557
5175,Fostamatinib (disodium hexahydrate),135,0.045601826,0.00012239903,0.9859612292646164,0.7923058942611132,20,extra_trees,0.7923059,0.8526254980067413
5194,LY-2584702 (tosylate salt),144,0.042677317,9.657972e-05,0.996896365146787,0.8413993445790554,20,extra_trees,0.8413994,0.8224989395389956
5144,Benproperine (phosphate); Benproperine Phosphate,134,0.042995486,9.150117e-05,0.9957066880938203,0.8360582796107388,20,extra_trees,0.83605826,0.8124324203605454
6814,"1R,3S-Rsl 3; BRD-K56411643",28,0.10150441,0.00044647805,0.7769338840916432,0.8281657201238014,20,extra_trees,0.8281657,0.8291933353145922
4198,SB-202190; Sb-202190,23,0.105641335,0.0009416383,0.7614653603123184,0.808369270534697,20,extra_trees,0.8083693,0.8095563149253526
2252,2-(2-amino-3-methoxyphenyl)-4H-1-benzopyran-4-one; PD-98059,28,0.25028077,0.023182027,0.2206388914433874,0.6313624823445869,20,extra_trees,0.6313625,0.7672219693846998
3990,Narciclasine; narciclasine,69,0.07209376,0.000459098,0.8869042942127836,0.9656329558754694,20,extra_trees,0.965633,0.8477414727670446
24036,Clozapine,38,0.08440065,0.0007719136,0.840887162982574,0.9184022020764918,20,extra_trees,0.9184022,0.795121955766032
5533,L-Thyroxine (sodium salt pentahydrate); Levothyroxine sodium pentahydrate,142,0.04407226,0.00011848072,0.991680484035502,0.8179826096760778,20,extra_trees,0.8179826,0.8011739681797723
798,Bucladesine; bucladesine,22,0.13382052,0.001353923,0.6560995648834691,0.6738985279366643,20,extra_trees,0.6738985,0.8315397452836233
419,Ciclesonide; ciclesonide,30,0.13963428,0.00049160013,0.6343611275641348,0.6499442408662017,20,extra_trees,0.64994425,0.8541297834490739
4646,emetine,158,0.07322615,0.0009120066,0.8826701343857455,0.9651970493102644,20,extra_trees,0.965197,0.8971030998714269
1828,"2-[5-[(3,5-dimethyl-1H-pyrrol-2-yl)methylidene]-4-methoxy-2-pyrrolylidene]indole; obatoclax",114,0.08848161,0.003297927,0.8256278999303135,0.9557633948674448,20,extra_trees,0.9557634,0.8082760928968589
1065,Enclomiphene; clomifene,45,0.11804741,0.00067166885,0.7150773629119336,0.7502466722832587,20,extra_trees,0.75024664,0.8259350687017044
1967,ITK inhibitor; KIN001-127,36,0.11350609,0.000591558,0.7320579744554165,0.7720690596010985,20,extra_trees,0.77206904,0.8017478895770997
7015,BRD-A36275421; ML162,54,0.13719839,0.0007075126,0.6434692507205418,0.6613297082516324,20,extra_trees,0.6613297,0.8446913960737483
262,"[(1R,2S,4R,5R,6S,8R,10S,11S,14S,16R)-14-hydroxy-8,11-dimethyl-6-(6-oxopyran-3-yl)-3-oxapentacyclo[8.8.0.02,4.02,7.011,16]octadecan-5-yl] acetate; cinobufagin",24,0.170861,0.0671713,0.5176001853497321,0.8024011234864056,20,extra_trees,0.8024011,0.8716687029699486
2349,Belzutifan,140,0.041801233,8.2448e-05,1.0,0.8561060277662222,20,extra_trees,0.85610604,0.8314055132182934
4491,rimcazole,26,0.16513869,0.00045309667,0.538996678713201,0.559582765249302,20,extra_trees,0.55958277,0.7930075455742576
1750,Dimethyl Fumarate; dimethyl (E)-but-2-enedioate,135,0.04668537,0.00010493253,0.9819097112578976,0.7751710763976877,20,extra_trees,0.7751711,0.7794275539567076
5318,Lasalocid A; lasalocid,80,0.09251206,0.0004034608,0.8105575006201061,0.8700419944857876,20,extra_trees,0.87004197,0.8429470381711927
5216,Larotrectinib Sulfate; Larotrectinib sulfate,138,0.044101775,0.00014491042,0.9915701234465752,0.8174871348866299,20,extra_trees,0.8174871,0.8295709424888087
5522,Benztropine (mesylate); Benztropine mesylate,137,0.04493709,0.00014052566,0.9884467673449472,0.8034647751085349,20,extra_trees,0.8034648,0.8193924268670376
5163,Indacaterol (maleate); Indacaterol maleate,144,0.042954836,0.000272823,0.995858683958292,0.8647692649517947,20,extra_trees,0.8647693,0.8424837841155635
5200,Pexidartinib (hydrochloride); Pexidartinib Hydrochloride,136,0.051317908,0.00013776809,0.9645880232380216,0.6963506315822158,20,extra_trees,0.69635063,0.8136385078554356
5354,"N-[(2S)-3-methoxy-1-[[(2S)-3-methoxy-1-[[(2S)-1-(2-methyloxiran-2-yl)-1-oxo-3-phenylpropan-2-yl]amino]-1-oxopropan-2-yl]amino]-1-oxopropan-2-yl]-2-methyl-1,3-thiazole-5-carboxamide; oprozomib",77,0.08364917,0.0004879916,0.8436970486463671,0.911622225075182,20,extra_trees,0.9116222,0.8280523323143524
3290,"4-(4-(1,3-Benzodioxol-5-yl)-5-(2-pyridinyl)-1H-imidazol-2-yl)benzamide; SB-431542",21,0.19075128,0.008444455,0.443227730166854,0.8567262872760407,20,extra_trees,0.8567263,0.7813520872232814
5219,"5,5-Diphenyl Hydantoin Sodium; Phenytoin (sodium)",140,0.05160951,0.00026609353,0.963497683802064,0.7337531291696819,20,extra_trees,0.73375314,0.8118779550703867
27,Levonorgestrel; levonorgestrel,27,0.085347004,0.00063283474,0.8373486169966886,0.9057701483849488,20,extra_trees,0.9057701,0.8261127336422598
1630,Triciribine; triciribine,73,0.09186707,0.00048274707,0.8129692057277469,0.8732112583993226,20,extra_trees,0.87321126,0.8373245545153815
76,"1alpha,25-Dihydroxyvitamin D2; ercalcitriol",22,0.10199097,0.00080179103,0.775114570246198,0.825891509297768,20,extra_trees,0.8258915,0.8296196484714752
321,Saquinavir,151,0.043278635,0.00017492149,0.9946479555715746,0.8618593750362511,20,extra_trees,0.8618594,0.8412747570686041
5152,Topotecan (hydrochloride); Topotecan Hydrochloride,142,0.038516268,0.00010410001,1.0,0.9112503848810296,20,extra_trees,0.9112504,0.9104145247588546
84,"(3E)-3-[2-[(1S,4aS,5R,6R,8aS)-6-hydroxy-5-(hydroxymethyl)-5,8a-dimethyl-2-methylidene-3,4,4a,6,7,8-hexahydro-1H-naphthalen-1-yl]ethylidene]-4-hydroxyoxolan-2-one; BRD-A63236097",42,0.14119121,0.0007624719,0.6285395550851209,0.6426669725251843,20,extra_trees,0.642667,0.8313595749524729
767,Posaconazole,137,0.04457398,0.00010120505,0.9898044848934914,0.8095602259225821,20,extra_trees,0.80956024,0.8390785754856964
8231,KIN001-043,40,0.10255252,0.0005273855,0.7730148586178074,0.8232667874902151,20,extra_trees,0.8232668,0.8257069100104275
24042,Fluoxetine,47,0.21972118,0.08592785,0.3349053440866951,0.7994854194181993,20,extra_trees,0.79948545,0.8114355258916818
1417,Ribociclib,140,0.051811844,0.00042802375,0.9627411295279676,0.739993145368812,20,extra_trees,0.73999316,0.8396277873106303
804,Budesonide; budesonide,177,0.0561972,0.0006043431,0.9463436885381492,0.7791731257771117,20,extra_trees,0.77917314,0.8648689797818665
6372,MLN-9708; Mln9708,86,0.07868237,0.00040813442,0.8622685876293437,0.934837399200004,20,extra_trees,0.9348374,0.8447295247428116
3096,JNJ-26481585; Quisinostat,165,0.08826054,0.00091904827,0.826454510650086,0.9155602687474532,20,extra_trees,0.91556025,0.8311641695251065
2701,Tomivosertib,139,0.0448794,0.00012626861,0.9886624780810204,0.8044332399129366,20,extra_trees,0.8044332,0.8398451843733591
5442,"(2R)-4-amino-N-[(1R,2S,3S,4R,5S)-5-amino-2-[(2S,4S,5S,6R)-4-amino-3,5-dihydroxy-6-(hydroxymethyl)oxan-2-yl]oxy-4-[(2R,3R,4S,5S,6R)-6-(aminomethyl)-3,4,5-trihydroxyoxan-2-yl]oxy-3-hydroxycyclohexyl]-2-hydroxybutanamide; amikacin",21,0.14082746,0.00096668844,0.6298996656804857,0.6416419214631539,20,extra_trees,0.6416419,0.8478219142022237
1774,Encorafenib; methyl N-[(2S)-1-[[4-[3-[5-chloro-2-fluoro-3-(methanesulfonamido)phenyl]-1-propan-2-ylpyrazol-4-yl]pyrimidin-2-yl]amino]propan-2-yl]carbamate,136,0.052365914,0.00012836205,0.960669386634294,0.6825441204884208,20,extra_trees,0.6825441,0.8327084130023918
1916,"[(1S,2R,4S)-4-[(2R)-2-[(1R,9S,12S,15R,16E,18R,19R,21R,23S,24E,26E,28E,30S,32R,35R)-1,18-dihydroxy-19,30-dimethoxy-15,17,21,23,29,35-hexamethyl-2,3,10,14,20-pentaoxo-11,36-dioxa-4-azatricyclo[30.3.1.04,9]hexatriaconta-16,24,26,28-tetraen-12-yl]propyl]-2-methoxycyclohexyl] 3-hydroxy-2-(hydroxymethyl)-2-methylpropanoate; temsirolimus",232,0.06452577,0.0017690773,0.915202035476329,0.8723074748004331,20,extra_trees,0.8723075,0.8894700275237369
1528,Chaetocin from Chaetomium minutum; chaetocin,35,0.13428871,0.009577311,0.6543489389600496,0.8092001622323042,20,extra_trees,0.80920017,0.8640089349175496
5328,Demeclocycline,150,0.040509053,0.00019652487,1.0,0.902519456782622,20,extra_trees,0.90251946,0.8309621221820511
132,"Tanespimycin; [(4E,6Z,8S,9S,10E,12S,13R,14S,16R)-13-hydroxy-8,14-dimethoxy-4,10,12,16-tetramethyl-3,20,22-trioxo-19-(prop-2-enylamino)-2-azabicyclo[16.3.1]docosa-1(21),4,6,10,18-pentaen-9-yl] carbamate",645,0.0681124,0.00097757,0.9017911393535712,0.9956927939258136,20,extra_trees,0.9956928,0.93921527197212
282,"S-[(7R,8R,9R,10R,13S,14R,17R)-10,13-dimethyl-3,5'-dioxospiro[2,6,7,8,9,11,12,14,15,16-decahydro-1H-cyclopenta[a]phenanthrene-17,2'-oxolane]-7-yl] ethanethioate; spironolactone",20,0.10470681,0.0006866556,0.7649596760625129,0.8124340264681751,20,extra_trees,0.812434,0.843500894581278
776,Itraconazole; itraconazole,22,0.24348474,0.146066,0.2460501695448768,0.762617423037623,20,extra_trees,0.7626174,0.8267131154599283
267,"[(1S,2S,3S,4S,7S,9S,10S,12R,15S)-4,12-diacetyloxy-15-[(2R,3S)-3-benzamido-2-hydroxy-3-phenylpropanoyl]oxy-1,9-dihydroxy-10,14,17,17-tetramethyl-11-oxo-6-oxatetracyclo[11.3.1.03,10.04,7]heptadec-13-en-2-yl] benzoate; paclitaxel",345,0.07583248,0.0047897524,0.872924712947898,0.9022159005873492,20,extra_trees,0.9022159,0.8781405550191801
585,AZD1390; Azd-1390,141,0.04311499,0.00012656301,0.9952598464262232,0.8340521426953442,20,extra_trees,0.83405215,0.8159882062934339
1308,AVN-944; Avn 944,28,0.13281249,0.0010098385,0.6598687258001579,0.6818297390989216,20,extra_trees,0.68182975,0.8196153708919884
2545,Strophanthidin; strophanthidin,31,0.07634207,0.0004586973,0.8710192868082638,0.9470727002903288,20,extra_trees,0.9470727,0.8842092317789794
3743,MST-312; Telomerase Inhibitor IX,48,0.10071891,0.00053142564,0.7798709751504996,0.8318371920193228,20,extra_trees,0.8318372,0.8225842819027605
5293,Suloctidil (USAN/INN); suloctidil,24,0.13206494,0.00075471774,0.6626639166608175,0.6836525302298242,20,extra_trees,0.6836525,0.8032541982283188
3459,"9-(6-Aminopyridin-3-yl)-1-(3-(trifluoromethyl)phenyl)benzo(h)(1,6)naphthyridin-2(1H)-one; torin-2",98,0.07848713,0.00041733828,0.8629986164750867,0.9357499656084424,20,extra_trees,0.93574995,0.8357364542509116
2442,2-[(2s)-2-Methylpyrrolidin-2-Yl]-1h-Benzimidazole-7-Carboxamide; veliparib,41,0.16740519,0.007833385,0.530521927745794,0.7736579271427566,20,extra_trees,0.7736579,0.8025543438481787
6308,Prostratin; prostratin,32,0.090093255,0.00036437754,0.8196017406438072,0.8815021966618993,20,extra_trees,0.8815022,0.8488761796044799
5485,Idoxuridine,146,0.05240569,9.183148e-05,0.960520658774387,0.6950365571413286,20,extra_trees,0.69503653,0.8643475414166848
1079,2-[3-[[7-[3-[ethyl(2-hydroxyethyl)amino]propoxy]quinazolin-4-yl]amino]-1H-pyrazol-5-yl]-N-(3-fluorophenyl)acetamide; Defosbarasertib; barasertib-HQPA,52,0.10384165,0.00049778755,0.7681946266678347,0.8172413245670587,20,extra_trees,0.8172413,0.7970034527542699
4231,"3-(3,5-Ditert-butyl-4-hydroxyphenyl)-2-isocyano-2-propenenitrile; malonoben",26,0.09785382,0.0006520606,0.7905839353310458,0.8452288237346988,20,extra_trees,0.84522885,0.7991714211764435
2733,Sulfatinib; Surufatinib,131,0.053166494,0.00011035856,0.9576759094097248,0.6653186126450907,20,extra_trees,0.6653186,0.806864240040382
5198,Mitoxantrone (dihydrochloride); Mitoxantrone Hydrochloride,144,0.03780337,8.6014275e-05,1.0,0.923217710888536,20,extra_trees,0.9232177,0.9113311558527246
3973,Tivantinib; tivantinib,97,0.09627875,0.0005941993,0.7964733357308841,0.8525907539176941,20,extra_trees,0.85259074,0.855395727934936
721,Methylprednisolone Succinate; Methylprednisolone succinate,137,0.04420432,0.00012204872,0.9911866937805912,0.8157656710755613,20,extra_trees,0.8157657,0.8575932813261937
5086,genistein,47,0.08093002,0.0013699664,0.853864319369078,0.9417129484892016,20,extra_trees,0.941713,0.8272352977270883
148,Sdccgsbi-0050471.P002; forskolin,68,0.10270811,0.003454277,0.7724330865008787,0.8502553035117038,20,extra_trees,0.8502553,0.8856365937565759
1556,BIBX-1382; Falnidamol,34,0.10444529,0.00063003594,0.7659375348196258,0.8144198212816585,20,extra_trees,0.8144198,0.8091468913989758
2781,Linifanib; linifanib,113,0.119901545,0.009461561,0.7081445006198741,0.8590664753704016,20,extra_trees,0.8590665,0.7988667130706208
5150,Doxycycline (monohydrate); Invertin,139,0.03643017,9.426315e-05,1.0,0.946269495261269,20,extra_trees,0.9462695,0.8353503190775712
2706,"5-chloro-2-N-[(1S)-1-(5-fluoropyrimidin-2-yl)ethyl]-4-N-(5-methyl-1H-pyrazol-3-yl)pyrimidine-2,4-diamine; Azd-1480",42,0.15204552,0.009913385,0.5879538175280797,0.8190144469781069,20,extra_trees,0.81901443,0.8065200108637408
473,EPZ-5676; Pinometostat,32,0.21845573,0.018860558,0.3396370333043016,0.7568325697338787,20,extra_trees,0.75683254,0.8457761412014563
3667,BX-795; N-(3-((5-Iodo-4-((3-((2-thienylcarbonyl)amino)propyl)amino)-2-pyrimidinyl)amino)phenyl)-1-pyrrolidinecarboxamide,57,0.13636465,0.0005324629,0.6465867176835093,0.6652266317711014,20,extra_trees,0.66522664,0.8066653796397144
77,Tacalcitol; tacalcitol,31,0.11005648,0.0010996981,0.7449565342104029,0.7881927545477503,20,extra_trees,0.78819275,0.8401307252372306
3113,Talazoparib; talazoparib,82,0.39506164,0.12409778,0.0,0.7461773613319349,20,extra_trees,0.7461774,0.8431022354749342
4225,mercaptopurine,35,0.15820019,0.009902146,0.5649406714717946,0.834263067212399,20,extra_trees,0.8342631,0.7779905492750306
1461,SB-590885,51,0.101605855,0.00058737653,0.7765545674748824,0.8276915467275712,20,extra_trees,0.82769156,0.8175015100501482
4161,"2-((3-(2,3-Dichlorophenoxy)propyl)amino)ethanol; BRD-K61734568",23,0.1280704,0.0010846335,0.677600043609569,0.7039945468236248,20,extra_trees,0.7039946,0.7746749390189843
3968,"(5Z)-5-[(4-pyridin-4-ylquinolin-6-yl)methylidene]-1,3-thiazolidine-2,4-dione; Gsk-1059615",491,0.06765507,0.00077635614,0.9035011582637515,0.9153796701789212,20,extra_trees,0.91537964,0.8114286548048253
15232,WH-4025,24,0.13464041,0.00036875697,0.6530338849493561,0.6732858883932146,20,hist_gradient_boosting,0.6732859,0.7914671210572208
938,RP107; aloisine,25,0.12682407,0.00060606777,0.6822602405534067,0.709819983245115,20,hist_gradient_boosting,0.70982,0.7999772956294552
5192,"5-((6-([1,1'-biphenyl]-4-yl)-5-chloro-1H-benzo[d]imidazol-2-yl)oxy)-2-methylbenzoic acid; MK-3903",143,0.041990664,0.00010045219,0.9994638538633204,0.8529261221907791,20,hist_gradient_boosting,0.85292614,0.7805034690492426
1892,Danusertib; danusertib,71,0.1038475,0.0023146707,0.7681727527242391,0.9348334210273544,20,hist_gradient_boosting,0.9348334,0.839765841233138
5210,Niclosamide (olamine); Niclosamide ethanolamine salt,139,0.042337965,0.00012061244,0.9981652483103836,0.8470959968229252,20,hist_gradient_boosting,0.847096,0.8751264816553119
738,"(10S,13R,17Z)-17-ethylidene-10,13-dimethyl-1,2,6,7,8,9,11,12,14,15-decahydrocyclopenta[a]phenanthrene-3,16-dione; guggulsterone",20,0.115964174,0.0009068192,0.7228668649222301,0.760579804911961,20,hist_gradient_boosting,0.7605798,0.828728282110878
260,"4,15-Diacetoxyscirpen-3-ol; anguidine",58,0.08292768,0.00026010672,0.8463947976317959,0.9149945606879136,20,hist_gradient_boosting,0.91499454,0.8742794286052562
2633,"4-[2-[[4-(2,4-dichlorophenyl)-5-(5-methyl-1H-imidazol-2-yl)pyrimidin-2-yl]amino]ethylamino]benzonitrile; CHIR-99021",75,0.09856289,0.00069751847,0.7879326264104813,0.8419145563964376,20,hist_gradient_boosting,0.84191453,0.7642197577785405
25,"(1R,2R,13R,14R,17R,18S)-17-ethynyl-2,18-dimethyl-7-oxa-6-azapentacyclo[11.7.0.02,10.04,8.014,18]icosa-4(8),5,9-trien-17-ol; danazol",32,0.106042445,0.00096727995,0.7599655556087946,0.8072221792738535,20,hist_gradient_boosting,0.8072222,0.8437571648528248
82,"(1S,2S,4R,7E,11S)-4,8-dimethyl-12-methylidene-3,14-dioxatricyclo[9.3.0.02,4]tetradec-7-en-13-one; Parthenolide",88,0.09534983,0.0010230442,0.7999466936257191,0.8718717153653051,20,hist_gradient_boosting,0.8718717,0.780857527866777
5130,Osimertinib (mesylate); Osimertinib Mesylate,140,0.0421846,0.0001040871,0.9987387008504746,0.849670531245994,20,hist_gradient_boosting,0.8496705,0.8383209967934219
3637,Pitavastatin Calcium; pitavastatin,65,0.074145064,0.00052229,0.879234190282298,0.9560450877209852,20,hist_gradient_boosting,0.9560451,0.8588772695003348
1762,"BRD-K88741031; Methyl 2,5-dihydroxycinnamate; erbstatin-analog; methyl (E)-3-(2,5-dihydroxyphenyl)acrylate",20,0.11892468,0.0011659467,0.7117971313738012,0.7467422314609069,20,hist_gradient_boosting,0.74674225,0.8124016537834216
241,Medroxyprogesterone Acetate; Medroxyprogesterone acetate,146,0.042380158,0.000103248014,0.9980074829595924,0.8497382229197386,20,hist_gradient_boosting,0.84973824,0.8380650410703059
527,Triptolide (PG490); triptolide,127,0.081024,0.0010932942,0.8535129153999994,0.9325779055333792,20,hist_gradient_boosting,0.9325779,0.8855152178706136
72,"(1R,3S,5Z)-5-[(2E)-2-[(1R,3aS,7aR)-1-[(E,2R,5S)-5-cyclopropyl-5-hydroxypent-3-en-2-yl]-7a-methyl-2,3,3a,5,6,7-hexahydro-1H-inden-4-ylidene]ethylidene]-4-methylidenecyclohexane-1,3-diol; Calcipotriol",44,0.088578515,0.000527521,0.825265558989437,0.8882832476356304,20,hist_gradient_boosting,0.88828325,0.7989693255569474
5196,Fedratinib (hydrochloride hydrate); Fedratinib Hydrochloride,157,0.058332916,0.0042657605,0.9383579566885546,0.8293292838402175,20,hist_gradient_boosting,0.8293293,0.8043336161275041
1312,Birinapant; birinapant,88,0.08651069,0.00055895274,0.8329974371801178,0.8982473219523498,20,hist_gradient_boosting,0.8982473,0.8772627403931976
1455,Amonafide; amonafide,37,0.113796234,0.0008045384,0.7309730866792474,0.7707128957894543,20,hist_gradient_boosting,0.7707129,0.8827743311086036
764,"(8S,9S,10R,11S,13S,14R,16R,17S)-11-hydroxy-10,13,16,17-tetramethyl-17-propanoyl-7,8,9,11,12,14,15,16-octahydro-6H-cyclopenta[a]phenanthren-3-one; rimexolone",39,0.10292705,0.000745943,0.7716144401400563,0.8223311085075615,20,hist_gradient_boosting,0.82233113,0.8178799652915683
2571,"(3Z)-5-(((2,6-Dichlorophenyl)methyl)sulfonyl)-3-((3,5-dimethyl-4-(((2R)-2-(1-pyrrolidinylmethyl)-1-pyrrolidinyl)carbonyl)-1H-pyrrol-2-yl)methylene)-1,3-dihydro-2H-indol-2-one; PHA-665752",25,0.12461676,0.0005285091,0.6905136720812546,0.7201370842100371,20,hist_gradient_boosting,0.72013706,0.8147678783448382
284,"(6S,9R,11S,13S,17R)-17-acetyl-9-fluoro-11,17-dihydroxy-6,10,13-trimethyl-6,7,8,11,12,14,15,16-octahydrocyclopenta[a]phenanthren-3-one; BRD-A13133631",32,0.103402875,0.00021254235,0.7698352659158929,0.8192921694633003,20,hist_gradient_boosting,0.8192922,0.8395448009450861
788,"methyl (1R,9R,10S,11R,12S,19R)-11-acetyloxy-12-ethyl-4-[(12S,14R)-16-ethyl-12-methoxycarbonyl-1,10-diazatetracyclo[12.3.1.03,11.04,9]octadeca-3(11),4,6,8,15-pentaen-12-yl]-10-hydroxy-5-methoxy-8-methyl-8,16-diazapentacyclo[10.6.1.01,9.02,7.016,19]nonadeca-2,4,6,13-tetraene-10-carboxylate; vinorelbine",36,0.11604825,0.0032363913,0.7225524933527018,0.7925000204153498,20,hist_gradient_boosting,0.7925,0.9064386420664499
3476,TWS-119; Tws119,47,0.14135966,0.00049781887,0.6279096976836387,0.6418796909489077,20,hist_gradient_boosting,0.6418797,0.817412228169473
2483,Brefeldin A; brefeldin-a,82,0.08437252,0.00044970025,0.8409923448686156,0.908241255978848,20,hist_gradient_boosting,0.9082413,0.8115986909638951
483,Ipatasertib,149,0.04054196,0.00010342978,1.0,0.8772243219716018,20,hist_gradient_boosting,0.8772243,0.8986825435554074
1832,"1,18-Dihydroxy-12-[1-[4-(2-hydroxyethoxy)-3-methoxycyclohexyl]propan-2-yl]-19,30-dimethoxy-15,17,21,23,29,35-hexamethyl-11,36-dioxa-4-azatricyclo[30.3.1.04,9]hexatriaconta-16,24,26,28-tetraene-2,3,10,14,20-pentone; Everolimus; everolimus",334,0.06725283,0.0028814815,0.9050051881905684,0.9086687524281016,20,hist_gradient_boosting,0.90866876,0.9145745207020524
99,Ibrutinib; ibrutinib,149,0.11938259,0.013496693,0.7100849437649395,0.8575665277152715,20,hist_gradient_boosting,0.85756654,0.7752383391369468
3220,Phenformin; phenformin,20,0.11236765,0.00051123824,0.7363147560531818,0.7744977822338263,20,hist_gradient_boosting,0.7744978,0.7897704998329259
3022,AT-7867,25,0.10729065,0.00058325456,0.7552983477855995,0.8011204468954171,20,hist_gradient_boosting,0.80112046,0.7852344439921097
3450,Tucidinostat,159,0.052795812,0.0028484168,0.9590619396934664,0.9288760976883396,20,hist_gradient_boosting,0.9288761,0.8690245280544047
5135,Goserelin (acetate); Goserelin Acetate,142,0.043010183,0.00022325649,0.9956517340170642,0.8358115957539415,20,hist_gradient_boosting,0.8358116,0.874650888578346
1524,meisoindigo,24,0.10852221,0.00054371695,0.7506933778754209,0.7953640701544666,20,hist_gradient_boosting,0.7953641,0.8202691291190582
1724,"(9S,10R,11R,13R)-2,3,10,11,12,13-hexahydro-10-methoxy-9-methyl-11-(methylamino)-9,13-epoxy-1H,9H-diindolo[1,2,3-gh:3',2',1'-lm]pyrrolo[3,4-j][1,7]benzodiazonin-1-one; staurosporine",68,0.08744558,0.00058515393,0.8295017566454084,0.9009691531094972,20,hist_gradient_boosting,0.90096915,0.8234284439084193
2355,Pentagastrin,144,0.041014187,0.00014010626,1.0,0.8693181198384582,20,hist_gradient_boosting,0.8693181,0.8087968862928243
5154,Azithromycin (hydrate); Azithromycin Dihydrate,142,0.040225465,0.00010679063,1.0,0.8825583080635155,20,hist_gradient_boosting,0.8825583,0.862186046512558
2328,SB 239063; SB-239063,33,0.12868279,0.0010227034,0.6753102343243582,0.7011322007945817,20,hist_gradient_boosting,0.7011322,0.832631844485915
3995,6-Bromoindirubin-3'-oxime; BRD-K04923131,108,0.08913316,0.0005341475,0.8231916660927604,0.8863268242541283,20,hist_gradient_boosting,0.88632685,0.7692186671737559
5116,cisplatin,155,0.37180778,0.10779059,0.0,0.7859878844075918,20,hist_gradient_boosting,0.7859879,0.8014640699382638
111,AVL-292; Spebrutinib,61,0.11309142,0.00052535697,0.7336084818384542,0.7740072808646861,20,hist_gradient_boosting,0.77400726,0.8317379249864393
5159,NG-25; NG25,144,0.045628812,0.0001313687,0.9858603249497668,0.7918528765015186,20,hist_gradient_boosting,0.7918529,0.7858086893540721
734,Digitoxin,260,0.061888263,0.00089409726,0.925064031946566,0.8677765217566387,20,hist_gradient_boosting,0.8677765,0.8728794747073853
5281,Artesunate,180,0.048474625,0.00046425886,0.9752194440872876,0.887368893006398,20,hist_gradient_boosting,0.8873689,0.8752799124111988
1443,BRD-K89997465; Chlorpromazine,55,0.07985243,0.0008023832,0.8578935745620928,0.9319946068789338,20,hist_gradient_boosting,0.9319946,0.8630940156135503
7014,2-[(chloroacetyl)(4-methoxyphenyl)amino]-N-(2-phenylethyl)-2-thien-2-ylacetamide; K784-3188,29,0.11132413,0.0010653782,0.7402166188943502,0.7822676916492568,20,hist_gradient_boosting,0.7822677,0.9003535826705855
3967,Ro-3306,20,0.10282321,0.00047925228,0.7720027119867165,0.8230700949772882,20,hist_gradient_boosting,0.8230701,0.7973410334479638
1796,"BRD-K22848513; methyl (4aS,6aR,6bS,8aR,12aR,14aS,14bR)-11-cyano-2,2,6a,6b,9,9,12a-heptamethyl-10,14-dioxo-1,3,4,5,6,7,8,8a,14a,14b-decahydropicene-4a-carboxylate",68,0.091777645,0.00037448553,0.8133035779339063,0.8736292353931276,20,hist_gradient_boosting,0.8736292,0.8441684168494007
4465,linsitinib,53,0.111691244,0.0006036506,0.738843929846634,0.7805517818963523,20,hist_gradient_boosting,0.7805518,0.843853021648907
1599,6-cyclopropyl-8-fluoro-2-[2-(hydroxymethyl)-3-[1-methyl-5-[[5-(4-methylpiperazin-1-yl)pyridin-2-yl]amino]-6-oxopyridin-3-yl]phenyl]isoquinolin-1-one; RN486,25,0.1734342,0.0017118788,0.5079786414762129,0.5024073814405864,20,hist_gradient_boosting,0.5024074,0.8516932362388037
2073,KIN001-055; Whi-P97,36,0.104194775,0.0005089931,0.7668742443888293,0.815590768214608,20,hist_gradient_boosting,0.81559074,0.8131435522538996
4527,topotecan,151,0.067821175,0.000684778,0.902880069135386,0.9881312346751584,20,hist_gradient_boosting,0.9881312,0.9344128809492175
2736,AZD-7648; Azd-7648,140,0.044472992,9.863245e-05,0.9901820927252568,0.8112554796639062,20,hist_gradient_boosting,0.81125546,0.8128079384871296
24013,"Ethyl 5,5,7,7-tetramethyl-2-(5-nitrothiophene-2-carboxamido)-4,5,6,7-tetrahydrothieno[2,3-c]pyridine-3-carboxylate; NPC26",21,0.12671664,0.00033526175,0.682661935897077,0.7103221446891266,20,hist_gradient_boosting,0.71032214,0.836374144077337
1956,Lrrk2-IN-1; XMD-1150,120,0.07572602,0.0004060914,0.8733227813299804,0.9486555862195034,20,hist_gradient_boosting,0.9486556,0.8504812113882387
1703,Genz-644282; genz-644282,78,0.08188948,0.00040141644,0.8502767682712673,0.91984713438195,20,hist_gradient_boosting,0.91984713,0.8534601115880168
768,"[(1S,3R,7S,8R,8aS)-8-[2-[(2R,4R)-4-hydroxy-6-oxooxan-2-yl]ethyl]-3,7-dimethyl-1,2,3,7,8,8a-hexahydronaphthalen-1-yl] 2,2-dimethylbutanoate; simvastatin",67,0.08541824,0.0005519472,0.8370822559290009,0.9016893788062872,20,hist_gradient_boosting,0.90168935,0.8428676362799925
1290,Lovastatin; lovastatin,26,0.09460957,0.0005675541,0.8027146261874365,0.8608341073117948,20,hist_gradient_boosting,0.8608341,0.8462537301967753
6351,"(8S,9R,13S,14S,16R)-17-[(E,2R)-2,6-dihydroxy-6-methyl-3-oxohept-4-en-2-yl]-16-hydroxy-4,4,9,13,14-pentamethyl-1,7,8,10,12,15,16,17-octahydrocyclopenta[a]phenanthrene-2,3,11-trione; BRD-A49680073",20,0.0816055,0.0006632981,0.8513386080152444,0.9211745007969456,20,hist_gradient_boosting,0.9211745,0.8469578748158442
1019,sildenafil,145,0.05071189,0.00989104,0.9668540067508236,0.9015753169665534,20,hist_gradient_boosting,0.9015753,0.799291768005316
3779,Baicalin,145,0.04806055,0.00019611316,0.976767726684609,0.775203317944656,20,hist_gradient_boosting,0.77520335,0.7707033622074008
6802,"(3S)-2-(2-chloro-1-oxoethyl)-1,1-dimethyl-4,9-dihydro-3H-pyrido[3,4-b]indole-3-carboxylic acid methyl ester; BRD-K78062244",24,0.09769062,0.0003507019,0.7911941622703269,0.8459915717839936,20,hist_gradient_boosting,0.84599155,0.8430639719002028
2632,Ellipticine; ellipticine,27,0.14271896,0.0013983828,0.622827090584589,0.634721923205774,20,hist_gradient_boosting,0.63472193,0.7980169072465123
6440,C-646; C646,29,0.12402202,0.00053966825,0.6927374856221129,0.740980318113489,20,hist_gradient_boosting,0.7409803,0.7420640788315893
1278,Ascomycin; sirolimus,676,0.07733144,0.0008969029,0.8673198981629413,0.9443876559653588,20,hist_gradient_boosting,0.9443877,0.9141805774947307
5166,Loperamide (hydrochloride); Loperamide Hydrochloride,176,0.05544645,0.00075451104,0.9491508446329124,0.8073831887953028,20,hist_gradient_boosting,0.8073832,0.8020507163654355
7328,"BRD-K55116708; N-(2-aminophenyl)-4-[[[(2S,3R)-10-[[anilino(oxo)methyl]amino]-5-[(2S)-1-hydroxypropan-2-yl]-3-methyl-6-oxo-3,4-dihydro-2H-1,5-benzoxazocin-2-yl]methyl-methylamino]methyl]benzamide",23,0.091712825,0.0005144283,0.8135459487072163,0.8739322130276905,20,hist_gradient_boosting,0.87393224,0.9042306332635892
2240,"Naproxen, (-)-; naproxen",151,0.041546565,0.00023232038,1.0,0.9037546451537396,20,hist_gradient_boosting,0.90375465,0.8066232367042351
3084,(E)-3-[4-[(E)-3-(3-fluorophenyl)-3-oxoprop-1-enyl]-1-methylpyrrol-2-yl]-N-hydroxyprop-2-enamide; MC1568,23,0.25145596,0.024360456,0.2162446966102144,0.7847101707691705,20,hist_gradient_boosting,0.78471017,0.8320702486342544
8882,BRD-A28105619,52,0.084279254,0.00045299125,0.841341079094835,0.9086771854665224,20,hist_gradient_boosting,0.90867716,0.8469578748158442
4096,Daidzin,139,0.043369256,0.00014179676,0.9943091113591688,0.829783808724514,20,hist_gradient_boosting,0.8297838,0.8154791184919717
1662,Rebastinib; rebastinib,34,0.12899783,0.00045769179,0.6741322570268635,0.6996597020228907,20,hist_gradient_boosting,0.6996597,0.8196151487779458
5171,Esmolol (hydrochloride); Esmolol Hydrochloride,139,0.049850326,0.00012912395,0.9700755114243216,0.7209867717791052,20,hist_gradient_boosting,0.7209868,0.735304839729153
21252,glutamine,22,0.34212747,0.0621046,0.0,0.8221201638795562,20,hist_gradient_boosting,0.8221202,0.7729396949803835
791,Erythromycin,151,0.040735878,0.00019825577,1.0,0.9114665186268862,20,hist_gradient_boosting,0.91146654,0.8829233592748745
5259,Thymopentin,135,0.040596858,9.0624635e-05,1.0,0.8763238191519717,20,hist_gradient_boosting,0.8763238,0.8247018923443252
5519,Oleic Acid; Oleic acid,138,0.05088583,0.00019110568,0.9662036214945824,0.7036039187011207,20,hist_gradient_boosting,0.7036039,0.7940271089056818
2430,"5-[(3S,10R,13R,14S,17R)-14-hydroxy-10,13-dimethyl-3-[(2R,3R,4R,5R,6S)-3,4,5-trihydroxy-6-methyloxan-2-yl]oxy-1,2,3,6,7,8,9,11,12,15,16,17-dodecahydrocyclopenta[a]phenanthren-17-yl]pyran-2-one; proscillaridin",29,0.08513348,0.0018219163,0.8381470121987908,0.9521718241471394,20,hist_gradient_boosting,0.9521718,0.8745551630765207
2976,Metronidazole; metronidazole,20,0.09838844,0.00046476506,0.7885849186259078,0.8433816923538118,20,hist_gradient_boosting,0.8433817,0.8252753322367103
3395,"(2R)-2-amino-2-[(5S)-3-chloro-4,5-dihydro-1,2-oxazol-5-yl]acetic acid; acivicin",24,0.111073025,0.00048626564,0.7411555345535916,0.7834413950286421,20,hist_gradient_boosting,0.7834414,0.8070120196808646
3532,thioguanine,45,0.10720419,0.0005587601,0.7556216334545347,0.8015245235487264,20,hist_gradient_boosting,0.8015245,0.7798349730054068
6322,"N-(3,3-dimethylbutyl)-6-phenyl-3-(2-pyridinyl)-1,2,4-triazin-5-amine; VU-0410183-2",30,0.09198692,0.0005343042,0.8125210703192123,0.8726510643305955,20,hist_gradient_boosting,0.87265104,0.8269167917862551
5175,Fostamatinib (disodium hexahydrate),135,0.045601826,0.00012239903,0.9859612292646164,0.7923058942611132,20,hist_gradient_boosting,0.7923059,0.8318466892395383
5194,LY-2584702 (tosylate salt),144,0.042677317,9.657972e-05,0.996896365146787,0.8413993445790554,20,hist_gradient_boosting,0.8413994,0.8246911095891803
5144,Benproperine (phosphate); Benproperine Phosphate,134,0.042995486,9.150117e-05,0.9957066880938203,0.8360582796107388,20,hist_gradient_boosting,0.83605826,0.7866055157455273
6814,"1R,3S-Rsl 3; BRD-K56411643",28,0.10150441,0.00044647805,0.7769338840916432,0.8281657201238014,20,hist_gradient_boosting,0.8281657,0.8311167026497831
4198,SB-202190; Sb-202190,23,0.105641335,0.0009416383,0.7614653603123184,0.808369270534697,20,hist_gradient_boosting,0.8083693,0.8007664900979795
2252,2-(2-amino-3-methoxyphenyl)-4H-1-benzopyran-4-one; PD-98059,28,0.25028077,0.023182027,0.2206388914433874,0.6313624823445869,20,hist_gradient_boosting,0.6313625,0.7156265865175232
3990,Narciclasine; narciclasine,69,0.07209376,0.000459098,0.8869042942127836,0.9656329558754694,20,hist_gradient_boosting,0.965633,0.8362040801405947
24036,Clozapine,38,0.08440065,0.0007719136,0.840887162982574,0.9184022020764918,20,hist_gradient_boosting,0.9184022,0.8116152117637424
5533,L-Thyroxine (sodium salt pentahydrate); Levothyroxine sodium pentahydrate,142,0.04407226,0.00011848072,0.991680484035502,0.8179826096760778,20,hist_gradient_boosting,0.8179826,0.7556061993508517
798,Bucladesine; bucladesine,22,0.13382052,0.001353923,0.6560995648834691,0.6738985279366643,20,hist_gradient_boosting,0.6738985,0.8552158570651359
419,Ciclesonide; ciclesonide,30,0.13963428,0.00049160013,0.6343611275641348,0.6499442408662017,20,hist_gradient_boosting,0.64994425,0.8401560760090349
4646,emetine,158,0.07322615,0.0009120066,0.8826701343857455,0.9651970493102644,20,hist_gradient_boosting,0.965197,0.9424625780319877
1828,"2-[5-[(3,5-dimethyl-1H-pyrrol-2-yl)methylidene]-4-methoxy-2-pyrrolylidene]indole; obatoclax",114,0.08848161,0.003297927,0.8256278999303135,0.9557633948674448,20,hist_gradient_boosting,0.9557634,0.7703643966635915
1065,Enclomiphene; clomifene,45,0.11804741,0.00067166885,0.7150773629119336,0.7502466722832587,20,hist_gradient_boosting,0.75024664,0.8297853307410507
1967,ITK inhibitor; KIN001-127,36,0.11350609,0.000591558,0.7320579744554165,0.7720690596010985,20,hist_gradient_boosting,0.77206904,0.7972585919388031
7015,BRD-A36275421; ML162,54,0.13719839,0.0007075126,0.6434692507205418,0.6613297082516324,20,hist_gradient_boosting,0.6613297,0.8714917896795509
262,"[(1R,2S,4R,5R,6S,8R,10S,11S,14S,16R)-14-hydroxy-8,11-dimethyl-6-(6-oxopyran-3-yl)-3-oxapentacyclo[8.8.0.02,4.02,7.011,16]octadecan-5-yl] acetate; cinobufagin",24,0.170861,0.0671713,0.5176001853497321,0.8024011234864056,20,hist_gradient_boosting,0.8024011,0.8490771418855573
2349,Belzutifan,140,0.041801233,8.2448e-05,1.0,0.8561060277662222,20,hist_gradient_boosting,0.85610604,0.8457695904963023
4491,rimcazole,26,0.16513869,0.00045309667,0.538996678713201,0.559582765249302,20,hist_gradient_boosting,0.55958277,0.7788760094723983
1750,Dimethyl Fumarate; dimethyl (E)-but-2-enedioate,135,0.04668537,0.00010493253,0.9819097112578976,0.7751710763976877,20,hist_gradient_boosting,0.7751711,0.7719136162128216
5318,Lasalocid A; lasalocid,80,0.09251206,0.0004034608,0.8105575006201061,0.8700419944857876,20,hist_gradient_boosting,0.87004197,0.8013730999884219
5216,Larotrectinib Sulfate; Larotrectinib sulfate,138,0.044101775,0.00014491042,0.9915701234465752,0.8174871348866299,20,hist_gradient_boosting,0.8174871,0.8535653403378408
5522,Benztropine (mesylate); Benztropine mesylate,137,0.04493709,0.00014052566,0.9884467673449472,0.8034647751085349,20,hist_gradient_boosting,0.8034648,0.8255507756631812
5163,Indacaterol (maleate); Indacaterol maleate,144,0.042954836,0.000272823,0.995858683958292,0.8647692649517947,20,hist_gradient_boosting,0.8647693,0.8460469559288893
5200,Pexidartinib (hydrochloride); Pexidartinib Hydrochloride,136,0.051317908,0.00013776809,0.9645880232380216,0.6963506315822158,20,hist_gradient_boosting,0.69635063,0.8082461072123787
5354,"N-[(2S)-3-methoxy-1-[[(2S)-3-methoxy-1-[[(2S)-1-(2-methyloxiran-2-yl)-1-oxo-3-phenylpropan-2-yl]amino]-1-oxopropan-2-yl]amino]-1-oxopropan-2-yl]-2-methyl-1,3-thiazole-5-carboxamide; oprozomib",77,0.08364917,0.0004879916,0.8436970486463671,0.911622225075182,20,hist_gradient_boosting,0.9116222,0.8812429844172384
3290,"4-(4-(1,3-Benzodioxol-5-yl)-5-(2-pyridinyl)-1H-imidazol-2-yl)benzamide; SB-431542",21,0.19075128,0.008444455,0.443227730166854,0.8567262872760407,20,hist_gradient_boosting,0.8567263,0.7797292478460945
5219,"5,5-Diphenyl Hydantoin Sodium; Phenytoin (sodium)",140,0.05160951,0.00026609353,0.963497683802064,0.7337531291696819,20,hist_gradient_boosting,0.73375314,0.8060944811861834
27,Levonorgestrel; levonorgestrel,27,0.085347004,0.00063283474,0.8373486169966886,0.9057701483849488,20,hist_gradient_boosting,0.9057701,0.8110263907259018
1630,Triciribine; triciribine,73,0.09186707,0.00048274707,0.8129692057277469,0.8732112583993226,20,hist_gradient_boosting,0.87321126,0.8774493243377951
76,"1alpha,25-Dihydroxyvitamin D2; ercalcitriol",22,0.10199097,0.00080179103,0.775114570246198,0.825891509297768,20,hist_gradient_boosting,0.8258915,0.8379978168299913
321,Saquinavir,151,0.043278635,0.00017492149,0.9946479555715746,0.8618593750362511,20,hist_gradient_boosting,0.8618594,0.8402287460114649
5152,Topotecan (hydrochloride); Topotecan Hydrochloride,142,0.038516268,0.00010410001,1.0,0.9112503848810296,20,hist_gradient_boosting,0.9112504,0.933922705312615
84,"(3E)-3-[2-[(1S,4aS,5R,6R,8aS)-6-hydroxy-5-(hydroxymethyl)-5,8a-dimethyl-2-methylidene-3,4,4a,6,7,8-hexahydro-1H-naphthalen-1-yl]ethylidene]-4-hydroxyoxolan-2-one; BRD-A63236097",42,0.14119121,0.0007624719,0.6285395550851209,0.6426669725251843,20,hist_gradient_boosting,0.642667,0.8565533089885349
767,Posaconazole,137,0.04457398,0.00010120505,0.9898044848934914,0.8095602259225821,20,hist_gradient_boosting,0.80956024,0.8309137923789743
8231,KIN001-043,40,0.10255252,0.0005273855,0.7730148586178074,0.8232667874902151,20,hist_gradient_boosting,0.8232668,0.8083373030247583
24042,Fluoxetine,47,0.21972118,0.08592785,0.3349053440866951,0.7994854194181993,20,hist_gradient_boosting,0.79948545,0.767968046504753
1417,Ribociclib,140,0.051811844,0.00042802375,0.9627411295279676,0.739993145368812,20,hist_gradient_boosting,0.73999316,0.8294768647634312
804,Budesonide; budesonide,177,0.0561972,0.0006043431,0.9463436885381492,0.7791731257771117,20,hist_gradient_boosting,0.77917314,0.8492919635251857
6372,MLN-9708; Mln9708,86,0.07868237,0.00040813442,0.8622685876293437,0.934837399200004,20,hist_gradient_boosting,0.9348374,0.8689171795341862
3096,JNJ-26481585; Quisinostat,165,0.08826054,0.00091904827,0.826454510650086,0.9155602687474532,20,hist_gradient_boosting,0.91556025,0.853123638817887
2701,Tomivosertib,139,0.0448794,0.00012626861,0.9886624780810204,0.8044332399129366,20,hist_gradient_boosting,0.8044332,0.8363322786081568
5442,"(2R)-4-amino-N-[(1R,2S,3S,4R,5S)-5-amino-2-[(2S,4S,5S,6R)-4-amino-3,5-dihydroxy-6-(hydroxymethyl)oxan-2-yl]oxy-4-[(2R,3R,4S,5S,6R)-6-(aminomethyl)-3,4,5-trihydroxyoxan-2-yl]oxy-3-hydroxycyclohexyl]-2-hydroxybutanamide; amikacin",21,0.14082746,0.00096668844,0.6298996656804857,0.6416419214631539,20,hist_gradient_boosting,0.6416419,0.8410072073984023
1774,Encorafenib; methyl N-[(2S)-1-[[4-[3-[5-chloro-2-fluoro-3-(methanesulfonamido)phenyl]-1-propan-2-ylpyrazol-4-yl]pyrimidin-2-yl]amino]propan-2-yl]carbamate,136,0.052365914,0.00012836205,0.960669386634294,0.6825441204884208,20,hist_gradient_boosting,0.6825441,0.8658739723877751
1916,"[(1S,2R,4S)-4-[(2R)-2-[(1R,9S,12S,15R,16E,18R,19R,21R,23S,24E,26E,28E,30S,32R,35R)-1,18-dihydroxy-19,30-dimethoxy-15,17,21,23,29,35-hexamethyl-2,3,10,14,20-pentaoxo-11,36-dioxa-4-azatricyclo[30.3.1.04,9]hexatriaconta-16,24,26,28-tetraen-12-yl]propyl]-2-methoxycyclohexyl] 3-hydroxy-2-(hydroxymethyl)-2-methylpropanoate; temsirolimus",232,0.06452577,0.0017690773,0.915202035476329,0.8723074748004331,20,hist_gradient_boosting,0.8723075,0.9035128720061171
1528,Chaetocin from Chaetomium minutum; chaetocin,35,0.13428871,0.009577311,0.6543489389600496,0.8092001622323042,20,hist_gradient_boosting,0.80920017,0.8619489538032064
5328,Demeclocycline,150,0.040509053,0.00019652487,1.0,0.902519456782622,20,hist_gradient_boosting,0.90251946,0.8387208611820606
132,"Tanespimycin; [(4E,6Z,8S,9S,10E,12S,13R,14S,16R)-13-hydroxy-8,14-dimethoxy-4,10,12,16-tetramethyl-3,20,22-trioxo-19-(prop-2-enylamino)-2-azabicyclo[16.3.1]docosa-1(21),4,6,10,18-pentaen-9-yl] carbamate",645,0.0681124,0.00097757,0.9017911393535712,0.9956927939258136,20,hist_gradient_boosting,0.9956928,0.9657467492513585
282,"S-[(7R,8R,9R,10R,13S,14R,17R)-10,13-dimethyl-3,5'-dioxospiro[2,6,7,8,9,11,12,14,15,16-decahydro-1H-cyclopenta[a]phenanthrene-17,2'-oxolane]-7-yl] ethanethioate; spironolactone",20,0.10470681,0.0006866556,0.7649596760625129,0.8124340264681751,20,hist_gradient_boosting,0.812434,0.786417158566785
776,Itraconazole; itraconazole,22,0.24348474,0.146066,0.2460501695448768,0.762617423037623,20,hist_gradient_boosting,0.7626174,0.8024012073590618
267,"[(1S,2S,3S,4S,7S,9S,10S,12R,15S)-4,12-diacetyloxy-15-[(2R,3S)-3-benzamido-2-hydroxy-3-phenylpropanoyl]oxy-1,9-dihydroxy-10,14,17,17-tetramethyl-11-oxo-6-oxatetracyclo[11.3.1.03,10.04,7]heptadec-13-en-2-yl] benzoate; paclitaxel",345,0.07583248,0.0047897524,0.872924712947898,0.9022159005873492,20,hist_gradient_boosting,0.9022159,0.9106567148890367
585,AZD1390; Azd-1390,141,0.04311499,0.00012656301,0.9952598464262232,0.8340521426953442,20,hist_gradient_boosting,0.83405215,0.7931459195539581
1308,AVN-944; Avn 944,28,0.13281249,0.0010098385,0.6598687258001579,0.6818297390989216,20,hist_gradient_boosting,0.68182975,0.810590384166786
2545,Strophanthidin; strophanthidin,31,0.07634207,0.0004586973,0.8710192868082638,0.9470727002903288,20,hist_gradient_boosting,0.9470727,0.8846053174642495
3743,MST-312; Telomerase Inhibitor IX,48,0.10071891,0.00053142564,0.7798709751504996,0.8318371920193228,20,hist_gradient_boosting,0.8318372,0.8507644104155877
5293,Suloctidil (USAN/INN); suloctidil,24,0.13206494,0.00075471774,0.6626639166608175,0.6836525302298242,20,hist_gradient_boosting,0.6836525,0.7784966550116851
3459,"9-(6-Aminopyridin-3-yl)-1-(3-(trifluoromethyl)phenyl)benzo(h)(1,6)naphthyridin-2(1H)-one; torin-2",98,0.07848713,0.00041733828,0.8629986164750867,0.9357499656084424,20,hist_gradient_boosting,0.93574995,0.8161812311424782
2442,2-[(2s)-2-Methylpyrrolidin-2-Yl]-1h-Benzimidazole-7-Carboxamide; veliparib,41,0.16740519,0.007833385,0.530521927745794,0.7736579271427566,20,hist_gradient_boosting,0.7736579,0.7785488160942041
6308,Prostratin; prostratin,32,0.090093255,0.00036437754,0.8196017406438072,0.8815021966618993,20,hist_gradient_boosting,0.8815022,0.8114569357885911
5485,Idoxuridine,146,0.05240569,9.183148e-05,0.960520658774387,0.6950365571413286,20,hist_gradient_boosting,0.69503653,0.8525656967214263
1079,2-[3-[[7-[3-[ethyl(2-hydroxyethyl)amino]propoxy]quinazolin-4-yl]amino]-1H-pyrazol-5-yl]-N-(3-fluorophenyl)acetamide; Defosbarasertib; barasertib-HQPA,52,0.10384165,0.00049778755,0.7681946266678347,0.8172413245670587,20,hist_gradient_boosting,0.8172413,0.775842280315612
4231,"3-(3,5-Ditert-butyl-4-hydroxyphenyl)-2-isocyano-2-propenenitrile; malonoben",26,0.09785382,0.0006520606,0.7905839353310458,0.8452288237346988,20,hist_gradient_boosting,0.84522885,0.8001045457321845
2733,Sulfatinib; Surufatinib,131,0.053166494,0.00011035856,0.9576759094097248,0.6653186126450907,20,hist_gradient_boosting,0.6653186,0.7682451827612118
5198,Mitoxantrone (dihydrochloride); Mitoxantrone Hydrochloride,144,0.03780337,8.6014275e-05,1.0,0.923217710888536,20,hist_gradient_boosting,0.9232177,0.9125087677072783
3973,Tivantinib; tivantinib,97,0.09627875,0.0005941993,0.7964733357308841,0.8525907539176941,20,hist_gradient_boosting,0.85259074,0.8622832191270443
721,Methylprednisolone Succinate; Methylprednisolone succinate,137,0.04420432,0.00012204872,0.9911866937805912,0.8157656710755613,20,hist_gradient_boosting,0.8157657,0.8791553438697897
5086,genistein,47,0.08093002,0.0013699664,0.853864319369078,0.9417129484892016,20,hist_gradient_boosting,0.941713,0.797814602126539
148,Sdccgsbi-0050471.P002; forskolin,68,0.10270811,0.003454277,0.7724330865008787,0.8502553035117038,20,hist_gradient_boosting,0.8502553,0.9032984440377235
1556,BIBX-1382; Falnidamol,34,0.10444529,0.00063003594,0.7659375348196258,0.8144198212816585,20,hist_gradient_boosting,0.8144198,0.7894683711190272
2781,Linifanib; linifanib,113,0.119901545,0.009461561,0.7081445006198741,0.8590664753704016,20,hist_gradient_boosting,0.8590665,0.7896507495211296
5150,Doxycycline (monohydrate); Invertin,139,0.03643017,9.426315e-05,1.0,0.946269495261269,20,hist_gradient_boosting,0.9462695,0.8412462276542998
2706,"5-chloro-2-N-[(1S)-1-(5-fluoropyrimidin-2-yl)ethyl]-4-N-(5-methyl-1H-pyrazol-3-yl)pyrimidine-2,4-diamine; Azd-1480",42,0.15204552,0.009913385,0.5879538175280797,0.8190144469781069,20,hist_gradient_boosting,0.81901443,0.8175301165963801
473,EPZ-5676; Pinometostat,32,0.21845573,0.018860558,0.3396370333043016,0.7568325697338787,20,hist_gradient_boosting,0.75683254,0.8089930176942611
3667,BX-795; N-(3-((5-Iodo-4-((3-((2-thienylcarbonyl)amino)propyl)amino)-2-pyrimidinyl)amino)phenyl)-1-pyrrolidinecarboxamide,57,0.13636465,0.0005324629,0.6465867176835093,0.6652266317711014,20,hist_gradient_boosting,0.66522664,0.7850789226701806
77,Tacalcitol; tacalcitol,31,0.11005648,0.0010996981,0.7449565342104029,0.7881927545477503,20,hist_gradient_boosting,0.78819275,0.8278593253528647
3113,Talazoparib; talazoparib,82,0.39506164,0.12409778,0.0,0.7461773613319349,20,hist_gradient_boosting,0.7461774,0.8673744789081195
4225,mercaptopurine,35,0.15820019,0.009902146,0.5649406714717946,0.834263067212399,20,hist_gradient_boosting,0.8342631,0.7885363195228958
1461,SB-590885,51,0.101605855,0.00058737653,0.7765545674748824,0.8276915467275712,20,hist_gradient_boosting,0.82769156,0.8201587888026916
4161,"2-((3-(2,3-Dichlorophenoxy)propyl)amino)ethanol; BRD-K61734568",23,0.1280704,0.0010846335,0.677600043609569,0.7039945468236248,20,hist_gradient_boosting,0.7039946,0.7688508640238162
3968,"(5Z)-5-[(4-pyridin-4-ylquinolin-6-yl)methylidene]-1,3-thiazolidine-2,4-dione; Gsk-1059615",491,0.06765507,0.00077635614,0.9035011582637515,0.9153796701789212,20,hist_gradient_boosting,0.91537964,0.7974749168051583
5188,Nafamostat (mesylate); Nafamostat Mesylate,146,0.046894982,0.000263998,0.981125943554487,0.7962603132336579,100,ridge,0.7962603,0.7307634949684143
3159,Ruxolitinib; ruxolitinib,110,0.12633547,0.008287371,0.684087182235593,0.8668112279178818,100,ridge,0.8668112,0.7774084806442261
2277,"(7R,9S)-7-[(2R,4S,5S,6S)-4-amino-5-hydroxy-6-methyloxan-2-yl]oxy-6,9,11-trihydroxy-9-(2-hydroxyacetyl)-4-methoxy-8,10-dihydro-7H-tetracene-5,12-dione; doxorubicin",386,0.08634973,0.0112892315,0.8335992884555266,0.9721763892698888,100,ridge,0.9721764,0.9735109806060791
5138,Sivelestat (sodium tetrahydrate); Sivelestat Sodium,140,0.055870887,9.851478e-05,0.9475638171119094,0.619920302502548,100,ridge,0.6199203,0.858540415763855
1750,Dimethyl Fumarate; dimethyl (E)-but-2-enedioate,135,0.04668537,0.00010493253,0.9819097112578976,0.7751710763976877,100,ridge,0.7751711,0.9751282334327698
724,Tofacitinib,247,0.072238095,0.006672744,0.8863646060676785,0.9060779364414148,100,ridge,0.9060779,0.7595438957214355
1471,Abexinostat; PCI-24781,117,0.08138782,0.0017491485,0.8521525430651385,0.9791201853585024,100,ridge,0.9791202,0.966183602809906
412,Acyclic retinoid; Peretinoin,142,0.054558393,0.00012328583,0.9524714102273808,0.6419530075592457,100,ridge,0.641953,0.7841827869415283
4646,emetine,158,0.07322615,0.0009120066,0.8826701343857455,0.9651970493102644,100,ridge,0.965197,0.8746957182884216
5156,"2-Piperidinecarboxamide, 1-butyl-N-(2,6-dimethylphenyl)-, hydrochloride (1:1), (2S)-; Levobupivacaine (hydrochloride)",136,0.04938751,0.00012650773,0.9718060432327184,0.7287560138170655,100,ridge,0.728756,0.7382653951644897
581,Ritonavir; ritonavir,146,0.042942334,0.00022223082,0.9959054306322804,0.8620850141348416,100,ridge,0.862085,0.7177292108535767
3315,Capivasertib,141,0.04508607,0.00018107855,0.9878897109147138,0.8009638356480819,100,ridge,0.8009638,0.8297288417816162
3779,Baicalin,145,0.04806055,0.00019611316,0.976767726684609,0.775203317944656,100,ridge,0.77520335,0.7654745578765869
5202,L-Eflornithine (monohydrochloride),140,0.045108646,8.990794e-05,0.9878052961881132,0.8005848636213682,100,ridge,0.80058485,0.8032442331314087
5220,"2,6-Difluoro-4-(4-(4-morpholinophenyl)pyridin-3-yl)phenol; LJI308",159,0.048396964,0.00037400375,0.9755098291015738,0.8360259076896124,100,ridge,0.8360259,0.9016488790512085
2355,Pentagastrin,144,0.041014187,0.00014010626,1.0,0.8693181198384582,100,ridge,0.8693181,0.9456104040145874
427,Bortezomib,3036,0.078068346,0.0046435907,0.8645645066622186,0.9438681382157874,100,ridge,0.94386816,0.8790663480758667
5144,Benproperine (phosphate); Benproperine Phosphate,134,0.042995486,9.150117e-05,0.9957066880938203,0.8360582796107388,100,ridge,0.83605826,0.6771840453147888
5186,Bosentan (hydrate); Bosentan Monohydrate,147,0.041843224,0.00027633677,1.0,0.8941879523946934,100,ridge,0.8941879,0.7581027746200562
2701,Tomivosertib,139,0.0448794,0.00012626861,0.9886624780810204,0.8044332399129366,100,ridge,0.8044332,0.786017894744873
5511,Lactate (calcium),140,0.055808358,0.00012659752,0.9477976215254283,0.6209699472258055,100,ridge,0.62096995,0.6898516416549683
1061,Lucanthone,140,0.0414177,0.000111989626,1.0,0.8625444099533379,100,ridge,0.8625444,1.0020796060562134
5177,Ivabradine (hydrochloride); Ivabradine Hydrochloride,138,0.048874464,0.00010045665,0.9737243918251844,0.7373684538187741,100,ridge,0.73736846,0.8047857880592346
5028,PD-0325901,536,0.07198018,0.0004514906,0.8873289852407465,0.966163881738302,100,ridge,0.9661639,0.9570897817611694
5128,Bisoprolol (hemifumarate),139,0.043196853,6.58169e-05,0.9949537495639048,0.8326779370513093,100,ridge,0.83267796,0.7826133966445923
643,Glycyrrhizic acid; Glycyrrhizin,140,0.040368516,9.894257e-05,1.0,0.8828217890777601,100,ridge,0.8828218,0.7299935221672058
1055,"N-[2-(diethylamino)ethyl]-5-[(Z)-(5-fluoro-2-oxo-1H-indol-3-ylidene)methyl]-2,4-dimethyl-1H-pyrrole-3-carboxamide; Sunitinib",207,0.056765318,0.0021677588,0.9442194182667611,0.883454883825221,100,ridge,0.88345486,0.9915564060211182
3445,Bimiralisib,145,0.038225774,8.98635e-05,1.0,0.9161269285845496,100,ridge,0.9161269,0.7490202188491821
5526,2-chloro-10-(4-methoxybenzoyl)-10H-phenothiazine; Tubulin inhibitor 6,138,0.043915603,0.00014643632,0.9922662458101772,0.8206123267716365,100,ridge,0.8206123,0.8769053816795349
3734,Asciminib,140,0.050452165,0.00010038438,0.9678251537594316,0.7108837812059695,100,ridge,0.7108838,0.9088813066482544
4657,SN-38,123,0.07729306,0.0003931925,0.8674634061894708,0.9413311033882736,100,ridge,0.9413311,0.9572807550430298
5176,Palmatine (chloride); Palmatine Chloride,142,0.0486796,0.00015979915,0.9744530147559202,0.7406396603545313,100,ridge,0.7406397,0.824306309223175
5239,Fusidic Acid; Fusidic acid,145,0.040190786,0.0001624006,1.0,0.8936952581964153,100,ridge,0.89369524,0.8583073616027832
5287,Daptomycin,138,0.044922628,0.0001140561,0.988500842724824,0.8037075096107177,100,ridge,0.8037075,0.8033571243286133
3482,Entinostat; entinostat,410,0.07412288,0.0019332699,0.8793171392677209,0.977210735658462,100,ridge,0.97721076,0.8395472764968872
1784,Eplerenone; eplerenone,138,0.041842245,0.00025545142,1.0,0.8857479515599257,100,ridge,0.88574797,0.843127429485321
5143,Belumosudil (mesylate),278,0.041217983,0.00011860031,1.0,0.8658970421076515,100,ridge,0.86589706,0.7669777870178223
483,Ipatasertib,149,0.04054196,0.00010342978,1.0,0.8772243219716018,100,ridge,0.8772243,0.7491289377212524
5219,"5,5-Diphenyl Hydantoin Sodium; Phenytoin (sodium)",140,0.05160951,0.00026609353,0.963497683802064,0.7337531291696819,100,ridge,0.73375314,0.8112711906433105
6445,"(9E,11E)-16-chloro-17,19-dihydroxy-4-methyl-3,7-dioxatricyclo[13.4.0.06,8]nonadeca-1(15),9,11,16,18-pentaene-2,13-dione; radicicol",188,0.08299365,0.00069752795,0.8461481268524799,0.9146248941653802,100,ridge,0.91462487,0.8850958347320557
3078,c-Kit-IN-1,143,0.044710416,0.00014609042,0.9892943321809438,0.80726992283353,100,ridge,0.80726993,0.9553351402282715
321,Saquinavir,151,0.043278635,0.00017492149,0.9946479555715746,0.8618593750362511,100,ridge,0.8618594,0.8458980321884155
3546,5-Aza-2'-deoxycytidine; Decitabine,287,0.10919062,0.053823646,0.7481941022106848,0.887506597693353,100,ridge,0.8875066,0.8084445595741272
611,Silodosin,135,0.036897227,0.00016414441,1.0,0.9425131923326951,100,ridge,0.94251317,0.8025440573692322
734,Digitoxin,260,0.061888263,0.00089409726,0.925064031946566,0.8677765217566387,100,ridge,0.8677765,0.8616728186607361
174,Megestrol,153,0.046392545,0.00024812942,0.983004623656764,0.8064782003977693,100,ridge,0.8064782,0.8059655427932739
5204,Cytarabine (hydrochloride); Cytarabine Hydrochloride,135,0.041847035,0.00013079165,1.0,0.8553371799094496,100,ridge,0.8553372,0.8190500140190125
1956,Lrrk2-IN-1; XMD-1150,120,0.07572602,0.0004060914,0.8733227813299804,0.9486555862195034,100,ridge,0.9486556,0.8422577381134033
1829,Sinomenine,143,0.04272854,0.00015931553,0.99670483540101,0.8405394514579436,100,ridge,0.84053946,0.8976573348045349
6224,"9-(1-Methyl-4-pyrazolyl)-1-[1-(1-oxoprop-2-enyl)-2,3-dihydroindol-6-yl]-2-benzo[h][1,6]naphthyridinone; QL-XII-47",103,0.091103986,0.0006506662,0.8158224803217079,0.8767779612253712,100,ridge,0.87677795,0.8777540326118469
73,"calcitriol; trans-(1R,3S,5Z)-5-[(2E)-2-[(1S,3aS,7aR)-1-[(2R)-6-hydroxy-6-methylheptan-2-yl]-7a-methyl-2,3,3a,5,6,7-hexahydro-1H-inden-4-ylidene]ethylidene]-4-methylidenecyclohexane-1,3-diol",100,0.11835079,0.025513567,0.7139429839362037,0.8736339547603882,100,ridge,0.873634,0.9998586773872375
5137,Docetaxel (Trihydrate); Docetaxel Trihydrate,136,0.036664996,0.000105826664,1.0,0.942327472366939,100,ridge,0.9423275,0.8644890785217285
5173,Pralsetinib,144,0.044453952,0.0001173886,0.990253285868173,0.8115751293265666,100,ridge,0.8115751,0.8000682592391968
2736,AZD-7648; Azd-7648,140,0.044472992,9.863245e-05,0.9901820927252568,0.8112554796639062,100,ridge,0.81125546,0.8308321833610535
1764,Homoharringtonine; Omacetaxine Mepesuccinate,363,0.05709908,0.0011253675,0.9429714368714892,0.9673914598895887,100,ridge,0.96739143,0.9272632002830505
5360,"[(6R,7S,8R)-11-Amino-7-methoxy-12-methyl-10,13-dioxo-2,5-diazatetracyclo[7.4.0.02,7.04,6]trideca-1(9),11-dien-8-yl]methyl carbamate; mitomycin-c",139,0.07448131,0.0005981264,0.8779769208740533,0.9544734519524716,100,ridge,0.95447344,0.9508242011070251
754,Clobetasol Propionate; Clobetasol propionate,144,0.041432895,0.00012369647,1.0,0.8622893266642799,100,ridge,0.8622893,0.8683799505233765
5205,Riluzole hydrochloride,144,0.05129743,0.00018635577,0.964664593258013,0.6966944372632076,100,ridge,0.69669443,0.7508442997932434
5194,LY-2584702 (tosylate salt),144,0.042677317,9.657972e-05,0.996896365146787,0.8413993445790554,100,ridge,0.8413994,0.7937148809432983
5155,Fingolimod (hydrochloride); Fingolimod Hydrochloride,138,0.04471154,0.000106584914,0.9892901293924647,0.8072510346374547,100,ridge,0.80725104,0.6529061794281006
5517,Diammonium Glycyrrhizinate,144,0.048501976,0.00020016426,0.9751171749879232,0.7436214072302518,100,ridge,0.7436214,0.7301564812660217
791,Erythromycin,151,0.040735878,0.00019825577,1.0,0.9114665186268862,100,ridge,0.91146654,0.9595679044723511
5192,"5-((6-([1,1'-biphenyl]-4-yl)-5-chloro-1H-benzo[d]imidazol-2-yl)oxy)-2-methylbenzoic acid; MK-3903",143,0.041990664,0.00010045219,0.9994638538633204,0.8529261221907791,100,ridge,0.85292614,0.8096312284469604
99,Ibrutinib; ibrutinib,149,0.11938259,0.013496693,0.7100849437649395,0.8575665277152715,100,ridge,0.85756654,0.7746387720108032
5163,Indacaterol (maleate); Indacaterol maleate,144,0.042954836,0.000272823,0.995858683958292,0.8647692649517947,100,ridge,0.8647693,0.8588300347328186
4,Quinestrol,144,0.043986626,0.00014854726,0.9920006811783844,0.8194200984351298,100,ridge,0.8194201,0.8565563559532166
5514,Acetomenaphthone; Vitamin K4,141,0.048855666,0.00016689411,0.9737946800972714,0.7376840632731543,100,ridge,0.7376841,0.7900453805923462
1555,Glasdegib,137,0.04883077,0.00019790819,0.973887769618597,0.7524924941037484,100,ridge,0.7524925,0.8312655687332153
5519,Oleic Acid; Oleic acid,138,0.05088583,0.00019110568,0.9662036214945824,0.7036039187011207,100,ridge,0.7036039,0.7358505129814148
2757,SB-743921; Sb-743921,119,0.09246724,0.00046925925,0.8107250886802689,0.8704059873065493,100,ridge,0.870406,0.8938932418823242
5188,Nafamostat (mesylate); Nafamostat Mesylate,146,0.046894982,0.000263998,0.981125943554487,0.7962603132336579,100,random_forest,0.7962603,0.8071769473425734
3159,Ruxolitinib; ruxolitinib,110,0.12633547,0.008287371,0.684087182235593,0.8668112279178818,100,random_forest,0.8668112,0.8568099070849002
2277,"(7R,9S)-7-[(2R,4S,5S,6S)-4-amino-5-hydroxy-6-methyloxan-2-yl]oxy-6,9,11-trihydroxy-9-(2-hydroxyacetyl)-4-methoxy-8,10-dihydro-7H-tetracene-5,12-dione; doxorubicin",386,0.08634973,0.0112892315,0.8335992884555266,0.9721763892698888,100,random_forest,0.9721764,0.9667000403140217
5138,Sivelestat (sodium tetrahydrate); Sivelestat Sodium,140,0.055870887,9.851478e-05,0.9475638171119094,0.619920302502548,100,random_forest,0.6199203,0.8215320544652316
1750,Dimethyl Fumarate; dimethyl (E)-but-2-enedioate,135,0.04668537,0.00010493253,0.9819097112578976,0.7751710763976877,100,random_forest,0.7751711,0.790761522438587
724,Tofacitinib,247,0.072238095,0.006672744,0.8863646060676785,0.9060779364414148,100,random_forest,0.9060779,0.841146106487379
1471,Abexinostat; PCI-24781,117,0.08138782,0.0017491485,0.8521525430651385,0.9791201853585024,100,random_forest,0.9791202,0.8749401215075773
412,Acyclic retinoid; Peretinoin,142,0.054558393,0.00012328583,0.9524714102273808,0.6419530075592457,100,random_forest,0.641953,0.8065297596307791
4646,emetine,158,0.07322615,0.0009120066,0.8826701343857455,0.9651970493102644,100,random_forest,0.965197,0.8745127141531769
5156,"2-Piperidinecarboxamide, 1-butyl-N-(2,6-dimethylphenyl)-, hydrochloride (1:1), (2S)-; Levobupivacaine (hydrochloride)",136,0.04938751,0.00012650773,0.9718060432327184,0.7287560138170655,100,random_forest,0.728756,0.8162862810191375
581,Ritonavir; ritonavir,146,0.042942334,0.00022223082,0.9959054306322804,0.8620850141348416,100,random_forest,0.862085,0.8268128289379477
3315,Capivasertib,141,0.04508607,0.00018107855,0.9878897109147138,0.8009638356480819,100,random_forest,0.8009638,0.789814876510578
3779,Baicalin,145,0.04806055,0.00019611316,0.976767726684609,0.775203317944656,100,random_forest,0.77520335,0.8349378758550051
5202,L-Eflornithine (monohydrochloride),140,0.045108646,8.990794e-05,0.9878052961881132,0.8005848636213682,100,random_forest,0.80058485,0.8103985026356014
5220,"2,6-Difluoro-4-(4-(4-morpholinophenyl)pyridin-3-yl)phenol; LJI308",159,0.048396964,0.00037400375,0.9755098291015738,0.8360259076896124,100,random_forest,0.8360259,0.8515983495506693
2355,Pentagastrin,144,0.041014187,0.00014010626,1.0,0.8693181198384582,100,random_forest,0.8693181,0.8636489306665005
427,Bortezomib,3036,0.078068346,0.0046435907,0.8645645066622186,0.9438681382157874,100,random_forest,0.94386816,0.8420280148408139
5144,Benproperine (phosphate); Benproperine Phosphate,134,0.042995486,9.150117e-05,0.9957066880938203,0.8360582796107388,100,random_forest,0.83605826,0.8244769152289594
5186,Bosentan (hydrate); Bosentan Monohydrate,147,0.041843224,0.00027633677,1.0,0.8941879523946934,100,random_forest,0.8941879,0.8384149578458416
2701,Tomivosertib,139,0.0448794,0.00012626861,0.9886624780810204,0.8044332399129366,100,random_forest,0.8044332,0.8652126131100044
5511,Lactate (calcium),140,0.055808358,0.00012659752,0.9477976215254283,0.6209699472258055,100,random_forest,0.62096995,0.7731547043317338
1061,Lucanthone,140,0.0414177,0.000111989626,1.0,0.8625444099533379,100,random_forest,0.8625444,0.8609190388643926
5177,Ivabradine (hydrochloride); Ivabradine Hydrochloride,138,0.048874464,0.00010045665,0.9737243918251844,0.7373684538187741,100,random_forest,0.73736846,0.8613470190949044
5028,PD-0325901,536,0.07198018,0.0004514906,0.8873289852407465,0.966163881738302,100,random_forest,0.9661639,0.8640831276523556
5128,Bisoprolol (hemifumarate),139,0.043196853,6.58169e-05,0.9949537495639048,0.8326779370513093,100,random_forest,0.83267796,0.8040156623746415
643,Glycyrrhizic acid; Glycyrrhizin,140,0.040368516,9.894257e-05,1.0,0.8828217890777601,100,random_forest,0.8828218,0.8359218127317046
1055,"N-[2-(diethylamino)ethyl]-5-[(Z)-(5-fluoro-2-oxo-1H-indol-3-ylidene)methyl]-2,4-dimethyl-1H-pyrrole-3-carboxamide; Sunitinib",207,0.056765318,0.0021677588,0.9442194182667611,0.883454883825221,100,random_forest,0.88345486,0.8695641130259122
3445,Bimiralisib,145,0.038225774,8.98635e-05,1.0,0.9161269285845496,100,random_forest,0.9161269,0.840421849157447
5526,2-chloro-10-(4-methoxybenzoyl)-10H-phenothiazine; Tubulin inhibitor 6,138,0.043915603,0.00014643632,0.9922662458101772,0.8206123267716365,100,random_forest,0.8206123,0.8386481467310852
3734,Asciminib,140,0.050452165,0.00010038438,0.9678251537594316,0.7108837812059695,100,random_forest,0.7108838,0.8409731325163939
4657,SN-38,123,0.07729306,0.0003931925,0.8674634061894708,0.9413311033882736,100,random_forest,0.9413311,0.9131798686703689
5176,Palmatine (chloride); Palmatine Chloride,142,0.0486796,0.00015979915,0.9744530147559202,0.7406396603545313,100,random_forest,0.7406397,0.8502936765364746
5239,Fusidic Acid; Fusidic acid,145,0.040190786,0.0001624006,1.0,0.8936952581964153,100,random_forest,0.89369524,0.8705508026254798
5287,Daptomycin,138,0.044922628,0.0001140561,0.988500842724824,0.8037075096107177,100,random_forest,0.8037075,0.8520940490581939
3482,Entinostat; entinostat,410,0.07412288,0.0019332699,0.8793171392677209,0.977210735658462,100,random_forest,0.97721076,0.8191053504863751
1784,Eplerenone; eplerenone,138,0.041842245,0.00025545142,1.0,0.8857479515599257,100,random_forest,0.88574797,0.8538244770019285
5143,Belumosudil (mesylate),278,0.041217983,0.00011860031,1.0,0.8658970421076515,100,random_forest,0.86589706,0.8329021684604059
483,Ipatasertib,149,0.04054196,0.00010342978,1.0,0.8772243219716018,100,random_forest,0.8772243,0.8504216969036896
5219,"5,5-Diphenyl Hydantoin Sodium; Phenytoin (sodium)",140,0.05160951,0.00026609353,0.963497683802064,0.7337531291696819,100,random_forest,0.73375314,0.8510596875723004
6445,"(9E,11E)-16-chloro-17,19-dihydroxy-4-methyl-3,7-dioxatricyclo[13.4.0.06,8]nonadeca-1(15),9,11,16,18-pentaene-2,13-dione; radicicol",188,0.08299365,0.00069752795,0.8461481268524799,0.9146248941653802,100,random_forest,0.91462487,0.8531842482663895
3078,c-Kit-IN-1,143,0.044710416,0.00014609042,0.9892943321809438,0.80726992283353,100,random_forest,0.80726993,0.8443768050171202
321,Saquinavir,151,0.043278635,0.00017492149,0.9946479555715746,0.8618593750362511,100,random_forest,0.8618594,0.8500631285826803
3546,5-Aza-2'-deoxycytidine; Decitabine,287,0.10919062,0.053823646,0.7481941022106848,0.887506597693353,100,random_forest,0.8875066,0.8257261336281839
611,Silodosin,135,0.036897227,0.00016414441,1.0,0.9425131923326951,100,random_forest,0.94251317,0.8528634047107428
734,Digitoxin,260,0.061888263,0.00089409726,0.925064031946566,0.8677765217566387,100,random_forest,0.8677765,0.8579493063677109
174,Megestrol,153,0.046392545,0.00024812942,0.983004623656764,0.8064782003977693,100,random_forest,0.8064782,0.8542415188004112
5204,Cytarabine (hydrochloride); Cytarabine Hydrochloride,135,0.041847035,0.00013079165,1.0,0.8553371799094496,100,random_forest,0.8553372,0.8579778215123711
1956,Lrrk2-IN-1; XMD-1150,120,0.07572602,0.0004060914,0.8733227813299804,0.9486555862195034,100,random_forest,0.9486556,0.8661647425248366
1829,Sinomenine,143,0.04272854,0.00015931553,0.99670483540101,0.8405394514579436,100,random_forest,0.84053946,0.873729696750492
6224,"9-(1-Methyl-4-pyrazolyl)-1-[1-(1-oxoprop-2-enyl)-2,3-dihydroindol-6-yl]-2-benzo[h][1,6]naphthyridinone; QL-XII-47",103,0.091103986,0.0006506662,0.8158224803217079,0.8767779612253712,100,random_forest,0.87677795,0.8480286775905221
73,"calcitriol; trans-(1R,3S,5Z)-5-[(2E)-2-[(1S,3aS,7aR)-1-[(2R)-6-hydroxy-6-methylheptan-2-yl]-7a-methyl-2,3,3a,5,6,7-hexahydro-1H-inden-4-ylidene]ethylidene]-4-methylidenecyclohexane-1,3-diol",100,0.11835079,0.025513567,0.7139429839362037,0.8736339547603882,100,random_forest,0.873634,0.8718594234393271
5137,Docetaxel (Trihydrate); Docetaxel Trihydrate,136,0.036664996,0.000105826664,1.0,0.942327472366939,100,random_forest,0.9423275,0.8628233872660505
5173,Pralsetinib,144,0.044453952,0.0001173886,0.990253285868173,0.8115751293265666,100,random_forest,0.8115751,0.7993761937808421
2736,AZD-7648; Azd-7648,140,0.044472992,9.863245e-05,0.9901820927252568,0.8112554796639062,100,random_forest,0.81125546,0.86027030434244
1764,Homoharringtonine; Omacetaxine Mepesuccinate,363,0.05709908,0.0011253675,0.9429714368714892,0.9673914598895887,100,random_forest,0.96739143,0.8890221846430494
5360,"[(6R,7S,8R)-11-Amino-7-methoxy-12-methyl-10,13-dioxo-2,5-diazatetracyclo[7.4.0.02,7.04,6]trideca-1(9),11-dien-8-yl]methyl carbamate; mitomycin-c",139,0.07448131,0.0005981264,0.8779769208740533,0.9544734519524716,100,random_forest,0.95447344,0.8859546644181266
754,Clobetasol Propionate; Clobetasol propionate,144,0.041432895,0.00012369647,1.0,0.8622893266642799,100,random_forest,0.8622893,0.813100918351417
5205,Riluzole hydrochloride,144,0.05129743,0.00018635577,0.964664593258013,0.6966944372632076,100,random_forest,0.69669443,0.8022683143246835
5194,LY-2584702 (tosylate salt),144,0.042677317,9.657972e-05,0.996896365146787,0.8413993445790554,100,random_forest,0.8413994,0.8416447047694353
5155,Fingolimod (hydrochloride); Fingolimod Hydrochloride,138,0.04471154,0.000106584914,0.9892901293924647,0.8072510346374547,100,random_forest,0.80725104,0.7789330431244774
5517,Diammonium Glycyrrhizinate,144,0.048501976,0.00020016426,0.9751171749879232,0.7436214072302518,100,random_forest,0.7436214,0.833347339177596
791,Erythromycin,151,0.040735878,0.00019825577,1.0,0.9114665186268862,100,random_forest,0.91146654,0.8568017876984952
5192,"5-((6-([1,1'-biphenyl]-4-yl)-5-chloro-1H-benzo[d]imidazol-2-yl)oxy)-2-methylbenzoic acid; MK-3903",143,0.041990664,0.00010045219,0.9994638538633204,0.8529261221907791,100,random_forest,0.85292614,0.840075172320001
99,Ibrutinib; ibrutinib,149,0.11938259,0.013496693,0.7100849437649395,0.8575665277152715,100,random_forest,0.85756654,0.8444354972774292
5163,Indacaterol (maleate); Indacaterol maleate,144,0.042954836,0.000272823,0.995858683958292,0.8647692649517947,100,random_forest,0.8647693,0.8594369626122321
4,Quinestrol,144,0.043986626,0.00014854726,0.9920006811783844,0.8194200984351298,100,random_forest,0.8194201,0.8751136758331607
5514,Acetomenaphthone; Vitamin K4,141,0.048855666,0.00016689411,0.9737946800972714,0.7376840632731543,100,random_forest,0.7376841,0.8465062344188028
1555,Glasdegib,137,0.04883077,0.00019790819,0.973887769618597,0.7524924941037484,100,random_forest,0.7524925,0.8552847563754501
5519,Oleic Acid; Oleic acid,138,0.05088583,0.00019110568,0.9662036214945824,0.7036039187011207,100,random_forest,0.7036039,0.7955982393482661
2757,SB-743921; Sb-743921,119,0.09246724,0.00046925925,0.8107250886802689,0.8704059873065493,100,random_forest,0.870406,0.8788059895294587
5188,Nafamostat (mesylate); Nafamostat Mesylate,146,0.046894982,0.000263998,0.981125943554487,0.7962603132336579,100,extra_trees,0.7962603,0.8026301463320858
3159,Ruxolitinib; ruxolitinib,110,0.12633547,0.008287371,0.684087182235593,0.8668112279178818,100,extra_trees,0.8668112,0.8522948370104043
2277,"(7R,9S)-7-[(2R,4S,5S,6S)-4-amino-5-hydroxy-6-methyloxan-2-yl]oxy-6,9,11-trihydroxy-9-(2-hydroxyacetyl)-4-methoxy-8,10-dihydro-7H-tetracene-5,12-dione; doxorubicin",386,0.08634973,0.0112892315,0.8335992884555266,0.9721763892698888,100,extra_trees,0.9721764,0.979048613759379
5138,Sivelestat (sodium tetrahydrate); Sivelestat Sodium,140,0.055870887,9.851478e-05,0.9475638171119094,0.619920302502548,100,extra_trees,0.6199203,0.8300770109469692
1750,Dimethyl Fumarate; dimethyl (E)-but-2-enedioate,135,0.04668537,0.00010493253,0.9819097112578976,0.7751710763976877,100,extra_trees,0.7751711,0.7798263879517713
724,Tofacitinib,247,0.072238095,0.006672744,0.8863646060676785,0.9060779364414148,100,extra_trees,0.9060779,0.8489051475773253
1471,Abexinostat; PCI-24781,117,0.08138782,0.0017491485,0.8521525430651385,0.9791201853585024,100,extra_trees,0.9791202,0.8716088105613992
412,Acyclic retinoid; Peretinoin,142,0.054558393,0.00012328583,0.9524714102273808,0.6419530075592457,100,extra_trees,0.641953,0.816114040677746
4646,emetine,158,0.07322615,0.0009120066,0.8826701343857455,0.9651970493102644,100,extra_trees,0.965197,0.8551495353008305
5156,"2-Piperidinecarboxamide, 1-butyl-N-(2,6-dimethylphenyl)-, hydrochloride (1:1), (2S)-; Levobupivacaine (hydrochloride)",136,0.04938751,0.00012650773,0.9718060432327184,0.7287560138170655,100,extra_trees,0.728756,0.7984533368175234
581,Ritonavir; ritonavir,146,0.042942334,0.00022223082,0.9959054306322804,0.8620850141348416,100,extra_trees,0.862085,0.8237752737378082
3315,Capivasertib,141,0.04508607,0.00018107855,0.9878897109147138,0.8009638356480819,100,extra_trees,0.8009638,0.8184619995380444
3779,Baicalin,145,0.04806055,0.00019611316,0.976767726684609,0.775203317944656,100,extra_trees,0.77520335,0.8324478905647993
5202,L-Eflornithine (monohydrochloride),140,0.045108646,8.990794e-05,0.9878052961881132,0.8005848636213682,100,extra_trees,0.80058485,0.8038920668388405
5220,"2,6-Difluoro-4-(4-(4-morpholinophenyl)pyridin-3-yl)phenol; LJI308",159,0.048396964,0.00037400375,0.9755098291015738,0.8360259076896124,100,extra_trees,0.8360259,0.8466082933098078
2355,Pentagastrin,144,0.041014187,0.00014010626,1.0,0.8693181198384582,100,extra_trees,0.8693181,0.8641835811560357
427,Bortezomib,3036,0.078068346,0.0046435907,0.8645645066622186,0.9438681382157874,100,extra_trees,0.94386816,0.8444727463424203
5144,Benproperine (phosphate); Benproperine Phosphate,134,0.042995486,9.150117e-05,0.9957066880938203,0.8360582796107388,100,extra_trees,0.83605826,0.8211939075415329
5186,Bosentan (hydrate); Bosentan Monohydrate,147,0.041843224,0.00027633677,1.0,0.8941879523946934,100,extra_trees,0.8941879,0.8303244218577939
2701,Tomivosertib,139,0.0448794,0.00012626861,0.9886624780810204,0.8044332399129366,100,extra_trees,0.8044332,0.8699129449203608
5511,Lactate (calcium),140,0.055808358,0.00012659752,0.9477976215254283,0.6209699472258055,100,extra_trees,0.62096995,0.7655101595322286
1061,Lucanthone,140,0.0414177,0.000111989626,1.0,0.8625444099533379,100,extra_trees,0.8625444,0.8550780372669297
5177,Ivabradine (hydrochloride); Ivabradine Hydrochloride,138,0.048874464,0.00010045665,0.9737243918251844,0.7373684538187741,100,extra_trees,0.73736846,0.8491804804156226
5028,PD-0325901,536,0.07198018,0.0004514906,0.8873289852407465,0.966163881738302,100,extra_trees,0.9661639,0.8615857183660066
5128,Bisoprolol (hemifumarate),139,0.043196853,6.58169e-05,0.9949537495639048,0.8326779370513093,100,extra_trees,0.83267796,0.8040506781861183
643,Glycyrrhizic acid; Glycyrrhizin,140,0.040368516,9.894257e-05,1.0,0.8828217890777601,100,extra_trees,0.8828218,0.835561959038178
1055,"N-[2-(diethylamino)ethyl]-5-[(Z)-(5-fluoro-2-oxo-1H-indol-3-ylidene)methyl]-2,4-dimethyl-1H-pyrrole-3-carboxamide; Sunitinib",207,0.056765318,0.0021677588,0.9442194182667611,0.883454883825221,100,extra_trees,0.88345486,0.8617578875645994
3445,Bimiralisib,145,0.038225774,8.98635e-05,1.0,0.9161269285845496,100,extra_trees,0.9161269,0.8505238904481134
5526,2-chloro-10-(4-methoxybenzoyl)-10H-phenothiazine; Tubulin inhibitor 6,138,0.043915603,0.00014643632,0.9922662458101772,0.8206123267716365,100,extra_trees,0.8206123,0.8455701950192457
3734,Asciminib,140,0.050452165,0.00010038438,0.9678251537594316,0.7108837812059695,100,extra_trees,0.7108838,0.8496434413616858
4657,SN-38,123,0.07729306,0.0003931925,0.8674634061894708,0.9413311033882736,100,extra_trees,0.9413311,0.9233406684671839
5176,Palmatine (chloride); Palmatine Chloride,142,0.0486796,0.00015979915,0.9744530147559202,0.7406396603545313,100,extra_trees,0.7406397,0.8420895161305869
5239,Fusidic Acid; Fusidic acid,145,0.040190786,0.0001624006,1.0,0.8936952581964153,100,extra_trees,0.89369524,0.8694554799000422
5287,Daptomycin,138,0.044922628,0.0001140561,0.988500842724824,0.8037075096107177,100,extra_trees,0.8037075,0.8529452508141597
3482,Entinostat; entinostat,410,0.07412288,0.0019332699,0.8793171392677209,0.977210735658462,100,extra_trees,0.97721076,0.8445850350881624
1784,Eplerenone; eplerenone,138,0.041842245,0.00025545142,1.0,0.8857479515599257,100,extra_trees,0.88574797,0.8592208354522789
5143,Belumosudil (mesylate),278,0.041217983,0.00011860031,1.0,0.8658970421076515,100,extra_trees,0.86589706,0.842138873763383
483,Ipatasertib,149,0.04054196,0.00010342978,1.0,0.8772243219716018,100,extra_trees,0.8772243,0.8510283766364055
5219,"5,5-Diphenyl Hydantoin Sodium; Phenytoin (sodium)",140,0.05160951,0.00026609353,0.963497683802064,0.7337531291696819,100,extra_trees,0.73375314,0.8444699496602023
6445,"(9E,11E)-16-chloro-17,19-dihydroxy-4-methyl-3,7-dioxatricyclo[13.4.0.06,8]nonadeca-1(15),9,11,16,18-pentaene-2,13-dione; radicicol",188,0.08299365,0.00069752795,0.8461481268524799,0.9146248941653802,100,extra_trees,0.91462487,0.8602664033422869
3078,c-Kit-IN-1,143,0.044710416,0.00014609042,0.9892943321809438,0.80726992283353,100,extra_trees,0.80726993,0.8410827495108054
321,Saquinavir,151,0.043278635,0.00017492149,0.9946479555715746,0.8618593750362511,100,extra_trees,0.8618594,0.8442484582513567
3546,5-Aza-2'-deoxycytidine; Decitabine,287,0.10919062,0.053823646,0.7481941022106848,0.887506597693353,100,extra_trees,0.8875066,0.8397147773752609
611,Silodosin,135,0.036897227,0.00016414441,1.0,0.9425131923326951,100,extra_trees,0.94251317,0.8500888031100244
734,Digitoxin,260,0.061888263,0.00089409726,0.925064031946566,0.8677765217566387,100,extra_trees,0.8677765,0.8796576486900447
174,Megestrol,153,0.046392545,0.00024812942,0.983004623656764,0.8064782003977693,100,extra_trees,0.8064782,0.8560780245512732
5204,Cytarabine (hydrochloride); Cytarabine Hydrochloride,135,0.041847035,0.00013079165,1.0,0.8553371799094496,100,extra_trees,0.8553372,0.8788831218381722
1956,Lrrk2-IN-1; XMD-1150,120,0.07572602,0.0004060914,0.8733227813299804,0.9486555862195034,100,extra_trees,0.9486556,0.8677348645155625
1829,Sinomenine,143,0.04272854,0.00015931553,0.99670483540101,0.8405394514579436,100,extra_trees,0.84053946,0.8709013814181086
6224,"9-(1-Methyl-4-pyrazolyl)-1-[1-(1-oxoprop-2-enyl)-2,3-dihydroindol-6-yl]-2-benzo[h][1,6]naphthyridinone; QL-XII-47",103,0.091103986,0.0006506662,0.8158224803217079,0.8767779612253712,100,extra_trees,0.87677795,0.8585956909035645
73,"calcitriol; trans-(1R,3S,5Z)-5-[(2E)-2-[(1S,3aS,7aR)-1-[(2R)-6-hydroxy-6-methylheptan-2-yl]-7a-methyl-2,3,3a,5,6,7-hexahydro-1H-inden-4-ylidene]ethylidene]-4-methylidenecyclohexane-1,3-diol",100,0.11835079,0.025513567,0.7139429839362037,0.8736339547603882,100,extra_trees,0.873634,0.8737757020791379
5137,Docetaxel (Trihydrate); Docetaxel Trihydrate,136,0.036664996,0.000105826664,1.0,0.942327472366939,100,extra_trees,0.9423275,0.8727644849543763
5173,Pralsetinib,144,0.044453952,0.0001173886,0.990253285868173,0.8115751293265666,100,extra_trees,0.8115751,0.8292299863124888
2736,AZD-7648; Azd-7648,140,0.044472992,9.863245e-05,0.9901820927252568,0.8112554796639062,100,extra_trees,0.81125546,0.8534152370120089
1764,Homoharringtonine; Omacetaxine Mepesuccinate,363,0.05709908,0.0011253675,0.9429714368714892,0.9673914598895887,100,extra_trees,0.96739143,0.9134549309735496
5360,"[(6R,7S,8R)-11-Amino-7-methoxy-12-methyl-10,13-dioxo-2,5-diazatetracyclo[7.4.0.02,7.04,6]trideca-1(9),11-dien-8-yl]methyl carbamate; mitomycin-c",139,0.07448131,0.0005981264,0.8779769208740533,0.9544734519524716,100,extra_trees,0.95447344,0.9052641393840309
754,Clobetasol Propionate; Clobetasol propionate,144,0.041432895,0.00012369647,1.0,0.8622893266642799,100,extra_trees,0.8622893,0.7935922193601731
5205,Riluzole hydrochloride,144,0.05129743,0.00018635577,0.964664593258013,0.6966944372632076,100,extra_trees,0.69669443,0.8171458758562806
5194,LY-2584702 (tosylate salt),144,0.042677317,9.657972e-05,0.996896365146787,0.8413993445790554,100,extra_trees,0.8413994,0.8398689190223808
5155,Fingolimod (hydrochloride); Fingolimod Hydrochloride,138,0.04471154,0.000106584914,0.9892901293924647,0.8072510346374547,100,extra_trees,0.80725104,0.7899593129580218
5517,Diammonium Glycyrrhizinate,144,0.048501976,0.00020016426,0.9751171749879232,0.7436214072302518,100,extra_trees,0.7436214,0.8323280955453712
791,Erythromycin,151,0.040735878,0.00019825577,1.0,0.9114665186268862,100,extra_trees,0.91146654,0.860245701094468
5192,"5-((6-([1,1'-biphenyl]-4-yl)-5-chloro-1H-benzo[d]imidazol-2-yl)oxy)-2-methylbenzoic acid; MK-3903",143,0.041990664,0.00010045219,0.9994638538633204,0.8529261221907791,100,extra_trees,0.85292614,0.8324669708559906
99,Ibrutinib; ibrutinib,149,0.11938259,0.013496693,0.7100849437649395,0.8575665277152715,100,extra_trees,0.85756654,0.8379322255005445
5163,Indacaterol (maleate); Indacaterol maleate,144,0.042954836,0.000272823,0.995858683958292,0.8647692649517947,100,extra_trees,0.8647693,0.8486960658580063
4,Quinestrol,144,0.043986626,0.00014854726,0.9920006811783844,0.8194200984351298,100,extra_trees,0.8194201,0.874531592334311
5514,Acetomenaphthone; Vitamin K4,141,0.048855666,0.00016689411,0.9737946800972714,0.7376840632731543,100,extra_trees,0.7376841,0.8412768966431423
1555,Glasdegib,137,0.04883077,0.00019790819,0.973887769618597,0.7524924941037484,100,extra_trees,0.7524925,0.8540764239132405
5519,Oleic Acid; Oleic acid,138,0.05088583,0.00019110568,0.9662036214945824,0.7036039187011207,100,extra_trees,0.7036039,0.783395923351248
2757,SB-743921; Sb-743921,119,0.09246724,0.00046925925,0.8107250886802689,0.8704059873065493,100,extra_trees,0.870406,0.8694227016990388
5188,Nafamostat (mesylate); Nafamostat Mesylate,146,0.046894982,0.000263998,0.981125943554487,0.7962603132336579,100,hist_gradient_boosting,0.7962603,0.7681162138882647
3159,Ruxolitinib; ruxolitinib,110,0.12633547,0.008287371,0.684087182235593,0.8668112279178818,100,hist_gradient_boosting,0.8668112,0.8216727340221843
2277,"(7R,9S)-7-[(2R,4S,5S,6S)-4-amino-5-hydroxy-6-methyloxan-2-yl]oxy-6,9,11-trihydroxy-9-(2-hydroxyacetyl)-4-methoxy-8,10-dihydro-7H-tetracene-5,12-dione; doxorubicin",386,0.08634973,0.0112892315,0.8335992884555266,0.9721763892698888,100,hist_gradient_boosting,0.9721764,0.9847063064863208
5138,Sivelestat (sodium tetrahydrate); Sivelestat Sodium,140,0.055870887,9.851478e-05,0.9475638171119094,0.619920302502548,100,hist_gradient_boosting,0.6199203,0.8129961506798904
1750,Dimethyl Fumarate; dimethyl (E)-but-2-enedioate,135,0.04668537,0.00010493253,0.9819097112578976,0.7751710763976877,100,hist_gradient_boosting,0.7751711,0.7910711721834155
724,Tofacitinib,247,0.072238095,0.006672744,0.8863646060676785,0.9060779364414148,100,hist_gradient_boosting,0.9060779,0.8276516762804934
1471,Abexinostat; PCI-24781,117,0.08138782,0.0017491485,0.8521525430651385,0.9791201853585024,100,hist_gradient_boosting,0.9791202,0.9067435525466794
412,Acyclic retinoid; Peretinoin,142,0.054558393,0.00012328583,0.9524714102273808,0.6419530075592457,100,hist_gradient_boosting,0.641953,0.7943904956743038
4646,emetine,158,0.07322615,0.0009120066,0.8826701343857455,0.9651970493102644,100,hist_gradient_boosting,0.965197,0.8708499458202297
5156,"2-Piperidinecarboxamide, 1-butyl-N-(2,6-dimethylphenyl)-, hydrochloride (1:1), (2S)-; Levobupivacaine (hydrochloride)",136,0.04938751,0.00012650773,0.9718060432327184,0.7287560138170655,100,hist_gradient_boosting,0.728756,0.8054850278256676
581,Ritonavir; ritonavir,146,0.042942334,0.00022223082,0.9959054306322804,0.8620850141348416,100,hist_gradient_boosting,0.862085,0.782540660630224
3315,Capivasertib,141,0.04508607,0.00018107855,0.9878897109147138,0.8009638356480819,100,hist_gradient_boosting,0.8009638,0.8101872102905125
3779,Baicalin,145,0.04806055,0.00019611316,0.976767726684609,0.775203317944656,100,hist_gradient_boosting,0.77520335,0.8227966682760671
5202,L-Eflornithine (monohydrochloride),140,0.045108646,8.990794e-05,0.9878052961881132,0.8005848636213682,100,hist_gradient_boosting,0.80058485,0.8072226266924578
5220,"2,6-Difluoro-4-(4-(4-morpholinophenyl)pyridin-3-yl)phenol; LJI308",159,0.048396964,0.00037400375,0.9755098291015738,0.8360259076896124,100,hist_gradient_boosting,0.8360259,0.8201755266523251
2355,Pentagastrin,144,0.041014187,0.00014010626,1.0,0.8693181198384582,100,hist_gradient_boosting,0.8693181,0.8414296183095289
427,Bortezomib,3036,0.078068346,0.0046435907,0.8645645066622186,0.9438681382157874,100,hist_gradient_boosting,0.94386816,0.8795584266199479
5144,Benproperine (phosphate); Benproperine Phosphate,134,0.042995486,9.150117e-05,0.9957066880938203,0.8360582796107388,100,hist_gradient_boosting,0.83605826,0.8053905192230234
5186,Bosentan (hydrate); Bosentan Monohydrate,147,0.041843224,0.00027633677,1.0,0.8941879523946934,100,hist_gradient_boosting,0.8941879,0.8075294827573712
2701,Tomivosertib,139,0.0448794,0.00012626861,0.9886624780810204,0.8044332399129366,100,hist_gradient_boosting,0.8044332,0.843367071221054
5511,Lactate (calcium),140,0.055808358,0.00012659752,0.9477976215254283,0.6209699472258055,100,hist_gradient_boosting,0.62096995,0.7793102531117609
1061,Lucanthone,140,0.0414177,0.000111989626,1.0,0.8625444099533379,100,hist_gradient_boosting,0.8625444,0.8863210631101001
5177,Ivabradine (hydrochloride); Ivabradine Hydrochloride,138,0.048874464,0.00010045665,0.9737243918251844,0.7373684538187741,100,hist_gradient_boosting,0.73736846,0.8521906218196683
5028,PD-0325901,536,0.07198018,0.0004514906,0.8873289852407465,0.966163881738302,100,hist_gradient_boosting,0.9661639,0.909763400314241
5128,Bisoprolol (hemifumarate),139,0.043196853,6.58169e-05,0.9949537495639048,0.8326779370513093,100,hist_gradient_boosting,0.83267796,0.7500154881134574
643,Glycyrrhizic acid; Glycyrrhizin,140,0.040368516,9.894257e-05,1.0,0.8828217890777601,100,hist_gradient_boosting,0.8828218,0.8313058247497629
1055,"N-[2-(diethylamino)ethyl]-5-[(Z)-(5-fluoro-2-oxo-1H-indol-3-ylidene)methyl]-2,4-dimethyl-1H-pyrrole-3-carboxamide; Sunitinib",207,0.056765318,0.0021677588,0.9442194182667611,0.883454883825221,100,hist_gradient_boosting,0.88345486,0.8865666338821949
3445,Bimiralisib,145,0.038225774,8.98635e-05,1.0,0.9161269285845496,100,hist_gradient_boosting,0.9161269,0.820058033148613
5526,2-chloro-10-(4-methoxybenzoyl)-10H-phenothiazine; Tubulin inhibitor 6,138,0.043915603,0.00014643632,0.9922662458101772,0.8206123267716365,100,hist_gradient_boosting,0.8206123,0.8321517051391353
3734,Asciminib,140,0.050452165,0.00010038438,0.9678251537594316,0.7108837812059695,100,hist_gradient_boosting,0.7108838,0.8269795233585345
4657,SN-38,123,0.07729306,0.0003931925,0.8674634061894708,0.9413311033882736,100,hist_gradient_boosting,0.9413311,0.9394751667266437
5176,Palmatine (chloride); Palmatine Chloride,142,0.0486796,0.00015979915,0.9744530147559202,0.7406396603545313,100,hist_gradient_boosting,0.7406397,0.8153391847313917
5239,Fusidic Acid; Fusidic acid,145,0.040190786,0.0001624006,1.0,0.8936952581964153,100,hist_gradient_boosting,0.89369524,0.8761673301265716
5287,Daptomycin,138,0.044922628,0.0001140561,0.988500842724824,0.8037075096107177,100,hist_gradient_boosting,0.8037075,0.8281990847326485
3482,Entinostat; entinostat,410,0.07412288,0.0019332699,0.8793171392677209,0.977210735658462,100,hist_gradient_boosting,0.97721076,0.822111379253576
1784,Eplerenone; eplerenone,138,0.041842245,0.00025545142,1.0,0.8857479515599257,100,hist_gradient_boosting,0.88574797,0.8454928247382673
5143,Belumosudil (mesylate),278,0.041217983,0.00011860031,1.0,0.8658970421076515,100,hist_gradient_boosting,0.86589706,0.8227399053322062
483,Ipatasertib,149,0.04054196,0.00010342978,1.0,0.8772243219716018,100,hist_gradient_boosting,0.8772243,0.829595079289395
5219,"5,5-Diphenyl Hydantoin Sodium; Phenytoin (sodium)",140,0.05160951,0.00026609353,0.963497683802064,0.7337531291696819,100,hist_gradient_boosting,0.73375314,0.8663411503740406
6445,"(9E,11E)-16-chloro-17,19-dihydroxy-4-methyl-3,7-dioxatricyclo[13.4.0.06,8]nonadeca-1(15),9,11,16,18-pentaene-2,13-dione; radicicol",188,0.08299365,0.00069752795,0.8461481268524799,0.9146248941653802,100,hist_gradient_boosting,0.91462487,0.8555699119644591
3078,c-Kit-IN-1,143,0.044710416,0.00014609042,0.9892943321809438,0.80726992283353,100,hist_gradient_boosting,0.80726993,0.8290131580500902
321,Saquinavir,151,0.043278635,0.00017492149,0.9946479555715746,0.8618593750362511,100,hist_gradient_boosting,0.8618594,0.832188229744346
3546,5-Aza-2'-deoxycytidine; Decitabine,287,0.10919062,0.053823646,0.7481941022106848,0.887506597693353,100,hist_gradient_boosting,0.8875066,0.8053952376317315
611,Silodosin,135,0.036897227,0.00016414441,1.0,0.9425131923326951,100,hist_gradient_boosting,0.94251317,0.845922181670746
734,Digitoxin,260,0.061888263,0.00089409726,0.925064031946566,0.8677765217566387,100,hist_gradient_boosting,0.8677765,0.8815729595209262
174,Megestrol,153,0.046392545,0.00024812942,0.983004623656764,0.8064782003977693,100,hist_gradient_boosting,0.8064782,0.8660007719640194
5204,Cytarabine (hydrochloride); Cytarabine Hydrochloride,135,0.041847035,0.00013079165,1.0,0.8553371799094496,100,hist_gradient_boosting,0.8553372,0.8706988594723281
1956,Lrrk2-IN-1; XMD-1150,120,0.07572602,0.0004060914,0.8733227813299804,0.9486555862195034,100,hist_gradient_boosting,0.9486556,0.8436439228495828
1829,Sinomenine,143,0.04272854,0.00015931553,0.99670483540101,0.8405394514579436,100,hist_gradient_boosting,0.84053946,0.8750754223303945
6224,"9-(1-Methyl-4-pyrazolyl)-1-[1-(1-oxoprop-2-enyl)-2,3-dihydroindol-6-yl]-2-benzo[h][1,6]naphthyridinone; QL-XII-47",103,0.091103986,0.0006506662,0.8158224803217079,0.8767779612253712,100,hist_gradient_boosting,0.87677795,0.8996124568554746
73,"calcitriol; trans-(1R,3S,5Z)-5-[(2E)-2-[(1S,3aS,7aR)-1-[(2R)-6-hydroxy-6-methylheptan-2-yl]-7a-methyl-2,3,3a,5,6,7-hexahydro-1H-inden-4-ylidene]ethylidene]-4-methylidenecyclohexane-1,3-diol",100,0.11835079,0.025513567,0.7139429839362037,0.8736339547603882,100,hist_gradient_boosting,0.873634,0.883790924737997
5137,Docetaxel (Trihydrate); Docetaxel Trihydrate,136,0.036664996,0.000105826664,1.0,0.942327472366939,100,hist_gradient_boosting,0.9423275,0.8545935808286431
5173,Pralsetinib,144,0.044453952,0.0001173886,0.990253285868173,0.8115751293265666,100,hist_gradient_boosting,0.8115751,0.8381173463094688
2736,AZD-7648; Azd-7648,140,0.044472992,9.863245e-05,0.9901820927252568,0.8112554796639062,100,hist_gradient_boosting,0.81125546,0.8565964069044528
1764,Homoharringtonine; Omacetaxine Mepesuccinate,363,0.05709908,0.0011253675,0.9429714368714892,0.9673914598895887,100,hist_gradient_boosting,0.96739143,0.9225803502352857
5360,"[(6R,7S,8R)-11-Amino-7-methoxy-12-methyl-10,13-dioxo-2,5-diazatetracyclo[7.4.0.02,7.04,6]trideca-1(9),11-dien-8-yl]methyl carbamate; mitomycin-c",139,0.07448131,0.0005981264,0.8779769208740533,0.9544734519524716,100,hist_gradient_boosting,0.95447344,0.8934963043596472
754,Clobetasol Propionate; Clobetasol propionate,144,0.041432895,0.00012369647,1.0,0.8622893266642799,100,hist_gradient_boosting,0.8622893,0.7813508361408472
5205,Riluzole hydrochloride,144,0.05129743,0.00018635577,0.964664593258013,0.6966944372632076,100,hist_gradient_boosting,0.69669443,0.7719696149662162
5194,LY-2584702 (tosylate salt),144,0.042677317,9.657972e-05,0.996896365146787,0.8413993445790554,100,hist_gradient_boosting,0.8413994,0.8324901758744849
5155,Fingolimod (hydrochloride); Fingolimod Hydrochloride,138,0.04471154,0.000106584914,0.9892901293924647,0.8072510346374547,100,hist_gradient_boosting,0.80725104,0.7739353447201518
5517,Diammonium Glycyrrhizinate,144,0.048501976,0.00020016426,0.9751171749879232,0.7436214072302518,100,hist_gradient_boosting,0.7436214,0.8291143841811168
791,Erythromycin,151,0.040735878,0.00019825577,1.0,0.9114665186268862,100,hist_gradient_boosting,0.91146654,0.8771921993627442
5192,"5-((6-([1,1'-biphenyl]-4-yl)-5-chloro-1H-benzo[d]imidazol-2-yl)oxy)-2-methylbenzoic acid; MK-3903",143,0.041990664,0.00010045219,0.9994638538633204,0.8529261221907791,100,hist_gradient_boosting,0.85292614,0.8439193226808515
99,Ibrutinib; ibrutinib,149,0.11938259,0.013496693,0.7100849437649395,0.8575665277152715,100,hist_gradient_boosting,0.85756654,0.7957504287002165
5163,Indacaterol (maleate); Indacaterol maleate,144,0.042954836,0.000272823,0.995858683958292,0.8647692649517947,100,hist_gradient_boosting,0.8647693,0.8275160549227314
4,Quinestrol,144,0.043986626,0.00014854726,0.9920006811783844,0.8194200984351298,100,hist_gradient_boosting,0.8194201,0.8662571678293959
5514,Acetomenaphthone; Vitamin K4,141,0.048855666,0.00016689411,0.9737946800972714,0.7376840632731543,100,hist_gradient_boosting,0.7376841,0.8472828451618746
1555,Glasdegib,137,0.04883077,0.00019790819,0.973887769618597,0.7524924941037484,100,hist_gradient_boosting,0.7524925,0.8692667750148527
5519,Oleic Acid; Oleic acid,138,0.05088583,0.00019110568,0.9662036214945824,0.7036039187011207,100,hist_gradient_boosting,0.7036039,0.8118310695846497
2757,SB-743921; Sb-743921,119,0.09246724,0.00046925925,0.8107250886802689,0.8704059873065493,100,hist_gradient_boosting,0.870406,0.903003872208118
