compound_embedding_row_index,compound_name,n_profiles,actual_predictability,predicted_predictability,normalized_compound_name,clean_smiles,registry_frequency,n_unique_structures,has_valid_structure,structure_name_is_ambiguous
5185,Doxorubicin (hydrochloride); Doxorubicin Hydrochloride; Epirubicin (hydrochloride); Epirubicin Hydrochloride,280,0.9692649,0.95378715,doxorubicin hydrochloride doxorubicin hydrochloride epirubicin hydrochloride epirubicin hydrochloride,COc1cccc2c1C(=O)c1c(O)c3c(c(O)c1C2=O)CC(O)(C(=O)CO)CC3OC1CC(N)C(O)C(C)O1,1,1,True,False
5134,Idarubicin (hydrochloride); Idarubicin Hydrochloride,142,0.9608134,0.95823395,idarubicin hydrochloride idarubicin hydrochloride,CC(=O)C1(O)Cc2c(O)c3c(c(O)c2C(OC2CC(N)C(O)C(C)O2)C1)C(=O)c1ccccc1C3=O,1,1,True,False
5150,Doxycycline (monohydrate); Invertin,139,0.9462695,0.84522074,doxycycline monohydrate invertin,CC1c2cccc(O)c2C(O)=C2C(=O)C3(O)C(O)=C(C(N)=O)C(=O)C(N(C)C)C3C(O)C21,1,1,True,False
5137,Docetaxel (Trihydrate); Docetaxel Trihydrate,136,0.9423275,0.8802825,docetaxel trihydrate docetaxel trihydrate,CC(=O)OC12COC1CC(O)C1(C)C(=O)C(O)C3=C(C)C(OC(=O)C(O)C(NC(=O)OC(C)(C)C)c4ccccc4)CC(O)(C(OC(=O)c4ccccc4)C21)C3(C)C,1,1,True,False
3111,Temuterkib,143,0.9405753,0.8387111,temuterkib,Cn1nccc1Nc1nccc(-c2cc3c(s2)C(C)(C)N(CCN2CCOCC2)C3=O)n1,1,1,True,False
611,Silodosin,135,0.94251317,0.83047104,silodosin,CC(Cc1cc2c(c(C(N)=O)c1)N(CCCO)CC2)NCCOc1ccccc1OCC(F)(F)F,1,1,True,False
2020,Erdafitinib,138,0.9354768,0.79501027,erdafitinib,COc1cc(OC)cc(N(CCNC(C)C)c2ccc3ncc(-c4cnn(C)c4)nc3c2)c1,1,1,True,False
5198,Mitoxantrone (dihydrochloride); Mitoxantrone Hydrochloride,144,0.9232177,0.8775338,mitoxantrone dihydrochloride mitoxantrone hydrochloride,O=C1c2c(O)ccc(O)c2C(=O)c2c(NCCNCCO)ccc(NCCNCCO)c21,1,1,True,False
5181,Simotinib,135,0.91693044,0.8310323,simotinib,COc1cc2ncnc(Nc3ccc(F)c(Cl)c3)c2cc1OCCN1CC2(CC2)C2(C1)OCCO2,1,1,True,False
3445,Bimiralisib,145,0.9161269,0.8428656,bimiralisib,Nc1cc(C(F)(F)F)c(-c2nc(N3CCOCC3)nc(N3CCOCC3)n2)cn1,1,1,True,False
5152,Topotecan (hydrochloride); Topotecan Hydrochloride,142,0.9112504,0.9339174,topotecan hydrochloride topotecan hydrochloride,CCC1(O)C(=O)OCc2c1cc1n(c2=O)Cc2cc3c(CN(C)C)c(O)ccc3nc2-1,1,1,True,False
5536,SBI-0640756; Sbi-756,140,0.9060146,0.8235941,sbi 0640756 sbi 756,O=C(C=Cc1cncc(F)c1)c1c(-c2ccccc2)c2cc(Cl)ccc2[nH]c1=O,1,1,True,False
1089,Pemigatinib,139,0.9033111,0.84198266,pemigatinib,CCN1C(=O)N(c2c(F)c(OC)cc(OC)c2F)Cc2cnc3[nH]c(CN4CCOCC4)cc3c21,1,1,True,False
5512,Entecavir (monohydrate); Entecavir Hydrate,132,0.8993146,0.8242694,entecavir monohydrate entecavir hydrate,C=C1C(CO)C(O)CC1n1cnc2c(=O)[nH]c(N)nc21,1,1,True,False
5531,Cloxacillin (sodium); Cloxacillin Sodium,139,0.8963603,0.83753407,cloxacillin sodium cloxacillin sodium,Cc1onc(-c2ccccc2Cl)c1C(=O)NC1C(=O)N2C1SC(C)(C)C2C(=O)[O-],1,1,True,False
5197,Pyridoxine (hydrochloride); Pyridoxine Hydrochloride,287,0.9014939,0.7695724,pyridoxine hydrochloride pyridoxine hydrochloride,Cc1ncc(CO)c(CO)c1O,1,1,True,False
1770,"1-O-[(2S,3S,6R)-4-methoxy-16,18-dioxa-10-azapentacyclo[11.7.0.02,6.06,10.015,19]icosa-1(20),4,13,15(19)-tetraen-3-yl] 4-O-methyl (2R)-2-hydroxy-2-(3-hydroxy-3-methylbutyl)butanedioate; Harringtonine",147,0.9305912,0.9148472,1 o 2s 3s 6r 4 methoxy 16 18 dioxa 10 azapentacyclo 11 7 0 02 6 06 10 015 19 icosa 1 20 4 13 15 19 tetraen 3 yl 4 o methyl 2r 2 hydroxy 2 3 hydroxy 3 methylbutyl butanedioate harringtonine,COC(=O)C[C@](O)(CCC(C)(C)O)C(=O)O[C@@H]1C(OC)=C[C@]23CCCN2CCc2cc4c(cc2[C@H]13)OCO4,1,1,True,False
5140,Perindopril (erbumine); Perindopril Erbumine,133,0.88946706,0.8321265,perindopril erbumine perindopril erbumine,CCCC(NC(C)C(=O)N1C(C(=O)O)CC2CCCCC21)C(=O)OCC,1,1,True,False
3093,9-ING-41; Elraglusib,142,0.8872303,0.8459056,9 ing 41 elraglusib,Cn1cc(C2=C(c3coc4ccc(F)cc34)C(=O)NC2=O)c2cc3c(cc21)OCO3,1,1,True,False
2136,Hesperidin,144,0.9092332,0.85246503,hesperidin,COc1ccc(C2CC(=O)c3c(O)cc(OC4OC(COC5OC(C)C(O)C(O)C5O)C(O)C(O)C4O)cc3O2)cc1O,1,2,True,True
1831,Rifaximin,136,0.8894597,0.87371004,rifaximin,COC1C=COC2(C)Oc3c(C)c(O)c4c(O)c(c5c(nc6cc(C)ccn65)c4c3C2=O)NC(=O)C(C)=CC=CC(C)C(O)C(C)C(O)C(C)C(OC(C)=O)C1C,1,3,True,True
5147,Estrone sulfate (potassium); Potassium estrone sulfate,142,0.88323045,0.83708274,estrone sulfate potassium potassium estrone sulfate,CC12CCC3c4ccc(OS(=O)(=O)[O-])cc4CCC3C1CCC2=O,1,1,True,False
5239,Fusidic Acid; Fusidic acid,145,0.89369524,0.86506826,fusidic acid fusidic acid,CC(=O)OC1CC2(C)C(CC(O)C3C4(C)CCC(O)C(C)C4CCC32C)C1=C(CCC=C(C)C)C(=O)O,1,1,True,False
5154,Azithromycin (hydrate); Azithromycin Dihydrate,142,0.8825583,0.87054455,azithromycin hydrate azithromycin dihydrate,CCC1OC(=O)C(C)C(OC2CC(C)(OC)C(O)C(C)O2)C(C)C(OC2OC(C)CC(N(C)C)C2O)C(C)(O)CC(C)CN(C)C(C)C(O)C1(C)O,1,1,True,False
5207,Bentamapimod,141,0.88186294,0.81608236,bentamapimod,N#CC(c1ccnc(OCc2ccc(CN3CCOCC3)cc2)n1)c1nc2ccccc2s1,1,1,True,False
643,Glycyrrhizic acid; Glycyrrhizin,140,0.8828218,0.7765407,glycyrrhizic acid glycyrrhizin,CC1(C(=O)O)CCC2(C)CCC3(C)C(=CC(=O)C4C5(C)CCC(OC6OC(C(=O)O)C(O)C(O)C6OC6OC(C(=O)O)C(O)C(O)C6O)C(C)(C)C5CCC43C)C2C1,1,1,True,False
5158,Procainamide (hydrochloride); Procainamide Hydrochloride,131,0.87989867,0.79075444,procainamide hydrochloride procainamide hydrochloride,CCN(CC)CCNC(=O)c1ccc(N)cc1,1,1,True,False
5212,Lenalidomide (hemihydrate); Lenalidomide hemihydrate,143,0.8786467,0.8445713,lenalidomide hemihydrate lenalidomide hemihydrate,Nc1cccc2c1CN(C1CCC(=O)NC1=O)C2=O,1,1,True,False
5164,Daraxonrasib; RMC-6236,143,0.8781251,0.85909414,daraxonrasib rmc 6236,CCn1c(-c2cc(N3CCN(C)CC3)cnc2C(C)OC)c2c3cc(ccc31)-c1csc(n1)CC(NC(=O)C1CC1C)C(=O)N1CCCC(N1)C(=O)OCC(C)(C)C2,1,1,True,False
5328,Demeclocycline,150,0.90251946,0.8476006,demeclocycline,CN(C)C1C(=O)C(C(N)=O)=C(O)C2(O)C(=O)C3=C(O)c4c(O)ccc(Cl)c4C(O)C3CC12,1,3,True,True
483,Ipatasertib,149,0.8772243,0.88112056,ipatasertib,CC(C)NCC(C(=O)N1CCN(c2ncnc3c2C(C)CC3O)CC1)c1ccc(Cl)cc1,1,1,True,False
5259,Thymopentin,135,0.8763238,0.8254592,thymopentin,CC(C)C(NC(=O)C(CC(=O)O)NC(=O)C(CCCCN)NC(=O)C(N)CCCN=C(N)N)C(=O)NC(Cc1ccc(O)cc1)C(=O)O,1,1,True,False
5132,Almonertinib (hydrochloride); HS-10296 hydrochloride,145,0.8748596,0.83857286,almonertinib hydrochloride hs 10296 hydrochloride,C=CC(=O)Nc1cc(Nc2nccc(-c3cn(C4CC4)c4ccccc34)n2)c(OC)cc1N(C)CCN(C)C,1,1,True,False
791,Erythromycin,151,0.91146654,0.8667738,erythromycin,CCC1OC(=O)C(C)C(OC2CC(C)(OC)C(O)C(C)O2)C(C)C(OC2OC(C)CC(N(C)C)C2O)C(C)(O)CC(C)C(=O)C(C)C(O)C1(C)O,1,2,True,True
5280,Artenimol; Dihydroartemisinin,143,0.87492764,0.838896,artenimol dihydroartemisinin,CC1CCC2C(C)C(O)OC3OC4(C)CCC1C32OO4,1,1,True,False
5524,Gamma-Oryzanol; γ-Oryzanol,138,0.8721241,0.8592623,gamma oryzanol oryzanol,COc1cc(/C=C/C(=O)O[C@H]2CC[C@]34C[C@]35CC[C@]3(C)[C@@H]([C@H](C)CCC=C(C)C)CC[C@@]3(C)[C@@H]5CC[C@H]4C2(C)C)ccc1O,1,1,True,False
5217,Pitavastatin (Calcium); Pitavastatin Calcium,142,0.8718446,0.87050027,pitavastatin calcium pitavastatin calcium,O=C([O-])C[C@H](O)C[C@H](O)/C=C/c1c(C2CC2)nc2ccccc2c1-c1ccc(F)cc1,1,1,True,False
5539,Talc,140,0.8715635,0.7925254,talc,[O-][Si]12O[Si]3([O-])O[Si]([O-])(O1)O[Si]([O-])(O2)O3,1,1,True,False
5515,"2-((4-Acetylphenyl)hydrazinylidene)-2-(3,3-dimethyl-4H-isoquinolin-1-yl)acetamide; IQ 1",140,0.8714708,0.8230459,2 4 acetylphenyl hydrazinylidene 2 3 3 dimethyl 4h isoquinolin 1 yl acetamide iq 1,CC(=O)c1ccc(NN=C(C(N)=O)C2=NC(C)(C)Cc3ccccc32)cc1,1,1,True,False
2355,Pentagastrin,144,0.8693181,0.82211524,pentagastrin,CSCCC(NC(=O)C(Cc1c[nH]c2ccccc12)NC(=O)CCNC(=O)OC(C)(C)C)C(=O)NC(CC(=O)O)C(=O)NC(Cc1ccccc1)C(N)=O,1,1,True,False
2709,Tucatinib,142,0.86758846,0.8006064,tucatinib,Cc1cc(Nc2ncnc3ccc(NC4=NC(C)(C)CO4)cc23)ccc1Oc1ccn2ncnc2c1,1,1,True,False
5190,MK-8353; Mk-8353,135,0.8671154,0.809574,mk 8353 mk 8353,CSC1(C(=O)Nc2ccc3[nH]nc(-c4ccc(OC(C)C)nc4)c3c2)CCN(CC(=O)N2CC=C(c3ccc(-c4ncn(C)n4)cc3)CC2)C1,1,1,True,False
5143,Belumosudil (mesylate),278,0.86589706,0.80822086,belumosudil mesylate,CC(C)NC(=O)COc1cccc(-c2nc(Nc3ccc4[nH]ncc4c3)c3ccccc3n2)c1,1,1,True,False
4050,Hydroxyfasudil; hydroxyfasudil,145,0.8838426,0.81584454,hydroxyfasudil hydroxyfasudil,O=S(=O)(c1cccc2c(O)nccc12)N1CCCNCC1,1,1,True,False
430,Ixazomib citrate,143,0.86466056,0.85947096,ixazomib citrate,CC(C)CC(NC(=O)CNC(=O)c1cc(Cl)ccc1Cl)B1OC(=O)C(CC(=O)O)(CC(=O)O)O1,1,1,True,False
1061,Lucanthone,140,0.8625444,0.8200696,lucanthone,CCN(CC)CCNc1ccc(C)c2sc3ccccc3c(=O)c12,1,1,True,False
754,Clobetasol Propionate; Clobetasol propionate,144,0.8622893,0.8598217,clobetasol propionate clobetasol propionate,CCC(=O)OC1(C(=O)CCl)C(C)CC2C3CCC4=CC(=O)C=CC4(C)C3(F)C(O)CC21C,1,1,True,False
1545,Tadalafil,137,0.8723772,0.8421849,tadalafil,CN1CC(=O)N2C(Cc3c([nH]c4ccccc34)C2c2ccc3c(c2)OCO3)C1=O,1,1,True,False
5195,"(1S)-1,5-Anhydro-1-(3-((5-(4-fluorophenyl)-2-thienyl)methyl)-4-methylphenyl)-D-glucitol hemihydrate; Canagliflozin (hemihydrate)",142,0.86048895,0.82471025,1s 1 5 anhydro 1 3 5 4 fluorophenyl 2 thienyl methyl 4 methylphenyl d glucitol hemihydrate canagliflozin hemihydrate,Cc1ccc([C@@H]2O[C@H](CO)[C@@H](O)[C@H](O)[C@H]2O)cc1Cc1ccc(-c2ccc(F)cc2)s1,1,1,True,False
2240,"Naproxen, (-)-; naproxen",151,0.90375465,0.8054215,naproxen naproxen,COc1ccc2cc([C@@H](C)C(=O)O)ccc2c1,1,1,True,False
5142,Imiquimod (maleate); Imiquimod maleate,136,0.85977626,0.8184687,imiquimod maleate imiquimod maleate,CC(C)Cn1cnc2c(N)nc3ccccc3c21,1,1,True,False
5206,"CP21R7; Iron oxide, spent",139,0.8591814,0.82420415,cp21r7 iron oxide spent,Cn1cc(C2=C(c3cccc(N)c3)C(=O)NC2=O)c2ccccc21,1,1,True,False
428,Bestatin; Ubenimex,142,0.8926362,0.7538629,bestatin ubenimex,CC(C)CC(NC(=O)C(O)C(N)Cc1ccccc1)C(=O)O,1,1,True,False
1666,Capmatinib,141,0.8583416,0.76662666,capmatinib,CNC(=O)c1ccc(-c2cnc3ncc(Cc4ccc5ncccc5c4)n3n2)cc1F,1,1,True,False
2349,Belzutifan,140,0.85610604,0.8269743,belzutifan,CS(=O)(=O)c1ccc(Oc2cc(F)cc(C#N)c2)c2c1C(O)C(F)C2F,1,1,True,False
1784,Eplerenone; eplerenone,138,0.88574797,0.85905063,eplerenone eplerenone,COC(=O)[C@@H]1CC2=CC(=O)CC[C@]2(C)[C@@]23O[C@@H]2C[C@@]2(C)[C@@H](CC[C@@]24CCC(=O)O4)[C@H]13,1,1,True,False
5186,Bosentan (hydrate); Bosentan Monohydrate,147,0.8941879,0.81576806,bosentan hydrate bosentan monohydrate,COc1ccccc1Oc1c(NS(=O)(=O)c2ccc(C(C)(C)C)cc2)nc(-c2ncccn2)nc1OCCO,1,1,True,False
5204,Cytarabine (hydrochloride); Cytarabine Hydrochloride,135,0.8553372,0.8564699,cytarabine hydrochloride cytarabine hydrochloride,Nc1ccn(C2OC(CO)C(O)C2O)c(=O)n1,1,1,True,False
155,Tirabrutinib,139,0.8552359,0.77566606,tirabrutinib,CC#CC(=O)N1CCC(n2c(=O)n(-c3ccc(Oc4ccccc4)cc3)c3c(N)ncnc32)C1,1,1,True,False
2574,APTO-253; Apto-253,140,0.8543701,0.8441105,apto 253 apto 253,Cc1[nH]c2ccc(F)cc2c1-c1nc2c3cccnc3c3ncccc3c2[nH]1,1,1,True,False
1888,Relugolix,138,0.85335916,0.82445383,relugolix,CONC(=O)Nc1ccc(-c2sc3c(c2CN(C)C)c(=O)n(-c2ccc(OC)nn2)c(=O)n3Cc2c(F)cccc2F)cc1,1,1,True,False
5214,"(S)-N-(1-cyclopropyl-2,2,2-trifluoroethyl)-4-(6-(4-fluorophenyl)pyrazolo[1,5-a]pyrimidin-3-yl)thiophene-2-carboxamide; ULK-101",141,0.8530954,0.8203455,s n 1 cyclopropyl 2 2 2 trifluoroethyl 4 6 4 fluorophenyl pyrazolo 1 5 a pyrimidin 3 yl thiophene 2 carboxamide ulk 101,O=C(NC(C1CC1)C(F)(F)F)c1cc(-c2cnn3cc(-c4ccc(F)cc4)cnc23)cs1,1,1,True,False
5131,Almonertinib (mesylate); Almonertinib mesylate,139,0.85303855,0.8351839,almonertinib mesylate almonertinib mesylate,C=CC(=O)Nc1cc(Nc2nccc(-c3cn(C4CC4)c4ccccc34)n2)c(OC)cc1N(C)CCN(C)C,1,1,True,False
5192,"5-((6-([1,1'-biphenyl]-4-yl)-5-chloro-1H-benzo[d]imidazol-2-yl)oxy)-2-methylbenzoic acid; MK-3903",143,0.85292614,0.794155,5 6 1 1 biphenyl 4 yl 5 chloro 1h benzo d imidazol 2 yl oxy 2 methylbenzoic acid mk 3903,Cc1ccc(Oc2nc3cc(-c4ccc(-c5ccccc5)cc4)c(Cl)cc3[nH]2)cc1C(=O)O,1,1,True,False
2711,"(R)-9-(4-(1-aminopropan-2-yl)phenyl)-8-hydroxy-6-methylthieno[2,3-c]quinolin-4(5H)-one; OTS514",143,0.8505331,0.8183939,r 9 4 1 aminopropan 2 yl phenyl 8 hydroxy 6 methylthieno 2 3 c quinolin 4 5h one ots514,Cc1cc(O)c(-c2ccc(C(C)CN)cc2)c2c1[nH]c(=O)c1sccc12,1,1,True,False
5130,Osimertinib (mesylate); Osimertinib Mesylate,140,0.8496705,0.8363001,osimertinib mesylate osimertinib mesylate,C=CC(=O)Nc1cc(Nc2nccc(-c3cn(C)c4ccccc34)n2)c(OC)cc1N(C)CCN(C)C,1,1,True,False
5210,Niclosamide (olamine); Niclosamide ethanolamine salt,139,0.847096,0.8642025,niclosamide olamine niclosamide ethanolamine salt,O=C(Nc1ccc([N+](=O)[O-])cc1Cl)c1cc(Cl)ccc1O,1,1,True,False
241,Medroxyprogesterone Acetate; Medroxyprogesterone acetate,146,0.84973824,0.8306762,medroxyprogesterone acetate medroxyprogesterone acetate,CC(=O)OC1(C(C)=O)CCC2C3CC(C)C4=CC(=O)CCC4(C)C3CCC21C,1,1,True,False
5518,Ouabain (Octahydrate); Ouabain Octahydrate,144,0.8443279,0.92344177,ouabain octahydrate ouabain octahydrate,CC1OC(OC2CC(O)C3(CO)C4C(O)CC5(C)C(C6=CC(=O)OC6)CCC5(O)C4CCC3(O)C2)C(O)C(O)C1O,1,1,True,False
5160,Dorzolamide (hydrochloride); Dorzolamide Hydrochloride,138,0.8433381,0.8163412,dorzolamide hydrochloride dorzolamide hydrochloride,CCNC1CC(C)S(=O)(=O)c2sc(S(N)(=O)=O)cc21,1,1,True,False
2504,"(2R)-2-methyl-6-nitro-2-[[4-[4-[4-(trifluoromethoxy)phenoxy]piperidin-1-yl]phenoxy]methyl]-3H-imidazo[2,1-b][1,3]oxazole; Delamanid",142,0.8430782,0.8244734,2r 2 methyl 6 nitro 2 4 4 4 trifluoromethoxy phenoxy piperidin 1 yl phenoxy methyl 3h imidazo 2 1 b 1 3 oxazole delamanid,C[C@]1(COc2ccc(N3CCC(Oc4ccc(OC(F)(F)F)cc4)CC3)cc2)Cn2cc([N+](=O)[O-])nc2O1,1,1,True,False
1590,AZD2858; Azd2858,140,0.84309596,0.8219843,azd2858 azd2858,CN1CCN(S(=O)(=O)c2ccc(-c3cnc(N)c(C(=O)Nc4cccnc4)n3)cc2)CC1,1,1,True,False
5194,LY-2584702 (tosylate salt),144,0.8413994,0.8074458,ly 2584702 tosylate salt,Cn1cc(-c2ccc(F)c(C(F)(F)F)c2)nc1C1CCN(c2ncnc3[nH]ncc23)CC1,1,1,True,False
1829,Sinomenine,143,0.84053946,0.84448564,sinomenine,COC1=CC2C3Cc4ccc(OC)c(O)c4C2(CCN3C)CC1=O,1,1,True,False
5199,Clonidine (hydrochloride); Clonidine Hydrochloride,142,0.8392674,0.7931368,clonidine hydrochloride clonidine hydrochloride,Clc1cccc(Cl)c1NC1=NCCN1,1,1,True,False
581,Ritonavir; ritonavir,146,0.862085,0.8103862,ritonavir ritonavir,CC(C)c1nc(CN(C)C(=O)N[C@H](C(=O)N[C@@H](Cc2ccccc2)C[C@H](O)[C@H](Cc2ccccc2)NC(=O)OCc2cncs2)C(C)C)cs1,1,1,True,False
5163,Indacaterol (maleate); Indacaterol maleate,144,0.8647693,0.83622074,indacaterol maleate indacaterol maleate,CCc1cc2c(cc1CC)CC(NCC(O)c1ccc(O)c3[nH]c(=O)ccc13)C2,1,1,True,False
5144,Benproperine (phosphate); Benproperine Phosphate,134,0.83605826,0.80784166,benproperine phosphate benproperine phosphate,CC(COc1ccccc1Cc1ccccc1)N1CCCCC1,1,1,True,False
5135,Goserelin (acetate); Goserelin Acetate,142,0.8358116,0.83788997,goserelin acetate goserelin acetate,CC(C)CC(NC(=O)C(COC(C)(C)C)NC(=O)C(Cc1ccc(O)cc1)NC(=O)C(CO)NC(=O)C(Cc1c[nH]c2ccccc12)NC(=O)C(Cc1cnc[nH]1)NC(=O)C1CCC(=O)N1)C(=O)NC(CCCN=C(N)N)C(=O)N1CCCC1C(=O)NNC(N)=O,1,1,True,False
5183,Omeprazole (sodium),288,0.86630696,0.8318329,omeprazole sodium,COc1ccc2nc(S(=O)Cc3ncc(C)c(OC)c3C)[n-]c2c1,1,1,True,False
4066,BI-78D3,151,0.8854663,0.8108862,bi 78d3,O=[N+]([O-])c1cnc(Sc2nnc(O)n2-c2ccc3c(c2)OCCO3)s1,1,2,True,True
585,AZD1390; Azd-1390,141,0.83405215,0.8296882,azd1390 azd 1390,CC(C)n1c(=O)n(C)c2cnc3cc(F)c(-c4ccc(OCCCN5CCCCC5)nc4)cc3c21,1,1,True,False
5128,Bisoprolol (hemifumarate),139,0.83267796,0.80654395,bisoprolol hemifumarate,CC(C)NCC(O)COc1ccc(COCCOC(C)C)cc1,1,1,True,False
5165,"(E)-3-(3-chlorophenyl)-N-(2-((1,1-dioxidotetrahydro-2H-thiopyran-4-yl)(methyl)amino)-2-oxoethyl)acrylamide; ML264",143,0.83159965,0.81555176,e 3 3 chlorophenyl n 2 1 1 dioxidotetrahydro 2h thiopyran 4 yl methyl amino 2 oxoethyl acrylamide ml264,CN(C(=O)CNC(=O)C=Cc1cccc(Cl)c1)C1CCS(=O)(=O)CC1,1,1,True,False
321,Saquinavir,151,0.8618594,0.83607185,saquinavir,CC(C)(C)NC(=O)C1CC2CCCCC2CN1CC(O)C(Cc1ccccc1)NC(=O)C(CC(N)=O)NC(=O)c1ccc2ccccc2n1,1,3,True,True
5157,Lidocaine (hydrochloride); Lidocaine Hydrochloride,144,0.8302609,0.78395736,lidocaine hydrochloride lidocaine hydrochloride,CCN(CC)CC(=O)Nc1c(C)cccc1C,1,1,True,False
4096,Daidzin,139,0.8297838,0.849844,daidzin,O=c1c(-c2ccc(O)cc2)coc2cc(OC3OC(CO)C(O)C(O)C3O)ccc12,1,1,True,False
5528,"Benzo(g)-1,3-benzodioxolo(5,6-a)quinolizinium, 5,6-dihydro-9,10-dimethoxy-, chloride, monohydrate; Berberine (chloride hydrate)",143,0.82956,0.8141939,benzo g 1 3 benzodioxolo 5 6 a quinolizinium 5 6 dihydro 9 10 dimethoxy chloride monohydrate berberine chloride hydrate,COc1ccc2cc3[n+](cc2c1OC)CCc1cc2c(cc1-3)OCO2,1,1,True,False
5530,S-Adenosyl-L-methionine (disulfate tosylate),144,0.8292305,0.8101083,s adenosyl l methionine disulfate tosylate,C[S+](CCC(N)C(=O)O)CC1OC(n2cnc3c(N)ncnc32)C(O)C1O,1,1,True,False
3760,Larotrectinib,144,0.8264183,0.8233882,larotrectinib,O=C(Nc1cnn2ccc(N3CCCC3c3cc(F)ccc3F)nc12)N1CCC(O)C1,1,1,True,False
4076,"5-Fluorouracil; 5-fluoro-1H-pyrimidine-2,4-dione",140,0.82376647,0.7892182,5 fluorouracil 5 fluoro 1h pyrimidine 2 4 dione,O=c1[nH]c(O)ncc1F,1,1,True,False
1838,2-[(E)-[5-methoxy-1-[4-(trifluoromethyl)phenyl]pentylidene]amino]oxyethanamine; Fluvoxamine,149,0.88307464,0.80665696,2 e 5 methoxy 1 4 trifluoromethyl phenyl pentylidene amino oxyethanamine fluvoxamine,COCCCC/C(=N\OCCN)c1ccc(C(F)(F)F)cc1,1,1,True,False
5146,"2-Pyridinamine, 3-((1R)-1-(2,6-dichloro-3-fluorophenyl)ethoxy)-5-(1-(4-piperidinyl)-1H-pyrazol-4-yl)-, hydrochloride (1:1); Crizotinib (hydrochloride)",143,0.8234211,0.8692954,2 pyridinamine 3 1r 1 2 6 dichloro 3 fluorophenyl ethoxy 5 1 4 piperidinyl 1h pyrazol 4 yl hydrochloride 1 1 crizotinib hydrochloride,CC(Oc1cc(-c2cnn(C3CCNCC3)c2)cnc1N)c1c(Cl)ccc(F)c1Cl,1,1,True,False
5526,2-chloro-10-(4-methoxybenzoyl)-10H-phenothiazine; Tubulin inhibitor 6,138,0.8206123,0.8289014,2 chloro 10 4 methoxybenzoyl 10h phenothiazine tubulin inhibitor 6,COc1ccc(C(=O)N2c3ccccc3Sc3ccc(Cl)cc32)cc1,1,1,True,False
4,Quinestrol,144,0.8194201,0.85973275,quinestrol,C#CC1(O)CCC2C3CCc4cc(OC5CCCC5)ccc4C3CCC21C,1,1,True,False
5532,"2-((3,4-Bis((4-fluorobenzyl)oxy)benzyl)amino)ethanol hydrochloride; XRK3F2",142,0.8181305,0.8060144,2 3 4 bis 4 fluorobenzyl oxy benzyl amino ethanol hydrochloride xrk3f2,OCCNCc1ccc(OCc2ccc(F)cc2)c(OCc2ccc(F)cc2)c1,1,1,True,False
5533,L-Thyroxine (sodium salt pentahydrate); Levothyroxine sodium pentahydrate,142,0.8179826,0.81351155,l thyroxine sodium salt pentahydrate levothyroxine sodium pentahydrate,NC(Cc1cc(I)c(Oc2cc(I)c(O)c(I)c2)c(I)c1)C(=O)[O-],1,1,True,False
5216,Larotrectinib Sulfate; Larotrectinib sulfate,138,0.8174871,0.82723874,larotrectinib sulfate larotrectinib sulfate,O=C(Nc1cnn2ccc(N3CCCC3c3cc(F)ccc3F)nc12)N1CCC(O)C1,1,1,True,False
5139,Ralimetinib Mesylate; Ralimetinib dimesylate,142,0.8174801,0.81798047,ralimetinib mesylate ralimetinib dimesylate,CC(C)(C)Cn1c(N)nc2ccc(-c3[nH]c(C(C)(C)C)nc3-c3ccc(F)cc3)nc21,1,1,True,False
1834,Artemether,139,0.8171311,0.8618067,artemether,COC1OC2OC3(C)CCC4C(C)CCC(C1C)C24OO3,1,2,True,True
5151,Pravastatin (sodium); Pravastatin Sodium,140,0.81579906,0.8539461,pravastatin sodium pravastatin sodium,CCC(C)C(=O)OC1CC(O)C=C2C=CC(C)C(CCC(O)CC(O)CC(=O)[O-])C21,1,1,True,False
721,Methylprednisolone Succinate; Methylprednisolone succinate,137,0.8157657,0.85174733,methylprednisolone succinate methylprednisolone succinate,CC1CC2C(C(O)CC3(C)C2CCC3(O)C(=O)COC(=O)CCC(=O)O)C2(C)C=CC(=O)C=C12,1,1,True,False
635,Voriconazole,140,0.8284961,0.8331844,voriconazole,CC(c1ncncc1F)C(O)(Cn1cncn1)c1ccc(F)cc1F,1,1,True,False
2900,Radotinib,141,0.81430966,0.7855791,radotinib,Cc1cn(-c2cc(NC(=O)c3ccc(C)c(Nc4nccc(-c5cnccn5)n4)c3)cc(C(F)(F)F)c2)cn1,1,1,True,False
5527,(+)-Isocorydine; Isocorydine,146,0.82621104,0.8431541,isocorydine isocorydine,COc1ccc2c(c1O)-c1c(OC)c(OC)cc3c1C(C2)N(C)CC3,1,1,True,False
847,Orlistat,149,0.8676744,0.82851154,orlistat,CCCCCCCCCCCC(CC1OC(=O)C1CCCCCC)OC(=O)C(CC(C)C)NC=O,1,1,True,False
322,Finasteride,150,0.8853915,0.848673,finasteride,CC(C)(C)NC(=O)C1CCC2C3CCC4NC(=O)C=CC4(C)C3CCC12C,1,3,True,True
5148,Tofacitinib (citrate); Tofacitinib Citrate,141,0.81183475,0.8410058,tofacitinib citrate tofacitinib citrate,CC1CCN(C(=O)CC#N)CC1N(C)c1ncnc2[nH]ccc12,1,1,True,False
5173,Pralsetinib,144,0.8115751,0.81336784,pralsetinib,COC1(C(=O)NC(C)c2ccc(-n3cc(F)cn3)nc2)CCC(c2nc(C)cc(Nc3cc(C)[nH]n3)n2)CC1,1,1,True,False
2736,AZD-7648; Azd-7648,140,0.81125546,0.82295007,azd 7648 azd 7648,Cc1cc2ncnn2cc1Nc1ncc2c(n1)n(C1CCOCC1)c(=O)n2C,1,1,True,False
767,Posaconazole,137,0.80956024,0.8255237,posaconazole,CCC(C(C)O)n1ncn(-c2ccc(N3CCN(c4ccc(OCC5COC(Cn6cncn6)(c6ccc(F)cc6F)C5)cc4)CC3)cc2)c1=O,1,1,True,False
732,Elimusertib; Elimusertib hydrochloride,144,0.8077423,0.8110095,elimusertib elimusertib hydrochloride,CC1COCCN1c1cc(-c2ccnn2C)c2ccnc(-c3ccn[nH]3)c2n1,1,1,True,False
5129,Adagrasib,142,0.8133906,0.8427909,adagrasib,C=C(F)C(=O)N1CCN(c2nc(OCC3CCCN3C)nc3c2CCN(c2cccc4cccc(Cl)c24)C3)CC1CC#N,1,1,True,False
3078,c-Kit-IN-1,143,0.80726993,0.81444204,c kit in 1,Cn1cc(-c2cc(Oc3cc(F)c(NC(=O)C4(C(=O)Nc5ccccc5)CC4)cc3F)ccn2)cn1,1,1,True,False
5155,Fingolimod (hydrochloride); Fingolimod Hydrochloride,138,0.80725104,0.78712165,fingolimod hydrochloride fingolimod hydrochloride,CCCCCCCCc1ccc(CCC(N)(CO)CO)cc1,1,1,True,False
3294,BAY1125976; Bay-1125976,143,0.80660605,0.8193761,bay1125976 bay 1125976,NC(=O)c1ccc2nc(-c3ccc(C4(N)CCC4)cc3)c(-c3ccccc3)n2n1,1,1,True,False
3558,Adenine,143,0.80488324,0.7832371,adenine,Nc1ncnc2nc[nH]c12,1,1,True,False
5523,Methyl Aminolevulinate Hydrochloride; Methyl aminolevulinate (hydrochloride),138,0.8046736,0.76713103,methyl aminolevulinate hydrochloride methyl aminolevulinate hydrochloride,COC(=O)CCC(=O)CN,1,1,True,False
2701,Tomivosertib,139,0.8044332,0.83272374,tomivosertib,Cc1cc(Nc2cc(N)ncn2)c(=O)n2c1C(=O)NC21CCCCC1,1,1,True,False
5287,Daptomycin,138,0.8037075,0.84377897,daptomycin,CCCCCCCCCC(=O)NC(Cc1c[nH]c2ccccc12)C(=O)NC(CC(N)=O)C(=O)NC(CC(=O)O)C(=O)NC1C(=O)NCC(=O)NC(CCCN)C(=O)NC(CC(=O)O)C(=O)NC(C)C(=O)NC(CC(=O)O)C(=O)NCC(=O)NC(CO)C(=O)NC(C(C)CC(=O)O)C(=O)NC(CC(=O)c2ccccc2N)C(=O)OC1C,1,1,True,False
5522,Benztropine (mesylate); Benztropine mesylate,137,0.8034648,0.81149054,benztropine mesylate benztropine mesylate,CN1C2CCC1CC(OC(c1ccccc1)c1ccccc1)C2,1,1,True,False
1846,Aliskiren,148,0.8260492,0.8336468,aliskiren,COCCCOc1cc(CC(CC(N)C(O)CC(C(=O)NCC(C)(C)C(N)=O)C(C)C)C(C)C)ccc1OC,1,1,True,False
243,Abiraterone Acetate; Abiraterone acetate,143,0.80993634,0.845164,abiraterone acetate abiraterone acetate,CC(=O)OC1CCC2(C)C(=CCC3C2CCC2(C)C(c4cccnc4)=CCC32)C1,1,1,True,False
5153,Vinblastine (sulfate); Vinblastine Sulfate,143,0.8012332,0.8721429,vinblastine sulfate vinblastine sulfate,CCC1(O)CC2CN(CCc3c([nH]c4ccccc34)C(C(=O)OC)(c3cc4c(cc3OC)N(C)C3C(O)(C(=O)OC)C(OC(C)=O)C5(CC)C=CCN6CCC43C65)C2)C1,1,1,True,False
3315,Capivasertib,141,0.8009638,0.85991824,capivasertib,NC1(C(=O)NC(CCO)c2ccc(Cl)cc2)CCN(c2ncnc3[nH]ccc23)CC1,1,1,True,False
97,Futibatinib,143,0.80062354,0.8215499,futibatinib,C=CC(=O)N1CCC(n2nc(C#Cc3cc(OC)cc(OC)c3)c3c(N)ncnc32)C1,1,1,True,False
5202,L-Eflornithine (monohydrochloride),140,0.80058485,0.8020544,l eflornithine monohydrochloride,NCCCC(N)(C(=O)O)C(F)F,1,1,True,False
5187,Lapatinib Ditosylate; Lapatinib ditosylate,138,0.80045336,0.80226374,lapatinib ditosylate lapatinib ditosylate,CS(=O)(=O)CCNCc1ccc(-c2ccc3ncnc(Nc4ccc(OCc5cccc(F)c5)c(Cl)c4)c3c2)o1,1,1,True,False
5521,"2-Naphthacenecarboxamide, 4-(dimethylamino)-1,4,4a,5,5a,6,11,12a-octahydro-3,6,10,12,12a-pentahydroxy-6-methyl-1,11-dioxo-, hydrochloride (1:1), (4S,4aS,5aS,6S,12aS)-; Tetracycline (hydrochloride)",136,0.8002238,0.90303075,2 naphthacenecarboxamide 4 dimethylamino 1 4 4a 5 5a 6 11 12a octahydro 3 6 10 12 12a pentahydroxy 6 methyl 1 11 dioxo hydrochloride 1 1 4s 4as 5as 6s 12as tetracycline hydrochloride,CN(C)C1C(=O)C(C(N)=O)=C(O)C2(O)C(=O)C3=C(O)c4c(O)cccc4C(C)(O)C3CC12,1,1,True,False
5174,Fluvoxamine (maleate); Fluvoxamine Maleate,145,0.79909474,0.84305334,fluvoxamine maleate fluvoxamine maleate,COCCCCC(=NOCCN)c1ccc(C(F)(F)F)cc1,1,1,True,False
5193,5-((6-chloro-5-(1-methylindol-5-yl)-1H-benzimidazol-2-yl)oxy)-2-methylbenzoic acid; EX229,145,0.7987959,0.81234676,5 6 chloro 5 1 methylindol 5 yl 1h benzimidazol 2 yl oxy 2 methylbenzoic acid ex229,Cc1ccc(Oc2nc3cc(-c4ccc5c(ccn5C)c4)c(Cl)cc3[nH]2)cc1C(=O)O,1,1,True,False
5535,Gallic acid (hydrate); Gallic acid monohydrate,291,0.7970027,0.76850575,gallic acid hydrate gallic acid monohydrate,O=C(O)c1cc(O)c(O)c(O)c1,1,1,True,False
5411,Ligustrazine; Tetramethylpyrazine,138,0.7970364,0.7680203,ligustrazine tetramethylpyrazine,Cc1nc(C)c(C)nc1C,1,1,True,False
5136,Pasireotide (acetate); Pasireotide acetate,146,0.81977946,0.8379072,pasireotide acetate pasireotide acetate,NCCCCC1NC(=O)C(Cc2c[nH]c3ccccc23)NC(=O)C(c2ccccc2)NC(=O)C2CC(OC(=O)NCCN)CN2C(=O)C(Cc2ccccc2)NC(=O)C(Cc2ccc(OCc3ccccc3)cc2)NC1=O,1,1,True,False
4178,Vilanterol,144,0.7963124,0.81276816,vilanterol,OCc1cc(C(O)CNCCCCCCOCCOCc2c(Cl)cccc2Cl)ccc1O,1,1,True,False
4777,bergenin,145,0.811602,0.85537446,bergenin,COc1c(O)cc2c(c1O)[C@H]1O[C@H](CO)[C@@H](O)[C@H](O)[C@@H]1OC2=O,1,1,True,False
1338,Pimitespib,140,0.79340094,0.8197135,pimitespib,CCc1cc(C(N)=O)ccc1-n1nc(C(C)C)c2c(-n3cnc(-c4cnn(C)c4)c3)ccnc21,1,1,True,False
5175,Fostamatinib (disodium hexahydrate),135,0.7923059,0.8416201,fostamatinib disodium hexahydrate,COc1cc(Nc2ncc(F)c(Nc3ccc4c(n3)N(COP(=O)([O-])[O-])C(=O)C(C)(C)O4)n2)cc(OC)c1OC,1,1,True,False
609,Captopril,146,0.8096722,0.79922837,captopril,CC(CS)C(=O)N1CCCC1C(=O)O,1,2,True,True
5159,NG-25; NG25,144,0.7918529,0.7966267,ng 25 ng25,CCN1CCN(Cc2ccc(NC(=O)c3ccc(C)c(Oc4ccnc5[nH]ccc45)c3)cc2C(F)(F)F)CC1,1,1,True,False
5149,Rutin (trihydrate); Rutin trihydrate,138,0.79171556,0.85180455,rutin trihydrate rutin trihydrate,CC1OC(OCC2OC(Oc3c(-c4ccc(O)c(O)c4)oc4cc(O)cc(O)c4c3=O)C(O)C(O)C2O)C(O)C(O)C1O,1,1,True,False
5172,Atazanavir (sulfate); Atazanavir Sulfate,142,0.79165,0.8404261,atazanavir sulfate atazanavir sulfate,COC(=O)NC(C(=O)NC(Cc1ccccc1)C(O)CN(Cc1ccc(-c2ccccn2)cc1)NC(=O)C(NC(=O)OC)C(C)(C)C)C(C)(C)C,1,1,True,False
5538,"DT-061; N-((1R,2R,3S)-2-Hydroxy-3-(10H-phenoxazin-10-yl)cyclohexyl)-4-(trifluoromethoxy)benzenesulfonamide",141,0.79149735,0.8323492,dt 061 n 1r 2r 3s 2 hydroxy 3 10h phenoxazin 10 yl cyclohexyl 4 trifluoromethoxy benzenesulfonamide,O=S(=O)(NC1CCCC(N2c3ccccc3Oc3ccccc32)C1O)c1ccc(OC(F)(F)F)cc1,1,1,True,False
5401,Methylthiouracil,134,0.79069555,0.7784234,methylthiouracil,Cc1cc(=O)[nH]c(=S)[nH]1,1,1,True,False
5191,Rimonabant (Hydrochloride); Rimonabant Hydrochloride,279,0.7938669,0.8117439,rimonabant hydrochloride rimonabant hydrochloride,Cc1c(C(=O)NN2CCCCC2)nn(-c2ccc(Cl)cc2Cl)c1-c1ccc(Cl)cc1,1,1,True,False
4155,Arbutin,137,0.79028815,0.8246474,arbutin,OCC1OC(Oc2ccc(O)cc2)C(O)C(O)C1O,1,2,True,True
1571,3-(4-Methylpiperazine-1-carbonyl)-7-oxabicyclo(2.2.1)heptane-2-carboxylic acid; LB-100,130,0.78893524,0.833268,3 4 methylpiperazine 1 carbonyl 7 oxabicyclo 2 2 1 heptane 2 carboxylic acid lb 100,CN1CCN(C(=O)C2C3CCC(O3)C2C(=O)O)CC1,1,1,True,False
3188,ETC-206; Tinodasertib,135,0.7837977,0.8333763,etc 206 tinodasertib,N#Cc1ccc(-c2cnc3ccc(-c4ccc(C(=O)N5CCOCC5)cc4)cn23)cc1,1,1,True,False
2243,Cepharanthine,154,0.84479606,0.80671465,cepharanthine,COc1ccc2cc1Oc1ccc(cc1)CC1c3c(cc4c(c3Oc3cc5c(cc3OC)CCN(C)C5C2)OCO4)CCN1C,1,1,True,False
5180,Cabozantinib (S-malate); Cabozantinib S-malate,142,0.7815705,0.8244958,cabozantinib s malate cabozantinib s malate,COc1cc2nccc(Oc3ccc(NC(=O)C4(C(=O)Nc5ccc(F)cc5)CC4)cc3)c2cc1OC,1,1,True,False
5184,Elagolix Sodium; Elagolix sodium,143,0.7815567,0.8255809,elagolix sodium elagolix sodium,COc1cccc(-c2c(C)n(Cc3c(F)cccc3C(F)(F)F)c(=O)n(CC(NCCCC(=O)[O-])c3ccccc3)c2=O)c1F,1,1,True,False
3280,Lonafarnib,164,0.8679238,0.8274344,lonafarnib,NC(=O)N1CCC(CC(=O)N2CCC(C3c4ncc(Br)cc4CCc4cc(Cl)cc(Br)c43)CC2)CC1,1,1,True,False
174,Megestrol,153,0.8064782,0.8391038,megestrol,CC(=O)C1(O)CCC2C3C=C(C)C4=CC(=O)CCC4(C)C3CCC21C,1,2,True,True
696,"(2E,4E,6E,8E)-3,7-dimethyl-9-(2,6,6-trimethylcyclohexen-1-yl)nona-2,4,6,8-tetraenoic acid; Retinoic Acid",144,0.77696544,0.7994816,2e 4e 6e 8e 3 7 dimethyl 9 2 6 6 trimethylcyclohexen 1 yl nona 2 4 6 8 tetraenoic acid retinoic acid,CC1=C(/C=C/C(C)=C/C=C/C(C)=C/C(=O)O)C(C)(C)CCC1,1,1,True,False
616,Darolutamide,141,0.7747856,0.80526507,darolutamide,CC(Cn1ccc(-c2ccc(C#N)c(Cl)c2)n1)NC(=O)c1cc(C(C)O)[nH]n1,1,1,True,False
1750,Dimethyl Fumarate; dimethyl (E)-but-2-enedioate,135,0.7751711,0.7725934,dimethyl fumarate dimethyl e but 2 enedioate,COC(=O)/C=C/C(=O)OC,1,1,True,False
5182,(R)-Verapamil (hydrochloride); Dexverapamil Hydrochloride,143,0.7774906,0.81664544,r verapamil hydrochloride dexverapamil hydrochloride,COc1ccc(CCN(C)CCCC(C#N)(c2ccc(OC)c(OC)c2)C(C)C)cc1OC,1,1,True,False
5188,Nafamostat (mesylate); Nafamostat Mesylate,146,0.7962603,0.7957514,nafamostat mesylate nafamostat mesylate,N=C(N)c1ccc2cc(OC(=O)c3ccc(N=C(N)N)cc3)ccc2c1,1,1,True,False
5208,HI-TOPK-032; HI-Topk-032,141,0.76726717,0.8157423,hi topk 032 hi topk 032,N#Cc1c2nc3ccccc3nc2n2ccc(NC(=O)c3cccs3)cc12,1,1,True,False
5520,"(2S)-N-(2,6-dimethylphenyl)-1-propyl-2-piperidinecarboxamide hydrochloride monohydrate; Ropivacaine (hydrochloride monohydrate)",144,0.7663139,0.7792541,2s n 2 6 dimethylphenyl 1 propyl 2 piperidinecarboxamide hydrochloride monohydrate ropivacaine hydrochloride monohydrate,CCCN1CCCCC1C(=O)Nc1c(C)cccc1C,1,1,True,False
4072,"5-[(E)-2-bromoethenyl]-1-[(2R,4S,5R)-4-hydroxy-5-(hydroxymethyl)oxolan-2-yl]pyrimidine-2,4-dione; Brivudine",153,0.8253179,0.8480503,5 e 2 bromoethenyl 1 2r 4s 5r 4 hydroxy 5 hydroxymethyl oxolan 2 yl pyrimidine 2 4 dione brivudine,O=c1[nH]c(=O)n([C@H]2C[C@H](O)[C@@H](CO)O2)cc1/C=C/Br,1,1,True,False
5203,Cysteamine (hydrochloride); Cysteamine Hydrochloride,142,0.762,0.76087415,cysteamine hydrochloride cysteamine hydrochloride,NCCS,1,1,True,False
5525,"16H-1,24:6,9-Dietheno-11,15-metheno-2H-pyrido(2',3':17,18)(1,11)dioxacycloeicosino(2,3,4-ij)isoquinolin-12-ol, 3,4,4a,5,16a,17,18,19-octahydro-21,22,26-trimethoxy-4,17-dimethyl-, hydrochloride (1:2), (4aS,16aR)-; Berbamine (dihydrochloride)",139,0.7573773,0.839635,16h 1 24 6 9 dietheno 11 15 metheno 2h pyrido 2 3 17 18 1 11 dioxacycloeicosino 2 3 4 ij isoquinolin 12 ol 3 4 4a 5 16a 17 18 19 octahydro 21 22 26 trimethoxy 4 17 dimethyl hydrochloride 1 2 4as 16ar berbamine dihydrochloride,COc1cc2c3cc1Oc1c(OC)c(OC)cc4c1C(Cc1ccc(O)c(c1)Oc1ccc(cc1)CC3N(C)CC2)N(C)CC4,1,1,True,False
2591,Sonidegib,168,0.8928492,0.8206232,sonidegib,Cc1c(C(=O)Nc2ccc(N3CC(C)OC(C)C3)nc2)cccc1-c1ccc(OC(F)(F)F)cc1,1,1,True,False
5209,Pentamidine (isethionate); Pentamidine Isethionate,145,0.7558431,0.8214515,pentamidine isethionate pentamidine isethionate,N=C(N)c1ccc(OCCCCCOc2ccc(C(=N)N)cc2)cc1,1,1,True,False
5213,Balsalazide (sodium hydrate); CID 92044433,141,0.7556114,0.8158456,balsalazide sodium hydrate cid 92044433,O=C([O-])CCNC(=O)c1ccc(N=Nc2ccc([O-])c(C(=O)O)c2)cc1,1,1,True,False
5133,Tirabrutinib (hydrochloride); Tirabrutinib hydrochloride,140,0.75492316,0.82959163,tirabrutinib hydrochloride tirabrutinib hydrochloride,CC#CC(=O)N1CCC(n2c(=O)n(-c3ccc(Oc4ccccc4)cc3)c3c(N)ncnc32)C1,1,1,True,False
5162,Irinotecan (hydrochloride); Irinotecan Hydrochloride,374,0.91185445,0.8875643,irinotecan hydrochloride irinotecan hydrochloride,CCc1c2c(nc3ccc(OC(=O)N4CCC(N5CCCCC5)CC4)cc13)-c1cc3c(c(=O)n1C2)COC(=O)C3(O)CC,1,1,True,False
3779,Baicalin,145,0.77520335,0.8356584,baicalin,O=C(O)C1OC(Oc2cc3oc(-c4ccccc4)cc(=O)c3c(O)c2O)C(O)C(O)C1O,1,1,True,False
755,Betamethasone Dipropionate; Betamethasone dipropionate,141,0.7509124,0.8758499,betamethasone dipropionate betamethasone dipropionate,CCC(=O)OCC(=O)C1(OC(=O)CC)C(C)CC2C3CCC4=CC(=O)C=CC4(C)C3(F)C(O)CC21C,1,1,True,False
198,(R)-2-((R)-2-Acetamido-3-(4-hydroxyphenyl)propanamido)-N-((R)-1-amino-1-oxo-3-phenylpropan-2-yl)-5-guanidinopentanamide; DTP3,140,0.7493618,0.8279756,r 2 r 2 acetamido 3 4 hydroxyphenyl propanamido n r 1 amino 1 oxo 3 phenylpropan 2 yl 5 guanidinopentanamide dtp3,CC(=O)NC(Cc1ccc(O)cc1)C(=O)NC(CCCN=C(N)N)C(=O)NC(Cc1ccccc1)C(N)=O,1,1,True,False
3774,"(2E)-2-[[4-(3,4-dichlorophenyl)-1,3-thiazol-2-yl]hydrazinylidene]-3-(2-nitrophenyl)propanoic acid; 4EGI-1",141,0.7519172,0.8087632,2e 2 4 3 4 dichlorophenyl 1 3 thiazol 2 yl hydrazinylidene 3 2 nitrophenyl propanoic acid 4egi 1,O=C(O)C(Cc1ccccc1[N+](=O)[O-])=NNc1nc(-c2ccc(Cl)c(Cl)c2)cs1,1,1,True,False
1113,Bimatoprost,147,0.7648465,0.82502544,bimatoprost,CCNC(=O)CCCC=CCC1C(O)CC(O)C1C=CC(O)CCc1ccccc1,1,2,True,True
5220,"2,6-Difluoro-4-(4-(4-morpholinophenyl)pyridin-3-yl)phenol; LJI308",159,0.8360259,0.8253602,2 6 difluoro 4 4 4 morpholinophenyl pyridin 3 yl phenol lji308,Oc1c(F)cc(-c2cnccc2-c2ccc(N3CCOCC3)cc2)cc1F,1,1,True,False
5281,Artesunate,180,0.8873689,0.85152435,artesunate,CC1CCC2C(C)C(OC(=O)CCC(=O)O)OC3OC4(C)CCC1C32OO4,1,4,True,True
5167,Lumateperone (tosylate); Lumateperone Tosylate,138,0.7436862,0.83171386,lumateperone tosylate lumateperone tosylate,CN1CCN2c3c(cccc31)C1CN(CCCC(=O)c3ccc(F)cc3)CCC12,1,1,True,False
5517,Diammonium Glycyrrhizinate,144,0.7436214,0.8721005,diammonium glycyrrhizinate,CC1(C(=O)O)CCC2(C)CCC3(C)C(=CC(=O)C4C5(C)CCC(OC6OC(C(=O)O)C(O)C(O)C6OC6OC(C(=O)O)C(O)C(O)C6O)C(C)(C)C5CCC43C)C2C1,1,1,True,False
5176,Palmatine (chloride); Palmatine Chloride,142,0.7406397,0.8271102,palmatine chloride palmatine chloride,COc1cc2c(cc1OC)-c1cc3ccc(OC)c(OC)c3c[n+]1CC2,1,1,True,False
3793,5-[(3R)-dithiolan-3-yl]pentanoic acid; Lipoic acid,139,0.740573,0.77778375,5 3r dithiolan 3 yl pentanoic acid lipoic acid,O=C(O)CCCC[C@@H]1CCSS1,1,1,True,False
1555,Glasdegib,137,0.7524925,0.80947256,glasdegib,CN1CCC(NC(=O)Nc2ccc(C#N)cc2)CC1c1nc2ccccc2[nH]1,1,1,True,False
1537,Piroxicam,150,0.79223454,0.820259,piroxicam,CN1C(C(=O)Nc2ccccn2)=C(O)c2ccccc2S1(=O)=O,1,1,True,False
5514,Acetomenaphthone; Vitamin K4,141,0.7376841,0.80368245,acetomenaphthone vitamin k4,CC(=O)Oc1cc(C)c(OC(C)=O)c2ccccc12,1,1,True,False
5177,Ivabradine (hydrochloride); Ivabradine Hydrochloride,138,0.73736846,0.83642817,ivabradine hydrochloride ivabradine hydrochloride,COc1cc2c(cc1OC)CC(=O)N(CCCN(C)CC1Cc3cc(OC)c(OC)cc31)CC2,1,1,True,False
5168,Edoxaban (tosylate monohydrate); Edoxaban tosylate monohydrate,137,0.73311913,0.82466996,edoxaban tosylate monohydrate edoxaban tosylate monohydrate,CN1CCc2nc(C(=O)NC3CC(C(=O)N(C)C)CCC3NC(=O)C(=O)Nc3ccc(Cl)cn3)sc2C1,1,1,True,False
5127,Citalopram (hydrobromide); Citalopram Hydrobromide,142,0.7316587,0.82826805,citalopram hydrobromide citalopram hydrobromide,CN(C)CCCC1(c2ccc(F)cc2)OCc2cc(C#N)ccc21,1,1,True,False
5156,"2-Piperidinecarboxamide, 1-butyl-N-(2,6-dimethylphenyl)-, hydrochloride (1:1), (2S)-; Levobupivacaine (hydrochloride)",136,0.728756,0.79536736,2 piperidinecarboxamide 1 butyl n 2 6 dimethylphenyl hydrochloride 1 1 2s levobupivacaine hydrochloride,CCCCN1CCCCC1C(=O)Nc1c(C)cccc1C,1,1,True,False
2947,Alpelisib,167,0.85157865,0.82551396,alpelisib,Cc1nc(NC(=O)N2CCCC2C(N)=O)sc1-c1ccnc(C(C)(C)C(F)(F)F)c1,1,1,True,False
5215,ERK5-IN-2; Erk5-IN-2,143,0.7239834,0.8107355,erk5 in 2 erk5 in 2,O=C(Nc1cccnc1)c1cc(C(=O)c2c(F)cccc2Br)c[nH]1,1,1,True,False
694,Drospirenone,147,0.75218123,0.8665415,drospirenone,CC12CCC(=O)C=C1C1CC1C1C2CCC2(C)C1C1CC1C21CCC(=O)O1,1,2,True,True
4684,methotrexate,183,0.8630909,0.8492732,methotrexate,CN(Cc1cnc2nc(N)nc(N)c2n1)c1ccc(C(=O)N[C@@H](CCC(=O)O)C(=O)O)cc1,1,1,True,False
1262,TAK-901; Tak-901,154,0.89135283,0.8404455,tak 901 tak 901,CCS(=O)(=O)c1cccc(-c2cc(C(=O)NC3CCN(C)CC3)c(C)c3[nH]c4ncc(C)cc4c23)c1,1,1,True,False
625,Cinacalcet,145,0.73707235,0.81260777,cinacalcet,CC(NCCCc1cccc(C(F)(F)F)c1)c1cccc2ccccc12,1,1,True,False
5171,Esmolol (hydrochloride); Esmolol Hydrochloride,139,0.7209868,0.7718973,esmolol hydrochloride esmolol hydrochloride,COC(=O)CCc1ccc(OCC(O)CNC(C)C)cc1,1,1,True,False
5537,Fumaric Acid; Fumaric acid,139,0.71181434,0.7789119,fumaric acid fumaric acid,O=C(O)C=CC(=O)O,1,1,True,False
2057,E6 berbamine; berbamine,153,0.7632989,0.82808256,e6 berbamine berbamine,COc1cc2c3cc1Oc1c(OC)c(OC)cc4c1[C@@H](Cc1ccc(OC(=O)c5ccc([N+](=O)[O-])cc5)c(c1)Oc1ccc(cc1)C[C@@H]3N(C)CC2)N(C)CC4,1,1,True,False
3734,Asciminib,140,0.7108838,0.82473564,asciminib,O=C(Nc1ccc(OC(F)(F)Cl)cc1)c1cnc(N2CCC(O)C2)c(-c2ccn[nH]2)c1,1,1,True,False
5516,Bestatin (hydrochloride); Ubenimex hydrochloride,141,0.7103375,0.8580983,bestatin hydrochloride ubenimex hydrochloride,CC(C)CC(NC(=O)C(O)C(N)Cc1ccccc1)C(=O)O,1,1,True,False
5513,Chlorhexidine (diacetate); Chlorhexidine Acetate,144,0.70984393,0.8140274,chlorhexidine diacetate chlorhexidine acetate,NC(=NCCCCCCN=C(N)N=C(N)Nc1ccc(Cl)cc1)N=C(N)Nc1ccc(Cl)cc1,1,1,True,False
1019,sildenafil,145,0.9015753,0.82175076,sildenafil,CCCc1nn(C)c2c(=O)nc(-c3cc(S(=O)(=O)N4CCN(C)CC4)ccc3OCC)[nH]c12,1,1,True,False
5519,Oleic Acid; Oleic acid,138,0.7036039,0.78438807,oleic acid oleic acid,CCCCCCCCC=CCCCCCCCC(=O)O,1,1,True,False
1117,"1-[2-[[(2S,3S,4R,5R)-5-(6-aminopurin-9-yl)-3,4-dihydroxyoxolan-2-yl]methylsulfanyl]ethyl]-3-ethylurea; Adenosine, 5'-S-[2-[[(ethylamino)carbonyl]amino]ethyl]-5'-thio-",156,0.7506948,0.8133995,1 2 2s 3s 4r 5r 5 6 aminopurin 9 yl 3 4 dihydroxyoxolan 2 yl methylsulfanyl ethyl 3 ethylurea adenosine 5 s 2 ethylamino carbonyl amino ethyl 5 thio,CCNC(=O)NCCSC[C@H]1O[C@@H](n2cnc3c(N)ncnc32)[C@H](O)[C@@H]1O,1,1,True,False
786,Vincristine Sulfate; vincristine,197,0.89443463,0.8282684,vincristine sulfate vincristine,CCC1(O)CC2CN(CCc3c([nH]c4ccccc34)C(C(=O)OC)(c3cc4c(cc3OC)N(C=O)C3C(O)(C(=O)OC)C(OC(C)=O)C5(CC)C=CCN6CCC43C65)C2)C1,1,1,True,False
5406,Lopinavir,156,0.77776325,0.836199,lopinavir,Cc1cccc(C)c1OCC(=O)NC(Cc1ccccc1)C(O)CC(Cc1ccccc1)NC(=O)C(C(C)C)N1CCCNC1=O,1,1,True,False
5205,Riluzole hydrochloride,144,0.69669443,0.7797619,riluzole hydrochloride,Nc1nc2ccc(OC(F)(F)F)cc2s1,1,1,True,False
5200,Pexidartinib (hydrochloride); Pexidartinib Hydrochloride,136,0.69635063,0.8108374,pexidartinib hydrochloride pexidartinib hydrochloride,FC(F)(F)c1ccc(CNc2ccc(Cc3c[nH]c4ncc(Cl)cc34)cn2)cn1,1,1,True,False
8551,verteporfin,151,0.9477924,0.86976004,verteporfin,C=Cc1c(C)c2cc3nc(cc4[nH]c(cc5nc(cc1[nH]2)C(C)=C5CCC(=O)O)c(CCC(=O)OC)c4C)[C@@]1(C)C3=CC=C(C(=O)OC)C1C(=O)OC,1,2,True,True
2914,Meloxicam,152,0.77688366,0.81895673,meloxicam,Cc1cnc(NC(=O)C2=C(O)c3ccccc3S(=O)(=O)N2C)s1,1,1,True,False
5169,Phenylephrine (hydrochloride); Phenylephrine Hydrochloride,140,0.69308037,0.7746539,phenylephrine hydrochloride phenylephrine hydrochloride,CNCC(O)c1cccc(O)c1,1,1,True,False
5219,"5,5-Diphenyl Hydantoin Sodium; Phenytoin (sodium)",140,0.73375314,0.8146483,5 5 diphenyl hydantoin sodium phenytoin sodium,O=C1NC([O-])=NC1(c1ccccc1)c1ccccc1,1,1,True,False
1417,Ribociclib,140,0.73999316,0.8313015,ribociclib,CN(C)C(=O)c1cc2cnc(Nc3ccc(N4CCNCC4)cn3)nc2n1C1CCCC1,1,1,True,False
1774,Encorafenib; methyl N-[(2S)-1-[[4-[3-[5-chloro-2-fluoro-3-(methanesulfonamido)phenyl]-1-propan-2-ylpyrazol-4-yl]pyrimidin-2-yl]amino]propan-2-yl]carbamate,136,0.6825441,0.8283641,encorafenib methyl n 2s 1 4 3 5 chloro 2 fluoro 3 methanesulfonamido phenyl 1 propan 2 ylpyrazol 4 yl pyrimidin 2 yl amino propan 2 yl carbamate,COC(=O)N[C@@H](C)CNc1nccc(-c2cn(C(C)C)nc2-c2cc(Cl)cc(NS(C)(=O)=O)c2F)n1,1,1,True,False
5485,Idoxuridine,146,0.69503653,0.8596261,idoxuridine,O=c1[nH]c(=O)n(C2CC(O)C(CO)O2)cc1I,1,2,True,True
5529,Darinaparsin,145,0.6817481,0.806567,darinaparsin,C[As](C)SCC(NC(=O)CCC(N)C(=O)O)C(=O)NCC(=O)O,1,1,True,False
24143,Olanzapine,147,0.69736874,0.8319396,olanzapine,Cc1cc2c(s1)=Nc1ccccc1NC=2N1CCN(C)CC1,1,1,True,False
161,"(8S,11R,13S,14R,17S)-11-[4-(dimethylamino)phenyl]-17-hydroxy-13-methyl-17-prop-1-ynyl-1,2,6,7,8,11,12,14,15,16-decahydrocyclopenta[a]phenanthren-3-one; mifepristone",188,0.87577605,0.84681493,8s 11r 13s 14r 17s 11 4 dimethylamino phenyl 17 hydroxy 13 methyl 17 prop 1 ynyl 1 2 6 7 8 11 12 14 15 16 decahydrocyclopenta a phenanthren 3 one mifepristone,CC#C[C@]1(O)CC[C@@H]2[C@@H]3CCC4=CC(=O)CCC4=C3[C@@H](c3ccc(N(C)C)cc3)C[C@@]21C,1,1,True,False
3450,Tucidinostat,159,0.9288761,0.8356487,tucidinostat,Nc1cc(F)ccc1NC(=O)c1ccc(CNC(=O)C=Cc2cccnc2)cc1,1,1,True,False
5211,"5-(4-Chlorophenyl)-[3,3'-bipyridine]-6,6'-diamine; PF-06260933",149,0.70981854,0.8259927,5 4 chlorophenyl 3 3 bipyridine 6 6 diamine pf 06260933,Nc1ccc(-c2cnc(N)c(-c3ccc(Cl)cc3)c2)cn1,1,1,True,False
3522,Pemetrexed,155,0.78764975,0.8431379,pemetrexed,Nc1nc2[nH]cc(CCc3ccc(C(=O)NC(CCC(=O)O)C(=O)O)cc3)c2c(=O)[nH]1,1,2,True,True
2733,Sulfatinib; Surufatinib,131,0.6653186,0.8018695,sulfatinib surufatinib,Cc1cc2cc(Oc3ccnc(Nc4cccc(CS(=O)(=O)NCCN(C)C)c4)n3)ccc2[nH]1,1,1,True,False
5189,Flumatinib (mesylate); Flumatinib Mesylate,139,0.6589662,0.80989903,flumatinib mesylate flumatinib mesylate,Cc1ncc(NC(=O)c2ccc(CN3CCN(C)CC3)c(C(F)(F)F)c2)cc1Nc1nccc(-c2cccnc2)n1,1,1,True,False
4069,Trifluridine,201,0.86627907,0.8156989,trifluridine,O=c1[nH]c(=O)n(C2CC(O)C(CO)O2)cc1C(F)(F)F,1,2,True,True
5218,Sodium Salicylate,145,0.6548505,0.7730544,sodium salicylate,O=C([O-])c1ccccc1O,1,1,True,False
1597,Entrectinib,138,0.6545364,0.81842077,entrectinib,CN1CCN(c2ccc(C(=O)Nc3n[nH]c4ccc(Cc5cc(F)cc(F)c5)cc34)c(NC3CCOCC3)c2)CC1,1,1,True,False
3057,TAK-733; Tak-733,228,0.86363864,0.8394561,tak 733 tak 733,Cn1c(=O)c(F)c(Nc2ccc(I)cc2F)c2c(=O)n(CC(O)CO)cnc21,1,2,True,True
5141,Imiquimod (hydrochloride); Imiquimod hydrochloride,153,0.73966587,0.80724096,imiquimod hydrochloride imiquimod hydrochloride,CC(C)Cn1cnc2c(N)nc3ccccc3c21,1,1,True,False
3904,Cobimetinib,231,0.9322075,0.8331615,cobimetinib,O=C(c1ccc(F)c(F)c1Nc1ccc(I)cc1F)N1CC(O)(C2CCCCN2)C1,1,1,True,False
1996,N-[4-(9-acridinylmethyl)-3-methoxyphenyl]methanesulfonamide; amsacrine,233,0.9100606,0.82199526,n 4 9 acridinylmethyl 3 methoxyphenyl methanesulfonamide amsacrine,COc1cc(NS(C)(=O)=O)ccc1Cc1c2ccccc2nc2ccccc12,1,1,True,False
412,Acyclic retinoid; Peretinoin,142,0.641953,0.7972671,acyclic retinoid peretinoin,CC(C)=CCCC(C)=CCCC(C)=CC=CC(C)=CC(=O)O,1,1,True,False
5466,"Oxaliplatin; cis-oxalato-trans-l-1,2-diaminocyclohexaneplatinum(II)",148,0.7163492,0.7673465,oxaliplatin cis oxalato trans l 1 2 diaminocyclohexaneplatinum ii,[NH-]C1CCCCC1[NH-],1,1,True,False
5201,Noradrenaline hydrochloride; Norepinephrine (hydrochloride),144,0.6393844,0.7750036,noradrenaline hydrochloride norepinephrine hydrochloride,NCC(O)c1ccc(O)c(O)c1,1,1,True,False
771,Ivermectin; Ivermectin B1a,175,0.85446143,0.87583065,ivermectin ivermectin b1a,CCC(C)C1OC2(CCC1C)CC1CC(CC=C(C)C(OC3CC(OC)C(OC4CC(OC)C(O)C(C)O4)C(C)O3)C(C)C=CC=C3COC4C(O)C(C)=CC(C(=O)O1)C34O)O2,1,1,True,False
5166,Loperamide (hydrochloride); Loperamide Hydrochloride,176,0.8073832,0.8123852,loperamide hydrochloride loperamide hydrochloride,CN(C)C(=O)C(CCN1CCC(O)(c2ccc(Cl)cc2)CC1)(c1ccccc1)c1ccccc1,1,1,True,False
2091,AZD-8055; Azd8055,346,0.9556898,0.85822886,azd 8055 azd8055,COc1ccc(-c2ccc3c(N4CCOCC4C)nc(N4CCOCC4C)nc3n2)cc1CO,1,1,True,False
5511,Lactate (calcium),140,0.62096995,0.77666163,lactate calcium,CC(O)C(=O)[O-],1,1,True,False
5138,Sivelestat (sodium tetrahydrate); Sivelestat Sodium,140,0.6199203,0.83164656,sivelestat sodium tetrahydrate sivelestat sodium,CC(C)(C)C(=O)Oc1ccc(S(=O)(=O)Nc2ccccc2C(=O)NCC(=O)[O-])cc1,1,1,True,False
804,Budesonide; budesonide,177,0.77917314,0.83911103,budesonide budesonide,CCCC1O[C@@H]2C[C@H]3[C@@H]4CCC5=CC(=O)C=C[C@]5(C)[C@H]4[C@@H](O)C[C@]3(C)[C@]2(C(=O)CO)O1,1,1,True,False
2960,Raltitrexed,187,0.88676,0.8304879,raltitrexed,Cc1nc2ccc(CN(C)c3ccc(C(=O)NC(CCC(=O)O)C(=O)O)s3)cc2c(=O)[nH]1,1,1,True,False
629,Aprepitant,147,0.65434486,0.83337516,aprepitant,CC(OC1OCCN(Cc2n[nH]c(=O)[nH]2)C1c1ccc(F)cc1)c1cc(C(F)(F)F)cc(C(F)(F)F)c1,1,3,True,True
1055,"N-[2-(diethylamino)ethyl]-5-[(Z)-(5-fluoro-2-oxo-1H-indol-3-ylidene)methyl]-2,4-dimethyl-1H-pyrrole-3-carboxamide; Sunitinib",207,0.88345486,0.8249723,n 2 diethylamino ethyl 5 z 5 fluoro 2 oxo 1h indol 3 ylidene methyl 2 4 dimethyl 1h pyrrole 3 carboxamide sunitinib,CCN(CC)CCNC(=O)c1c(C)[nH]c(/C=C2\C(=O)Nc3ccc(F)cc32)c1C,1,1,True,False
592,BRD-K68202742; Trichostatin A,1346,1.0,0.827145,brd k68202742 trichostatin a,CC(C=CC(=O)NO)=C[C@@H](C)C(=O)c1ccc(N(C)C)cc1,1,1,True,False
1764,Homoharringtonine; Omacetaxine Mepesuccinate,363,0.96739143,0.8966031,homoharringtonine omacetaxine mepesuccinate,COC(=O)CC(O)(CCCC(C)(C)O)C(=O)OC1C(OC)=CC23CCCN2CCc2cc4c(cc2C13)OCO4,1,1,True,False
429,Ixazomib,343,0.93570065,0.81232816,ixazomib,CC(C)CC(NC(=O)CNC(=O)c1cc(Cl)ccc1Cl)B(O)O,1,1,True,False
692,Triamcinolone,190,0.77153456,0.8604304,triamcinolone,CC(=O)OCC(=O)[C@@]1(O)[C@H](OC(C)=O)CC2C3CCC4=CC(=O)C=C[C@]4(C)[C@@]3(F)[C@@H](O)C[C@@]21C,1,5,True,True
5179,BI-3406,143,0.5914497,0.82886505,bi 3406,COc1cc2nc(C)nc(NC(C)c3cc(N)cc(C(F)(F)F)c3)c2cc1OC1CCOC1,1,1,True,False
5196,Fedratinib (hydrochloride hydrate); Fedratinib Hydrochloride,157,0.8293293,0.81472147,fedratinib hydrochloride hydrate fedratinib hydrochloride,Cc1cnc(Nc2ccc(OCCN3CCCC3)cc2)nc1Nc1cccc(S(=O)(=O)NC(C)(C)C)c1,1,1,True,False
1229,Dapagliflozin,144,0.6663662,0.8235332,dapagliflozin,CCOc1ccc(Cc2cc(C3OC(CO)C(O)C(O)C3O)ccc2Cl)cc1,1,1,True,False
4302,cyclosporin-a,248,0.8455639,0.8544164,cyclosporin a,C/C=C/C[C@@H](C)[C@@H](O)C1C(=O)NC(CC)C(=O)N(C)CC(=O)N(C)C(CC(C)C)C(=O)NC(C(C)C)C(=O)N(C)C(CC(C)C)C(=O)NC(C)C(=O)N[C@H](C)C(=O)N(C)C(CC(C)C)C(=O)N(C)C(CC(C)C)C(=O)N(C)C(C(C)C)C(=O)N1C,1,2,True,True
6647,Cephaeline; cephaeline,22,1.0,0.8852676,cephaeline cephaeline,CC[C@H]1CN2CCc3cc(OC)c(OC)cc3[C@@H]2C[C@@H]1C[C@H]1NCCc2cc(O)c(OC)cc21,1,1,True,False
2769,Canagliflozin,146,0.88545275,0.8159089,canagliflozin,Cc1ccc(C2OC(CO)C(O)C(O)C2O)cc1Cc1ccc(-c2ccc(F)cc2)s1,1,1,True,False
257,"Auranofin; Gold(1+);3,4,5-triacetyloxy-6-(acetyloxymethyl)oxane-2-thiolate;triethylphosphane",205,0.79919684,0.8090538,auranofin gold 1 3 4 5 triacetyloxy 6 acetyloxymethyl oxane 2 thiolate triethylphosphane,CC(=O)OCC1OC([S-])C(OC(C)=O)C(OC(C)=O)C1OC(C)=O,1,1,True,False
734,Digitoxin,260,0.8677765,0.88979006,digitoxin,CC1OC(OC2C(O)CC(OC3C(O)CC(OC4CCC5(C)C(CCC6C5CCC5(C)C(C7=CC(=O)OC7)CCC65O)C4)OC3C)OC2C)CC(O)C1O,1,2,True,True
5170,Rucaparib (phosphate); Rucaparib Phosphate,194,0.9198891,0.82420766,rucaparib phosphate rucaparib phosphate,CNCc1ccc(-c2[nH]c3cc(F)cc4c3c2CCNC4=O)cc1,1,1,True,False
1364,Dinaciclib,377,0.9382522,0.8197977,dinaciclib,CCc1cnn2c(NCc3ccc[n+]([O-])c3)cc(N3CCCCC3CCO)nc12,1,1,True,False
1420,(E)-N-[4-(3-chloro-4-fluoroanilino)-7-[(3S)-oxolan-3-yl]oxyquinazolin-6-yl]-4-(dimethylamino)but-2-enamide; Afatinib,352,0.9044579,0.8207016,e n 4 3 chloro 4 fluoroanilino 7 3s oxolan 3 yl oxyquinazolin 6 yl 4 dimethylamino but 2 enamide afatinib,CN(C)C/C=C/C(=O)Nc1cc2c(Nc3ccc(F)c(Cl)c3)ncnc2cc1O[C@H]1CCOC1,1,1,True,False
1916,"[(1S,2R,4S)-4-[(2R)-2-[(1R,9S,12S,15R,16E,18R,19R,21R,23S,24E,26E,28E,30S,32R,35R)-1,18-dihydroxy-19,30-dimethoxy-15,17,21,23,29,35-hexamethyl-2,3,10,14,20-pentaoxo-11,36-dioxa-4-azatricyclo[30.3.1.04,9]hexatriaconta-16,24,26,28-tetraen-12-yl]propyl]-2-methoxycyclohexyl] 3-hydroxy-2-(hydroxymethyl)-2-methylpropanoate; temsirolimus",232,0.8723075,0.89803535,1s 2r 4s 4 2r 2 1r 9s 12s 15r 16e 18r 19r 21r 23s 24e 26e 28e 30s 32r 35r 1 18 dihydroxy 19 30 dimethoxy 15 17 21 23 29 35 hexamethyl 2 3 10 14 20 pentaoxo 11 36 dioxa 4 azatricyclo 30 3 1 04 9 hexatriaconta 16 24 26 28 tetraen 12 yl propyl 2 methoxycyclohexyl 3 hydroxy 2 hydroxymethyl 2 methylpropanoate temsirolimus,CO[C@H]1C[C@H]2CC[C@@H](C)[C@@](O)(O2)C(=O)C(=O)N2CCCC[C@H]2C(=O)O[C@H]([C@H](C)C[C@@H]2CC[C@H](OC(=O)C(C)(CO)CO)[C@H](OC)C2)CC(=O)[C@H](C)C=C(C)[C@@H](O)[C@@H](OC)C(=O)[C@H](C)C[C@H](C)C=CC=CC=C1C,1,1,True,False
1823,Mithramycin; Plicamycin,138,0.77579683,0.85199785,mithramycin plicamycin,COC(C(=O)C(O)C(C)O)C1Cc2cc3cc(OC4CC(OC5CC(O)C(O)C(C)O5)C(O)C(C)O4)c(C)c(O)c3c(O)c2C(=O)C1OC1CC(OC2CC(OC3CC(C)(O)C(O)C(C)O3)C(O)C(C)O2)C(O)C(C)O1,1,1,True,False
3484,Gemcitabine,360,0.93554246,0.83394814,gemcitabine,Nc1ccn(C2OC(CO)C(O)C2(F)F)c(=O)n1,1,1,True,False
6642,XL-888; XL888,181,0.9929398,0.8307249,xl 888 xl888,CC[C@@H](C)Nc1cc(C(=O)NC2CC3CCC(C2)N3c2ccc(C(=O)C3CC3)cn2)c(C)cc1C(N)=O,1,1,True,False
3661,"4-(2,6-dichlorobenzoylamino)-1H-pyrazole-3-carboxylic acid piperidin-4-ylamide; AT7519",323,0.8961087,0.810835,4 2 6 dichlorobenzoylamino 1h pyrazole 3 carboxylic acid piperidin 4 ylamide at7519,O=C(NC1CCNCC1)c1[nH]ncc1NC(=O)c1c(Cl)cccc1Cl,1,1,True,False
3578,(E)-N-hydroxy-3-[3-(phenylsulfamoyl)phenyl]prop-2-enamide; Belinostat,400,0.9278086,0.81202203,e n hydroxy 3 3 phenylsulfamoyl phenyl prop 2 enamide belinostat,O=C(/C=C/c1cccc(S(=O)(=O)Nc2ccccc2)c1)NO,1,1,True,False
1832,"1,18-Dihydroxy-12-[1-[4-(2-hydroxyethoxy)-3-methoxycyclohexyl]propan-2-yl]-19,30-dimethoxy-15,17,21,23,29,35-hexamethyl-11,36-dioxa-4-azatricyclo[30.3.1.04,9]hexatriaconta-16,24,26,28-tetraene-2,3,10,14,20-pentone; Everolimus; everolimus",334,0.90866876,0.88977706,1 18 dihydroxy 12 1 4 2 hydroxyethoxy 3 methoxycyclohexyl propan 2 yl 19 30 dimethoxy 15 17 21 23 29 35 hexamethyl 11 36 dioxa 4 azatricyclo 30 3 1 04 9 hexatriaconta 16 24 26 28 tetraene 2 3 10 14 20 pentone everolimus everolimus,COC1CC2CCC(C)C(O)(O2)C(=O)C(=O)N2CCCCC2C(=O)OC(C(C)CC2CCC(OCCO)C(OC)C2)CC(=O)C(C)C=C(C)C(O)C(OC)C(=O)C(C)CC(C)C=CC=CC=C1C,1,1,True,False
2431,"3-[(1R,3R,5S,8R,9S,10R,11R,13R,14S,17R)-1,5,11,14-tetrahydroxy-10-(hydroxymethyl)-13-methyl-3-[(2R,3R,4R,5R,6S)-3,4,5-trihydroxy-6-methyloxan-2-yl]oxy-2,3,4,6,7,8,9,11,12,15,16,17-dodecahydro-1H-cyclopenta[a]phenanthren-17-yl]-2H-furan-5-one; ouabain",79,0.98882693,0.87249756,3 1r 3r 5s 8r 9s 10r 11r 13r 14s 17r 1 5 11 14 tetrahydroxy 10 hydroxymethyl 13 methyl 3 2r 3r 4r 5r 6s 3 4 5 trihydroxy 6 methyloxan 2 yl oxy 2 3 4 6 7 8 9 11 12 15 16 17 dodecahydro 1h cyclopenta a phenanthren 17 yl 2h furan 5 one ouabain,C[C@@H]1O[C@@H](O[C@@H]2C[C@@H](O)[C@]3(CO)[C@H]4[C@H](O)C[C@]5(C)[C@@H](C6=CC(=O)OC6)CC[C@]5(O)[C@@H]4CC[C@]3(O)C2)[C@H](O)[C@H](O)[C@H]1O,1,1,True,False
2278,"(7R,9S)-9-acetyl-7-[[(2R,4S,5S,6S)-4-amino-5-hydroxy-6-methyl-2-oxanyl]oxy]-6,9,11-trihydroxy-4-methoxy-8,10-dihydro-7H-tetracene-5,12-dione; daunorubicin",325,0.99367535,0.95455563,7r 9s 9 acetyl 7 2r 4s 5s 6s 4 amino 5 hydroxy 6 methyl 2 oxanyl oxy 6 9 11 trihydroxy 4 methoxy 8 10 dihydro 7h tetracene 5 12 dione daunorubicin,COc1cccc2c1C(=O)c1c(O)c3c(c(O)c1C2=O)C[C@@](O)(C(C)=O)C[C@H]3O[C@H]1C[C@H](N)[C@H](O)[C@H](C)O1,1,1,True,False
1827,Geldanamycin; geldanamycin,938,0.9876737,0.92657024,geldanamycin geldanamycin,COC1=C2C[C@@H](C)C[C@H](OC)[C@H](O)[C@@H](C)C=C(C)[C@H](OC(N)=O)[C@@H](OC)C=CC=C(C)C(=O)NC(=CC1=O)C2=O,1,1,True,False
3968,"(5Z)-5-[(4-pyridin-4-ylquinolin-6-yl)methylidene]-1,3-thiazolidine-2,4-dione; Gsk-1059615",491,0.91537964,0.8143678,5z 5 4 pyridin 4 ylquinolin 6 yl methylidene 1 3 thiazolidine 2 4 dione gsk 1059615,O=C1NC(=O)/C(=C/c2ccc3nccc(-c4ccncc4)c3c2)S1,1,1,True,False
4527,topotecan,151,0.9881312,0.9088901,topotecan,CCC1(O)C(=O)OCc2c1cc1n(c2=O)Cc2cc3c(CN(C)C)c(O)ccc3nc2-1,1,1,True,False
132,"Tanespimycin; [(4E,6Z,8S,9S,10E,12S,13R,14S,16R)-13-hydroxy-8,14-dimethoxy-4,10,12,16-tetramethyl-3,20,22-trioxo-19-(prop-2-enylamino)-2-azabicyclo[16.3.1]docosa-1(21),4,6,10,18-pentaen-9-yl] carbamate",645,0.9956928,0.92377836,tanespimycin 4e 6z 8s 9s 10e 12s 13r 14s 16r 13 hydroxy 8 14 dimethoxy 4 10 12 16 tetramethyl 3 20 22 trioxo 19 prop 2 enylamino 2 azabicyclo 16 3 1 docosa 1 21 4 6 10 18 pentaen 9 yl carbamate,C=CCNC1=C2C[C@@H](C)C[C@H](OC)[C@H](O)[C@@H](C)/C=C(\C)[C@H](OC(N)=O)[C@@H](OC)/C=C\C=C(/C)C(=O)NC(=CC1=O)C2=O,1,1,True,False
2275,Epirubicin; epirubicin,194,0.98371625,0.96144885,epirubicin epirubicin,COc1cccc2c1C(=O)c1c(O)c3c(c(O)c1C2=O)C[C@@](O)(C(=O)CO)C[C@@H]3O[C@H]1C[C@H](N)[C@@H](O)[C@H](C)O1,1,1,True,False
3589,"(Z)-3-[3-[3,5-bis(trifluoromethyl)phenyl]-1,2,4-triazol-1-yl]-N'-pyrazin-2-ylprop-2-enehydrazide; Selinexor",162,0.84889704,0.80499995,z 3 3 3 5 bis trifluoromethyl phenyl 1 2 4 triazol 1 yl n pyrazin 2 ylprop 2 enehydrazide selinexor,O=C(/C=C\n1cnc(-c2cc(C(F)(F)F)cc(C(F)(F)F)c2)n1)NNc1cnccn1,1,1,True,False
1880,Wortmannin from Penicillium funiculosum; wortmannin,682,0.9781579,0.88112414,wortmannin from penicillium funiculosum wortmannin,COC[C@H]1OC(=O)c2coc3c2[C@@]1(C)C1=C(C3=O)C2CCC(=O)[C@@]2(C)C[C@H]1OC(C)=O,1,1,True,False
295,Idarubicin; idarubicin,134,0.9757721,0.9563592,idarubicin idarubicin,CC(=O)[C@]1(O)Cc2c(O)c3c(c(O)c2[C@@H](O[C@H]2C[C@H](N)[C@H](O)[C@H](C)O2)C1)C(=O)c1ccccc1C3=O,1,1,True,False
4117,2-(4-morpholinyl)-8-phenyl-4H-1-benzopyran-4-one; LY-294002,192,0.97693914,0.81660175,2 4 morpholinyl 8 phenyl 4h 1 benzopyran 4 one ly 294002,O=c1cc(N2CCOCC2)oc2c(-c3ccccc3)cccc12,1,1,True,False
789,Volasertib,299,0.92006755,0.83676374,volasertib,CCC1C(=O)N(C)c2cnc(Nc3ccc(C(=O)NC4CCC(N5CCN(CC6CC6)CC5)CC4)cc3OC)nc2N1C(C)C,1,1,True,False
1919,(E)-6-(4-hydroxy-6-methoxy-7-methyl-3-oxo-1H-2-benzofuran-5-yl)-4-methylhex-4-enoic acid; Mycophenolic Acid,140,0.9747945,0.83228314,e 6 4 hydroxy 6 methoxy 7 methyl 3 oxo 1h 2 benzofuran 5 yl 4 methylhex 4 enoic acid mycophenolic acid,COc1c(C)c2c(c(O)c1C/C=C(\C)CCC(=O)O)C(=O)OC2,1,1,True,False
5028,PD-0325901,536,0.9661639,0.8485049,pd 0325901,O=C(NOCC(O)CO)c1ccc(F)c(F)c1Nc1ccc(I)cc1F,1,1,True,False
3990,Narciclasine; narciclasine,69,0.965633,0.8495949,narciclasine narciclasine,O=C1N[C@@H]2C(=C[C@H](O)[C@@H](O)[C@H]2O)c2cc3c(c(O)c21)OCO3,1,1,True,False
4018,Mitoxantrone; mitoxantrone,1040,0.9699286,0.8621439,mitoxantrone mitoxantrone,O=C1c2c(O)ccc(O)c2C(=O)c2c(NCCNCCO)ccc(NCCNCCO)c21,1,1,True,False
724,Tofacitinib,247,0.9060779,0.81976604,tofacitinib,CC1CCN(C(=O)CC#N)CC1N(C)c1ncnc2[nH]ccc12,1,2,True,True
706,Withaferin A; withaferin-a,482,0.96450067,0.85827017,withaferin a withaferin a,CC1=C(CO)C(=O)O[C@@H]([C@@H](C)[C@H]2CC[C@H]3[C@@H]4C[C@H]5O[C@]56[C@@H](O)C=CC(=O)[C@]6(C)[C@H]4CC[C@]23C)C1,1,1,True,False
5161,Neratinib (maleate); Neratinib Maleate,386,0.8672275,0.82223874,neratinib maleate neratinib maleate,CCOc1cc2ncc(C#N)c(Nc3ccc(OCc4ccccn4)c(Cl)c3)c2cc1NC(=O)C=CCN(C)C,1,1,True,False
4528,camptothecin,292,0.9619089,0.89575016,camptothecin,CCC1(O)C(=O)OCc2c1cc1n(c2=O)Cc2cc3ccccc3nc2-1,1,1,True,False
4646,emetine,158,0.965197,0.8885366,emetine,CC[C@H]1CN2CCc3cc(OC)c(OC)cc3C2C[C@@H]1CC1NCCc2cc(OC)c(OC)cc21,1,2,True,True
5534,Folic Acid; Folic acid,172,0.91912085,0.83491516,folic acid folic acid,Nc1nc2ncc(CNc3ccc(C(=O)NC(CCC(=O)O)C(=O)O)cc3)nc2c(=O)[nH]1,1,1,True,False
3065,Dactolisib; NVP-BEZ235,371,0.9572974,0.8578371,dactolisib nvp bez235,Cn1c(=O)n(-c2ccc(C(C)(C)C#N)cc2)c2c3cc(-c4cnc5ccccc5c4)ccc3ncc21,1,1,True,False
444,MG-132,2842,0.95635915,0.8199617,mg 132,CC(C)C[C@@H](C=O)NC(=O)[C@H](CC(C)C)NC(=O)[C@H](CC(C)C)NC(=O)OCc1ccccc1,1,1,True,False
3482,Entinostat; entinostat,410,0.97721076,0.8149605,entinostat entinostat,Nc1ccccc1NC(=O)c1ccc(CNC(=O)OCc2cccnc2)cc1,1,1,True,False
3637,Pitavastatin Calcium; pitavastatin,65,0.9560451,0.8493881,pitavastatin calcium pitavastatin,O=C(C[C@H](O)C[C@H](O)/C=C/c1c(C2CC2)nc2ccccc2c1-c1ccc(F)cc1)[O][Ca][O]C(=O)C[C@H](O)C[C@H](O)/C=C/c1c(C2CC2)nc2ccccc2c1-c1ccc(F)cc1,1,1,True,False
3737,Niclosamide; niclosamide,107,0.9565416,0.8235319,niclosamide niclosamide,O=C(Nc1ccc([N+](=O)[O-])cc1Cl)c1cc(Cl)ccc1O,1,1,True,False
1671,AZD-2014; Vistusertib,50,0.95493567,0.8456129,azd 2014 vistusertib,CNC(=O)c1cccc(-c2ccc3c(N4CCOC[C@@H]4C)nc(N4CCOC[C@@H]4C)nc3n2)c1,1,1,True,False
2953,PF-03758309; PF-3758309,179,0.95454603,0.8556226,pf 03758309 pf 3758309,Cc1nc(Nc2n[nH]c3c2CN(C(=O)N[C@H](CN(C)C)c2ccccc2)C3(C)C)c2sccc2n1,1,1,True,False
5360,"[(6R,7S,8R)-11-Amino-7-methoxy-12-methyl-10,13-dioxo-2,5-diazatetracyclo[7.4.0.02,7.04,6]trideca-1(9),11-dien-8-yl]methyl carbamate; mitomycin-c",139,0.95447344,0.8726095,6r 7s 8r 11 amino 7 methoxy 12 methyl 10 13 dioxo 2 5 diazatetracyclo 7 4 0 02 7 04 6 trideca 1 9 11 dien 8 yl methyl carbamate mitomycin c,CO[C@@]12[C@@H]3NC3CN1C1=C(C(=O)C(N)=C(C)C1=O)[C@@H]2COC(N)=O,1,1,True,False
4070,2'-Deoxy-alpha-D-ribofuranosyl-5-fluorouracil; floxuridine,197,0.9533738,0.8118119,2 deoxy alpha d ribofuranosyl 5 fluorouracil floxuridine,O=c1[nH]c(=O)n([C@@H]2C[C@H](O)[C@@H](CO)O2)cc1F,1,1,True,False
1112,NVP-AUY922,217,0.952999,0.8412918,nvp auy922,CCNC(=O)C1=C(c2ccc(CN3CCOCC3)cc2)C(=C2C=C(C(C)C)C(O)=CC2=O)ON1,1,2,True,True
3692,Ro-4987655,67,0.9519396,0.845664,ro 4987655,O=C(NOCCO)c1cc(CN2OCCCC2=O)c(F)c(F)c1Nc1ccc(I)cc1F,1,1,True,False
1956,Lrrk2-IN-1; XMD-1150,120,0.9486556,0.8474164,lrrk2 in 1 xmd 1150,COc1cc(C(=O)N2CCC(N3CCN(C)CC3)CC2)ccc1Nc1ncc2c(n1)N(C)c1ccccc1C(=O)N2C,1,1,True,False
3007,BRD-K54606188; JQ1 compound,279,0.9483127,0.8419914,brd k54606188 jq1 compound,Cc1sc2c(c1C)C(c1ccc(Cl)cc1)=N[C@@H](CC(=O)OC(C)(C)C)c1nnc(C)n1-2,1,1,True,False
267,"[(1S,2S,3S,4S,7S,9S,10S,12R,15S)-4,12-diacetyloxy-15-[(2R,3S)-3-benzamido-2-hydroxy-3-phenylpropanoyl]oxy-1,9-dihydroxy-10,14,17,17-tetramethyl-11-oxo-6-oxatetracyclo[11.3.1.03,10.04,7]heptadec-13-en-2-yl] benzoate; paclitaxel",345,0.9022159,0.8798685,1s 2s 3s 4s 7s 9s 10s 12r 15s 4 12 diacetyloxy 15 2r 3s 3 benzamido 2 hydroxy 3 phenylpropanoyl oxy 1 9 dihydroxy 10 14 17 17 tetramethyl 11 oxo 6 oxatetracyclo 11 3 1 03 10 04 7 heptadec 13 en 2 yl benzoate paclitaxel,CC(=O)O[C@H]1C(=O)[C@]2(C)[C@@H](O)C[C@@H]3OC[C@@]3(OC(C)=O)[C@@H]2[C@H](OC(=O)c2ccccc2)[C@]2(O)C[C@H](OC(=O)[C@H](O)[C@@H](NC(=O)c3ccccc3)c3ccccc3)C(C)=C1C2(C)C,1,1,True,False
136,"(1R,9S,12S,13R,14S,17R,18E,21S,23S,24R,25S,27R)-1,14-dihydroxy-12-[(E)-1-[(1R,3R,4R)-4-hydroxy-3-methoxycyclohexyl]prop-1-en-2-yl]-23,25-dimethoxy-13,19,21,27-tetramethyl-17-prop-2-enyl-11,28-dioxa-4-azatricyclo[22.3.1.04,9]octacos-18-ene-2,3,10,16-tetrone; Tacrolimus",24,0.9389223,0.893438,1r 9s 12s 13r 14s 17r 18e 21s 23s 24r 25s 27r 1 14 dihydroxy 12 e 1 1r 3r 4r 4 hydroxy 3 methoxycyclohexyl prop 1 en 2 yl 23 25 dimethoxy 13 19 21 27 tetramethyl 17 prop 2 enyl 11 28 dioxa 4 azatricyclo 22 3 1 04 9 octacos 18 ene 2 3 10 16 tetrone tacrolimus,C=CC[C@@H]1/C=C(\C)C[C@H](C)C[C@H](OC)[C@H]2O[C@@](O)(C(=O)C(=O)N3CCCC[C@H]3C(=O)O[C@H](/C(C)=C/[C@@H]3CC[C@@H](O)[C@H](OC)C3)[C@H](C)[C@@H](O)CC1=O)[C@H](C)C[C@@H]2OC,1,1,True,False
559,Ganetespib; ganetespib,75,0.9470695,0.80960524,ganetespib ganetespib,CC(C)c1cc(-c2n[nH]c(=O)n2-c2ccc3c(ccn3C)c2)c(O)cc1O,1,1,True,False
424,PHA-793887; Pha-793887,300,0.9468645,0.8484451,pha 793887 pha 793887,CC(C)CC(=O)Nc1n[nH]c2c1CN(C(=O)C1CCN(C)CC1)C2(C)C,1,1,True,False
1760,Hydroflumethiazide; reserpine; mepireserpate,35,0.9406644,0.8599051,hydroflumethiazide reserpine mepireserpate,COC(=O)C1C2CC3c4[nH]c5cc(OC)ccc5c4CCN3CC2CC(OC(=O)c2cc(OC)c(OC)c(OC)c2)C1OC,1,1,True,False
3756,"1-(4-(4-(3-Oxa-8-azabicyclo(3.2.1)octan-8-yl)-6-morpholino-1,3,5-triazin-2-yl)phenyl)-3-(pyridin-4-yl)urea; PKI-179",57,0.94641685,0.8299387,1 4 4 3 oxa 8 azabicyclo 3 2 1 octan 8 yl 6 morpholino 1 3 5 triazin 2 yl phenyl 3 pyridin 4 yl urea pki 179,O=C(Nc1ccncc1)Nc1ccc(-c2nc(N3CCOCC3)nc(N3C4CCC3COC4)n2)cc1,1,1,True,False
2545,Strophanthidin; strophanthidin,31,0.9470727,0.88539255,strophanthidin strophanthidin,C[C@]12CC[C@H]3[C@@H](CC[C@]4(O)C[C@@H](O)CC[C@]34C=O)[C@@]1(O)CC[C@@H]2C1=CC(=O)OC1,1,1,True,False
24172,Mln4924,250,0.94636256,0.8197029,mln4924,NS(=O)(=O)OCC1CC(n2ccc3c(NC4CCc5ccccc54)ncnc32)CC1O,1,1,True,False
2171,"(4-Amino-2-(1-methanesulfonylpiperidin-4-ylamino)pyrimidin-5-yl)(2,3-difluoro-6-methoxyphenyl)methanone; R-547",173,0.94320333,0.825387,4 amino 2 1 methanesulfonylpiperidin 4 ylamino pyrimidin 5 yl 2 3 difluoro 6 methoxyphenyl methanone r 547,COc1ccc(F)c(F)c1C(=O)c1cnc(NC2CCN(S(C)(=O)=O)CC2)nc1N,1,1,True,False
4657,SN-38,123,0.9413311,0.91555727,sn 38,CCc1c2c(nc3ccc(O)cc13)-c1cc3c(c(=O)n1C2)COC(=O)C3(O)CC,1,1,True,False
1278,Ascomycin; sirolimus,676,0.9443877,0.8897667,ascomycin sirolimus,CC[C@@H]1C=C(C)C[C@H](C)C[C@H](OC)[C@H]2O[C@@](O)(C(=O)C(=O)N3CCCC[C@H]3C(=O)O[C@H](C(C)=C[C@@H]3CC[C@@H](O)[C@H](OC)C3)[C@H](C)[C@@H](O)CC1=O)[C@H](C)C[C@@H]2OC,1,1,True,False
3488,"4-amino-1-[(2R,3S,4S,5R)-3,4-dihydroxy-5-(hydroxymethyl)oxolan-2-yl]pyrimidin-2-one; Cytarabine; cytarabine",235,0.9028313,0.84524715,4 amino 1 2r 3s 4s 5r 3 4 dihydroxy 5 hydroxymethyl oxolan 2 yl pyrimidin 2 one cytarabine cytarabine,Nc1ccn([C@@H]2O[C@H](CO)[C@@H](O)[C@@H]2O)c(=O)n1,1,1,True,False
427,Bortezomib,3036,0.94386816,0.83560085,bortezomib,CC(C)CC(NC(=O)C(Cc1ccccc1)NC(=O)c1cnccn1)B(O)O,1,1,True,False
4915,lestaurtinib,104,0.9366466,0.8506893,lestaurtinib,C[C@]12OC(C[C@]1(O)CO)n1c3ccccc3c3c4c(c5c6ccccc6n2c5c31)CNC4=O,1,1,True,False
20066,digitoxigenin,20,0.9507042,0.86922103,digitoxigenin,C[C@]12CC[C@H](O)C[C@@H]1CC[C@H]1[C@@H]2CC[C@]2(C)[C@@H](C3=CC(=O)OC3)CC[C@]12O,1,1,True,False
242,Docetaxel,256,0.87595475,0.9138187,docetaxel,CC(=O)OC12COC1CC(O)C1(C)C(=O)C(O)C3=C(C)C(OC(=O)C(O)C(NC(=O)OC(C)(C)C)c4ccccc4)CC(O)(C(OC(=O)c4ccccc4)C21)C3(C)C,1,5,True,True
760,Clobetasol Propionate; clobetasol,62,0.93696475,0.8318402,clobetasol propionate clobetasol,CCC(=O)O[C@]1(C(=O)CCl)[C@@H](C)C[C@H]2[C@@H]3CCC4=CC(=O)C=C[C@]4(C)[C@@]3(F)[C@@H](O)C[C@@]21C,1,1,True,False
1643,"1-(4-(1-(1,4-Dioxaspiro(4.5)decan-8-yl)-4-(8-oxa-3-azabicyclo(3.2.1)octan-3-yl)pyrazolo(3,4-d)pyrimidin-6-yl)phenyl)-3-methylurea; WYE-125132",93,0.93622917,0.82261866,1 4 1 1 4 dioxaspiro 4 5 decan 8 yl 4 8 oxa 3 azabicyclo 3 2 1 octan 3 yl pyrazolo 3 4 d pyrimidin 6 yl phenyl 3 methylurea wye 125132,CNC(=O)Nc1ccc(-c2nc(N3CC4CCC(C3)O4)c3cnn(C4CCC5(CC4)OCCO5)c3n2)cc1,1,1,True,False
3459,"9-(6-Aminopyridin-3-yl)-1-(3-(trifluoromethyl)phenyl)benzo(h)(1,6)naphthyridin-2(1H)-one; torin-2",98,0.93574995,0.8311734,9 6 aminopyridin 3 yl 1 3 trifluoromethyl phenyl benzo h 1 6 naphthyridin 2 1h one torin 2,Nc1ccc(-c2ccc3ncc4ccc(=O)n(-c5cccc(C(F)(F)F)c5)c4c3c2)cn1,1,1,True,False
5,Pralatrexate; pralatrexate,89,0.9354466,0.82335985,pralatrexate pralatrexate,C#CCC(Cc1cnc2nc(N)nc(N)c2n1)c1ccc(C(=O)N[C@@H](CCC(=O)O)C(=O)O)cc1,1,1,True,False
6372,MLN-9708; Mln9708,86,0.9348374,0.8434452,mln 9708 mln9708,CC(C)C[C@H](NC(=O)CNC(=O)c1cc(Cl)ccc1Cl)B1OC(=O)CC(CC(=O)O)(C(=O)O)O1,1,1,True,False
998,CYT-997; Lexibulin,85,0.9344735,0.8239315,cyt 997 lexibulin,CCC[C@H](Nc1nc(-c2ccc(NC(=O)NCC)c(OC)c2)ncc1C)c1cccnc1,1,1,True,False
6997,"1-[(3R,9S,10S)-12-[(2S)-1-hydroxypropan-2-yl]-9-[[(4-methoxyphenyl)methyl-methylamino]methyl]-3,10-dimethyl-13-oxo-2,8-dioxa-12-azabicyclo[12.4.0]octadeca-1(14),15,17-trien-16-yl]-3-[4-(trifluoromethyl)phenyl]urea; BRD-K80786583",27,0.93436193,0.8305055,1 3r 9s 10s 12 2s 1 hydroxypropan 2 yl 9 4 methoxyphenyl methyl methylamino methyl 3 10 dimethyl 13 oxo 2 8 dioxa 12 azabicyclo 12 4 0 octadeca 1 14 15 17 trien 16 yl 3 4 trifluoromethyl phenyl urea brd k80786583,COc1ccc(CN(C)C[C@H]2OCCCC[C@@H](C)Oc3ccc(NC(=O)Nc4ccc(C(F)(F)F)cc4)cc3C(=O)N([C@@H](C)CO)C[C@@H]2C)cc1,1,1,True,False
7446,"BRD-K58479490; N-(2-aminophenyl)-4-[[[(2R,3S)-5-[(2R)-1-hydroxypropan-2-yl]-3-methyl-6-oxo-9-[[oxo-[4-(trifluoromethyl)anilino]methyl]amino]-2,3,4,7-tetrahydro-1,5-benzoxazonin-2-yl]methyl-methylamino]methyl]benzamide",24,0.9341607,0.8278481,brd k58479490 n 2 aminophenyl 4 2r 3s 5 2r 1 hydroxypropan 2 yl 3 methyl 6 oxo 9 oxo 4 trifluoromethyl anilino methyl amino 2 3 4 7 tetrahydro 1 5 benzoxazonin 2 yl methyl methylamino methyl benzamide,C[C@H](CO)N1C[C@H](C)[C@H](CN(C)Cc2ccc(C(=O)Nc3ccccc3N)cc2)Oc2ccc(NC(=O)Nc3ccc(C(F)(F)F)cc3)cc2CC1=O,1,1,True,False
736,Thapsigargin; thapsigargin,84,0.9335373,0.8728024,thapsigargin thapsigargin,CC=C(C)C(=O)O[C@H]1C(C)=C2[C@H]([C@@H]1OC(=O)CCCCCCC)[C@@](C)(OC(C)=O)C[C@H](OC(=O)CCC)[C@@]1(O)[C@H]2OC(=O)[C@@]1(C)O,1,1,True,False
4757,alvespimycin,111,0.9787444,0.91724795,alvespimycin,COC1C=CC=C(C)C(=O)NC2=CC(=O)C(NCCN(C)C)=C(CC(C)CC(OC)C(O)C(C)C=C(C)C1OC(N)=O)C2=O,1,1,True,False
747,"1-(4-(4-propionylpiperazin-1-yl)-3-(trifluoromethyl)phenyl)-9-(quinolin-3-yl)benzo(h)(1,6)naphthyridin-2(1H)-one; torin-1",165,0.93151283,0.843577,1 4 4 propionylpiperazin 1 yl 3 trifluoromethyl phenyl 9 quinolin 3 yl benzo h 1 6 naphthyridin 2 1h one torin 1,CCC(=O)N1CCN(c2ccc(-n3c(=O)ccc4cnc5ccc(-c6cnc7ccccc7c6)cc5c43)cc2C(F)(F)F)CC1,1,1,True,False
1443,BRD-K89997465; Chlorpromazine,55,0.9319946,0.8290256,brd k89997465 chlorpromazine,CN(C)CCCN1c2ccccc2Sc2ccc(Cl)cc21,1,1,True,False
631,(S)-Crizotinib; Crizotinib; crizotinib,460,0.9537751,0.8121026,s crizotinib crizotinib crizotinib,CC(Oc1cc(-c2cnn(C3CCNCC3)c2)cnc1N)c1c(Cl)ccc(F)c1Cl,1,1,True,False
743,"(3S,6S,9S,12R)-3-[(2S)-butan-2-yl]-6-[(1-methoxyindol-3-yl)methyl]-9-(6-oxooctyl)-1,4,7,10-tetrazabicyclo[10.4.0]hexadecane-2,5,8,11-tetrone; Apicidin",92,0.935299,0.84639347,3s 6s 9s 12r 3 2s butan 2 yl 6 1 methoxyindol 3 yl methyl 9 6 oxooctyl 1 4 7 10 tetrazabicyclo 10 4 0 hexadecane 2 5 8 11 tetrone apicidin,CCC(=O)CCCCC[C@@H]1NC(=O)[C@H]2CCCCN2C(=O)[C@H]([C@@H](C)CC)NC(=O)[C@H](Cc2cn(OC)c3ccccc23)NC1=O,1,1,True,False
5086,genistein,47,0.941713,0.821169,genistein,O=c1c(-c2ccc(O)cc2)coc2cc(OC3OC(CO)C(O)C(O)C3O)cc(O)c12,1,1,True,False
527,Triptolide (PG490); triptolide,127,0.9325779,0.87285644,triptolide pg490 triptolide,CC(C)[C@@]12O[C@@H]1[C@@H]1O[C@]13[C@]1(O[C@@H]1C[C@@H]1C4=C(CC[C@@]13C)C(=O)OC4)[C@@H]2O,1,1,True,False
250,Pharmakon1600-01500231; dexamethasone-acetate,21,0.923443,0.8221884,pharmakon1600 01500231 dexamethasone acetate,CC(=O)OCC(=O)[C@@]1(O)[C@H](C)CC2C3CCC4=CC(=O)C=C[C@]4(C)[C@@]3(F)[C@@H](O)C[C@@]21C,1,1,True,False
457,Delanzomib; delanzomib,92,0.92331344,0.83802205,delanzomib delanzomib,CC(C)C[C@H](NC(=O)[C@@H](NC(=O)c1cccc(-c2ccccc2)n1)[C@@H](C)O)B(O)O,1,1,True,False
2916,LY-2603618; Rabusertib,30,0.9223703,0.81305873,ly 2603618 rabusertib,Cc1cnc(NC(=O)Nc2cc(Br)c(C)cc2OC[C@@H]2CNCCO2)cn1,1,1,True,False
1471,Abexinostat; PCI-24781,117,0.9791202,0.8278991,abexinostat pci 24781,CN(C)Cc1c(C(=O)NCCOc2ccc(C(=O)NO)cc2)oc2ccccc12,1,1,True,False
5349,"bruceantin; methyl (1R,2S,3R,6R,8S,13S,14R,15R,16S,17S)-3-[(E)-3,4-dimethylpent-2-enoyl]oxy-15,16-dihydroxy-9,13-dimethyl-4,10,11-trioxo-5,18-dioxapentacyclo[12.5.0.01,6.02,17.08,13]nonadecane-17-carboxylate",82,0.9364466,0.8796705,bruceantin methyl 1r 2s 3r 6r 8s 13s 14r 15r 16s 17s 3 e 3 4 dimethylpent 2 enoyl oxy 15 16 dihydroxy 9 13 dimethyl 4 10 11 trioxo 5 18 dioxapentacyclo 12 5 0 01 6 02 17 08 13 nonadecane 17 carboxylate,COC(=O)[C@@]12OC[C@]34[C@H]([C@@H](O)[C@@H]1O)[C@@]1(C)CC(=O)C(=O)C(C)[C@@H]1C[C@H]3OC(=O)[C@H](OC(=O)C=C(C)C(C)C)[C@@H]24,1,1,True,False
6351,"(8S,9R,13S,14S,16R)-17-[(E,2R)-2,6-dihydroxy-6-methyl-3-oxohept-4-en-2-yl]-16-hydroxy-4,4,9,13,14-pentamethyl-1,7,8,10,12,15,16,17-octahydrocyclopenta[a]phenanthrene-2,3,11-trione; BRD-A49680073",20,0.9211745,0.89100903,8s 9r 13s 14s 16r 17 e 2r 2 6 dihydroxy 6 methyl 3 oxohept 4 en 2 yl 16 hydroxy 4 4 9 13 14 pentamethyl 1 7 8 10 12 15 16 17 octahydrocyclopenta a phenanthrene 2 3 11 trione brd a49680073,CC(C)(O)/C=C/C(=O)[C@](C)(O)C1[C@H](O)C[C@@]2(C)[C@@H]3CC=C4C(CC(=O)C(=O)C4(C)C)[C@]3(C)C(=O)C[C@@]12C,1,1,True,False
3502,Cladribine; cladribine,53,0.9205965,0.80574924,cladribine cladribine,Nc1nc(Cl)nc2c1ncn2[C@H]1C[C@H](O)[C@@H](CO)O1,1,1,True,False
575,TW-37,136,0.92035604,0.8206026,tw 37,CC(C)c1ccccc1Cc1cc(C(=O)Nc2ccc(S(=O)(=O)c3ccccc3C(C)(C)C)cc2)c(O)c(O)c1O,1,1,True,False
1703,Genz-644282; genz-644282,78,0.91984713,0.84323424,genz 644282 genz 644282,CNCCn1c(=O)c2cc(OC)c(OC)cc2c2cnc3cc4c(cc3c21)OCO4,1,1,True,False
4246,"N-([1,1'-Biphenyl]-4-ylmethyl)-6-phenyl-3-(pyridin-2-yl)-1,2,4-triazin-5-amine; VU-0418946-1",55,0.9191047,0.8352764,n 1 1 biphenyl 4 ylmethyl 6 phenyl 3 pyridin 2 yl 1 2 4 triazin 5 amine vu 0418946 1,c1ccc(-c2ccc(CNc3nc(-c4ccccn4)nnc3-c3ccccc3)cc2)cc1,1,1,True,False
4764,YM-155,219,0.92397904,0.83165944,ym 155,COCCn1c2c([n+](Cc3cnccn3)c1C)C(=O)c1ccccc1C2=O,1,1,True,False
2090,KU-0063794; Ku-0063794,77,0.9185589,0.86802703,ku 0063794 ku 0063794,COc1ccc(-c2ccc3c(N4CCOCC4)nc(N4C[C@@H](C)O[C@@H](C)C4)nc3n2)cc1CO,1,1,True,False
2385,5-(6-((4-Methyl-1-piperazinyl)methyl)-1H-benzimidazol-1-yl)-3-((1R)-1-(2-(trifluoromethyl)phenyl)ethoxy)-2-thiophenecarboxamide; GSK-461364,227,0.91812235,0.8013717,5 6 4 methyl 1 piperazinyl methyl 1h benzimidazol 1 yl 3 1r 1 2 trifluoromethyl phenyl ethoxy 2 thiophenecarboxamide gsk 461364,C[C@@H](Oc1cc(-n2cnc3ccc(CN4CCN(C)CC4)cc32)sc1C(N)=O)c1ccccc1C(F)(F)F,1,1,True,False
2026,"(8aR,9R)-5-[[(2R,4aR,6R,7R,8R)-7,8-dihydroxy-2-thiophen-2-yl-4,4a,6,7,8,8a-hexahydropyrano[3,2-d][1,3]dioxin-6-yl]oxy]-9-(4-hydroxy-3,5-dimethoxyphenyl)-5a,6,8a,9-tetrahydro-5H-isobenzofuro[6,5-f][1,3]benzodioxol-8-one; teniposide",47,0.9181108,0.8738375,8ar 9r 5 2r 4ar 6r 7r 8r 7 8 dihydroxy 2 thiophen 2 yl 4 4a 6 7 8 8a hexahydropyrano 3 2 d 1 3 dioxin 6 yl oxy 9 4 hydroxy 3 5 dimethoxyphenyl 5a 6 8a 9 tetrahydro 5h isobenzofuro 6 5 f 1 3 benzodioxol 8 one teniposide,COc1cc([C@@H]2c3cc4c(cc3C(O[C@@H]3O[C@@H]5CO[C@@H](c6cccs6)OC5[C@H](O)[C@H]3O)C3COC(=O)[C@@H]32)OCO4)cc(OC)c1O,1,1,True,False
930,"(R)-2,4,6-Trimethyl-deca-2,4-dienoic acid {(1S,5S,6R)-5-hydroxy-5-[(1E,3E,5E)-6-(2-hydroxy-5-oxo-cyclopent-1-enylcarbamoyl)-hexa-1,3,5-trienyl]-2-oxo-7-oxa-bicyclo[4.1.0]hept-3-en-3-yl}-amide; manumycin-a",110,0.9171814,0.8550231,r 2 4 6 trimethyl deca 2 4 dienoic acid 1s 5s 6r 5 hydroxy 5 1e 3e 5e 6 2 hydroxy 5 oxo cyclopent 1 enylcarbamoyl hexa 1 3 5 trienyl 2 oxo 7 oxa bicyclo 4 1 0 hept 3 en 3 yl amide manumycin a,CCCC[C@@H](C)/C=C(C)/C=C(\C)C(=O)NC1=C[C@@](O)(C=CC=CC=CC(=O)NC2C(=O)CCC2=O)[C@@H]2O[C@@H]2C1=O,1,1,True,False
1905,Cabazitaxel (Jevtana); cabazitaxel,53,0.9158393,0.8797431,cabazitaxel jevtana cabazitaxel,CO[C@H]1C(=O)[C@@]2(C)[C@H]([C@@H](OC(=O)c3ccccc3)[C@@]3(O)C[C@H](OC(=O)[C@H](O)[C@@H](NC(=O)OC(C)(C)C)c4ccccc4)C(C)=C1C3(C)C)[C@]1(OC(C)=O)CO[C@@H]1C[C@H]2OC,1,1,True,False
812,Valrubicin; valrubicin,41,0.9157727,0.89115036,valrubicin valrubicin,CCCCC(=O)OCC(=O)[C@]1(O)Cc2c(O)c3c(c(O)c2[C@@H](O[C@H]2C[C@H](NC(=O)C(F)(F)F)[C@H](O)[C@H](C)O2)C1)C(=O)c1c(OC)cccc1C3=O,1,1,True,False
1106,"2-[4-[(4-Ethyl-1-piperazinyl)methyl]-3-(trifluoromethyl)anilino]-5,11-dimethyl-6-pyrimido[4,5-b][1,4]benzodiazepinone; JWE-035",49,0.915565,0.8350673,2 4 4 ethyl 1 piperazinyl methyl 3 trifluoromethyl anilino 5 11 dimethyl 6 pyrimido 4 5 b 1 4 benzodiazepinone jwe 035,CCN1CCN(Cc2ccc(Nc3ncc4c(n3)N(C)c3ccccc3C(=O)N4C)cc2C(F)(F)F)CC1,1,1,True,False
260,"4,15-Diacetoxyscirpen-3-ol; anguidine",58,0.91499454,0.8746227,4 15 diacetoxyscirpen 3 ol anguidine,CC(=O)OC[C@]12CCC(C)=C[C@H]1O[C@@H]1[C@H](O)[C@@H](OC(C)=O)[C@@]2(C)[C@@]12CO2,1,1,True,False
6445,"(9E,11E)-16-chloro-17,19-dihydroxy-4-methyl-3,7-dioxatricyclo[13.4.0.06,8]nonadeca-1(15),9,11,16,18-pentaene-2,13-dione; radicicol",188,0.91462487,0.8359562,9e 11e 16 chloro 17 19 dihydroxy 4 methyl 3 7 dioxatricyclo 13 4 0 06 8 nonadeca 1 15 9 11 16 18 pentaene 2 13 dione radicicol,CC1CC2OC2C=CC=CC(=O)Cc2c(Cl)c(O)cc(O)c2C(=O)O1,1,1,True,False
1294,Dolastatin 10; dolastatin-10,112,0.91265225,0.83842325,dolastatin 10 dolastatin 10,CC[C@H](C)[C@@H]([C@@H](CC(=O)N1CCC[C@H]1[C@H](OC)[C@@H](C)C(=O)N[C@@H](Cc1ccccc1)c1nccs1)OC)N(C)C(=O)[C@@H](NC(=O)[C@H](C(C)C)N(C)C)C(C)C,1,1,True,False
737,Ingenol Mebutate; ingenol-mebutate,67,0.91240287,0.8748418,ingenol mebutate ingenol mebutate,CC=C(C)C(=O)O[C@H]1C(C)=C[C@]23C(=O)[C@@H](C=C(CO)[C@@H](O)[C@]12O)[C@H]1[C@@H](C[C@H]3C)C1(C)C,1,1,True,False
3547,5-Azacytidine; Azacitidine; Azacytidine,300,0.8802452,0.85037327,5 azacytidine azacitidine azacytidine,Nc1ncn(C2OC(CO)C(O)C2O)c(=O)n1,1,1,True,False
2547,"(8R,9R,13S,14S,17R)-13-methyl-6,7,8,9,11,12,14,15,16,17-decahydrocyclopenta[a]phenanthrene-3,17-diol; estradiol",122,0.9070566,0.83556426,8r 9r 13s 14s 17r 13 methyl 6 7 8 9 11 12 14 15 16 17 decahydrocyclopenta a phenanthrene 3 17 diol estradiol,C[C@]12CC[C@H]3c4ccc(O)cc4CC[C@H]3[C@@H]1CC[C@H]2O,1,1,True,False
5354,"N-[(2S)-3-methoxy-1-[[(2S)-3-methoxy-1-[[(2S)-1-(2-methyloxiran-2-yl)-1-oxo-3-phenylpropan-2-yl]amino]-1-oxopropan-2-yl]amino]-1-oxopropan-2-yl]-2-methyl-1,3-thiazole-5-carboxamide; oprozomib",77,0.9116222,0.82581127,n 2s 3 methoxy 1 2s 3 methoxy 1 2s 1 2 methyloxiran 2 yl 1 oxo 3 phenylpropan 2 yl amino 1 oxopropan 2 yl amino 1 oxopropan 2 yl 2 methyl 1 3 thiazole 5 carboxamide oprozomib,COC[C@H](NC(=O)c1cnc(C)s1)C(=O)N[C@@H](COC)C(=O)N[C@@H](Cc1ccccc1)C(=O)C1(C)CO1,1,1,True,False
2491,"(6S,8S,10R,11S,13S,14S,17R)-11,17-dihydroxy-17-(2-hydroxyacetyl)-6,10,13-trimethyl-7,8,9,11,12,14,15,16-octahydro-6H-cyclopenta[a]phenanthren-3-one; methylprednisolone",37,0.91151184,0.8195351,6s 8s 10r 11s 13s 14s 17r 11 17 dihydroxy 17 2 hydroxyacetyl 6 10 13 trimethyl 7 8 9 11 12 14 15 16 octahydro 6h cyclopenta a phenanthren 3 one methylprednisolone,C[C@H]1C[C@@H]2[C@H]([C@@H](O)C[C@@]3(C)[C@H]2CC[C@]3(O)C(=O)CO)[C@@]2(C)C=CC(=O)C=C12,1,1,True,False
2093,BGT-226; BGT-226 free base,73,0.9104511,0.84572184,bgt 226 bgt 226 free base,COc1ccc(-c2ccc3ncc4c(c3c2)n(-c2ccc(N3CCNCC3)c(C(F)(F)F)c2)c(=O)n4C)cn1,1,1,True,False
147,"[(3R,4aR,5S,6S,10S,10aR,10bS)-3-ethenyl-6,10,10b-trihydroxy-3,4a,7,7,10a-pentamethyl-1-oxo-5,6,6a,8,9,10-hexahydro-2H-benzo[f]chromen-5-yl] acetate; colforsin",23,0.9086275,0.8264739,3r 4ar 5s 6s 10s 10ar 10bs 3 ethenyl 6 10 10b trihydroxy 3 4a 7 7 10a pentamethyl 1 oxo 5 6 6a 8 9 10 hexahydro 2h benzo f chromen 5 yl acetate colforsin,C=C[C@@]1(C)CC(=O)[C@@]2(O)[C@](C)(O1)[C@@H](OC(C)=O)[C@@H](O)C1C(C)(C)CC[C@H](O)[C@@]12C,1,1,True,False
253,"[2-[(4R,8S,9S,11S,12R,13S,19S)-12,19-Difluoro-11-hydroxy-6,6,9,13-tetramethyl-16-oxo-5,7-dioxapentacyclo[10.8.0.02,9.04,8.013,18]icosa-14,17-dien-8-yl]-2-oxoethyl] acetate; fluocinolone-acetonide",32,0.9088218,0.86362094,2 4r 8s 9s 11s 12r 13s 19s 12 19 difluoro 11 hydroxy 6 6 9 13 tetramethyl 16 oxo 5 7 dioxapentacyclo 10 8 0 02 9 04 8 013 18 icosa 14 17 dien 8 yl 2 oxoethyl acetate fluocinolone acetonide,CC(=O)OCC(=O)[C@@]12OC(C)(C)O[C@@H]1CC1C3C[C@H](F)C4=CC(=O)C=C[C@]4(C)[C@@]3(F)[C@@H](O)C[C@@]12C,1,1,True,False
8882,BRD-A28105619,52,0.90867716,0.9011095,brd a28105619,CC(C)(O)C=CC(=O)[C@](C)(O)C1[C@H](O)C[C@@]2(C)C3CC=C4C(CC(=O)C(=O)C4(C)C)[C@]3(C)C(=O)C[C@]12C,1,1,True,False
1585,Prochlorperazine; prochlorperazine,35,0.91062564,0.84042585,prochlorperazine prochlorperazine,CN1CCN(CCCN2c3ccccc3Sc3ccc(Cl)cc32)CC1,1,1,True,False
5274,"4-(6,6-dimethyl-4-oxo-3-(trifluoromethyl)-4,5,6,7-tetrahydro-1H-indazol-1-yl)-2-((1r,4r)-4-hydroxycyclohexylamino)benzamide; SNX-2112",123,0.9083014,0.8424082,4 6 6 dimethyl 4 oxo 3 trifluoromethyl 4 5 6 7 tetrahydro 1h indazol 1 yl 2 1r 4r 4 hydroxycyclohexylamino benzamide snx 2112,CC1(C)CC(=O)c2c(C(F)(F)F)nn(-c3ccc(C(N)=O)c(N[C@H]4CC[C@H](O)CC4)c3)c2C1,1,1,True,False
2483,Brefeldin A; brefeldin-a,82,0.9082413,0.8131793,brefeldin a brefeldin a,C[C@H]1CCCC=C[C@@H]2C[C@H](O)C[C@H]2[C@H](O)C=CC(=O)O1,1,1,True,False
24036,Clozapine,38,0.9184022,0.7964816,clozapine,CN1CCN(C2=c3ccccc3=Nc3ccc(Cl)cc3N2)CC1,1,1,True,False
5371,BRD-K61195623; Combretastatin A4,88,0.90737754,0.8144447,brd k61195623 combretastatin a4,COc1ccc(C=Cc2cc(OC)c(OC)c(OC)c2)cc1O,1,1,True,False
1322,Vinblastine; vinblastine,88,0.9055919,0.8329443,vinblastine vinblastine,CC[C@]1(O)C[C@@H]2CN(CCc3c([nH]c4ccccc34)[C@@](C(=O)OC)(c3cc4c(cc3OC)N(C)[C@H]3[C@@](O)(C(=O)OC)[C@H](OC(C)=O)[C@]5(CC)C=CCN6CC[C@]43[C@@H]65)C2)C1,1,1,True,False
762,Fluticasone Propionate; fluticasone-propionate,53,0.90529895,0.8840521,fluticasone propionate fluticasone propionate,CCC(=O)O[C@]1(C(=O)SCF)[C@H](C)C[C@H]2[C@@H]3C[C@H](F)C4=CC(=O)C=C[C@]4(C)[C@@]3(F)[C@@H](O)C[C@@]21C,1,1,True,False
2430,"5-[(3S,10R,13R,14S,17R)-14-hydroxy-10,13-dimethyl-3-[(2R,3R,4R,5R,6S)-3,4,5-trihydroxy-6-methyloxan-2-yl]oxy-1,2,3,6,7,8,9,11,12,15,16,17-dodecahydrocyclopenta[a]phenanthren-17-yl]pyran-2-one; proscillaridin",29,0.9521718,0.8619731,5 3s 10r 13r 14s 17r 14 hydroxy 10 13 dimethyl 3 2r 3r 4r 5r 6s 3 4 5 trihydroxy 6 methyloxan 2 yl oxy 1 2 3 6 7 8 9 11 12 15 16 17 dodecahydrocyclopenta a phenanthren 17 yl pyran 2 one proscillaridin,C[C@@H]1O[C@@H](O[C@@H]2C=C3CCC4C(CC[C@]5(C)[C@@H](c6ccc(=O)oc6)CC[C@]45O)[C@@]3(C)CC2)[C@H](O)[C@H](O)[C@H]1O,1,1,True,False
70,thiostrepton,40,0.9049246,0.8237578,thiostrepton,C=C(NC(=O)C(=C)NC(=O)c1csc(C2=NC3c4csc(n4)C4NC(=O)c5csc(n5)C(C(C)(O)C(C)O)NC(=O)C5CSC(=N5)C(=CC)NC(=O)C(C(C)O)NC(=O)c5csc(n5)C3(CC2)NC(=O)C(C)NC(=O)C(=C)NC(=O)C(C)NC(=O)C(C(C)CC)NC2C=Cc3c(C(C)O)cc(nc3C2O)C(=O)OC4C)n1)C(N)=O,1,2,True,True
27,Levonorgestrel; levonorgestrel,27,0.9057701,0.82411546,levonorgestrel levonorgestrel,C#C[C@]1(O)CC[C@H]2[C@@H]3CCC4=CC(=O)CC[C@@H]4[C@H]3CC[C@@]21CC,1,1,True,False
768,"[(1S,3R,7S,8R,8aS)-8-[2-[(2R,4R)-4-hydroxy-6-oxooxan-2-yl]ethyl]-3,7-dimethyl-1,2,3,7,8,8a-hexahydronaphthalen-1-yl] 2,2-dimethylbutanoate; simvastatin",67,0.90168935,0.83783305,1s 3r 7s 8r 8as 8 2 2r 4r 4 hydroxy 6 oxooxan 2 yl ethyl 3 7 dimethyl 1 2 3 7 8 8a hexahydronaphthalen 1 yl 2 2 dimethylbutanoate simvastatin,CCC(C)(C)C(=O)O[C@H]1C[C@@H](C)C=C2C=C[C@H](C)[C@@H](CC[C@@H]3C[C@@H](O)CC(=O)O3)[C@@H]21,1,1,True,False
4611,cycloheximide,71,0.90699303,0.8369358,cycloheximide,CCOC(=O)CN1C(=O)CC(C[C@@H](O)C2C[C@@H](C)C[C@H](C)C2=O)CC1=O,1,1,True,False
942,Parbendazole; parbendazole,125,0.9026363,0.7685053,parbendazole parbendazole,CCCCc1ccc2[nH]c(NC(=O)OC)nc2c1,1,1,True,False
3610,Scriptaid; scriptaid,48,0.9024168,0.83108634,scriptaid scriptaid,O=C(CCCCCN1C(=O)c2cccc3cccc(c23)C1=O)NO,1,1,True,False
1678,"N,1,4,4-Tetramethyl-8-((4-(4-methylpiperazin-1-yl)phenyl)amino)-4,5-dihydro-1H-pyrazolo(4,3-h)quinazoline-3-carboxamide; PHA-848125",90,0.90213525,0.86144197,n 1 4 4 tetramethyl 8 4 4 methylpiperazin 1 yl phenyl amino 4 5 dihydro 1h pyrazolo 4 3 h quinazoline 3 carboxamide pha 848125,CNC(=O)c1nn(C)c2c1C(C)(C)Cc1cnc(Nc3ccc(N4CCN(C)CC4)cc3)nc1-2,1,1,True,False
1914,"(1R,9S,12S,15R,16Z,18R,19R,21R,23S,24E,26E,28E,30S,32S,35R)-12-[(2R)-1-[(1S,3R,4R)-4-dimethylphosphoryloxy-3-methoxycyclohexyl]propan-2-yl]-1,18-dihydroxy-19,30-dimethoxy-15,17,21,23,29,35-hexamethyl-11,36-dioxa-4-azatricyclo[30.3.1.04,9]hexatriaconta-16,24,26,28-tetraene-2,3,10,14,20-pentone; deforolimus",68,0.90203506,0.8893547,1r 9s 12s 15r 16z 18r 19r 21r 23s 24e 26e 28e 30s 32s 35r 12 2r 1 1s 3r 4r 4 dimethylphosphoryloxy 3 methoxycyclohexyl propan 2 yl 1 18 dihydroxy 19 30 dimethoxy 15 17 21 23 29 35 hexamethyl 11 36 dioxa 4 azatricyclo 30 3 1 04 9 hexatriaconta 16 24 26 28 tetraene 2 3 10 14 20 pentone deforolimus,CO[C@H]1C[C@@H]2CC[C@@H](C)[C@@](O)(O2)C(=O)C(=O)N2CCCC[C@H]2C(=O)O[C@H]([C@H](C)C[C@@H]2CC[C@@H](OP(C)(C)=O)[C@H](OC)C2)CC(=O)[C@H](C)C=C(C)[C@@H](O)[C@@H](OC)C(=O)[C@H](C)C[C@H](C)C=CC=C/C=C/1C,1,1,True,False
1118,GDC-0349; Gdc-0349,40,0.9001205,0.84585905,gdc 0349 gdc 0349,CCNC(=O)Nc1ccc(-c2nc3c(c(N4CCOC[C@@H]4C)n2)CCN(C2COC2)C3)cc1,1,1,True,False
4440,GDC-0068,62,0.89933425,0.86562777,gdc 0068,CC(C)NC[C@@H](C(=O)N1CCN(c2ncnc3c2[C@H](C)C[C@@H]3O)CC1)c1ccc(Cl)cc1,1,1,True,False
2277,"(7R,9S)-7-[(2R,4S,5S,6S)-4-amino-5-hydroxy-6-methyloxan-2-yl]oxy-6,9,11-trihydroxy-9-(2-hydroxyacetyl)-4-methoxy-8,10-dihydro-7H-tetracene-5,12-dione; doxorubicin",386,0.9721764,0.962845,7r 9s 7 2r 4s 5s 6s 4 amino 5 hydroxy 6 methyloxan 2 yl oxy 6 9 11 trihydroxy 9 2 hydroxyacetyl 4 methoxy 8 10 dihydro 7h tetracene 5 12 dione doxorubicin,COc1cccc2c1C(=O)c1c(O)c3c(c(O)c1C2=O)C[C@@](O)(C(=O)CO)C[C@H]3O[C@H]1C[C@H](N)[C@H](O)[C@H](C)O1,1,1,True,False
1312,Birinapant; birinapant,88,0.8982473,0.8485246,birinapant birinapant,CC[C@H](NC(=O)[C@H](C)NC)C(=O)N1C[C@@H](O)C[C@H]1Cc1c(-c2[nH]c3cc(F)ccc3c2C[C@@H]2C[C@H](O)CN2C(=O)[C@H](CC)NC(=O)[C@H](C)NC)[nH]c2cc(F)ccc12,1,1,True,False
109,N-[3-[[2-[[4-(dimethylamino)cyclohexyl]amino]-9-propan-2-yl-6-purinyl]amino]phenyl]-2-propenamide; WZ-3105,78,0.89773357,0.79510224,n 3 2 4 dimethylamino cyclohexyl amino 9 propan 2 yl 6 purinyl amino phenyl 2 propenamide wz 3105,C=CC(=O)Nc1cccc(Nc2nc(N[C@H]3CC[C@H](N(C)C)CC3)nc3c2ncn3C(C)C)c1,1,1,True,False
6744,Chelidonine; chelidonine,50,0.8973186,0.8453294,chelidonine chelidonine,CN1Cc2c(ccc3c2OCO3)[C@@H]2[C@H]1c1cc3c(cc1C[C@@H]2O)OCO3,1,1,True,False
642,"(4Z,7Z,10Z,13Z,16Z,19Z)-docosa-4,7,10,13,16,19-hexaenoic acid; Doconexent",29,0.8918671,0.75504464,4z 7z 10z 13z 16z 19z docosa 4 7 10 13 16 19 hexaenoic acid doconexent,CC/C=C\C/C=C\C/C=C\C/C=C\C/C=C\C/C=C\CCC(=O)O,1,1,True,False
722,"6,9-difluoro-11-hydroxy-17-(3-hydroxy-2-oxopropyl)-10,13,16-trimethyl-3-oxo-6,7,8,11,12,14,15,16-octahydrocyclopenta[a]phenanthrene-17-carbothioic acid S-(fluoromethyl) ester; fluticasone",21,0.9019079,0.8659023,6 9 difluoro 11 hydroxy 17 3 hydroxy 2 oxopropyl 10 13 16 trimethyl 3 oxo 6 7 8 11 12 14 15 16 octahydrocyclopenta a phenanthrene 17 carbothioic acid s fluoromethyl ester fluticasone,CC1CC2C3CC(F)C4=CC(=O)C=CC4(C)C3(F)C(O)CC2(C)C1(CC(=O)CO)C(=O)SCF,1,1,True,False
3117,fluphenazine; fluphenazine-N-mustard,43,0.8956429,0.8223411,fluphenazine fluphenazine n mustard,FC(F)(F)c1ccc2c(c1)N(CCCN1CCN(CCCl)CC1)c1ccccc1S2,1,1,True,False
1724,"(9S,10R,11R,13R)-2,3,10,11,12,13-hexahydro-10-methoxy-9-methyl-11-(methylamino)-9,13-epoxy-1H,9H-diindolo[1,2,3-gh:3',2',1'-lm]pyrrolo[3,4-j][1,7]benzodiazonin-1-one; staurosporine",68,0.90096915,0.8530458,9s 10r 11r 13r 2 3 10 11 12 13 hexahydro 10 methoxy 9 methyl 11 methylamino 9 13 epoxy 1h 9h diindolo 1 2 3 gh 3 2 1 lm pyrrolo 3 4 j 1 7 benzodiazonin 1 one staurosporine,CN[C@@H]1C[C@@]2(C)O[C@@H]([C@@H]1OC)n1c3ccccc3c3c4c(c5c6ccccc6n2c5c31)C(=O)NC4,1,1,True,False
7187,"2,4-difluoro-N-[2-methoxy-4-[4-(4-pyridazinyl)-6-quinolinyl]-3-pyridinyl]benzenesulfonamide; GSK-2126458",109,0.8923436,0.8228453,2 4 difluoro n 2 methoxy 4 4 4 pyridazinyl 6 quinolinyl 3 pyridinyl benzenesulfonamide gsk 2126458,COc1nccc(-c2ccc3nccc(-c4ccnnc4)c3c2)c1NS(=O)(=O)c1ccc(F)cc1F,1,1,True,False
2654,AZD-8330; Azd-8330,83,0.89220595,0.84472036,azd 8330 azd 8330,Cc1cc(C(=O)NOCCO)c(Nc2ccc(I)cc2F)n(C)c1=O,1,1,True,False
671,Halcinonide; halcinonide,33,0.8920327,0.8438511,halcinonide halcinonide,CC1(C)O[C@@H]2C[C@H]3[C@@H]4CCC5=CC(=O)CC[C@]5(C)[C@@]4(F)[C@@H](O)C[C@]3(C)[C@]2(C(=O)CCl)O1,1,1,True,False
7273,"1-[(3S,9R,10R)-12-[(2S)-1-(dimethylamino)propan-2-yl]-9-[[(4-fluorophenyl)sulfonyl-methylamino]methyl]-3,10-dimethyl-13-oxo-2,8-dioxa-12-azabicyclo[12.4.0]octadeca-1(14),15,17-trien-16-yl]-3-phenylurea; CAM-9-027-3",29,0.8901533,0.84012926,1 3s 9r 10r 12 2s 1 dimethylamino propan 2 yl 9 4 fluorophenyl sulfonyl methylamino methyl 3 10 dimethyl 13 oxo 2 8 dioxa 12 azabicyclo 12 4 0 octadeca 1 14 15 17 trien 16 yl 3 phenylurea cam 9 027 3,C[C@@H]1CN([C@@H](C)CN(C)C)C(=O)c2cc(NC(=O)Nc3ccccc3)ccc2O[C@@H](C)CCCCO[C@H]1CN(C)S(=O)(=O)c1ccc(F)cc1,1,1,True,False
3096,JNJ-26481585; Quisinostat,165,0.91556025,0.8254409,jnj 26481585 quisinostat,Cn1cc(CNCC2CCN(c3ncc(C(=O)NO)cn3)CC2)c2ccccc21,1,1,True,False
1921,Mycophenolate Mofetil; mycophenolate-mofetil,81,0.889985,0.8532382,mycophenolate mofetil mycophenolate mofetil,COc1c(C)c2c(c(O)c1CC=C(C)CCC(=O)OCCN1CCOCC1)C(=O)OC2,1,1,True,False
367,"BMS-387032; N-(5-(((5-(1,1-Dimethylethyl)-2-oxazolyl)methyl)thio)-2-thiazolyl)-4-piperidinecarboxamide; N-[5-[(5-tert-butyl-1,3-oxazol-2-yl)methylsulfanyl]-1,3-thiazol-2-yl]piperidine-4-carboxamide",137,0.88984644,0.80760604,bms 387032 n 5 5 1 1 dimethylethyl 2 oxazolyl methyl thio 2 thiazolyl 4 piperidinecarboxamide n 5 5 tert butyl 1 3 oxazol 2 yl methylsulfanyl 1 3 thiazol 2 yl piperidine 4 carboxamide,CC(C)(C)c1cnc(CSc2cnc(NC(=O)C3CCNCC3)s2)o1,1,1,True,False
7642,"BRD-K61717269; N-[(4-methylphenyl)methyl]-6-phenyl-3-(2-pyridinyl)-1,2,4-triazin-5-amine",26,0.8892805,0.8410637,brd k61717269 n 4 methylphenyl methyl 6 phenyl 3 2 pyridinyl 1 2 4 triazin 5 amine,Cc1ccc(CNc2nc(-c3ccccn3)nnc2-c2ccccc2)cc1,1,1,True,False
103,Canertinib; canertinib,114,0.88923293,0.8175284,canertinib canertinib,C=CC(=O)Nc1cc2c(Nc3ccc(F)c(Cl)c3)ncnc2cc1OCCCN1CCOCC1,1,1,True,False
1828,"2-[5-[(3,5-dimethyl-1H-pyrrol-2-yl)methylidene]-4-methoxy-2-pyrrolylidene]indole; obatoclax",114,0.9557634,0.8146883,2 5 3 5 dimethyl 1h pyrrol 2 yl methylidene 4 methoxy 2 pyrrolylidene indole obatoclax,COC1=CC(c2cc3ccccc3[nH]2)=NC1=Cc1[nH]c(C)cc1C,1,1,True,False
7131,2-[(chloroacetyl)(3-methoxyphenyl)amino]-N-(2-phenylethyl)-2-thien-2-ylacetamide; K784-3187,31,0.88897306,0.780319,2 chloroacetyl 3 methoxyphenyl amino n 2 phenylethyl 2 thien 2 ylacetamide k784 3187,COc1cccc(N(C(=O)CCl)C(C(=O)NCCc2ccccc2)c2cccs2)c1,1,1,True,False
72,"(1R,3S,5Z)-5-[(2E)-2-[(1R,3aS,7aR)-1-[(E,2R,5S)-5-cyclopropyl-5-hydroxypent-3-en-2-yl]-7a-methyl-2,3,3a,5,6,7-hexahydro-1H-inden-4-ylidene]ethylidene]-4-methylidenecyclohexane-1,3-diol; Calcipotriol",44,0.88828325,0.8237947,1r 3s 5z 5 2e 2 1r 3as 7ar 1 e 2r 5s 5 cyclopropyl 5 hydroxypent 3 en 2 yl 7a methyl 2 3 3a 5 6 7 hexahydro 1h inden 4 ylidene ethylidene 4 methylidenecyclohexane 1 3 diol calcipotriol,C=C1/C(=C\C=C2/CCC[C@]3(C)[C@@H]([C@H](C)/C=C/[C@@H](O)C4CC4)CC[C@@H]23)C[C@@H](O)C[C@@H]1O,1,1,True,False
6913,"9-(3,5-Dimethoxyphenyl)-1-[4-(1-piperazinyl)-3-(trifluoromethyl)phenyl]-2-benzo[h][1,6]naphthyridinone; JW-7-24-1",46,0.88808733,0.85645807,9 3 5 dimethoxyphenyl 1 4 1 piperazinyl 3 trifluoromethyl phenyl 2 benzo h 1 6 naphthyridinone jw 7 24 1,COc1cc(OC)cc(-c2ccc3ncc4ccc(=O)n(-c5ccc(N6CCNCC6)c(C(F)(F)F)c5)c4c3c2)c1,1,1,True,False
6877,Piperlongumine; piperlongumine,50,0.915502,0.809306,piperlongumine piperlongumine,COc1cc(/C=C/C(=O)N2CCC=CC2=O)cc(OC)c1OC,1,1,True,False
3995,6-Bromoindirubin-3'-oxime; BRD-K04923131,108,0.88632685,0.79900706,6 bromoindirubin 3 oxime brd k04923131,O=C1Nc2cc(Br)ccc2/C1=C1/Nc2ccccc2C1=NO,1,1,True,False
88,"(8R,9R,10R,13S,14R)-10,13-dimethyl-6-methylidene-7,8,9,11,12,14,15,16-octahydrocyclopenta[a]phenanthrene-3,17-dione; exemestane",38,0.88601387,0.8146303,8r 9r 10r 13s 14r 10 13 dimethyl 6 methylidene 7 8 9 11 12 14 15 16 octahydrocyclopenta a phenanthrene 3 17 dione exemestane,C=C1C[C@@H]2[C@@H](CC[C@]3(C)C(=O)CC[C@H]23)[C@@]2(C)C=CC(=O)C=C12,1,1,True,False
1982,"N-[3,4-difluoro-2-(2-fluoro-4-iodoanilino)-6-methoxyphenyl]-1-[(2S)-2,3-dihydroxypropyl]cyclopropane-1-sulfonamide; Refametinib; refametinib",50,0.8827255,0.8317245,n 3 4 difluoro 2 2 fluoro 4 iodoanilino 6 methoxyphenyl 1 2s 2 3 dihydroxypropyl cyclopropane 1 sulfonamide refametinib refametinib,COc1cc(F)c(F)c(Nc2ccc(I)cc2F)c1NS(=O)(=O)C1(C[C@H](O)CO)CC1,1,1,True,False
2206,ABT-751; N-(2-((4-hydroxyphenyl)amino)-3-pyridinyl)-4-methoxybenzenesulfonamide,75,0.88553953,0.82185173,abt 751 n 2 4 hydroxyphenyl amino 3 pyridinyl 4 methoxybenzenesulfonamide,COc1ccc(S(=O)(=O)Nc2cccnc2Nc2ccc(O)cc2)cc1,1,1,True,False
3780,Adarotene; adarotene,45,0.8853391,0.79263353,adarotene adarotene,O=C(O)C=Cc1ccc(-c2ccc(O)c(C34CC5CC(CC(C5)C3)C4)c2)cc1,1,1,True,False
2752,"4-Piperidinone, 3,5-bis[(4-methylphenyl)methylene]-, hydrochloride; NSC-632839",54,0.88493514,0.8295706,4 piperidinone 3 5 bis 4 methylphenyl methylene hydrochloride nsc 632839,Cc1ccc(/C=C2/CNC/C(=C\c3ccc(C)cc3)C2=O)cc1,1,1,True,False
6314,Rottlerin; rottlerin,57,0.88497573,0.8511511,rottlerin rottlerin,CC(=O)c1c(O)c(C)c(O)c(Cc2c(O)c3c(c(C(=O)/C=C/c4ccccc4)c2O)OC(C)(C)C=C3)c1O,1,1,True,False
2934,Taselisib; taselisib,137,0.8844002,0.8499714,taselisib taselisib,Cc1nc(-c2cn3c(n2)-c2ccc(-c4cnn(C(C)(C)C(N)=O)c4)cc2OCC3)n(C(C)C)n1,1,1,True,False
2133,"4-(4,5-bis(4-chlorophenyl)-2-(2-isopropoxy-4-methoxyphenyl)-4,5-dihydro-1H-imidazole-1-carbonyl)piperazin-2-one; nutlin-3",63,0.8842117,0.8221594,4 4 5 bis 4 chlorophenyl 2 2 isopropoxy 4 methoxyphenyl 4 5 dihydro 1h imidazole 1 carbonyl piperazin 2 one nutlin 3,COc1ccc(C2=NC(c3ccc(Cl)cc3)C(c3ccc(Cl)cc3)N2C(=O)N2CCNC(=O)C2)c(OC(C)C)c1,1,1,True,False
3006,"(6S)-4-(4-Chlorophenyl)-N-(4-hydroxyphenyl)-2,3,9-trimethyl-6H-thieno(3,2-f)(1,2,4)triazolo(4,3-a)(1,4)diazepine-6-acetamide; OTX-015",82,0.88216674,0.8693061,6s 4 4 chlorophenyl n 4 hydroxyphenyl 2 3 9 trimethyl 6h thieno 3 2 f 1 2 4 triazolo 4 3 a 1 4 diazepine 6 acetamide otx 015,Cc1sc2c(c1C)C(c1ccc(Cl)cc1)=N[C@@H](CC(=O)Nc1ccc(O)cc1)c1nnc(C)n1-2,1,1,True,False
2519,Pharmakon1600-00300024; hydrocortisone,44,0.8805427,0.8244246,pharmakon1600 00300024 hydrocortisone,C[C@]12CCC(=O)C=C1CCC1C2[C@@H](O)C[C@@]2(C)C1CC[C@]2(O)C(=O)CO,1,1,True,False
6308,Prostratin; prostratin,32,0.8815022,0.8647938,prostratin prostratin,CC(=O)O[C@@]12C[C@@H](C)[C@@]3(O)[C@@H](C=C(CO)C[C@]4(O)C(=O)C(C)=C[C@@H]34)[C@@H]1C2(C)C,1,1,True,False
710,"(4-Benzoyloxy-5,6-dihydroxy-3,11,11,14-tetramethyl-15-oxo-7-tetracyclo[7.5.1.01,5.010,12]pentadeca-2,7-dienyl)methyl benzoate; ingenol",36,0.8814762,0.887434,4 benzoyloxy 5 6 dihydroxy 3 11 11 14 tetramethyl 15 oxo 7 tetracyclo 7 5 1 01 5 010 12 pentadeca 2 7 dienyl methyl benzoate ingenol,CC1=CC23C(=O)C(C=C(COC(=O)c4ccccc4)C(O)C2(O)C1OC(=O)c1ccccc1)C1C(CC3C)C1(C)C,1,1,True,False
6695,"(E)-4-(dimethylamino)-N-[3-[(5,11-dimethyl-6-oxopyrimido[4,5-b][1,4]benzodiazepin-2-yl)amino]phenyl]but-2-enamide; XMD-16144",36,0.87824404,0.8413889,e 4 dimethylamino n 3 5 11 dimethyl 6 oxopyrimido 4 5 b 1 4 benzodiazepin 2 yl amino phenyl but 2 enamide xmd 16144,CN(C)CC=CC(=O)Nc1cccc(Nc2ncc3c(n2)N(C)c2ccccc2C(=O)N3C)c1,1,1,True,False
1422,Gedatolisib; PF-05212384,44,0.8779828,0.8151474,gedatolisib pf 05212384,CN(C)C1CCN(C(=O)c2ccc(NC(=O)Nc3ccc(-c4nc(N5CCOCC5)nc(N5CCOCC5)n4)cc3)cc2)CC1,1,1,True,False
6224,"9-(1-Methyl-4-pyrazolyl)-1-[1-(1-oxoprop-2-enyl)-2,3-dihydroindol-6-yl]-2-benzo[h][1,6]naphthyridinone; QL-XII-47",103,0.87677795,0.85258263,9 1 methyl 4 pyrazolyl 1 1 1 oxoprop 2 enyl 2 3 dihydroindol 6 yl 2 benzo h 1 6 naphthyridinone ql xii 47,C=CC(=O)N1CCc2ccc(-n3c(=O)ccc4cnc5ccc(-c6cnn(C)c6)cc5c43)cc21,1,1,True,False
2970,4-(2-Methyl-1-(1-methylethyl)-1H-imidazol-5-yl)-N-(4-(methylsulfonyl)phenyl)-2-pyrimidinamine; AZD-5438,201,0.87663394,0.8161651,4 2 methyl 1 1 methylethyl 1h imidazol 5 yl n 4 methylsulfonyl phenyl 2 pyrimidinamine azd 5438,Cc1ncc(-c2ccnc(Nc3ccc(S(C)(=O)=O)cc3)n2)n1C(C)C,1,1,True,False
3316,AZD-5363; Capivasertib,49,0.8763689,0.80006945,azd 5363 capivasertib,NC1(C(=O)N[C@@H](CCO)c2ccc(Cl)cc2)CCN(c2ncnc3[nH]ccc23)CC1,1,1,True,False
1601,NMS-1286937; Onvansertib,83,0.8758155,0.8430456,nms 1286937 onvansertib,CN1CCN(c2ccc(OC(F)(F)F)c(Nc3ncc4c(n3)-c3c(c(C(N)=O)nn3CCO)CC4)c2)CC1,1,1,True,False
7652,"2-(N-(2-chloro-1-oxoethyl)-3,4-dimethylanilino)-N-cyclohexyl-2-(3-pyridinyl)acetamide; K784-3131",31,0.8752832,0.82502186,2 n 2 chloro 1 oxoethyl 3 4 dimethylanilino n cyclohexyl 2 3 pyridinyl acetamide k784 3131,Cc1ccc(N(C(=O)CCl)C(C(=O)NC2CCCCC2)c2cccnc2)cc1C,1,1,True,False
7868,"1H-Benzimidazole-2-acetonitrile, alpha-((5-nitro-2-furanyl)methylene)-; BRD-K06765193",22,0.8750828,0.80962837,1h benzimidazole 2 acetonitrile alpha 5 nitro 2 furanyl methylene brd k06765193,N#C/C(=C\c1ccc([N+](=O)[O-])o1)c1nc2ccccc2[nH]1,1,1,True,False
3530,"9-Chloro-2-(2-furanyl)(1,2,4)triazolo(1,5-c)quinazolin-5-amine; CGS-15943",78,0.8747146,0.8142503,9 chloro 2 2 furanyl 1 2 4 triazolo 1 5 c quinazolin 5 amine cgs 15943,Nc1nc2ccc(Cl)cc2c2nc(-c3ccco3)nn12,1,1,True,False
2708,Ceritinib; ceritinib,50,0.8747898,0.8145009,ceritinib ceritinib,Cc1cc(Nc2ncc(Cl)c(Nc3ccccc3S(=O)(=O)C(C)C)n2)c(OC(C)C)cc1C1CCNCC1,1,1,True,False
1099,KU-0060648,29,0.87415165,0.83240825,ku 0060648,CCN1CCN(CC(=O)Nc2ccc(-c3cccc4c(=O)cc(N5CCOCC5)oc34)c3sc4ccccc4c23)CC1,1,1,True,False
7328,"BRD-K55116708; N-(2-aminophenyl)-4-[[[(2S,3R)-10-[[anilino(oxo)methyl]amino]-5-[(2S)-1-hydroxypropan-2-yl]-3-methyl-6-oxo-3,4-dihydro-2H-1,5-benzoxazocin-2-yl]methyl-methylamino]methyl]benzamide",23,0.87393224,0.8624136,brd k55116708 n 2 aminophenyl 4 2s 3r 10 anilino oxo methyl amino 5 2s 1 hydroxypropan 2 yl 3 methyl 6 oxo 3 4 dihydro 2h 1 5 benzoxazocin 2 yl methyl methylamino methyl benzamide,C[C@@H]1CN([C@@H](C)CO)C(=O)c2cccc(NC(=O)Nc3ccccc3)c2O[C@@H]1CN(C)Cc1ccc(C(=O)Nc2ccccc2N)cc1,1,1,True,False
1796,"BRD-K22848513; methyl (4aS,6aR,6bS,8aR,12aR,14aS,14bR)-11-cyano-2,2,6a,6b,9,9,12a-heptamethyl-10,14-dioxo-1,3,4,5,6,7,8,8a,14a,14b-decahydropicene-4a-carboxylate",68,0.8736292,0.84941006,brd k22848513 methyl 4as 6ar 6bs 8ar 12ar 14as 14br 11 cyano 2 2 6a 6b 9 9 12a heptamethyl 10 14 dioxo 1 3 4 5 6 7 8 8a 14a 14b decahydropicene 4a carboxylate,COC(=O)[C@]12CCC(C)(C)C[C@@H]1[C@@H]1C(=O)C=C3[C@]4(C)C=C(C#N)C(=O)C(C)(C)[C@@H]4CC[C@@]3(C)[C@]1(C)CC2,1,1,True,False
673,"(1S,2S,4R,8S,9S,11S,13R,19S)-19-fluoro-11-hydroxy-8-(2-hydroxyacetyl)-6,6,9,13-tetramethyl-5,7-dioxapentacyclo[10.8.0.02,9.04,8.013,18]icosa-14,17-dien-16-one; flunisolide",24,0.8747673,0.84003496,1s 2s 4r 8s 9s 11s 13r 19s 19 fluoro 11 hydroxy 8 2 hydroxyacetyl 6 6 9 13 tetramethyl 5 7 dioxapentacyclo 10 8 0 02 9 04 8 013 18 icosa 14 17 dien 16 one flunisolide,CC1(C)O[C@@H]2C[C@H]3[C@@H]4C[C@H](F)C5=CC(=O)C=C[C@]5(C)[C@H]4[C@@H](O)C[C@]3(C)[C@]2(C(=O)CO)O1,1,1,True,False
1630,Triciribine; triciribine,73,0.87321126,0.8322525,triciribine triciribine,CN1N=C(N)c2cn([C@@H]3O[C@H](CO)[C@@H](O)[C@H]3O)c3ncnc1c23,1,1,True,False
3150,"1,3-Benzothiazol-2-yl(2-((2-(3-pyridinyl)ethyl)amino)-4-pyrimidinyl)acetonitrile; AS-601245",76,0.8730961,0.7986444,1 3 benzothiazol 2 yl 2 2 3 pyridinyl ethyl amino 4 pyrimidinyl acetonitrile as 601245,N#CC(c1ccnc(NCCc2cccnc2)n1)c1nc2ccccc2s1,1,1,True,False
1280,"(1R,4E,5'R,6R,6'R,7S,8R,10S,11S,12R,14S,15R,16S,18E,20E,22S,25S,27R,28R,29S)-22-ethyl-7,11,14,15-tetrahydroxy-6'-[(2R)-2-hydroxypropyl]-5',6,8,10,12,14,16,28,29-nonamethylspiro[2,26-dioxabicyclo[23.3.1]nonacosa-4,18,20-triene-27,2'-oxane]-3,9,13-trione; oligomycin-a",41,0.8727179,0.87164944,1r 4e 5 r 6r 6 r 7s 8r 10s 11s 12r 14s 15r 16s 18e 20e 22s 25s 27r 28r 29s 22 ethyl 7 11 14 15 tetrahydroxy 6 2r 2 hydroxypropyl 5 6 8 10 12 14 16 28 29 nonamethylspiro 2 26 dioxabicyclo 23 3 1 nonacosa 4 18 20 triene 27 2 oxane 3 9 13 trione oligomycin a,CC[C@@H]1C=CC=CC[C@H](C)[C@@H](O)[C@](C)(O)C(=O)[C@H](C)[C@@H](O)[C@H](C)C(=O)[C@H](C)[C@@H](O)[C@H](C)C=CC(=O)O[C@@H]2[C@@H](C)[C@H](CC1)O[C@]1(CC[C@@H](C)[C@@H](C[C@@H](C)O)O1)[C@@H]2C,1,1,True,False
6322,"N-(3,3-dimethylbutyl)-6-phenyl-3-(2-pyridinyl)-1,2,4-triazin-5-amine; VU-0410183-2",30,0.87265104,0.81784475,n 3 3 dimethylbutyl 6 phenyl 3 2 pyridinyl 1 2 4 triazin 5 amine vu 0410183 2,CC(C)(C)CCNc1nc(-c2ccccn2)nnc1-c1ccccc1,1,1,True,False
1923,"(6-Chloro-9-(4-methoxy-3,5-dimethylpyridin-2-ylmethyl)-9H-purin-2-yl)amine; BIIB-021",113,0.8721668,0.82446635,6 chloro 9 4 methoxy 3 5 dimethylpyridin 2 ylmethyl 9h purin 2 yl amine biib 021,COc1c(C)cnc(Cn2cnc3c(Cl)nc(N)nc32)c1C,1,1,True,False
2757,SB-743921; Sb-743921,119,0.870406,0.83868015,sb 743921 sb 743921,Cc1ccc(C(=O)N(CCCN)[C@@H](c2oc3cc(Cl)ccc3c(=O)c2Cc2ccccc2)C(C)C)cc1,1,1,True,False
3145,"(2E,3Z)-2,3-bis[amino-(2-aminophenyl)sulfanylmethylidene]butanedinitrile; U-0126",67,0.8703807,0.80629015,2e 3z 2 3 bis amino 2 aminophenyl sulfanylmethylidene butanedinitrile u 0126,N#CC(=C(N)Sc1ccccc1N)/C(C#N)=C(/N)Sc1ccccc1N,1,1,True,False
5318,Lasalocid A; lasalocid,80,0.87004197,0.83882225,lasalocid a lasalocid,CC[C@@H](C(=O)[C@@H](C)[C@@H](O)[C@H](C)CCc1ccc(C)c(O)c1C(=O)O)[C@H]1O[C@](CC)([C@H]2CC[C@](O)(CC)[C@H](C)O2)C[C@@H]1C,1,1,True,False
2703,Tozasertib; tozasertib,187,0.91471213,0.803887,tozasertib tozasertib,Cc1cc(Nc2cc(N3CCN(C)CC3)nc(Sc3ccc(NC(=O)C4CC4)cc3)n2)n[nH]1,1,1,True,False
203,PF-03814735; Pf-03814735,42,0.8698128,0.8327526,pf 03814735 pf 03814735,CC(=O)NCC(=O)N1[C@@H]2CC[C@H]1c1ccc(Nc3ncc(C(F)(F)F)c(NC4CCC4)n3)cc12,1,1,True,False
4116,NU-7441,35,0.870135,0.83159816,nu 7441,O=c1cc(N2CCOCC2)oc2c(-c3cccc4c3sc3ccccc34)cccc12,1,1,True,False
6391,ARP-101; Arp 101,36,0.8696941,0.81991327,arp 101 arp 101,CC(C)ON([C@@H](C(=O)NO)C(C)C)S(=O)(=O)c1ccc(-c2ccccc2)cc1,1,1,True,False
7751,A-443654,174,0.8693819,0.80605495,a 443654,Cc1[nH]nc2ccc(-c3cncc(OC[C@@H](N)Cc4c[nH]c5ccccc45)c3)cc12,1,2,True,True
170,Epothilone-B; epothilone-b,69,0.8687346,0.8472382,epothilone b epothilone b,CC(=Cc1csc(C)n1)[C@H]1C[C@@H]2O[C@]2(C)CCC[C@H](C)[C@H](O)[C@@H](C)C(=O)C(C)(C)[C@H](O)CC(=O)O1,1,1,True,False
6455,"6,9-Dimethyl-3-(6-(2-oxiranyl)-6-oxohexyl)-1,4,7,10-tetrazabicyclo(10.3.0)pentadecane-2,5,8,11-tetrone; HC-toxin",29,0.8669972,0.8442486,6 9 dimethyl 3 6 2 oxiranyl 6 oxohexyl 1 4 7 10 tetrazabicyclo 10 3 0 pentadecane 2 5 8 11 tetrone hc toxin,CC1NC(=O)C(C)NC(=O)C2CCCN2C(=O)C(CCCCCC(=O)C2CO2)NC1=O,1,1,True,False
3909,(4-(4-(Benzo(b)thiophen-2-yl)pyrimidin-2-ylamino)phenyl)(4-(pyrrolidin-1-yl)piperidin-1-yl)methanone; IKK-16,40,0.8666199,0.80980843,4 4 benzo b thiophen 2 yl pyrimidin 2 ylamino phenyl 4 pyrrolidin 1 yl piperidin 1 yl methanone ikk 16,O=C(c1ccc(Nc2nccc(-c3cc4ccccc4s3)n2)cc1)N1CCC(N2CCCC2)CC1,1,1,True,False
1992,"2-[2-Methoxy-4-(4-methyl-1-piperazinyl)anilino]-5,11-dimethyl-6-pyrimido[4,5-b][1,4]benzodiazepinone; XMD-885",45,0.8652678,0.85948056,2 2 methoxy 4 4 methyl 1 piperazinyl anilino 5 11 dimethyl 6 pyrimido 4 5 b 1 4 benzodiazepinone xmd 885,COc1cc(N2CCN(C)CC2)ccc1Nc1ncc2c(n1)N(C)c1ccccc1C(=O)N2C,1,1,True,False
114,WZ-4002,48,0.8632015,0.78941405,wz 4002,C=CC(=O)Nc1cccc(Oc2nc(Nc3ccc(N4CCN(C)CC4)cc3OC)ncc2Cl)c1,1,1,True,False
3976,SB 218078; SB-218078,59,0.8623148,0.8455807,sb 218078 sb 218078,O=C1NC(=O)c2c1c1c3ccccc3n3c1c1c2c2ccccc2n1C1CCC3O1,1,1,True,False
907,Atrasentan; atrasentan,44,0.8620171,0.8434118,atrasentan atrasentan,CCCCN(CCCC)C(=O)CN1C[C@H](c2ccc3c(c2)OCO3)[C@@H](C(=O)O)[C@@H]1c1ccc(OC)cc1,1,1,True,False
5321,KW-2478; KW-2478 free base,84,0.8607082,0.84395945,kw 2478 kw 2478 free base,CCc1c(O)cc(O)c(C(=O)c2ccc(OCCN3CCOCC3)c(OC)c2)c1CC(=O)N(CCOC)CCOC,1,1,True,False
1290,Lovastatin; lovastatin,26,0.8608341,0.84446734,lovastatin lovastatin,CC[C@H](C)C(=O)O[C@H]1C[C@@H](C)C=C2C=C[C@H](C)[C@H](CC[C@@H]3C[C@@H](O)CC(=O)O3)[C@H]21,1,1,True,False
4736,nifedipine,34,0.85721695,0.82877046,nifedipine,COC(=O)C1=C(C)N=C(C)C(C(=O)OC)C1c1ccccc1[N+](=O)[O-],1,1,True,False
7968,BG-1005; Crebinostat,42,0.85964996,0.79148984,bg 1005 crebinostat,O=C(CCCCCC(=O)N/N=C/c1ccc(-c2ccccc2)cc1)NO,1,1,True,False
434,BI-D1870,22,0.85918635,0.8337445,bi d1870,CC(C)CCN1c2nc(Nc3cc(F)c(O)c(F)c3)ncc2N(C)C(=O)C1C,1,1,True,False
2194,HMN-214; N-((4-Methoxyphenyl)sulfonyl)-N-(2-((1E)-2-(1-oxido-4-pyridinyl)ethenyl)phenyl)acetamide,103,0.85890496,0.8158768,hmn 214 n 4 methoxyphenyl sulfonyl n 2 1e 2 1 oxido 4 pyridinyl ethenyl phenyl acetamide,COc1ccc(S(=O)(=O)N(C(C)=O)c2ccccc2C=Cc2cc[n+]([O-])cc2)cc1,1,1,True,False
255,"[2-[(1R,2S,4R,8S,9S,11S,12R,13S)-12-fluoro-11-hydroxy-9,13-dimethyl-16-oxospiro[5,7-dioxapentacyclo[10.8.0.02,9.04,8.013,18]icosa-14,17-diene-6,1'-cyclopentane]-8-yl]-2-oxoethyl] acetate; amcinonide",25,0.8587767,0.868096,2 1r 2s 4r 8s 9s 11s 12r 13s 12 fluoro 11 hydroxy 9 13 dimethyl 16 oxospiro 5 7 dioxapentacyclo 10 8 0 02 9 04 8 013 18 icosa 14 17 diene 6 1 cyclopentane 8 yl 2 oxoethyl acetate amcinonide,CC(=O)OCC(=O)[C@@]12OC3(CCCC3)O[C@@H]1C[C@H]1[C@H]3CCC4=CC(=O)C=C[C@]4(C)[C@@]3(F)[C@@H](O)C[C@@]12C,1,1,True,False
3782,Caffeic Acid; caffeic-acid,25,0.85903496,0.7618855,caffeic acid caffeic acid,O=C(O)C=Cc1ccc(O)c(O)c1,1,1,True,False
1444,Promazine; promazine,22,0.85869986,0.8130991,promazine promazine,CN(C)CCCN1c2ccccc2Sc2ccccc21,1,1,True,False
10473,BRD-K61033289,46,0.8580402,0.8287579,brd k61033289,CCCCCC=CC=C1C(=O)C=C[C@@H]1CC=CCCCC(=O)O,1,1,True,False
1613,N-Methylparoxetine; paroxetine,41,0.8581897,0.82762116,n methylparoxetine paroxetine,CN1CC[C@@H](c2ccc(F)cc2)[C@H](COc2ccc3c(c2)OCO3)C1,1,1,True,False
82,"(1S,2S,4R,7E,11S)-4,8-dimethyl-12-methylidene-3,14-dioxatricyclo[9.3.0.02,4]tetradec-7-en-13-one; Parthenolide",88,0.8718717,0.8140581,1s 2s 4r 7e 11s 4 8 dimethyl 12 methylidene 3 14 dioxatricyclo 9 3 0 02 4 tetradec 7 en 13 one parthenolide,C=C1C(=O)O[C@H]2[C@H]1CC/C(C)=C/CC[C@@]1(C)O[C@@H]21,1,1,True,False
586,"Fluvastatin, (3R,5S)-; fluvastatin",47,0.8558723,0.8206622,fluvastatin 3r 5s fluvastatin,CC(C)n1c(C=C[C@@H](O)C[C@@H](O)CC(=O)O)c(-c2ccc(F)cc2)c2ccccc21,1,1,True,False
351,"4-[3-(3,5-Ditert-butylphenyl)-3-oxoprop-1-enyl]benzoic acid; SA-792709",30,0.8558405,0.7851427,4 3 3 5 ditert butylphenyl 3 oxoprop 1 enyl benzoic acid sa 792709,CC(C)(C)c1cc(C(=O)C=Cc2ccc(C(=O)O)cc2)cc(C(C)(C)C)c1,1,1,True,False
2690,PD 198306; PD-198306,29,0.85568345,0.8370754,pd 198306 pd 198306,Cc1cc(I)ccc1Nc1c(C(=O)NOCC2CC2)cc(F)c(F)c1F,1,1,True,False
562,AT-13387; Onalespib,63,0.85468006,0.82981473,at 13387 onalespib,CC(C)c1cc(C(=O)N2Cc3ccc(CN4CCN(C)CC4)cc3C2)c(O)cc1O,1,1,True,False
3678,AS-703026; Pimasertib,84,0.85454047,0.8097224,as 703026 pimasertib,O=C(NC[C@H](O)CO)c1ccncc1Nc1ccc(I)cc1F,1,1,True,False
2778,Meclofenamic Acid; meclofenamic-acid,23,0.85550356,0.7962718,meclofenamic acid meclofenamic acid,Cc1ccc(Cl)c(Nc2ccccc2C(=O)O)c1Cl,1,1,True,False
3565,(E)-N-hydroxy-3-[4-[[2-hydroxyethyl-[2-(1H-indol-3-yl)ethyl]amino]methyl]phenyl]prop-2-enamide; Dacinostat,168,0.898246,0.822076,e n hydroxy 3 4 2 hydroxyethyl 2 1h indol 3 yl ethyl amino methyl phenyl prop 2 enamide dacinostat,O=C(/C=C/c1ccc(CN(CCO)CCc2c[nH]c3ccccc23)cc1)NO,1,1,True,False
3973,Tivantinib; tivantinib,97,0.85259074,0.85301,tivantinib tivantinib,O=C1NC(=O)[C@@H](c2cn3c4c(cccc24)CCC3)[C@@H]1c1c[nH]c2ccccc12,1,1,True,False
1518,PF-562271,77,0.8521296,0.82856524,pf 562271,CN(c1ncccc1CNc1nc(Nc2ccc3c(c2)CC(=O)N3)ncc1C(F)(F)F)S(C)(=O)=O,1,1,True,False
992,Albendazole; albendazole,74,0.8520873,0.8214839,albendazole albendazole,CCCSc1ccc2[nH]c(NC(=O)OC)nc2c1,1,1,True,False
4188,"3,4,6-trichloro-2-[(2,3,5-trichloro-6-hydroxyphenyl)methyl]phenol; Hexachlorophene; hexachlorophene",43,0.8509744,0.81514263,3 4 6 trichloro 2 2 3 5 trichloro 6 hydroxyphenyl methyl phenol hexachlorophene hexachlorophene,Oc1c(Cl)cc(Cl)c(Cl)c1Cc1c(O)c(Cl)cc(Cl)c1Cl,1,1,True,False
6225,"N-[2-methyl-5-[2-oxo-9-(1H-pyrazol-4-yl)-1-benzo[h][1,6]naphthyridinyl]phenyl]-2-propenamide; QL-X-138",56,0.85106945,0.83917284,n 2 methyl 5 2 oxo 9 1h pyrazol 4 yl 1 benzo h 1 6 naphthyridinyl phenyl 2 propenamide ql x 138,C=CC(=O)Nc1cc(-n2c(=O)ccc3cnc4ccc(-c5cn[nH]c5)cc4c32)ccc1C,1,1,True,False
8184,1-(4-Fluorophenyl)-3-(4-morpholinyl)-2-phenyl-1-propanone; EMF-sumo1-11,20,0.85099673,0.827592,1 4 fluorophenyl 3 4 morpholinyl 2 phenyl 1 propanone emf sumo1 11,O=C(c1ccc(F)cc1)C(CN1CCOCC1)c1ccccc1,1,1,True,False
2069,"1-[2-chloro-4-(6,7-dimethoxyquinolin-4-yl)oxyphenyl]-3-(5-methyl-1,2-oxazol-3-yl)urea; Tivozanib; tivozanib",65,0.8477371,0.8044772,1 2 chloro 4 6 7 dimethoxyquinolin 4 yl oxyphenyl 3 5 methyl 1 2 oxazol 3 yl urea tivozanib tivozanib,COc1cc2nccc(Oc3ccc(NC(=O)Nc4cc(C)on4)c(Cl)c3)c2cc1OC,1,1,True,False
5452,5-Fluoro-2'-deoxycytidine; fdcyd,50,0.8507118,0.87112695,5 fluoro 2 deoxycytidine fdcyd,Nc1nc(=O)n([C@H]2C[C@H](O)[C@@H](CO)O2)cc1F,1,1,True,False
2345,"SB 203580, Sulfone; SB-203580",29,0.8471401,0.8089159,sb 203580 sulfone sb 203580,CS(=O)(=O)c1ccc(-c2nc(-c3ccc(F)cc3)c(-c3ccncc3)[nH]2)cc1,1,1,True,False
1223,XMD-892; Xmd8-92,46,0.85047877,0.85778826,xmd 892 xmd8 92,CCOc1cc(N2CCC(O)CC2)ccc1Nc1ncc2c(n1)N(C)c1ccccc1C(=O)N2C,1,1,True,False
168,Ixabepilone; ixabepilone,38,0.84927243,0.8544563,ixabepilone ixabepilone,CC(=Cc1csc(C)n1)[C@@H]1C[C@@H]2O[C@]2(C)CCC[C@H](C)[C@H](O)[C@@H](C)C(=O)C(C)(C)[C@@H](O)CC(=O)N1,1,1,True,False
2956,SB-2343; Vs-5584,57,0.84889585,0.82933265,sb 2343 vs 5584,Cc1nc2c(-c3cnc(N)nc3)nc(N3CCOCC3)nc2n1C(C)C,1,1,True,False
1986,"5-Chloro-N2-(4-(4-(dimethylamino)-1-piperidinyl)-2-methoxyphenyl)-N4-(2-(dimethylphosphinyl)phenyl)-2,4-pyrimidinediamine; AP-26113",35,0.8479275,0.8014634,5 chloro n2 4 4 dimethylamino 1 piperidinyl 2 methoxyphenyl n4 2 dimethylphosphinyl phenyl 2 4 pyrimidinediamine ap 26113,COc1cc(N2CCC(N(C)C)CC2)ccc1Nc1ncc(Cl)c(Nc2ccccc2P(C)(C)=O)n1,1,1,True,False
521,AMG-232; Navtemadlin,47,0.8477277,0.8431753,amg 232 navtemadlin,CC(C)[C@@H](CS(=O)(=O)C(C)C)N1C(=O)[C@@](C)(CC(=O)O)C[C@H](c2cccc(Cl)c2)[C@H]1c1ccc(Cl)cc1,1,1,True,False
2821,PIK-75; Pik-75,72,0.8475439,0.8143757,pik 75 pik 75,Cc1ccc([N+](=O)[O-])cc1S(=O)(=O)N(C)N=Cc1cnc2ccc(Br)cn12,1,1,True,False
1369,"5-(4-chlorophenyl)-6-ethylpyrimidine-2,4-diamine; Pyrimethamine; pyrimethamine",46,0.843687,0.78964657,5 4 chlorophenyl 6 ethylpyrimidine 2 4 diamine pyrimethamine pyrimethamine,CCc1nc(N)nc(N)c1-c1ccc(Cl)cc1,1,1,True,False
1045,"(+-)-Quinacrine; 4-N-(6-chloro-2-methoxyacridin-9-yl)-1-N,1-N-diethylpentane-1,4-diamine; mepacrine",52,0.8486051,0.80416745,quinacrine 4 n 6 chloro 2 methoxyacridin 9 yl 1 n 1 n diethylpentane 1 4 diamine mepacrine,CCN(CC)CCCC(C)Nc1c2ccc(Cl)cc2nc2ccc(OC)cc12,1,1,True,False
6802,"(3S)-2-(2-chloro-1-oxoethyl)-1,1-dimethyl-4,9-dihydro-3H-pyrido[3,4-b]indole-3-carboxylic acid methyl ester; BRD-K78062244",24,0.84599155,0.84373015,3s 2 2 chloro 1 oxoethyl 1 1 dimethyl 4 9 dihydro 3h pyrido 3 4 b indole 3 carboxylic acid methyl ester brd k78062244,COC(=O)[C@@H]1Cc2c([nH]c3ccccc23)C(C)(C)N1C(=O)CCl,1,1,True,False
3650,CGK-733; Diphenyl acetamidotrichloroethyl fluoronitrophenyl thiourea,43,0.84530383,0.8043442,cgk 733 diphenyl acetamidotrichloroethyl fluoronitrophenyl thiourea,O=C(NC(NC(=S)Nc1ccc(F)c([N+](=O)[O-])c1)C(Cl)(Cl)Cl)C(c1ccccc1)c1ccccc1,1,1,True,False
4231,"3-(3,5-Ditert-butyl-4-hydroxyphenyl)-2-isocyano-2-propenenitrile; malonoben",26,0.84522885,0.80158293,3 3 5 ditert butyl 4 hydroxyphenyl 2 isocyano 2 propenenitrile malonoben,[C-]#[N+]C(C#N)=Cc1cc(C(C)(C)C)c(O)c(C(C)(C)C)c1,1,1,True,False
1999,Tamatinib; fostamatinib,113,0.8439763,0.8246484,tamatinib fostamatinib,COc1cc(Nc2ncc(F)c(Nc3ccc4c(n3)NC(=O)C(C)(C)O4)n2)cc(OC)c1OC,1,1,True,False
1458,TAS-103; TAS-103 free base,68,0.8438815,0.8222578,tas 103 tas 103 free base,CN(C)CCNc1nc2cc(O)ccc2c2c1C(=O)c1ccccc1-2,1,1,True,False
2976,Metronidazole; metronidazole,20,0.8433817,0.79793775,metronidazole metronidazole,Cc1ncc([N+](=O)[O-])n1CCO,1,1,True,False
1516,"N-Methyl-N-(2-(((2-((2-oxo-2,3-dihydro-1H-indol-5-yl)amino)-5-(trifluoromethyl)pyrimidin-4-yl)amino)methyl)phenyl)methanesulfonamide; PF-431396",30,0.842922,0.828924,n methyl n 2 2 2 oxo 2 3 dihydro 1h indol 5 yl amino 5 trifluoromethyl pyrimidin 4 yl amino methyl phenyl methanesulfonamide pf 431396,CN(c1ccccc1CNc1nc(Nc2ccc3c(c2)CC(=O)N3)ncc1C(F)(F)F)S(C)(=O)=O,1,1,True,False
2000,Alisertib; alisertib,156,0.8969329,0.8393754,alisertib alisertib,COc1cc(Nc2ncc3c(n2)-c2ccc(Cl)cc2C(c2c(F)cccc2OC)=NC3)ccc1C(=O)O,1,1,True,False
9661,BRD-A49765801,36,0.84194237,0.8618084,brd a49765801,CC1(C)O[C@@H]2CC3C4C[C@H](F)C5=CC(=O)CC[C@]5(C)C4[C@@H](O)C[C@]3(C)[C@]2(C(=O)CO)O1,1,1,True,False
2633,"4-[2-[[4-(2,4-dichlorophenyl)-5-(5-methyl-1H-imidazol-2-yl)pyrimidin-2-yl]amino]ethylamino]benzonitrile; CHIR-99021",75,0.84191453,0.7949928,4 2 4 2 4 dichlorophenyl 5 5 methyl 1h imidazol 2 yl pyrimidin 2 yl amino ethylamino benzonitrile chir 99021,Cc1c[nH]c(-c2cnc(NCCNc3ccc(C#N)cc3)nc2-c2ccc(Cl)cc2Cl)n1,1,1,True,False
739,Romidepsin; romidepsin,131,0.9024819,0.839995,romidepsin romidepsin,CC=C1NC(=O)[C@H]2CSSCCC=C[C@H](CC(=O)N[C@H](C(C)C)C(=O)N2)OC(=O)[C@H](C(C)C)NC1=O,1,1,True,False
4450,atorvastatin,64,0.84920794,0.8324458,atorvastatin,CC(C)c1c(C(=O)Nc2ccccc2)c(-c2ccccc2)c(-c2ccc(F)cc2)n1CCC(O)CC(O)CC(=O)O,1,2,True,True
7031,BMCL181297 Compound 5F; BRD-K05402890,55,0.840448,0.8170161,bmcl181297 compound 5f brd k05402890,COc1ccc(OC)c(-c2nnc3n2N=C(c2ccc(OC)c(OC)c2)CS3)c1,1,1,True,False
1473,Resminostat; resminostat,97,0.9198928,0.8369566,resminostat resminostat,CN(C)Cc1ccc(S(=O)(=O)n2ccc(C=CC(=O)NO)c2)cc1,1,1,True,False
7896,JNK inhibitor IX; JNK-IN-5A,50,0.8380699,0.81298065,jnk inhibitor ix jnk in 5a,N#Cc1c(NC(=O)c2cccc3ccccc23)sc2c1CCCC2,1,1,True,False
2495,Digoxin; digoxin,207,0.913874,0.87188804,digoxin digoxin,C[C@H]1O[C@@H](O[C@H]2[C@@H](O)C[C@H](O[C@H]3[C@@H](O)C[C@H](O[C@H]4CC[C@@]5(C)[C@H](CC[C@@H]6[C@@H]5C[C@@H](O)[C@]5(C)[C@@H](C7=CC(=O)OC7)CC[C@]65O)C4)O[C@@H]3C)O[C@@H]2C)C[C@H](O)[C@@H]1O,1,1,True,False
2157,"Anisomycin, (+)-; anisomycin",20,0.83608174,0.7938937,anisomycin anisomycin,COc1ccc(C[C@@H]2NC[C@@H](O)[C@@H]2OC(C)=O)cc1,1,1,True,False
2681,"2-[2-(2,5-dimethyl-1-phenylpyrrol-3-yl)ethyl]-N,N,1-trimethylquinolin-1-ium-6-amine; pyrvinium-pamoate",29,0.83599764,0.80561686,2 2 2 5 dimethyl 1 phenylpyrrol 3 yl ethyl n n 1 trimethylquinolin 1 ium 6 amine pyrvinium pamoate,Cc1cc(CCc2ccc3cc(N(C)C)ccc3[n+]2C)c(C)n1-c1ccccc1,1,1,True,False
6486,"15-Deoxy-delta12,14-prostaglandin; BRD-K05396879",28,0.8356061,0.8459118,15 deoxy delta12 14 prostaglandin brd k05396879,CCCCC/C=C/C=C1/C(=O)C=C[C@@H]1CC=CCCCC(=O)O,1,1,True,False
1602,Dovitinib; dovitinib,82,0.8335761,0.8155057,dovitinib dovitinib,CN1CCN(c2ccc3nc(-c4c(N)c5c(F)cccc5[nH]c4=O)[nH]c3c2)CC1,1,1,True,False
6752,"HG-5-113-01; N-methyl-6-[[4-(2-propan-2-ylsulfonylanilino)-1H-pyrrolo[2,3-b]pyridin-6-yl]amino]-3-pyridinecarboxamide",51,0.8333227,0.8199981,hg 5 113 01 n methyl 6 4 2 propan 2 ylsulfonylanilino 1h pyrrolo 2 3 b pyridin 6 yl amino 3 pyridinecarboxamide,CNC(=O)c1ccc(Nc2cc(Nc3ccccc3S(=O)(=O)C(C)C)c3cc[nH]c3n2)nc1,1,1,True,False
2406,Talmapimod; talmapimod,32,0.83329797,0.83015853,talmapimod talmapimod,C[C@@H]1CN(Cc2ccc(F)cc2)[C@@H](C)CN1C(=O)c1cc2c(C(=O)C(=O)N(C)C)cn(C)c2cc1Cl,1,1,True,False
3020,Calmidazolium; calmidazolium,23,0.83307374,0.8070629,calmidazolium calmidazolium,Clc1ccc(C(c2ccc(Cl)cc2)[n+]2ccn(CC(OCc3ccc(Cl)cc3Cl)c3ccc(Cl)cc3Cl)c2)cc1,1,1,True,False
4177,Salmeterol; salmeterol,20,0.8333114,0.797907,salmeterol salmeterol,OCc1cc(C(O)CNCCCCCCOCCCCc2ccccc2)ccc1O,1,1,True,False
8273,"5H-quinolino[8,7-c][1,2]benzothiazine 6,6-dioxide; BRD-K92317137",34,0.8318669,0.80903417,5h quinolino 8 7 c 1 2 benzothiazine 6 6 dioxide brd k92317137,O=S1(=O)Nc2c(ccc3cccnc23)-c2ccccc21,1,1,True,False
3743,MST-312; Telomerase Inhibitor IX,48,0.8318372,0.8148613,mst 312 telomerase inhibitor ix,O=C(Nc1cccc(NC(=O)c2cccc(O)c2O)c1)c1cccc(O)c1O,1,1,True,False
7737,4-[(1-methyl-2-oxo-4-quinolinyl)oxy]-N-(4-methyl-2-pyridinyl)butanamide; BRD-K84203638,22,0.8317083,0.8013409,4 1 methyl 2 oxo 4 quinolinyl oxy n 4 methyl 2 pyridinyl butanamide brd k84203638,Cc1ccnc(NC(=O)CCCOc2cc(=O)n(C)c3ccccc23)c1,1,1,True,False
2691,Dequalinium; dequalinium,31,0.83078796,0.7743633,dequalinium dequalinium,Cc1cc(N)c2ccccc2[n+]1CCCCCCCCCC[n+]1c(C)cc(N)c2ccccc21,1,1,True,False
963,"5-O-(4,4-diphenylpiperidin-1-yl) 3-O-methyl 2,6-dimethyl-4-(3-nitrophenyl)-1-propyl-4H-pyridine-3,5-dicarboxylate; niguldipine",29,0.82864755,0.82373637,5 o 4 4 diphenylpiperidin 1 yl 3 o methyl 2 6 dimethyl 4 3 nitrophenyl 1 propyl 4h pyridine 3 5 dicarboxylate niguldipine,CCCN1C(C)=C(C(=O)OC)C(c2cccc([N+](=O)[O-])c2)C(C(=O)ON2CCC(c3ccccc3)(c3ccccc3)CC2)=C1C,1,1,True,False
2974,Flumatinib; flumatinib,26,0.82993823,0.7902171,flumatinib flumatinib,Cc1ncc(NC(=O)c2ccc(CN3CCN(C)CC3)c(C(F)(F)F)c2)cc1Nc1nccc(-c2cccnc2)n1,1,1,True,False
23746,mefloquine,22,0.82996327,0.814103,mefloquine,OC(c1cc(C(F)(F)F)nc2c(C(F)(F)F)cccc12)C1CCCCN1,1,1,True,False
6814,"1R,3S-Rsl 3; BRD-K56411643",28,0.8281657,0.8260578,1r 3s rsl 3 brd k56411643,COC(=O)c1ccc([C@@H]2c3[nH]c4ccccc4c3C[C@@H](C(=O)OC)N2C(=O)CCl)cc1,1,1,True,False
1461,SB-590885,51,0.82769156,0.8252103,sb 590885,CN(C)CCOc1ccc(-c2nc(-c3ccncc3)c(-c3ccc4c(c3)CCC4=NO)[nH]2)cc1,1,2,True,True
2623,"(3S,4aR,8aR)-N-tert-butyl-2-[(2R,3R)-2-hydroxy-3-[(3-hydroxy-2-methylbenzoyl)amino]-4-phenylsulfanylbutyl]-3,4,4a,5,6,7,8,8a-octahydro-1H-isoquinoline-3-carboxamide; nelfinavir",38,0.82721573,0.84431374,3s 4ar 8ar n tert butyl 2 2r 3r 2 hydroxy 3 3 hydroxy 2 methylbenzoyl amino 4 phenylsulfanylbutyl 3 4 4a 5 6 7 8 8a octahydro 1h isoquinoline 3 carboxamide nelfinavir,Cc1c(O)cccc1C(=O)N[C@@H](CSc1ccccc1)[C@H](O)CN1C[C@@H]2CCCC[C@@H]2C[C@H]1C(=O)NC(C)(C)C,1,1,True,False
2067,Cabozantinib; cabozantinib,42,0.82446074,0.8021885,cabozantinib cabozantinib,COc1cc2nccc(Oc3ccc(NC(=O)C4(C(=O)Nc5ccc(F)cc5)CC4)cc3)c2cc1OC,1,1,True,False
76,"1alpha,25-Dihydroxyvitamin D2; ercalcitriol",22,0.8258915,0.8310704,1alpha 25 dihydroxyvitamin d2 ercalcitriol,C=C1/C(=C\C=C2CCC[C@]3(C)[C@@H]([C@H](C)C=C[C@H](C)C(C)(C)O)CC[C@@H]23)C[C@@H](O)C[C@@H]1O,1,1,True,False
1366,TAK-715; Tak-715,35,0.8251205,0.8134489,tak 715 tak 715,CCc1nc(-c2cccc(C)c2)c(-c2ccnc(NC(=O)c3ccccc3)c2)s1,1,1,True,False
3179,"3-(4-Morpholinyl)-5-[2-[4-[3-(3-pyridinyl)-1,2,4-triazol-1-yl]anilino]-4-pyrimidinyl]benzonitrile; JNK-9L",77,0.8246377,0.808287,3 4 morpholinyl 5 2 4 3 3 pyridinyl 1 2 4 triazol 1 yl anilino 4 pyrimidinyl benzonitrile jnk 9l,N#Cc1cc(-c2ccnc(Nc3ccc(-n4cnc(-c5cccnc5)n4)cc3)n2)cc(N2CCOCC2)c1,1,1,True,False
7809,"4-Chloro-1-methyl-3-nitro-1,2-dihydroquinolin-2-one; MW-A1-12",21,0.8244956,0.8025619,4 chloro 1 methyl 3 nitro 1 2 dihydroquinolin 2 one mw a1 12,Cn1c(=O)c([N+](=O)[O-])c(Cl)c2ccccc21,1,1,True,False
2601,Apitolisib; GDC-0980,60,0.8242191,0.85309285,apitolisib gdc 0980,Cc1c(CN2CCN(C(=O)[C@H](C)O)CC2)sc2c(N3CCOCC3)nc(-c3cnc(N)nc3)nc12,1,1,True,False
2857,2-Methyl-6-styryl-pyridine; SIB-1893,31,0.81895024,0.7679352,2 methyl 6 styryl pyridine sib 1893,Cc1cccc(C=Cc2ccccc2)n1,1,1,True,False
8231,KIN001-043,40,0.8232668,0.82779914,kin001 043,O=C1Nc2cc(Br)ccc2C1=C1N=c2ccccc2=C1NO,1,1,True,False
1722,"Sertraline, trans-(A+-)-; sertraline",46,0.8222613,0.80562675,sertraline trans a sertraline,CN[C@@H]1CC[C@@H](c2ccc(Cl)c(Cl)c2)c2ccccc21,1,1,True,False
1674,CEP-37440; Cep-37440,43,0.82274884,0.8362268,cep 37440 cep 37440,CNC(=O)c1ccccc1Nc1nc(Nc2ccc3c(c2OC)CCC[C@H](N2CCN(CCO)CC2)C3)ncc1Cl,1,1,True,False
148,Sdccgsbi-0050471.P002; forskolin,68,0.8502553,0.8725786,sdccgsbi 0050471 p002 forskolin,C=C[C@@]1(C)CC(=O)[C@]2(O)[C@@]3(C)[C@H](O)CCC(C)(C)[C@@H]3[C@H](O)[C@H](OC(C)=O)[C@@]2(C)O1,1,1,True,False
3967,Ro-3306,20,0.8230701,0.8003751,ro 3306,O=C1N=C(NCc2cccs2)SC1=Cc1ccc2ncccc2c1,1,1,True,False
764,"(8S,9S,10R,11S,13S,14R,16R,17S)-11-hydroxy-10,13,16,17-tetramethyl-17-propanoyl-7,8,9,11,12,14,15,16-octahydro-6H-cyclopenta[a]phenanthren-3-one; rimexolone",39,0.82233113,0.8413459,8s 9s 10r 11s 13s 14r 16r 17s 11 hydroxy 10 13 16 17 tetramethyl 17 propanoyl 7 8 9 11 12 14 15 16 octahydro 6h cyclopenta a phenanthren 3 one rimexolone,CCC(=O)[C@@]1(C)[C@H](C)C[C@@H]2[C@@H]3CCC4=CC(=O)C=C[C@]4(C)[C@H]3[C@@H](O)C[C@@]21C,1,1,True,False
459,(2S)-4-methyl-N-[(2S)-1-[[(2S)-4-methyl-1-[(2R)-2-methyloxiran-2-yl]-1-oxopentan-2-yl]amino]-1-oxo-3-phenylpropan-2-yl]-2-[[(2S)-2-[(2-morpholin-4-ylacetyl)amino]-4-phenylbutanoyl]amino]pentanamide; Carfilzomib; carfilzomib,85,0.8817551,0.85557353,2s 4 methyl n 2s 1 2s 4 methyl 1 2r 2 methyloxiran 2 yl 1 oxopentan 2 yl amino 1 oxo 3 phenylpropan 2 yl 2 2s 2 2 morpholin 4 ylacetyl amino 4 phenylbutanoyl amino pentanamide carfilzomib carfilzomib,CC(C)C[C@H](NC(=O)[C@H](CCc1ccccc1)NC(=O)CN1CCOCC1)C(=O)N[C@@H](Cc1ccccc1)C(=O)N[C@@H](CC(C)C)C(=O)[C@@]1(C)CO1,1,1,True,False
74,Seocalcitol; seocalcitol,36,0.8198536,0.83200836,seocalcitol seocalcitol,C=C1/C(=C\C=C2CCC[C@]3(C)[C@@H]([C@H](C)C=CC=CC(O)(CC)CC)CC[C@@H]23)C[C@@H](O)C[C@@H]1O,1,1,True,False
284,"(6S,9R,11S,13S,17R)-17-acetyl-9-fluoro-11,17-dihydroxy-6,10,13-trimethyl-6,7,8,11,12,14,15,16-octahydrocyclopenta[a]phenanthren-3-one; BRD-A13133631",32,0.8192922,0.8598019,6s 9r 11s 13s 17r 17 acetyl 9 fluoro 11 17 dihydroxy 6 10 13 trimethyl 6 7 8 11 12 14 15 16 octahydrocyclopenta a phenanthren 3 one brd a13133631,CC(=O)[C@@]1(O)CCC2C3C[C@H](C)C4=CC(=O)C=CC4(C)[C@@]3(F)[C@@H](O)C[C@@]21C,1,1,True,False
2274,OSI-027,52,0.8182811,0.8269125,osi 027,COc1cccc2c1=NC(=c1nc(C3CCC(C(=O)O)CC3)n3c1=C(N)N=CN3)C=2,1,2,True,True
1924,Moxifloxacin; moxifloxacin,21,0.8176657,0.85208625,moxifloxacin moxifloxacin,COc1c(N2C[C@@H]3CCCN[C@@H]3C2)c(F)cc2c(=O)c(C(=O)O)cn(C3CC3)c12,1,1,True,False
1079,2-[3-[[7-[3-[ethyl(2-hydroxyethyl)amino]propoxy]quinazolin-4-yl]amino]-1H-pyrazol-5-yl]-N-(3-fluorophenyl)acetamide; Defosbarasertib; barasertib-HQPA,52,0.8172413,0.7963637,2 3 7 3 ethyl 2 hydroxyethyl amino propoxy quinazolin 4 yl amino 1h pyrazol 5 yl n 3 fluorophenyl acetamide defosbarasertib barasertib hqpa,CCN(CCO)CCCOc1ccc2c(Nc3cc(CC(=O)Nc4cccc(F)c4)[nH]n3)ncnc2c1,1,1,True,False
1892,Danusertib; danusertib,71,0.9348334,0.82691586,danusertib danusertib,CO[C@@H](C(=O)N1Cc2[nH]nc(NC(=O)c3ccc(N4CCN(C)CC4)cc3)c2C1)c1ccccc1,1,1,True,False
2073,KIN001-055; Whi-P97,36,0.81559074,0.8275566,kin001 055 whi p97,COc1cc2ncnc(Nc3cc(Br)c(O)c(Br)c3)c2cc1OC,1,1,True,False
7981,"2-chloro-N-{3-[(2-chlorophenyl)methyl]-2,3-dihydro-1,3-thiazol-2-ylidene}acetamide; BRD-K62459624",29,0.8155391,0.79168653,2 chloro n 3 2 chlorophenyl methyl 2 3 dihydro 1 3 thiazol 2 ylidene acetamide brd k62459624,O=C(CCl)N=c1sccn1Cc1ccccc1Cl,1,1,True,False
24198,3-Cl-AHPC; 3-[4-[3-(1-Adamantyl)-4-hydroxyphenyl]-3-chlorophenyl]prop-2-enoic acid,39,0.81498015,0.8229497,3 cl ahpc 3 4 3 1 adamantyl 4 hydroxyphenyl 3 chlorophenyl prop 2 enoic acid,O=C(O)C=Cc1ccc(-c2ccc(O)c(C34C[C@H]5C[C@@H](C3)C[C@@H](C4)C5)c2)c(Cl)c1,1,1,True,False
1556,BIBX-1382; Falnidamol,34,0.8144198,0.81240547,bibx 1382 falnidamol,CN1CCC(Nc2ncc3ncnc(Nc4ccc(F)c(Cl)c4)c3n2)CC1,1,1,True,False
2838,SB-525334,45,0.8142625,0.82108295,sb 525334,Cc1cccc(-c2[nH]c(C(C)(C)C)nc2-c2ccc3nccnc3c2)n1,1,1,True,False
1553,"N-[(1-methylpiperidin-4-yl)methyl]-3-[3-(trifluoromethoxy)phenyl]imidazo[1,2-b]pyridazin-6-amine; SGI-1776",45,0.81440425,0.80117404,n 1 methylpiperidin 4 yl methyl 3 3 trifluoromethoxy phenyl imidazo 1 2 b pyridazin 6 amine sgi 1776,CN1CCC(CNc2ccc3ncc(-c4cccc(OC(F)(F)F)c4)n3n2)CC1,1,1,True,False
282,"S-[(7R,8R,9R,10R,13S,14R,17R)-10,13-dimethyl-3,5'-dioxospiro[2,6,7,8,9,11,12,14,15,16-decahydro-1H-cyclopenta[a]phenanthrene-17,2'-oxolane]-7-yl] ethanethioate; spironolactone",20,0.812434,0.8500043,s 7r 8r 9r 10r 13s 14r 17r 10 13 dimethyl 3 5 dioxospiro 2 6 7 8 9 11 12 14 15 16 decahydro 1h cyclopenta a phenanthrene 17 2 oxolane 7 yl ethanethioate spironolactone,CC(=O)S[C@@H]1CC2=CC(=O)CC[C@]2(C)[C@@H]2CC[C@@]3(C)[C@H](CC[C@@]34CCC(=O)O4)[C@@H]21,1,1,True,False
709,"4R-[(1R,4Z,8Z,10S,13R,15R)-15-hydroxy-5,10-dimethyl-3-oxo-2,14-dioxabicyclo[11.3.1]heptadeca-4,8-dien-15-yl]-2-thiazolidinone; latrunculin-b",42,0.8129477,0.82556856,4r 1r 4z 8z 10s 13r 15r 15 hydroxy 5 10 dimethyl 3 oxo 2 14 dioxabicyclo 11 3 1 heptadeca 4 8 dien 15 yl 2 thiazolidinone latrunculin b,CC1=CC(=O)O[C@@H]2C[C@@H](CC[C@H](C)C=CCC1)O[C@@](O)(C1CSC(=O)N1)C2,1,1,True,False
1780,Fenbendazole; fenbendazole,34,0.81199515,0.8146328,fenbendazole fenbendazole,COC(=O)Nc1nc2ccc(Sc3ccccc3)cc2[nH]1,1,1,True,False
3444,Buparlisib; buparlisib,63,0.8829222,0.8489254,buparlisib buparlisib,Nc1cc(C(F)(F)F)c(-c2cc(N3CCOCC3)nc(N3CCOCC3)n2)cn1,1,1,True,False
2551,Ethylmercury thiosalicylate; thiomersal,20,0.812118,0.7718809,ethylmercury thiosalicylate thiomersal,C[CH2][Hg][S]c1ccccc1C(=O)O,1,1,True,False
4928,dactinomycin,30,0.83826405,0.85512066,dactinomycin,Cc1c2oc3c(C)ccc(C(=O)OC(C)C4NC(=O)C(C(C)C)N(C)C(=O)CN(C)C(=O)C5CCCN5C(=O)C(C(C)C)NC4=O)c3nc-2c(C(=O)OC(C)C2NC(=O)C(C(C)C)N(C)C(=O)CN(C)C(=O)C3CCCN3C(=O)C(C(C)C)NC2=O)c(N)c1=O,1,1,True,False
1755,(+)-Niguldipine; dexniguldipine,40,0.81082433,0.82517976,niguldipine dexniguldipine,COC(=O)C1=C(C)NC(C)=C(C(=O)OCCCN2CCC(c3ccccc3)(c3ccccc3)CC2)[C@@H]1c1cccc([N+](=O)[O-])c1,1,1,True,False
8172,"3-[(E)-{2-[4-(morpholin-4-yl)-6-(phenylamino)-1,3,5-triazin-2-yl]hydrazinylidene}methyl]phenyl furan-2-carboxylate; BAS-00535043",30,0.8101698,0.79347324,3 e 2 4 morpholin 4 yl 6 phenylamino 1 3 5 triazin 2 yl hydrazinylidene methyl phenyl furan 2 carboxylate bas 00535043,O=C(Oc1cccc(C=NNc2nc(Nc3ccccc3)nc(N3CCOCC3)n2)c1)c1ccco1,1,1,True,False
188,AZD-3514; Azd 3514,42,0.8095928,0.8069205,azd 3514 azd 3514,CC(=O)N1CCN(CCOc2ccc(C3CCN(C4=Nn5c(nnc5C(F)(F)F)CC4)CC3)cc2)CC1,1,1,True,False
4189,Chloroxine; chloroxine,30,0.8093655,0.7782372,chloroxine chloroxine,Oc1c(Cl)cc(Cl)c2cccnc12,1,1,True,False
4198,SB-202190; Sb-202190,23,0.8083693,0.81056565,sb 202190 sb 202190,Oc1ccc(-c2nc(-c3ccc(F)cc3)c(-c3ccncc3)[nH]2)cc1,1,1,True,False
5465,Indibulin; indibulin,38,0.8077232,0.811924,indibulin indibulin,O=C(Nc1ccncc1)C(=O)c1cn(Cc2ccc(Cl)cc2)c2ccccc12,1,1,True,False
2836,"4(2'-Aminoethyl)amino-1,8-dimethylimidazo(1,2-a)quinoxaline; BMS-345541",99,0.8075441,0.79929435,4 2 aminoethyl amino 1 8 dimethylimidazo 1 2 a quinoxaline bms 345541,Cc1ccc2nc(NCCN)c3ncc(C)n3c2c1,1,1,True,False
1442,Triflupromazine; triflupromazine,23,0.8066822,0.8368923,triflupromazine triflupromazine,CN(C)CCCN1c2ccccc2Sc2ccc(C(F)(F)F)cc21,1,1,True,False
2445,Paricalcitol; paricalcitol,25,0.80703926,0.8408866,paricalcitol paricalcitol,C[C@H](C=C[C@H](C)C(C)(C)O)[C@H]1CC[C@H]2C(=CC=C3C[C@@H](O)C[C@H](O)C3)CCC[C@]12C,1,1,True,False
3974,"9-Hydroxy-4-phenylpyrrolo[3,4-C]carbazole-1,3(2H,6H)-dione; PD-407824",26,0.8069994,0.83530414,9 hydroxy 4 phenylpyrrolo 3 4 c carbazole 1 3 2h 6h dione pd 407824,O=C1NC(=O)c2c1c(-c1ccccc1)cc1[nH]c3ccc(O)cc3c21,1,1,True,False
25,"(1R,2R,13R,14R,17R,18S)-17-ethynyl-2,18-dimethyl-7-oxa-6-azapentacyclo[11.7.0.02,10.04,8.014,18]icosa-4(8),5,9-trien-17-ol; danazol",32,0.8072222,0.85953826,1r 2r 13r 14r 17r 18s 17 ethynyl 2 18 dimethyl 7 oxa 6 azapentacyclo 11 7 0 02 10 04 8 014 18 icosa 4 8 5 9 trien 17 ol danazol,C#C[C@]1(O)CC[C@@H]2[C@@H]3CCC4=Cc5oncc5C[C@]4(C)[C@@H]3CC[C@@]21C,1,1,True,False
3962,Kenpaullone; kenpaullone,49,0.80653334,0.7931136,kenpaullone kenpaullone,O=C1Cc2c([nH]c3ccc(Br)cc23)-c2ccccc2N1,1,1,True,False
4004,indirubin,44,0.8054394,0.8221525,indirubin,O=C1Nc2ccccc2C1=C1Nc2ccccc2C1=O,1,1,True,False
2898,ALW-II-38-3; Awl-II-38.3,34,0.8051804,0.7656362,alw ii 38 3 awl ii 38 3,Cc1cn(-c2cc(C(=O)Nc3ccc(C)c(NC(=O)c4ccno4)c3)cc(C(F)(F)F)c2)cn1,1,1,True,False
1098,"2,4-Bisanilinopyrimidine, 10; KIN-001-220",47,0.8045245,0.7943274,2 4 bisanilinopyrimidine 10 kin 001 220,CCN1CCN(C(=O)Cc2ccc(Nc3ncc(F)c(Nc4ccc(C(=O)Nc5ccccc5Cl)cc4)n3)cc2)CC1,1,1,True,False
2071,GW-843682X; GW843682X,100,0.80449545,0.81215286,gw 843682x gw843682x,COc1cc2ncn(-c3cc(OCc4ccccc4C(F)(F)F)c(C(N)=O)s3)c2cc1OC,1,1,True,False
4184,An inositol; inositol,26,0.80402213,0.7725479,an inositol inositol,O[C@H]1[C@H](O)[C@@H](O)[C@H](O)[C@@H](O)[C@H]1O,1,1,True,False
946,Pracinostat; SB-939,180,0.9183546,0.8149554,pracinostat sb 939,CCCCc1nc2cc(C=CC(=O)NO)ccc2n1CCN(CC)CC,1,1,True,False
4663,GSK-690693,38,0.8010893,0.8203393,gsk 690693,CCn1c(-c2nonc2N)nc2c(C#CC(C)(C)O)ncc(OCC3CCCNC3)c21,1,1,True,False
5388,Aphidicolin; aphidicolin,47,0.8018819,0.8563732,aphidicolin aphidicolin,C[C@@]1(CO)[C@H](O)CC[C@@]2(C)[C@H]1CC[C@H]1C[C@@H]3C[C@@]12CC[C@]3(O)CO,1,1,True,False
5630,"(2R,4aS,6aR,6aS,14aS,14bR)-10-hydroxy-2,4a,6a,6a,9,14a-hexamethyl-11-oxo-1,3,4,5,6,13,14,14b-octahydropicene-2-carboxylic acid; Celastrol",75,0.81994617,0.8507242,2r 4as 6ar 6as 14as 14br 10 hydroxy 2 4a 6a 6a 9 14a hexamethyl 11 oxo 1 3 4 5 6 13 14 14b octahydropicene 2 carboxylic acid celastrol,CC1=C(O)C(=O)C=C2C1=CC=C1[C@@]2(C)CC[C@@]2(C)[C@@H]3C[C@](C)(C(=O)O)CC[C@]3(C)CC[C@]12C,1,1,True,False
294,"(6S,8S,10R,11S,13S,14S,17S)-17-acetyl-11-hydroxy-6,10,13-trimethyl-1,2,6,7,8,9,11,12,14,15,16,17-dodecahydrocyclopenta[a]phenanthren-3-one; medrysone",37,0.8020065,0.84607327,6s 8s 10r 11s 13s 14s 17s 17 acetyl 11 hydroxy 6 10 13 trimethyl 1 2 6 7 8 9 11 12 14 15 16 17 dodecahydrocyclopenta a phenanthren 3 one medrysone,CC(=O)[C@H]1CC[C@H]2[C@@H]3C[C@H](C)C4=CC(=O)CC[C@]4(C)[C@H]3[C@@H](O)C[C@]12C,1,1,True,False
3532,thioguanine,45,0.8015245,0.80413723,thioguanine,Nc1nc2nc[nH]c2c(=S)[nH]1,1,1,True,False
420,NCH-51; Ptach,20,0.80143875,0.79656315,nch 51 ptach,CC(C)C(=O)SCCCCCCC(=O)Nc1nc(-c2ccccc2)cs1,1,1,True,False
3022,AT-7867,25,0.80112046,0.80149174,at 7867,Clc1ccc(C2(c3ccc(-c4cn[nH]c4)cc3)CCNCC2)cc1,1,1,True,False
3120,"2-(Difluoromethyl)-1-(4,6-di-4-morpholinyl-1,3,5-triazin-2-yl)-1H-benzimidazole; ZSTK-474",73,0.80096006,0.83103037,2 difluoromethyl 1 4 6 di 4 morpholinyl 1 3 5 triazin 2 yl 1h benzimidazole zstk 474,FC(F)c1nc2ccccc2n1-c1nc(N2CCOCC2)nc(N2CCOCC2)n1,1,1,True,False
2006,"2-[2-methoxy-5-[[(E)-2-(2,4,6-trimethoxyphenyl)ethenyl]sulfonylmethyl]anilino]acetic acid; Rigosertib",92,0.8782223,0.8199886,2 2 methoxy 5 e 2 2 4 6 trimethoxyphenyl ethenyl sulfonylmethyl anilino acetic acid rigosertib,COc1cc(OC)c(/C=C/S(=O)(=O)Cc2ccc(OC)c(NCC(=O)O)c2)c(OC)c1,1,1,True,False
3104,Azathioprine; azathioprine,44,0.81052923,0.8220231,azathioprine azathioprine,Cn1cnc([N+](=O)[O-])c1Sc1[nH]cnc2ncnc1-2,1,1,True,False
2386,LY-2874455; Ly-2874455,48,0.8002621,0.82023066,ly 2874455 ly 2874455,C[C@@H](Oc1ccc2[nH]nc(C=Cc3cnn(CCO)c3)c2c1)c1c(Cl)cncc1Cl,1,1,True,False
649,AM-580; Ro 40-6055,47,0.7982884,0.79547775,am 580 ro 40 6055,CC1(C)CCC(C)(C)c2cc(C(=O)Nc3ccc(C(=O)O)cc3)ccc21,1,1,True,False
1383,GSK-1070916; Gsk-1070916,91,0.8874364,0.79743624,gsk 1070916 gsk 1070916,CCn1cc(-c2ccnc3[nH]c(-c4cccc(CN(C)C)c4)cc23)c(-c2ccc(NC(=O)N(C)C)cc2)n1,1,1,True,False
1725,7-hydroxystaurosporine; Ucn-01,37,0.7954092,0.89173985,7 hydroxystaurosporine ucn 01,CN[C@@H]1C[C@H]2O[C@@](C)([C@@H]1OC)n1c3ccccc3c3c4c(c5c6ccccc6n2c5c31)C(=O)N[C@H]4O,1,1,True,False
1524,meisoindigo,24,0.7953641,0.8163002,meisoindigo,CN1C(=O)C(=C2C(=O)Nc3ccccc32)c2ccccc21,1,1,True,False
902,ANTIMYCIN A (A1 shown); antimycin-a,23,0.7952047,0.843208,antimycin a a1 shown antimycin a,CCCCC[C@H]1C(=O)O[C@H](C)[C@H](NC(=O)c2cccc(NC=O)c2O)C(=O)O[C@@H](C)[C@@H]1OC(=O)CC(C)C,1,1,True,False
2079,"BRD-K68336408; N-(3-Chlorophenyl)-6,7-dimethoxy-4-quinazolinamine",33,0.79226494,0.8057674,brd k68336408 n 3 chlorophenyl 6 7 dimethoxy 4 quinazolinamine,COc1cc2ncnc(Nc3cccc(Cl)c3)c2cc1OC,1,1,True,False
3546,5-Aza-2'-deoxycytidine; Decitabine,287,0.8875066,0.83441114,5 aza 2 deoxycytidine decitabine,Nc1ncn(C2CC(O)C(CO)O2)c(=O)n1,1,1,True,False
1584,thiothixene; trans-Thiothixene,21,0.7915359,0.8175417,thiothixene trans thiothixene,CN1CCN(CCC=C2c3ccccc3Sc3ccc(S(=O)(=O)N(C)C)cc32)CC1,1,1,True,False
151,Epiquinidine; quinine,21,0.7894756,0.8350428,epiquinidine quinine,C=C[C@H]1C[N@@]2CC[C@H]1C[C@@H]2[C@H](O)c1ccnc2ccc(OC)cc12,1,1,True,False
1696,Maprotiline; maprotiline,29,0.7890062,0.81355256,maprotiline maprotiline,CNCCC[C@]12CC[C@H](c3ccccc31)c1ccccc12,1,1,True,False
2152,AR-A014418,21,0.789541,0.8037731,ar a014418,COc1ccc(CNC(=O)Nc2ncc([N+](=O)[O-])s2)cc1,1,1,True,False
3553,5-iodotubercidin; 7-Iodo-7-deaza-D-guanosine,51,0.7948834,0.8212832,5 iodotubercidin 7 iodo 7 deaza d guanosine,Nc1ncnc2c1c(I)cn2C1OC(CO)C(O)C1O,1,1,True,False
529,aminopurvalanol A; aminopurvalanol-a,37,0.7889672,0.8156886,aminopurvalanol a aminopurvalanol a,CC(C)[C@H](CO)Nc1nc(Nc2cc(N)cc(Cl)c2)c2ncn(C(C)C)c2n1,1,1,True,False
4230,Maxacalcitol-D6; maxacalcitol,33,0.7888826,0.85182893,maxacalcitol d6 maxacalcitol,[2H]C([2H])([2H])C(O)(CCO[C@@H](C)[C@H]1CC[C@H]2C(=C/C=C3/C[C@@H](O)C[C@H](O)C3=C)CCC[C@]12C)C([2H])([2H])[2H],1,1,True,False
77,Tacalcitol; tacalcitol,31,0.78819275,0.8385576,tacalcitol tacalcitol,C=C1/C(=C\C=C2CCC[C@]3(C)[C@@H]([C@H](C)CC[C@@H](O)C(C)C)CC[C@@H]23)C[C@@H](O)C[C@@H]1O,1,1,True,False
756,Beclomethasone Dipropionate; beclomethasone-dipropionate,55,0.78777623,0.8434893,beclomethasone dipropionate beclomethasone dipropionate,CCC(=O)OCC(=O)[C@@]1(OC(=O)CC)[C@@H](C)C[C@H]2[C@@H]3CCC4=CC(=O)C=C[C@]4(C)[C@@]3(Cl)[C@@H](O)C[C@@]21C,1,1,True,False
2659,Semaxanib; semaxanib,24,0.78545374,0.8129985,semaxanib semaxanib,Cc1cc(C)c(C=C2C(=O)Nc3ccccc32)[nH]1,1,1,True,False
189,"1-[4-[4-[[(2S,4R)-2-(2,4-dichlorophenyl)-2-(imidazol-1-ylmethyl)-1,3-dioxolan-4-yl]methoxy]phenyl]piperazin-1-yl]ethanone; Ketoconazole",30,0.78143454,0.7884054,1 4 4 2s 4r 2 2 4 dichlorophenyl 2 imidazol 1 ylmethyl 1 3 dioxolan 4 yl methoxy phenyl piperazin 1 yl ethanone ketoconazole,CC(=O)N1CCN(c2ccc(OC[C@@H]3CO[C@@](Cn4ccnc4)(c4ccc(Cl)cc4Cl)O3)cc2)CC1,1,1,True,False
3347,"H-9; N'-(5-isoquinolinylmethyl)ethane-1,2-diamine",23,0.78415656,0.7652888,h 9 n 5 isoquinolinylmethyl ethane 1 2 diamine,NCCNCc1cccc2cnccc12,1,1,True,False
3395,"(2R)-2-amino-2-[(5S)-3-chloro-4,5-dihydro-1,2-oxazol-5-yl]acetic acid; acivicin",24,0.7834414,0.8073926,2r 2 amino 2 5s 3 chloro 4 5 dihydro 1 2 oxazol 5 yl acetic acid acivicin,N[C@@H](C(=O)O)[C@@H]1CC(Cl)=NO1,1,1,True,False
7014,2-[(chloroacetyl)(4-methoxyphenyl)amino]-N-(2-phenylethyl)-2-thien-2-ylacetamide; K784-3188,29,0.7822677,0.82733536,2 chloroacetyl 4 methoxyphenyl amino n 2 phenylethyl 2 thien 2 ylacetamide k784 3188,COc1ccc(N(C(=O)CCl)C(C(=O)NCCc2ccccc2)c2cccs2)cc1,1,1,True,False
4465,linsitinib,53,0.7805518,0.8290839,linsitinib,CC1(C)CC(c2nc(-c3ccc4ccc(-c5ccccc5)nc4c3)c3c(N)nccn23)C1,1,2,True,True
2072,CP-466722; CP466722,63,0.7801475,0.82606876,cp 466722 cp466722,COc1cc2ncnc(-n3nc(-c4ccccn4)nc3N)c2cc1OC,1,1,True,False
3077,PF-477736,47,0.7790796,0.83538425,pf 477736,Cn1cc(-c2[nH]c3cc(NC(=O)[C@H](N)C4CCCCC4)cc4c3c2C=NNC4=O)cn1,1,1,True,False
6573,"(E)-N-(4-((4-Ethylpiperazin-1-yl)methyl)-3-(trifluoromethyl)phenyl)-3-(2-(4-methoxy-1H-pyrrolo[2,3-b]pyridin-5-yl)vinyl)-4-methylbenzamide; HG-6-64-01",46,0.7785483,0.7992594,e n 4 4 ethylpiperazin 1 yl methyl 3 trifluoromethyl phenyl 3 2 4 methoxy 1h pyrrolo 2 3 b pyridin 5 yl vinyl 4 methylbenzamide hg 6 64 01,CCN1CCN(Cc2ccc(NC(=O)c3ccc(C)c(/C=C/c4cnc5[nH]ccc5c4OC)c3)cc2C(F)(F)F)CC1,1,1,True,False
3220,Phenformin; phenformin,20,0.7744978,0.78544784,phenformin phenformin,N=C(N)NC(=N)NCCc1ccccc1,1,1,True,False
1226,Pelitinib; pelitinib,77,0.8768708,0.8251715,pelitinib pelitinib,CCOc1cc2ncc(C#N)c(Nc3ccc(F)c(Cl)c3)c2cc1NC(=O)C=CCN(C)C,1,1,True,False
6648,"BRD-K28296557; N-[(E)-2-[5-(1,3-benzothiazol-2-yl)-3-ethyl-1-phenylbenzimidazol-3-ium-2-yl]ethenyl]-N-methylaniline",25,0.7768709,0.8281021,brd k28296557 n e 2 5 1 3 benzothiazol 2 yl 3 ethyl 1 phenylbenzimidazol 3 ium 2 yl ethenyl n methylaniline,CC[n+]1c(/C=C/N(C)c2ccccc2)n(-c2ccccc2)c2ccc(-c3nc4ccccc4s3)cc21,1,1,True,False
1134,"Cholesta-5,8-dien-3ss-ol; molsidomine",31,0.7748944,0.8150368,cholesta 5 8 dien 3ss ol molsidomine,CCOC(=O)/N=c1/c[n+](N2CCOCC2)[n-]o1,1,1,True,False
111,AVL-292; Spebrutinib,61,0.77400726,0.81856537,avl 292 spebrutinib,C=CC(=O)Nc1cccc(Nc2nc(Nc3ccc(OCCOC)cc3)ncc2F)c1,1,1,True,False
3072,RAF-265; Raf265,74,0.77344674,0.80855083,raf 265 raf265,Cn1c(Nc2ccc(C(F)(F)F)cc2)nc2cc(Oc3ccnc(-c4ncc(C(F)(F)F)[nH]4)c3)ccc21,1,1,True,False
1310,(2R)-2-[[6-(benzylamino)-9-propan-2-ylpurin-2-yl]amino]butan-1-ol; Roscovitine; roscovitine,97,0.88782173,0.779583,2r 2 6 benzylamino 9 propan 2 ylpurin 2 yl amino butan 1 ol roscovitine roscovitine,CC[C@H](CO)Nc1nc(NCc2ccccc2)c2ncn(C(C)C)c2n1,1,1,True,False
4163,GDC-0879; Gdc-0879,42,0.7722173,0.82215804,gdc 0879 gdc 0879,OCCn1cc(-c2ccc3c(c2)CCC3=NO)c(-c2ccncc2)n1,1,1,True,False
1967,ITK inhibitor; KIN001-127,36,0.77206904,0.8089342,itk inhibitor kin001 127,COc1cc(C)c(Sc2cnc(NC(=O)c3ccc(CNC(C)C(C)C)cc3)s2)cc1C(=O)N1CCN(C(C)=O)CC1,1,1,True,False
8104,2-chloro-N-[6-[[(2-chloro-5-nitrophenyl)-oxomethyl]amino]-2-pyridinyl]-5-nitrobenzamide; EMF-bca1-16,23,0.77099144,0.8080641,2 chloro n 6 2 chloro 5 nitrophenyl oxomethyl amino 2 pyridinyl 5 nitrobenzamide emf bca1 16,O=C(Nc1cccc(NC(=O)c2cc([N+](=O)[O-])ccc2Cl)n1)c1cc([N+](=O)[O-])ccc1Cl,1,1,True,False
1455,Amonafide; amonafide,37,0.7707129,0.8309752,amonafide amonafide,CN(C)CCN1C(=O)c2cccc3cc(N)cc(c23)C1=O,1,1,True,False
3856,CD-1530; CD1530,42,0.7705818,0.8182591,cd 1530 cd1530,O=C(O)c1ccc(-c2ccc3cc(O)c(C45CC6CC(CC(C6)C4)C5)cc3c2)cc1,1,1,True,False
2761,RG-2833,26,0.7712396,0.7972573,rg 2833,Cc1ccc(C(=O)NCCCCCC(=O)Nc2ccccc2N)cc1,1,1,True,False
5398,L-ergothioneine,30,0.76924354,0.8121951,l ergothioneine,C[N+](C)(C)[C@@H](Cc1c[nH]c(=S)[nH]1)C(=O)O,1,1,True,False
593,Fenretinide; fenretinide,47,0.774925,0.80069005,fenretinide fenretinide,CC(C=CC=C(C)/C=C/C1=C(C)CCCC1(C)C)=CC(=O)Nc1ccc(O)cc1,1,1,True,False
139,"Estra-4,9,11-trien-3-one, 17-hydroxy-17-(2-propenyl)-, (17b)-; altrenogest",23,0.7668195,0.8481965,estra 4 9 11 trien 3 one 17 hydroxy 17 2 propenyl 17b altrenogest,C=CC[C@@]1(O)CC[C@H]2[C@@H]3CCC4=CC(=O)CCC4=C3C=C[C@@]21C,1,1,True,False
1510,Elesclomol; elesclomol,29,0.8366252,0.81352365,elesclomol elesclomol,CN(NC(=O)CC(=O)NN(C)C(=S)c1ccccc1)C(=S)c1ccccc1,1,1,True,False
221,"HDAC inhibitor, Compound 1; Merck60",43,0.76474637,0.8006233,hdac inhibitor compound 1 merck60,CC(=O)Nc1ccc(C(=O)Nc2cc(-c3cccs3)ccc2N)cc1,1,1,True,False
112,4-(4-((4-((3-acrylamidophenyl)amino)-5-fluoropyrimidin-2-yl)amino)phenoxy)-N-methylpicolinamide; CNX-774,28,0.76349556,0.79569423,4 4 4 3 acrylamidophenyl amino 5 fluoropyrimidin 2 yl amino phenoxy n methylpicolinamide cnx 774,C=CC(=O)Nc1cccc(Nc2nc(Nc3ccc(Oc4ccnc(C(=O)NC)c4)cc3)ncc2F)c1,1,1,True,False
1836,CP-724714; Cp-724714,24,0.76317173,0.8153594,cp 724714 cp 724714,COCC(=O)NCC=Cc1ccc2ncnc(Nc3ccc(Oc4ccc(C)nc4)c(C)c3)c2c1,1,1,True,False
3670,"CAY-10594; N-(2-(4-Oxo-1-phenyl-1,3,8-triazaspiro(4.5)decan-8-yl)ethyl)naphthalene-2-carboxamide",25,0.7614827,0.81840074,cay 10594 n 2 4 oxo 1 phenyl 1 3 8 triazaspiro 4 5 decan 8 yl ethyl naphthalene 2 carboxamide,O=C(NCCN1CCC2(CC1)C(=O)NCN2c1ccccc1)c1ccc2ccccc2c1,1,1,True,False
738,"(10S,13R,17Z)-17-ethylidene-10,13-dimethyl-1,2,6,7,8,9,11,12,14,15-decahydrocyclopenta[a]phenanthrene-3,16-dione; guggulsterone",20,0.7605798,0.83779305,10s 13r 17z 17 ethylidene 10 13 dimethyl 1 2 6 7 8 9 11 12 14 15 decahydrocyclopenta a phenanthrene 3 16 dione guggulsterone,CC=C1C(=O)CC2C3CCC4=CC(=O)CC[C@@]4(C)C3CC[C@@]12C,1,1,True,False
788,"methyl (1R,9R,10S,11R,12S,19R)-11-acetyloxy-12-ethyl-4-[(12S,14R)-16-ethyl-12-methoxycarbonyl-1,10-diazatetracyclo[12.3.1.03,11.04,9]octadeca-3(11),4,6,8,15-pentaen-12-yl]-10-hydroxy-5-methoxy-8-methyl-8,16-diazapentacyclo[10.6.1.01,9.02,7.016,19]nonadeca-2,4,6,13-tetraene-10-carboxylate; vinorelbine",36,0.7925,0.8687617,methyl 1r 9r 10s 11r 12s 19r 11 acetyloxy 12 ethyl 4 12s 14r 16 ethyl 12 methoxycarbonyl 1 10 diazatetracyclo 12 3 1 03 11 04 9 octadeca 3 11 4 6 8 15 pentaen 12 yl 10 hydroxy 5 methoxy 8 methyl 8 16 diazapentacyclo 10 6 1 01 9 02 7 016 19 nonadeca 2 4 6 13 tetraene 10 carboxylate vinorelbine,CCC1=C[C@@H]2C[N@](C1)Cc1c([nH]c3ccccc13)[C@@](C(=O)OC)(c1cc3c(cc1OC)N(C)[C@H]1[C@@](O)(C(=O)OC)[C@H](OC(C)=O)[C@@]4(CC)C=CCN5CC[C@]31[C@@H]54)C2,1,1,True,False
2075,Dacomitinib; dacomitinib,39,0.7595481,0.8363576,dacomitinib dacomitinib,COc1cc2ncnc(Nc3ccc(F)c(Cl)c3)c2cc1NC(=O)C=CCN1CCCCC1,1,1,True,False
2858,Apilimod; STA-5326,78,0.7587234,0.80855215,apilimod sta 5326,Cc1cccc(C=NNc2cc(N3CCOCC3)nc(OCCc3ccccn3)n2)c1,1,1,True,False
7017,"BRD-K05649647; N-(2,5-dimethoxyphenyl)sulfonyl-N-(4-methoxyphenyl)benzamide",20,0.7587052,0.816926,brd k05649647 n 2 5 dimethoxyphenyl sulfonyl n 4 methoxyphenyl benzamide,COc1ccc(N(C(=O)c2ccccc2)S(=O)(=O)c2cc(OC)ccc2OC)cc1,1,1,True,False
636,4-[(E)-4-(4-hydroxyphenyl)hex-3-en-3-yl]phenol; Diethylstilbestrol,23,0.75746757,0.8117034,4 e 4 4 hydroxyphenyl hex 3 en 3 yl phenol diethylstilbestrol,CC/C(=C(/CC)c1ccc(O)cc1)c1ccc(O)cc1,1,1,True,False
6693,Jnk-IN-2; ZG-10,27,0.7522886,0.8154251,jnk in 2 zg 10,CN(C)CC=CC(=O)Nc1ccc(C(=O)Nc2cccc(Nc3nccc(-c4cccnc4)n3)c2)cc1,1,1,True,False
1065,Enclomiphene; clomifene,45,0.75024664,0.81139696,enclomiphene clomifene,CCN(CC)CCOc1ccc(/C(=C(/Cl)c2ccccc2)c2ccccc2)cc1,1,1,True,False
2216,D-64131,27,0.75060874,0.78125685,d 64131,COc1ccc2[nH]c(C(=O)c3ccccc3)cc2c1,1,1,True,False
73,"calcitriol; trans-(1R,3S,5Z)-5-[(2E)-2-[(1S,3aS,7aR)-1-[(2R)-6-hydroxy-6-methylheptan-2-yl]-7a-methyl-2,3,3a,5,6,7-hexahydro-1H-inden-4-ylidene]ethylidene]-4-methylidenecyclohexane-1,3-diol",100,0.873634,0.8187183,calcitriol trans 1r 3s 5z 5 2e 2 1s 3as 7ar 1 2r 6 hydroxy 6 methylheptan 2 yl 7a methyl 2 3 3a 5 6 7 hexahydro 1h inden 4 ylidene ethylidene 4 methylidenecyclohexane 1 3 diol,C=C1/C(=C\C=C2CCC[C@@]3(C)[C@H]2CC[C@H]3[C@H](C)CCCC(C)(C)O)C[C@@H](O)C[C@@H]1O,1,1,True,False
6906,5-Chloro-4-(1H-indol-3-yl)-N-(2-methoxy-4-(4-(4-methylpiperazin-1-yl)piperidin-1-yl)phenyl)pyrimidin-2-amine; HG-14-10-04,23,0.7492872,0.80275106,5 chloro 4 1h indol 3 yl n 2 methoxy 4 4 4 methylpiperazin 1 yl piperidin 1 yl phenyl pyrimidin 2 amine hg 14 10 04,COc1cc(N2CCC(N3CCN(C)CC3)CC2)ccc1Nc1ncc(Cl)c(-c2c[nH]c3ccccc23)n1,1,1,True,False
3867,MLN-8054; Mln8054,62,0.8749543,0.83426344,mln 8054 mln8054,O=C(O)c1ccc(Nc2ncc3c(n2)-c2ccc(Cl)cc2C(c2c(F)cccc2F)=NC3)cc1,1,1,True,False
8259,4-chloro-N-[4-hydroxy-3-(8-quinolinylthio)-1-naphthalenyl]benzenesulfonamide; F-1566-0341,31,0.74747896,0.8300648,4 chloro n 4 hydroxy 3 8 quinolinylthio 1 naphthalenyl benzenesulfonamide f 1566 0341,O=S(=O)(Nc1cc(Sc2cccc3cccnc23)c(O)c2ccccc12)c1ccc(Cl)cc1,1,1,True,False
4457,Y-27632,28,0.7474828,0.79483235,y 27632,CC(N)C1CCC(C(=O)Nc2ccncc2)CC1,1,1,True,False
1762,"BRD-K88741031; Methyl 2,5-dihydroxycinnamate; erbstatin-analog; methyl (E)-3-(2,5-dihydroxyphenyl)acrylate",20,0.74674225,0.7952843,brd k88741031 methyl 2 5 dihydroxycinnamate erbstatin analog methyl e 3 2 5 dihydroxyphenyl acrylate,COC(=O)C=Cc1cc(O)ccc1O,1,1,True,False
355,Quizartinib; quizartinib,49,0.74691135,0.81832755,quizartinib quizartinib,CC(C)(C)c1cc(NC(=O)Nc2ccc(-c3cn4c(n3)sc3cc(OCCN5CCOCC5)ccc34)cc2)no1,1,1,True,False
99,Ibrutinib; ibrutinib,149,0.85756654,0.79795396,ibrutinib ibrutinib,C=CC(=O)N1CCC[C@@H](n2nc(-c3ccc(Oc4ccccc4)cc3)c3c(N)ncnc32)C1,1,1,True,False
6890,"2-cyclohexyl-1-[(E)-3-(3,4,5-trimethoxyphenyl)prop-2-enoyl]-2,3-dihydropyridin-6-one; SA-1447005",21,0.7439289,0.8375457,2 cyclohexyl 1 e 3 3 4 5 trimethoxyphenyl prop 2 enoyl 2 3 dihydropyridin 6 one sa 1447005,COc1cc(C=CC(=O)N2C(=O)C=CCC2C2CCCCC2)cc(OC)c1OC,1,1,True,False
1675,Axitinib; axitinib,32,0.74253434,0.81157386,axitinib axitinib,CNC(=O)c1ccccc1Sc1ccc2c(C=Cc3ccccn3)n[nH]c2c1,1,1,True,False
2781,Linifanib; linifanib,113,0.8590665,0.8113831,linifanib linifanib,Cc1ccc(F)c(NC(=O)Nc2ccc(-c3cccc4[nH]nc(N)c34)cc2)c1,1,1,True,False
6905,1-[4-[[4-Amino-5-chloro-6-(2-propan-2-ylsulfonylanilino)-2-pyrimidinyl]amino]-3-methoxyphenyl]-4-piperidinecarboxamide; HG-5-88-01,33,0.74185646,0.82702696,1 4 4 amino 5 chloro 6 2 propan 2 ylsulfonylanilino 2 pyrimidinyl amino 3 methoxyphenyl 4 piperidinecarboxamide hg 5 88 01,COc1cc(N2CCC(C(N)=O)CC2)ccc1Nc1nc(N)c(Cl)c(Nc2ccccc2S(=O)(=O)C(C)C)n1,1,1,True,False
6780,4-(Hydroxy-(4-((4-(((1-naphthalenylamino)-oxomethoxy)methyl)phenyl)methylamino)butyl)amino)-4-oxo-2-butenoic acid methyl ester; methylstat,22,0.7415906,0.80179626,4 hydroxy 4 4 1 naphthalenylamino oxomethoxy methyl phenyl methylamino butyl amino 4 oxo 2 butenoic acid methyl ester methylstat,COC(=O)C=CC(=O)N(O)CCCCNCc1ccc(COC(=O)Nc2cccc3ccccc23)cc1,1,1,True,False
1070,Givinostat; givinostat,41,0.8799871,0.8109743,givinostat givinostat,CCN(CC)Cc1ccc2cc(COC(=O)Nc3ccc(C(=O)NO)cc3)ccc2c1,1,1,True,False
1623,Metergoline; metergoline,23,0.7351788,0.82648504,metergoline metergoline,CN1C[C@H](CNC(=O)OCc2ccccc2)C[C@@H]2c3cccc4c3c(cn4C)C[C@H]21,1,1,True,False
5117,serdemetan,47,0.7463338,0.7960733,serdemetan,c1cc(NCCc2c[nH]c3ccccc23)cc(Nc2ccncc2)c1,1,1,True,False
2808,(2E)-3-(4-methylbenzenesulfonyl)prop-2-enenitrile; BAY-11-7082,25,0.7351815,0.7746872,2e 3 4 methylbenzenesulfonyl prop 2 enenitrile bay 11 7082,Cc1ccc(S(=O)(=O)C=CC#N)cc1,1,1,True,False
5375,"(2S)-2-amino-N-[(2S,3S,4R)-5-[6-(dimethylamino)-9-purinyl]-4-hydroxy-2-(hydroxymethyl)-3-oxolanyl]-3-(4-methoxyphenyl)propanamide; puromycin",38,0.7823498,0.8153672,2s 2 amino n 2s 3s 4r 5 6 dimethylamino 9 purinyl 4 hydroxy 2 hydroxymethyl 3 oxolanyl 3 4 methoxyphenyl propanamide puromycin,COc1ccc(C[C@H](N)C(=O)N[C@@H]2[C@@H](CO)OC(n3cnc4c(N(C)C)ncnc43)[C@@H]2O)cc1,1,1,True,False
6218,"2-(1-Aminoethenyl)-4-(3-phenylphenyl)thieno[2,3-c]pyridin-7-amine; COT-10b",20,0.73217845,0.8201207,2 1 aminoethenyl 4 3 phenylphenyl thieno 2 3 c pyridin 7 amine cot 10b,C=C(N)c1cc2c(-c3cccc(-c4ccccc4)c3)cnc(N)c2s1,1,1,True,False
589,2-((6-(benzylamino)-9-(propan-2-yl)-9H-purin-2-yl)amino)ethan-1-ol; BRD-K71726959,22,0.73078597,0.8185886,2 6 benzylamino 9 propan 2 yl 9h purin 2 yl amino ethan 1 ol brd k71726959,CC(C)n1cnc2c(NCc3ccccc3)nc(NCCO)nc21,1,1,True,False
652,Tamibarotene; tamibarotene,50,0.72667164,0.8045561,tamibarotene tamibarotene,CC1(C)CCC(C)(C)c2cc(NC(=O)c3ccc(C(=O)O)cc3)ccc21,1,1,True,False
5256,Tyrphostin 9; tyrphostin-A9,26,0.7254088,0.78257465,tyrphostin 9 tyrphostin a9,CC(C)(C)c1cc(C=C(C#N)C#N)cc(C(C)(C)C)c1O,1,1,True,False
1493,Methylene blue cation; methylene-blue,21,0.725261,0.81452286,methylene blue cation methylene blue,CN(C)c1ccc2nc3ccc(N(C)C)cc3[s+]c2c1,1,1,True,False
1972,"Azd-4547; N-[5-[2-(3,5-dimethoxyphenyl)ethyl]-1H-pyrazol-3-yl]-4-[(3R,5S)-3,5-dimethylpiperazin-1-yl]benzamide",49,0.72802794,0.8238304,azd 4547 n 5 2 3 5 dimethoxyphenyl ethyl 1h pyrazol 3 yl 4 3r 5s 3 5 dimethylpiperazin 1 yl benzamide,COc1cc(CCc2cc(NC(=O)c3ccc(N4C[C@@H](C)N[C@@H](C)C4)cc3)[nH]n2)cc(OC)c1,1,1,True,False
1810,"AG-957; Benzoic acid, 4-[[(2,5-dihydroxyphenyl)methyl]amino]-, methyl ester",24,0.7244472,0.79724556,ag 957 benzoic acid 4 2 5 dihydroxyphenyl methyl amino methyl ester,COC(=O)c1ccc(NCc2cc(O)ccc2O)cc1,1,1,True,False
6440,C-646; C646,29,0.7409803,0.81578386,c 646 c646,CC1=NN(c2ccc(C(=O)O)cc2)C(=O)C1=Cc1ccc(-c2cc(C)c(C)cc2[N+](=O)[O-])o1,1,1,True,False
1252,Cerdulatinib; PRT-062070,51,0.85864025,0.83568877,cerdulatinib prt 062070,CCS(=O)(=O)N1CCN(c2ccc(Nc3ncc(C(N)=O)c(NC4CC4)n3)cc2)CC1,1,1,True,False
5410,CX-5461; Cx-5461,38,0.72118026,0.85351676,cx 5461 cx 5461,Cc1cnc(CNC(=O)c2c(=O)c3ccc(N4CCCN(C)CC4)nc3n3c2sc2ccccc23)cn1,1,1,True,False
2571,"(3Z)-5-(((2,6-Dichlorophenyl)methyl)sulfonyl)-3-((3,5-dimethyl-4-(((2R)-2-(1-pyrrolidinylmethyl)-1-pyrrolidinyl)carbonyl)-1H-pyrrol-2-yl)methylene)-1,3-dihydro-2H-indol-2-one; PHA-665752",25,0.72013706,0.8393892,3z 5 2 6 dichlorophenyl methyl sulfonyl 3 3 5 dimethyl 4 2r 2 1 pyrrolidinylmethyl 1 pyrrolidinyl carbonyl 1h pyrrol 2 yl methylene 1 3 dihydro 2h indol 2 one pha 665752,Cc1[nH]c(C=C2C(=O)Nc3ccc(S(=O)(=O)Cc4c(Cl)cccc4Cl)cc32)c(C)c1C(=O)N1CCC[C@@H]1CN1CCCC1,1,1,True,False
1667,Defactinib; defactinib,20,0.7207904,0.83059233,defactinib defactinib,CNC(=O)c1ccc(Nc2ncc(C(F)(F)F)c(NCc3nccnc3N(C)S(C)(=O)=O)n2)cc1,1,1,True,False
3289,"4-(4-(2,3-dihydrobenzo(1,4)dioxin-6-yl)-5-pyridin-2-yl-1H-imidazol-2-yl)benzamide; D-4476",41,0.71515536,0.81986094,4 4 2 3 dihydrobenzo 1 4 dioxin 6 yl 5 pyridin 2 yl 1h imidazol 2 yl benzamide d 4476,NC(=O)c1ccc(-c2nc(-c3ccc4c(c3)OCCO4)c(-c3ccccn3)[nH]2)cc1,1,1,True,False
3926,DA-3003-1; NSC-663284,23,0.71397686,0.82859164,da 3003 1 nsc 663284,O=C1C(Cl)=C(NCCN2CCOCC2)C(=O)c2ncccc21,1,1,True,False
2513,"(3E,5S,8R,9S,10R,13S,14S)-3-(2-aminoethoxyimino)-10,13-dimethyl-1,2,4,5,7,8,9,11,12,14,15,16-dodecahydrocyclopenta[a]phenanthrene-6,17-dione; Istaroxime",22,0.7256547,0.83086336,3e 5s 8r 9s 10r 13s 14s 3 2 aminoethoxyimino 10 13 dimethyl 1 2 4 5 7 8 9 11 12 14 15 16 dodecahydrocyclopenta a phenanthrene 6 17 dione istaroxime,C[C@]12CC/C(=N\OCCN)C[C@@H]1C(=O)C[C@@H]1[C@@H]2CC[C@]2(C)C(=O)CC[C@@H]12,1,1,True,False
3159,Ruxolitinib; ruxolitinib,110,0.8668112,0.80908203,ruxolitinib ruxolitinib,N#CC[C@H](C1CCCC1)n1cc(-c2ncnc3[nH]ccc23)cn1,1,1,True,False
1987,AZD-3463; Azd3463,20,0.7120067,0.8087246,azd 3463 azd3463,COc1cc(N2CCC(N)CC2)ccc1Nc1ncc(Cl)c(-c2c[nH]c3ccccc23)n1,1,1,True,False
354,"2-Propenethioamide, 3-(3,5-bis(1,1-dimethylethyl)-4-hydroxyphenyl)-2-cyano-, (E)-; AG-879",22,0.7114427,0.79232585,2 propenethioamide 3 3 5 bis 1 1 dimethylethyl 4 hydroxyphenyl 2 cyano e ag 879,CC(C)(C)c1cc(C=C(C#N)C(N)=S)cc(C(C)(C)C)c1O,1,1,True,False
24013,"Ethyl 5,5,7,7-tetramethyl-2-(5-nitrothiophene-2-carboxamido)-4,5,6,7-tetrahydrothieno[2,3-c]pyridine-3-carboxylate; NPC26",21,0.71032214,0.8434145,ethyl 5 5 7 7 tetramethyl 2 5 nitrothiophene 2 carboxamido 4 5 6 7 tetrahydrothieno 2 3 c pyridine 3 carboxylate npc26,CCOC(=O)c1c(NC(=O)c2ccc([N+](=O)[O-])s2)sc2c1CC(C)(C)NC2(C)C,1,1,True,False
938,RP107; aloisine,25,0.70982,0.8065635,rp107 aloisine,CCCCc1c(-c2ccc(O)cc2)[nH]c2nccnc12,1,1,True,False
3608,CAY-10618; N-(2-phenylphenyl)-8-(4-pyridin-3-yltriazol-1-yl)octanamide,22,0.7063934,0.7929487,cay 10618 n 2 phenylphenyl 8 4 pyridin 3 yltriazol 1 yl octanamide,O=C(CCCCCCCn1cc(-c2cccnc2)nn1)Nc1ccccc1-c1ccccc1,1,1,True,False
1218,SANT-2; Sant-2,36,0.70422393,0.80611503,sant 2 sant 2,CCOc1cc(C(=O)Nc2ccc(Cl)c(-c3nc4ccccc4[nH]3)c2)cc(OCC)c1OCC,1,1,True,False
4161,"2-((3-(2,3-Dichlorophenoxy)propyl)amino)ethanol; BRD-K61734568",23,0.7039946,0.76738346,2 3 2 3 dichlorophenoxy propyl amino ethanol brd k61734568,OCCNCCCOc1cccc(Cl)c1Cl,1,1,True,False
5230,"N,N-Dimethyl-beta-alanine (3R,4aR,5S,6S,6aS,10S,10aR,10bS)-5-(acetyloxy)-3-ethenyldodecahydro-10,10b-dihydroxy-3,4a,7,7,10a-pentamethyl-1-oxo-1H-naphtho(2,1-b)pyran-6-yl ester; colforsin-daproate",22,0.703539,0.87974614,n n dimethyl beta alanine 3r 4ar 5s 6s 6as 10s 10ar 10bs 5 acetyloxy 3 ethenyldodecahydro 10 10b dihydroxy 3 4a 7 7 10a pentamethyl 1 oxo 1h naphtho 2 1 b pyran 6 yl ester colforsin daproate,C=C[C@@]1(C)CC(=O)[C@]2(O)[C@@]3(C)[C@@H](O)CCC(C)(C)[C@@H]3[C@H](OC(=O)CCN(C)C)[C@H](OC(C)=O)[C@@]2(C)O1,1,1,True,False
1316,5-fluoro-3-phenyl-2-[(1S)-1-(7H-purin-6-ylamino)propyl]quinazolin-4-one; Idelalisib; idelalisib,39,0.74233735,0.821723,5 fluoro 3 phenyl 2 1s 1 7h purin 6 ylamino propyl quinazolin 4 one idelalisib idelalisib,CC[C@H](Nc1ncnc2[nH]cnc12)c1nc2cccc(F)c2c(=O)n1-c1ccccc1,1,1,True,False
5455,tioguanine,32,0.702638,0.83410275,tioguanine,Nc1nc(S)c2ncn([C@@H]3O[C@H](CO)[C@@H](O)[C@H]3O)c2n1,1,1,True,False
2328,SB 239063; SB-239063,33,0.7011322,0.8240285,sb 239063 sb 239063,COc1nccc(-c2c(-c3ccc(F)cc3)ncn2[C@H]2CC[C@H](O)CC2)n1,1,1,True,False
2613,"3-[[2-[2-[2-[[(2S,3R)-2-[[(2S,3S,4R)-4-[[(2S,3R)-2-[[6-amino-2-[(1S)-3-amino-1-[[(2S)-2,3-diamino-3-oxopropyl]amino]-3-oxopropyl]-5-methylpyrimidine-4-carbonyl]amino]-3-[3-[4-carbamoyloxy-3,5-dihydroxy-6-(hydroxymethyl)oxan-2-yl]oxy-4,5-dihydroxy-6-(hydroxymethyl)oxan-2-yl]oxy-3-(1H-imidazol-5-yl)propanoyl]amino]-3-hydroxy-2-methylpentanoyl]amino]-3-hydroxybutanoyl]amino]ethyl]-1,3-thiazol-4-yl]-1,3-thiazole-4-carbonyl]amino]propyl-dimethylsulfanium; Bleomycin",37,0.9032785,0.82977426,3 2 2 2 2s 3r 2 2s 3s 4r 4 2s 3r 2 6 amino 2 1s 3 amino 1 2s 2 3 diamino 3 oxopropyl amino 3 oxopropyl 5 methylpyrimidine 4 carbonyl amino 3 3 4 carbamoyloxy 3 5 dihydroxy 6 hydroxymethyl oxan 2 yl oxy 4 5 dihydroxy 6 hydroxymethyl oxan 2 yl oxy 3 1h imidazol 5 yl propanoyl amino 3 hydroxy 2 methylpentanoyl amino 3 hydroxybutanoyl amino ethyl 1 3 thiazol 4 yl 1 3 thiazole 4 carbonyl amino propyl dimethylsulfanium bleomycin,Cc1c(N)nc([C@H](CC(N)=O)NC[C@H](N)C(N)=O)nc1C(=O)N[C@H](C(=O)N[C@H](C)[C@@H](O)[C@H](C)C(=O)N[C@H](C(=O)NCCc1nc(-c2nc(C(=O)NCCC[S+](C)C)cs2)cs1)[C@@H](C)O)[C@@H](OC1OC(CO)C(O)C(O)C1OC1OC(CO)C(O)C(OC(N)=O)C1O)c1c[nH]cn1,1,1,True,False
1662,Rebastinib; rebastinib,34,0.6996597,0.80867547,rebastinib rebastinib,CNC(=O)c1cc(Oc2ccc(NC(=O)Nc3cc(C(C)(C)C)nn3-c3ccc4ncccc4c3)c(F)c2)ccn1,1,1,True,False
4263,Purmorphamine; purmorphamine,43,0.6987879,0.81194353,purmorphamine purmorphamine,c1ccc2c(Oc3nc(Nc4ccc(N5CCOCC5)cc4)c4ncn(C5CCCCC5)c4n3)cccc2c1,1,1,True,False
3092,Bisindolylmaleimide IX; bisindolylmaleimide-ix,49,0.9012109,0.83839464,bisindolylmaleimide ix bisindolylmaleimide ix,Cn1cc(C2=C(c3cn(CCCSC(=N)N)c4ccccc34)C(=O)NC2=O)c2ccccc21,1,1,True,False
4067,oxypurinol,42,0.6980431,0.80261725,oxypurinol,O=c1[nH]c(=O)c2c[nH]nc2[nH]1,1,1,True,False
8390,3-(4-pyridyl)-1H-indole; BRD-K23875128,20,0.69608414,0.7656964,3 4 pyridyl 1h indole brd k23875128,c1ccc2c(-c3ccncc3)c[nH]c2c1,1,1,True,False
2800,Pazopanib; pazopanib,63,0.8043622,0.81803006,pazopanib pazopanib,Cc1ccc(Nc2nccc(N(C)c3ccc4c(C)n(C)nc4c3)n2)cc1S(N)(=O)=O,1,1,True,False
3110,Afuresertib; GSK-2110183,41,0.6941564,0.8174106,afuresertib gsk 2110183,Cn1ncc(Cl)c1-c1cc(C(=O)N[C@H](CN)Cc2cccc(F)c2)sc1Cl,1,1,True,False
251,Dexamethasone Acetate; dexamethasone,334,0.8323172,0.9052108,dexamethasone acetate dexamethasone,CC(=O)OCC(=O)[C@@]1(O)[C@H](C)C[C@H]2[C@@H]3CCC4=CC(=O)C=C[C@]4(C)[C@@]3(F)[C@@H](O)C[C@@]21C,1,1,True,False
2035,4-(4-(N-benzoylamino)anilino)-6-methoxy-7-(3-(1-morpholino)propoxy)quinazoline; ZM-447439,66,0.8612989,0.8096695,4 4 n benzoylamino anilino 6 methoxy 7 3 1 morpholino propoxy quinazoline zm 447439,COc1cc2c(Nc3ccc(NC(=O)c4ccccc4)cc3)ncnc2cc1OCCCN1CCOCC1,1,1,True,False
238,AMG-517; Amg-517,28,0.68947893,0.8105296,amg 517 amg 517,CC(=O)Nc1nc2c(Oc3cc(-c4ccc(C(F)(F)F)cc4)ncn3)cccc2s1,1,1,True,False
5293,Suloctidil (USAN/INN); suloctidil,24,0.6836525,0.79563105,suloctidil usan inn suloctidil,CCCCCCCCN[C@H](C)[C@@H](O)c1ccc(SC(C)C)cc1,1,1,True,False
1197,"Ethyl 4-(methoxymethyl)-6-(phenylmethoxy)-9H-pyrido(3,4-b)indole-3-carboxylate; ZK-93423; ethyl 4-(methoxymethyl)-6-phenylmethoxy-9H-pyrido[3,4-b]indole-3-carboxylate",22,0.68252754,0.81822234,ethyl 4 methoxymethyl 6 phenylmethoxy 9h pyrido 3 4 b indole 3 carboxylate zk 93423 ethyl 4 methoxymethyl 6 phenylmethoxy 9h pyrido 3 4 b indole 3 carboxylate,CCOC(=O)c1ncc2[nH]c3ccc(OCc4ccccc4)cc3c2c1COC,1,1,True,False
1308,AVN-944; Avn 944,28,0.68182975,0.8209151,avn 944 avn 944,CC[C@H](CC#N)OC(=O)N[C@@H](C)c1cccc(NC(=O)Nc2ccc(-c3cnco3)c(OC)c2)c1,1,1,True,False
1425,2-(dimethylamino)-N-(6-oxo-5H-phenanthridin-2-yl)acetamide; PJ-34,59,0.85578483,0.81759834,2 dimethylamino n 6 oxo 5h phenanthridin 2 yl acetamide pj 34,CN(C)CC(=O)Nc1ccc2[nH]c(=O)c3ccccc3c2c1,1,1,True,False
3368,2-Phenylethynesulfonamide; pifithrin-mu,32,0.6787166,0.7906376,2 phenylethynesulfonamide pifithrin mu,NS(=O)(=O)C#Cc1ccccc1,1,1,True,False
3708,AT-9283; At-9283,60,0.81711954,0.8084033,at 9283 at 9283,O=C(Nc1c[nH]nc1-c1nc2cc(CN3CCOCC3)ccc2[nH]1)NC1CC1,1,1,True,False
798,Bucladesine; bucladesine,22,0.6738985,0.8285271,bucladesine bucladesine,CCCC(=O)Nc1ncnc2c1ncn2[C@@H]1O[C@@H]2COP(=O)(O)O[C@H]2[C@H]1OC(=O)CCC,1,1,True,False
4802,curcumin,68,0.82830185,0.8326802,curcumin,COc1ccc(/C=C/C(=O)CC(=O)C=Cc2cccc(O)c2OC)cc1O,1,2,True,True
1528,Chaetocin from Chaetomium minutum; chaetocin,35,0.80920017,0.8541292,chaetocin from chaetomium minutum chaetocin,CN1C(=O)C23CC4(C56CC78SSC(CO)(C(=O)N7C5Nc5ccccc56)N(C)C8=O)c5ccccc5NC4N2C(=O)C1(CO)SS3,1,1,True,False
2416,(3R)-4-(2-(1H-indol-4-yl)-6-(1-methylsulfonylcyclopropyl)pyrimidin-4-yl)-3-methylmorpholine; AZ-20,40,0.6743301,0.842523,3r 4 2 1h indol 4 yl 6 1 methylsulfonylcyclopropyl pyrimidin 4 yl 3 methylmorpholine az 20,C[C@@H]1COCCN1c1cc(C2(S(C)(=O)=O)CC2)nc(-c2cccc3[nH]ccc23)n1,1,1,True,False
15232,WH-4025,24,0.6732859,0.79852647,wh 4025,COc1ccc(N(C(=O)Oc2cc(C(=O)Nc3cccc(C(F)(F)F)c3)ccc2C)c2ccnc(Nc3ccc(N4CCN(C)CC4)cc3)n2)c(OC)c1,1,1,True,False
8282,BRD-K04887706,41,0.67253315,0.8247668,brd k04887706,O=c1[nH]c2ccccc2n1C1CCN(Cc2ccc(-c3nc4cc5[nH]cnc5cc4nc3-c3ccccc3)cc2)CC1,1,1,True,False
1419,"5-([1,1'-Biphenyl]-4-ylmethyl)-N,N-dimethyl-1H-tetrazole-1-carboxamide; LY-2183240",50,0.67090225,0.81988335,5 1 1 biphenyl 4 ylmethyl n n dimethyl 1h tetrazole 1 carboxamide ly 2183240,CN(C)C(=O)n1nnnc1Cc1ccc(-c2ccccc2)cc1,1,1,True,False
3928,"2,3-Bis(2-hydroxyethylsulfanyl)-(1,4)naphthoquinone; NSC-95397",20,0.66776216,0.8034406,2 3 bis 2 hydroxyethylsulfanyl 1 4 naphthoquinone nsc 95397,O=C1C(SCCO)=C(SCCO)C(=O)c2ccccc21,1,1,True,False
1472,AG-14361,74,0.80769736,0.8283703,ag 14361,CN(C)Cc1ccc(-c2nc3cccc4c3n2CCNC4=O)cc1,1,1,True,False
58,Pacritinib; pacritinib,24,0.6653249,0.83241594,pacritinib pacritinib,C1=CCOCc2cc(ccc2OCCN2CCCC2)Nc2nccc(n2)-c2cccc(c2)COC1,1,1,True,False
3667,BX-795; N-(3-((5-Iodo-4-((3-((2-thienylcarbonyl)amino)propyl)amino)-2-pyrimidinyl)amino)phenyl)-1-pyrrolidinecarboxamide,57,0.66522664,0.8038063,bx 795 n 3 5 iodo 4 3 2 thienylcarbonyl amino propyl amino 2 pyrimidinyl amino phenyl 1 pyrrolidinecarboxamide,O=C(NCCCNc1nc(Nc2cccc(NC(=O)N3CCCC3)c2)ncc1I)c1cccs1,1,1,True,False
2308,1-(9H-carbazol-4-yloxy)-3-[2-(2-methoxyphenoxy)ethylamino]propan-2-ol; Carvedilol; carvedilol,21,0.69254273,0.77433246,1 9h carbazol 4 yloxy 3 2 2 methoxyphenoxy ethylamino propan 2 ol carvedilol carvedilol,COc1ccccc1OCCNCC(O)COc1cccc2[nH]c3ccccc3c12,1,1,True,False
2582,Bazedoxifene; bazedoxifene,21,0.6641734,0.8119052,bazedoxifene bazedoxifene,Cc1c(-c2ccc(O)cc2)n(Cc2ccc(OCCN3CCCCCC3)cc2)c2ccc(O)cc12,1,1,True,False
7015,BRD-A36275421; ML162,54,0.6613297,0.8262413,brd a36275421 ml162,COc1ccc(N(C(=O)CCl)C(C(=O)NCCc2ccccc2)c2cccs2)cc1Cl,1,1,True,False
599,Trimipramine; trimipramine,20,0.65748376,0.8057354,trimipramine trimipramine,CC(CN(C)C)CN1c2ccccc2CCc2ccccc21,1,1,True,False
2439,"(2S)-1-[4-[(5-cyclopropyl-1H-pyrazol-3-yl)amino]pyrrolo[2,1-f][1,2,4]triazin-2-yl]-N-(6-fluoropyridin-3-yl)-2-methylpyrrolidine-2-carboxamide; Bms-754807",57,0.82878315,0.82811147,2s 1 4 5 cyclopropyl 1h pyrazol 3 yl amino pyrrolo 2 1 f 1 2 4 triazin 2 yl n 6 fluoropyridin 3 yl 2 methylpyrrolidine 2 carboxamide bms 754807,C[C@@]1(C(=O)Nc2ccc(F)nc2)CCCN1c1nc(Nc2cc(C3CC3)[nH]n2)c2cccn2n1,1,1,True,False
2725,Brivanib; brivanib,28,0.65926594,0.8228682,brivanib brivanib,Cc1cc2c(F)c(Oc3ncnn4cc(OC[C@@H](C)O)c(C)c34)ccc2[nH]1,1,1,True,False
2702,ENMD-2076; Enmd-2076,55,0.82841134,0.8164182,enmd 2076 enmd 2076,Cc1cc(Nc2cc(N3CCN(C)CC3)nc(C=Cc3ccccc3)n2)n[nH]1,1,1,True,False
2700,Gandotinib; LY-2784544,41,0.85741925,0.8112291,gandotinib ly 2784544,Cc1cc(Nc2cc(CN3CCOCC3)c3nc(C)c(Cc4ccc(Cl)cc4F)n3n2)[nH]n1,1,1,True,False
639,4-Hydroxytamoxifen; tamoxifen,115,0.8842557,0.81071293,4 hydroxytamoxifen tamoxifen,CC/C(=C(\c1ccc(O)cc1)c1ccc(OCCN(C)C)cc1)c1ccccc1,1,1,True,False
5480,Oncrasin 1; oncrasin-1,31,0.65698934,0.7900087,oncrasin 1 oncrasin 1,O=Cc1cn(Cc2ccc(Cl)cc2)c2ccccc12,1,1,True,False
3901,KW-2449; [4-[2-(1H-indazol-3-yl)ethenyl]phenyl]-(1-piperazinyl)methanone,52,0.8136101,0.8225398,kw 2449 4 2 1h indazol 3 yl ethenyl phenyl 1 piperazinyl methanone,O=C(c1ccc(C=Cc2n[nH]c3ccccc23)cc1)N1CCNCC1,1,1,True,False
24151,"(2R)-4-[(4S,5R)-2-[(2S)-1-hydroxypropan-2-yl]-4-methyl-5-[[methyl-[[4-(2-methylphenyl)phenyl]methyl]amino]methyl]-1,1-dioxo-4,5-dihydro-3H-6,1lambda6,2-benzoxathiazocin-8-yl]but-3-yn-2-ol; RVE-VIII-11",24,0.6525852,0.8465663,2r 4 4s 5r 2 2s 1 hydroxypropan 2 yl 4 methyl 5 methyl 4 2 methylphenyl phenyl methyl amino methyl 1 1 dioxo 4 5 dihydro 3h 6 1lambda6 2 benzoxathiazocin 8 yl but 3 yn 2 ol rve viii 11,Cc1ccccc1-c1ccc(CN(C)C[C@@H]2Oc3cc(C#C[C@@H](C)O)ccc3S(=O)(=O)N([C@@H](C)CO)C[C@@H]2C)cc1,1,1,True,False
419,Ciclesonide; ciclesonide,30,0.64994425,0.849716,ciclesonide ciclesonide,CC(C)C(=O)OCC(=O)[C@@]12O[C@H](C3CCCCC3)O[C@@H]1C[C@H]1[C@@H]3CCC4=CC(=O)C=C[C@]4(C)[C@H]3[C@@H](O)C[C@@]12C,1,1,True,False
2533,"(1S,9R,11S,14S,15S)-15-methyl-9-[9-(4,4,5,5,5-pentafluoropentanesulfinyl)nonyl]tetracyclo[8.7.0.0^{2,7}.0^{11,15}]heptadeca-2(7),3,5-triene-5,14-diol; fulvestrant",282,0.9220224,0.8425499,1s 9r 11s 14s 15s 15 methyl 9 9 4 4 5 5 5 pentafluoropentanesulfinyl nonyl tetracyclo 8 7 0 0 2 7 0 11 15 heptadeca 2 7 3 5 triene 5 14 diol fulvestrant,C[C@]12CC[C@@H]3c4ccc(O)cc4C[C@@H](CCCCCCCCCS(=O)CCCC(F)(F)C(F)(F)F)C3[C@@H]1CC[C@@H]2O,1,1,True,False
2719,AZD-6482; Azd-6482,27,0.6496479,0.84534824,azd 6482 azd 6482,Cc1cc([C@@H](C)Nc2ccccc2C(=O)O)c2nc(N3CCOCC3)cc(=O)n2c1,1,1,True,False
4216,Amuvatinib; amuvatinib,48,0.6481494,0.8244117,amuvatinib amuvatinib,S=C(NCc1ccc2c(c1)OCO2)N1CCN(c2ncnc3c2oc2ccccc23)CC1,1,1,True,False
5442,"(2R)-4-amino-N-[(1R,2S,3S,4R,5S)-5-amino-2-[(2S,4S,5S,6R)-4-amino-3,5-dihydroxy-6-(hydroxymethyl)oxan-2-yl]oxy-4-[(2R,3R,4S,5S,6R)-6-(aminomethyl)-3,4,5-trihydroxyoxan-2-yl]oxy-3-hydroxycyclohexyl]-2-hydroxybutanamide; amikacin",21,0.6416419,0.8461974,2r 4 amino n 1r 2s 3s 4r 5s 5 amino 2 2s 4s 5s 6r 4 amino 3 5 dihydroxy 6 hydroxymethyl oxan 2 yl oxy 4 2r 3r 4s 5s 6r 6 aminomethyl 3 4 5 trihydroxyoxan 2 yl oxy 3 hydroxycyclohexyl 2 hydroxybutanamide amikacin,NCC[C@@H](O)C(=O)N[C@@H]1C[C@H](N)[C@@H](O[C@H]2O[C@H](CN)[C@@H](O)[C@H](O)[C@H]2O)[C@H](O)[C@H]1O[C@H]1O[C@H](CO)[C@@H](O)[C@H](N)C1O,1,1,True,False
84,"(3E)-3-[2-[(1S,4aS,5R,6R,8aS)-6-hydroxy-5-(hydroxymethyl)-5,8a-dimethyl-2-methylidene-3,4,4a,6,7,8-hexahydro-1H-naphthalen-1-yl]ethylidene]-4-hydroxyoxolan-2-one; BRD-A63236097",42,0.642667,0.8356185,3e 3 2 1s 4as 5r 6r 8as 6 hydroxy 5 hydroxymethyl 5 8a dimethyl 2 methylidene 3 4 4a 6 7 8 hexahydro 1h naphthalen 1 yl ethylidene 4 hydroxyoxolan 2 one brd a63236097,C=C1CC[C@@H]2[C@](C)(CO)[C@H](O)CC[C@@]2(C)[C@H]1CC=C1C(=O)OCC1O,1,1,True,False
3476,TWS-119; Tws119,47,0.6418797,0.8014827,tws 119 tws119,Nc1cccc(-c2cc3c(Oc4cccc(O)c4)ncnc3[nH]2)c1,1,1,True,False
110,Rociletinib; rociletinib,24,0.6358751,0.81821597,rociletinib rociletinib,C=CC(=O)Nc1cccc(Nc2nc(Nc3ccc(N4CCN(C(C)=O)CC4)cc3OC)ncc2C(F)(F)F)c1,1,1,True,False
2632,Ellipticine; ellipticine,27,0.63472193,0.799349,ellipticine ellipticine,Cc1c2ccncc2c(C)c2c1[nH]c1ccccc12,1,1,True,False
1335,CCT-018159; Cct-018159,22,0.63457423,0.82917535,cct 018159 cct 018159,CCc1cc(-c2n[nH]c(C)c2-c2ccc3c(c2)OCCO3)c(O)cc1O,1,1,True,False
24049,Cocaine,31,0.9362875,0.8192304,cocaine,COC(=O)C1C(OC(=O)c2ccccc2)CC2CCC1N2C,1,1,True,False
1837,Mibefradil; mibefradil,32,0.62110174,0.8396446,mibefradil mibefradil,COCC(=O)O[C@]1(CCN(C)CCCc2nc3ccccc3[nH]2)CCc2cc(F)ccc2[C@@H]1C(C)C,1,1,True,False
923,BMS-265246; Sdccgsbi-0654469.P001,46,0.8345966,0.8191082,bms 265246 sdccgsbi 0654469 p001,CCCCOc1c(C(=O)c2c(F)cc(C)cc2F)cnc2[nH]ncc12,1,1,True,False
950,Amiodarone; amiodarone,33,0.7576875,0.8288542,amiodarone amiodarone,CCCCc1oc2ccccc2c1C(=O)c1cc(I)c(OCCN(CC)CC)c(I)c1,1,1,True,False
5242,"3-(Acetoxyimino)-5-chloro-1-(2,5-dichlorobenzyl)indolin-2-one; LDN-57444",31,0.61934084,0.82055473,3 acetoxyimino 5 chloro 1 2 5 dichlorobenzyl indolin 2 one ldn 57444,CC(=O)ON=C1C(=O)N(Cc2cc(Cl)ccc2Cl)c2ccc(Cl)cc21,1,1,True,False
5271,Rimantadine; rimantadine,30,0.61533123,0.7932038,rimantadine rimantadine,CC(N)[C@]12C[C@H]3C[C@@H](C[C@H](C3)C1)C2,1,1,True,False
2092,Adapalene; adapalene,22,0.6146019,0.8234642,adapalene adapalene,COc1ccc(-c2ccc3cc(C(=O)O)ccc3c2)cc1C12CC3CC(CC(C3)C1)C2,1,1,True,False
2076,WHI-P154; Whi-P154,35,0.85956204,0.8037677,whi p154 whi p154,COc1cc2ncnc(Nc3ccc(O)c(Br)c3)c2cc1OC,1,1,True,False
101,AZD-9291; Osimertinib,65,0.9134467,0.83079255,azd 9291 osimertinib,C=CC(=O)Nc1cc(Nc2nccc(-c3cn(C)c4ccccc34)n2)c(OC)cc1N(C)CCN(C)C,1,1,True,False
4023,"14,15-diazatetracyclo[7.6.1.02,7.013,16]hexadeca-1(15),2,4,6,9(16),10,12-heptaen-8-one; anthra(1,9-cd)pyrazol-6(2H)-one; pyrazolanthrone",20,0.6020027,0.79520935,14 15 diazatetracyclo 7 6 1 02 7 013 16 hexadeca 1 15 2 4 6 9 16 10 12 heptaen 8 one anthra 1 9 cd pyrazol 6 2h one pyrazolanthrone,O=C1c2ccccc2-c2n[nH]c3cccc1c23,1,1,True,False
12935,griseofulvin,23,0.5969154,0.84640217,griseofulvin,COC1=CC(=O)C[C@@H](C)[C@@]12Oc1c(Cl)c(OC)cc(OC)c1C2=O,1,1,True,False
1350,JTC-801; N-(4-amino-2-methylquinolin-6-yl)-2-(4-ethylphenoxymethyl)benzamide; N-(4-amino-2-methylquinolin-6-yl)-2-[(4-ethylphenoxy)methyl]benzamide,25,0.5950864,0.8006424,jtc 801 n 4 amino 2 methylquinolin 6 yl 2 4 ethylphenoxymethyl benzamide n 4 amino 2 methylquinolin 6 yl 2 4 ethylphenoxy methyl benzamide,CCc1ccc(OCc2ccccc2C(=O)Nc2ccc3nc(C)cc(N)c3c2)cc1,1,1,True,False
698,"4-(4-(trifluoromethyl)phenyl)-N-(6-fluoro-1H-indazol-5-yl)-2-methyl-6-oxo-1,4,5,6-tetrahydro-3-pyridinecarboxamide; GSK-429286A",29,0.5950634,0.82788026,4 4 trifluoromethyl phenyl n 6 fluoro 1h indazol 5 yl 2 methyl 6 oxo 1 4 5 6 tetrahydro 3 pyridinecarboxamide gsk 429286a,CC1=C(C(=O)Nc2cc3cn[nH]c3cc2F)C(c2ccc(C(F)(F)F)cc2)CC(=O)N1,1,1,True,False
2706,"5-chloro-2-N-[(1S)-1-(5-fluoropyrimidin-2-yl)ethyl]-4-N-(5-methyl-1H-pyrazol-3-yl)pyrimidine-2,4-diamine; Azd-1480",42,0.81901443,0.804618,5 chloro 2 n 1s 1 5 fluoropyrimidin 2 yl ethyl 4 n 5 methyl 1h pyrazol 3 yl pyrimidine 2 4 diamine azd 1480,Cc1cc(Nc2nc(N[C@@H](C)c3ncc(F)cn3)ncc2Cl)[nH]n1,1,1,True,False
2028,Etoposide; etoposide,103,0.91134405,0.87627333,etoposide etoposide,COc1cc([C@@H]2c3cc4c(cc3[C@@H](O[C@@H]3O[C@@H]5CO[C@@H](C)O[C@H]5[C@H](O)[C@H]3O)[C@H]3COC(=O)[C@H]23)OCO4)cc(OC)c1O,1,1,True,False
1700,(3S)-N-methyl-3-naphthalen-1-yloxy-3-thiophen-2-ylpropan-1-amine; Duloxetine; duloxetine,24,0.59699506,0.79422265,3s n methyl 3 naphthalen 1 yloxy 3 thiophen 2 ylpropan 1 amine duloxetine duloxetine,CNCC[C@H](Oc1cccc2ccccc12)c1cccs1,1,1,True,False
1251,Baricitinib; baricitinib,39,0.8419844,0.81871206,baricitinib baricitinib,CCS(=O)(=O)N1CC(CC#N)(n2cc(-c3ncnc4[nH]ccc34)cn2)C1,1,1,True,False
4724,sorafenib,189,0.87347376,0.77359647,sorafenib,CNC(=O)c1cccc(Oc2ccc(NC(=O)Nc3ccc(Cl)c(C(F)(F)F)c3)cc2)c1,1,1,True,False
7546,Methyltestosterone; testosterone,35,0.85294944,0.83865994,methyltestosterone testosterone,C[C@]12CCC(=O)C=C1CC[C@@H]1[C@@H]2CC[C@@]2(C)[C@H]1CC[C@]2(C)O,1,1,True,False
4225,mercaptopurine,35,0.8342631,0.787613,mercaptopurine,S=c1[nH]cnc2nc[nH]c12,1,1,True,False
1813,nintedanib,50,0.76625454,0.82778037,nintedanib,COC(=O)c1ccc2c(c1)NC(=O)C2=C(Nc1ccc(N(C)C(=O)CN2CCN(C)CC2)cc1)c1ccccc1,1,1,True,False
277,Apigenin triacetate; apigenin,29,0.7097172,0.80556333,apigenin triacetate apigenin,CC(=O)Oc1ccc(-c2cc(=O)c3c(OC(C)=O)cc(OC(C)=O)cc3o2)cc1,1,1,True,False
5090,rutaecarpine,25,0.9286201,0.82457095,rutaecarpine,O=c1c2ccccc2nc2n1CCc1c-2[nH]c2ccccc12,1,1,True,False
3292,Iniparib; iniparib,38,0.789381,0.7839793,iniparib iniparib,NC(=O)c1ccc(I)c([N+](=O)[O-])c1,1,1,True,False
5264,BVD-523; Ulixertinib,24,0.68961155,0.7991717,bvd 523 ulixertinib,CC(C)Nc1cc(-c2c[nH]c(C(=O)N[C@H](CO)c3cccc(Cl)c3)c2)c(Cl)cn1,1,1,True,False
4491,rimcazole,26,0.55958277,0.7976748,rimcazole,CC1CN(CCCn2c3ccccc3c3ccccc32)CC(C)N1,1,1,True,False
2442,2-[(2s)-2-Methylpyrrolidin-2-Yl]-1h-Benzimidazole-7-Carboxamide; veliparib,41,0.7736579,0.8075784,2 2s 2 methylpyrrolidin 2 yl 1h benzimidazole 7 carboxamide veliparib,C[C@@]1(c2nc3c(C(N)=O)cccc3[nH]2)CCCN1,1,1,True,False
24208,"2,7-bis(piperidin-1-ylsulfonyl)-9H-fluoren-9-one oxime; CIL56",24,0.5183465,0.8384741,2 7 bis piperidin 1 ylsulfonyl 9h fluoren 9 one oxime cil56,O=S(=O)(c1ccc2c(c1)C(=NO)c1cc(S(=O)(=O)N3CCCCC3)ccc1-2)N1CCCCC1,1,1,True,False
6226,N-[2-methyl-5-[oxo-[3-(1-oxoprop-2-enylamino)-5-(trifluoromethyl)anilino]methyl]phenyl]-5-isoxazolecarboxamide; QL-XI-92,29,0.516629,0.8019989,n 2 methyl 5 oxo 3 1 oxoprop 2 enylamino 5 trifluoromethyl anilino methyl phenyl 5 isoxazolecarboxamide ql xi 92,C=CC(=O)Nc1cc(NC(=O)c2ccc(C)c(NC(=O)c3ccno3)c2)cc(C(F)(F)F)c1,1,1,True,False
262,"[(1R,2S,4R,5R,6S,8R,10S,11S,14S,16R)-14-hydroxy-8,11-dimethyl-6-(6-oxopyran-3-yl)-3-oxapentacyclo[8.8.0.02,4.02,7.011,16]octadecan-5-yl] acetate; cinobufagin",24,0.8024011,0.8710772,1r 2s 4r 5r 6s 8r 10s 11s 14s 16r 14 hydroxy 8 11 dimethyl 6 6 oxopyran 3 yl 3 oxapentacyclo 8 8 0 02 4 02 7 011 16 octadecan 5 yl acetate cinobufagin,CC(=O)O[C@@H]1[C@H](c2ccc(=O)oc2)C2[C@H](C)C[C@H]3[C@@H](CC[C@@H]4C[C@@H](O)CC[C@@]43C)[C@]23O[C@H]13,1,1,True,False
497,PU-H71; Zelavespib,20,0.4955254,0.8103449,pu h71 zelavespib,CC(C)NCCCn1c(Sc2cc3c(cc2I)OCO3)nc2c(N)ncnc21,1,1,True,False
1599,6-cyclopropyl-8-fluoro-2-[2-(hydroxymethyl)-3-[1-methyl-5-[[5-(4-methylpiperazin-1-yl)pyridin-2-yl]amino]-6-oxopyridin-3-yl]phenyl]isoquinolin-1-one; RN486,25,0.5024074,0.84601486,6 cyclopropyl 8 fluoro 2 2 hydroxymethyl 3 1 methyl 5 5 4 methylpiperazin 1 yl pyridin 2 yl amino 6 oxopyridin 3 yl phenyl isoquinolin 1 one rn486,CN1CCN(c2ccc(Nc3cc(-c4cccc(-n5ccc6cc(C7CC7)cc(F)c6c5=O)c4CO)cn(C)c3=O)nc2)CC1,1,1,True,False
202,"(Z)-N-[2-(3-acetamido-4,5-dihydroxy-6-methyloxan-2-yl)oxy-6-[2-[5-(2,4-dioxopyrimidin-1-yl)-3,4-dihydroxyoxolan-2-yl]-2-hydroxyethyl]-4,5-dihydroxyoxan-3-yl]-5-methylhex-2-enamide; tunicamycin",55,0.86953735,0.84388715,z n 2 3 acetamido 4 5 dihydroxy 6 methyloxan 2 yl oxy 6 2 5 2 4 dioxopyrimidin 1 yl 3 4 dihydroxyoxolan 2 yl 2 hydroxyethyl 4 5 dihydroxyoxan 3 yl 5 methylhex 2 enamide tunicamycin,CC(=O)NC1C(OC2OC(CC(O)C3OC(n4ccc(=O)[nH]c4=O)C(O)C3O)C(O)C(O)C2NC(=O)C=CCC(C)C)OC(C)C(O)C1O,1,1,True,False
5896,4-tert-butyl-N-[2-methyl-3-[4-methyl-6-[4-(morpholine-4-carbonyl)anilino]-5-oxopyrazin-2-yl]phenyl]benzamide; Cgi1746,20,0.4685668,0.80500764,4 tert butyl n 2 methyl 3 4 methyl 6 4 morpholine 4 carbonyl anilino 5 oxopyrazin 2 yl phenyl benzamide cgi1746,Cc1c(NC(=O)c2ccc(C(C)(C)C)cc2)cccc1-c1cn(C)c(=O)c(Nc2ccc(C(=O)N3CCOCC3)cc2)n1,1,1,True,False
2174,"1-(2,4-dimethoxyphenyl)-3-(2,6-dimethylphenyl)-1-[6-[4-(4-methylpiperazin-1-yl)anilino]pyrimidin-4-yl]urea; HG-9-91-01",22,0.4602127,0.78950423,1 2 4 dimethoxyphenyl 3 2 6 dimethylphenyl 1 6 4 4 methylpiperazin 1 yl anilino pyrimidin 4 yl urea hg 9 91 01,COc1ccc(N(C(=O)Nc2c(C)cccc2C)c2cc(Nc3ccc(N4CCN(C)CC4)cc3)ncn2)c(OC)c1,1,1,True,False
2276,Pirarubicin; pirarubicin,28,0.8053676,0.9176694,pirarubicin pirarubicin,COc1cccc2c1C(=O)c1c(O)c3c(c(O)c1C2=O)C[C@@](O)(C(=O)CO)C[C@@H]3O[C@H]1C[C@H](N)[C@H](O[C@@H]2CCCCO2)[C@H](C)O1,1,1,True,False
5263,Clofazimine; clofazimine,21,0.70409507,0.81856525,clofazimine clofazimine,CC(C)N=c1cc2n(-c3ccc(Cl)cc3)c3ccccc3nc-2cc1Nc1ccc(Cl)cc1,1,1,True,False
3839,MK-5108,23,0.8008122,0.811406,mk 5108,O=C(O)[C@]1(Cc2cccc(Nc3nccs3)n2)CC[C@@H](Oc2cccc(Cl)c2F)CC1,1,1,True,False
2039,2-Methoxyestradiol; BRD-K44408410,26,0.85298115,0.8538443,2 methoxyestradiol brd k44408410,COc1cc2c(cc1O)CC[C@@H]1[C@@H]2CC[C@]2(C)[C@@H](O)CC[C@@H]12,1,1,True,False
3290,"4-(4-(1,3-Benzodioxol-5-yl)-5-(2-pyridinyl)-1H-imidazol-2-yl)benzamide; SB-431542",21,0.8567263,0.7936799,4 4 1 3 benzodioxol 5 yl 5 2 pyridinyl 1h imidazol 2 yl benzamide sb 431542,NC(=O)c1ccc(-c2nc(-c3ccc4c(c3)OCO4)c(-c3ccccn3)[nH]2)cc1,1,1,True,False
3139,"(E)-N-benzyl-2-cyano-3-(3,4-dihydroxyphenyl)prop-2-enamide; AG-490",20,0.8593802,0.82197505,e n benzyl 2 cyano 3 3 4 dihydroxyphenyl prop 2 enamide ag 490,N#C/C(=C\c1ccc(O)c(O)c1)C(=O)NCc1ccccc1,1,1,True,False
2070,KI-8751; Ki-8751,31,0.77991766,0.8124506,ki 8751 ki 8751,COc1cc2nccc(Oc3ccc(NC(=O)Nc4ccc(F)cc4F)c(F)c3)c2cc1OC,1,1,True,False
3480,"Lenalidomide, (R)-; lenalidomide",49,0.79491234,0.82583725,lenalidomide r lenalidomide,Nc1cccc2c1CN([C@@H]1CCC(=O)NC1=O)C2=O,1,1,True,False
342,Bml-281; ISOX,35,0.8287975,0.81259984,bml 281 isox,CC(C)(C)OC(=O)Nc1ccc(-c2cc(C(=O)NCCCCCCC(=O)NO)no2)cc1,1,1,True,False
289,Progesterone; progesterone,48,0.87216973,0.8132203,progesterone progesterone,CC(=O)[C@H]1CC[C@H]2[C@@H]3CCC4=CC(=O)CC[C@]4(C)[C@H]3CC[C@]12C,1,1,True,False
4130,Ellagic Acid; ellagic-acid,31,0.7932614,0.8364731,ellagic acid ellagic acid,O=c1oc2c(O)c(O)cc3c(=O)oc4c(O)c(O)cc1c4c23,1,1,True,False
2510,"(8R,9R,10R,13S,14S,17R)-17-hydroxy-17-(2-hydroxyacetyl)-10,13-dimethyl-6,7,8,9,12,14,15,16-octahydrocyclopenta[a]phenanthrene-3,11-dione; prednisone",29,0.8204389,0.8428284,8r 9r 10r 13s 14s 17r 17 hydroxy 17 2 hydroxyacetyl 10 13 dimethyl 6 7 8 9 12 14 15 16 octahydrocyclopenta a phenanthrene 3 11 dione prednisone,C[C@]12C=CC(=O)C=C1CC[C@H]1[C@H]2C(=O)C[C@@]2(C)[C@H]1CC[C@]2(O)C(=O)CO,1,1,True,False
1040,Disulfiram; disulfiram,59,0.79072595,0.78366774,disulfiram disulfiram,CCN(CC)C(=S)SSC(=S)N(CC)CC,1,1,True,False
2353,Sulforaphane; sulforaphane,81,0.81420404,0.77755934,sulforaphane sulforaphane,CS(=O)CCCCN=C=S,1,1,True,False
7866,BRD-K09991945; GSK-3 Inhibitor II,25,0.30078104,0.8062399,brd k09991945 gsk 3 inhibitor ii,Ic1cccc(CSc2nnc(-c3ccncc3)o2)c1,1,1,True,False
3503,Fludarabine; fludarabine,73,0.84427536,0.8188736,fludarabine fludarabine,Nc1nc(F)nc2c1ncn2[C@@H]1O[C@H](CO)[C@@H](O)[C@@H]1O,1,1,True,False
473,EPZ-5676; Pinometostat,32,0.75683254,0.8425806,epz 5676 pinometostat,CC(C)N(C[C@H]1O[C@@H](n2cnc3c(N)ncnc32)[C@H](O)[C@@H]1O)[C@H]1C[C@@H](CCc2nc3cc(C(C)(C)C)ccc3[nH]2)C1,1,1,True,False
24042,Fluoxetine,47,0.79948545,0.80056745,fluoxetine,CNCCC(Oc1ccc(C(F)(F)F)cc1)c1ccccc1,1,1,True,False
2502,"(2Z,4S,4aR,5S,5aR,6R,12aS)-2-[amino(hydroxy)methylene]-4-(dimethylamino)-5,10,11,12a-tetrahydroxy-6-methyl-4a,5,5a,6-tetrahydro-4H-tetracene-1,3,12-trione;ethanol;hydrate;hydrochloride; doxycycline",104,0.8612155,0.8797598,2z 4s 4ar 5s 5ar 6r 12as 2 amino hydroxy methylene 4 dimethylamino 5 10 11 12a tetrahydroxy 6 methyl 4a 5 5a 6 tetrahydro 4h tetracene 1 3 12 trione ethanol hydrate hydrochloride doxycycline,C[C@H]1c2cccc(O)c2C(=O)C2C(=O)[C@]3(O)C(=O)C(C(N)=O)C(=O)[C@@H](N(C)C)[C@@H]3[C@@H](O)[C@@H]21,1,1,True,False
1013,UNC-1999; Unc1999,22,0.83488333,0.8209319,unc 1999 unc1999,CCCc1cc(C)[nH]c(=O)c1CNC(=O)c1cc(-c2ccc(N3CCN(C(C)C)CC3)nc2)cc2c1cnn2C(C)C,1,1,True,False
2686,4-(4-Chloro-2-methylphenoxy)-N-hydroxybutanamide; 4-(4-chloro-2-methylphenoxy)-N-hydroxybutanamide; droxinostat,27,0.683815,0.78358513,4 4 chloro 2 methylphenoxy n hydroxybutanamide 4 4 chloro 2 methylphenoxy n hydroxybutanamide droxinostat,Cc1cc(Cl)ccc1OCCCC(=O)NO,1,1,True,False
3742,SNS-314; Sns-314,20,0.68580717,0.793801,sns 314 sns 314,O=C(Nc1cccc(Cl)c1)Nc1ncc(CCNc2ncnc3ccsc23)s1,1,1,True,False
1084,E-7438; Tazemetostat,32,0.81143844,0.82488286,e 7438 tazemetostat,CCN(c1cc(-c2ccc(CN3CCOCC3)cc2)cc(C(=O)NCc2c(C)cc(C)[nH]c2=O)c1C)C1CCOCC1,1,1,True,False
776,Itraconazole; itraconazole,22,0.7626174,0.8177134,itraconazole itraconazole,CCC(C)n1ncn(-c2ccc(N3CCN(c4ccc(OC[C@H]5CO[C@](Cn6cncn6)(c6ccc(Cl)cc6Cl)O5)cc4)CC3)cc2)c1=O,1,1,True,False
1046,"4-N-(7-chloroquinolin-4-yl)-1-N,1-N-diethylpentane-1,4-diamine; Chloroquine; chloroquine",29,0.7430095,0.79730177,4 n 7 chloroquinolin 4 yl 1 n 1 n diethylpentane 1 4 diamine chloroquine chloroquine,CCN(CC)CCCC(C)Nc1ccnc2cc(Cl)ccc12,1,1,True,False
494,"4-[1-hydroxy-2-(propan-2-ylamino)ethyl]benzene-1,2-diol; Isoproterenol; isoprenaline",20,0.83028996,0.7474802,4 1 hydroxy 2 propan 2 ylamino ethyl benzene 1 2 diol isoproterenol isoprenaline,CC(C)NCC(O)c1ccc(O)c(O)c1,1,1,True,False
2252,2-(2-amino-3-methoxyphenyl)-4H-1-benzopyran-4-one; PD-98059,28,0.6313625,0.774015,2 2 amino 3 methoxyphenyl 4h 1 benzopyran 4 one pd 98059,COc1cccc(-c2cc(=O)c3ccccc3o2)c1N,1,1,True,False
3084,(E)-3-[4-[(E)-3-(3-fluorophenyl)-3-oxoprop-1-enyl]-1-methylpyrrol-2-yl]-N-hydroxyprop-2-enamide; MC1568,23,0.78471017,0.81424826,e 3 4 e 3 3 fluorophenyl 3 oxoprop 1 enyl 1 methylpyrrol 2 yl n hydroxyprop 2 enamide mc1568,Cn1cc(/C=C/C(=O)c2cccc(F)c2)cc1/C=C/C(=O)NO,1,1,True,False
1076,Barasertib; barasertib,20,0.7801289,0.7994455,barasertib barasertib,CCN(CCCOc1ccc2c(Nc3cc(CC(=O)Nc4cccc(F)c4)[nH]n3)ncnc2c1)CCOP(=O)(O)O,1,1,True,False
4953,TCPOBOP,26,0.86872065,0.79607975,tcpobop,Clc1cnc(Oc2ccc(Oc3ncc(Cl)cc3Cl)cc2)c(Cl)c1,1,1,True,False
1403,"3-(diaminomethylidene)-1,1-dimethylguanidine; Metformin",84,0.8386553,0.775561,3 diaminomethylidene 1 1 dimethylguanidine metformin,CN(C)C(=N)N=C(N)N,1,1,True,False
2344,"Eed226; N-(furan-2-ylmethyl)-8-(4-methylsulfonylphenyl)-[1,2,4]triazolo[4,3-c]pyrimidin-5-amine",20,0.7554556,0.8309385,eed226 n furan 2 ylmethyl 8 4 methylsulfonylphenyl 1 2 4 triazolo 4 3 c pyrimidin 5 amine,CS(=O)(=O)c1ccc(-c2cnc(NCc3ccco3)n3cnnc23)cc1,1,1,True,False
2508,"(8S,9S,10R,11S,13S,14R,17R)-11,17-dihydroxy-17-(2-hydroxyacetyl)-10,13-dimethyl-7,8,9,11,12,14,15,16-octahydro-6H-cyclopenta[a]phenanthren-3-one; prednisolone",28,0.8004257,0.8516432,8s 9s 10r 11s 13s 14r 17r 11 17 dihydroxy 17 2 hydroxyacetyl 10 13 dimethyl 7 8 9 11 12 14 15 16 octahydro 6h cyclopenta a phenanthren 3 one prednisolone,C[C@]12C=CC(=O)C=C1CC[C@@H]1[C@@H]2[C@@H](O)C[C@@]2(C)[C@@H]1CC[C@]2(O)C(=O)CO,1,1,True,False
3413,"(1R,2S)-Tranylcypromine; tranylcypromine",37,0.8151593,0.76991284,1r 2s tranylcypromine tranylcypromine,N[C@@H]1C[C@H]1c1ccccc1,1,1,True,False
3298,Nicotinamide; nicotinamide,93,0.81549263,0.7753496,nicotinamide nicotinamide,NC(=O)c1cccnc1,1,1,True,False
21252,glutamine,22,0.8221202,0.75453174,glutamine,NC(=O)CC[C@H](N)C(=O)O,1,1,True,False
5116,cisplatin,155,0.7859879,0.76214325,cisplatin,[Cl][Pt+2][Cl],1,2,True,True
1367,6-ethyl-3-[3-methoxy-4-[4-(4-methylpiperazin-1-yl)piperidin-1-yl]anilino]-5-(oxan-4-ylamino)pyrazine-2-carboxamide; Gilteritinib,20,0.7612284,0.82558787,6 ethyl 3 3 methoxy 4 4 4 methylpiperazin 1 yl piperidin 1 yl anilino 5 oxan 4 ylamino pyrazine 2 carboxamide gilteritinib,CCc1nc(C(N)=O)c(Nc2ccc(N3CCC(N4CCN(C)CC4)CC3)c(OC)c2)nc1NC1CCOCC1,1,1,True,False
3113,Talazoparib; talazoparib,82,0.7461774,0.84486663,talazoparib talazoparib,Cn1ncnc1[C@H]1c2n[nH]c(=O)c3cc(F)cc(c23)N[C@@H]1c1ccc(F)cc1,1,1,True,False
24002,Palmitic acid,57,0.7826447,0.74824136,palmitic acid,CCCCCCCCCCCCCCCC(=O)O,1,1,True,False
